-- Auto-generated from DDL + TABLEINFOEX + check rules
-- 84 tables

-- BAREA
INSERT INTO SM_TABLE_DEF (TABLE_ID, TABLE_NAME, JP_TITLE, US_TITLE, RELEASE_FLAG, DISTRIBUTE_FLAG, PERMISSION_TYPE, SCHEMA_TYPE, HAS_DUMMY, SORT_NO)
VALUES ('TBLID_BAREA', 'BAREA', 'BAREA', 'BAREA', 'Y', 'N', 'C', 'L', 'Y', 10);
INSERT INTO SM_FIELD_DEF (TABLE_ID,FIELD_NAME,JP_TITLE,US_TITLE,DB_TYPE,DB_LENGTH,IS_KEY,NOT_BLANK,IS_DUMMY,IS_SEARCH_ITEM,SORT_NO,TREE_LEVEL,SHEET_NO,PAGE_NO,PROPERTY_NO,IS_AUTO,IS_MANDATORY,SYSTEM_READONLY,FIELD_TYPE,FIELD_LENGTH,INPUT_ALPHABET,INPUT_MULTIBYTE,INPUT_NUMERIC,INPUT_SYMBOL,INPUT_UPPERCASE,RETRIEVAL_TABLE,FORMAT,DEFAULT_VALUE,MIN_VALUE,MAX_VALUE,CALENDAR_BUTTON,JUMP_BUTTON,OPEN_BUTTON,REF_TABLE_ID,REF_FIELD_NAME,SPECIAL_BUTTON) VALUES ('TBLID_BAREA','AREA_ID','AREA_ID','AREA_ID','STRING',6,'N','Y','N','Y',-1,-1,0,0,0,'N','N','N','STRING',0,'Y',0,'Y','Y','Y','NONE',NULL,NULL,NULL,NULL,'N','N',0,NULL,NULL,0);
INSERT INTO SM_FIELD_DEF (TABLE_ID,FIELD_NAME,JP_TITLE,US_TITLE,DB_TYPE,DB_LENGTH,IS_KEY,NOT_BLANK,IS_DUMMY,IS_SEARCH_ITEM,SORT_NO,TREE_LEVEL,SHEET_NO,PAGE_NO,PROPERTY_NO,IS_AUTO,IS_MANDATORY,SYSTEM_READONLY,FIELD_TYPE,FIELD_LENGTH,INPUT_ALPHABET,INPUT_MULTIBYTE,INPUT_NUMERIC,INPUT_SYMBOL,INPUT_UPPERCASE,RETRIEVAL_TABLE,FORMAT,DEFAULT_VALUE,MIN_VALUE,MAX_VALUE,CALENDAR_BUTTON,JUMP_BUTTON,OPEN_BUTTON,REF_TABLE_ID,REF_FIELD_NAME,SPECIAL_BUTTON) VALUES ('TBLID_BAREA','AREA_NAME','AREA_NAME','AREA_NAME','STRING',40,'N','Y','N','Y',-1,-1,0,0,0,'N','N','N','STRING',0,'Y',0,'Y','Y','Y','NONE',NULL,NULL,NULL,NULL,'N','N',0,NULL,NULL,0);
INSERT INTO SM_FIELD_DEF (TABLE_ID,FIELD_NAME,JP_TITLE,US_TITLE,DB_TYPE,DB_LENGTH,IS_KEY,NOT_BLANK,IS_DUMMY,IS_SEARCH_ITEM,SORT_NO,TREE_LEVEL,SHEET_NO,PAGE_NO,PROPERTY_NO,IS_AUTO,IS_MANDATORY,SYSTEM_READONLY,FIELD_TYPE,FIELD_LENGTH,INPUT_ALPHABET,INPUT_MULTIBYTE,INPUT_NUMERIC,INPUT_SYMBOL,INPUT_UPPERCASE,RETRIEVAL_TABLE,FORMAT,DEFAULT_VALUE,MIN_VALUE,MAX_VALUE,CALENDAR_BUTTON,JUMP_BUTTON,OPEN_BUTTON,REF_TABLE_ID,REF_FIELD_NAME,SPECIAL_BUTTON) VALUES ('TBLID_BAREA','AREA_DESC','AREA_DESC','AREA_DESC','STRING',80,'N','Y','N','Y',-1,-1,0,0,0,'N','N','N','STRING',0,'Y',0,'Y','Y','Y','NONE',NULL,NULL,NULL,NULL,'N','N',0,NULL,NULL,0);
INSERT INTO SM_FIELD_DEF (TABLE_ID,FIELD_NAME,JP_TITLE,US_TITLE,DB_TYPE,DB_LENGTH,IS_KEY,NOT_BLANK,IS_DUMMY,IS_SEARCH_ITEM,SORT_NO,TREE_LEVEL,SHEET_NO,PAGE_NO,PROPERTY_NO,IS_AUTO,IS_MANDATORY,SYSTEM_READONLY,FIELD_TYPE,FIELD_LENGTH,INPUT_ALPHABET,INPUT_MULTIBYTE,INPUT_NUMERIC,INPUT_SYMBOL,INPUT_UPPERCASE,RETRIEVAL_TABLE,FORMAT,DEFAULT_VALUE,MIN_VALUE,MAX_VALUE,CALENDAR_BUTTON,JUMP_BUTTON,OPEN_BUTTON,REF_TABLE_ID,REF_FIELD_NAME,SPECIAL_BUTTON) VALUES ('TBLID_BAREA','IP_ADRESS','IP_ADRESS','IP_ADRESS','STRING',15,'N','Y','N','Y',-1,-1,0,0,0,'N','N','N','STRING',0,'Y',0,'Y','Y','Y','NONE',NULL,NULL,NULL,NULL,'N','N',0,NULL,NULL,0);
INSERT INTO SM_CHECK_DEF (TABLE_ID,CHECK_TYPE,CHECK_ORDER,CHECK_KIND,FIELD_NAME,REF_TABLE,REF_FIELD,EXPECT_VALUE,ERR_MSG) VALUES ('TBLID_BAREA','SAVE',1,'STAT_E',NULL,NULL,NULL,NULL,NULL);
INSERT INTO SM_CHECK_DEF (TABLE_ID,CHECK_TYPE,CHECK_ORDER,CHECK_KIND,FIELD_NAME,REF_TABLE,REF_FIELD,EXPECT_VALUE,ERR_MSG) VALUES ('TBLID_BAREA','SAVE',2,'STRING','lock_user',NULL,NULL,'',NULL);
INSERT INTO SM_CHECK_DEF (TABLE_ID,CHECK_TYPE,CHECK_ORDER,CHECK_KIND,FIELD_NAME,REF_TABLE,REF_FIELD,EXPECT_VALUE,ERR_MSG) VALUES ('TBLID_BAREA','SAVE',3,'NULLCHK','lock_time',NULL,NULL,NULL,NULL);
INSERT INTO SM_CHECK_DEF (TABLE_ID,CHECK_TYPE,CHECK_ORDER,CHECK_KIND,FIELD_NAME,REF_TABLE,REF_FIELD,EXPECT_VALUE,ERR_MSG) VALUES ('TBLID_BAREA','RELEASE',1,'STAT_E',NULL,NULL,NULL,NULL,NULL);
INSERT INTO SM_CHECK_DEF (TABLE_ID,CHECK_TYPE,CHECK_ORDER,CHECK_KIND,FIELD_NAME,REF_TABLE,REF_FIELD,EXPECT_VALUE,ERR_MSG) VALUES ('TBLID_BAREA','RELEASE',2,'STRING','lock_user',NULL,NULL,'',NULL);
INSERT INTO SM_CHECK_DEF (TABLE_ID,CHECK_TYPE,CHECK_ORDER,CHECK_KIND,FIELD_NAME,REF_TABLE,REF_FIELD,EXPECT_VALUE,ERR_MSG) VALUES ('TBLID_BAREA','RELEASE',3,'NULLCHK','lock_time',NULL,NULL,NULL,NULL);
INSERT INTO SM_CHECK_DEF (TABLE_ID,CHECK_TYPE,CHECK_ORDER,CHECK_KIND,FIELD_NAME,REF_TABLE,REF_FIELD,EXPECT_VALUE,ERR_MSG) VALUES ('TBLID_BAREA','RELEASE',4,'RELEASE_PARAM','area_id','D6',NULL,NULL,NULL);
INSERT INTO SM_CHECK_DEF (TABLE_ID,CHECK_TYPE,CHECK_ORDER,CHECK_KIND,FIELD_NAME,REF_TABLE,REF_FIELD,EXPECT_VALUE,ERR_MSG) VALUES ('TBLID_BAREA','RELEASE',5,'RELEASE_WRITE','area_name','D0',NULL,NULL,NULL);
INSERT INTO SM_CHECK_DEF (TABLE_ID,CHECK_TYPE,CHECK_ORDER,CHECK_KIND,FIELD_NAME,REF_TABLE,REF_FIELD,EXPECT_VALUE,ERR_MSG) VALUES ('TBLID_BAREA','RELEASE',6,'RELEASE_WRITE','area_desc','D0',NULL,NULL,NULL);
INSERT INTO SM_CHECK_DEF (TABLE_ID,CHECK_TYPE,CHECK_ORDER,CHECK_KIND,FIELD_NAME,REF_TABLE,REF_FIELD,EXPECT_VALUE,ERR_MSG) VALUES ('TBLID_BAREA','RELEASE',7,'RELEASE_WRITE','ip_adress','D0',NULL,NULL,NULL);
INSERT INTO SM_CHECK_DEF (TABLE_ID,CHECK_TYPE,CHECK_ORDER,CHECK_KIND,FIELD_NAME,REF_TABLE,REF_FIELD,EXPECT_VALUE,ERR_MSG) VALUES ('TBLID_BAREA','DELETE',1,'STAT_R',NULL,NULL,NULL,NULL,NULL);
INSERT INTO SM_CHECK_DEF (TABLE_ID,CHECK_TYPE,CHECK_ORDER,CHECK_KIND,FIELD_NAME,REF_TABLE,REF_FIELD,EXPECT_VALUE,ERR_MSG) VALUES ('TBLID_BAREA','DELETE',2,'STRING','lock_user',NULL,NULL,'',NULL);
INSERT INTO SM_CHECK_DEF (TABLE_ID,CHECK_TYPE,CHECK_ORDER,CHECK_KIND,FIELD_NAME,REF_TABLE,REF_FIELD,EXPECT_VALUE,ERR_MSG) VALUES ('TBLID_BAREA','DELETE',3,'NULLCHK','lock_time',NULL,NULL,NULL,NULL);
INSERT INTO SM_CHECK_DEF (TABLE_ID,CHECK_TYPE,CHECK_ORDER,CHECK_KIND,FIELD_NAME,REF_TABLE,REF_FIELD,EXPECT_VALUE,ERR_MSG) VALUES ('TBLID_BAREA','EDITCOMP',1,'STAT_E',NULL,NULL,NULL,NULL,NULL);
INSERT INTO SM_CHECK_DEF (TABLE_ID,CHECK_TYPE,CHECK_ORDER,CHECK_KIND,FIELD_NAME,REF_TABLE,REF_FIELD,EXPECT_VALUE,ERR_MSG) VALUES ('TBLID_BAREA','EDITCOMP',2,'COMP_N',NULL,NULL,NULL,NULL,'记录已编辑完成');

-- BCALND
INSERT INTO SM_TABLE_DEF (TABLE_ID, TABLE_NAME, JP_TITLE, US_TITLE, RELEASE_FLAG, DISTRIBUTE_FLAG, PERMISSION_TYPE, SCHEMA_TYPE, HAS_DUMMY, SORT_NO)
VALUES ('TBLID_BCALND', 'BCALND', 'BCALND', 'BCALND', 'Y', 'N', 'C', 'L', 'N', 20);
INSERT INTO SM_FIELD_DEF (TABLE_ID,FIELD_NAME,JP_TITLE,US_TITLE,DB_TYPE,DB_LENGTH,IS_KEY,NOT_BLANK,IS_DUMMY,IS_SEARCH_ITEM,SORT_NO,TREE_LEVEL,SHEET_NO,PAGE_NO,PROPERTY_NO,IS_AUTO,IS_MANDATORY,SYSTEM_READONLY,FIELD_TYPE,FIELD_LENGTH,INPUT_ALPHABET,INPUT_MULTIBYTE,INPUT_NUMERIC,INPUT_SYMBOL,INPUT_UPPERCASE,RETRIEVAL_TABLE,FORMAT,DEFAULT_VALUE,MIN_VALUE,MAX_VALUE,CALENDAR_BUTTON,JUMP_BUTTON,OPEN_BUTTON,REF_TABLE_ID,REF_FIELD_NAME,SPECIAL_BUTTON) VALUES ('TBLID_BCALND','DATE','DATE','DATE','STRING',8,'N','Y','N','Y',-1,-1,0,0,0,'N','N','N','STRING',0,'Y',0,'Y','Y','Y','NONE',NULL,NULL,NULL,NULL,'N','N',0,NULL,NULL,0);
INSERT INTO SM_FIELD_DEF (TABLE_ID,FIELD_NAME,JP_TITLE,US_TITLE,DB_TYPE,DB_LENGTH,IS_KEY,NOT_BLANK,IS_DUMMY,IS_SEARCH_ITEM,SORT_NO,TREE_LEVEL,SHEET_NO,PAGE_NO,PROPERTY_NO,IS_AUTO,IS_MANDATORY,SYSTEM_READONLY,FIELD_TYPE,FIELD_LENGTH,INPUT_ALPHABET,INPUT_MULTIBYTE,INPUT_NUMERIC,INPUT_SYMBOL,INPUT_UPPERCASE,RETRIEVAL_TABLE,FORMAT,DEFAULT_VALUE,MIN_VALUE,MAX_VALUE,CALENDAR_BUTTON,JUMP_BUTTON,OPEN_BUTTON,REF_TABLE_ID,REF_FIELD_NAME,SPECIAL_BUTTON) VALUES ('TBLID_BCALND','SHOPDATE','SHOPDATE','SHOPDATE','STRING',0,'N','Y','N','Y',-1,-1,0,0,0,'N','N','N','STRING',0,'Y',0,'Y','Y','Y','NONE',NULL,NULL,NULL,NULL,'N','N',0,NULL,NULL,0);
INSERT INTO SM_FIELD_DEF (TABLE_ID,FIELD_NAME,JP_TITLE,US_TITLE,DB_TYPE,DB_LENGTH,IS_KEY,NOT_BLANK,IS_DUMMY,IS_SEARCH_ITEM,SORT_NO,TREE_LEVEL,SHEET_NO,PAGE_NO,PROPERTY_NO,IS_AUTO,IS_MANDATORY,SYSTEM_READONLY,FIELD_TYPE,FIELD_LENGTH,INPUT_ALPHABET,INPUT_MULTIBYTE,INPUT_NUMERIC,INPUT_SYMBOL,INPUT_UPPERCASE,RETRIEVAL_TABLE,FORMAT,DEFAULT_VALUE,MIN_VALUE,MAX_VALUE,CALENDAR_BUTTON,JUMP_BUTTON,OPEN_BUTTON,REF_TABLE_ID,REF_FIELD_NAME,SPECIAL_BUTTON) VALUES ('TBLID_BCALND','HOLIDAY_FLG','HOLIDAY_FLG','HOLIDAY_FLG','STRING',1,'N','Y','N','Y',-1,-1,0,0,0,'N','N','N','STRING',0,'Y',0,'Y','Y','Y','NONE',NULL,NULL,NULL,NULL,'N','N',0,NULL,NULL,0);
INSERT INTO SM_CHECK_DEF (TABLE_ID,CHECK_TYPE,CHECK_ORDER,CHECK_KIND,FIELD_NAME,REF_TABLE,REF_FIELD,EXPECT_VALUE,ERR_MSG) VALUES ('TBLID_BCALND','RELEASE',1,'STAT_E',NULL,NULL,NULL,NULL,NULL);
INSERT INTO SM_CHECK_DEF (TABLE_ID,CHECK_TYPE,CHECK_ORDER,CHECK_KIND,FIELD_NAME,REF_TABLE,REF_FIELD,EXPECT_VALUE,ERR_MSG) VALUES ('TBLID_BCALND','RELEASE',2,'STRING','lock_user',NULL,NULL,'',NULL);
INSERT INTO SM_CHECK_DEF (TABLE_ID,CHECK_TYPE,CHECK_ORDER,CHECK_KIND,FIELD_NAME,REF_TABLE,REF_FIELD,EXPECT_VALUE,ERR_MSG) VALUES ('TBLID_BCALND','RELEASE',3,'NULLCHK','lock_time',NULL,NULL,NULL,NULL);
INSERT INTO SM_CHECK_DEF (TABLE_ID,CHECK_TYPE,CHECK_ORDER,CHECK_KIND,FIELD_NAME,REF_TABLE,REF_FIELD,EXPECT_VALUE,ERR_MSG) VALUES ('TBLID_BCALND','RELEASE',4,'RELEASE_PARAM','date','D8',NULL,NULL,NULL);
INSERT INTO SM_CHECK_DEF (TABLE_ID,CHECK_TYPE,CHECK_ORDER,CHECK_KIND,FIELD_NAME,REF_TABLE,REF_FIELD,EXPECT_VALUE,ERR_MSG) VALUES ('TBLID_BCALND','RELEASE',5,'RELEASE_WRITE','shopdate','D0',NULL,NULL,NULL);
INSERT INTO SM_CHECK_DEF (TABLE_ID,CHECK_TYPE,CHECK_ORDER,CHECK_KIND,FIELD_NAME,REF_TABLE,REF_FIELD,EXPECT_VALUE,ERR_MSG) VALUES ('TBLID_BCALND','RELEASE',6,'RELEASE_WRITE','holiday_flg','D0',NULL,NULL,NULL);

-- BCARG
INSERT INTO SM_TABLE_DEF (TABLE_ID, TABLE_NAME, JP_TITLE, US_TITLE, RELEASE_FLAG, DISTRIBUTE_FLAG, PERMISSION_TYPE, SCHEMA_TYPE, HAS_DUMMY, SORT_NO)
VALUES ('TBLID_BCARG', 'BCARG', 'BCARG', 'BCARG', 'Y', 'N', 'C', 'L', 'N', 30);
INSERT INTO SM_FIELD_DEF (TABLE_ID,FIELD_NAME,JP_TITLE,US_TITLE,DB_TYPE,DB_LENGTH,IS_KEY,NOT_BLANK,IS_DUMMY,IS_SEARCH_ITEM,SORT_NO,TREE_LEVEL,SHEET_NO,PAGE_NO,PROPERTY_NO,IS_AUTO,IS_MANDATORY,SYSTEM_READONLY,FIELD_TYPE,FIELD_LENGTH,INPUT_ALPHABET,INPUT_MULTIBYTE,INPUT_NUMERIC,INPUT_SYMBOL,INPUT_UPPERCASE,RETRIEVAL_TABLE,FORMAT,DEFAULT_VALUE,MIN_VALUE,MAX_VALUE,CALENDAR_BUTTON,JUMP_BUTTON,OPEN_BUTTON,REF_TABLE_ID,REF_FIELD_NAME,SPECIAL_BUTTON) VALUES ('TBLID_BCARG','CARG_ID','CARG_ID','CARG_ID','STRING',10,'N','Y','N','Y',-1,-1,0,0,0,'N','N','N','STRING',0,'Y',0,'Y','Y','Y','NONE',NULL,NULL,NULL,NULL,'N','N',0,NULL,NULL,0);
INSERT INTO SM_FIELD_DEF (TABLE_ID,FIELD_NAME,JP_TITLE,US_TITLE,DB_TYPE,DB_LENGTH,IS_KEY,NOT_BLANK,IS_DUMMY,IS_SEARCH_ITEM,SORT_NO,TREE_LEVEL,SHEET_NO,PAGE_NO,PROPERTY_NO,IS_AUTO,IS_MANDATORY,SYSTEM_READONLY,FIELD_TYPE,FIELD_LENGTH,INPUT_ALPHABET,INPUT_MULTIBYTE,INPUT_NUMERIC,INPUT_SYMBOL,INPUT_UPPERCASE,RETRIEVAL_TABLE,FORMAT,DEFAULT_VALUE,MIN_VALUE,MAX_VALUE,CALENDAR_BUTTON,JUMP_BUTTON,OPEN_BUTTON,REF_TABLE_ID,REF_FIELD_NAME,SPECIAL_BUTTON) VALUES ('TBLID_BCARG','CARG_NAME','CARG_NAME','CARG_NAME','STRING',40,'N','Y','N','Y',-1,-1,0,0,0,'N','N','N','STRING',0,'Y',0,'Y','Y','Y','NONE',NULL,NULL,NULL,NULL,'N','N',0,NULL,NULL,0);
INSERT INTO SM_FIELD_DEF (TABLE_ID,FIELD_NAME,JP_TITLE,US_TITLE,DB_TYPE,DB_LENGTH,IS_KEY,NOT_BLANK,IS_DUMMY,IS_SEARCH_ITEM,SORT_NO,TREE_LEVEL,SHEET_NO,PAGE_NO,PROPERTY_NO,IS_AUTO,IS_MANDATORY,SYSTEM_READONLY,FIELD_TYPE,FIELD_LENGTH,INPUT_ALPHABET,INPUT_MULTIBYTE,INPUT_NUMERIC,INPUT_SYMBOL,INPUT_UPPERCASE,RETRIEVAL_TABLE,FORMAT,DEFAULT_VALUE,MIN_VALUE,MAX_VALUE,CALENDAR_BUTTON,JUMP_BUTTON,OPEN_BUTTON,REF_TABLE_ID,REF_FIELD_NAME,SPECIAL_BUTTON) VALUES ('TBLID_BCARG','CARG_DESC','CARG_DESC','CARG_DESC','STRING',80,'N','Y','N','Y',-1,-1,0,0,0,'N','N','N','STRING',0,'Y',0,'Y','Y','Y','NONE',NULL,NULL,NULL,NULL,'N','N',0,NULL,NULL,0);
INSERT INTO SM_FIELD_DEF (TABLE_ID,FIELD_NAME,JP_TITLE,US_TITLE,DB_TYPE,DB_LENGTH,IS_KEY,NOT_BLANK,IS_DUMMY,IS_SEARCH_ITEM,SORT_NO,TREE_LEVEL,SHEET_NO,PAGE_NO,PROPERTY_NO,IS_AUTO,IS_MANDATORY,SYSTEM_READONLY,FIELD_TYPE,FIELD_LENGTH,INPUT_ALPHABET,INPUT_MULTIBYTE,INPUT_NUMERIC,INPUT_SYMBOL,INPUT_UPPERCASE,RETRIEVAL_TABLE,FORMAT,DEFAULT_VALUE,MIN_VALUE,MAX_VALUE,CALENDAR_BUTTON,JUMP_BUTTON,OPEN_BUTTON,REF_TABLE_ID,REF_FIELD_NAME,SPECIAL_BUTTON) VALUES ('TBLID_BCARG','MAX_PM_TIME','MAX_PM_TIME','MAX_PM_TIME','STRING',0,'N','Y','N','Y',-1,-1,0,0,0,'N','N','N','STRING',0,'Y',0,'Y','Y','Y','NONE',NULL,NULL,NULL,NULL,'N','N',0,NULL,NULL,0);
INSERT INTO SM_FIELD_DEF (TABLE_ID,FIELD_NAME,JP_TITLE,US_TITLE,DB_TYPE,DB_LENGTH,IS_KEY,NOT_BLANK,IS_DUMMY,IS_SEARCH_ITEM,SORT_NO,TREE_LEVEL,SHEET_NO,PAGE_NO,PROPERTY_NO,IS_AUTO,IS_MANDATORY,SYSTEM_READONLY,FIELD_TYPE,FIELD_LENGTH,INPUT_ALPHABET,INPUT_MULTIBYTE,INPUT_NUMERIC,INPUT_SYMBOL,INPUT_UPPERCASE,RETRIEVAL_TABLE,FORMAT,DEFAULT_VALUE,MIN_VALUE,MAX_VALUE,CALENDAR_BUTTON,JUMP_BUTTON,OPEN_BUTTON,REF_TABLE_ID,REF_FIELD_NAME,SPECIAL_BUTTON) VALUES ('TBLID_BCARG','MAX_PM_CNT','MAX_PM_CNT','MAX_PM_CNT','STRING',0,'N','Y','N','Y',-1,-1,0,0,0,'N','N','N','STRING',0,'Y',0,'Y','Y','Y','NONE',NULL,NULL,NULL,NULL,'N','N',0,NULL,NULL,0);
INSERT INTO SM_FIELD_DEF (TABLE_ID,FIELD_NAME,JP_TITLE,US_TITLE,DB_TYPE,DB_LENGTH,IS_KEY,NOT_BLANK,IS_DUMMY,IS_SEARCH_ITEM,SORT_NO,TREE_LEVEL,SHEET_NO,PAGE_NO,PROPERTY_NO,IS_AUTO,IS_MANDATORY,SYSTEM_READONLY,FIELD_TYPE,FIELD_LENGTH,INPUT_ALPHABET,INPUT_MULTIBYTE,INPUT_NUMERIC,INPUT_SYMBOL,INPUT_UPPERCASE,RETRIEVAL_TABLE,FORMAT,DEFAULT_VALUE,MIN_VALUE,MAX_VALUE,CALENDAR_BUTTON,JUMP_BUTTON,OPEN_BUTTON,REF_TABLE_ID,REF_FIELD_NAME,SPECIAL_BUTTON) VALUES ('TBLID_BCARG','TOTAL_USE_POS_TIME','TOTAL_USE_POS_TIME','TOTAL_USE_POS_TIME','STRING',0,'N','Y','N','Y',-1,-1,0,0,0,'N','N','N','STRING',0,'Y',0,'Y','Y','Y','NONE',NULL,NULL,NULL,NULL,'N','N',0,NULL,NULL,0);
INSERT INTO SM_FIELD_DEF (TABLE_ID,FIELD_NAME,JP_TITLE,US_TITLE,DB_TYPE,DB_LENGTH,IS_KEY,NOT_BLANK,IS_DUMMY,IS_SEARCH_ITEM,SORT_NO,TREE_LEVEL,SHEET_NO,PAGE_NO,PROPERTY_NO,IS_AUTO,IS_MANDATORY,SYSTEM_READONLY,FIELD_TYPE,FIELD_LENGTH,INPUT_ALPHABET,INPUT_MULTIBYTE,INPUT_NUMERIC,INPUT_SYMBOL,INPUT_UPPERCASE,RETRIEVAL_TABLE,FORMAT,DEFAULT_VALUE,MIN_VALUE,MAX_VALUE,CALENDAR_BUTTON,JUMP_BUTTON,OPEN_BUTTON,REF_TABLE_ID,REF_FIELD_NAME,SPECIAL_BUTTON) VALUES ('TBLID_BCARG','TOTAL_USE_POS_CNT','TOTAL_USE_POS_CNT','TOTAL_USE_POS_CNT','STRING',0,'N','Y','N','Y',-1,-1,0,0,0,'N','N','N','STRING',0,'Y',0,'Y','Y','Y','NONE',NULL,NULL,NULL,NULL,'N','N',0,NULL,NULL,0);
INSERT INTO SM_CHECK_DEF (TABLE_ID,CHECK_TYPE,CHECK_ORDER,CHECK_KIND,FIELD_NAME,REF_TABLE,REF_FIELD,EXPECT_VALUE,ERR_MSG) VALUES ('TBLID_BCARG','SAVE',1,'STAT_E',NULL,NULL,NULL,NULL,NULL);
INSERT INTO SM_CHECK_DEF (TABLE_ID,CHECK_TYPE,CHECK_ORDER,CHECK_KIND,FIELD_NAME,REF_TABLE,REF_FIELD,EXPECT_VALUE,ERR_MSG) VALUES ('TBLID_BCARG','SAVE',2,'STRING','lock_user',NULL,NULL,'',NULL);
INSERT INTO SM_CHECK_DEF (TABLE_ID,CHECK_TYPE,CHECK_ORDER,CHECK_KIND,FIELD_NAME,REF_TABLE,REF_FIELD,EXPECT_VALUE,ERR_MSG) VALUES ('TBLID_BCARG','SAVE',3,'NULLCHK','lock_time',NULL,NULL,NULL,NULL);
INSERT INTO SM_CHECK_DEF (TABLE_ID,CHECK_TYPE,CHECK_ORDER,CHECK_KIND,FIELD_NAME,REF_TABLE,REF_FIELD,EXPECT_VALUE,ERR_MSG) VALUES ('TBLID_BCARG','RELEASE',1,'STAT_E',NULL,NULL,NULL,NULL,NULL);
INSERT INTO SM_CHECK_DEF (TABLE_ID,CHECK_TYPE,CHECK_ORDER,CHECK_KIND,FIELD_NAME,REF_TABLE,REF_FIELD,EXPECT_VALUE,ERR_MSG) VALUES ('TBLID_BCARG','RELEASE',2,'STRING','lock_user',NULL,NULL,'',NULL);
INSERT INTO SM_CHECK_DEF (TABLE_ID,CHECK_TYPE,CHECK_ORDER,CHECK_KIND,FIELD_NAME,REF_TABLE,REF_FIELD,EXPECT_VALUE,ERR_MSG) VALUES ('TBLID_BCARG','RELEASE',3,'NULLCHK','lock_time',NULL,NULL,NULL,NULL);
INSERT INTO SM_CHECK_DEF (TABLE_ID,CHECK_TYPE,CHECK_ORDER,CHECK_KIND,FIELD_NAME,REF_TABLE,REF_FIELD,EXPECT_VALUE,ERR_MSG) VALUES ('TBLID_BCARG','RELEASE',4,'RELEASE_PARAM','carg_id','D10',NULL,NULL,NULL);
INSERT INTO SM_CHECK_DEF (TABLE_ID,CHECK_TYPE,CHECK_ORDER,CHECK_KIND,FIELD_NAME,REF_TABLE,REF_FIELD,EXPECT_VALUE,ERR_MSG) VALUES ('TBLID_BCARG','RELEASE',5,'RELEASE_WRITE','carg_name','D0',NULL,NULL,NULL);
INSERT INTO SM_CHECK_DEF (TABLE_ID,CHECK_TYPE,CHECK_ORDER,CHECK_KIND,FIELD_NAME,REF_TABLE,REF_FIELD,EXPECT_VALUE,ERR_MSG) VALUES ('TBLID_BCARG','RELEASE',6,'RELEASE_WRITE','carg_desc','D0',NULL,NULL,NULL);
INSERT INTO SM_CHECK_DEF (TABLE_ID,CHECK_TYPE,CHECK_ORDER,CHECK_KIND,FIELD_NAME,REF_TABLE,REF_FIELD,EXPECT_VALUE,ERR_MSG) VALUES ('TBLID_BCARG','RELEASE',7,'RELEASE_WRITE','max_pm_time','D0',NULL,NULL,NULL);
INSERT INTO SM_CHECK_DEF (TABLE_ID,CHECK_TYPE,CHECK_ORDER,CHECK_KIND,FIELD_NAME,REF_TABLE,REF_FIELD,EXPECT_VALUE,ERR_MSG) VALUES ('TBLID_BCARG','RELEASE',8,'RELEASE_WRITE','max_pm_cnt','D0',NULL,NULL,NULL);
INSERT INTO SM_CHECK_DEF (TABLE_ID,CHECK_TYPE,CHECK_ORDER,CHECK_KIND,FIELD_NAME,REF_TABLE,REF_FIELD,EXPECT_VALUE,ERR_MSG) VALUES ('TBLID_BCARG','RELEASE',9,'RELEASE_WRITE','total_use_pos_time','D0',NULL,NULL,NULL);
INSERT INTO SM_CHECK_DEF (TABLE_ID,CHECK_TYPE,CHECK_ORDER,CHECK_KIND,FIELD_NAME,REF_TABLE,REF_FIELD,EXPECT_VALUE,ERR_MSG) VALUES ('TBLID_BCARG','RELEASE',10,'RELEASE_WRITE','total_use_pos_cnt','D0',NULL,NULL,NULL);
INSERT INTO SM_CHECK_DEF (TABLE_ID,CHECK_TYPE,CHECK_ORDER,CHECK_KIND,FIELD_NAME,REF_TABLE,REF_FIELD,EXPECT_VALUE,ERR_MSG) VALUES ('TBLID_BCARG','DELETE',1,'STAT_R',NULL,NULL,NULL,NULL,NULL);
INSERT INTO SM_CHECK_DEF (TABLE_ID,CHECK_TYPE,CHECK_ORDER,CHECK_KIND,FIELD_NAME,REF_TABLE,REF_FIELD,EXPECT_VALUE,ERR_MSG) VALUES ('TBLID_BCARG','DELETE',2,'STRING','lock_user',NULL,NULL,'',NULL);
INSERT INTO SM_CHECK_DEF (TABLE_ID,CHECK_TYPE,CHECK_ORDER,CHECK_KIND,FIELD_NAME,REF_TABLE,REF_FIELD,EXPECT_VALUE,ERR_MSG) VALUES ('TBLID_BCARG','DELETE',3,'NULLCHK','lock_time',NULL,NULL,NULL,NULL);
INSERT INTO SM_CHECK_DEF (TABLE_ID,CHECK_TYPE,CHECK_ORDER,CHECK_KIND,FIELD_NAME,REF_TABLE,REF_FIELD,EXPECT_VALUE,ERR_MSG) VALUES ('TBLID_BCARG','DELETE',4,'KEY','carg_id','0','',NULL,NULL);
INSERT INTO SM_CHECK_DEF (TABLE_ID,CHECK_TYPE,CHECK_ORDER,CHECK_KIND,FIELD_NAME,REF_TABLE,REF_FIELD,EXPECT_VALUE,ERR_MSG) VALUES ('TBLID_BCARG','DELETE',5,'STAT_R',NULL,NULL,NULL,NULL,NULL);
INSERT INTO SM_CHECK_DEF (TABLE_ID,CHECK_TYPE,CHECK_ORDER,CHECK_KIND,FIELD_NAME,REF_TABLE,REF_FIELD,EXPECT_VALUE,ERR_MSG) VALUES ('TBLID_BCARG','DELETE',6,'KEY','carg_id','0','',NULL,NULL);
INSERT INTO SM_CHECK_DEF (TABLE_ID,CHECK_TYPE,CHECK_ORDER,CHECK_KIND,FIELD_NAME,REF_TABLE,REF_FIELD,EXPECT_VALUE,ERR_MSG) VALUES ('TBLID_BCARG','DELETE',7,'STAT_R',NULL,NULL,NULL,NULL,NULL);
INSERT INTO SM_CHECK_DEF (TABLE_ID,CHECK_TYPE,CHECK_ORDER,CHECK_KIND,FIELD_NAME,REF_TABLE,REF_FIELD,EXPECT_VALUE,ERR_MSG) VALUES ('TBLID_BCARG','DELETE',8,'KEY','carg_id','0','',NULL,NULL);
INSERT INTO SM_CHECK_DEF (TABLE_ID,CHECK_TYPE,CHECK_ORDER,CHECK_KIND,FIELD_NAME,REF_TABLE,REF_FIELD,EXPECT_VALUE,ERR_MSG) VALUES ('TBLID_BCARG','DELETE',9,'STAT_R',NULL,NULL,NULL,NULL,NULL);
INSERT INTO SM_CHECK_DEF (TABLE_ID,CHECK_TYPE,CHECK_ORDER,CHECK_KIND,FIELD_NAME,REF_TABLE,REF_FIELD,EXPECT_VALUE,ERR_MSG) VALUES ('TBLID_BCARG','EDITCOMP',1,'STAT_E',NULL,NULL,NULL,NULL,NULL);
INSERT INTO SM_CHECK_DEF (TABLE_ID,CHECK_TYPE,CHECK_ORDER,CHECK_KIND,FIELD_NAME,REF_TABLE,REF_FIELD,EXPECT_VALUE,ERR_MSG) VALUES ('TBLID_BCARG','EDITCOMP',2,'COMP_N',NULL,NULL,NULL,NULL,'记录已编辑完成');

-- BCARRY_PORT_DEF
INSERT INTO SM_TABLE_DEF (TABLE_ID, TABLE_NAME, JP_TITLE, US_TITLE, RELEASE_FLAG, DISTRIBUTE_FLAG, PERMISSION_TYPE, SCHEMA_TYPE, HAS_DUMMY, SORT_NO)
VALUES ('TBLID_BCARRY_PORT_DEF', 'BCARRY_PORT_DEF', 'BCARRY_PORT_DEF', 'BCARRY_PORT_DEF', 'Y', 'N', 'C', 'L', 'N', 40);
INSERT INTO SM_FIELD_DEF (TABLE_ID,FIELD_NAME,JP_TITLE,US_TITLE,DB_TYPE,DB_LENGTH,IS_KEY,NOT_BLANK,IS_DUMMY,IS_SEARCH_ITEM,SORT_NO,TREE_LEVEL,SHEET_NO,PAGE_NO,PROPERTY_NO,IS_AUTO,IS_MANDATORY,SYSTEM_READONLY,FIELD_TYPE,FIELD_LENGTH,INPUT_ALPHABET,INPUT_MULTIBYTE,INPUT_NUMERIC,INPUT_SYMBOL,INPUT_UPPERCASE,RETRIEVAL_TABLE,FORMAT,DEFAULT_VALUE,MIN_VALUE,MAX_VALUE,CALENDAR_BUTTON,JUMP_BUTTON,OPEN_BUTTON,REF_TABLE_ID,REF_FIELD_NAME,SPECIAL_BUTTON) VALUES ('TBLID_BCARRY_PORT_DEF','OPE_ID','OPE_ID','OPE_ID','STRING',8,'N','Y','N','Y',-1,-1,0,0,0,'N','N','N','STRING',0,'Y',0,'Y','Y','Y','NONE',NULL,NULL,NULL,NULL,'N','N',0,NULL,NULL,0);
INSERT INTO SM_FIELD_DEF (TABLE_ID,FIELD_NAME,JP_TITLE,US_TITLE,DB_TYPE,DB_LENGTH,IS_KEY,NOT_BLANK,IS_DUMMY,IS_SEARCH_ITEM,SORT_NO,TREE_LEVEL,SHEET_NO,PAGE_NO,PROPERTY_NO,IS_AUTO,IS_MANDATORY,SYSTEM_READONLY,FIELD_TYPE,FIELD_LENGTH,INPUT_ALPHABET,INPUT_MULTIBYTE,INPUT_NUMERIC,INPUT_SYMBOL,INPUT_UPPERCASE,RETRIEVAL_TABLE,FORMAT,DEFAULT_VALUE,MIN_VALUE,MAX_VALUE,CALENDAR_BUTTON,JUMP_BUTTON,OPEN_BUTTON,REF_TABLE_ID,REF_FIELD_NAME,SPECIAL_BUTTON) VALUES ('TBLID_BCARRY_PORT_DEF','FAB_ID','FAB_ID','FAB_ID','STRING',10,'N','Y','N','Y',-1,-1,0,0,0,'N','N','N','STRING',0,'Y',0,'Y','Y','Y','NONE',NULL,NULL,NULL,NULL,'N','N',0,NULL,NULL,0);
INSERT INTO SM_FIELD_DEF (TABLE_ID,FIELD_NAME,JP_TITLE,US_TITLE,DB_TYPE,DB_LENGTH,IS_KEY,NOT_BLANK,IS_DUMMY,IS_SEARCH_ITEM,SORT_NO,TREE_LEVEL,SHEET_NO,PAGE_NO,PROPERTY_NO,IS_AUTO,IS_MANDATORY,SYSTEM_READONLY,FIELD_TYPE,FIELD_LENGTH,INPUT_ALPHABET,INPUT_MULTIBYTE,INPUT_NUMERIC,INPUT_SYMBOL,INPUT_UPPERCASE,RETRIEVAL_TABLE,FORMAT,DEFAULT_VALUE,MIN_VALUE,MAX_VALUE,CALENDAR_BUTTON,JUMP_BUTTON,OPEN_BUTTON,REF_TABLE_ID,REF_FIELD_NAME,SPECIAL_BUTTON) VALUES ('TBLID_BCARRY_PORT_DEF','SEQ_NO','SEQ_NO','SEQ_NO','STRING',0,'N','Y','N','Y',-1,-1,0,0,0,'N','N','N','STRING',0,'Y',0,'Y','Y','Y','NONE',NULL,NULL,NULL,NULL,'N','N',0,NULL,NULL,0);
INSERT INTO SM_FIELD_DEF (TABLE_ID,FIELD_NAME,JP_TITLE,US_TITLE,DB_TYPE,DB_LENGTH,IS_KEY,NOT_BLANK,IS_DUMMY,IS_SEARCH_ITEM,SORT_NO,TREE_LEVEL,SHEET_NO,PAGE_NO,PROPERTY_NO,IS_AUTO,IS_MANDATORY,SYSTEM_READONLY,FIELD_TYPE,FIELD_LENGTH,INPUT_ALPHABET,INPUT_MULTIBYTE,INPUT_NUMERIC,INPUT_SYMBOL,INPUT_UPPERCASE,RETRIEVAL_TABLE,FORMAT,DEFAULT_VALUE,MIN_VALUE,MAX_VALUE,CALENDAR_BUTTON,JUMP_BUTTON,OPEN_BUTTON,REF_TABLE_ID,REF_FIELD_NAME,SPECIAL_BUTTON) VALUES ('TBLID_BCARRY_PORT_DEF','CARRY_STK','CARRY_STK','CARRY_STK','STRING',10,'N','Y','N','Y',-1,-1,0,0,0,'N','N','N','STRING',0,'Y',0,'Y','Y','Y','NONE',NULL,NULL,NULL,NULL,'N','N',0,NULL,NULL,0);
INSERT INTO SM_FIELD_DEF (TABLE_ID,FIELD_NAME,JP_TITLE,US_TITLE,DB_TYPE,DB_LENGTH,IS_KEY,NOT_BLANK,IS_DUMMY,IS_SEARCH_ITEM,SORT_NO,TREE_LEVEL,SHEET_NO,PAGE_NO,PROPERTY_NO,IS_AUTO,IS_MANDATORY,SYSTEM_READONLY,FIELD_TYPE,FIELD_LENGTH,INPUT_ALPHABET,INPUT_MULTIBYTE,INPUT_NUMERIC,INPUT_SYMBOL,INPUT_UPPERCASE,RETRIEVAL_TABLE,FORMAT,DEFAULT_VALUE,MIN_VALUE,MAX_VALUE,CALENDAR_BUTTON,JUMP_BUTTON,OPEN_BUTTON,REF_TABLE_ID,REF_FIELD_NAME,SPECIAL_BUTTON) VALUES ('TBLID_BCARRY_PORT_DEF','CARRY_PORT','CARRY_PORT','CARRY_PORT','STRING',10,'N','Y','N','Y',-1,-1,0,0,0,'N','N','N','STRING',0,'Y',0,'Y','Y','Y','NONE',NULL,NULL,NULL,NULL,'N','N',0,NULL,NULL,0);
INSERT INTO SM_CHECK_DEF (TABLE_ID,CHECK_TYPE,CHECK_ORDER,CHECK_KIND,FIELD_NAME,REF_TABLE,REF_FIELD,EXPECT_VALUE,ERR_MSG) VALUES ('TBLID_BCARRY_PORT_DEF','SAVE',1,'STAT_E',NULL,NULL,NULL,NULL,NULL);
INSERT INTO SM_CHECK_DEF (TABLE_ID,CHECK_TYPE,CHECK_ORDER,CHECK_KIND,FIELD_NAME,REF_TABLE,REF_FIELD,EXPECT_VALUE,ERR_MSG) VALUES ('TBLID_BCARRY_PORT_DEF','SAVE',2,'STRING','lock_user',NULL,NULL,'',NULL);
INSERT INTO SM_CHECK_DEF (TABLE_ID,CHECK_TYPE,CHECK_ORDER,CHECK_KIND,FIELD_NAME,REF_TABLE,REF_FIELD,EXPECT_VALUE,ERR_MSG) VALUES ('TBLID_BCARRY_PORT_DEF','SAVE',3,'NULLCHK','lock_time',NULL,NULL,NULL,NULL);
INSERT INTO SM_CHECK_DEF (TABLE_ID,CHECK_TYPE,CHECK_ORDER,CHECK_KIND,FIELD_NAME,REF_TABLE,REF_FIELD,EXPECT_VALUE,ERR_MSG) VALUES ('TBLID_BCARRY_PORT_DEF','RELEASE',1,'STAT_E',NULL,NULL,NULL,NULL,NULL);
INSERT INTO SM_CHECK_DEF (TABLE_ID,CHECK_TYPE,CHECK_ORDER,CHECK_KIND,FIELD_NAME,REF_TABLE,REF_FIELD,EXPECT_VALUE,ERR_MSG) VALUES ('TBLID_BCARRY_PORT_DEF','RELEASE',2,'STRING','lock_user',NULL,NULL,'',NULL);
INSERT INTO SM_CHECK_DEF (TABLE_ID,CHECK_TYPE,CHECK_ORDER,CHECK_KIND,FIELD_NAME,REF_TABLE,REF_FIELD,EXPECT_VALUE,ERR_MSG) VALUES ('TBLID_BCARRY_PORT_DEF','RELEASE',3,'NULLCHK','lock_time',NULL,NULL,NULL,NULL);
INSERT INTO SM_CHECK_DEF (TABLE_ID,CHECK_TYPE,CHECK_ORDER,CHECK_KIND,FIELD_NAME,REF_TABLE,REF_FIELD,EXPECT_VALUE,ERR_MSG) VALUES ('TBLID_BCARRY_PORT_DEF','RELEASE',4,'RELEASE_PARAM','ope_id','D8',NULL,NULL,NULL);
INSERT INTO SM_CHECK_DEF (TABLE_ID,CHECK_TYPE,CHECK_ORDER,CHECK_KIND,FIELD_NAME,REF_TABLE,REF_FIELD,EXPECT_VALUE,ERR_MSG) VALUES ('TBLID_BCARRY_PORT_DEF','RELEASE',5,'RELEASE_PARAM','fab_id','D10',NULL,NULL,NULL);
INSERT INTO SM_CHECK_DEF (TABLE_ID,CHECK_TYPE,CHECK_ORDER,CHECK_KIND,FIELD_NAME,REF_TABLE,REF_FIELD,EXPECT_VALUE,ERR_MSG) VALUES ('TBLID_BCARRY_PORT_DEF','RELEASE',6,'RELEASE_PARAM','seq_no','D3',NULL,NULL,NULL);
INSERT INTO SM_CHECK_DEF (TABLE_ID,CHECK_TYPE,CHECK_ORDER,CHECK_KIND,FIELD_NAME,REF_TABLE,REF_FIELD,EXPECT_VALUE,ERR_MSG) VALUES ('TBLID_BCARRY_PORT_DEF','RELEASE',7,'RELEASE_WRITE','carry_stk','D0',NULL,NULL,NULL);
INSERT INTO SM_CHECK_DEF (TABLE_ID,CHECK_TYPE,CHECK_ORDER,CHECK_KIND,FIELD_NAME,REF_TABLE,REF_FIELD,EXPECT_VALUE,ERR_MSG) VALUES ('TBLID_BCARRY_PORT_DEF','RELEASE',8,'RELEASE_WRITE','carry_port','D0',NULL,NULL,NULL);
INSERT INTO SM_CHECK_DEF (TABLE_ID,CHECK_TYPE,CHECK_ORDER,CHECK_KIND,FIELD_NAME,REF_TABLE,REF_FIELD,EXPECT_VALUE,ERR_MSG) VALUES ('TBLID_BCARRY_PORT_DEF','DELETE',1,'STAT_R',NULL,NULL,NULL,NULL,NULL);
INSERT INTO SM_CHECK_DEF (TABLE_ID,CHECK_TYPE,CHECK_ORDER,CHECK_KIND,FIELD_NAME,REF_TABLE,REF_FIELD,EXPECT_VALUE,ERR_MSG) VALUES ('TBLID_BCARRY_PORT_DEF','DELETE',2,'STRING','lock_user',NULL,NULL,'',NULL);
INSERT INTO SM_CHECK_DEF (TABLE_ID,CHECK_TYPE,CHECK_ORDER,CHECK_KIND,FIELD_NAME,REF_TABLE,REF_FIELD,EXPECT_VALUE,ERR_MSG) VALUES ('TBLID_BCARRY_PORT_DEF','DELETE',3,'NULLCHK','lock_time',NULL,NULL,NULL,NULL);
INSERT INTO SM_CHECK_DEF (TABLE_ID,CHECK_TYPE,CHECK_ORDER,CHECK_KIND,FIELD_NAME,REF_TABLE,REF_FIELD,EXPECT_VALUE,ERR_MSG) VALUES ('TBLID_BCARRY_PORT_DEF','EDITCOMP',1,'STAT_E',NULL,NULL,NULL,NULL,NULL);
INSERT INTO SM_CHECK_DEF (TABLE_ID,CHECK_TYPE,CHECK_ORDER,CHECK_KIND,FIELD_NAME,REF_TABLE,REF_FIELD,EXPECT_VALUE,ERR_MSG) VALUES ('TBLID_BCARRY_PORT_DEF','EDITCOMP',2,'COMP_N',NULL,NULL,NULL,NULL,'记录已编辑完成');

-- BCARRY_PORT_DSP_AREA
INSERT INTO SM_TABLE_DEF (TABLE_ID, TABLE_NAME, JP_TITLE, US_TITLE, RELEASE_FLAG, DISTRIBUTE_FLAG, PERMISSION_TYPE, SCHEMA_TYPE, HAS_DUMMY, SORT_NO)
VALUES ('TBLID_BCARRY_PORT_DSP_AREA', 'BCARRY_PORT_DSP_AREA', 'BCARRY_PORT_DSP_AREA', 'BCARRY_PORT_DSP_AREA', 'Y', 'N', 'C', 'L', 'N', 50);
INSERT INTO SM_FIELD_DEF (TABLE_ID,FIELD_NAME,JP_TITLE,US_TITLE,DB_TYPE,DB_LENGTH,IS_KEY,NOT_BLANK,IS_DUMMY,IS_SEARCH_ITEM,SORT_NO,TREE_LEVEL,SHEET_NO,PAGE_NO,PROPERTY_NO,IS_AUTO,IS_MANDATORY,SYSTEM_READONLY,FIELD_TYPE,FIELD_LENGTH,INPUT_ALPHABET,INPUT_MULTIBYTE,INPUT_NUMERIC,INPUT_SYMBOL,INPUT_UPPERCASE,RETRIEVAL_TABLE,FORMAT,DEFAULT_VALUE,MIN_VALUE,MAX_VALUE,CALENDAR_BUTTON,JUMP_BUTTON,OPEN_BUTTON,REF_TABLE_ID,REF_FIELD_NAME,SPECIAL_BUTTON) VALUES ('TBLID_BCARRY_PORT_DSP_AREA','DSP_AREA','DSP_AREA','DSP_AREA','STRING',6,'N','Y','N','Y',-1,-1,0,0,0,'N','N','N','STRING',0,'Y',0,'Y','Y','Y','NONE',NULL,NULL,NULL,NULL,'N','N',0,NULL,NULL,0);
INSERT INTO SM_FIELD_DEF (TABLE_ID,FIELD_NAME,JP_TITLE,US_TITLE,DB_TYPE,DB_LENGTH,IS_KEY,NOT_BLANK,IS_DUMMY,IS_SEARCH_ITEM,SORT_NO,TREE_LEVEL,SHEET_NO,PAGE_NO,PROPERTY_NO,IS_AUTO,IS_MANDATORY,SYSTEM_READONLY,FIELD_TYPE,FIELD_LENGTH,INPUT_ALPHABET,INPUT_MULTIBYTE,INPUT_NUMERIC,INPUT_SYMBOL,INPUT_UPPERCASE,RETRIEVAL_TABLE,FORMAT,DEFAULT_VALUE,MIN_VALUE,MAX_VALUE,CALENDAR_BUTTON,JUMP_BUTTON,OPEN_BUTTON,REF_TABLE_ID,REF_FIELD_NAME,SPECIAL_BUTTON) VALUES ('TBLID_BCARRY_PORT_DSP_AREA','CARRY_PORT','CARRY_PORT','CARRY_PORT','STRING',10,'N','Y','N','Y',-1,-1,0,0,0,'N','N','N','STRING',0,'Y',0,'Y','Y','Y','NONE',NULL,NULL,NULL,NULL,'N','N',0,NULL,NULL,0);
INSERT INTO SM_FIELD_DEF (TABLE_ID,FIELD_NAME,JP_TITLE,US_TITLE,DB_TYPE,DB_LENGTH,IS_KEY,NOT_BLANK,IS_DUMMY,IS_SEARCH_ITEM,SORT_NO,TREE_LEVEL,SHEET_NO,PAGE_NO,PROPERTY_NO,IS_AUTO,IS_MANDATORY,SYSTEM_READONLY,FIELD_TYPE,FIELD_LENGTH,INPUT_ALPHABET,INPUT_MULTIBYTE,INPUT_NUMERIC,INPUT_SYMBOL,INPUT_UPPERCASE,RETRIEVAL_TABLE,FORMAT,DEFAULT_VALUE,MIN_VALUE,MAX_VALUE,CALENDAR_BUTTON,JUMP_BUTTON,OPEN_BUTTON,REF_TABLE_ID,REF_FIELD_NAME,SPECIAL_BUTTON) VALUES ('TBLID_BCARRY_PORT_DSP_AREA','EMP_CARRY_PORT','EMP_CARRY_PORT','EMP_CARRY_PORT','STRING',10,'N','Y','N','Y',-1,-1,0,0,0,'N','N','N','STRING',0,'Y',0,'Y','Y','Y','NONE',NULL,NULL,NULL,NULL,'N','N',0,NULL,NULL,0);
INSERT INTO SM_FIELD_DEF (TABLE_ID,FIELD_NAME,JP_TITLE,US_TITLE,DB_TYPE,DB_LENGTH,IS_KEY,NOT_BLANK,IS_DUMMY,IS_SEARCH_ITEM,SORT_NO,TREE_LEVEL,SHEET_NO,PAGE_NO,PROPERTY_NO,IS_AUTO,IS_MANDATORY,SYSTEM_READONLY,FIELD_TYPE,FIELD_LENGTH,INPUT_ALPHABET,INPUT_MULTIBYTE,INPUT_NUMERIC,INPUT_SYMBOL,INPUT_UPPERCASE,RETRIEVAL_TABLE,FORMAT,DEFAULT_VALUE,MIN_VALUE,MAX_VALUE,CALENDAR_BUTTON,JUMP_BUTTON,OPEN_BUTTON,REF_TABLE_ID,REF_FIELD_NAME,SPECIAL_BUTTON) VALUES ('TBLID_BCARRY_PORT_DSP_AREA','PDC_PORT','PDC_PORT','PDC_PORT','STRING',10,'N','Y','N','Y',-1,-1,0,0,0,'N','N','N','STRING',0,'Y',0,'Y','Y','Y','NONE',NULL,NULL,NULL,NULL,'N','N',0,NULL,NULL,0);
INSERT INTO SM_CHECK_DEF (TABLE_ID,CHECK_TYPE,CHECK_ORDER,CHECK_KIND,FIELD_NAME,REF_TABLE,REF_FIELD,EXPECT_VALUE,ERR_MSG) VALUES ('TBLID_BCARRY_PORT_DSP_AREA','SAVE',1,'STAT_E',NULL,NULL,NULL,NULL,NULL);
INSERT INTO SM_CHECK_DEF (TABLE_ID,CHECK_TYPE,CHECK_ORDER,CHECK_KIND,FIELD_NAME,REF_TABLE,REF_FIELD,EXPECT_VALUE,ERR_MSG) VALUES ('TBLID_BCARRY_PORT_DSP_AREA','SAVE',2,'STRING','lock_user',NULL,NULL,'',NULL);
INSERT INTO SM_CHECK_DEF (TABLE_ID,CHECK_TYPE,CHECK_ORDER,CHECK_KIND,FIELD_NAME,REF_TABLE,REF_FIELD,EXPECT_VALUE,ERR_MSG) VALUES ('TBLID_BCARRY_PORT_DSP_AREA','SAVE',3,'NULLCHK','lock_time',NULL,NULL,NULL,NULL);
INSERT INTO SM_CHECK_DEF (TABLE_ID,CHECK_TYPE,CHECK_ORDER,CHECK_KIND,FIELD_NAME,REF_TABLE,REF_FIELD,EXPECT_VALUE,ERR_MSG) VALUES ('TBLID_BCARRY_PORT_DSP_AREA','RELEASE',1,'STAT_E',NULL,NULL,NULL,NULL,NULL);
INSERT INTO SM_CHECK_DEF (TABLE_ID,CHECK_TYPE,CHECK_ORDER,CHECK_KIND,FIELD_NAME,REF_TABLE,REF_FIELD,EXPECT_VALUE,ERR_MSG) VALUES ('TBLID_BCARRY_PORT_DSP_AREA','RELEASE',2,'STRING','lock_user',NULL,NULL,'',NULL);
INSERT INTO SM_CHECK_DEF (TABLE_ID,CHECK_TYPE,CHECK_ORDER,CHECK_KIND,FIELD_NAME,REF_TABLE,REF_FIELD,EXPECT_VALUE,ERR_MSG) VALUES ('TBLID_BCARRY_PORT_DSP_AREA','RELEASE',3,'NULLCHK','lock_time',NULL,NULL,NULL,NULL);
INSERT INTO SM_CHECK_DEF (TABLE_ID,CHECK_TYPE,CHECK_ORDER,CHECK_KIND,FIELD_NAME,REF_TABLE,REF_FIELD,EXPECT_VALUE,ERR_MSG) VALUES ('TBLID_BCARRY_PORT_DSP_AREA','RELEASE',4,'RELEASE_PARAM','dsp_area','D6',NULL,NULL,NULL);
INSERT INTO SM_CHECK_DEF (TABLE_ID,CHECK_TYPE,CHECK_ORDER,CHECK_KIND,FIELD_NAME,REF_TABLE,REF_FIELD,EXPECT_VALUE,ERR_MSG) VALUES ('TBLID_BCARRY_PORT_DSP_AREA','RELEASE',5,'RELEASE_WRITE','carry_port','D0',NULL,NULL,NULL);
INSERT INTO SM_CHECK_DEF (TABLE_ID,CHECK_TYPE,CHECK_ORDER,CHECK_KIND,FIELD_NAME,REF_TABLE,REF_FIELD,EXPECT_VALUE,ERR_MSG) VALUES ('TBLID_BCARRY_PORT_DSP_AREA','RELEASE',6,'RELEASE_WRITE','emp_carry_port','D0',NULL,NULL,NULL);
INSERT INTO SM_CHECK_DEF (TABLE_ID,CHECK_TYPE,CHECK_ORDER,CHECK_KIND,FIELD_NAME,REF_TABLE,REF_FIELD,EXPECT_VALUE,ERR_MSG) VALUES ('TBLID_BCARRY_PORT_DSP_AREA','RELEASE',7,'RELEASE_WRITE','pdc_port','D0',NULL,NULL,NULL);
INSERT INTO SM_CHECK_DEF (TABLE_ID,CHECK_TYPE,CHECK_ORDER,CHECK_KIND,FIELD_NAME,REF_TABLE,REF_FIELD,EXPECT_VALUE,ERR_MSG) VALUES ('TBLID_BCARRY_PORT_DSP_AREA','DELETE',1,'STAT_R',NULL,NULL,NULL,NULL,NULL);
INSERT INTO SM_CHECK_DEF (TABLE_ID,CHECK_TYPE,CHECK_ORDER,CHECK_KIND,FIELD_NAME,REF_TABLE,REF_FIELD,EXPECT_VALUE,ERR_MSG) VALUES ('TBLID_BCARRY_PORT_DSP_AREA','DELETE',2,'STRING','lock_user',NULL,NULL,'',NULL);
INSERT INTO SM_CHECK_DEF (TABLE_ID,CHECK_TYPE,CHECK_ORDER,CHECK_KIND,FIELD_NAME,REF_TABLE,REF_FIELD,EXPECT_VALUE,ERR_MSG) VALUES ('TBLID_BCARRY_PORT_DSP_AREA','DELETE',3,'NULLCHK','lock_time',NULL,NULL,NULL,NULL);
INSERT INTO SM_CHECK_DEF (TABLE_ID,CHECK_TYPE,CHECK_ORDER,CHECK_KIND,FIELD_NAME,REF_TABLE,REF_FIELD,EXPECT_VALUE,ERR_MSG) VALUES ('TBLID_BCARRY_PORT_DSP_AREA','EDITCOMP',1,'STAT_E',NULL,NULL,NULL,NULL,NULL);
INSERT INTO SM_CHECK_DEF (TABLE_ID,CHECK_TYPE,CHECK_ORDER,CHECK_KIND,FIELD_NAME,REF_TABLE,REF_FIELD,EXPECT_VALUE,ERR_MSG) VALUES ('TBLID_BCARRY_PORT_DSP_AREA','EDITCOMP',2,'COMP_N',NULL,NULL,NULL,NULL,'记录已编辑完成');

-- BCARRY_PORT_EQP
INSERT INTO SM_TABLE_DEF (TABLE_ID, TABLE_NAME, JP_TITLE, US_TITLE, RELEASE_FLAG, DISTRIBUTE_FLAG, PERMISSION_TYPE, SCHEMA_TYPE, HAS_DUMMY, SORT_NO)
VALUES ('TBLID_BCARRY_PORT_EQP', 'BCARRY_PORT_EQP', 'BCARRY_PORT_EQP', 'BCARRY_PORT_EQP', 'Y', 'N', 'C', 'L', 'N', 60);
INSERT INTO SM_FIELD_DEF (TABLE_ID,FIELD_NAME,JP_TITLE,US_TITLE,DB_TYPE,DB_LENGTH,IS_KEY,NOT_BLANK,IS_DUMMY,IS_SEARCH_ITEM,SORT_NO,TREE_LEVEL,SHEET_NO,PAGE_NO,PROPERTY_NO,IS_AUTO,IS_MANDATORY,SYSTEM_READONLY,FIELD_TYPE,FIELD_LENGTH,INPUT_ALPHABET,INPUT_MULTIBYTE,INPUT_NUMERIC,INPUT_SYMBOL,INPUT_UPPERCASE,RETRIEVAL_TABLE,FORMAT,DEFAULT_VALUE,MIN_VALUE,MAX_VALUE,CALENDAR_BUTTON,JUMP_BUTTON,OPEN_BUTTON,REF_TABLE_ID,REF_FIELD_NAME,SPECIAL_BUTTON) VALUES ('TBLID_BCARRY_PORT_EQP','EQP_ID','EQP_ID','EQP_ID','STRING',10,'N','Y','N','Y',-1,-1,0,0,0,'N','N','N','STRING',0,'Y',0,'Y','Y','Y','NONE',NULL,NULL,NULL,NULL,'N','N',0,NULL,NULL,0);
INSERT INTO SM_FIELD_DEF (TABLE_ID,FIELD_NAME,JP_TITLE,US_TITLE,DB_TYPE,DB_LENGTH,IS_KEY,NOT_BLANK,IS_DUMMY,IS_SEARCH_ITEM,SORT_NO,TREE_LEVEL,SHEET_NO,PAGE_NO,PROPERTY_NO,IS_AUTO,IS_MANDATORY,SYSTEM_READONLY,FIELD_TYPE,FIELD_LENGTH,INPUT_ALPHABET,INPUT_MULTIBYTE,INPUT_NUMERIC,INPUT_SYMBOL,INPUT_UPPERCASE,RETRIEVAL_TABLE,FORMAT,DEFAULT_VALUE,MIN_VALUE,MAX_VALUE,CALENDAR_BUTTON,JUMP_BUTTON,OPEN_BUTTON,REF_TABLE_ID,REF_FIELD_NAME,SPECIAL_BUTTON) VALUES ('TBLID_BCARRY_PORT_EQP','FAB_ID','FAB_ID','FAB_ID','STRING',10,'N','Y','N','Y',-1,-1,0,0,0,'N','N','N','STRING',0,'Y',0,'Y','Y','Y','NONE',NULL,NULL,NULL,NULL,'N','N',0,NULL,NULL,0);
INSERT INTO SM_FIELD_DEF (TABLE_ID,FIELD_NAME,JP_TITLE,US_TITLE,DB_TYPE,DB_LENGTH,IS_KEY,NOT_BLANK,IS_DUMMY,IS_SEARCH_ITEM,SORT_NO,TREE_LEVEL,SHEET_NO,PAGE_NO,PROPERTY_NO,IS_AUTO,IS_MANDATORY,SYSTEM_READONLY,FIELD_TYPE,FIELD_LENGTH,INPUT_ALPHABET,INPUT_MULTIBYTE,INPUT_NUMERIC,INPUT_SYMBOL,INPUT_UPPERCASE,RETRIEVAL_TABLE,FORMAT,DEFAULT_VALUE,MIN_VALUE,MAX_VALUE,CALENDAR_BUTTON,JUMP_BUTTON,OPEN_BUTTON,REF_TABLE_ID,REF_FIELD_NAME,SPECIAL_BUTTON) VALUES ('TBLID_BCARRY_PORT_EQP','CARRY_STK','CARRY_STK','CARRY_STK','STRING',10,'N','Y','N','Y',-1,-1,0,0,0,'N','N','N','STRING',0,'Y',0,'Y','Y','Y','NONE',NULL,NULL,NULL,NULL,'N','N',0,NULL,NULL,0);
INSERT INTO SM_FIELD_DEF (TABLE_ID,FIELD_NAME,JP_TITLE,US_TITLE,DB_TYPE,DB_LENGTH,IS_KEY,NOT_BLANK,IS_DUMMY,IS_SEARCH_ITEM,SORT_NO,TREE_LEVEL,SHEET_NO,PAGE_NO,PROPERTY_NO,IS_AUTO,IS_MANDATORY,SYSTEM_READONLY,FIELD_TYPE,FIELD_LENGTH,INPUT_ALPHABET,INPUT_MULTIBYTE,INPUT_NUMERIC,INPUT_SYMBOL,INPUT_UPPERCASE,RETRIEVAL_TABLE,FORMAT,DEFAULT_VALUE,MIN_VALUE,MAX_VALUE,CALENDAR_BUTTON,JUMP_BUTTON,OPEN_BUTTON,REF_TABLE_ID,REF_FIELD_NAME,SPECIAL_BUTTON) VALUES ('TBLID_BCARRY_PORT_EQP','CARRY_PORT','CARRY_PORT','CARRY_PORT','STRING',10,'N','Y','N','Y',-1,-1,0,0,0,'N','N','N','STRING',0,'Y',0,'Y','Y','Y','NONE',NULL,NULL,NULL,NULL,'N','N',0,NULL,NULL,0);
INSERT INTO SM_CHECK_DEF (TABLE_ID,CHECK_TYPE,CHECK_ORDER,CHECK_KIND,FIELD_NAME,REF_TABLE,REF_FIELD,EXPECT_VALUE,ERR_MSG) VALUES ('TBLID_BCARRY_PORT_EQP','SAVE',1,'STAT_E',NULL,NULL,NULL,NULL,NULL);
INSERT INTO SM_CHECK_DEF (TABLE_ID,CHECK_TYPE,CHECK_ORDER,CHECK_KIND,FIELD_NAME,REF_TABLE,REF_FIELD,EXPECT_VALUE,ERR_MSG) VALUES ('TBLID_BCARRY_PORT_EQP','SAVE',2,'STRING','lock_user',NULL,NULL,'',NULL);
INSERT INTO SM_CHECK_DEF (TABLE_ID,CHECK_TYPE,CHECK_ORDER,CHECK_KIND,FIELD_NAME,REF_TABLE,REF_FIELD,EXPECT_VALUE,ERR_MSG) VALUES ('TBLID_BCARRY_PORT_EQP','SAVE',3,'NULLCHK','lock_time',NULL,NULL,NULL,NULL);
INSERT INTO SM_CHECK_DEF (TABLE_ID,CHECK_TYPE,CHECK_ORDER,CHECK_KIND,FIELD_NAME,REF_TABLE,REF_FIELD,EXPECT_VALUE,ERR_MSG) VALUES ('TBLID_BCARRY_PORT_EQP','RELEASE',1,'STAT_E',NULL,NULL,NULL,NULL,NULL);
INSERT INTO SM_CHECK_DEF (TABLE_ID,CHECK_TYPE,CHECK_ORDER,CHECK_KIND,FIELD_NAME,REF_TABLE,REF_FIELD,EXPECT_VALUE,ERR_MSG) VALUES ('TBLID_BCARRY_PORT_EQP','RELEASE',2,'STRING','lock_user',NULL,NULL,'',NULL);
INSERT INTO SM_CHECK_DEF (TABLE_ID,CHECK_TYPE,CHECK_ORDER,CHECK_KIND,FIELD_NAME,REF_TABLE,REF_FIELD,EXPECT_VALUE,ERR_MSG) VALUES ('TBLID_BCARRY_PORT_EQP','RELEASE',3,'NULLCHK','lock_time',NULL,NULL,NULL,NULL);
INSERT INTO SM_CHECK_DEF (TABLE_ID,CHECK_TYPE,CHECK_ORDER,CHECK_KIND,FIELD_NAME,REF_TABLE,REF_FIELD,EXPECT_VALUE,ERR_MSG) VALUES ('TBLID_BCARRY_PORT_EQP','RELEASE',4,'RELEASE_PARAM','eqp_id','D10',NULL,NULL,NULL);
INSERT INTO SM_CHECK_DEF (TABLE_ID,CHECK_TYPE,CHECK_ORDER,CHECK_KIND,FIELD_NAME,REF_TABLE,REF_FIELD,EXPECT_VALUE,ERR_MSG) VALUES ('TBLID_BCARRY_PORT_EQP','RELEASE',5,'RELEASE_PARAM','fab_id','D10',NULL,NULL,NULL);
INSERT INTO SM_CHECK_DEF (TABLE_ID,CHECK_TYPE,CHECK_ORDER,CHECK_KIND,FIELD_NAME,REF_TABLE,REF_FIELD,EXPECT_VALUE,ERR_MSG) VALUES ('TBLID_BCARRY_PORT_EQP','RELEASE',6,'RELEASE_WRITE','carry_stk','D0',NULL,NULL,NULL);
INSERT INTO SM_CHECK_DEF (TABLE_ID,CHECK_TYPE,CHECK_ORDER,CHECK_KIND,FIELD_NAME,REF_TABLE,REF_FIELD,EXPECT_VALUE,ERR_MSG) VALUES ('TBLID_BCARRY_PORT_EQP','RELEASE',7,'RELEASE_WRITE','carry_port','D0',NULL,NULL,NULL);
INSERT INTO SM_CHECK_DEF (TABLE_ID,CHECK_TYPE,CHECK_ORDER,CHECK_KIND,FIELD_NAME,REF_TABLE,REF_FIELD,EXPECT_VALUE,ERR_MSG) VALUES ('TBLID_BCARRY_PORT_EQP','DELETE',1,'STAT_R',NULL,NULL,NULL,NULL,NULL);
INSERT INTO SM_CHECK_DEF (TABLE_ID,CHECK_TYPE,CHECK_ORDER,CHECK_KIND,FIELD_NAME,REF_TABLE,REF_FIELD,EXPECT_VALUE,ERR_MSG) VALUES ('TBLID_BCARRY_PORT_EQP','DELETE',2,'STRING','lock_user',NULL,NULL,'',NULL);
INSERT INTO SM_CHECK_DEF (TABLE_ID,CHECK_TYPE,CHECK_ORDER,CHECK_KIND,FIELD_NAME,REF_TABLE,REF_FIELD,EXPECT_VALUE,ERR_MSG) VALUES ('TBLID_BCARRY_PORT_EQP','DELETE',3,'NULLCHK','lock_time',NULL,NULL,NULL,NULL);
INSERT INTO SM_CHECK_DEF (TABLE_ID,CHECK_TYPE,CHECK_ORDER,CHECK_KIND,FIELD_NAME,REF_TABLE,REF_FIELD,EXPECT_VALUE,ERR_MSG) VALUES ('TBLID_BCARRY_PORT_EQP','EDITCOMP',1,'STAT_E',NULL,NULL,NULL,NULL,NULL);
INSERT INTO SM_CHECK_DEF (TABLE_ID,CHECK_TYPE,CHECK_ORDER,CHECK_KIND,FIELD_NAME,REF_TABLE,REF_FIELD,EXPECT_VALUE,ERR_MSG) VALUES ('TBLID_BCARRY_PORT_EQP','EDITCOMP',2,'COMP_N',NULL,NULL,NULL,NULL,'记录已编辑完成');

-- BCARTYPE
INSERT INTO SM_TABLE_DEF (TABLE_ID, TABLE_NAME, JP_TITLE, US_TITLE, RELEASE_FLAG, DISTRIBUTE_FLAG, PERMISSION_TYPE, SCHEMA_TYPE, HAS_DUMMY, SORT_NO)
VALUES ('TBLID_BCARTYPE', 'BCARTYPE', 'BCARTYPE', 'BCARTYPE', 'Y', 'N', 'C', 'L', 'N', 70);
INSERT INTO SM_FIELD_DEF (TABLE_ID,FIELD_NAME,JP_TITLE,US_TITLE,DB_TYPE,DB_LENGTH,IS_KEY,NOT_BLANK,IS_DUMMY,IS_SEARCH_ITEM,SORT_NO,TREE_LEVEL,SHEET_NO,PAGE_NO,PROPERTY_NO,IS_AUTO,IS_MANDATORY,SYSTEM_READONLY,FIELD_TYPE,FIELD_LENGTH,INPUT_ALPHABET,INPUT_MULTIBYTE,INPUT_NUMERIC,INPUT_SYMBOL,INPUT_UPPERCASE,RETRIEVAL_TABLE,FORMAT,DEFAULT_VALUE,MIN_VALUE,MAX_VALUE,CALENDAR_BUTTON,JUMP_BUTTON,OPEN_BUTTON,REF_TABLE_ID,REF_FIELD_NAME,SPECIAL_BUTTON) VALUES ('TBLID_BCARTYPE','CAR_TYPE','CAR_TYPE','CAR_TYPE','STRING',2,'N','Y','N','Y',-1,-1,0,0,0,'N','N','N','STRING',0,'Y',0,'Y','Y','Y','NONE',NULL,NULL,NULL,NULL,'N','N',0,NULL,NULL,0);
INSERT INTO SM_FIELD_DEF (TABLE_ID,FIELD_NAME,JP_TITLE,US_TITLE,DB_TYPE,DB_LENGTH,IS_KEY,NOT_BLANK,IS_DUMMY,IS_SEARCH_ITEM,SORT_NO,TREE_LEVEL,SHEET_NO,PAGE_NO,PROPERTY_NO,IS_AUTO,IS_MANDATORY,SYSTEM_READONLY,FIELD_TYPE,FIELD_LENGTH,INPUT_ALPHABET,INPUT_MULTIBYTE,INPUT_NUMERIC,INPUT_SYMBOL,INPUT_UPPERCASE,RETRIEVAL_TABLE,FORMAT,DEFAULT_VALUE,MIN_VALUE,MAX_VALUE,CALENDAR_BUTTON,JUMP_BUTTON,OPEN_BUTTON,REF_TABLE_ID,REF_FIELD_NAME,SPECIAL_BUTTON) VALUES ('TBLID_BCARTYPE','CAR_CATEGORI','CAR_CATEGORI','CAR_CATEGORI','STRING',2,'N','Y','N','Y',-1,-1,0,0,0,'N','N','N','STRING',0,'Y',0,'Y','Y','Y','NONE',NULL,NULL,NULL,NULL,'N','N',0,NULL,NULL,0);
INSERT INTO SM_FIELD_DEF (TABLE_ID,FIELD_NAME,JP_TITLE,US_TITLE,DB_TYPE,DB_LENGTH,IS_KEY,NOT_BLANK,IS_DUMMY,IS_SEARCH_ITEM,SORT_NO,TREE_LEVEL,SHEET_NO,PAGE_NO,PROPERTY_NO,IS_AUTO,IS_MANDATORY,SYSTEM_READONLY,FIELD_TYPE,FIELD_LENGTH,INPUT_ALPHABET,INPUT_MULTIBYTE,INPUT_NUMERIC,INPUT_SYMBOL,INPUT_UPPERCASE,RETRIEVAL_TABLE,FORMAT,DEFAULT_VALUE,MIN_VALUE,MAX_VALUE,CALENDAR_BUTTON,JUMP_BUTTON,OPEN_BUTTON,REF_TABLE_ID,REF_FIELD_NAME,SPECIAL_BUTTON) VALUES ('TBLID_BCARTYPE','BOX_CHARGE_NUM','BOX_CHARGE_NUM','BOX_CHARGE_NUM','STRING',0,'N','Y','N','Y',-1,-1,0,0,0,'N','N','N','STRING',0,'Y',0,'Y','Y','Y','NONE',NULL,NULL,NULL,NULL,'N','N',0,NULL,NULL,0);
INSERT INTO SM_CHECK_DEF (TABLE_ID,CHECK_TYPE,CHECK_ORDER,CHECK_KIND,FIELD_NAME,REF_TABLE,REF_FIELD,EXPECT_VALUE,ERR_MSG) VALUES ('TBLID_BCARTYPE','SAVE',1,'STAT_E',NULL,NULL,NULL,NULL,NULL);
INSERT INTO SM_CHECK_DEF (TABLE_ID,CHECK_TYPE,CHECK_ORDER,CHECK_KIND,FIELD_NAME,REF_TABLE,REF_FIELD,EXPECT_VALUE,ERR_MSG) VALUES ('TBLID_BCARTYPE','SAVE',2,'STRING','lock_user',NULL,NULL,'',NULL);
INSERT INTO SM_CHECK_DEF (TABLE_ID,CHECK_TYPE,CHECK_ORDER,CHECK_KIND,FIELD_NAME,REF_TABLE,REF_FIELD,EXPECT_VALUE,ERR_MSG) VALUES ('TBLID_BCARTYPE','SAVE',3,'NULLCHK','lock_time',NULL,NULL,NULL,NULL);
INSERT INTO SM_CHECK_DEF (TABLE_ID,CHECK_TYPE,CHECK_ORDER,CHECK_KIND,FIELD_NAME,REF_TABLE,REF_FIELD,EXPECT_VALUE,ERR_MSG) VALUES ('TBLID_BCARTYPE','RELEASE',1,'STAT_E',NULL,NULL,NULL,NULL,NULL);
INSERT INTO SM_CHECK_DEF (TABLE_ID,CHECK_TYPE,CHECK_ORDER,CHECK_KIND,FIELD_NAME,REF_TABLE,REF_FIELD,EXPECT_VALUE,ERR_MSG) VALUES ('TBLID_BCARTYPE','RELEASE',2,'STRING','lock_user',NULL,NULL,'',NULL);
INSERT INTO SM_CHECK_DEF (TABLE_ID,CHECK_TYPE,CHECK_ORDER,CHECK_KIND,FIELD_NAME,REF_TABLE,REF_FIELD,EXPECT_VALUE,ERR_MSG) VALUES ('TBLID_BCARTYPE','RELEASE',3,'NULLCHK','lock_time',NULL,NULL,NULL,NULL);
INSERT INTO SM_CHECK_DEF (TABLE_ID,CHECK_TYPE,CHECK_ORDER,CHECK_KIND,FIELD_NAME,REF_TABLE,REF_FIELD,EXPECT_VALUE,ERR_MSG) VALUES ('TBLID_BCARTYPE','RELEASE',4,'RELEASE_PARAM','car_type','D2',NULL,NULL,NULL);
INSERT INTO SM_CHECK_DEF (TABLE_ID,CHECK_TYPE,CHECK_ORDER,CHECK_KIND,FIELD_NAME,REF_TABLE,REF_FIELD,EXPECT_VALUE,ERR_MSG) VALUES ('TBLID_BCARTYPE','RELEASE',5,'RELEASE_WRITE','car_categori','D0',NULL,NULL,NULL);
INSERT INTO SM_CHECK_DEF (TABLE_ID,CHECK_TYPE,CHECK_ORDER,CHECK_KIND,FIELD_NAME,REF_TABLE,REF_FIELD,EXPECT_VALUE,ERR_MSG) VALUES ('TBLID_BCARTYPE','RELEASE',6,'RELEASE_WRITE','box_charge_num','D0',NULL,NULL,NULL);
INSERT INTO SM_CHECK_DEF (TABLE_ID,CHECK_TYPE,CHECK_ORDER,CHECK_KIND,FIELD_NAME,REF_TABLE,REF_FIELD,EXPECT_VALUE,ERR_MSG) VALUES ('TBLID_BCARTYPE','DELETE',1,'STAT_R',NULL,NULL,NULL,NULL,NULL);
INSERT INTO SM_CHECK_DEF (TABLE_ID,CHECK_TYPE,CHECK_ORDER,CHECK_KIND,FIELD_NAME,REF_TABLE,REF_FIELD,EXPECT_VALUE,ERR_MSG) VALUES ('TBLID_BCARTYPE','DELETE',2,'STRING','lock_user',NULL,NULL,'',NULL);
INSERT INTO SM_CHECK_DEF (TABLE_ID,CHECK_TYPE,CHECK_ORDER,CHECK_KIND,FIELD_NAME,REF_TABLE,REF_FIELD,EXPECT_VALUE,ERR_MSG) VALUES ('TBLID_BCARTYPE','DELETE',3,'NULLCHK','lock_time',NULL,NULL,NULL,NULL);
INSERT INTO SM_CHECK_DEF (TABLE_ID,CHECK_TYPE,CHECK_ORDER,CHECK_KIND,FIELD_NAME,REF_TABLE,REF_FIELD,EXPECT_VALUE,ERR_MSG) VALUES ('TBLID_BCARTYPE','EDITCOMP',1,'STAT_E',NULL,NULL,NULL,NULL,NULL);
INSERT INTO SM_CHECK_DEF (TABLE_ID,CHECK_TYPE,CHECK_ORDER,CHECK_KIND,FIELD_NAME,REF_TABLE,REF_FIELD,EXPECT_VALUE,ERR_MSG) VALUES ('TBLID_BCARTYPE','EDITCOMP',2,'COMP_N',NULL,NULL,NULL,NULL,'记录已编辑完成');

-- BCMPL_DEST_CAT
INSERT INTO SM_TABLE_DEF (TABLE_ID, TABLE_NAME, JP_TITLE, US_TITLE, RELEASE_FLAG, DISTRIBUTE_FLAG, PERMISSION_TYPE, SCHEMA_TYPE, HAS_DUMMY, SORT_NO)
VALUES ('TBLID_BCMPL_DEST_CAT', 'BCMPL_DEST_CAT', 'BCMPL_DEST_CAT', 'BCMPL_DEST_CAT', 'Y', 'N', 'C', 'L', 'N', 80);
INSERT INTO SM_FIELD_DEF (TABLE_ID,FIELD_NAME,JP_TITLE,US_TITLE,DB_TYPE,DB_LENGTH,IS_KEY,NOT_BLANK,IS_DUMMY,IS_SEARCH_ITEM,SORT_NO,TREE_LEVEL,SHEET_NO,PAGE_NO,PROPERTY_NO,IS_AUTO,IS_MANDATORY,SYSTEM_READONLY,FIELD_TYPE,FIELD_LENGTH,INPUT_ALPHABET,INPUT_MULTIBYTE,INPUT_NUMERIC,INPUT_SYMBOL,INPUT_UPPERCASE,RETRIEVAL_TABLE,FORMAT,DEFAULT_VALUE,MIN_VALUE,MAX_VALUE,CALENDAR_BUTTON,JUMP_BUTTON,OPEN_BUTTON,REF_TABLE_ID,REF_FIELD_NAME,SPECIAL_BUTTON) VALUES ('TBLID_BCMPL_DEST_CAT','DEST_TYPE','DEST_TYPE','DEST_TYPE','STRING',10,'N','Y','N','Y',-1,-1,0,0,0,'N','N','N','STRING',0,'Y',0,'Y','Y','Y','NONE',NULL,NULL,NULL,NULL,'N','N',0,NULL,NULL,0);
INSERT INTO SM_FIELD_DEF (TABLE_ID,FIELD_NAME,JP_TITLE,US_TITLE,DB_TYPE,DB_LENGTH,IS_KEY,NOT_BLANK,IS_DUMMY,IS_SEARCH_ITEM,SORT_NO,TREE_LEVEL,SHEET_NO,PAGE_NO,PROPERTY_NO,IS_AUTO,IS_MANDATORY,SYSTEM_READONLY,FIELD_TYPE,FIELD_LENGTH,INPUT_ALPHABET,INPUT_MULTIBYTE,INPUT_NUMERIC,INPUT_SYMBOL,INPUT_UPPERCASE,RETRIEVAL_TABLE,FORMAT,DEFAULT_VALUE,MIN_VALUE,MAX_VALUE,CALENDAR_BUTTON,JUMP_BUTTON,OPEN_BUTTON,REF_TABLE_ID,REF_FIELD_NAME,SPECIAL_BUTTON) VALUES ('TBLID_BCMPL_DEST_CAT','WAF_ACTION_CAT','WAF_ACTION_CAT','WAF_ACTION_CAT','STRING',1,'N','Y','N','Y',-1,-1,0,0,0,'N','N','N','STRING',0,'Y',0,'Y','Y','Y','NONE',NULL,NULL,NULL,NULL,'N','N',0,NULL,NULL,0);
INSERT INTO SM_CHECK_DEF (TABLE_ID,CHECK_TYPE,CHECK_ORDER,CHECK_KIND,FIELD_NAME,REF_TABLE,REF_FIELD,EXPECT_VALUE,ERR_MSG) VALUES ('TBLID_BCMPL_DEST_CAT','SAVE',1,'STAT_E',NULL,NULL,NULL,NULL,NULL);
INSERT INTO SM_CHECK_DEF (TABLE_ID,CHECK_TYPE,CHECK_ORDER,CHECK_KIND,FIELD_NAME,REF_TABLE,REF_FIELD,EXPECT_VALUE,ERR_MSG) VALUES ('TBLID_BCMPL_DEST_CAT','SAVE',2,'STRING','lock_user',NULL,NULL,'',NULL);
INSERT INTO SM_CHECK_DEF (TABLE_ID,CHECK_TYPE,CHECK_ORDER,CHECK_KIND,FIELD_NAME,REF_TABLE,REF_FIELD,EXPECT_VALUE,ERR_MSG) VALUES ('TBLID_BCMPL_DEST_CAT','SAVE',3,'NULLCHK','lock_time',NULL,NULL,NULL,NULL);
INSERT INTO SM_CHECK_DEF (TABLE_ID,CHECK_TYPE,CHECK_ORDER,CHECK_KIND,FIELD_NAME,REF_TABLE,REF_FIELD,EXPECT_VALUE,ERR_MSG) VALUES ('TBLID_BCMPL_DEST_CAT','RELEASE',1,'STAT_E',NULL,NULL,NULL,NULL,NULL);
INSERT INTO SM_CHECK_DEF (TABLE_ID,CHECK_TYPE,CHECK_ORDER,CHECK_KIND,FIELD_NAME,REF_TABLE,REF_FIELD,EXPECT_VALUE,ERR_MSG) VALUES ('TBLID_BCMPL_DEST_CAT','RELEASE',2,'STRING','lock_user',NULL,NULL,'',NULL);
INSERT INTO SM_CHECK_DEF (TABLE_ID,CHECK_TYPE,CHECK_ORDER,CHECK_KIND,FIELD_NAME,REF_TABLE,REF_FIELD,EXPECT_VALUE,ERR_MSG) VALUES ('TBLID_BCMPL_DEST_CAT','RELEASE',3,'NULLCHK','lock_time',NULL,NULL,NULL,NULL);
INSERT INTO SM_CHECK_DEF (TABLE_ID,CHECK_TYPE,CHECK_ORDER,CHECK_KIND,FIELD_NAME,REF_TABLE,REF_FIELD,EXPECT_VALUE,ERR_MSG) VALUES ('TBLID_BCMPL_DEST_CAT','RELEASE',4,'RELEASE_PARAM','dest_type','D10',NULL,NULL,NULL);
INSERT INTO SM_CHECK_DEF (TABLE_ID,CHECK_TYPE,CHECK_ORDER,CHECK_KIND,FIELD_NAME,REF_TABLE,REF_FIELD,EXPECT_VALUE,ERR_MSG) VALUES ('TBLID_BCMPL_DEST_CAT','RELEASE',5,'RELEASE_PARAM','waf_action_cat','D1',NULL,NULL,NULL);
INSERT INTO SM_CHECK_DEF (TABLE_ID,CHECK_TYPE,CHECK_ORDER,CHECK_KIND,FIELD_NAME,REF_TABLE,REF_FIELD,EXPECT_VALUE,ERR_MSG) VALUES ('TBLID_BCMPL_DEST_CAT','DELETE',1,'STAT_R',NULL,NULL,NULL,NULL,NULL);
INSERT INTO SM_CHECK_DEF (TABLE_ID,CHECK_TYPE,CHECK_ORDER,CHECK_KIND,FIELD_NAME,REF_TABLE,REF_FIELD,EXPECT_VALUE,ERR_MSG) VALUES ('TBLID_BCMPL_DEST_CAT','DELETE',2,'STRING','lock_user',NULL,NULL,'',NULL);
INSERT INTO SM_CHECK_DEF (TABLE_ID,CHECK_TYPE,CHECK_ORDER,CHECK_KIND,FIELD_NAME,REF_TABLE,REF_FIELD,EXPECT_VALUE,ERR_MSG) VALUES ('TBLID_BCMPL_DEST_CAT','DELETE',3,'NULLCHK','lock_time',NULL,NULL,NULL,NULL);
INSERT INTO SM_CHECK_DEF (TABLE_ID,CHECK_TYPE,CHECK_ORDER,CHECK_KIND,FIELD_NAME,REF_TABLE,REF_FIELD,EXPECT_VALUE,ERR_MSG) VALUES ('TBLID_BCMPL_DEST_CAT','EDITCOMP',1,'STAT_E',NULL,NULL,NULL,NULL,NULL);
INSERT INTO SM_CHECK_DEF (TABLE_ID,CHECK_TYPE,CHECK_ORDER,CHECK_KIND,FIELD_NAME,REF_TABLE,REF_FIELD,EXPECT_VALUE,ERR_MSG) VALUES ('TBLID_BCMPL_DEST_CAT','EDITCOMP',2,'COMP_N',NULL,NULL,NULL,NULL,'记录已编辑完成');

-- BCMPL_DEST_TYPE
INSERT INTO SM_TABLE_DEF (TABLE_ID, TABLE_NAME, JP_TITLE, US_TITLE, RELEASE_FLAG, DISTRIBUTE_FLAG, PERMISSION_TYPE, SCHEMA_TYPE, HAS_DUMMY, SORT_NO)
VALUES ('TBLID_BCMPL_DEST_TYPE', 'BCMPL_DEST_TYPE', 'BCMPL_DEST_TYPE', 'BCMPL_DEST_TYPE', 'Y', 'N', 'C', 'L', 'N', 90);
INSERT INTO SM_FIELD_DEF (TABLE_ID,FIELD_NAME,JP_TITLE,US_TITLE,DB_TYPE,DB_LENGTH,IS_KEY,NOT_BLANK,IS_DUMMY,IS_SEARCH_ITEM,SORT_NO,TREE_LEVEL,SHEET_NO,PAGE_NO,PROPERTY_NO,IS_AUTO,IS_MANDATORY,SYSTEM_READONLY,FIELD_TYPE,FIELD_LENGTH,INPUT_ALPHABET,INPUT_MULTIBYTE,INPUT_NUMERIC,INPUT_SYMBOL,INPUT_UPPERCASE,RETRIEVAL_TABLE,FORMAT,DEFAULT_VALUE,MIN_VALUE,MAX_VALUE,CALENDAR_BUTTON,JUMP_BUTTON,OPEN_BUTTON,REF_TABLE_ID,REF_FIELD_NAME,SPECIAL_BUTTON) VALUES ('TBLID_BCMPL_DEST_TYPE','DEST_TYPE','DEST_TYPE','DEST_TYPE','STRING',10,'N','Y','N','Y',-1,-1,0,0,0,'N','N','N','STRING',0,'Y',0,'Y','Y','Y','NONE',NULL,NULL,NULL,NULL,'N','N',0,NULL,NULL,0);
INSERT INTO SM_FIELD_DEF (TABLE_ID,FIELD_NAME,JP_TITLE,US_TITLE,DB_TYPE,DB_LENGTH,IS_KEY,NOT_BLANK,IS_DUMMY,IS_SEARCH_ITEM,SORT_NO,TREE_LEVEL,SHEET_NO,PAGE_NO,PROPERTY_NO,IS_AUTO,IS_MANDATORY,SYSTEM_READONLY,FIELD_TYPE,FIELD_LENGTH,INPUT_ALPHABET,INPUT_MULTIBYTE,INPUT_NUMERIC,INPUT_SYMBOL,INPUT_UPPERCASE,RETRIEVAL_TABLE,FORMAT,DEFAULT_VALUE,MIN_VALUE,MAX_VALUE,CALENDAR_BUTTON,JUMP_BUTTON,OPEN_BUTTON,REF_TABLE_ID,REF_FIELD_NAME,SPECIAL_BUTTON) VALUES ('TBLID_BCMPL_DEST_TYPE','DEST_TYPE_DESC','DEST_TYPE_DESC','DEST_TYPE_DESC','STRING',80,'N','N','N','Y',-1,-1,0,0,0,'N','N','N','STRING',0,'Y',0,'Y','Y','Y','NONE',NULL,NULL,NULL,NULL,'N','N',0,NULL,NULL,0);
INSERT INTO SM_FIELD_DEF (TABLE_ID,FIELD_NAME,JP_TITLE,US_TITLE,DB_TYPE,DB_LENGTH,IS_KEY,NOT_BLANK,IS_DUMMY,IS_SEARCH_ITEM,SORT_NO,TREE_LEVEL,SHEET_NO,PAGE_NO,PROPERTY_NO,IS_AUTO,IS_MANDATORY,SYSTEM_READONLY,FIELD_TYPE,FIELD_LENGTH,INPUT_ALPHABET,INPUT_MULTIBYTE,INPUT_NUMERIC,INPUT_SYMBOL,INPUT_UPPERCASE,RETRIEVAL_TABLE,FORMAT,DEFAULT_VALUE,MIN_VALUE,MAX_VALUE,CALENDAR_BUTTON,JUMP_BUTTON,OPEN_BUTTON,REF_TABLE_ID,REF_FIELD_NAME,SPECIAL_BUTTON) VALUES ('TBLID_BCMPL_DEST_TYPE','CARG_ID','CARG_ID','CARG_ID','STRING',10,'N','N','N','Y',-1,-1,0,0,0,'N','N','N','STRING',0,'Y',0,'Y','Y','Y','NONE',NULL,NULL,NULL,NULL,'N','N',0,NULL,NULL,0);
INSERT INTO SM_CHECK_DEF (TABLE_ID,CHECK_TYPE,CHECK_ORDER,CHECK_KIND,FIELD_NAME,REF_TABLE,REF_FIELD,EXPECT_VALUE,ERR_MSG) VALUES ('TBLID_BCMPL_DEST_TYPE','SAVE',1,'STAT_E',NULL,NULL,NULL,NULL,NULL);
INSERT INTO SM_CHECK_DEF (TABLE_ID,CHECK_TYPE,CHECK_ORDER,CHECK_KIND,FIELD_NAME,REF_TABLE,REF_FIELD,EXPECT_VALUE,ERR_MSG) VALUES ('TBLID_BCMPL_DEST_TYPE','SAVE',2,'STRING','lock_user',NULL,NULL,'',NULL);
INSERT INTO SM_CHECK_DEF (TABLE_ID,CHECK_TYPE,CHECK_ORDER,CHECK_KIND,FIELD_NAME,REF_TABLE,REF_FIELD,EXPECT_VALUE,ERR_MSG) VALUES ('TBLID_BCMPL_DEST_TYPE','SAVE',3,'NULLCHK','lock_time',NULL,NULL,NULL,NULL);
INSERT INTO SM_CHECK_DEF (TABLE_ID,CHECK_TYPE,CHECK_ORDER,CHECK_KIND,FIELD_NAME,REF_TABLE,REF_FIELD,EXPECT_VALUE,ERR_MSG) VALUES ('TBLID_BCMPL_DEST_TYPE','RELEASE',1,'STAT_E',NULL,NULL,NULL,NULL,NULL);
INSERT INTO SM_CHECK_DEF (TABLE_ID,CHECK_TYPE,CHECK_ORDER,CHECK_KIND,FIELD_NAME,REF_TABLE,REF_FIELD,EXPECT_VALUE,ERR_MSG) VALUES ('TBLID_BCMPL_DEST_TYPE','RELEASE',2,'STRING','lock_user',NULL,NULL,'',NULL);
INSERT INTO SM_CHECK_DEF (TABLE_ID,CHECK_TYPE,CHECK_ORDER,CHECK_KIND,FIELD_NAME,REF_TABLE,REF_FIELD,EXPECT_VALUE,ERR_MSG) VALUES ('TBLID_BCMPL_DEST_TYPE','RELEASE',3,'NULLCHK','lock_time',NULL,NULL,NULL,NULL);
INSERT INTO SM_CHECK_DEF (TABLE_ID,CHECK_TYPE,CHECK_ORDER,CHECK_KIND,FIELD_NAME,REF_TABLE,REF_FIELD,EXPECT_VALUE,ERR_MSG) VALUES ('TBLID_BCMPL_DEST_TYPE','RELEASE',4,'RELEASE_PARAM','dest_type','D10',NULL,NULL,NULL);
INSERT INTO SM_CHECK_DEF (TABLE_ID,CHECK_TYPE,CHECK_ORDER,CHECK_KIND,FIELD_NAME,REF_TABLE,REF_FIELD,EXPECT_VALUE,ERR_MSG) VALUES ('TBLID_BCMPL_DEST_TYPE','RELEASE',5,'RELEASE_WRITE','dest_type_desc','D0',NULL,NULL,NULL);
INSERT INTO SM_CHECK_DEF (TABLE_ID,CHECK_TYPE,CHECK_ORDER,CHECK_KIND,FIELD_NAME,REF_TABLE,REF_FIELD,EXPECT_VALUE,ERR_MSG) VALUES ('TBLID_BCMPL_DEST_TYPE','RELEASE',6,'RELEASE_WRITE','carg_id','D0',NULL,NULL,NULL);
INSERT INTO SM_CHECK_DEF (TABLE_ID,CHECK_TYPE,CHECK_ORDER,CHECK_KIND,FIELD_NAME,REF_TABLE,REF_FIELD,EXPECT_VALUE,ERR_MSG) VALUES ('TBLID_BCMPL_DEST_TYPE','DELETE',1,'STAT_R',NULL,NULL,NULL,NULL,NULL);
INSERT INTO SM_CHECK_DEF (TABLE_ID,CHECK_TYPE,CHECK_ORDER,CHECK_KIND,FIELD_NAME,REF_TABLE,REF_FIELD,EXPECT_VALUE,ERR_MSG) VALUES ('TBLID_BCMPL_DEST_TYPE','DELETE',2,'STRING','lock_user',NULL,NULL,'',NULL);
INSERT INTO SM_CHECK_DEF (TABLE_ID,CHECK_TYPE,CHECK_ORDER,CHECK_KIND,FIELD_NAME,REF_TABLE,REF_FIELD,EXPECT_VALUE,ERR_MSG) VALUES ('TBLID_BCMPL_DEST_TYPE','DELETE',3,'NULLCHK','lock_time',NULL,NULL,NULL,NULL);
INSERT INTO SM_CHECK_DEF (TABLE_ID,CHECK_TYPE,CHECK_ORDER,CHECK_KIND,FIELD_NAME,REF_TABLE,REF_FIELD,EXPECT_VALUE,ERR_MSG) VALUES ('TBLID_BCMPL_DEST_TYPE','EDITCOMP',1,'STAT_E',NULL,NULL,NULL,NULL,NULL);
INSERT INTO SM_CHECK_DEF (TABLE_ID,CHECK_TYPE,CHECK_ORDER,CHECK_KIND,FIELD_NAME,REF_TABLE,REF_FIELD,EXPECT_VALUE,ERR_MSG) VALUES ('TBLID_BCMPL_DEST_TYPE','EDITCOMP',2,'COMP_N',NULL,NULL,NULL,NULL,'记录已编辑完成');

-- BCMPL_MODE
INSERT INTO SM_TABLE_DEF (TABLE_ID, TABLE_NAME, JP_TITLE, US_TITLE, RELEASE_FLAG, DISTRIBUTE_FLAG, PERMISSION_TYPE, SCHEMA_TYPE, HAS_DUMMY, SORT_NO)
VALUES ('TBLID_BCMPL_MODE', 'BCMPL_MODE', 'BCMPL_MODE', 'BCMPL_MODE', 'Y', 'N', 'C', 'L', 'N', 100);
INSERT INTO SM_FIELD_DEF (TABLE_ID,FIELD_NAME,JP_TITLE,US_TITLE,DB_TYPE,DB_LENGTH,IS_KEY,NOT_BLANK,IS_DUMMY,IS_SEARCH_ITEM,SORT_NO,TREE_LEVEL,SHEET_NO,PAGE_NO,PROPERTY_NO,IS_AUTO,IS_MANDATORY,SYSTEM_READONLY,FIELD_TYPE,FIELD_LENGTH,INPUT_ALPHABET,INPUT_MULTIBYTE,INPUT_NUMERIC,INPUT_SYMBOL,INPUT_UPPERCASE,RETRIEVAL_TABLE,FORMAT,DEFAULT_VALUE,MIN_VALUE,MAX_VALUE,CALENDAR_BUTTON,JUMP_BUTTON,OPEN_BUTTON,REF_TABLE_ID,REF_FIELD_NAME,SPECIAL_BUTTON) VALUES ('TBLID_BCMPL_MODE','CMPL_MODE','CMPL_MODE','CMPL_MODE','STRING',2,'N','Y','N','Y',-1,-1,0,0,0,'N','N','N','STRING',0,'Y',0,'Y','Y','Y','NONE',NULL,NULL,NULL,NULL,'N','N',0,NULL,NULL,0);
INSERT INTO SM_FIELD_DEF (TABLE_ID,FIELD_NAME,JP_TITLE,US_TITLE,DB_TYPE,DB_LENGTH,IS_KEY,NOT_BLANK,IS_DUMMY,IS_SEARCH_ITEM,SORT_NO,TREE_LEVEL,SHEET_NO,PAGE_NO,PROPERTY_NO,IS_AUTO,IS_MANDATORY,SYSTEM_READONLY,FIELD_TYPE,FIELD_LENGTH,INPUT_ALPHABET,INPUT_MULTIBYTE,INPUT_NUMERIC,INPUT_SYMBOL,INPUT_UPPERCASE,RETRIEVAL_TABLE,FORMAT,DEFAULT_VALUE,MIN_VALUE,MAX_VALUE,CALENDAR_BUTTON,JUMP_BUTTON,OPEN_BUTTON,REF_TABLE_ID,REF_FIELD_NAME,SPECIAL_BUTTON) VALUES ('TBLID_BCMPL_MODE','CMPL_MODE_DESC','CMPL_MODE_DESC','CMPL_MODE_DESC','STRING',80,'N','N','N','Y',-1,-1,0,0,0,'N','N','N','STRING',0,'Y',0,'Y','Y','Y','NONE',NULL,NULL,NULL,NULL,'N','N',0,NULL,NULL,0);
INSERT INTO SM_CHECK_DEF (TABLE_ID,CHECK_TYPE,CHECK_ORDER,CHECK_KIND,FIELD_NAME,REF_TABLE,REF_FIELD,EXPECT_VALUE,ERR_MSG) VALUES ('TBLID_BCMPL_MODE','SAVE',1,'STAT_E',NULL,NULL,NULL,NULL,NULL);
INSERT INTO SM_CHECK_DEF (TABLE_ID,CHECK_TYPE,CHECK_ORDER,CHECK_KIND,FIELD_NAME,REF_TABLE,REF_FIELD,EXPECT_VALUE,ERR_MSG) VALUES ('TBLID_BCMPL_MODE','SAVE',2,'STRING','lock_user',NULL,NULL,'',NULL);
INSERT INTO SM_CHECK_DEF (TABLE_ID,CHECK_TYPE,CHECK_ORDER,CHECK_KIND,FIELD_NAME,REF_TABLE,REF_FIELD,EXPECT_VALUE,ERR_MSG) VALUES ('TBLID_BCMPL_MODE','SAVE',3,'NULLCHK','lock_time',NULL,NULL,NULL,NULL);
INSERT INTO SM_CHECK_DEF (TABLE_ID,CHECK_TYPE,CHECK_ORDER,CHECK_KIND,FIELD_NAME,REF_TABLE,REF_FIELD,EXPECT_VALUE,ERR_MSG) VALUES ('TBLID_BCMPL_MODE','RELEASE',1,'STAT_E',NULL,NULL,NULL,NULL,NULL);
INSERT INTO SM_CHECK_DEF (TABLE_ID,CHECK_TYPE,CHECK_ORDER,CHECK_KIND,FIELD_NAME,REF_TABLE,REF_FIELD,EXPECT_VALUE,ERR_MSG) VALUES ('TBLID_BCMPL_MODE','RELEASE',2,'STRING','lock_user',NULL,NULL,'',NULL);
INSERT INTO SM_CHECK_DEF (TABLE_ID,CHECK_TYPE,CHECK_ORDER,CHECK_KIND,FIELD_NAME,REF_TABLE,REF_FIELD,EXPECT_VALUE,ERR_MSG) VALUES ('TBLID_BCMPL_MODE','RELEASE',3,'NULLCHK','lock_time',NULL,NULL,NULL,NULL);
INSERT INTO SM_CHECK_DEF (TABLE_ID,CHECK_TYPE,CHECK_ORDER,CHECK_KIND,FIELD_NAME,REF_TABLE,REF_FIELD,EXPECT_VALUE,ERR_MSG) VALUES ('TBLID_BCMPL_MODE','RELEASE',4,'RELEASE_PARAM','cmpl_mode','D2',NULL,NULL,NULL);
INSERT INTO SM_CHECK_DEF (TABLE_ID,CHECK_TYPE,CHECK_ORDER,CHECK_KIND,FIELD_NAME,REF_TABLE,REF_FIELD,EXPECT_VALUE,ERR_MSG) VALUES ('TBLID_BCMPL_MODE','RELEASE',5,'RELEASE_WRITE','cmpl_mode_desc','D0',NULL,NULL,NULL);
INSERT INTO SM_CHECK_DEF (TABLE_ID,CHECK_TYPE,CHECK_ORDER,CHECK_KIND,FIELD_NAME,REF_TABLE,REF_FIELD,EXPECT_VALUE,ERR_MSG) VALUES ('TBLID_BCMPL_MODE','DELETE',1,'STAT_R',NULL,NULL,NULL,NULL,NULL);
INSERT INTO SM_CHECK_DEF (TABLE_ID,CHECK_TYPE,CHECK_ORDER,CHECK_KIND,FIELD_NAME,REF_TABLE,REF_FIELD,EXPECT_VALUE,ERR_MSG) VALUES ('TBLID_BCMPL_MODE','DELETE',2,'STRING','lock_user',NULL,NULL,'',NULL);
INSERT INTO SM_CHECK_DEF (TABLE_ID,CHECK_TYPE,CHECK_ORDER,CHECK_KIND,FIELD_NAME,REF_TABLE,REF_FIELD,EXPECT_VALUE,ERR_MSG) VALUES ('TBLID_BCMPL_MODE','DELETE',3,'NULLCHK','lock_time',NULL,NULL,NULL,NULL);
INSERT INTO SM_CHECK_DEF (TABLE_ID,CHECK_TYPE,CHECK_ORDER,CHECK_KIND,FIELD_NAME,REF_TABLE,REF_FIELD,EXPECT_VALUE,ERR_MSG) VALUES ('TBLID_BCMPL_MODE','EDITCOMP',1,'STAT_E',NULL,NULL,NULL,NULL,NULL);
INSERT INTO SM_CHECK_DEF (TABLE_ID,CHECK_TYPE,CHECK_ORDER,CHECK_KIND,FIELD_NAME,REF_TABLE,REF_FIELD,EXPECT_VALUE,ERR_MSG) VALUES ('TBLID_BCMPL_MODE','EDITCOMP',2,'COMP_N',NULL,NULL,NULL,NULL,'记录已编辑完成');

-- BCODE
INSERT INTO SM_TABLE_DEF (TABLE_ID, TABLE_NAME, JP_TITLE, US_TITLE, RELEASE_FLAG, DISTRIBUTE_FLAG, PERMISSION_TYPE, SCHEMA_TYPE, HAS_DUMMY, SORT_NO)
VALUES ('TBLID_BCODE', 'BCODE', 'BCODE', 'BCODE', 'Y', 'N', 'C', 'L', 'N', 110);
INSERT INTO SM_FIELD_DEF (TABLE_ID,FIELD_NAME,JP_TITLE,US_TITLE,DB_TYPE,DB_LENGTH,IS_KEY,NOT_BLANK,IS_DUMMY,IS_SEARCH_ITEM,SORT_NO,TREE_LEVEL,SHEET_NO,PAGE_NO,PROPERTY_NO,IS_AUTO,IS_MANDATORY,SYSTEM_READONLY,FIELD_TYPE,FIELD_LENGTH,INPUT_ALPHABET,INPUT_MULTIBYTE,INPUT_NUMERIC,INPUT_SYMBOL,INPUT_UPPERCASE,RETRIEVAL_TABLE,FORMAT,DEFAULT_VALUE,MIN_VALUE,MAX_VALUE,CALENDAR_BUTTON,JUMP_BUTTON,OPEN_BUTTON,REF_TABLE_ID,REF_FIELD_NAME,SPECIAL_BUTTON) VALUES ('TBLID_BCODE','CODE_CAT','CODE_CAT','CODE_CAT','STRING',20,'N','Y','N','Y',-1,-1,0,0,0,'N','N','N','STRING',0,'Y',0,'Y','Y','Y','NONE',NULL,NULL,NULL,NULL,'N','N',0,NULL,NULL,0);
INSERT INTO SM_FIELD_DEF (TABLE_ID,FIELD_NAME,JP_TITLE,US_TITLE,DB_TYPE,DB_LENGTH,IS_KEY,NOT_BLANK,IS_DUMMY,IS_SEARCH_ITEM,SORT_NO,TREE_LEVEL,SHEET_NO,PAGE_NO,PROPERTY_NO,IS_AUTO,IS_MANDATORY,SYSTEM_READONLY,FIELD_TYPE,FIELD_LENGTH,INPUT_ALPHABET,INPUT_MULTIBYTE,INPUT_NUMERIC,INPUT_SYMBOL,INPUT_UPPERCASE,RETRIEVAL_TABLE,FORMAT,DEFAULT_VALUE,MIN_VALUE,MAX_VALUE,CALENDAR_BUTTON,JUMP_BUTTON,OPEN_BUTTON,REF_TABLE_ID,REF_FIELD_NAME,SPECIAL_BUTTON) VALUES ('TBLID_BCODE','CODE_ID','CODE_ID','CODE_ID','STRING',10,'N','Y','N','Y',-1,-1,0,0,0,'N','N','N','STRING',0,'Y',0,'Y','Y','Y','NONE',NULL,NULL,NULL,NULL,'N','N',0,NULL,NULL,0);
INSERT INTO SM_FIELD_DEF (TABLE_ID,FIELD_NAME,JP_TITLE,US_TITLE,DB_TYPE,DB_LENGTH,IS_KEY,NOT_BLANK,IS_DUMMY,IS_SEARCH_ITEM,SORT_NO,TREE_LEVEL,SHEET_NO,PAGE_NO,PROPERTY_NO,IS_AUTO,IS_MANDATORY,SYSTEM_READONLY,FIELD_TYPE,FIELD_LENGTH,INPUT_ALPHABET,INPUT_MULTIBYTE,INPUT_NUMERIC,INPUT_SYMBOL,INPUT_UPPERCASE,RETRIEVAL_TABLE,FORMAT,DEFAULT_VALUE,MIN_VALUE,MAX_VALUE,CALENDAR_BUTTON,JUMP_BUTTON,OPEN_BUTTON,REF_TABLE_ID,REF_FIELD_NAME,SPECIAL_BUTTON) VALUES ('TBLID_BCODE','CODE_NAME','CODE_NAME','CODE_NAME','STRING',40,'N','Y','N','Y',-1,-1,0,0,0,'N','N','N','STRING',0,'Y',0,'Y','Y','Y','NONE',NULL,NULL,NULL,NULL,'N','N',0,NULL,NULL,0);
INSERT INTO SM_FIELD_DEF (TABLE_ID,FIELD_NAME,JP_TITLE,US_TITLE,DB_TYPE,DB_LENGTH,IS_KEY,NOT_BLANK,IS_DUMMY,IS_SEARCH_ITEM,SORT_NO,TREE_LEVEL,SHEET_NO,PAGE_NO,PROPERTY_NO,IS_AUTO,IS_MANDATORY,SYSTEM_READONLY,FIELD_TYPE,FIELD_LENGTH,INPUT_ALPHABET,INPUT_MULTIBYTE,INPUT_NUMERIC,INPUT_SYMBOL,INPUT_UPPERCASE,RETRIEVAL_TABLE,FORMAT,DEFAULT_VALUE,MIN_VALUE,MAX_VALUE,CALENDAR_BUTTON,JUMP_BUTTON,OPEN_BUTTON,REF_TABLE_ID,REF_FIELD_NAME,SPECIAL_BUTTON) VALUES ('TBLID_BCODE','CODE_DESC','CODE_DESC','CODE_DESC','STRING',80,'N','Y','N','Y',-1,-1,0,0,0,'N','N','N','STRING',0,'Y',0,'Y','Y','Y','NONE',NULL,NULL,NULL,NULL,'N','N',0,NULL,NULL,0);
INSERT INTO SM_CHECK_DEF (TABLE_ID,CHECK_TYPE,CHECK_ORDER,CHECK_KIND,FIELD_NAME,REF_TABLE,REF_FIELD,EXPECT_VALUE,ERR_MSG) VALUES ('TBLID_BCODE','SAVE',1,'STAT_E',NULL,NULL,NULL,NULL,NULL);
INSERT INTO SM_CHECK_DEF (TABLE_ID,CHECK_TYPE,CHECK_ORDER,CHECK_KIND,FIELD_NAME,REF_TABLE,REF_FIELD,EXPECT_VALUE,ERR_MSG) VALUES ('TBLID_BCODE','SAVE',2,'STRING','lock_user',NULL,NULL,'',NULL);
INSERT INTO SM_CHECK_DEF (TABLE_ID,CHECK_TYPE,CHECK_ORDER,CHECK_KIND,FIELD_NAME,REF_TABLE,REF_FIELD,EXPECT_VALUE,ERR_MSG) VALUES ('TBLID_BCODE','SAVE',3,'NULLCHK','lock_time',NULL,NULL,NULL,NULL);
INSERT INTO SM_CHECK_DEF (TABLE_ID,CHECK_TYPE,CHECK_ORDER,CHECK_KIND,FIELD_NAME,REF_TABLE,REF_FIELD,EXPECT_VALUE,ERR_MSG) VALUES ('TBLID_BCODE','RELEASE',1,'STAT_E',NULL,NULL,NULL,NULL,NULL);
INSERT INTO SM_CHECK_DEF (TABLE_ID,CHECK_TYPE,CHECK_ORDER,CHECK_KIND,FIELD_NAME,REF_TABLE,REF_FIELD,EXPECT_VALUE,ERR_MSG) VALUES ('TBLID_BCODE','RELEASE',2,'STRING','lock_user',NULL,NULL,'',NULL);
INSERT INTO SM_CHECK_DEF (TABLE_ID,CHECK_TYPE,CHECK_ORDER,CHECK_KIND,FIELD_NAME,REF_TABLE,REF_FIELD,EXPECT_VALUE,ERR_MSG) VALUES ('TBLID_BCODE','RELEASE',3,'NULLCHK','lock_time',NULL,NULL,NULL,NULL);
INSERT INTO SM_CHECK_DEF (TABLE_ID,CHECK_TYPE,CHECK_ORDER,CHECK_KIND,FIELD_NAME,REF_TABLE,REF_FIELD,EXPECT_VALUE,ERR_MSG) VALUES ('TBLID_BCODE','RELEASE',4,'RELEASE_PARAM','code_cat','D20',NULL,NULL,NULL);
INSERT INTO SM_CHECK_DEF (TABLE_ID,CHECK_TYPE,CHECK_ORDER,CHECK_KIND,FIELD_NAME,REF_TABLE,REF_FIELD,EXPECT_VALUE,ERR_MSG) VALUES ('TBLID_BCODE','RELEASE',5,'RELEASE_PARAM','code_id','D10',NULL,NULL,NULL);
INSERT INTO SM_CHECK_DEF (TABLE_ID,CHECK_TYPE,CHECK_ORDER,CHECK_KIND,FIELD_NAME,REF_TABLE,REF_FIELD,EXPECT_VALUE,ERR_MSG) VALUES ('TBLID_BCODE','RELEASE',6,'RELEASE_WRITE','code_name','D0',NULL,NULL,NULL);
INSERT INTO SM_CHECK_DEF (TABLE_ID,CHECK_TYPE,CHECK_ORDER,CHECK_KIND,FIELD_NAME,REF_TABLE,REF_FIELD,EXPECT_VALUE,ERR_MSG) VALUES ('TBLID_BCODE','RELEASE',7,'RELEASE_WRITE','code_desc','D0',NULL,NULL,NULL);
INSERT INTO SM_CHECK_DEF (TABLE_ID,CHECK_TYPE,CHECK_ORDER,CHECK_KIND,FIELD_NAME,REF_TABLE,REF_FIELD,EXPECT_VALUE,ERR_MSG) VALUES ('TBLID_BCODE','DELETE',1,'STAT_R',NULL,NULL,NULL,NULL,NULL);
INSERT INTO SM_CHECK_DEF (TABLE_ID,CHECK_TYPE,CHECK_ORDER,CHECK_KIND,FIELD_NAME,REF_TABLE,REF_FIELD,EXPECT_VALUE,ERR_MSG) VALUES ('TBLID_BCODE','DELETE',2,'STRING','lock_user',NULL,NULL,'',NULL);
INSERT INTO SM_CHECK_DEF (TABLE_ID,CHECK_TYPE,CHECK_ORDER,CHECK_KIND,FIELD_NAME,REF_TABLE,REF_FIELD,EXPECT_VALUE,ERR_MSG) VALUES ('TBLID_BCODE','DELETE',3,'NULLCHK','lock_time',NULL,NULL,NULL,NULL);
INSERT INTO SM_CHECK_DEF (TABLE_ID,CHECK_TYPE,CHECK_ORDER,CHECK_KIND,FIELD_NAME,REF_TABLE,REF_FIELD,EXPECT_VALUE,ERR_MSG) VALUES ('TBLID_BCODE','EDITCOMP',1,'STAT_E',NULL,NULL,NULL,NULL,NULL);
INSERT INTO SM_CHECK_DEF (TABLE_ID,CHECK_TYPE,CHECK_ORDER,CHECK_KIND,FIELD_NAME,REF_TABLE,REF_FIELD,EXPECT_VALUE,ERR_MSG) VALUES ('TBLID_BCODE','EDITCOMP',2,'COMP_N',NULL,NULL,NULL,NULL,'记录已编辑完成');

-- BCOM_BATCH
INSERT INTO SM_TABLE_DEF (TABLE_ID, TABLE_NAME, JP_TITLE, US_TITLE, RELEASE_FLAG, DISTRIBUTE_FLAG, PERMISSION_TYPE, SCHEMA_TYPE, HAS_DUMMY, SORT_NO)
VALUES ('TBLID_BCOM_BATCH', 'BCOM_BATCH', 'BCOM_BATCH', 'BCOM_BATCH', 'Y', 'N', 'C', 'L', 'Y', 120);
INSERT INTO SM_FIELD_DEF (TABLE_ID,FIELD_NAME,JP_TITLE,US_TITLE,DB_TYPE,DB_LENGTH,IS_KEY,NOT_BLANK,IS_DUMMY,IS_SEARCH_ITEM,SORT_NO,TREE_LEVEL,SHEET_NO,PAGE_NO,PROPERTY_NO,IS_AUTO,IS_MANDATORY,SYSTEM_READONLY,FIELD_TYPE,FIELD_LENGTH,INPUT_ALPHABET,INPUT_MULTIBYTE,INPUT_NUMERIC,INPUT_SYMBOL,INPUT_UPPERCASE,RETRIEVAL_TABLE,FORMAT,DEFAULT_VALUE,MIN_VALUE,MAX_VALUE,CALENDAR_BUTTON,JUMP_BUTTON,OPEN_BUTTON,REF_TABLE_ID,REF_FIELD_NAME,SPECIAL_BUTTON) VALUES ('TBLID_BCOM_BATCH','PROD_ID','PROD_ID','PROD_ID','STRING',20,'N','Y','N','Y',-1,-1,0,0,0,'N','N','N','STRING',0,'Y',0,'Y','Y','Y','NONE',NULL,NULL,NULL,NULL,'N','N',0,NULL,NULL,0);
INSERT INTO SM_FIELD_DEF (TABLE_ID,FIELD_NAME,JP_TITLE,US_TITLE,DB_TYPE,DB_LENGTH,IS_KEY,NOT_BLANK,IS_DUMMY,IS_SEARCH_ITEM,SORT_NO,TREE_LEVEL,SHEET_NO,PAGE_NO,PROPERTY_NO,IS_AUTO,IS_MANDATORY,SYSTEM_READONLY,FIELD_TYPE,FIELD_LENGTH,INPUT_ALPHABET,INPUT_MULTIBYTE,INPUT_NUMERIC,INPUT_SYMBOL,INPUT_UPPERCASE,RETRIEVAL_TABLE,FORMAT,DEFAULT_VALUE,MIN_VALUE,MAX_VALUE,CALENDAR_BUTTON,JUMP_BUTTON,OPEN_BUTTON,REF_TABLE_ID,REF_FIELD_NAME,SPECIAL_BUTTON) VALUES ('TBLID_BCOM_BATCH','BAT_CAT','BAT_CAT','BAT_CAT','STRING',2,'N','Y','N','Y',-1,-1,0,0,0,'N','N','N','STRING',0,'Y',0,'Y','Y','Y','NONE',NULL,NULL,NULL,NULL,'N','N',0,NULL,NULL,0);
INSERT INTO SM_FIELD_DEF (TABLE_ID,FIELD_NAME,JP_TITLE,US_TITLE,DB_TYPE,DB_LENGTH,IS_KEY,NOT_BLANK,IS_DUMMY,IS_SEARCH_ITEM,SORT_NO,TREE_LEVEL,SHEET_NO,PAGE_NO,PROPERTY_NO,IS_AUTO,IS_MANDATORY,SYSTEM_READONLY,FIELD_TYPE,FIELD_LENGTH,INPUT_ALPHABET,INPUT_MULTIBYTE,INPUT_NUMERIC,INPUT_SYMBOL,INPUT_UPPERCASE,RETRIEVAL_TABLE,FORMAT,DEFAULT_VALUE,MIN_VALUE,MAX_VALUE,CALENDAR_BUTTON,JUMP_BUTTON,OPEN_BUTTON,REF_TABLE_ID,REF_FIELD_NAME,SPECIAL_BUTTON) VALUES ('TBLID_BCOM_BATCH','BAT_LOT_CNT','BAT_LOT_CNT','BAT_LOT_CNT','STRING',0,'N','Y','N','Y',-1,-1,0,0,0,'N','N','N','STRING',0,'Y',0,'Y','Y','Y','NONE',NULL,NULL,NULL,NULL,'N','N',0,NULL,NULL,0);
INSERT INTO SM_FIELD_DEF (TABLE_ID,FIELD_NAME,JP_TITLE,US_TITLE,DB_TYPE,DB_LENGTH,IS_KEY,NOT_BLANK,IS_DUMMY,IS_SEARCH_ITEM,SORT_NO,TREE_LEVEL,SHEET_NO,PAGE_NO,PROPERTY_NO,IS_AUTO,IS_MANDATORY,SYSTEM_READONLY,FIELD_TYPE,FIELD_LENGTH,INPUT_ALPHABET,INPUT_MULTIBYTE,INPUT_NUMERIC,INPUT_SYMBOL,INPUT_UPPERCASE,RETRIEVAL_TABLE,FORMAT,DEFAULT_VALUE,MIN_VALUE,MAX_VALUE,CALENDAR_BUTTON,JUMP_BUTTON,OPEN_BUTTON,REF_TABLE_ID,REF_FIELD_NAME,SPECIAL_BUTTON) VALUES ('TBLID_BCOM_BATCH','MON_PROD_ID','MON_PROD_ID','MON_PROD_ID','STRING',20,'N','Y','N','Y',-1,-1,0,0,0,'N','N','N','STRING',0,'Y',0,'Y','Y','Y','NONE',NULL,NULL,NULL,NULL,'N','N',0,NULL,NULL,0);
INSERT INTO SM_FIELD_DEF (TABLE_ID,FIELD_NAME,JP_TITLE,US_TITLE,DB_TYPE,DB_LENGTH,IS_KEY,NOT_BLANK,IS_DUMMY,IS_SEARCH_ITEM,SORT_NO,TREE_LEVEL,SHEET_NO,PAGE_NO,PROPERTY_NO,IS_AUTO,IS_MANDATORY,SYSTEM_READONLY,FIELD_TYPE,FIELD_LENGTH,INPUT_ALPHABET,INPUT_MULTIBYTE,INPUT_NUMERIC,INPUT_SYMBOL,INPUT_UPPERCASE,RETRIEVAL_TABLE,FORMAT,DEFAULT_VALUE,MIN_VALUE,MAX_VALUE,CALENDAR_BUTTON,JUMP_BUTTON,OPEN_BUTTON,REF_TABLE_ID,REF_FIELD_NAME,SPECIAL_BUTTON) VALUES ('TBLID_BCOM_BATCH','MON_NUM','MON_NUM','MON_NUM','STRING',0,'N','Y','N','Y',-1,-1,0,0,0,'N','N','N','STRING',0,'Y',0,'Y','Y','Y','NONE',NULL,NULL,NULL,NULL,'N','N',0,NULL,NULL,0);
INSERT INTO SM_CHECK_DEF (TABLE_ID,CHECK_TYPE,CHECK_ORDER,CHECK_KIND,FIELD_NAME,REF_TABLE,REF_FIELD,EXPECT_VALUE,ERR_MSG) VALUES ('TBLID_BCOM_BATCH','SAVE',1,'STAT_E',NULL,NULL,NULL,NULL,NULL);
INSERT INTO SM_CHECK_DEF (TABLE_ID,CHECK_TYPE,CHECK_ORDER,CHECK_KIND,FIELD_NAME,REF_TABLE,REF_FIELD,EXPECT_VALUE,ERR_MSG) VALUES ('TBLID_BCOM_BATCH','SAVE',2,'STRING','lock_user',NULL,NULL,'',NULL);
INSERT INTO SM_CHECK_DEF (TABLE_ID,CHECK_TYPE,CHECK_ORDER,CHECK_KIND,FIELD_NAME,REF_TABLE,REF_FIELD,EXPECT_VALUE,ERR_MSG) VALUES ('TBLID_BCOM_BATCH','SAVE',3,'NULLCHK','lock_time',NULL,NULL,NULL,NULL);
INSERT INTO SM_CHECK_DEF (TABLE_ID,CHECK_TYPE,CHECK_ORDER,CHECK_KIND,FIELD_NAME,REF_TABLE,REF_FIELD,EXPECT_VALUE,ERR_MSG) VALUES ('TBLID_BCOM_BATCH','RELEASE',1,'STAT_E',NULL,NULL,NULL,NULL,NULL);
INSERT INTO SM_CHECK_DEF (TABLE_ID,CHECK_TYPE,CHECK_ORDER,CHECK_KIND,FIELD_NAME,REF_TABLE,REF_FIELD,EXPECT_VALUE,ERR_MSG) VALUES ('TBLID_BCOM_BATCH','RELEASE',2,'STRING','lock_user',NULL,NULL,'',NULL);
INSERT INTO SM_CHECK_DEF (TABLE_ID,CHECK_TYPE,CHECK_ORDER,CHECK_KIND,FIELD_NAME,REF_TABLE,REF_FIELD,EXPECT_VALUE,ERR_MSG) VALUES ('TBLID_BCOM_BATCH','RELEASE',3,'NULLCHK','lock_time',NULL,NULL,NULL,NULL);
INSERT INTO SM_CHECK_DEF (TABLE_ID,CHECK_TYPE,CHECK_ORDER,CHECK_KIND,FIELD_NAME,REF_TABLE,REF_FIELD,EXPECT_VALUE,ERR_MSG) VALUES ('TBLID_BCOM_BATCH','RELEASE',4,'RELEASE_PARAM','prod_id','D20',NULL,NULL,NULL);
INSERT INTO SM_CHECK_DEF (TABLE_ID,CHECK_TYPE,CHECK_ORDER,CHECK_KIND,FIELD_NAME,REF_TABLE,REF_FIELD,EXPECT_VALUE,ERR_MSG) VALUES ('TBLID_BCOM_BATCH','RELEASE',5,'RELEASE_PARAM','bat_cat','D2',NULL,NULL,NULL);
INSERT INTO SM_CHECK_DEF (TABLE_ID,CHECK_TYPE,CHECK_ORDER,CHECK_KIND,FIELD_NAME,REF_TABLE,REF_FIELD,EXPECT_VALUE,ERR_MSG) VALUES ('TBLID_BCOM_BATCH','RELEASE',6,'RELEASE_WRITE','bat_lot_cnt','D0',NULL,NULL,NULL);
INSERT INTO SM_CHECK_DEF (TABLE_ID,CHECK_TYPE,CHECK_ORDER,CHECK_KIND,FIELD_NAME,REF_TABLE,REF_FIELD,EXPECT_VALUE,ERR_MSG) VALUES ('TBLID_BCOM_BATCH','RELEASE',7,'RELEASE_WRITE','mon_prod_id','D0',NULL,NULL,NULL);
INSERT INTO SM_CHECK_DEF (TABLE_ID,CHECK_TYPE,CHECK_ORDER,CHECK_KIND,FIELD_NAME,REF_TABLE,REF_FIELD,EXPECT_VALUE,ERR_MSG) VALUES ('TBLID_BCOM_BATCH','RELEASE',8,'RELEASE_WRITE','mon_num','D0',NULL,NULL,NULL);
INSERT INTO SM_CHECK_DEF (TABLE_ID,CHECK_TYPE,CHECK_ORDER,CHECK_KIND,FIELD_NAME,REF_TABLE,REF_FIELD,EXPECT_VALUE,ERR_MSG) VALUES ('TBLID_BCOM_BATCH','DELETE',1,'STAT_R',NULL,NULL,NULL,NULL,NULL);
INSERT INTO SM_CHECK_DEF (TABLE_ID,CHECK_TYPE,CHECK_ORDER,CHECK_KIND,FIELD_NAME,REF_TABLE,REF_FIELD,EXPECT_VALUE,ERR_MSG) VALUES ('TBLID_BCOM_BATCH','DELETE',2,'STRING','lock_user',NULL,NULL,'',NULL);
INSERT INTO SM_CHECK_DEF (TABLE_ID,CHECK_TYPE,CHECK_ORDER,CHECK_KIND,FIELD_NAME,REF_TABLE,REF_FIELD,EXPECT_VALUE,ERR_MSG) VALUES ('TBLID_BCOM_BATCH','DELETE',3,'NULLCHK','lock_time',NULL,NULL,NULL,NULL);
INSERT INTO SM_CHECK_DEF (TABLE_ID,CHECK_TYPE,CHECK_ORDER,CHECK_KIND,FIELD_NAME,REF_TABLE,REF_FIELD,EXPECT_VALUE,ERR_MSG) VALUES ('TBLID_BCOM_BATCH','EDITCOMP',1,'STAT_E',NULL,NULL,NULL,NULL,NULL);
INSERT INTO SM_CHECK_DEF (TABLE_ID,CHECK_TYPE,CHECK_ORDER,CHECK_KIND,FIELD_NAME,REF_TABLE,REF_FIELD,EXPECT_VALUE,ERR_MSG) VALUES ('TBLID_BCOM_BATCH','EDITCOMP',2,'COMP_N',NULL,NULL,NULL,NULL,'记录已编辑完成');

-- BCOM_MON_BATCH
INSERT INTO SM_TABLE_DEF (TABLE_ID, TABLE_NAME, JP_TITLE, US_TITLE, RELEASE_FLAG, DISTRIBUTE_FLAG, PERMISSION_TYPE, SCHEMA_TYPE, HAS_DUMMY, SORT_NO)
VALUES ('TBLID_BCOM_MON_BATCH', 'BCOM_MON_BATCH', 'BCOM_MON_BATCH', 'BCOM_MON_BATCH', 'Y', 'N', 'C', 'L', 'N', 130);
INSERT INTO SM_FIELD_DEF (TABLE_ID,FIELD_NAME,JP_TITLE,US_TITLE,DB_TYPE,DB_LENGTH,IS_KEY,NOT_BLANK,IS_DUMMY,IS_SEARCH_ITEM,SORT_NO,TREE_LEVEL,SHEET_NO,PAGE_NO,PROPERTY_NO,IS_AUTO,IS_MANDATORY,SYSTEM_READONLY,FIELD_TYPE,FIELD_LENGTH,INPUT_ALPHABET,INPUT_MULTIBYTE,INPUT_NUMERIC,INPUT_SYMBOL,INPUT_UPPERCASE,RETRIEVAL_TABLE,FORMAT,DEFAULT_VALUE,MIN_VALUE,MAX_VALUE,CALENDAR_BUTTON,JUMP_BUTTON,OPEN_BUTTON,REF_TABLE_ID,REF_FIELD_NAME,SPECIAL_BUTTON) VALUES ('TBLID_BCOM_MON_BATCH','PROD_ID','PROD_ID','PROD_ID','STRING',20,'N','Y','N','Y',-1,-1,0,0,0,'N','N','N','STRING',0,'Y',0,'Y','Y','Y','NONE',NULL,NULL,NULL,NULL,'N','N',0,NULL,NULL,0);
INSERT INTO SM_FIELD_DEF (TABLE_ID,FIELD_NAME,JP_TITLE,US_TITLE,DB_TYPE,DB_LENGTH,IS_KEY,NOT_BLANK,IS_DUMMY,IS_SEARCH_ITEM,SORT_NO,TREE_LEVEL,SHEET_NO,PAGE_NO,PROPERTY_NO,IS_AUTO,IS_MANDATORY,SYSTEM_READONLY,FIELD_TYPE,FIELD_LENGTH,INPUT_ALPHABET,INPUT_MULTIBYTE,INPUT_NUMERIC,INPUT_SYMBOL,INPUT_UPPERCASE,RETRIEVAL_TABLE,FORMAT,DEFAULT_VALUE,MIN_VALUE,MAX_VALUE,CALENDAR_BUTTON,JUMP_BUTTON,OPEN_BUTTON,REF_TABLE_ID,REF_FIELD_NAME,SPECIAL_BUTTON) VALUES ('TBLID_BCOM_MON_BATCH','BAT_CAT','BAT_CAT','BAT_CAT','STRING',2,'N','Y','N','Y',-1,-1,0,0,0,'N','N','N','STRING',0,'Y',0,'Y','Y','Y','NONE',NULL,NULL,NULL,NULL,'N','N',0,NULL,NULL,0);
INSERT INTO SM_FIELD_DEF (TABLE_ID,FIELD_NAME,JP_TITLE,US_TITLE,DB_TYPE,DB_LENGTH,IS_KEY,NOT_BLANK,IS_DUMMY,IS_SEARCH_ITEM,SORT_NO,TREE_LEVEL,SHEET_NO,PAGE_NO,PROPERTY_NO,IS_AUTO,IS_MANDATORY,SYSTEM_READONLY,FIELD_TYPE,FIELD_LENGTH,INPUT_ALPHABET,INPUT_MULTIBYTE,INPUT_NUMERIC,INPUT_SYMBOL,INPUT_UPPERCASE,RETRIEVAL_TABLE,FORMAT,DEFAULT_VALUE,MIN_VALUE,MAX_VALUE,CALENDAR_BUTTON,JUMP_BUTTON,OPEN_BUTTON,REF_TABLE_ID,REF_FIELD_NAME,SPECIAL_BUTTON) VALUES ('TBLID_BCOM_MON_BATCH','SLOT_NO','SLOT_NO','SLOT_NO','STRING',3,'N','Y','N','Y',-1,-1,0,0,0,'N','N','N','STRING',0,'Y',0,'Y','Y','Y','NONE',NULL,NULL,NULL,NULL,'N','N',0,NULL,NULL,0);
INSERT INTO SM_FIELD_DEF (TABLE_ID,FIELD_NAME,JP_TITLE,US_TITLE,DB_TYPE,DB_LENGTH,IS_KEY,NOT_BLANK,IS_DUMMY,IS_SEARCH_ITEM,SORT_NO,TREE_LEVEL,SHEET_NO,PAGE_NO,PROPERTY_NO,IS_AUTO,IS_MANDATORY,SYSTEM_READONLY,FIELD_TYPE,FIELD_LENGTH,INPUT_ALPHABET,INPUT_MULTIBYTE,INPUT_NUMERIC,INPUT_SYMBOL,INPUT_UPPERCASE,RETRIEVAL_TABLE,FORMAT,DEFAULT_VALUE,MIN_VALUE,MAX_VALUE,CALENDAR_BUTTON,JUMP_BUTTON,OPEN_BUTTON,REF_TABLE_ID,REF_FIELD_NAME,SPECIAL_BUTTON) VALUES ('TBLID_BCOM_MON_BATCH','INSP_USED_ID','INSP_USED_ID','INSP_USED_ID','STRING',12,'N','Y','N','Y',-1,-1,0,0,0,'N','N','N','STRING',0,'Y',0,'Y','Y','Y','NONE',NULL,NULL,NULL,NULL,'N','N',0,NULL,NULL,0);
INSERT INTO SM_FIELD_DEF (TABLE_ID,FIELD_NAME,JP_TITLE,US_TITLE,DB_TYPE,DB_LENGTH,IS_KEY,NOT_BLANK,IS_DUMMY,IS_SEARCH_ITEM,SORT_NO,TREE_LEVEL,SHEET_NO,PAGE_NO,PROPERTY_NO,IS_AUTO,IS_MANDATORY,SYSTEM_READONLY,FIELD_TYPE,FIELD_LENGTH,INPUT_ALPHABET,INPUT_MULTIBYTE,INPUT_NUMERIC,INPUT_SYMBOL,INPUT_UPPERCASE,RETRIEVAL_TABLE,FORMAT,DEFAULT_VALUE,MIN_VALUE,MAX_VALUE,CALENDAR_BUTTON,JUMP_BUTTON,OPEN_BUTTON,REF_TABLE_ID,REF_FIELD_NAME,SPECIAL_BUTTON) VALUES ('TBLID_BCOM_MON_BATCH','MON_PROD_ID','MON_PROD_ID','MON_PROD_ID','STRING',20,'N','Y','N','Y',-1,-1,0,0,0,'N','N','N','STRING',0,'Y',0,'Y','Y','Y','NONE',NULL,NULL,NULL,NULL,'N','N',0,NULL,NULL,0);
INSERT INTO SM_FIELD_DEF (TABLE_ID,FIELD_NAME,JP_TITLE,US_TITLE,DB_TYPE,DB_LENGTH,IS_KEY,NOT_BLANK,IS_DUMMY,IS_SEARCH_ITEM,SORT_NO,TREE_LEVEL,SHEET_NO,PAGE_NO,PROPERTY_NO,IS_AUTO,IS_MANDATORY,SYSTEM_READONLY,FIELD_TYPE,FIELD_LENGTH,INPUT_ALPHABET,INPUT_MULTIBYTE,INPUT_NUMERIC,INPUT_SYMBOL,INPUT_UPPERCASE,RETRIEVAL_TABLE,FORMAT,DEFAULT_VALUE,MIN_VALUE,MAX_VALUE,CALENDAR_BUTTON,JUMP_BUTTON,OPEN_BUTTON,REF_TABLE_ID,REF_FIELD_NAME,SPECIAL_BUTTON) VALUES ('TBLID_BCOM_MON_BATCH','MON_BOX_INSCYCLE','MON_BOX_INSCYCLE','MON_BOX_INSCYCLE','STRING',0,'N','N','N','Y',-1,-1,0,0,0,'N','N','N','STRING',0,'Y',0,'Y','Y','Y','NONE',NULL,NULL,NULL,NULL,'N','N',0,NULL,NULL,0);
INSERT INTO SM_CHECK_DEF (TABLE_ID,CHECK_TYPE,CHECK_ORDER,CHECK_KIND,FIELD_NAME,REF_TABLE,REF_FIELD,EXPECT_VALUE,ERR_MSG) VALUES ('TBLID_BCOM_MON_BATCH','SAVE',1,'STAT_E',NULL,NULL,NULL,NULL,NULL);
INSERT INTO SM_CHECK_DEF (TABLE_ID,CHECK_TYPE,CHECK_ORDER,CHECK_KIND,FIELD_NAME,REF_TABLE,REF_FIELD,EXPECT_VALUE,ERR_MSG) VALUES ('TBLID_BCOM_MON_BATCH','SAVE',2,'STRING','lock_user',NULL,NULL,'',NULL);
INSERT INTO SM_CHECK_DEF (TABLE_ID,CHECK_TYPE,CHECK_ORDER,CHECK_KIND,FIELD_NAME,REF_TABLE,REF_FIELD,EXPECT_VALUE,ERR_MSG) VALUES ('TBLID_BCOM_MON_BATCH','SAVE',3,'NULLCHK','lock_time',NULL,NULL,NULL,NULL);
INSERT INTO SM_CHECK_DEF (TABLE_ID,CHECK_TYPE,CHECK_ORDER,CHECK_KIND,FIELD_NAME,REF_TABLE,REF_FIELD,EXPECT_VALUE,ERR_MSG) VALUES ('TBLID_BCOM_MON_BATCH','RELEASE',1,'STAT_E',NULL,NULL,NULL,NULL,NULL);
INSERT INTO SM_CHECK_DEF (TABLE_ID,CHECK_TYPE,CHECK_ORDER,CHECK_KIND,FIELD_NAME,REF_TABLE,REF_FIELD,EXPECT_VALUE,ERR_MSG) VALUES ('TBLID_BCOM_MON_BATCH','RELEASE',2,'STRING','lock_user',NULL,NULL,'',NULL);
INSERT INTO SM_CHECK_DEF (TABLE_ID,CHECK_TYPE,CHECK_ORDER,CHECK_KIND,FIELD_NAME,REF_TABLE,REF_FIELD,EXPECT_VALUE,ERR_MSG) VALUES ('TBLID_BCOM_MON_BATCH','RELEASE',3,'NULLCHK','lock_time',NULL,NULL,NULL,NULL);
INSERT INTO SM_CHECK_DEF (TABLE_ID,CHECK_TYPE,CHECK_ORDER,CHECK_KIND,FIELD_NAME,REF_TABLE,REF_FIELD,EXPECT_VALUE,ERR_MSG) VALUES ('TBLID_BCOM_MON_BATCH','RELEASE',4,'RELEASE_PARAM','prod_id','D20',NULL,NULL,NULL);
INSERT INTO SM_CHECK_DEF (TABLE_ID,CHECK_TYPE,CHECK_ORDER,CHECK_KIND,FIELD_NAME,REF_TABLE,REF_FIELD,EXPECT_VALUE,ERR_MSG) VALUES ('TBLID_BCOM_MON_BATCH','RELEASE',5,'RELEASE_PARAM','bat_cat','D2',NULL,NULL,NULL);
INSERT INTO SM_CHECK_DEF (TABLE_ID,CHECK_TYPE,CHECK_ORDER,CHECK_KIND,FIELD_NAME,REF_TABLE,REF_FIELD,EXPECT_VALUE,ERR_MSG) VALUES ('TBLID_BCOM_MON_BATCH','RELEASE',6,'RELEASE_PARAM','slot_no','D3',NULL,NULL,NULL);
INSERT INTO SM_CHECK_DEF (TABLE_ID,CHECK_TYPE,CHECK_ORDER,CHECK_KIND,FIELD_NAME,REF_TABLE,REF_FIELD,EXPECT_VALUE,ERR_MSG) VALUES ('TBLID_BCOM_MON_BATCH','RELEASE',7,'RELEASE_PARAM','insp_used_id','D12',NULL,NULL,NULL);
INSERT INTO SM_CHECK_DEF (TABLE_ID,CHECK_TYPE,CHECK_ORDER,CHECK_KIND,FIELD_NAME,REF_TABLE,REF_FIELD,EXPECT_VALUE,ERR_MSG) VALUES ('TBLID_BCOM_MON_BATCH','RELEASE',8,'RELEASE_WRITE','mon_prod_id','D0',NULL,NULL,NULL);
INSERT INTO SM_CHECK_DEF (TABLE_ID,CHECK_TYPE,CHECK_ORDER,CHECK_KIND,FIELD_NAME,REF_TABLE,REF_FIELD,EXPECT_VALUE,ERR_MSG) VALUES ('TBLID_BCOM_MON_BATCH','RELEASE',9,'RELEASE_WRITE','mon_box_inscycle','D0',NULL,NULL,NULL);
INSERT INTO SM_CHECK_DEF (TABLE_ID,CHECK_TYPE,CHECK_ORDER,CHECK_KIND,FIELD_NAME,REF_TABLE,REF_FIELD,EXPECT_VALUE,ERR_MSG) VALUES ('TBLID_BCOM_MON_BATCH','DELETE',1,'STAT_R',NULL,NULL,NULL,NULL,NULL);
INSERT INTO SM_CHECK_DEF (TABLE_ID,CHECK_TYPE,CHECK_ORDER,CHECK_KIND,FIELD_NAME,REF_TABLE,REF_FIELD,EXPECT_VALUE,ERR_MSG) VALUES ('TBLID_BCOM_MON_BATCH','DELETE',2,'STRING','lock_user',NULL,NULL,'',NULL);
INSERT INTO SM_CHECK_DEF (TABLE_ID,CHECK_TYPE,CHECK_ORDER,CHECK_KIND,FIELD_NAME,REF_TABLE,REF_FIELD,EXPECT_VALUE,ERR_MSG) VALUES ('TBLID_BCOM_MON_BATCH','DELETE',3,'NULLCHK','lock_time',NULL,NULL,NULL,NULL);
INSERT INTO SM_CHECK_DEF (TABLE_ID,CHECK_TYPE,CHECK_ORDER,CHECK_KIND,FIELD_NAME,REF_TABLE,REF_FIELD,EXPECT_VALUE,ERR_MSG) VALUES ('TBLID_BCOM_MON_BATCH','EDITCOMP',1,'STAT_E',NULL,NULL,NULL,NULL,NULL);
INSERT INTO SM_CHECK_DEF (TABLE_ID,CHECK_TYPE,CHECK_ORDER,CHECK_KIND,FIELD_NAME,REF_TABLE,REF_FIELD,EXPECT_VALUE,ERR_MSG) VALUES ('TBLID_BCOM_MON_BATCH','EDITCOMP',2,'COMP_N',NULL,NULL,NULL,NULL,'记录已编辑完成');

-- BDUMMY_WAF_SET
INSERT INTO SM_TABLE_DEF (TABLE_ID, TABLE_NAME, JP_TITLE, US_TITLE, RELEASE_FLAG, DISTRIBUTE_FLAG, PERMISSION_TYPE, SCHEMA_TYPE, HAS_DUMMY, SORT_NO)
VALUES ('TBLID_BDUMMY_WAF_SET', 'BDUMMY_WAF_SET', 'BDUMMY_WAF_SET', 'BDUMMY_WAF_SET', 'Y', 'N', 'C', 'L', 'N', 140);
INSERT INTO SM_FIELD_DEF (TABLE_ID,FIELD_NAME,JP_TITLE,US_TITLE,DB_TYPE,DB_LENGTH,IS_KEY,NOT_BLANK,IS_DUMMY,IS_SEARCH_ITEM,SORT_NO,TREE_LEVEL,SHEET_NO,PAGE_NO,PROPERTY_NO,IS_AUTO,IS_MANDATORY,SYSTEM_READONLY,FIELD_TYPE,FIELD_LENGTH,INPUT_ALPHABET,INPUT_MULTIBYTE,INPUT_NUMERIC,INPUT_SYMBOL,INPUT_UPPERCASE,RETRIEVAL_TABLE,FORMAT,DEFAULT_VALUE,MIN_VALUE,MAX_VALUE,CALENDAR_BUTTON,JUMP_BUTTON,OPEN_BUTTON,REF_TABLE_ID,REF_FIELD_NAME,SPECIAL_BUTTON) VALUES ('TBLID_BDUMMY_WAF_SET','DUMMY_CAT','DUMMY_CAT','DUMMY_CAT','STRING',1,'N','Y','N','Y',-1,-1,0,0,0,'N','N','N','STRING',0,'Y',0,'Y','Y','Y','NONE',NULL,NULL,NULL,NULL,'N','N',0,NULL,NULL,0);
INSERT INTO SM_FIELD_DEF (TABLE_ID,FIELD_NAME,JP_TITLE,US_TITLE,DB_TYPE,DB_LENGTH,IS_KEY,NOT_BLANK,IS_DUMMY,IS_SEARCH_ITEM,SORT_NO,TREE_LEVEL,SHEET_NO,PAGE_NO,PROPERTY_NO,IS_AUTO,IS_MANDATORY,SYSTEM_READONLY,FIELD_TYPE,FIELD_LENGTH,INPUT_ALPHABET,INPUT_MULTIBYTE,INPUT_NUMERIC,INPUT_SYMBOL,INPUT_UPPERCASE,RETRIEVAL_TABLE,FORMAT,DEFAULT_VALUE,MIN_VALUE,MAX_VALUE,CALENDAR_BUTTON,JUMP_BUTTON,OPEN_BUTTON,REF_TABLE_ID,REF_FIELD_NAME,SPECIAL_BUTTON) VALUES ('TBLID_BDUMMY_WAF_SET','PROD_ID','PROD_ID','PROD_ID','STRING',20,'N','Y','N','Y',-1,-1,0,0,0,'N','N','N','STRING',0,'Y',0,'Y','Y','Y','NONE',NULL,NULL,NULL,NULL,'N','N',0,NULL,NULL,0);
INSERT INTO SM_FIELD_DEF (TABLE_ID,FIELD_NAME,JP_TITLE,US_TITLE,DB_TYPE,DB_LENGTH,IS_KEY,NOT_BLANK,IS_DUMMY,IS_SEARCH_ITEM,SORT_NO,TREE_LEVEL,SHEET_NO,PAGE_NO,PROPERTY_NO,IS_AUTO,IS_MANDATORY,SYSTEM_READONLY,FIELD_TYPE,FIELD_LENGTH,INPUT_ALPHABET,INPUT_MULTIBYTE,INPUT_NUMERIC,INPUT_SYMBOL,INPUT_UPPERCASE,RETRIEVAL_TABLE,FORMAT,DEFAULT_VALUE,MIN_VALUE,MAX_VALUE,CALENDAR_BUTTON,JUMP_BUTTON,OPEN_BUTTON,REF_TABLE_ID,REF_FIELD_NAME,SPECIAL_BUTTON) VALUES ('TBLID_BDUMMY_WAF_SET','EQP_ID','EQP_ID','EQP_ID','STRING',10,'N','Y','N','Y',-1,-1,0,0,0,'N','N','N','STRING',0,'Y',0,'Y','Y','Y','NONE',NULL,NULL,NULL,NULL,'N','N',0,NULL,NULL,0);
INSERT INTO SM_FIELD_DEF (TABLE_ID,FIELD_NAME,JP_TITLE,US_TITLE,DB_TYPE,DB_LENGTH,IS_KEY,NOT_BLANK,IS_DUMMY,IS_SEARCH_ITEM,SORT_NO,TREE_LEVEL,SHEET_NO,PAGE_NO,PROPERTY_NO,IS_AUTO,IS_MANDATORY,SYSTEM_READONLY,FIELD_TYPE,FIELD_LENGTH,INPUT_ALPHABET,INPUT_MULTIBYTE,INPUT_NUMERIC,INPUT_SYMBOL,INPUT_UPPERCASE,RETRIEVAL_TABLE,FORMAT,DEFAULT_VALUE,MIN_VALUE,MAX_VALUE,CALENDAR_BUTTON,JUMP_BUTTON,OPEN_BUTTON,REF_TABLE_ID,REF_FIELD_NAME,SPECIAL_BUTTON) VALUES ('TBLID_BDUMMY_WAF_SET','NUM','NUM','NUM','STRING',0,'N','Y','N','Y',-1,-1,0,0,0,'N','N','N','STRING',0,'Y',0,'Y','Y','Y','NONE',NULL,NULL,NULL,NULL,'N','N',0,NULL,NULL,0);
INSERT INTO SM_CHECK_DEF (TABLE_ID,CHECK_TYPE,CHECK_ORDER,CHECK_KIND,FIELD_NAME,REF_TABLE,REF_FIELD,EXPECT_VALUE,ERR_MSG) VALUES ('TBLID_BDUMMY_WAF_SET','SAVE',1,'STAT_E',NULL,NULL,NULL,NULL,NULL);
INSERT INTO SM_CHECK_DEF (TABLE_ID,CHECK_TYPE,CHECK_ORDER,CHECK_KIND,FIELD_NAME,REF_TABLE,REF_FIELD,EXPECT_VALUE,ERR_MSG) VALUES ('TBLID_BDUMMY_WAF_SET','SAVE',2,'STRING','lock_user',NULL,NULL,'',NULL);
INSERT INTO SM_CHECK_DEF (TABLE_ID,CHECK_TYPE,CHECK_ORDER,CHECK_KIND,FIELD_NAME,REF_TABLE,REF_FIELD,EXPECT_VALUE,ERR_MSG) VALUES ('TBLID_BDUMMY_WAF_SET','SAVE',3,'NULLCHK','lock_time',NULL,NULL,NULL,NULL);
INSERT INTO SM_CHECK_DEF (TABLE_ID,CHECK_TYPE,CHECK_ORDER,CHECK_KIND,FIELD_NAME,REF_TABLE,REF_FIELD,EXPECT_VALUE,ERR_MSG) VALUES ('TBLID_BDUMMY_WAF_SET','RELEASE',1,'STAT_E',NULL,NULL,NULL,NULL,NULL);
INSERT INTO SM_CHECK_DEF (TABLE_ID,CHECK_TYPE,CHECK_ORDER,CHECK_KIND,FIELD_NAME,REF_TABLE,REF_FIELD,EXPECT_VALUE,ERR_MSG) VALUES ('TBLID_BDUMMY_WAF_SET','RELEASE',2,'STRING','lock_user',NULL,NULL,'',NULL);
INSERT INTO SM_CHECK_DEF (TABLE_ID,CHECK_TYPE,CHECK_ORDER,CHECK_KIND,FIELD_NAME,REF_TABLE,REF_FIELD,EXPECT_VALUE,ERR_MSG) VALUES ('TBLID_BDUMMY_WAF_SET','RELEASE',3,'NULLCHK','lock_time',NULL,NULL,NULL,NULL);
INSERT INTO SM_CHECK_DEF (TABLE_ID,CHECK_TYPE,CHECK_ORDER,CHECK_KIND,FIELD_NAME,REF_TABLE,REF_FIELD,EXPECT_VALUE,ERR_MSG) VALUES ('TBLID_BDUMMY_WAF_SET','RELEASE',4,'RELEASE_PARAM','dummy_cat','D1',NULL,NULL,NULL);
INSERT INTO SM_CHECK_DEF (TABLE_ID,CHECK_TYPE,CHECK_ORDER,CHECK_KIND,FIELD_NAME,REF_TABLE,REF_FIELD,EXPECT_VALUE,ERR_MSG) VALUES ('TBLID_BDUMMY_WAF_SET','RELEASE',5,'RELEASE_PARAM','prod_id','D20',NULL,NULL,NULL);
INSERT INTO SM_CHECK_DEF (TABLE_ID,CHECK_TYPE,CHECK_ORDER,CHECK_KIND,FIELD_NAME,REF_TABLE,REF_FIELD,EXPECT_VALUE,ERR_MSG) VALUES ('TBLID_BDUMMY_WAF_SET','RELEASE',6,'RELEASE_PARAM','eqp_id','D10',NULL,NULL,NULL);
INSERT INTO SM_CHECK_DEF (TABLE_ID,CHECK_TYPE,CHECK_ORDER,CHECK_KIND,FIELD_NAME,REF_TABLE,REF_FIELD,EXPECT_VALUE,ERR_MSG) VALUES ('TBLID_BDUMMY_WAF_SET','RELEASE',7,'RELEASE_WRITE','num','D0',NULL,NULL,NULL);
INSERT INTO SM_CHECK_DEF (TABLE_ID,CHECK_TYPE,CHECK_ORDER,CHECK_KIND,FIELD_NAME,REF_TABLE,REF_FIELD,EXPECT_VALUE,ERR_MSG) VALUES ('TBLID_BDUMMY_WAF_SET','DELETE',1,'STAT_R',NULL,NULL,NULL,NULL,NULL);
INSERT INTO SM_CHECK_DEF (TABLE_ID,CHECK_TYPE,CHECK_ORDER,CHECK_KIND,FIELD_NAME,REF_TABLE,REF_FIELD,EXPECT_VALUE,ERR_MSG) VALUES ('TBLID_BDUMMY_WAF_SET','DELETE',2,'STRING','lock_user',NULL,NULL,'',NULL);
INSERT INTO SM_CHECK_DEF (TABLE_ID,CHECK_TYPE,CHECK_ORDER,CHECK_KIND,FIELD_NAME,REF_TABLE,REF_FIELD,EXPECT_VALUE,ERR_MSG) VALUES ('TBLID_BDUMMY_WAF_SET','DELETE',3,'NULLCHK','lock_time',NULL,NULL,NULL,NULL);
INSERT INTO SM_CHECK_DEF (TABLE_ID,CHECK_TYPE,CHECK_ORDER,CHECK_KIND,FIELD_NAME,REF_TABLE,REF_FIELD,EXPECT_VALUE,ERR_MSG) VALUES ('TBLID_BDUMMY_WAF_SET','EDITCOMP',1,'STAT_E',NULL,NULL,NULL,NULL,NULL);
INSERT INTO SM_CHECK_DEF (TABLE_ID,CHECK_TYPE,CHECK_ORDER,CHECK_KIND,FIELD_NAME,REF_TABLE,REF_FIELD,EXPECT_VALUE,ERR_MSG) VALUES ('TBLID_BDUMMY_WAF_SET','EDITCOMP',2,'COMP_N',NULL,NULL,NULL,NULL,'记录已编辑完成');

-- BEMPCAR_SC
INSERT INTO SM_TABLE_DEF (TABLE_ID, TABLE_NAME, JP_TITLE, US_TITLE, RELEASE_FLAG, DISTRIBUTE_FLAG, PERMISSION_TYPE, SCHEMA_TYPE, HAS_DUMMY, SORT_NO)
VALUES ('TBLID_BEMPCAR_SC', 'BEMPCAR_SC', 'BEMPCAR_SC', 'BEMPCAR_SC', 'Y', 'N', 'C', 'L', 'N', 150);
INSERT INTO SM_FIELD_DEF (TABLE_ID,FIELD_NAME,JP_TITLE,US_TITLE,DB_TYPE,DB_LENGTH,IS_KEY,NOT_BLANK,IS_DUMMY,IS_SEARCH_ITEM,SORT_NO,TREE_LEVEL,SHEET_NO,PAGE_NO,PROPERTY_NO,IS_AUTO,IS_MANDATORY,SYSTEM_READONLY,FIELD_TYPE,FIELD_LENGTH,INPUT_ALPHABET,INPUT_MULTIBYTE,INPUT_NUMERIC,INPUT_SYMBOL,INPUT_UPPERCASE,RETRIEVAL_TABLE,FORMAT,DEFAULT_VALUE,MIN_VALUE,MAX_VALUE,CALENDAR_BUTTON,JUMP_BUTTON,OPEN_BUTTON,REF_TABLE_ID,REF_FIELD_NAME,SPECIAL_BUTTON) VALUES ('TBLID_BEMPCAR_SC','TRAN_FROM_STK_ID','TRAN_FROM_STK_ID','TRAN_FROM_STK_ID','STRING',10,'N','Y','N','Y',-1,-1,0,0,0,'N','N','N','STRING',0,'Y',0,'Y','Y','Y','NONE',NULL,NULL,NULL,NULL,'N','N',0,NULL,NULL,0);
INSERT INTO SM_FIELD_DEF (TABLE_ID,FIELD_NAME,JP_TITLE,US_TITLE,DB_TYPE,DB_LENGTH,IS_KEY,NOT_BLANK,IS_DUMMY,IS_SEARCH_ITEM,SORT_NO,TREE_LEVEL,SHEET_NO,PAGE_NO,PROPERTY_NO,IS_AUTO,IS_MANDATORY,SYSTEM_READONLY,FIELD_TYPE,FIELD_LENGTH,INPUT_ALPHABET,INPUT_MULTIBYTE,INPUT_NUMERIC,INPUT_SYMBOL,INPUT_UPPERCASE,RETRIEVAL_TABLE,FORMAT,DEFAULT_VALUE,MIN_VALUE,MAX_VALUE,CALENDAR_BUTTON,JUMP_BUTTON,OPEN_BUTTON,REF_TABLE_ID,REF_FIELD_NAME,SPECIAL_BUTTON) VALUES ('TBLID_BEMPCAR_SC','TRAN_FROM_STK_PORT_ID','TRAN_FROM_STK_PORT_ID','TRAN_FROM_STK_PORT_ID','STRING',10,'N','Y','N','Y',-1,-1,0,0,0,'N','N','N','STRING',0,'Y',0,'Y','Y','Y','NONE',NULL,NULL,NULL,NULL,'N','N',0,NULL,NULL,0);
INSERT INTO SM_FIELD_DEF (TABLE_ID,FIELD_NAME,JP_TITLE,US_TITLE,DB_TYPE,DB_LENGTH,IS_KEY,NOT_BLANK,IS_DUMMY,IS_SEARCH_ITEM,SORT_NO,TREE_LEVEL,SHEET_NO,PAGE_NO,PROPERTY_NO,IS_AUTO,IS_MANDATORY,SYSTEM_READONLY,FIELD_TYPE,FIELD_LENGTH,INPUT_ALPHABET,INPUT_MULTIBYTE,INPUT_NUMERIC,INPUT_SYMBOL,INPUT_UPPERCASE,RETRIEVAL_TABLE,FORMAT,DEFAULT_VALUE,MIN_VALUE,MAX_VALUE,CALENDAR_BUTTON,JUMP_BUTTON,OPEN_BUTTON,REF_TABLE_ID,REF_FIELD_NAME,SPECIAL_BUTTON) VALUES ('TBLID_BEMPCAR_SC','TRAN_TO_STK_ID','TRAN_TO_STK_ID','TRAN_TO_STK_ID','STRING',10,'N','Y','N','Y',-1,-1,0,0,0,'N','N','N','STRING',0,'Y',0,'Y','Y','Y','NONE',NULL,NULL,NULL,NULL,'N','N',0,NULL,NULL,0);
INSERT INTO SM_FIELD_DEF (TABLE_ID,FIELD_NAME,JP_TITLE,US_TITLE,DB_TYPE,DB_LENGTH,IS_KEY,NOT_BLANK,IS_DUMMY,IS_SEARCH_ITEM,SORT_NO,TREE_LEVEL,SHEET_NO,PAGE_NO,PROPERTY_NO,IS_AUTO,IS_MANDATORY,SYSTEM_READONLY,FIELD_TYPE,FIELD_LENGTH,INPUT_ALPHABET,INPUT_MULTIBYTE,INPUT_NUMERIC,INPUT_SYMBOL,INPUT_UPPERCASE,RETRIEVAL_TABLE,FORMAT,DEFAULT_VALUE,MIN_VALUE,MAX_VALUE,CALENDAR_BUTTON,JUMP_BUTTON,OPEN_BUTTON,REF_TABLE_ID,REF_FIELD_NAME,SPECIAL_BUTTON) VALUES ('TBLID_BEMPCAR_SC','TRAN_TO_STK_PORT_ID','TRAN_TO_STK_PORT_ID','TRAN_TO_STK_PORT_ID','STRING',10,'N','Y','N','Y',-1,-1,0,0,0,'N','N','N','STRING',0,'Y',0,'Y','Y','Y','NONE',NULL,NULL,NULL,NULL,'N','N',0,NULL,NULL,0);
INSERT INTO SM_FIELD_DEF (TABLE_ID,FIELD_NAME,JP_TITLE,US_TITLE,DB_TYPE,DB_LENGTH,IS_KEY,NOT_BLANK,IS_DUMMY,IS_SEARCH_ITEM,SORT_NO,TREE_LEVEL,SHEET_NO,PAGE_NO,PROPERTY_NO,IS_AUTO,IS_MANDATORY,SYSTEM_READONLY,FIELD_TYPE,FIELD_LENGTH,INPUT_ALPHABET,INPUT_MULTIBYTE,INPUT_NUMERIC,INPUT_SYMBOL,INPUT_UPPERCASE,RETRIEVAL_TABLE,FORMAT,DEFAULT_VALUE,MIN_VALUE,MAX_VALUE,CALENDAR_BUTTON,JUMP_BUTTON,OPEN_BUTTON,REF_TABLE_ID,REF_FIELD_NAME,SPECIAL_BUTTON) VALUES ('TBLID_BEMPCAR_SC','CARG_ID','CARG_ID','CARG_ID','STRING',10,'N','Y','N','Y',-1,-1,0,0,0,'N','N','N','STRING',0,'Y',0,'Y','Y','Y','NONE',NULL,NULL,NULL,NULL,'N','N',0,NULL,NULL,0);
INSERT INTO SM_FIELD_DEF (TABLE_ID,FIELD_NAME,JP_TITLE,US_TITLE,DB_TYPE,DB_LENGTH,IS_KEY,NOT_BLANK,IS_DUMMY,IS_SEARCH_ITEM,SORT_NO,TREE_LEVEL,SHEET_NO,PAGE_NO,PROPERTY_NO,IS_AUTO,IS_MANDATORY,SYSTEM_READONLY,FIELD_TYPE,FIELD_LENGTH,INPUT_ALPHABET,INPUT_MULTIBYTE,INPUT_NUMERIC,INPUT_SYMBOL,INPUT_UPPERCASE,RETRIEVAL_TABLE,FORMAT,DEFAULT_VALUE,MIN_VALUE,MAX_VALUE,CALENDAR_BUTTON,JUMP_BUTTON,OPEN_BUTTON,REF_TABLE_ID,REF_FIELD_NAME,SPECIAL_BUTTON) VALUES ('TBLID_BEMPCAR_SC','SEQ_NO','SEQ_NO','SEQ_NO','STRING',0,'N','Y','N','Y',-1,-1,0,0,0,'N','N','N','STRING',0,'Y',0,'Y','Y','Y','NONE',NULL,NULL,NULL,NULL,'N','N',0,NULL,NULL,0);
INSERT INTO SM_CHECK_DEF (TABLE_ID,CHECK_TYPE,CHECK_ORDER,CHECK_KIND,FIELD_NAME,REF_TABLE,REF_FIELD,EXPECT_VALUE,ERR_MSG) VALUES ('TBLID_BEMPCAR_SC','SAVE',1,'STAT_E',NULL,NULL,NULL,NULL,NULL);
INSERT INTO SM_CHECK_DEF (TABLE_ID,CHECK_TYPE,CHECK_ORDER,CHECK_KIND,FIELD_NAME,REF_TABLE,REF_FIELD,EXPECT_VALUE,ERR_MSG) VALUES ('TBLID_BEMPCAR_SC','SAVE',2,'STRING','lock_user',NULL,NULL,'',NULL);
INSERT INTO SM_CHECK_DEF (TABLE_ID,CHECK_TYPE,CHECK_ORDER,CHECK_KIND,FIELD_NAME,REF_TABLE,REF_FIELD,EXPECT_VALUE,ERR_MSG) VALUES ('TBLID_BEMPCAR_SC','SAVE',3,'NULLCHK','lock_time',NULL,NULL,NULL,NULL);
INSERT INTO SM_CHECK_DEF (TABLE_ID,CHECK_TYPE,CHECK_ORDER,CHECK_KIND,FIELD_NAME,REF_TABLE,REF_FIELD,EXPECT_VALUE,ERR_MSG) VALUES ('TBLID_BEMPCAR_SC','SAVE',4,'KEY','carg_id','0','',NULL,NULL);
INSERT INTO SM_CHECK_DEF (TABLE_ID,CHECK_TYPE,CHECK_ORDER,CHECK_KIND,FIELD_NAME,REF_TABLE,REF_FIELD,EXPECT_VALUE,ERR_MSG) VALUES ('TBLID_BEMPCAR_SC','SAVE',5,'KEY','carg_id','0','',NULL,NULL);
INSERT INTO SM_CHECK_DEF (TABLE_ID,CHECK_TYPE,CHECK_ORDER,CHECK_KIND,FIELD_NAME,REF_TABLE,REF_FIELD,EXPECT_VALUE,ERR_MSG) VALUES ('TBLID_BEMPCAR_SC','SAVE',6,'STAT_R',NULL,NULL,NULL,NULL,NULL);
INSERT INTO SM_CHECK_DEF (TABLE_ID,CHECK_TYPE,CHECK_ORDER,CHECK_KIND,FIELD_NAME,REF_TABLE,REF_FIELD,EXPECT_VALUE,ERR_MSG) VALUES ('TBLID_BEMPCAR_SC','SAVE',7,'KEY','tran_from_stk_id','0','',NULL,NULL);
INSERT INTO SM_CHECK_DEF (TABLE_ID,CHECK_TYPE,CHECK_ORDER,CHECK_KIND,FIELD_NAME,REF_TABLE,REF_FIELD,EXPECT_VALUE,ERR_MSG) VALUES ('TBLID_BEMPCAR_SC','SAVE',8,'KEY','tran_from_stk_id','0','',NULL,NULL);
INSERT INTO SM_CHECK_DEF (TABLE_ID,CHECK_TYPE,CHECK_ORDER,CHECK_KIND,FIELD_NAME,REF_TABLE,REF_FIELD,EXPECT_VALUE,ERR_MSG) VALUES ('TBLID_BEMPCAR_SC','SAVE',9,'STAT_R',NULL,NULL,NULL,NULL,NULL);
INSERT INTO SM_CHECK_DEF (TABLE_ID,CHECK_TYPE,CHECK_ORDER,CHECK_KIND,FIELD_NAME,REF_TABLE,REF_FIELD,EXPECT_VALUE,ERR_MSG) VALUES ('TBLID_BEMPCAR_SC','SAVE',10,'KEY','tran_to_stk_id','0','',NULL,NULL);
INSERT INTO SM_CHECK_DEF (TABLE_ID,CHECK_TYPE,CHECK_ORDER,CHECK_KIND,FIELD_NAME,REF_TABLE,REF_FIELD,EXPECT_VALUE,ERR_MSG) VALUES ('TBLID_BEMPCAR_SC','SAVE',11,'KEY','tran_to_stk_id','0','',NULL,NULL);
INSERT INTO SM_CHECK_DEF (TABLE_ID,CHECK_TYPE,CHECK_ORDER,CHECK_KIND,FIELD_NAME,REF_TABLE,REF_FIELD,EXPECT_VALUE,ERR_MSG) VALUES ('TBLID_BEMPCAR_SC','SAVE',12,'STAT_R',NULL,NULL,NULL,NULL,NULL);
INSERT INTO SM_CHECK_DEF (TABLE_ID,CHECK_TYPE,CHECK_ORDER,CHECK_KIND,FIELD_NAME,REF_TABLE,REF_FIELD,EXPECT_VALUE,ERR_MSG) VALUES ('TBLID_BEMPCAR_SC','RELEASE',1,'STAT_E',NULL,NULL,NULL,NULL,NULL);
INSERT INTO SM_CHECK_DEF (TABLE_ID,CHECK_TYPE,CHECK_ORDER,CHECK_KIND,FIELD_NAME,REF_TABLE,REF_FIELD,EXPECT_VALUE,ERR_MSG) VALUES ('TBLID_BEMPCAR_SC','RELEASE',2,'STRING','lock_user',NULL,NULL,'',NULL);
INSERT INTO SM_CHECK_DEF (TABLE_ID,CHECK_TYPE,CHECK_ORDER,CHECK_KIND,FIELD_NAME,REF_TABLE,REF_FIELD,EXPECT_VALUE,ERR_MSG) VALUES ('TBLID_BEMPCAR_SC','RELEASE',3,'NULLCHK','lock_time',NULL,NULL,NULL,NULL);
INSERT INTO SM_CHECK_DEF (TABLE_ID,CHECK_TYPE,CHECK_ORDER,CHECK_KIND,FIELD_NAME,REF_TABLE,REF_FIELD,EXPECT_VALUE,ERR_MSG) VALUES ('TBLID_BEMPCAR_SC','RELEASE',4,'KEY','carg_id','0','',NULL,NULL);
INSERT INTO SM_CHECK_DEF (TABLE_ID,CHECK_TYPE,CHECK_ORDER,CHECK_KIND,FIELD_NAME,REF_TABLE,REF_FIELD,EXPECT_VALUE,ERR_MSG) VALUES ('TBLID_BEMPCAR_SC','RELEASE',5,'STAT_R',NULL,NULL,NULL,NULL,NULL);
INSERT INTO SM_CHECK_DEF (TABLE_ID,CHECK_TYPE,CHECK_ORDER,CHECK_KIND,FIELD_NAME,REF_TABLE,REF_FIELD,EXPECT_VALUE,ERR_MSG) VALUES ('TBLID_BEMPCAR_SC','RELEASE',6,'KEY','tran_from_stk_id','0','',NULL,NULL);
INSERT INTO SM_CHECK_DEF (TABLE_ID,CHECK_TYPE,CHECK_ORDER,CHECK_KIND,FIELD_NAME,REF_TABLE,REF_FIELD,EXPECT_VALUE,ERR_MSG) VALUES ('TBLID_BEMPCAR_SC','RELEASE',7,'STAT_R',NULL,NULL,NULL,NULL,NULL);
INSERT INTO SM_CHECK_DEF (TABLE_ID,CHECK_TYPE,CHECK_ORDER,CHECK_KIND,FIELD_NAME,REF_TABLE,REF_FIELD,EXPECT_VALUE,ERR_MSG) VALUES ('TBLID_BEMPCAR_SC','RELEASE',8,'KEY','tran_to_stk_id','0','',NULL,NULL);
INSERT INTO SM_CHECK_DEF (TABLE_ID,CHECK_TYPE,CHECK_ORDER,CHECK_KIND,FIELD_NAME,REF_TABLE,REF_FIELD,EXPECT_VALUE,ERR_MSG) VALUES ('TBLID_BEMPCAR_SC','RELEASE',9,'STAT_R',NULL,NULL,NULL,NULL,NULL);
INSERT INTO SM_CHECK_DEF (TABLE_ID,CHECK_TYPE,CHECK_ORDER,CHECK_KIND,FIELD_NAME,REF_TABLE,REF_FIELD,EXPECT_VALUE,ERR_MSG) VALUES ('TBLID_BEMPCAR_SC','RELEASE',10,'RELEASE_PARAM','tran_from_stk_id','D10',NULL,NULL,NULL);
INSERT INTO SM_CHECK_DEF (TABLE_ID,CHECK_TYPE,CHECK_ORDER,CHECK_KIND,FIELD_NAME,REF_TABLE,REF_FIELD,EXPECT_VALUE,ERR_MSG) VALUES ('TBLID_BEMPCAR_SC','RELEASE',11,'RELEASE_PARAM','tran_from_stk_port_id','D10',NULL,NULL,NULL);
INSERT INTO SM_CHECK_DEF (TABLE_ID,CHECK_TYPE,CHECK_ORDER,CHECK_KIND,FIELD_NAME,REF_TABLE,REF_FIELD,EXPECT_VALUE,ERR_MSG) VALUES ('TBLID_BEMPCAR_SC','RELEASE',12,'RELEASE_PARAM','tran_to_stk_id','D10',NULL,NULL,NULL);
INSERT INTO SM_CHECK_DEF (TABLE_ID,CHECK_TYPE,CHECK_ORDER,CHECK_KIND,FIELD_NAME,REF_TABLE,REF_FIELD,EXPECT_VALUE,ERR_MSG) VALUES ('TBLID_BEMPCAR_SC','RELEASE',13,'RELEASE_PARAM','tran_to_stk_port_id','D10',NULL,NULL,NULL);
INSERT INTO SM_CHECK_DEF (TABLE_ID,CHECK_TYPE,CHECK_ORDER,CHECK_KIND,FIELD_NAME,REF_TABLE,REF_FIELD,EXPECT_VALUE,ERR_MSG) VALUES ('TBLID_BEMPCAR_SC','RELEASE',14,'RELEASE_PARAM','carg_id','D10',NULL,NULL,NULL);
INSERT INTO SM_CHECK_DEF (TABLE_ID,CHECK_TYPE,CHECK_ORDER,CHECK_KIND,FIELD_NAME,REF_TABLE,REF_FIELD,EXPECT_VALUE,ERR_MSG) VALUES ('TBLID_BEMPCAR_SC','RELEASE',15,'RELEASE_WRITE','seq_no','D0',NULL,NULL,NULL);
INSERT INTO SM_CHECK_DEF (TABLE_ID,CHECK_TYPE,CHECK_ORDER,CHECK_KIND,FIELD_NAME,REF_TABLE,REF_FIELD,EXPECT_VALUE,ERR_MSG) VALUES ('TBLID_BEMPCAR_SC','DELETE',1,'STAT_R',NULL,NULL,NULL,NULL,NULL);
INSERT INTO SM_CHECK_DEF (TABLE_ID,CHECK_TYPE,CHECK_ORDER,CHECK_KIND,FIELD_NAME,REF_TABLE,REF_FIELD,EXPECT_VALUE,ERR_MSG) VALUES ('TBLID_BEMPCAR_SC','DELETE',2,'STRING','lock_user',NULL,NULL,'',NULL);
INSERT INTO SM_CHECK_DEF (TABLE_ID,CHECK_TYPE,CHECK_ORDER,CHECK_KIND,FIELD_NAME,REF_TABLE,REF_FIELD,EXPECT_VALUE,ERR_MSG) VALUES ('TBLID_BEMPCAR_SC','DELETE',3,'NULLCHK','lock_time',NULL,NULL,NULL,NULL);
INSERT INTO SM_CHECK_DEF (TABLE_ID,CHECK_TYPE,CHECK_ORDER,CHECK_KIND,FIELD_NAME,REF_TABLE,REF_FIELD,EXPECT_VALUE,ERR_MSG) VALUES ('TBLID_BEMPCAR_SC','EDITCOMP',1,'STAT_E',NULL,NULL,NULL,NULL,NULL);
INSERT INTO SM_CHECK_DEF (TABLE_ID,CHECK_TYPE,CHECK_ORDER,CHECK_KIND,FIELD_NAME,REF_TABLE,REF_FIELD,EXPECT_VALUE,ERR_MSG) VALUES ('TBLID_BEMPCAR_SC','EDITCOMP',2,'COMP_N',NULL,NULL,NULL,NULL,'记录已编辑完成');

-- BEMP_CARRY_PORT
INSERT INTO SM_TABLE_DEF (TABLE_ID, TABLE_NAME, JP_TITLE, US_TITLE, RELEASE_FLAG, DISTRIBUTE_FLAG, PERMISSION_TYPE, SCHEMA_TYPE, HAS_DUMMY, SORT_NO)
VALUES ('TBLID_BEMP_CARRY_PORT', 'BEMP_CARRY_PORT', 'BEMP_CARRY_PORT', 'BEMP_CARRY_PORT', 'Y', 'N', 'C', 'L', 'N', 160);
INSERT INTO SM_FIELD_DEF (TABLE_ID,FIELD_NAME,JP_TITLE,US_TITLE,DB_TYPE,DB_LENGTH,IS_KEY,NOT_BLANK,IS_DUMMY,IS_SEARCH_ITEM,SORT_NO,TREE_LEVEL,SHEET_NO,PAGE_NO,PROPERTY_NO,IS_AUTO,IS_MANDATORY,SYSTEM_READONLY,FIELD_TYPE,FIELD_LENGTH,INPUT_ALPHABET,INPUT_MULTIBYTE,INPUT_NUMERIC,INPUT_SYMBOL,INPUT_UPPERCASE,RETRIEVAL_TABLE,FORMAT,DEFAULT_VALUE,MIN_VALUE,MAX_VALUE,CALENDAR_BUTTON,JUMP_BUTTON,OPEN_BUTTON,REF_TABLE_ID,REF_FIELD_NAME,SPECIAL_BUTTON) VALUES ('TBLID_BEMP_CARRY_PORT','CARG_ID','CARG_ID','CARG_ID','STRING',10,'N','Y','N','Y',-1,-1,0,0,0,'N','N','N','STRING',0,'Y',0,'Y','Y','Y','NONE',NULL,NULL,NULL,NULL,'N','N',0,NULL,NULL,0);
INSERT INTO SM_FIELD_DEF (TABLE_ID,FIELD_NAME,JP_TITLE,US_TITLE,DB_TYPE,DB_LENGTH,IS_KEY,NOT_BLANK,IS_DUMMY,IS_SEARCH_ITEM,SORT_NO,TREE_LEVEL,SHEET_NO,PAGE_NO,PROPERTY_NO,IS_AUTO,IS_MANDATORY,SYSTEM_READONLY,FIELD_TYPE,FIELD_LENGTH,INPUT_ALPHABET,INPUT_MULTIBYTE,INPUT_NUMERIC,INPUT_SYMBOL,INPUT_UPPERCASE,RETRIEVAL_TABLE,FORMAT,DEFAULT_VALUE,MIN_VALUE,MAX_VALUE,CALENDAR_BUTTON,JUMP_BUTTON,OPEN_BUTTON,REF_TABLE_ID,REF_FIELD_NAME,SPECIAL_BUTTON) VALUES ('TBLID_BEMP_CARRY_PORT','FAB_ID','FAB_ID','FAB_ID','STRING',10,'N','Y','N','Y',-1,-1,0,0,0,'N','N','N','STRING',0,'Y',0,'Y','Y','Y','NONE',NULL,NULL,NULL,NULL,'N','N',0,NULL,NULL,0);
INSERT INTO SM_FIELD_DEF (TABLE_ID,FIELD_NAME,JP_TITLE,US_TITLE,DB_TYPE,DB_LENGTH,IS_KEY,NOT_BLANK,IS_DUMMY,IS_SEARCH_ITEM,SORT_NO,TREE_LEVEL,SHEET_NO,PAGE_NO,PROPERTY_NO,IS_AUTO,IS_MANDATORY,SYSTEM_READONLY,FIELD_TYPE,FIELD_LENGTH,INPUT_ALPHABET,INPUT_MULTIBYTE,INPUT_NUMERIC,INPUT_SYMBOL,INPUT_UPPERCASE,RETRIEVAL_TABLE,FORMAT,DEFAULT_VALUE,MIN_VALUE,MAX_VALUE,CALENDAR_BUTTON,JUMP_BUTTON,OPEN_BUTTON,REF_TABLE_ID,REF_FIELD_NAME,SPECIAL_BUTTON) VALUES ('TBLID_BEMP_CARRY_PORT','EQP_ID','EQP_ID','EQP_ID','STRING',10,'N','Y','N','Y',-1,-1,0,0,0,'N','N','N','STRING',0,'Y',0,'Y','Y','Y','NONE',NULL,NULL,NULL,NULL,'N','N',0,NULL,NULL,0);
INSERT INTO SM_FIELD_DEF (TABLE_ID,FIELD_NAME,JP_TITLE,US_TITLE,DB_TYPE,DB_LENGTH,IS_KEY,NOT_BLANK,IS_DUMMY,IS_SEARCH_ITEM,SORT_NO,TREE_LEVEL,SHEET_NO,PAGE_NO,PROPERTY_NO,IS_AUTO,IS_MANDATORY,SYSTEM_READONLY,FIELD_TYPE,FIELD_LENGTH,INPUT_ALPHABET,INPUT_MULTIBYTE,INPUT_NUMERIC,INPUT_SYMBOL,INPUT_UPPERCASE,RETRIEVAL_TABLE,FORMAT,DEFAULT_VALUE,MIN_VALUE,MAX_VALUE,CALENDAR_BUTTON,JUMP_BUTTON,OPEN_BUTTON,REF_TABLE_ID,REF_FIELD_NAME,SPECIAL_BUTTON) VALUES ('TBLID_BEMP_CARRY_PORT','CARRY_STK','CARRY_STK','CARRY_STK','STRING',10,'N','Y','N','Y',-1,-1,0,0,0,'N','N','N','STRING',0,'Y',0,'Y','Y','Y','NONE',NULL,NULL,NULL,NULL,'N','N',0,NULL,NULL,0);
INSERT INTO SM_FIELD_DEF (TABLE_ID,FIELD_NAME,JP_TITLE,US_TITLE,DB_TYPE,DB_LENGTH,IS_KEY,NOT_BLANK,IS_DUMMY,IS_SEARCH_ITEM,SORT_NO,TREE_LEVEL,SHEET_NO,PAGE_NO,PROPERTY_NO,IS_AUTO,IS_MANDATORY,SYSTEM_READONLY,FIELD_TYPE,FIELD_LENGTH,INPUT_ALPHABET,INPUT_MULTIBYTE,INPUT_NUMERIC,INPUT_SYMBOL,INPUT_UPPERCASE,RETRIEVAL_TABLE,FORMAT,DEFAULT_VALUE,MIN_VALUE,MAX_VALUE,CALENDAR_BUTTON,JUMP_BUTTON,OPEN_BUTTON,REF_TABLE_ID,REF_FIELD_NAME,SPECIAL_BUTTON) VALUES ('TBLID_BEMP_CARRY_PORT','CARRY_PORT','CARRY_PORT','CARRY_PORT','STRING',10,'N','Y','N','Y',-1,-1,0,0,0,'N','N','N','STRING',0,'Y',0,'Y','Y','Y','NONE',NULL,NULL,NULL,NULL,'N','N',0,NULL,NULL,0);
INSERT INTO SM_FIELD_DEF (TABLE_ID,FIELD_NAME,JP_TITLE,US_TITLE,DB_TYPE,DB_LENGTH,IS_KEY,NOT_BLANK,IS_DUMMY,IS_SEARCH_ITEM,SORT_NO,TREE_LEVEL,SHEET_NO,PAGE_NO,PROPERTY_NO,IS_AUTO,IS_MANDATORY,SYSTEM_READONLY,FIELD_TYPE,FIELD_LENGTH,INPUT_ALPHABET,INPUT_MULTIBYTE,INPUT_NUMERIC,INPUT_SYMBOL,INPUT_UPPERCASE,RETRIEVAL_TABLE,FORMAT,DEFAULT_VALUE,MIN_VALUE,MAX_VALUE,CALENDAR_BUTTON,JUMP_BUTTON,OPEN_BUTTON,REF_TABLE_ID,REF_FIELD_NAME,SPECIAL_BUTTON) VALUES ('TBLID_BEMP_CARRY_PORT','IN_PORT','IN_PORT','IN_PORT','STRING',10,'N','Y','N','Y',-1,-1,0,0,0,'N','N','N','STRING',0,'Y',0,'Y','Y','Y','NONE',NULL,NULL,NULL,NULL,'N','N',0,NULL,NULL,0);
INSERT INTO SM_CHECK_DEF (TABLE_ID,CHECK_TYPE,CHECK_ORDER,CHECK_KIND,FIELD_NAME,REF_TABLE,REF_FIELD,EXPECT_VALUE,ERR_MSG) VALUES ('TBLID_BEMP_CARRY_PORT','SAVE',1,'STAT_E',NULL,NULL,NULL,NULL,NULL);
INSERT INTO SM_CHECK_DEF (TABLE_ID,CHECK_TYPE,CHECK_ORDER,CHECK_KIND,FIELD_NAME,REF_TABLE,REF_FIELD,EXPECT_VALUE,ERR_MSG) VALUES ('TBLID_BEMP_CARRY_PORT','SAVE',2,'STRING','lock_user',NULL,NULL,'',NULL);
INSERT INTO SM_CHECK_DEF (TABLE_ID,CHECK_TYPE,CHECK_ORDER,CHECK_KIND,FIELD_NAME,REF_TABLE,REF_FIELD,EXPECT_VALUE,ERR_MSG) VALUES ('TBLID_BEMP_CARRY_PORT','SAVE',3,'NULLCHK','lock_time',NULL,NULL,NULL,NULL);
INSERT INTO SM_CHECK_DEF (TABLE_ID,CHECK_TYPE,CHECK_ORDER,CHECK_KIND,FIELD_NAME,REF_TABLE,REF_FIELD,EXPECT_VALUE,ERR_MSG) VALUES ('TBLID_BEMP_CARRY_PORT','SAVE',4,'STRING','eqp_id',NULL,NULL,'',NULL);
INSERT INTO SM_CHECK_DEF (TABLE_ID,CHECK_TYPE,CHECK_ORDER,CHECK_KIND,FIELD_NAME,REF_TABLE,REF_FIELD,EXPECT_VALUE,ERR_MSG) VALUES ('TBLID_BEMP_CARRY_PORT','SAVE',5,'KEY','eqp_id','0','',NULL,NULL);
INSERT INTO SM_CHECK_DEF (TABLE_ID,CHECK_TYPE,CHECK_ORDER,CHECK_KIND,FIELD_NAME,REF_TABLE,REF_FIELD,EXPECT_VALUE,ERR_MSG) VALUES ('TBLID_BEMP_CARRY_PORT','SAVE',6,'STAT_R',NULL,NULL,NULL,NULL,NULL);
INSERT INTO SM_CHECK_DEF (TABLE_ID,CHECK_TYPE,CHECK_ORDER,CHECK_KIND,FIELD_NAME,REF_TABLE,REF_FIELD,EXPECT_VALUE,ERR_MSG) VALUES ('TBLID_BEMP_CARRY_PORT','RELEASE',1,'STAT_E',NULL,NULL,NULL,NULL,NULL);
INSERT INTO SM_CHECK_DEF (TABLE_ID,CHECK_TYPE,CHECK_ORDER,CHECK_KIND,FIELD_NAME,REF_TABLE,REF_FIELD,EXPECT_VALUE,ERR_MSG) VALUES ('TBLID_BEMP_CARRY_PORT','RELEASE',2,'STRING','lock_user',NULL,NULL,'',NULL);
INSERT INTO SM_CHECK_DEF (TABLE_ID,CHECK_TYPE,CHECK_ORDER,CHECK_KIND,FIELD_NAME,REF_TABLE,REF_FIELD,EXPECT_VALUE,ERR_MSG) VALUES ('TBLID_BEMP_CARRY_PORT','RELEASE',3,'NULLCHK','lock_time',NULL,NULL,NULL,NULL);
INSERT INTO SM_CHECK_DEF (TABLE_ID,CHECK_TYPE,CHECK_ORDER,CHECK_KIND,FIELD_NAME,REF_TABLE,REF_FIELD,EXPECT_VALUE,ERR_MSG) VALUES ('TBLID_BEMP_CARRY_PORT','RELEASE',4,'STRING','eqp_id',NULL,NULL,'',NULL);
INSERT INTO SM_CHECK_DEF (TABLE_ID,CHECK_TYPE,CHECK_ORDER,CHECK_KIND,FIELD_NAME,REF_TABLE,REF_FIELD,EXPECT_VALUE,ERR_MSG) VALUES ('TBLID_BEMP_CARRY_PORT','RELEASE',5,'KEY','eqp_id','0','',NULL,NULL);
INSERT INTO SM_CHECK_DEF (TABLE_ID,CHECK_TYPE,CHECK_ORDER,CHECK_KIND,FIELD_NAME,REF_TABLE,REF_FIELD,EXPECT_VALUE,ERR_MSG) VALUES ('TBLID_BEMP_CARRY_PORT','RELEASE',6,'STAT_R',NULL,NULL,NULL,NULL,NULL);
INSERT INTO SM_CHECK_DEF (TABLE_ID,CHECK_TYPE,CHECK_ORDER,CHECK_KIND,FIELD_NAME,REF_TABLE,REF_FIELD,EXPECT_VALUE,ERR_MSG) VALUES ('TBLID_BEMP_CARRY_PORT','RELEASE',7,'RELEASE_PARAM','carg_id','D10',NULL,NULL,NULL);
INSERT INTO SM_CHECK_DEF (TABLE_ID,CHECK_TYPE,CHECK_ORDER,CHECK_KIND,FIELD_NAME,REF_TABLE,REF_FIELD,EXPECT_VALUE,ERR_MSG) VALUES ('TBLID_BEMP_CARRY_PORT','RELEASE',8,'RELEASE_PARAM','fab_id','D10',NULL,NULL,NULL);
INSERT INTO SM_CHECK_DEF (TABLE_ID,CHECK_TYPE,CHECK_ORDER,CHECK_KIND,FIELD_NAME,REF_TABLE,REF_FIELD,EXPECT_VALUE,ERR_MSG) VALUES ('TBLID_BEMP_CARRY_PORT','RELEASE',9,'RELEASE_WRITE','carry_stk','D0',NULL,NULL,NULL);
INSERT INTO SM_CHECK_DEF (TABLE_ID,CHECK_TYPE,CHECK_ORDER,CHECK_KIND,FIELD_NAME,REF_TABLE,REF_FIELD,EXPECT_VALUE,ERR_MSG) VALUES ('TBLID_BEMP_CARRY_PORT','RELEASE',10,'RELEASE_WRITE','carry_port','D0',NULL,NULL,NULL);
INSERT INTO SM_CHECK_DEF (TABLE_ID,CHECK_TYPE,CHECK_ORDER,CHECK_KIND,FIELD_NAME,REF_TABLE,REF_FIELD,EXPECT_VALUE,ERR_MSG) VALUES ('TBLID_BEMP_CARRY_PORT','RELEASE',11,'RELEASE_WRITE','in_port','D0',NULL,NULL,NULL);
INSERT INTO SM_CHECK_DEF (TABLE_ID,CHECK_TYPE,CHECK_ORDER,CHECK_KIND,FIELD_NAME,REF_TABLE,REF_FIELD,EXPECT_VALUE,ERR_MSG) VALUES ('TBLID_BEMP_CARRY_PORT','RELEASE',12,'RELEASE_WRITE','eqp_id','D0',NULL,NULL,NULL);
INSERT INTO SM_CHECK_DEF (TABLE_ID,CHECK_TYPE,CHECK_ORDER,CHECK_KIND,FIELD_NAME,REF_TABLE,REF_FIELD,EXPECT_VALUE,ERR_MSG) VALUES ('TBLID_BEMP_CARRY_PORT','DELETE',1,'STAT_R',NULL,NULL,NULL,NULL,NULL);
INSERT INTO SM_CHECK_DEF (TABLE_ID,CHECK_TYPE,CHECK_ORDER,CHECK_KIND,FIELD_NAME,REF_TABLE,REF_FIELD,EXPECT_VALUE,ERR_MSG) VALUES ('TBLID_BEMP_CARRY_PORT','DELETE',2,'STRING','lock_user',NULL,NULL,'',NULL);
INSERT INTO SM_CHECK_DEF (TABLE_ID,CHECK_TYPE,CHECK_ORDER,CHECK_KIND,FIELD_NAME,REF_TABLE,REF_FIELD,EXPECT_VALUE,ERR_MSG) VALUES ('TBLID_BEMP_CARRY_PORT','DELETE',3,'NULLCHK','lock_time',NULL,NULL,NULL,NULL);
INSERT INTO SM_CHECK_DEF (TABLE_ID,CHECK_TYPE,CHECK_ORDER,CHECK_KIND,FIELD_NAME,REF_TABLE,REF_FIELD,EXPECT_VALUE,ERR_MSG) VALUES ('TBLID_BEMP_CARRY_PORT','EDITCOMP',1,'STAT_E',NULL,NULL,NULL,NULL,NULL);
INSERT INTO SM_CHECK_DEF (TABLE_ID,CHECK_TYPE,CHECK_ORDER,CHECK_KIND,FIELD_NAME,REF_TABLE,REF_FIELD,EXPECT_VALUE,ERR_MSG) VALUES ('TBLID_BEMP_CARRY_PORT','EDITCOMP',2,'COMP_N',NULL,NULL,NULL,NULL,'记录已编辑完成');

-- BEPMONI
INSERT INTO SM_TABLE_DEF (TABLE_ID, TABLE_NAME, JP_TITLE, US_TITLE, RELEASE_FLAG, DISTRIBUTE_FLAG, PERMISSION_TYPE, SCHEMA_TYPE, HAS_DUMMY, SORT_NO)
VALUES ('TBLID_BEPMONI', 'BEPMONI', 'BEPMONI', 'BEPMONI', 'Y', 'N', 'C', 'L', 'N', 170);
INSERT INTO SM_FIELD_DEF (TABLE_ID,FIELD_NAME,JP_TITLE,US_TITLE,DB_TYPE,DB_LENGTH,IS_KEY,NOT_BLANK,IS_DUMMY,IS_SEARCH_ITEM,SORT_NO,TREE_LEVEL,SHEET_NO,PAGE_NO,PROPERTY_NO,IS_AUTO,IS_MANDATORY,SYSTEM_READONLY,FIELD_TYPE,FIELD_LENGTH,INPUT_ALPHABET,INPUT_MULTIBYTE,INPUT_NUMERIC,INPUT_SYMBOL,INPUT_UPPERCASE,RETRIEVAL_TABLE,FORMAT,DEFAULT_VALUE,MIN_VALUE,MAX_VALUE,CALENDAR_BUTTON,JUMP_BUTTON,OPEN_BUTTON,REF_TABLE_ID,REF_FIELD_NAME,SPECIAL_BUTTON) VALUES ('TBLID_BEPMONI','EP_MON_CON_ID','EP_MON_CON_ID','EP_MON_CON_ID','STRING',20,'N','Y','N','Y',-1,-1,0,0,0,'N','N','N','STRING',0,'Y',0,'Y','Y','Y','NONE',NULL,NULL,NULL,NULL,'N','N',0,NULL,NULL,0);
INSERT INTO SM_FIELD_DEF (TABLE_ID,FIELD_NAME,JP_TITLE,US_TITLE,DB_TYPE,DB_LENGTH,IS_KEY,NOT_BLANK,IS_DUMMY,IS_SEARCH_ITEM,SORT_NO,TREE_LEVEL,SHEET_NO,PAGE_NO,PROPERTY_NO,IS_AUTO,IS_MANDATORY,SYSTEM_READONLY,FIELD_TYPE,FIELD_LENGTH,INPUT_ALPHABET,INPUT_MULTIBYTE,INPUT_NUMERIC,INPUT_SYMBOL,INPUT_UPPERCASE,RETRIEVAL_TABLE,FORMAT,DEFAULT_VALUE,MIN_VALUE,MAX_VALUE,CALENDAR_BUTTON,JUMP_BUTTON,OPEN_BUTTON,REF_TABLE_ID,REF_FIELD_NAME,SPECIAL_BUTTON) VALUES ('TBLID_BEPMONI','SLOT_NO','SLOT_NO','SLOT_NO','STRING',3,'N','Y','N','Y',-1,-1,0,0,0,'N','N','N','STRING',0,'Y',0,'Y','Y','Y','NONE',NULL,NULL,NULL,NULL,'N','N',0,NULL,NULL,0);
INSERT INTO SM_FIELD_DEF (TABLE_ID,FIELD_NAME,JP_TITLE,US_TITLE,DB_TYPE,DB_LENGTH,IS_KEY,NOT_BLANK,IS_DUMMY,IS_SEARCH_ITEM,SORT_NO,TREE_LEVEL,SHEET_NO,PAGE_NO,PROPERTY_NO,IS_AUTO,IS_MANDATORY,SYSTEM_READONLY,FIELD_TYPE,FIELD_LENGTH,INPUT_ALPHABET,INPUT_MULTIBYTE,INPUT_NUMERIC,INPUT_SYMBOL,INPUT_UPPERCASE,RETRIEVAL_TABLE,FORMAT,DEFAULT_VALUE,MIN_VALUE,MAX_VALUE,CALENDAR_BUTTON,JUMP_BUTTON,OPEN_BUTTON,REF_TABLE_ID,REF_FIELD_NAME,SPECIAL_BUTTON) VALUES ('TBLID_BEPMONI','MON_PROD_ID','MON_PROD_ID','MON_PROD_ID','STRING',20,'N','Y','N','Y',-1,-1,0,0,0,'N','N','N','STRING',0,'Y',0,'Y','Y','Y','NONE',NULL,NULL,NULL,NULL,'N','N',0,NULL,NULL,0);
INSERT INTO SM_FIELD_DEF (TABLE_ID,FIELD_NAME,JP_TITLE,US_TITLE,DB_TYPE,DB_LENGTH,IS_KEY,NOT_BLANK,IS_DUMMY,IS_SEARCH_ITEM,SORT_NO,TREE_LEVEL,SHEET_NO,PAGE_NO,PROPERTY_NO,IS_AUTO,IS_MANDATORY,SYSTEM_READONLY,FIELD_TYPE,FIELD_LENGTH,INPUT_ALPHABET,INPUT_MULTIBYTE,INPUT_NUMERIC,INPUT_SYMBOL,INPUT_UPPERCASE,RETRIEVAL_TABLE,FORMAT,DEFAULT_VALUE,MIN_VALUE,MAX_VALUE,CALENDAR_BUTTON,JUMP_BUTTON,OPEN_BUTTON,REF_TABLE_ID,REF_FIELD_NAME,SPECIAL_BUTTON) VALUES ('TBLID_BEPMONI','EP_ASS_UNIT_CAT','EP_ASS_UNIT_CAT','EP_ASS_UNIT_CAT','STRING',1,'N','Y','N','Y',-1,-1,0,0,0,'N','N','N','STRING',0,'Y',0,'Y','Y','Y','NONE',NULL,NULL,NULL,NULL,'N','N',0,NULL,NULL,0);
INSERT INTO SM_FIELD_DEF (TABLE_ID,FIELD_NAME,JP_TITLE,US_TITLE,DB_TYPE,DB_LENGTH,IS_KEY,NOT_BLANK,IS_DUMMY,IS_SEARCH_ITEM,SORT_NO,TREE_LEVEL,SHEET_NO,PAGE_NO,PROPERTY_NO,IS_AUTO,IS_MANDATORY,SYSTEM_READONLY,FIELD_TYPE,FIELD_LENGTH,INPUT_ALPHABET,INPUT_MULTIBYTE,INPUT_NUMERIC,INPUT_SYMBOL,INPUT_UPPERCASE,RETRIEVAL_TABLE,FORMAT,DEFAULT_VALUE,MIN_VALUE,MAX_VALUE,CALENDAR_BUTTON,JUMP_BUTTON,OPEN_BUTTON,REF_TABLE_ID,REF_FIELD_NAME,SPECIAL_BUTTON) VALUES ('TBLID_BEPMONI','EP_MON_BOX_INSCYCLE','EP_MON_BOX_INSCYCLE','EP_MON_BOX_INSCYCLE','STRING',0,'N','Y','N','Y',-1,-1,0,0,0,'N','N','N','STRING',0,'Y',0,'Y','Y','Y','NONE',NULL,NULL,NULL,NULL,'N','N',0,NULL,NULL,0);
INSERT INTO SM_FIELD_DEF (TABLE_ID,FIELD_NAME,JP_TITLE,US_TITLE,DB_TYPE,DB_LENGTH,IS_KEY,NOT_BLANK,IS_DUMMY,IS_SEARCH_ITEM,SORT_NO,TREE_LEVEL,SHEET_NO,PAGE_NO,PROPERTY_NO,IS_AUTO,IS_MANDATORY,SYSTEM_READONLY,FIELD_TYPE,FIELD_LENGTH,INPUT_ALPHABET,INPUT_MULTIBYTE,INPUT_NUMERIC,INPUT_SYMBOL,INPUT_UPPERCASE,RETRIEVAL_TABLE,FORMAT,DEFAULT_VALUE,MIN_VALUE,MAX_VALUE,CALENDAR_BUTTON,JUMP_BUTTON,OPEN_BUTTON,REF_TABLE_ID,REF_FIELD_NAME,SPECIAL_BUTTON) VALUES ('TBLID_BEPMONI','INSP_USED_ID','INSP_USED_ID','INSP_USED_ID','STRING',12,'N','Y','N','Y',-1,-1,0,0,0,'N','N','N','STRING',0,'Y',0,'Y','Y','Y','NONE',NULL,NULL,NULL,NULL,'N','N',0,NULL,NULL,0);
INSERT INTO SM_CHECK_DEF (TABLE_ID,CHECK_TYPE,CHECK_ORDER,CHECK_KIND,FIELD_NAME,REF_TABLE,REF_FIELD,EXPECT_VALUE,ERR_MSG) VALUES ('TBLID_BEPMONI','SAVE',1,'STAT_E',NULL,NULL,NULL,NULL,NULL);
INSERT INTO SM_CHECK_DEF (TABLE_ID,CHECK_TYPE,CHECK_ORDER,CHECK_KIND,FIELD_NAME,REF_TABLE,REF_FIELD,EXPECT_VALUE,ERR_MSG) VALUES ('TBLID_BEPMONI','SAVE',2,'STRING','lock_user',NULL,NULL,'',NULL);
INSERT INTO SM_CHECK_DEF (TABLE_ID,CHECK_TYPE,CHECK_ORDER,CHECK_KIND,FIELD_NAME,REF_TABLE,REF_FIELD,EXPECT_VALUE,ERR_MSG) VALUES ('TBLID_BEPMONI','SAVE',3,'NULLCHK','lock_time',NULL,NULL,NULL,NULL);
INSERT INTO SM_CHECK_DEF (TABLE_ID,CHECK_TYPE,CHECK_ORDER,CHECK_KIND,FIELD_NAME,REF_TABLE,REF_FIELD,EXPECT_VALUE,ERR_MSG) VALUES ('TBLID_BEPMONI','SAVE',4,'KEY','insp_used_id','0','',NULL,NULL);
INSERT INTO SM_CHECK_DEF (TABLE_ID,CHECK_TYPE,CHECK_ORDER,CHECK_KIND,FIELD_NAME,REF_TABLE,REF_FIELD,EXPECT_VALUE,ERR_MSG) VALUES ('TBLID_BEPMONI','SAVE',5,'KEY','insp_used_id','0','',NULL,NULL);
INSERT INTO SM_CHECK_DEF (TABLE_ID,CHECK_TYPE,CHECK_ORDER,CHECK_KIND,FIELD_NAME,REF_TABLE,REF_FIELD,EXPECT_VALUE,ERR_MSG) VALUES ('TBLID_BEPMONI','SAVE',6,'STAT_R',NULL,NULL,NULL,NULL,NULL);
INSERT INTO SM_CHECK_DEF (TABLE_ID,CHECK_TYPE,CHECK_ORDER,CHECK_KIND,FIELD_NAME,REF_TABLE,REF_FIELD,EXPECT_VALUE,ERR_MSG) VALUES ('TBLID_BEPMONI','SAVE',7,'KEY','mon_prod_id','0','',NULL,NULL);
INSERT INTO SM_CHECK_DEF (TABLE_ID,CHECK_TYPE,CHECK_ORDER,CHECK_KIND,FIELD_NAME,REF_TABLE,REF_FIELD,EXPECT_VALUE,ERR_MSG) VALUES ('TBLID_BEPMONI','SAVE',8,'KEY','mon_prod_id','0','',NULL,NULL);
INSERT INTO SM_CHECK_DEF (TABLE_ID,CHECK_TYPE,CHECK_ORDER,CHECK_KIND,FIELD_NAME,REF_TABLE,REF_FIELD,EXPECT_VALUE,ERR_MSG) VALUES ('TBLID_BEPMONI','SAVE',9,'STAT_R',NULL,NULL,NULL,NULL,NULL);
INSERT INTO SM_CHECK_DEF (TABLE_ID,CHECK_TYPE,CHECK_ORDER,CHECK_KIND,FIELD_NAME,REF_TABLE,REF_FIELD,EXPECT_VALUE,ERR_MSG) VALUES ('TBLID_BEPMONI','RELEASE',1,'STAT_E',NULL,NULL,NULL,NULL,NULL);
INSERT INTO SM_CHECK_DEF (TABLE_ID,CHECK_TYPE,CHECK_ORDER,CHECK_KIND,FIELD_NAME,REF_TABLE,REF_FIELD,EXPECT_VALUE,ERR_MSG) VALUES ('TBLID_BEPMONI','RELEASE',2,'STRING','lock_user',NULL,NULL,'',NULL);
INSERT INTO SM_CHECK_DEF (TABLE_ID,CHECK_TYPE,CHECK_ORDER,CHECK_KIND,FIELD_NAME,REF_TABLE,REF_FIELD,EXPECT_VALUE,ERR_MSG) VALUES ('TBLID_BEPMONI','RELEASE',3,'NULLCHK','lock_time',NULL,NULL,NULL,NULL);
INSERT INTO SM_CHECK_DEF (TABLE_ID,CHECK_TYPE,CHECK_ORDER,CHECK_KIND,FIELD_NAME,REF_TABLE,REF_FIELD,EXPECT_VALUE,ERR_MSG) VALUES ('TBLID_BEPMONI','RELEASE',4,'KEY','insp_used_id','0','',NULL,NULL);
INSERT INTO SM_CHECK_DEF (TABLE_ID,CHECK_TYPE,CHECK_ORDER,CHECK_KIND,FIELD_NAME,REF_TABLE,REF_FIELD,EXPECT_VALUE,ERR_MSG) VALUES ('TBLID_BEPMONI','RELEASE',5,'STAT_R',NULL,NULL,NULL,NULL,NULL);
INSERT INTO SM_CHECK_DEF (TABLE_ID,CHECK_TYPE,CHECK_ORDER,CHECK_KIND,FIELD_NAME,REF_TABLE,REF_FIELD,EXPECT_VALUE,ERR_MSG) VALUES ('TBLID_BEPMONI','RELEASE',6,'KEY','mon_prod_id','0','',NULL,NULL);
INSERT INTO SM_CHECK_DEF (TABLE_ID,CHECK_TYPE,CHECK_ORDER,CHECK_KIND,FIELD_NAME,REF_TABLE,REF_FIELD,EXPECT_VALUE,ERR_MSG) VALUES ('TBLID_BEPMONI','RELEASE',7,'STAT_R',NULL,NULL,NULL,NULL,NULL);
INSERT INTO SM_CHECK_DEF (TABLE_ID,CHECK_TYPE,CHECK_ORDER,CHECK_KIND,FIELD_NAME,REF_TABLE,REF_FIELD,EXPECT_VALUE,ERR_MSG) VALUES ('TBLID_BEPMONI','RELEASE',8,'RELEASE_PARAM','ep_mon_con_id','D20',NULL,NULL,NULL);
INSERT INTO SM_CHECK_DEF (TABLE_ID,CHECK_TYPE,CHECK_ORDER,CHECK_KIND,FIELD_NAME,REF_TABLE,REF_FIELD,EXPECT_VALUE,ERR_MSG) VALUES ('TBLID_BEPMONI','RELEASE',9,'RELEASE_PARAM','slot_no','D3',NULL,NULL,NULL);
INSERT INTO SM_CHECK_DEF (TABLE_ID,CHECK_TYPE,CHECK_ORDER,CHECK_KIND,FIELD_NAME,REF_TABLE,REF_FIELD,EXPECT_VALUE,ERR_MSG) VALUES ('TBLID_BEPMONI','RELEASE',10,'RELEASE_WRITE','mon_prod_id','D0',NULL,NULL,NULL);
INSERT INTO SM_CHECK_DEF (TABLE_ID,CHECK_TYPE,CHECK_ORDER,CHECK_KIND,FIELD_NAME,REF_TABLE,REF_FIELD,EXPECT_VALUE,ERR_MSG) VALUES ('TBLID_BEPMONI','RELEASE',11,'RELEASE_WRITE','ep_ass_unit_cat','D0',NULL,NULL,NULL);
INSERT INTO SM_CHECK_DEF (TABLE_ID,CHECK_TYPE,CHECK_ORDER,CHECK_KIND,FIELD_NAME,REF_TABLE,REF_FIELD,EXPECT_VALUE,ERR_MSG) VALUES ('TBLID_BEPMONI','RELEASE',12,'RELEASE_WRITE','ep_mon_box_inscycle','D0',NULL,NULL,NULL);
INSERT INTO SM_CHECK_DEF (TABLE_ID,CHECK_TYPE,CHECK_ORDER,CHECK_KIND,FIELD_NAME,REF_TABLE,REF_FIELD,EXPECT_VALUE,ERR_MSG) VALUES ('TBLID_BEPMONI','RELEASE',13,'RELEASE_WRITE','insp_used_id','D0',NULL,NULL,NULL);
INSERT INTO SM_CHECK_DEF (TABLE_ID,CHECK_TYPE,CHECK_ORDER,CHECK_KIND,FIELD_NAME,REF_TABLE,REF_FIELD,EXPECT_VALUE,ERR_MSG) VALUES ('TBLID_BEPMONI','DELETE',1,'STAT_R',NULL,NULL,NULL,NULL,NULL);
INSERT INTO SM_CHECK_DEF (TABLE_ID,CHECK_TYPE,CHECK_ORDER,CHECK_KIND,FIELD_NAME,REF_TABLE,REF_FIELD,EXPECT_VALUE,ERR_MSG) VALUES ('TBLID_BEPMONI','DELETE',2,'STRING','lock_user',NULL,NULL,'',NULL);
INSERT INTO SM_CHECK_DEF (TABLE_ID,CHECK_TYPE,CHECK_ORDER,CHECK_KIND,FIELD_NAME,REF_TABLE,REF_FIELD,EXPECT_VALUE,ERR_MSG) VALUES ('TBLID_BEPMONI','DELETE',3,'NULLCHK','lock_time',NULL,NULL,NULL,NULL);
INSERT INTO SM_CHECK_DEF (TABLE_ID,CHECK_TYPE,CHECK_ORDER,CHECK_KIND,FIELD_NAME,REF_TABLE,REF_FIELD,EXPECT_VALUE,ERR_MSG) VALUES ('TBLID_BEPMONI','EDITCOMP',1,'STAT_E',NULL,NULL,NULL,NULL,NULL);
INSERT INTO SM_CHECK_DEF (TABLE_ID,CHECK_TYPE,CHECK_ORDER,CHECK_KIND,FIELD_NAME,REF_TABLE,REF_FIELD,EXPECT_VALUE,ERR_MSG) VALUES ('TBLID_BEPMONI','EDITCOMP',2,'COMP_N',NULL,NULL,NULL,NULL,'记录已编辑完成');

-- BEP_MEAS_NUM
INSERT INTO SM_TABLE_DEF (TABLE_ID, TABLE_NAME, JP_TITLE, US_TITLE, RELEASE_FLAG, DISTRIBUTE_FLAG, PERMISSION_TYPE, SCHEMA_TYPE, HAS_DUMMY, SORT_NO)
VALUES ('TBLID_BEP_MEAS_NUM', 'BEP_MEAS_NUM', 'BEP_MEAS_NUM', 'BEP_MEAS_NUM', 'Y', 'N', 'C', 'L', 'N', 180);
INSERT INTO SM_FIELD_DEF (TABLE_ID,FIELD_NAME,JP_TITLE,US_TITLE,DB_TYPE,DB_LENGTH,IS_KEY,NOT_BLANK,IS_DUMMY,IS_SEARCH_ITEM,SORT_NO,TREE_LEVEL,SHEET_NO,PAGE_NO,PROPERTY_NO,IS_AUTO,IS_MANDATORY,SYSTEM_READONLY,FIELD_TYPE,FIELD_LENGTH,INPUT_ALPHABET,INPUT_MULTIBYTE,INPUT_NUMERIC,INPUT_SYMBOL,INPUT_UPPERCASE,RETRIEVAL_TABLE,FORMAT,DEFAULT_VALUE,MIN_VALUE,MAX_VALUE,CALENDAR_BUTTON,JUMP_BUTTON,OPEN_BUTTON,REF_TABLE_ID,REF_FIELD_NAME,SPECIAL_BUTTON) VALUES ('TBLID_BEP_MEAS_NUM','PROD_ID','PROD_ID','PROD_ID','STRING',20,'N','Y','N','Y',-1,-1,0,0,0,'N','N','N','STRING',0,'Y',0,'Y','Y','Y','NONE',NULL,NULL,NULL,NULL,'N','N',0,NULL,NULL,0);
INSERT INTO SM_FIELD_DEF (TABLE_ID,FIELD_NAME,JP_TITLE,US_TITLE,DB_TYPE,DB_LENGTH,IS_KEY,NOT_BLANK,IS_DUMMY,IS_SEARCH_ITEM,SORT_NO,TREE_LEVEL,SHEET_NO,PAGE_NO,PROPERTY_NO,IS_AUTO,IS_MANDATORY,SYSTEM_READONLY,FIELD_TYPE,FIELD_LENGTH,INPUT_ALPHABET,INPUT_MULTIBYTE,INPUT_NUMERIC,INPUT_SYMBOL,INPUT_UPPERCASE,RETRIEVAL_TABLE,FORMAT,DEFAULT_VALUE,MIN_VALUE,MAX_VALUE,CALENDAR_BUTTON,JUMP_BUTTON,OPEN_BUTTON,REF_TABLE_ID,REF_FIELD_NAME,SPECIAL_BUTTON) VALUES ('TBLID_BEP_MEAS_NUM','OPE_ID','OPE_ID','OPE_ID','STRING',8,'N','Y','N','Y',-1,-1,0,0,0,'N','N','N','STRING',0,'Y',0,'Y','Y','Y','NONE',NULL,NULL,NULL,NULL,'N','N',0,NULL,NULL,0);
INSERT INTO SM_FIELD_DEF (TABLE_ID,FIELD_NAME,JP_TITLE,US_TITLE,DB_TYPE,DB_LENGTH,IS_KEY,NOT_BLANK,IS_DUMMY,IS_SEARCH_ITEM,SORT_NO,TREE_LEVEL,SHEET_NO,PAGE_NO,PROPERTY_NO,IS_AUTO,IS_MANDATORY,SYSTEM_READONLY,FIELD_TYPE,FIELD_LENGTH,INPUT_ALPHABET,INPUT_MULTIBYTE,INPUT_NUMERIC,INPUT_SYMBOL,INPUT_UPPERCASE,RETRIEVAL_TABLE,FORMAT,DEFAULT_VALUE,MIN_VALUE,MAX_VALUE,CALENDAR_BUTTON,JUMP_BUTTON,OPEN_BUTTON,REF_TABLE_ID,REF_FIELD_NAME,SPECIAL_BUTTON) VALUES ('TBLID_BEP_MEAS_NUM','SKIP_CNT','SKIP_CNT','SKIP_CNT','STRING',0,'N','Y','N','Y',-1,-1,0,0,0,'N','N','N','STRING',0,'Y',0,'Y','Y','Y','NONE',NULL,NULL,NULL,NULL,'N','N',0,NULL,NULL,0);
INSERT INTO SM_CHECK_DEF (TABLE_ID,CHECK_TYPE,CHECK_ORDER,CHECK_KIND,FIELD_NAME,REF_TABLE,REF_FIELD,EXPECT_VALUE,ERR_MSG) VALUES ('TBLID_BEP_MEAS_NUM','SAVE',1,'STAT_E',NULL,NULL,NULL,NULL,NULL);
INSERT INTO SM_CHECK_DEF (TABLE_ID,CHECK_TYPE,CHECK_ORDER,CHECK_KIND,FIELD_NAME,REF_TABLE,REF_FIELD,EXPECT_VALUE,ERR_MSG) VALUES ('TBLID_BEP_MEAS_NUM','SAVE',2,'STRING','lock_user',NULL,NULL,'',NULL);
INSERT INTO SM_CHECK_DEF (TABLE_ID,CHECK_TYPE,CHECK_ORDER,CHECK_KIND,FIELD_NAME,REF_TABLE,REF_FIELD,EXPECT_VALUE,ERR_MSG) VALUES ('TBLID_BEP_MEAS_NUM','SAVE',3,'NULLCHK','lock_time',NULL,NULL,NULL,NULL);
INSERT INTO SM_CHECK_DEF (TABLE_ID,CHECK_TYPE,CHECK_ORDER,CHECK_KIND,FIELD_NAME,REF_TABLE,REF_FIELD,EXPECT_VALUE,ERR_MSG) VALUES ('TBLID_BEP_MEAS_NUM','RELEASE',1,'STAT_E',NULL,NULL,NULL,NULL,NULL);
INSERT INTO SM_CHECK_DEF (TABLE_ID,CHECK_TYPE,CHECK_ORDER,CHECK_KIND,FIELD_NAME,REF_TABLE,REF_FIELD,EXPECT_VALUE,ERR_MSG) VALUES ('TBLID_BEP_MEAS_NUM','RELEASE',2,'STRING','lock_user',NULL,NULL,'',NULL);
INSERT INTO SM_CHECK_DEF (TABLE_ID,CHECK_TYPE,CHECK_ORDER,CHECK_KIND,FIELD_NAME,REF_TABLE,REF_FIELD,EXPECT_VALUE,ERR_MSG) VALUES ('TBLID_BEP_MEAS_NUM','RELEASE',3,'NULLCHK','lock_time',NULL,NULL,NULL,NULL);
INSERT INTO SM_CHECK_DEF (TABLE_ID,CHECK_TYPE,CHECK_ORDER,CHECK_KIND,FIELD_NAME,REF_TABLE,REF_FIELD,EXPECT_VALUE,ERR_MSG) VALUES ('TBLID_BEP_MEAS_NUM','RELEASE',4,'KEY','prod_id','0','',NULL,NULL);
INSERT INTO SM_CHECK_DEF (TABLE_ID,CHECK_TYPE,CHECK_ORDER,CHECK_KIND,FIELD_NAME,REF_TABLE,REF_FIELD,EXPECT_VALUE,ERR_MSG) VALUES ('TBLID_BEP_MEAS_NUM','RELEASE',5,'STAT_R',NULL,NULL,NULL,NULL,NULL);
INSERT INTO SM_CHECK_DEF (TABLE_ID,CHECK_TYPE,CHECK_ORDER,CHECK_KIND,FIELD_NAME,REF_TABLE,REF_FIELD,EXPECT_VALUE,ERR_MSG) VALUES ('TBLID_BEP_MEAS_NUM','RELEASE',6,'KEY','ope_id','0','',NULL,NULL);
INSERT INTO SM_CHECK_DEF (TABLE_ID,CHECK_TYPE,CHECK_ORDER,CHECK_KIND,FIELD_NAME,REF_TABLE,REF_FIELD,EXPECT_VALUE,ERR_MSG) VALUES ('TBLID_BEP_MEAS_NUM','RELEASE',7,'STAT_R',NULL,NULL,NULL,NULL,NULL);
INSERT INTO SM_CHECK_DEF (TABLE_ID,CHECK_TYPE,CHECK_ORDER,CHECK_KIND,FIELD_NAME,REF_TABLE,REF_FIELD,EXPECT_VALUE,ERR_MSG) VALUES ('TBLID_BEP_MEAS_NUM','RELEASE',8,'RELEASE_PARAM','prod_id','D20',NULL,NULL,NULL);
INSERT INTO SM_CHECK_DEF (TABLE_ID,CHECK_TYPE,CHECK_ORDER,CHECK_KIND,FIELD_NAME,REF_TABLE,REF_FIELD,EXPECT_VALUE,ERR_MSG) VALUES ('TBLID_BEP_MEAS_NUM','RELEASE',9,'RELEASE_PARAM','ope_id','D8',NULL,NULL,NULL);
INSERT INTO SM_CHECK_DEF (TABLE_ID,CHECK_TYPE,CHECK_ORDER,CHECK_KIND,FIELD_NAME,REF_TABLE,REF_FIELD,EXPECT_VALUE,ERR_MSG) VALUES ('TBLID_BEP_MEAS_NUM','RELEASE',10,'RELEASE_WRITE','skip_cnt','D0',NULL,NULL,NULL);
INSERT INTO SM_CHECK_DEF (TABLE_ID,CHECK_TYPE,CHECK_ORDER,CHECK_KIND,FIELD_NAME,REF_TABLE,REF_FIELD,EXPECT_VALUE,ERR_MSG) VALUES ('TBLID_BEP_MEAS_NUM','DELETE',1,'STAT_R',NULL,NULL,NULL,NULL,NULL);
INSERT INTO SM_CHECK_DEF (TABLE_ID,CHECK_TYPE,CHECK_ORDER,CHECK_KIND,FIELD_NAME,REF_TABLE,REF_FIELD,EXPECT_VALUE,ERR_MSG) VALUES ('TBLID_BEP_MEAS_NUM','DELETE',2,'STRING','lock_user',NULL,NULL,'',NULL);
INSERT INTO SM_CHECK_DEF (TABLE_ID,CHECK_TYPE,CHECK_ORDER,CHECK_KIND,FIELD_NAME,REF_TABLE,REF_FIELD,EXPECT_VALUE,ERR_MSG) VALUES ('TBLID_BEP_MEAS_NUM','DELETE',3,'NULLCHK','lock_time',NULL,NULL,NULL,NULL);
INSERT INTO SM_CHECK_DEF (TABLE_ID,CHECK_TYPE,CHECK_ORDER,CHECK_KIND,FIELD_NAME,REF_TABLE,REF_FIELD,EXPECT_VALUE,ERR_MSG) VALUES ('TBLID_BEP_MEAS_NUM','EDITCOMP',1,'STAT_E',NULL,NULL,NULL,NULL,NULL);
INSERT INTO SM_CHECK_DEF (TABLE_ID,CHECK_TYPE,CHECK_ORDER,CHECK_KIND,FIELD_NAME,REF_TABLE,REF_FIELD,EXPECT_VALUE,ERR_MSG) VALUES ('TBLID_BEP_MEAS_NUM','EDITCOMP',2,'COMP_N',NULL,NULL,NULL,NULL,'记录已编辑完成');

-- BEQP
INSERT INTO SM_TABLE_DEF (TABLE_ID, TABLE_NAME, JP_TITLE, US_TITLE, RELEASE_FLAG, DISTRIBUTE_FLAG, PERMISSION_TYPE, SCHEMA_TYPE, HAS_DUMMY, SORT_NO)
VALUES ('TBLID_BEQP', 'BEQP', 'BEQP', 'BEQP', 'Y', 'N', 'C', 'L', 'Y', 190);
INSERT INTO SM_FIELD_DEF (TABLE_ID,FIELD_NAME,JP_TITLE,US_TITLE,DB_TYPE,DB_LENGTH,IS_KEY,NOT_BLANK,IS_DUMMY,IS_SEARCH_ITEM,SORT_NO,TREE_LEVEL,SHEET_NO,PAGE_NO,PROPERTY_NO,IS_AUTO,IS_MANDATORY,SYSTEM_READONLY,FIELD_TYPE,FIELD_LENGTH,INPUT_ALPHABET,INPUT_MULTIBYTE,INPUT_NUMERIC,INPUT_SYMBOL,INPUT_UPPERCASE,RETRIEVAL_TABLE,FORMAT,DEFAULT_VALUE,MIN_VALUE,MAX_VALUE,CALENDAR_BUTTON,JUMP_BUTTON,OPEN_BUTTON,REF_TABLE_ID,REF_FIELD_NAME,SPECIAL_BUTTON) VALUES ('TBLID_BEQP','EQP_ID','EQP_ID','EQP_ID','STRING',10,'N','Y','N','Y',-1,-1,0,0,0,'N','N','N','STRING',0,'Y',0,'Y','Y','Y','NONE',NULL,NULL,NULL,NULL,'N','N',0,NULL,NULL,0);
INSERT INTO SM_FIELD_DEF (TABLE_ID,FIELD_NAME,JP_TITLE,US_TITLE,DB_TYPE,DB_LENGTH,IS_KEY,NOT_BLANK,IS_DUMMY,IS_SEARCH_ITEM,SORT_NO,TREE_LEVEL,SHEET_NO,PAGE_NO,PROPERTY_NO,IS_AUTO,IS_MANDATORY,SYSTEM_READONLY,FIELD_TYPE,FIELD_LENGTH,INPUT_ALPHABET,INPUT_MULTIBYTE,INPUT_NUMERIC,INPUT_SYMBOL,INPUT_UPPERCASE,RETRIEVAL_TABLE,FORMAT,DEFAULT_VALUE,MIN_VALUE,MAX_VALUE,CALENDAR_BUTTON,JUMP_BUTTON,OPEN_BUTTON,REF_TABLE_ID,REF_FIELD_NAME,SPECIAL_BUTTON) VALUES ('TBLID_BEQP','EQP_NAME','EQP_NAME','EQP_NAME','STRING',40,'N','Y','N','Y',-1,-1,0,0,0,'N','N','N','STRING',0,'Y',0,'Y','Y','Y','NONE',NULL,NULL,NULL,NULL,'N','N',0,NULL,NULL,0);
INSERT INTO SM_FIELD_DEF (TABLE_ID,FIELD_NAME,JP_TITLE,US_TITLE,DB_TYPE,DB_LENGTH,IS_KEY,NOT_BLANK,IS_DUMMY,IS_SEARCH_ITEM,SORT_NO,TREE_LEVEL,SHEET_NO,PAGE_NO,PROPERTY_NO,IS_AUTO,IS_MANDATORY,SYSTEM_READONLY,FIELD_TYPE,FIELD_LENGTH,INPUT_ALPHABET,INPUT_MULTIBYTE,INPUT_NUMERIC,INPUT_SYMBOL,INPUT_UPPERCASE,RETRIEVAL_TABLE,FORMAT,DEFAULT_VALUE,MIN_VALUE,MAX_VALUE,CALENDAR_BUTTON,JUMP_BUTTON,OPEN_BUTTON,REF_TABLE_ID,REF_FIELD_NAME,SPECIAL_BUTTON) VALUES ('TBLID_BEQP','EQP_DESC','EQP_DESC','EQP_DESC','STRING',80,'N','Y','N','Y',-1,-1,0,0,0,'N','N','N','STRING',0,'Y',0,'Y','Y','Y','NONE',NULL,NULL,NULL,NULL,'N','N',0,NULL,NULL,0);
INSERT INTO SM_FIELD_DEF (TABLE_ID,FIELD_NAME,JP_TITLE,US_TITLE,DB_TYPE,DB_LENGTH,IS_KEY,NOT_BLANK,IS_DUMMY,IS_SEARCH_ITEM,SORT_NO,TREE_LEVEL,SHEET_NO,PAGE_NO,PROPERTY_NO,IS_AUTO,IS_MANDATORY,SYSTEM_READONLY,FIELD_TYPE,FIELD_LENGTH,INPUT_ALPHABET,INPUT_MULTIBYTE,INPUT_NUMERIC,INPUT_SYMBOL,INPUT_UPPERCASE,RETRIEVAL_TABLE,FORMAT,DEFAULT_VALUE,MIN_VALUE,MAX_VALUE,CALENDAR_BUTTON,JUMP_BUTTON,OPEN_BUTTON,REF_TABLE_ID,REF_FIELD_NAME,SPECIAL_BUTTON) VALUES ('TBLID_BEQP','EQP_CAT','EQP_CAT','EQP_CAT','STRING',1,'N','Y','N','Y',-1,-1,0,0,0,'N','N','N','STRING',0,'Y',0,'Y','Y','Y','NONE',NULL,NULL,NULL,NULL,'N','N',0,NULL,NULL,0);
INSERT INTO SM_FIELD_DEF (TABLE_ID,FIELD_NAME,JP_TITLE,US_TITLE,DB_TYPE,DB_LENGTH,IS_KEY,NOT_BLANK,IS_DUMMY,IS_SEARCH_ITEM,SORT_NO,TREE_LEVEL,SHEET_NO,PAGE_NO,PROPERTY_NO,IS_AUTO,IS_MANDATORY,SYSTEM_READONLY,FIELD_TYPE,FIELD_LENGTH,INPUT_ALPHABET,INPUT_MULTIBYTE,INPUT_NUMERIC,INPUT_SYMBOL,INPUT_UPPERCASE,RETRIEVAL_TABLE,FORMAT,DEFAULT_VALUE,MIN_VALUE,MAX_VALUE,CALENDAR_BUTTON,JUMP_BUTTON,OPEN_BUTTON,REF_TABLE_ID,REF_FIELD_NAME,SPECIAL_BUTTON) VALUES ('TBLID_BEQP','EQP_PROPERTY','EQP_PROPERTY','EQP_PROPERTY','STRING',10,'N','Y','N','Y',-1,-1,0,0,0,'N','N','N','STRING',0,'Y',0,'Y','Y','Y','NONE',NULL,NULL,NULL,NULL,'N','N',0,NULL,NULL,0);
INSERT INTO SM_FIELD_DEF (TABLE_ID,FIELD_NAME,JP_TITLE,US_TITLE,DB_TYPE,DB_LENGTH,IS_KEY,NOT_BLANK,IS_DUMMY,IS_SEARCH_ITEM,SORT_NO,TREE_LEVEL,SHEET_NO,PAGE_NO,PROPERTY_NO,IS_AUTO,IS_MANDATORY,SYSTEM_READONLY,FIELD_TYPE,FIELD_LENGTH,INPUT_ALPHABET,INPUT_MULTIBYTE,INPUT_NUMERIC,INPUT_SYMBOL,INPUT_UPPERCASE,RETRIEVAL_TABLE,FORMAT,DEFAULT_VALUE,MIN_VALUE,MAX_VALUE,CALENDAR_BUTTON,JUMP_BUTTON,OPEN_BUTTON,REF_TABLE_ID,REF_FIELD_NAME,SPECIAL_BUTTON) VALUES ('TBLID_BEQP','EQP_MODE1','EQP_MODE1','EQP_MODE1','STRING',5,'N','Y','N','Y',-1,-1,0,0,0,'N','N','N','STRING',0,'Y',0,'Y','Y','Y','NONE',NULL,NULL,NULL,NULL,'N','N',0,NULL,NULL,0);
INSERT INTO SM_FIELD_DEF (TABLE_ID,FIELD_NAME,JP_TITLE,US_TITLE,DB_TYPE,DB_LENGTH,IS_KEY,NOT_BLANK,IS_DUMMY,IS_SEARCH_ITEM,SORT_NO,TREE_LEVEL,SHEET_NO,PAGE_NO,PROPERTY_NO,IS_AUTO,IS_MANDATORY,SYSTEM_READONLY,FIELD_TYPE,FIELD_LENGTH,INPUT_ALPHABET,INPUT_MULTIBYTE,INPUT_NUMERIC,INPUT_SYMBOL,INPUT_UPPERCASE,RETRIEVAL_TABLE,FORMAT,DEFAULT_VALUE,MIN_VALUE,MAX_VALUE,CALENDAR_BUTTON,JUMP_BUTTON,OPEN_BUTTON,REF_TABLE_ID,REF_FIELD_NAME,SPECIAL_BUTTON) VALUES ('TBLID_BEQP','EQP_MODE2','EQP_MODE2','EQP_MODE2','STRING',5,'N','Y','N','Y',-1,-1,0,0,0,'N','N','N','STRING',0,'Y',0,'Y','Y','Y','NONE',NULL,NULL,NULL,NULL,'N','N',0,NULL,NULL,0);
INSERT INTO SM_FIELD_DEF (TABLE_ID,FIELD_NAME,JP_TITLE,US_TITLE,DB_TYPE,DB_LENGTH,IS_KEY,NOT_BLANK,IS_DUMMY,IS_SEARCH_ITEM,SORT_NO,TREE_LEVEL,SHEET_NO,PAGE_NO,PROPERTY_NO,IS_AUTO,IS_MANDATORY,SYSTEM_READONLY,FIELD_TYPE,FIELD_LENGTH,INPUT_ALPHABET,INPUT_MULTIBYTE,INPUT_NUMERIC,INPUT_SYMBOL,INPUT_UPPERCASE,RETRIEVAL_TABLE,FORMAT,DEFAULT_VALUE,MIN_VALUE,MAX_VALUE,CALENDAR_BUTTON,JUMP_BUTTON,OPEN_BUTTON,REF_TABLE_ID,REF_FIELD_NAME,SPECIAL_BUTTON) VALUES ('TBLID_BEQP','EQP_MODE3','EQP_MODE3','EQP_MODE3','STRING',5,'N','Y','N','Y',-1,-1,0,0,0,'N','N','N','STRING',0,'Y',0,'Y','Y','Y','NONE',NULL,NULL,NULL,NULL,'N','N',0,NULL,NULL,0);
INSERT INTO SM_FIELD_DEF (TABLE_ID,FIELD_NAME,JP_TITLE,US_TITLE,DB_TYPE,DB_LENGTH,IS_KEY,NOT_BLANK,IS_DUMMY,IS_SEARCH_ITEM,SORT_NO,TREE_LEVEL,SHEET_NO,PAGE_NO,PROPERTY_NO,IS_AUTO,IS_MANDATORY,SYSTEM_READONLY,FIELD_TYPE,FIELD_LENGTH,INPUT_ALPHABET,INPUT_MULTIBYTE,INPUT_NUMERIC,INPUT_SYMBOL,INPUT_UPPERCASE,RETRIEVAL_TABLE,FORMAT,DEFAULT_VALUE,MIN_VALUE,MAX_VALUE,CALENDAR_BUTTON,JUMP_BUTTON,OPEN_BUTTON,REF_TABLE_ID,REF_FIELD_NAME,SPECIAL_BUTTON) VALUES ('TBLID_BEQP','EQP_MODE4','EQP_MODE4','EQP_MODE4','STRING',5,'N','Y','N','Y',-1,-1,0,0,0,'N','N','N','STRING',0,'Y',0,'Y','Y','Y','NONE',NULL,NULL,NULL,NULL,'N','N',0,NULL,NULL,0);
INSERT INTO SM_FIELD_DEF (TABLE_ID,FIELD_NAME,JP_TITLE,US_TITLE,DB_TYPE,DB_LENGTH,IS_KEY,NOT_BLANK,IS_DUMMY,IS_SEARCH_ITEM,SORT_NO,TREE_LEVEL,SHEET_NO,PAGE_NO,PROPERTY_NO,IS_AUTO,IS_MANDATORY,SYSTEM_READONLY,FIELD_TYPE,FIELD_LENGTH,INPUT_ALPHABET,INPUT_MULTIBYTE,INPUT_NUMERIC,INPUT_SYMBOL,INPUT_UPPERCASE,RETRIEVAL_TABLE,FORMAT,DEFAULT_VALUE,MIN_VALUE,MAX_VALUE,CALENDAR_BUTTON,JUMP_BUTTON,OPEN_BUTTON,REF_TABLE_ID,REF_FIELD_NAME,SPECIAL_BUTTON) VALUES ('TBLID_BEQP','EQP_MODE5','EQP_MODE5','EQP_MODE5','STRING',5,'N','Y','N','Y',-1,-1,0,0,0,'N','N','N','STRING',0,'Y',0,'Y','Y','Y','NONE',NULL,NULL,NULL,NULL,'N','N',0,NULL,NULL,0);
INSERT INTO SM_FIELD_DEF (TABLE_ID,FIELD_NAME,JP_TITLE,US_TITLE,DB_TYPE,DB_LENGTH,IS_KEY,NOT_BLANK,IS_DUMMY,IS_SEARCH_ITEM,SORT_NO,TREE_LEVEL,SHEET_NO,PAGE_NO,PROPERTY_NO,IS_AUTO,IS_MANDATORY,SYSTEM_READONLY,FIELD_TYPE,FIELD_LENGTH,INPUT_ALPHABET,INPUT_MULTIBYTE,INPUT_NUMERIC,INPUT_SYMBOL,INPUT_UPPERCASE,RETRIEVAL_TABLE,FORMAT,DEFAULT_VALUE,MIN_VALUE,MAX_VALUE,CALENDAR_BUTTON,JUMP_BUTTON,OPEN_BUTTON,REF_TABLE_ID,REF_FIELD_NAME,SPECIAL_BUTTON) VALUES ('TBLID_BEQP','EQP_MODE6','EQP_MODE6','EQP_MODE6','STRING',5,'N','Y','N','Y',-1,-1,0,0,0,'N','N','N','STRING',0,'Y',0,'Y','Y','Y','NONE',NULL,NULL,NULL,NULL,'N','N',0,NULL,NULL,0);
INSERT INTO SM_FIELD_DEF (TABLE_ID,FIELD_NAME,JP_TITLE,US_TITLE,DB_TYPE,DB_LENGTH,IS_KEY,NOT_BLANK,IS_DUMMY,IS_SEARCH_ITEM,SORT_NO,TREE_LEVEL,SHEET_NO,PAGE_NO,PROPERTY_NO,IS_AUTO,IS_MANDATORY,SYSTEM_READONLY,FIELD_TYPE,FIELD_LENGTH,INPUT_ALPHABET,INPUT_MULTIBYTE,INPUT_NUMERIC,INPUT_SYMBOL,INPUT_UPPERCASE,RETRIEVAL_TABLE,FORMAT,DEFAULT_VALUE,MIN_VALUE,MAX_VALUE,CALENDAR_BUTTON,JUMP_BUTTON,OPEN_BUTTON,REF_TABLE_ID,REF_FIELD_NAME,SPECIAL_BUTTON) VALUES ('TBLID_BEQP','EQP_MODE7','EQP_MODE7','EQP_MODE7','STRING',5,'N','Y','N','Y',-1,-1,0,0,0,'N','N','N','STRING',0,'Y',0,'Y','Y','Y','NONE',NULL,NULL,NULL,NULL,'N','N',0,NULL,NULL,0);
INSERT INTO SM_FIELD_DEF (TABLE_ID,FIELD_NAME,JP_TITLE,US_TITLE,DB_TYPE,DB_LENGTH,IS_KEY,NOT_BLANK,IS_DUMMY,IS_SEARCH_ITEM,SORT_NO,TREE_LEVEL,SHEET_NO,PAGE_NO,PROPERTY_NO,IS_AUTO,IS_MANDATORY,SYSTEM_READONLY,FIELD_TYPE,FIELD_LENGTH,INPUT_ALPHABET,INPUT_MULTIBYTE,INPUT_NUMERIC,INPUT_SYMBOL,INPUT_UPPERCASE,RETRIEVAL_TABLE,FORMAT,DEFAULT_VALUE,MIN_VALUE,MAX_VALUE,CALENDAR_BUTTON,JUMP_BUTTON,OPEN_BUTTON,REF_TABLE_ID,REF_FIELD_NAME,SPECIAL_BUTTON) VALUES ('TBLID_BEQP','EQP_MODE8','EQP_MODE8','EQP_MODE8','STRING',5,'N','Y','N','Y',-1,-1,0,0,0,'N','N','N','STRING',0,'Y',0,'Y','Y','Y','NONE',NULL,NULL,NULL,NULL,'N','N',0,NULL,NULL,0);
INSERT INTO SM_FIELD_DEF (TABLE_ID,FIELD_NAME,JP_TITLE,US_TITLE,DB_TYPE,DB_LENGTH,IS_KEY,NOT_BLANK,IS_DUMMY,IS_SEARCH_ITEM,SORT_NO,TREE_LEVEL,SHEET_NO,PAGE_NO,PROPERTY_NO,IS_AUTO,IS_MANDATORY,SYSTEM_READONLY,FIELD_TYPE,FIELD_LENGTH,INPUT_ALPHABET,INPUT_MULTIBYTE,INPUT_NUMERIC,INPUT_SYMBOL,INPUT_UPPERCASE,RETRIEVAL_TABLE,FORMAT,DEFAULT_VALUE,MIN_VALUE,MAX_VALUE,CALENDAR_BUTTON,JUMP_BUTTON,OPEN_BUTTON,REF_TABLE_ID,REF_FIELD_NAME,SPECIAL_BUTTON) VALUES ('TBLID_BEQP','EQP_MODE9','EQP_MODE9','EQP_MODE9','STRING',5,'N','Y','N','Y',-1,-1,0,0,0,'N','N','N','STRING',0,'Y',0,'Y','Y','Y','NONE',NULL,NULL,NULL,NULL,'N','N',0,NULL,NULL,0);
INSERT INTO SM_FIELD_DEF (TABLE_ID,FIELD_NAME,JP_TITLE,US_TITLE,DB_TYPE,DB_LENGTH,IS_KEY,NOT_BLANK,IS_DUMMY,IS_SEARCH_ITEM,SORT_NO,TREE_LEVEL,SHEET_NO,PAGE_NO,PROPERTY_NO,IS_AUTO,IS_MANDATORY,SYSTEM_READONLY,FIELD_TYPE,FIELD_LENGTH,INPUT_ALPHABET,INPUT_MULTIBYTE,INPUT_NUMERIC,INPUT_SYMBOL,INPUT_UPPERCASE,RETRIEVAL_TABLE,FORMAT,DEFAULT_VALUE,MIN_VALUE,MAX_VALUE,CALENDAR_BUTTON,JUMP_BUTTON,OPEN_BUTTON,REF_TABLE_ID,REF_FIELD_NAME,SPECIAL_BUTTON) VALUES ('TBLID_BEQP','EQP_MODE10','EQP_MODE10','EQP_MODE10','STRING',5,'N','Y','N','Y',-1,-1,0,0,0,'N','N','N','STRING',0,'Y',0,'Y','Y','Y','NONE',NULL,NULL,NULL,NULL,'N','N',0,NULL,NULL,0);
INSERT INTO SM_FIELD_DEF (TABLE_ID,FIELD_NAME,JP_TITLE,US_TITLE,DB_TYPE,DB_LENGTH,IS_KEY,NOT_BLANK,IS_DUMMY,IS_SEARCH_ITEM,SORT_NO,TREE_LEVEL,SHEET_NO,PAGE_NO,PROPERTY_NO,IS_AUTO,IS_MANDATORY,SYSTEM_READONLY,FIELD_TYPE,FIELD_LENGTH,INPUT_ALPHABET,INPUT_MULTIBYTE,INPUT_NUMERIC,INPUT_SYMBOL,INPUT_UPPERCASE,RETRIEVAL_TABLE,FORMAT,DEFAULT_VALUE,MIN_VALUE,MAX_VALUE,CALENDAR_BUTTON,JUMP_BUTTON,OPEN_BUTTON,REF_TABLE_ID,REF_FIELD_NAME,SPECIAL_BUTTON) VALUES ('TBLID_BEQP','WHAT_NEXT_MODE','WHAT_NEXT_MODE','WHAT_NEXT_MODE','STRING',1,'N','Y','N','Y',-1,-1,0,0,0,'N','N','N','STRING',0,'Y',0,'Y','Y','Y','NONE',NULL,NULL,NULL,NULL,'N','N',0,NULL,NULL,0);
INSERT INTO SM_FIELD_DEF (TABLE_ID,FIELD_NAME,JP_TITLE,US_TITLE,DB_TYPE,DB_LENGTH,IS_KEY,NOT_BLANK,IS_DUMMY,IS_SEARCH_ITEM,SORT_NO,TREE_LEVEL,SHEET_NO,PAGE_NO,PROPERTY_NO,IS_AUTO,IS_MANDATORY,SYSTEM_READONLY,FIELD_TYPE,FIELD_LENGTH,INPUT_ALPHABET,INPUT_MULTIBYTE,INPUT_NUMERIC,INPUT_SYMBOL,INPUT_UPPERCASE,RETRIEVAL_TABLE,FORMAT,DEFAULT_VALUE,MIN_VALUE,MAX_VALUE,CALENDAR_BUTTON,JUMP_BUTTON,OPEN_BUTTON,REF_TABLE_ID,REF_FIELD_NAME,SPECIAL_BUTTON) VALUES ('TBLID_BEQP','ECS_RESRC_NAME','ECS_RESRC_NAME','ECS_RESRC_NAME','STRING',40,'N','Y','N','Y',-1,-1,0,0,0,'N','N','N','STRING',0,'Y',0,'Y','Y','Y','NONE',NULL,NULL,NULL,NULL,'N','N',0,NULL,NULL,0);
INSERT INTO SM_FIELD_DEF (TABLE_ID,FIELD_NAME,JP_TITLE,US_TITLE,DB_TYPE,DB_LENGTH,IS_KEY,NOT_BLANK,IS_DUMMY,IS_SEARCH_ITEM,SORT_NO,TREE_LEVEL,SHEET_NO,PAGE_NO,PROPERTY_NO,IS_AUTO,IS_MANDATORY,SYSTEM_READONLY,FIELD_TYPE,FIELD_LENGTH,INPUT_ALPHABET,INPUT_MULTIBYTE,INPUT_NUMERIC,INPUT_SYMBOL,INPUT_UPPERCASE,RETRIEVAL_TABLE,FORMAT,DEFAULT_VALUE,MIN_VALUE,MAX_VALUE,CALENDAR_BUTTON,JUMP_BUTTON,OPEN_BUTTON,REF_TABLE_ID,REF_FIELD_NAME,SPECIAL_BUTTON) VALUES ('TBLID_BEQP','LOT_SEL_RULE1','LOT_SEL_RULE1','LOT_SEL_RULE1','STRING',1,'N','Y','N','Y',-1,-1,0,0,0,'N','N','N','STRING',0,'Y',0,'Y','Y','Y','NONE',NULL,NULL,NULL,NULL,'N','N',0,NULL,NULL,0);
INSERT INTO SM_FIELD_DEF (TABLE_ID,FIELD_NAME,JP_TITLE,US_TITLE,DB_TYPE,DB_LENGTH,IS_KEY,NOT_BLANK,IS_DUMMY,IS_SEARCH_ITEM,SORT_NO,TREE_LEVEL,SHEET_NO,PAGE_NO,PROPERTY_NO,IS_AUTO,IS_MANDATORY,SYSTEM_READONLY,FIELD_TYPE,FIELD_LENGTH,INPUT_ALPHABET,INPUT_MULTIBYTE,INPUT_NUMERIC,INPUT_SYMBOL,INPUT_UPPERCASE,RETRIEVAL_TABLE,FORMAT,DEFAULT_VALUE,MIN_VALUE,MAX_VALUE,CALENDAR_BUTTON,JUMP_BUTTON,OPEN_BUTTON,REF_TABLE_ID,REF_FIELD_NAME,SPECIAL_BUTTON) VALUES ('TBLID_BEQP','LOT_SEL_RULE2','LOT_SEL_RULE2','LOT_SEL_RULE2','STRING',1,'N','Y','N','Y',-1,-1,0,0,0,'N','N','N','STRING',0,'Y',0,'Y','Y','Y','NONE',NULL,NULL,NULL,NULL,'N','N',0,NULL,NULL,0);
INSERT INTO SM_FIELD_DEF (TABLE_ID,FIELD_NAME,JP_TITLE,US_TITLE,DB_TYPE,DB_LENGTH,IS_KEY,NOT_BLANK,IS_DUMMY,IS_SEARCH_ITEM,SORT_NO,TREE_LEVEL,SHEET_NO,PAGE_NO,PROPERTY_NO,IS_AUTO,IS_MANDATORY,SYSTEM_READONLY,FIELD_TYPE,FIELD_LENGTH,INPUT_ALPHABET,INPUT_MULTIBYTE,INPUT_NUMERIC,INPUT_SYMBOL,INPUT_UPPERCASE,RETRIEVAL_TABLE,FORMAT,DEFAULT_VALUE,MIN_VALUE,MAX_VALUE,CALENDAR_BUTTON,JUMP_BUTTON,OPEN_BUTTON,REF_TABLE_ID,REF_FIELD_NAME,SPECIAL_BUTTON) VALUES ('TBLID_BEQP','LOT_SEL_RULE3','LOT_SEL_RULE3','LOT_SEL_RULE3','STRING',1,'N','Y','N','Y',-1,-1,0,0,0,'N','N','N','STRING',0,'Y',0,'Y','Y','Y','NONE',NULL,NULL,NULL,NULL,'N','N',0,NULL,NULL,0);
INSERT INTO SM_FIELD_DEF (TABLE_ID,FIELD_NAME,JP_TITLE,US_TITLE,DB_TYPE,DB_LENGTH,IS_KEY,NOT_BLANK,IS_DUMMY,IS_SEARCH_ITEM,SORT_NO,TREE_LEVEL,SHEET_NO,PAGE_NO,PROPERTY_NO,IS_AUTO,IS_MANDATORY,SYSTEM_READONLY,FIELD_TYPE,FIELD_LENGTH,INPUT_ALPHABET,INPUT_MULTIBYTE,INPUT_NUMERIC,INPUT_SYMBOL,INPUT_UPPERCASE,RETRIEVAL_TABLE,FORMAT,DEFAULT_VALUE,MIN_VALUE,MAX_VALUE,CALENDAR_BUTTON,JUMP_BUTTON,OPEN_BUTTON,REF_TABLE_ID,REF_FIELD_NAME,SPECIAL_BUTTON) VALUES ('TBLID_BEQP','LOT_SEL_RULE4','LOT_SEL_RULE4','LOT_SEL_RULE4','STRING',1,'N','Y','N','Y',-1,-1,0,0,0,'N','N','N','STRING',0,'Y',0,'Y','Y','Y','NONE',NULL,NULL,NULL,NULL,'N','N',0,NULL,NULL,0);
INSERT INTO SM_FIELD_DEF (TABLE_ID,FIELD_NAME,JP_TITLE,US_TITLE,DB_TYPE,DB_LENGTH,IS_KEY,NOT_BLANK,IS_DUMMY,IS_SEARCH_ITEM,SORT_NO,TREE_LEVEL,SHEET_NO,PAGE_NO,PROPERTY_NO,IS_AUTO,IS_MANDATORY,SYSTEM_READONLY,FIELD_TYPE,FIELD_LENGTH,INPUT_ALPHABET,INPUT_MULTIBYTE,INPUT_NUMERIC,INPUT_SYMBOL,INPUT_UPPERCASE,RETRIEVAL_TABLE,FORMAT,DEFAULT_VALUE,MIN_VALUE,MAX_VALUE,CALENDAR_BUTTON,JUMP_BUTTON,OPEN_BUTTON,REF_TABLE_ID,REF_FIELD_NAME,SPECIAL_BUTTON) VALUES ('TBLID_BEQP','PM_FLG','PM_FLG','PM_FLG','STRING',1,'N','Y','N','Y',-1,-1,0,0,0,'N','N','N','STRING',0,'Y',0,'Y','Y','Y','NONE',NULL,NULL,NULL,NULL,'N','N',0,NULL,NULL,0);
INSERT INTO SM_FIELD_DEF (TABLE_ID,FIELD_NAME,JP_TITLE,US_TITLE,DB_TYPE,DB_LENGTH,IS_KEY,NOT_BLANK,IS_DUMMY,IS_SEARCH_ITEM,SORT_NO,TREE_LEVEL,SHEET_NO,PAGE_NO,PROPERTY_NO,IS_AUTO,IS_MANDATORY,SYSTEM_READONLY,FIELD_TYPE,FIELD_LENGTH,INPUT_ALPHABET,INPUT_MULTIBYTE,INPUT_NUMERIC,INPUT_SYMBOL,INPUT_UPPERCASE,RETRIEVAL_TABLE,FORMAT,DEFAULT_VALUE,MIN_VALUE,MAX_VALUE,CALENDAR_BUTTON,JUMP_BUTTON,OPEN_BUTTON,REF_TABLE_ID,REF_FIELD_NAME,SPECIAL_BUTTON) VALUES ('TBLID_BEQP','FAB_ID','FAB_ID','FAB_ID','STRING',10,'N','Y','N','Y',-1,-1,0,0,0,'N','N','N','STRING',0,'Y',0,'Y','Y','Y','NONE',NULL,NULL,NULL,NULL,'N','N',0,NULL,NULL,0);
INSERT INTO SM_FIELD_DEF (TABLE_ID,FIELD_NAME,JP_TITLE,US_TITLE,DB_TYPE,DB_LENGTH,IS_KEY,NOT_BLANK,IS_DUMMY,IS_SEARCH_ITEM,SORT_NO,TREE_LEVEL,SHEET_NO,PAGE_NO,PROPERTY_NO,IS_AUTO,IS_MANDATORY,SYSTEM_READONLY,FIELD_TYPE,FIELD_LENGTH,INPUT_ALPHABET,INPUT_MULTIBYTE,INPUT_NUMERIC,INPUT_SYMBOL,INPUT_UPPERCASE,RETRIEVAL_TABLE,FORMAT,DEFAULT_VALUE,MIN_VALUE,MAX_VALUE,CALENDAR_BUTTON,JUMP_BUTTON,OPEN_BUTTON,REF_TABLE_ID,REF_FIELD_NAME,SPECIAL_BUTTON) VALUES ('TBLID_BEQP','LINE_ID','LINE_ID','LINE_ID','STRING',10,'N','Y','N','Y',-1,-1,0,0,0,'N','N','N','STRING',0,'Y',0,'Y','Y','Y','NONE',NULL,NULL,NULL,NULL,'N','N',0,NULL,NULL,0);
INSERT INTO SM_FIELD_DEF (TABLE_ID,FIELD_NAME,JP_TITLE,US_TITLE,DB_TYPE,DB_LENGTH,IS_KEY,NOT_BLANK,IS_DUMMY,IS_SEARCH_ITEM,SORT_NO,TREE_LEVEL,SHEET_NO,PAGE_NO,PROPERTY_NO,IS_AUTO,IS_MANDATORY,SYSTEM_READONLY,FIELD_TYPE,FIELD_LENGTH,INPUT_ALPHABET,INPUT_MULTIBYTE,INPUT_NUMERIC,INPUT_SYMBOL,INPUT_UPPERCASE,RETRIEVAL_TABLE,FORMAT,DEFAULT_VALUE,MIN_VALUE,MAX_VALUE,CALENDAR_BUTTON,JUMP_BUTTON,OPEN_BUTTON,REF_TABLE_ID,REF_FIELD_NAME,SPECIAL_BUTTON) VALUES ('TBLID_BEQP','WRK_PLATE_TYPE','WRK_PLATE_TYPE','WRK_PLATE_TYPE','STRING',2,'N','Y','N','Y',-1,-1,0,0,0,'N','N','N','STRING',0,'Y',0,'Y','Y','Y','NONE',NULL,NULL,NULL,NULL,'N','N',0,NULL,NULL,0);
INSERT INTO SM_FIELD_DEF (TABLE_ID,FIELD_NAME,JP_TITLE,US_TITLE,DB_TYPE,DB_LENGTH,IS_KEY,NOT_BLANK,IS_DUMMY,IS_SEARCH_ITEM,SORT_NO,TREE_LEVEL,SHEET_NO,PAGE_NO,PROPERTY_NO,IS_AUTO,IS_MANDATORY,SYSTEM_READONLY,FIELD_TYPE,FIELD_LENGTH,INPUT_ALPHABET,INPUT_MULTIBYTE,INPUT_NUMERIC,INPUT_SYMBOL,INPUT_UPPERCASE,RETRIEVAL_TABLE,FORMAT,DEFAULT_VALUE,MIN_VALUE,MAX_VALUE,CALENDAR_BUTTON,JUMP_BUTTON,OPEN_BUTTON,REF_TABLE_ID,REF_FIELD_NAME,SPECIAL_BUTTON) VALUES ('TBLID_BEQP','GRAND_EQP','GRAND_EQP','GRAND_EQP','STRING',10,'N','Y','N','Y',-1,-1,0,0,0,'N','N','N','STRING',0,'Y',0,'Y','Y','Y','NONE',NULL,NULL,NULL,NULL,'N','N',0,NULL,NULL,0);
INSERT INTO SM_FIELD_DEF (TABLE_ID,FIELD_NAME,JP_TITLE,US_TITLE,DB_TYPE,DB_LENGTH,IS_KEY,NOT_BLANK,IS_DUMMY,IS_SEARCH_ITEM,SORT_NO,TREE_LEVEL,SHEET_NO,PAGE_NO,PROPERTY_NO,IS_AUTO,IS_MANDATORY,SYSTEM_READONLY,FIELD_TYPE,FIELD_LENGTH,INPUT_ALPHABET,INPUT_MULTIBYTE,INPUT_NUMERIC,INPUT_SYMBOL,INPUT_UPPERCASE,RETRIEVAL_TABLE,FORMAT,DEFAULT_VALUE,MIN_VALUE,MAX_VALUE,CALENDAR_BUTTON,JUMP_BUTTON,OPEN_BUTTON,REF_TABLE_ID,REF_FIELD_NAME,SPECIAL_BUTTON) VALUES ('TBLID_BEQP','DSP_AREA','DSP_AREA','DSP_AREA','STRING',6,'N','Y','N','Y',-1,-1,0,0,0,'N','N','N','STRING',0,'Y',0,'Y','Y','Y','NONE',NULL,NULL,NULL,NULL,'N','N',0,NULL,NULL,0);
INSERT INTO SM_FIELD_DEF (TABLE_ID,FIELD_NAME,JP_TITLE,US_TITLE,DB_TYPE,DB_LENGTH,IS_KEY,NOT_BLANK,IS_DUMMY,IS_SEARCH_ITEM,SORT_NO,TREE_LEVEL,SHEET_NO,PAGE_NO,PROPERTY_NO,IS_AUTO,IS_MANDATORY,SYSTEM_READONLY,FIELD_TYPE,FIELD_LENGTH,INPUT_ALPHABET,INPUT_MULTIBYTE,INPUT_NUMERIC,INPUT_SYMBOL,INPUT_UPPERCASE,RETRIEVAL_TABLE,FORMAT,DEFAULT_VALUE,MIN_VALUE,MAX_VALUE,CALENDAR_BUTTON,JUMP_BUTTON,OPEN_BUTTON,REF_TABLE_ID,REF_FIELD_NAME,SPECIAL_BUTTON) VALUES ('TBLID_BEQP','RP_RATE','RP_RATE','RP_RATE','STRING',0,'N','Y','N','Y',-1,-1,0,0,0,'N','N','N','STRING',0,'Y',0,'Y','Y','Y','NONE',NULL,NULL,NULL,NULL,'N','N',0,NULL,NULL,0);
INSERT INTO SM_FIELD_DEF (TABLE_ID,FIELD_NAME,JP_TITLE,US_TITLE,DB_TYPE,DB_LENGTH,IS_KEY,NOT_BLANK,IS_DUMMY,IS_SEARCH_ITEM,SORT_NO,TREE_LEVEL,SHEET_NO,PAGE_NO,PROPERTY_NO,IS_AUTO,IS_MANDATORY,SYSTEM_READONLY,FIELD_TYPE,FIELD_LENGTH,INPUT_ALPHABET,INPUT_MULTIBYTE,INPUT_NUMERIC,INPUT_SYMBOL,INPUT_UPPERCASE,RETRIEVAL_TABLE,FORMAT,DEFAULT_VALUE,MIN_VALUE,MAX_VALUE,CALENDAR_BUTTON,JUMP_BUTTON,OPEN_BUTTON,REF_TABLE_ID,REF_FIELD_NAME,SPECIAL_BUTTON) VALUES ('TBLID_BEQP','LINE_CNT','LINE_CNT','LINE_CNT','STRING',0,'N','Y','N','Y',-1,-1,0,0,0,'N','N','N','STRING',0,'Y',0,'Y','Y','Y','NONE',NULL,NULL,NULL,NULL,'N','N',0,NULL,NULL,0);
INSERT INTO SM_FIELD_DEF (TABLE_ID,FIELD_NAME,JP_TITLE,US_TITLE,DB_TYPE,DB_LENGTH,IS_KEY,NOT_BLANK,IS_DUMMY,IS_SEARCH_ITEM,SORT_NO,TREE_LEVEL,SHEET_NO,PAGE_NO,PROPERTY_NO,IS_AUTO,IS_MANDATORY,SYSTEM_READONLY,FIELD_TYPE,FIELD_LENGTH,INPUT_ALPHABET,INPUT_MULTIBYTE,INPUT_NUMERIC,INPUT_SYMBOL,INPUT_UPPERCASE,RETRIEVAL_TABLE,FORMAT,DEFAULT_VALUE,MIN_VALUE,MAX_VALUE,CALENDAR_BUTTON,JUMP_BUTTON,OPEN_BUTTON,REF_TABLE_ID,REF_FIELD_NAME,SPECIAL_BUTTON) VALUES ('TBLID_BEQP','UNIT_CNT','UNIT_CNT','UNIT_CNT','STRING',0,'N','Y','N','Y',-1,-1,0,0,0,'N','N','N','STRING',0,'Y',0,'Y','Y','Y','NONE',NULL,NULL,NULL,NULL,'N','N',0,NULL,NULL,0);
INSERT INTO SM_FIELD_DEF (TABLE_ID,FIELD_NAME,JP_TITLE,US_TITLE,DB_TYPE,DB_LENGTH,IS_KEY,NOT_BLANK,IS_DUMMY,IS_SEARCH_ITEM,SORT_NO,TREE_LEVEL,SHEET_NO,PAGE_NO,PROPERTY_NO,IS_AUTO,IS_MANDATORY,SYSTEM_READONLY,FIELD_TYPE,FIELD_LENGTH,INPUT_ALPHABET,INPUT_MULTIBYTE,INPUT_NUMERIC,INPUT_SYMBOL,INPUT_UPPERCASE,RETRIEVAL_TABLE,FORMAT,DEFAULT_VALUE,MIN_VALUE,MAX_VALUE,CALENDAR_BUTTON,JUMP_BUTTON,OPEN_BUTTON,REF_TABLE_ID,REF_FIELD_NAME,SPECIAL_BUTTON) VALUES ('TBLID_BEQP','MCS_RESRC_NAME','MCS_RESRC_NAME','MCS_RESRC_NAME','STRING',40,'N','N','N','Y',-1,-1,0,0,0,'N','N','N','STRING',0,'Y',0,'Y','Y','Y','NONE',NULL,NULL,NULL,NULL,'N','N',0,NULL,NULL,0);
INSERT INTO SM_FIELD_DEF (TABLE_ID,FIELD_NAME,JP_TITLE,US_TITLE,DB_TYPE,DB_LENGTH,IS_KEY,NOT_BLANK,IS_DUMMY,IS_SEARCH_ITEM,SORT_NO,TREE_LEVEL,SHEET_NO,PAGE_NO,PROPERTY_NO,IS_AUTO,IS_MANDATORY,SYSTEM_READONLY,FIELD_TYPE,FIELD_LENGTH,INPUT_ALPHABET,INPUT_MULTIBYTE,INPUT_NUMERIC,INPUT_SYMBOL,INPUT_UPPERCASE,RETRIEVAL_TABLE,FORMAT,DEFAULT_VALUE,MIN_VALUE,MAX_VALUE,CALENDAR_BUTTON,JUMP_BUTTON,OPEN_BUTTON,REF_TABLE_ID,REF_FIELD_NAME,SPECIAL_BUTTON) VALUES ('TBLID_BEQP','ULRQ_WAIT_TIME','ULRQ_WAIT_TIME','ULRQ_WAIT_TIME','STRING',0,'N','Y','N','Y',-1,-1,0,0,0,'N','N','N','STRING',0,'Y',0,'Y','Y','Y','NONE',NULL,NULL,NULL,NULL,'N','N',0,NULL,NULL,0);
INSERT INTO SM_CHECK_DEF (TABLE_ID,CHECK_TYPE,CHECK_ORDER,CHECK_KIND,FIELD_NAME,REF_TABLE,REF_FIELD,EXPECT_VALUE,ERR_MSG) VALUES ('TBLID_BEQP','SAVE',1,'STAT_E',NULL,NULL,NULL,NULL,NULL);
INSERT INTO SM_CHECK_DEF (TABLE_ID,CHECK_TYPE,CHECK_ORDER,CHECK_KIND,FIELD_NAME,REF_TABLE,REF_FIELD,EXPECT_VALUE,ERR_MSG) VALUES ('TBLID_BEQP','SAVE',2,'STRING','lock_user',NULL,NULL,'',NULL);
INSERT INTO SM_CHECK_DEF (TABLE_ID,CHECK_TYPE,CHECK_ORDER,CHECK_KIND,FIELD_NAME,REF_TABLE,REF_FIELD,EXPECT_VALUE,ERR_MSG) VALUES ('TBLID_BEQP','SAVE',3,'NULLCHK','lock_time',NULL,NULL,NULL,NULL);
INSERT INTO SM_CHECK_DEF (TABLE_ID,CHECK_TYPE,CHECK_ORDER,CHECK_KIND,FIELD_NAME,REF_TABLE,REF_FIELD,EXPECT_VALUE,ERR_MSG) VALUES ('TBLID_BEQP','RELEASE',1,'STAT_E',NULL,NULL,NULL,NULL,NULL);
INSERT INTO SM_CHECK_DEF (TABLE_ID,CHECK_TYPE,CHECK_ORDER,CHECK_KIND,FIELD_NAME,REF_TABLE,REF_FIELD,EXPECT_VALUE,ERR_MSG) VALUES ('TBLID_BEQP','RELEASE',2,'STRING','lock_user',NULL,NULL,'',NULL);
INSERT INTO SM_CHECK_DEF (TABLE_ID,CHECK_TYPE,CHECK_ORDER,CHECK_KIND,FIELD_NAME,REF_TABLE,REF_FIELD,EXPECT_VALUE,ERR_MSG) VALUES ('TBLID_BEQP','RELEASE',3,'NULLCHK','lock_time',NULL,NULL,NULL,NULL);
INSERT INTO SM_CHECK_DEF (TABLE_ID,CHECK_TYPE,CHECK_ORDER,CHECK_KIND,FIELD_NAME,REF_TABLE,REF_FIELD,EXPECT_VALUE,ERR_MSG) VALUES ('TBLID_BEQP','RELEASE',4,'RELEASE_PARAM','eqp_id','D10',NULL,NULL,NULL);
INSERT INTO SM_CHECK_DEF (TABLE_ID,CHECK_TYPE,CHECK_ORDER,CHECK_KIND,FIELD_NAME,REF_TABLE,REF_FIELD,EXPECT_VALUE,ERR_MSG) VALUES ('TBLID_BEQP','RELEASE',5,'RELEASE_WRITE','eqp_name','D0',NULL,NULL,NULL);
INSERT INTO SM_CHECK_DEF (TABLE_ID,CHECK_TYPE,CHECK_ORDER,CHECK_KIND,FIELD_NAME,REF_TABLE,REF_FIELD,EXPECT_VALUE,ERR_MSG) VALUES ('TBLID_BEQP','RELEASE',6,'RELEASE_WRITE','eqp_desc','D0',NULL,NULL,NULL);
INSERT INTO SM_CHECK_DEF (TABLE_ID,CHECK_TYPE,CHECK_ORDER,CHECK_KIND,FIELD_NAME,REF_TABLE,REF_FIELD,EXPECT_VALUE,ERR_MSG) VALUES ('TBLID_BEQP','RELEASE',7,'RELEASE_WRITE','eqp_cat','D0',NULL,NULL,NULL);
INSERT INTO SM_CHECK_DEF (TABLE_ID,CHECK_TYPE,CHECK_ORDER,CHECK_KIND,FIELD_NAME,REF_TABLE,REF_FIELD,EXPECT_VALUE,ERR_MSG) VALUES ('TBLID_BEQP','RELEASE',8,'RELEASE_WRITE','eqp_property','D0',NULL,NULL,NULL);
INSERT INTO SM_CHECK_DEF (TABLE_ID,CHECK_TYPE,CHECK_ORDER,CHECK_KIND,FIELD_NAME,REF_TABLE,REF_FIELD,EXPECT_VALUE,ERR_MSG) VALUES ('TBLID_BEQP','RELEASE',9,'RELEASE_WRITE','eqp_mode1','D0',NULL,NULL,NULL);
INSERT INTO SM_CHECK_DEF (TABLE_ID,CHECK_TYPE,CHECK_ORDER,CHECK_KIND,FIELD_NAME,REF_TABLE,REF_FIELD,EXPECT_VALUE,ERR_MSG) VALUES ('TBLID_BEQP','RELEASE',10,'RELEASE_WRITE','eqp_mode2','D0',NULL,NULL,NULL);
INSERT INTO SM_CHECK_DEF (TABLE_ID,CHECK_TYPE,CHECK_ORDER,CHECK_KIND,FIELD_NAME,REF_TABLE,REF_FIELD,EXPECT_VALUE,ERR_MSG) VALUES ('TBLID_BEQP','RELEASE',11,'RELEASE_WRITE','eqp_mode3','D0',NULL,NULL,NULL);
INSERT INTO SM_CHECK_DEF (TABLE_ID,CHECK_TYPE,CHECK_ORDER,CHECK_KIND,FIELD_NAME,REF_TABLE,REF_FIELD,EXPECT_VALUE,ERR_MSG) VALUES ('TBLID_BEQP','RELEASE',12,'RELEASE_WRITE','eqp_mode4','D0',NULL,NULL,NULL);
INSERT INTO SM_CHECK_DEF (TABLE_ID,CHECK_TYPE,CHECK_ORDER,CHECK_KIND,FIELD_NAME,REF_TABLE,REF_FIELD,EXPECT_VALUE,ERR_MSG) VALUES ('TBLID_BEQP','RELEASE',13,'RELEASE_WRITE','eqp_mode5','D0',NULL,NULL,NULL);
INSERT INTO SM_CHECK_DEF (TABLE_ID,CHECK_TYPE,CHECK_ORDER,CHECK_KIND,FIELD_NAME,REF_TABLE,REF_FIELD,EXPECT_VALUE,ERR_MSG) VALUES ('TBLID_BEQP','RELEASE',14,'RELEASE_WRITE','eqp_mode6','D0',NULL,NULL,NULL);
INSERT INTO SM_CHECK_DEF (TABLE_ID,CHECK_TYPE,CHECK_ORDER,CHECK_KIND,FIELD_NAME,REF_TABLE,REF_FIELD,EXPECT_VALUE,ERR_MSG) VALUES ('TBLID_BEQP','RELEASE',15,'RELEASE_WRITE','eqp_mode7','D0',NULL,NULL,NULL);
INSERT INTO SM_CHECK_DEF (TABLE_ID,CHECK_TYPE,CHECK_ORDER,CHECK_KIND,FIELD_NAME,REF_TABLE,REF_FIELD,EXPECT_VALUE,ERR_MSG) VALUES ('TBLID_BEQP','RELEASE',16,'RELEASE_WRITE','eqp_mode8','D0',NULL,NULL,NULL);
INSERT INTO SM_CHECK_DEF (TABLE_ID,CHECK_TYPE,CHECK_ORDER,CHECK_KIND,FIELD_NAME,REF_TABLE,REF_FIELD,EXPECT_VALUE,ERR_MSG) VALUES ('TBLID_BEQP','RELEASE',17,'RELEASE_WRITE','eqp_mode9','D0',NULL,NULL,NULL);
INSERT INTO SM_CHECK_DEF (TABLE_ID,CHECK_TYPE,CHECK_ORDER,CHECK_KIND,FIELD_NAME,REF_TABLE,REF_FIELD,EXPECT_VALUE,ERR_MSG) VALUES ('TBLID_BEQP','RELEASE',18,'RELEASE_WRITE','eqp_mode10','D0',NULL,NULL,NULL);
INSERT INTO SM_CHECK_DEF (TABLE_ID,CHECK_TYPE,CHECK_ORDER,CHECK_KIND,FIELD_NAME,REF_TABLE,REF_FIELD,EXPECT_VALUE,ERR_MSG) VALUES ('TBLID_BEQP','RELEASE',19,'RELEASE_WRITE','what_next_mode','D0',NULL,NULL,NULL);
INSERT INTO SM_CHECK_DEF (TABLE_ID,CHECK_TYPE,CHECK_ORDER,CHECK_KIND,FIELD_NAME,REF_TABLE,REF_FIELD,EXPECT_VALUE,ERR_MSG) VALUES ('TBLID_BEQP','RELEASE',20,'RELEASE_WRITE','ecs_resrc_name','D0',NULL,NULL,NULL);
INSERT INTO SM_CHECK_DEF (TABLE_ID,CHECK_TYPE,CHECK_ORDER,CHECK_KIND,FIELD_NAME,REF_TABLE,REF_FIELD,EXPECT_VALUE,ERR_MSG) VALUES ('TBLID_BEQP','RELEASE',21,'RELEASE_WRITE','lot_sel_rule1','D0',NULL,NULL,NULL);
INSERT INTO SM_CHECK_DEF (TABLE_ID,CHECK_TYPE,CHECK_ORDER,CHECK_KIND,FIELD_NAME,REF_TABLE,REF_FIELD,EXPECT_VALUE,ERR_MSG) VALUES ('TBLID_BEQP','RELEASE',22,'RELEASE_WRITE','lot_sel_rule2','D0',NULL,NULL,NULL);
INSERT INTO SM_CHECK_DEF (TABLE_ID,CHECK_TYPE,CHECK_ORDER,CHECK_KIND,FIELD_NAME,REF_TABLE,REF_FIELD,EXPECT_VALUE,ERR_MSG) VALUES ('TBLID_BEQP','RELEASE',23,'RELEASE_WRITE','lot_sel_rule3','D0',NULL,NULL,NULL);
INSERT INTO SM_CHECK_DEF (TABLE_ID,CHECK_TYPE,CHECK_ORDER,CHECK_KIND,FIELD_NAME,REF_TABLE,REF_FIELD,EXPECT_VALUE,ERR_MSG) VALUES ('TBLID_BEQP','RELEASE',24,'RELEASE_WRITE','lot_sel_rule4','D0',NULL,NULL,NULL);
INSERT INTO SM_CHECK_DEF (TABLE_ID,CHECK_TYPE,CHECK_ORDER,CHECK_KIND,FIELD_NAME,REF_TABLE,REF_FIELD,EXPECT_VALUE,ERR_MSG) VALUES ('TBLID_BEQP','RELEASE',25,'RELEASE_WRITE','pm_flg','D0',NULL,NULL,NULL);
INSERT INTO SM_CHECK_DEF (TABLE_ID,CHECK_TYPE,CHECK_ORDER,CHECK_KIND,FIELD_NAME,REF_TABLE,REF_FIELD,EXPECT_VALUE,ERR_MSG) VALUES ('TBLID_BEQP','RELEASE',26,'RELEASE_WRITE','fab_id','D0',NULL,NULL,NULL);
INSERT INTO SM_CHECK_DEF (TABLE_ID,CHECK_TYPE,CHECK_ORDER,CHECK_KIND,FIELD_NAME,REF_TABLE,REF_FIELD,EXPECT_VALUE,ERR_MSG) VALUES ('TBLID_BEQP','RELEASE',27,'RELEASE_WRITE','line_id','D0',NULL,NULL,NULL);
INSERT INTO SM_CHECK_DEF (TABLE_ID,CHECK_TYPE,CHECK_ORDER,CHECK_KIND,FIELD_NAME,REF_TABLE,REF_FIELD,EXPECT_VALUE,ERR_MSG) VALUES ('TBLID_BEQP','RELEASE',28,'RELEASE_WRITE','wrk_plate_type','D0',NULL,NULL,NULL);
INSERT INTO SM_CHECK_DEF (TABLE_ID,CHECK_TYPE,CHECK_ORDER,CHECK_KIND,FIELD_NAME,REF_TABLE,REF_FIELD,EXPECT_VALUE,ERR_MSG) VALUES ('TBLID_BEQP','RELEASE',29,'RELEASE_WRITE','grand_eqp','D0',NULL,NULL,NULL);
INSERT INTO SM_CHECK_DEF (TABLE_ID,CHECK_TYPE,CHECK_ORDER,CHECK_KIND,FIELD_NAME,REF_TABLE,REF_FIELD,EXPECT_VALUE,ERR_MSG) VALUES ('TBLID_BEQP','RELEASE',30,'RELEASE_WRITE','dsp_area','D0',NULL,NULL,NULL);
INSERT INTO SM_CHECK_DEF (TABLE_ID,CHECK_TYPE,CHECK_ORDER,CHECK_KIND,FIELD_NAME,REF_TABLE,REF_FIELD,EXPECT_VALUE,ERR_MSG) VALUES ('TBLID_BEQP','RELEASE',31,'RELEASE_WRITE','rp_rate','D0',NULL,NULL,NULL);
INSERT INTO SM_CHECK_DEF (TABLE_ID,CHECK_TYPE,CHECK_ORDER,CHECK_KIND,FIELD_NAME,REF_TABLE,REF_FIELD,EXPECT_VALUE,ERR_MSG) VALUES ('TBLID_BEQP','RELEASE',32,'RELEASE_WRITE','line_cnt','D0',NULL,NULL,NULL);
INSERT INTO SM_CHECK_DEF (TABLE_ID,CHECK_TYPE,CHECK_ORDER,CHECK_KIND,FIELD_NAME,REF_TABLE,REF_FIELD,EXPECT_VALUE,ERR_MSG) VALUES ('TBLID_BEQP','RELEASE',33,'RELEASE_WRITE','unit_cnt','D0',NULL,NULL,NULL);
INSERT INTO SM_CHECK_DEF (TABLE_ID,CHECK_TYPE,CHECK_ORDER,CHECK_KIND,FIELD_NAME,REF_TABLE,REF_FIELD,EXPECT_VALUE,ERR_MSG) VALUES ('TBLID_BEQP','RELEASE',34,'RELEASE_WRITE','mcs_resrc_name','D0',NULL,NULL,NULL);
INSERT INTO SM_CHECK_DEF (TABLE_ID,CHECK_TYPE,CHECK_ORDER,CHECK_KIND,FIELD_NAME,REF_TABLE,REF_FIELD,EXPECT_VALUE,ERR_MSG) VALUES ('TBLID_BEQP','RELEASE',35,'RELEASE_WRITE','ulrq_wait_time','D0',NULL,NULL,NULL);
INSERT INTO SM_CHECK_DEF (TABLE_ID,CHECK_TYPE,CHECK_ORDER,CHECK_KIND,FIELD_NAME,REF_TABLE,REF_FIELD,EXPECT_VALUE,ERR_MSG) VALUES ('TBLID_BEQP','DELETE',1,'STAT_R',NULL,NULL,NULL,NULL,NULL);
INSERT INTO SM_CHECK_DEF (TABLE_ID,CHECK_TYPE,CHECK_ORDER,CHECK_KIND,FIELD_NAME,REF_TABLE,REF_FIELD,EXPECT_VALUE,ERR_MSG) VALUES ('TBLID_BEQP','DELETE',2,'STRING','lock_user',NULL,NULL,'',NULL);
INSERT INTO SM_CHECK_DEF (TABLE_ID,CHECK_TYPE,CHECK_ORDER,CHECK_KIND,FIELD_NAME,REF_TABLE,REF_FIELD,EXPECT_VALUE,ERR_MSG) VALUES ('TBLID_BEQP','DELETE',3,'NULLCHK','lock_time',NULL,NULL,NULL,NULL);
INSERT INTO SM_CHECK_DEF (TABLE_ID,CHECK_TYPE,CHECK_ORDER,CHECK_KIND,FIELD_NAME,REF_TABLE,REF_FIELD,EXPECT_VALUE,ERR_MSG) VALUES ('TBLID_BEQP','DELETE',4,'KEY','eqp_id','0','',NULL,NULL);
INSERT INTO SM_CHECK_DEF (TABLE_ID,CHECK_TYPE,CHECK_ORDER,CHECK_KIND,FIELD_NAME,REF_TABLE,REF_FIELD,EXPECT_VALUE,ERR_MSG) VALUES ('TBLID_BEQP','DELETE',5,'STAT_R',NULL,NULL,NULL,NULL,NULL);
INSERT INTO SM_CHECK_DEF (TABLE_ID,CHECK_TYPE,CHECK_ORDER,CHECK_KIND,FIELD_NAME,REF_TABLE,REF_FIELD,EXPECT_VALUE,ERR_MSG) VALUES ('TBLID_BEQP','DELETE',6,'KEY','eqp_id','0','',NULL,NULL);
INSERT INTO SM_CHECK_DEF (TABLE_ID,CHECK_TYPE,CHECK_ORDER,CHECK_KIND,FIELD_NAME,REF_TABLE,REF_FIELD,EXPECT_VALUE,ERR_MSG) VALUES ('TBLID_BEQP','DELETE',7,'STAT_R',NULL,NULL,NULL,NULL,NULL);
INSERT INTO SM_CHECK_DEF (TABLE_ID,CHECK_TYPE,CHECK_ORDER,CHECK_KIND,FIELD_NAME,REF_TABLE,REF_FIELD,EXPECT_VALUE,ERR_MSG) VALUES ('TBLID_BEQP','DELETE',8,'KEY','eqp_id','0','',NULL,NULL);
INSERT INTO SM_CHECK_DEF (TABLE_ID,CHECK_TYPE,CHECK_ORDER,CHECK_KIND,FIELD_NAME,REF_TABLE,REF_FIELD,EXPECT_VALUE,ERR_MSG) VALUES ('TBLID_BEQP','DELETE',9,'STAT_R',NULL,NULL,NULL,NULL,NULL);
INSERT INTO SM_CHECK_DEF (TABLE_ID,CHECK_TYPE,CHECK_ORDER,CHECK_KIND,FIELD_NAME,REF_TABLE,REF_FIELD,EXPECT_VALUE,ERR_MSG) VALUES ('TBLID_BEQP','DELETE',10,'KEY','eqp_id','0','',NULL,NULL);
INSERT INTO SM_CHECK_DEF (TABLE_ID,CHECK_TYPE,CHECK_ORDER,CHECK_KIND,FIELD_NAME,REF_TABLE,REF_FIELD,EXPECT_VALUE,ERR_MSG) VALUES ('TBLID_BEQP','DELETE',11,'STAT_R',NULL,NULL,NULL,NULL,NULL);
INSERT INTO SM_CHECK_DEF (TABLE_ID,CHECK_TYPE,CHECK_ORDER,CHECK_KIND,FIELD_NAME,REF_TABLE,REF_FIELD,EXPECT_VALUE,ERR_MSG) VALUES ('TBLID_BEQP','DELETE',12,'KEY','eqp_id','0','',NULL,NULL);
INSERT INTO SM_CHECK_DEF (TABLE_ID,CHECK_TYPE,CHECK_ORDER,CHECK_KIND,FIELD_NAME,REF_TABLE,REF_FIELD,EXPECT_VALUE,ERR_MSG) VALUES ('TBLID_BEQP','DELETE',13,'STAT_R',NULL,NULL,NULL,NULL,NULL);
INSERT INTO SM_CHECK_DEF (TABLE_ID,CHECK_TYPE,CHECK_ORDER,CHECK_KIND,FIELD_NAME,REF_TABLE,REF_FIELD,EXPECT_VALUE,ERR_MSG) VALUES ('TBLID_BEQP','DELETE',14,'KEY','eqp_id','0','',NULL,NULL);
INSERT INTO SM_CHECK_DEF (TABLE_ID,CHECK_TYPE,CHECK_ORDER,CHECK_KIND,FIELD_NAME,REF_TABLE,REF_FIELD,EXPECT_VALUE,ERR_MSG) VALUES ('TBLID_BEQP','DELETE',15,'STAT_R',NULL,NULL,NULL,NULL,NULL);
INSERT INTO SM_CHECK_DEF (TABLE_ID,CHECK_TYPE,CHECK_ORDER,CHECK_KIND,FIELD_NAME,REF_TABLE,REF_FIELD,EXPECT_VALUE,ERR_MSG) VALUES ('TBLID_BEQP','DELETE',16,'KEY','eqp_id','0','',NULL,NULL);
INSERT INTO SM_CHECK_DEF (TABLE_ID,CHECK_TYPE,CHECK_ORDER,CHECK_KIND,FIELD_NAME,REF_TABLE,REF_FIELD,EXPECT_VALUE,ERR_MSG) VALUES ('TBLID_BEQP','DELETE',17,'STAT_R',NULL,NULL,NULL,NULL,NULL);
INSERT INTO SM_CHECK_DEF (TABLE_ID,CHECK_TYPE,CHECK_ORDER,CHECK_KIND,FIELD_NAME,REF_TABLE,REF_FIELD,EXPECT_VALUE,ERR_MSG) VALUES ('TBLID_BEQP','DELETE',18,'KEY','eqp_id','0','',NULL,NULL);
INSERT INTO SM_CHECK_DEF (TABLE_ID,CHECK_TYPE,CHECK_ORDER,CHECK_KIND,FIELD_NAME,REF_TABLE,REF_FIELD,EXPECT_VALUE,ERR_MSG) VALUES ('TBLID_BEQP','DELETE',19,'STAT_R',NULL,NULL,NULL,NULL,NULL);
INSERT INTO SM_CHECK_DEF (TABLE_ID,CHECK_TYPE,CHECK_ORDER,CHECK_KIND,FIELD_NAME,REF_TABLE,REF_FIELD,EXPECT_VALUE,ERR_MSG) VALUES ('TBLID_BEQP','DELETE',20,'KEY','eqp_id','0','',NULL,NULL);
INSERT INTO SM_CHECK_DEF (TABLE_ID,CHECK_TYPE,CHECK_ORDER,CHECK_KIND,FIELD_NAME,REF_TABLE,REF_FIELD,EXPECT_VALUE,ERR_MSG) VALUES ('TBLID_BEQP','DELETE',21,'STAT_R',NULL,NULL,NULL,NULL,NULL);
INSERT INTO SM_CHECK_DEF (TABLE_ID,CHECK_TYPE,CHECK_ORDER,CHECK_KIND,FIELD_NAME,REF_TABLE,REF_FIELD,EXPECT_VALUE,ERR_MSG) VALUES ('TBLID_BEQP','EDITCOMP',1,'STAT_E',NULL,NULL,NULL,NULL,NULL);
INSERT INTO SM_CHECK_DEF (TABLE_ID,CHECK_TYPE,CHECK_ORDER,CHECK_KIND,FIELD_NAME,REF_TABLE,REF_FIELD,EXPECT_VALUE,ERR_MSG) VALUES ('TBLID_BEQP','EDITCOMP',2,'COMP_N',NULL,NULL,NULL,NULL,'记录已编辑完成');

-- BEQPG
INSERT INTO SM_TABLE_DEF (TABLE_ID, TABLE_NAME, JP_TITLE, US_TITLE, RELEASE_FLAG, DISTRIBUTE_FLAG, PERMISSION_TYPE, SCHEMA_TYPE, HAS_DUMMY, SORT_NO)
VALUES ('TBLID_BEQPG', 'BEQPG', 'BEQPG', 'BEQPG', 'Y', 'N', 'C', 'L', 'Y', 200);
INSERT INTO SM_FIELD_DEF (TABLE_ID,FIELD_NAME,JP_TITLE,US_TITLE,DB_TYPE,DB_LENGTH,IS_KEY,NOT_BLANK,IS_DUMMY,IS_SEARCH_ITEM,SORT_NO,TREE_LEVEL,SHEET_NO,PAGE_NO,PROPERTY_NO,IS_AUTO,IS_MANDATORY,SYSTEM_READONLY,FIELD_TYPE,FIELD_LENGTH,INPUT_ALPHABET,INPUT_MULTIBYTE,INPUT_NUMERIC,INPUT_SYMBOL,INPUT_UPPERCASE,RETRIEVAL_TABLE,FORMAT,DEFAULT_VALUE,MIN_VALUE,MAX_VALUE,CALENDAR_BUTTON,JUMP_BUTTON,OPEN_BUTTON,REF_TABLE_ID,REF_FIELD_NAME,SPECIAL_BUTTON) VALUES ('TBLID_BEQPG','EQPG_ID','EQPG_ID','EQPG_ID','STRING',10,'N','Y','N','Y',-1,-1,0,0,0,'N','N','N','STRING',0,'Y',0,'Y','Y','Y','NONE',NULL,NULL,NULL,NULL,'N','N',0,NULL,NULL,0);
INSERT INTO SM_FIELD_DEF (TABLE_ID,FIELD_NAME,JP_TITLE,US_TITLE,DB_TYPE,DB_LENGTH,IS_KEY,NOT_BLANK,IS_DUMMY,IS_SEARCH_ITEM,SORT_NO,TREE_LEVEL,SHEET_NO,PAGE_NO,PROPERTY_NO,IS_AUTO,IS_MANDATORY,SYSTEM_READONLY,FIELD_TYPE,FIELD_LENGTH,INPUT_ALPHABET,INPUT_MULTIBYTE,INPUT_NUMERIC,INPUT_SYMBOL,INPUT_UPPERCASE,RETRIEVAL_TABLE,FORMAT,DEFAULT_VALUE,MIN_VALUE,MAX_VALUE,CALENDAR_BUTTON,JUMP_BUTTON,OPEN_BUTTON,REF_TABLE_ID,REF_FIELD_NAME,SPECIAL_BUTTON) VALUES ('TBLID_BEQPG','EQPG_NAME','EQPG_NAME','EQPG_NAME','STRING',40,'N','Y','N','Y',-1,-1,0,0,0,'N','N','N','STRING',0,'Y',0,'Y','Y','Y','NONE',NULL,NULL,NULL,NULL,'N','N',0,NULL,NULL,0);
INSERT INTO SM_FIELD_DEF (TABLE_ID,FIELD_NAME,JP_TITLE,US_TITLE,DB_TYPE,DB_LENGTH,IS_KEY,NOT_BLANK,IS_DUMMY,IS_SEARCH_ITEM,SORT_NO,TREE_LEVEL,SHEET_NO,PAGE_NO,PROPERTY_NO,IS_AUTO,IS_MANDATORY,SYSTEM_READONLY,FIELD_TYPE,FIELD_LENGTH,INPUT_ALPHABET,INPUT_MULTIBYTE,INPUT_NUMERIC,INPUT_SYMBOL,INPUT_UPPERCASE,RETRIEVAL_TABLE,FORMAT,DEFAULT_VALUE,MIN_VALUE,MAX_VALUE,CALENDAR_BUTTON,JUMP_BUTTON,OPEN_BUTTON,REF_TABLE_ID,REF_FIELD_NAME,SPECIAL_BUTTON) VALUES ('TBLID_BEQPG','EQPG_DESC','EQPG_DESC','EQPG_DESC','STRING',80,'N','Y','N','Y',-1,-1,0,0,0,'N','N','N','STRING',0,'Y',0,'Y','Y','Y','NONE',NULL,NULL,NULL,NULL,'N','N',0,NULL,NULL,0);
INSERT INTO SM_CHECK_DEF (TABLE_ID,CHECK_TYPE,CHECK_ORDER,CHECK_KIND,FIELD_NAME,REF_TABLE,REF_FIELD,EXPECT_VALUE,ERR_MSG) VALUES ('TBLID_BEQPG','SAVE',1,'STAT_E',NULL,NULL,NULL,NULL,NULL);
INSERT INTO SM_CHECK_DEF (TABLE_ID,CHECK_TYPE,CHECK_ORDER,CHECK_KIND,FIELD_NAME,REF_TABLE,REF_FIELD,EXPECT_VALUE,ERR_MSG) VALUES ('TBLID_BEQPG','SAVE',2,'STRING','lock_user',NULL,NULL,'',NULL);
INSERT INTO SM_CHECK_DEF (TABLE_ID,CHECK_TYPE,CHECK_ORDER,CHECK_KIND,FIELD_NAME,REF_TABLE,REF_FIELD,EXPECT_VALUE,ERR_MSG) VALUES ('TBLID_BEQPG','SAVE',3,'NULLCHK','lock_time',NULL,NULL,NULL,NULL);
INSERT INTO SM_CHECK_DEF (TABLE_ID,CHECK_TYPE,CHECK_ORDER,CHECK_KIND,FIELD_NAME,REF_TABLE,REF_FIELD,EXPECT_VALUE,ERR_MSG) VALUES ('TBLID_BEQPG','RELEASE',1,'STAT_E',NULL,NULL,NULL,NULL,NULL);
INSERT INTO SM_CHECK_DEF (TABLE_ID,CHECK_TYPE,CHECK_ORDER,CHECK_KIND,FIELD_NAME,REF_TABLE,REF_FIELD,EXPECT_VALUE,ERR_MSG) VALUES ('TBLID_BEQPG','RELEASE',2,'STRING','lock_user',NULL,NULL,'',NULL);
INSERT INTO SM_CHECK_DEF (TABLE_ID,CHECK_TYPE,CHECK_ORDER,CHECK_KIND,FIELD_NAME,REF_TABLE,REF_FIELD,EXPECT_VALUE,ERR_MSG) VALUES ('TBLID_BEQPG','RELEASE',3,'NULLCHK','lock_time',NULL,NULL,NULL,NULL);
INSERT INTO SM_CHECK_DEF (TABLE_ID,CHECK_TYPE,CHECK_ORDER,CHECK_KIND,FIELD_NAME,REF_TABLE,REF_FIELD,EXPECT_VALUE,ERR_MSG) VALUES ('TBLID_BEQPG','RELEASE',4,'RELEASE_PARAM','eqpg_id','D10',NULL,NULL,NULL);
INSERT INTO SM_CHECK_DEF (TABLE_ID,CHECK_TYPE,CHECK_ORDER,CHECK_KIND,FIELD_NAME,REF_TABLE,REF_FIELD,EXPECT_VALUE,ERR_MSG) VALUES ('TBLID_BEQPG','RELEASE',5,'RELEASE_WRITE','eqpg_name','D0',NULL,NULL,NULL);
INSERT INTO SM_CHECK_DEF (TABLE_ID,CHECK_TYPE,CHECK_ORDER,CHECK_KIND,FIELD_NAME,REF_TABLE,REF_FIELD,EXPECT_VALUE,ERR_MSG) VALUES ('TBLID_BEQPG','RELEASE',6,'RELEASE_WRITE','eqpg_desc','D0',NULL,NULL,NULL);
INSERT INTO SM_CHECK_DEF (TABLE_ID,CHECK_TYPE,CHECK_ORDER,CHECK_KIND,FIELD_NAME,REF_TABLE,REF_FIELD,EXPECT_VALUE,ERR_MSG) VALUES ('TBLID_BEQPG','DELETE',1,'STAT_R',NULL,NULL,NULL,NULL,NULL);
INSERT INTO SM_CHECK_DEF (TABLE_ID,CHECK_TYPE,CHECK_ORDER,CHECK_KIND,FIELD_NAME,REF_TABLE,REF_FIELD,EXPECT_VALUE,ERR_MSG) VALUES ('TBLID_BEQPG','DELETE',2,'STRING','lock_user',NULL,NULL,'',NULL);
INSERT INTO SM_CHECK_DEF (TABLE_ID,CHECK_TYPE,CHECK_ORDER,CHECK_KIND,FIELD_NAME,REF_TABLE,REF_FIELD,EXPECT_VALUE,ERR_MSG) VALUES ('TBLID_BEQPG','DELETE',3,'NULLCHK','lock_time',NULL,NULL,NULL,NULL);
INSERT INTO SM_CHECK_DEF (TABLE_ID,CHECK_TYPE,CHECK_ORDER,CHECK_KIND,FIELD_NAME,REF_TABLE,REF_FIELD,EXPECT_VALUE,ERR_MSG) VALUES ('TBLID_BEQPG','DELETE',4,'KEY','eqpg_id','0','',NULL,NULL);
INSERT INTO SM_CHECK_DEF (TABLE_ID,CHECK_TYPE,CHECK_ORDER,CHECK_KIND,FIELD_NAME,REF_TABLE,REF_FIELD,EXPECT_VALUE,ERR_MSG) VALUES ('TBLID_BEQPG','DELETE',5,'STAT_R',NULL,NULL,NULL,NULL,NULL);
INSERT INTO SM_CHECK_DEF (TABLE_ID,CHECK_TYPE,CHECK_ORDER,CHECK_KIND,FIELD_NAME,REF_TABLE,REF_FIELD,EXPECT_VALUE,ERR_MSG) VALUES ('TBLID_BEQPG','EDITCOMP',1,'STAT_E',NULL,NULL,NULL,NULL,NULL);
INSERT INTO SM_CHECK_DEF (TABLE_ID,CHECK_TYPE,CHECK_ORDER,CHECK_KIND,FIELD_NAME,REF_TABLE,REF_FIELD,EXPECT_VALUE,ERR_MSG) VALUES ('TBLID_BEQPG','EDITCOMP',2,'COMP_N',NULL,NULL,NULL,NULL,'记录已编辑完成');

-- BEQPG_EQP
INSERT INTO SM_TABLE_DEF (TABLE_ID, TABLE_NAME, JP_TITLE, US_TITLE, RELEASE_FLAG, DISTRIBUTE_FLAG, PERMISSION_TYPE, SCHEMA_TYPE, HAS_DUMMY, SORT_NO)
VALUES ('TBLID_BEQPG_EQP', 'BEQPG_EQP', 'BEQPG_EQP', 'BEQPG_EQP', 'Y', 'N', 'C', 'L', 'N', 210);
INSERT INTO SM_FIELD_DEF (TABLE_ID,FIELD_NAME,JP_TITLE,US_TITLE,DB_TYPE,DB_LENGTH,IS_KEY,NOT_BLANK,IS_DUMMY,IS_SEARCH_ITEM,SORT_NO,TREE_LEVEL,SHEET_NO,PAGE_NO,PROPERTY_NO,IS_AUTO,IS_MANDATORY,SYSTEM_READONLY,FIELD_TYPE,FIELD_LENGTH,INPUT_ALPHABET,INPUT_MULTIBYTE,INPUT_NUMERIC,INPUT_SYMBOL,INPUT_UPPERCASE,RETRIEVAL_TABLE,FORMAT,DEFAULT_VALUE,MIN_VALUE,MAX_VALUE,CALENDAR_BUTTON,JUMP_BUTTON,OPEN_BUTTON,REF_TABLE_ID,REF_FIELD_NAME,SPECIAL_BUTTON) VALUES ('TBLID_BEQPG_EQP','EQPG_ID','EQPG_ID','EQPG_ID','STRING',10,'N','Y','N','Y',-1,-1,0,0,0,'N','N','N','STRING',0,'Y',0,'Y','Y','Y','NONE',NULL,NULL,NULL,NULL,'N','N',0,NULL,NULL,0);
INSERT INTO SM_FIELD_DEF (TABLE_ID,FIELD_NAME,JP_TITLE,US_TITLE,DB_TYPE,DB_LENGTH,IS_KEY,NOT_BLANK,IS_DUMMY,IS_SEARCH_ITEM,SORT_NO,TREE_LEVEL,SHEET_NO,PAGE_NO,PROPERTY_NO,IS_AUTO,IS_MANDATORY,SYSTEM_READONLY,FIELD_TYPE,FIELD_LENGTH,INPUT_ALPHABET,INPUT_MULTIBYTE,INPUT_NUMERIC,INPUT_SYMBOL,INPUT_UPPERCASE,RETRIEVAL_TABLE,FORMAT,DEFAULT_VALUE,MIN_VALUE,MAX_VALUE,CALENDAR_BUTTON,JUMP_BUTTON,OPEN_BUTTON,REF_TABLE_ID,REF_FIELD_NAME,SPECIAL_BUTTON) VALUES ('TBLID_BEQPG_EQP','EQP_ID','EQP_ID','EQP_ID','STRING',10,'N','Y','N','Y',-1,-1,0,0,0,'N','N','N','STRING',0,'Y',0,'Y','Y','Y','NONE',NULL,NULL,NULL,NULL,'N','N',0,NULL,NULL,0);
INSERT INTO SM_FIELD_DEF (TABLE_ID,FIELD_NAME,JP_TITLE,US_TITLE,DB_TYPE,DB_LENGTH,IS_KEY,NOT_BLANK,IS_DUMMY,IS_SEARCH_ITEM,SORT_NO,TREE_LEVEL,SHEET_NO,PAGE_NO,PROPERTY_NO,IS_AUTO,IS_MANDATORY,SYSTEM_READONLY,FIELD_TYPE,FIELD_LENGTH,INPUT_ALPHABET,INPUT_MULTIBYTE,INPUT_NUMERIC,INPUT_SYMBOL,INPUT_UPPERCASE,RETRIEVAL_TABLE,FORMAT,DEFAULT_VALUE,MIN_VALUE,MAX_VALUE,CALENDAR_BUTTON,JUMP_BUTTON,OPEN_BUTTON,REF_TABLE_ID,REF_FIELD_NAME,SPECIAL_BUTTON) VALUES ('TBLID_BEQPG_EQP','ITEM_SEQ_NO','ITEM_SEQ_NO','ITEM_SEQ_NO','STRING',0,'N','Y','N','Y',-1,-1,0,0,0,'N','N','N','STRING',0,'Y',0,'Y','Y','Y','NONE',NULL,NULL,NULL,NULL,'N','N',0,NULL,NULL,0);
INSERT INTO SM_CHECK_DEF (TABLE_ID,CHECK_TYPE,CHECK_ORDER,CHECK_KIND,FIELD_NAME,REF_TABLE,REF_FIELD,EXPECT_VALUE,ERR_MSG) VALUES ('TBLID_BEQPG_EQP','SAVE',1,'STAT_E',NULL,NULL,NULL,NULL,NULL);
INSERT INTO SM_CHECK_DEF (TABLE_ID,CHECK_TYPE,CHECK_ORDER,CHECK_KIND,FIELD_NAME,REF_TABLE,REF_FIELD,EXPECT_VALUE,ERR_MSG) VALUES ('TBLID_BEQPG_EQP','SAVE',2,'STRING','lock_user',NULL,NULL,'',NULL);
INSERT INTO SM_CHECK_DEF (TABLE_ID,CHECK_TYPE,CHECK_ORDER,CHECK_KIND,FIELD_NAME,REF_TABLE,REF_FIELD,EXPECT_VALUE,ERR_MSG) VALUES ('TBLID_BEQPG_EQP','SAVE',3,'NULLCHK','lock_time',NULL,NULL,NULL,NULL);
INSERT INTO SM_CHECK_DEF (TABLE_ID,CHECK_TYPE,CHECK_ORDER,CHECK_KIND,FIELD_NAME,REF_TABLE,REF_FIELD,EXPECT_VALUE,ERR_MSG) VALUES ('TBLID_BEQPG_EQP','SAVE',4,'KEY','eqp_id','0','',NULL,NULL);
INSERT INTO SM_CHECK_DEF (TABLE_ID,CHECK_TYPE,CHECK_ORDER,CHECK_KIND,FIELD_NAME,REF_TABLE,REF_FIELD,EXPECT_VALUE,ERR_MSG) VALUES ('TBLID_BEQPG_EQP','RELEASE',1,'STAT_E',NULL,NULL,NULL,NULL,NULL);
INSERT INTO SM_CHECK_DEF (TABLE_ID,CHECK_TYPE,CHECK_ORDER,CHECK_KIND,FIELD_NAME,REF_TABLE,REF_FIELD,EXPECT_VALUE,ERR_MSG) VALUES ('TBLID_BEQPG_EQP','RELEASE',2,'STRING','lock_user',NULL,NULL,'',NULL);
INSERT INTO SM_CHECK_DEF (TABLE_ID,CHECK_TYPE,CHECK_ORDER,CHECK_KIND,FIELD_NAME,REF_TABLE,REF_FIELD,EXPECT_VALUE,ERR_MSG) VALUES ('TBLID_BEQPG_EQP','RELEASE',3,'NULLCHK','lock_time',NULL,NULL,NULL,NULL);
INSERT INTO SM_CHECK_DEF (TABLE_ID,CHECK_TYPE,CHECK_ORDER,CHECK_KIND,FIELD_NAME,REF_TABLE,REF_FIELD,EXPECT_VALUE,ERR_MSG) VALUES ('TBLID_BEQPG_EQP','RELEASE',4,'KEY','eqp_id','0','',NULL,NULL);
INSERT INTO SM_CHECK_DEF (TABLE_ID,CHECK_TYPE,CHECK_ORDER,CHECK_KIND,FIELD_NAME,REF_TABLE,REF_FIELD,EXPECT_VALUE,ERR_MSG) VALUES ('TBLID_BEQPG_EQP','RELEASE',5,'STAT_R',NULL,NULL,NULL,NULL,NULL);
INSERT INTO SM_CHECK_DEF (TABLE_ID,CHECK_TYPE,CHECK_ORDER,CHECK_KIND,FIELD_NAME,REF_TABLE,REF_FIELD,EXPECT_VALUE,ERR_MSG) VALUES ('TBLID_BEQPG_EQP','RELEASE',6,'RELEASE_PARAM','eqpg_id','D10',NULL,NULL,NULL);
INSERT INTO SM_CHECK_DEF (TABLE_ID,CHECK_TYPE,CHECK_ORDER,CHECK_KIND,FIELD_NAME,REF_TABLE,REF_FIELD,EXPECT_VALUE,ERR_MSG) VALUES ('TBLID_BEQPG_EQP','RELEASE',7,'RELEASE_WRITE','eqp_id','D10',NULL,NULL,NULL);
INSERT INTO SM_CHECK_DEF (TABLE_ID,CHECK_TYPE,CHECK_ORDER,CHECK_KIND,FIELD_NAME,REF_TABLE,REF_FIELD,EXPECT_VALUE,ERR_MSG) VALUES ('TBLID_BEQPG_EQP','RELEASE',8,'RELEASE_WRITE','item_seq_no','D0',NULL,NULL,NULL);
INSERT INTO SM_CHECK_DEF (TABLE_ID,CHECK_TYPE,CHECK_ORDER,CHECK_KIND,FIELD_NAME,REF_TABLE,REF_FIELD,EXPECT_VALUE,ERR_MSG) VALUES ('TBLID_BEQPG_EQP','DELETE',1,'STAT_R',NULL,NULL,NULL,NULL,NULL);
INSERT INTO SM_CHECK_DEF (TABLE_ID,CHECK_TYPE,CHECK_ORDER,CHECK_KIND,FIELD_NAME,REF_TABLE,REF_FIELD,EXPECT_VALUE,ERR_MSG) VALUES ('TBLID_BEQPG_EQP','DELETE',2,'STRING','lock_user',NULL,NULL,'',NULL);
INSERT INTO SM_CHECK_DEF (TABLE_ID,CHECK_TYPE,CHECK_ORDER,CHECK_KIND,FIELD_NAME,REF_TABLE,REF_FIELD,EXPECT_VALUE,ERR_MSG) VALUES ('TBLID_BEQPG_EQP','DELETE',3,'NULLCHK','lock_time',NULL,NULL,NULL,NULL);
INSERT INTO SM_CHECK_DEF (TABLE_ID,CHECK_TYPE,CHECK_ORDER,CHECK_KIND,FIELD_NAME,REF_TABLE,REF_FIELD,EXPECT_VALUE,ERR_MSG) VALUES ('TBLID_BEQPG_EQP','EDITCOMP',1,'STAT_E',NULL,NULL,NULL,NULL,NULL);
INSERT INTO SM_CHECK_DEF (TABLE_ID,CHECK_TYPE,CHECK_ORDER,CHECK_KIND,FIELD_NAME,REF_TABLE,REF_FIELD,EXPECT_VALUE,ERR_MSG) VALUES ('TBLID_BEQPG_EQP','EDITCOMP',2,'COMP_N',NULL,NULL,NULL,NULL,'记录已编辑完成');

-- BEQPRT
INSERT INTO SM_TABLE_DEF (TABLE_ID, TABLE_NAME, JP_TITLE, US_TITLE, RELEASE_FLAG, DISTRIBUTE_FLAG, PERMISSION_TYPE, SCHEMA_TYPE, HAS_DUMMY, SORT_NO)
VALUES ('TBLID_BEQPRT', 'BEQPRT', 'BEQPRT', 'BEQPRT', 'Y', 'N', 'C', 'L', 'N', 220);
INSERT INTO SM_FIELD_DEF (TABLE_ID,FIELD_NAME,JP_TITLE,US_TITLE,DB_TYPE,DB_LENGTH,IS_KEY,NOT_BLANK,IS_DUMMY,IS_SEARCH_ITEM,SORT_NO,TREE_LEVEL,SHEET_NO,PAGE_NO,PROPERTY_NO,IS_AUTO,IS_MANDATORY,SYSTEM_READONLY,FIELD_TYPE,FIELD_LENGTH,INPUT_ALPHABET,INPUT_MULTIBYTE,INPUT_NUMERIC,INPUT_SYMBOL,INPUT_UPPERCASE,RETRIEVAL_TABLE,FORMAT,DEFAULT_VALUE,MIN_VALUE,MAX_VALUE,CALENDAR_BUTTON,JUMP_BUTTON,OPEN_BUTTON,REF_TABLE_ID,REF_FIELD_NAME,SPECIAL_BUTTON) VALUES ('TBLID_BEQPRT','EQP_ID','EQP_ID','EQP_ID','STRING',10,'N','Y','N','Y',-1,-1,0,0,0,'N','N','N','STRING',0,'Y',0,'Y','Y','Y','NONE',NULL,NULL,NULL,NULL,'N','N',0,NULL,NULL,0);
INSERT INTO SM_FIELD_DEF (TABLE_ID,FIELD_NAME,JP_TITLE,US_TITLE,DB_TYPE,DB_LENGTH,IS_KEY,NOT_BLANK,IS_DUMMY,IS_SEARCH_ITEM,SORT_NO,TREE_LEVEL,SHEET_NO,PAGE_NO,PROPERTY_NO,IS_AUTO,IS_MANDATORY,SYSTEM_READONLY,FIELD_TYPE,FIELD_LENGTH,INPUT_ALPHABET,INPUT_MULTIBYTE,INPUT_NUMERIC,INPUT_SYMBOL,INPUT_UPPERCASE,RETRIEVAL_TABLE,FORMAT,DEFAULT_VALUE,MIN_VALUE,MAX_VALUE,CALENDAR_BUTTON,JUMP_BUTTON,OPEN_BUTTON,REF_TABLE_ID,REF_FIELD_NAME,SPECIAL_BUTTON) VALUES ('TBLID_BEQPRT','EQP_PORT_ID','EQP_PORT_ID','EQP_PORT_ID','STRING',10,'N','Y','N','Y',-1,-1,0,0,0,'N','N','N','STRING',0,'Y',0,'Y','Y','Y','NONE',NULL,NULL,NULL,NULL,'N','N',0,NULL,NULL,0);
INSERT INTO SM_FIELD_DEF (TABLE_ID,FIELD_NAME,JP_TITLE,US_TITLE,DB_TYPE,DB_LENGTH,IS_KEY,NOT_BLANK,IS_DUMMY,IS_SEARCH_ITEM,SORT_NO,TREE_LEVEL,SHEET_NO,PAGE_NO,PROPERTY_NO,IS_AUTO,IS_MANDATORY,SYSTEM_READONLY,FIELD_TYPE,FIELD_LENGTH,INPUT_ALPHABET,INPUT_MULTIBYTE,INPUT_NUMERIC,INPUT_SYMBOL,INPUT_UPPERCASE,RETRIEVAL_TABLE,FORMAT,DEFAULT_VALUE,MIN_VALUE,MAX_VALUE,CALENDAR_BUTTON,JUMP_BUTTON,OPEN_BUTTON,REF_TABLE_ID,REF_FIELD_NAME,SPECIAL_BUTTON) VALUES ('TBLID_BEQPRT','PORT_TYPE','PORT_TYPE','PORT_TYPE','STRING',1,'N','Y','N','Y',-1,-1,0,0,0,'N','N','N','STRING',0,'Y',0,'Y','Y','Y','NONE',NULL,NULL,NULL,NULL,'N','N',0,NULL,NULL,0);
INSERT INTO SM_FIELD_DEF (TABLE_ID,FIELD_NAME,JP_TITLE,US_TITLE,DB_TYPE,DB_LENGTH,IS_KEY,NOT_BLANK,IS_DUMMY,IS_SEARCH_ITEM,SORT_NO,TREE_LEVEL,SHEET_NO,PAGE_NO,PROPERTY_NO,IS_AUTO,IS_MANDATORY,SYSTEM_READONLY,FIELD_TYPE,FIELD_LENGTH,INPUT_ALPHABET,INPUT_MULTIBYTE,INPUT_NUMERIC,INPUT_SYMBOL,INPUT_UPPERCASE,RETRIEVAL_TABLE,FORMAT,DEFAULT_VALUE,MIN_VALUE,MAX_VALUE,CALENDAR_BUTTON,JUMP_BUTTON,OPEN_BUTTON,REF_TABLE_ID,REF_FIELD_NAME,SPECIAL_BUTTON) VALUES ('TBLID_BEQPRT','AGV_ID','AGV_ID','AGV_ID','STRING',40,'N','Y','N','Y',-1,-1,0,0,0,'N','N','N','STRING',0,'Y',0,'Y','Y','Y','NONE',NULL,NULL,NULL,NULL,'N','N',0,NULL,NULL,0);
INSERT INTO SM_CHECK_DEF (TABLE_ID,CHECK_TYPE,CHECK_ORDER,CHECK_KIND,FIELD_NAME,REF_TABLE,REF_FIELD,EXPECT_VALUE,ERR_MSG) VALUES ('TBLID_BEQPRT','SAVE',1,'STAT_E',NULL,NULL,NULL,NULL,NULL);
INSERT INTO SM_CHECK_DEF (TABLE_ID,CHECK_TYPE,CHECK_ORDER,CHECK_KIND,FIELD_NAME,REF_TABLE,REF_FIELD,EXPECT_VALUE,ERR_MSG) VALUES ('TBLID_BEQPRT','SAVE',2,'STRING','lock_user',NULL,NULL,'',NULL);
INSERT INTO SM_CHECK_DEF (TABLE_ID,CHECK_TYPE,CHECK_ORDER,CHECK_KIND,FIELD_NAME,REF_TABLE,REF_FIELD,EXPECT_VALUE,ERR_MSG) VALUES ('TBLID_BEQPRT','SAVE',3,'NULLCHK','lock_time',NULL,NULL,NULL,NULL);
INSERT INTO SM_CHECK_DEF (TABLE_ID,CHECK_TYPE,CHECK_ORDER,CHECK_KIND,FIELD_NAME,REF_TABLE,REF_FIELD,EXPECT_VALUE,ERR_MSG) VALUES ('TBLID_BEQPRT','RELEASE',1,'STAT_E',NULL,NULL,NULL,NULL,NULL);
INSERT INTO SM_CHECK_DEF (TABLE_ID,CHECK_TYPE,CHECK_ORDER,CHECK_KIND,FIELD_NAME,REF_TABLE,REF_FIELD,EXPECT_VALUE,ERR_MSG) VALUES ('TBLID_BEQPRT','RELEASE',2,'STRING','lock_user',NULL,NULL,'',NULL);
INSERT INTO SM_CHECK_DEF (TABLE_ID,CHECK_TYPE,CHECK_ORDER,CHECK_KIND,FIELD_NAME,REF_TABLE,REF_FIELD,EXPECT_VALUE,ERR_MSG) VALUES ('TBLID_BEQPRT','RELEASE',3,'NULLCHK','lock_time',NULL,NULL,NULL,NULL);
INSERT INTO SM_CHECK_DEF (TABLE_ID,CHECK_TYPE,CHECK_ORDER,CHECK_KIND,FIELD_NAME,REF_TABLE,REF_FIELD,EXPECT_VALUE,ERR_MSG) VALUES ('TBLID_BEQPRT','RELEASE',4,'RELEASE_PARAM','eqp_id','D10',NULL,NULL,NULL);
INSERT INTO SM_CHECK_DEF (TABLE_ID,CHECK_TYPE,CHECK_ORDER,CHECK_KIND,FIELD_NAME,REF_TABLE,REF_FIELD,EXPECT_VALUE,ERR_MSG) VALUES ('TBLID_BEQPRT','RELEASE',5,'RELEASE_PARAM','eqp_port_id','D10',NULL,NULL,NULL);
INSERT INTO SM_CHECK_DEF (TABLE_ID,CHECK_TYPE,CHECK_ORDER,CHECK_KIND,FIELD_NAME,REF_TABLE,REF_FIELD,EXPECT_VALUE,ERR_MSG) VALUES ('TBLID_BEQPRT','RELEASE',6,'RELEASE_WRITE','port_type','D0',NULL,NULL,NULL);
INSERT INTO SM_CHECK_DEF (TABLE_ID,CHECK_TYPE,CHECK_ORDER,CHECK_KIND,FIELD_NAME,REF_TABLE,REF_FIELD,EXPECT_VALUE,ERR_MSG) VALUES ('TBLID_BEQPRT','RELEASE',7,'RELEASE_WRITE','agv_id','D0',NULL,NULL,NULL);
INSERT INTO SM_CHECK_DEF (TABLE_ID,CHECK_TYPE,CHECK_ORDER,CHECK_KIND,FIELD_NAME,REF_TABLE,REF_FIELD,EXPECT_VALUE,ERR_MSG) VALUES ('TBLID_BEQPRT','DELETE',1,'STAT_R',NULL,NULL,NULL,NULL,NULL);
INSERT INTO SM_CHECK_DEF (TABLE_ID,CHECK_TYPE,CHECK_ORDER,CHECK_KIND,FIELD_NAME,REF_TABLE,REF_FIELD,EXPECT_VALUE,ERR_MSG) VALUES ('TBLID_BEQPRT','DELETE',2,'STRING','lock_user',NULL,NULL,'',NULL);
INSERT INTO SM_CHECK_DEF (TABLE_ID,CHECK_TYPE,CHECK_ORDER,CHECK_KIND,FIELD_NAME,REF_TABLE,REF_FIELD,EXPECT_VALUE,ERR_MSG) VALUES ('TBLID_BEQPRT','DELETE',3,'NULLCHK','lock_time',NULL,NULL,NULL,NULL);
INSERT INTO SM_CHECK_DEF (TABLE_ID,CHECK_TYPE,CHECK_ORDER,CHECK_KIND,FIELD_NAME,REF_TABLE,REF_FIELD,EXPECT_VALUE,ERR_MSG) VALUES ('TBLID_BEQPRT','EDITCOMP',1,'STAT_E',NULL,NULL,NULL,NULL,NULL);
INSERT INTO SM_CHECK_DEF (TABLE_ID,CHECK_TYPE,CHECK_ORDER,CHECK_KIND,FIELD_NAME,REF_TABLE,REF_FIELD,EXPECT_VALUE,ERR_MSG) VALUES ('TBLID_BEQPRT','EDITCOMP',2,'COMP_N',NULL,NULL,NULL,NULL,'记录已编辑完成');

-- BEQP_AREA
INSERT INTO SM_TABLE_DEF (TABLE_ID, TABLE_NAME, JP_TITLE, US_TITLE, RELEASE_FLAG, DISTRIBUTE_FLAG, PERMISSION_TYPE, SCHEMA_TYPE, HAS_DUMMY, SORT_NO)
VALUES ('TBLID_BEQP_AREA', 'BEQP_AREA', 'BEQP_AREA', 'BEQP_AREA', 'Y', 'N', 'C', 'L', 'N', 230);
INSERT INTO SM_FIELD_DEF (TABLE_ID,FIELD_NAME,JP_TITLE,US_TITLE,DB_TYPE,DB_LENGTH,IS_KEY,NOT_BLANK,IS_DUMMY,IS_SEARCH_ITEM,SORT_NO,TREE_LEVEL,SHEET_NO,PAGE_NO,PROPERTY_NO,IS_AUTO,IS_MANDATORY,SYSTEM_READONLY,FIELD_TYPE,FIELD_LENGTH,INPUT_ALPHABET,INPUT_MULTIBYTE,INPUT_NUMERIC,INPUT_SYMBOL,INPUT_UPPERCASE,RETRIEVAL_TABLE,FORMAT,DEFAULT_VALUE,MIN_VALUE,MAX_VALUE,CALENDAR_BUTTON,JUMP_BUTTON,OPEN_BUTTON,REF_TABLE_ID,REF_FIELD_NAME,SPECIAL_BUTTON) VALUES ('TBLID_BEQP_AREA','EQP_ID','EQP_ID','EQP_ID','STRING',10,'N','Y','N','Y',-1,-1,0,0,0,'N','N','N','STRING',0,'Y',0,'Y','Y','Y','NONE',NULL,NULL,NULL,NULL,'N','N',0,NULL,NULL,0);
INSERT INTO SM_FIELD_DEF (TABLE_ID,FIELD_NAME,JP_TITLE,US_TITLE,DB_TYPE,DB_LENGTH,IS_KEY,NOT_BLANK,IS_DUMMY,IS_SEARCH_ITEM,SORT_NO,TREE_LEVEL,SHEET_NO,PAGE_NO,PROPERTY_NO,IS_AUTO,IS_MANDATORY,SYSTEM_READONLY,FIELD_TYPE,FIELD_LENGTH,INPUT_ALPHABET,INPUT_MULTIBYTE,INPUT_NUMERIC,INPUT_SYMBOL,INPUT_UPPERCASE,RETRIEVAL_TABLE,FORMAT,DEFAULT_VALUE,MIN_VALUE,MAX_VALUE,CALENDAR_BUTTON,JUMP_BUTTON,OPEN_BUTTON,REF_TABLE_ID,REF_FIELD_NAME,SPECIAL_BUTTON) VALUES ('TBLID_BEQP_AREA','AREA_ID','AREA_ID','AREA_ID','STRING',6,'N','Y','N','Y',-1,-1,0,0,0,'N','N','N','STRING',0,'Y',0,'Y','Y','Y','NONE',NULL,NULL,NULL,NULL,'N','N',0,NULL,NULL,0);
INSERT INTO SM_FIELD_DEF (TABLE_ID,FIELD_NAME,JP_TITLE,US_TITLE,DB_TYPE,DB_LENGTH,IS_KEY,NOT_BLANK,IS_DUMMY,IS_SEARCH_ITEM,SORT_NO,TREE_LEVEL,SHEET_NO,PAGE_NO,PROPERTY_NO,IS_AUTO,IS_MANDATORY,SYSTEM_READONLY,FIELD_TYPE,FIELD_LENGTH,INPUT_ALPHABET,INPUT_MULTIBYTE,INPUT_NUMERIC,INPUT_SYMBOL,INPUT_UPPERCASE,RETRIEVAL_TABLE,FORMAT,DEFAULT_VALUE,MIN_VALUE,MAX_VALUE,CALENDAR_BUTTON,JUMP_BUTTON,OPEN_BUTTON,REF_TABLE_ID,REF_FIELD_NAME,SPECIAL_BUTTON) VALUES ('TBLID_BEQP_AREA','ITEM_SEQ_NO','ITEM_SEQ_NO','ITEM_SEQ_NO','STRING',0,'N','Y','N','Y',-1,-1,0,0,0,'N','N','N','STRING',0,'Y',0,'Y','Y','Y','NONE',NULL,NULL,NULL,NULL,'N','N',0,NULL,NULL,0);
INSERT INTO SM_CHECK_DEF (TABLE_ID,CHECK_TYPE,CHECK_ORDER,CHECK_KIND,FIELD_NAME,REF_TABLE,REF_FIELD,EXPECT_VALUE,ERR_MSG) VALUES ('TBLID_BEQP_AREA','SAVE',1,'STAT_E',NULL,NULL,NULL,NULL,NULL);
INSERT INTO SM_CHECK_DEF (TABLE_ID,CHECK_TYPE,CHECK_ORDER,CHECK_KIND,FIELD_NAME,REF_TABLE,REF_FIELD,EXPECT_VALUE,ERR_MSG) VALUES ('TBLID_BEQP_AREA','SAVE',2,'STRING','lock_user',NULL,NULL,'',NULL);
INSERT INTO SM_CHECK_DEF (TABLE_ID,CHECK_TYPE,CHECK_ORDER,CHECK_KIND,FIELD_NAME,REF_TABLE,REF_FIELD,EXPECT_VALUE,ERR_MSG) VALUES ('TBLID_BEQP_AREA','SAVE',3,'NULLCHK','lock_time',NULL,NULL,NULL,NULL);
INSERT INTO SM_CHECK_DEF (TABLE_ID,CHECK_TYPE,CHECK_ORDER,CHECK_KIND,FIELD_NAME,REF_TABLE,REF_FIELD,EXPECT_VALUE,ERR_MSG) VALUES ('TBLID_BEQP_AREA','SAVE',4,'KEY','area_id','0','',NULL,NULL);
INSERT INTO SM_CHECK_DEF (TABLE_ID,CHECK_TYPE,CHECK_ORDER,CHECK_KIND,FIELD_NAME,REF_TABLE,REF_FIELD,EXPECT_VALUE,ERR_MSG) VALUES ('TBLID_BEQP_AREA','SAVE',5,'KEY','eqp_id','0','',NULL,NULL);
INSERT INTO SM_CHECK_DEF (TABLE_ID,CHECK_TYPE,CHECK_ORDER,CHECK_KIND,FIELD_NAME,REF_TABLE,REF_FIELD,EXPECT_VALUE,ERR_MSG) VALUES ('TBLID_BEQP_AREA','RELEASE',1,'STAT_E',NULL,NULL,NULL,NULL,NULL);
INSERT INTO SM_CHECK_DEF (TABLE_ID,CHECK_TYPE,CHECK_ORDER,CHECK_KIND,FIELD_NAME,REF_TABLE,REF_FIELD,EXPECT_VALUE,ERR_MSG) VALUES ('TBLID_BEQP_AREA','RELEASE',2,'STRING','lock_user',NULL,NULL,'',NULL);
INSERT INTO SM_CHECK_DEF (TABLE_ID,CHECK_TYPE,CHECK_ORDER,CHECK_KIND,FIELD_NAME,REF_TABLE,REF_FIELD,EXPECT_VALUE,ERR_MSG) VALUES ('TBLID_BEQP_AREA','RELEASE',3,'NULLCHK','lock_time',NULL,NULL,NULL,NULL);
INSERT INTO SM_CHECK_DEF (TABLE_ID,CHECK_TYPE,CHECK_ORDER,CHECK_KIND,FIELD_NAME,REF_TABLE,REF_FIELD,EXPECT_VALUE,ERR_MSG) VALUES ('TBLID_BEQP_AREA','RELEASE',4,'KEY','area_id','0','',NULL,NULL);
INSERT INTO SM_CHECK_DEF (TABLE_ID,CHECK_TYPE,CHECK_ORDER,CHECK_KIND,FIELD_NAME,REF_TABLE,REF_FIELD,EXPECT_VALUE,ERR_MSG) VALUES ('TBLID_BEQP_AREA','RELEASE',5,'STAT_R',NULL,NULL,NULL,NULL,NULL);
INSERT INTO SM_CHECK_DEF (TABLE_ID,CHECK_TYPE,CHECK_ORDER,CHECK_KIND,FIELD_NAME,REF_TABLE,REF_FIELD,EXPECT_VALUE,ERR_MSG) VALUES ('TBLID_BEQP_AREA','RELEASE',6,'KEY','eqp_id','0','',NULL,NULL);
INSERT INTO SM_CHECK_DEF (TABLE_ID,CHECK_TYPE,CHECK_ORDER,CHECK_KIND,FIELD_NAME,REF_TABLE,REF_FIELD,EXPECT_VALUE,ERR_MSG) VALUES ('TBLID_BEQP_AREA','RELEASE',7,'STAT_R',NULL,NULL,NULL,NULL,NULL);
INSERT INTO SM_CHECK_DEF (TABLE_ID,CHECK_TYPE,CHECK_ORDER,CHECK_KIND,FIELD_NAME,REF_TABLE,REF_FIELD,EXPECT_VALUE,ERR_MSG) VALUES ('TBLID_BEQP_AREA','RELEASE',8,'RELEASE_WRITE','eqp_id','D0',NULL,NULL,NULL);
INSERT INTO SM_CHECK_DEF (TABLE_ID,CHECK_TYPE,CHECK_ORDER,CHECK_KIND,FIELD_NAME,REF_TABLE,REF_FIELD,EXPECT_VALUE,ERR_MSG) VALUES ('TBLID_BEQP_AREA','RELEASE',9,'RELEASE_PARAM','area_id','D6',NULL,NULL,NULL);
INSERT INTO SM_CHECK_DEF (TABLE_ID,CHECK_TYPE,CHECK_ORDER,CHECK_KIND,FIELD_NAME,REF_TABLE,REF_FIELD,EXPECT_VALUE,ERR_MSG) VALUES ('TBLID_BEQP_AREA','RELEASE',10,'RELEASE_WRITE','item_seq_no','D0',NULL,NULL,NULL);
INSERT INTO SM_CHECK_DEF (TABLE_ID,CHECK_TYPE,CHECK_ORDER,CHECK_KIND,FIELD_NAME,REF_TABLE,REF_FIELD,EXPECT_VALUE,ERR_MSG) VALUES ('TBLID_BEQP_AREA','DELETE',1,'STAT_R',NULL,NULL,NULL,NULL,NULL);
INSERT INTO SM_CHECK_DEF (TABLE_ID,CHECK_TYPE,CHECK_ORDER,CHECK_KIND,FIELD_NAME,REF_TABLE,REF_FIELD,EXPECT_VALUE,ERR_MSG) VALUES ('TBLID_BEQP_AREA','DELETE',2,'STRING','lock_user',NULL,NULL,'',NULL);
INSERT INTO SM_CHECK_DEF (TABLE_ID,CHECK_TYPE,CHECK_ORDER,CHECK_KIND,FIELD_NAME,REF_TABLE,REF_FIELD,EXPECT_VALUE,ERR_MSG) VALUES ('TBLID_BEQP_AREA','DELETE',3,'NULLCHK','lock_time',NULL,NULL,NULL,NULL);
INSERT INTO SM_CHECK_DEF (TABLE_ID,CHECK_TYPE,CHECK_ORDER,CHECK_KIND,FIELD_NAME,REF_TABLE,REF_FIELD,EXPECT_VALUE,ERR_MSG) VALUES ('TBLID_BEQP_AREA','EDITCOMP',1,'STAT_E',NULL,NULL,NULL,NULL,NULL);
INSERT INTO SM_CHECK_DEF (TABLE_ID,CHECK_TYPE,CHECK_ORDER,CHECK_KIND,FIELD_NAME,REF_TABLE,REF_FIELD,EXPECT_VALUE,ERR_MSG) VALUES ('TBLID_BEQP_AREA','EDITCOMP',2,'COMP_N',NULL,NULL,NULL,NULL,'记录已编辑完成');

-- BEQP_MTL
INSERT INTO SM_TABLE_DEF (TABLE_ID, TABLE_NAME, JP_TITLE, US_TITLE, RELEASE_FLAG, DISTRIBUTE_FLAG, PERMISSION_TYPE, SCHEMA_TYPE, HAS_DUMMY, SORT_NO)
VALUES ('TBLID_BEQP_MTL', 'BEQP_MTL', 'BEQP_MTL', 'BEQP_MTL', 'Y', 'N', 'C', 'L', 'N', 240);
INSERT INTO SM_FIELD_DEF (TABLE_ID,FIELD_NAME,JP_TITLE,US_TITLE,DB_TYPE,DB_LENGTH,IS_KEY,NOT_BLANK,IS_DUMMY,IS_SEARCH_ITEM,SORT_NO,TREE_LEVEL,SHEET_NO,PAGE_NO,PROPERTY_NO,IS_AUTO,IS_MANDATORY,SYSTEM_READONLY,FIELD_TYPE,FIELD_LENGTH,INPUT_ALPHABET,INPUT_MULTIBYTE,INPUT_NUMERIC,INPUT_SYMBOL,INPUT_UPPERCASE,RETRIEVAL_TABLE,FORMAT,DEFAULT_VALUE,MIN_VALUE,MAX_VALUE,CALENDAR_BUTTON,JUMP_BUTTON,OPEN_BUTTON,REF_TABLE_ID,REF_FIELD_NAME,SPECIAL_BUTTON) VALUES ('TBLID_BEQP_MTL','EQP_ID','EQP_ID','EQP_ID','STRING',10,'N','Y','N','Y',-1,-1,0,0,0,'N','N','N','STRING',0,'Y',0,'Y','Y','Y','NONE',NULL,NULL,NULL,NULL,'N','N',0,NULL,NULL,0);
INSERT INTO SM_FIELD_DEF (TABLE_ID,FIELD_NAME,JP_TITLE,US_TITLE,DB_TYPE,DB_LENGTH,IS_KEY,NOT_BLANK,IS_DUMMY,IS_SEARCH_ITEM,SORT_NO,TREE_LEVEL,SHEET_NO,PAGE_NO,PROPERTY_NO,IS_AUTO,IS_MANDATORY,SYSTEM_READONLY,FIELD_TYPE,FIELD_LENGTH,INPUT_ALPHABET,INPUT_MULTIBYTE,INPUT_NUMERIC,INPUT_SYMBOL,INPUT_UPPERCASE,RETRIEVAL_TABLE,FORMAT,DEFAULT_VALUE,MIN_VALUE,MAX_VALUE,CALENDAR_BUTTON,JUMP_BUTTON,OPEN_BUTTON,REF_TABLE_ID,REF_FIELD_NAME,SPECIAL_BUTTON) VALUES ('TBLID_BEQP_MTL','MTL_ITEM_ID','MTL_ITEM_ID','MTL_ITEM_ID','STRING',20,'N','Y','N','Y',-1,-1,0,0,0,'N','N','N','STRING',0,'Y',0,'Y','Y','Y','NONE',NULL,NULL,NULL,NULL,'N','N',0,NULL,NULL,0);
INSERT INTO SM_CHECK_DEF (TABLE_ID,CHECK_TYPE,CHECK_ORDER,CHECK_KIND,FIELD_NAME,REF_TABLE,REF_FIELD,EXPECT_VALUE,ERR_MSG) VALUES ('TBLID_BEQP_MTL','SAVE',1,'STAT_E',NULL,NULL,NULL,NULL,NULL);
INSERT INTO SM_CHECK_DEF (TABLE_ID,CHECK_TYPE,CHECK_ORDER,CHECK_KIND,FIELD_NAME,REF_TABLE,REF_FIELD,EXPECT_VALUE,ERR_MSG) VALUES ('TBLID_BEQP_MTL','SAVE',2,'STRING','lock_user',NULL,NULL,'',NULL);
INSERT INTO SM_CHECK_DEF (TABLE_ID,CHECK_TYPE,CHECK_ORDER,CHECK_KIND,FIELD_NAME,REF_TABLE,REF_FIELD,EXPECT_VALUE,ERR_MSG) VALUES ('TBLID_BEQP_MTL','SAVE',3,'NULLCHK','lock_time',NULL,NULL,NULL,NULL);
INSERT INTO SM_CHECK_DEF (TABLE_ID,CHECK_TYPE,CHECK_ORDER,CHECK_KIND,FIELD_NAME,REF_TABLE,REF_FIELD,EXPECT_VALUE,ERR_MSG) VALUES ('TBLID_BEQP_MTL','SAVE',4,'KEY','eqp_id','0','',NULL,NULL);
INSERT INTO SM_CHECK_DEF (TABLE_ID,CHECK_TYPE,CHECK_ORDER,CHECK_KIND,FIELD_NAME,REF_TABLE,REF_FIELD,EXPECT_VALUE,ERR_MSG) VALUES ('TBLID_BEQP_MTL','SAVE',5,'KEY','eqp_id','0','',NULL,NULL);
INSERT INTO SM_CHECK_DEF (TABLE_ID,CHECK_TYPE,CHECK_ORDER,CHECK_KIND,FIELD_NAME,REF_TABLE,REF_FIELD,EXPECT_VALUE,ERR_MSG) VALUES ('TBLID_BEQP_MTL','SAVE',6,'STAT_R',NULL,NULL,NULL,NULL,NULL);
INSERT INTO SM_CHECK_DEF (TABLE_ID,CHECK_TYPE,CHECK_ORDER,CHECK_KIND,FIELD_NAME,REF_TABLE,REF_FIELD,EXPECT_VALUE,ERR_MSG) VALUES ('TBLID_BEQP_MTL','SAVE',7,'KEY','mtl_item_id','0','',NULL,NULL);
INSERT INTO SM_CHECK_DEF (TABLE_ID,CHECK_TYPE,CHECK_ORDER,CHECK_KIND,FIELD_NAME,REF_TABLE,REF_FIELD,EXPECT_VALUE,ERR_MSG) VALUES ('TBLID_BEQP_MTL','SAVE',8,'KEY','mtl_item_id','0','',NULL,NULL);
INSERT INTO SM_CHECK_DEF (TABLE_ID,CHECK_TYPE,CHECK_ORDER,CHECK_KIND,FIELD_NAME,REF_TABLE,REF_FIELD,EXPECT_VALUE,ERR_MSG) VALUES ('TBLID_BEQP_MTL','SAVE',9,'STAT_R',NULL,NULL,NULL,NULL,NULL);
INSERT INTO SM_CHECK_DEF (TABLE_ID,CHECK_TYPE,CHECK_ORDER,CHECK_KIND,FIELD_NAME,REF_TABLE,REF_FIELD,EXPECT_VALUE,ERR_MSG) VALUES ('TBLID_BEQP_MTL','RELEASE',1,'STAT_E',NULL,NULL,NULL,NULL,NULL);
INSERT INTO SM_CHECK_DEF (TABLE_ID,CHECK_TYPE,CHECK_ORDER,CHECK_KIND,FIELD_NAME,REF_TABLE,REF_FIELD,EXPECT_VALUE,ERR_MSG) VALUES ('TBLID_BEQP_MTL','RELEASE',2,'STRING','lock_user',NULL,NULL,'',NULL);
INSERT INTO SM_CHECK_DEF (TABLE_ID,CHECK_TYPE,CHECK_ORDER,CHECK_KIND,FIELD_NAME,REF_TABLE,REF_FIELD,EXPECT_VALUE,ERR_MSG) VALUES ('TBLID_BEQP_MTL','RELEASE',3,'NULLCHK','lock_time',NULL,NULL,NULL,NULL);
INSERT INTO SM_CHECK_DEF (TABLE_ID,CHECK_TYPE,CHECK_ORDER,CHECK_KIND,FIELD_NAME,REF_TABLE,REF_FIELD,EXPECT_VALUE,ERR_MSG) VALUES ('TBLID_BEQP_MTL','RELEASE',4,'KEY','eqp_id','0','',NULL,NULL);
INSERT INTO SM_CHECK_DEF (TABLE_ID,CHECK_TYPE,CHECK_ORDER,CHECK_KIND,FIELD_NAME,REF_TABLE,REF_FIELD,EXPECT_VALUE,ERR_MSG) VALUES ('TBLID_BEQP_MTL','RELEASE',5,'STAT_R',NULL,NULL,NULL,NULL,NULL);
INSERT INTO SM_CHECK_DEF (TABLE_ID,CHECK_TYPE,CHECK_ORDER,CHECK_KIND,FIELD_NAME,REF_TABLE,REF_FIELD,EXPECT_VALUE,ERR_MSG) VALUES ('TBLID_BEQP_MTL','RELEASE',6,'KEY','mtl_item_id','0','',NULL,NULL);
INSERT INTO SM_CHECK_DEF (TABLE_ID,CHECK_TYPE,CHECK_ORDER,CHECK_KIND,FIELD_NAME,REF_TABLE,REF_FIELD,EXPECT_VALUE,ERR_MSG) VALUES ('TBLID_BEQP_MTL','RELEASE',7,'STAT_R',NULL,NULL,NULL,NULL,NULL);
INSERT INTO SM_CHECK_DEF (TABLE_ID,CHECK_TYPE,CHECK_ORDER,CHECK_KIND,FIELD_NAME,REF_TABLE,REF_FIELD,EXPECT_VALUE,ERR_MSG) VALUES ('TBLID_BEQP_MTL','RELEASE',8,'RELEASE_PARAM','eqp_id','D10',NULL,NULL,NULL);
INSERT INTO SM_CHECK_DEF (TABLE_ID,CHECK_TYPE,CHECK_ORDER,CHECK_KIND,FIELD_NAME,REF_TABLE,REF_FIELD,EXPECT_VALUE,ERR_MSG) VALUES ('TBLID_BEQP_MTL','RELEASE',9,'RELEASE_PARAM','mtl_item_id','D20',NULL,NULL,NULL);
INSERT INTO SM_CHECK_DEF (TABLE_ID,CHECK_TYPE,CHECK_ORDER,CHECK_KIND,FIELD_NAME,REF_TABLE,REF_FIELD,EXPECT_VALUE,ERR_MSG) VALUES ('TBLID_BEQP_MTL','DELETE',1,'STAT_R',NULL,NULL,NULL,NULL,NULL);
INSERT INTO SM_CHECK_DEF (TABLE_ID,CHECK_TYPE,CHECK_ORDER,CHECK_KIND,FIELD_NAME,REF_TABLE,REF_FIELD,EXPECT_VALUE,ERR_MSG) VALUES ('TBLID_BEQP_MTL','DELETE',2,'STRING','lock_user',NULL,NULL,'',NULL);
INSERT INTO SM_CHECK_DEF (TABLE_ID,CHECK_TYPE,CHECK_ORDER,CHECK_KIND,FIELD_NAME,REF_TABLE,REF_FIELD,EXPECT_VALUE,ERR_MSG) VALUES ('TBLID_BEQP_MTL','DELETE',3,'NULLCHK','lock_time',NULL,NULL,NULL,NULL);
INSERT INTO SM_CHECK_DEF (TABLE_ID,CHECK_TYPE,CHECK_ORDER,CHECK_KIND,FIELD_NAME,REF_TABLE,REF_FIELD,EXPECT_VALUE,ERR_MSG) VALUES ('TBLID_BEQP_MTL','EDITCOMP',1,'STAT_E',NULL,NULL,NULL,NULL,NULL);
INSERT INTO SM_CHECK_DEF (TABLE_ID,CHECK_TYPE,CHECK_ORDER,CHECK_KIND,FIELD_NAME,REF_TABLE,REF_FIELD,EXPECT_VALUE,ERR_MSG) VALUES ('TBLID_BEQP_MTL','EDITCOMP',2,'COMP_N',NULL,NULL,NULL,NULL,'记录已编辑完成');

-- BEQP_RECIP
INSERT INTO SM_TABLE_DEF (TABLE_ID, TABLE_NAME, JP_TITLE, US_TITLE, RELEASE_FLAG, DISTRIBUTE_FLAG, PERMISSION_TYPE, SCHEMA_TYPE, HAS_DUMMY, SORT_NO)
VALUES ('TBLID_BEQP_RECIP', 'BEQP_RECIP', 'BEQP_RECIP', 'BEQP_RECIP', 'Y', 'N', 'C', 'L', 'N', 250);
INSERT INTO SM_FIELD_DEF (TABLE_ID,FIELD_NAME,JP_TITLE,US_TITLE,DB_TYPE,DB_LENGTH,IS_KEY,NOT_BLANK,IS_DUMMY,IS_SEARCH_ITEM,SORT_NO,TREE_LEVEL,SHEET_NO,PAGE_NO,PROPERTY_NO,IS_AUTO,IS_MANDATORY,SYSTEM_READONLY,FIELD_TYPE,FIELD_LENGTH,INPUT_ALPHABET,INPUT_MULTIBYTE,INPUT_NUMERIC,INPUT_SYMBOL,INPUT_UPPERCASE,RETRIEVAL_TABLE,FORMAT,DEFAULT_VALUE,MIN_VALUE,MAX_VALUE,CALENDAR_BUTTON,JUMP_BUTTON,OPEN_BUTTON,REF_TABLE_ID,REF_FIELD_NAME,SPECIAL_BUTTON) VALUES ('TBLID_BEQP_RECIP','EQP_ID','EQP_ID','EQP_ID','STRING',10,'N','Y','N','Y',-1,-1,0,0,0,'N','N','N','STRING',0,'Y',0,'Y','Y','Y','NONE',NULL,NULL,NULL,NULL,'N','N',0,NULL,NULL,0);
INSERT INTO SM_FIELD_DEF (TABLE_ID,FIELD_NAME,JP_TITLE,US_TITLE,DB_TYPE,DB_LENGTH,IS_KEY,NOT_BLANK,IS_DUMMY,IS_SEARCH_ITEM,SORT_NO,TREE_LEVEL,SHEET_NO,PAGE_NO,PROPERTY_NO,IS_AUTO,IS_MANDATORY,SYSTEM_READONLY,FIELD_TYPE,FIELD_LENGTH,INPUT_ALPHABET,INPUT_MULTIBYTE,INPUT_NUMERIC,INPUT_SYMBOL,INPUT_UPPERCASE,RETRIEVAL_TABLE,FORMAT,DEFAULT_VALUE,MIN_VALUE,MAX_VALUE,CALENDAR_BUTTON,JUMP_BUTTON,OPEN_BUTTON,REF_TABLE_ID,REF_FIELD_NAME,SPECIAL_BUTTON) VALUES ('TBLID_BEQP_RECIP','RECIP_ID','RECIP_ID','RECIP_ID','STRING',20,'N','Y','N','Y',-1,-1,0,0,0,'N','N','N','STRING',0,'Y',0,'Y','Y','Y','NONE',NULL,NULL,NULL,NULL,'N','N',0,NULL,NULL,0);
INSERT INTO SM_CHECK_DEF (TABLE_ID,CHECK_TYPE,CHECK_ORDER,CHECK_KIND,FIELD_NAME,REF_TABLE,REF_FIELD,EXPECT_VALUE,ERR_MSG) VALUES ('TBLID_BEQP_RECIP','SAVE',1,'STAT_E',NULL,NULL,NULL,NULL,NULL);
INSERT INTO SM_CHECK_DEF (TABLE_ID,CHECK_TYPE,CHECK_ORDER,CHECK_KIND,FIELD_NAME,REF_TABLE,REF_FIELD,EXPECT_VALUE,ERR_MSG) VALUES ('TBLID_BEQP_RECIP','SAVE',2,'STRING','lock_user',NULL,NULL,'',NULL);
INSERT INTO SM_CHECK_DEF (TABLE_ID,CHECK_TYPE,CHECK_ORDER,CHECK_KIND,FIELD_NAME,REF_TABLE,REF_FIELD,EXPECT_VALUE,ERR_MSG) VALUES ('TBLID_BEQP_RECIP','SAVE',3,'NULLCHK','lock_time',NULL,NULL,NULL,NULL);
INSERT INTO SM_CHECK_DEF (TABLE_ID,CHECK_TYPE,CHECK_ORDER,CHECK_KIND,FIELD_NAME,REF_TABLE,REF_FIELD,EXPECT_VALUE,ERR_MSG) VALUES ('TBLID_BEQP_RECIP','SAVE',4,'KEY','eqp_id','0','',NULL,NULL);
INSERT INTO SM_CHECK_DEF (TABLE_ID,CHECK_TYPE,CHECK_ORDER,CHECK_KIND,FIELD_NAME,REF_TABLE,REF_FIELD,EXPECT_VALUE,ERR_MSG) VALUES ('TBLID_BEQP_RECIP','SAVE',5,'KEY','eqp_id','0','',NULL,NULL);
INSERT INTO SM_CHECK_DEF (TABLE_ID,CHECK_TYPE,CHECK_ORDER,CHECK_KIND,FIELD_NAME,REF_TABLE,REF_FIELD,EXPECT_VALUE,ERR_MSG) VALUES ('TBLID_BEQP_RECIP','SAVE',6,'STAT_R',NULL,NULL,NULL,NULL,NULL);
INSERT INTO SM_CHECK_DEF (TABLE_ID,CHECK_TYPE,CHECK_ORDER,CHECK_KIND,FIELD_NAME,REF_TABLE,REF_FIELD,EXPECT_VALUE,ERR_MSG) VALUES ('TBLID_BEQP_RECIP','RELEASE',1,'STAT_E',NULL,NULL,NULL,NULL,NULL);
INSERT INTO SM_CHECK_DEF (TABLE_ID,CHECK_TYPE,CHECK_ORDER,CHECK_KIND,FIELD_NAME,REF_TABLE,REF_FIELD,EXPECT_VALUE,ERR_MSG) VALUES ('TBLID_BEQP_RECIP','RELEASE',2,'STRING','lock_user',NULL,NULL,'',NULL);
INSERT INTO SM_CHECK_DEF (TABLE_ID,CHECK_TYPE,CHECK_ORDER,CHECK_KIND,FIELD_NAME,REF_TABLE,REF_FIELD,EXPECT_VALUE,ERR_MSG) VALUES ('TBLID_BEQP_RECIP','RELEASE',3,'NULLCHK','lock_time',NULL,NULL,NULL,NULL);
INSERT INTO SM_CHECK_DEF (TABLE_ID,CHECK_TYPE,CHECK_ORDER,CHECK_KIND,FIELD_NAME,REF_TABLE,REF_FIELD,EXPECT_VALUE,ERR_MSG) VALUES ('TBLID_BEQP_RECIP','RELEASE',4,'KEY','eqp_id','0','',NULL,NULL);
INSERT INTO SM_CHECK_DEF (TABLE_ID,CHECK_TYPE,CHECK_ORDER,CHECK_KIND,FIELD_NAME,REF_TABLE,REF_FIELD,EXPECT_VALUE,ERR_MSG) VALUES ('TBLID_BEQP_RECIP','RELEASE',5,'STAT_R',NULL,NULL,NULL,NULL,NULL);
INSERT INTO SM_CHECK_DEF (TABLE_ID,CHECK_TYPE,CHECK_ORDER,CHECK_KIND,FIELD_NAME,REF_TABLE,REF_FIELD,EXPECT_VALUE,ERR_MSG) VALUES ('TBLID_BEQP_RECIP','RELEASE',6,'RELEASE_PARAM','eqp_id','D10',NULL,NULL,NULL);
INSERT INTO SM_CHECK_DEF (TABLE_ID,CHECK_TYPE,CHECK_ORDER,CHECK_KIND,FIELD_NAME,REF_TABLE,REF_FIELD,EXPECT_VALUE,ERR_MSG) VALUES ('TBLID_BEQP_RECIP','RELEASE',7,'RELEASE_PARAM','recip_id','D20',NULL,NULL,NULL);
INSERT INTO SM_CHECK_DEF (TABLE_ID,CHECK_TYPE,CHECK_ORDER,CHECK_KIND,FIELD_NAME,REF_TABLE,REF_FIELD,EXPECT_VALUE,ERR_MSG) VALUES ('TBLID_BEQP_RECIP','DELETE',1,'STAT_R',NULL,NULL,NULL,NULL,NULL);
INSERT INTO SM_CHECK_DEF (TABLE_ID,CHECK_TYPE,CHECK_ORDER,CHECK_KIND,FIELD_NAME,REF_TABLE,REF_FIELD,EXPECT_VALUE,ERR_MSG) VALUES ('TBLID_BEQP_RECIP','DELETE',2,'STRING','lock_user',NULL,NULL,'',NULL);
INSERT INTO SM_CHECK_DEF (TABLE_ID,CHECK_TYPE,CHECK_ORDER,CHECK_KIND,FIELD_NAME,REF_TABLE,REF_FIELD,EXPECT_VALUE,ERR_MSG) VALUES ('TBLID_BEQP_RECIP','DELETE',3,'NULLCHK','lock_time',NULL,NULL,NULL,NULL);
INSERT INTO SM_CHECK_DEF (TABLE_ID,CHECK_TYPE,CHECK_ORDER,CHECK_KIND,FIELD_NAME,REF_TABLE,REF_FIELD,EXPECT_VALUE,ERR_MSG) VALUES ('TBLID_BEQP_RECIP','DELETE',4,'KEY','recip_id','0','',NULL,NULL);
INSERT INTO SM_CHECK_DEF (TABLE_ID,CHECK_TYPE,CHECK_ORDER,CHECK_KIND,FIELD_NAME,REF_TABLE,REF_FIELD,EXPECT_VALUE,ERR_MSG) VALUES ('TBLID_BEQP_RECIP','DELETE',5,'KEY','eqp_id','0','',NULL,NULL);
INSERT INTO SM_CHECK_DEF (TABLE_ID,CHECK_TYPE,CHECK_ORDER,CHECK_KIND,FIELD_NAME,REF_TABLE,REF_FIELD,EXPECT_VALUE,ERR_MSG) VALUES ('TBLID_BEQP_RECIP','DELETE',6,'STAT_R',NULL,NULL,NULL,NULL,NULL);
INSERT INTO SM_CHECK_DEF (TABLE_ID,CHECK_TYPE,CHECK_ORDER,CHECK_KIND,FIELD_NAME,REF_TABLE,REF_FIELD,EXPECT_VALUE,ERR_MSG) VALUES ('TBLID_BEQP_RECIP','DELETE',7,'KEY','recip_id','0','',NULL,NULL);
INSERT INTO SM_CHECK_DEF (TABLE_ID,CHECK_TYPE,CHECK_ORDER,CHECK_KIND,FIELD_NAME,REF_TABLE,REF_FIELD,EXPECT_VALUE,ERR_MSG) VALUES ('TBLID_BEQP_RECIP','DELETE',8,'KEY','eqp_id','0','',NULL,NULL);
INSERT INTO SM_CHECK_DEF (TABLE_ID,CHECK_TYPE,CHECK_ORDER,CHECK_KIND,FIELD_NAME,REF_TABLE,REF_FIELD,EXPECT_VALUE,ERR_MSG) VALUES ('TBLID_BEQP_RECIP','DELETE',9,'STAT_R',NULL,NULL,NULL,NULL,NULL);
INSERT INTO SM_CHECK_DEF (TABLE_ID,CHECK_TYPE,CHECK_ORDER,CHECK_KIND,FIELD_NAME,REF_TABLE,REF_FIELD,EXPECT_VALUE,ERR_MSG) VALUES ('TBLID_BEQP_RECIP','DELETE',10,'KEY','recip_id','0','',NULL,NULL);
INSERT INTO SM_CHECK_DEF (TABLE_ID,CHECK_TYPE,CHECK_ORDER,CHECK_KIND,FIELD_NAME,REF_TABLE,REF_FIELD,EXPECT_VALUE,ERR_MSG) VALUES ('TBLID_BEQP_RECIP','DELETE',11,'KEY','eqp_id','0','',NULL,NULL);
INSERT INTO SM_CHECK_DEF (TABLE_ID,CHECK_TYPE,CHECK_ORDER,CHECK_KIND,FIELD_NAME,REF_TABLE,REF_FIELD,EXPECT_VALUE,ERR_MSG) VALUES ('TBLID_BEQP_RECIP','DELETE',12,'STAT_R',NULL,NULL,NULL,NULL,NULL);
INSERT INTO SM_CHECK_DEF (TABLE_ID,CHECK_TYPE,CHECK_ORDER,CHECK_KIND,FIELD_NAME,REF_TABLE,REF_FIELD,EXPECT_VALUE,ERR_MSG) VALUES ('TBLID_BEQP_RECIP','EDITCOMP',1,'STAT_E',NULL,NULL,NULL,NULL,NULL);
INSERT INTO SM_CHECK_DEF (TABLE_ID,CHECK_TYPE,CHECK_ORDER,CHECK_KIND,FIELD_NAME,REF_TABLE,REF_FIELD,EXPECT_VALUE,ERR_MSG) VALUES ('TBLID_BEQP_RECIP','EDITCOMP',2,'COMP_N',NULL,NULL,NULL,NULL,'记录已编辑完成');

-- BEQP_STAT_CONST
INSERT INTO SM_TABLE_DEF (TABLE_ID, TABLE_NAME, JP_TITLE, US_TITLE, RELEASE_FLAG, DISTRIBUTE_FLAG, PERMISSION_TYPE, SCHEMA_TYPE, HAS_DUMMY, SORT_NO)
VALUES ('TBLID_BEQP_STAT_CONST', 'BEQP_STAT_CONST', 'BEQP_STAT_CONST', 'BEQP_STAT_CONST', 'Y', 'N', 'C', 'L', 'N', 260);
INSERT INTO SM_FIELD_DEF (TABLE_ID,FIELD_NAME,JP_TITLE,US_TITLE,DB_TYPE,DB_LENGTH,IS_KEY,NOT_BLANK,IS_DUMMY,IS_SEARCH_ITEM,SORT_NO,TREE_LEVEL,SHEET_NO,PAGE_NO,PROPERTY_NO,IS_AUTO,IS_MANDATORY,SYSTEM_READONLY,FIELD_TYPE,FIELD_LENGTH,INPUT_ALPHABET,INPUT_MULTIBYTE,INPUT_NUMERIC,INPUT_SYMBOL,INPUT_UPPERCASE,RETRIEVAL_TABLE,FORMAT,DEFAULT_VALUE,MIN_VALUE,MAX_VALUE,CALENDAR_BUTTON,JUMP_BUTTON,OPEN_BUTTON,REF_TABLE_ID,REF_FIELD_NAME,SPECIAL_BUTTON) VALUES ('TBLID_BEQP_STAT_CONST','FROM_EQP_STAT','FROM_EQP_STAT','FROM_EQP_STAT','STRING',5,'N','Y','N','Y',-1,-1,0,0,0,'N','N','N','STRING',0,'Y',0,'Y','Y','Y','NONE',NULL,NULL,NULL,NULL,'N','N',0,NULL,NULL,0);
INSERT INTO SM_FIELD_DEF (TABLE_ID,FIELD_NAME,JP_TITLE,US_TITLE,DB_TYPE,DB_LENGTH,IS_KEY,NOT_BLANK,IS_DUMMY,IS_SEARCH_ITEM,SORT_NO,TREE_LEVEL,SHEET_NO,PAGE_NO,PROPERTY_NO,IS_AUTO,IS_MANDATORY,SYSTEM_READONLY,FIELD_TYPE,FIELD_LENGTH,INPUT_ALPHABET,INPUT_MULTIBYTE,INPUT_NUMERIC,INPUT_SYMBOL,INPUT_UPPERCASE,RETRIEVAL_TABLE,FORMAT,DEFAULT_VALUE,MIN_VALUE,MAX_VALUE,CALENDAR_BUTTON,JUMP_BUTTON,OPEN_BUTTON,REF_TABLE_ID,REF_FIELD_NAME,SPECIAL_BUTTON) VALUES ('TBLID_BEQP_STAT_CONST','FROM_EQP_SUBSTAT','FROM_EQP_SUBSTAT','FROM_EQP_SUBSTAT','STRING',20,'N','Y','N','Y',-1,-1,0,0,0,'N','N','N','STRING',0,'Y',0,'Y','Y','Y','NONE',NULL,NULL,NULL,NULL,'N','N',0,NULL,NULL,0);
INSERT INTO SM_FIELD_DEF (TABLE_ID,FIELD_NAME,JP_TITLE,US_TITLE,DB_TYPE,DB_LENGTH,IS_KEY,NOT_BLANK,IS_DUMMY,IS_SEARCH_ITEM,SORT_NO,TREE_LEVEL,SHEET_NO,PAGE_NO,PROPERTY_NO,IS_AUTO,IS_MANDATORY,SYSTEM_READONLY,FIELD_TYPE,FIELD_LENGTH,INPUT_ALPHABET,INPUT_MULTIBYTE,INPUT_NUMERIC,INPUT_SYMBOL,INPUT_UPPERCASE,RETRIEVAL_TABLE,FORMAT,DEFAULT_VALUE,MIN_VALUE,MAX_VALUE,CALENDAR_BUTTON,JUMP_BUTTON,OPEN_BUTTON,REF_TABLE_ID,REF_FIELD_NAME,SPECIAL_BUTTON) VALUES ('TBLID_BEQP_STAT_CONST','TO_EQP_STAT','TO_EQP_STAT','TO_EQP_STAT','STRING',5,'N','Y','N','Y',-1,-1,0,0,0,'N','N','N','STRING',0,'Y',0,'Y','Y','Y','NONE',NULL,NULL,NULL,NULL,'N','N',0,NULL,NULL,0);
INSERT INTO SM_FIELD_DEF (TABLE_ID,FIELD_NAME,JP_TITLE,US_TITLE,DB_TYPE,DB_LENGTH,IS_KEY,NOT_BLANK,IS_DUMMY,IS_SEARCH_ITEM,SORT_NO,TREE_LEVEL,SHEET_NO,PAGE_NO,PROPERTY_NO,IS_AUTO,IS_MANDATORY,SYSTEM_READONLY,FIELD_TYPE,FIELD_LENGTH,INPUT_ALPHABET,INPUT_MULTIBYTE,INPUT_NUMERIC,INPUT_SYMBOL,INPUT_UPPERCASE,RETRIEVAL_TABLE,FORMAT,DEFAULT_VALUE,MIN_VALUE,MAX_VALUE,CALENDAR_BUTTON,JUMP_BUTTON,OPEN_BUTTON,REF_TABLE_ID,REF_FIELD_NAME,SPECIAL_BUTTON) VALUES ('TBLID_BEQP_STAT_CONST','TO_EQP_SUBSTAT','TO_EQP_SUBSTAT','TO_EQP_SUBSTAT','STRING',20,'N','Y','N','Y',-1,-1,0,0,0,'N','N','N','STRING',0,'Y',0,'Y','Y','Y','NONE',NULL,NULL,NULL,NULL,'N','N',0,NULL,NULL,0);
INSERT INTO SM_FIELD_DEF (TABLE_ID,FIELD_NAME,JP_TITLE,US_TITLE,DB_TYPE,DB_LENGTH,IS_KEY,NOT_BLANK,IS_DUMMY,IS_SEARCH_ITEM,SORT_NO,TREE_LEVEL,SHEET_NO,PAGE_NO,PROPERTY_NO,IS_AUTO,IS_MANDATORY,SYSTEM_READONLY,FIELD_TYPE,FIELD_LENGTH,INPUT_ALPHABET,INPUT_MULTIBYTE,INPUT_NUMERIC,INPUT_SYMBOL,INPUT_UPPERCASE,RETRIEVAL_TABLE,FORMAT,DEFAULT_VALUE,MIN_VALUE,MAX_VALUE,CALENDAR_BUTTON,JUMP_BUTTON,OPEN_BUTTON,REF_TABLE_ID,REF_FIELD_NAME,SPECIAL_BUTTON) VALUES ('TBLID_BEQP_STAT_CONST','USERG_IDS','USERG_IDS','USERG_IDS','STRING',80,'N','Y','N','Y',-1,-1,0,0,0,'N','N','N','STRING',0,'Y',0,'Y','Y','Y','NONE',NULL,NULL,NULL,NULL,'N','N',0,NULL,NULL,0);
INSERT INTO SM_CHECK_DEF (TABLE_ID,CHECK_TYPE,CHECK_ORDER,CHECK_KIND,FIELD_NAME,REF_TABLE,REF_FIELD,EXPECT_VALUE,ERR_MSG) VALUES ('TBLID_BEQP_STAT_CONST','SAVE',1,'STAT_E',NULL,NULL,NULL,NULL,NULL);
INSERT INTO SM_CHECK_DEF (TABLE_ID,CHECK_TYPE,CHECK_ORDER,CHECK_KIND,FIELD_NAME,REF_TABLE,REF_FIELD,EXPECT_VALUE,ERR_MSG) VALUES ('TBLID_BEQP_STAT_CONST','SAVE',2,'STRING','lock_user',NULL,NULL,'',NULL);
INSERT INTO SM_CHECK_DEF (TABLE_ID,CHECK_TYPE,CHECK_ORDER,CHECK_KIND,FIELD_NAME,REF_TABLE,REF_FIELD,EXPECT_VALUE,ERR_MSG) VALUES ('TBLID_BEQP_STAT_CONST','SAVE',3,'NULLCHK','lock_time',NULL,NULL,NULL,NULL);
INSERT INTO SM_CHECK_DEF (TABLE_ID,CHECK_TYPE,CHECK_ORDER,CHECK_KIND,FIELD_NAME,REF_TABLE,REF_FIELD,EXPECT_VALUE,ERR_MSG) VALUES ('TBLID_BEQP_STAT_CONST','RELEASE',1,'STAT_E',NULL,NULL,NULL,NULL,NULL);
INSERT INTO SM_CHECK_DEF (TABLE_ID,CHECK_TYPE,CHECK_ORDER,CHECK_KIND,FIELD_NAME,REF_TABLE,REF_FIELD,EXPECT_VALUE,ERR_MSG) VALUES ('TBLID_BEQP_STAT_CONST','RELEASE',2,'STRING','lock_user',NULL,NULL,'',NULL);
INSERT INTO SM_CHECK_DEF (TABLE_ID,CHECK_TYPE,CHECK_ORDER,CHECK_KIND,FIELD_NAME,REF_TABLE,REF_FIELD,EXPECT_VALUE,ERR_MSG) VALUES ('TBLID_BEQP_STAT_CONST','RELEASE',3,'NULLCHK','lock_time',NULL,NULL,NULL,NULL);
INSERT INTO SM_CHECK_DEF (TABLE_ID,CHECK_TYPE,CHECK_ORDER,CHECK_KIND,FIELD_NAME,REF_TABLE,REF_FIELD,EXPECT_VALUE,ERR_MSG) VALUES ('TBLID_BEQP_STAT_CONST','RELEASE',4,'RELEASE_PARAM','from_eqp_stat','D5',NULL,NULL,NULL);
INSERT INTO SM_CHECK_DEF (TABLE_ID,CHECK_TYPE,CHECK_ORDER,CHECK_KIND,FIELD_NAME,REF_TABLE,REF_FIELD,EXPECT_VALUE,ERR_MSG) VALUES ('TBLID_BEQP_STAT_CONST','RELEASE',5,'RELEASE_PARAM','from_eqp_substat','D20',NULL,NULL,NULL);
INSERT INTO SM_CHECK_DEF (TABLE_ID,CHECK_TYPE,CHECK_ORDER,CHECK_KIND,FIELD_NAME,REF_TABLE,REF_FIELD,EXPECT_VALUE,ERR_MSG) VALUES ('TBLID_BEQP_STAT_CONST','RELEASE',6,'RELEASE_PARAM','to_eqp_stat','D5',NULL,NULL,NULL);
INSERT INTO SM_CHECK_DEF (TABLE_ID,CHECK_TYPE,CHECK_ORDER,CHECK_KIND,FIELD_NAME,REF_TABLE,REF_FIELD,EXPECT_VALUE,ERR_MSG) VALUES ('TBLID_BEQP_STAT_CONST','RELEASE',7,'RELEASE_PARAM','to_eqp_substat','D20',NULL,NULL,NULL);
INSERT INTO SM_CHECK_DEF (TABLE_ID,CHECK_TYPE,CHECK_ORDER,CHECK_KIND,FIELD_NAME,REF_TABLE,REF_FIELD,EXPECT_VALUE,ERR_MSG) VALUES ('TBLID_BEQP_STAT_CONST','RELEASE',8,'RELEASE_WRITE','userg_id1','D0',NULL,NULL,NULL);
INSERT INTO SM_CHECK_DEF (TABLE_ID,CHECK_TYPE,CHECK_ORDER,CHECK_KIND,FIELD_NAME,REF_TABLE,REF_FIELD,EXPECT_VALUE,ERR_MSG) VALUES ('TBLID_BEQP_STAT_CONST','RELEASE',9,'RELEASE_WRITE','userg_id2','D0',NULL,NULL,NULL);
INSERT INTO SM_CHECK_DEF (TABLE_ID,CHECK_TYPE,CHECK_ORDER,CHECK_KIND,FIELD_NAME,REF_TABLE,REF_FIELD,EXPECT_VALUE,ERR_MSG) VALUES ('TBLID_BEQP_STAT_CONST','RELEASE',10,'RELEASE_WRITE','userg_id3','D0',NULL,NULL,NULL);
INSERT INTO SM_CHECK_DEF (TABLE_ID,CHECK_TYPE,CHECK_ORDER,CHECK_KIND,FIELD_NAME,REF_TABLE,REF_FIELD,EXPECT_VALUE,ERR_MSG) VALUES ('TBLID_BEQP_STAT_CONST','RELEASE',11,'RELEASE_WRITE','userg_id4','D0',NULL,NULL,NULL);
INSERT INTO SM_CHECK_DEF (TABLE_ID,CHECK_TYPE,CHECK_ORDER,CHECK_KIND,FIELD_NAME,REF_TABLE,REF_FIELD,EXPECT_VALUE,ERR_MSG) VALUES ('TBLID_BEQP_STAT_CONST','RELEASE',12,'RELEASE_WRITE','userg_id5','D0',NULL,NULL,NULL);
INSERT INTO SM_CHECK_DEF (TABLE_ID,CHECK_TYPE,CHECK_ORDER,CHECK_KIND,FIELD_NAME,REF_TABLE,REF_FIELD,EXPECT_VALUE,ERR_MSG) VALUES ('TBLID_BEQP_STAT_CONST','RELEASE',13,'RELEASE_WRITE','userg_id6','D0',NULL,NULL,NULL);
INSERT INTO SM_CHECK_DEF (TABLE_ID,CHECK_TYPE,CHECK_ORDER,CHECK_KIND,FIELD_NAME,REF_TABLE,REF_FIELD,EXPECT_VALUE,ERR_MSG) VALUES ('TBLID_BEQP_STAT_CONST','RELEASE',14,'RELEASE_WRITE','userg_id7','D0',NULL,NULL,NULL);
INSERT INTO SM_CHECK_DEF (TABLE_ID,CHECK_TYPE,CHECK_ORDER,CHECK_KIND,FIELD_NAME,REF_TABLE,REF_FIELD,EXPECT_VALUE,ERR_MSG) VALUES ('TBLID_BEQP_STAT_CONST','RELEASE',15,'RELEASE_WRITE','userg_id8','D0',NULL,NULL,NULL);
INSERT INTO SM_CHECK_DEF (TABLE_ID,CHECK_TYPE,CHECK_ORDER,CHECK_KIND,FIELD_NAME,REF_TABLE,REF_FIELD,EXPECT_VALUE,ERR_MSG) VALUES ('TBLID_BEQP_STAT_CONST','RELEASE',16,'RELEASE_WRITE','userg_id9','D0',NULL,NULL,NULL);
INSERT INTO SM_CHECK_DEF (TABLE_ID,CHECK_TYPE,CHECK_ORDER,CHECK_KIND,FIELD_NAME,REF_TABLE,REF_FIELD,EXPECT_VALUE,ERR_MSG) VALUES ('TBLID_BEQP_STAT_CONST','RELEASE',17,'RELEASE_WRITE','userg_id10','D0',NULL,NULL,NULL);
INSERT INTO SM_CHECK_DEF (TABLE_ID,CHECK_TYPE,CHECK_ORDER,CHECK_KIND,FIELD_NAME,REF_TABLE,REF_FIELD,EXPECT_VALUE,ERR_MSG) VALUES ('TBLID_BEQP_STAT_CONST','DELETE',1,'STAT_R',NULL,NULL,NULL,NULL,NULL);
INSERT INTO SM_CHECK_DEF (TABLE_ID,CHECK_TYPE,CHECK_ORDER,CHECK_KIND,FIELD_NAME,REF_TABLE,REF_FIELD,EXPECT_VALUE,ERR_MSG) VALUES ('TBLID_BEQP_STAT_CONST','DELETE',2,'STRING','lock_user',NULL,NULL,'',NULL);
INSERT INTO SM_CHECK_DEF (TABLE_ID,CHECK_TYPE,CHECK_ORDER,CHECK_KIND,FIELD_NAME,REF_TABLE,REF_FIELD,EXPECT_VALUE,ERR_MSG) VALUES ('TBLID_BEQP_STAT_CONST','DELETE',3,'NULLCHK','lock_time',NULL,NULL,NULL,NULL);
INSERT INTO SM_CHECK_DEF (TABLE_ID,CHECK_TYPE,CHECK_ORDER,CHECK_KIND,FIELD_NAME,REF_TABLE,REF_FIELD,EXPECT_VALUE,ERR_MSG) VALUES ('TBLID_BEQP_STAT_CONST','EDITCOMP',1,'STAT_E',NULL,NULL,NULL,NULL,NULL);
INSERT INTO SM_CHECK_DEF (TABLE_ID,CHECK_TYPE,CHECK_ORDER,CHECK_KIND,FIELD_NAME,REF_TABLE,REF_FIELD,EXPECT_VALUE,ERR_MSG) VALUES ('TBLID_BEQP_STAT_CONST','EDITCOMP',2,'COMP_N',NULL,NULL,NULL,NULL,'记录已编辑完成');

-- BEQP_USER
INSERT INTO SM_TABLE_DEF (TABLE_ID, TABLE_NAME, JP_TITLE, US_TITLE, RELEASE_FLAG, DISTRIBUTE_FLAG, PERMISSION_TYPE, SCHEMA_TYPE, HAS_DUMMY, SORT_NO)
VALUES ('TBLID_BEQP_USER', 'BEQP_USER', 'BEQP_USER', 'BEQP_USER', 'Y', 'N', 'C', 'L', 'N', 270);
INSERT INTO SM_FIELD_DEF (TABLE_ID,FIELD_NAME,JP_TITLE,US_TITLE,DB_TYPE,DB_LENGTH,IS_KEY,NOT_BLANK,IS_DUMMY,IS_SEARCH_ITEM,SORT_NO,TREE_LEVEL,SHEET_NO,PAGE_NO,PROPERTY_NO,IS_AUTO,IS_MANDATORY,SYSTEM_READONLY,FIELD_TYPE,FIELD_LENGTH,INPUT_ALPHABET,INPUT_MULTIBYTE,INPUT_NUMERIC,INPUT_SYMBOL,INPUT_UPPERCASE,RETRIEVAL_TABLE,FORMAT,DEFAULT_VALUE,MIN_VALUE,MAX_VALUE,CALENDAR_BUTTON,JUMP_BUTTON,OPEN_BUTTON,REF_TABLE_ID,REF_FIELD_NAME,SPECIAL_BUTTON) VALUES ('TBLID_BEQP_USER','EQP_USER_ID','EQP_USER_ID','EQP_USER_ID','STRING',20,'N','Y','N','Y',-1,-1,0,0,0,'N','N','N','STRING',0,'Y',0,'Y','Y','Y','NONE',NULL,NULL,NULL,NULL,'N','N',0,NULL,NULL,0);
INSERT INTO SM_FIELD_DEF (TABLE_ID,FIELD_NAME,JP_TITLE,US_TITLE,DB_TYPE,DB_LENGTH,IS_KEY,NOT_BLANK,IS_DUMMY,IS_SEARCH_ITEM,SORT_NO,TREE_LEVEL,SHEET_NO,PAGE_NO,PROPERTY_NO,IS_AUTO,IS_MANDATORY,SYSTEM_READONLY,FIELD_TYPE,FIELD_LENGTH,INPUT_ALPHABET,INPUT_MULTIBYTE,INPUT_NUMERIC,INPUT_SYMBOL,INPUT_UPPERCASE,RETRIEVAL_TABLE,FORMAT,DEFAULT_VALUE,MIN_VALUE,MAX_VALUE,CALENDAR_BUTTON,JUMP_BUTTON,OPEN_BUTTON,REF_TABLE_ID,REF_FIELD_NAME,SPECIAL_BUTTON) VALUES ('TBLID_BEQP_USER','EQP_ID','EQP_ID','EQP_ID','STRING',10,'N','Y','N','Y',-1,-1,0,0,0,'N','N','N','STRING',0,'Y',0,'Y','Y','Y','NONE',NULL,NULL,NULL,NULL,'N','N',0,NULL,NULL,0);

-- BFTPINFO
INSERT INTO SM_TABLE_DEF (TABLE_ID, TABLE_NAME, JP_TITLE, US_TITLE, RELEASE_FLAG, DISTRIBUTE_FLAG, PERMISSION_TYPE, SCHEMA_TYPE, HAS_DUMMY, SORT_NO)
VALUES ('TBLID_BFTPINFO', 'BFTPINFO', 'BFTPINFO', 'BFTPINFO', 'Y', 'N', 'C', 'L', 'N', 280);
INSERT INTO SM_FIELD_DEF (TABLE_ID,FIELD_NAME,JP_TITLE,US_TITLE,DB_TYPE,DB_LENGTH,IS_KEY,NOT_BLANK,IS_DUMMY,IS_SEARCH_ITEM,SORT_NO,TREE_LEVEL,SHEET_NO,PAGE_NO,PROPERTY_NO,IS_AUTO,IS_MANDATORY,SYSTEM_READONLY,FIELD_TYPE,FIELD_LENGTH,INPUT_ALPHABET,INPUT_MULTIBYTE,INPUT_NUMERIC,INPUT_SYMBOL,INPUT_UPPERCASE,RETRIEVAL_TABLE,FORMAT,DEFAULT_VALUE,MIN_VALUE,MAX_VALUE,CALENDAR_BUTTON,JUMP_BUTTON,OPEN_BUTTON,REF_TABLE_ID,REF_FIELD_NAME,SPECIAL_BUTTON) VALUES ('TBLID_BFTPINFO','FTP_INFO_ID','FTP_INFO_ID','FTP_INFO_ID','STRING',10,'N','Y','N','Y',-1,-1,0,0,0,'N','N','N','STRING',0,'Y',0,'Y','Y','Y','NONE',NULL,NULL,NULL,NULL,'N','N',0,NULL,NULL,0);
INSERT INTO SM_FIELD_DEF (TABLE_ID,FIELD_NAME,JP_TITLE,US_TITLE,DB_TYPE,DB_LENGTH,IS_KEY,NOT_BLANK,IS_DUMMY,IS_SEARCH_ITEM,SORT_NO,TREE_LEVEL,SHEET_NO,PAGE_NO,PROPERTY_NO,IS_AUTO,IS_MANDATORY,SYSTEM_READONLY,FIELD_TYPE,FIELD_LENGTH,INPUT_ALPHABET,INPUT_MULTIBYTE,INPUT_NUMERIC,INPUT_SYMBOL,INPUT_UPPERCASE,RETRIEVAL_TABLE,FORMAT,DEFAULT_VALUE,MIN_VALUE,MAX_VALUE,CALENDAR_BUTTON,JUMP_BUTTON,OPEN_BUTTON,REF_TABLE_ID,REF_FIELD_NAME,SPECIAL_BUTTON) VALUES ('TBLID_BFTPINFO','FTP_INFO_NAME','FTP_INFO_NAME','FTP_INFO_NAME','STRING',40,'N','Y','N','Y',-1,-1,0,0,0,'N','N','N','STRING',0,'Y',0,'Y','Y','Y','NONE',NULL,NULL,NULL,NULL,'N','N',0,NULL,NULL,0);
INSERT INTO SM_FIELD_DEF (TABLE_ID,FIELD_NAME,JP_TITLE,US_TITLE,DB_TYPE,DB_LENGTH,IS_KEY,NOT_BLANK,IS_DUMMY,IS_SEARCH_ITEM,SORT_NO,TREE_LEVEL,SHEET_NO,PAGE_NO,PROPERTY_NO,IS_AUTO,IS_MANDATORY,SYSTEM_READONLY,FIELD_TYPE,FIELD_LENGTH,INPUT_ALPHABET,INPUT_MULTIBYTE,INPUT_NUMERIC,INPUT_SYMBOL,INPUT_UPPERCASE,RETRIEVAL_TABLE,FORMAT,DEFAULT_VALUE,MIN_VALUE,MAX_VALUE,CALENDAR_BUTTON,JUMP_BUTTON,OPEN_BUTTON,REF_TABLE_ID,REF_FIELD_NAME,SPECIAL_BUTTON) VALUES ('TBLID_BFTPINFO','SAVE_DIR_1','SAVE_DIR_1','SAVE_DIR_1','STRING',80,'N','Y','N','Y',-1,-1,0,0,0,'N','N','N','STRING',0,'Y',0,'Y','Y','Y','NONE',NULL,NULL,NULL,NULL,'N','N',0,NULL,NULL,0);
INSERT INTO SM_FIELD_DEF (TABLE_ID,FIELD_NAME,JP_TITLE,US_TITLE,DB_TYPE,DB_LENGTH,IS_KEY,NOT_BLANK,IS_DUMMY,IS_SEARCH_ITEM,SORT_NO,TREE_LEVEL,SHEET_NO,PAGE_NO,PROPERTY_NO,IS_AUTO,IS_MANDATORY,SYSTEM_READONLY,FIELD_TYPE,FIELD_LENGTH,INPUT_ALPHABET,INPUT_MULTIBYTE,INPUT_NUMERIC,INPUT_SYMBOL,INPUT_UPPERCASE,RETRIEVAL_TABLE,FORMAT,DEFAULT_VALUE,MIN_VALUE,MAX_VALUE,CALENDAR_BUTTON,JUMP_BUTTON,OPEN_BUTTON,REF_TABLE_ID,REF_FIELD_NAME,SPECIAL_BUTTON) VALUES ('TBLID_BFTPINFO','SAVE_DIR_2','SAVE_DIR_2','SAVE_DIR_2','STRING',80,'N','Y','N','Y',-1,-1,0,0,0,'N','N','N','STRING',0,'Y',0,'Y','Y','Y','NONE',NULL,NULL,NULL,NULL,'N','N',0,NULL,NULL,0);
INSERT INTO SM_FIELD_DEF (TABLE_ID,FIELD_NAME,JP_TITLE,US_TITLE,DB_TYPE,DB_LENGTH,IS_KEY,NOT_BLANK,IS_DUMMY,IS_SEARCH_ITEM,SORT_NO,TREE_LEVEL,SHEET_NO,PAGE_NO,PROPERTY_NO,IS_AUTO,IS_MANDATORY,SYSTEM_READONLY,FIELD_TYPE,FIELD_LENGTH,INPUT_ALPHABET,INPUT_MULTIBYTE,INPUT_NUMERIC,INPUT_SYMBOL,INPUT_UPPERCASE,RETRIEVAL_TABLE,FORMAT,DEFAULT_VALUE,MIN_VALUE,MAX_VALUE,CALENDAR_BUTTON,JUMP_BUTTON,OPEN_BUTTON,REF_TABLE_ID,REF_FIELD_NAME,SPECIAL_BUTTON) VALUES ('TBLID_BFTPINFO','SAVE_DIR_3','SAVE_DIR_3','SAVE_DIR_3','STRING',80,'N','Y','N','Y',-1,-1,0,0,0,'N','N','N','STRING',0,'Y',0,'Y','Y','Y','NONE',NULL,NULL,NULL,NULL,'N','N',0,NULL,NULL,0);
INSERT INTO SM_FIELD_DEF (TABLE_ID,FIELD_NAME,JP_TITLE,US_TITLE,DB_TYPE,DB_LENGTH,IS_KEY,NOT_BLANK,IS_DUMMY,IS_SEARCH_ITEM,SORT_NO,TREE_LEVEL,SHEET_NO,PAGE_NO,PROPERTY_NO,IS_AUTO,IS_MANDATORY,SYSTEM_READONLY,FIELD_TYPE,FIELD_LENGTH,INPUT_ALPHABET,INPUT_MULTIBYTE,INPUT_NUMERIC,INPUT_SYMBOL,INPUT_UPPERCASE,RETRIEVAL_TABLE,FORMAT,DEFAULT_VALUE,MIN_VALUE,MAX_VALUE,CALENDAR_BUTTON,JUMP_BUTTON,OPEN_BUTTON,REF_TABLE_ID,REF_FIELD_NAME,SPECIAL_BUTTON) VALUES ('TBLID_BFTPINFO','SAVE_DIR_4','SAVE_DIR_4','SAVE_DIR_4','STRING',80,'N','Y','N','Y',-1,-1,0,0,0,'N','N','N','STRING',0,'Y',0,'Y','Y','Y','NONE',NULL,NULL,NULL,NULL,'N','N',0,NULL,NULL,0);
INSERT INTO SM_FIELD_DEF (TABLE_ID,FIELD_NAME,JP_TITLE,US_TITLE,DB_TYPE,DB_LENGTH,IS_KEY,NOT_BLANK,IS_DUMMY,IS_SEARCH_ITEM,SORT_NO,TREE_LEVEL,SHEET_NO,PAGE_NO,PROPERTY_NO,IS_AUTO,IS_MANDATORY,SYSTEM_READONLY,FIELD_TYPE,FIELD_LENGTH,INPUT_ALPHABET,INPUT_MULTIBYTE,INPUT_NUMERIC,INPUT_SYMBOL,INPUT_UPPERCASE,RETRIEVAL_TABLE,FORMAT,DEFAULT_VALUE,MIN_VALUE,MAX_VALUE,CALENDAR_BUTTON,JUMP_BUTTON,OPEN_BUTTON,REF_TABLE_ID,REF_FIELD_NAME,SPECIAL_BUTTON) VALUES ('TBLID_BFTPINFO','FTP_USER_ID','FTP_USER_ID','FTP_USER_ID','STRING',8,'N','Y','N','Y',-1,-1,0,0,0,'N','N','N','STRING',0,'Y',0,'Y','Y','Y','NONE',NULL,NULL,NULL,NULL,'N','N',0,NULL,NULL,0);
INSERT INTO SM_FIELD_DEF (TABLE_ID,FIELD_NAME,JP_TITLE,US_TITLE,DB_TYPE,DB_LENGTH,IS_KEY,NOT_BLANK,IS_DUMMY,IS_SEARCH_ITEM,SORT_NO,TREE_LEVEL,SHEET_NO,PAGE_NO,PROPERTY_NO,IS_AUTO,IS_MANDATORY,SYSTEM_READONLY,FIELD_TYPE,FIELD_LENGTH,INPUT_ALPHABET,INPUT_MULTIBYTE,INPUT_NUMERIC,INPUT_SYMBOL,INPUT_UPPERCASE,RETRIEVAL_TABLE,FORMAT,DEFAULT_VALUE,MIN_VALUE,MAX_VALUE,CALENDAR_BUTTON,JUMP_BUTTON,OPEN_BUTTON,REF_TABLE_ID,REF_FIELD_NAME,SPECIAL_BUTTON) VALUES ('TBLID_BFTPINFO','FTP_PASSWD','FTP_PASSWD','FTP_PASSWD','STRING',8,'N','Y','N','Y',-1,-1,0,0,0,'N','N','N','STRING',0,'Y',0,'Y','Y','Y','NONE',NULL,NULL,NULL,NULL,'N','N',0,NULL,NULL,0);
INSERT INTO SM_CHECK_DEF (TABLE_ID,CHECK_TYPE,CHECK_ORDER,CHECK_KIND,FIELD_NAME,REF_TABLE,REF_FIELD,EXPECT_VALUE,ERR_MSG) VALUES ('TBLID_BFTPINFO','SAVE',1,'STAT_E',NULL,NULL,NULL,NULL,NULL);
INSERT INTO SM_CHECK_DEF (TABLE_ID,CHECK_TYPE,CHECK_ORDER,CHECK_KIND,FIELD_NAME,REF_TABLE,REF_FIELD,EXPECT_VALUE,ERR_MSG) VALUES ('TBLID_BFTPINFO','SAVE',2,'STRING','lock_user',NULL,NULL,'',NULL);
INSERT INTO SM_CHECK_DEF (TABLE_ID,CHECK_TYPE,CHECK_ORDER,CHECK_KIND,FIELD_NAME,REF_TABLE,REF_FIELD,EXPECT_VALUE,ERR_MSG) VALUES ('TBLID_BFTPINFO','SAVE',3,'NULLCHK','lock_time',NULL,NULL,NULL,NULL);
INSERT INTO SM_CHECK_DEF (TABLE_ID,CHECK_TYPE,CHECK_ORDER,CHECK_KIND,FIELD_NAME,REF_TABLE,REF_FIELD,EXPECT_VALUE,ERR_MSG) VALUES ('TBLID_BFTPINFO','RELEASE',1,'STAT_E',NULL,NULL,NULL,NULL,NULL);
INSERT INTO SM_CHECK_DEF (TABLE_ID,CHECK_TYPE,CHECK_ORDER,CHECK_KIND,FIELD_NAME,REF_TABLE,REF_FIELD,EXPECT_VALUE,ERR_MSG) VALUES ('TBLID_BFTPINFO','RELEASE',2,'STRING','lock_user',NULL,NULL,'',NULL);
INSERT INTO SM_CHECK_DEF (TABLE_ID,CHECK_TYPE,CHECK_ORDER,CHECK_KIND,FIELD_NAME,REF_TABLE,REF_FIELD,EXPECT_VALUE,ERR_MSG) VALUES ('TBLID_BFTPINFO','RELEASE',3,'NULLCHK','lock_time',NULL,NULL,NULL,NULL);
INSERT INTO SM_CHECK_DEF (TABLE_ID,CHECK_TYPE,CHECK_ORDER,CHECK_KIND,FIELD_NAME,REF_TABLE,REF_FIELD,EXPECT_VALUE,ERR_MSG) VALUES ('TBLID_BFTPINFO','RELEASE',4,'RELEASE_PARAM','ftp_info_id','D10',NULL,NULL,NULL);
INSERT INTO SM_CHECK_DEF (TABLE_ID,CHECK_TYPE,CHECK_ORDER,CHECK_KIND,FIELD_NAME,REF_TABLE,REF_FIELD,EXPECT_VALUE,ERR_MSG) VALUES ('TBLID_BFTPINFO','RELEASE',5,'RELEASE_WRITE','ftp_info_name','D0',NULL,NULL,NULL);
INSERT INTO SM_CHECK_DEF (TABLE_ID,CHECK_TYPE,CHECK_ORDER,CHECK_KIND,FIELD_NAME,REF_TABLE,REF_FIELD,EXPECT_VALUE,ERR_MSG) VALUES ('TBLID_BFTPINFO','RELEASE',6,'RELEASE_WRITE','save_dir_1','D0',NULL,NULL,NULL);
INSERT INTO SM_CHECK_DEF (TABLE_ID,CHECK_TYPE,CHECK_ORDER,CHECK_KIND,FIELD_NAME,REF_TABLE,REF_FIELD,EXPECT_VALUE,ERR_MSG) VALUES ('TBLID_BFTPINFO','RELEASE',7,'RELEASE_WRITE','save_dir_2','D0',NULL,NULL,NULL);
INSERT INTO SM_CHECK_DEF (TABLE_ID,CHECK_TYPE,CHECK_ORDER,CHECK_KIND,FIELD_NAME,REF_TABLE,REF_FIELD,EXPECT_VALUE,ERR_MSG) VALUES ('TBLID_BFTPINFO','RELEASE',8,'RELEASE_WRITE','save_dir_3','D0',NULL,NULL,NULL);
INSERT INTO SM_CHECK_DEF (TABLE_ID,CHECK_TYPE,CHECK_ORDER,CHECK_KIND,FIELD_NAME,REF_TABLE,REF_FIELD,EXPECT_VALUE,ERR_MSG) VALUES ('TBLID_BFTPINFO','RELEASE',9,'RELEASE_WRITE','save_dir_4','D0',NULL,NULL,NULL);
INSERT INTO SM_CHECK_DEF (TABLE_ID,CHECK_TYPE,CHECK_ORDER,CHECK_KIND,FIELD_NAME,REF_TABLE,REF_FIELD,EXPECT_VALUE,ERR_MSG) VALUES ('TBLID_BFTPINFO','RELEASE',10,'RELEASE_WRITE','ftp_user_id','D0',NULL,NULL,NULL);
INSERT INTO SM_CHECK_DEF (TABLE_ID,CHECK_TYPE,CHECK_ORDER,CHECK_KIND,FIELD_NAME,REF_TABLE,REF_FIELD,EXPECT_VALUE,ERR_MSG) VALUES ('TBLID_BFTPINFO','RELEASE',11,'RELEASE_WRITE','ftp_passwd','D0',NULL,NULL,NULL);
INSERT INTO SM_CHECK_DEF (TABLE_ID,CHECK_TYPE,CHECK_ORDER,CHECK_KIND,FIELD_NAME,REF_TABLE,REF_FIELD,EXPECT_VALUE,ERR_MSG) VALUES ('TBLID_BFTPINFO','DELETE',1,'STAT_R',NULL,NULL,NULL,NULL,NULL);
INSERT INTO SM_CHECK_DEF (TABLE_ID,CHECK_TYPE,CHECK_ORDER,CHECK_KIND,FIELD_NAME,REF_TABLE,REF_FIELD,EXPECT_VALUE,ERR_MSG) VALUES ('TBLID_BFTPINFO','DELETE',2,'STRING','lock_user',NULL,NULL,'',NULL);
INSERT INTO SM_CHECK_DEF (TABLE_ID,CHECK_TYPE,CHECK_ORDER,CHECK_KIND,FIELD_NAME,REF_TABLE,REF_FIELD,EXPECT_VALUE,ERR_MSG) VALUES ('TBLID_BFTPINFO','DELETE',3,'NULLCHK','lock_time',NULL,NULL,NULL,NULL);
INSERT INTO SM_CHECK_DEF (TABLE_ID,CHECK_TYPE,CHECK_ORDER,CHECK_KIND,FIELD_NAME,REF_TABLE,REF_FIELD,EXPECT_VALUE,ERR_MSG) VALUES ('TBLID_BFTPINFO','EDITCOMP',1,'STAT_E',NULL,NULL,NULL,NULL,NULL);
INSERT INTO SM_CHECK_DEF (TABLE_ID,CHECK_TYPE,CHECK_ORDER,CHECK_KIND,FIELD_NAME,REF_TABLE,REF_FIELD,EXPECT_VALUE,ERR_MSG) VALUES ('TBLID_BFTPINFO','EDITCOMP',2,'COMP_N',NULL,NULL,NULL,NULL,'记录已编辑完成');

-- BHOLDCODE
INSERT INTO SM_TABLE_DEF (TABLE_ID, TABLE_NAME, JP_TITLE, US_TITLE, RELEASE_FLAG, DISTRIBUTE_FLAG, PERMISSION_TYPE, SCHEMA_TYPE, HAS_DUMMY, SORT_NO)
VALUES ('TBLID_BHOLDCODE', 'BHOLDCODE', 'BHOLDCODE', 'BHOLDCODE', 'Y', 'N', 'C', 'L', 'N', 290);
INSERT INTO SM_FIELD_DEF (TABLE_ID,FIELD_NAME,JP_TITLE,US_TITLE,DB_TYPE,DB_LENGTH,IS_KEY,NOT_BLANK,IS_DUMMY,IS_SEARCH_ITEM,SORT_NO,TREE_LEVEL,SHEET_NO,PAGE_NO,PROPERTY_NO,IS_AUTO,IS_MANDATORY,SYSTEM_READONLY,FIELD_TYPE,FIELD_LENGTH,INPUT_ALPHABET,INPUT_MULTIBYTE,INPUT_NUMERIC,INPUT_SYMBOL,INPUT_UPPERCASE,RETRIEVAL_TABLE,FORMAT,DEFAULT_VALUE,MIN_VALUE,MAX_VALUE,CALENDAR_BUTTON,JUMP_BUTTON,OPEN_BUTTON,REF_TABLE_ID,REF_FIELD_NAME,SPECIAL_BUTTON) VALUES ('TBLID_BHOLDCODE','HOLD_TYPE','HOLD_TYPE','HOLD_TYPE','STRING',2,'N','Y','N','Y',-1,-1,0,0,0,'N','N','N','STRING',0,'Y',0,'Y','Y','Y','NONE',NULL,NULL,NULL,NULL,'N','N',0,NULL,NULL,0);
INSERT INTO SM_FIELD_DEF (TABLE_ID,FIELD_NAME,JP_TITLE,US_TITLE,DB_TYPE,DB_LENGTH,IS_KEY,NOT_BLANK,IS_DUMMY,IS_SEARCH_ITEM,SORT_NO,TREE_LEVEL,SHEET_NO,PAGE_NO,PROPERTY_NO,IS_AUTO,IS_MANDATORY,SYSTEM_READONLY,FIELD_TYPE,FIELD_LENGTH,INPUT_ALPHABET,INPUT_MULTIBYTE,INPUT_NUMERIC,INPUT_SYMBOL,INPUT_UPPERCASE,RETRIEVAL_TABLE,FORMAT,DEFAULT_VALUE,MIN_VALUE,MAX_VALUE,CALENDAR_BUTTON,JUMP_BUTTON,OPEN_BUTTON,REF_TABLE_ID,REF_FIELD_NAME,SPECIAL_BUTTON) VALUES ('TBLID_BHOLDCODE','HOLD_RSN_CODE','HOLD_RSN_CODE','HOLD_RSN_CODE','STRING',10,'N','Y','N','Y',-1,-1,0,0,0,'N','N','N','STRING',0,'Y',0,'Y','Y','Y','NONE',NULL,NULL,NULL,NULL,'N','N',0,NULL,NULL,0);
INSERT INTO SM_FIELD_DEF (TABLE_ID,FIELD_NAME,JP_TITLE,US_TITLE,DB_TYPE,DB_LENGTH,IS_KEY,NOT_BLANK,IS_DUMMY,IS_SEARCH_ITEM,SORT_NO,TREE_LEVEL,SHEET_NO,PAGE_NO,PROPERTY_NO,IS_AUTO,IS_MANDATORY,SYSTEM_READONLY,FIELD_TYPE,FIELD_LENGTH,INPUT_ALPHABET,INPUT_MULTIBYTE,INPUT_NUMERIC,INPUT_SYMBOL,INPUT_UPPERCASE,RETRIEVAL_TABLE,FORMAT,DEFAULT_VALUE,MIN_VALUE,MAX_VALUE,CALENDAR_BUTTON,JUMP_BUTTON,OPEN_BUTTON,REF_TABLE_ID,REF_FIELD_NAME,SPECIAL_BUTTON) VALUES ('TBLID_BHOLDCODE','HOLD_RSN_CODE_NAME','HOLD_RSN_CODE_NAME','HOLD_RSN_CODE_NAME','STRING',40,'N','Y','N','Y',-1,-1,0,0,0,'N','N','N','STRING',0,'Y',0,'Y','Y','Y','NONE',NULL,NULL,NULL,NULL,'N','N',0,NULL,NULL,0);
INSERT INTO SM_FIELD_DEF (TABLE_ID,FIELD_NAME,JP_TITLE,US_TITLE,DB_TYPE,DB_LENGTH,IS_KEY,NOT_BLANK,IS_DUMMY,IS_SEARCH_ITEM,SORT_NO,TREE_LEVEL,SHEET_NO,PAGE_NO,PROPERTY_NO,IS_AUTO,IS_MANDATORY,SYSTEM_READONLY,FIELD_TYPE,FIELD_LENGTH,INPUT_ALPHABET,INPUT_MULTIBYTE,INPUT_NUMERIC,INPUT_SYMBOL,INPUT_UPPERCASE,RETRIEVAL_TABLE,FORMAT,DEFAULT_VALUE,MIN_VALUE,MAX_VALUE,CALENDAR_BUTTON,JUMP_BUTTON,OPEN_BUTTON,REF_TABLE_ID,REF_FIELD_NAME,SPECIAL_BUTTON) VALUES ('TBLID_BHOLDCODE','HOLD_RSN_CODE_DESC','HOLD_RSN_CODE_DESC','HOLD_RSN_CODE_DESC','STRING',80,'N','Y','N','Y',-1,-1,0,0,0,'N','N','N','STRING',0,'Y',0,'Y','Y','Y','NONE',NULL,NULL,NULL,NULL,'N','N',0,NULL,NULL,0);
INSERT INTO SM_FIELD_DEF (TABLE_ID,FIELD_NAME,JP_TITLE,US_TITLE,DB_TYPE,DB_LENGTH,IS_KEY,NOT_BLANK,IS_DUMMY,IS_SEARCH_ITEM,SORT_NO,TREE_LEVEL,SHEET_NO,PAGE_NO,PROPERTY_NO,IS_AUTO,IS_MANDATORY,SYSTEM_READONLY,FIELD_TYPE,FIELD_LENGTH,INPUT_ALPHABET,INPUT_MULTIBYTE,INPUT_NUMERIC,INPUT_SYMBOL,INPUT_UPPERCASE,RETRIEVAL_TABLE,FORMAT,DEFAULT_VALUE,MIN_VALUE,MAX_VALUE,CALENDAR_BUTTON,JUMP_BUTTON,OPEN_BUTTON,REF_TABLE_ID,REF_FIELD_NAME,SPECIAL_BUTTON) VALUES ('TBLID_BHOLDCODE','SET_USERG_ID1','SET_USERG_ID1','SET_USERG_ID1','STRING',10,'N','Y','N','Y',-1,-1,0,0,0,'N','N','N','STRING',0,'Y',0,'Y','Y','Y','NONE',NULL,NULL,NULL,NULL,'N','N',0,NULL,NULL,0);
INSERT INTO SM_FIELD_DEF (TABLE_ID,FIELD_NAME,JP_TITLE,US_TITLE,DB_TYPE,DB_LENGTH,IS_KEY,NOT_BLANK,IS_DUMMY,IS_SEARCH_ITEM,SORT_NO,TREE_LEVEL,SHEET_NO,PAGE_NO,PROPERTY_NO,IS_AUTO,IS_MANDATORY,SYSTEM_READONLY,FIELD_TYPE,FIELD_LENGTH,INPUT_ALPHABET,INPUT_MULTIBYTE,INPUT_NUMERIC,INPUT_SYMBOL,INPUT_UPPERCASE,RETRIEVAL_TABLE,FORMAT,DEFAULT_VALUE,MIN_VALUE,MAX_VALUE,CALENDAR_BUTTON,JUMP_BUTTON,OPEN_BUTTON,REF_TABLE_ID,REF_FIELD_NAME,SPECIAL_BUTTON) VALUES ('TBLID_BHOLDCODE','SET_USERG_ID2','SET_USERG_ID2','SET_USERG_ID2','STRING',10,'N','Y','N','Y',-1,-1,0,0,0,'N','N','N','STRING',0,'Y',0,'Y','Y','Y','NONE',NULL,NULL,NULL,NULL,'N','N',0,NULL,NULL,0);
INSERT INTO SM_FIELD_DEF (TABLE_ID,FIELD_NAME,JP_TITLE,US_TITLE,DB_TYPE,DB_LENGTH,IS_KEY,NOT_BLANK,IS_DUMMY,IS_SEARCH_ITEM,SORT_NO,TREE_LEVEL,SHEET_NO,PAGE_NO,PROPERTY_NO,IS_AUTO,IS_MANDATORY,SYSTEM_READONLY,FIELD_TYPE,FIELD_LENGTH,INPUT_ALPHABET,INPUT_MULTIBYTE,INPUT_NUMERIC,INPUT_SYMBOL,INPUT_UPPERCASE,RETRIEVAL_TABLE,FORMAT,DEFAULT_VALUE,MIN_VALUE,MAX_VALUE,CALENDAR_BUTTON,JUMP_BUTTON,OPEN_BUTTON,REF_TABLE_ID,REF_FIELD_NAME,SPECIAL_BUTTON) VALUES ('TBLID_BHOLDCODE','SET_USERG_ID3','SET_USERG_ID3','SET_USERG_ID3','STRING',10,'N','Y','N','Y',-1,-1,0,0,0,'N','N','N','STRING',0,'Y',0,'Y','Y','Y','NONE',NULL,NULL,NULL,NULL,'N','N',0,NULL,NULL,0);
INSERT INTO SM_FIELD_DEF (TABLE_ID,FIELD_NAME,JP_TITLE,US_TITLE,DB_TYPE,DB_LENGTH,IS_KEY,NOT_BLANK,IS_DUMMY,IS_SEARCH_ITEM,SORT_NO,TREE_LEVEL,SHEET_NO,PAGE_NO,PROPERTY_NO,IS_AUTO,IS_MANDATORY,SYSTEM_READONLY,FIELD_TYPE,FIELD_LENGTH,INPUT_ALPHABET,INPUT_MULTIBYTE,INPUT_NUMERIC,INPUT_SYMBOL,INPUT_UPPERCASE,RETRIEVAL_TABLE,FORMAT,DEFAULT_VALUE,MIN_VALUE,MAX_VALUE,CALENDAR_BUTTON,JUMP_BUTTON,OPEN_BUTTON,REF_TABLE_ID,REF_FIELD_NAME,SPECIAL_BUTTON) VALUES ('TBLID_BHOLDCODE','SET_USERG_ID4','SET_USERG_ID4','SET_USERG_ID4','STRING',10,'N','Y','N','Y',-1,-1,0,0,0,'N','N','N','STRING',0,'Y',0,'Y','Y','Y','NONE',NULL,NULL,NULL,NULL,'N','N',0,NULL,NULL,0);
INSERT INTO SM_FIELD_DEF (TABLE_ID,FIELD_NAME,JP_TITLE,US_TITLE,DB_TYPE,DB_LENGTH,IS_KEY,NOT_BLANK,IS_DUMMY,IS_SEARCH_ITEM,SORT_NO,TREE_LEVEL,SHEET_NO,PAGE_NO,PROPERTY_NO,IS_AUTO,IS_MANDATORY,SYSTEM_READONLY,FIELD_TYPE,FIELD_LENGTH,INPUT_ALPHABET,INPUT_MULTIBYTE,INPUT_NUMERIC,INPUT_SYMBOL,INPUT_UPPERCASE,RETRIEVAL_TABLE,FORMAT,DEFAULT_VALUE,MIN_VALUE,MAX_VALUE,CALENDAR_BUTTON,JUMP_BUTTON,OPEN_BUTTON,REF_TABLE_ID,REF_FIELD_NAME,SPECIAL_BUTTON) VALUES ('TBLID_BHOLDCODE','SET_USERG_ID5','SET_USERG_ID5','SET_USERG_ID5','STRING',10,'N','Y','N','Y',-1,-1,0,0,0,'N','N','N','STRING',0,'Y',0,'Y','Y','Y','NONE',NULL,NULL,NULL,NULL,'N','N',0,NULL,NULL,0);
INSERT INTO SM_FIELD_DEF (TABLE_ID,FIELD_NAME,JP_TITLE,US_TITLE,DB_TYPE,DB_LENGTH,IS_KEY,NOT_BLANK,IS_DUMMY,IS_SEARCH_ITEM,SORT_NO,TREE_LEVEL,SHEET_NO,PAGE_NO,PROPERTY_NO,IS_AUTO,IS_MANDATORY,SYSTEM_READONLY,FIELD_TYPE,FIELD_LENGTH,INPUT_ALPHABET,INPUT_MULTIBYTE,INPUT_NUMERIC,INPUT_SYMBOL,INPUT_UPPERCASE,RETRIEVAL_TABLE,FORMAT,DEFAULT_VALUE,MIN_VALUE,MAX_VALUE,CALENDAR_BUTTON,JUMP_BUTTON,OPEN_BUTTON,REF_TABLE_ID,REF_FIELD_NAME,SPECIAL_BUTTON) VALUES ('TBLID_BHOLDCODE','SET_USERG_ID6','SET_USERG_ID6','SET_USERG_ID6','STRING',10,'N','Y','N','Y',-1,-1,0,0,0,'N','N','N','STRING',0,'Y',0,'Y','Y','Y','NONE',NULL,NULL,NULL,NULL,'N','N',0,NULL,NULL,0);
INSERT INTO SM_FIELD_DEF (TABLE_ID,FIELD_NAME,JP_TITLE,US_TITLE,DB_TYPE,DB_LENGTH,IS_KEY,NOT_BLANK,IS_DUMMY,IS_SEARCH_ITEM,SORT_NO,TREE_LEVEL,SHEET_NO,PAGE_NO,PROPERTY_NO,IS_AUTO,IS_MANDATORY,SYSTEM_READONLY,FIELD_TYPE,FIELD_LENGTH,INPUT_ALPHABET,INPUT_MULTIBYTE,INPUT_NUMERIC,INPUT_SYMBOL,INPUT_UPPERCASE,RETRIEVAL_TABLE,FORMAT,DEFAULT_VALUE,MIN_VALUE,MAX_VALUE,CALENDAR_BUTTON,JUMP_BUTTON,OPEN_BUTTON,REF_TABLE_ID,REF_FIELD_NAME,SPECIAL_BUTTON) VALUES ('TBLID_BHOLDCODE','SET_USERG_ID7','SET_USERG_ID7','SET_USERG_ID7','STRING',10,'N','Y','N','Y',-1,-1,0,0,0,'N','N','N','STRING',0,'Y',0,'Y','Y','Y','NONE',NULL,NULL,NULL,NULL,'N','N',0,NULL,NULL,0);
INSERT INTO SM_FIELD_DEF (TABLE_ID,FIELD_NAME,JP_TITLE,US_TITLE,DB_TYPE,DB_LENGTH,IS_KEY,NOT_BLANK,IS_DUMMY,IS_SEARCH_ITEM,SORT_NO,TREE_LEVEL,SHEET_NO,PAGE_NO,PROPERTY_NO,IS_AUTO,IS_MANDATORY,SYSTEM_READONLY,FIELD_TYPE,FIELD_LENGTH,INPUT_ALPHABET,INPUT_MULTIBYTE,INPUT_NUMERIC,INPUT_SYMBOL,INPUT_UPPERCASE,RETRIEVAL_TABLE,FORMAT,DEFAULT_VALUE,MIN_VALUE,MAX_VALUE,CALENDAR_BUTTON,JUMP_BUTTON,OPEN_BUTTON,REF_TABLE_ID,REF_FIELD_NAME,SPECIAL_BUTTON) VALUES ('TBLID_BHOLDCODE','SET_USERG_ID8','SET_USERG_ID8','SET_USERG_ID8','STRING',10,'N','Y','N','Y',-1,-1,0,0,0,'N','N','N','STRING',0,'Y',0,'Y','Y','Y','NONE',NULL,NULL,NULL,NULL,'N','N',0,NULL,NULL,0);
INSERT INTO SM_FIELD_DEF (TABLE_ID,FIELD_NAME,JP_TITLE,US_TITLE,DB_TYPE,DB_LENGTH,IS_KEY,NOT_BLANK,IS_DUMMY,IS_SEARCH_ITEM,SORT_NO,TREE_LEVEL,SHEET_NO,PAGE_NO,PROPERTY_NO,IS_AUTO,IS_MANDATORY,SYSTEM_READONLY,FIELD_TYPE,FIELD_LENGTH,INPUT_ALPHABET,INPUT_MULTIBYTE,INPUT_NUMERIC,INPUT_SYMBOL,INPUT_UPPERCASE,RETRIEVAL_TABLE,FORMAT,DEFAULT_VALUE,MIN_VALUE,MAX_VALUE,CALENDAR_BUTTON,JUMP_BUTTON,OPEN_BUTTON,REF_TABLE_ID,REF_FIELD_NAME,SPECIAL_BUTTON) VALUES ('TBLID_BHOLDCODE','SET_USERG_ID9','SET_USERG_ID9','SET_USERG_ID9','STRING',10,'N','Y','N','Y',-1,-1,0,0,0,'N','N','N','STRING',0,'Y',0,'Y','Y','Y','NONE',NULL,NULL,NULL,NULL,'N','N',0,NULL,NULL,0);
INSERT INTO SM_FIELD_DEF (TABLE_ID,FIELD_NAME,JP_TITLE,US_TITLE,DB_TYPE,DB_LENGTH,IS_KEY,NOT_BLANK,IS_DUMMY,IS_SEARCH_ITEM,SORT_NO,TREE_LEVEL,SHEET_NO,PAGE_NO,PROPERTY_NO,IS_AUTO,IS_MANDATORY,SYSTEM_READONLY,FIELD_TYPE,FIELD_LENGTH,INPUT_ALPHABET,INPUT_MULTIBYTE,INPUT_NUMERIC,INPUT_SYMBOL,INPUT_UPPERCASE,RETRIEVAL_TABLE,FORMAT,DEFAULT_VALUE,MIN_VALUE,MAX_VALUE,CALENDAR_BUTTON,JUMP_BUTTON,OPEN_BUTTON,REF_TABLE_ID,REF_FIELD_NAME,SPECIAL_BUTTON) VALUES ('TBLID_BHOLDCODE','SET_USERG_ID10','SET_USERG_ID10','SET_USERG_ID10','STRING',10,'N','Y','N','Y',-1,-1,0,0,0,'N','N','N','STRING',0,'Y',0,'Y','Y','Y','NONE',NULL,NULL,NULL,NULL,'N','N',0,NULL,NULL,0);
INSERT INTO SM_FIELD_DEF (TABLE_ID,FIELD_NAME,JP_TITLE,US_TITLE,DB_TYPE,DB_LENGTH,IS_KEY,NOT_BLANK,IS_DUMMY,IS_SEARCH_ITEM,SORT_NO,TREE_LEVEL,SHEET_NO,PAGE_NO,PROPERTY_NO,IS_AUTO,IS_MANDATORY,SYSTEM_READONLY,FIELD_TYPE,FIELD_LENGTH,INPUT_ALPHABET,INPUT_MULTIBYTE,INPUT_NUMERIC,INPUT_SYMBOL,INPUT_UPPERCASE,RETRIEVAL_TABLE,FORMAT,DEFAULT_VALUE,MIN_VALUE,MAX_VALUE,CALENDAR_BUTTON,JUMP_BUTTON,OPEN_BUTTON,REF_TABLE_ID,REF_FIELD_NAME,SPECIAL_BUTTON) VALUES ('TBLID_BHOLDCODE','RESET_USERG_ID1','RESET_USERG_ID1','RESET_USERG_ID1','STRING',10,'N','Y','N','Y',-1,-1,0,0,0,'N','N','N','STRING',0,'Y',0,'Y','Y','Y','NONE',NULL,NULL,NULL,NULL,'N','N',0,NULL,NULL,0);
INSERT INTO SM_FIELD_DEF (TABLE_ID,FIELD_NAME,JP_TITLE,US_TITLE,DB_TYPE,DB_LENGTH,IS_KEY,NOT_BLANK,IS_DUMMY,IS_SEARCH_ITEM,SORT_NO,TREE_LEVEL,SHEET_NO,PAGE_NO,PROPERTY_NO,IS_AUTO,IS_MANDATORY,SYSTEM_READONLY,FIELD_TYPE,FIELD_LENGTH,INPUT_ALPHABET,INPUT_MULTIBYTE,INPUT_NUMERIC,INPUT_SYMBOL,INPUT_UPPERCASE,RETRIEVAL_TABLE,FORMAT,DEFAULT_VALUE,MIN_VALUE,MAX_VALUE,CALENDAR_BUTTON,JUMP_BUTTON,OPEN_BUTTON,REF_TABLE_ID,REF_FIELD_NAME,SPECIAL_BUTTON) VALUES ('TBLID_BHOLDCODE','RESET_USERG_ID2','RESET_USERG_ID2','RESET_USERG_ID2','STRING',10,'N','Y','N','Y',-1,-1,0,0,0,'N','N','N','STRING',0,'Y',0,'Y','Y','Y','NONE',NULL,NULL,NULL,NULL,'N','N',0,NULL,NULL,0);
INSERT INTO SM_FIELD_DEF (TABLE_ID,FIELD_NAME,JP_TITLE,US_TITLE,DB_TYPE,DB_LENGTH,IS_KEY,NOT_BLANK,IS_DUMMY,IS_SEARCH_ITEM,SORT_NO,TREE_LEVEL,SHEET_NO,PAGE_NO,PROPERTY_NO,IS_AUTO,IS_MANDATORY,SYSTEM_READONLY,FIELD_TYPE,FIELD_LENGTH,INPUT_ALPHABET,INPUT_MULTIBYTE,INPUT_NUMERIC,INPUT_SYMBOL,INPUT_UPPERCASE,RETRIEVAL_TABLE,FORMAT,DEFAULT_VALUE,MIN_VALUE,MAX_VALUE,CALENDAR_BUTTON,JUMP_BUTTON,OPEN_BUTTON,REF_TABLE_ID,REF_FIELD_NAME,SPECIAL_BUTTON) VALUES ('TBLID_BHOLDCODE','RESET_USERG_ID3','RESET_USERG_ID3','RESET_USERG_ID3','STRING',10,'N','Y','N','Y',-1,-1,0,0,0,'N','N','N','STRING',0,'Y',0,'Y','Y','Y','NONE',NULL,NULL,NULL,NULL,'N','N',0,NULL,NULL,0);
INSERT INTO SM_FIELD_DEF (TABLE_ID,FIELD_NAME,JP_TITLE,US_TITLE,DB_TYPE,DB_LENGTH,IS_KEY,NOT_BLANK,IS_DUMMY,IS_SEARCH_ITEM,SORT_NO,TREE_LEVEL,SHEET_NO,PAGE_NO,PROPERTY_NO,IS_AUTO,IS_MANDATORY,SYSTEM_READONLY,FIELD_TYPE,FIELD_LENGTH,INPUT_ALPHABET,INPUT_MULTIBYTE,INPUT_NUMERIC,INPUT_SYMBOL,INPUT_UPPERCASE,RETRIEVAL_TABLE,FORMAT,DEFAULT_VALUE,MIN_VALUE,MAX_VALUE,CALENDAR_BUTTON,JUMP_BUTTON,OPEN_BUTTON,REF_TABLE_ID,REF_FIELD_NAME,SPECIAL_BUTTON) VALUES ('TBLID_BHOLDCODE','RESET_USERG_ID4','RESET_USERG_ID4','RESET_USERG_ID4','STRING',10,'N','Y','N','Y',-1,-1,0,0,0,'N','N','N','STRING',0,'Y',0,'Y','Y','Y','NONE',NULL,NULL,NULL,NULL,'N','N',0,NULL,NULL,0);
INSERT INTO SM_FIELD_DEF (TABLE_ID,FIELD_NAME,JP_TITLE,US_TITLE,DB_TYPE,DB_LENGTH,IS_KEY,NOT_BLANK,IS_DUMMY,IS_SEARCH_ITEM,SORT_NO,TREE_LEVEL,SHEET_NO,PAGE_NO,PROPERTY_NO,IS_AUTO,IS_MANDATORY,SYSTEM_READONLY,FIELD_TYPE,FIELD_LENGTH,INPUT_ALPHABET,INPUT_MULTIBYTE,INPUT_NUMERIC,INPUT_SYMBOL,INPUT_UPPERCASE,RETRIEVAL_TABLE,FORMAT,DEFAULT_VALUE,MIN_VALUE,MAX_VALUE,CALENDAR_BUTTON,JUMP_BUTTON,OPEN_BUTTON,REF_TABLE_ID,REF_FIELD_NAME,SPECIAL_BUTTON) VALUES ('TBLID_BHOLDCODE','RESET_USERG_ID5','RESET_USERG_ID5','RESET_USERG_ID5','STRING',10,'N','Y','N','Y',-1,-1,0,0,0,'N','N','N','STRING',0,'Y',0,'Y','Y','Y','NONE',NULL,NULL,NULL,NULL,'N','N',0,NULL,NULL,0);
INSERT INTO SM_FIELD_DEF (TABLE_ID,FIELD_NAME,JP_TITLE,US_TITLE,DB_TYPE,DB_LENGTH,IS_KEY,NOT_BLANK,IS_DUMMY,IS_SEARCH_ITEM,SORT_NO,TREE_LEVEL,SHEET_NO,PAGE_NO,PROPERTY_NO,IS_AUTO,IS_MANDATORY,SYSTEM_READONLY,FIELD_TYPE,FIELD_LENGTH,INPUT_ALPHABET,INPUT_MULTIBYTE,INPUT_NUMERIC,INPUT_SYMBOL,INPUT_UPPERCASE,RETRIEVAL_TABLE,FORMAT,DEFAULT_VALUE,MIN_VALUE,MAX_VALUE,CALENDAR_BUTTON,JUMP_BUTTON,OPEN_BUTTON,REF_TABLE_ID,REF_FIELD_NAME,SPECIAL_BUTTON) VALUES ('TBLID_BHOLDCODE','RESET_USERG_ID6','RESET_USERG_ID6','RESET_USERG_ID6','STRING',10,'N','Y','N','Y',-1,-1,0,0,0,'N','N','N','STRING',0,'Y',0,'Y','Y','Y','NONE',NULL,NULL,NULL,NULL,'N','N',0,NULL,NULL,0);
INSERT INTO SM_FIELD_DEF (TABLE_ID,FIELD_NAME,JP_TITLE,US_TITLE,DB_TYPE,DB_LENGTH,IS_KEY,NOT_BLANK,IS_DUMMY,IS_SEARCH_ITEM,SORT_NO,TREE_LEVEL,SHEET_NO,PAGE_NO,PROPERTY_NO,IS_AUTO,IS_MANDATORY,SYSTEM_READONLY,FIELD_TYPE,FIELD_LENGTH,INPUT_ALPHABET,INPUT_MULTIBYTE,INPUT_NUMERIC,INPUT_SYMBOL,INPUT_UPPERCASE,RETRIEVAL_TABLE,FORMAT,DEFAULT_VALUE,MIN_VALUE,MAX_VALUE,CALENDAR_BUTTON,JUMP_BUTTON,OPEN_BUTTON,REF_TABLE_ID,REF_FIELD_NAME,SPECIAL_BUTTON) VALUES ('TBLID_BHOLDCODE','RESET_USERG_ID7','RESET_USERG_ID7','RESET_USERG_ID7','STRING',10,'N','Y','N','Y',-1,-1,0,0,0,'N','N','N','STRING',0,'Y',0,'Y','Y','Y','NONE',NULL,NULL,NULL,NULL,'N','N',0,NULL,NULL,0);
INSERT INTO SM_FIELD_DEF (TABLE_ID,FIELD_NAME,JP_TITLE,US_TITLE,DB_TYPE,DB_LENGTH,IS_KEY,NOT_BLANK,IS_DUMMY,IS_SEARCH_ITEM,SORT_NO,TREE_LEVEL,SHEET_NO,PAGE_NO,PROPERTY_NO,IS_AUTO,IS_MANDATORY,SYSTEM_READONLY,FIELD_TYPE,FIELD_LENGTH,INPUT_ALPHABET,INPUT_MULTIBYTE,INPUT_NUMERIC,INPUT_SYMBOL,INPUT_UPPERCASE,RETRIEVAL_TABLE,FORMAT,DEFAULT_VALUE,MIN_VALUE,MAX_VALUE,CALENDAR_BUTTON,JUMP_BUTTON,OPEN_BUTTON,REF_TABLE_ID,REF_FIELD_NAME,SPECIAL_BUTTON) VALUES ('TBLID_BHOLDCODE','RESET_USERG_ID8','RESET_USERG_ID8','RESET_USERG_ID8','STRING',10,'N','Y','N','Y',-1,-1,0,0,0,'N','N','N','STRING',0,'Y',0,'Y','Y','Y','NONE',NULL,NULL,NULL,NULL,'N','N',0,NULL,NULL,0);
INSERT INTO SM_FIELD_DEF (TABLE_ID,FIELD_NAME,JP_TITLE,US_TITLE,DB_TYPE,DB_LENGTH,IS_KEY,NOT_BLANK,IS_DUMMY,IS_SEARCH_ITEM,SORT_NO,TREE_LEVEL,SHEET_NO,PAGE_NO,PROPERTY_NO,IS_AUTO,IS_MANDATORY,SYSTEM_READONLY,FIELD_TYPE,FIELD_LENGTH,INPUT_ALPHABET,INPUT_MULTIBYTE,INPUT_NUMERIC,INPUT_SYMBOL,INPUT_UPPERCASE,RETRIEVAL_TABLE,FORMAT,DEFAULT_VALUE,MIN_VALUE,MAX_VALUE,CALENDAR_BUTTON,JUMP_BUTTON,OPEN_BUTTON,REF_TABLE_ID,REF_FIELD_NAME,SPECIAL_BUTTON) VALUES ('TBLID_BHOLDCODE','RESET_USERG_ID9','RESET_USERG_ID9','RESET_USERG_ID9','STRING',10,'N','Y','N','Y',-1,-1,0,0,0,'N','N','N','STRING',0,'Y',0,'Y','Y','Y','NONE',NULL,NULL,NULL,NULL,'N','N',0,NULL,NULL,0);
INSERT INTO SM_FIELD_DEF (TABLE_ID,FIELD_NAME,JP_TITLE,US_TITLE,DB_TYPE,DB_LENGTH,IS_KEY,NOT_BLANK,IS_DUMMY,IS_SEARCH_ITEM,SORT_NO,TREE_LEVEL,SHEET_NO,PAGE_NO,PROPERTY_NO,IS_AUTO,IS_MANDATORY,SYSTEM_READONLY,FIELD_TYPE,FIELD_LENGTH,INPUT_ALPHABET,INPUT_MULTIBYTE,INPUT_NUMERIC,INPUT_SYMBOL,INPUT_UPPERCASE,RETRIEVAL_TABLE,FORMAT,DEFAULT_VALUE,MIN_VALUE,MAX_VALUE,CALENDAR_BUTTON,JUMP_BUTTON,OPEN_BUTTON,REF_TABLE_ID,REF_FIELD_NAME,SPECIAL_BUTTON) VALUES ('TBLID_BHOLDCODE','RESET_USERG_ID10','RESET_USERG_ID10','RESET_USERG_ID10','STRING',10,'N','Y','N','Y',-1,-1,0,0,0,'N','N','N','STRING',0,'Y',0,'Y','Y','Y','NONE',NULL,NULL,NULL,NULL,'N','N',0,NULL,NULL,0);
INSERT INTO SM_CHECK_DEF (TABLE_ID,CHECK_TYPE,CHECK_ORDER,CHECK_KIND,FIELD_NAME,REF_TABLE,REF_FIELD,EXPECT_VALUE,ERR_MSG) VALUES ('TBLID_BHOLDCODE','SAVE',1,'STAT_E',NULL,NULL,NULL,NULL,NULL);
INSERT INTO SM_CHECK_DEF (TABLE_ID,CHECK_TYPE,CHECK_ORDER,CHECK_KIND,FIELD_NAME,REF_TABLE,REF_FIELD,EXPECT_VALUE,ERR_MSG) VALUES ('TBLID_BHOLDCODE','SAVE',2,'STRING','lock_user',NULL,NULL,'',NULL);
INSERT INTO SM_CHECK_DEF (TABLE_ID,CHECK_TYPE,CHECK_ORDER,CHECK_KIND,FIELD_NAME,REF_TABLE,REF_FIELD,EXPECT_VALUE,ERR_MSG) VALUES ('TBLID_BHOLDCODE','SAVE',3,'NULLCHK','lock_time',NULL,NULL,NULL,NULL);
INSERT INTO SM_CHECK_DEF (TABLE_ID,CHECK_TYPE,CHECK_ORDER,CHECK_KIND,FIELD_NAME,REF_TABLE,REF_FIELD,EXPECT_VALUE,ERR_MSG) VALUES ('TBLID_BHOLDCODE','SAVE',4,'KEY','set_userg_id1','0','',NULL,NULL);
INSERT INTO SM_CHECK_DEF (TABLE_ID,CHECK_TYPE,CHECK_ORDER,CHECK_KIND,FIELD_NAME,REF_TABLE,REF_FIELD,EXPECT_VALUE,ERR_MSG) VALUES ('TBLID_BHOLDCODE','SAVE',5,'KEY','set_userg_id1','0','',NULL,NULL);
INSERT INTO SM_CHECK_DEF (TABLE_ID,CHECK_TYPE,CHECK_ORDER,CHECK_KIND,FIELD_NAME,REF_TABLE,REF_FIELD,EXPECT_VALUE,ERR_MSG) VALUES ('TBLID_BHOLDCODE','SAVE',6,'STAT_R',NULL,NULL,NULL,NULL,NULL);
INSERT INTO SM_CHECK_DEF (TABLE_ID,CHECK_TYPE,CHECK_ORDER,CHECK_KIND,FIELD_NAME,REF_TABLE,REF_FIELD,EXPECT_VALUE,ERR_MSG) VALUES ('TBLID_BHOLDCODE','SAVE',7,'STRING','set_userg_id2',NULL,NULL,'',NULL);
INSERT INTO SM_CHECK_DEF (TABLE_ID,CHECK_TYPE,CHECK_ORDER,CHECK_KIND,FIELD_NAME,REF_TABLE,REF_FIELD,EXPECT_VALUE,ERR_MSG) VALUES ('TBLID_BHOLDCODE','SAVE',8,'KEY','set_userg_id2','0','',NULL,NULL);
INSERT INTO SM_CHECK_DEF (TABLE_ID,CHECK_TYPE,CHECK_ORDER,CHECK_KIND,FIELD_NAME,REF_TABLE,REF_FIELD,EXPECT_VALUE,ERR_MSG) VALUES ('TBLID_BHOLDCODE','SAVE',9,'KEY','set_userg_id2','0','',NULL,NULL);
INSERT INTO SM_CHECK_DEF (TABLE_ID,CHECK_TYPE,CHECK_ORDER,CHECK_KIND,FIELD_NAME,REF_TABLE,REF_FIELD,EXPECT_VALUE,ERR_MSG) VALUES ('TBLID_BHOLDCODE','SAVE',10,'STAT_R',NULL,NULL,NULL,NULL,NULL);
INSERT INTO SM_CHECK_DEF (TABLE_ID,CHECK_TYPE,CHECK_ORDER,CHECK_KIND,FIELD_NAME,REF_TABLE,REF_FIELD,EXPECT_VALUE,ERR_MSG) VALUES ('TBLID_BHOLDCODE','SAVE',11,'STRING','set_userg_id3',NULL,NULL,'',NULL);
INSERT INTO SM_CHECK_DEF (TABLE_ID,CHECK_TYPE,CHECK_ORDER,CHECK_KIND,FIELD_NAME,REF_TABLE,REF_FIELD,EXPECT_VALUE,ERR_MSG) VALUES ('TBLID_BHOLDCODE','SAVE',12,'KEY','set_userg_id3','0','',NULL,NULL);
INSERT INTO SM_CHECK_DEF (TABLE_ID,CHECK_TYPE,CHECK_ORDER,CHECK_KIND,FIELD_NAME,REF_TABLE,REF_FIELD,EXPECT_VALUE,ERR_MSG) VALUES ('TBLID_BHOLDCODE','SAVE',13,'KEY','set_userg_id3','0','',NULL,NULL);
INSERT INTO SM_CHECK_DEF (TABLE_ID,CHECK_TYPE,CHECK_ORDER,CHECK_KIND,FIELD_NAME,REF_TABLE,REF_FIELD,EXPECT_VALUE,ERR_MSG) VALUES ('TBLID_BHOLDCODE','SAVE',14,'STAT_R',NULL,NULL,NULL,NULL,NULL);
INSERT INTO SM_CHECK_DEF (TABLE_ID,CHECK_TYPE,CHECK_ORDER,CHECK_KIND,FIELD_NAME,REF_TABLE,REF_FIELD,EXPECT_VALUE,ERR_MSG) VALUES ('TBLID_BHOLDCODE','SAVE',15,'STRING','set_userg_id4',NULL,NULL,'',NULL);
INSERT INTO SM_CHECK_DEF (TABLE_ID,CHECK_TYPE,CHECK_ORDER,CHECK_KIND,FIELD_NAME,REF_TABLE,REF_FIELD,EXPECT_VALUE,ERR_MSG) VALUES ('TBLID_BHOLDCODE','SAVE',16,'KEY','set_userg_id4','0','',NULL,NULL);
INSERT INTO SM_CHECK_DEF (TABLE_ID,CHECK_TYPE,CHECK_ORDER,CHECK_KIND,FIELD_NAME,REF_TABLE,REF_FIELD,EXPECT_VALUE,ERR_MSG) VALUES ('TBLID_BHOLDCODE','SAVE',17,'KEY','set_userg_id4','0','',NULL,NULL);
INSERT INTO SM_CHECK_DEF (TABLE_ID,CHECK_TYPE,CHECK_ORDER,CHECK_KIND,FIELD_NAME,REF_TABLE,REF_FIELD,EXPECT_VALUE,ERR_MSG) VALUES ('TBLID_BHOLDCODE','SAVE',18,'STAT_R',NULL,NULL,NULL,NULL,NULL);
INSERT INTO SM_CHECK_DEF (TABLE_ID,CHECK_TYPE,CHECK_ORDER,CHECK_KIND,FIELD_NAME,REF_TABLE,REF_FIELD,EXPECT_VALUE,ERR_MSG) VALUES ('TBLID_BHOLDCODE','SAVE',19,'STRING','set_userg_id5',NULL,NULL,'',NULL);
INSERT INTO SM_CHECK_DEF (TABLE_ID,CHECK_TYPE,CHECK_ORDER,CHECK_KIND,FIELD_NAME,REF_TABLE,REF_FIELD,EXPECT_VALUE,ERR_MSG) VALUES ('TBLID_BHOLDCODE','SAVE',20,'KEY','set_userg_id5','0','',NULL,NULL);
INSERT INTO SM_CHECK_DEF (TABLE_ID,CHECK_TYPE,CHECK_ORDER,CHECK_KIND,FIELD_NAME,REF_TABLE,REF_FIELD,EXPECT_VALUE,ERR_MSG) VALUES ('TBLID_BHOLDCODE','SAVE',21,'KEY','set_userg_id5','0','',NULL,NULL);
INSERT INTO SM_CHECK_DEF (TABLE_ID,CHECK_TYPE,CHECK_ORDER,CHECK_KIND,FIELD_NAME,REF_TABLE,REF_FIELD,EXPECT_VALUE,ERR_MSG) VALUES ('TBLID_BHOLDCODE','SAVE',22,'STAT_R',NULL,NULL,NULL,NULL,NULL);
INSERT INTO SM_CHECK_DEF (TABLE_ID,CHECK_TYPE,CHECK_ORDER,CHECK_KIND,FIELD_NAME,REF_TABLE,REF_FIELD,EXPECT_VALUE,ERR_MSG) VALUES ('TBLID_BHOLDCODE','SAVE',23,'STRING','set_userg_id6',NULL,NULL,'',NULL);
INSERT INTO SM_CHECK_DEF (TABLE_ID,CHECK_TYPE,CHECK_ORDER,CHECK_KIND,FIELD_NAME,REF_TABLE,REF_FIELD,EXPECT_VALUE,ERR_MSG) VALUES ('TBLID_BHOLDCODE','SAVE',24,'KEY','set_userg_id6','0','',NULL,NULL);
INSERT INTO SM_CHECK_DEF (TABLE_ID,CHECK_TYPE,CHECK_ORDER,CHECK_KIND,FIELD_NAME,REF_TABLE,REF_FIELD,EXPECT_VALUE,ERR_MSG) VALUES ('TBLID_BHOLDCODE','SAVE',25,'KEY','set_userg_id6','0','',NULL,NULL);
INSERT INTO SM_CHECK_DEF (TABLE_ID,CHECK_TYPE,CHECK_ORDER,CHECK_KIND,FIELD_NAME,REF_TABLE,REF_FIELD,EXPECT_VALUE,ERR_MSG) VALUES ('TBLID_BHOLDCODE','SAVE',26,'STAT_R',NULL,NULL,NULL,NULL,NULL);
INSERT INTO SM_CHECK_DEF (TABLE_ID,CHECK_TYPE,CHECK_ORDER,CHECK_KIND,FIELD_NAME,REF_TABLE,REF_FIELD,EXPECT_VALUE,ERR_MSG) VALUES ('TBLID_BHOLDCODE','SAVE',27,'STRING','set_userg_id7',NULL,NULL,'',NULL);
INSERT INTO SM_CHECK_DEF (TABLE_ID,CHECK_TYPE,CHECK_ORDER,CHECK_KIND,FIELD_NAME,REF_TABLE,REF_FIELD,EXPECT_VALUE,ERR_MSG) VALUES ('TBLID_BHOLDCODE','SAVE',28,'KEY','set_userg_id7','0','',NULL,NULL);
INSERT INTO SM_CHECK_DEF (TABLE_ID,CHECK_TYPE,CHECK_ORDER,CHECK_KIND,FIELD_NAME,REF_TABLE,REF_FIELD,EXPECT_VALUE,ERR_MSG) VALUES ('TBLID_BHOLDCODE','SAVE',29,'KEY','set_userg_id7','0','',NULL,NULL);
INSERT INTO SM_CHECK_DEF (TABLE_ID,CHECK_TYPE,CHECK_ORDER,CHECK_KIND,FIELD_NAME,REF_TABLE,REF_FIELD,EXPECT_VALUE,ERR_MSG) VALUES ('TBLID_BHOLDCODE','SAVE',30,'STAT_R',NULL,NULL,NULL,NULL,NULL);
INSERT INTO SM_CHECK_DEF (TABLE_ID,CHECK_TYPE,CHECK_ORDER,CHECK_KIND,FIELD_NAME,REF_TABLE,REF_FIELD,EXPECT_VALUE,ERR_MSG) VALUES ('TBLID_BHOLDCODE','SAVE',31,'STRING','set_userg_id8',NULL,NULL,'',NULL);
INSERT INTO SM_CHECK_DEF (TABLE_ID,CHECK_TYPE,CHECK_ORDER,CHECK_KIND,FIELD_NAME,REF_TABLE,REF_FIELD,EXPECT_VALUE,ERR_MSG) VALUES ('TBLID_BHOLDCODE','SAVE',32,'KEY','set_userg_id8','0','',NULL,NULL);
INSERT INTO SM_CHECK_DEF (TABLE_ID,CHECK_TYPE,CHECK_ORDER,CHECK_KIND,FIELD_NAME,REF_TABLE,REF_FIELD,EXPECT_VALUE,ERR_MSG) VALUES ('TBLID_BHOLDCODE','SAVE',33,'KEY','set_userg_id8','0','',NULL,NULL);
INSERT INTO SM_CHECK_DEF (TABLE_ID,CHECK_TYPE,CHECK_ORDER,CHECK_KIND,FIELD_NAME,REF_TABLE,REF_FIELD,EXPECT_VALUE,ERR_MSG) VALUES ('TBLID_BHOLDCODE','SAVE',34,'STAT_R',NULL,NULL,NULL,NULL,NULL);
INSERT INTO SM_CHECK_DEF (TABLE_ID,CHECK_TYPE,CHECK_ORDER,CHECK_KIND,FIELD_NAME,REF_TABLE,REF_FIELD,EXPECT_VALUE,ERR_MSG) VALUES ('TBLID_BHOLDCODE','SAVE',35,'STRING','set_userg_id9',NULL,NULL,'',NULL);
INSERT INTO SM_CHECK_DEF (TABLE_ID,CHECK_TYPE,CHECK_ORDER,CHECK_KIND,FIELD_NAME,REF_TABLE,REF_FIELD,EXPECT_VALUE,ERR_MSG) VALUES ('TBLID_BHOLDCODE','SAVE',36,'KEY','set_userg_id9','0','',NULL,NULL);
INSERT INTO SM_CHECK_DEF (TABLE_ID,CHECK_TYPE,CHECK_ORDER,CHECK_KIND,FIELD_NAME,REF_TABLE,REF_FIELD,EXPECT_VALUE,ERR_MSG) VALUES ('TBLID_BHOLDCODE','SAVE',37,'KEY','set_userg_id9','0','',NULL,NULL);
INSERT INTO SM_CHECK_DEF (TABLE_ID,CHECK_TYPE,CHECK_ORDER,CHECK_KIND,FIELD_NAME,REF_TABLE,REF_FIELD,EXPECT_VALUE,ERR_MSG) VALUES ('TBLID_BHOLDCODE','SAVE',38,'STAT_R',NULL,NULL,NULL,NULL,NULL);
INSERT INTO SM_CHECK_DEF (TABLE_ID,CHECK_TYPE,CHECK_ORDER,CHECK_KIND,FIELD_NAME,REF_TABLE,REF_FIELD,EXPECT_VALUE,ERR_MSG) VALUES ('TBLID_BHOLDCODE','SAVE',39,'STRING','set_userg_id10',NULL,NULL,'',NULL);
INSERT INTO SM_CHECK_DEF (TABLE_ID,CHECK_TYPE,CHECK_ORDER,CHECK_KIND,FIELD_NAME,REF_TABLE,REF_FIELD,EXPECT_VALUE,ERR_MSG) VALUES ('TBLID_BHOLDCODE','SAVE',40,'KEY','set_userg_id10','0','',NULL,NULL);
INSERT INTO SM_CHECK_DEF (TABLE_ID,CHECK_TYPE,CHECK_ORDER,CHECK_KIND,FIELD_NAME,REF_TABLE,REF_FIELD,EXPECT_VALUE,ERR_MSG) VALUES ('TBLID_BHOLDCODE','SAVE',41,'KEY','set_userg_id10','0','',NULL,NULL);
INSERT INTO SM_CHECK_DEF (TABLE_ID,CHECK_TYPE,CHECK_ORDER,CHECK_KIND,FIELD_NAME,REF_TABLE,REF_FIELD,EXPECT_VALUE,ERR_MSG) VALUES ('TBLID_BHOLDCODE','SAVE',42,'STAT_R',NULL,NULL,NULL,NULL,NULL);
INSERT INTO SM_CHECK_DEF (TABLE_ID,CHECK_TYPE,CHECK_ORDER,CHECK_KIND,FIELD_NAME,REF_TABLE,REF_FIELD,EXPECT_VALUE,ERR_MSG) VALUES ('TBLID_BHOLDCODE','SAVE',43,'KEY','reset_userg_id1','0','',NULL,NULL);
INSERT INTO SM_CHECK_DEF (TABLE_ID,CHECK_TYPE,CHECK_ORDER,CHECK_KIND,FIELD_NAME,REF_TABLE,REF_FIELD,EXPECT_VALUE,ERR_MSG) VALUES ('TBLID_BHOLDCODE','SAVE',44,'KEY','reset_userg_id1','0','',NULL,NULL);
INSERT INTO SM_CHECK_DEF (TABLE_ID,CHECK_TYPE,CHECK_ORDER,CHECK_KIND,FIELD_NAME,REF_TABLE,REF_FIELD,EXPECT_VALUE,ERR_MSG) VALUES ('TBLID_BHOLDCODE','SAVE',45,'STAT_R',NULL,NULL,NULL,NULL,NULL);
INSERT INTO SM_CHECK_DEF (TABLE_ID,CHECK_TYPE,CHECK_ORDER,CHECK_KIND,FIELD_NAME,REF_TABLE,REF_FIELD,EXPECT_VALUE,ERR_MSG) VALUES ('TBLID_BHOLDCODE','SAVE',46,'STRING','reset_userg_id2',NULL,NULL,'',NULL);
INSERT INTO SM_CHECK_DEF (TABLE_ID,CHECK_TYPE,CHECK_ORDER,CHECK_KIND,FIELD_NAME,REF_TABLE,REF_FIELD,EXPECT_VALUE,ERR_MSG) VALUES ('TBLID_BHOLDCODE','SAVE',47,'KEY','reset_userg_id2','0','',NULL,NULL);
INSERT INTO SM_CHECK_DEF (TABLE_ID,CHECK_TYPE,CHECK_ORDER,CHECK_KIND,FIELD_NAME,REF_TABLE,REF_FIELD,EXPECT_VALUE,ERR_MSG) VALUES ('TBLID_BHOLDCODE','SAVE',48,'KEY','reset_userg_id2','0','',NULL,NULL);
INSERT INTO SM_CHECK_DEF (TABLE_ID,CHECK_TYPE,CHECK_ORDER,CHECK_KIND,FIELD_NAME,REF_TABLE,REF_FIELD,EXPECT_VALUE,ERR_MSG) VALUES ('TBLID_BHOLDCODE','SAVE',49,'STAT_R',NULL,NULL,NULL,NULL,NULL);
INSERT INTO SM_CHECK_DEF (TABLE_ID,CHECK_TYPE,CHECK_ORDER,CHECK_KIND,FIELD_NAME,REF_TABLE,REF_FIELD,EXPECT_VALUE,ERR_MSG) VALUES ('TBLID_BHOLDCODE','SAVE',50,'STRING','reset_userg_id3',NULL,NULL,'',NULL);
INSERT INTO SM_CHECK_DEF (TABLE_ID,CHECK_TYPE,CHECK_ORDER,CHECK_KIND,FIELD_NAME,REF_TABLE,REF_FIELD,EXPECT_VALUE,ERR_MSG) VALUES ('TBLID_BHOLDCODE','SAVE',51,'KEY','reset_userg_id3','0','',NULL,NULL);
INSERT INTO SM_CHECK_DEF (TABLE_ID,CHECK_TYPE,CHECK_ORDER,CHECK_KIND,FIELD_NAME,REF_TABLE,REF_FIELD,EXPECT_VALUE,ERR_MSG) VALUES ('TBLID_BHOLDCODE','SAVE',52,'KEY','reset_userg_id3','0','',NULL,NULL);
INSERT INTO SM_CHECK_DEF (TABLE_ID,CHECK_TYPE,CHECK_ORDER,CHECK_KIND,FIELD_NAME,REF_TABLE,REF_FIELD,EXPECT_VALUE,ERR_MSG) VALUES ('TBLID_BHOLDCODE','SAVE',53,'STAT_R',NULL,NULL,NULL,NULL,NULL);
INSERT INTO SM_CHECK_DEF (TABLE_ID,CHECK_TYPE,CHECK_ORDER,CHECK_KIND,FIELD_NAME,REF_TABLE,REF_FIELD,EXPECT_VALUE,ERR_MSG) VALUES ('TBLID_BHOLDCODE','SAVE',54,'STRING','reset_userg_id4',NULL,NULL,'',NULL);
INSERT INTO SM_CHECK_DEF (TABLE_ID,CHECK_TYPE,CHECK_ORDER,CHECK_KIND,FIELD_NAME,REF_TABLE,REF_FIELD,EXPECT_VALUE,ERR_MSG) VALUES ('TBLID_BHOLDCODE','SAVE',55,'KEY','reset_userg_id4','0','',NULL,NULL);
INSERT INTO SM_CHECK_DEF (TABLE_ID,CHECK_TYPE,CHECK_ORDER,CHECK_KIND,FIELD_NAME,REF_TABLE,REF_FIELD,EXPECT_VALUE,ERR_MSG) VALUES ('TBLID_BHOLDCODE','SAVE',56,'KEY','reset_userg_id4','0','',NULL,NULL);
INSERT INTO SM_CHECK_DEF (TABLE_ID,CHECK_TYPE,CHECK_ORDER,CHECK_KIND,FIELD_NAME,REF_TABLE,REF_FIELD,EXPECT_VALUE,ERR_MSG) VALUES ('TBLID_BHOLDCODE','SAVE',57,'STAT_R',NULL,NULL,NULL,NULL,NULL);
INSERT INTO SM_CHECK_DEF (TABLE_ID,CHECK_TYPE,CHECK_ORDER,CHECK_KIND,FIELD_NAME,REF_TABLE,REF_FIELD,EXPECT_VALUE,ERR_MSG) VALUES ('TBLID_BHOLDCODE','SAVE',58,'STRING','reset_userg_id5',NULL,NULL,'',NULL);
INSERT INTO SM_CHECK_DEF (TABLE_ID,CHECK_TYPE,CHECK_ORDER,CHECK_KIND,FIELD_NAME,REF_TABLE,REF_FIELD,EXPECT_VALUE,ERR_MSG) VALUES ('TBLID_BHOLDCODE','SAVE',59,'KEY','reset_userg_id5','0','',NULL,NULL);
INSERT INTO SM_CHECK_DEF (TABLE_ID,CHECK_TYPE,CHECK_ORDER,CHECK_KIND,FIELD_NAME,REF_TABLE,REF_FIELD,EXPECT_VALUE,ERR_MSG) VALUES ('TBLID_BHOLDCODE','SAVE',60,'KEY','reset_userg_id5','0','',NULL,NULL);
INSERT INTO SM_CHECK_DEF (TABLE_ID,CHECK_TYPE,CHECK_ORDER,CHECK_KIND,FIELD_NAME,REF_TABLE,REF_FIELD,EXPECT_VALUE,ERR_MSG) VALUES ('TBLID_BHOLDCODE','SAVE',61,'STAT_R',NULL,NULL,NULL,NULL,NULL);
INSERT INTO SM_CHECK_DEF (TABLE_ID,CHECK_TYPE,CHECK_ORDER,CHECK_KIND,FIELD_NAME,REF_TABLE,REF_FIELD,EXPECT_VALUE,ERR_MSG) VALUES ('TBLID_BHOLDCODE','SAVE',62,'STRING','reset_userg_id6',NULL,NULL,'',NULL);
INSERT INTO SM_CHECK_DEF (TABLE_ID,CHECK_TYPE,CHECK_ORDER,CHECK_KIND,FIELD_NAME,REF_TABLE,REF_FIELD,EXPECT_VALUE,ERR_MSG) VALUES ('TBLID_BHOLDCODE','SAVE',63,'KEY','reset_userg_id6','0','',NULL,NULL);
INSERT INTO SM_CHECK_DEF (TABLE_ID,CHECK_TYPE,CHECK_ORDER,CHECK_KIND,FIELD_NAME,REF_TABLE,REF_FIELD,EXPECT_VALUE,ERR_MSG) VALUES ('TBLID_BHOLDCODE','SAVE',64,'KEY','reset_userg_id6','0','',NULL,NULL);
INSERT INTO SM_CHECK_DEF (TABLE_ID,CHECK_TYPE,CHECK_ORDER,CHECK_KIND,FIELD_NAME,REF_TABLE,REF_FIELD,EXPECT_VALUE,ERR_MSG) VALUES ('TBLID_BHOLDCODE','SAVE',65,'STAT_R',NULL,NULL,NULL,NULL,NULL);
INSERT INTO SM_CHECK_DEF (TABLE_ID,CHECK_TYPE,CHECK_ORDER,CHECK_KIND,FIELD_NAME,REF_TABLE,REF_FIELD,EXPECT_VALUE,ERR_MSG) VALUES ('TBLID_BHOLDCODE','SAVE',66,'STRING','reset_userg_id7',NULL,NULL,'',NULL);
INSERT INTO SM_CHECK_DEF (TABLE_ID,CHECK_TYPE,CHECK_ORDER,CHECK_KIND,FIELD_NAME,REF_TABLE,REF_FIELD,EXPECT_VALUE,ERR_MSG) VALUES ('TBLID_BHOLDCODE','SAVE',67,'KEY','reset_userg_id7','0','',NULL,NULL);
INSERT INTO SM_CHECK_DEF (TABLE_ID,CHECK_TYPE,CHECK_ORDER,CHECK_KIND,FIELD_NAME,REF_TABLE,REF_FIELD,EXPECT_VALUE,ERR_MSG) VALUES ('TBLID_BHOLDCODE','SAVE',68,'KEY','reset_userg_id7','0','',NULL,NULL);
INSERT INTO SM_CHECK_DEF (TABLE_ID,CHECK_TYPE,CHECK_ORDER,CHECK_KIND,FIELD_NAME,REF_TABLE,REF_FIELD,EXPECT_VALUE,ERR_MSG) VALUES ('TBLID_BHOLDCODE','SAVE',69,'STAT_R',NULL,NULL,NULL,NULL,NULL);
INSERT INTO SM_CHECK_DEF (TABLE_ID,CHECK_TYPE,CHECK_ORDER,CHECK_KIND,FIELD_NAME,REF_TABLE,REF_FIELD,EXPECT_VALUE,ERR_MSG) VALUES ('TBLID_BHOLDCODE','SAVE',70,'STRING','reset_userg_id8',NULL,NULL,'',NULL);
INSERT INTO SM_CHECK_DEF (TABLE_ID,CHECK_TYPE,CHECK_ORDER,CHECK_KIND,FIELD_NAME,REF_TABLE,REF_FIELD,EXPECT_VALUE,ERR_MSG) VALUES ('TBLID_BHOLDCODE','SAVE',71,'KEY','reset_userg_id8','0','',NULL,NULL);
INSERT INTO SM_CHECK_DEF (TABLE_ID,CHECK_TYPE,CHECK_ORDER,CHECK_KIND,FIELD_NAME,REF_TABLE,REF_FIELD,EXPECT_VALUE,ERR_MSG) VALUES ('TBLID_BHOLDCODE','SAVE',72,'KEY','reset_userg_id8','0','',NULL,NULL);
INSERT INTO SM_CHECK_DEF (TABLE_ID,CHECK_TYPE,CHECK_ORDER,CHECK_KIND,FIELD_NAME,REF_TABLE,REF_FIELD,EXPECT_VALUE,ERR_MSG) VALUES ('TBLID_BHOLDCODE','SAVE',73,'STAT_R',NULL,NULL,NULL,NULL,NULL);
INSERT INTO SM_CHECK_DEF (TABLE_ID,CHECK_TYPE,CHECK_ORDER,CHECK_KIND,FIELD_NAME,REF_TABLE,REF_FIELD,EXPECT_VALUE,ERR_MSG) VALUES ('TBLID_BHOLDCODE','SAVE',74,'STRING','reset_userg_id9',NULL,NULL,'',NULL);
INSERT INTO SM_CHECK_DEF (TABLE_ID,CHECK_TYPE,CHECK_ORDER,CHECK_KIND,FIELD_NAME,REF_TABLE,REF_FIELD,EXPECT_VALUE,ERR_MSG) VALUES ('TBLID_BHOLDCODE','SAVE',75,'KEY','reset_userg_id9','0','',NULL,NULL);
INSERT INTO SM_CHECK_DEF (TABLE_ID,CHECK_TYPE,CHECK_ORDER,CHECK_KIND,FIELD_NAME,REF_TABLE,REF_FIELD,EXPECT_VALUE,ERR_MSG) VALUES ('TBLID_BHOLDCODE','SAVE',76,'KEY','reset_userg_id9','0','',NULL,NULL);
INSERT INTO SM_CHECK_DEF (TABLE_ID,CHECK_TYPE,CHECK_ORDER,CHECK_KIND,FIELD_NAME,REF_TABLE,REF_FIELD,EXPECT_VALUE,ERR_MSG) VALUES ('TBLID_BHOLDCODE','SAVE',77,'STAT_R',NULL,NULL,NULL,NULL,NULL);
INSERT INTO SM_CHECK_DEF (TABLE_ID,CHECK_TYPE,CHECK_ORDER,CHECK_KIND,FIELD_NAME,REF_TABLE,REF_FIELD,EXPECT_VALUE,ERR_MSG) VALUES ('TBLID_BHOLDCODE','SAVE',78,'STRING','reset_userg_id10',NULL,NULL,'',NULL);
INSERT INTO SM_CHECK_DEF (TABLE_ID,CHECK_TYPE,CHECK_ORDER,CHECK_KIND,FIELD_NAME,REF_TABLE,REF_FIELD,EXPECT_VALUE,ERR_MSG) VALUES ('TBLID_BHOLDCODE','SAVE',79,'KEY','reset_userg_id10','0','',NULL,NULL);
INSERT INTO SM_CHECK_DEF (TABLE_ID,CHECK_TYPE,CHECK_ORDER,CHECK_KIND,FIELD_NAME,REF_TABLE,REF_FIELD,EXPECT_VALUE,ERR_MSG) VALUES ('TBLID_BHOLDCODE','SAVE',80,'KEY','reset_userg_id10','0','',NULL,NULL);
INSERT INTO SM_CHECK_DEF (TABLE_ID,CHECK_TYPE,CHECK_ORDER,CHECK_KIND,FIELD_NAME,REF_TABLE,REF_FIELD,EXPECT_VALUE,ERR_MSG) VALUES ('TBLID_BHOLDCODE','SAVE',81,'STAT_R',NULL,NULL,NULL,NULL,NULL);
INSERT INTO SM_CHECK_DEF (TABLE_ID,CHECK_TYPE,CHECK_ORDER,CHECK_KIND,FIELD_NAME,REF_TABLE,REF_FIELD,EXPECT_VALUE,ERR_MSG) VALUES ('TBLID_BHOLDCODE','RELEASE',1,'STAT_E',NULL,NULL,NULL,NULL,NULL);
INSERT INTO SM_CHECK_DEF (TABLE_ID,CHECK_TYPE,CHECK_ORDER,CHECK_KIND,FIELD_NAME,REF_TABLE,REF_FIELD,EXPECT_VALUE,ERR_MSG) VALUES ('TBLID_BHOLDCODE','RELEASE',2,'STRING','lock_user',NULL,NULL,'',NULL);
INSERT INTO SM_CHECK_DEF (TABLE_ID,CHECK_TYPE,CHECK_ORDER,CHECK_KIND,FIELD_NAME,REF_TABLE,REF_FIELD,EXPECT_VALUE,ERR_MSG) VALUES ('TBLID_BHOLDCODE','RELEASE',3,'NULLCHK','lock_time',NULL,NULL,NULL,NULL);
INSERT INTO SM_CHECK_DEF (TABLE_ID,CHECK_TYPE,CHECK_ORDER,CHECK_KIND,FIELD_NAME,REF_TABLE,REF_FIELD,EXPECT_VALUE,ERR_MSG) VALUES ('TBLID_BHOLDCODE','RELEASE',4,'KEY','set_userg_id1','0','',NULL,NULL);
INSERT INTO SM_CHECK_DEF (TABLE_ID,CHECK_TYPE,CHECK_ORDER,CHECK_KIND,FIELD_NAME,REF_TABLE,REF_FIELD,EXPECT_VALUE,ERR_MSG) VALUES ('TBLID_BHOLDCODE','RELEASE',5,'STAT_R',NULL,NULL,NULL,NULL,NULL);
INSERT INTO SM_CHECK_DEF (TABLE_ID,CHECK_TYPE,CHECK_ORDER,CHECK_KIND,FIELD_NAME,REF_TABLE,REF_FIELD,EXPECT_VALUE,ERR_MSG) VALUES ('TBLID_BHOLDCODE','RELEASE',6,'STRING','set_userg_id2',NULL,NULL,'',NULL);
INSERT INTO SM_CHECK_DEF (TABLE_ID,CHECK_TYPE,CHECK_ORDER,CHECK_KIND,FIELD_NAME,REF_TABLE,REF_FIELD,EXPECT_VALUE,ERR_MSG) VALUES ('TBLID_BHOLDCODE','RELEASE',7,'KEY','set_userg_id2','0','',NULL,NULL);
INSERT INTO SM_CHECK_DEF (TABLE_ID,CHECK_TYPE,CHECK_ORDER,CHECK_KIND,FIELD_NAME,REF_TABLE,REF_FIELD,EXPECT_VALUE,ERR_MSG) VALUES ('TBLID_BHOLDCODE','RELEASE',8,'STAT_R',NULL,NULL,NULL,NULL,NULL);
INSERT INTO SM_CHECK_DEF (TABLE_ID,CHECK_TYPE,CHECK_ORDER,CHECK_KIND,FIELD_NAME,REF_TABLE,REF_FIELD,EXPECT_VALUE,ERR_MSG) VALUES ('TBLID_BHOLDCODE','RELEASE',9,'STRING','set_userg_id3',NULL,NULL,'',NULL);
INSERT INTO SM_CHECK_DEF (TABLE_ID,CHECK_TYPE,CHECK_ORDER,CHECK_KIND,FIELD_NAME,REF_TABLE,REF_FIELD,EXPECT_VALUE,ERR_MSG) VALUES ('TBLID_BHOLDCODE','RELEASE',10,'KEY','set_userg_id3','0','',NULL,NULL);
INSERT INTO SM_CHECK_DEF (TABLE_ID,CHECK_TYPE,CHECK_ORDER,CHECK_KIND,FIELD_NAME,REF_TABLE,REF_FIELD,EXPECT_VALUE,ERR_MSG) VALUES ('TBLID_BHOLDCODE','RELEASE',11,'STAT_R',NULL,NULL,NULL,NULL,NULL);
INSERT INTO SM_CHECK_DEF (TABLE_ID,CHECK_TYPE,CHECK_ORDER,CHECK_KIND,FIELD_NAME,REF_TABLE,REF_FIELD,EXPECT_VALUE,ERR_MSG) VALUES ('TBLID_BHOLDCODE','RELEASE',12,'STRING','set_userg_id4',NULL,NULL,'',NULL);
INSERT INTO SM_CHECK_DEF (TABLE_ID,CHECK_TYPE,CHECK_ORDER,CHECK_KIND,FIELD_NAME,REF_TABLE,REF_FIELD,EXPECT_VALUE,ERR_MSG) VALUES ('TBLID_BHOLDCODE','RELEASE',13,'KEY','set_userg_id4','0','',NULL,NULL);
INSERT INTO SM_CHECK_DEF (TABLE_ID,CHECK_TYPE,CHECK_ORDER,CHECK_KIND,FIELD_NAME,REF_TABLE,REF_FIELD,EXPECT_VALUE,ERR_MSG) VALUES ('TBLID_BHOLDCODE','RELEASE',14,'STAT_R',NULL,NULL,NULL,NULL,NULL);
INSERT INTO SM_CHECK_DEF (TABLE_ID,CHECK_TYPE,CHECK_ORDER,CHECK_KIND,FIELD_NAME,REF_TABLE,REF_FIELD,EXPECT_VALUE,ERR_MSG) VALUES ('TBLID_BHOLDCODE','RELEASE',15,'STRING','set_userg_id5',NULL,NULL,'',NULL);
INSERT INTO SM_CHECK_DEF (TABLE_ID,CHECK_TYPE,CHECK_ORDER,CHECK_KIND,FIELD_NAME,REF_TABLE,REF_FIELD,EXPECT_VALUE,ERR_MSG) VALUES ('TBLID_BHOLDCODE','RELEASE',16,'KEY','set_userg_id5','0','',NULL,NULL);
INSERT INTO SM_CHECK_DEF (TABLE_ID,CHECK_TYPE,CHECK_ORDER,CHECK_KIND,FIELD_NAME,REF_TABLE,REF_FIELD,EXPECT_VALUE,ERR_MSG) VALUES ('TBLID_BHOLDCODE','RELEASE',17,'STAT_R',NULL,NULL,NULL,NULL,NULL);
INSERT INTO SM_CHECK_DEF (TABLE_ID,CHECK_TYPE,CHECK_ORDER,CHECK_KIND,FIELD_NAME,REF_TABLE,REF_FIELD,EXPECT_VALUE,ERR_MSG) VALUES ('TBLID_BHOLDCODE','RELEASE',18,'STRING','set_userg_id6',NULL,NULL,'',NULL);
INSERT INTO SM_CHECK_DEF (TABLE_ID,CHECK_TYPE,CHECK_ORDER,CHECK_KIND,FIELD_NAME,REF_TABLE,REF_FIELD,EXPECT_VALUE,ERR_MSG) VALUES ('TBLID_BHOLDCODE','RELEASE',19,'KEY','set_userg_id6','0','',NULL,NULL);
INSERT INTO SM_CHECK_DEF (TABLE_ID,CHECK_TYPE,CHECK_ORDER,CHECK_KIND,FIELD_NAME,REF_TABLE,REF_FIELD,EXPECT_VALUE,ERR_MSG) VALUES ('TBLID_BHOLDCODE','RELEASE',20,'STAT_R',NULL,NULL,NULL,NULL,NULL);
INSERT INTO SM_CHECK_DEF (TABLE_ID,CHECK_TYPE,CHECK_ORDER,CHECK_KIND,FIELD_NAME,REF_TABLE,REF_FIELD,EXPECT_VALUE,ERR_MSG) VALUES ('TBLID_BHOLDCODE','RELEASE',21,'STRING','set_userg_id7',NULL,NULL,'',NULL);
INSERT INTO SM_CHECK_DEF (TABLE_ID,CHECK_TYPE,CHECK_ORDER,CHECK_KIND,FIELD_NAME,REF_TABLE,REF_FIELD,EXPECT_VALUE,ERR_MSG) VALUES ('TBLID_BHOLDCODE','RELEASE',22,'KEY','set_userg_id7','0','',NULL,NULL);
INSERT INTO SM_CHECK_DEF (TABLE_ID,CHECK_TYPE,CHECK_ORDER,CHECK_KIND,FIELD_NAME,REF_TABLE,REF_FIELD,EXPECT_VALUE,ERR_MSG) VALUES ('TBLID_BHOLDCODE','RELEASE',23,'STAT_R',NULL,NULL,NULL,NULL,NULL);
INSERT INTO SM_CHECK_DEF (TABLE_ID,CHECK_TYPE,CHECK_ORDER,CHECK_KIND,FIELD_NAME,REF_TABLE,REF_FIELD,EXPECT_VALUE,ERR_MSG) VALUES ('TBLID_BHOLDCODE','RELEASE',24,'STRING','set_userg_id8',NULL,NULL,'',NULL);
INSERT INTO SM_CHECK_DEF (TABLE_ID,CHECK_TYPE,CHECK_ORDER,CHECK_KIND,FIELD_NAME,REF_TABLE,REF_FIELD,EXPECT_VALUE,ERR_MSG) VALUES ('TBLID_BHOLDCODE','RELEASE',25,'KEY','set_userg_id8','0','',NULL,NULL);
INSERT INTO SM_CHECK_DEF (TABLE_ID,CHECK_TYPE,CHECK_ORDER,CHECK_KIND,FIELD_NAME,REF_TABLE,REF_FIELD,EXPECT_VALUE,ERR_MSG) VALUES ('TBLID_BHOLDCODE','RELEASE',26,'STAT_R',NULL,NULL,NULL,NULL,NULL);
INSERT INTO SM_CHECK_DEF (TABLE_ID,CHECK_TYPE,CHECK_ORDER,CHECK_KIND,FIELD_NAME,REF_TABLE,REF_FIELD,EXPECT_VALUE,ERR_MSG) VALUES ('TBLID_BHOLDCODE','RELEASE',27,'STRING','set_userg_id9',NULL,NULL,'',NULL);
INSERT INTO SM_CHECK_DEF (TABLE_ID,CHECK_TYPE,CHECK_ORDER,CHECK_KIND,FIELD_NAME,REF_TABLE,REF_FIELD,EXPECT_VALUE,ERR_MSG) VALUES ('TBLID_BHOLDCODE','RELEASE',28,'KEY','set_userg_id9','0','',NULL,NULL);
INSERT INTO SM_CHECK_DEF (TABLE_ID,CHECK_TYPE,CHECK_ORDER,CHECK_KIND,FIELD_NAME,REF_TABLE,REF_FIELD,EXPECT_VALUE,ERR_MSG) VALUES ('TBLID_BHOLDCODE','RELEASE',29,'STAT_R',NULL,NULL,NULL,NULL,NULL);
INSERT INTO SM_CHECK_DEF (TABLE_ID,CHECK_TYPE,CHECK_ORDER,CHECK_KIND,FIELD_NAME,REF_TABLE,REF_FIELD,EXPECT_VALUE,ERR_MSG) VALUES ('TBLID_BHOLDCODE','RELEASE',30,'STRING','set_userg_id10',NULL,NULL,'',NULL);
INSERT INTO SM_CHECK_DEF (TABLE_ID,CHECK_TYPE,CHECK_ORDER,CHECK_KIND,FIELD_NAME,REF_TABLE,REF_FIELD,EXPECT_VALUE,ERR_MSG) VALUES ('TBLID_BHOLDCODE','RELEASE',31,'KEY','set_userg_id10','0','',NULL,NULL);
INSERT INTO SM_CHECK_DEF (TABLE_ID,CHECK_TYPE,CHECK_ORDER,CHECK_KIND,FIELD_NAME,REF_TABLE,REF_FIELD,EXPECT_VALUE,ERR_MSG) VALUES ('TBLID_BHOLDCODE','RELEASE',32,'STAT_R',NULL,NULL,NULL,NULL,NULL);
INSERT INTO SM_CHECK_DEF (TABLE_ID,CHECK_TYPE,CHECK_ORDER,CHECK_KIND,FIELD_NAME,REF_TABLE,REF_FIELD,EXPECT_VALUE,ERR_MSG) VALUES ('TBLID_BHOLDCODE','RELEASE',33,'KEY','reset_userg_id1','0','',NULL,NULL);
INSERT INTO SM_CHECK_DEF (TABLE_ID,CHECK_TYPE,CHECK_ORDER,CHECK_KIND,FIELD_NAME,REF_TABLE,REF_FIELD,EXPECT_VALUE,ERR_MSG) VALUES ('TBLID_BHOLDCODE','RELEASE',34,'STAT_R',NULL,NULL,NULL,NULL,NULL);
INSERT INTO SM_CHECK_DEF (TABLE_ID,CHECK_TYPE,CHECK_ORDER,CHECK_KIND,FIELD_NAME,REF_TABLE,REF_FIELD,EXPECT_VALUE,ERR_MSG) VALUES ('TBLID_BHOLDCODE','RELEASE',35,'STRING','reset_userg_id2',NULL,NULL,'',NULL);
INSERT INTO SM_CHECK_DEF (TABLE_ID,CHECK_TYPE,CHECK_ORDER,CHECK_KIND,FIELD_NAME,REF_TABLE,REF_FIELD,EXPECT_VALUE,ERR_MSG) VALUES ('TBLID_BHOLDCODE','RELEASE',36,'KEY','reset_userg_id2','0','',NULL,NULL);
INSERT INTO SM_CHECK_DEF (TABLE_ID,CHECK_TYPE,CHECK_ORDER,CHECK_KIND,FIELD_NAME,REF_TABLE,REF_FIELD,EXPECT_VALUE,ERR_MSG) VALUES ('TBLID_BHOLDCODE','RELEASE',37,'STAT_R',NULL,NULL,NULL,NULL,NULL);
INSERT INTO SM_CHECK_DEF (TABLE_ID,CHECK_TYPE,CHECK_ORDER,CHECK_KIND,FIELD_NAME,REF_TABLE,REF_FIELD,EXPECT_VALUE,ERR_MSG) VALUES ('TBLID_BHOLDCODE','RELEASE',38,'STRING','reset_userg_id3',NULL,NULL,'',NULL);
INSERT INTO SM_CHECK_DEF (TABLE_ID,CHECK_TYPE,CHECK_ORDER,CHECK_KIND,FIELD_NAME,REF_TABLE,REF_FIELD,EXPECT_VALUE,ERR_MSG) VALUES ('TBLID_BHOLDCODE','RELEASE',39,'KEY','reset_userg_id3','0','',NULL,NULL);
INSERT INTO SM_CHECK_DEF (TABLE_ID,CHECK_TYPE,CHECK_ORDER,CHECK_KIND,FIELD_NAME,REF_TABLE,REF_FIELD,EXPECT_VALUE,ERR_MSG) VALUES ('TBLID_BHOLDCODE','RELEASE',40,'STAT_R',NULL,NULL,NULL,NULL,NULL);
INSERT INTO SM_CHECK_DEF (TABLE_ID,CHECK_TYPE,CHECK_ORDER,CHECK_KIND,FIELD_NAME,REF_TABLE,REF_FIELD,EXPECT_VALUE,ERR_MSG) VALUES ('TBLID_BHOLDCODE','RELEASE',41,'STRING','reset_userg_id4',NULL,NULL,'',NULL);
INSERT INTO SM_CHECK_DEF (TABLE_ID,CHECK_TYPE,CHECK_ORDER,CHECK_KIND,FIELD_NAME,REF_TABLE,REF_FIELD,EXPECT_VALUE,ERR_MSG) VALUES ('TBLID_BHOLDCODE','RELEASE',42,'KEY','reset_userg_id4','0','',NULL,NULL);
INSERT INTO SM_CHECK_DEF (TABLE_ID,CHECK_TYPE,CHECK_ORDER,CHECK_KIND,FIELD_NAME,REF_TABLE,REF_FIELD,EXPECT_VALUE,ERR_MSG) VALUES ('TBLID_BHOLDCODE','RELEASE',43,'STAT_R',NULL,NULL,NULL,NULL,NULL);
INSERT INTO SM_CHECK_DEF (TABLE_ID,CHECK_TYPE,CHECK_ORDER,CHECK_KIND,FIELD_NAME,REF_TABLE,REF_FIELD,EXPECT_VALUE,ERR_MSG) VALUES ('TBLID_BHOLDCODE','RELEASE',44,'STRING','reset_userg_id5',NULL,NULL,'',NULL);
INSERT INTO SM_CHECK_DEF (TABLE_ID,CHECK_TYPE,CHECK_ORDER,CHECK_KIND,FIELD_NAME,REF_TABLE,REF_FIELD,EXPECT_VALUE,ERR_MSG) VALUES ('TBLID_BHOLDCODE','RELEASE',45,'KEY','reset_userg_id5','0','',NULL,NULL);
INSERT INTO SM_CHECK_DEF (TABLE_ID,CHECK_TYPE,CHECK_ORDER,CHECK_KIND,FIELD_NAME,REF_TABLE,REF_FIELD,EXPECT_VALUE,ERR_MSG) VALUES ('TBLID_BHOLDCODE','RELEASE',46,'STAT_R',NULL,NULL,NULL,NULL,NULL);
INSERT INTO SM_CHECK_DEF (TABLE_ID,CHECK_TYPE,CHECK_ORDER,CHECK_KIND,FIELD_NAME,REF_TABLE,REF_FIELD,EXPECT_VALUE,ERR_MSG) VALUES ('TBLID_BHOLDCODE','RELEASE',47,'STRING','reset_userg_id6',NULL,NULL,'',NULL);
INSERT INTO SM_CHECK_DEF (TABLE_ID,CHECK_TYPE,CHECK_ORDER,CHECK_KIND,FIELD_NAME,REF_TABLE,REF_FIELD,EXPECT_VALUE,ERR_MSG) VALUES ('TBLID_BHOLDCODE','RELEASE',48,'KEY','reset_userg_id6','0','',NULL,NULL);
INSERT INTO SM_CHECK_DEF (TABLE_ID,CHECK_TYPE,CHECK_ORDER,CHECK_KIND,FIELD_NAME,REF_TABLE,REF_FIELD,EXPECT_VALUE,ERR_MSG) VALUES ('TBLID_BHOLDCODE','RELEASE',49,'STAT_R',NULL,NULL,NULL,NULL,NULL);
INSERT INTO SM_CHECK_DEF (TABLE_ID,CHECK_TYPE,CHECK_ORDER,CHECK_KIND,FIELD_NAME,REF_TABLE,REF_FIELD,EXPECT_VALUE,ERR_MSG) VALUES ('TBLID_BHOLDCODE','RELEASE',50,'STRING','reset_userg_id7',NULL,NULL,'',NULL);
INSERT INTO SM_CHECK_DEF (TABLE_ID,CHECK_TYPE,CHECK_ORDER,CHECK_KIND,FIELD_NAME,REF_TABLE,REF_FIELD,EXPECT_VALUE,ERR_MSG) VALUES ('TBLID_BHOLDCODE','RELEASE',51,'KEY','reset_userg_id7','0','',NULL,NULL);
INSERT INTO SM_CHECK_DEF (TABLE_ID,CHECK_TYPE,CHECK_ORDER,CHECK_KIND,FIELD_NAME,REF_TABLE,REF_FIELD,EXPECT_VALUE,ERR_MSG) VALUES ('TBLID_BHOLDCODE','RELEASE',52,'STAT_R',NULL,NULL,NULL,NULL,NULL);
INSERT INTO SM_CHECK_DEF (TABLE_ID,CHECK_TYPE,CHECK_ORDER,CHECK_KIND,FIELD_NAME,REF_TABLE,REF_FIELD,EXPECT_VALUE,ERR_MSG) VALUES ('TBLID_BHOLDCODE','RELEASE',53,'STRING','reset_userg_id8',NULL,NULL,'',NULL);
INSERT INTO SM_CHECK_DEF (TABLE_ID,CHECK_TYPE,CHECK_ORDER,CHECK_KIND,FIELD_NAME,REF_TABLE,REF_FIELD,EXPECT_VALUE,ERR_MSG) VALUES ('TBLID_BHOLDCODE','RELEASE',54,'KEY','reset_userg_id8','0','',NULL,NULL);
INSERT INTO SM_CHECK_DEF (TABLE_ID,CHECK_TYPE,CHECK_ORDER,CHECK_KIND,FIELD_NAME,REF_TABLE,REF_FIELD,EXPECT_VALUE,ERR_MSG) VALUES ('TBLID_BHOLDCODE','RELEASE',55,'STAT_R',NULL,NULL,NULL,NULL,NULL);
INSERT INTO SM_CHECK_DEF (TABLE_ID,CHECK_TYPE,CHECK_ORDER,CHECK_KIND,FIELD_NAME,REF_TABLE,REF_FIELD,EXPECT_VALUE,ERR_MSG) VALUES ('TBLID_BHOLDCODE','RELEASE',56,'STRING','reset_userg_id9',NULL,NULL,'',NULL);
INSERT INTO SM_CHECK_DEF (TABLE_ID,CHECK_TYPE,CHECK_ORDER,CHECK_KIND,FIELD_NAME,REF_TABLE,REF_FIELD,EXPECT_VALUE,ERR_MSG) VALUES ('TBLID_BHOLDCODE','RELEASE',57,'KEY','reset_userg_id9','0','',NULL,NULL);
INSERT INTO SM_CHECK_DEF (TABLE_ID,CHECK_TYPE,CHECK_ORDER,CHECK_KIND,FIELD_NAME,REF_TABLE,REF_FIELD,EXPECT_VALUE,ERR_MSG) VALUES ('TBLID_BHOLDCODE','RELEASE',58,'STAT_R',NULL,NULL,NULL,NULL,NULL);
INSERT INTO SM_CHECK_DEF (TABLE_ID,CHECK_TYPE,CHECK_ORDER,CHECK_KIND,FIELD_NAME,REF_TABLE,REF_FIELD,EXPECT_VALUE,ERR_MSG) VALUES ('TBLID_BHOLDCODE','RELEASE',59,'STRING','reset_userg_id10',NULL,NULL,'',NULL);
INSERT INTO SM_CHECK_DEF (TABLE_ID,CHECK_TYPE,CHECK_ORDER,CHECK_KIND,FIELD_NAME,REF_TABLE,REF_FIELD,EXPECT_VALUE,ERR_MSG) VALUES ('TBLID_BHOLDCODE','RELEASE',60,'KEY','reset_userg_id10','0','',NULL,NULL);
INSERT INTO SM_CHECK_DEF (TABLE_ID,CHECK_TYPE,CHECK_ORDER,CHECK_KIND,FIELD_NAME,REF_TABLE,REF_FIELD,EXPECT_VALUE,ERR_MSG) VALUES ('TBLID_BHOLDCODE','RELEASE',61,'STAT_R',NULL,NULL,NULL,NULL,NULL);
INSERT INTO SM_CHECK_DEF (TABLE_ID,CHECK_TYPE,CHECK_ORDER,CHECK_KIND,FIELD_NAME,REF_TABLE,REF_FIELD,EXPECT_VALUE,ERR_MSG) VALUES ('TBLID_BHOLDCODE','RELEASE',62,'RELEASE_PARAM','hold_type','D2',NULL,NULL,NULL);
INSERT INTO SM_CHECK_DEF (TABLE_ID,CHECK_TYPE,CHECK_ORDER,CHECK_KIND,FIELD_NAME,REF_TABLE,REF_FIELD,EXPECT_VALUE,ERR_MSG) VALUES ('TBLID_BHOLDCODE','RELEASE',63,'RELEASE_PARAM','hold_rsn_code','D10',NULL,NULL,NULL);
INSERT INTO SM_CHECK_DEF (TABLE_ID,CHECK_TYPE,CHECK_ORDER,CHECK_KIND,FIELD_NAME,REF_TABLE,REF_FIELD,EXPECT_VALUE,ERR_MSG) VALUES ('TBLID_BHOLDCODE','RELEASE',64,'RELEASE_WRITE','hold_rsn_code_name','D0',NULL,NULL,NULL);
INSERT INTO SM_CHECK_DEF (TABLE_ID,CHECK_TYPE,CHECK_ORDER,CHECK_KIND,FIELD_NAME,REF_TABLE,REF_FIELD,EXPECT_VALUE,ERR_MSG) VALUES ('TBLID_BHOLDCODE','RELEASE',65,'RELEASE_WRITE','hold_rsn_code_desc','D0',NULL,NULL,NULL);
INSERT INTO SM_CHECK_DEF (TABLE_ID,CHECK_TYPE,CHECK_ORDER,CHECK_KIND,FIELD_NAME,REF_TABLE,REF_FIELD,EXPECT_VALUE,ERR_MSG) VALUES ('TBLID_BHOLDCODE','RELEASE',66,'RELEASE_WRITE','set_userg_id1','D0',NULL,NULL,NULL);
INSERT INTO SM_CHECK_DEF (TABLE_ID,CHECK_TYPE,CHECK_ORDER,CHECK_KIND,FIELD_NAME,REF_TABLE,REF_FIELD,EXPECT_VALUE,ERR_MSG) VALUES ('TBLID_BHOLDCODE','RELEASE',67,'RELEASE_WRITE','set_userg_id2','D0',NULL,NULL,NULL);
INSERT INTO SM_CHECK_DEF (TABLE_ID,CHECK_TYPE,CHECK_ORDER,CHECK_KIND,FIELD_NAME,REF_TABLE,REF_FIELD,EXPECT_VALUE,ERR_MSG) VALUES ('TBLID_BHOLDCODE','RELEASE',68,'RELEASE_WRITE','set_userg_id3','D0',NULL,NULL,NULL);
INSERT INTO SM_CHECK_DEF (TABLE_ID,CHECK_TYPE,CHECK_ORDER,CHECK_KIND,FIELD_NAME,REF_TABLE,REF_FIELD,EXPECT_VALUE,ERR_MSG) VALUES ('TBLID_BHOLDCODE','RELEASE',69,'RELEASE_WRITE','set_userg_id4','D0',NULL,NULL,NULL);
INSERT INTO SM_CHECK_DEF (TABLE_ID,CHECK_TYPE,CHECK_ORDER,CHECK_KIND,FIELD_NAME,REF_TABLE,REF_FIELD,EXPECT_VALUE,ERR_MSG) VALUES ('TBLID_BHOLDCODE','RELEASE',70,'RELEASE_WRITE','set_userg_id5','D0',NULL,NULL,NULL);
INSERT INTO SM_CHECK_DEF (TABLE_ID,CHECK_TYPE,CHECK_ORDER,CHECK_KIND,FIELD_NAME,REF_TABLE,REF_FIELD,EXPECT_VALUE,ERR_MSG) VALUES ('TBLID_BHOLDCODE','RELEASE',71,'RELEASE_WRITE','set_userg_id6','D0',NULL,NULL,NULL);
INSERT INTO SM_CHECK_DEF (TABLE_ID,CHECK_TYPE,CHECK_ORDER,CHECK_KIND,FIELD_NAME,REF_TABLE,REF_FIELD,EXPECT_VALUE,ERR_MSG) VALUES ('TBLID_BHOLDCODE','RELEASE',72,'RELEASE_WRITE','set_userg_id7','D0',NULL,NULL,NULL);
INSERT INTO SM_CHECK_DEF (TABLE_ID,CHECK_TYPE,CHECK_ORDER,CHECK_KIND,FIELD_NAME,REF_TABLE,REF_FIELD,EXPECT_VALUE,ERR_MSG) VALUES ('TBLID_BHOLDCODE','RELEASE',73,'RELEASE_WRITE','set_userg_id8','D0',NULL,NULL,NULL);
INSERT INTO SM_CHECK_DEF (TABLE_ID,CHECK_TYPE,CHECK_ORDER,CHECK_KIND,FIELD_NAME,REF_TABLE,REF_FIELD,EXPECT_VALUE,ERR_MSG) VALUES ('TBLID_BHOLDCODE','RELEASE',74,'RELEASE_WRITE','set_userg_id9','D0',NULL,NULL,NULL);
INSERT INTO SM_CHECK_DEF (TABLE_ID,CHECK_TYPE,CHECK_ORDER,CHECK_KIND,FIELD_NAME,REF_TABLE,REF_FIELD,EXPECT_VALUE,ERR_MSG) VALUES ('TBLID_BHOLDCODE','RELEASE',75,'RELEASE_WRITE','set_userg_id10','D0',NULL,NULL,NULL);
INSERT INTO SM_CHECK_DEF (TABLE_ID,CHECK_TYPE,CHECK_ORDER,CHECK_KIND,FIELD_NAME,REF_TABLE,REF_FIELD,EXPECT_VALUE,ERR_MSG) VALUES ('TBLID_BHOLDCODE','RELEASE',76,'RELEASE_WRITE','reset_userg_id1','D0',NULL,NULL,NULL);
INSERT INTO SM_CHECK_DEF (TABLE_ID,CHECK_TYPE,CHECK_ORDER,CHECK_KIND,FIELD_NAME,REF_TABLE,REF_FIELD,EXPECT_VALUE,ERR_MSG) VALUES ('TBLID_BHOLDCODE','RELEASE',77,'RELEASE_WRITE','reset_userg_id2','D0',NULL,NULL,NULL);
INSERT INTO SM_CHECK_DEF (TABLE_ID,CHECK_TYPE,CHECK_ORDER,CHECK_KIND,FIELD_NAME,REF_TABLE,REF_FIELD,EXPECT_VALUE,ERR_MSG) VALUES ('TBLID_BHOLDCODE','RELEASE',78,'RELEASE_WRITE','reset_userg_id3','D0',NULL,NULL,NULL);
INSERT INTO SM_CHECK_DEF (TABLE_ID,CHECK_TYPE,CHECK_ORDER,CHECK_KIND,FIELD_NAME,REF_TABLE,REF_FIELD,EXPECT_VALUE,ERR_MSG) VALUES ('TBLID_BHOLDCODE','RELEASE',79,'RELEASE_WRITE','reset_userg_id4','D0',NULL,NULL,NULL);
INSERT INTO SM_CHECK_DEF (TABLE_ID,CHECK_TYPE,CHECK_ORDER,CHECK_KIND,FIELD_NAME,REF_TABLE,REF_FIELD,EXPECT_VALUE,ERR_MSG) VALUES ('TBLID_BHOLDCODE','RELEASE',80,'RELEASE_WRITE','reset_userg_id5','D0',NULL,NULL,NULL);
INSERT INTO SM_CHECK_DEF (TABLE_ID,CHECK_TYPE,CHECK_ORDER,CHECK_KIND,FIELD_NAME,REF_TABLE,REF_FIELD,EXPECT_VALUE,ERR_MSG) VALUES ('TBLID_BHOLDCODE','RELEASE',81,'RELEASE_WRITE','reset_userg_id6','D0',NULL,NULL,NULL);
INSERT INTO SM_CHECK_DEF (TABLE_ID,CHECK_TYPE,CHECK_ORDER,CHECK_KIND,FIELD_NAME,REF_TABLE,REF_FIELD,EXPECT_VALUE,ERR_MSG) VALUES ('TBLID_BHOLDCODE','RELEASE',82,'RELEASE_WRITE','reset_userg_id7','D0',NULL,NULL,NULL);
INSERT INTO SM_CHECK_DEF (TABLE_ID,CHECK_TYPE,CHECK_ORDER,CHECK_KIND,FIELD_NAME,REF_TABLE,REF_FIELD,EXPECT_VALUE,ERR_MSG) VALUES ('TBLID_BHOLDCODE','RELEASE',83,'RELEASE_WRITE','reset_userg_id8','D0',NULL,NULL,NULL);
INSERT INTO SM_CHECK_DEF (TABLE_ID,CHECK_TYPE,CHECK_ORDER,CHECK_KIND,FIELD_NAME,REF_TABLE,REF_FIELD,EXPECT_VALUE,ERR_MSG) VALUES ('TBLID_BHOLDCODE','RELEASE',84,'RELEASE_WRITE','reset_userg_id9','D0',NULL,NULL,NULL);
INSERT INTO SM_CHECK_DEF (TABLE_ID,CHECK_TYPE,CHECK_ORDER,CHECK_KIND,FIELD_NAME,REF_TABLE,REF_FIELD,EXPECT_VALUE,ERR_MSG) VALUES ('TBLID_BHOLDCODE','RELEASE',85,'RELEASE_WRITE','reset_userg_id10','D0',NULL,NULL,NULL);
INSERT INTO SM_CHECK_DEF (TABLE_ID,CHECK_TYPE,CHECK_ORDER,CHECK_KIND,FIELD_NAME,REF_TABLE,REF_FIELD,EXPECT_VALUE,ERR_MSG) VALUES ('TBLID_BHOLDCODE','DELETE',1,'STAT_R',NULL,NULL,NULL,NULL,NULL);
INSERT INTO SM_CHECK_DEF (TABLE_ID,CHECK_TYPE,CHECK_ORDER,CHECK_KIND,FIELD_NAME,REF_TABLE,REF_FIELD,EXPECT_VALUE,ERR_MSG) VALUES ('TBLID_BHOLDCODE','DELETE',2,'STRING','lock_user',NULL,NULL,'',NULL);
INSERT INTO SM_CHECK_DEF (TABLE_ID,CHECK_TYPE,CHECK_ORDER,CHECK_KIND,FIELD_NAME,REF_TABLE,REF_FIELD,EXPECT_VALUE,ERR_MSG) VALUES ('TBLID_BHOLDCODE','DELETE',3,'NULLCHK','lock_time',NULL,NULL,NULL,NULL);
INSERT INTO SM_CHECK_DEF (TABLE_ID,CHECK_TYPE,CHECK_ORDER,CHECK_KIND,FIELD_NAME,REF_TABLE,REF_FIELD,EXPECT_VALUE,ERR_MSG) VALUES ('TBLID_BHOLDCODE','EDITCOMP',1,'STAT_E',NULL,NULL,NULL,NULL,NULL);
INSERT INTO SM_CHECK_DEF (TABLE_ID,CHECK_TYPE,CHECK_ORDER,CHECK_KIND,FIELD_NAME,REF_TABLE,REF_FIELD,EXPECT_VALUE,ERR_MSG) VALUES ('TBLID_BHOLDCODE','EDITCOMP',2,'COMP_N',NULL,NULL,NULL,NULL,'记录已编辑完成');

-- BINSPJDG
INSERT INTO SM_TABLE_DEF (TABLE_ID, TABLE_NAME, JP_TITLE, US_TITLE, RELEASE_FLAG, DISTRIBUTE_FLAG, PERMISSION_TYPE, SCHEMA_TYPE, HAS_DUMMY, SORT_NO)
VALUES ('TBLID_BINSPJDG', 'BINSPJDG', 'BINSPJDG', 'BINSPJDG', 'Y', 'N', 'C', 'L', 'N', 300);
INSERT INTO SM_FIELD_DEF (TABLE_ID,FIELD_NAME,JP_TITLE,US_TITLE,DB_TYPE,DB_LENGTH,IS_KEY,NOT_BLANK,IS_DUMMY,IS_SEARCH_ITEM,SORT_NO,TREE_LEVEL,SHEET_NO,PAGE_NO,PROPERTY_NO,IS_AUTO,IS_MANDATORY,SYSTEM_READONLY,FIELD_TYPE,FIELD_LENGTH,INPUT_ALPHABET,INPUT_MULTIBYTE,INPUT_NUMERIC,INPUT_SYMBOL,INPUT_UPPERCASE,RETRIEVAL_TABLE,FORMAT,DEFAULT_VALUE,MIN_VALUE,MAX_VALUE,CALENDAR_BUTTON,JUMP_BUTTON,OPEN_BUTTON,REF_TABLE_ID,REF_FIELD_NAME,SPECIAL_BUTTON) VALUES ('TBLID_BINSPJDG','MEAS_ITEM','MEAS_ITEM','MEAS_ITEM','STRING',10,'N','Y','N','Y',-1,-1,0,0,0,'N','N','N','STRING',0,'Y',0,'Y','Y','Y','NONE',NULL,NULL,NULL,NULL,'N','N',0,NULL,NULL,0);
INSERT INTO SM_FIELD_DEF (TABLE_ID,FIELD_NAME,JP_TITLE,US_TITLE,DB_TYPE,DB_LENGTH,IS_KEY,NOT_BLANK,IS_DUMMY,IS_SEARCH_ITEM,SORT_NO,TREE_LEVEL,SHEET_NO,PAGE_NO,PROPERTY_NO,IS_AUTO,IS_MANDATORY,SYSTEM_READONLY,FIELD_TYPE,FIELD_LENGTH,INPUT_ALPHABET,INPUT_MULTIBYTE,INPUT_NUMERIC,INPUT_SYMBOL,INPUT_UPPERCASE,RETRIEVAL_TABLE,FORMAT,DEFAULT_VALUE,MIN_VALUE,MAX_VALUE,CALENDAR_BUTTON,JUMP_BUTTON,OPEN_BUTTON,REF_TABLE_ID,REF_FIELD_NAME,SPECIAL_BUTTON) VALUES ('TBLID_BINSPJDG','MEAS_DATA','MEAS_DATA','MEAS_DATA','STRING',40,'N','Y','N','Y',-1,-1,0,0,0,'N','N','N','STRING',0,'Y',0,'Y','Y','Y','NONE',NULL,NULL,NULL,NULL,'N','N',0,NULL,NULL,0);
INSERT INTO SM_FIELD_DEF (TABLE_ID,FIELD_NAME,JP_TITLE,US_TITLE,DB_TYPE,DB_LENGTH,IS_KEY,NOT_BLANK,IS_DUMMY,IS_SEARCH_ITEM,SORT_NO,TREE_LEVEL,SHEET_NO,PAGE_NO,PROPERTY_NO,IS_AUTO,IS_MANDATORY,SYSTEM_READONLY,FIELD_TYPE,FIELD_LENGTH,INPUT_ALPHABET,INPUT_MULTIBYTE,INPUT_NUMERIC,INPUT_SYMBOL,INPUT_UPPERCASE,RETRIEVAL_TABLE,FORMAT,DEFAULT_VALUE,MIN_VALUE,MAX_VALUE,CALENDAR_BUTTON,JUMP_BUTTON,OPEN_BUTTON,REF_TABLE_ID,REF_FIELD_NAME,SPECIAL_BUTTON) VALUES ('TBLID_BINSPJDG','WAF_ACTION_CAT','WAF_ACTION_CAT','WAF_ACTION_CAT','STRING',1,'N','Y','N','Y',-1,-1,0,0,0,'N','N','N','STRING',0,'Y',0,'Y','Y','Y','NONE',NULL,NULL,NULL,NULL,'N','N',0,NULL,NULL,0);
INSERT INTO SM_FIELD_DEF (TABLE_ID,FIELD_NAME,JP_TITLE,US_TITLE,DB_TYPE,DB_LENGTH,IS_KEY,NOT_BLANK,IS_DUMMY,IS_SEARCH_ITEM,SORT_NO,TREE_LEVEL,SHEET_NO,PAGE_NO,PROPERTY_NO,IS_AUTO,IS_MANDATORY,SYSTEM_READONLY,FIELD_TYPE,FIELD_LENGTH,INPUT_ALPHABET,INPUT_MULTIBYTE,INPUT_NUMERIC,INPUT_SYMBOL,INPUT_UPPERCASE,RETRIEVAL_TABLE,FORMAT,DEFAULT_VALUE,MIN_VALUE,MAX_VALUE,CALENDAR_BUTTON,JUMP_BUTTON,OPEN_BUTTON,REF_TABLE_ID,REF_FIELD_NAME,SPECIAL_BUTTON) VALUES ('TBLID_BINSPJDG','REJRSN_CODE','REJRSN_CODE','REJRSN_CODE','STRING',10,'N','Y','N','Y',-1,-1,0,0,0,'N','N','N','STRING',0,'Y',0,'Y','Y','Y','NONE',NULL,NULL,NULL,NULL,'N','N',0,NULL,NULL,0);
INSERT INTO SM_FIELD_DEF (TABLE_ID,FIELD_NAME,JP_TITLE,US_TITLE,DB_TYPE,DB_LENGTH,IS_KEY,NOT_BLANK,IS_DUMMY,IS_SEARCH_ITEM,SORT_NO,TREE_LEVEL,SHEET_NO,PAGE_NO,PROPERTY_NO,IS_AUTO,IS_MANDATORY,SYSTEM_READONLY,FIELD_TYPE,FIELD_LENGTH,INPUT_ALPHABET,INPUT_MULTIBYTE,INPUT_NUMERIC,INPUT_SYMBOL,INPUT_UPPERCASE,RETRIEVAL_TABLE,FORMAT,DEFAULT_VALUE,MIN_VALUE,MAX_VALUE,CALENDAR_BUTTON,JUMP_BUTTON,OPEN_BUTTON,REF_TABLE_ID,REF_FIELD_NAME,SPECIAL_BUTTON) VALUES ('TBLID_BINSPJDG','WAF_QUO_PTN_A_FLG','WAF_QUO_PTN_A_FLG','WAF_QUO_PTN_A_FLG','STRING',1,'N','Y','N','Y',-1,-1,0,0,0,'N','N','N','STRING',0,'Y',0,'Y','Y','Y','NONE',NULL,NULL,NULL,NULL,'N','N',0,NULL,NULL,0);
INSERT INTO SM_FIELD_DEF (TABLE_ID,FIELD_NAME,JP_TITLE,US_TITLE,DB_TYPE,DB_LENGTH,IS_KEY,NOT_BLANK,IS_DUMMY,IS_SEARCH_ITEM,SORT_NO,TREE_LEVEL,SHEET_NO,PAGE_NO,PROPERTY_NO,IS_AUTO,IS_MANDATORY,SYSTEM_READONLY,FIELD_TYPE,FIELD_LENGTH,INPUT_ALPHABET,INPUT_MULTIBYTE,INPUT_NUMERIC,INPUT_SYMBOL,INPUT_UPPERCASE,RETRIEVAL_TABLE,FORMAT,DEFAULT_VALUE,MIN_VALUE,MAX_VALUE,CALENDAR_BUTTON,JUMP_BUTTON,OPEN_BUTTON,REF_TABLE_ID,REF_FIELD_NAME,SPECIAL_BUTTON) VALUES ('TBLID_BINSPJDG','WAF_QUO_PTN_B_FLG','WAF_QUO_PTN_B_FLG','WAF_QUO_PTN_B_FLG','STRING',1,'N','Y','N','Y',-1,-1,0,0,0,'N','N','N','STRING',0,'Y',0,'Y','Y','Y','NONE',NULL,NULL,NULL,NULL,'N','N',0,NULL,NULL,0);
INSERT INTO SM_FIELD_DEF (TABLE_ID,FIELD_NAME,JP_TITLE,US_TITLE,DB_TYPE,DB_LENGTH,IS_KEY,NOT_BLANK,IS_DUMMY,IS_SEARCH_ITEM,SORT_NO,TREE_LEVEL,SHEET_NO,PAGE_NO,PROPERTY_NO,IS_AUTO,IS_MANDATORY,SYSTEM_READONLY,FIELD_TYPE,FIELD_LENGTH,INPUT_ALPHABET,INPUT_MULTIBYTE,INPUT_NUMERIC,INPUT_SYMBOL,INPUT_UPPERCASE,RETRIEVAL_TABLE,FORMAT,DEFAULT_VALUE,MIN_VALUE,MAX_VALUE,CALENDAR_BUTTON,JUMP_BUTTON,OPEN_BUTTON,REF_TABLE_ID,REF_FIELD_NAME,SPECIAL_BUTTON) VALUES ('TBLID_BINSPJDG','WAF_QUO_PTN_C_FLG','WAF_QUO_PTN_C_FLG','WAF_QUO_PTN_C_FLG','STRING',1,'N','Y','N','Y',-1,-1,0,0,0,'N','N','N','STRING',0,'Y',0,'Y','Y','Y','NONE',NULL,NULL,NULL,NULL,'N','N',0,NULL,NULL,0);
INSERT INTO SM_FIELD_DEF (TABLE_ID,FIELD_NAME,JP_TITLE,US_TITLE,DB_TYPE,DB_LENGTH,IS_KEY,NOT_BLANK,IS_DUMMY,IS_SEARCH_ITEM,SORT_NO,TREE_LEVEL,SHEET_NO,PAGE_NO,PROPERTY_NO,IS_AUTO,IS_MANDATORY,SYSTEM_READONLY,FIELD_TYPE,FIELD_LENGTH,INPUT_ALPHABET,INPUT_MULTIBYTE,INPUT_NUMERIC,INPUT_SYMBOL,INPUT_UPPERCASE,RETRIEVAL_TABLE,FORMAT,DEFAULT_VALUE,MIN_VALUE,MAX_VALUE,CALENDAR_BUTTON,JUMP_BUTTON,OPEN_BUTTON,REF_TABLE_ID,REF_FIELD_NAME,SPECIAL_BUTTON) VALUES ('TBLID_BINSPJDG','WAF_QUO_PTN_D_FLG','WAF_QUO_PTN_D_FLG','WAF_QUO_PTN_D_FLG','STRING',1,'N','Y','N','Y',-1,-1,0,0,0,'N','N','N','STRING',0,'Y',0,'Y','Y','Y','NONE',NULL,NULL,NULL,NULL,'N','N',0,NULL,NULL,0);
INSERT INTO SM_CHECK_DEF (TABLE_ID,CHECK_TYPE,CHECK_ORDER,CHECK_KIND,FIELD_NAME,REF_TABLE,REF_FIELD,EXPECT_VALUE,ERR_MSG) VALUES ('TBLID_BINSPJDG','SAVE',1,'STAT_E',NULL,NULL,NULL,NULL,NULL);
INSERT INTO SM_CHECK_DEF (TABLE_ID,CHECK_TYPE,CHECK_ORDER,CHECK_KIND,FIELD_NAME,REF_TABLE,REF_FIELD,EXPECT_VALUE,ERR_MSG) VALUES ('TBLID_BINSPJDG','SAVE',2,'STRING','lock_user',NULL,NULL,'',NULL);
INSERT INTO SM_CHECK_DEF (TABLE_ID,CHECK_TYPE,CHECK_ORDER,CHECK_KIND,FIELD_NAME,REF_TABLE,REF_FIELD,EXPECT_VALUE,ERR_MSG) VALUES ('TBLID_BINSPJDG','SAVE',3,'NULLCHK','lock_time',NULL,NULL,NULL,NULL);
INSERT INTO SM_CHECK_DEF (TABLE_ID,CHECK_TYPE,CHECK_ORDER,CHECK_KIND,FIELD_NAME,REF_TABLE,REF_FIELD,EXPECT_VALUE,ERR_MSG) VALUES ('TBLID_BINSPJDG','SAVE',4,'KEY','meas_item','0','',NULL,NULL);
INSERT INTO SM_CHECK_DEF (TABLE_ID,CHECK_TYPE,CHECK_ORDER,CHECK_KIND,FIELD_NAME,REF_TABLE,REF_FIELD,EXPECT_VALUE,ERR_MSG) VALUES ('TBLID_BINSPJDG','SAVE',5,'KEY','meas_item','0','',NULL,NULL);
INSERT INTO SM_CHECK_DEF (TABLE_ID,CHECK_TYPE,CHECK_ORDER,CHECK_KIND,FIELD_NAME,REF_TABLE,REF_FIELD,EXPECT_VALUE,ERR_MSG) VALUES ('TBLID_BINSPJDG','SAVE',6,'STAT_R',NULL,NULL,NULL,NULL,NULL);
INSERT INTO SM_CHECK_DEF (TABLE_ID,CHECK_TYPE,CHECK_ORDER,CHECK_KIND,FIELD_NAME,REF_TABLE,REF_FIELD,EXPECT_VALUE,ERR_MSG) VALUES ('TBLID_BINSPJDG','SAVE',7,'KEY','rejrsn_code','0','',NULL,NULL);
INSERT INTO SM_CHECK_DEF (TABLE_ID,CHECK_TYPE,CHECK_ORDER,CHECK_KIND,FIELD_NAME,REF_TABLE,REF_FIELD,EXPECT_VALUE,ERR_MSG) VALUES ('TBLID_BINSPJDG','SAVE',8,'KEY','rejrsn_code','0','',NULL,NULL);
INSERT INTO SM_CHECK_DEF (TABLE_ID,CHECK_TYPE,CHECK_ORDER,CHECK_KIND,FIELD_NAME,REF_TABLE,REF_FIELD,EXPECT_VALUE,ERR_MSG) VALUES ('TBLID_BINSPJDG','SAVE',9,'STAT_R',NULL,NULL,NULL,NULL,NULL);
INSERT INTO SM_CHECK_DEF (TABLE_ID,CHECK_TYPE,CHECK_ORDER,CHECK_KIND,FIELD_NAME,REF_TABLE,REF_FIELD,EXPECT_VALUE,ERR_MSG) VALUES ('TBLID_BINSPJDG','RELEASE',1,'STAT_E',NULL,NULL,NULL,NULL,NULL);
INSERT INTO SM_CHECK_DEF (TABLE_ID,CHECK_TYPE,CHECK_ORDER,CHECK_KIND,FIELD_NAME,REF_TABLE,REF_FIELD,EXPECT_VALUE,ERR_MSG) VALUES ('TBLID_BINSPJDG','RELEASE',2,'STRING','lock_user',NULL,NULL,'',NULL);
INSERT INTO SM_CHECK_DEF (TABLE_ID,CHECK_TYPE,CHECK_ORDER,CHECK_KIND,FIELD_NAME,REF_TABLE,REF_FIELD,EXPECT_VALUE,ERR_MSG) VALUES ('TBLID_BINSPJDG','RELEASE',3,'NULLCHK','lock_time',NULL,NULL,NULL,NULL);
INSERT INTO SM_CHECK_DEF (TABLE_ID,CHECK_TYPE,CHECK_ORDER,CHECK_KIND,FIELD_NAME,REF_TABLE,REF_FIELD,EXPECT_VALUE,ERR_MSG) VALUES ('TBLID_BINSPJDG','RELEASE',4,'KEY','meas_item','0','',NULL,NULL);
INSERT INTO SM_CHECK_DEF (TABLE_ID,CHECK_TYPE,CHECK_ORDER,CHECK_KIND,FIELD_NAME,REF_TABLE,REF_FIELD,EXPECT_VALUE,ERR_MSG) VALUES ('TBLID_BINSPJDG','RELEASE',5,'STAT_R',NULL,NULL,NULL,NULL,NULL);
INSERT INTO SM_CHECK_DEF (TABLE_ID,CHECK_TYPE,CHECK_ORDER,CHECK_KIND,FIELD_NAME,REF_TABLE,REF_FIELD,EXPECT_VALUE,ERR_MSG) VALUES ('TBLID_BINSPJDG','RELEASE',6,'KEY','rejrsn_code','0','',NULL,NULL);
INSERT INTO SM_CHECK_DEF (TABLE_ID,CHECK_TYPE,CHECK_ORDER,CHECK_KIND,FIELD_NAME,REF_TABLE,REF_FIELD,EXPECT_VALUE,ERR_MSG) VALUES ('TBLID_BINSPJDG','RELEASE',7,'STAT_R',NULL,NULL,NULL,NULL,NULL);
INSERT INTO SM_CHECK_DEF (TABLE_ID,CHECK_TYPE,CHECK_ORDER,CHECK_KIND,FIELD_NAME,REF_TABLE,REF_FIELD,EXPECT_VALUE,ERR_MSG) VALUES ('TBLID_BINSPJDG','RELEASE',8,'RELEASE_PARAM','meas_item','D10',NULL,NULL,NULL);
INSERT INTO SM_CHECK_DEF (TABLE_ID,CHECK_TYPE,CHECK_ORDER,CHECK_KIND,FIELD_NAME,REF_TABLE,REF_FIELD,EXPECT_VALUE,ERR_MSG) VALUES ('TBLID_BINSPJDG','RELEASE',9,'RELEASE_PARAM','meas_data','D40',NULL,NULL,NULL);
INSERT INTO SM_CHECK_DEF (TABLE_ID,CHECK_TYPE,CHECK_ORDER,CHECK_KIND,FIELD_NAME,REF_TABLE,REF_FIELD,EXPECT_VALUE,ERR_MSG) VALUES ('TBLID_BINSPJDG','RELEASE',10,'RELEASE_WRITE','waf_action_cat','D0',NULL,NULL,NULL);
INSERT INTO SM_CHECK_DEF (TABLE_ID,CHECK_TYPE,CHECK_ORDER,CHECK_KIND,FIELD_NAME,REF_TABLE,REF_FIELD,EXPECT_VALUE,ERR_MSG) VALUES ('TBLID_BINSPJDG','RELEASE',11,'RELEASE_WRITE','rejrsn_code','D0',NULL,NULL,NULL);
INSERT INTO SM_CHECK_DEF (TABLE_ID,CHECK_TYPE,CHECK_ORDER,CHECK_KIND,FIELD_NAME,REF_TABLE,REF_FIELD,EXPECT_VALUE,ERR_MSG) VALUES ('TBLID_BINSPJDG','RELEASE',12,'RELEASE_WRITE','waf_quo_ptn_a_flg','D0',NULL,NULL,NULL);
INSERT INTO SM_CHECK_DEF (TABLE_ID,CHECK_TYPE,CHECK_ORDER,CHECK_KIND,FIELD_NAME,REF_TABLE,REF_FIELD,EXPECT_VALUE,ERR_MSG) VALUES ('TBLID_BINSPJDG','RELEASE',13,'RELEASE_WRITE','waf_quo_ptn_b_flg','D0',NULL,NULL,NULL);
INSERT INTO SM_CHECK_DEF (TABLE_ID,CHECK_TYPE,CHECK_ORDER,CHECK_KIND,FIELD_NAME,REF_TABLE,REF_FIELD,EXPECT_VALUE,ERR_MSG) VALUES ('TBLID_BINSPJDG','RELEASE',14,'RELEASE_WRITE','waf_quo_ptn_c_flg','D0',NULL,NULL,NULL);
INSERT INTO SM_CHECK_DEF (TABLE_ID,CHECK_TYPE,CHECK_ORDER,CHECK_KIND,FIELD_NAME,REF_TABLE,REF_FIELD,EXPECT_VALUE,ERR_MSG) VALUES ('TBLID_BINSPJDG','RELEASE',15,'RELEASE_WRITE','waf_quo_ptn_d_flg','D0',NULL,NULL,NULL);
INSERT INTO SM_CHECK_DEF (TABLE_ID,CHECK_TYPE,CHECK_ORDER,CHECK_KIND,FIELD_NAME,REF_TABLE,REF_FIELD,EXPECT_VALUE,ERR_MSG) VALUES ('TBLID_BINSPJDG','DELETE',1,'STAT_R',NULL,NULL,NULL,NULL,NULL);
INSERT INTO SM_CHECK_DEF (TABLE_ID,CHECK_TYPE,CHECK_ORDER,CHECK_KIND,FIELD_NAME,REF_TABLE,REF_FIELD,EXPECT_VALUE,ERR_MSG) VALUES ('TBLID_BINSPJDG','DELETE',2,'STRING','lock_user',NULL,NULL,'',NULL);
INSERT INTO SM_CHECK_DEF (TABLE_ID,CHECK_TYPE,CHECK_ORDER,CHECK_KIND,FIELD_NAME,REF_TABLE,REF_FIELD,EXPECT_VALUE,ERR_MSG) VALUES ('TBLID_BINSPJDG','DELETE',3,'NULLCHK','lock_time',NULL,NULL,NULL,NULL);
INSERT INTO SM_CHECK_DEF (TABLE_ID,CHECK_TYPE,CHECK_ORDER,CHECK_KIND,FIELD_NAME,REF_TABLE,REF_FIELD,EXPECT_VALUE,ERR_MSG) VALUES ('TBLID_BINSPJDG','EDITCOMP',1,'STAT_E',NULL,NULL,NULL,NULL,NULL);
INSERT INTO SM_CHECK_DEF (TABLE_ID,CHECK_TYPE,CHECK_ORDER,CHECK_KIND,FIELD_NAME,REF_TABLE,REF_FIELD,EXPECT_VALUE,ERR_MSG) VALUES ('TBLID_BINSPJDG','EDITCOMP',2,'COMP_N',NULL,NULL,NULL,NULL,'记录已编辑完成');

-- BINSPUSED
INSERT INTO SM_TABLE_DEF (TABLE_ID, TABLE_NAME, JP_TITLE, US_TITLE, RELEASE_FLAG, DISTRIBUTE_FLAG, PERMISSION_TYPE, SCHEMA_TYPE, HAS_DUMMY, SORT_NO)
VALUES ('TBLID_BINSPUSED', 'BINSPUSED', 'BINSPUSED', 'BINSPUSED', 'Y', 'N', 'C', 'L', 'N', 310);
INSERT INTO SM_FIELD_DEF (TABLE_ID,FIELD_NAME,JP_TITLE,US_TITLE,DB_TYPE,DB_LENGTH,IS_KEY,NOT_BLANK,IS_DUMMY,IS_SEARCH_ITEM,SORT_NO,TREE_LEVEL,SHEET_NO,PAGE_NO,PROPERTY_NO,IS_AUTO,IS_MANDATORY,SYSTEM_READONLY,FIELD_TYPE,FIELD_LENGTH,INPUT_ALPHABET,INPUT_MULTIBYTE,INPUT_NUMERIC,INPUT_SYMBOL,INPUT_UPPERCASE,RETRIEVAL_TABLE,FORMAT,DEFAULT_VALUE,MIN_VALUE,MAX_VALUE,CALENDAR_BUTTON,JUMP_BUTTON,OPEN_BUTTON,REF_TABLE_ID,REF_FIELD_NAME,SPECIAL_BUTTON) VALUES ('TBLID_BINSPUSED','INSP_USED_ID','INSP_USED_ID','INSP_USED_ID','STRING',12,'N','Y','N','Y',-1,-1,0,0,0,'N','N','N','STRING',0,'Y',0,'Y','Y','Y','NONE',NULL,NULL,NULL,NULL,'N','N',0,NULL,NULL,0);
INSERT INTO SM_FIELD_DEF (TABLE_ID,FIELD_NAME,JP_TITLE,US_TITLE,DB_TYPE,DB_LENGTH,IS_KEY,NOT_BLANK,IS_DUMMY,IS_SEARCH_ITEM,SORT_NO,TREE_LEVEL,SHEET_NO,PAGE_NO,PROPERTY_NO,IS_AUTO,IS_MANDATORY,SYSTEM_READONLY,FIELD_TYPE,FIELD_LENGTH,INPUT_ALPHABET,INPUT_MULTIBYTE,INPUT_NUMERIC,INPUT_SYMBOL,INPUT_UPPERCASE,RETRIEVAL_TABLE,FORMAT,DEFAULT_VALUE,MIN_VALUE,MAX_VALUE,CALENDAR_BUTTON,JUMP_BUTTON,OPEN_BUTTON,REF_TABLE_ID,REF_FIELD_NAME,SPECIAL_BUTTON) VALUES ('TBLID_BINSPUSED','INSP_USED_NAME','INSP_USED_NAME','INSP_USED_NAME','STRING',40,'N','Y','N','Y',-1,-1,0,0,0,'N','N','N','STRING',0,'Y',0,'Y','Y','Y','NONE',NULL,NULL,NULL,NULL,'N','N',0,NULL,NULL,0);
INSERT INTO SM_FIELD_DEF (TABLE_ID,FIELD_NAME,JP_TITLE,US_TITLE,DB_TYPE,DB_LENGTH,IS_KEY,NOT_BLANK,IS_DUMMY,IS_SEARCH_ITEM,SORT_NO,TREE_LEVEL,SHEET_NO,PAGE_NO,PROPERTY_NO,IS_AUTO,IS_MANDATORY,SYSTEM_READONLY,FIELD_TYPE,FIELD_LENGTH,INPUT_ALPHABET,INPUT_MULTIBYTE,INPUT_NUMERIC,INPUT_SYMBOL,INPUT_UPPERCASE,RETRIEVAL_TABLE,FORMAT,DEFAULT_VALUE,MIN_VALUE,MAX_VALUE,CALENDAR_BUTTON,JUMP_BUTTON,OPEN_BUTTON,REF_TABLE_ID,REF_FIELD_NAME,SPECIAL_BUTTON) VALUES ('TBLID_BINSPUSED','INSP_USED_DESC','INSP_USED_DESC','INSP_USED_DESC','STRING',80,'N','Y','N','Y',-1,-1,0,0,0,'N','N','N','STRING',0,'Y',0,'Y','Y','Y','NONE',NULL,NULL,NULL,NULL,'N','N',0,NULL,NULL,0);
INSERT INTO SM_FIELD_DEF (TABLE_ID,FIELD_NAME,JP_TITLE,US_TITLE,DB_TYPE,DB_LENGTH,IS_KEY,NOT_BLANK,IS_DUMMY,IS_SEARCH_ITEM,SORT_NO,TREE_LEVEL,SHEET_NO,PAGE_NO,PROPERTY_NO,IS_AUTO,IS_MANDATORY,SYSTEM_READONLY,FIELD_TYPE,FIELD_LENGTH,INPUT_ALPHABET,INPUT_MULTIBYTE,INPUT_NUMERIC,INPUT_SYMBOL,INPUT_UPPERCASE,RETRIEVAL_TABLE,FORMAT,DEFAULT_VALUE,MIN_VALUE,MAX_VALUE,CALENDAR_BUTTON,JUMP_BUTTON,OPEN_BUTTON,REF_TABLE_ID,REF_FIELD_NAME,SPECIAL_BUTTON) VALUES ('TBLID_BINSPUSED','DEST_ID','DEST_ID','DEST_ID','STRING',20,'N','Y','N','Y',-1,-1,0,0,0,'N','N','N','STRING',0,'Y',0,'Y','Y','Y','NONE',NULL,NULL,NULL,NULL,'N','N',0,NULL,NULL,0);
INSERT INTO SM_FIELD_DEF (TABLE_ID,FIELD_NAME,JP_TITLE,US_TITLE,DB_TYPE,DB_LENGTH,IS_KEY,NOT_BLANK,IS_DUMMY,IS_SEARCH_ITEM,SORT_NO,TREE_LEVEL,SHEET_NO,PAGE_NO,PROPERTY_NO,IS_AUTO,IS_MANDATORY,SYSTEM_READONLY,FIELD_TYPE,FIELD_LENGTH,INPUT_ALPHABET,INPUT_MULTIBYTE,INPUT_NUMERIC,INPUT_SYMBOL,INPUT_UPPERCASE,RETRIEVAL_TABLE,FORMAT,DEFAULT_VALUE,MIN_VALUE,MAX_VALUE,CALENDAR_BUTTON,JUMP_BUTTON,OPEN_BUTTON,REF_TABLE_ID,REF_FIELD_NAME,SPECIAL_BUTTON) VALUES ('TBLID_BINSPUSED','INSP_FLOW','INSP_FLOW','INSP_FLOW','STRING',255,'N','Y','N','Y',-1,-1,0,0,0,'N','N','N','STRING',0,'Y',0,'Y','Y','Y','NONE',NULL,NULL,NULL,NULL,'N','N',0,NULL,NULL,0);
INSERT INTO SM_FIELD_DEF (TABLE_ID,FIELD_NAME,JP_TITLE,US_TITLE,DB_TYPE,DB_LENGTH,IS_KEY,NOT_BLANK,IS_DUMMY,IS_SEARCH_ITEM,SORT_NO,TREE_LEVEL,SHEET_NO,PAGE_NO,PROPERTY_NO,IS_AUTO,IS_MANDATORY,SYSTEM_READONLY,FIELD_TYPE,FIELD_LENGTH,INPUT_ALPHABET,INPUT_MULTIBYTE,INPUT_NUMERIC,INPUT_SYMBOL,INPUT_UPPERCASE,RETRIEVAL_TABLE,FORMAT,DEFAULT_VALUE,MIN_VALUE,MAX_VALUE,CALENDAR_BUTTON,JUMP_BUTTON,OPEN_BUTTON,REF_TABLE_ID,REF_FIELD_NAME,SPECIAL_BUTTON) VALUES ('TBLID_BINSPUSED','CAR_TYPE','CAR_TYPE','CAR_TYPE','STRING',2,'N','Y','N','Y',-1,-1,0,0,0,'N','N','N','STRING',0,'Y',0,'Y','Y','Y','NONE',NULL,NULL,NULL,NULL,'N','N',0,NULL,NULL,0);
INSERT INTO SM_FIELD_DEF (TABLE_ID,FIELD_NAME,JP_TITLE,US_TITLE,DB_TYPE,DB_LENGTH,IS_KEY,NOT_BLANK,IS_DUMMY,IS_SEARCH_ITEM,SORT_NO,TREE_LEVEL,SHEET_NO,PAGE_NO,PROPERTY_NO,IS_AUTO,IS_MANDATORY,SYSTEM_READONLY,FIELD_TYPE,FIELD_LENGTH,INPUT_ALPHABET,INPUT_MULTIBYTE,INPUT_NUMERIC,INPUT_SYMBOL,INPUT_UPPERCASE,RETRIEVAL_TABLE,FORMAT,DEFAULT_VALUE,MIN_VALUE,MAX_VALUE,CALENDAR_BUTTON,JUMP_BUTTON,OPEN_BUTTON,REF_TABLE_ID,REF_FIELD_NAME,SPECIAL_BUTTON) VALUES ('TBLID_BINSPUSED','ROUTE_ID','ROUTE_ID','ROUTE_ID','STRING',12,'N','Y','N','Y',-1,-1,0,0,0,'N','N','N','STRING',0,'Y',0,'Y','Y','Y','NONE',NULL,NULL,NULL,NULL,'N','N',0,NULL,NULL,0);
INSERT INTO SM_FIELD_DEF (TABLE_ID,FIELD_NAME,JP_TITLE,US_TITLE,DB_TYPE,DB_LENGTH,IS_KEY,NOT_BLANK,IS_DUMMY,IS_SEARCH_ITEM,SORT_NO,TREE_LEVEL,SHEET_NO,PAGE_NO,PROPERTY_NO,IS_AUTO,IS_MANDATORY,SYSTEM_READONLY,FIELD_TYPE,FIELD_LENGTH,INPUT_ALPHABET,INPUT_MULTIBYTE,INPUT_NUMERIC,INPUT_SYMBOL,INPUT_UPPERCASE,RETRIEVAL_TABLE,FORMAT,DEFAULT_VALUE,MIN_VALUE,MAX_VALUE,CALENDAR_BUTTON,JUMP_BUTTON,OPEN_BUTTON,REF_TABLE_ID,REF_FIELD_NAME,SPECIAL_BUTTON) VALUES ('TBLID_BINSPUSED','LEAD_TIME','LEAD_TIME','LEAD_TIME','STRING',9,'N','Y','N','Y',-1,-1,0,0,0,'N','N','N','STRING',0,'Y',0,'Y','Y','Y','NONE',NULL,NULL,NULL,NULL,'N','N',0,NULL,NULL,0);
INSERT INTO SM_FIELD_DEF (TABLE_ID,FIELD_NAME,JP_TITLE,US_TITLE,DB_TYPE,DB_LENGTH,IS_KEY,NOT_BLANK,IS_DUMMY,IS_SEARCH_ITEM,SORT_NO,TREE_LEVEL,SHEET_NO,PAGE_NO,PROPERTY_NO,IS_AUTO,IS_MANDATORY,SYSTEM_READONLY,FIELD_TYPE,FIELD_LENGTH,INPUT_ALPHABET,INPUT_MULTIBYTE,INPUT_NUMERIC,INPUT_SYMBOL,INPUT_UPPERCASE,RETRIEVAL_TABLE,FORMAT,DEFAULT_VALUE,MIN_VALUE,MAX_VALUE,CALENDAR_BUTTON,JUMP_BUTTON,OPEN_BUTTON,REF_TABLE_ID,REF_FIELD_NAME,SPECIAL_BUTTON) VALUES ('TBLID_BINSPUSED','PICK_CHK_FLG','PICK_CHK_FLG','PICK_CHK_FLG','STRING',1,'N','Y','N','Y',-1,-1,0,0,0,'N','N','N','STRING',0,'Y',0,'Y','Y','Y','NONE',NULL,NULL,NULL,NULL,'N','N',0,NULL,NULL,0);
INSERT INTO SM_CHECK_DEF (TABLE_ID,CHECK_TYPE,CHECK_ORDER,CHECK_KIND,FIELD_NAME,REF_TABLE,REF_FIELD,EXPECT_VALUE,ERR_MSG) VALUES ('TBLID_BINSPUSED','SAVE',1,'STAT_E',NULL,NULL,NULL,NULL,NULL);
INSERT INTO SM_CHECK_DEF (TABLE_ID,CHECK_TYPE,CHECK_ORDER,CHECK_KIND,FIELD_NAME,REF_TABLE,REF_FIELD,EXPECT_VALUE,ERR_MSG) VALUES ('TBLID_BINSPUSED','SAVE',2,'STRING','lock_user',NULL,NULL,'',NULL);
INSERT INTO SM_CHECK_DEF (TABLE_ID,CHECK_TYPE,CHECK_ORDER,CHECK_KIND,FIELD_NAME,REF_TABLE,REF_FIELD,EXPECT_VALUE,ERR_MSG) VALUES ('TBLID_BINSPUSED','SAVE',3,'NULLCHK','lock_time',NULL,NULL,NULL,NULL);
INSERT INTO SM_CHECK_DEF (TABLE_ID,CHECK_TYPE,CHECK_ORDER,CHECK_KIND,FIELD_NAME,REF_TABLE,REF_FIELD,EXPECT_VALUE,ERR_MSG) VALUES ('TBLID_BINSPUSED','RELEASE',1,'STAT_E',NULL,NULL,NULL,NULL,NULL);
INSERT INTO SM_CHECK_DEF (TABLE_ID,CHECK_TYPE,CHECK_ORDER,CHECK_KIND,FIELD_NAME,REF_TABLE,REF_FIELD,EXPECT_VALUE,ERR_MSG) VALUES ('TBLID_BINSPUSED','RELEASE',2,'STRING','lock_user',NULL,NULL,'',NULL);
INSERT INTO SM_CHECK_DEF (TABLE_ID,CHECK_TYPE,CHECK_ORDER,CHECK_KIND,FIELD_NAME,REF_TABLE,REF_FIELD,EXPECT_VALUE,ERR_MSG) VALUES ('TBLID_BINSPUSED','RELEASE',3,'NULLCHK','lock_time',NULL,NULL,NULL,NULL);
INSERT INTO SM_CHECK_DEF (TABLE_ID,CHECK_TYPE,CHECK_ORDER,CHECK_KIND,FIELD_NAME,REF_TABLE,REF_FIELD,EXPECT_VALUE,ERR_MSG) VALUES ('TBLID_BINSPUSED','RELEASE',4,'RELEASE_PARAM','insp_used_id','D12',NULL,NULL,NULL);
INSERT INTO SM_CHECK_DEF (TABLE_ID,CHECK_TYPE,CHECK_ORDER,CHECK_KIND,FIELD_NAME,REF_TABLE,REF_FIELD,EXPECT_VALUE,ERR_MSG) VALUES ('TBLID_BINSPUSED','RELEASE',5,'RELEASE_WRITE','insp_used_name','D0',NULL,NULL,NULL);
INSERT INTO SM_CHECK_DEF (TABLE_ID,CHECK_TYPE,CHECK_ORDER,CHECK_KIND,FIELD_NAME,REF_TABLE,REF_FIELD,EXPECT_VALUE,ERR_MSG) VALUES ('TBLID_BINSPUSED','RELEASE',6,'RELEASE_WRITE','insp_used_desc','D0',NULL,NULL,NULL);
INSERT INTO SM_CHECK_DEF (TABLE_ID,CHECK_TYPE,CHECK_ORDER,CHECK_KIND,FIELD_NAME,REF_TABLE,REF_FIELD,EXPECT_VALUE,ERR_MSG) VALUES ('TBLID_BINSPUSED','RELEASE',7,'RELEASE_WRITE','dest_id','D0',NULL,NULL,NULL);
INSERT INTO SM_CHECK_DEF (TABLE_ID,CHECK_TYPE,CHECK_ORDER,CHECK_KIND,FIELD_NAME,REF_TABLE,REF_FIELD,EXPECT_VALUE,ERR_MSG) VALUES ('TBLID_BINSPUSED','RELEASE',8,'RELEASE_WRITE','insp_flow','D0',NULL,NULL,NULL);
INSERT INTO SM_CHECK_DEF (TABLE_ID,CHECK_TYPE,CHECK_ORDER,CHECK_KIND,FIELD_NAME,REF_TABLE,REF_FIELD,EXPECT_VALUE,ERR_MSG) VALUES ('TBLID_BINSPUSED','RELEASE',9,'RELEASE_WRITE','car_type','D0',NULL,NULL,NULL);
INSERT INTO SM_CHECK_DEF (TABLE_ID,CHECK_TYPE,CHECK_ORDER,CHECK_KIND,FIELD_NAME,REF_TABLE,REF_FIELD,EXPECT_VALUE,ERR_MSG) VALUES ('TBLID_BINSPUSED','RELEASE',10,'RELEASE_WRITE','route_id','D0',NULL,NULL,NULL);
INSERT INTO SM_CHECK_DEF (TABLE_ID,CHECK_TYPE,CHECK_ORDER,CHECK_KIND,FIELD_NAME,REF_TABLE,REF_FIELD,EXPECT_VALUE,ERR_MSG) VALUES ('TBLID_BINSPUSED','RELEASE',11,'RELEASE_WRITE','lead_time','D0',NULL,NULL,NULL);
INSERT INTO SM_CHECK_DEF (TABLE_ID,CHECK_TYPE,CHECK_ORDER,CHECK_KIND,FIELD_NAME,REF_TABLE,REF_FIELD,EXPECT_VALUE,ERR_MSG) VALUES ('TBLID_BINSPUSED','RELEASE',12,'RELEASE_WRITE','pick_chk_flg','D0',NULL,NULL,NULL);
INSERT INTO SM_CHECK_DEF (TABLE_ID,CHECK_TYPE,CHECK_ORDER,CHECK_KIND,FIELD_NAME,REF_TABLE,REF_FIELD,EXPECT_VALUE,ERR_MSG) VALUES ('TBLID_BINSPUSED','DELETE',1,'STAT_R',NULL,NULL,NULL,NULL,NULL);
INSERT INTO SM_CHECK_DEF (TABLE_ID,CHECK_TYPE,CHECK_ORDER,CHECK_KIND,FIELD_NAME,REF_TABLE,REF_FIELD,EXPECT_VALUE,ERR_MSG) VALUES ('TBLID_BINSPUSED','DELETE',2,'STRING','lock_user',NULL,NULL,'',NULL);
INSERT INTO SM_CHECK_DEF (TABLE_ID,CHECK_TYPE,CHECK_ORDER,CHECK_KIND,FIELD_NAME,REF_TABLE,REF_FIELD,EXPECT_VALUE,ERR_MSG) VALUES ('TBLID_BINSPUSED','DELETE',3,'NULLCHK','lock_time',NULL,NULL,NULL,NULL);
INSERT INTO SM_CHECK_DEF (TABLE_ID,CHECK_TYPE,CHECK_ORDER,CHECK_KIND,FIELD_NAME,REF_TABLE,REF_FIELD,EXPECT_VALUE,ERR_MSG) VALUES ('TBLID_BINSPUSED','EDITCOMP',1,'STAT_E',NULL,NULL,NULL,NULL,NULL);
INSERT INTO SM_CHECK_DEF (TABLE_ID,CHECK_TYPE,CHECK_ORDER,CHECK_KIND,FIELD_NAME,REF_TABLE,REF_FIELD,EXPECT_VALUE,ERR_MSG) VALUES ('TBLID_BINSPUSED','EDITCOMP',2,'COMP_N',NULL,NULL,NULL,NULL,'记录已编辑完成');

-- BINSP_MEAS_ITEM
INSERT INTO SM_TABLE_DEF (TABLE_ID, TABLE_NAME, JP_TITLE, US_TITLE, RELEASE_FLAG, DISTRIBUTE_FLAG, PERMISSION_TYPE, SCHEMA_TYPE, HAS_DUMMY, SORT_NO)
VALUES ('TBLID_BINSP_MEAS_ITEM', 'BINSP_MEAS_ITEM', 'BINSP_MEAS_ITEM', 'BINSP_MEAS_ITEM', 'Y', 'N', 'C', 'L', 'N', 320);
INSERT INTO SM_FIELD_DEF (TABLE_ID,FIELD_NAME,JP_TITLE,US_TITLE,DB_TYPE,DB_LENGTH,IS_KEY,NOT_BLANK,IS_DUMMY,IS_SEARCH_ITEM,SORT_NO,TREE_LEVEL,SHEET_NO,PAGE_NO,PROPERTY_NO,IS_AUTO,IS_MANDATORY,SYSTEM_READONLY,FIELD_TYPE,FIELD_LENGTH,INPUT_ALPHABET,INPUT_MULTIBYTE,INPUT_NUMERIC,INPUT_SYMBOL,INPUT_UPPERCASE,RETRIEVAL_TABLE,FORMAT,DEFAULT_VALUE,MIN_VALUE,MAX_VALUE,CALENDAR_BUTTON,JUMP_BUTTON,OPEN_BUTTON,REF_TABLE_ID,REF_FIELD_NAME,SPECIAL_BUTTON) VALUES ('TBLID_BINSP_MEAS_ITEM','INSP_USED_ID','INSP_USED_ID','INSP_USED_ID','STRING',12,'N','Y','N','Y',-1,-1,0,0,0,'N','N','N','STRING',0,'Y',0,'Y','Y','Y','NONE',NULL,NULL,NULL,NULL,'N','N',0,NULL,NULL,0);
INSERT INTO SM_FIELD_DEF (TABLE_ID,FIELD_NAME,JP_TITLE,US_TITLE,DB_TYPE,DB_LENGTH,IS_KEY,NOT_BLANK,IS_DUMMY,IS_SEARCH_ITEM,SORT_NO,TREE_LEVEL,SHEET_NO,PAGE_NO,PROPERTY_NO,IS_AUTO,IS_MANDATORY,SYSTEM_READONLY,FIELD_TYPE,FIELD_LENGTH,INPUT_ALPHABET,INPUT_MULTIBYTE,INPUT_NUMERIC,INPUT_SYMBOL,INPUT_UPPERCASE,RETRIEVAL_TABLE,FORMAT,DEFAULT_VALUE,MIN_VALUE,MAX_VALUE,CALENDAR_BUTTON,JUMP_BUTTON,OPEN_BUTTON,REF_TABLE_ID,REF_FIELD_NAME,SPECIAL_BUTTON) VALUES ('TBLID_BINSP_MEAS_ITEM','MEAS_ITEM','MEAS_ITEM','MEAS_ITEM','STRING',10,'N','Y','N','Y',-1,-1,0,0,0,'N','N','N','STRING',0,'Y',0,'Y','Y','Y','NONE',NULL,NULL,NULL,NULL,'N','N',0,NULL,NULL,0);
INSERT INTO SM_FIELD_DEF (TABLE_ID,FIELD_NAME,JP_TITLE,US_TITLE,DB_TYPE,DB_LENGTH,IS_KEY,NOT_BLANK,IS_DUMMY,IS_SEARCH_ITEM,SORT_NO,TREE_LEVEL,SHEET_NO,PAGE_NO,PROPERTY_NO,IS_AUTO,IS_MANDATORY,SYSTEM_READONLY,FIELD_TYPE,FIELD_LENGTH,INPUT_ALPHABET,INPUT_MULTIBYTE,INPUT_NUMERIC,INPUT_SYMBOL,INPUT_UPPERCASE,RETRIEVAL_TABLE,FORMAT,DEFAULT_VALUE,MIN_VALUE,MAX_VALUE,CALENDAR_BUTTON,JUMP_BUTTON,OPEN_BUTTON,REF_TABLE_ID,REF_FIELD_NAME,SPECIAL_BUTTON) VALUES ('TBLID_BINSP_MEAS_ITEM','ITEM_SEQ_NO','ITEM_SEQ_NO','ITEM_SEQ_NO','STRING',0,'N','Y','N','Y',-1,-1,0,0,0,'N','N','N','STRING',0,'Y',0,'Y','Y','Y','NONE',NULL,NULL,NULL,NULL,'N','N',0,NULL,NULL,0);
INSERT INTO SM_FIELD_DEF (TABLE_ID,FIELD_NAME,JP_TITLE,US_TITLE,DB_TYPE,DB_LENGTH,IS_KEY,NOT_BLANK,IS_DUMMY,IS_SEARCH_ITEM,SORT_NO,TREE_LEVEL,SHEET_NO,PAGE_NO,PROPERTY_NO,IS_AUTO,IS_MANDATORY,SYSTEM_READONLY,FIELD_TYPE,FIELD_LENGTH,INPUT_ALPHABET,INPUT_MULTIBYTE,INPUT_NUMERIC,INPUT_SYMBOL,INPUT_UPPERCASE,RETRIEVAL_TABLE,FORMAT,DEFAULT_VALUE,MIN_VALUE,MAX_VALUE,CALENDAR_BUTTON,JUMP_BUTTON,OPEN_BUTTON,REF_TABLE_ID,REF_FIELD_NAME,SPECIAL_BUTTON) VALUES ('TBLID_BINSP_MEAS_ITEM','MEAS_DATA_ITEMG','MEAS_DATA_ITEMG','MEAS_DATA_ITEMG','STRING',10,'N','Y','N','Y',-1,-1,0,0,0,'N','N','N','STRING',0,'Y',0,'Y','Y','Y','NONE',NULL,NULL,NULL,NULL,'N','N',0,NULL,NULL,0);
INSERT INTO SM_FIELD_DEF (TABLE_ID,FIELD_NAME,JP_TITLE,US_TITLE,DB_TYPE,DB_LENGTH,IS_KEY,NOT_BLANK,IS_DUMMY,IS_SEARCH_ITEM,SORT_NO,TREE_LEVEL,SHEET_NO,PAGE_NO,PROPERTY_NO,IS_AUTO,IS_MANDATORY,SYSTEM_READONLY,FIELD_TYPE,FIELD_LENGTH,INPUT_ALPHABET,INPUT_MULTIBYTE,INPUT_NUMERIC,INPUT_SYMBOL,INPUT_UPPERCASE,RETRIEVAL_TABLE,FORMAT,DEFAULT_VALUE,MIN_VALUE,MAX_VALUE,CALENDAR_BUTTON,JUMP_BUTTON,OPEN_BUTTON,REF_TABLE_ID,REF_FIELD_NAME,SPECIAL_BUTTON) VALUES ('TBLID_BINSP_MEAS_ITEM','MEAS_PNT_CNT','MEAS_PNT_CNT','MEAS_PNT_CNT','STRING',0,'N','Y','N','Y',-1,-1,0,0,0,'N','N','N','STRING',0,'Y',0,'Y','Y','Y','NONE',NULL,NULL,NULL,NULL,'N','N',0,NULL,NULL,0);
INSERT INTO SM_FIELD_DEF (TABLE_ID,FIELD_NAME,JP_TITLE,US_TITLE,DB_TYPE,DB_LENGTH,IS_KEY,NOT_BLANK,IS_DUMMY,IS_SEARCH_ITEM,SORT_NO,TREE_LEVEL,SHEET_NO,PAGE_NO,PROPERTY_NO,IS_AUTO,IS_MANDATORY,SYSTEM_READONLY,FIELD_TYPE,FIELD_LENGTH,INPUT_ALPHABET,INPUT_MULTIBYTE,INPUT_NUMERIC,INPUT_SYMBOL,INPUT_UPPERCASE,RETRIEVAL_TABLE,FORMAT,DEFAULT_VALUE,MIN_VALUE,MAX_VALUE,CALENDAR_BUTTON,JUMP_BUTTON,OPEN_BUTTON,REF_TABLE_ID,REF_FIELD_NAME,SPECIAL_BUTTON) VALUES ('TBLID_BINSP_MEAS_ITEM','STD_CHK_FLG','STD_CHK_FLG','STD_CHK_FLG','STRING',1,'N','Y','N','Y',-1,-1,0,0,0,'N','N','N','STRING',0,'Y',0,'Y','Y','Y','NONE',NULL,NULL,NULL,NULL,'N','N',0,NULL,NULL,0);
INSERT INTO SM_FIELD_DEF (TABLE_ID,FIELD_NAME,JP_TITLE,US_TITLE,DB_TYPE,DB_LENGTH,IS_KEY,NOT_BLANK,IS_DUMMY,IS_SEARCH_ITEM,SORT_NO,TREE_LEVEL,SHEET_NO,PAGE_NO,PROPERTY_NO,IS_AUTO,IS_MANDATORY,SYSTEM_READONLY,FIELD_TYPE,FIELD_LENGTH,INPUT_ALPHABET,INPUT_MULTIBYTE,INPUT_NUMERIC,INPUT_SYMBOL,INPUT_UPPERCASE,RETRIEVAL_TABLE,FORMAT,DEFAULT_VALUE,MIN_VALUE,MAX_VALUE,CALENDAR_BUTTON,JUMP_BUTTON,OPEN_BUTTON,REF_TABLE_ID,REF_FIELD_NAME,SPECIAL_BUTTON) VALUES ('TBLID_BINSP_MEAS_ITEM','INP_MODE','INP_MODE','INP_MODE','STRING',1,'N','Y','N','Y',-1,-1,0,0,0,'N','N','N','STRING',0,'Y',0,'Y','Y','Y','NONE',NULL,NULL,NULL,NULL,'N','N',0,NULL,NULL,0);
INSERT INTO SM_FIELD_DEF (TABLE_ID,FIELD_NAME,JP_TITLE,US_TITLE,DB_TYPE,DB_LENGTH,IS_KEY,NOT_BLANK,IS_DUMMY,IS_SEARCH_ITEM,SORT_NO,TREE_LEVEL,SHEET_NO,PAGE_NO,PROPERTY_NO,IS_AUTO,IS_MANDATORY,SYSTEM_READONLY,FIELD_TYPE,FIELD_LENGTH,INPUT_ALPHABET,INPUT_MULTIBYTE,INPUT_NUMERIC,INPUT_SYMBOL,INPUT_UPPERCASE,RETRIEVAL_TABLE,FORMAT,DEFAULT_VALUE,MIN_VALUE,MAX_VALUE,CALENDAR_BUTTON,JUMP_BUTTON,OPEN_BUTTON,REF_TABLE_ID,REF_FIELD_NAME,SPECIAL_BUTTON) VALUES ('TBLID_BINSP_MEAS_ITEM','CALC_CODE','CALC_CODE','CALC_CODE','STRING',10,'N','Y','N','Y',-1,-1,0,0,0,'N','N','N','STRING',0,'Y',0,'Y','Y','Y','NONE',NULL,NULL,NULL,NULL,'N','N',0,NULL,NULL,0);
INSERT INTO SM_FIELD_DEF (TABLE_ID,FIELD_NAME,JP_TITLE,US_TITLE,DB_TYPE,DB_LENGTH,IS_KEY,NOT_BLANK,IS_DUMMY,IS_SEARCH_ITEM,SORT_NO,TREE_LEVEL,SHEET_NO,PAGE_NO,PROPERTY_NO,IS_AUTO,IS_MANDATORY,SYSTEM_READONLY,FIELD_TYPE,FIELD_LENGTH,INPUT_ALPHABET,INPUT_MULTIBYTE,INPUT_NUMERIC,INPUT_SYMBOL,INPUT_UPPERCASE,RETRIEVAL_TABLE,FORMAT,DEFAULT_VALUE,MIN_VALUE,MAX_VALUE,CALENDAR_BUTTON,JUMP_BUTTON,OPEN_BUTTON,REF_TABLE_ID,REF_FIELD_NAME,SPECIAL_BUTTON) VALUES ('TBLID_BINSP_MEAS_ITEM','CALC_PARM1','CALC_PARM1','CALC_PARM1','STRING',20,'N','Y','N','Y',-1,-1,0,0,0,'N','N','N','STRING',0,'Y',0,'Y','Y','Y','NONE',NULL,NULL,NULL,NULL,'N','N',0,NULL,NULL,0);
INSERT INTO SM_FIELD_DEF (TABLE_ID,FIELD_NAME,JP_TITLE,US_TITLE,DB_TYPE,DB_LENGTH,IS_KEY,NOT_BLANK,IS_DUMMY,IS_SEARCH_ITEM,SORT_NO,TREE_LEVEL,SHEET_NO,PAGE_NO,PROPERTY_NO,IS_AUTO,IS_MANDATORY,SYSTEM_READONLY,FIELD_TYPE,FIELD_LENGTH,INPUT_ALPHABET,INPUT_MULTIBYTE,INPUT_NUMERIC,INPUT_SYMBOL,INPUT_UPPERCASE,RETRIEVAL_TABLE,FORMAT,DEFAULT_VALUE,MIN_VALUE,MAX_VALUE,CALENDAR_BUTTON,JUMP_BUTTON,OPEN_BUTTON,REF_TABLE_ID,REF_FIELD_NAME,SPECIAL_BUTTON) VALUES ('TBLID_BINSP_MEAS_ITEM','CALC_PARM2','CALC_PARM2','CALC_PARM2','STRING',20,'N','Y','N','Y',-1,-1,0,0,0,'N','N','N','STRING',0,'Y',0,'Y','Y','Y','NONE',NULL,NULL,NULL,NULL,'N','N',0,NULL,NULL,0);
INSERT INTO SM_FIELD_DEF (TABLE_ID,FIELD_NAME,JP_TITLE,US_TITLE,DB_TYPE,DB_LENGTH,IS_KEY,NOT_BLANK,IS_DUMMY,IS_SEARCH_ITEM,SORT_NO,TREE_LEVEL,SHEET_NO,PAGE_NO,PROPERTY_NO,IS_AUTO,IS_MANDATORY,SYSTEM_READONLY,FIELD_TYPE,FIELD_LENGTH,INPUT_ALPHABET,INPUT_MULTIBYTE,INPUT_NUMERIC,INPUT_SYMBOL,INPUT_UPPERCASE,RETRIEVAL_TABLE,FORMAT,DEFAULT_VALUE,MIN_VALUE,MAX_VALUE,CALENDAR_BUTTON,JUMP_BUTTON,OPEN_BUTTON,REF_TABLE_ID,REF_FIELD_NAME,SPECIAL_BUTTON) VALUES ('TBLID_BINSP_MEAS_ITEM','CALC_PARM3','CALC_PARM3','CALC_PARM3','STRING',20,'N','Y','N','Y',-1,-1,0,0,0,'N','N','N','STRING',0,'Y',0,'Y','Y','Y','NONE',NULL,NULL,NULL,NULL,'N','N',0,NULL,NULL,0);
INSERT INTO SM_FIELD_DEF (TABLE_ID,FIELD_NAME,JP_TITLE,US_TITLE,DB_TYPE,DB_LENGTH,IS_KEY,NOT_BLANK,IS_DUMMY,IS_SEARCH_ITEM,SORT_NO,TREE_LEVEL,SHEET_NO,PAGE_NO,PROPERTY_NO,IS_AUTO,IS_MANDATORY,SYSTEM_READONLY,FIELD_TYPE,FIELD_LENGTH,INPUT_ALPHABET,INPUT_MULTIBYTE,INPUT_NUMERIC,INPUT_SYMBOL,INPUT_UPPERCASE,RETRIEVAL_TABLE,FORMAT,DEFAULT_VALUE,MIN_VALUE,MAX_VALUE,CALENDAR_BUTTON,JUMP_BUTTON,OPEN_BUTTON,REF_TABLE_ID,REF_FIELD_NAME,SPECIAL_BUTTON) VALUES ('TBLID_BINSP_MEAS_ITEM','CALC_PARM4','CALC_PARM4','CALC_PARM4','STRING',20,'N','Y','N','Y',-1,-1,0,0,0,'N','N','N','STRING',0,'Y',0,'Y','Y','Y','NONE',NULL,NULL,NULL,NULL,'N','N',0,NULL,NULL,0);
INSERT INTO SM_FIELD_DEF (TABLE_ID,FIELD_NAME,JP_TITLE,US_TITLE,DB_TYPE,DB_LENGTH,IS_KEY,NOT_BLANK,IS_DUMMY,IS_SEARCH_ITEM,SORT_NO,TREE_LEVEL,SHEET_NO,PAGE_NO,PROPERTY_NO,IS_AUTO,IS_MANDATORY,SYSTEM_READONLY,FIELD_TYPE,FIELD_LENGTH,INPUT_ALPHABET,INPUT_MULTIBYTE,INPUT_NUMERIC,INPUT_SYMBOL,INPUT_UPPERCASE,RETRIEVAL_TABLE,FORMAT,DEFAULT_VALUE,MIN_VALUE,MAX_VALUE,CALENDAR_BUTTON,JUMP_BUTTON,OPEN_BUTTON,REF_TABLE_ID,REF_FIELD_NAME,SPECIAL_BUTTON) VALUES ('TBLID_BINSP_MEAS_ITEM','CALC_PARM5','CALC_PARM5','CALC_PARM5','STRING',20,'N','Y','N','Y',-1,-1,0,0,0,'N','N','N','STRING',0,'Y',0,'Y','Y','Y','NONE',NULL,NULL,NULL,NULL,'N','N',0,NULL,NULL,0);
INSERT INTO SM_FIELD_DEF (TABLE_ID,FIELD_NAME,JP_TITLE,US_TITLE,DB_TYPE,DB_LENGTH,IS_KEY,NOT_BLANK,IS_DUMMY,IS_SEARCH_ITEM,SORT_NO,TREE_LEVEL,SHEET_NO,PAGE_NO,PROPERTY_NO,IS_AUTO,IS_MANDATORY,SYSTEM_READONLY,FIELD_TYPE,FIELD_LENGTH,INPUT_ALPHABET,INPUT_MULTIBYTE,INPUT_NUMERIC,INPUT_SYMBOL,INPUT_UPPERCASE,RETRIEVAL_TABLE,FORMAT,DEFAULT_VALUE,MIN_VALUE,MAX_VALUE,CALENDAR_BUTTON,JUMP_BUTTON,OPEN_BUTTON,REF_TABLE_ID,REF_FIELD_NAME,SPECIAL_BUTTON) VALUES ('TBLID_BINSP_MEAS_ITEM','CALC_PARM6','CALC_PARM6','CALC_PARM6','STRING',20,'N','Y','N','Y',-1,-1,0,0,0,'N','N','N','STRING',0,'Y',0,'Y','Y','Y','NONE',NULL,NULL,NULL,NULL,'N','N',0,NULL,NULL,0);
INSERT INTO SM_FIELD_DEF (TABLE_ID,FIELD_NAME,JP_TITLE,US_TITLE,DB_TYPE,DB_LENGTH,IS_KEY,NOT_BLANK,IS_DUMMY,IS_SEARCH_ITEM,SORT_NO,TREE_LEVEL,SHEET_NO,PAGE_NO,PROPERTY_NO,IS_AUTO,IS_MANDATORY,SYSTEM_READONLY,FIELD_TYPE,FIELD_LENGTH,INPUT_ALPHABET,INPUT_MULTIBYTE,INPUT_NUMERIC,INPUT_SYMBOL,INPUT_UPPERCASE,RETRIEVAL_TABLE,FORMAT,DEFAULT_VALUE,MIN_VALUE,MAX_VALUE,CALENDAR_BUTTON,JUMP_BUTTON,OPEN_BUTTON,REF_TABLE_ID,REF_FIELD_NAME,SPECIAL_BUTTON) VALUES ('TBLID_BINSP_MEAS_ITEM','CALC_PARM7','CALC_PARM7','CALC_PARM7','STRING',20,'N','Y','N','Y',-1,-1,0,0,0,'N','N','N','STRING',0,'Y',0,'Y','Y','Y','NONE',NULL,NULL,NULL,NULL,'N','N',0,NULL,NULL,0);
INSERT INTO SM_FIELD_DEF (TABLE_ID,FIELD_NAME,JP_TITLE,US_TITLE,DB_TYPE,DB_LENGTH,IS_KEY,NOT_BLANK,IS_DUMMY,IS_SEARCH_ITEM,SORT_NO,TREE_LEVEL,SHEET_NO,PAGE_NO,PROPERTY_NO,IS_AUTO,IS_MANDATORY,SYSTEM_READONLY,FIELD_TYPE,FIELD_LENGTH,INPUT_ALPHABET,INPUT_MULTIBYTE,INPUT_NUMERIC,INPUT_SYMBOL,INPUT_UPPERCASE,RETRIEVAL_TABLE,FORMAT,DEFAULT_VALUE,MIN_VALUE,MAX_VALUE,CALENDAR_BUTTON,JUMP_BUTTON,OPEN_BUTTON,REF_TABLE_ID,REF_FIELD_NAME,SPECIAL_BUTTON) VALUES ('TBLID_BINSP_MEAS_ITEM','CALC_PARM8','CALC_PARM8','CALC_PARM8','STRING',20,'N','Y','N','Y',-1,-1,0,0,0,'N','N','N','STRING',0,'Y',0,'Y','Y','Y','NONE',NULL,NULL,NULL,NULL,'N','N',0,NULL,NULL,0);
INSERT INTO SM_FIELD_DEF (TABLE_ID,FIELD_NAME,JP_TITLE,US_TITLE,DB_TYPE,DB_LENGTH,IS_KEY,NOT_BLANK,IS_DUMMY,IS_SEARCH_ITEM,SORT_NO,TREE_LEVEL,SHEET_NO,PAGE_NO,PROPERTY_NO,IS_AUTO,IS_MANDATORY,SYSTEM_READONLY,FIELD_TYPE,FIELD_LENGTH,INPUT_ALPHABET,INPUT_MULTIBYTE,INPUT_NUMERIC,INPUT_SYMBOL,INPUT_UPPERCASE,RETRIEVAL_TABLE,FORMAT,DEFAULT_VALUE,MIN_VALUE,MAX_VALUE,CALENDAR_BUTTON,JUMP_BUTTON,OPEN_BUTTON,REF_TABLE_ID,REF_FIELD_NAME,SPECIAL_BUTTON) VALUES ('TBLID_BINSP_MEAS_ITEM','CALC_PARM9','CALC_PARM9','CALC_PARM9','STRING',20,'N','Y','N','Y',-1,-1,0,0,0,'N','N','N','STRING',0,'Y',0,'Y','Y','Y','NONE',NULL,NULL,NULL,NULL,'N','N',0,NULL,NULL,0);
INSERT INTO SM_FIELD_DEF (TABLE_ID,FIELD_NAME,JP_TITLE,US_TITLE,DB_TYPE,DB_LENGTH,IS_KEY,NOT_BLANK,IS_DUMMY,IS_SEARCH_ITEM,SORT_NO,TREE_LEVEL,SHEET_NO,PAGE_NO,PROPERTY_NO,IS_AUTO,IS_MANDATORY,SYSTEM_READONLY,FIELD_TYPE,FIELD_LENGTH,INPUT_ALPHABET,INPUT_MULTIBYTE,INPUT_NUMERIC,INPUT_SYMBOL,INPUT_UPPERCASE,RETRIEVAL_TABLE,FORMAT,DEFAULT_VALUE,MIN_VALUE,MAX_VALUE,CALENDAR_BUTTON,JUMP_BUTTON,OPEN_BUTTON,REF_TABLE_ID,REF_FIELD_NAME,SPECIAL_BUTTON) VALUES ('TBLID_BINSP_MEAS_ITEM','CALC_PARM10','CALC_PARM10','CALC_PARM10','STRING',20,'N','Y','N','Y',-1,-1,0,0,0,'N','N','N','STRING',0,'Y',0,'Y','Y','Y','NONE',NULL,NULL,NULL,NULL,'N','N',0,NULL,NULL,0);
INSERT INTO SM_CHECK_DEF (TABLE_ID,CHECK_TYPE,CHECK_ORDER,CHECK_KIND,FIELD_NAME,REF_TABLE,REF_FIELD,EXPECT_VALUE,ERR_MSG) VALUES ('TBLID_BINSP_MEAS_ITEM','SAVE',1,'STAT_E',NULL,NULL,NULL,NULL,NULL);
INSERT INTO SM_CHECK_DEF (TABLE_ID,CHECK_TYPE,CHECK_ORDER,CHECK_KIND,FIELD_NAME,REF_TABLE,REF_FIELD,EXPECT_VALUE,ERR_MSG) VALUES ('TBLID_BINSP_MEAS_ITEM','SAVE',2,'STRING','lock_user',NULL,NULL,'',NULL);
INSERT INTO SM_CHECK_DEF (TABLE_ID,CHECK_TYPE,CHECK_ORDER,CHECK_KIND,FIELD_NAME,REF_TABLE,REF_FIELD,EXPECT_VALUE,ERR_MSG) VALUES ('TBLID_BINSP_MEAS_ITEM','SAVE',3,'NULLCHK','lock_time',NULL,NULL,NULL,NULL);
INSERT INTO SM_CHECK_DEF (TABLE_ID,CHECK_TYPE,CHECK_ORDER,CHECK_KIND,FIELD_NAME,REF_TABLE,REF_FIELD,EXPECT_VALUE,ERR_MSG) VALUES ('TBLID_BINSP_MEAS_ITEM','SAVE',4,'KEY','meas_item','0','',NULL,NULL);
INSERT INTO SM_CHECK_DEF (TABLE_ID,CHECK_TYPE,CHECK_ORDER,CHECK_KIND,FIELD_NAME,REF_TABLE,REF_FIELD,EXPECT_VALUE,ERR_MSG) VALUES ('TBLID_BINSP_MEAS_ITEM','SAVE',5,'KEY','meas_item','0','',NULL,NULL);
INSERT INTO SM_CHECK_DEF (TABLE_ID,CHECK_TYPE,CHECK_ORDER,CHECK_KIND,FIELD_NAME,REF_TABLE,REF_FIELD,EXPECT_VALUE,ERR_MSG) VALUES ('TBLID_BINSP_MEAS_ITEM','SAVE',6,'STAT_R',NULL,NULL,NULL,NULL,NULL);
INSERT INTO SM_CHECK_DEF (TABLE_ID,CHECK_TYPE,CHECK_ORDER,CHECK_KIND,FIELD_NAME,REF_TABLE,REF_FIELD,EXPECT_VALUE,ERR_MSG) VALUES ('TBLID_BINSP_MEAS_ITEM','RELEASE',1,'STAT_E',NULL,NULL,NULL,NULL,NULL);
INSERT INTO SM_CHECK_DEF (TABLE_ID,CHECK_TYPE,CHECK_ORDER,CHECK_KIND,FIELD_NAME,REF_TABLE,REF_FIELD,EXPECT_VALUE,ERR_MSG) VALUES ('TBLID_BINSP_MEAS_ITEM','RELEASE',2,'STRING','lock_user',NULL,NULL,'',NULL);
INSERT INTO SM_CHECK_DEF (TABLE_ID,CHECK_TYPE,CHECK_ORDER,CHECK_KIND,FIELD_NAME,REF_TABLE,REF_FIELD,EXPECT_VALUE,ERR_MSG) VALUES ('TBLID_BINSP_MEAS_ITEM','RELEASE',3,'NULLCHK','lock_time',NULL,NULL,NULL,NULL);
INSERT INTO SM_CHECK_DEF (TABLE_ID,CHECK_TYPE,CHECK_ORDER,CHECK_KIND,FIELD_NAME,REF_TABLE,REF_FIELD,EXPECT_VALUE,ERR_MSG) VALUES ('TBLID_BINSP_MEAS_ITEM','RELEASE',4,'KEY','meas_item','0','',NULL,NULL);
INSERT INTO SM_CHECK_DEF (TABLE_ID,CHECK_TYPE,CHECK_ORDER,CHECK_KIND,FIELD_NAME,REF_TABLE,REF_FIELD,EXPECT_VALUE,ERR_MSG) VALUES ('TBLID_BINSP_MEAS_ITEM','RELEASE',5,'STAT_R',NULL,NULL,NULL,NULL,NULL);
INSERT INTO SM_CHECK_DEF (TABLE_ID,CHECK_TYPE,CHECK_ORDER,CHECK_KIND,FIELD_NAME,REF_TABLE,REF_FIELD,EXPECT_VALUE,ERR_MSG) VALUES ('TBLID_BINSP_MEAS_ITEM','RELEASE',6,'RELEASE_PARAM','insp_used_id','D12',NULL,NULL,NULL);
INSERT INTO SM_CHECK_DEF (TABLE_ID,CHECK_TYPE,CHECK_ORDER,CHECK_KIND,FIELD_NAME,REF_TABLE,REF_FIELD,EXPECT_VALUE,ERR_MSG) VALUES ('TBLID_BINSP_MEAS_ITEM','RELEASE',7,'RELEASE_PARAM','meas_item','D10',NULL,NULL,NULL);
INSERT INTO SM_CHECK_DEF (TABLE_ID,CHECK_TYPE,CHECK_ORDER,CHECK_KIND,FIELD_NAME,REF_TABLE,REF_FIELD,EXPECT_VALUE,ERR_MSG) VALUES ('TBLID_BINSP_MEAS_ITEM','RELEASE',8,'RELEASE_WRITE','item_seq_no','D0',NULL,NULL,NULL);
INSERT INTO SM_CHECK_DEF (TABLE_ID,CHECK_TYPE,CHECK_ORDER,CHECK_KIND,FIELD_NAME,REF_TABLE,REF_FIELD,EXPECT_VALUE,ERR_MSG) VALUES ('TBLID_BINSP_MEAS_ITEM','RELEASE',9,'RELEASE_WRITE','meas_data_itemg','D0',NULL,NULL,NULL);
INSERT INTO SM_CHECK_DEF (TABLE_ID,CHECK_TYPE,CHECK_ORDER,CHECK_KIND,FIELD_NAME,REF_TABLE,REF_FIELD,EXPECT_VALUE,ERR_MSG) VALUES ('TBLID_BINSP_MEAS_ITEM','RELEASE',10,'RELEASE_WRITE','meas_pnt_cnt','D0',NULL,NULL,NULL);
INSERT INTO SM_CHECK_DEF (TABLE_ID,CHECK_TYPE,CHECK_ORDER,CHECK_KIND,FIELD_NAME,REF_TABLE,REF_FIELD,EXPECT_VALUE,ERR_MSG) VALUES ('TBLID_BINSP_MEAS_ITEM','RELEASE',11,'RELEASE_WRITE','std_chk_flg','D0',NULL,NULL,NULL);
INSERT INTO SM_CHECK_DEF (TABLE_ID,CHECK_TYPE,CHECK_ORDER,CHECK_KIND,FIELD_NAME,REF_TABLE,REF_FIELD,EXPECT_VALUE,ERR_MSG) VALUES ('TBLID_BINSP_MEAS_ITEM','RELEASE',12,'RELEASE_WRITE','inp_mode','D0',NULL,NULL,NULL);
INSERT INTO SM_CHECK_DEF (TABLE_ID,CHECK_TYPE,CHECK_ORDER,CHECK_KIND,FIELD_NAME,REF_TABLE,REF_FIELD,EXPECT_VALUE,ERR_MSG) VALUES ('TBLID_BINSP_MEAS_ITEM','RELEASE',13,'RELEASE_WRITE','calc_code','D0',NULL,NULL,NULL);
INSERT INTO SM_CHECK_DEF (TABLE_ID,CHECK_TYPE,CHECK_ORDER,CHECK_KIND,FIELD_NAME,REF_TABLE,REF_FIELD,EXPECT_VALUE,ERR_MSG) VALUES ('TBLID_BINSP_MEAS_ITEM','RELEASE',14,'RELEASE_WRITE','calc_parm1','D0',NULL,NULL,NULL);
INSERT INTO SM_CHECK_DEF (TABLE_ID,CHECK_TYPE,CHECK_ORDER,CHECK_KIND,FIELD_NAME,REF_TABLE,REF_FIELD,EXPECT_VALUE,ERR_MSG) VALUES ('TBLID_BINSP_MEAS_ITEM','RELEASE',15,'RELEASE_WRITE','calc_parm2','D0',NULL,NULL,NULL);
INSERT INTO SM_CHECK_DEF (TABLE_ID,CHECK_TYPE,CHECK_ORDER,CHECK_KIND,FIELD_NAME,REF_TABLE,REF_FIELD,EXPECT_VALUE,ERR_MSG) VALUES ('TBLID_BINSP_MEAS_ITEM','RELEASE',16,'RELEASE_WRITE','calc_parm3','D0',NULL,NULL,NULL);
INSERT INTO SM_CHECK_DEF (TABLE_ID,CHECK_TYPE,CHECK_ORDER,CHECK_KIND,FIELD_NAME,REF_TABLE,REF_FIELD,EXPECT_VALUE,ERR_MSG) VALUES ('TBLID_BINSP_MEAS_ITEM','RELEASE',17,'RELEASE_WRITE','calc_parm4','D0',NULL,NULL,NULL);
INSERT INTO SM_CHECK_DEF (TABLE_ID,CHECK_TYPE,CHECK_ORDER,CHECK_KIND,FIELD_NAME,REF_TABLE,REF_FIELD,EXPECT_VALUE,ERR_MSG) VALUES ('TBLID_BINSP_MEAS_ITEM','RELEASE',18,'RELEASE_WRITE','calc_parm5','D0',NULL,NULL,NULL);
INSERT INTO SM_CHECK_DEF (TABLE_ID,CHECK_TYPE,CHECK_ORDER,CHECK_KIND,FIELD_NAME,REF_TABLE,REF_FIELD,EXPECT_VALUE,ERR_MSG) VALUES ('TBLID_BINSP_MEAS_ITEM','RELEASE',19,'RELEASE_WRITE','calc_parm6','D0',NULL,NULL,NULL);
INSERT INTO SM_CHECK_DEF (TABLE_ID,CHECK_TYPE,CHECK_ORDER,CHECK_KIND,FIELD_NAME,REF_TABLE,REF_FIELD,EXPECT_VALUE,ERR_MSG) VALUES ('TBLID_BINSP_MEAS_ITEM','RELEASE',20,'RELEASE_WRITE','calc_parm7','D0',NULL,NULL,NULL);
INSERT INTO SM_CHECK_DEF (TABLE_ID,CHECK_TYPE,CHECK_ORDER,CHECK_KIND,FIELD_NAME,REF_TABLE,REF_FIELD,EXPECT_VALUE,ERR_MSG) VALUES ('TBLID_BINSP_MEAS_ITEM','RELEASE',21,'RELEASE_WRITE','calc_parm8','D0',NULL,NULL,NULL);
INSERT INTO SM_CHECK_DEF (TABLE_ID,CHECK_TYPE,CHECK_ORDER,CHECK_KIND,FIELD_NAME,REF_TABLE,REF_FIELD,EXPECT_VALUE,ERR_MSG) VALUES ('TBLID_BINSP_MEAS_ITEM','RELEASE',22,'RELEASE_WRITE','calc_parm9','D0',NULL,NULL,NULL);
INSERT INTO SM_CHECK_DEF (TABLE_ID,CHECK_TYPE,CHECK_ORDER,CHECK_KIND,FIELD_NAME,REF_TABLE,REF_FIELD,EXPECT_VALUE,ERR_MSG) VALUES ('TBLID_BINSP_MEAS_ITEM','RELEASE',23,'RELEASE_WRITE','calc_parm10','D0',NULL,NULL,NULL);
INSERT INTO SM_CHECK_DEF (TABLE_ID,CHECK_TYPE,CHECK_ORDER,CHECK_KIND,FIELD_NAME,REF_TABLE,REF_FIELD,EXPECT_VALUE,ERR_MSG) VALUES ('TBLID_BINSP_MEAS_ITEM','DELETE',1,'STAT_R',NULL,NULL,NULL,NULL,NULL);
INSERT INTO SM_CHECK_DEF (TABLE_ID,CHECK_TYPE,CHECK_ORDER,CHECK_KIND,FIELD_NAME,REF_TABLE,REF_FIELD,EXPECT_VALUE,ERR_MSG) VALUES ('TBLID_BINSP_MEAS_ITEM','DELETE',2,'STRING','lock_user',NULL,NULL,'',NULL);
INSERT INTO SM_CHECK_DEF (TABLE_ID,CHECK_TYPE,CHECK_ORDER,CHECK_KIND,FIELD_NAME,REF_TABLE,REF_FIELD,EXPECT_VALUE,ERR_MSG) VALUES ('TBLID_BINSP_MEAS_ITEM','DELETE',3,'NULLCHK','lock_time',NULL,NULL,NULL,NULL);
INSERT INTO SM_CHECK_DEF (TABLE_ID,CHECK_TYPE,CHECK_ORDER,CHECK_KIND,FIELD_NAME,REF_TABLE,REF_FIELD,EXPECT_VALUE,ERR_MSG) VALUES ('TBLID_BINSP_MEAS_ITEM','EDITCOMP',1,'STAT_E',NULL,NULL,NULL,NULL,NULL);
INSERT INTO SM_CHECK_DEF (TABLE_ID,CHECK_TYPE,CHECK_ORDER,CHECK_KIND,FIELD_NAME,REF_TABLE,REF_FIELD,EXPECT_VALUE,ERR_MSG) VALUES ('TBLID_BINSP_MEAS_ITEM','EDITCOMP',2,'COMP_N',NULL,NULL,NULL,NULL,'记录已编辑完成');

-- BLABEL_PRINTER
INSERT INTO SM_TABLE_DEF (TABLE_ID, TABLE_NAME, JP_TITLE, US_TITLE, RELEASE_FLAG, DISTRIBUTE_FLAG, PERMISSION_TYPE, SCHEMA_TYPE, HAS_DUMMY, SORT_NO)
VALUES ('TBLID_BLABEL_PRINTER', 'BLABEL_PRINTER', 'BLABEL_PRINTER', 'BLABEL_PRINTER', 'Y', 'N', 'C', 'L', 'Y', 330);
INSERT INTO SM_FIELD_DEF (TABLE_ID,FIELD_NAME,JP_TITLE,US_TITLE,DB_TYPE,DB_LENGTH,IS_KEY,NOT_BLANK,IS_DUMMY,IS_SEARCH_ITEM,SORT_NO,TREE_LEVEL,SHEET_NO,PAGE_NO,PROPERTY_NO,IS_AUTO,IS_MANDATORY,SYSTEM_READONLY,FIELD_TYPE,FIELD_LENGTH,INPUT_ALPHABET,INPUT_MULTIBYTE,INPUT_NUMERIC,INPUT_SYMBOL,INPUT_UPPERCASE,RETRIEVAL_TABLE,FORMAT,DEFAULT_VALUE,MIN_VALUE,MAX_VALUE,CALENDAR_BUTTON,JUMP_BUTTON,OPEN_BUTTON,REF_TABLE_ID,REF_FIELD_NAME,SPECIAL_BUTTON) VALUES ('TBLID_BLABEL_PRINTER','OUT_ADRESS','OUT_ADRESS','OUT_ADRESS','STRING',30,'N','Y','N','Y',-1,-1,0,0,0,'N','N','N','STRING',0,'Y',0,'Y','Y','Y','NONE',NULL,NULL,NULL,NULL,'N','N',0,NULL,NULL,0);
INSERT INTO SM_FIELD_DEF (TABLE_ID,FIELD_NAME,JP_TITLE,US_TITLE,DB_TYPE,DB_LENGTH,IS_KEY,NOT_BLANK,IS_DUMMY,IS_SEARCH_ITEM,SORT_NO,TREE_LEVEL,SHEET_NO,PAGE_NO,PROPERTY_NO,IS_AUTO,IS_MANDATORY,SYSTEM_READONLY,FIELD_TYPE,FIELD_LENGTH,INPUT_ALPHABET,INPUT_MULTIBYTE,INPUT_NUMERIC,INPUT_SYMBOL,INPUT_UPPERCASE,RETRIEVAL_TABLE,FORMAT,DEFAULT_VALUE,MIN_VALUE,MAX_VALUE,CALENDAR_BUTTON,JUMP_BUTTON,OPEN_BUTTON,REF_TABLE_ID,REF_FIELD_NAME,SPECIAL_BUTTON) VALUES ('TBLID_BLABEL_PRINTER','FAB_ID','FAB_ID','FAB_ID','STRING',10,'N','Y','N','Y',-1,-1,0,0,0,'N','N','N','STRING',0,'Y',0,'Y','Y','Y','NONE',NULL,NULL,NULL,NULL,'N','N',0,NULL,NULL,0);
INSERT INTO SM_FIELD_DEF (TABLE_ID,FIELD_NAME,JP_TITLE,US_TITLE,DB_TYPE,DB_LENGTH,IS_KEY,NOT_BLANK,IS_DUMMY,IS_SEARCH_ITEM,SORT_NO,TREE_LEVEL,SHEET_NO,PAGE_NO,PROPERTY_NO,IS_AUTO,IS_MANDATORY,SYSTEM_READONLY,FIELD_TYPE,FIELD_LENGTH,INPUT_ALPHABET,INPUT_MULTIBYTE,INPUT_NUMERIC,INPUT_SYMBOL,INPUT_UPPERCASE,RETRIEVAL_TABLE,FORMAT,DEFAULT_VALUE,MIN_VALUE,MAX_VALUE,CALENDAR_BUTTON,JUMP_BUTTON,OPEN_BUTTON,REF_TABLE_ID,REF_FIELD_NAME,SPECIAL_BUTTON) VALUES ('TBLID_BLABEL_PRINTER','LABEL_TYPE','LABEL_TYPE','LABEL_TYPE','STRING',30,'N','Y','N','Y',-1,-1,0,0,0,'N','N','N','STRING',0,'Y',0,'Y','Y','Y','NONE',NULL,NULL,NULL,NULL,'N','N',0,NULL,NULL,0);
INSERT INTO SM_CHECK_DEF (TABLE_ID,CHECK_TYPE,CHECK_ORDER,CHECK_KIND,FIELD_NAME,REF_TABLE,REF_FIELD,EXPECT_VALUE,ERR_MSG) VALUES ('TBLID_BLABEL_PRINTER','SAVE',1,'STAT_E',NULL,NULL,NULL,NULL,NULL);
INSERT INTO SM_CHECK_DEF (TABLE_ID,CHECK_TYPE,CHECK_ORDER,CHECK_KIND,FIELD_NAME,REF_TABLE,REF_FIELD,EXPECT_VALUE,ERR_MSG) VALUES ('TBLID_BLABEL_PRINTER','SAVE',2,'STRING','lock_user',NULL,NULL,'',NULL);
INSERT INTO SM_CHECK_DEF (TABLE_ID,CHECK_TYPE,CHECK_ORDER,CHECK_KIND,FIELD_NAME,REF_TABLE,REF_FIELD,EXPECT_VALUE,ERR_MSG) VALUES ('TBLID_BLABEL_PRINTER','SAVE',3,'NULLCHK','lock_time',NULL,NULL,NULL,NULL);
INSERT INTO SM_CHECK_DEF (TABLE_ID,CHECK_TYPE,CHECK_ORDER,CHECK_KIND,FIELD_NAME,REF_TABLE,REF_FIELD,EXPECT_VALUE,ERR_MSG) VALUES ('TBLID_BLABEL_PRINTER','RELEASE',1,'STAT_E',NULL,NULL,NULL,NULL,NULL);
INSERT INTO SM_CHECK_DEF (TABLE_ID,CHECK_TYPE,CHECK_ORDER,CHECK_KIND,FIELD_NAME,REF_TABLE,REF_FIELD,EXPECT_VALUE,ERR_MSG) VALUES ('TBLID_BLABEL_PRINTER','RELEASE',2,'STRING','lock_user',NULL,NULL,'',NULL);
INSERT INTO SM_CHECK_DEF (TABLE_ID,CHECK_TYPE,CHECK_ORDER,CHECK_KIND,FIELD_NAME,REF_TABLE,REF_FIELD,EXPECT_VALUE,ERR_MSG) VALUES ('TBLID_BLABEL_PRINTER','RELEASE',3,'NULLCHK','lock_time',NULL,NULL,NULL,NULL);
INSERT INTO SM_CHECK_DEF (TABLE_ID,CHECK_TYPE,CHECK_ORDER,CHECK_KIND,FIELD_NAME,REF_TABLE,REF_FIELD,EXPECT_VALUE,ERR_MSG) VALUES ('TBLID_BLABEL_PRINTER','RELEASE',4,'RELEASE_PARAM','out_adress','D30',NULL,NULL,NULL);
INSERT INTO SM_CHECK_DEF (TABLE_ID,CHECK_TYPE,CHECK_ORDER,CHECK_KIND,FIELD_NAME,REF_TABLE,REF_FIELD,EXPECT_VALUE,ERR_MSG) VALUES ('TBLID_BLABEL_PRINTER','RELEASE',5,'RELEASE_PARAM','fab_id','D10',NULL,NULL,NULL);
INSERT INTO SM_CHECK_DEF (TABLE_ID,CHECK_TYPE,CHECK_ORDER,CHECK_KIND,FIELD_NAME,REF_TABLE,REF_FIELD,EXPECT_VALUE,ERR_MSG) VALUES ('TBLID_BLABEL_PRINTER','RELEASE',6,'RELEASE_PARAM','label_type','D30',NULL,NULL,NULL);
INSERT INTO SM_CHECK_DEF (TABLE_ID,CHECK_TYPE,CHECK_ORDER,CHECK_KIND,FIELD_NAME,REF_TABLE,REF_FIELD,EXPECT_VALUE,ERR_MSG) VALUES ('TBLID_BLABEL_PRINTER','DELETE',1,'STAT_R',NULL,NULL,NULL,NULL,NULL);
INSERT INTO SM_CHECK_DEF (TABLE_ID,CHECK_TYPE,CHECK_ORDER,CHECK_KIND,FIELD_NAME,REF_TABLE,REF_FIELD,EXPECT_VALUE,ERR_MSG) VALUES ('TBLID_BLABEL_PRINTER','DELETE',2,'STRING','lock_user',NULL,NULL,'',NULL);
INSERT INTO SM_CHECK_DEF (TABLE_ID,CHECK_TYPE,CHECK_ORDER,CHECK_KIND,FIELD_NAME,REF_TABLE,REF_FIELD,EXPECT_VALUE,ERR_MSG) VALUES ('TBLID_BLABEL_PRINTER','DELETE',3,'NULLCHK','lock_time',NULL,NULL,NULL,NULL);
INSERT INTO SM_CHECK_DEF (TABLE_ID,CHECK_TYPE,CHECK_ORDER,CHECK_KIND,FIELD_NAME,REF_TABLE,REF_FIELD,EXPECT_VALUE,ERR_MSG) VALUES ('TBLID_BLABEL_PRINTER','EDITCOMP',1,'STAT_E',NULL,NULL,NULL,NULL,NULL);
INSERT INTO SM_CHECK_DEF (TABLE_ID,CHECK_TYPE,CHECK_ORDER,CHECK_KIND,FIELD_NAME,REF_TABLE,REF_FIELD,EXPECT_VALUE,ERR_MSG) VALUES ('TBLID_BLABEL_PRINTER','EDITCOMP',2,'COMP_N',NULL,NULL,NULL,NULL,'记录已编辑完成');

-- BLMG
INSERT INTO SM_TABLE_DEF (TABLE_ID, TABLE_NAME, JP_TITLE, US_TITLE, RELEASE_FLAG, DISTRIBUTE_FLAG, PERMISSION_TYPE, SCHEMA_TYPE, HAS_DUMMY, SORT_NO)
VALUES ('TBLID_BLMG', 'BLMG', 'BLMG', 'BLMG', 'Y', 'N', 'C', 'L', 'Y', 340);
INSERT INTO SM_FIELD_DEF (TABLE_ID,FIELD_NAME,JP_TITLE,US_TITLE,DB_TYPE,DB_LENGTH,IS_KEY,NOT_BLANK,IS_DUMMY,IS_SEARCH_ITEM,SORT_NO,TREE_LEVEL,SHEET_NO,PAGE_NO,PROPERTY_NO,IS_AUTO,IS_MANDATORY,SYSTEM_READONLY,FIELD_TYPE,FIELD_LENGTH,INPUT_ALPHABET,INPUT_MULTIBYTE,INPUT_NUMERIC,INPUT_SYMBOL,INPUT_UPPERCASE,RETRIEVAL_TABLE,FORMAT,DEFAULT_VALUE,MIN_VALUE,MAX_VALUE,CALENDAR_BUTTON,JUMP_BUTTON,OPEN_BUTTON,REF_TABLE_ID,REF_FIELD_NAME,SPECIAL_BUTTON) VALUES ('TBLID_BLMG','LMG_ID','LMG_ID','LMG_ID','STRING',10,'N','Y','N','Y',-1,-1,0,0,0,'N','N','N','STRING',0,'Y',0,'Y','Y','Y','NONE',NULL,NULL,NULL,NULL,'N','N',0,NULL,NULL,0);
INSERT INTO SM_FIELD_DEF (TABLE_ID,FIELD_NAME,JP_TITLE,US_TITLE,DB_TYPE,DB_LENGTH,IS_KEY,NOT_BLANK,IS_DUMMY,IS_SEARCH_ITEM,SORT_NO,TREE_LEVEL,SHEET_NO,PAGE_NO,PROPERTY_NO,IS_AUTO,IS_MANDATORY,SYSTEM_READONLY,FIELD_TYPE,FIELD_LENGTH,INPUT_ALPHABET,INPUT_MULTIBYTE,INPUT_NUMERIC,INPUT_SYMBOL,INPUT_UPPERCASE,RETRIEVAL_TABLE,FORMAT,DEFAULT_VALUE,MIN_VALUE,MAX_VALUE,CALENDAR_BUTTON,JUMP_BUTTON,OPEN_BUTTON,REF_TABLE_ID,REF_FIELD_NAME,SPECIAL_BUTTON) VALUES ('TBLID_BLMG','LMG_NAME','LMG_NAME','LMG_NAME','STRING',40,'N','Y','N','Y',-1,-1,0,0,0,'N','N','N','STRING',0,'Y',0,'Y','Y','Y','NONE',NULL,NULL,NULL,NULL,'N','N',0,NULL,NULL,0);
INSERT INTO SM_FIELD_DEF (TABLE_ID,FIELD_NAME,JP_TITLE,US_TITLE,DB_TYPE,DB_LENGTH,IS_KEY,NOT_BLANK,IS_DUMMY,IS_SEARCH_ITEM,SORT_NO,TREE_LEVEL,SHEET_NO,PAGE_NO,PROPERTY_NO,IS_AUTO,IS_MANDATORY,SYSTEM_READONLY,FIELD_TYPE,FIELD_LENGTH,INPUT_ALPHABET,INPUT_MULTIBYTE,INPUT_NUMERIC,INPUT_SYMBOL,INPUT_UPPERCASE,RETRIEVAL_TABLE,FORMAT,DEFAULT_VALUE,MIN_VALUE,MAX_VALUE,CALENDAR_BUTTON,JUMP_BUTTON,OPEN_BUTTON,REF_TABLE_ID,REF_FIELD_NAME,SPECIAL_BUTTON) VALUES ('TBLID_BLMG','MONTH_CLEAR_FLAG','MONTH_CLEAR_FLAG','MONTH_CLEAR_FLAG','STRING',1,'N','Y','N','Y',-1,-1,0,0,0,'N','N','N','STRING',0,'Y',0,'Y','Y','Y','NONE',NULL,NULL,NULL,NULL,'N','N',0,NULL,NULL,0);
INSERT INTO SM_CHECK_DEF (TABLE_ID,CHECK_TYPE,CHECK_ORDER,CHECK_KIND,FIELD_NAME,REF_TABLE,REF_FIELD,EXPECT_VALUE,ERR_MSG) VALUES ('TBLID_BLMG','SAVE',1,'STAT_E',NULL,NULL,NULL,NULL,NULL);
INSERT INTO SM_CHECK_DEF (TABLE_ID,CHECK_TYPE,CHECK_ORDER,CHECK_KIND,FIELD_NAME,REF_TABLE,REF_FIELD,EXPECT_VALUE,ERR_MSG) VALUES ('TBLID_BLMG','SAVE',2,'STRING','lock_user',NULL,NULL,'',NULL);
INSERT INTO SM_CHECK_DEF (TABLE_ID,CHECK_TYPE,CHECK_ORDER,CHECK_KIND,FIELD_NAME,REF_TABLE,REF_FIELD,EXPECT_VALUE,ERR_MSG) VALUES ('TBLID_BLMG','SAVE',3,'NULLCHK','lock_time',NULL,NULL,NULL,NULL);
INSERT INTO SM_CHECK_DEF (TABLE_ID,CHECK_TYPE,CHECK_ORDER,CHECK_KIND,FIELD_NAME,REF_TABLE,REF_FIELD,EXPECT_VALUE,ERR_MSG) VALUES ('TBLID_BLMG','RELEASE',1,'STAT_E',NULL,NULL,NULL,NULL,NULL);
INSERT INTO SM_CHECK_DEF (TABLE_ID,CHECK_TYPE,CHECK_ORDER,CHECK_KIND,FIELD_NAME,REF_TABLE,REF_FIELD,EXPECT_VALUE,ERR_MSG) VALUES ('TBLID_BLMG','RELEASE',2,'STRING','lock_user',NULL,NULL,'',NULL);
INSERT INTO SM_CHECK_DEF (TABLE_ID,CHECK_TYPE,CHECK_ORDER,CHECK_KIND,FIELD_NAME,REF_TABLE,REF_FIELD,EXPECT_VALUE,ERR_MSG) VALUES ('TBLID_BLMG','RELEASE',3,'NULLCHK','lock_time',NULL,NULL,NULL,NULL);
INSERT INTO SM_CHECK_DEF (TABLE_ID,CHECK_TYPE,CHECK_ORDER,CHECK_KIND,FIELD_NAME,REF_TABLE,REF_FIELD,EXPECT_VALUE,ERR_MSG) VALUES ('TBLID_BLMG','RELEASE',4,'RELEASE_PARAM','lmg_id','D10',NULL,NULL,NULL);
INSERT INTO SM_CHECK_DEF (TABLE_ID,CHECK_TYPE,CHECK_ORDER,CHECK_KIND,FIELD_NAME,REF_TABLE,REF_FIELD,EXPECT_VALUE,ERR_MSG) VALUES ('TBLID_BLMG','RELEASE',5,'RELEASE_WRITE','lmg_name','D0',NULL,NULL,NULL);
INSERT INTO SM_CHECK_DEF (TABLE_ID,CHECK_TYPE,CHECK_ORDER,CHECK_KIND,FIELD_NAME,REF_TABLE,REF_FIELD,EXPECT_VALUE,ERR_MSG) VALUES ('TBLID_BLMG','RELEASE',6,'RELEASE_WRITE','month_clear_flag','D0',NULL,NULL,NULL);
INSERT INTO SM_CHECK_DEF (TABLE_ID,CHECK_TYPE,CHECK_ORDER,CHECK_KIND,FIELD_NAME,REF_TABLE,REF_FIELD,EXPECT_VALUE,ERR_MSG) VALUES ('TBLID_BLMG','DELETE',1,'STAT_R',NULL,NULL,NULL,NULL,NULL);
INSERT INTO SM_CHECK_DEF (TABLE_ID,CHECK_TYPE,CHECK_ORDER,CHECK_KIND,FIELD_NAME,REF_TABLE,REF_FIELD,EXPECT_VALUE,ERR_MSG) VALUES ('TBLID_BLMG','DELETE',2,'STRING','lock_user',NULL,NULL,'',NULL);
INSERT INTO SM_CHECK_DEF (TABLE_ID,CHECK_TYPE,CHECK_ORDER,CHECK_KIND,FIELD_NAME,REF_TABLE,REF_FIELD,EXPECT_VALUE,ERR_MSG) VALUES ('TBLID_BLMG','DELETE',3,'NULLCHK','lock_time',NULL,NULL,NULL,NULL);
INSERT INTO SM_CHECK_DEF (TABLE_ID,CHECK_TYPE,CHECK_ORDER,CHECK_KIND,FIELD_NAME,REF_TABLE,REF_FIELD,EXPECT_VALUE,ERR_MSG) VALUES ('TBLID_BLMG','EDITCOMP',1,'STAT_E',NULL,NULL,NULL,NULL,NULL);
INSERT INTO SM_CHECK_DEF (TABLE_ID,CHECK_TYPE,CHECK_ORDER,CHECK_KIND,FIELD_NAME,REF_TABLE,REF_FIELD,EXPECT_VALUE,ERR_MSG) VALUES ('TBLID_BLMG','EDITCOMP',2,'COMP_N',NULL,NULL,NULL,NULL,'记录已编辑完成');

-- BLM_PTN
INSERT INTO SM_TABLE_DEF (TABLE_ID, TABLE_NAME, JP_TITLE, US_TITLE, RELEASE_FLAG, DISTRIBUTE_FLAG, PERMISSION_TYPE, SCHEMA_TYPE, HAS_DUMMY, SORT_NO)
VALUES ('TBLID_BLM_PTN', 'BLM_PTN', 'BLM_PTN', 'BLM_PTN', 'Y', 'N', 'C', 'L', 'N', 350);
INSERT INTO SM_FIELD_DEF (TABLE_ID,FIELD_NAME,JP_TITLE,US_TITLE,DB_TYPE,DB_LENGTH,IS_KEY,NOT_BLANK,IS_DUMMY,IS_SEARCH_ITEM,SORT_NO,TREE_LEVEL,SHEET_NO,PAGE_NO,PROPERTY_NO,IS_AUTO,IS_MANDATORY,SYSTEM_READONLY,FIELD_TYPE,FIELD_LENGTH,INPUT_ALPHABET,INPUT_MULTIBYTE,INPUT_NUMERIC,INPUT_SYMBOL,INPUT_UPPERCASE,RETRIEVAL_TABLE,FORMAT,DEFAULT_VALUE,MIN_VALUE,MAX_VALUE,CALENDAR_BUTTON,JUMP_BUTTON,OPEN_BUTTON,REF_TABLE_ID,REF_FIELD_NAME,SPECIAL_BUTTON) VALUES ('TBLID_BLM_PTN','LMG_ID','LMG_ID','LMG_ID','STRING',10,'N','Y','N','Y',-1,-1,0,0,0,'N','N','N','STRING',0,'Y',0,'Y','Y','Y','NONE',NULL,NULL,NULL,NULL,'N','N',0,NULL,NULL,0);
INSERT INTO SM_FIELD_DEF (TABLE_ID,FIELD_NAME,JP_TITLE,US_TITLE,DB_TYPE,DB_LENGTH,IS_KEY,NOT_BLANK,IS_DUMMY,IS_SEARCH_ITEM,SORT_NO,TREE_LEVEL,SHEET_NO,PAGE_NO,PROPERTY_NO,IS_AUTO,IS_MANDATORY,SYSTEM_READONLY,FIELD_TYPE,FIELD_LENGTH,INPUT_ALPHABET,INPUT_MULTIBYTE,INPUT_NUMERIC,INPUT_SYMBOL,INPUT_UPPERCASE,RETRIEVAL_TABLE,FORMAT,DEFAULT_VALUE,MIN_VALUE,MAX_VALUE,CALENDAR_BUTTON,JUMP_BUTTON,OPEN_BUTTON,REF_TABLE_ID,REF_FIELD_NAME,SPECIAL_BUTTON) VALUES ('TBLID_BLM_PTN','SEQ_NO','SEQ_NO','SEQ_NO','STRING',0,'N','Y','N','Y',-1,-1,0,0,0,'N','N','N','STRING',0,'Y',0,'Y','Y','Y','NONE',NULL,NULL,NULL,NULL,'N','N',0,NULL,NULL,0);
INSERT INTO SM_FIELD_DEF (TABLE_ID,FIELD_NAME,JP_TITLE,US_TITLE,DB_TYPE,DB_LENGTH,IS_KEY,NOT_BLANK,IS_DUMMY,IS_SEARCH_ITEM,SORT_NO,TREE_LEVEL,SHEET_NO,PAGE_NO,PROPERTY_NO,IS_AUTO,IS_MANDATORY,SYSTEM_READONLY,FIELD_TYPE,FIELD_LENGTH,INPUT_ALPHABET,INPUT_MULTIBYTE,INPUT_NUMERIC,INPUT_SYMBOL,INPUT_UPPERCASE,RETRIEVAL_TABLE,FORMAT,DEFAULT_VALUE,MIN_VALUE,MAX_VALUE,CALENDAR_BUTTON,JUMP_BUTTON,OPEN_BUTTON,REF_TABLE_ID,REF_FIELD_NAME,SPECIAL_BUTTON) VALUES ('TBLID_BLM_PTN','NUM_PTN','NUM_PTN','NUM_PTN','STRING',2,'N','Y','N','Y',-1,-1,0,0,0,'N','N','N','STRING',0,'Y',0,'Y','Y','Y','NONE',NULL,NULL,NULL,NULL,'N','N',0,NULL,NULL,0);
INSERT INTO SM_FIELD_DEF (TABLE_ID,FIELD_NAME,JP_TITLE,US_TITLE,DB_TYPE,DB_LENGTH,IS_KEY,NOT_BLANK,IS_DUMMY,IS_SEARCH_ITEM,SORT_NO,TREE_LEVEL,SHEET_NO,PAGE_NO,PROPERTY_NO,IS_AUTO,IS_MANDATORY,SYSTEM_READONLY,FIELD_TYPE,FIELD_LENGTH,INPUT_ALPHABET,INPUT_MULTIBYTE,INPUT_NUMERIC,INPUT_SYMBOL,INPUT_UPPERCASE,RETRIEVAL_TABLE,FORMAT,DEFAULT_VALUE,MIN_VALUE,MAX_VALUE,CALENDAR_BUTTON,JUMP_BUTTON,OPEN_BUTTON,REF_TABLE_ID,REF_FIELD_NAME,SPECIAL_BUTTON) VALUES ('TBLID_BLM_PTN','USER_STR','USER_STR','USER_STR','STRING',10,'N','Y','N','Y',-1,-1,0,0,0,'N','N','N','STRING',0,'Y',0,'Y','Y','Y','NONE',NULL,NULL,NULL,NULL,'N','N',0,NULL,NULL,0);
INSERT INTO SM_CHECK_DEF (TABLE_ID,CHECK_TYPE,CHECK_ORDER,CHECK_KIND,FIELD_NAME,REF_TABLE,REF_FIELD,EXPECT_VALUE,ERR_MSG) VALUES ('TBLID_BLM_PTN','SAVE',1,'STAT_E',NULL,NULL,NULL,NULL,NULL);
INSERT INTO SM_CHECK_DEF (TABLE_ID,CHECK_TYPE,CHECK_ORDER,CHECK_KIND,FIELD_NAME,REF_TABLE,REF_FIELD,EXPECT_VALUE,ERR_MSG) VALUES ('TBLID_BLM_PTN','SAVE',2,'STRING','lock_user',NULL,NULL,'',NULL);
INSERT INTO SM_CHECK_DEF (TABLE_ID,CHECK_TYPE,CHECK_ORDER,CHECK_KIND,FIELD_NAME,REF_TABLE,REF_FIELD,EXPECT_VALUE,ERR_MSG) VALUES ('TBLID_BLM_PTN','SAVE',3,'NULLCHK','lock_time',NULL,NULL,NULL,NULL);
INSERT INTO SM_CHECK_DEF (TABLE_ID,CHECK_TYPE,CHECK_ORDER,CHECK_KIND,FIELD_NAME,REF_TABLE,REF_FIELD,EXPECT_VALUE,ERR_MSG) VALUES ('TBLID_BLM_PTN','RELEASE',1,'STAT_E',NULL,NULL,NULL,NULL,NULL);
INSERT INTO SM_CHECK_DEF (TABLE_ID,CHECK_TYPE,CHECK_ORDER,CHECK_KIND,FIELD_NAME,REF_TABLE,REF_FIELD,EXPECT_VALUE,ERR_MSG) VALUES ('TBLID_BLM_PTN','RELEASE',2,'STRING','lock_user',NULL,NULL,'',NULL);
INSERT INTO SM_CHECK_DEF (TABLE_ID,CHECK_TYPE,CHECK_ORDER,CHECK_KIND,FIELD_NAME,REF_TABLE,REF_FIELD,EXPECT_VALUE,ERR_MSG) VALUES ('TBLID_BLM_PTN','RELEASE',3,'NULLCHK','lock_time',NULL,NULL,NULL,NULL);
INSERT INTO SM_CHECK_DEF (TABLE_ID,CHECK_TYPE,CHECK_ORDER,CHECK_KIND,FIELD_NAME,REF_TABLE,REF_FIELD,EXPECT_VALUE,ERR_MSG) VALUES ('TBLID_BLM_PTN','RELEASE',4,'RELEASE_PARAM','lmg_id','D10',NULL,NULL,NULL);
INSERT INTO SM_CHECK_DEF (TABLE_ID,CHECK_TYPE,CHECK_ORDER,CHECK_KIND,FIELD_NAME,REF_TABLE,REF_FIELD,EXPECT_VALUE,ERR_MSG) VALUES ('TBLID_BLM_PTN','RELEASE',5,'RELEASE_PARAM','seq_no','D3',NULL,NULL,NULL);
INSERT INTO SM_CHECK_DEF (TABLE_ID,CHECK_TYPE,CHECK_ORDER,CHECK_KIND,FIELD_NAME,REF_TABLE,REF_FIELD,EXPECT_VALUE,ERR_MSG) VALUES ('TBLID_BLM_PTN','RELEASE',6,'RELEASE_WRITE','num_ptn','D0',NULL,NULL,NULL);
INSERT INTO SM_CHECK_DEF (TABLE_ID,CHECK_TYPE,CHECK_ORDER,CHECK_KIND,FIELD_NAME,REF_TABLE,REF_FIELD,EXPECT_VALUE,ERR_MSG) VALUES ('TBLID_BLM_PTN','RELEASE',7,'RELEASE_WRITE','user_str','D0',NULL,NULL,NULL);
INSERT INTO SM_CHECK_DEF (TABLE_ID,CHECK_TYPE,CHECK_ORDER,CHECK_KIND,FIELD_NAME,REF_TABLE,REF_FIELD,EXPECT_VALUE,ERR_MSG) VALUES ('TBLID_BLM_PTN','DELETE',1,'STAT_R',NULL,NULL,NULL,NULL,NULL);
INSERT INTO SM_CHECK_DEF (TABLE_ID,CHECK_TYPE,CHECK_ORDER,CHECK_KIND,FIELD_NAME,REF_TABLE,REF_FIELD,EXPECT_VALUE,ERR_MSG) VALUES ('TBLID_BLM_PTN','DELETE',2,'STRING','lock_user',NULL,NULL,'',NULL);
INSERT INTO SM_CHECK_DEF (TABLE_ID,CHECK_TYPE,CHECK_ORDER,CHECK_KIND,FIELD_NAME,REF_TABLE,REF_FIELD,EXPECT_VALUE,ERR_MSG) VALUES ('TBLID_BLM_PTN','DELETE',3,'NULLCHK','lock_time',NULL,NULL,NULL,NULL);
INSERT INTO SM_CHECK_DEF (TABLE_ID,CHECK_TYPE,CHECK_ORDER,CHECK_KIND,FIELD_NAME,REF_TABLE,REF_FIELD,EXPECT_VALUE,ERR_MSG) VALUES ('TBLID_BLM_PTN','EDITCOMP',1,'STAT_E',NULL,NULL,NULL,NULL,NULL);
INSERT INTO SM_CHECK_DEF (TABLE_ID,CHECK_TYPE,CHECK_ORDER,CHECK_KIND,FIELD_NAME,REF_TABLE,REF_FIELD,EXPECT_VALUE,ERR_MSG) VALUES ('TBLID_BLM_PTN','EDITCOMP',2,'COMP_N',NULL,NULL,NULL,NULL,'记录已编辑完成');

-- BMAC_NUM_CONV
INSERT INTO SM_TABLE_DEF (TABLE_ID, TABLE_NAME, JP_TITLE, US_TITLE, RELEASE_FLAG, DISTRIBUTE_FLAG, PERMISSION_TYPE, SCHEMA_TYPE, HAS_DUMMY, SORT_NO)
VALUES ('TBLID_BMAC_NUM_CONV', 'BMAC_NUM_CONV', 'BMAC_NUM_CONV', 'BMAC_NUM_CONV', 'Y', 'N', 'C', 'L', 'N', 360);
INSERT INTO SM_FIELD_DEF (TABLE_ID,FIELD_NAME,JP_TITLE,US_TITLE,DB_TYPE,DB_LENGTH,IS_KEY,NOT_BLANK,IS_DUMMY,IS_SEARCH_ITEM,SORT_NO,TREE_LEVEL,SHEET_NO,PAGE_NO,PROPERTY_NO,IS_AUTO,IS_MANDATORY,SYSTEM_READONLY,FIELD_TYPE,FIELD_LENGTH,INPUT_ALPHABET,INPUT_MULTIBYTE,INPUT_NUMERIC,INPUT_SYMBOL,INPUT_UPPERCASE,RETRIEVAL_TABLE,FORMAT,DEFAULT_VALUE,MIN_VALUE,MAX_VALUE,CALENDAR_BUTTON,JUMP_BUTTON,OPEN_BUTTON,REF_TABLE_ID,REF_FIELD_NAME,SPECIAL_BUTTON) VALUES ('TBLID_BMAC_NUM_CONV','CZ_MAC_NO','CZ_MAC_NO','CZ_MAC_NO','STRING',3,'N','Y','N','Y',-1,-1,0,0,0,'N','N','N','STRING',0,'Y',0,'Y','Y','Y','NONE',NULL,NULL,NULL,NULL,'N','N',0,NULL,NULL,0);
INSERT INTO SM_FIELD_DEF (TABLE_ID,FIELD_NAME,JP_TITLE,US_TITLE,DB_TYPE,DB_LENGTH,IS_KEY,NOT_BLANK,IS_DUMMY,IS_SEARCH_ITEM,SORT_NO,TREE_LEVEL,SHEET_NO,PAGE_NO,PROPERTY_NO,IS_AUTO,IS_MANDATORY,SYSTEM_READONLY,FIELD_TYPE,FIELD_LENGTH,INPUT_ALPHABET,INPUT_MULTIBYTE,INPUT_NUMERIC,INPUT_SYMBOL,INPUT_UPPERCASE,RETRIEVAL_TABLE,FORMAT,DEFAULT_VALUE,MIN_VALUE,MAX_VALUE,CALENDAR_BUTTON,JUMP_BUTTON,OPEN_BUTTON,REF_TABLE_ID,REF_FIELD_NAME,SPECIAL_BUTTON) VALUES ('TBLID_BMAC_NUM_CONV','LM_MAC_NO','LM_MAC_NO','LM_MAC_NO','STRING',2,'N','Y','N','Y',-1,-1,0,0,0,'N','N','N','STRING',0,'Y',0,'Y','Y','Y','NONE',NULL,NULL,NULL,NULL,'N','N',0,NULL,NULL,0);
INSERT INTO SM_CHECK_DEF (TABLE_ID,CHECK_TYPE,CHECK_ORDER,CHECK_KIND,FIELD_NAME,REF_TABLE,REF_FIELD,EXPECT_VALUE,ERR_MSG) VALUES ('TBLID_BMAC_NUM_CONV','SAVE',1,'STAT_E',NULL,NULL,NULL,NULL,NULL);
INSERT INTO SM_CHECK_DEF (TABLE_ID,CHECK_TYPE,CHECK_ORDER,CHECK_KIND,FIELD_NAME,REF_TABLE,REF_FIELD,EXPECT_VALUE,ERR_MSG) VALUES ('TBLID_BMAC_NUM_CONV','SAVE',2,'STRING','lock_user',NULL,NULL,'',NULL);
INSERT INTO SM_CHECK_DEF (TABLE_ID,CHECK_TYPE,CHECK_ORDER,CHECK_KIND,FIELD_NAME,REF_TABLE,REF_FIELD,EXPECT_VALUE,ERR_MSG) VALUES ('TBLID_BMAC_NUM_CONV','SAVE',3,'NULLCHK','lock_time',NULL,NULL,NULL,NULL);
INSERT INTO SM_CHECK_DEF (TABLE_ID,CHECK_TYPE,CHECK_ORDER,CHECK_KIND,FIELD_NAME,REF_TABLE,REF_FIELD,EXPECT_VALUE,ERR_MSG) VALUES ('TBLID_BMAC_NUM_CONV','RELEASE',1,'STAT_E',NULL,NULL,NULL,NULL,NULL);
INSERT INTO SM_CHECK_DEF (TABLE_ID,CHECK_TYPE,CHECK_ORDER,CHECK_KIND,FIELD_NAME,REF_TABLE,REF_FIELD,EXPECT_VALUE,ERR_MSG) VALUES ('TBLID_BMAC_NUM_CONV','RELEASE',2,'STRING','lock_user',NULL,NULL,'',NULL);
INSERT INTO SM_CHECK_DEF (TABLE_ID,CHECK_TYPE,CHECK_ORDER,CHECK_KIND,FIELD_NAME,REF_TABLE,REF_FIELD,EXPECT_VALUE,ERR_MSG) VALUES ('TBLID_BMAC_NUM_CONV','RELEASE',3,'NULLCHK','lock_time',NULL,NULL,NULL,NULL);
INSERT INTO SM_CHECK_DEF (TABLE_ID,CHECK_TYPE,CHECK_ORDER,CHECK_KIND,FIELD_NAME,REF_TABLE,REF_FIELD,EXPECT_VALUE,ERR_MSG) VALUES ('TBLID_BMAC_NUM_CONV','RELEASE',4,'RELEASE_PARAM','cz_mac_no','D3',NULL,NULL,NULL);
INSERT INTO SM_CHECK_DEF (TABLE_ID,CHECK_TYPE,CHECK_ORDER,CHECK_KIND,FIELD_NAME,REF_TABLE,REF_FIELD,EXPECT_VALUE,ERR_MSG) VALUES ('TBLID_BMAC_NUM_CONV','RELEASE',5,'RELEASE_WRITE','lm_mac_no','D0',NULL,NULL,NULL);
INSERT INTO SM_CHECK_DEF (TABLE_ID,CHECK_TYPE,CHECK_ORDER,CHECK_KIND,FIELD_NAME,REF_TABLE,REF_FIELD,EXPECT_VALUE,ERR_MSG) VALUES ('TBLID_BMAC_NUM_CONV','DELETE',1,'STAT_R',NULL,NULL,NULL,NULL,NULL);
INSERT INTO SM_CHECK_DEF (TABLE_ID,CHECK_TYPE,CHECK_ORDER,CHECK_KIND,FIELD_NAME,REF_TABLE,REF_FIELD,EXPECT_VALUE,ERR_MSG) VALUES ('TBLID_BMAC_NUM_CONV','DELETE',2,'STRING','lock_user',NULL,NULL,'',NULL);
INSERT INTO SM_CHECK_DEF (TABLE_ID,CHECK_TYPE,CHECK_ORDER,CHECK_KIND,FIELD_NAME,REF_TABLE,REF_FIELD,EXPECT_VALUE,ERR_MSG) VALUES ('TBLID_BMAC_NUM_CONV','DELETE',3,'NULLCHK','lock_time',NULL,NULL,NULL,NULL);
INSERT INTO SM_CHECK_DEF (TABLE_ID,CHECK_TYPE,CHECK_ORDER,CHECK_KIND,FIELD_NAME,REF_TABLE,REF_FIELD,EXPECT_VALUE,ERR_MSG) VALUES ('TBLID_BMAC_NUM_CONV','EDITCOMP',1,'STAT_E',NULL,NULL,NULL,NULL,NULL);
INSERT INTO SM_CHECK_DEF (TABLE_ID,CHECK_TYPE,CHECK_ORDER,CHECK_KIND,FIELD_NAME,REF_TABLE,REF_FIELD,EXPECT_VALUE,ERR_MSG) VALUES ('TBLID_BMAC_NUM_CONV','EDITCOMP',2,'COMP_N',NULL,NULL,NULL,NULL,'记录已编辑完成');

-- BMEAS_ID
INSERT INTO SM_TABLE_DEF (TABLE_ID, TABLE_NAME, JP_TITLE, US_TITLE, RELEASE_FLAG, DISTRIBUTE_FLAG, PERMISSION_TYPE, SCHEMA_TYPE, HAS_DUMMY, SORT_NO)
VALUES ('TBLID_BMEAS_ID', 'BMEAS_ID', 'BMEAS_ID', 'BMEAS_ID', 'Y', 'N', 'C', 'L', 'Y', 370);
INSERT INTO SM_FIELD_DEF (TABLE_ID,FIELD_NAME,JP_TITLE,US_TITLE,DB_TYPE,DB_LENGTH,IS_KEY,NOT_BLANK,IS_DUMMY,IS_SEARCH_ITEM,SORT_NO,TREE_LEVEL,SHEET_NO,PAGE_NO,PROPERTY_NO,IS_AUTO,IS_MANDATORY,SYSTEM_READONLY,FIELD_TYPE,FIELD_LENGTH,INPUT_ALPHABET,INPUT_MULTIBYTE,INPUT_NUMERIC,INPUT_SYMBOL,INPUT_UPPERCASE,RETRIEVAL_TABLE,FORMAT,DEFAULT_VALUE,MIN_VALUE,MAX_VALUE,CALENDAR_BUTTON,JUMP_BUTTON,OPEN_BUTTON,REF_TABLE_ID,REF_FIELD_NAME,SPECIAL_BUTTON) VALUES ('TBLID_BMEAS_ID','MEAS_ID','MEAS_ID','MEAS_ID','STRING',13,'N','Y','N','Y',-1,-1,0,0,0,'N','N','N','STRING',0,'Y',0,'Y','Y','Y','NONE',NULL,NULL,NULL,NULL,'N','N',0,NULL,NULL,0);
INSERT INTO SM_FIELD_DEF (TABLE_ID,FIELD_NAME,JP_TITLE,US_TITLE,DB_TYPE,DB_LENGTH,IS_KEY,NOT_BLANK,IS_DUMMY,IS_SEARCH_ITEM,SORT_NO,TREE_LEVEL,SHEET_NO,PAGE_NO,PROPERTY_NO,IS_AUTO,IS_MANDATORY,SYSTEM_READONLY,FIELD_TYPE,FIELD_LENGTH,INPUT_ALPHABET,INPUT_MULTIBYTE,INPUT_NUMERIC,INPUT_SYMBOL,INPUT_UPPERCASE,RETRIEVAL_TABLE,FORMAT,DEFAULT_VALUE,MIN_VALUE,MAX_VALUE,CALENDAR_BUTTON,JUMP_BUTTON,OPEN_BUTTON,REF_TABLE_ID,REF_FIELD_NAME,SPECIAL_BUTTON) VALUES ('TBLID_BMEAS_ID','MEAS_ID_NAME','MEAS_ID_NAME','MEAS_ID_NAME','STRING',40,'N','Y','N','Y',-1,-1,0,0,0,'N','N','N','STRING',0,'Y',0,'Y','Y','Y','NONE',NULL,NULL,NULL,NULL,'N','N',0,NULL,NULL,0);
INSERT INTO SM_FIELD_DEF (TABLE_ID,FIELD_NAME,JP_TITLE,US_TITLE,DB_TYPE,DB_LENGTH,IS_KEY,NOT_BLANK,IS_DUMMY,IS_SEARCH_ITEM,SORT_NO,TREE_LEVEL,SHEET_NO,PAGE_NO,PROPERTY_NO,IS_AUTO,IS_MANDATORY,SYSTEM_READONLY,FIELD_TYPE,FIELD_LENGTH,INPUT_ALPHABET,INPUT_MULTIBYTE,INPUT_NUMERIC,INPUT_SYMBOL,INPUT_UPPERCASE,RETRIEVAL_TABLE,FORMAT,DEFAULT_VALUE,MIN_VALUE,MAX_VALUE,CALENDAR_BUTTON,JUMP_BUTTON,OPEN_BUTTON,REF_TABLE_ID,REF_FIELD_NAME,SPECIAL_BUTTON) VALUES ('TBLID_BMEAS_ID','MEAS_ID_DESC','MEAS_ID_DESC','MEAS_ID_DESC','STRING',80,'N','Y','N','Y',-1,-1,0,0,0,'N','N','N','STRING',0,'Y',0,'Y','Y','Y','NONE',NULL,NULL,NULL,NULL,'N','N',0,NULL,NULL,0);
INSERT INTO SM_FIELD_DEF (TABLE_ID,FIELD_NAME,JP_TITLE,US_TITLE,DB_TYPE,DB_LENGTH,IS_KEY,NOT_BLANK,IS_DUMMY,IS_SEARCH_ITEM,SORT_NO,TREE_LEVEL,SHEET_NO,PAGE_NO,PROPERTY_NO,IS_AUTO,IS_MANDATORY,SYSTEM_READONLY,FIELD_TYPE,FIELD_LENGTH,INPUT_ALPHABET,INPUT_MULTIBYTE,INPUT_NUMERIC,INPUT_SYMBOL,INPUT_UPPERCASE,RETRIEVAL_TABLE,FORMAT,DEFAULT_VALUE,MIN_VALUE,MAX_VALUE,CALENDAR_BUTTON,JUMP_BUTTON,OPEN_BUTTON,REF_TABLE_ID,REF_FIELD_NAME,SPECIAL_BUTTON) VALUES ('TBLID_BMEAS_ID','PICK_WAF_UNIT','PICK_WAF_UNIT','PICK_WAF_UNIT','STRING',1,'N','Y','N','Y',-1,-1,0,0,0,'N','N','N','STRING',0,'Y',0,'Y','Y','Y','NONE',NULL,NULL,NULL,NULL,'N','N',0,NULL,NULL,0);
INSERT INTO SM_FIELD_DEF (TABLE_ID,FIELD_NAME,JP_TITLE,US_TITLE,DB_TYPE,DB_LENGTH,IS_KEY,NOT_BLANK,IS_DUMMY,IS_SEARCH_ITEM,SORT_NO,TREE_LEVEL,SHEET_NO,PAGE_NO,PROPERTY_NO,IS_AUTO,IS_MANDATORY,SYSTEM_READONLY,FIELD_TYPE,FIELD_LENGTH,INPUT_ALPHABET,INPUT_MULTIBYTE,INPUT_NUMERIC,INPUT_SYMBOL,INPUT_UPPERCASE,RETRIEVAL_TABLE,FORMAT,DEFAULT_VALUE,MIN_VALUE,MAX_VALUE,CALENDAR_BUTTON,JUMP_BUTTON,OPEN_BUTTON,REF_TABLE_ID,REF_FIELD_NAME,SPECIAL_BUTTON) VALUES ('TBLID_BMEAS_ID','PICK_POS','PICK_POS','PICK_POS','STRING',1,'N','Y','N','Y',-1,-1,0,0,0,'N','N','N','STRING',0,'Y',0,'Y','Y','Y','NONE',NULL,NULL,NULL,NULL,'N','N',0,NULL,NULL,0);
INSERT INTO SM_FIELD_DEF (TABLE_ID,FIELD_NAME,JP_TITLE,US_TITLE,DB_TYPE,DB_LENGTH,IS_KEY,NOT_BLANK,IS_DUMMY,IS_SEARCH_ITEM,SORT_NO,TREE_LEVEL,SHEET_NO,PAGE_NO,PROPERTY_NO,IS_AUTO,IS_MANDATORY,SYSTEM_READONLY,FIELD_TYPE,FIELD_LENGTH,INPUT_ALPHABET,INPUT_MULTIBYTE,INPUT_NUMERIC,INPUT_SYMBOL,INPUT_UPPERCASE,RETRIEVAL_TABLE,FORMAT,DEFAULT_VALUE,MIN_VALUE,MAX_VALUE,CALENDAR_BUTTON,JUMP_BUTTON,OPEN_BUTTON,REF_TABLE_ID,REF_FIELD_NAME,SPECIAL_BUTTON) VALUES ('TBLID_BMEAS_ID','PICK_WAF_CNT','PICK_WAF_CNT','PICK_WAF_CNT','STRING',0,'N','Y','N','Y',-1,-1,0,0,0,'N','N','N','STRING',0,'Y',0,'Y','Y','Y','NONE',NULL,NULL,NULL,NULL,'N','N',0,NULL,NULL,0);
INSERT INTO SM_FIELD_DEF (TABLE_ID,FIELD_NAME,JP_TITLE,US_TITLE,DB_TYPE,DB_LENGTH,IS_KEY,NOT_BLANK,IS_DUMMY,IS_SEARCH_ITEM,SORT_NO,TREE_LEVEL,SHEET_NO,PAGE_NO,PROPERTY_NO,IS_AUTO,IS_MANDATORY,SYSTEM_READONLY,FIELD_TYPE,FIELD_LENGTH,INPUT_ALPHABET,INPUT_MULTIBYTE,INPUT_NUMERIC,INPUT_SYMBOL,INPUT_UPPERCASE,RETRIEVAL_TABLE,FORMAT,DEFAULT_VALUE,MIN_VALUE,MAX_VALUE,CALENDAR_BUTTON,JUMP_BUTTON,OPEN_BUTTON,REF_TABLE_ID,REF_FIELD_NAME,SPECIAL_BUTTON) VALUES ('TBLID_BMEAS_ID','ASS_CAT','ASS_CAT','ASS_CAT','STRING',1,'N','Y','N','Y',-1,-1,0,0,0,'N','N','N','STRING',0,'Y',0,'Y','Y','Y','NONE',NULL,NULL,NULL,NULL,'N','N',0,NULL,NULL,0);
INSERT INTO SM_CHECK_DEF (TABLE_ID,CHECK_TYPE,CHECK_ORDER,CHECK_KIND,FIELD_NAME,REF_TABLE,REF_FIELD,EXPECT_VALUE,ERR_MSG) VALUES ('TBLID_BMEAS_ID','SAVE',1,'STAT_E',NULL,NULL,NULL,NULL,NULL);
INSERT INTO SM_CHECK_DEF (TABLE_ID,CHECK_TYPE,CHECK_ORDER,CHECK_KIND,FIELD_NAME,REF_TABLE,REF_FIELD,EXPECT_VALUE,ERR_MSG) VALUES ('TBLID_BMEAS_ID','SAVE',2,'STRING','lock_user',NULL,NULL,'',NULL);
INSERT INTO SM_CHECK_DEF (TABLE_ID,CHECK_TYPE,CHECK_ORDER,CHECK_KIND,FIELD_NAME,REF_TABLE,REF_FIELD,EXPECT_VALUE,ERR_MSG) VALUES ('TBLID_BMEAS_ID','SAVE',3,'NULLCHK','lock_time',NULL,NULL,NULL,NULL);
INSERT INTO SM_CHECK_DEF (TABLE_ID,CHECK_TYPE,CHECK_ORDER,CHECK_KIND,FIELD_NAME,REF_TABLE,REF_FIELD,EXPECT_VALUE,ERR_MSG) VALUES ('TBLID_BMEAS_ID','RELEASE',1,'STAT_E',NULL,NULL,NULL,NULL,NULL);
INSERT INTO SM_CHECK_DEF (TABLE_ID,CHECK_TYPE,CHECK_ORDER,CHECK_KIND,FIELD_NAME,REF_TABLE,REF_FIELD,EXPECT_VALUE,ERR_MSG) VALUES ('TBLID_BMEAS_ID','RELEASE',2,'STRING','lock_user',NULL,NULL,'',NULL);
INSERT INTO SM_CHECK_DEF (TABLE_ID,CHECK_TYPE,CHECK_ORDER,CHECK_KIND,FIELD_NAME,REF_TABLE,REF_FIELD,EXPECT_VALUE,ERR_MSG) VALUES ('TBLID_BMEAS_ID','RELEASE',3,'NULLCHK','lock_time',NULL,NULL,NULL,NULL);
INSERT INTO SM_CHECK_DEF (TABLE_ID,CHECK_TYPE,CHECK_ORDER,CHECK_KIND,FIELD_NAME,REF_TABLE,REF_FIELD,EXPECT_VALUE,ERR_MSG) VALUES ('TBLID_BMEAS_ID','RELEASE',4,'RELEASE_PARAM','meas_id','D13',NULL,NULL,NULL);
INSERT INTO SM_CHECK_DEF (TABLE_ID,CHECK_TYPE,CHECK_ORDER,CHECK_KIND,FIELD_NAME,REF_TABLE,REF_FIELD,EXPECT_VALUE,ERR_MSG) VALUES ('TBLID_BMEAS_ID','RELEASE',5,'RELEASE_WRITE','meas_id_name','D0',NULL,NULL,NULL);
INSERT INTO SM_CHECK_DEF (TABLE_ID,CHECK_TYPE,CHECK_ORDER,CHECK_KIND,FIELD_NAME,REF_TABLE,REF_FIELD,EXPECT_VALUE,ERR_MSG) VALUES ('TBLID_BMEAS_ID','RELEASE',6,'RELEASE_WRITE','meas_id_desc','D0',NULL,NULL,NULL);
INSERT INTO SM_CHECK_DEF (TABLE_ID,CHECK_TYPE,CHECK_ORDER,CHECK_KIND,FIELD_NAME,REF_TABLE,REF_FIELD,EXPECT_VALUE,ERR_MSG) VALUES ('TBLID_BMEAS_ID','RELEASE',7,'RELEASE_WRITE','pick_waf_unit','D0',NULL,NULL,NULL);
INSERT INTO SM_CHECK_DEF (TABLE_ID,CHECK_TYPE,CHECK_ORDER,CHECK_KIND,FIELD_NAME,REF_TABLE,REF_FIELD,EXPECT_VALUE,ERR_MSG) VALUES ('TBLID_BMEAS_ID','RELEASE',8,'RELEASE_WRITE','pick_pos','D0',NULL,NULL,NULL);
INSERT INTO SM_CHECK_DEF (TABLE_ID,CHECK_TYPE,CHECK_ORDER,CHECK_KIND,FIELD_NAME,REF_TABLE,REF_FIELD,EXPECT_VALUE,ERR_MSG) VALUES ('TBLID_BMEAS_ID','RELEASE',9,'RELEASE_WRITE','pick_waf_cnt','D0',NULL,NULL,NULL);
INSERT INTO SM_CHECK_DEF (TABLE_ID,CHECK_TYPE,CHECK_ORDER,CHECK_KIND,FIELD_NAME,REF_TABLE,REF_FIELD,EXPECT_VALUE,ERR_MSG) VALUES ('TBLID_BMEAS_ID','RELEASE',10,'RELEASE_WRITE','ass_cat','D0',NULL,NULL,NULL);
INSERT INTO SM_CHECK_DEF (TABLE_ID,CHECK_TYPE,CHECK_ORDER,CHECK_KIND,FIELD_NAME,REF_TABLE,REF_FIELD,EXPECT_VALUE,ERR_MSG) VALUES ('TBLID_BMEAS_ID','DELETE',1,'STAT_R',NULL,NULL,NULL,NULL,NULL);
INSERT INTO SM_CHECK_DEF (TABLE_ID,CHECK_TYPE,CHECK_ORDER,CHECK_KIND,FIELD_NAME,REF_TABLE,REF_FIELD,EXPECT_VALUE,ERR_MSG) VALUES ('TBLID_BMEAS_ID','DELETE',2,'STRING','lock_user',NULL,NULL,'',NULL);
INSERT INTO SM_CHECK_DEF (TABLE_ID,CHECK_TYPE,CHECK_ORDER,CHECK_KIND,FIELD_NAME,REF_TABLE,REF_FIELD,EXPECT_VALUE,ERR_MSG) VALUES ('TBLID_BMEAS_ID','DELETE',3,'NULLCHK','lock_time',NULL,NULL,NULL,NULL);
INSERT INTO SM_CHECK_DEF (TABLE_ID,CHECK_TYPE,CHECK_ORDER,CHECK_KIND,FIELD_NAME,REF_TABLE,REF_FIELD,EXPECT_VALUE,ERR_MSG) VALUES ('TBLID_BMEAS_ID','DELETE',4,'KEY','meas_id','0','',NULL,NULL);
INSERT INTO SM_CHECK_DEF (TABLE_ID,CHECK_TYPE,CHECK_ORDER,CHECK_KIND,FIELD_NAME,REF_TABLE,REF_FIELD,EXPECT_VALUE,ERR_MSG) VALUES ('TBLID_BMEAS_ID','DELETE',5,'STAT_R',NULL,NULL,NULL,NULL,NULL);
INSERT INTO SM_CHECK_DEF (TABLE_ID,CHECK_TYPE,CHECK_ORDER,CHECK_KIND,FIELD_NAME,REF_TABLE,REF_FIELD,EXPECT_VALUE,ERR_MSG) VALUES ('TBLID_BMEAS_ID','DELETE',6,'KEY','meas_id','0','',NULL,NULL);
INSERT INTO SM_CHECK_DEF (TABLE_ID,CHECK_TYPE,CHECK_ORDER,CHECK_KIND,FIELD_NAME,REF_TABLE,REF_FIELD,EXPECT_VALUE,ERR_MSG) VALUES ('TBLID_BMEAS_ID','DELETE',7,'STAT_R',NULL,NULL,NULL,NULL,NULL);
INSERT INTO SM_CHECK_DEF (TABLE_ID,CHECK_TYPE,CHECK_ORDER,CHECK_KIND,FIELD_NAME,REF_TABLE,REF_FIELD,EXPECT_VALUE,ERR_MSG) VALUES ('TBLID_BMEAS_ID','EDITCOMP',1,'STAT_E',NULL,NULL,NULL,NULL,NULL);
INSERT INTO SM_CHECK_DEF (TABLE_ID,CHECK_TYPE,CHECK_ORDER,CHECK_KIND,FIELD_NAME,REF_TABLE,REF_FIELD,EXPECT_VALUE,ERR_MSG) VALUES ('TBLID_BMEAS_ID','EDITCOMP',2,'COMP_N',NULL,NULL,NULL,NULL,'记录已编辑完成');

-- BMEAS_ID_ITEM
INSERT INTO SM_TABLE_DEF (TABLE_ID, TABLE_NAME, JP_TITLE, US_TITLE, RELEASE_FLAG, DISTRIBUTE_FLAG, PERMISSION_TYPE, SCHEMA_TYPE, HAS_DUMMY, SORT_NO)
VALUES ('TBLID_BMEAS_ID_ITEM', 'BMEAS_ID_ITEM', 'BMEAS_ID_ITEM', 'BMEAS_ID_ITEM', 'Y', 'N', 'C', 'L', 'Y', 380);
INSERT INTO SM_FIELD_DEF (TABLE_ID,FIELD_NAME,JP_TITLE,US_TITLE,DB_TYPE,DB_LENGTH,IS_KEY,NOT_BLANK,IS_DUMMY,IS_SEARCH_ITEM,SORT_NO,TREE_LEVEL,SHEET_NO,PAGE_NO,PROPERTY_NO,IS_AUTO,IS_MANDATORY,SYSTEM_READONLY,FIELD_TYPE,FIELD_LENGTH,INPUT_ALPHABET,INPUT_MULTIBYTE,INPUT_NUMERIC,INPUT_SYMBOL,INPUT_UPPERCASE,RETRIEVAL_TABLE,FORMAT,DEFAULT_VALUE,MIN_VALUE,MAX_VALUE,CALENDAR_BUTTON,JUMP_BUTTON,OPEN_BUTTON,REF_TABLE_ID,REF_FIELD_NAME,SPECIAL_BUTTON) VALUES ('TBLID_BMEAS_ID_ITEM','MEAS_ID','MEAS_ID','MEAS_ID','STRING',13,'N','Y','N','Y',-1,-1,0,0,0,'N','N','N','STRING',0,'Y',0,'Y','Y','Y','NONE',NULL,NULL,NULL,NULL,'N','N',0,NULL,NULL,0);
INSERT INTO SM_FIELD_DEF (TABLE_ID,FIELD_NAME,JP_TITLE,US_TITLE,DB_TYPE,DB_LENGTH,IS_KEY,NOT_BLANK,IS_DUMMY,IS_SEARCH_ITEM,SORT_NO,TREE_LEVEL,SHEET_NO,PAGE_NO,PROPERTY_NO,IS_AUTO,IS_MANDATORY,SYSTEM_READONLY,FIELD_TYPE,FIELD_LENGTH,INPUT_ALPHABET,INPUT_MULTIBYTE,INPUT_NUMERIC,INPUT_SYMBOL,INPUT_UPPERCASE,RETRIEVAL_TABLE,FORMAT,DEFAULT_VALUE,MIN_VALUE,MAX_VALUE,CALENDAR_BUTTON,JUMP_BUTTON,OPEN_BUTTON,REF_TABLE_ID,REF_FIELD_NAME,SPECIAL_BUTTON) VALUES ('TBLID_BMEAS_ID_ITEM','MEAS_ITEM','MEAS_ITEM','MEAS_ITEM','STRING',10,'N','Y','N','Y',-1,-1,0,0,0,'N','N','N','STRING',0,'Y',0,'Y','Y','Y','NONE',NULL,NULL,NULL,NULL,'N','N',0,NULL,NULL,0);
INSERT INTO SM_FIELD_DEF (TABLE_ID,FIELD_NAME,JP_TITLE,US_TITLE,DB_TYPE,DB_LENGTH,IS_KEY,NOT_BLANK,IS_DUMMY,IS_SEARCH_ITEM,SORT_NO,TREE_LEVEL,SHEET_NO,PAGE_NO,PROPERTY_NO,IS_AUTO,IS_MANDATORY,SYSTEM_READONLY,FIELD_TYPE,FIELD_LENGTH,INPUT_ALPHABET,INPUT_MULTIBYTE,INPUT_NUMERIC,INPUT_SYMBOL,INPUT_UPPERCASE,RETRIEVAL_TABLE,FORMAT,DEFAULT_VALUE,MIN_VALUE,MAX_VALUE,CALENDAR_BUTTON,JUMP_BUTTON,OPEN_BUTTON,REF_TABLE_ID,REF_FIELD_NAME,SPECIAL_BUTTON) VALUES ('TBLID_BMEAS_ID_ITEM','ITEM_SEQ_NO','ITEM_SEQ_NO','ITEM_SEQ_NO','STRING',0,'N','Y','N','Y',-1,-1,0,0,0,'N','N','N','STRING',0,'Y',0,'Y','Y','Y','NONE',NULL,NULL,NULL,NULL,'N','N',0,NULL,NULL,0);
INSERT INTO SM_FIELD_DEF (TABLE_ID,FIELD_NAME,JP_TITLE,US_TITLE,DB_TYPE,DB_LENGTH,IS_KEY,NOT_BLANK,IS_DUMMY,IS_SEARCH_ITEM,SORT_NO,TREE_LEVEL,SHEET_NO,PAGE_NO,PROPERTY_NO,IS_AUTO,IS_MANDATORY,SYSTEM_READONLY,FIELD_TYPE,FIELD_LENGTH,INPUT_ALPHABET,INPUT_MULTIBYTE,INPUT_NUMERIC,INPUT_SYMBOL,INPUT_UPPERCASE,RETRIEVAL_TABLE,FORMAT,DEFAULT_VALUE,MIN_VALUE,MAX_VALUE,CALENDAR_BUTTON,JUMP_BUTTON,OPEN_BUTTON,REF_TABLE_ID,REF_FIELD_NAME,SPECIAL_BUTTON) VALUES ('TBLID_BMEAS_ID_ITEM','MEAS_DATA_ITEMG','MEAS_DATA_ITEMG','MEAS_DATA_ITEMG','STRING',10,'N','Y','N','Y',-1,-1,0,0,0,'N','N','N','STRING',0,'Y',0,'Y','Y','Y','NONE',NULL,NULL,NULL,NULL,'N','N',0,NULL,NULL,0);
INSERT INTO SM_FIELD_DEF (TABLE_ID,FIELD_NAME,JP_TITLE,US_TITLE,DB_TYPE,DB_LENGTH,IS_KEY,NOT_BLANK,IS_DUMMY,IS_SEARCH_ITEM,SORT_NO,TREE_LEVEL,SHEET_NO,PAGE_NO,PROPERTY_NO,IS_AUTO,IS_MANDATORY,SYSTEM_READONLY,FIELD_TYPE,FIELD_LENGTH,INPUT_ALPHABET,INPUT_MULTIBYTE,INPUT_NUMERIC,INPUT_SYMBOL,INPUT_UPPERCASE,RETRIEVAL_TABLE,FORMAT,DEFAULT_VALUE,MIN_VALUE,MAX_VALUE,CALENDAR_BUTTON,JUMP_BUTTON,OPEN_BUTTON,REF_TABLE_ID,REF_FIELD_NAME,SPECIAL_BUTTON) VALUES ('TBLID_BMEAS_ID_ITEM','MEAS_PNT_CNT','MEAS_PNT_CNT','MEAS_PNT_CNT','STRING',0,'N','Y','N','Y',-1,-1,0,0,0,'N','N','N','STRING',0,'Y',0,'Y','Y','Y','NONE',NULL,NULL,NULL,NULL,'N','N',0,NULL,NULL,0);
INSERT INTO SM_FIELD_DEF (TABLE_ID,FIELD_NAME,JP_TITLE,US_TITLE,DB_TYPE,DB_LENGTH,IS_KEY,NOT_BLANK,IS_DUMMY,IS_SEARCH_ITEM,SORT_NO,TREE_LEVEL,SHEET_NO,PAGE_NO,PROPERTY_NO,IS_AUTO,IS_MANDATORY,SYSTEM_READONLY,FIELD_TYPE,FIELD_LENGTH,INPUT_ALPHABET,INPUT_MULTIBYTE,INPUT_NUMERIC,INPUT_SYMBOL,INPUT_UPPERCASE,RETRIEVAL_TABLE,FORMAT,DEFAULT_VALUE,MIN_VALUE,MAX_VALUE,CALENDAR_BUTTON,JUMP_BUTTON,OPEN_BUTTON,REF_TABLE_ID,REF_FIELD_NAME,SPECIAL_BUTTON) VALUES ('TBLID_BMEAS_ID_ITEM','STD_CHK_FLG','STD_CHK_FLG','STD_CHK_FLG','STRING',1,'N','Y','N','Y',-1,-1,0,0,0,'N','N','N','STRING',0,'Y',0,'Y','Y','Y','NONE',NULL,NULL,NULL,NULL,'N','N',0,NULL,NULL,0);
INSERT INTO SM_FIELD_DEF (TABLE_ID,FIELD_NAME,JP_TITLE,US_TITLE,DB_TYPE,DB_LENGTH,IS_KEY,NOT_BLANK,IS_DUMMY,IS_SEARCH_ITEM,SORT_NO,TREE_LEVEL,SHEET_NO,PAGE_NO,PROPERTY_NO,IS_AUTO,IS_MANDATORY,SYSTEM_READONLY,FIELD_TYPE,FIELD_LENGTH,INPUT_ALPHABET,INPUT_MULTIBYTE,INPUT_NUMERIC,INPUT_SYMBOL,INPUT_UPPERCASE,RETRIEVAL_TABLE,FORMAT,DEFAULT_VALUE,MIN_VALUE,MAX_VALUE,CALENDAR_BUTTON,JUMP_BUTTON,OPEN_BUTTON,REF_TABLE_ID,REF_FIELD_NAME,SPECIAL_BUTTON) VALUES ('TBLID_BMEAS_ID_ITEM','INP_MODE','INP_MODE','INP_MODE','STRING',1,'N','Y','N','Y',-1,-1,0,0,0,'N','N','N','STRING',0,'Y',0,'Y','Y','Y','NONE',NULL,NULL,NULL,NULL,'N','N',0,NULL,NULL,0);
INSERT INTO SM_FIELD_DEF (TABLE_ID,FIELD_NAME,JP_TITLE,US_TITLE,DB_TYPE,DB_LENGTH,IS_KEY,NOT_BLANK,IS_DUMMY,IS_SEARCH_ITEM,SORT_NO,TREE_LEVEL,SHEET_NO,PAGE_NO,PROPERTY_NO,IS_AUTO,IS_MANDATORY,SYSTEM_READONLY,FIELD_TYPE,FIELD_LENGTH,INPUT_ALPHABET,INPUT_MULTIBYTE,INPUT_NUMERIC,INPUT_SYMBOL,INPUT_UPPERCASE,RETRIEVAL_TABLE,FORMAT,DEFAULT_VALUE,MIN_VALUE,MAX_VALUE,CALENDAR_BUTTON,JUMP_BUTTON,OPEN_BUTTON,REF_TABLE_ID,REF_FIELD_NAME,SPECIAL_BUTTON) VALUES ('TBLID_BMEAS_ID_ITEM','CALC_CODE','CALC_CODE','CALC_CODE','STRING',10,'N','Y','N','Y',-1,-1,0,0,0,'N','N','N','STRING',0,'Y',0,'Y','Y','Y','NONE',NULL,NULL,NULL,NULL,'N','N',0,NULL,NULL,0);
INSERT INTO SM_FIELD_DEF (TABLE_ID,FIELD_NAME,JP_TITLE,US_TITLE,DB_TYPE,DB_LENGTH,IS_KEY,NOT_BLANK,IS_DUMMY,IS_SEARCH_ITEM,SORT_NO,TREE_LEVEL,SHEET_NO,PAGE_NO,PROPERTY_NO,IS_AUTO,IS_MANDATORY,SYSTEM_READONLY,FIELD_TYPE,FIELD_LENGTH,INPUT_ALPHABET,INPUT_MULTIBYTE,INPUT_NUMERIC,INPUT_SYMBOL,INPUT_UPPERCASE,RETRIEVAL_TABLE,FORMAT,DEFAULT_VALUE,MIN_VALUE,MAX_VALUE,CALENDAR_BUTTON,JUMP_BUTTON,OPEN_BUTTON,REF_TABLE_ID,REF_FIELD_NAME,SPECIAL_BUTTON) VALUES ('TBLID_BMEAS_ID_ITEM','CALC_PARM1','CALC_PARM1','CALC_PARM1','STRING',20,'N','Y','N','Y',-1,-1,0,0,0,'N','N','N','STRING',0,'Y',0,'Y','Y','Y','NONE',NULL,NULL,NULL,NULL,'N','N',0,NULL,NULL,0);
INSERT INTO SM_FIELD_DEF (TABLE_ID,FIELD_NAME,JP_TITLE,US_TITLE,DB_TYPE,DB_LENGTH,IS_KEY,NOT_BLANK,IS_DUMMY,IS_SEARCH_ITEM,SORT_NO,TREE_LEVEL,SHEET_NO,PAGE_NO,PROPERTY_NO,IS_AUTO,IS_MANDATORY,SYSTEM_READONLY,FIELD_TYPE,FIELD_LENGTH,INPUT_ALPHABET,INPUT_MULTIBYTE,INPUT_NUMERIC,INPUT_SYMBOL,INPUT_UPPERCASE,RETRIEVAL_TABLE,FORMAT,DEFAULT_VALUE,MIN_VALUE,MAX_VALUE,CALENDAR_BUTTON,JUMP_BUTTON,OPEN_BUTTON,REF_TABLE_ID,REF_FIELD_NAME,SPECIAL_BUTTON) VALUES ('TBLID_BMEAS_ID_ITEM','CALC_PARM2','CALC_PARM2','CALC_PARM2','STRING',20,'N','Y','N','Y',-1,-1,0,0,0,'N','N','N','STRING',0,'Y',0,'Y','Y','Y','NONE',NULL,NULL,NULL,NULL,'N','N',0,NULL,NULL,0);
INSERT INTO SM_FIELD_DEF (TABLE_ID,FIELD_NAME,JP_TITLE,US_TITLE,DB_TYPE,DB_LENGTH,IS_KEY,NOT_BLANK,IS_DUMMY,IS_SEARCH_ITEM,SORT_NO,TREE_LEVEL,SHEET_NO,PAGE_NO,PROPERTY_NO,IS_AUTO,IS_MANDATORY,SYSTEM_READONLY,FIELD_TYPE,FIELD_LENGTH,INPUT_ALPHABET,INPUT_MULTIBYTE,INPUT_NUMERIC,INPUT_SYMBOL,INPUT_UPPERCASE,RETRIEVAL_TABLE,FORMAT,DEFAULT_VALUE,MIN_VALUE,MAX_VALUE,CALENDAR_BUTTON,JUMP_BUTTON,OPEN_BUTTON,REF_TABLE_ID,REF_FIELD_NAME,SPECIAL_BUTTON) VALUES ('TBLID_BMEAS_ID_ITEM','CALC_PARM3','CALC_PARM3','CALC_PARM3','STRING',20,'N','Y','N','Y',-1,-1,0,0,0,'N','N','N','STRING',0,'Y',0,'Y','Y','Y','NONE',NULL,NULL,NULL,NULL,'N','N',0,NULL,NULL,0);
INSERT INTO SM_FIELD_DEF (TABLE_ID,FIELD_NAME,JP_TITLE,US_TITLE,DB_TYPE,DB_LENGTH,IS_KEY,NOT_BLANK,IS_DUMMY,IS_SEARCH_ITEM,SORT_NO,TREE_LEVEL,SHEET_NO,PAGE_NO,PROPERTY_NO,IS_AUTO,IS_MANDATORY,SYSTEM_READONLY,FIELD_TYPE,FIELD_LENGTH,INPUT_ALPHABET,INPUT_MULTIBYTE,INPUT_NUMERIC,INPUT_SYMBOL,INPUT_UPPERCASE,RETRIEVAL_TABLE,FORMAT,DEFAULT_VALUE,MIN_VALUE,MAX_VALUE,CALENDAR_BUTTON,JUMP_BUTTON,OPEN_BUTTON,REF_TABLE_ID,REF_FIELD_NAME,SPECIAL_BUTTON) VALUES ('TBLID_BMEAS_ID_ITEM','CALC_PARM4','CALC_PARM4','CALC_PARM4','STRING',20,'N','Y','N','Y',-1,-1,0,0,0,'N','N','N','STRING',0,'Y',0,'Y','Y','Y','NONE',NULL,NULL,NULL,NULL,'N','N',0,NULL,NULL,0);
INSERT INTO SM_FIELD_DEF (TABLE_ID,FIELD_NAME,JP_TITLE,US_TITLE,DB_TYPE,DB_LENGTH,IS_KEY,NOT_BLANK,IS_DUMMY,IS_SEARCH_ITEM,SORT_NO,TREE_LEVEL,SHEET_NO,PAGE_NO,PROPERTY_NO,IS_AUTO,IS_MANDATORY,SYSTEM_READONLY,FIELD_TYPE,FIELD_LENGTH,INPUT_ALPHABET,INPUT_MULTIBYTE,INPUT_NUMERIC,INPUT_SYMBOL,INPUT_UPPERCASE,RETRIEVAL_TABLE,FORMAT,DEFAULT_VALUE,MIN_VALUE,MAX_VALUE,CALENDAR_BUTTON,JUMP_BUTTON,OPEN_BUTTON,REF_TABLE_ID,REF_FIELD_NAME,SPECIAL_BUTTON) VALUES ('TBLID_BMEAS_ID_ITEM','CALC_PARM5','CALC_PARM5','CALC_PARM5','STRING',20,'N','Y','N','Y',-1,-1,0,0,0,'N','N','N','STRING',0,'Y',0,'Y','Y','Y','NONE',NULL,NULL,NULL,NULL,'N','N',0,NULL,NULL,0);
INSERT INTO SM_FIELD_DEF (TABLE_ID,FIELD_NAME,JP_TITLE,US_TITLE,DB_TYPE,DB_LENGTH,IS_KEY,NOT_BLANK,IS_DUMMY,IS_SEARCH_ITEM,SORT_NO,TREE_LEVEL,SHEET_NO,PAGE_NO,PROPERTY_NO,IS_AUTO,IS_MANDATORY,SYSTEM_READONLY,FIELD_TYPE,FIELD_LENGTH,INPUT_ALPHABET,INPUT_MULTIBYTE,INPUT_NUMERIC,INPUT_SYMBOL,INPUT_UPPERCASE,RETRIEVAL_TABLE,FORMAT,DEFAULT_VALUE,MIN_VALUE,MAX_VALUE,CALENDAR_BUTTON,JUMP_BUTTON,OPEN_BUTTON,REF_TABLE_ID,REF_FIELD_NAME,SPECIAL_BUTTON) VALUES ('TBLID_BMEAS_ID_ITEM','CALC_PARM6','CALC_PARM6','CALC_PARM6','STRING',20,'N','Y','N','Y',-1,-1,0,0,0,'N','N','N','STRING',0,'Y',0,'Y','Y','Y','NONE',NULL,NULL,NULL,NULL,'N','N',0,NULL,NULL,0);
INSERT INTO SM_FIELD_DEF (TABLE_ID,FIELD_NAME,JP_TITLE,US_TITLE,DB_TYPE,DB_LENGTH,IS_KEY,NOT_BLANK,IS_DUMMY,IS_SEARCH_ITEM,SORT_NO,TREE_LEVEL,SHEET_NO,PAGE_NO,PROPERTY_NO,IS_AUTO,IS_MANDATORY,SYSTEM_READONLY,FIELD_TYPE,FIELD_LENGTH,INPUT_ALPHABET,INPUT_MULTIBYTE,INPUT_NUMERIC,INPUT_SYMBOL,INPUT_UPPERCASE,RETRIEVAL_TABLE,FORMAT,DEFAULT_VALUE,MIN_VALUE,MAX_VALUE,CALENDAR_BUTTON,JUMP_BUTTON,OPEN_BUTTON,REF_TABLE_ID,REF_FIELD_NAME,SPECIAL_BUTTON) VALUES ('TBLID_BMEAS_ID_ITEM','CALC_PARM7','CALC_PARM7','CALC_PARM7','STRING',20,'N','Y','N','Y',-1,-1,0,0,0,'N','N','N','STRING',0,'Y',0,'Y','Y','Y','NONE',NULL,NULL,NULL,NULL,'N','N',0,NULL,NULL,0);
INSERT INTO SM_FIELD_DEF (TABLE_ID,FIELD_NAME,JP_TITLE,US_TITLE,DB_TYPE,DB_LENGTH,IS_KEY,NOT_BLANK,IS_DUMMY,IS_SEARCH_ITEM,SORT_NO,TREE_LEVEL,SHEET_NO,PAGE_NO,PROPERTY_NO,IS_AUTO,IS_MANDATORY,SYSTEM_READONLY,FIELD_TYPE,FIELD_LENGTH,INPUT_ALPHABET,INPUT_MULTIBYTE,INPUT_NUMERIC,INPUT_SYMBOL,INPUT_UPPERCASE,RETRIEVAL_TABLE,FORMAT,DEFAULT_VALUE,MIN_VALUE,MAX_VALUE,CALENDAR_BUTTON,JUMP_BUTTON,OPEN_BUTTON,REF_TABLE_ID,REF_FIELD_NAME,SPECIAL_BUTTON) VALUES ('TBLID_BMEAS_ID_ITEM','CALC_PARM8','CALC_PARM8','CALC_PARM8','STRING',20,'N','Y','N','Y',-1,-1,0,0,0,'N','N','N','STRING',0,'Y',0,'Y','Y','Y','NONE',NULL,NULL,NULL,NULL,'N','N',0,NULL,NULL,0);
INSERT INTO SM_FIELD_DEF (TABLE_ID,FIELD_NAME,JP_TITLE,US_TITLE,DB_TYPE,DB_LENGTH,IS_KEY,NOT_BLANK,IS_DUMMY,IS_SEARCH_ITEM,SORT_NO,TREE_LEVEL,SHEET_NO,PAGE_NO,PROPERTY_NO,IS_AUTO,IS_MANDATORY,SYSTEM_READONLY,FIELD_TYPE,FIELD_LENGTH,INPUT_ALPHABET,INPUT_MULTIBYTE,INPUT_NUMERIC,INPUT_SYMBOL,INPUT_UPPERCASE,RETRIEVAL_TABLE,FORMAT,DEFAULT_VALUE,MIN_VALUE,MAX_VALUE,CALENDAR_BUTTON,JUMP_BUTTON,OPEN_BUTTON,REF_TABLE_ID,REF_FIELD_NAME,SPECIAL_BUTTON) VALUES ('TBLID_BMEAS_ID_ITEM','CALC_PARM9','CALC_PARM9','CALC_PARM9','STRING',20,'N','Y','N','Y',-1,-1,0,0,0,'N','N','N','STRING',0,'Y',0,'Y','Y','Y','NONE',NULL,NULL,NULL,NULL,'N','N',0,NULL,NULL,0);
INSERT INTO SM_FIELD_DEF (TABLE_ID,FIELD_NAME,JP_TITLE,US_TITLE,DB_TYPE,DB_LENGTH,IS_KEY,NOT_BLANK,IS_DUMMY,IS_SEARCH_ITEM,SORT_NO,TREE_LEVEL,SHEET_NO,PAGE_NO,PROPERTY_NO,IS_AUTO,IS_MANDATORY,SYSTEM_READONLY,FIELD_TYPE,FIELD_LENGTH,INPUT_ALPHABET,INPUT_MULTIBYTE,INPUT_NUMERIC,INPUT_SYMBOL,INPUT_UPPERCASE,RETRIEVAL_TABLE,FORMAT,DEFAULT_VALUE,MIN_VALUE,MAX_VALUE,CALENDAR_BUTTON,JUMP_BUTTON,OPEN_BUTTON,REF_TABLE_ID,REF_FIELD_NAME,SPECIAL_BUTTON) VALUES ('TBLID_BMEAS_ID_ITEM','CALC_PARM10','CALC_PARM10','CALC_PARM10','STRING',20,'N','Y','N','Y',-1,-1,0,0,0,'N','N','N','STRING',0,'Y',0,'Y','Y','Y','NONE',NULL,NULL,NULL,NULL,'N','N',0,NULL,NULL,0);
INSERT INTO SM_FIELD_DEF (TABLE_ID,FIELD_NAME,JP_TITLE,US_TITLE,DB_TYPE,DB_LENGTH,IS_KEY,NOT_BLANK,IS_DUMMY,IS_SEARCH_ITEM,SORT_NO,TREE_LEVEL,SHEET_NO,PAGE_NO,PROPERTY_NO,IS_AUTO,IS_MANDATORY,SYSTEM_READONLY,FIELD_TYPE,FIELD_LENGTH,INPUT_ALPHABET,INPUT_MULTIBYTE,INPUT_NUMERIC,INPUT_SYMBOL,INPUT_UPPERCASE,RETRIEVAL_TABLE,FORMAT,DEFAULT_VALUE,MIN_VALUE,MAX_VALUE,CALENDAR_BUTTON,JUMP_BUTTON,OPEN_BUTTON,REF_TABLE_ID,REF_FIELD_NAME,SPECIAL_BUTTON) VALUES ('TBLID_BMEAS_ID_ITEM','REL_OPE_ID','REL_OPE_ID','REL_OPE_ID','STRING',8,'N','Y','N','Y',-1,-1,0,0,0,'N','N','N','STRING',0,'Y',0,'Y','Y','Y','NONE',NULL,NULL,NULL,NULL,'N','N',0,NULL,NULL,0);
INSERT INTO SM_FIELD_DEF (TABLE_ID,FIELD_NAME,JP_TITLE,US_TITLE,DB_TYPE,DB_LENGTH,IS_KEY,NOT_BLANK,IS_DUMMY,IS_SEARCH_ITEM,SORT_NO,TREE_LEVEL,SHEET_NO,PAGE_NO,PROPERTY_NO,IS_AUTO,IS_MANDATORY,SYSTEM_READONLY,FIELD_TYPE,FIELD_LENGTH,INPUT_ALPHABET,INPUT_MULTIBYTE,INPUT_NUMERIC,INPUT_SYMBOL,INPUT_UPPERCASE,RETRIEVAL_TABLE,FORMAT,DEFAULT_VALUE,MIN_VALUE,MAX_VALUE,CALENDAR_BUTTON,JUMP_BUTTON,OPEN_BUTTON,REF_TABLE_ID,REF_FIELD_NAME,SPECIAL_BUTTON) VALUES ('TBLID_BMEAS_ID_ITEM','SHIP_JDG_FLG','SHIP_JDG_FLG','SHIP_JDG_FLG','STRING',1,'N','Y','N','Y',-1,-1,0,0,0,'N','N','N','STRING',0,'Y',0,'Y','Y','Y','NONE',NULL,NULL,NULL,NULL,'N','N',0,NULL,NULL,0);
INSERT INTO SM_FIELD_DEF (TABLE_ID,FIELD_NAME,JP_TITLE,US_TITLE,DB_TYPE,DB_LENGTH,IS_KEY,NOT_BLANK,IS_DUMMY,IS_SEARCH_ITEM,SORT_NO,TREE_LEVEL,SHEET_NO,PAGE_NO,PROPERTY_NO,IS_AUTO,IS_MANDATORY,SYSTEM_READONLY,FIELD_TYPE,FIELD_LENGTH,INPUT_ALPHABET,INPUT_MULTIBYTE,INPUT_NUMERIC,INPUT_SYMBOL,INPUT_UPPERCASE,RETRIEVAL_TABLE,FORMAT,DEFAULT_VALUE,MIN_VALUE,MAX_VALUE,CALENDAR_BUTTON,JUMP_BUTTON,OPEN_BUTTON,REF_TABLE_ID,REF_FIELD_NAME,SPECIAL_BUTTON) VALUES ('TBLID_BMEAS_ID_ITEM','CALC_PARM11','CALC_PARM11','CALC_PARM11','STRING',20,'N','Y','N','Y',-1,-1,0,0,0,'N','N','N','STRING',0,'Y',0,'Y','Y','Y','NONE',NULL,NULL,NULL,NULL,'N','N',0,NULL,NULL,0);
INSERT INTO SM_FIELD_DEF (TABLE_ID,FIELD_NAME,JP_TITLE,US_TITLE,DB_TYPE,DB_LENGTH,IS_KEY,NOT_BLANK,IS_DUMMY,IS_SEARCH_ITEM,SORT_NO,TREE_LEVEL,SHEET_NO,PAGE_NO,PROPERTY_NO,IS_AUTO,IS_MANDATORY,SYSTEM_READONLY,FIELD_TYPE,FIELD_LENGTH,INPUT_ALPHABET,INPUT_MULTIBYTE,INPUT_NUMERIC,INPUT_SYMBOL,INPUT_UPPERCASE,RETRIEVAL_TABLE,FORMAT,DEFAULT_VALUE,MIN_VALUE,MAX_VALUE,CALENDAR_BUTTON,JUMP_BUTTON,OPEN_BUTTON,REF_TABLE_ID,REF_FIELD_NAME,SPECIAL_BUTTON) VALUES ('TBLID_BMEAS_ID_ITEM','CALC_PARM12','CALC_PARM12','CALC_PARM12','STRING',20,'N','Y','N','Y',-1,-1,0,0,0,'N','N','N','STRING',0,'Y',0,'Y','Y','Y','NONE',NULL,NULL,NULL,NULL,'N','N',0,NULL,NULL,0);
INSERT INTO SM_FIELD_DEF (TABLE_ID,FIELD_NAME,JP_TITLE,US_TITLE,DB_TYPE,DB_LENGTH,IS_KEY,NOT_BLANK,IS_DUMMY,IS_SEARCH_ITEM,SORT_NO,TREE_LEVEL,SHEET_NO,PAGE_NO,PROPERTY_NO,IS_AUTO,IS_MANDATORY,SYSTEM_READONLY,FIELD_TYPE,FIELD_LENGTH,INPUT_ALPHABET,INPUT_MULTIBYTE,INPUT_NUMERIC,INPUT_SYMBOL,INPUT_UPPERCASE,RETRIEVAL_TABLE,FORMAT,DEFAULT_VALUE,MIN_VALUE,MAX_VALUE,CALENDAR_BUTTON,JUMP_BUTTON,OPEN_BUTTON,REF_TABLE_ID,REF_FIELD_NAME,SPECIAL_BUTTON) VALUES ('TBLID_BMEAS_ID_ITEM','CALC_PARM13','CALC_PARM13','CALC_PARM13','STRING',20,'N','Y','N','Y',-1,-1,0,0,0,'N','N','N','STRING',0,'Y',0,'Y','Y','Y','NONE',NULL,NULL,NULL,NULL,'N','N',0,NULL,NULL,0);
INSERT INTO SM_FIELD_DEF (TABLE_ID,FIELD_NAME,JP_TITLE,US_TITLE,DB_TYPE,DB_LENGTH,IS_KEY,NOT_BLANK,IS_DUMMY,IS_SEARCH_ITEM,SORT_NO,TREE_LEVEL,SHEET_NO,PAGE_NO,PROPERTY_NO,IS_AUTO,IS_MANDATORY,SYSTEM_READONLY,FIELD_TYPE,FIELD_LENGTH,INPUT_ALPHABET,INPUT_MULTIBYTE,INPUT_NUMERIC,INPUT_SYMBOL,INPUT_UPPERCASE,RETRIEVAL_TABLE,FORMAT,DEFAULT_VALUE,MIN_VALUE,MAX_VALUE,CALENDAR_BUTTON,JUMP_BUTTON,OPEN_BUTTON,REF_TABLE_ID,REF_FIELD_NAME,SPECIAL_BUTTON) VALUES ('TBLID_BMEAS_ID_ITEM','CALC_PARM14','CALC_PARM14','CALC_PARM14','STRING',20,'N','Y','N','Y',-1,-1,0,0,0,'N','N','N','STRING',0,'Y',0,'Y','Y','Y','NONE',NULL,NULL,NULL,NULL,'N','N',0,NULL,NULL,0);
INSERT INTO SM_FIELD_DEF (TABLE_ID,FIELD_NAME,JP_TITLE,US_TITLE,DB_TYPE,DB_LENGTH,IS_KEY,NOT_BLANK,IS_DUMMY,IS_SEARCH_ITEM,SORT_NO,TREE_LEVEL,SHEET_NO,PAGE_NO,PROPERTY_NO,IS_AUTO,IS_MANDATORY,SYSTEM_READONLY,FIELD_TYPE,FIELD_LENGTH,INPUT_ALPHABET,INPUT_MULTIBYTE,INPUT_NUMERIC,INPUT_SYMBOL,INPUT_UPPERCASE,RETRIEVAL_TABLE,FORMAT,DEFAULT_VALUE,MIN_VALUE,MAX_VALUE,CALENDAR_BUTTON,JUMP_BUTTON,OPEN_BUTTON,REF_TABLE_ID,REF_FIELD_NAME,SPECIAL_BUTTON) VALUES ('TBLID_BMEAS_ID_ITEM','CALC_PARM15','CALC_PARM15','CALC_PARM15','STRING',20,'N','Y','N','Y',-1,-1,0,0,0,'N','N','N','STRING',0,'Y',0,'Y','Y','Y','NONE',NULL,NULL,NULL,NULL,'N','N',0,NULL,NULL,0);
INSERT INTO SM_FIELD_DEF (TABLE_ID,FIELD_NAME,JP_TITLE,US_TITLE,DB_TYPE,DB_LENGTH,IS_KEY,NOT_BLANK,IS_DUMMY,IS_SEARCH_ITEM,SORT_NO,TREE_LEVEL,SHEET_NO,PAGE_NO,PROPERTY_NO,IS_AUTO,IS_MANDATORY,SYSTEM_READONLY,FIELD_TYPE,FIELD_LENGTH,INPUT_ALPHABET,INPUT_MULTIBYTE,INPUT_NUMERIC,INPUT_SYMBOL,INPUT_UPPERCASE,RETRIEVAL_TABLE,FORMAT,DEFAULT_VALUE,MIN_VALUE,MAX_VALUE,CALENDAR_BUTTON,JUMP_BUTTON,OPEN_BUTTON,REF_TABLE_ID,REF_FIELD_NAME,SPECIAL_BUTTON) VALUES ('TBLID_BMEAS_ID_ITEM','CALC_PARM16','CALC_PARM16','CALC_PARM16','STRING',20,'N','Y','N','Y',-1,-1,0,0,0,'N','N','N','STRING',0,'Y',0,'Y','Y','Y','NONE',NULL,NULL,NULL,NULL,'N','N',0,NULL,NULL,0);
INSERT INTO SM_FIELD_DEF (TABLE_ID,FIELD_NAME,JP_TITLE,US_TITLE,DB_TYPE,DB_LENGTH,IS_KEY,NOT_BLANK,IS_DUMMY,IS_SEARCH_ITEM,SORT_NO,TREE_LEVEL,SHEET_NO,PAGE_NO,PROPERTY_NO,IS_AUTO,IS_MANDATORY,SYSTEM_READONLY,FIELD_TYPE,FIELD_LENGTH,INPUT_ALPHABET,INPUT_MULTIBYTE,INPUT_NUMERIC,INPUT_SYMBOL,INPUT_UPPERCASE,RETRIEVAL_TABLE,FORMAT,DEFAULT_VALUE,MIN_VALUE,MAX_VALUE,CALENDAR_BUTTON,JUMP_BUTTON,OPEN_BUTTON,REF_TABLE_ID,REF_FIELD_NAME,SPECIAL_BUTTON) VALUES ('TBLID_BMEAS_ID_ITEM','CALC_PARM17','CALC_PARM17','CALC_PARM17','STRING',20,'N','Y','N','Y',-1,-1,0,0,0,'N','N','N','STRING',0,'Y',0,'Y','Y','Y','NONE',NULL,NULL,NULL,NULL,'N','N',0,NULL,NULL,0);
INSERT INTO SM_FIELD_DEF (TABLE_ID,FIELD_NAME,JP_TITLE,US_TITLE,DB_TYPE,DB_LENGTH,IS_KEY,NOT_BLANK,IS_DUMMY,IS_SEARCH_ITEM,SORT_NO,TREE_LEVEL,SHEET_NO,PAGE_NO,PROPERTY_NO,IS_AUTO,IS_MANDATORY,SYSTEM_READONLY,FIELD_TYPE,FIELD_LENGTH,INPUT_ALPHABET,INPUT_MULTIBYTE,INPUT_NUMERIC,INPUT_SYMBOL,INPUT_UPPERCASE,RETRIEVAL_TABLE,FORMAT,DEFAULT_VALUE,MIN_VALUE,MAX_VALUE,CALENDAR_BUTTON,JUMP_BUTTON,OPEN_BUTTON,REF_TABLE_ID,REF_FIELD_NAME,SPECIAL_BUTTON) VALUES ('TBLID_BMEAS_ID_ITEM','CALC_PARM18','CALC_PARM18','CALC_PARM18','STRING',20,'N','Y','N','Y',-1,-1,0,0,0,'N','N','N','STRING',0,'Y',0,'Y','Y','Y','NONE',NULL,NULL,NULL,NULL,'N','N',0,NULL,NULL,0);
INSERT INTO SM_FIELD_DEF (TABLE_ID,FIELD_NAME,JP_TITLE,US_TITLE,DB_TYPE,DB_LENGTH,IS_KEY,NOT_BLANK,IS_DUMMY,IS_SEARCH_ITEM,SORT_NO,TREE_LEVEL,SHEET_NO,PAGE_NO,PROPERTY_NO,IS_AUTO,IS_MANDATORY,SYSTEM_READONLY,FIELD_TYPE,FIELD_LENGTH,INPUT_ALPHABET,INPUT_MULTIBYTE,INPUT_NUMERIC,INPUT_SYMBOL,INPUT_UPPERCASE,RETRIEVAL_TABLE,FORMAT,DEFAULT_VALUE,MIN_VALUE,MAX_VALUE,CALENDAR_BUTTON,JUMP_BUTTON,OPEN_BUTTON,REF_TABLE_ID,REF_FIELD_NAME,SPECIAL_BUTTON) VALUES ('TBLID_BMEAS_ID_ITEM','CALC_PARM19','CALC_PARM19','CALC_PARM19','STRING',20,'N','Y','N','Y',-1,-1,0,0,0,'N','N','N','STRING',0,'Y',0,'Y','Y','Y','NONE',NULL,NULL,NULL,NULL,'N','N',0,NULL,NULL,0);
INSERT INTO SM_FIELD_DEF (TABLE_ID,FIELD_NAME,JP_TITLE,US_TITLE,DB_TYPE,DB_LENGTH,IS_KEY,NOT_BLANK,IS_DUMMY,IS_SEARCH_ITEM,SORT_NO,TREE_LEVEL,SHEET_NO,PAGE_NO,PROPERTY_NO,IS_AUTO,IS_MANDATORY,SYSTEM_READONLY,FIELD_TYPE,FIELD_LENGTH,INPUT_ALPHABET,INPUT_MULTIBYTE,INPUT_NUMERIC,INPUT_SYMBOL,INPUT_UPPERCASE,RETRIEVAL_TABLE,FORMAT,DEFAULT_VALUE,MIN_VALUE,MAX_VALUE,CALENDAR_BUTTON,JUMP_BUTTON,OPEN_BUTTON,REF_TABLE_ID,REF_FIELD_NAME,SPECIAL_BUTTON) VALUES ('TBLID_BMEAS_ID_ITEM','CALC_PARM20','CALC_PARM20','CALC_PARM20','STRING',20,'N','Y','N','Y',-1,-1,0,0,0,'N','N','N','STRING',0,'Y',0,'Y','Y','Y','NONE',NULL,NULL,NULL,NULL,'N','N',0,NULL,NULL,0);
INSERT INTO SM_FIELD_DEF (TABLE_ID,FIELD_NAME,JP_TITLE,US_TITLE,DB_TYPE,DB_LENGTH,IS_KEY,NOT_BLANK,IS_DUMMY,IS_SEARCH_ITEM,SORT_NO,TREE_LEVEL,SHEET_NO,PAGE_NO,PROPERTY_NO,IS_AUTO,IS_MANDATORY,SYSTEM_READONLY,FIELD_TYPE,FIELD_LENGTH,INPUT_ALPHABET,INPUT_MULTIBYTE,INPUT_NUMERIC,INPUT_SYMBOL,INPUT_UPPERCASE,RETRIEVAL_TABLE,FORMAT,DEFAULT_VALUE,MIN_VALUE,MAX_VALUE,CALENDAR_BUTTON,JUMP_BUTTON,OPEN_BUTTON,REF_TABLE_ID,REF_FIELD_NAME,SPECIAL_BUTTON) VALUES ('TBLID_BMEAS_ID_ITEM','SPC_FLG','SPC_FLG','SPC_FLG','STRING',1,'N','Y','N','Y',-1,-1,0,0,0,'N','N','N','STRING',0,'Y',0,'Y','Y','Y','NONE',NULL,NULL,NULL,NULL,'N','N',0,NULL,NULL,0);
INSERT INTO SM_CHECK_DEF (TABLE_ID,CHECK_TYPE,CHECK_ORDER,CHECK_KIND,FIELD_NAME,REF_TABLE,REF_FIELD,EXPECT_VALUE,ERR_MSG) VALUES ('TBLID_BMEAS_ID_ITEM','SAVE',1,'STAT_E',NULL,NULL,NULL,NULL,NULL);
INSERT INTO SM_CHECK_DEF (TABLE_ID,CHECK_TYPE,CHECK_ORDER,CHECK_KIND,FIELD_NAME,REF_TABLE,REF_FIELD,EXPECT_VALUE,ERR_MSG) VALUES ('TBLID_BMEAS_ID_ITEM','SAVE',2,'STRING','lock_user',NULL,NULL,'',NULL);
INSERT INTO SM_CHECK_DEF (TABLE_ID,CHECK_TYPE,CHECK_ORDER,CHECK_KIND,FIELD_NAME,REF_TABLE,REF_FIELD,EXPECT_VALUE,ERR_MSG) VALUES ('TBLID_BMEAS_ID_ITEM','SAVE',3,'NULLCHK','lock_time',NULL,NULL,NULL,NULL);
INSERT INTO SM_CHECK_DEF (TABLE_ID,CHECK_TYPE,CHECK_ORDER,CHECK_KIND,FIELD_NAME,REF_TABLE,REF_FIELD,EXPECT_VALUE,ERR_MSG) VALUES ('TBLID_BMEAS_ID_ITEM','SAVE',4,'KEY','meas_item','0','',NULL,NULL);
INSERT INTO SM_CHECK_DEF (TABLE_ID,CHECK_TYPE,CHECK_ORDER,CHECK_KIND,FIELD_NAME,REF_TABLE,REF_FIELD,EXPECT_VALUE,ERR_MSG) VALUES ('TBLID_BMEAS_ID_ITEM','SAVE',5,'STRING','rel_ope_id',NULL,NULL,'',NULL);
INSERT INTO SM_CHECK_DEF (TABLE_ID,CHECK_TYPE,CHECK_ORDER,CHECK_KIND,FIELD_NAME,REF_TABLE,REF_FIELD,EXPECT_VALUE,ERR_MSG) VALUES ('TBLID_BMEAS_ID_ITEM','SAVE',6,'KEY','rel_ope_id','0','s',NULL,NULL);
INSERT INTO SM_CHECK_DEF (TABLE_ID,CHECK_TYPE,CHECK_ORDER,CHECK_KIND,FIELD_NAME,REF_TABLE,REF_FIELD,EXPECT_VALUE,ERR_MSG) VALUES ('TBLID_BMEAS_ID_ITEM','SAVE',7,'STRING','rel_ope_id',NULL,NULL,'e',NULL);
INSERT INTO SM_CHECK_DEF (TABLE_ID,CHECK_TYPE,CHECK_ORDER,CHECK_KIND,FIELD_NAME,REF_TABLE,REF_FIELD,EXPECT_VALUE,ERR_MSG) VALUES ('TBLID_BMEAS_ID_ITEM','RELEASE',1,'STAT_E',NULL,NULL,NULL,NULL,NULL);
INSERT INTO SM_CHECK_DEF (TABLE_ID,CHECK_TYPE,CHECK_ORDER,CHECK_KIND,FIELD_NAME,REF_TABLE,REF_FIELD,EXPECT_VALUE,ERR_MSG) VALUES ('TBLID_BMEAS_ID_ITEM','RELEASE',2,'STRING','lock_user',NULL,NULL,'',NULL);
INSERT INTO SM_CHECK_DEF (TABLE_ID,CHECK_TYPE,CHECK_ORDER,CHECK_KIND,FIELD_NAME,REF_TABLE,REF_FIELD,EXPECT_VALUE,ERR_MSG) VALUES ('TBLID_BMEAS_ID_ITEM','RELEASE',3,'NULLCHK','lock_time',NULL,NULL,NULL,NULL);
INSERT INTO SM_CHECK_DEF (TABLE_ID,CHECK_TYPE,CHECK_ORDER,CHECK_KIND,FIELD_NAME,REF_TABLE,REF_FIELD,EXPECT_VALUE,ERR_MSG) VALUES ('TBLID_BMEAS_ID_ITEM','RELEASE',4,'KEY','meas_item','0','',NULL,NULL);
INSERT INTO SM_CHECK_DEF (TABLE_ID,CHECK_TYPE,CHECK_ORDER,CHECK_KIND,FIELD_NAME,REF_TABLE,REF_FIELD,EXPECT_VALUE,ERR_MSG) VALUES ('TBLID_BMEAS_ID_ITEM','RELEASE',5,'STAT_R',NULL,NULL,NULL,NULL,NULL);
INSERT INTO SM_CHECK_DEF (TABLE_ID,CHECK_TYPE,CHECK_ORDER,CHECK_KIND,FIELD_NAME,REF_TABLE,REF_FIELD,EXPECT_VALUE,ERR_MSG) VALUES ('TBLID_BMEAS_ID_ITEM','RELEASE',6,'STRING','rel_ope_id',NULL,NULL,'',NULL);
INSERT INTO SM_CHECK_DEF (TABLE_ID,CHECK_TYPE,CHECK_ORDER,CHECK_KIND,FIELD_NAME,REF_TABLE,REF_FIELD,EXPECT_VALUE,ERR_MSG) VALUES ('TBLID_BMEAS_ID_ITEM','RELEASE',7,'STAT_R',NULL,NULL,NULL,NULL,NULL);
INSERT INTO SM_CHECK_DEF (TABLE_ID,CHECK_TYPE,CHECK_ORDER,CHECK_KIND,FIELD_NAME,REF_TABLE,REF_FIELD,EXPECT_VALUE,ERR_MSG) VALUES ('TBLID_BMEAS_ID_ITEM','RELEASE',8,'STRING','rel_ope_id',NULL,NULL,'e',NULL);
INSERT INTO SM_CHECK_DEF (TABLE_ID,CHECK_TYPE,CHECK_ORDER,CHECK_KIND,FIELD_NAME,REF_TABLE,REF_FIELD,EXPECT_VALUE,ERR_MSG) VALUES ('TBLID_BMEAS_ID_ITEM','RELEASE',9,'KEY','rel_ope_id','0','s',NULL,NULL);
INSERT INTO SM_CHECK_DEF (TABLE_ID,CHECK_TYPE,CHECK_ORDER,CHECK_KIND,FIELD_NAME,REF_TABLE,REF_FIELD,EXPECT_VALUE,ERR_MSG) VALUES ('TBLID_BMEAS_ID_ITEM','RELEASE',10,'STRING','rel_ope_id',NULL,NULL,'e',NULL);
INSERT INTO SM_CHECK_DEF (TABLE_ID,CHECK_TYPE,CHECK_ORDER,CHECK_KIND,FIELD_NAME,REF_TABLE,REF_FIELD,EXPECT_VALUE,ERR_MSG) VALUES ('TBLID_BMEAS_ID_ITEM','RELEASE',11,'RELEASE_PARAM','meas_id','D13',NULL,NULL,NULL);
INSERT INTO SM_CHECK_DEF (TABLE_ID,CHECK_TYPE,CHECK_ORDER,CHECK_KIND,FIELD_NAME,REF_TABLE,REF_FIELD,EXPECT_VALUE,ERR_MSG) VALUES ('TBLID_BMEAS_ID_ITEM','RELEASE',12,'RELEASE_WRITE','meas_item','D0',NULL,NULL,NULL);
INSERT INTO SM_CHECK_DEF (TABLE_ID,CHECK_TYPE,CHECK_ORDER,CHECK_KIND,FIELD_NAME,REF_TABLE,REF_FIELD,EXPECT_VALUE,ERR_MSG) VALUES ('TBLID_BMEAS_ID_ITEM','RELEASE',13,'RELEASE_WRITE','item_seq_no','D0',NULL,NULL,NULL);
INSERT INTO SM_CHECK_DEF (TABLE_ID,CHECK_TYPE,CHECK_ORDER,CHECK_KIND,FIELD_NAME,REF_TABLE,REF_FIELD,EXPECT_VALUE,ERR_MSG) VALUES ('TBLID_BMEAS_ID_ITEM','RELEASE',14,'RELEASE_WRITE','meas_data_itemg','D0',NULL,NULL,NULL);
INSERT INTO SM_CHECK_DEF (TABLE_ID,CHECK_TYPE,CHECK_ORDER,CHECK_KIND,FIELD_NAME,REF_TABLE,REF_FIELD,EXPECT_VALUE,ERR_MSG) VALUES ('TBLID_BMEAS_ID_ITEM','RELEASE',15,'RELEASE_WRITE','meas_pnt_cnt','D0',NULL,NULL,NULL);
INSERT INTO SM_CHECK_DEF (TABLE_ID,CHECK_TYPE,CHECK_ORDER,CHECK_KIND,FIELD_NAME,REF_TABLE,REF_FIELD,EXPECT_VALUE,ERR_MSG) VALUES ('TBLID_BMEAS_ID_ITEM','RELEASE',16,'RELEASE_WRITE','std_chk_flg','D0',NULL,NULL,NULL);
INSERT INTO SM_CHECK_DEF (TABLE_ID,CHECK_TYPE,CHECK_ORDER,CHECK_KIND,FIELD_NAME,REF_TABLE,REF_FIELD,EXPECT_VALUE,ERR_MSG) VALUES ('TBLID_BMEAS_ID_ITEM','RELEASE',17,'RELEASE_WRITE','inp_mode','D0',NULL,NULL,NULL);
INSERT INTO SM_CHECK_DEF (TABLE_ID,CHECK_TYPE,CHECK_ORDER,CHECK_KIND,FIELD_NAME,REF_TABLE,REF_FIELD,EXPECT_VALUE,ERR_MSG) VALUES ('TBLID_BMEAS_ID_ITEM','RELEASE',18,'RELEASE_WRITE','calc_code','D0',NULL,NULL,NULL);
INSERT INTO SM_CHECK_DEF (TABLE_ID,CHECK_TYPE,CHECK_ORDER,CHECK_KIND,FIELD_NAME,REF_TABLE,REF_FIELD,EXPECT_VALUE,ERR_MSG) VALUES ('TBLID_BMEAS_ID_ITEM','RELEASE',19,'RELEASE_WRITE','calc_parm1','D0',NULL,NULL,NULL);
INSERT INTO SM_CHECK_DEF (TABLE_ID,CHECK_TYPE,CHECK_ORDER,CHECK_KIND,FIELD_NAME,REF_TABLE,REF_FIELD,EXPECT_VALUE,ERR_MSG) VALUES ('TBLID_BMEAS_ID_ITEM','RELEASE',20,'RELEASE_WRITE','calc_parm2','D0',NULL,NULL,NULL);
INSERT INTO SM_CHECK_DEF (TABLE_ID,CHECK_TYPE,CHECK_ORDER,CHECK_KIND,FIELD_NAME,REF_TABLE,REF_FIELD,EXPECT_VALUE,ERR_MSG) VALUES ('TBLID_BMEAS_ID_ITEM','RELEASE',21,'RELEASE_WRITE','calc_parm3','D0',NULL,NULL,NULL);
INSERT INTO SM_CHECK_DEF (TABLE_ID,CHECK_TYPE,CHECK_ORDER,CHECK_KIND,FIELD_NAME,REF_TABLE,REF_FIELD,EXPECT_VALUE,ERR_MSG) VALUES ('TBLID_BMEAS_ID_ITEM','RELEASE',22,'RELEASE_WRITE','calc_parm4','D0',NULL,NULL,NULL);
INSERT INTO SM_CHECK_DEF (TABLE_ID,CHECK_TYPE,CHECK_ORDER,CHECK_KIND,FIELD_NAME,REF_TABLE,REF_FIELD,EXPECT_VALUE,ERR_MSG) VALUES ('TBLID_BMEAS_ID_ITEM','RELEASE',23,'RELEASE_WRITE','calc_parm5','D0',NULL,NULL,NULL);
INSERT INTO SM_CHECK_DEF (TABLE_ID,CHECK_TYPE,CHECK_ORDER,CHECK_KIND,FIELD_NAME,REF_TABLE,REF_FIELD,EXPECT_VALUE,ERR_MSG) VALUES ('TBLID_BMEAS_ID_ITEM','RELEASE',24,'RELEASE_WRITE','calc_parm6','D0',NULL,NULL,NULL);
INSERT INTO SM_CHECK_DEF (TABLE_ID,CHECK_TYPE,CHECK_ORDER,CHECK_KIND,FIELD_NAME,REF_TABLE,REF_FIELD,EXPECT_VALUE,ERR_MSG) VALUES ('TBLID_BMEAS_ID_ITEM','RELEASE',25,'RELEASE_WRITE','calc_parm7','D0',NULL,NULL,NULL);
INSERT INTO SM_CHECK_DEF (TABLE_ID,CHECK_TYPE,CHECK_ORDER,CHECK_KIND,FIELD_NAME,REF_TABLE,REF_FIELD,EXPECT_VALUE,ERR_MSG) VALUES ('TBLID_BMEAS_ID_ITEM','RELEASE',26,'RELEASE_WRITE','calc_parm8','D0',NULL,NULL,NULL);
INSERT INTO SM_CHECK_DEF (TABLE_ID,CHECK_TYPE,CHECK_ORDER,CHECK_KIND,FIELD_NAME,REF_TABLE,REF_FIELD,EXPECT_VALUE,ERR_MSG) VALUES ('TBLID_BMEAS_ID_ITEM','RELEASE',27,'RELEASE_WRITE','calc_parm9','D0',NULL,NULL,NULL);
INSERT INTO SM_CHECK_DEF (TABLE_ID,CHECK_TYPE,CHECK_ORDER,CHECK_KIND,FIELD_NAME,REF_TABLE,REF_FIELD,EXPECT_VALUE,ERR_MSG) VALUES ('TBLID_BMEAS_ID_ITEM','RELEASE',28,'RELEASE_WRITE','calc_parm10','D0',NULL,NULL,NULL);
INSERT INTO SM_CHECK_DEF (TABLE_ID,CHECK_TYPE,CHECK_ORDER,CHECK_KIND,FIELD_NAME,REF_TABLE,REF_FIELD,EXPECT_VALUE,ERR_MSG) VALUES ('TBLID_BMEAS_ID_ITEM','RELEASE',29,'RELEASE_WRITE','rel_ope_id','D0',NULL,NULL,NULL);
INSERT INTO SM_CHECK_DEF (TABLE_ID,CHECK_TYPE,CHECK_ORDER,CHECK_KIND,FIELD_NAME,REF_TABLE,REF_FIELD,EXPECT_VALUE,ERR_MSG) VALUES ('TBLID_BMEAS_ID_ITEM','RELEASE',30,'RELEASE_WRITE','ship_jdg_flg','D0',NULL,NULL,NULL);
INSERT INTO SM_CHECK_DEF (TABLE_ID,CHECK_TYPE,CHECK_ORDER,CHECK_KIND,FIELD_NAME,REF_TABLE,REF_FIELD,EXPECT_VALUE,ERR_MSG) VALUES ('TBLID_BMEAS_ID_ITEM','RELEASE',31,'RELEASE_WRITE','calc_parm11','D0',NULL,NULL,NULL);
INSERT INTO SM_CHECK_DEF (TABLE_ID,CHECK_TYPE,CHECK_ORDER,CHECK_KIND,FIELD_NAME,REF_TABLE,REF_FIELD,EXPECT_VALUE,ERR_MSG) VALUES ('TBLID_BMEAS_ID_ITEM','RELEASE',32,'RELEASE_WRITE','calc_parm12','D0',NULL,NULL,NULL);
INSERT INTO SM_CHECK_DEF (TABLE_ID,CHECK_TYPE,CHECK_ORDER,CHECK_KIND,FIELD_NAME,REF_TABLE,REF_FIELD,EXPECT_VALUE,ERR_MSG) VALUES ('TBLID_BMEAS_ID_ITEM','RELEASE',33,'RELEASE_WRITE','calc_parm13','D0',NULL,NULL,NULL);
INSERT INTO SM_CHECK_DEF (TABLE_ID,CHECK_TYPE,CHECK_ORDER,CHECK_KIND,FIELD_NAME,REF_TABLE,REF_FIELD,EXPECT_VALUE,ERR_MSG) VALUES ('TBLID_BMEAS_ID_ITEM','RELEASE',34,'RELEASE_WRITE','calc_parm14','D0',NULL,NULL,NULL);
INSERT INTO SM_CHECK_DEF (TABLE_ID,CHECK_TYPE,CHECK_ORDER,CHECK_KIND,FIELD_NAME,REF_TABLE,REF_FIELD,EXPECT_VALUE,ERR_MSG) VALUES ('TBLID_BMEAS_ID_ITEM','RELEASE',35,'RELEASE_WRITE','calc_parm15','D0',NULL,NULL,NULL);
INSERT INTO SM_CHECK_DEF (TABLE_ID,CHECK_TYPE,CHECK_ORDER,CHECK_KIND,FIELD_NAME,REF_TABLE,REF_FIELD,EXPECT_VALUE,ERR_MSG) VALUES ('TBLID_BMEAS_ID_ITEM','RELEASE',36,'RELEASE_WRITE','calc_parm16','D0',NULL,NULL,NULL);
INSERT INTO SM_CHECK_DEF (TABLE_ID,CHECK_TYPE,CHECK_ORDER,CHECK_KIND,FIELD_NAME,REF_TABLE,REF_FIELD,EXPECT_VALUE,ERR_MSG) VALUES ('TBLID_BMEAS_ID_ITEM','RELEASE',37,'RELEASE_WRITE','calc_parm17','D0',NULL,NULL,NULL);
INSERT INTO SM_CHECK_DEF (TABLE_ID,CHECK_TYPE,CHECK_ORDER,CHECK_KIND,FIELD_NAME,REF_TABLE,REF_FIELD,EXPECT_VALUE,ERR_MSG) VALUES ('TBLID_BMEAS_ID_ITEM','RELEASE',38,'RELEASE_WRITE','calc_parm18','D0',NULL,NULL,NULL);
INSERT INTO SM_CHECK_DEF (TABLE_ID,CHECK_TYPE,CHECK_ORDER,CHECK_KIND,FIELD_NAME,REF_TABLE,REF_FIELD,EXPECT_VALUE,ERR_MSG) VALUES ('TBLID_BMEAS_ID_ITEM','RELEASE',39,'RELEASE_WRITE','calc_parm19','D0',NULL,NULL,NULL);
INSERT INTO SM_CHECK_DEF (TABLE_ID,CHECK_TYPE,CHECK_ORDER,CHECK_KIND,FIELD_NAME,REF_TABLE,REF_FIELD,EXPECT_VALUE,ERR_MSG) VALUES ('TBLID_BMEAS_ID_ITEM','RELEASE',40,'RELEASE_WRITE','calc_parm20','D0',NULL,NULL,NULL);
INSERT INTO SM_CHECK_DEF (TABLE_ID,CHECK_TYPE,CHECK_ORDER,CHECK_KIND,FIELD_NAME,REF_TABLE,REF_FIELD,EXPECT_VALUE,ERR_MSG) VALUES ('TBLID_BMEAS_ID_ITEM','RELEASE',41,'RELEASE_WRITE','SPC_FLG','D0',NULL,NULL,NULL);
INSERT INTO SM_CHECK_DEF (TABLE_ID,CHECK_TYPE,CHECK_ORDER,CHECK_KIND,FIELD_NAME,REF_TABLE,REF_FIELD,EXPECT_VALUE,ERR_MSG) VALUES ('TBLID_BMEAS_ID_ITEM','DELETE',1,'STAT_R',NULL,NULL,NULL,NULL,NULL);
INSERT INTO SM_CHECK_DEF (TABLE_ID,CHECK_TYPE,CHECK_ORDER,CHECK_KIND,FIELD_NAME,REF_TABLE,REF_FIELD,EXPECT_VALUE,ERR_MSG) VALUES ('TBLID_BMEAS_ID_ITEM','DELETE',2,'STRING','lock_user',NULL,NULL,'',NULL);
INSERT INTO SM_CHECK_DEF (TABLE_ID,CHECK_TYPE,CHECK_ORDER,CHECK_KIND,FIELD_NAME,REF_TABLE,REF_FIELD,EXPECT_VALUE,ERR_MSG) VALUES ('TBLID_BMEAS_ID_ITEM','DELETE',3,'NULLCHK','lock_time',NULL,NULL,NULL,NULL);
INSERT INTO SM_CHECK_DEF (TABLE_ID,CHECK_TYPE,CHECK_ORDER,CHECK_KIND,FIELD_NAME,REF_TABLE,REF_FIELD,EXPECT_VALUE,ERR_MSG) VALUES ('TBLID_BMEAS_ID_ITEM','EDITCOMP',1,'STAT_E',NULL,NULL,NULL,NULL,NULL);
INSERT INTO SM_CHECK_DEF (TABLE_ID,CHECK_TYPE,CHECK_ORDER,CHECK_KIND,FIELD_NAME,REF_TABLE,REF_FIELD,EXPECT_VALUE,ERR_MSG) VALUES ('TBLID_BMEAS_ID_ITEM','EDITCOMP',2,'COMP_N',NULL,NULL,NULL,NULL,'记录已编辑完成');

-- BMEAS_ITEM
INSERT INTO SM_TABLE_DEF (TABLE_ID, TABLE_NAME, JP_TITLE, US_TITLE, RELEASE_FLAG, DISTRIBUTE_FLAG, PERMISSION_TYPE, SCHEMA_TYPE, HAS_DUMMY, SORT_NO)
VALUES ('TBLID_BMEAS_ITEM', 'BMEAS_ITEM', 'BMEAS_ITEM', 'BMEAS_ITEM', 'Y', 'N', 'C', 'L', 'Y', 390);
INSERT INTO SM_FIELD_DEF (TABLE_ID,FIELD_NAME,JP_TITLE,US_TITLE,DB_TYPE,DB_LENGTH,IS_KEY,NOT_BLANK,IS_DUMMY,IS_SEARCH_ITEM,SORT_NO,TREE_LEVEL,SHEET_NO,PAGE_NO,PROPERTY_NO,IS_AUTO,IS_MANDATORY,SYSTEM_READONLY,FIELD_TYPE,FIELD_LENGTH,INPUT_ALPHABET,INPUT_MULTIBYTE,INPUT_NUMERIC,INPUT_SYMBOL,INPUT_UPPERCASE,RETRIEVAL_TABLE,FORMAT,DEFAULT_VALUE,MIN_VALUE,MAX_VALUE,CALENDAR_BUTTON,JUMP_BUTTON,OPEN_BUTTON,REF_TABLE_ID,REF_FIELD_NAME,SPECIAL_BUTTON) VALUES ('TBLID_BMEAS_ITEM','MEAS_ITEM','MEAS_ITEM','MEAS_ITEM','STRING',10,'N','Y','N','Y',-1,-1,0,0,0,'N','N','N','STRING',0,'Y',0,'Y','Y','Y','NONE',NULL,NULL,NULL,NULL,'N','N',0,NULL,NULL,0);
INSERT INTO SM_FIELD_DEF (TABLE_ID,FIELD_NAME,JP_TITLE,US_TITLE,DB_TYPE,DB_LENGTH,IS_KEY,NOT_BLANK,IS_DUMMY,IS_SEARCH_ITEM,SORT_NO,TREE_LEVEL,SHEET_NO,PAGE_NO,PROPERTY_NO,IS_AUTO,IS_MANDATORY,SYSTEM_READONLY,FIELD_TYPE,FIELD_LENGTH,INPUT_ALPHABET,INPUT_MULTIBYTE,INPUT_NUMERIC,INPUT_SYMBOL,INPUT_UPPERCASE,RETRIEVAL_TABLE,FORMAT,DEFAULT_VALUE,MIN_VALUE,MAX_VALUE,CALENDAR_BUTTON,JUMP_BUTTON,OPEN_BUTTON,REF_TABLE_ID,REF_FIELD_NAME,SPECIAL_BUTTON) VALUES ('TBLID_BMEAS_ITEM','MEAS_ITEM_NAME','MEAS_ITEM_NAME','MEAS_ITEM_NAME','STRING',40,'N','Y','N','Y',-1,-1,0,0,0,'N','N','N','STRING',0,'Y',0,'Y','Y','Y','NONE',NULL,NULL,NULL,NULL,'N','N',0,NULL,NULL,0);
INSERT INTO SM_FIELD_DEF (TABLE_ID,FIELD_NAME,JP_TITLE,US_TITLE,DB_TYPE,DB_LENGTH,IS_KEY,NOT_BLANK,IS_DUMMY,IS_SEARCH_ITEM,SORT_NO,TREE_LEVEL,SHEET_NO,PAGE_NO,PROPERTY_NO,IS_AUTO,IS_MANDATORY,SYSTEM_READONLY,FIELD_TYPE,FIELD_LENGTH,INPUT_ALPHABET,INPUT_MULTIBYTE,INPUT_NUMERIC,INPUT_SYMBOL,INPUT_UPPERCASE,RETRIEVAL_TABLE,FORMAT,DEFAULT_VALUE,MIN_VALUE,MAX_VALUE,CALENDAR_BUTTON,JUMP_BUTTON,OPEN_BUTTON,REF_TABLE_ID,REF_FIELD_NAME,SPECIAL_BUTTON) VALUES ('TBLID_BMEAS_ITEM','MEAS_ITEM_DESC','MEAS_ITEM_DESC','MEAS_ITEM_DESC','STRING',80,'N','Y','N','Y',-1,-1,0,0,0,'N','N','N','STRING',0,'Y',0,'Y','Y','Y','NONE',NULL,NULL,NULL,NULL,'N','N',0,NULL,NULL,0);
INSERT INTO SM_FIELD_DEF (TABLE_ID,FIELD_NAME,JP_TITLE,US_TITLE,DB_TYPE,DB_LENGTH,IS_KEY,NOT_BLANK,IS_DUMMY,IS_SEARCH_ITEM,SORT_NO,TREE_LEVEL,SHEET_NO,PAGE_NO,PROPERTY_NO,IS_AUTO,IS_MANDATORY,SYSTEM_READONLY,FIELD_TYPE,FIELD_LENGTH,INPUT_ALPHABET,INPUT_MULTIBYTE,INPUT_NUMERIC,INPUT_SYMBOL,INPUT_UPPERCASE,RETRIEVAL_TABLE,FORMAT,DEFAULT_VALUE,MIN_VALUE,MAX_VALUE,CALENDAR_BUTTON,JUMP_BUTTON,OPEN_BUTTON,REF_TABLE_ID,REF_FIELD_NAME,SPECIAL_BUTTON) VALUES ('TBLID_BMEAS_ITEM','DATA_TYPE','DATA_TYPE','DATA_TYPE','STRING',1,'N','Y','N','Y',-1,-1,0,0,0,'N','N','N','STRING',0,'Y',0,'Y','Y','Y','NONE',NULL,NULL,NULL,NULL,'N','N',0,NULL,NULL,0);
INSERT INTO SM_FIELD_DEF (TABLE_ID,FIELD_NAME,JP_TITLE,US_TITLE,DB_TYPE,DB_LENGTH,IS_KEY,NOT_BLANK,IS_DUMMY,IS_SEARCH_ITEM,SORT_NO,TREE_LEVEL,SHEET_NO,PAGE_NO,PROPERTY_NO,IS_AUTO,IS_MANDATORY,SYSTEM_READONLY,FIELD_TYPE,FIELD_LENGTH,INPUT_ALPHABET,INPUT_MULTIBYTE,INPUT_NUMERIC,INPUT_SYMBOL,INPUT_UPPERCASE,RETRIEVAL_TABLE,FORMAT,DEFAULT_VALUE,MIN_VALUE,MAX_VALUE,CALENDAR_BUTTON,JUMP_BUTTON,OPEN_BUTTON,REF_TABLE_ID,REF_FIELD_NAME,SPECIAL_BUTTON) VALUES ('TBLID_BMEAS_ITEM','MEAS_UNIT','MEAS_UNIT','MEAS_UNIT','STRING',10,'N','Y','N','Y',-1,-1,0,0,0,'N','N','N','STRING',0,'Y',0,'Y','Y','Y','NONE',NULL,NULL,NULL,NULL,'N','N',0,NULL,NULL,0);
INSERT INTO SM_FIELD_DEF (TABLE_ID,FIELD_NAME,JP_TITLE,US_TITLE,DB_TYPE,DB_LENGTH,IS_KEY,NOT_BLANK,IS_DUMMY,IS_SEARCH_ITEM,SORT_NO,TREE_LEVEL,SHEET_NO,PAGE_NO,PROPERTY_NO,IS_AUTO,IS_MANDATORY,SYSTEM_READONLY,FIELD_TYPE,FIELD_LENGTH,INPUT_ALPHABET,INPUT_MULTIBYTE,INPUT_NUMERIC,INPUT_SYMBOL,INPUT_UPPERCASE,RETRIEVAL_TABLE,FORMAT,DEFAULT_VALUE,MIN_VALUE,MAX_VALUE,CALENDAR_BUTTON,JUMP_BUTTON,OPEN_BUTTON,REF_TABLE_ID,REF_FIELD_NAME,SPECIAL_BUTTON) VALUES ('TBLID_BMEAS_ITEM','INSP_CAT','INSP_CAT','INSP_CAT','STRING',1,'N','Y','N','Y',-1,-1,0,0,0,'N','N','N','STRING',0,'Y',0,'Y','Y','Y','NONE',NULL,NULL,NULL,NULL,'N','N',0,NULL,NULL,0);
INSERT INTO SM_CHECK_DEF (TABLE_ID,CHECK_TYPE,CHECK_ORDER,CHECK_KIND,FIELD_NAME,REF_TABLE,REF_FIELD,EXPECT_VALUE,ERR_MSG) VALUES ('TBLID_BMEAS_ITEM','SAVE',1,'STAT_E',NULL,NULL,NULL,NULL,NULL);
INSERT INTO SM_CHECK_DEF (TABLE_ID,CHECK_TYPE,CHECK_ORDER,CHECK_KIND,FIELD_NAME,REF_TABLE,REF_FIELD,EXPECT_VALUE,ERR_MSG) VALUES ('TBLID_BMEAS_ITEM','SAVE',2,'STRING','lock_user',NULL,NULL,'',NULL);
INSERT INTO SM_CHECK_DEF (TABLE_ID,CHECK_TYPE,CHECK_ORDER,CHECK_KIND,FIELD_NAME,REF_TABLE,REF_FIELD,EXPECT_VALUE,ERR_MSG) VALUES ('TBLID_BMEAS_ITEM','SAVE',3,'NULLCHK','lock_time',NULL,NULL,NULL,NULL);
INSERT INTO SM_CHECK_DEF (TABLE_ID,CHECK_TYPE,CHECK_ORDER,CHECK_KIND,FIELD_NAME,REF_TABLE,REF_FIELD,EXPECT_VALUE,ERR_MSG) VALUES ('TBLID_BMEAS_ITEM','RELEASE',1,'STAT_E',NULL,NULL,NULL,NULL,NULL);
INSERT INTO SM_CHECK_DEF (TABLE_ID,CHECK_TYPE,CHECK_ORDER,CHECK_KIND,FIELD_NAME,REF_TABLE,REF_FIELD,EXPECT_VALUE,ERR_MSG) VALUES ('TBLID_BMEAS_ITEM','RELEASE',2,'STRING','lock_user',NULL,NULL,'',NULL);
INSERT INTO SM_CHECK_DEF (TABLE_ID,CHECK_TYPE,CHECK_ORDER,CHECK_KIND,FIELD_NAME,REF_TABLE,REF_FIELD,EXPECT_VALUE,ERR_MSG) VALUES ('TBLID_BMEAS_ITEM','RELEASE',3,'NULLCHK','lock_time',NULL,NULL,NULL,NULL);
INSERT INTO SM_CHECK_DEF (TABLE_ID,CHECK_TYPE,CHECK_ORDER,CHECK_KIND,FIELD_NAME,REF_TABLE,REF_FIELD,EXPECT_VALUE,ERR_MSG) VALUES ('TBLID_BMEAS_ITEM','RELEASE',4,'RELEASE_PARAM','meas_item','D10',NULL,NULL,NULL);
INSERT INTO SM_CHECK_DEF (TABLE_ID,CHECK_TYPE,CHECK_ORDER,CHECK_KIND,FIELD_NAME,REF_TABLE,REF_FIELD,EXPECT_VALUE,ERR_MSG) VALUES ('TBLID_BMEAS_ITEM','RELEASE',5,'RELEASE_WRITE','meas_item_name','D0',NULL,NULL,NULL);
INSERT INTO SM_CHECK_DEF (TABLE_ID,CHECK_TYPE,CHECK_ORDER,CHECK_KIND,FIELD_NAME,REF_TABLE,REF_FIELD,EXPECT_VALUE,ERR_MSG) VALUES ('TBLID_BMEAS_ITEM','RELEASE',6,'RELEASE_WRITE','meas_item_desc','D0',NULL,NULL,NULL);
INSERT INTO SM_CHECK_DEF (TABLE_ID,CHECK_TYPE,CHECK_ORDER,CHECK_KIND,FIELD_NAME,REF_TABLE,REF_FIELD,EXPECT_VALUE,ERR_MSG) VALUES ('TBLID_BMEAS_ITEM','RELEASE',7,'RELEASE_WRITE','data_type','D0',NULL,NULL,NULL);
INSERT INTO SM_CHECK_DEF (TABLE_ID,CHECK_TYPE,CHECK_ORDER,CHECK_KIND,FIELD_NAME,REF_TABLE,REF_FIELD,EXPECT_VALUE,ERR_MSG) VALUES ('TBLID_BMEAS_ITEM','RELEASE',8,'RELEASE_WRITE','meas_unit','D0',NULL,NULL,NULL);
INSERT INTO SM_CHECK_DEF (TABLE_ID,CHECK_TYPE,CHECK_ORDER,CHECK_KIND,FIELD_NAME,REF_TABLE,REF_FIELD,EXPECT_VALUE,ERR_MSG) VALUES ('TBLID_BMEAS_ITEM','RELEASE',9,'RELEASE_WRITE','insp_cat','D0',NULL,NULL,NULL);
INSERT INTO SM_CHECK_DEF (TABLE_ID,CHECK_TYPE,CHECK_ORDER,CHECK_KIND,FIELD_NAME,REF_TABLE,REF_FIELD,EXPECT_VALUE,ERR_MSG) VALUES ('TBLID_BMEAS_ITEM','DELETE',1,'STAT_R',NULL,NULL,NULL,NULL,NULL);
INSERT INTO SM_CHECK_DEF (TABLE_ID,CHECK_TYPE,CHECK_ORDER,CHECK_KIND,FIELD_NAME,REF_TABLE,REF_FIELD,EXPECT_VALUE,ERR_MSG) VALUES ('TBLID_BMEAS_ITEM','DELETE',2,'STRING','lock_user',NULL,NULL,'',NULL);
INSERT INTO SM_CHECK_DEF (TABLE_ID,CHECK_TYPE,CHECK_ORDER,CHECK_KIND,FIELD_NAME,REF_TABLE,REF_FIELD,EXPECT_VALUE,ERR_MSG) VALUES ('TBLID_BMEAS_ITEM','DELETE',3,'NULLCHK','lock_time',NULL,NULL,NULL,NULL);
INSERT INTO SM_CHECK_DEF (TABLE_ID,CHECK_TYPE,CHECK_ORDER,CHECK_KIND,FIELD_NAME,REF_TABLE,REF_FIELD,EXPECT_VALUE,ERR_MSG) VALUES ('TBLID_BMEAS_ITEM','DELETE',4,'KEY','meas_item','0','',NULL,NULL);
INSERT INTO SM_CHECK_DEF (TABLE_ID,CHECK_TYPE,CHECK_ORDER,CHECK_KIND,FIELD_NAME,REF_TABLE,REF_FIELD,EXPECT_VALUE,ERR_MSG) VALUES ('TBLID_BMEAS_ITEM','DELETE',5,'STAT_R',NULL,NULL,NULL,NULL,NULL);
INSERT INTO SM_CHECK_DEF (TABLE_ID,CHECK_TYPE,CHECK_ORDER,CHECK_KIND,FIELD_NAME,REF_TABLE,REF_FIELD,EXPECT_VALUE,ERR_MSG) VALUES ('TBLID_BMEAS_ITEM','DELETE',6,'KEY','meas_item','0','',NULL,NULL);
INSERT INTO SM_CHECK_DEF (TABLE_ID,CHECK_TYPE,CHECK_ORDER,CHECK_KIND,FIELD_NAME,REF_TABLE,REF_FIELD,EXPECT_VALUE,ERR_MSG) VALUES ('TBLID_BMEAS_ITEM','DELETE',7,'STAT_R',NULL,NULL,NULL,NULL,NULL);
INSERT INTO SM_CHECK_DEF (TABLE_ID,CHECK_TYPE,CHECK_ORDER,CHECK_KIND,FIELD_NAME,REF_TABLE,REF_FIELD,EXPECT_VALUE,ERR_MSG) VALUES ('TBLID_BMEAS_ITEM','DELETE',8,'KEY','meas_item','0','',NULL,NULL);
INSERT INTO SM_CHECK_DEF (TABLE_ID,CHECK_TYPE,CHECK_ORDER,CHECK_KIND,FIELD_NAME,REF_TABLE,REF_FIELD,EXPECT_VALUE,ERR_MSG) VALUES ('TBLID_BMEAS_ITEM','DELETE',9,'STAT_R',NULL,NULL,NULL,NULL,NULL);
INSERT INTO SM_CHECK_DEF (TABLE_ID,CHECK_TYPE,CHECK_ORDER,CHECK_KIND,FIELD_NAME,REF_TABLE,REF_FIELD,EXPECT_VALUE,ERR_MSG) VALUES ('TBLID_BMEAS_ITEM','DELETE',10,'KEY','meas_item','0','',NULL,NULL);
INSERT INTO SM_CHECK_DEF (TABLE_ID,CHECK_TYPE,CHECK_ORDER,CHECK_KIND,FIELD_NAME,REF_TABLE,REF_FIELD,EXPECT_VALUE,ERR_MSG) VALUES ('TBLID_BMEAS_ITEM','DELETE',11,'STAT_R',NULL,NULL,NULL,NULL,NULL);
INSERT INTO SM_CHECK_DEF (TABLE_ID,CHECK_TYPE,CHECK_ORDER,CHECK_KIND,FIELD_NAME,REF_TABLE,REF_FIELD,EXPECT_VALUE,ERR_MSG) VALUES ('TBLID_BMEAS_ITEM','EDITCOMP',1,'STAT_E',NULL,NULL,NULL,NULL,NULL);
INSERT INTO SM_CHECK_DEF (TABLE_ID,CHECK_TYPE,CHECK_ORDER,CHECK_KIND,FIELD_NAME,REF_TABLE,REF_FIELD,EXPECT_VALUE,ERR_MSG) VALUES ('TBLID_BMEAS_ITEM','EDITCOMP',2,'COMP_N',NULL,NULL,NULL,NULL,'记录已编辑完成');

-- BMEAS_LOOKUP
INSERT INTO SM_TABLE_DEF (TABLE_ID, TABLE_NAME, JP_TITLE, US_TITLE, RELEASE_FLAG, DISTRIBUTE_FLAG, PERMISSION_TYPE, SCHEMA_TYPE, HAS_DUMMY, SORT_NO)
VALUES ('TBLID_BMEAS_LOOKUP', 'BMEAS_LOOKUP', 'BMEAS_LOOKUP', 'BMEAS_LOOKUP', 'Y', 'N', 'C', 'L', 'N', 400);
INSERT INTO SM_FIELD_DEF (TABLE_ID,FIELD_NAME,JP_TITLE,US_TITLE,DB_TYPE,DB_LENGTH,IS_KEY,NOT_BLANK,IS_DUMMY,IS_SEARCH_ITEM,SORT_NO,TREE_LEVEL,SHEET_NO,PAGE_NO,PROPERTY_NO,IS_AUTO,IS_MANDATORY,SYSTEM_READONLY,FIELD_TYPE,FIELD_LENGTH,INPUT_ALPHABET,INPUT_MULTIBYTE,INPUT_NUMERIC,INPUT_SYMBOL,INPUT_UPPERCASE,RETRIEVAL_TABLE,FORMAT,DEFAULT_VALUE,MIN_VALUE,MAX_VALUE,CALENDAR_BUTTON,JUMP_BUTTON,OPEN_BUTTON,REF_TABLE_ID,REF_FIELD_NAME,SPECIAL_BUTTON) VALUES ('TBLID_BMEAS_LOOKUP','ROUTE_ID','ROUTE_ID','ROUTE_ID','STRING',12,'N','Y','N','Y',-1,-1,0,0,0,'N','N','N','STRING',0,'Y',0,'Y','Y','Y','NONE',NULL,NULL,NULL,NULL,'N','N',0,NULL,NULL,0);
INSERT INTO SM_FIELD_DEF (TABLE_ID,FIELD_NAME,JP_TITLE,US_TITLE,DB_TYPE,DB_LENGTH,IS_KEY,NOT_BLANK,IS_DUMMY,IS_SEARCH_ITEM,SORT_NO,TREE_LEVEL,SHEET_NO,PAGE_NO,PROPERTY_NO,IS_AUTO,IS_MANDATORY,SYSTEM_READONLY,FIELD_TYPE,FIELD_LENGTH,INPUT_ALPHABET,INPUT_MULTIBYTE,INPUT_NUMERIC,INPUT_SYMBOL,INPUT_UPPERCASE,RETRIEVAL_TABLE,FORMAT,DEFAULT_VALUE,MIN_VALUE,MAX_VALUE,CALENDAR_BUTTON,JUMP_BUTTON,OPEN_BUTTON,REF_TABLE_ID,REF_FIELD_NAME,SPECIAL_BUTTON) VALUES ('TBLID_BMEAS_LOOKUP','ROUTE_VER','ROUTE_VER','ROUTE_VER','STRING',3,'N','Y','N','Y',-1,-1,0,0,0,'N','N','N','STRING',0,'Y',0,'Y','Y','Y','NONE',NULL,NULL,NULL,NULL,'N','N',0,NULL,NULL,0);
INSERT INTO SM_FIELD_DEF (TABLE_ID,FIELD_NAME,JP_TITLE,US_TITLE,DB_TYPE,DB_LENGTH,IS_KEY,NOT_BLANK,IS_DUMMY,IS_SEARCH_ITEM,SORT_NO,TREE_LEVEL,SHEET_NO,PAGE_NO,PROPERTY_NO,IS_AUTO,IS_MANDATORY,SYSTEM_READONLY,FIELD_TYPE,FIELD_LENGTH,INPUT_ALPHABET,INPUT_MULTIBYTE,INPUT_NUMERIC,INPUT_SYMBOL,INPUT_UPPERCASE,RETRIEVAL_TABLE,FORMAT,DEFAULT_VALUE,MIN_VALUE,MAX_VALUE,CALENDAR_BUTTON,JUMP_BUTTON,OPEN_BUTTON,REF_TABLE_ID,REF_FIELD_NAME,SPECIAL_BUTTON) VALUES ('TBLID_BMEAS_LOOKUP','OPE_NO','OPE_NO','OPE_NO','STRING',6,'N','Y','N','Y',-1,-1,0,0,0,'N','N','N','STRING',0,'Y',0,'Y','Y','Y','NONE',NULL,NULL,NULL,NULL,'N','N',0,NULL,NULL,0);
INSERT INTO SM_FIELD_DEF (TABLE_ID,FIELD_NAME,JP_TITLE,US_TITLE,DB_TYPE,DB_LENGTH,IS_KEY,NOT_BLANK,IS_DUMMY,IS_SEARCH_ITEM,SORT_NO,TREE_LEVEL,SHEET_NO,PAGE_NO,PROPERTY_NO,IS_AUTO,IS_MANDATORY,SYSTEM_READONLY,FIELD_TYPE,FIELD_LENGTH,INPUT_ALPHABET,INPUT_MULTIBYTE,INPUT_NUMERIC,INPUT_SYMBOL,INPUT_UPPERCASE,RETRIEVAL_TABLE,FORMAT,DEFAULT_VALUE,MIN_VALUE,MAX_VALUE,CALENDAR_BUTTON,JUMP_BUTTON,OPEN_BUTTON,REF_TABLE_ID,REF_FIELD_NAME,SPECIAL_BUTTON) VALUES ('TBLID_BMEAS_LOOKUP','PROD_ID','PROD_ID','PROD_ID','STRING',20,'N','Y','N','Y',-1,-1,0,0,0,'N','N','N','STRING',0,'Y',0,'Y','Y','Y','NONE',NULL,NULL,NULL,NULL,'N','N',0,NULL,NULL,0);
INSERT INTO SM_FIELD_DEF (TABLE_ID,FIELD_NAME,JP_TITLE,US_TITLE,DB_TYPE,DB_LENGTH,IS_KEY,NOT_BLANK,IS_DUMMY,IS_SEARCH_ITEM,SORT_NO,TREE_LEVEL,SHEET_NO,PAGE_NO,PROPERTY_NO,IS_AUTO,IS_MANDATORY,SYSTEM_READONLY,FIELD_TYPE,FIELD_LENGTH,INPUT_ALPHABET,INPUT_MULTIBYTE,INPUT_NUMERIC,INPUT_SYMBOL,INPUT_UPPERCASE,RETRIEVAL_TABLE,FORMAT,DEFAULT_VALUE,MIN_VALUE,MAX_VALUE,CALENDAR_BUTTON,JUMP_BUTTON,OPEN_BUTTON,REF_TABLE_ID,REF_FIELD_NAME,SPECIAL_BUTTON) VALUES ('TBLID_BMEAS_LOOKUP','EQP_ID','EQP_ID','EQP_ID','STRING',10,'N','Y','N','Y',-1,-1,0,0,0,'N','N','N','STRING',0,'Y',0,'Y','Y','Y','NONE',NULL,NULL,NULL,NULL,'N','N',0,NULL,NULL,0);
INSERT INTO SM_FIELD_DEF (TABLE_ID,FIELD_NAME,JP_TITLE,US_TITLE,DB_TYPE,DB_LENGTH,IS_KEY,NOT_BLANK,IS_DUMMY,IS_SEARCH_ITEM,SORT_NO,TREE_LEVEL,SHEET_NO,PAGE_NO,PROPERTY_NO,IS_AUTO,IS_MANDATORY,SYSTEM_READONLY,FIELD_TYPE,FIELD_LENGTH,INPUT_ALPHABET,INPUT_MULTIBYTE,INPUT_NUMERIC,INPUT_SYMBOL,INPUT_UPPERCASE,RETRIEVAL_TABLE,FORMAT,DEFAULT_VALUE,MIN_VALUE,MAX_VALUE,CALENDAR_BUTTON,JUMP_BUTTON,OPEN_BUTTON,REF_TABLE_ID,REF_FIELD_NAME,SPECIAL_BUTTON) VALUES ('TBLID_BMEAS_LOOKUP','MEAS_ID','MEAS_ID','MEAS_ID','STRING',13,'N','Y','N','Y',-1,-1,0,0,0,'N','N','N','STRING',0,'Y',0,'Y','Y','Y','NONE',NULL,NULL,NULL,NULL,'N','N',0,NULL,NULL,0);
INSERT INTO SM_CHECK_DEF (TABLE_ID,CHECK_TYPE,CHECK_ORDER,CHECK_KIND,FIELD_NAME,REF_TABLE,REF_FIELD,EXPECT_VALUE,ERR_MSG) VALUES ('TBLID_BMEAS_LOOKUP','SAVE',1,'STAT_E',NULL,NULL,NULL,NULL,NULL);
INSERT INTO SM_CHECK_DEF (TABLE_ID,CHECK_TYPE,CHECK_ORDER,CHECK_KIND,FIELD_NAME,REF_TABLE,REF_FIELD,EXPECT_VALUE,ERR_MSG) VALUES ('TBLID_BMEAS_LOOKUP','SAVE',2,'STRING','lock_user',NULL,NULL,'',NULL);
INSERT INTO SM_CHECK_DEF (TABLE_ID,CHECK_TYPE,CHECK_ORDER,CHECK_KIND,FIELD_NAME,REF_TABLE,REF_FIELD,EXPECT_VALUE,ERR_MSG) VALUES ('TBLID_BMEAS_LOOKUP','SAVE',3,'NULLCHK','lock_time',NULL,NULL,NULL,NULL);
INSERT INTO SM_CHECK_DEF (TABLE_ID,CHECK_TYPE,CHECK_ORDER,CHECK_KIND,FIELD_NAME,REF_TABLE,REF_FIELD,EXPECT_VALUE,ERR_MSG) VALUES ('TBLID_BMEAS_LOOKUP','SAVE',4,'STRING','prod_id',NULL,NULL,'',NULL);
INSERT INTO SM_CHECK_DEF (TABLE_ID,CHECK_TYPE,CHECK_ORDER,CHECK_KIND,FIELD_NAME,REF_TABLE,REF_FIELD,EXPECT_VALUE,ERR_MSG) VALUES ('TBLID_BMEAS_LOOKUP','SAVE',5,'KEY','prod_id','0','',NULL,NULL);
INSERT INTO SM_CHECK_DEF (TABLE_ID,CHECK_TYPE,CHECK_ORDER,CHECK_KIND,FIELD_NAME,REF_TABLE,REF_FIELD,EXPECT_VALUE,ERR_MSG) VALUES ('TBLID_BMEAS_LOOKUP','SAVE',6,'KEY','prod_id','0','',NULL,NULL);
INSERT INTO SM_CHECK_DEF (TABLE_ID,CHECK_TYPE,CHECK_ORDER,CHECK_KIND,FIELD_NAME,REF_TABLE,REF_FIELD,EXPECT_VALUE,ERR_MSG) VALUES ('TBLID_BMEAS_LOOKUP','SAVE',7,'STAT_R',NULL,NULL,NULL,NULL,NULL);
INSERT INTO SM_CHECK_DEF (TABLE_ID,CHECK_TYPE,CHECK_ORDER,CHECK_KIND,FIELD_NAME,REF_TABLE,REF_FIELD,EXPECT_VALUE,ERR_MSG) VALUES ('TBLID_BMEAS_LOOKUP','SAVE',8,'STRING','eqp_id',NULL,NULL,'',NULL);
INSERT INTO SM_CHECK_DEF (TABLE_ID,CHECK_TYPE,CHECK_ORDER,CHECK_KIND,FIELD_NAME,REF_TABLE,REF_FIELD,EXPECT_VALUE,ERR_MSG) VALUES ('TBLID_BMEAS_LOOKUP','SAVE',9,'KEY','eqp_id','0','',NULL,NULL);
INSERT INTO SM_CHECK_DEF (TABLE_ID,CHECK_TYPE,CHECK_ORDER,CHECK_KIND,FIELD_NAME,REF_TABLE,REF_FIELD,EXPECT_VALUE,ERR_MSG) VALUES ('TBLID_BMEAS_LOOKUP','SAVE',10,'KEY','eqp_id','0','',NULL,NULL);
INSERT INTO SM_CHECK_DEF (TABLE_ID,CHECK_TYPE,CHECK_ORDER,CHECK_KIND,FIELD_NAME,REF_TABLE,REF_FIELD,EXPECT_VALUE,ERR_MSG) VALUES ('TBLID_BMEAS_LOOKUP','SAVE',11,'STAT_R',NULL,NULL,NULL,NULL,NULL);
INSERT INTO SM_CHECK_DEF (TABLE_ID,CHECK_TYPE,CHECK_ORDER,CHECK_KIND,FIELD_NAME,REF_TABLE,REF_FIELD,EXPECT_VALUE,ERR_MSG) VALUES ('TBLID_BMEAS_LOOKUP','SAVE',12,'KEY','meas_id','0','',NULL,NULL);
INSERT INTO SM_CHECK_DEF (TABLE_ID,CHECK_TYPE,CHECK_ORDER,CHECK_KIND,FIELD_NAME,REF_TABLE,REF_FIELD,EXPECT_VALUE,ERR_MSG) VALUES ('TBLID_BMEAS_LOOKUP','SAVE',13,'KEY','meas_id','0','',NULL,NULL);
INSERT INTO SM_CHECK_DEF (TABLE_ID,CHECK_TYPE,CHECK_ORDER,CHECK_KIND,FIELD_NAME,REF_TABLE,REF_FIELD,EXPECT_VALUE,ERR_MSG) VALUES ('TBLID_BMEAS_LOOKUP','SAVE',14,'STAT_R',NULL,NULL,NULL,NULL,NULL);
INSERT INTO SM_CHECK_DEF (TABLE_ID,CHECK_TYPE,CHECK_ORDER,CHECK_KIND,FIELD_NAME,REF_TABLE,REF_FIELD,EXPECT_VALUE,ERR_MSG) VALUES ('TBLID_BMEAS_LOOKUP','SAVE',15,'KEY','route_id','0','',NULL,NULL);
INSERT INTO SM_CHECK_DEF (TABLE_ID,CHECK_TYPE,CHECK_ORDER,CHECK_KIND,FIELD_NAME,REF_TABLE,REF_FIELD,EXPECT_VALUE,ERR_MSG) VALUES ('TBLID_BMEAS_LOOKUP','SAVE',16,'KEY','route_ver','0','',NULL,NULL);
INSERT INTO SM_CHECK_DEF (TABLE_ID,CHECK_TYPE,CHECK_ORDER,CHECK_KIND,FIELD_NAME,REF_TABLE,REF_FIELD,EXPECT_VALUE,ERR_MSG) VALUES ('TBLID_BMEAS_LOOKUP','RELEASE',1,'STAT_E',NULL,NULL,NULL,NULL,NULL);
INSERT INTO SM_CHECK_DEF (TABLE_ID,CHECK_TYPE,CHECK_ORDER,CHECK_KIND,FIELD_NAME,REF_TABLE,REF_FIELD,EXPECT_VALUE,ERR_MSG) VALUES ('TBLID_BMEAS_LOOKUP','RELEASE',2,'STRING','lock_user',NULL,NULL,'',NULL);
INSERT INTO SM_CHECK_DEF (TABLE_ID,CHECK_TYPE,CHECK_ORDER,CHECK_KIND,FIELD_NAME,REF_TABLE,REF_FIELD,EXPECT_VALUE,ERR_MSG) VALUES ('TBLID_BMEAS_LOOKUP','RELEASE',3,'NULLCHK','lock_time',NULL,NULL,NULL,NULL);
INSERT INTO SM_CHECK_DEF (TABLE_ID,CHECK_TYPE,CHECK_ORDER,CHECK_KIND,FIELD_NAME,REF_TABLE,REF_FIELD,EXPECT_VALUE,ERR_MSG) VALUES ('TBLID_BMEAS_LOOKUP','RELEASE',4,'STRING','prod_id',NULL,NULL,'',NULL);
INSERT INTO SM_CHECK_DEF (TABLE_ID,CHECK_TYPE,CHECK_ORDER,CHECK_KIND,FIELD_NAME,REF_TABLE,REF_FIELD,EXPECT_VALUE,ERR_MSG) VALUES ('TBLID_BMEAS_LOOKUP','RELEASE',5,'KEY','prod_id','0','',NULL,NULL);
INSERT INTO SM_CHECK_DEF (TABLE_ID,CHECK_TYPE,CHECK_ORDER,CHECK_KIND,FIELD_NAME,REF_TABLE,REF_FIELD,EXPECT_VALUE,ERR_MSG) VALUES ('TBLID_BMEAS_LOOKUP','RELEASE',6,'STAT_R',NULL,NULL,NULL,NULL,NULL);
INSERT INTO SM_CHECK_DEF (TABLE_ID,CHECK_TYPE,CHECK_ORDER,CHECK_KIND,FIELD_NAME,REF_TABLE,REF_FIELD,EXPECT_VALUE,ERR_MSG) VALUES ('TBLID_BMEAS_LOOKUP','RELEASE',7,'STRING','eqp_id',NULL,NULL,'',NULL);
INSERT INTO SM_CHECK_DEF (TABLE_ID,CHECK_TYPE,CHECK_ORDER,CHECK_KIND,FIELD_NAME,REF_TABLE,REF_FIELD,EXPECT_VALUE,ERR_MSG) VALUES ('TBLID_BMEAS_LOOKUP','RELEASE',8,'KEY','eqp_id','0','',NULL,NULL);
INSERT INTO SM_CHECK_DEF (TABLE_ID,CHECK_TYPE,CHECK_ORDER,CHECK_KIND,FIELD_NAME,REF_TABLE,REF_FIELD,EXPECT_VALUE,ERR_MSG) VALUES ('TBLID_BMEAS_LOOKUP','RELEASE',9,'STAT_R',NULL,NULL,NULL,NULL,NULL);
INSERT INTO SM_CHECK_DEF (TABLE_ID,CHECK_TYPE,CHECK_ORDER,CHECK_KIND,FIELD_NAME,REF_TABLE,REF_FIELD,EXPECT_VALUE,ERR_MSG) VALUES ('TBLID_BMEAS_LOOKUP','RELEASE',10,'KEY','meas_id','0','',NULL,NULL);
INSERT INTO SM_CHECK_DEF (TABLE_ID,CHECK_TYPE,CHECK_ORDER,CHECK_KIND,FIELD_NAME,REF_TABLE,REF_FIELD,EXPECT_VALUE,ERR_MSG) VALUES ('TBLID_BMEAS_LOOKUP','RELEASE',11,'STAT_R',NULL,NULL,NULL,NULL,NULL);
INSERT INTO SM_CHECK_DEF (TABLE_ID,CHECK_TYPE,CHECK_ORDER,CHECK_KIND,FIELD_NAME,REF_TABLE,REF_FIELD,EXPECT_VALUE,ERR_MSG) VALUES ('TBLID_BMEAS_LOOKUP','RELEASE',12,'KEY','route_id','0','',NULL,NULL);
INSERT INTO SM_CHECK_DEF (TABLE_ID,CHECK_TYPE,CHECK_ORDER,CHECK_KIND,FIELD_NAME,REF_TABLE,REF_FIELD,EXPECT_VALUE,ERR_MSG) VALUES ('TBLID_BMEAS_LOOKUP','RELEASE',13,'KEY','route_ver','0','',NULL,NULL);
INSERT INTO SM_CHECK_DEF (TABLE_ID,CHECK_TYPE,CHECK_ORDER,CHECK_KIND,FIELD_NAME,REF_TABLE,REF_FIELD,EXPECT_VALUE,ERR_MSG) VALUES ('TBLID_BMEAS_LOOKUP','RELEASE',14,'RELEASE_PARAM','route_id','D12',NULL,NULL,NULL);
INSERT INTO SM_CHECK_DEF (TABLE_ID,CHECK_TYPE,CHECK_ORDER,CHECK_KIND,FIELD_NAME,REF_TABLE,REF_FIELD,EXPECT_VALUE,ERR_MSG) VALUES ('TBLID_BMEAS_LOOKUP','RELEASE',15,'RELEASE_PARAM','route_ver','D3',NULL,NULL,NULL);
INSERT INTO SM_CHECK_DEF (TABLE_ID,CHECK_TYPE,CHECK_ORDER,CHECK_KIND,FIELD_NAME,REF_TABLE,REF_FIELD,EXPECT_VALUE,ERR_MSG) VALUES ('TBLID_BMEAS_LOOKUP','RELEASE',16,'RELEASE_PARAM','ope_no','D6',NULL,NULL,NULL);
INSERT INTO SM_CHECK_DEF (TABLE_ID,CHECK_TYPE,CHECK_ORDER,CHECK_KIND,FIELD_NAME,REF_TABLE,REF_FIELD,EXPECT_VALUE,ERR_MSG) VALUES ('TBLID_BMEAS_LOOKUP','RELEASE',17,'RELEASE_PARAM','prod_id','D20',NULL,NULL,NULL);
INSERT INTO SM_CHECK_DEF (TABLE_ID,CHECK_TYPE,CHECK_ORDER,CHECK_KIND,FIELD_NAME,REF_TABLE,REF_FIELD,EXPECT_VALUE,ERR_MSG) VALUES ('TBLID_BMEAS_LOOKUP','RELEASE',18,'RELEASE_PARAM','eqp_id','D10',NULL,NULL,NULL);
INSERT INTO SM_CHECK_DEF (TABLE_ID,CHECK_TYPE,CHECK_ORDER,CHECK_KIND,FIELD_NAME,REF_TABLE,REF_FIELD,EXPECT_VALUE,ERR_MSG) VALUES ('TBLID_BMEAS_LOOKUP','RELEASE',19,'RELEASE_WRITE','meas_id','D0',NULL,NULL,NULL);
INSERT INTO SM_CHECK_DEF (TABLE_ID,CHECK_TYPE,CHECK_ORDER,CHECK_KIND,FIELD_NAME,REF_TABLE,REF_FIELD,EXPECT_VALUE,ERR_MSG) VALUES ('TBLID_BMEAS_LOOKUP','DELETE',1,'STAT_R',NULL,NULL,NULL,NULL,NULL);
INSERT INTO SM_CHECK_DEF (TABLE_ID,CHECK_TYPE,CHECK_ORDER,CHECK_KIND,FIELD_NAME,REF_TABLE,REF_FIELD,EXPECT_VALUE,ERR_MSG) VALUES ('TBLID_BMEAS_LOOKUP','DELETE',2,'STRING','lock_user',NULL,NULL,'',NULL);
INSERT INTO SM_CHECK_DEF (TABLE_ID,CHECK_TYPE,CHECK_ORDER,CHECK_KIND,FIELD_NAME,REF_TABLE,REF_FIELD,EXPECT_VALUE,ERR_MSG) VALUES ('TBLID_BMEAS_LOOKUP','DELETE',3,'NULLCHK','lock_time',NULL,NULL,NULL,NULL);
INSERT INTO SM_CHECK_DEF (TABLE_ID,CHECK_TYPE,CHECK_ORDER,CHECK_KIND,FIELD_NAME,REF_TABLE,REF_FIELD,EXPECT_VALUE,ERR_MSG) VALUES ('TBLID_BMEAS_LOOKUP','EDITCOMP',1,'STAT_E',NULL,NULL,NULL,NULL,NULL);
INSERT INTO SM_CHECK_DEF (TABLE_ID,CHECK_TYPE,CHECK_ORDER,CHECK_KIND,FIELD_NAME,REF_TABLE,REF_FIELD,EXPECT_VALUE,ERR_MSG) VALUES ('TBLID_BMEAS_LOOKUP','EDITCOMP',2,'COMP_N',NULL,NULL,NULL,NULL,'记录已编辑完成');

-- BMEAS_PROD
INSERT INTO SM_TABLE_DEF (TABLE_ID, TABLE_NAME, JP_TITLE, US_TITLE, RELEASE_FLAG, DISTRIBUTE_FLAG, PERMISSION_TYPE, SCHEMA_TYPE, HAS_DUMMY, SORT_NO)
VALUES ('TBLID_BMEAS_PROD', 'BMEAS_PROD', 'BMEAS_PROD', 'BMEAS_PROD', 'Y', 'N', 'C', 'L', 'Y', 410);
INSERT INTO SM_FIELD_DEF (TABLE_ID,FIELD_NAME,JP_TITLE,US_TITLE,DB_TYPE,DB_LENGTH,IS_KEY,NOT_BLANK,IS_DUMMY,IS_SEARCH_ITEM,SORT_NO,TREE_LEVEL,SHEET_NO,PAGE_NO,PROPERTY_NO,IS_AUTO,IS_MANDATORY,SYSTEM_READONLY,FIELD_TYPE,FIELD_LENGTH,INPUT_ALPHABET,INPUT_MULTIBYTE,INPUT_NUMERIC,INPUT_SYMBOL,INPUT_UPPERCASE,RETRIEVAL_TABLE,FORMAT,DEFAULT_VALUE,MIN_VALUE,MAX_VALUE,CALENDAR_BUTTON,JUMP_BUTTON,OPEN_BUTTON,REF_TABLE_ID,REF_FIELD_NAME,SPECIAL_BUTTON) VALUES ('TBLID_BMEAS_PROD','PROD_ID','PROD_ID','PROD_ID','STRING',20,'N','Y','N','Y',-1,-1,0,0,0,'N','N','N','STRING',0,'Y',0,'Y','Y','Y','NONE',NULL,NULL,NULL,NULL,'N','N',0,NULL,NULL,0);
INSERT INTO SM_FIELD_DEF (TABLE_ID,FIELD_NAME,JP_TITLE,US_TITLE,DB_TYPE,DB_LENGTH,IS_KEY,NOT_BLANK,IS_DUMMY,IS_SEARCH_ITEM,SORT_NO,TREE_LEVEL,SHEET_NO,PAGE_NO,PROPERTY_NO,IS_AUTO,IS_MANDATORY,SYSTEM_READONLY,FIELD_TYPE,FIELD_LENGTH,INPUT_ALPHABET,INPUT_MULTIBYTE,INPUT_NUMERIC,INPUT_SYMBOL,INPUT_UPPERCASE,RETRIEVAL_TABLE,FORMAT,DEFAULT_VALUE,MIN_VALUE,MAX_VALUE,CALENDAR_BUTTON,JUMP_BUTTON,OPEN_BUTTON,REF_TABLE_ID,REF_FIELD_NAME,SPECIAL_BUTTON) VALUES ('TBLID_BMEAS_PROD','MEAS_ITEM','MEAS_ITEM','MEAS_ITEM','STRING',10,'N','Y','N','Y',-1,-1,0,0,0,'N','N','N','STRING',0,'Y',0,'Y','Y','Y','NONE',NULL,NULL,NULL,NULL,'N','N',0,NULL,NULL,0);
INSERT INTO SM_FIELD_DEF (TABLE_ID,FIELD_NAME,JP_TITLE,US_TITLE,DB_TYPE,DB_LENGTH,IS_KEY,NOT_BLANK,IS_DUMMY,IS_SEARCH_ITEM,SORT_NO,TREE_LEVEL,SHEET_NO,PAGE_NO,PROPERTY_NO,IS_AUTO,IS_MANDATORY,SYSTEM_READONLY,FIELD_TYPE,FIELD_LENGTH,INPUT_ALPHABET,INPUT_MULTIBYTE,INPUT_NUMERIC,INPUT_SYMBOL,INPUT_UPPERCASE,RETRIEVAL_TABLE,FORMAT,DEFAULT_VALUE,MIN_VALUE,MAX_VALUE,CALENDAR_BUTTON,JUMP_BUTTON,OPEN_BUTTON,REF_TABLE_ID,REF_FIELD_NAME,SPECIAL_BUTTON) VALUES ('TBLID_BMEAS_PROD','H_VAL','H_VAL','H_VAL','STRING',10,'N','Y','N','Y',-1,-1,0,0,0,'N','N','N','STRING',0,'Y',0,'Y','Y','Y','NONE',NULL,NULL,NULL,NULL,'N','N',0,NULL,NULL,0);
INSERT INTO SM_FIELD_DEF (TABLE_ID,FIELD_NAME,JP_TITLE,US_TITLE,DB_TYPE,DB_LENGTH,IS_KEY,NOT_BLANK,IS_DUMMY,IS_SEARCH_ITEM,SORT_NO,TREE_LEVEL,SHEET_NO,PAGE_NO,PROPERTY_NO,IS_AUTO,IS_MANDATORY,SYSTEM_READONLY,FIELD_TYPE,FIELD_LENGTH,INPUT_ALPHABET,INPUT_MULTIBYTE,INPUT_NUMERIC,INPUT_SYMBOL,INPUT_UPPERCASE,RETRIEVAL_TABLE,FORMAT,DEFAULT_VALUE,MIN_VALUE,MAX_VALUE,CALENDAR_BUTTON,JUMP_BUTTON,OPEN_BUTTON,REF_TABLE_ID,REF_FIELD_NAME,SPECIAL_BUTTON) VALUES ('TBLID_BMEAS_PROD','L_VAL','L_VAL','L_VAL','STRING',10,'N','Y','N','Y',-1,-1,0,0,0,'N','N','N','STRING',0,'Y',0,'Y','Y','Y','NONE',NULL,NULL,NULL,NULL,'N','N',0,NULL,NULL,0);
INSERT INTO SM_FIELD_DEF (TABLE_ID,FIELD_NAME,JP_TITLE,US_TITLE,DB_TYPE,DB_LENGTH,IS_KEY,NOT_BLANK,IS_DUMMY,IS_SEARCH_ITEM,SORT_NO,TREE_LEVEL,SHEET_NO,PAGE_NO,PROPERTY_NO,IS_AUTO,IS_MANDATORY,SYSTEM_READONLY,FIELD_TYPE,FIELD_LENGTH,INPUT_ALPHABET,INPUT_MULTIBYTE,INPUT_NUMERIC,INPUT_SYMBOL,INPUT_UPPERCASE,RETRIEVAL_TABLE,FORMAT,DEFAULT_VALUE,MIN_VALUE,MAX_VALUE,CALENDAR_BUTTON,JUMP_BUTTON,OPEN_BUTTON,REF_TABLE_ID,REF_FIELD_NAME,SPECIAL_BUTTON) VALUES ('TBLID_BMEAS_PROD','IRR_H_VAL','IRR_H_VAL','IRR_H_VAL','STRING',10,'N','Y','N','Y',-1,-1,0,0,0,'N','N','N','STRING',0,'Y',0,'Y','Y','Y','NONE',NULL,NULL,NULL,NULL,'N','N',0,NULL,NULL,0);
INSERT INTO SM_FIELD_DEF (TABLE_ID,FIELD_NAME,JP_TITLE,US_TITLE,DB_TYPE,DB_LENGTH,IS_KEY,NOT_BLANK,IS_DUMMY,IS_SEARCH_ITEM,SORT_NO,TREE_LEVEL,SHEET_NO,PAGE_NO,PROPERTY_NO,IS_AUTO,IS_MANDATORY,SYSTEM_READONLY,FIELD_TYPE,FIELD_LENGTH,INPUT_ALPHABET,INPUT_MULTIBYTE,INPUT_NUMERIC,INPUT_SYMBOL,INPUT_UPPERCASE,RETRIEVAL_TABLE,FORMAT,DEFAULT_VALUE,MIN_VALUE,MAX_VALUE,CALENDAR_BUTTON,JUMP_BUTTON,OPEN_BUTTON,REF_TABLE_ID,REF_FIELD_NAME,SPECIAL_BUTTON) VALUES ('TBLID_BMEAS_PROD','IRR_L_VAL','IRR_L_VAL','IRR_L_VAL','STRING',10,'N','Y','N','Y',-1,-1,0,0,0,'N','N','N','STRING',0,'Y',0,'Y','Y','Y','NONE',NULL,NULL,NULL,NULL,'N','N',0,NULL,NULL,0);
INSERT INTO SM_FIELD_DEF (TABLE_ID,FIELD_NAME,JP_TITLE,US_TITLE,DB_TYPE,DB_LENGTH,IS_KEY,NOT_BLANK,IS_DUMMY,IS_SEARCH_ITEM,SORT_NO,TREE_LEVEL,SHEET_NO,PAGE_NO,PROPERTY_NO,IS_AUTO,IS_MANDATORY,SYSTEM_READONLY,FIELD_TYPE,FIELD_LENGTH,INPUT_ALPHABET,INPUT_MULTIBYTE,INPUT_NUMERIC,INPUT_SYMBOL,INPUT_UPPERCASE,RETRIEVAL_TABLE,FORMAT,DEFAULT_VALUE,MIN_VALUE,MAX_VALUE,CALENDAR_BUTTON,JUMP_BUTTON,OPEN_BUTTON,REF_TABLE_ID,REF_FIELD_NAME,SPECIAL_BUTTON) VALUES ('TBLID_BMEAS_PROD','COFCDATA_FLG','COFCDATA_FLG','COFCDATA_FLG','STRING',1,'N','Y','N','Y',-1,-1,0,0,0,'N','N','N','STRING',0,'Y',0,'Y','Y','Y','NONE',NULL,NULL,NULL,NULL,'N','N',0,NULL,NULL,0);
INSERT INTO SM_FIELD_DEF (TABLE_ID,FIELD_NAME,JP_TITLE,US_TITLE,DB_TYPE,DB_LENGTH,IS_KEY,NOT_BLANK,IS_DUMMY,IS_SEARCH_ITEM,SORT_NO,TREE_LEVEL,SHEET_NO,PAGE_NO,PROPERTY_NO,IS_AUTO,IS_MANDATORY,SYSTEM_READONLY,FIELD_TYPE,FIELD_LENGTH,INPUT_ALPHABET,INPUT_MULTIBYTE,INPUT_NUMERIC,INPUT_SYMBOL,INPUT_UPPERCASE,RETRIEVAL_TABLE,FORMAT,DEFAULT_VALUE,MIN_VALUE,MAX_VALUE,CALENDAR_BUTTON,JUMP_BUTTON,OPEN_BUTTON,REF_TABLE_ID,REF_FIELD_NAME,SPECIAL_BUTTON) VALUES ('TBLID_BMEAS_PROD','INSP_RECIP_ID','INSP_RECIP_ID','INSP_RECIP_ID','STRING',20,'N','Y','N','Y',-1,-1,0,0,0,'N','N','N','STRING',0,'Y',0,'Y','Y','Y','NONE',NULL,NULL,NULL,NULL,'N','N',0,NULL,NULL,0);
INSERT INTO SM_FIELD_DEF (TABLE_ID,FIELD_NAME,JP_TITLE,US_TITLE,DB_TYPE,DB_LENGTH,IS_KEY,NOT_BLANK,IS_DUMMY,IS_SEARCH_ITEM,SORT_NO,TREE_LEVEL,SHEET_NO,PAGE_NO,PROPERTY_NO,IS_AUTO,IS_MANDATORY,SYSTEM_READONLY,FIELD_TYPE,FIELD_LENGTH,INPUT_ALPHABET,INPUT_MULTIBYTE,INPUT_NUMERIC,INPUT_SYMBOL,INPUT_UPPERCASE,RETRIEVAL_TABLE,FORMAT,DEFAULT_VALUE,MIN_VALUE,MAX_VALUE,CALENDAR_BUTTON,JUMP_BUTTON,OPEN_BUTTON,REF_TABLE_ID,REF_FIELD_NAME,SPECIAL_BUTTON) VALUES ('TBLID_BMEAS_PROD','COFCDATA_MEAS_JDG_FLG','COFCDATA_MEAS_JDG_FLG','COFCDATA_MEAS_JDG_FLG','STRING',1,'N','Y','N','Y',-1,-1,0,0,0,'N','N','N','STRING',0,'Y',0,'Y','Y','Y','NONE',NULL,NULL,NULL,NULL,'N','N',0,NULL,NULL,0);
INSERT INTO SM_CHECK_DEF (TABLE_ID,CHECK_TYPE,CHECK_ORDER,CHECK_KIND,FIELD_NAME,REF_TABLE,REF_FIELD,EXPECT_VALUE,ERR_MSG) VALUES ('TBLID_BMEAS_PROD','SAVE',1,'STAT_E',NULL,NULL,NULL,NULL,NULL);
INSERT INTO SM_CHECK_DEF (TABLE_ID,CHECK_TYPE,CHECK_ORDER,CHECK_KIND,FIELD_NAME,REF_TABLE,REF_FIELD,EXPECT_VALUE,ERR_MSG) VALUES ('TBLID_BMEAS_PROD','SAVE',2,'STRING','lock_user',NULL,NULL,'',NULL);
INSERT INTO SM_CHECK_DEF (TABLE_ID,CHECK_TYPE,CHECK_ORDER,CHECK_KIND,FIELD_NAME,REF_TABLE,REF_FIELD,EXPECT_VALUE,ERR_MSG) VALUES ('TBLID_BMEAS_PROD','SAVE',3,'NULLCHK','lock_time',NULL,NULL,NULL,NULL);
INSERT INTO SM_CHECK_DEF (TABLE_ID,CHECK_TYPE,CHECK_ORDER,CHECK_KIND,FIELD_NAME,REF_TABLE,REF_FIELD,EXPECT_VALUE,ERR_MSG) VALUES ('TBLID_BMEAS_PROD','SAVE',4,'KEY','prod_id','0','',NULL,NULL);
INSERT INTO SM_CHECK_DEF (TABLE_ID,CHECK_TYPE,CHECK_ORDER,CHECK_KIND,FIELD_NAME,REF_TABLE,REF_FIELD,EXPECT_VALUE,ERR_MSG) VALUES ('TBLID_BMEAS_PROD','SAVE',5,'KEY','prod_id','0','',NULL,NULL);
INSERT INTO SM_CHECK_DEF (TABLE_ID,CHECK_TYPE,CHECK_ORDER,CHECK_KIND,FIELD_NAME,REF_TABLE,REF_FIELD,EXPECT_VALUE,ERR_MSG) VALUES ('TBLID_BMEAS_PROD','SAVE',6,'STAT_R',NULL,NULL,NULL,NULL,NULL);
INSERT INTO SM_CHECK_DEF (TABLE_ID,CHECK_TYPE,CHECK_ORDER,CHECK_KIND,FIELD_NAME,REF_TABLE,REF_FIELD,EXPECT_VALUE,ERR_MSG) VALUES ('TBLID_BMEAS_PROD','SAVE',7,'KEY','meas_item','0','',NULL,NULL);
INSERT INTO SM_CHECK_DEF (TABLE_ID,CHECK_TYPE,CHECK_ORDER,CHECK_KIND,FIELD_NAME,REF_TABLE,REF_FIELD,EXPECT_VALUE,ERR_MSG) VALUES ('TBLID_BMEAS_PROD','SAVE',8,'KEY','meas_item','0','',NULL,NULL);
INSERT INTO SM_CHECK_DEF (TABLE_ID,CHECK_TYPE,CHECK_ORDER,CHECK_KIND,FIELD_NAME,REF_TABLE,REF_FIELD,EXPECT_VALUE,ERR_MSG) VALUES ('TBLID_BMEAS_PROD','SAVE',9,'STAT_R',NULL,NULL,NULL,NULL,NULL);
INSERT INTO SM_CHECK_DEF (TABLE_ID,CHECK_TYPE,CHECK_ORDER,CHECK_KIND,FIELD_NAME,REF_TABLE,REF_FIELD,EXPECT_VALUE,ERR_MSG) VALUES ('TBLID_BMEAS_PROD','RELEASE',1,'STAT_E',NULL,NULL,NULL,NULL,NULL);
INSERT INTO SM_CHECK_DEF (TABLE_ID,CHECK_TYPE,CHECK_ORDER,CHECK_KIND,FIELD_NAME,REF_TABLE,REF_FIELD,EXPECT_VALUE,ERR_MSG) VALUES ('TBLID_BMEAS_PROD','RELEASE',2,'STRING','lock_user',NULL,NULL,'',NULL);
INSERT INTO SM_CHECK_DEF (TABLE_ID,CHECK_TYPE,CHECK_ORDER,CHECK_KIND,FIELD_NAME,REF_TABLE,REF_FIELD,EXPECT_VALUE,ERR_MSG) VALUES ('TBLID_BMEAS_PROD','RELEASE',3,'NULLCHK','lock_time',NULL,NULL,NULL,NULL);
INSERT INTO SM_CHECK_DEF (TABLE_ID,CHECK_TYPE,CHECK_ORDER,CHECK_KIND,FIELD_NAME,REF_TABLE,REF_FIELD,EXPECT_VALUE,ERR_MSG) VALUES ('TBLID_BMEAS_PROD','RELEASE',4,'KEY','prod_id','0','',NULL,NULL);
INSERT INTO SM_CHECK_DEF (TABLE_ID,CHECK_TYPE,CHECK_ORDER,CHECK_KIND,FIELD_NAME,REF_TABLE,REF_FIELD,EXPECT_VALUE,ERR_MSG) VALUES ('TBLID_BMEAS_PROD','RELEASE',5,'STAT_R',NULL,NULL,NULL,NULL,NULL);
INSERT INTO SM_CHECK_DEF (TABLE_ID,CHECK_TYPE,CHECK_ORDER,CHECK_KIND,FIELD_NAME,REF_TABLE,REF_FIELD,EXPECT_VALUE,ERR_MSG) VALUES ('TBLID_BMEAS_PROD','RELEASE',6,'KEY','meas_item','0','',NULL,NULL);
INSERT INTO SM_CHECK_DEF (TABLE_ID,CHECK_TYPE,CHECK_ORDER,CHECK_KIND,FIELD_NAME,REF_TABLE,REF_FIELD,EXPECT_VALUE,ERR_MSG) VALUES ('TBLID_BMEAS_PROD','RELEASE',7,'STAT_R',NULL,NULL,NULL,NULL,NULL);
INSERT INTO SM_CHECK_DEF (TABLE_ID,CHECK_TYPE,CHECK_ORDER,CHECK_KIND,FIELD_NAME,REF_TABLE,REF_FIELD,EXPECT_VALUE,ERR_MSG) VALUES ('TBLID_BMEAS_PROD','RELEASE',8,'RELEASE_PARAM','prod_id','D20',NULL,NULL,NULL);
INSERT INTO SM_CHECK_DEF (TABLE_ID,CHECK_TYPE,CHECK_ORDER,CHECK_KIND,FIELD_NAME,REF_TABLE,REF_FIELD,EXPECT_VALUE,ERR_MSG) VALUES ('TBLID_BMEAS_PROD','RELEASE',9,'RELEASE_WRITE','meas_item_id','D0',NULL,NULL,NULL);
INSERT INTO SM_CHECK_DEF (TABLE_ID,CHECK_TYPE,CHECK_ORDER,CHECK_KIND,FIELD_NAME,REF_TABLE,REF_FIELD,EXPECT_VALUE,ERR_MSG) VALUES ('TBLID_BMEAS_PROD','RELEASE',10,'RELEASE_PARAM','meas_item','D10',NULL,NULL,NULL);
INSERT INTO SM_CHECK_DEF (TABLE_ID,CHECK_TYPE,CHECK_ORDER,CHECK_KIND,FIELD_NAME,REF_TABLE,REF_FIELD,EXPECT_VALUE,ERR_MSG) VALUES ('TBLID_BMEAS_PROD','RELEASE',11,'RELEASE_WRITE','meas_item_comment','D0',NULL,NULL,NULL);
INSERT INTO SM_CHECK_DEF (TABLE_ID,CHECK_TYPE,CHECK_ORDER,CHECK_KIND,FIELD_NAME,REF_TABLE,REF_FIELD,EXPECT_VALUE,ERR_MSG) VALUES ('TBLID_BMEAS_PROD','RELEASE',12,'RELEASE_WRITE','l_val','D0',NULL,NULL,NULL);
INSERT INTO SM_CHECK_DEF (TABLE_ID,CHECK_TYPE,CHECK_ORDER,CHECK_KIND,FIELD_NAME,REF_TABLE,REF_FIELD,EXPECT_VALUE,ERR_MSG) VALUES ('TBLID_BMEAS_PROD','RELEASE',13,'RELEASE_WRITE','h_val','D0',NULL,NULL,NULL);
INSERT INTO SM_CHECK_DEF (TABLE_ID,CHECK_TYPE,CHECK_ORDER,CHECK_KIND,FIELD_NAME,REF_TABLE,REF_FIELD,EXPECT_VALUE,ERR_MSG) VALUES ('TBLID_BMEAS_PROD','RELEASE',14,'RELEASE_WRITE','irr_l_val','D0',NULL,NULL,NULL);
INSERT INTO SM_CHECK_DEF (TABLE_ID,CHECK_TYPE,CHECK_ORDER,CHECK_KIND,FIELD_NAME,REF_TABLE,REF_FIELD,EXPECT_VALUE,ERR_MSG) VALUES ('TBLID_BMEAS_PROD','RELEASE',15,'RELEASE_WRITE','irr_h_val','D0',NULL,NULL,NULL);
INSERT INTO SM_CHECK_DEF (TABLE_ID,CHECK_TYPE,CHECK_ORDER,CHECK_KIND,FIELD_NAME,REF_TABLE,REF_FIELD,EXPECT_VALUE,ERR_MSG) VALUES ('TBLID_BMEAS_PROD','RELEASE',16,'RELEASE_WRITE','cofcdata_flg','D0',NULL,NULL,NULL);
INSERT INTO SM_CHECK_DEF (TABLE_ID,CHECK_TYPE,CHECK_ORDER,CHECK_KIND,FIELD_NAME,REF_TABLE,REF_FIELD,EXPECT_VALUE,ERR_MSG) VALUES ('TBLID_BMEAS_PROD','RELEASE',17,'RELEASE_WRITE','insp_recip_id','D0',NULL,NULL,NULL);
INSERT INTO SM_CHECK_DEF (TABLE_ID,CHECK_TYPE,CHECK_ORDER,CHECK_KIND,FIELD_NAME,REF_TABLE,REF_FIELD,EXPECT_VALUE,ERR_MSG) VALUES ('TBLID_BMEAS_PROD','RELEASE',18,'RELEASE_WRITE','cofcdata_meas_jdg_flg','D0',NULL,NULL,NULL);
INSERT INTO SM_CHECK_DEF (TABLE_ID,CHECK_TYPE,CHECK_ORDER,CHECK_KIND,FIELD_NAME,REF_TABLE,REF_FIELD,EXPECT_VALUE,ERR_MSG) VALUES ('TBLID_BMEAS_PROD','RELEASE',19,'RELEASE_WRITE','action_flg','D0',NULL,NULL,NULL);
INSERT INTO SM_CHECK_DEF (TABLE_ID,CHECK_TYPE,CHECK_ORDER,CHECK_KIND,FIELD_NAME,REF_TABLE,REF_FIELD,EXPECT_VALUE,ERR_MSG) VALUES ('TBLID_BMEAS_PROD','DELETE',1,'STAT_R',NULL,NULL,NULL,NULL,NULL);
INSERT INTO SM_CHECK_DEF (TABLE_ID,CHECK_TYPE,CHECK_ORDER,CHECK_KIND,FIELD_NAME,REF_TABLE,REF_FIELD,EXPECT_VALUE,ERR_MSG) VALUES ('TBLID_BMEAS_PROD','DELETE',2,'STRING','lock_user',NULL,NULL,'',NULL);
INSERT INTO SM_CHECK_DEF (TABLE_ID,CHECK_TYPE,CHECK_ORDER,CHECK_KIND,FIELD_NAME,REF_TABLE,REF_FIELD,EXPECT_VALUE,ERR_MSG) VALUES ('TBLID_BMEAS_PROD','DELETE',3,'NULLCHK','lock_time',NULL,NULL,NULL,NULL);
INSERT INTO SM_CHECK_DEF (TABLE_ID,CHECK_TYPE,CHECK_ORDER,CHECK_KIND,FIELD_NAME,REF_TABLE,REF_FIELD,EXPECT_VALUE,ERR_MSG) VALUES ('TBLID_BMEAS_PROD','EDITCOMP',1,'STAT_E',NULL,NULL,NULL,NULL,NULL);
INSERT INTO SM_CHECK_DEF (TABLE_ID,CHECK_TYPE,CHECK_ORDER,CHECK_KIND,FIELD_NAME,REF_TABLE,REF_FIELD,EXPECT_VALUE,ERR_MSG) VALUES ('TBLID_BMEAS_PROD','EDITCOMP',2,'COMP_N',NULL,NULL,NULL,NULL,'记录已编辑完成');

-- BMROUTE
INSERT INTO SM_TABLE_DEF (TABLE_ID, TABLE_NAME, JP_TITLE, US_TITLE, RELEASE_FLAG, DISTRIBUTE_FLAG, PERMISSION_TYPE, SCHEMA_TYPE, HAS_DUMMY, SORT_NO)
VALUES ('TBLID_BMROUTE', 'BMROUTE', 'BMROUTE', 'BMROUTE', 'Y', 'N', 'C', 'L', 'Y', 420);
INSERT INTO SM_FIELD_DEF (TABLE_ID,FIELD_NAME,JP_TITLE,US_TITLE,DB_TYPE,DB_LENGTH,IS_KEY,NOT_BLANK,IS_DUMMY,IS_SEARCH_ITEM,SORT_NO,TREE_LEVEL,SHEET_NO,PAGE_NO,PROPERTY_NO,IS_AUTO,IS_MANDATORY,SYSTEM_READONLY,FIELD_TYPE,FIELD_LENGTH,INPUT_ALPHABET,INPUT_MULTIBYTE,INPUT_NUMERIC,INPUT_SYMBOL,INPUT_UPPERCASE,RETRIEVAL_TABLE,FORMAT,DEFAULT_VALUE,MIN_VALUE,MAX_VALUE,CALENDAR_BUTTON,JUMP_BUTTON,OPEN_BUTTON,REF_TABLE_ID,REF_FIELD_NAME,SPECIAL_BUTTON) VALUES ('TBLID_BMROUTE','MROUTE_ID','MROUTE_ID','MROUTE_ID','STRING',8,'N','Y','N','Y',-1,-1,0,0,0,'N','N','N','STRING',0,'Y',0,'Y','Y','Y','NONE',NULL,NULL,NULL,NULL,'N','N',0,NULL,NULL,0);
INSERT INTO SM_FIELD_DEF (TABLE_ID,FIELD_NAME,JP_TITLE,US_TITLE,DB_TYPE,DB_LENGTH,IS_KEY,NOT_BLANK,IS_DUMMY,IS_SEARCH_ITEM,SORT_NO,TREE_LEVEL,SHEET_NO,PAGE_NO,PROPERTY_NO,IS_AUTO,IS_MANDATORY,SYSTEM_READONLY,FIELD_TYPE,FIELD_LENGTH,INPUT_ALPHABET,INPUT_MULTIBYTE,INPUT_NUMERIC,INPUT_SYMBOL,INPUT_UPPERCASE,RETRIEVAL_TABLE,FORMAT,DEFAULT_VALUE,MIN_VALUE,MAX_VALUE,CALENDAR_BUTTON,JUMP_BUTTON,OPEN_BUTTON,REF_TABLE_ID,REF_FIELD_NAME,SPECIAL_BUTTON) VALUES ('TBLID_BMROUTE','MROUTE_VER','MROUTE_VER','MROUTE_VER','STRING',3,'N','Y','N','Y',-1,-1,0,0,0,'N','N','N','STRING',0,'Y',0,'Y','Y','Y','NONE',NULL,NULL,NULL,NULL,'N','N',0,NULL,NULL,0);
INSERT INTO SM_FIELD_DEF (TABLE_ID,FIELD_NAME,JP_TITLE,US_TITLE,DB_TYPE,DB_LENGTH,IS_KEY,NOT_BLANK,IS_DUMMY,IS_SEARCH_ITEM,SORT_NO,TREE_LEVEL,SHEET_NO,PAGE_NO,PROPERTY_NO,IS_AUTO,IS_MANDATORY,SYSTEM_READONLY,FIELD_TYPE,FIELD_LENGTH,INPUT_ALPHABET,INPUT_MULTIBYTE,INPUT_NUMERIC,INPUT_SYMBOL,INPUT_UPPERCASE,RETRIEVAL_TABLE,FORMAT,DEFAULT_VALUE,MIN_VALUE,MAX_VALUE,CALENDAR_BUTTON,JUMP_BUTTON,OPEN_BUTTON,REF_TABLE_ID,REF_FIELD_NAME,SPECIAL_BUTTON) VALUES ('TBLID_BMROUTE','MROUTE_NAME','MROUTE_NAME','MROUTE_NAME','STRING',40,'N','Y','N','Y',-1,-1,0,0,0,'N','N','N','STRING',0,'Y',0,'Y','Y','Y','NONE',NULL,NULL,NULL,NULL,'N','N',0,NULL,NULL,0);
INSERT INTO SM_FIELD_DEF (TABLE_ID,FIELD_NAME,JP_TITLE,US_TITLE,DB_TYPE,DB_LENGTH,IS_KEY,NOT_BLANK,IS_DUMMY,IS_SEARCH_ITEM,SORT_NO,TREE_LEVEL,SHEET_NO,PAGE_NO,PROPERTY_NO,IS_AUTO,IS_MANDATORY,SYSTEM_READONLY,FIELD_TYPE,FIELD_LENGTH,INPUT_ALPHABET,INPUT_MULTIBYTE,INPUT_NUMERIC,INPUT_SYMBOL,INPUT_UPPERCASE,RETRIEVAL_TABLE,FORMAT,DEFAULT_VALUE,MIN_VALUE,MAX_VALUE,CALENDAR_BUTTON,JUMP_BUTTON,OPEN_BUTTON,REF_TABLE_ID,REF_FIELD_NAME,SPECIAL_BUTTON) VALUES ('TBLID_BMROUTE','MROUTE_DESC','MROUTE_DESC','MROUTE_DESC','STRING',80,'N','Y','N','Y',-1,-1,0,0,0,'N','N','N','STRING',0,'Y',0,'Y','Y','Y','NONE',NULL,NULL,NULL,NULL,'N','N',0,NULL,NULL,0);
INSERT INTO SM_CHECK_DEF (TABLE_ID,CHECK_TYPE,CHECK_ORDER,CHECK_KIND,FIELD_NAME,REF_TABLE,REF_FIELD,EXPECT_VALUE,ERR_MSG) VALUES ('TBLID_BMROUTE','SAVE',1,'STAT_E',NULL,NULL,NULL,NULL,NULL);
INSERT INTO SM_CHECK_DEF (TABLE_ID,CHECK_TYPE,CHECK_ORDER,CHECK_KIND,FIELD_NAME,REF_TABLE,REF_FIELD,EXPECT_VALUE,ERR_MSG) VALUES ('TBLID_BMROUTE','SAVE',2,'STRING','lock_user',NULL,NULL,'',NULL);
INSERT INTO SM_CHECK_DEF (TABLE_ID,CHECK_TYPE,CHECK_ORDER,CHECK_KIND,FIELD_NAME,REF_TABLE,REF_FIELD,EXPECT_VALUE,ERR_MSG) VALUES ('TBLID_BMROUTE','SAVE',3,'NULLCHK','lock_time',NULL,NULL,NULL,NULL);
INSERT INTO SM_CHECK_DEF (TABLE_ID,CHECK_TYPE,CHECK_ORDER,CHECK_KIND,FIELD_NAME,REF_TABLE,REF_FIELD,EXPECT_VALUE,ERR_MSG) VALUES ('TBLID_BMROUTE','RELEASE',1,'STAT_E',NULL,NULL,NULL,NULL,NULL);
INSERT INTO SM_CHECK_DEF (TABLE_ID,CHECK_TYPE,CHECK_ORDER,CHECK_KIND,FIELD_NAME,REF_TABLE,REF_FIELD,EXPECT_VALUE,ERR_MSG) VALUES ('TBLID_BMROUTE','RELEASE',2,'STRING','lock_user',NULL,NULL,'',NULL);
INSERT INTO SM_CHECK_DEF (TABLE_ID,CHECK_TYPE,CHECK_ORDER,CHECK_KIND,FIELD_NAME,REF_TABLE,REF_FIELD,EXPECT_VALUE,ERR_MSG) VALUES ('TBLID_BMROUTE','RELEASE',3,'NULLCHK','lock_time',NULL,NULL,NULL,NULL);
INSERT INTO SM_CHECK_DEF (TABLE_ID,CHECK_TYPE,CHECK_ORDER,CHECK_KIND,FIELD_NAME,REF_TABLE,REF_FIELD,EXPECT_VALUE,ERR_MSG) VALUES ('TBLID_BMROUTE','RELEASE',4,'RELEASE_PARAM','mroute_id','D8',NULL,NULL,NULL);
INSERT INTO SM_CHECK_DEF (TABLE_ID,CHECK_TYPE,CHECK_ORDER,CHECK_KIND,FIELD_NAME,REF_TABLE,REF_FIELD,EXPECT_VALUE,ERR_MSG) VALUES ('TBLID_BMROUTE','RELEASE',5,'RELEASE_PARAM','mroute_ver','D3',NULL,NULL,NULL);
INSERT INTO SM_CHECK_DEF (TABLE_ID,CHECK_TYPE,CHECK_ORDER,CHECK_KIND,FIELD_NAME,REF_TABLE,REF_FIELD,EXPECT_VALUE,ERR_MSG) VALUES ('TBLID_BMROUTE','RELEASE',6,'RELEASE_WRITE','mroute_name','D0',NULL,NULL,NULL);
INSERT INTO SM_CHECK_DEF (TABLE_ID,CHECK_TYPE,CHECK_ORDER,CHECK_KIND,FIELD_NAME,REF_TABLE,REF_FIELD,EXPECT_VALUE,ERR_MSG) VALUES ('TBLID_BMROUTE','RELEASE',7,'RELEASE_WRITE','mroute_desc','D0',NULL,NULL,NULL);
INSERT INTO SM_CHECK_DEF (TABLE_ID,CHECK_TYPE,CHECK_ORDER,CHECK_KIND,FIELD_NAME,REF_TABLE,REF_FIELD,EXPECT_VALUE,ERR_MSG) VALUES ('TBLID_BMROUTE','DELETE',1,'STAT_R',NULL,NULL,NULL,NULL,NULL);
INSERT INTO SM_CHECK_DEF (TABLE_ID,CHECK_TYPE,CHECK_ORDER,CHECK_KIND,FIELD_NAME,REF_TABLE,REF_FIELD,EXPECT_VALUE,ERR_MSG) VALUES ('TBLID_BMROUTE','DELETE',2,'STRING','lock_user',NULL,NULL,'',NULL);
INSERT INTO SM_CHECK_DEF (TABLE_ID,CHECK_TYPE,CHECK_ORDER,CHECK_KIND,FIELD_NAME,REF_TABLE,REF_FIELD,EXPECT_VALUE,ERR_MSG) VALUES ('TBLID_BMROUTE','DELETE',3,'NULLCHK','lock_time',NULL,NULL,NULL,NULL);
INSERT INTO SM_CHECK_DEF (TABLE_ID,CHECK_TYPE,CHECK_ORDER,CHECK_KIND,FIELD_NAME,REF_TABLE,REF_FIELD,EXPECT_VALUE,ERR_MSG) VALUES ('TBLID_BMROUTE','DELETE',4,'KEY','mroute_id','0','',NULL,NULL);
INSERT INTO SM_CHECK_DEF (TABLE_ID,CHECK_TYPE,CHECK_ORDER,CHECK_KIND,FIELD_NAME,REF_TABLE,REF_FIELD,EXPECT_VALUE,ERR_MSG) VALUES ('TBLID_BMROUTE','DELETE',5,'KEY','mroute_ver','0','',NULL,NULL);
INSERT INTO SM_CHECK_DEF (TABLE_ID,CHECK_TYPE,CHECK_ORDER,CHECK_KIND,FIELD_NAME,REF_TABLE,REF_FIELD,EXPECT_VALUE,ERR_MSG) VALUES ('TBLID_BMROUTE','DELETE',6,'STAT_R',NULL,NULL,NULL,NULL,NULL);
INSERT INTO SM_CHECK_DEF (TABLE_ID,CHECK_TYPE,CHECK_ORDER,CHECK_KIND,FIELD_NAME,REF_TABLE,REF_FIELD,EXPECT_VALUE,ERR_MSG) VALUES ('TBLID_BMROUTE','EDITCOMP',1,'STAT_E',NULL,NULL,NULL,NULL,NULL);
INSERT INTO SM_CHECK_DEF (TABLE_ID,CHECK_TYPE,CHECK_ORDER,CHECK_KIND,FIELD_NAME,REF_TABLE,REF_FIELD,EXPECT_VALUE,ERR_MSG) VALUES ('TBLID_BMROUTE','EDITCOMP',2,'COMP_N',NULL,NULL,NULL,NULL,'记录已编辑完成');

-- BMROUTE_OPE
INSERT INTO SM_TABLE_DEF (TABLE_ID, TABLE_NAME, JP_TITLE, US_TITLE, RELEASE_FLAG, DISTRIBUTE_FLAG, PERMISSION_TYPE, SCHEMA_TYPE, HAS_DUMMY, SORT_NO)
VALUES ('TBLID_BMROUTE_OPE', 'BMROUTE_OPE', 'BMROUTE_OPE', 'BMROUTE_OPE', 'Y', 'N', 'C', 'L', 'Y', 430);
INSERT INTO SM_FIELD_DEF (TABLE_ID,FIELD_NAME,JP_TITLE,US_TITLE,DB_TYPE,DB_LENGTH,IS_KEY,NOT_BLANK,IS_DUMMY,IS_SEARCH_ITEM,SORT_NO,TREE_LEVEL,SHEET_NO,PAGE_NO,PROPERTY_NO,IS_AUTO,IS_MANDATORY,SYSTEM_READONLY,FIELD_TYPE,FIELD_LENGTH,INPUT_ALPHABET,INPUT_MULTIBYTE,INPUT_NUMERIC,INPUT_SYMBOL,INPUT_UPPERCASE,RETRIEVAL_TABLE,FORMAT,DEFAULT_VALUE,MIN_VALUE,MAX_VALUE,CALENDAR_BUTTON,JUMP_BUTTON,OPEN_BUTTON,REF_TABLE_ID,REF_FIELD_NAME,SPECIAL_BUTTON) VALUES ('TBLID_BMROUTE_OPE','MROUTE_ID','MROUTE_ID','MROUTE_ID','STRING',8,'N','Y','N','Y',-1,-1,0,0,0,'N','N','N','STRING',0,'Y',0,'Y','Y','Y','NONE',NULL,NULL,NULL,NULL,'N','N',0,NULL,NULL,0);
INSERT INTO SM_FIELD_DEF (TABLE_ID,FIELD_NAME,JP_TITLE,US_TITLE,DB_TYPE,DB_LENGTH,IS_KEY,NOT_BLANK,IS_DUMMY,IS_SEARCH_ITEM,SORT_NO,TREE_LEVEL,SHEET_NO,PAGE_NO,PROPERTY_NO,IS_AUTO,IS_MANDATORY,SYSTEM_READONLY,FIELD_TYPE,FIELD_LENGTH,INPUT_ALPHABET,INPUT_MULTIBYTE,INPUT_NUMERIC,INPUT_SYMBOL,INPUT_UPPERCASE,RETRIEVAL_TABLE,FORMAT,DEFAULT_VALUE,MIN_VALUE,MAX_VALUE,CALENDAR_BUTTON,JUMP_BUTTON,OPEN_BUTTON,REF_TABLE_ID,REF_FIELD_NAME,SPECIAL_BUTTON) VALUES ('TBLID_BMROUTE_OPE','MROUTE_VER','MROUTE_VER','MROUTE_VER','STRING',3,'N','Y','N','Y',-1,-1,0,0,0,'N','N','N','STRING',0,'Y',0,'Y','Y','Y','NONE',NULL,NULL,NULL,NULL,'N','N',0,NULL,NULL,0);
INSERT INTO SM_FIELD_DEF (TABLE_ID,FIELD_NAME,JP_TITLE,US_TITLE,DB_TYPE,DB_LENGTH,IS_KEY,NOT_BLANK,IS_DUMMY,IS_SEARCH_ITEM,SORT_NO,TREE_LEVEL,SHEET_NO,PAGE_NO,PROPERTY_NO,IS_AUTO,IS_MANDATORY,SYSTEM_READONLY,FIELD_TYPE,FIELD_LENGTH,INPUT_ALPHABET,INPUT_MULTIBYTE,INPUT_NUMERIC,INPUT_SYMBOL,INPUT_UPPERCASE,RETRIEVAL_TABLE,FORMAT,DEFAULT_VALUE,MIN_VALUE,MAX_VALUE,CALENDAR_BUTTON,JUMP_BUTTON,OPEN_BUTTON,REF_TABLE_ID,REF_FIELD_NAME,SPECIAL_BUTTON) VALUES ('TBLID_BMROUTE_OPE','OPE_SEQ_NO','OPE_SEQ_NO','OPE_SEQ_NO','STRING',3,'N','Y','N','Y',-1,-1,0,0,0,'N','N','N','STRING',0,'Y',0,'Y','Y','Y','NONE',NULL,NULL,NULL,NULL,'N','N',0,NULL,NULL,0);
INSERT INTO SM_FIELD_DEF (TABLE_ID,FIELD_NAME,JP_TITLE,US_TITLE,DB_TYPE,DB_LENGTH,IS_KEY,NOT_BLANK,IS_DUMMY,IS_SEARCH_ITEM,SORT_NO,TREE_LEVEL,SHEET_NO,PAGE_NO,PROPERTY_NO,IS_AUTO,IS_MANDATORY,SYSTEM_READONLY,FIELD_TYPE,FIELD_LENGTH,INPUT_ALPHABET,INPUT_MULTIBYTE,INPUT_NUMERIC,INPUT_SYMBOL,INPUT_UPPERCASE,RETRIEVAL_TABLE,FORMAT,DEFAULT_VALUE,MIN_VALUE,MAX_VALUE,CALENDAR_BUTTON,JUMP_BUTTON,OPEN_BUTTON,REF_TABLE_ID,REF_FIELD_NAME,SPECIAL_BUTTON) VALUES ('TBLID_BMROUTE_OPE','OPE_ID','OPE_ID','OPE_ID','STRING',8,'N','Y','N','Y',-1,-1,0,0,0,'N','N','N','STRING',0,'Y',0,'Y','Y','Y','NONE',NULL,NULL,NULL,NULL,'N','N',0,NULL,NULL,0);
INSERT INTO SM_CHECK_DEF (TABLE_ID,CHECK_TYPE,CHECK_ORDER,CHECK_KIND,FIELD_NAME,REF_TABLE,REF_FIELD,EXPECT_VALUE,ERR_MSG) VALUES ('TBLID_BMROUTE_OPE','SAVE',1,'STAT_E',NULL,NULL,NULL,NULL,NULL);
INSERT INTO SM_CHECK_DEF (TABLE_ID,CHECK_TYPE,CHECK_ORDER,CHECK_KIND,FIELD_NAME,REF_TABLE,REF_FIELD,EXPECT_VALUE,ERR_MSG) VALUES ('TBLID_BMROUTE_OPE','SAVE',2,'STRING','lock_user',NULL,NULL,'',NULL);
INSERT INTO SM_CHECK_DEF (TABLE_ID,CHECK_TYPE,CHECK_ORDER,CHECK_KIND,FIELD_NAME,REF_TABLE,REF_FIELD,EXPECT_VALUE,ERR_MSG) VALUES ('TBLID_BMROUTE_OPE','SAVE',3,'NULLCHK','lock_time',NULL,NULL,NULL,NULL);
INSERT INTO SM_CHECK_DEF (TABLE_ID,CHECK_TYPE,CHECK_ORDER,CHECK_KIND,FIELD_NAME,REF_TABLE,REF_FIELD,EXPECT_VALUE,ERR_MSG) VALUES ('TBLID_BMROUTE_OPE','SAVE',4,'KEY','ope_id','0','',NULL,NULL);
INSERT INTO SM_CHECK_DEF (TABLE_ID,CHECK_TYPE,CHECK_ORDER,CHECK_KIND,FIELD_NAME,REF_TABLE,REF_FIELD,EXPECT_VALUE,ERR_MSG) VALUES ('TBLID_BMROUTE_OPE','SAVE',5,'KEY','ope_id','0','',NULL,NULL);
INSERT INTO SM_CHECK_DEF (TABLE_ID,CHECK_TYPE,CHECK_ORDER,CHECK_KIND,FIELD_NAME,REF_TABLE,REF_FIELD,EXPECT_VALUE,ERR_MSG) VALUES ('TBLID_BMROUTE_OPE','RELEASE',1,'STAT_E',NULL,NULL,NULL,NULL,NULL);
INSERT INTO SM_CHECK_DEF (TABLE_ID,CHECK_TYPE,CHECK_ORDER,CHECK_KIND,FIELD_NAME,REF_TABLE,REF_FIELD,EXPECT_VALUE,ERR_MSG) VALUES ('TBLID_BMROUTE_OPE','RELEASE',2,'STRING','lock_user',NULL,NULL,'',NULL);
INSERT INTO SM_CHECK_DEF (TABLE_ID,CHECK_TYPE,CHECK_ORDER,CHECK_KIND,FIELD_NAME,REF_TABLE,REF_FIELD,EXPECT_VALUE,ERR_MSG) VALUES ('TBLID_BMROUTE_OPE','RELEASE',3,'NULLCHK','lock_time',NULL,NULL,NULL,NULL);
INSERT INTO SM_CHECK_DEF (TABLE_ID,CHECK_TYPE,CHECK_ORDER,CHECK_KIND,FIELD_NAME,REF_TABLE,REF_FIELD,EXPECT_VALUE,ERR_MSG) VALUES ('TBLID_BMROUTE_OPE','RELEASE',4,'KEY','ope_id','0','',NULL,NULL);
INSERT INTO SM_CHECK_DEF (TABLE_ID,CHECK_TYPE,CHECK_ORDER,CHECK_KIND,FIELD_NAME,REF_TABLE,REF_FIELD,EXPECT_VALUE,ERR_MSG) VALUES ('TBLID_BMROUTE_OPE','RELEASE',5,'STAT_R',NULL,NULL,NULL,NULL,NULL);
INSERT INTO SM_CHECK_DEF (TABLE_ID,CHECK_TYPE,CHECK_ORDER,CHECK_KIND,FIELD_NAME,REF_TABLE,REF_FIELD,EXPECT_VALUE,ERR_MSG) VALUES ('TBLID_BMROUTE_OPE','RELEASE',6,'RELEASE_PARAM','mroute_id','D8',NULL,NULL,NULL);
INSERT INTO SM_CHECK_DEF (TABLE_ID,CHECK_TYPE,CHECK_ORDER,CHECK_KIND,FIELD_NAME,REF_TABLE,REF_FIELD,EXPECT_VALUE,ERR_MSG) VALUES ('TBLID_BMROUTE_OPE','RELEASE',7,'RELEASE_PARAM','mroute_ver','D3',NULL,NULL,NULL);
INSERT INTO SM_CHECK_DEF (TABLE_ID,CHECK_TYPE,CHECK_ORDER,CHECK_KIND,FIELD_NAME,REF_TABLE,REF_FIELD,EXPECT_VALUE,ERR_MSG) VALUES ('TBLID_BMROUTE_OPE','RELEASE',8,'RELEASE_WRITE','ope_seq_no','D0',NULL,NULL,NULL);
INSERT INTO SM_CHECK_DEF (TABLE_ID,CHECK_TYPE,CHECK_ORDER,CHECK_KIND,FIELD_NAME,REF_TABLE,REF_FIELD,EXPECT_VALUE,ERR_MSG) VALUES ('TBLID_BMROUTE_OPE','RELEASE',9,'RELEASE_WRITE','ope_id','D0',NULL,NULL,NULL);
INSERT INTO SM_CHECK_DEF (TABLE_ID,CHECK_TYPE,CHECK_ORDER,CHECK_KIND,FIELD_NAME,REF_TABLE,REF_FIELD,EXPECT_VALUE,ERR_MSG) VALUES ('TBLID_BMROUTE_OPE','DELETE',1,'STAT_R',NULL,NULL,NULL,NULL,NULL);
INSERT INTO SM_CHECK_DEF (TABLE_ID,CHECK_TYPE,CHECK_ORDER,CHECK_KIND,FIELD_NAME,REF_TABLE,REF_FIELD,EXPECT_VALUE,ERR_MSG) VALUES ('TBLID_BMROUTE_OPE','DELETE',2,'STRING','lock_user',NULL,NULL,'',NULL);
INSERT INTO SM_CHECK_DEF (TABLE_ID,CHECK_TYPE,CHECK_ORDER,CHECK_KIND,FIELD_NAME,REF_TABLE,REF_FIELD,EXPECT_VALUE,ERR_MSG) VALUES ('TBLID_BMROUTE_OPE','DELETE',3,'NULLCHK','lock_time',NULL,NULL,NULL,NULL);
INSERT INTO SM_CHECK_DEF (TABLE_ID,CHECK_TYPE,CHECK_ORDER,CHECK_KIND,FIELD_NAME,REF_TABLE,REF_FIELD,EXPECT_VALUE,ERR_MSG) VALUES ('TBLID_BMROUTE_OPE','EDITCOMP',1,'STAT_E',NULL,NULL,NULL,NULL,NULL);
INSERT INTO SM_CHECK_DEF (TABLE_ID,CHECK_TYPE,CHECK_ORDER,CHECK_KIND,FIELD_NAME,REF_TABLE,REF_FIELD,EXPECT_VALUE,ERR_MSG) VALUES ('TBLID_BMROUTE_OPE','EDITCOMP',2,'COMP_N',NULL,NULL,NULL,NULL,'记录已编辑完成');

-- BMTL_ITEM
INSERT INTO SM_TABLE_DEF (TABLE_ID, TABLE_NAME, JP_TITLE, US_TITLE, RELEASE_FLAG, DISTRIBUTE_FLAG, PERMISSION_TYPE, SCHEMA_TYPE, HAS_DUMMY, SORT_NO)
VALUES ('TBLID_BMTL_ITEM', 'BMTL_ITEM', 'BMTL_ITEM', 'BMTL_ITEM', 'Y', 'N', 'C', 'L', 'Y', 440);
INSERT INTO SM_FIELD_DEF (TABLE_ID,FIELD_NAME,JP_TITLE,US_TITLE,DB_TYPE,DB_LENGTH,IS_KEY,NOT_BLANK,IS_DUMMY,IS_SEARCH_ITEM,SORT_NO,TREE_LEVEL,SHEET_NO,PAGE_NO,PROPERTY_NO,IS_AUTO,IS_MANDATORY,SYSTEM_READONLY,FIELD_TYPE,FIELD_LENGTH,INPUT_ALPHABET,INPUT_MULTIBYTE,INPUT_NUMERIC,INPUT_SYMBOL,INPUT_UPPERCASE,RETRIEVAL_TABLE,FORMAT,DEFAULT_VALUE,MIN_VALUE,MAX_VALUE,CALENDAR_BUTTON,JUMP_BUTTON,OPEN_BUTTON,REF_TABLE_ID,REF_FIELD_NAME,SPECIAL_BUTTON) VALUES ('TBLID_BMTL_ITEM','MTL_ITEM_ID','MTL_ITEM_ID','MTL_ITEM_ID','STRING',20,'N','Y','N','Y',-1,-1,0,0,0,'N','N','N','STRING',0,'Y',0,'Y','Y','Y','NONE',NULL,NULL,NULL,NULL,'N','N',0,NULL,NULL,0);
INSERT INTO SM_FIELD_DEF (TABLE_ID,FIELD_NAME,JP_TITLE,US_TITLE,DB_TYPE,DB_LENGTH,IS_KEY,NOT_BLANK,IS_DUMMY,IS_SEARCH_ITEM,SORT_NO,TREE_LEVEL,SHEET_NO,PAGE_NO,PROPERTY_NO,IS_AUTO,IS_MANDATORY,SYSTEM_READONLY,FIELD_TYPE,FIELD_LENGTH,INPUT_ALPHABET,INPUT_MULTIBYTE,INPUT_NUMERIC,INPUT_SYMBOL,INPUT_UPPERCASE,RETRIEVAL_TABLE,FORMAT,DEFAULT_VALUE,MIN_VALUE,MAX_VALUE,CALENDAR_BUTTON,JUMP_BUTTON,OPEN_BUTTON,REF_TABLE_ID,REF_FIELD_NAME,SPECIAL_BUTTON) VALUES ('TBLID_BMTL_ITEM','MTL_ITEM_NAME','MTL_ITEM_NAME','MTL_ITEM_NAME','STRING',40,'N','Y','N','Y',-1,-1,0,0,0,'N','N','N','STRING',0,'Y',0,'Y','Y','Y','NONE',NULL,NULL,NULL,NULL,'N','N',0,NULL,NULL,0);
INSERT INTO SM_FIELD_DEF (TABLE_ID,FIELD_NAME,JP_TITLE,US_TITLE,DB_TYPE,DB_LENGTH,IS_KEY,NOT_BLANK,IS_DUMMY,IS_SEARCH_ITEM,SORT_NO,TREE_LEVEL,SHEET_NO,PAGE_NO,PROPERTY_NO,IS_AUTO,IS_MANDATORY,SYSTEM_READONLY,FIELD_TYPE,FIELD_LENGTH,INPUT_ALPHABET,INPUT_MULTIBYTE,INPUT_NUMERIC,INPUT_SYMBOL,INPUT_UPPERCASE,RETRIEVAL_TABLE,FORMAT,DEFAULT_VALUE,MIN_VALUE,MAX_VALUE,CALENDAR_BUTTON,JUMP_BUTTON,OPEN_BUTTON,REF_TABLE_ID,REF_FIELD_NAME,SPECIAL_BUTTON) VALUES ('TBLID_BMTL_ITEM','MTL_ITEM_DESC','MTL_ITEM_DESC','MTL_ITEM_DESC','STRING',80,'N','Y','N','Y',-1,-1,0,0,0,'N','N','N','STRING',0,'Y',0,'Y','Y','Y','NONE',NULL,NULL,NULL,NULL,'N','N',0,NULL,NULL,0);
INSERT INTO SM_FIELD_DEF (TABLE_ID,FIELD_NAME,JP_TITLE,US_TITLE,DB_TYPE,DB_LENGTH,IS_KEY,NOT_BLANK,IS_DUMMY,IS_SEARCH_ITEM,SORT_NO,TREE_LEVEL,SHEET_NO,PAGE_NO,PROPERTY_NO,IS_AUTO,IS_MANDATORY,SYSTEM_READONLY,FIELD_TYPE,FIELD_LENGTH,INPUT_ALPHABET,INPUT_MULTIBYTE,INPUT_NUMERIC,INPUT_SYMBOL,INPUT_UPPERCASE,RETRIEVAL_TABLE,FORMAT,DEFAULT_VALUE,MIN_VALUE,MAX_VALUE,CALENDAR_BUTTON,JUMP_BUTTON,OPEN_BUTTON,REF_TABLE_ID,REF_FIELD_NAME,SPECIAL_BUTTON) VALUES ('TBLID_BMTL_ITEM','CNT_METHOD','CNT_METHOD','CNT_METHOD','STRING',16,'N','Y','N','Y',-1,-1,0,0,0,'N','N','N','STRING',0,'Y',0,'Y','Y','Y','NONE',NULL,NULL,NULL,NULL,'N','N',0,NULL,NULL,0);
INSERT INTO SM_FIELD_DEF (TABLE_ID,FIELD_NAME,JP_TITLE,US_TITLE,DB_TYPE,DB_LENGTH,IS_KEY,NOT_BLANK,IS_DUMMY,IS_SEARCH_ITEM,SORT_NO,TREE_LEVEL,SHEET_NO,PAGE_NO,PROPERTY_NO,IS_AUTO,IS_MANDATORY,SYSTEM_READONLY,FIELD_TYPE,FIELD_LENGTH,INPUT_ALPHABET,INPUT_MULTIBYTE,INPUT_NUMERIC,INPUT_SYMBOL,INPUT_UPPERCASE,RETRIEVAL_TABLE,FORMAT,DEFAULT_VALUE,MIN_VALUE,MAX_VALUE,CALENDAR_BUTTON,JUMP_BUTTON,OPEN_BUTTON,REF_TABLE_ID,REF_FIELD_NAME,SPECIAL_BUTTON) VALUES ('TBLID_BMTL_ITEM','PROCDATA_ITEM','PROCDATA_ITEM','PROCDATA_ITEM','STRING',10,'N','Y','N','Y',-1,-1,0,0,0,'N','N','N','STRING',0,'Y',0,'Y','Y','Y','NONE',NULL,NULL,NULL,NULL,'N','N',0,NULL,NULL,0);
INSERT INTO SM_CHECK_DEF (TABLE_ID,CHECK_TYPE,CHECK_ORDER,CHECK_KIND,FIELD_NAME,REF_TABLE,REF_FIELD,EXPECT_VALUE,ERR_MSG) VALUES ('TBLID_BMTL_ITEM','SAVE',1,'STAT_E',NULL,NULL,NULL,NULL,NULL);
INSERT INTO SM_CHECK_DEF (TABLE_ID,CHECK_TYPE,CHECK_ORDER,CHECK_KIND,FIELD_NAME,REF_TABLE,REF_FIELD,EXPECT_VALUE,ERR_MSG) VALUES ('TBLID_BMTL_ITEM','SAVE',2,'STRING','lock_user',NULL,NULL,'',NULL);
INSERT INTO SM_CHECK_DEF (TABLE_ID,CHECK_TYPE,CHECK_ORDER,CHECK_KIND,FIELD_NAME,REF_TABLE,REF_FIELD,EXPECT_VALUE,ERR_MSG) VALUES ('TBLID_BMTL_ITEM','SAVE',3,'NULLCHK','lock_time',NULL,NULL,NULL,NULL);
INSERT INTO SM_CHECK_DEF (TABLE_ID,CHECK_TYPE,CHECK_ORDER,CHECK_KIND,FIELD_NAME,REF_TABLE,REF_FIELD,EXPECT_VALUE,ERR_MSG) VALUES ('TBLID_BMTL_ITEM','RELEASE',1,'STAT_E',NULL,NULL,NULL,NULL,NULL);
INSERT INTO SM_CHECK_DEF (TABLE_ID,CHECK_TYPE,CHECK_ORDER,CHECK_KIND,FIELD_NAME,REF_TABLE,REF_FIELD,EXPECT_VALUE,ERR_MSG) VALUES ('TBLID_BMTL_ITEM','RELEASE',2,'STRING','lock_user',NULL,NULL,'',NULL);
INSERT INTO SM_CHECK_DEF (TABLE_ID,CHECK_TYPE,CHECK_ORDER,CHECK_KIND,FIELD_NAME,REF_TABLE,REF_FIELD,EXPECT_VALUE,ERR_MSG) VALUES ('TBLID_BMTL_ITEM','RELEASE',3,'NULLCHK','lock_time',NULL,NULL,NULL,NULL);
INSERT INTO SM_CHECK_DEF (TABLE_ID,CHECK_TYPE,CHECK_ORDER,CHECK_KIND,FIELD_NAME,REF_TABLE,REF_FIELD,EXPECT_VALUE,ERR_MSG) VALUES ('TBLID_BMTL_ITEM','RELEASE',4,'RELEASE_PARAM','mtl_item_id','D20',NULL,NULL,NULL);
INSERT INTO SM_CHECK_DEF (TABLE_ID,CHECK_TYPE,CHECK_ORDER,CHECK_KIND,FIELD_NAME,REF_TABLE,REF_FIELD,EXPECT_VALUE,ERR_MSG) VALUES ('TBLID_BMTL_ITEM','RELEASE',5,'RELEASE_WRITE','mtl_item_name','D0',NULL,NULL,NULL);
INSERT INTO SM_CHECK_DEF (TABLE_ID,CHECK_TYPE,CHECK_ORDER,CHECK_KIND,FIELD_NAME,REF_TABLE,REF_FIELD,EXPECT_VALUE,ERR_MSG) VALUES ('TBLID_BMTL_ITEM','RELEASE',6,'RELEASE_WRITE','mtl_item_desc','D0',NULL,NULL,NULL);
INSERT INTO SM_CHECK_DEF (TABLE_ID,CHECK_TYPE,CHECK_ORDER,CHECK_KIND,FIELD_NAME,REF_TABLE,REF_FIELD,EXPECT_VALUE,ERR_MSG) VALUES ('TBLID_BMTL_ITEM','RELEASE',7,'RELEASE_WRITE','cnt_method','D0',NULL,NULL,NULL);
INSERT INTO SM_CHECK_DEF (TABLE_ID,CHECK_TYPE,CHECK_ORDER,CHECK_KIND,FIELD_NAME,REF_TABLE,REF_FIELD,EXPECT_VALUE,ERR_MSG) VALUES ('TBLID_BMTL_ITEM','RELEASE',8,'RELEASE_WRITE','procdata_item','D0',NULL,NULL,NULL);
INSERT INTO SM_CHECK_DEF (TABLE_ID,CHECK_TYPE,CHECK_ORDER,CHECK_KIND,FIELD_NAME,REF_TABLE,REF_FIELD,EXPECT_VALUE,ERR_MSG) VALUES ('TBLID_BMTL_ITEM','DELETE',1,'STAT_R',NULL,NULL,NULL,NULL,NULL);
INSERT INTO SM_CHECK_DEF (TABLE_ID,CHECK_TYPE,CHECK_ORDER,CHECK_KIND,FIELD_NAME,REF_TABLE,REF_FIELD,EXPECT_VALUE,ERR_MSG) VALUES ('TBLID_BMTL_ITEM','DELETE',2,'STRING','lock_user',NULL,NULL,'',NULL);
INSERT INTO SM_CHECK_DEF (TABLE_ID,CHECK_TYPE,CHECK_ORDER,CHECK_KIND,FIELD_NAME,REF_TABLE,REF_FIELD,EXPECT_VALUE,ERR_MSG) VALUES ('TBLID_BMTL_ITEM','DELETE',3,'NULLCHK','lock_time',NULL,NULL,NULL,NULL);
INSERT INTO SM_CHECK_DEF (TABLE_ID,CHECK_TYPE,CHECK_ORDER,CHECK_KIND,FIELD_NAME,REF_TABLE,REF_FIELD,EXPECT_VALUE,ERR_MSG) VALUES ('TBLID_BMTL_ITEM','EDITCOMP',1,'STAT_E',NULL,NULL,NULL,NULL,NULL);
INSERT INTO SM_CHECK_DEF (TABLE_ID,CHECK_TYPE,CHECK_ORDER,CHECK_KIND,FIELD_NAME,REF_TABLE,REF_FIELD,EXPECT_VALUE,ERR_MSG) VALUES ('TBLID_BMTL_ITEM','EDITCOMP',2,'COMP_N',NULL,NULL,NULL,NULL,'记录已编辑完成');

-- BMTL_PROD
INSERT INTO SM_TABLE_DEF (TABLE_ID, TABLE_NAME, JP_TITLE, US_TITLE, RELEASE_FLAG, DISTRIBUTE_FLAG, PERMISSION_TYPE, SCHEMA_TYPE, HAS_DUMMY, SORT_NO)
VALUES ('TBLID_BMTL_PROD', 'BMTL_PROD', 'BMTL_PROD', 'BMTL_PROD', 'Y', 'N', 'C', 'L', 'N', 450);
INSERT INTO SM_FIELD_DEF (TABLE_ID,FIELD_NAME,JP_TITLE,US_TITLE,DB_TYPE,DB_LENGTH,IS_KEY,NOT_BLANK,IS_DUMMY,IS_SEARCH_ITEM,SORT_NO,TREE_LEVEL,SHEET_NO,PAGE_NO,PROPERTY_NO,IS_AUTO,IS_MANDATORY,SYSTEM_READONLY,FIELD_TYPE,FIELD_LENGTH,INPUT_ALPHABET,INPUT_MULTIBYTE,INPUT_NUMERIC,INPUT_SYMBOL,INPUT_UPPERCASE,RETRIEVAL_TABLE,FORMAT,DEFAULT_VALUE,MIN_VALUE,MAX_VALUE,CALENDAR_BUTTON,JUMP_BUTTON,OPEN_BUTTON,REF_TABLE_ID,REF_FIELD_NAME,SPECIAL_BUTTON) VALUES ('TBLID_BMTL_PROD','MTL_ITEM_ID','MTL_ITEM_ID','MTL_ITEM_ID','STRING',20,'N','Y','N','Y',-1,-1,0,0,0,'N','N','N','STRING',0,'Y',0,'Y','Y','Y','NONE',NULL,NULL,NULL,NULL,'N','N',0,NULL,NULL,0);
INSERT INTO SM_FIELD_DEF (TABLE_ID,FIELD_NAME,JP_TITLE,US_TITLE,DB_TYPE,DB_LENGTH,IS_KEY,NOT_BLANK,IS_DUMMY,IS_SEARCH_ITEM,SORT_NO,TREE_LEVEL,SHEET_NO,PAGE_NO,PROPERTY_NO,IS_AUTO,IS_MANDATORY,SYSTEM_READONLY,FIELD_TYPE,FIELD_LENGTH,INPUT_ALPHABET,INPUT_MULTIBYTE,INPUT_NUMERIC,INPUT_SYMBOL,INPUT_UPPERCASE,RETRIEVAL_TABLE,FORMAT,DEFAULT_VALUE,MIN_VALUE,MAX_VALUE,CALENDAR_BUTTON,JUMP_BUTTON,OPEN_BUTTON,REF_TABLE_ID,REF_FIELD_NAME,SPECIAL_BUTTON) VALUES ('TBLID_BMTL_PROD','PROD_ID','PROD_ID','PROD_ID','STRING',20,'N','Y','N','Y',-1,-1,0,0,0,'N','N','N','STRING',0,'Y',0,'Y','Y','Y','NONE',NULL,NULL,NULL,NULL,'N','N',0,NULL,NULL,0);
INSERT INTO SM_FIELD_DEF (TABLE_ID,FIELD_NAME,JP_TITLE,US_TITLE,DB_TYPE,DB_LENGTH,IS_KEY,NOT_BLANK,IS_DUMMY,IS_SEARCH_ITEM,SORT_NO,TREE_LEVEL,SHEET_NO,PAGE_NO,PROPERTY_NO,IS_AUTO,IS_MANDATORY,SYSTEM_READONLY,FIELD_TYPE,FIELD_LENGTH,INPUT_ALPHABET,INPUT_MULTIBYTE,INPUT_NUMERIC,INPUT_SYMBOL,INPUT_UPPERCASE,RETRIEVAL_TABLE,FORMAT,DEFAULT_VALUE,MIN_VALUE,MAX_VALUE,CALENDAR_BUTTON,JUMP_BUTTON,OPEN_BUTTON,REF_TABLE_ID,REF_FIELD_NAME,SPECIAL_BUTTON) VALUES ('TBLID_BMTL_PROD','CHK_CAT','CHK_CAT','CHK_CAT','STRING',1,'N','Y','N','Y',-1,-1,0,0,0,'N','N','N','STRING',0,'Y',0,'Y','Y','Y','NONE',NULL,NULL,NULL,NULL,'N','N',0,NULL,NULL,0);
INSERT INTO SM_FIELD_DEF (TABLE_ID,FIELD_NAME,JP_TITLE,US_TITLE,DB_TYPE,DB_LENGTH,IS_KEY,NOT_BLANK,IS_DUMMY,IS_SEARCH_ITEM,SORT_NO,TREE_LEVEL,SHEET_NO,PAGE_NO,PROPERTY_NO,IS_AUTO,IS_MANDATORY,SYSTEM_READONLY,FIELD_TYPE,FIELD_LENGTH,INPUT_ALPHABET,INPUT_MULTIBYTE,INPUT_NUMERIC,INPUT_SYMBOL,INPUT_UPPERCASE,RETRIEVAL_TABLE,FORMAT,DEFAULT_VALUE,MIN_VALUE,MAX_VALUE,CALENDAR_BUTTON,JUMP_BUTTON,OPEN_BUTTON,REF_TABLE_ID,REF_FIELD_NAME,SPECIAL_BUTTON) VALUES ('TBLID_BMTL_PROD','PRODUCT_CAT','PRODUCT_CAT','PRODUCT_CAT','STRING',1,'N','Y','N','Y',-1,-1,0,0,0,'N','N','N','STRING',0,'Y',0,'Y','Y','Y','NONE',NULL,NULL,NULL,NULL,'N','N',0,NULL,NULL,0);
INSERT INTO SM_FIELD_DEF (TABLE_ID,FIELD_NAME,JP_TITLE,US_TITLE,DB_TYPE,DB_LENGTH,IS_KEY,NOT_BLANK,IS_DUMMY,IS_SEARCH_ITEM,SORT_NO,TREE_LEVEL,SHEET_NO,PAGE_NO,PROPERTY_NO,IS_AUTO,IS_MANDATORY,SYSTEM_READONLY,FIELD_TYPE,FIELD_LENGTH,INPUT_ALPHABET,INPUT_MULTIBYTE,INPUT_NUMERIC,INPUT_SYMBOL,INPUT_UPPERCASE,RETRIEVAL_TABLE,FORMAT,DEFAULT_VALUE,MIN_VALUE,MAX_VALUE,CALENDAR_BUTTON,JUMP_BUTTON,OPEN_BUTTON,REF_TABLE_ID,REF_FIELD_NAME,SPECIAL_BUTTON) VALUES ('TBLID_BMTL_PROD','LOT_TYPE','LOT_TYPE','LOT_TYPE','STRING',1,'N','Y','N','Y',-1,-1,0,0,0,'N','N','N','STRING',0,'Y',0,'Y','Y','Y','NONE',NULL,NULL,NULL,NULL,'N','N',0,NULL,NULL,0);
INSERT INTO SM_FIELD_DEF (TABLE_ID,FIELD_NAME,JP_TITLE,US_TITLE,DB_TYPE,DB_LENGTH,IS_KEY,NOT_BLANK,IS_DUMMY,IS_SEARCH_ITEM,SORT_NO,TREE_LEVEL,SHEET_NO,PAGE_NO,PROPERTY_NO,IS_AUTO,IS_MANDATORY,SYSTEM_READONLY,FIELD_TYPE,FIELD_LENGTH,INPUT_ALPHABET,INPUT_MULTIBYTE,INPUT_NUMERIC,INPUT_SYMBOL,INPUT_UPPERCASE,RETRIEVAL_TABLE,FORMAT,DEFAULT_VALUE,MIN_VALUE,MAX_VALUE,CALENDAR_BUTTON,JUMP_BUTTON,OPEN_BUTTON,REF_TABLE_ID,REF_FIELD_NAME,SPECIAL_BUTTON) VALUES ('TBLID_BMTL_PROD','H_VAL','H_VAL','H_VAL','STRING',10,'N','Y','N','Y',-1,-1,0,0,0,'N','N','N','STRING',0,'Y',0,'Y','Y','Y','NONE',NULL,NULL,NULL,NULL,'N','N',0,NULL,NULL,0);
INSERT INTO SM_FIELD_DEF (TABLE_ID,FIELD_NAME,JP_TITLE,US_TITLE,DB_TYPE,DB_LENGTH,IS_KEY,NOT_BLANK,IS_DUMMY,IS_SEARCH_ITEM,SORT_NO,TREE_LEVEL,SHEET_NO,PAGE_NO,PROPERTY_NO,IS_AUTO,IS_MANDATORY,SYSTEM_READONLY,FIELD_TYPE,FIELD_LENGTH,INPUT_ALPHABET,INPUT_MULTIBYTE,INPUT_NUMERIC,INPUT_SYMBOL,INPUT_UPPERCASE,RETRIEVAL_TABLE,FORMAT,DEFAULT_VALUE,MIN_VALUE,MAX_VALUE,CALENDAR_BUTTON,JUMP_BUTTON,OPEN_BUTTON,REF_TABLE_ID,REF_FIELD_NAME,SPECIAL_BUTTON) VALUES ('TBLID_BMTL_PROD','L_VAL','L_VAL','L_VAL','STRING',10,'N','Y','N','Y',-1,-1,0,0,0,'N','N','N','STRING',0,'Y',0,'Y','Y','Y','NONE',NULL,NULL,NULL,NULL,'N','N',0,NULL,NULL,0);
INSERT INTO SM_FIELD_DEF (TABLE_ID,FIELD_NAME,JP_TITLE,US_TITLE,DB_TYPE,DB_LENGTH,IS_KEY,NOT_BLANK,IS_DUMMY,IS_SEARCH_ITEM,SORT_NO,TREE_LEVEL,SHEET_NO,PAGE_NO,PROPERTY_NO,IS_AUTO,IS_MANDATORY,SYSTEM_READONLY,FIELD_TYPE,FIELD_LENGTH,INPUT_ALPHABET,INPUT_MULTIBYTE,INPUT_NUMERIC,INPUT_SYMBOL,INPUT_UPPERCASE,RETRIEVAL_TABLE,FORMAT,DEFAULT_VALUE,MIN_VALUE,MAX_VALUE,CALENDAR_BUTTON,JUMP_BUTTON,OPEN_BUTTON,REF_TABLE_ID,REF_FIELD_NAME,SPECIAL_BUTTON) VALUES ('TBLID_BMTL_PROD','A_VAL','A_VAL','A_VAL','STRING',10,'N','Y','N','Y',-1,-1,0,0,0,'N','N','N','STRING',0,'Y',0,'Y','Y','Y','NONE',NULL,NULL,NULL,NULL,'N','N',0,NULL,NULL,0);
INSERT INTO SM_FIELD_DEF (TABLE_ID,FIELD_NAME,JP_TITLE,US_TITLE,DB_TYPE,DB_LENGTH,IS_KEY,NOT_BLANK,IS_DUMMY,IS_SEARCH_ITEM,SORT_NO,TREE_LEVEL,SHEET_NO,PAGE_NO,PROPERTY_NO,IS_AUTO,IS_MANDATORY,SYSTEM_READONLY,FIELD_TYPE,FIELD_LENGTH,INPUT_ALPHABET,INPUT_MULTIBYTE,INPUT_NUMERIC,INPUT_SYMBOL,INPUT_UPPERCASE,RETRIEVAL_TABLE,FORMAT,DEFAULT_VALUE,MIN_VALUE,MAX_VALUE,CALENDAR_BUTTON,JUMP_BUTTON,OPEN_BUTTON,REF_TABLE_ID,REF_FIELD_NAME,SPECIAL_BUTTON) VALUES ('TBLID_BMTL_PROD','C_FLG','C_FLG','C_FLG','STRING',1,'N','Y','N','Y',-1,-1,0,0,0,'N','N','N','STRING',0,'Y',0,'Y','Y','Y','NONE',NULL,NULL,NULL,NULL,'N','N',0,NULL,NULL,0);
INSERT INTO SM_FIELD_DEF (TABLE_ID,FIELD_NAME,JP_TITLE,US_TITLE,DB_TYPE,DB_LENGTH,IS_KEY,NOT_BLANK,IS_DUMMY,IS_SEARCH_ITEM,SORT_NO,TREE_LEVEL,SHEET_NO,PAGE_NO,PROPERTY_NO,IS_AUTO,IS_MANDATORY,SYSTEM_READONLY,FIELD_TYPE,FIELD_LENGTH,INPUT_ALPHABET,INPUT_MULTIBYTE,INPUT_NUMERIC,INPUT_SYMBOL,INPUT_UPPERCASE,RETRIEVAL_TABLE,FORMAT,DEFAULT_VALUE,MIN_VALUE,MAX_VALUE,CALENDAR_BUTTON,JUMP_BUTTON,OPEN_BUTTON,REF_TABLE_ID,REF_FIELD_NAME,SPECIAL_BUTTON) VALUES ('TBLID_BMTL_PROD','H_VAL1','H_VAL1','H_VAL1','STRING',10,'N','Y','N','Y',-1,-1,0,0,0,'N','N','N','STRING',0,'Y',0,'Y','Y','Y','NONE',NULL,NULL,NULL,NULL,'N','N',0,NULL,NULL,0);
INSERT INTO SM_FIELD_DEF (TABLE_ID,FIELD_NAME,JP_TITLE,US_TITLE,DB_TYPE,DB_LENGTH,IS_KEY,NOT_BLANK,IS_DUMMY,IS_SEARCH_ITEM,SORT_NO,TREE_LEVEL,SHEET_NO,PAGE_NO,PROPERTY_NO,IS_AUTO,IS_MANDATORY,SYSTEM_READONLY,FIELD_TYPE,FIELD_LENGTH,INPUT_ALPHABET,INPUT_MULTIBYTE,INPUT_NUMERIC,INPUT_SYMBOL,INPUT_UPPERCASE,RETRIEVAL_TABLE,FORMAT,DEFAULT_VALUE,MIN_VALUE,MAX_VALUE,CALENDAR_BUTTON,JUMP_BUTTON,OPEN_BUTTON,REF_TABLE_ID,REF_FIELD_NAME,SPECIAL_BUTTON) VALUES ('TBLID_BMTL_PROD','L_VAL1','L_VAL1','L_VAL1','STRING',10,'N','Y','N','Y',-1,-1,0,0,0,'N','N','N','STRING',0,'Y',0,'Y','Y','Y','NONE',NULL,NULL,NULL,NULL,'N','N',0,NULL,NULL,0);
INSERT INTO SM_CHECK_DEF (TABLE_ID,CHECK_TYPE,CHECK_ORDER,CHECK_KIND,FIELD_NAME,REF_TABLE,REF_FIELD,EXPECT_VALUE,ERR_MSG) VALUES ('TBLID_BMTL_PROD','SAVE',1,'STAT_E',NULL,NULL,NULL,NULL,NULL);
INSERT INTO SM_CHECK_DEF (TABLE_ID,CHECK_TYPE,CHECK_ORDER,CHECK_KIND,FIELD_NAME,REF_TABLE,REF_FIELD,EXPECT_VALUE,ERR_MSG) VALUES ('TBLID_BMTL_PROD','SAVE',2,'STRING','lock_user',NULL,NULL,'',NULL);
INSERT INTO SM_CHECK_DEF (TABLE_ID,CHECK_TYPE,CHECK_ORDER,CHECK_KIND,FIELD_NAME,REF_TABLE,REF_FIELD,EXPECT_VALUE,ERR_MSG) VALUES ('TBLID_BMTL_PROD','SAVE',3,'NULLCHK','lock_time',NULL,NULL,NULL,NULL);
INSERT INTO SM_CHECK_DEF (TABLE_ID,CHECK_TYPE,CHECK_ORDER,CHECK_KIND,FIELD_NAME,REF_TABLE,REF_FIELD,EXPECT_VALUE,ERR_MSG) VALUES ('TBLID_BMTL_PROD','RELEASE',1,'STAT_E',NULL,NULL,NULL,NULL,NULL);
INSERT INTO SM_CHECK_DEF (TABLE_ID,CHECK_TYPE,CHECK_ORDER,CHECK_KIND,FIELD_NAME,REF_TABLE,REF_FIELD,EXPECT_VALUE,ERR_MSG) VALUES ('TBLID_BMTL_PROD','RELEASE',2,'STRING','lock_user',NULL,NULL,'',NULL);
INSERT INTO SM_CHECK_DEF (TABLE_ID,CHECK_TYPE,CHECK_ORDER,CHECK_KIND,FIELD_NAME,REF_TABLE,REF_FIELD,EXPECT_VALUE,ERR_MSG) VALUES ('TBLID_BMTL_PROD','RELEASE',3,'NULLCHK','lock_time',NULL,NULL,NULL,NULL);
INSERT INTO SM_CHECK_DEF (TABLE_ID,CHECK_TYPE,CHECK_ORDER,CHECK_KIND,FIELD_NAME,REF_TABLE,REF_FIELD,EXPECT_VALUE,ERR_MSG) VALUES ('TBLID_BMTL_PROD','RELEASE',4,'RELEASE_PARAM','mtl_item_id','D20',NULL,NULL,NULL);
INSERT INTO SM_CHECK_DEF (TABLE_ID,CHECK_TYPE,CHECK_ORDER,CHECK_KIND,FIELD_NAME,REF_TABLE,REF_FIELD,EXPECT_VALUE,ERR_MSG) VALUES ('TBLID_BMTL_PROD','RELEASE',5,'RELEASE_PARAM','prod_id','D20',NULL,NULL,NULL);
INSERT INTO SM_CHECK_DEF (TABLE_ID,CHECK_TYPE,CHECK_ORDER,CHECK_KIND,FIELD_NAME,REF_TABLE,REF_FIELD,EXPECT_VALUE,ERR_MSG) VALUES ('TBLID_BMTL_PROD','RELEASE',6,'RELEASE_PARAM','chk_cat','D1',NULL,NULL,NULL);
INSERT INTO SM_CHECK_DEF (TABLE_ID,CHECK_TYPE,CHECK_ORDER,CHECK_KIND,FIELD_NAME,REF_TABLE,REF_FIELD,EXPECT_VALUE,ERR_MSG) VALUES ('TBLID_BMTL_PROD','RELEASE',7,'RELEASE_PARAM','product_cat','D1',NULL,NULL,NULL);
INSERT INTO SM_CHECK_DEF (TABLE_ID,CHECK_TYPE,CHECK_ORDER,CHECK_KIND,FIELD_NAME,REF_TABLE,REF_FIELD,EXPECT_VALUE,ERR_MSG) VALUES ('TBLID_BMTL_PROD','RELEASE',8,'RELEASE_PARAM','lot_type','D1',NULL,NULL,NULL);
INSERT INTO SM_CHECK_DEF (TABLE_ID,CHECK_TYPE,CHECK_ORDER,CHECK_KIND,FIELD_NAME,REF_TABLE,REF_FIELD,EXPECT_VALUE,ERR_MSG) VALUES ('TBLID_BMTL_PROD','RELEASE',9,'RELEASE_WRITE','h_val','D0',NULL,NULL,NULL);
INSERT INTO SM_CHECK_DEF (TABLE_ID,CHECK_TYPE,CHECK_ORDER,CHECK_KIND,FIELD_NAME,REF_TABLE,REF_FIELD,EXPECT_VALUE,ERR_MSG) VALUES ('TBLID_BMTL_PROD','RELEASE',10,'RELEASE_WRITE','l_val','D0',NULL,NULL,NULL);
INSERT INTO SM_CHECK_DEF (TABLE_ID,CHECK_TYPE,CHECK_ORDER,CHECK_KIND,FIELD_NAME,REF_TABLE,REF_FIELD,EXPECT_VALUE,ERR_MSG) VALUES ('TBLID_BMTL_PROD','RELEASE',11,'RELEASE_WRITE','a_val','D0',NULL,NULL,NULL);
INSERT INTO SM_CHECK_DEF (TABLE_ID,CHECK_TYPE,CHECK_ORDER,CHECK_KIND,FIELD_NAME,REF_TABLE,REF_FIELD,EXPECT_VALUE,ERR_MSG) VALUES ('TBLID_BMTL_PROD','RELEASE',12,'RELEASE_WRITE','c_flg','D0',NULL,NULL,NULL);
INSERT INTO SM_CHECK_DEF (TABLE_ID,CHECK_TYPE,CHECK_ORDER,CHECK_KIND,FIELD_NAME,REF_TABLE,REF_FIELD,EXPECT_VALUE,ERR_MSG) VALUES ('TBLID_BMTL_PROD','RELEASE',13,'RELEASE_WRITE','h_val1','D0',NULL,NULL,NULL);
INSERT INTO SM_CHECK_DEF (TABLE_ID,CHECK_TYPE,CHECK_ORDER,CHECK_KIND,FIELD_NAME,REF_TABLE,REF_FIELD,EXPECT_VALUE,ERR_MSG) VALUES ('TBLID_BMTL_PROD','RELEASE',14,'RELEASE_WRITE','l_val1','D0',NULL,NULL,NULL);
INSERT INTO SM_CHECK_DEF (TABLE_ID,CHECK_TYPE,CHECK_ORDER,CHECK_KIND,FIELD_NAME,REF_TABLE,REF_FIELD,EXPECT_VALUE,ERR_MSG) VALUES ('TBLID_BMTL_PROD','DELETE',1,'STAT_R',NULL,NULL,NULL,NULL,NULL);
INSERT INTO SM_CHECK_DEF (TABLE_ID,CHECK_TYPE,CHECK_ORDER,CHECK_KIND,FIELD_NAME,REF_TABLE,REF_FIELD,EXPECT_VALUE,ERR_MSG) VALUES ('TBLID_BMTL_PROD','DELETE',2,'STRING','lock_user',NULL,NULL,'',NULL);
INSERT INTO SM_CHECK_DEF (TABLE_ID,CHECK_TYPE,CHECK_ORDER,CHECK_KIND,FIELD_NAME,REF_TABLE,REF_FIELD,EXPECT_VALUE,ERR_MSG) VALUES ('TBLID_BMTL_PROD','DELETE',3,'NULLCHK','lock_time',NULL,NULL,NULL,NULL);
INSERT INTO SM_CHECK_DEF (TABLE_ID,CHECK_TYPE,CHECK_ORDER,CHECK_KIND,FIELD_NAME,REF_TABLE,REF_FIELD,EXPECT_VALUE,ERR_MSG) VALUES ('TBLID_BMTL_PROD','EDITCOMP',1,'STAT_E',NULL,NULL,NULL,NULL,NULL);
INSERT INTO SM_CHECK_DEF (TABLE_ID,CHECK_TYPE,CHECK_ORDER,CHECK_KIND,FIELD_NAME,REF_TABLE,REF_FIELD,EXPECT_VALUE,ERR_MSG) VALUES ('TBLID_BMTL_PROD','EDITCOMP',2,'COMP_N',NULL,NULL,NULL,NULL,'记录已编辑完成');

-- BMTL_PROD_FIT
INSERT INTO SM_TABLE_DEF (TABLE_ID, TABLE_NAME, JP_TITLE, US_TITLE, RELEASE_FLAG, DISTRIBUTE_FLAG, PERMISSION_TYPE, SCHEMA_TYPE, HAS_DUMMY, SORT_NO)
VALUES ('TBLID_BMTL_PROD_FIT', 'BMTL_PROD_FIT', 'BMTL_PROD_FIT', 'BMTL_PROD_FIT', 'Y', 'N', 'C', 'L', 'N', 460);
INSERT INTO SM_FIELD_DEF (TABLE_ID,FIELD_NAME,JP_TITLE,US_TITLE,DB_TYPE,DB_LENGTH,IS_KEY,NOT_BLANK,IS_DUMMY,IS_SEARCH_ITEM,SORT_NO,TREE_LEVEL,SHEET_NO,PAGE_NO,PROPERTY_NO,IS_AUTO,IS_MANDATORY,SYSTEM_READONLY,FIELD_TYPE,FIELD_LENGTH,INPUT_ALPHABET,INPUT_MULTIBYTE,INPUT_NUMERIC,INPUT_SYMBOL,INPUT_UPPERCASE,RETRIEVAL_TABLE,FORMAT,DEFAULT_VALUE,MIN_VALUE,MAX_VALUE,CALENDAR_BUTTON,JUMP_BUTTON,OPEN_BUTTON,REF_TABLE_ID,REF_FIELD_NAME,SPECIAL_BUTTON) VALUES ('TBLID_BMTL_PROD_FIT','PROD_ID','PROD_ID','PROD_ID','STRING',20,'N','Y','N','Y',-1,-1,0,0,0,'N','N','N','STRING',0,'Y',0,'Y','Y','Y','NONE',NULL,NULL,NULL,NULL,'N','N',0,NULL,NULL,0);
INSERT INTO SM_FIELD_DEF (TABLE_ID,FIELD_NAME,JP_TITLE,US_TITLE,DB_TYPE,DB_LENGTH,IS_KEY,NOT_BLANK,IS_DUMMY,IS_SEARCH_ITEM,SORT_NO,TREE_LEVEL,SHEET_NO,PAGE_NO,PROPERTY_NO,IS_AUTO,IS_MANDATORY,SYSTEM_READONLY,FIELD_TYPE,FIELD_LENGTH,INPUT_ALPHABET,INPUT_MULTIBYTE,INPUT_NUMERIC,INPUT_SYMBOL,INPUT_UPPERCASE,RETRIEVAL_TABLE,FORMAT,DEFAULT_VALUE,MIN_VALUE,MAX_VALUE,CALENDAR_BUTTON,JUMP_BUTTON,OPEN_BUTTON,REF_TABLE_ID,REF_FIELD_NAME,SPECIAL_BUTTON) VALUES ('TBLID_BMTL_PROD_FIT','MTL_ITEM_ID','MTL_ITEM_ID','MTL_ITEM_ID','STRING',20,'N','Y','N','Y',-1,-1,0,0,0,'N','N','N','STRING',0,'Y',0,'Y','Y','Y','NONE',NULL,NULL,NULL,NULL,'N','N',0,NULL,NULL,0);
INSERT INTO SM_FIELD_DEF (TABLE_ID,FIELD_NAME,JP_TITLE,US_TITLE,DB_TYPE,DB_LENGTH,IS_KEY,NOT_BLANK,IS_DUMMY,IS_SEARCH_ITEM,SORT_NO,TREE_LEVEL,SHEET_NO,PAGE_NO,PROPERTY_NO,IS_AUTO,IS_MANDATORY,SYSTEM_READONLY,FIELD_TYPE,FIELD_LENGTH,INPUT_ALPHABET,INPUT_MULTIBYTE,INPUT_NUMERIC,INPUT_SYMBOL,INPUT_UPPERCASE,RETRIEVAL_TABLE,FORMAT,DEFAULT_VALUE,MIN_VALUE,MAX_VALUE,CALENDAR_BUTTON,JUMP_BUTTON,OPEN_BUTTON,REF_TABLE_ID,REF_FIELD_NAME,SPECIAL_BUTTON) VALUES ('TBLID_BMTL_PROD_FIT','EQP_PROPERTY','EQP_PROPERTY','EQP_PROPERTY','STRING',10,'N','Y','N','Y',-1,-1,0,0,0,'N','N','N','STRING',0,'Y',0,'Y','Y','Y','NONE',NULL,NULL,NULL,NULL,'N','N',0,NULL,NULL,0);
INSERT INTO SM_CHECK_DEF (TABLE_ID,CHECK_TYPE,CHECK_ORDER,CHECK_KIND,FIELD_NAME,REF_TABLE,REF_FIELD,EXPECT_VALUE,ERR_MSG) VALUES ('TBLID_BMTL_PROD_FIT','SAVE',1,'STAT_E',NULL,NULL,NULL,NULL,NULL);
INSERT INTO SM_CHECK_DEF (TABLE_ID,CHECK_TYPE,CHECK_ORDER,CHECK_KIND,FIELD_NAME,REF_TABLE,REF_FIELD,EXPECT_VALUE,ERR_MSG) VALUES ('TBLID_BMTL_PROD_FIT','SAVE',2,'STRING','lock_user',NULL,NULL,'',NULL);
INSERT INTO SM_CHECK_DEF (TABLE_ID,CHECK_TYPE,CHECK_ORDER,CHECK_KIND,FIELD_NAME,REF_TABLE,REF_FIELD,EXPECT_VALUE,ERR_MSG) VALUES ('TBLID_BMTL_PROD_FIT','SAVE',3,'NULLCHK','lock_time',NULL,NULL,NULL,NULL);
INSERT INTO SM_CHECK_DEF (TABLE_ID,CHECK_TYPE,CHECK_ORDER,CHECK_KIND,FIELD_NAME,REF_TABLE,REF_FIELD,EXPECT_VALUE,ERR_MSG) VALUES ('TBLID_BMTL_PROD_FIT','RELEASE',1,'STAT_E',NULL,NULL,NULL,NULL,NULL);
INSERT INTO SM_CHECK_DEF (TABLE_ID,CHECK_TYPE,CHECK_ORDER,CHECK_KIND,FIELD_NAME,REF_TABLE,REF_FIELD,EXPECT_VALUE,ERR_MSG) VALUES ('TBLID_BMTL_PROD_FIT','RELEASE',2,'STRING','lock_user',NULL,NULL,'',NULL);
INSERT INTO SM_CHECK_DEF (TABLE_ID,CHECK_TYPE,CHECK_ORDER,CHECK_KIND,FIELD_NAME,REF_TABLE,REF_FIELD,EXPECT_VALUE,ERR_MSG) VALUES ('TBLID_BMTL_PROD_FIT','RELEASE',3,'NULLCHK','lock_time',NULL,NULL,NULL,NULL);
INSERT INTO SM_CHECK_DEF (TABLE_ID,CHECK_TYPE,CHECK_ORDER,CHECK_KIND,FIELD_NAME,REF_TABLE,REF_FIELD,EXPECT_VALUE,ERR_MSG) VALUES ('TBLID_BMTL_PROD_FIT','RELEASE',4,'RELEASE_PARAM','prod_id','D20',NULL,NULL,NULL);
INSERT INTO SM_CHECK_DEF (TABLE_ID,CHECK_TYPE,CHECK_ORDER,CHECK_KIND,FIELD_NAME,REF_TABLE,REF_FIELD,EXPECT_VALUE,ERR_MSG) VALUES ('TBLID_BMTL_PROD_FIT','RELEASE',5,'RELEASE_PARAM','mtl_item_id','D20',NULL,NULL,NULL);
INSERT INTO SM_CHECK_DEF (TABLE_ID,CHECK_TYPE,CHECK_ORDER,CHECK_KIND,FIELD_NAME,REF_TABLE,REF_FIELD,EXPECT_VALUE,ERR_MSG) VALUES ('TBLID_BMTL_PROD_FIT','RELEASE',6,'RELEASE_PARAM','eqp_property','D10',NULL,NULL,NULL);
INSERT INTO SM_CHECK_DEF (TABLE_ID,CHECK_TYPE,CHECK_ORDER,CHECK_KIND,FIELD_NAME,REF_TABLE,REF_FIELD,EXPECT_VALUE,ERR_MSG) VALUES ('TBLID_BMTL_PROD_FIT','DELETE',1,'STAT_R',NULL,NULL,NULL,NULL,NULL);
INSERT INTO SM_CHECK_DEF (TABLE_ID,CHECK_TYPE,CHECK_ORDER,CHECK_KIND,FIELD_NAME,REF_TABLE,REF_FIELD,EXPECT_VALUE,ERR_MSG) VALUES ('TBLID_BMTL_PROD_FIT','DELETE',2,'STRING','lock_user',NULL,NULL,'',NULL);
INSERT INTO SM_CHECK_DEF (TABLE_ID,CHECK_TYPE,CHECK_ORDER,CHECK_KIND,FIELD_NAME,REF_TABLE,REF_FIELD,EXPECT_VALUE,ERR_MSG) VALUES ('TBLID_BMTL_PROD_FIT','DELETE',3,'NULLCHK','lock_time',NULL,NULL,NULL,NULL);
INSERT INTO SM_CHECK_DEF (TABLE_ID,CHECK_TYPE,CHECK_ORDER,CHECK_KIND,FIELD_NAME,REF_TABLE,REF_FIELD,EXPECT_VALUE,ERR_MSG) VALUES ('TBLID_BMTL_PROD_FIT','EDITCOMP',1,'STAT_E',NULL,NULL,NULL,NULL,NULL);
INSERT INTO SM_CHECK_DEF (TABLE_ID,CHECK_TYPE,CHECK_ORDER,CHECK_KIND,FIELD_NAME,REF_TABLE,REF_FIELD,EXPECT_VALUE,ERR_MSG) VALUES ('TBLID_BMTL_PROD_FIT','EDITCOMP',2,'COMP_N',NULL,NULL,NULL,NULL,'记录已编辑完成');

-- BMULTI_RECIP_SET
INSERT INTO SM_TABLE_DEF (TABLE_ID, TABLE_NAME, JP_TITLE, US_TITLE, RELEASE_FLAG, DISTRIBUTE_FLAG, PERMISSION_TYPE, SCHEMA_TYPE, HAS_DUMMY, SORT_NO)
VALUES ('TBLID_BMULTI_RECIP_SET', 'BMULTI_RECIP_SET', 'BMULTI_RECIP_SET', 'BMULTI_RECIP_SET', 'Y', 'N', 'C', 'L', 'N', 470);
INSERT INTO SM_FIELD_DEF (TABLE_ID,FIELD_NAME,JP_TITLE,US_TITLE,DB_TYPE,DB_LENGTH,IS_KEY,NOT_BLANK,IS_DUMMY,IS_SEARCH_ITEM,SORT_NO,TREE_LEVEL,SHEET_NO,PAGE_NO,PROPERTY_NO,IS_AUTO,IS_MANDATORY,SYSTEM_READONLY,FIELD_TYPE,FIELD_LENGTH,INPUT_ALPHABET,INPUT_MULTIBYTE,INPUT_NUMERIC,INPUT_SYMBOL,INPUT_UPPERCASE,RETRIEVAL_TABLE,FORMAT,DEFAULT_VALUE,MIN_VALUE,MAX_VALUE,CALENDAR_BUTTON,JUMP_BUTTON,OPEN_BUTTON,REF_TABLE_ID,REF_FIELD_NAME,SPECIAL_BUTTON) VALUES ('TBLID_BMULTI_RECIP_SET','ROUTE_ID','ROUTE_ID','ROUTE_ID','STRING',12,'N','Y','N','Y',-1,-1,0,0,0,'N','N','N','STRING',0,'Y',0,'Y','Y','Y','NONE',NULL,NULL,NULL,NULL,'N','N',0,NULL,NULL,0);
INSERT INTO SM_FIELD_DEF (TABLE_ID,FIELD_NAME,JP_TITLE,US_TITLE,DB_TYPE,DB_LENGTH,IS_KEY,NOT_BLANK,IS_DUMMY,IS_SEARCH_ITEM,SORT_NO,TREE_LEVEL,SHEET_NO,PAGE_NO,PROPERTY_NO,IS_AUTO,IS_MANDATORY,SYSTEM_READONLY,FIELD_TYPE,FIELD_LENGTH,INPUT_ALPHABET,INPUT_MULTIBYTE,INPUT_NUMERIC,INPUT_SYMBOL,INPUT_UPPERCASE,RETRIEVAL_TABLE,FORMAT,DEFAULT_VALUE,MIN_VALUE,MAX_VALUE,CALENDAR_BUTTON,JUMP_BUTTON,OPEN_BUTTON,REF_TABLE_ID,REF_FIELD_NAME,SPECIAL_BUTTON) VALUES ('TBLID_BMULTI_RECIP_SET','ROUTE_VER','ROUTE_VER','ROUTE_VER','STRING',3,'N','Y','N','Y',-1,-1,0,0,0,'N','N','N','STRING',0,'Y',0,'Y','Y','Y','NONE',NULL,NULL,NULL,NULL,'N','N',0,NULL,NULL,0);
INSERT INTO SM_FIELD_DEF (TABLE_ID,FIELD_NAME,JP_TITLE,US_TITLE,DB_TYPE,DB_LENGTH,IS_KEY,NOT_BLANK,IS_DUMMY,IS_SEARCH_ITEM,SORT_NO,TREE_LEVEL,SHEET_NO,PAGE_NO,PROPERTY_NO,IS_AUTO,IS_MANDATORY,SYSTEM_READONLY,FIELD_TYPE,FIELD_LENGTH,INPUT_ALPHABET,INPUT_MULTIBYTE,INPUT_NUMERIC,INPUT_SYMBOL,INPUT_UPPERCASE,RETRIEVAL_TABLE,FORMAT,DEFAULT_VALUE,MIN_VALUE,MAX_VALUE,CALENDAR_BUTTON,JUMP_BUTTON,OPEN_BUTTON,REF_TABLE_ID,REF_FIELD_NAME,SPECIAL_BUTTON) VALUES ('TBLID_BMULTI_RECIP_SET','OPE_NO','OPE_NO','OPE_NO','STRING',6,'N','Y','N','Y',-1,-1,0,0,0,'N','N','N','STRING',0,'Y',0,'Y','Y','Y','NONE',NULL,NULL,NULL,NULL,'N','N',0,NULL,NULL,0);
INSERT INTO SM_FIELD_DEF (TABLE_ID,FIELD_NAME,JP_TITLE,US_TITLE,DB_TYPE,DB_LENGTH,IS_KEY,NOT_BLANK,IS_DUMMY,IS_SEARCH_ITEM,SORT_NO,TREE_LEVEL,SHEET_NO,PAGE_NO,PROPERTY_NO,IS_AUTO,IS_MANDATORY,SYSTEM_READONLY,FIELD_TYPE,FIELD_LENGTH,INPUT_ALPHABET,INPUT_MULTIBYTE,INPUT_NUMERIC,INPUT_SYMBOL,INPUT_UPPERCASE,RETRIEVAL_TABLE,FORMAT,DEFAULT_VALUE,MIN_VALUE,MAX_VALUE,CALENDAR_BUTTON,JUMP_BUTTON,OPEN_BUTTON,REF_TABLE_ID,REF_FIELD_NAME,SPECIAL_BUTTON) VALUES ('TBLID_BMULTI_RECIP_SET','PROD_ID','PROD_ID','PROD_ID','STRING',20,'N','Y','N','Y',-1,-1,0,0,0,'N','N','N','STRING',0,'Y',0,'Y','Y','Y','NONE',NULL,NULL,NULL,NULL,'N','N',0,NULL,NULL,0);
INSERT INTO SM_FIELD_DEF (TABLE_ID,FIELD_NAME,JP_TITLE,US_TITLE,DB_TYPE,DB_LENGTH,IS_KEY,NOT_BLANK,IS_DUMMY,IS_SEARCH_ITEM,SORT_NO,TREE_LEVEL,SHEET_NO,PAGE_NO,PROPERTY_NO,IS_AUTO,IS_MANDATORY,SYSTEM_READONLY,FIELD_TYPE,FIELD_LENGTH,INPUT_ALPHABET,INPUT_MULTIBYTE,INPUT_NUMERIC,INPUT_SYMBOL,INPUT_UPPERCASE,RETRIEVAL_TABLE,FORMAT,DEFAULT_VALUE,MIN_VALUE,MAX_VALUE,CALENDAR_BUTTON,JUMP_BUTTON,OPEN_BUTTON,REF_TABLE_ID,REF_FIELD_NAME,SPECIAL_BUTTON) VALUES ('TBLID_BMULTI_RECIP_SET','EQP_ID','EQP_ID','EQP_ID','STRING',10,'N','Y','N','Y',-1,-1,0,0,0,'N','N','N','STRING',0,'Y',0,'Y','Y','Y','NONE',NULL,NULL,NULL,NULL,'N','N',0,NULL,NULL,0);
INSERT INTO SM_FIELD_DEF (TABLE_ID,FIELD_NAME,JP_TITLE,US_TITLE,DB_TYPE,DB_LENGTH,IS_KEY,NOT_BLANK,IS_DUMMY,IS_SEARCH_ITEM,SORT_NO,TREE_LEVEL,SHEET_NO,PAGE_NO,PROPERTY_NO,IS_AUTO,IS_MANDATORY,SYSTEM_READONLY,FIELD_TYPE,FIELD_LENGTH,INPUT_ALPHABET,INPUT_MULTIBYTE,INPUT_NUMERIC,INPUT_SYMBOL,INPUT_UPPERCASE,RETRIEVAL_TABLE,FORMAT,DEFAULT_VALUE,MIN_VALUE,MAX_VALUE,CALENDAR_BUTTON,JUMP_BUTTON,OPEN_BUTTON,REF_TABLE_ID,REF_FIELD_NAME,SPECIAL_BUTTON) VALUES ('TBLID_BMULTI_RECIP_SET','RECIP_ID1','RECIP_ID1','RECIP_ID1','STRING',20,'N','Y','N','Y',-1,-1,0,0,0,'N','N','N','STRING',0,'Y',0,'Y','Y','Y','NONE',NULL,NULL,NULL,NULL,'N','N',0,NULL,NULL,0);
INSERT INTO SM_FIELD_DEF (TABLE_ID,FIELD_NAME,JP_TITLE,US_TITLE,DB_TYPE,DB_LENGTH,IS_KEY,NOT_BLANK,IS_DUMMY,IS_SEARCH_ITEM,SORT_NO,TREE_LEVEL,SHEET_NO,PAGE_NO,PROPERTY_NO,IS_AUTO,IS_MANDATORY,SYSTEM_READONLY,FIELD_TYPE,FIELD_LENGTH,INPUT_ALPHABET,INPUT_MULTIBYTE,INPUT_NUMERIC,INPUT_SYMBOL,INPUT_UPPERCASE,RETRIEVAL_TABLE,FORMAT,DEFAULT_VALUE,MIN_VALUE,MAX_VALUE,CALENDAR_BUTTON,JUMP_BUTTON,OPEN_BUTTON,REF_TABLE_ID,REF_FIELD_NAME,SPECIAL_BUTTON) VALUES ('TBLID_BMULTI_RECIP_SET','RECIP1_CNT','RECIP1_CNT','RECIP1_CNT','STRING',0,'N','Y','N','Y',-1,-1,0,0,0,'N','N','N','STRING',0,'Y',0,'Y','Y','Y','NONE',NULL,NULL,NULL,NULL,'N','N',0,NULL,NULL,0);
INSERT INTO SM_FIELD_DEF (TABLE_ID,FIELD_NAME,JP_TITLE,US_TITLE,DB_TYPE,DB_LENGTH,IS_KEY,NOT_BLANK,IS_DUMMY,IS_SEARCH_ITEM,SORT_NO,TREE_LEVEL,SHEET_NO,PAGE_NO,PROPERTY_NO,IS_AUTO,IS_MANDATORY,SYSTEM_READONLY,FIELD_TYPE,FIELD_LENGTH,INPUT_ALPHABET,INPUT_MULTIBYTE,INPUT_NUMERIC,INPUT_SYMBOL,INPUT_UPPERCASE,RETRIEVAL_TABLE,FORMAT,DEFAULT_VALUE,MIN_VALUE,MAX_VALUE,CALENDAR_BUTTON,JUMP_BUTTON,OPEN_BUTTON,REF_TABLE_ID,REF_FIELD_NAME,SPECIAL_BUTTON) VALUES ('TBLID_BMULTI_RECIP_SET','RECIP_ID2','RECIP_ID2','RECIP_ID2','STRING',20,'N','Y','N','Y',-1,-1,0,0,0,'N','N','N','STRING',0,'Y',0,'Y','Y','Y','NONE',NULL,NULL,NULL,NULL,'N','N',0,NULL,NULL,0);
INSERT INTO SM_FIELD_DEF (TABLE_ID,FIELD_NAME,JP_TITLE,US_TITLE,DB_TYPE,DB_LENGTH,IS_KEY,NOT_BLANK,IS_DUMMY,IS_SEARCH_ITEM,SORT_NO,TREE_LEVEL,SHEET_NO,PAGE_NO,PROPERTY_NO,IS_AUTO,IS_MANDATORY,SYSTEM_READONLY,FIELD_TYPE,FIELD_LENGTH,INPUT_ALPHABET,INPUT_MULTIBYTE,INPUT_NUMERIC,INPUT_SYMBOL,INPUT_UPPERCASE,RETRIEVAL_TABLE,FORMAT,DEFAULT_VALUE,MIN_VALUE,MAX_VALUE,CALENDAR_BUTTON,JUMP_BUTTON,OPEN_BUTTON,REF_TABLE_ID,REF_FIELD_NAME,SPECIAL_BUTTON) VALUES ('TBLID_BMULTI_RECIP_SET','RECIP2_CNT','RECIP2_CNT','RECIP2_CNT','STRING',0,'N','Y','N','Y',-1,-1,0,0,0,'N','N','N','STRING',0,'Y',0,'Y','Y','Y','NONE',NULL,NULL,NULL,NULL,'N','N',0,NULL,NULL,0);
INSERT INTO SM_CHECK_DEF (TABLE_ID,CHECK_TYPE,CHECK_ORDER,CHECK_KIND,FIELD_NAME,REF_TABLE,REF_FIELD,EXPECT_VALUE,ERR_MSG) VALUES ('TBLID_BMULTI_RECIP_SET','SAVE',1,'STAT_E',NULL,NULL,NULL,NULL,NULL);
INSERT INTO SM_CHECK_DEF (TABLE_ID,CHECK_TYPE,CHECK_ORDER,CHECK_KIND,FIELD_NAME,REF_TABLE,REF_FIELD,EXPECT_VALUE,ERR_MSG) VALUES ('TBLID_BMULTI_RECIP_SET','SAVE',2,'STRING','lock_user',NULL,NULL,'',NULL);
INSERT INTO SM_CHECK_DEF (TABLE_ID,CHECK_TYPE,CHECK_ORDER,CHECK_KIND,FIELD_NAME,REF_TABLE,REF_FIELD,EXPECT_VALUE,ERR_MSG) VALUES ('TBLID_BMULTI_RECIP_SET','SAVE',3,'NULLCHK','lock_time',NULL,NULL,NULL,NULL);
INSERT INTO SM_CHECK_DEF (TABLE_ID,CHECK_TYPE,CHECK_ORDER,CHECK_KIND,FIELD_NAME,REF_TABLE,REF_FIELD,EXPECT_VALUE,ERR_MSG) VALUES ('TBLID_BMULTI_RECIP_SET','SAVE',4,'KEY','route_id','0','',NULL,NULL);
INSERT INTO SM_CHECK_DEF (TABLE_ID,CHECK_TYPE,CHECK_ORDER,CHECK_KIND,FIELD_NAME,REF_TABLE,REF_FIELD,EXPECT_VALUE,ERR_MSG) VALUES ('TBLID_BMULTI_RECIP_SET','SAVE',5,'KEY','route_ver','0','',NULL,NULL);
INSERT INTO SM_CHECK_DEF (TABLE_ID,CHECK_TYPE,CHECK_ORDER,CHECK_KIND,FIELD_NAME,REF_TABLE,REF_FIELD,EXPECT_VALUE,ERR_MSG) VALUES ('TBLID_BMULTI_RECIP_SET','SAVE',6,'STRING','eqp_id',NULL,NULL,'',NULL);
INSERT INTO SM_CHECK_DEF (TABLE_ID,CHECK_TYPE,CHECK_ORDER,CHECK_KIND,FIELD_NAME,REF_TABLE,REF_FIELD,EXPECT_VALUE,ERR_MSG) VALUES ('TBLID_BMULTI_RECIP_SET','SAVE',7,'KEY','eqp_id','0','',NULL,NULL);
INSERT INTO SM_CHECK_DEF (TABLE_ID,CHECK_TYPE,CHECK_ORDER,CHECK_KIND,FIELD_NAME,REF_TABLE,REF_FIELD,EXPECT_VALUE,ERR_MSG) VALUES ('TBLID_BMULTI_RECIP_SET','SAVE',8,'KEY','eqp_id','0','',NULL,NULL);
INSERT INTO SM_CHECK_DEF (TABLE_ID,CHECK_TYPE,CHECK_ORDER,CHECK_KIND,FIELD_NAME,REF_TABLE,REF_FIELD,EXPECT_VALUE,ERR_MSG) VALUES ('TBLID_BMULTI_RECIP_SET','SAVE',9,'STAT_R',NULL,NULL,NULL,NULL,NULL);
INSERT INTO SM_CHECK_DEF (TABLE_ID,CHECK_TYPE,CHECK_ORDER,CHECK_KIND,FIELD_NAME,REF_TABLE,REF_FIELD,EXPECT_VALUE,ERR_MSG) VALUES ('TBLID_BMULTI_RECIP_SET','SAVE',10,'STRING','prod_id',NULL,NULL,'',NULL);
INSERT INTO SM_CHECK_DEF (TABLE_ID,CHECK_TYPE,CHECK_ORDER,CHECK_KIND,FIELD_NAME,REF_TABLE,REF_FIELD,EXPECT_VALUE,ERR_MSG) VALUES ('TBLID_BMULTI_RECIP_SET','SAVE',11,'KEY','prod_id','0','',NULL,NULL);
INSERT INTO SM_CHECK_DEF (TABLE_ID,CHECK_TYPE,CHECK_ORDER,CHECK_KIND,FIELD_NAME,REF_TABLE,REF_FIELD,EXPECT_VALUE,ERR_MSG) VALUES ('TBLID_BMULTI_RECIP_SET','SAVE',12,'KEY','prod_id','0','',NULL,NULL);
INSERT INTO SM_CHECK_DEF (TABLE_ID,CHECK_TYPE,CHECK_ORDER,CHECK_KIND,FIELD_NAME,REF_TABLE,REF_FIELD,EXPECT_VALUE,ERR_MSG) VALUES ('TBLID_BMULTI_RECIP_SET','SAVE',13,'STAT_R',NULL,NULL,NULL,NULL,NULL);
INSERT INTO SM_CHECK_DEF (TABLE_ID,CHECK_TYPE,CHECK_ORDER,CHECK_KIND,FIELD_NAME,REF_TABLE,REF_FIELD,EXPECT_VALUE,ERR_MSG) VALUES ('TBLID_BMULTI_RECIP_SET','SAVE',14,'KEY','recip_id1','0','',NULL,NULL);
INSERT INTO SM_CHECK_DEF (TABLE_ID,CHECK_TYPE,CHECK_ORDER,CHECK_KIND,FIELD_NAME,REF_TABLE,REF_FIELD,EXPECT_VALUE,ERR_MSG) VALUES ('TBLID_BMULTI_RECIP_SET','SAVE',15,'KEY','recip_id1','0','',NULL,NULL);
INSERT INTO SM_CHECK_DEF (TABLE_ID,CHECK_TYPE,CHECK_ORDER,CHECK_KIND,FIELD_NAME,REF_TABLE,REF_FIELD,EXPECT_VALUE,ERR_MSG) VALUES ('TBLID_BMULTI_RECIP_SET','SAVE',16,'STAT_R',NULL,NULL,NULL,NULL,NULL);
INSERT INTO SM_CHECK_DEF (TABLE_ID,CHECK_TYPE,CHECK_ORDER,CHECK_KIND,FIELD_NAME,REF_TABLE,REF_FIELD,EXPECT_VALUE,ERR_MSG) VALUES ('TBLID_BMULTI_RECIP_SET','SAVE',17,'KEY','recip_id2','0','',NULL,NULL);
INSERT INTO SM_CHECK_DEF (TABLE_ID,CHECK_TYPE,CHECK_ORDER,CHECK_KIND,FIELD_NAME,REF_TABLE,REF_FIELD,EXPECT_VALUE,ERR_MSG) VALUES ('TBLID_BMULTI_RECIP_SET','SAVE',18,'KEY','recip_id2','0','',NULL,NULL);
INSERT INTO SM_CHECK_DEF (TABLE_ID,CHECK_TYPE,CHECK_ORDER,CHECK_KIND,FIELD_NAME,REF_TABLE,REF_FIELD,EXPECT_VALUE,ERR_MSG) VALUES ('TBLID_BMULTI_RECIP_SET','SAVE',19,'STAT_R',NULL,NULL,NULL,NULL,NULL);
INSERT INTO SM_CHECK_DEF (TABLE_ID,CHECK_TYPE,CHECK_ORDER,CHECK_KIND,FIELD_NAME,REF_TABLE,REF_FIELD,EXPECT_VALUE,ERR_MSG) VALUES ('TBLID_BMULTI_RECIP_SET','RELEASE',1,'STAT_E',NULL,NULL,NULL,NULL,NULL);
INSERT INTO SM_CHECK_DEF (TABLE_ID,CHECK_TYPE,CHECK_ORDER,CHECK_KIND,FIELD_NAME,REF_TABLE,REF_FIELD,EXPECT_VALUE,ERR_MSG) VALUES ('TBLID_BMULTI_RECIP_SET','RELEASE',2,'STRING','lock_user',NULL,NULL,'',NULL);
INSERT INTO SM_CHECK_DEF (TABLE_ID,CHECK_TYPE,CHECK_ORDER,CHECK_KIND,FIELD_NAME,REF_TABLE,REF_FIELD,EXPECT_VALUE,ERR_MSG) VALUES ('TBLID_BMULTI_RECIP_SET','RELEASE',3,'NULLCHK','lock_time',NULL,NULL,NULL,NULL);
INSERT INTO SM_CHECK_DEF (TABLE_ID,CHECK_TYPE,CHECK_ORDER,CHECK_KIND,FIELD_NAME,REF_TABLE,REF_FIELD,EXPECT_VALUE,ERR_MSG) VALUES ('TBLID_BMULTI_RECIP_SET','RELEASE',4,'KEY','route_id','0','',NULL,NULL);
INSERT INTO SM_CHECK_DEF (TABLE_ID,CHECK_TYPE,CHECK_ORDER,CHECK_KIND,FIELD_NAME,REF_TABLE,REF_FIELD,EXPECT_VALUE,ERR_MSG) VALUES ('TBLID_BMULTI_RECIP_SET','RELEASE',5,'KEY','route_ver','0','',NULL,NULL);
INSERT INTO SM_CHECK_DEF (TABLE_ID,CHECK_TYPE,CHECK_ORDER,CHECK_KIND,FIELD_NAME,REF_TABLE,REF_FIELD,EXPECT_VALUE,ERR_MSG) VALUES ('TBLID_BMULTI_RECIP_SET','RELEASE',6,'STRING','eqp_id',NULL,NULL,'',NULL);
INSERT INTO SM_CHECK_DEF (TABLE_ID,CHECK_TYPE,CHECK_ORDER,CHECK_KIND,FIELD_NAME,REF_TABLE,REF_FIELD,EXPECT_VALUE,ERR_MSG) VALUES ('TBLID_BMULTI_RECIP_SET','RELEASE',7,'KEY','eqp_id','0','',NULL,NULL);
INSERT INTO SM_CHECK_DEF (TABLE_ID,CHECK_TYPE,CHECK_ORDER,CHECK_KIND,FIELD_NAME,REF_TABLE,REF_FIELD,EXPECT_VALUE,ERR_MSG) VALUES ('TBLID_BMULTI_RECIP_SET','RELEASE',8,'STAT_R',NULL,NULL,NULL,NULL,NULL);
INSERT INTO SM_CHECK_DEF (TABLE_ID,CHECK_TYPE,CHECK_ORDER,CHECK_KIND,FIELD_NAME,REF_TABLE,REF_FIELD,EXPECT_VALUE,ERR_MSG) VALUES ('TBLID_BMULTI_RECIP_SET','RELEASE',9,'STRING','prod_id',NULL,NULL,'',NULL);
INSERT INTO SM_CHECK_DEF (TABLE_ID,CHECK_TYPE,CHECK_ORDER,CHECK_KIND,FIELD_NAME,REF_TABLE,REF_FIELD,EXPECT_VALUE,ERR_MSG) VALUES ('TBLID_BMULTI_RECIP_SET','RELEASE',10,'KEY','prod_id','0','',NULL,NULL);
INSERT INTO SM_CHECK_DEF (TABLE_ID,CHECK_TYPE,CHECK_ORDER,CHECK_KIND,FIELD_NAME,REF_TABLE,REF_FIELD,EXPECT_VALUE,ERR_MSG) VALUES ('TBLID_BMULTI_RECIP_SET','RELEASE',11,'STAT_R',NULL,NULL,NULL,NULL,NULL);
INSERT INTO SM_CHECK_DEF (TABLE_ID,CHECK_TYPE,CHECK_ORDER,CHECK_KIND,FIELD_NAME,REF_TABLE,REF_FIELD,EXPECT_VALUE,ERR_MSG) VALUES ('TBLID_BMULTI_RECIP_SET','RELEASE',12,'KEY','recip_id1','0','',NULL,NULL);
INSERT INTO SM_CHECK_DEF (TABLE_ID,CHECK_TYPE,CHECK_ORDER,CHECK_KIND,FIELD_NAME,REF_TABLE,REF_FIELD,EXPECT_VALUE,ERR_MSG) VALUES ('TBLID_BMULTI_RECIP_SET','RELEASE',13,'STAT_R',NULL,NULL,NULL,NULL,NULL);
INSERT INTO SM_CHECK_DEF (TABLE_ID,CHECK_TYPE,CHECK_ORDER,CHECK_KIND,FIELD_NAME,REF_TABLE,REF_FIELD,EXPECT_VALUE,ERR_MSG) VALUES ('TBLID_BMULTI_RECIP_SET','RELEASE',14,'KEY','recip_id2','0','',NULL,NULL);
INSERT INTO SM_CHECK_DEF (TABLE_ID,CHECK_TYPE,CHECK_ORDER,CHECK_KIND,FIELD_NAME,REF_TABLE,REF_FIELD,EXPECT_VALUE,ERR_MSG) VALUES ('TBLID_BMULTI_RECIP_SET','RELEASE',15,'STAT_R',NULL,NULL,NULL,NULL,NULL);
INSERT INTO SM_CHECK_DEF (TABLE_ID,CHECK_TYPE,CHECK_ORDER,CHECK_KIND,FIELD_NAME,REF_TABLE,REF_FIELD,EXPECT_VALUE,ERR_MSG) VALUES ('TBLID_BMULTI_RECIP_SET','RELEASE',16,'RELEASE_PARAM','route_id','D12',NULL,NULL,NULL);
INSERT INTO SM_CHECK_DEF (TABLE_ID,CHECK_TYPE,CHECK_ORDER,CHECK_KIND,FIELD_NAME,REF_TABLE,REF_FIELD,EXPECT_VALUE,ERR_MSG) VALUES ('TBLID_BMULTI_RECIP_SET','RELEASE',17,'RELEASE_PARAM','route_ver','D3',NULL,NULL,NULL);
INSERT INTO SM_CHECK_DEF (TABLE_ID,CHECK_TYPE,CHECK_ORDER,CHECK_KIND,FIELD_NAME,REF_TABLE,REF_FIELD,EXPECT_VALUE,ERR_MSG) VALUES ('TBLID_BMULTI_RECIP_SET','RELEASE',18,'RELEASE_PARAM','ope_no','D6',NULL,NULL,NULL);
INSERT INTO SM_CHECK_DEF (TABLE_ID,CHECK_TYPE,CHECK_ORDER,CHECK_KIND,FIELD_NAME,REF_TABLE,REF_FIELD,EXPECT_VALUE,ERR_MSG) VALUES ('TBLID_BMULTI_RECIP_SET','RELEASE',19,'RELEASE_PARAM','prod_id','D20',NULL,NULL,NULL);
INSERT INTO SM_CHECK_DEF (TABLE_ID,CHECK_TYPE,CHECK_ORDER,CHECK_KIND,FIELD_NAME,REF_TABLE,REF_FIELD,EXPECT_VALUE,ERR_MSG) VALUES ('TBLID_BMULTI_RECIP_SET','RELEASE',20,'RELEASE_PARAM','eqp_id','D10',NULL,NULL,NULL);
INSERT INTO SM_CHECK_DEF (TABLE_ID,CHECK_TYPE,CHECK_ORDER,CHECK_KIND,FIELD_NAME,REF_TABLE,REF_FIELD,EXPECT_VALUE,ERR_MSG) VALUES ('TBLID_BMULTI_RECIP_SET','RELEASE',21,'RELEASE_WRITE','recip_id1','D0',NULL,NULL,NULL);
INSERT INTO SM_CHECK_DEF (TABLE_ID,CHECK_TYPE,CHECK_ORDER,CHECK_KIND,FIELD_NAME,REF_TABLE,REF_FIELD,EXPECT_VALUE,ERR_MSG) VALUES ('TBLID_BMULTI_RECIP_SET','RELEASE',22,'RELEASE_WRITE','recip1_cnt','D0',NULL,NULL,NULL);
INSERT INTO SM_CHECK_DEF (TABLE_ID,CHECK_TYPE,CHECK_ORDER,CHECK_KIND,FIELD_NAME,REF_TABLE,REF_FIELD,EXPECT_VALUE,ERR_MSG) VALUES ('TBLID_BMULTI_RECIP_SET','RELEASE',23,'RELEASE_WRITE','recip_id2','D0',NULL,NULL,NULL);
INSERT INTO SM_CHECK_DEF (TABLE_ID,CHECK_TYPE,CHECK_ORDER,CHECK_KIND,FIELD_NAME,REF_TABLE,REF_FIELD,EXPECT_VALUE,ERR_MSG) VALUES ('TBLID_BMULTI_RECIP_SET','RELEASE',24,'RELEASE_WRITE','recip2_cnt','D0',NULL,NULL,NULL);
INSERT INTO SM_CHECK_DEF (TABLE_ID,CHECK_TYPE,CHECK_ORDER,CHECK_KIND,FIELD_NAME,REF_TABLE,REF_FIELD,EXPECT_VALUE,ERR_MSG) VALUES ('TBLID_BMULTI_RECIP_SET','DELETE',1,'STAT_R',NULL,NULL,NULL,NULL,NULL);
INSERT INTO SM_CHECK_DEF (TABLE_ID,CHECK_TYPE,CHECK_ORDER,CHECK_KIND,FIELD_NAME,REF_TABLE,REF_FIELD,EXPECT_VALUE,ERR_MSG) VALUES ('TBLID_BMULTI_RECIP_SET','DELETE',2,'STRING','lock_user',NULL,NULL,'',NULL);
INSERT INTO SM_CHECK_DEF (TABLE_ID,CHECK_TYPE,CHECK_ORDER,CHECK_KIND,FIELD_NAME,REF_TABLE,REF_FIELD,EXPECT_VALUE,ERR_MSG) VALUES ('TBLID_BMULTI_RECIP_SET','DELETE',3,'NULLCHK','lock_time',NULL,NULL,NULL,NULL);
INSERT INTO SM_CHECK_DEF (TABLE_ID,CHECK_TYPE,CHECK_ORDER,CHECK_KIND,FIELD_NAME,REF_TABLE,REF_FIELD,EXPECT_VALUE,ERR_MSG) VALUES ('TBLID_BMULTI_RECIP_SET','EDITCOMP',1,'STAT_E',NULL,NULL,NULL,NULL,NULL);
INSERT INTO SM_CHECK_DEF (TABLE_ID,CHECK_TYPE,CHECK_ORDER,CHECK_KIND,FIELD_NAME,REF_TABLE,REF_FIELD,EXPECT_VALUE,ERR_MSG) VALUES ('TBLID_BMULTI_RECIP_SET','EDITCOMP',2,'COMP_N',NULL,NULL,NULL,NULL,'记录已编辑完成');

-- BOPE
INSERT INTO SM_TABLE_DEF (TABLE_ID, TABLE_NAME, JP_TITLE, US_TITLE, RELEASE_FLAG, DISTRIBUTE_FLAG, PERMISSION_TYPE, SCHEMA_TYPE, HAS_DUMMY, SORT_NO)
VALUES ('TBLID_BOPE', 'BOPE', 'BOPE', 'BOPE', 'Y', 'N', 'C', 'L', 'Y', 480);
INSERT INTO SM_FIELD_DEF (TABLE_ID,FIELD_NAME,JP_TITLE,US_TITLE,DB_TYPE,DB_LENGTH,IS_KEY,NOT_BLANK,IS_DUMMY,IS_SEARCH_ITEM,SORT_NO,TREE_LEVEL,SHEET_NO,PAGE_NO,PROPERTY_NO,IS_AUTO,IS_MANDATORY,SYSTEM_READONLY,FIELD_TYPE,FIELD_LENGTH,INPUT_ALPHABET,INPUT_MULTIBYTE,INPUT_NUMERIC,INPUT_SYMBOL,INPUT_UPPERCASE,RETRIEVAL_TABLE,FORMAT,DEFAULT_VALUE,MIN_VALUE,MAX_VALUE,CALENDAR_BUTTON,JUMP_BUTTON,OPEN_BUTTON,REF_TABLE_ID,REF_FIELD_NAME,SPECIAL_BUTTON) VALUES ('TBLID_BOPE','OPE_ID','OPE_ID','OPE_ID','STRING',8,'N','Y','N','Y',-1,-1,0,0,0,'N','N','N','STRING',0,'Y',0,'Y','Y','Y','NONE',NULL,NULL,NULL,NULL,'N','N',0,NULL,NULL,0);
INSERT INTO SM_FIELD_DEF (TABLE_ID,FIELD_NAME,JP_TITLE,US_TITLE,DB_TYPE,DB_LENGTH,IS_KEY,NOT_BLANK,IS_DUMMY,IS_SEARCH_ITEM,SORT_NO,TREE_LEVEL,SHEET_NO,PAGE_NO,PROPERTY_NO,IS_AUTO,IS_MANDATORY,SYSTEM_READONLY,FIELD_TYPE,FIELD_LENGTH,INPUT_ALPHABET,INPUT_MULTIBYTE,INPUT_NUMERIC,INPUT_SYMBOL,INPUT_UPPERCASE,RETRIEVAL_TABLE,FORMAT,DEFAULT_VALUE,MIN_VALUE,MAX_VALUE,CALENDAR_BUTTON,JUMP_BUTTON,OPEN_BUTTON,REF_TABLE_ID,REF_FIELD_NAME,SPECIAL_BUTTON) VALUES ('TBLID_BOPE','OPE_NAME','OPE_NAME','OPE_NAME','STRING',40,'N','Y','N','Y',-1,-1,0,0,0,'N','N','N','STRING',0,'Y',0,'Y','Y','Y','NONE',NULL,NULL,NULL,NULL,'N','N',0,NULL,NULL,0);
INSERT INTO SM_FIELD_DEF (TABLE_ID,FIELD_NAME,JP_TITLE,US_TITLE,DB_TYPE,DB_LENGTH,IS_KEY,NOT_BLANK,IS_DUMMY,IS_SEARCH_ITEM,SORT_NO,TREE_LEVEL,SHEET_NO,PAGE_NO,PROPERTY_NO,IS_AUTO,IS_MANDATORY,SYSTEM_READONLY,FIELD_TYPE,FIELD_LENGTH,INPUT_ALPHABET,INPUT_MULTIBYTE,INPUT_NUMERIC,INPUT_SYMBOL,INPUT_UPPERCASE,RETRIEVAL_TABLE,FORMAT,DEFAULT_VALUE,MIN_VALUE,MAX_VALUE,CALENDAR_BUTTON,JUMP_BUTTON,OPEN_BUTTON,REF_TABLE_ID,REF_FIELD_NAME,SPECIAL_BUTTON) VALUES ('TBLID_BOPE','OPE_DESC','OPE_DESC','OPE_DESC','STRING',80,'N','Y','N','Y',-1,-1,0,0,0,'N','N','N','STRING',0,'Y',0,'Y','Y','Y','NONE',NULL,NULL,NULL,NULL,'N','N',0,NULL,NULL,0);
INSERT INTO SM_FIELD_DEF (TABLE_ID,FIELD_NAME,JP_TITLE,US_TITLE,DB_TYPE,DB_LENGTH,IS_KEY,NOT_BLANK,IS_DUMMY,IS_SEARCH_ITEM,SORT_NO,TREE_LEVEL,SHEET_NO,PAGE_NO,PROPERTY_NO,IS_AUTO,IS_MANDATORY,SYSTEM_READONLY,FIELD_TYPE,FIELD_LENGTH,INPUT_ALPHABET,INPUT_MULTIBYTE,INPUT_NUMERIC,INPUT_SYMBOL,INPUT_UPPERCASE,RETRIEVAL_TABLE,FORMAT,DEFAULT_VALUE,MIN_VALUE,MAX_VALUE,CALENDAR_BUTTON,JUMP_BUTTON,OPEN_BUTTON,REF_TABLE_ID,REF_FIELD_NAME,SPECIAL_BUTTON) VALUES ('TBLID_BOPE','OPE_PROPERTY','OPE_PROPERTY','OPE_PROPERTY','STRING',10,'N','Y','N','Y',-1,-1,0,0,0,'N','N','N','STRING',0,'Y',0,'Y','Y','Y','NONE',NULL,NULL,NULL,NULL,'N','N',0,NULL,NULL,0);
INSERT INTO SM_FIELD_DEF (TABLE_ID,FIELD_NAME,JP_TITLE,US_TITLE,DB_TYPE,DB_LENGTH,IS_KEY,NOT_BLANK,IS_DUMMY,IS_SEARCH_ITEM,SORT_NO,TREE_LEVEL,SHEET_NO,PAGE_NO,PROPERTY_NO,IS_AUTO,IS_MANDATORY,SYSTEM_READONLY,FIELD_TYPE,FIELD_LENGTH,INPUT_ALPHABET,INPUT_MULTIBYTE,INPUT_NUMERIC,INPUT_SYMBOL,INPUT_UPPERCASE,RETRIEVAL_TABLE,FORMAT,DEFAULT_VALUE,MIN_VALUE,MAX_VALUE,CALENDAR_BUTTON,JUMP_BUTTON,OPEN_BUTTON,REF_TABLE_ID,REF_FIELD_NAME,SPECIAL_BUTTON) VALUES ('TBLID_BOPE','OPE_CAT_ID','OPE_CAT_ID','OPE_CAT_ID','STRING',10,'N','Y','N','Y',-1,-1,0,0,0,'N','N','N','STRING',0,'Y',0,'Y','Y','Y','NONE',NULL,NULL,NULL,NULL,'N','N',0,NULL,NULL,0);
INSERT INTO SM_FIELD_DEF (TABLE_ID,FIELD_NAME,JP_TITLE,US_TITLE,DB_TYPE,DB_LENGTH,IS_KEY,NOT_BLANK,IS_DUMMY,IS_SEARCH_ITEM,SORT_NO,TREE_LEVEL,SHEET_NO,PAGE_NO,PROPERTY_NO,IS_AUTO,IS_MANDATORY,SYSTEM_READONLY,FIELD_TYPE,FIELD_LENGTH,INPUT_ALPHABET,INPUT_MULTIBYTE,INPUT_NUMERIC,INPUT_SYMBOL,INPUT_UPPERCASE,RETRIEVAL_TABLE,FORMAT,DEFAULT_VALUE,MIN_VALUE,MAX_VALUE,CALENDAR_BUTTON,JUMP_BUTTON,OPEN_BUTTON,REF_TABLE_ID,REF_FIELD_NAME,SPECIAL_BUTTON) VALUES ('TBLID_BOPE','EQP_ID','EQP_ID','EQP_ID','STRING',10,'N','Y','N','Y',-1,-1,0,0,0,'N','N','N','STRING',0,'Y',0,'Y','Y','Y','NONE',NULL,NULL,NULL,NULL,'N','N',0,NULL,NULL,0);
INSERT INTO SM_FIELD_DEF (TABLE_ID,FIELD_NAME,JP_TITLE,US_TITLE,DB_TYPE,DB_LENGTH,IS_KEY,NOT_BLANK,IS_DUMMY,IS_SEARCH_ITEM,SORT_NO,TREE_LEVEL,SHEET_NO,PAGE_NO,PROPERTY_NO,IS_AUTO,IS_MANDATORY,SYSTEM_READONLY,FIELD_TYPE,FIELD_LENGTH,INPUT_ALPHABET,INPUT_MULTIBYTE,INPUT_NUMERIC,INPUT_SYMBOL,INPUT_UPPERCASE,RETRIEVAL_TABLE,FORMAT,DEFAULT_VALUE,MIN_VALUE,MAX_VALUE,CALENDAR_BUTTON,JUMP_BUTTON,OPEN_BUTTON,REF_TABLE_ID,REF_FIELD_NAME,SPECIAL_BUTTON) VALUES ('TBLID_BOPE','RECIP_ID','RECIP_ID','RECIP_ID','STRING',20,'N','Y','N','Y',-1,-1,0,0,0,'N','N','N','STRING',0,'Y',0,'Y','Y','Y','NONE',NULL,NULL,NULL,NULL,'N','N',0,NULL,NULL,0);
INSERT INTO SM_FIELD_DEF (TABLE_ID,FIELD_NAME,JP_TITLE,US_TITLE,DB_TYPE,DB_LENGTH,IS_KEY,NOT_BLANK,IS_DUMMY,IS_SEARCH_ITEM,SORT_NO,TREE_LEVEL,SHEET_NO,PAGE_NO,PROPERTY_NO,IS_AUTO,IS_MANDATORY,SYSTEM_READONLY,FIELD_TYPE,FIELD_LENGTH,INPUT_ALPHABET,INPUT_MULTIBYTE,INPUT_NUMERIC,INPUT_SYMBOL,INPUT_UPPERCASE,RETRIEVAL_TABLE,FORMAT,DEFAULT_VALUE,MIN_VALUE,MAX_VALUE,CALENDAR_BUTTON,JUMP_BUTTON,OPEN_BUTTON,REF_TABLE_ID,REF_FIELD_NAME,SPECIAL_BUTTON) VALUES ('TBLID_BOPE','PROCDATA_ID','PROCDATA_ID','PROCDATA_ID','STRING',13,'N','Y','N','Y',-1,-1,0,0,0,'N','N','N','STRING',0,'Y',0,'Y','Y','Y','NONE',NULL,NULL,NULL,NULL,'N','N',0,NULL,NULL,0);
INSERT INTO SM_FIELD_DEF (TABLE_ID,FIELD_NAME,JP_TITLE,US_TITLE,DB_TYPE,DB_LENGTH,IS_KEY,NOT_BLANK,IS_DUMMY,IS_SEARCH_ITEM,SORT_NO,TREE_LEVEL,SHEET_NO,PAGE_NO,PROPERTY_NO,IS_AUTO,IS_MANDATORY,SYSTEM_READONLY,FIELD_TYPE,FIELD_LENGTH,INPUT_ALPHABET,INPUT_MULTIBYTE,INPUT_NUMERIC,INPUT_SYMBOL,INPUT_UPPERCASE,RETRIEVAL_TABLE,FORMAT,DEFAULT_VALUE,MIN_VALUE,MAX_VALUE,CALENDAR_BUTTON,JUMP_BUTTON,OPEN_BUTTON,REF_TABLE_ID,REF_FIELD_NAME,SPECIAL_BUTTON) VALUES ('TBLID_BOPE','MEAS_ID','MEAS_ID','MEAS_ID','STRING',13,'N','Y','N','Y',-1,-1,0,0,0,'N','N','N','STRING',0,'Y',0,'Y','Y','Y','NONE',NULL,NULL,NULL,NULL,'N','N',0,NULL,NULL,0);
INSERT INTO SM_FIELD_DEF (TABLE_ID,FIELD_NAME,JP_TITLE,US_TITLE,DB_TYPE,DB_LENGTH,IS_KEY,NOT_BLANK,IS_DUMMY,IS_SEARCH_ITEM,SORT_NO,TREE_LEVEL,SHEET_NO,PAGE_NO,PROPERTY_NO,IS_AUTO,IS_MANDATORY,SYSTEM_READONLY,FIELD_TYPE,FIELD_LENGTH,INPUT_ALPHABET,INPUT_MULTIBYTE,INPUT_NUMERIC,INPUT_SYMBOL,INPUT_UPPERCASE,RETRIEVAL_TABLE,FORMAT,DEFAULT_VALUE,MIN_VALUE,MAX_VALUE,CALENDAR_BUTTON,JUMP_BUTTON,OPEN_BUTTON,REF_TABLE_ID,REF_FIELD_NAME,SPECIAL_BUTTON) VALUES ('TBLID_BOPE','FAM_LOT_HOLD_FLG','FAM_LOT_HOLD_FLG','FAM_LOT_HOLD_FLG','STRING',1,'N','Y','N','Y',-1,-1,0,0,0,'N','N','N','STRING',0,'Y',0,'Y','Y','Y','NONE',NULL,NULL,NULL,NULL,'N','N',0,NULL,NULL,0);
INSERT INTO SM_FIELD_DEF (TABLE_ID,FIELD_NAME,JP_TITLE,US_TITLE,DB_TYPE,DB_LENGTH,IS_KEY,NOT_BLANK,IS_DUMMY,IS_SEARCH_ITEM,SORT_NO,TREE_LEVEL,SHEET_NO,PAGE_NO,PROPERTY_NO,IS_AUTO,IS_MANDATORY,SYSTEM_READONLY,FIELD_TYPE,FIELD_LENGTH,INPUT_ALPHABET,INPUT_MULTIBYTE,INPUT_NUMERIC,INPUT_SYMBOL,INPUT_UPPERCASE,RETRIEVAL_TABLE,FORMAT,DEFAULT_VALUE,MIN_VALUE,MAX_VALUE,CALENDAR_BUTTON,JUMP_BUTTON,OPEN_BUTTON,REF_TABLE_ID,REF_FIELD_NAME,SPECIAL_BUTTON) VALUES ('TBLID_BOPE','CARG_UNLOAD','CARG_UNLOAD','CARG_UNLOAD','STRING',10,'N','Y','N','Y',-1,-1,0,0,0,'N','N','N','STRING',0,'Y',0,'Y','Y','Y','NONE',NULL,NULL,NULL,NULL,'N','N',0,NULL,NULL,0);
INSERT INTO SM_FIELD_DEF (TABLE_ID,FIELD_NAME,JP_TITLE,US_TITLE,DB_TYPE,DB_LENGTH,IS_KEY,NOT_BLANK,IS_DUMMY,IS_SEARCH_ITEM,SORT_NO,TREE_LEVEL,SHEET_NO,PAGE_NO,PROPERTY_NO,IS_AUTO,IS_MANDATORY,SYSTEM_READONLY,FIELD_TYPE,FIELD_LENGTH,INPUT_ALPHABET,INPUT_MULTIBYTE,INPUT_NUMERIC,INPUT_SYMBOL,INPUT_UPPERCASE,RETRIEVAL_TABLE,FORMAT,DEFAULT_VALUE,MIN_VALUE,MAX_VALUE,CALENDAR_BUTTON,JUMP_BUTTON,OPEN_BUTTON,REF_TABLE_ID,REF_FIELD_NAME,SPECIAL_BUTTON) VALUES ('TBLID_BOPE','CARG_UNLOAD2','CARG_UNLOAD2','CARG_UNLOAD2','STRING',10,'N','Y','N','Y',-1,-1,0,0,0,'N','N','N','STRING',0,'Y',0,'Y','Y','Y','NONE',NULL,NULL,NULL,NULL,'N','N',0,NULL,NULL,0);
INSERT INTO SM_FIELD_DEF (TABLE_ID,FIELD_NAME,JP_TITLE,US_TITLE,DB_TYPE,DB_LENGTH,IS_KEY,NOT_BLANK,IS_DUMMY,IS_SEARCH_ITEM,SORT_NO,TREE_LEVEL,SHEET_NO,PAGE_NO,PROPERTY_NO,IS_AUTO,IS_MANDATORY,SYSTEM_READONLY,FIELD_TYPE,FIELD_LENGTH,INPUT_ALPHABET,INPUT_MULTIBYTE,INPUT_NUMERIC,INPUT_SYMBOL,INPUT_UPPERCASE,RETRIEVAL_TABLE,FORMAT,DEFAULT_VALUE,MIN_VALUE,MAX_VALUE,CALENDAR_BUTTON,JUMP_BUTTON,OPEN_BUTTON,REF_TABLE_ID,REF_FIELD_NAME,SPECIAL_BUTTON) VALUES ('TBLID_BOPE','CARG_UNLOAD3','CARG_UNLOAD3','CARG_UNLOAD3','STRING',10,'N','Y','N','Y',-1,-1,0,0,0,'N','N','N','STRING',0,'Y',0,'Y','Y','Y','NONE',NULL,NULL,NULL,NULL,'N','N',0,NULL,NULL,0);
INSERT INTO SM_FIELD_DEF (TABLE_ID,FIELD_NAME,JP_TITLE,US_TITLE,DB_TYPE,DB_LENGTH,IS_KEY,NOT_BLANK,IS_DUMMY,IS_SEARCH_ITEM,SORT_NO,TREE_LEVEL,SHEET_NO,PAGE_NO,PROPERTY_NO,IS_AUTO,IS_MANDATORY,SYSTEM_READONLY,FIELD_TYPE,FIELD_LENGTH,INPUT_ALPHABET,INPUT_MULTIBYTE,INPUT_NUMERIC,INPUT_SYMBOL,INPUT_UPPERCASE,RETRIEVAL_TABLE,FORMAT,DEFAULT_VALUE,MIN_VALUE,MAX_VALUE,CALENDAR_BUTTON,JUMP_BUTTON,OPEN_BUTTON,REF_TABLE_ID,REF_FIELD_NAME,SPECIAL_BUTTON) VALUES ('TBLID_BOPE','CARG_UNLOAD4','CARG_UNLOAD4','CARG_UNLOAD4','STRING',10,'N','Y','N','Y',-1,-1,0,0,0,'N','N','N','STRING',0,'Y',0,'Y','Y','Y','NONE',NULL,NULL,NULL,NULL,'N','N',0,NULL,NULL,0);
INSERT INTO SM_FIELD_DEF (TABLE_ID,FIELD_NAME,JP_TITLE,US_TITLE,DB_TYPE,DB_LENGTH,IS_KEY,NOT_BLANK,IS_DUMMY,IS_SEARCH_ITEM,SORT_NO,TREE_LEVEL,SHEET_NO,PAGE_NO,PROPERTY_NO,IS_AUTO,IS_MANDATORY,SYSTEM_READONLY,FIELD_TYPE,FIELD_LENGTH,INPUT_ALPHABET,INPUT_MULTIBYTE,INPUT_NUMERIC,INPUT_SYMBOL,INPUT_UPPERCASE,RETRIEVAL_TABLE,FORMAT,DEFAULT_VALUE,MIN_VALUE,MAX_VALUE,CALENDAR_BUTTON,JUMP_BUTTON,OPEN_BUTTON,REF_TABLE_ID,REF_FIELD_NAME,SPECIAL_BUTTON) VALUES ('TBLID_BOPE','CARG_UNLOAD5','CARG_UNLOAD5','CARG_UNLOAD5','STRING',10,'N','Y','N','Y',-1,-1,0,0,0,'N','N','N','STRING',0,'Y',0,'Y','Y','Y','NONE',NULL,NULL,NULL,NULL,'N','N',0,NULL,NULL,0);
INSERT INTO SM_FIELD_DEF (TABLE_ID,FIELD_NAME,JP_TITLE,US_TITLE,DB_TYPE,DB_LENGTH,IS_KEY,NOT_BLANK,IS_DUMMY,IS_SEARCH_ITEM,SORT_NO,TREE_LEVEL,SHEET_NO,PAGE_NO,PROPERTY_NO,IS_AUTO,IS_MANDATORY,SYSTEM_READONLY,FIELD_TYPE,FIELD_LENGTH,INPUT_ALPHABET,INPUT_MULTIBYTE,INPUT_NUMERIC,INPUT_SYMBOL,INPUT_UPPERCASE,RETRIEVAL_TABLE,FORMAT,DEFAULT_VALUE,MIN_VALUE,MAX_VALUE,CALENDAR_BUTTON,JUMP_BUTTON,OPEN_BUTTON,REF_TABLE_ID,REF_FIELD_NAME,SPECIAL_BUTTON) VALUES ('TBLID_BOPE','CARG_UNLOAD6','CARG_UNLOAD6','CARG_UNLOAD6','STRING',10,'N','Y','N','Y',-1,-1,0,0,0,'N','N','N','STRING',0,'Y',0,'Y','Y','Y','NONE',NULL,NULL,NULL,NULL,'N','N',0,NULL,NULL,0);
INSERT INTO SM_FIELD_DEF (TABLE_ID,FIELD_NAME,JP_TITLE,US_TITLE,DB_TYPE,DB_LENGTH,IS_KEY,NOT_BLANK,IS_DUMMY,IS_SEARCH_ITEM,SORT_NO,TREE_LEVEL,SHEET_NO,PAGE_NO,PROPERTY_NO,IS_AUTO,IS_MANDATORY,SYSTEM_READONLY,FIELD_TYPE,FIELD_LENGTH,INPUT_ALPHABET,INPUT_MULTIBYTE,INPUT_NUMERIC,INPUT_SYMBOL,INPUT_UPPERCASE,RETRIEVAL_TABLE,FORMAT,DEFAULT_VALUE,MIN_VALUE,MAX_VALUE,CALENDAR_BUTTON,JUMP_BUTTON,OPEN_BUTTON,REF_TABLE_ID,REF_FIELD_NAME,SPECIAL_BUTTON) VALUES ('TBLID_BOPE','CARG_UNLOAD7','CARG_UNLOAD7','CARG_UNLOAD7','STRING',10,'N','Y','N','Y',-1,-1,0,0,0,'N','N','N','STRING',0,'Y',0,'Y','Y','Y','NONE',NULL,NULL,NULL,NULL,'N','N',0,NULL,NULL,0);
INSERT INTO SM_FIELD_DEF (TABLE_ID,FIELD_NAME,JP_TITLE,US_TITLE,DB_TYPE,DB_LENGTH,IS_KEY,NOT_BLANK,IS_DUMMY,IS_SEARCH_ITEM,SORT_NO,TREE_LEVEL,SHEET_NO,PAGE_NO,PROPERTY_NO,IS_AUTO,IS_MANDATORY,SYSTEM_READONLY,FIELD_TYPE,FIELD_LENGTH,INPUT_ALPHABET,INPUT_MULTIBYTE,INPUT_NUMERIC,INPUT_SYMBOL,INPUT_UPPERCASE,RETRIEVAL_TABLE,FORMAT,DEFAULT_VALUE,MIN_VALUE,MAX_VALUE,CALENDAR_BUTTON,JUMP_BUTTON,OPEN_BUTTON,REF_TABLE_ID,REF_FIELD_NAME,SPECIAL_BUTTON) VALUES ('TBLID_BOPE','CARG_UNLOAD8','CARG_UNLOAD8','CARG_UNLOAD8','STRING',10,'N','Y','N','Y',-1,-1,0,0,0,'N','N','N','STRING',0,'Y',0,'Y','Y','Y','NONE',NULL,NULL,NULL,NULL,'N','N',0,NULL,NULL,0);
INSERT INTO SM_FIELD_DEF (TABLE_ID,FIELD_NAME,JP_TITLE,US_TITLE,DB_TYPE,DB_LENGTH,IS_KEY,NOT_BLANK,IS_DUMMY,IS_SEARCH_ITEM,SORT_NO,TREE_LEVEL,SHEET_NO,PAGE_NO,PROPERTY_NO,IS_AUTO,IS_MANDATORY,SYSTEM_READONLY,FIELD_TYPE,FIELD_LENGTH,INPUT_ALPHABET,INPUT_MULTIBYTE,INPUT_NUMERIC,INPUT_SYMBOL,INPUT_UPPERCASE,RETRIEVAL_TABLE,FORMAT,DEFAULT_VALUE,MIN_VALUE,MAX_VALUE,CALENDAR_BUTTON,JUMP_BUTTON,OPEN_BUTTON,REF_TABLE_ID,REF_FIELD_NAME,SPECIAL_BUTTON) VALUES ('TBLID_BOPE','CARG_UNLOAD9','CARG_UNLOAD9','CARG_UNLOAD9','STRING',10,'N','Y','N','Y',-1,-1,0,0,0,'N','N','N','STRING',0,'Y',0,'Y','Y','Y','NONE',NULL,NULL,NULL,NULL,'N','N',0,NULL,NULL,0);
INSERT INTO SM_FIELD_DEF (TABLE_ID,FIELD_NAME,JP_TITLE,US_TITLE,DB_TYPE,DB_LENGTH,IS_KEY,NOT_BLANK,IS_DUMMY,IS_SEARCH_ITEM,SORT_NO,TREE_LEVEL,SHEET_NO,PAGE_NO,PROPERTY_NO,IS_AUTO,IS_MANDATORY,SYSTEM_READONLY,FIELD_TYPE,FIELD_LENGTH,INPUT_ALPHABET,INPUT_MULTIBYTE,INPUT_NUMERIC,INPUT_SYMBOL,INPUT_UPPERCASE,RETRIEVAL_TABLE,FORMAT,DEFAULT_VALUE,MIN_VALUE,MAX_VALUE,CALENDAR_BUTTON,JUMP_BUTTON,OPEN_BUTTON,REF_TABLE_ID,REF_FIELD_NAME,SPECIAL_BUTTON) VALUES ('TBLID_BOPE','CARG_UNLOAD10','CARG_UNLOAD10','CARG_UNLOAD10','STRING',10,'N','Y','N','Y',-1,-1,0,0,0,'N','N','N','STRING',0,'Y',0,'Y','Y','Y','NONE',NULL,NULL,NULL,NULL,'N','N',0,NULL,NULL,0);
INSERT INTO SM_FIELD_DEF (TABLE_ID,FIELD_NAME,JP_TITLE,US_TITLE,DB_TYPE,DB_LENGTH,IS_KEY,NOT_BLANK,IS_DUMMY,IS_SEARCH_ITEM,SORT_NO,TREE_LEVEL,SHEET_NO,PAGE_NO,PROPERTY_NO,IS_AUTO,IS_MANDATORY,SYSTEM_READONLY,FIELD_TYPE,FIELD_LENGTH,INPUT_ALPHABET,INPUT_MULTIBYTE,INPUT_NUMERIC,INPUT_SYMBOL,INPUT_UPPERCASE,RETRIEVAL_TABLE,FORMAT,DEFAULT_VALUE,MIN_VALUE,MAX_VALUE,CALENDAR_BUTTON,JUMP_BUTTON,OPEN_BUTTON,REF_TABLE_ID,REF_FIELD_NAME,SPECIAL_BUTTON) VALUES ('TBLID_BOPE','CARG_UNLOAD11','CARG_UNLOAD11','CARG_UNLOAD11','STRING',10,'N','Y','N','Y',-1,-1,0,0,0,'N','N','N','STRING',0,'Y',0,'Y','Y','Y','NONE',NULL,NULL,NULL,NULL,'N','N',0,NULL,NULL,0);
INSERT INTO SM_FIELD_DEF (TABLE_ID,FIELD_NAME,JP_TITLE,US_TITLE,DB_TYPE,DB_LENGTH,IS_KEY,NOT_BLANK,IS_DUMMY,IS_SEARCH_ITEM,SORT_NO,TREE_LEVEL,SHEET_NO,PAGE_NO,PROPERTY_NO,IS_AUTO,IS_MANDATORY,SYSTEM_READONLY,FIELD_TYPE,FIELD_LENGTH,INPUT_ALPHABET,INPUT_MULTIBYTE,INPUT_NUMERIC,INPUT_SYMBOL,INPUT_UPPERCASE,RETRIEVAL_TABLE,FORMAT,DEFAULT_VALUE,MIN_VALUE,MAX_VALUE,CALENDAR_BUTTON,JUMP_BUTTON,OPEN_BUTTON,REF_TABLE_ID,REF_FIELD_NAME,SPECIAL_BUTTON) VALUES ('TBLID_BOPE','CARG_UNLOAD12','CARG_UNLOAD12','CARG_UNLOAD12','STRING',10,'N','Y','N','Y',-1,-1,0,0,0,'N','N','N','STRING',0,'Y',0,'Y','Y','Y','NONE',NULL,NULL,NULL,NULL,'N','N',0,NULL,NULL,0);
INSERT INTO SM_FIELD_DEF (TABLE_ID,FIELD_NAME,JP_TITLE,US_TITLE,DB_TYPE,DB_LENGTH,IS_KEY,NOT_BLANK,IS_DUMMY,IS_SEARCH_ITEM,SORT_NO,TREE_LEVEL,SHEET_NO,PAGE_NO,PROPERTY_NO,IS_AUTO,IS_MANDATORY,SYSTEM_READONLY,FIELD_TYPE,FIELD_LENGTH,INPUT_ALPHABET,INPUT_MULTIBYTE,INPUT_NUMERIC,INPUT_SYMBOL,INPUT_UPPERCASE,RETRIEVAL_TABLE,FORMAT,DEFAULT_VALUE,MIN_VALUE,MAX_VALUE,CALENDAR_BUTTON,JUMP_BUTTON,OPEN_BUTTON,REF_TABLE_ID,REF_FIELD_NAME,SPECIAL_BUTTON) VALUES ('TBLID_BOPE','CARG_UNLOAD13','CARG_UNLOAD13','CARG_UNLOAD13','STRING',10,'N','Y','N','Y',-1,-1,0,0,0,'N','N','N','STRING',0,'Y',0,'Y','Y','Y','NONE',NULL,NULL,NULL,NULL,'N','N',0,NULL,NULL,0);
INSERT INTO SM_FIELD_DEF (TABLE_ID,FIELD_NAME,JP_TITLE,US_TITLE,DB_TYPE,DB_LENGTH,IS_KEY,NOT_BLANK,IS_DUMMY,IS_SEARCH_ITEM,SORT_NO,TREE_LEVEL,SHEET_NO,PAGE_NO,PROPERTY_NO,IS_AUTO,IS_MANDATORY,SYSTEM_READONLY,FIELD_TYPE,FIELD_LENGTH,INPUT_ALPHABET,INPUT_MULTIBYTE,INPUT_NUMERIC,INPUT_SYMBOL,INPUT_UPPERCASE,RETRIEVAL_TABLE,FORMAT,DEFAULT_VALUE,MIN_VALUE,MAX_VALUE,CALENDAR_BUTTON,JUMP_BUTTON,OPEN_BUTTON,REF_TABLE_ID,REF_FIELD_NAME,SPECIAL_BUTTON) VALUES ('TBLID_BOPE','CARG_UNLOAD14','CARG_UNLOAD14','CARG_UNLOAD14','STRING',10,'N','Y','N','Y',-1,-1,0,0,0,'N','N','N','STRING',0,'Y',0,'Y','Y','Y','NONE',NULL,NULL,NULL,NULL,'N','N',0,NULL,NULL,0);
INSERT INTO SM_FIELD_DEF (TABLE_ID,FIELD_NAME,JP_TITLE,US_TITLE,DB_TYPE,DB_LENGTH,IS_KEY,NOT_BLANK,IS_DUMMY,IS_SEARCH_ITEM,SORT_NO,TREE_LEVEL,SHEET_NO,PAGE_NO,PROPERTY_NO,IS_AUTO,IS_MANDATORY,SYSTEM_READONLY,FIELD_TYPE,FIELD_LENGTH,INPUT_ALPHABET,INPUT_MULTIBYTE,INPUT_NUMERIC,INPUT_SYMBOL,INPUT_UPPERCASE,RETRIEVAL_TABLE,FORMAT,DEFAULT_VALUE,MIN_VALUE,MAX_VALUE,CALENDAR_BUTTON,JUMP_BUTTON,OPEN_BUTTON,REF_TABLE_ID,REF_FIELD_NAME,SPECIAL_BUTTON) VALUES ('TBLID_BOPE','CARG_UNLOAD15','CARG_UNLOAD15','CARG_UNLOAD15','STRING',10,'N','Y','N','Y',-1,-1,0,0,0,'N','N','N','STRING',0,'Y',0,'Y','Y','Y','NONE',NULL,NULL,NULL,NULL,'N','N',0,NULL,NULL,0);
INSERT INTO SM_FIELD_DEF (TABLE_ID,FIELD_NAME,JP_TITLE,US_TITLE,DB_TYPE,DB_LENGTH,IS_KEY,NOT_BLANK,IS_DUMMY,IS_SEARCH_ITEM,SORT_NO,TREE_LEVEL,SHEET_NO,PAGE_NO,PROPERTY_NO,IS_AUTO,IS_MANDATORY,SYSTEM_READONLY,FIELD_TYPE,FIELD_LENGTH,INPUT_ALPHABET,INPUT_MULTIBYTE,INPUT_NUMERIC,INPUT_SYMBOL,INPUT_UPPERCASE,RETRIEVAL_TABLE,FORMAT,DEFAULT_VALUE,MIN_VALUE,MAX_VALUE,CALENDAR_BUTTON,JUMP_BUTTON,OPEN_BUTTON,REF_TABLE_ID,REF_FIELD_NAME,SPECIAL_BUTTON) VALUES ('TBLID_BOPE','CARG_UNLOAD16','CARG_UNLOAD16','CARG_UNLOAD16','STRING',10,'N','Y','N','Y',-1,-1,0,0,0,'N','N','N','STRING',0,'Y',0,'Y','Y','Y','NONE',NULL,NULL,NULL,NULL,'N','N',0,NULL,NULL,0);
INSERT INTO SM_FIELD_DEF (TABLE_ID,FIELD_NAME,JP_TITLE,US_TITLE,DB_TYPE,DB_LENGTH,IS_KEY,NOT_BLANK,IS_DUMMY,IS_SEARCH_ITEM,SORT_NO,TREE_LEVEL,SHEET_NO,PAGE_NO,PROPERTY_NO,IS_AUTO,IS_MANDATORY,SYSTEM_READONLY,FIELD_TYPE,FIELD_LENGTH,INPUT_ALPHABET,INPUT_MULTIBYTE,INPUT_NUMERIC,INPUT_SYMBOL,INPUT_UPPERCASE,RETRIEVAL_TABLE,FORMAT,DEFAULT_VALUE,MIN_VALUE,MAX_VALUE,CALENDAR_BUTTON,JUMP_BUTTON,OPEN_BUTTON,REF_TABLE_ID,REF_FIELD_NAME,SPECIAL_BUTTON) VALUES ('TBLID_BOPE','CARG_UNLOAD17','CARG_UNLOAD17','CARG_UNLOAD17','STRING',10,'N','Y','N','Y',-1,-1,0,0,0,'N','N','N','STRING',0,'Y',0,'Y','Y','Y','NONE',NULL,NULL,NULL,NULL,'N','N',0,NULL,NULL,0);
INSERT INTO SM_FIELD_DEF (TABLE_ID,FIELD_NAME,JP_TITLE,US_TITLE,DB_TYPE,DB_LENGTH,IS_KEY,NOT_BLANK,IS_DUMMY,IS_SEARCH_ITEM,SORT_NO,TREE_LEVEL,SHEET_NO,PAGE_NO,PROPERTY_NO,IS_AUTO,IS_MANDATORY,SYSTEM_READONLY,FIELD_TYPE,FIELD_LENGTH,INPUT_ALPHABET,INPUT_MULTIBYTE,INPUT_NUMERIC,INPUT_SYMBOL,INPUT_UPPERCASE,RETRIEVAL_TABLE,FORMAT,DEFAULT_VALUE,MIN_VALUE,MAX_VALUE,CALENDAR_BUTTON,JUMP_BUTTON,OPEN_BUTTON,REF_TABLE_ID,REF_FIELD_NAME,SPECIAL_BUTTON) VALUES ('TBLID_BOPE','CARG_UNLOAD18','CARG_UNLOAD18','CARG_UNLOAD18','STRING',10,'N','Y','N','Y',-1,-1,0,0,0,'N','N','N','STRING',0,'Y',0,'Y','Y','Y','NONE',NULL,NULL,NULL,NULL,'N','N',0,NULL,NULL,0);
INSERT INTO SM_FIELD_DEF (TABLE_ID,FIELD_NAME,JP_TITLE,US_TITLE,DB_TYPE,DB_LENGTH,IS_KEY,NOT_BLANK,IS_DUMMY,IS_SEARCH_ITEM,SORT_NO,TREE_LEVEL,SHEET_NO,PAGE_NO,PROPERTY_NO,IS_AUTO,IS_MANDATORY,SYSTEM_READONLY,FIELD_TYPE,FIELD_LENGTH,INPUT_ALPHABET,INPUT_MULTIBYTE,INPUT_NUMERIC,INPUT_SYMBOL,INPUT_UPPERCASE,RETRIEVAL_TABLE,FORMAT,DEFAULT_VALUE,MIN_VALUE,MAX_VALUE,CALENDAR_BUTTON,JUMP_BUTTON,OPEN_BUTTON,REF_TABLE_ID,REF_FIELD_NAME,SPECIAL_BUTTON) VALUES ('TBLID_BOPE','CARG_UNLOAD19','CARG_UNLOAD19','CARG_UNLOAD19','STRING',10,'N','Y','N','Y',-1,-1,0,0,0,'N','N','N','STRING',0,'Y',0,'Y','Y','Y','NONE',NULL,NULL,NULL,NULL,'N','N',0,NULL,NULL,0);
INSERT INTO SM_FIELD_DEF (TABLE_ID,FIELD_NAME,JP_TITLE,US_TITLE,DB_TYPE,DB_LENGTH,IS_KEY,NOT_BLANK,IS_DUMMY,IS_SEARCH_ITEM,SORT_NO,TREE_LEVEL,SHEET_NO,PAGE_NO,PROPERTY_NO,IS_AUTO,IS_MANDATORY,SYSTEM_READONLY,FIELD_TYPE,FIELD_LENGTH,INPUT_ALPHABET,INPUT_MULTIBYTE,INPUT_NUMERIC,INPUT_SYMBOL,INPUT_UPPERCASE,RETRIEVAL_TABLE,FORMAT,DEFAULT_VALUE,MIN_VALUE,MAX_VALUE,CALENDAR_BUTTON,JUMP_BUTTON,OPEN_BUTTON,REF_TABLE_ID,REF_FIELD_NAME,SPECIAL_BUTTON) VALUES ('TBLID_BOPE','CARG_UNLOAD20','CARG_UNLOAD20','CARG_UNLOAD20','STRING',10,'N','Y','N','Y',-1,-1,0,0,0,'N','N','N','STRING',0,'Y',0,'Y','Y','Y','NONE',NULL,NULL,NULL,NULL,'N','N',0,NULL,NULL,0);
INSERT INTO SM_FIELD_DEF (TABLE_ID,FIELD_NAME,JP_TITLE,US_TITLE,DB_TYPE,DB_LENGTH,IS_KEY,NOT_BLANK,IS_DUMMY,IS_SEARCH_ITEM,SORT_NO,TREE_LEVEL,SHEET_NO,PAGE_NO,PROPERTY_NO,IS_AUTO,IS_MANDATORY,SYSTEM_READONLY,FIELD_TYPE,FIELD_LENGTH,INPUT_ALPHABET,INPUT_MULTIBYTE,INPUT_NUMERIC,INPUT_SYMBOL,INPUT_UPPERCASE,RETRIEVAL_TABLE,FORMAT,DEFAULT_VALUE,MIN_VALUE,MAX_VALUE,CALENDAR_BUTTON,JUMP_BUTTON,OPEN_BUTTON,REF_TABLE_ID,REF_FIELD_NAME,SPECIAL_BUTTON) VALUES ('TBLID_BOPE','CARG_UNLOAD21','CARG_UNLOAD21','CARG_UNLOAD21','STRING',10,'N','Y','N','Y',-1,-1,0,0,0,'N','N','N','STRING',0,'Y',0,'Y','Y','Y','NONE',NULL,NULL,NULL,NULL,'N','N',0,NULL,NULL,0);
INSERT INTO SM_FIELD_DEF (TABLE_ID,FIELD_NAME,JP_TITLE,US_TITLE,DB_TYPE,DB_LENGTH,IS_KEY,NOT_BLANK,IS_DUMMY,IS_SEARCH_ITEM,SORT_NO,TREE_LEVEL,SHEET_NO,PAGE_NO,PROPERTY_NO,IS_AUTO,IS_MANDATORY,SYSTEM_READONLY,FIELD_TYPE,FIELD_LENGTH,INPUT_ALPHABET,INPUT_MULTIBYTE,INPUT_NUMERIC,INPUT_SYMBOL,INPUT_UPPERCASE,RETRIEVAL_TABLE,FORMAT,DEFAULT_VALUE,MIN_VALUE,MAX_VALUE,CALENDAR_BUTTON,JUMP_BUTTON,OPEN_BUTTON,REF_TABLE_ID,REF_FIELD_NAME,SPECIAL_BUTTON) VALUES ('TBLID_BOPE','CARG_UNLOAD22','CARG_UNLOAD22','CARG_UNLOAD22','STRING',10,'N','Y','N','Y',-1,-1,0,0,0,'N','N','N','STRING',0,'Y',0,'Y','Y','Y','NONE',NULL,NULL,NULL,NULL,'N','N',0,NULL,NULL,0);
INSERT INTO SM_FIELD_DEF (TABLE_ID,FIELD_NAME,JP_TITLE,US_TITLE,DB_TYPE,DB_LENGTH,IS_KEY,NOT_BLANK,IS_DUMMY,IS_SEARCH_ITEM,SORT_NO,TREE_LEVEL,SHEET_NO,PAGE_NO,PROPERTY_NO,IS_AUTO,IS_MANDATORY,SYSTEM_READONLY,FIELD_TYPE,FIELD_LENGTH,INPUT_ALPHABET,INPUT_MULTIBYTE,INPUT_NUMERIC,INPUT_SYMBOL,INPUT_UPPERCASE,RETRIEVAL_TABLE,FORMAT,DEFAULT_VALUE,MIN_VALUE,MAX_VALUE,CALENDAR_BUTTON,JUMP_BUTTON,OPEN_BUTTON,REF_TABLE_ID,REF_FIELD_NAME,SPECIAL_BUTTON) VALUES ('TBLID_BOPE','CARG_UNLOAD23','CARG_UNLOAD23','CARG_UNLOAD23','STRING',10,'N','Y','N','Y',-1,-1,0,0,0,'N','N','N','STRING',0,'Y',0,'Y','Y','Y','NONE',NULL,NULL,NULL,NULL,'N','N',0,NULL,NULL,0);
INSERT INTO SM_FIELD_DEF (TABLE_ID,FIELD_NAME,JP_TITLE,US_TITLE,DB_TYPE,DB_LENGTH,IS_KEY,NOT_BLANK,IS_DUMMY,IS_SEARCH_ITEM,SORT_NO,TREE_LEVEL,SHEET_NO,PAGE_NO,PROPERTY_NO,IS_AUTO,IS_MANDATORY,SYSTEM_READONLY,FIELD_TYPE,FIELD_LENGTH,INPUT_ALPHABET,INPUT_MULTIBYTE,INPUT_NUMERIC,INPUT_SYMBOL,INPUT_UPPERCASE,RETRIEVAL_TABLE,FORMAT,DEFAULT_VALUE,MIN_VALUE,MAX_VALUE,CALENDAR_BUTTON,JUMP_BUTTON,OPEN_BUTTON,REF_TABLE_ID,REF_FIELD_NAME,SPECIAL_BUTTON) VALUES ('TBLID_BOPE','CARG_UNLOAD24','CARG_UNLOAD24','CARG_UNLOAD24','STRING',10,'N','Y','N','Y',-1,-1,0,0,0,'N','N','N','STRING',0,'Y',0,'Y','Y','Y','NONE',NULL,NULL,NULL,NULL,'N','N',0,NULL,NULL,0);
INSERT INTO SM_FIELD_DEF (TABLE_ID,FIELD_NAME,JP_TITLE,US_TITLE,DB_TYPE,DB_LENGTH,IS_KEY,NOT_BLANK,IS_DUMMY,IS_SEARCH_ITEM,SORT_NO,TREE_LEVEL,SHEET_NO,PAGE_NO,PROPERTY_NO,IS_AUTO,IS_MANDATORY,SYSTEM_READONLY,FIELD_TYPE,FIELD_LENGTH,INPUT_ALPHABET,INPUT_MULTIBYTE,INPUT_NUMERIC,INPUT_SYMBOL,INPUT_UPPERCASE,RETRIEVAL_TABLE,FORMAT,DEFAULT_VALUE,MIN_VALUE,MAX_VALUE,CALENDAR_BUTTON,JUMP_BUTTON,OPEN_BUTTON,REF_TABLE_ID,REF_FIELD_NAME,SPECIAL_BUTTON) VALUES ('TBLID_BOPE','CARG_UNLOAD25','CARG_UNLOAD25','CARG_UNLOAD25','STRING',10,'N','Y','N','Y',-1,-1,0,0,0,'N','N','N','STRING',0,'Y',0,'Y','Y','Y','NONE',NULL,NULL,NULL,NULL,'N','N',0,NULL,NULL,0);
INSERT INTO SM_FIELD_DEF (TABLE_ID,FIELD_NAME,JP_TITLE,US_TITLE,DB_TYPE,DB_LENGTH,IS_KEY,NOT_BLANK,IS_DUMMY,IS_SEARCH_ITEM,SORT_NO,TREE_LEVEL,SHEET_NO,PAGE_NO,PROPERTY_NO,IS_AUTO,IS_MANDATORY,SYSTEM_READONLY,FIELD_TYPE,FIELD_LENGTH,INPUT_ALPHABET,INPUT_MULTIBYTE,INPUT_NUMERIC,INPUT_SYMBOL,INPUT_UPPERCASE,RETRIEVAL_TABLE,FORMAT,DEFAULT_VALUE,MIN_VALUE,MAX_VALUE,CALENDAR_BUTTON,JUMP_BUTTON,OPEN_BUTTON,REF_TABLE_ID,REF_FIELD_NAME,SPECIAL_BUTTON) VALUES ('TBLID_BOPE','CARG_UNLOAD26','CARG_UNLOAD26','CARG_UNLOAD26','STRING',10,'N','Y','N','Y',-1,-1,0,0,0,'N','N','N','STRING',0,'Y',0,'Y','Y','Y','NONE',NULL,NULL,NULL,NULL,'N','N',0,NULL,NULL,0);
INSERT INTO SM_FIELD_DEF (TABLE_ID,FIELD_NAME,JP_TITLE,US_TITLE,DB_TYPE,DB_LENGTH,IS_KEY,NOT_BLANK,IS_DUMMY,IS_SEARCH_ITEM,SORT_NO,TREE_LEVEL,SHEET_NO,PAGE_NO,PROPERTY_NO,IS_AUTO,IS_MANDATORY,SYSTEM_READONLY,FIELD_TYPE,FIELD_LENGTH,INPUT_ALPHABET,INPUT_MULTIBYTE,INPUT_NUMERIC,INPUT_SYMBOL,INPUT_UPPERCASE,RETRIEVAL_TABLE,FORMAT,DEFAULT_VALUE,MIN_VALUE,MAX_VALUE,CALENDAR_BUTTON,JUMP_BUTTON,OPEN_BUTTON,REF_TABLE_ID,REF_FIELD_NAME,SPECIAL_BUTTON) VALUES ('TBLID_BOPE','CARG_UNLOAD27','CARG_UNLOAD27','CARG_UNLOAD27','STRING',10,'N','Y','N','Y',-1,-1,0,0,0,'N','N','N','STRING',0,'Y',0,'Y','Y','Y','NONE',NULL,NULL,NULL,NULL,'N','N',0,NULL,NULL,0);
INSERT INTO SM_FIELD_DEF (TABLE_ID,FIELD_NAME,JP_TITLE,US_TITLE,DB_TYPE,DB_LENGTH,IS_KEY,NOT_BLANK,IS_DUMMY,IS_SEARCH_ITEM,SORT_NO,TREE_LEVEL,SHEET_NO,PAGE_NO,PROPERTY_NO,IS_AUTO,IS_MANDATORY,SYSTEM_READONLY,FIELD_TYPE,FIELD_LENGTH,INPUT_ALPHABET,INPUT_MULTIBYTE,INPUT_NUMERIC,INPUT_SYMBOL,INPUT_UPPERCASE,RETRIEVAL_TABLE,FORMAT,DEFAULT_VALUE,MIN_VALUE,MAX_VALUE,CALENDAR_BUTTON,JUMP_BUTTON,OPEN_BUTTON,REF_TABLE_ID,REF_FIELD_NAME,SPECIAL_BUTTON) VALUES ('TBLID_BOPE','CARG_UNLOAD28','CARG_UNLOAD28','CARG_UNLOAD28','STRING',10,'N','Y','N','Y',-1,-1,0,0,0,'N','N','N','STRING',0,'Y',0,'Y','Y','Y','NONE',NULL,NULL,NULL,NULL,'N','N',0,NULL,NULL,0);
INSERT INTO SM_FIELD_DEF (TABLE_ID,FIELD_NAME,JP_TITLE,US_TITLE,DB_TYPE,DB_LENGTH,IS_KEY,NOT_BLANK,IS_DUMMY,IS_SEARCH_ITEM,SORT_NO,TREE_LEVEL,SHEET_NO,PAGE_NO,PROPERTY_NO,IS_AUTO,IS_MANDATORY,SYSTEM_READONLY,FIELD_TYPE,FIELD_LENGTH,INPUT_ALPHABET,INPUT_MULTIBYTE,INPUT_NUMERIC,INPUT_SYMBOL,INPUT_UPPERCASE,RETRIEVAL_TABLE,FORMAT,DEFAULT_VALUE,MIN_VALUE,MAX_VALUE,CALENDAR_BUTTON,JUMP_BUTTON,OPEN_BUTTON,REF_TABLE_ID,REF_FIELD_NAME,SPECIAL_BUTTON) VALUES ('TBLID_BOPE','CARG_UNLOAD29','CARG_UNLOAD29','CARG_UNLOAD29','STRING',10,'N','Y','N','Y',-1,-1,0,0,0,'N','N','N','STRING',0,'Y',0,'Y','Y','Y','NONE',NULL,NULL,NULL,NULL,'N','N',0,NULL,NULL,0);
INSERT INTO SM_FIELD_DEF (TABLE_ID,FIELD_NAME,JP_TITLE,US_TITLE,DB_TYPE,DB_LENGTH,IS_KEY,NOT_BLANK,IS_DUMMY,IS_SEARCH_ITEM,SORT_NO,TREE_LEVEL,SHEET_NO,PAGE_NO,PROPERTY_NO,IS_AUTO,IS_MANDATORY,SYSTEM_READONLY,FIELD_TYPE,FIELD_LENGTH,INPUT_ALPHABET,INPUT_MULTIBYTE,INPUT_NUMERIC,INPUT_SYMBOL,INPUT_UPPERCASE,RETRIEVAL_TABLE,FORMAT,DEFAULT_VALUE,MIN_VALUE,MAX_VALUE,CALENDAR_BUTTON,JUMP_BUTTON,OPEN_BUTTON,REF_TABLE_ID,REF_FIELD_NAME,SPECIAL_BUTTON) VALUES ('TBLID_BOPE','CARG_UNLOAD30','CARG_UNLOAD30','CARG_UNLOAD30','STRING',10,'N','Y','N','Y',-1,-1,0,0,0,'N','N','N','STRING',0,'Y',0,'Y','Y','Y','NONE',NULL,NULL,NULL,NULL,'N','N',0,NULL,NULL,0);
INSERT INTO SM_FIELD_DEF (TABLE_ID,FIELD_NAME,JP_TITLE,US_TITLE,DB_TYPE,DB_LENGTH,IS_KEY,NOT_BLANK,IS_DUMMY,IS_SEARCH_ITEM,SORT_NO,TREE_LEVEL,SHEET_NO,PAGE_NO,PROPERTY_NO,IS_AUTO,IS_MANDATORY,SYSTEM_READONLY,FIELD_TYPE,FIELD_LENGTH,INPUT_ALPHABET,INPUT_MULTIBYTE,INPUT_NUMERIC,INPUT_SYMBOL,INPUT_UPPERCASE,RETRIEVAL_TABLE,FORMAT,DEFAULT_VALUE,MIN_VALUE,MAX_VALUE,CALENDAR_BUTTON,JUMP_BUTTON,OPEN_BUTTON,REF_TABLE_ID,REF_FIELD_NAME,SPECIAL_BUTTON) VALUES ('TBLID_BOPE','CAR_TYPE','CAR_TYPE','CAR_TYPE','STRING',2,'N','Y','N','Y',-1,-1,0,0,0,'N','N','N','STRING',0,'Y',0,'Y','Y','Y','NONE',NULL,NULL,NULL,NULL,'N','N',0,NULL,NULL,0);
INSERT INTO SM_FIELD_DEF (TABLE_ID,FIELD_NAME,JP_TITLE,US_TITLE,DB_TYPE,DB_LENGTH,IS_KEY,NOT_BLANK,IS_DUMMY,IS_SEARCH_ITEM,SORT_NO,TREE_LEVEL,SHEET_NO,PAGE_NO,PROPERTY_NO,IS_AUTO,IS_MANDATORY,SYSTEM_READONLY,FIELD_TYPE,FIELD_LENGTH,INPUT_ALPHABET,INPUT_MULTIBYTE,INPUT_NUMERIC,INPUT_SYMBOL,INPUT_UPPERCASE,RETRIEVAL_TABLE,FORMAT,DEFAULT_VALUE,MIN_VALUE,MAX_VALUE,CALENDAR_BUTTON,JUMP_BUTTON,OPEN_BUTTON,REF_TABLE_ID,REF_FIELD_NAME,SPECIAL_BUTTON) VALUES ('TBLID_BOPE','CAR_MODE','CAR_MODE','CAR_MODE','STRING',1,'N','Y','N','Y',-1,-1,0,0,0,'N','N','N','STRING',0,'Y',0,'Y','Y','Y','NONE',NULL,NULL,NULL,NULL,'N','N',0,NULL,NULL,0);
INSERT INTO SM_FIELD_DEF (TABLE_ID,FIELD_NAME,JP_TITLE,US_TITLE,DB_TYPE,DB_LENGTH,IS_KEY,NOT_BLANK,IS_DUMMY,IS_SEARCH_ITEM,SORT_NO,TREE_LEVEL,SHEET_NO,PAGE_NO,PROPERTY_NO,IS_AUTO,IS_MANDATORY,SYSTEM_READONLY,FIELD_TYPE,FIELD_LENGTH,INPUT_ALPHABET,INPUT_MULTIBYTE,INPUT_NUMERIC,INPUT_SYMBOL,INPUT_UPPERCASE,RETRIEVAL_TABLE,FORMAT,DEFAULT_VALUE,MIN_VALUE,MAX_VALUE,CALENDAR_BUTTON,JUMP_BUTTON,OPEN_BUTTON,REF_TABLE_ID,REF_FIELD_NAME,SPECIAL_BUTTON) VALUES ('TBLID_BOPE','LOT_MIX_CAT','LOT_MIX_CAT','LOT_MIX_CAT','STRING',1,'N','Y','N','Y',-1,-1,0,0,0,'N','N','N','STRING',0,'Y',0,'Y','Y','Y','NONE',NULL,NULL,NULL,NULL,'N','N',0,NULL,NULL,0);
INSERT INTO SM_FIELD_DEF (TABLE_ID,FIELD_NAME,JP_TITLE,US_TITLE,DB_TYPE,DB_LENGTH,IS_KEY,NOT_BLANK,IS_DUMMY,IS_SEARCH_ITEM,SORT_NO,TREE_LEVEL,SHEET_NO,PAGE_NO,PROPERTY_NO,IS_AUTO,IS_MANDATORY,SYSTEM_READONLY,FIELD_TYPE,FIELD_LENGTH,INPUT_ALPHABET,INPUT_MULTIBYTE,INPUT_NUMERIC,INPUT_SYMBOL,INPUT_UPPERCASE,RETRIEVAL_TABLE,FORMAT,DEFAULT_VALUE,MIN_VALUE,MAX_VALUE,CALENDAR_BUTTON,JUMP_BUTTON,OPEN_BUTTON,REF_TABLE_ID,REF_FIELD_NAME,SPECIAL_BUTTON) VALUES ('TBLID_BOPE','LOT_COLLECT_FLG','LOT_COLLECT_FLG','LOT_COLLECT_FLG','STRING',1,'N','Y','N','Y',-1,-1,0,0,0,'N','N','N','STRING',0,'Y',0,'Y','Y','Y','NONE',NULL,NULL,NULL,NULL,'N','N',0,NULL,NULL,0);
INSERT INTO SM_FIELD_DEF (TABLE_ID,FIELD_NAME,JP_TITLE,US_TITLE,DB_TYPE,DB_LENGTH,IS_KEY,NOT_BLANK,IS_DUMMY,IS_SEARCH_ITEM,SORT_NO,TREE_LEVEL,SHEET_NO,PAGE_NO,PROPERTY_NO,IS_AUTO,IS_MANDATORY,SYSTEM_READONLY,FIELD_TYPE,FIELD_LENGTH,INPUT_ALPHABET,INPUT_MULTIBYTE,INPUT_NUMERIC,INPUT_SYMBOL,INPUT_UPPERCASE,RETRIEVAL_TABLE,FORMAT,DEFAULT_VALUE,MIN_VALUE,MAX_VALUE,CALENDAR_BUTTON,JUMP_BUTTON,OPEN_BUTTON,REF_TABLE_ID,REF_FIELD_NAME,SPECIAL_BUTTON) VALUES ('TBLID_BOPE','OPE_INSP_FLG','OPE_INSP_FLG','OPE_INSP_FLG','STRING',1,'N','Y','N','Y',-1,-1,0,0,0,'N','N','N','STRING',0,'Y',0,'Y','Y','Y','NONE',NULL,NULL,NULL,NULL,'N','N',0,NULL,NULL,0);
INSERT INTO SM_FIELD_DEF (TABLE_ID,FIELD_NAME,JP_TITLE,US_TITLE,DB_TYPE,DB_LENGTH,IS_KEY,NOT_BLANK,IS_DUMMY,IS_SEARCH_ITEM,SORT_NO,TREE_LEVEL,SHEET_NO,PAGE_NO,PROPERTY_NO,IS_AUTO,IS_MANDATORY,SYSTEM_READONLY,FIELD_TYPE,FIELD_LENGTH,INPUT_ALPHABET,INPUT_MULTIBYTE,INPUT_NUMERIC,INPUT_SYMBOL,INPUT_UPPERCASE,RETRIEVAL_TABLE,FORMAT,DEFAULT_VALUE,MIN_VALUE,MAX_VALUE,CALENDAR_BUTTON,JUMP_BUTTON,OPEN_BUTTON,REF_TABLE_ID,REF_FIELD_NAME,SPECIAL_BUTTON) VALUES ('TBLID_BOPE','OPE_INSP_REG_CAR','OPE_INSP_REG_CAR','OPE_INSP_REG_CAR','STRING',0,'N','Y','N','Y',-1,-1,0,0,0,'N','N','N','STRING',0,'Y',0,'Y','Y','Y','NONE',NULL,NULL,NULL,NULL,'N','N',0,NULL,NULL,0);
INSERT INTO SM_FIELD_DEF (TABLE_ID,FIELD_NAME,JP_TITLE,US_TITLE,DB_TYPE,DB_LENGTH,IS_KEY,NOT_BLANK,IS_DUMMY,IS_SEARCH_ITEM,SORT_NO,TREE_LEVEL,SHEET_NO,PAGE_NO,PROPERTY_NO,IS_AUTO,IS_MANDATORY,SYSTEM_READONLY,FIELD_TYPE,FIELD_LENGTH,INPUT_ALPHABET,INPUT_MULTIBYTE,INPUT_NUMERIC,INPUT_SYMBOL,INPUT_UPPERCASE,RETRIEVAL_TABLE,FORMAT,DEFAULT_VALUE,MIN_VALUE,MAX_VALUE,CALENDAR_BUTTON,JUMP_BUTTON,OPEN_BUTTON,REF_TABLE_ID,REF_FIELD_NAME,SPECIAL_BUTTON) VALUES ('TBLID_BOPE','OPE_INSP_REG_LOT','OPE_INSP_REG_LOT','OPE_INSP_REG_LOT','STRING',0,'N','Y','N','Y',-1,-1,0,0,0,'N','N','N','STRING',0,'Y',0,'Y','Y','Y','NONE',NULL,NULL,NULL,NULL,'N','N',0,NULL,NULL,0);
INSERT INTO SM_FIELD_DEF (TABLE_ID,FIELD_NAME,JP_TITLE,US_TITLE,DB_TYPE,DB_LENGTH,IS_KEY,NOT_BLANK,IS_DUMMY,IS_SEARCH_ITEM,SORT_NO,TREE_LEVEL,SHEET_NO,PAGE_NO,PROPERTY_NO,IS_AUTO,IS_MANDATORY,SYSTEM_READONLY,FIELD_TYPE,FIELD_LENGTH,INPUT_ALPHABET,INPUT_MULTIBYTE,INPUT_NUMERIC,INPUT_SYMBOL,INPUT_UPPERCASE,RETRIEVAL_TABLE,FORMAT,DEFAULT_VALUE,MIN_VALUE,MAX_VALUE,CALENDAR_BUTTON,JUMP_BUTTON,OPEN_BUTTON,REF_TABLE_ID,REF_FIELD_NAME,SPECIAL_BUTTON) VALUES ('TBLID_BOPE','OPE_INSP_REG_PROD','OPE_INSP_REG_PROD','OPE_INSP_REG_PROD','STRING',0,'N','Y','N','Y',-1,-1,0,0,0,'N','N','N','STRING',0,'Y',0,'Y','Y','Y','NONE',NULL,NULL,NULL,NULL,'N','N',0,NULL,NULL,0);
INSERT INTO SM_FIELD_DEF (TABLE_ID,FIELD_NAME,JP_TITLE,US_TITLE,DB_TYPE,DB_LENGTH,IS_KEY,NOT_BLANK,IS_DUMMY,IS_SEARCH_ITEM,SORT_NO,TREE_LEVEL,SHEET_NO,PAGE_NO,PROPERTY_NO,IS_AUTO,IS_MANDATORY,SYSTEM_READONLY,FIELD_TYPE,FIELD_LENGTH,INPUT_ALPHABET,INPUT_MULTIBYTE,INPUT_NUMERIC,INPUT_SYMBOL,INPUT_UPPERCASE,RETRIEVAL_TABLE,FORMAT,DEFAULT_VALUE,MIN_VALUE,MAX_VALUE,CALENDAR_BUTTON,JUMP_BUTTON,OPEN_BUTTON,REF_TABLE_ID,REF_FIELD_NAME,SPECIAL_BUTTON) VALUES ('TBLID_BOPE','OPE_INSP_REG_RECIP','OPE_INSP_REG_RECIP','OPE_INSP_REG_RECIP','STRING',0,'N','Y','N','Y',-1,-1,0,0,0,'N','N','N','STRING',0,'Y',0,'Y','Y','Y','NONE',NULL,NULL,NULL,NULL,'N','N',0,NULL,NULL,0);
INSERT INTO SM_FIELD_DEF (TABLE_ID,FIELD_NAME,JP_TITLE,US_TITLE,DB_TYPE,DB_LENGTH,IS_KEY,NOT_BLANK,IS_DUMMY,IS_SEARCH_ITEM,SORT_NO,TREE_LEVEL,SHEET_NO,PAGE_NO,PROPERTY_NO,IS_AUTO,IS_MANDATORY,SYSTEM_READONLY,FIELD_TYPE,FIELD_LENGTH,INPUT_ALPHABET,INPUT_MULTIBYTE,INPUT_NUMERIC,INPUT_SYMBOL,INPUT_UPPERCASE,RETRIEVAL_TABLE,FORMAT,DEFAULT_VALUE,MIN_VALUE,MAX_VALUE,CALENDAR_BUTTON,JUMP_BUTTON,OPEN_BUTTON,REF_TABLE_ID,REF_FIELD_NAME,SPECIAL_BUTTON) VALUES ('TBLID_BOPE','OPE_INSP_ENF_WAF_NUM','OPE_INSP_ENF_WAF_NUM','OPE_INSP_ENF_WAF_NUM','STRING',0,'N','Y','N','Y',-1,-1,0,0,0,'N','N','N','STRING',0,'Y',0,'Y','Y','Y','NONE',NULL,NULL,NULL,NULL,'N','N',0,NULL,NULL,0);
INSERT INTO SM_FIELD_DEF (TABLE_ID,FIELD_NAME,JP_TITLE,US_TITLE,DB_TYPE,DB_LENGTH,IS_KEY,NOT_BLANK,IS_DUMMY,IS_SEARCH_ITEM,SORT_NO,TREE_LEVEL,SHEET_NO,PAGE_NO,PROPERTY_NO,IS_AUTO,IS_MANDATORY,SYSTEM_READONLY,FIELD_TYPE,FIELD_LENGTH,INPUT_ALPHABET,INPUT_MULTIBYTE,INPUT_NUMERIC,INPUT_SYMBOL,INPUT_UPPERCASE,RETRIEVAL_TABLE,FORMAT,DEFAULT_VALUE,MIN_VALUE,MAX_VALUE,CALENDAR_BUTTON,JUMP_BUTTON,OPEN_BUTTON,REF_TABLE_ID,REF_FIELD_NAME,SPECIAL_BUTTON) VALUES ('TBLID_BOPE','PROC_UNIT','PROC_UNIT','PROC_UNIT','STRING',1,'N','Y','N','Y',-1,-1,0,0,0,'N','N','N','STRING',0,'Y',0,'Y','Y','Y','NONE',NULL,NULL,NULL,NULL,'N','N',0,NULL,NULL,0);
INSERT INTO SM_FIELD_DEF (TABLE_ID,FIELD_NAME,JP_TITLE,US_TITLE,DB_TYPE,DB_LENGTH,IS_KEY,NOT_BLANK,IS_DUMMY,IS_SEARCH_ITEM,SORT_NO,TREE_LEVEL,SHEET_NO,PAGE_NO,PROPERTY_NO,IS_AUTO,IS_MANDATORY,SYSTEM_READONLY,FIELD_TYPE,FIELD_LENGTH,INPUT_ALPHABET,INPUT_MULTIBYTE,INPUT_NUMERIC,INPUT_SYMBOL,INPUT_UPPERCASE,RETRIEVAL_TABLE,FORMAT,DEFAULT_VALUE,MIN_VALUE,MAX_VALUE,CALENDAR_BUTTON,JUMP_BUTTON,OPEN_BUTTON,REF_TABLE_ID,REF_FIELD_NAME,SPECIAL_BUTTON) VALUES ('TBLID_BOPE','PROC_TIME','PROC_TIME','PROC_TIME','STRING',9,'N','Y','N','Y',-1,-1,0,0,0,'N','N','N','STRING',0,'Y',0,'Y','Y','Y','NONE',NULL,NULL,NULL,NULL,'N','N',0,NULL,NULL,0);
INSERT INTO SM_FIELD_DEF (TABLE_ID,FIELD_NAME,JP_TITLE,US_TITLE,DB_TYPE,DB_LENGTH,IS_KEY,NOT_BLANK,IS_DUMMY,IS_SEARCH_ITEM,SORT_NO,TREE_LEVEL,SHEET_NO,PAGE_NO,PROPERTY_NO,IS_AUTO,IS_MANDATORY,SYSTEM_READONLY,FIELD_TYPE,FIELD_LENGTH,INPUT_ALPHABET,INPUT_MULTIBYTE,INPUT_NUMERIC,INPUT_SYMBOL,INPUT_UPPERCASE,RETRIEVAL_TABLE,FORMAT,DEFAULT_VALUE,MIN_VALUE,MAX_VALUE,CALENDAR_BUTTON,JUMP_BUTTON,OPEN_BUTTON,REF_TABLE_ID,REF_FIELD_NAME,SPECIAL_BUTTON) VALUES ('TBLID_BOPE','PROC_QTIME','PROC_QTIME','PROC_QTIME','STRING',9,'N','Y','N','Y',-1,-1,0,0,0,'N','N','N','STRING',0,'Y',0,'Y','Y','Y','NONE',NULL,NULL,NULL,NULL,'N','N',0,NULL,NULL,0);
INSERT INTO SM_FIELD_DEF (TABLE_ID,FIELD_NAME,JP_TITLE,US_TITLE,DB_TYPE,DB_LENGTH,IS_KEY,NOT_BLANK,IS_DUMMY,IS_SEARCH_ITEM,SORT_NO,TREE_LEVEL,SHEET_NO,PAGE_NO,PROPERTY_NO,IS_AUTO,IS_MANDATORY,SYSTEM_READONLY,FIELD_TYPE,FIELD_LENGTH,INPUT_ALPHABET,INPUT_MULTIBYTE,INPUT_NUMERIC,INPUT_SYMBOL,INPUT_UPPERCASE,RETRIEVAL_TABLE,FORMAT,DEFAULT_VALUE,MIN_VALUE,MAX_VALUE,CALENDAR_BUTTON,JUMP_BUTTON,OPEN_BUTTON,REF_TABLE_ID,REF_FIELD_NAME,SPECIAL_BUTTON) VALUES ('TBLID_BOPE','HANDL_TIME','HANDL_TIME','HANDL_TIME','STRING',9,'N','Y','N','Y',-1,-1,0,0,0,'N','N','N','STRING',0,'Y',0,'Y','Y','Y','NONE',NULL,NULL,NULL,NULL,'N','N',0,NULL,NULL,0);
INSERT INTO SM_FIELD_DEF (TABLE_ID,FIELD_NAME,JP_TITLE,US_TITLE,DB_TYPE,DB_LENGTH,IS_KEY,NOT_BLANK,IS_DUMMY,IS_SEARCH_ITEM,SORT_NO,TREE_LEVEL,SHEET_NO,PAGE_NO,PROPERTY_NO,IS_AUTO,IS_MANDATORY,SYSTEM_READONLY,FIELD_TYPE,FIELD_LENGTH,INPUT_ALPHABET,INPUT_MULTIBYTE,INPUT_NUMERIC,INPUT_SYMBOL,INPUT_UPPERCASE,RETRIEVAL_TABLE,FORMAT,DEFAULT_VALUE,MIN_VALUE,MAX_VALUE,CALENDAR_BUTTON,JUMP_BUTTON,OPEN_BUTTON,REF_TABLE_ID,REF_FIELD_NAME,SPECIAL_BUTTON) VALUES ('TBLID_BOPE','CARRY_PORT','CARRY_PORT','CARRY_PORT','STRING',10,'N','Y','N','Y',-1,-1,0,0,0,'N','N','N','STRING',0,'Y',0,'Y','Y','Y','NONE',NULL,NULL,NULL,NULL,'N','N',0,NULL,NULL,0);
INSERT INTO SM_FIELD_DEF (TABLE_ID,FIELD_NAME,JP_TITLE,US_TITLE,DB_TYPE,DB_LENGTH,IS_KEY,NOT_BLANK,IS_DUMMY,IS_SEARCH_ITEM,SORT_NO,TREE_LEVEL,SHEET_NO,PAGE_NO,PROPERTY_NO,IS_AUTO,IS_MANDATORY,SYSTEM_READONLY,FIELD_TYPE,FIELD_LENGTH,INPUT_ALPHABET,INPUT_MULTIBYTE,INPUT_NUMERIC,INPUT_SYMBOL,INPUT_UPPERCASE,RETRIEVAL_TABLE,FORMAT,DEFAULT_VALUE,MIN_VALUE,MAX_VALUE,CALENDAR_BUTTON,JUMP_BUTTON,OPEN_BUTTON,REF_TABLE_ID,REF_FIELD_NAME,SPECIAL_BUTTON) VALUES ('TBLID_BOPE','LOT_FOLLOW_FLG','LOT_FOLLOW_FLG','LOT_FOLLOW_FLG','STRING',1,'N','Y','N','Y',-1,-1,0,0,0,'N','N','N','STRING',0,'Y',0,'Y','Y','Y','NONE',NULL,NULL,NULL,NULL,'N','N',0,NULL,NULL,0);
INSERT INTO SM_CHECK_DEF (TABLE_ID,CHECK_TYPE,CHECK_ORDER,CHECK_KIND,FIELD_NAME,REF_TABLE,REF_FIELD,EXPECT_VALUE,ERR_MSG) VALUES ('TBLID_BOPE','SAVE',1,'STAT_E',NULL,NULL,NULL,NULL,NULL);
INSERT INTO SM_CHECK_DEF (TABLE_ID,CHECK_TYPE,CHECK_ORDER,CHECK_KIND,FIELD_NAME,REF_TABLE,REF_FIELD,EXPECT_VALUE,ERR_MSG) VALUES ('TBLID_BOPE','SAVE',2,'STRING','lock_user',NULL,NULL,'',NULL);
INSERT INTO SM_CHECK_DEF (TABLE_ID,CHECK_TYPE,CHECK_ORDER,CHECK_KIND,FIELD_NAME,REF_TABLE,REF_FIELD,EXPECT_VALUE,ERR_MSG) VALUES ('TBLID_BOPE','SAVE',3,'NULLCHK','lock_time',NULL,NULL,NULL,NULL);
INSERT INTO SM_CHECK_DEF (TABLE_ID,CHECK_TYPE,CHECK_ORDER,CHECK_KIND,FIELD_NAME,REF_TABLE,REF_FIELD,EXPECT_VALUE,ERR_MSG) VALUES ('TBLID_BOPE','SAVE',4,'STRING','eqp_id',NULL,NULL,'',NULL);
INSERT INTO SM_CHECK_DEF (TABLE_ID,CHECK_TYPE,CHECK_ORDER,CHECK_KIND,FIELD_NAME,REF_TABLE,REF_FIELD,EXPECT_VALUE,ERR_MSG) VALUES ('TBLID_BOPE','SAVE',5,'KEY','eqp_id','0','',NULL,NULL);
INSERT INTO SM_CHECK_DEF (TABLE_ID,CHECK_TYPE,CHECK_ORDER,CHECK_KIND,FIELD_NAME,REF_TABLE,REF_FIELD,EXPECT_VALUE,ERR_MSG) VALUES ('TBLID_BOPE','SAVE',6,'KEY','eqp_id','0','',NULL,NULL);
INSERT INTO SM_CHECK_DEF (TABLE_ID,CHECK_TYPE,CHECK_ORDER,CHECK_KIND,FIELD_NAME,REF_TABLE,REF_FIELD,EXPECT_VALUE,ERR_MSG) VALUES ('TBLID_BOPE','SAVE',7,'STAT_R',NULL,NULL,NULL,NULL,NULL);
INSERT INTO SM_CHECK_DEF (TABLE_ID,CHECK_TYPE,CHECK_ORDER,CHECK_KIND,FIELD_NAME,REF_TABLE,REF_FIELD,EXPECT_VALUE,ERR_MSG) VALUES ('TBLID_BOPE','SAVE',8,'KEY','eqp_id','0','',NULL,NULL);
INSERT INTO SM_CHECK_DEF (TABLE_ID,CHECK_TYPE,CHECK_ORDER,CHECK_KIND,FIELD_NAME,REF_TABLE,REF_FIELD,EXPECT_VALUE,ERR_MSG) VALUES ('TBLID_BOPE','SAVE',9,'KEY','eqp_id','0','',NULL,NULL);
INSERT INTO SM_CHECK_DEF (TABLE_ID,CHECK_TYPE,CHECK_ORDER,CHECK_KIND,FIELD_NAME,REF_TABLE,REF_FIELD,EXPECT_VALUE,ERR_MSG) VALUES ('TBLID_BOPE','SAVE',10,'STAT_R',NULL,NULL,NULL,NULL,NULL);
INSERT INTO SM_CHECK_DEF (TABLE_ID,CHECK_TYPE,CHECK_ORDER,CHECK_KIND,FIELD_NAME,REF_TABLE,REF_FIELD,EXPECT_VALUE,ERR_MSG) VALUES ('TBLID_BOPE','SAVE',11,'STRING','meas_id',NULL,NULL,'',NULL);
INSERT INTO SM_CHECK_DEF (TABLE_ID,CHECK_TYPE,CHECK_ORDER,CHECK_KIND,FIELD_NAME,REF_TABLE,REF_FIELD,EXPECT_VALUE,ERR_MSG) VALUES ('TBLID_BOPE','SAVE',12,'STRING','meas_id',NULL,NULL,'',NULL);
INSERT INTO SM_CHECK_DEF (TABLE_ID,CHECK_TYPE,CHECK_ORDER,CHECK_KIND,FIELD_NAME,REF_TABLE,REF_FIELD,EXPECT_VALUE,ERR_MSG) VALUES ('TBLID_BOPE','SAVE',13,'KEY','meas_id','0','',NULL,NULL);
INSERT INTO SM_CHECK_DEF (TABLE_ID,CHECK_TYPE,CHECK_ORDER,CHECK_KIND,FIELD_NAME,REF_TABLE,REF_FIELD,EXPECT_VALUE,ERR_MSG) VALUES ('TBLID_BOPE','SAVE',14,'KEY','meas_id','0','',NULL,NULL);
INSERT INTO SM_CHECK_DEF (TABLE_ID,CHECK_TYPE,CHECK_ORDER,CHECK_KIND,FIELD_NAME,REF_TABLE,REF_FIELD,EXPECT_VALUE,ERR_MSG) VALUES ('TBLID_BOPE','SAVE',15,'STAT_R',NULL,NULL,NULL,NULL,NULL);
INSERT INTO SM_CHECK_DEF (TABLE_ID,CHECK_TYPE,CHECK_ORDER,CHECK_KIND,FIELD_NAME,REF_TABLE,REF_FIELD,EXPECT_VALUE,ERR_MSG) VALUES ('TBLID_BOPE','SAVE',16,'STRING','procdata_id',NULL,NULL,'',NULL);
INSERT INTO SM_CHECK_DEF (TABLE_ID,CHECK_TYPE,CHECK_ORDER,CHECK_KIND,FIELD_NAME,REF_TABLE,REF_FIELD,EXPECT_VALUE,ERR_MSG) VALUES ('TBLID_BOPE','SAVE',17,'STRING','procdata_id',NULL,NULL,'',NULL);
INSERT INTO SM_CHECK_DEF (TABLE_ID,CHECK_TYPE,CHECK_ORDER,CHECK_KIND,FIELD_NAME,REF_TABLE,REF_FIELD,EXPECT_VALUE,ERR_MSG) VALUES ('TBLID_BOPE','SAVE',18,'KEY','procdata_id','0','',NULL,NULL);
INSERT INTO SM_CHECK_DEF (TABLE_ID,CHECK_TYPE,CHECK_ORDER,CHECK_KIND,FIELD_NAME,REF_TABLE,REF_FIELD,EXPECT_VALUE,ERR_MSG) VALUES ('TBLID_BOPE','SAVE',19,'KEY','procdata_id','0','',NULL,NULL);
INSERT INTO SM_CHECK_DEF (TABLE_ID,CHECK_TYPE,CHECK_ORDER,CHECK_KIND,FIELD_NAME,REF_TABLE,REF_FIELD,EXPECT_VALUE,ERR_MSG) VALUES ('TBLID_BOPE','SAVE',20,'STAT_R',NULL,NULL,NULL,NULL,NULL);
INSERT INTO SM_CHECK_DEF (TABLE_ID,CHECK_TYPE,CHECK_ORDER,CHECK_KIND,FIELD_NAME,REF_TABLE,REF_FIELD,EXPECT_VALUE,ERR_MSG) VALUES ('TBLID_BOPE','SAVE',21,'STRING','recip_id',NULL,NULL,'',NULL);
INSERT INTO SM_CHECK_DEF (TABLE_ID,CHECK_TYPE,CHECK_ORDER,CHECK_KIND,FIELD_NAME,REF_TABLE,REF_FIELD,EXPECT_VALUE,ERR_MSG) VALUES ('TBLID_BOPE','SAVE',22,'STRING','recip_id',NULL,NULL,'',NULL);
INSERT INTO SM_CHECK_DEF (TABLE_ID,CHECK_TYPE,CHECK_ORDER,CHECK_KIND,FIELD_NAME,REF_TABLE,REF_FIELD,EXPECT_VALUE,ERR_MSG) VALUES ('TBLID_BOPE','SAVE',23,'KEY','recip_id','0','',NULL,NULL);
INSERT INTO SM_CHECK_DEF (TABLE_ID,CHECK_TYPE,CHECK_ORDER,CHECK_KIND,FIELD_NAME,REF_TABLE,REF_FIELD,EXPECT_VALUE,ERR_MSG) VALUES ('TBLID_BOPE','SAVE',24,'KEY','recip_id','0','',NULL,NULL);
INSERT INTO SM_CHECK_DEF (TABLE_ID,CHECK_TYPE,CHECK_ORDER,CHECK_KIND,FIELD_NAME,REF_TABLE,REF_FIELD,EXPECT_VALUE,ERR_MSG) VALUES ('TBLID_BOPE','SAVE',25,'STAT_R',NULL,NULL,NULL,NULL,NULL);
INSERT INTO SM_CHECK_DEF (TABLE_ID,CHECK_TYPE,CHECK_ORDER,CHECK_KIND,FIELD_NAME,REF_TABLE,REF_FIELD,EXPECT_VALUE,ERR_MSG) VALUES ('TBLID_BOPE','RELEASE',1,'STAT_E',NULL,NULL,NULL,NULL,NULL);
INSERT INTO SM_CHECK_DEF (TABLE_ID,CHECK_TYPE,CHECK_ORDER,CHECK_KIND,FIELD_NAME,REF_TABLE,REF_FIELD,EXPECT_VALUE,ERR_MSG) VALUES ('TBLID_BOPE','RELEASE',2,'STRING','lock_user',NULL,NULL,'',NULL);
INSERT INTO SM_CHECK_DEF (TABLE_ID,CHECK_TYPE,CHECK_ORDER,CHECK_KIND,FIELD_NAME,REF_TABLE,REF_FIELD,EXPECT_VALUE,ERR_MSG) VALUES ('TBLID_BOPE','RELEASE',3,'NULLCHK','lock_time',NULL,NULL,NULL,NULL);
INSERT INTO SM_CHECK_DEF (TABLE_ID,CHECK_TYPE,CHECK_ORDER,CHECK_KIND,FIELD_NAME,REF_TABLE,REF_FIELD,EXPECT_VALUE,ERR_MSG) VALUES ('TBLID_BOPE','RELEASE',4,'STRING','eqp_id',NULL,NULL,'',NULL);
INSERT INTO SM_CHECK_DEF (TABLE_ID,CHECK_TYPE,CHECK_ORDER,CHECK_KIND,FIELD_NAME,REF_TABLE,REF_FIELD,EXPECT_VALUE,ERR_MSG) VALUES ('TBLID_BOPE','RELEASE',5,'KEY','eqp_id','0','',NULL,NULL);
INSERT INTO SM_CHECK_DEF (TABLE_ID,CHECK_TYPE,CHECK_ORDER,CHECK_KIND,FIELD_NAME,REF_TABLE,REF_FIELD,EXPECT_VALUE,ERR_MSG) VALUES ('TBLID_BOPE','RELEASE',6,'STAT_R',NULL,NULL,NULL,NULL,NULL);
INSERT INTO SM_CHECK_DEF (TABLE_ID,CHECK_TYPE,CHECK_ORDER,CHECK_KIND,FIELD_NAME,REF_TABLE,REF_FIELD,EXPECT_VALUE,ERR_MSG) VALUES ('TBLID_BOPE','RELEASE',7,'KEY','eqp_id','0','',NULL,NULL);
INSERT INTO SM_CHECK_DEF (TABLE_ID,CHECK_TYPE,CHECK_ORDER,CHECK_KIND,FIELD_NAME,REF_TABLE,REF_FIELD,EXPECT_VALUE,ERR_MSG) VALUES ('TBLID_BOPE','RELEASE',8,'STAT_R',NULL,NULL,NULL,NULL,NULL);
INSERT INTO SM_CHECK_DEF (TABLE_ID,CHECK_TYPE,CHECK_ORDER,CHECK_KIND,FIELD_NAME,REF_TABLE,REF_FIELD,EXPECT_VALUE,ERR_MSG) VALUES ('TBLID_BOPE','RELEASE',9,'STRING','meas_id',NULL,NULL,'',NULL);
INSERT INTO SM_CHECK_DEF (TABLE_ID,CHECK_TYPE,CHECK_ORDER,CHECK_KIND,FIELD_NAME,REF_TABLE,REF_FIELD,EXPECT_VALUE,ERR_MSG) VALUES ('TBLID_BOPE','RELEASE',10,'STRING','meas_id',NULL,NULL,'',NULL);
INSERT INTO SM_CHECK_DEF (TABLE_ID,CHECK_TYPE,CHECK_ORDER,CHECK_KIND,FIELD_NAME,REF_TABLE,REF_FIELD,EXPECT_VALUE,ERR_MSG) VALUES ('TBLID_BOPE','RELEASE',11,'KEY','meas_id','0','',NULL,NULL);
INSERT INTO SM_CHECK_DEF (TABLE_ID,CHECK_TYPE,CHECK_ORDER,CHECK_KIND,FIELD_NAME,REF_TABLE,REF_FIELD,EXPECT_VALUE,ERR_MSG) VALUES ('TBLID_BOPE','RELEASE',12,'STAT_R',NULL,NULL,NULL,NULL,NULL);
INSERT INTO SM_CHECK_DEF (TABLE_ID,CHECK_TYPE,CHECK_ORDER,CHECK_KIND,FIELD_NAME,REF_TABLE,REF_FIELD,EXPECT_VALUE,ERR_MSG) VALUES ('TBLID_BOPE','RELEASE',13,'STRING','procdata_id',NULL,NULL,'',NULL);
INSERT INTO SM_CHECK_DEF (TABLE_ID,CHECK_TYPE,CHECK_ORDER,CHECK_KIND,FIELD_NAME,REF_TABLE,REF_FIELD,EXPECT_VALUE,ERR_MSG) VALUES ('TBLID_BOPE','RELEASE',14,'STRING','procdata_id',NULL,NULL,'',NULL);
INSERT INTO SM_CHECK_DEF (TABLE_ID,CHECK_TYPE,CHECK_ORDER,CHECK_KIND,FIELD_NAME,REF_TABLE,REF_FIELD,EXPECT_VALUE,ERR_MSG) VALUES ('TBLID_BOPE','RELEASE',15,'KEY','procdata_id','0','',NULL,NULL);
INSERT INTO SM_CHECK_DEF (TABLE_ID,CHECK_TYPE,CHECK_ORDER,CHECK_KIND,FIELD_NAME,REF_TABLE,REF_FIELD,EXPECT_VALUE,ERR_MSG) VALUES ('TBLID_BOPE','RELEASE',16,'STAT_R',NULL,NULL,NULL,NULL,NULL);
INSERT INTO SM_CHECK_DEF (TABLE_ID,CHECK_TYPE,CHECK_ORDER,CHECK_KIND,FIELD_NAME,REF_TABLE,REF_FIELD,EXPECT_VALUE,ERR_MSG) VALUES ('TBLID_BOPE','RELEASE',17,'STRING','recip_id',NULL,NULL,'',NULL);
INSERT INTO SM_CHECK_DEF (TABLE_ID,CHECK_TYPE,CHECK_ORDER,CHECK_KIND,FIELD_NAME,REF_TABLE,REF_FIELD,EXPECT_VALUE,ERR_MSG) VALUES ('TBLID_BOPE','RELEASE',18,'STRING','recip_id',NULL,NULL,'',NULL);
INSERT INTO SM_CHECK_DEF (TABLE_ID,CHECK_TYPE,CHECK_ORDER,CHECK_KIND,FIELD_NAME,REF_TABLE,REF_FIELD,EXPECT_VALUE,ERR_MSG) VALUES ('TBLID_BOPE','RELEASE',19,'KEY','recip_id','0','',NULL,NULL);
INSERT INTO SM_CHECK_DEF (TABLE_ID,CHECK_TYPE,CHECK_ORDER,CHECK_KIND,FIELD_NAME,REF_TABLE,REF_FIELD,EXPECT_VALUE,ERR_MSG) VALUES ('TBLID_BOPE','RELEASE',20,'STAT_R',NULL,NULL,NULL,NULL,NULL);
INSERT INTO SM_CHECK_DEF (TABLE_ID,CHECK_TYPE,CHECK_ORDER,CHECK_KIND,FIELD_NAME,REF_TABLE,REF_FIELD,EXPECT_VALUE,ERR_MSG) VALUES ('TBLID_BOPE','RELEASE',21,'RELEASE_PARAM','ope_id','D8',NULL,NULL,NULL);
INSERT INTO SM_CHECK_DEF (TABLE_ID,CHECK_TYPE,CHECK_ORDER,CHECK_KIND,FIELD_NAME,REF_TABLE,REF_FIELD,EXPECT_VALUE,ERR_MSG) VALUES ('TBLID_BOPE','RELEASE',22,'RELEASE_WRITE','ope_name','D0',NULL,NULL,NULL);
INSERT INTO SM_CHECK_DEF (TABLE_ID,CHECK_TYPE,CHECK_ORDER,CHECK_KIND,FIELD_NAME,REF_TABLE,REF_FIELD,EXPECT_VALUE,ERR_MSG) VALUES ('TBLID_BOPE','RELEASE',23,'RELEASE_WRITE','ope_desc','D0',NULL,NULL,NULL);
INSERT INTO SM_CHECK_DEF (TABLE_ID,CHECK_TYPE,CHECK_ORDER,CHECK_KIND,FIELD_NAME,REF_TABLE,REF_FIELD,EXPECT_VALUE,ERR_MSG) VALUES ('TBLID_BOPE','RELEASE',24,'RELEASE_WRITE','ope_property','D0',NULL,NULL,NULL);
INSERT INTO SM_CHECK_DEF (TABLE_ID,CHECK_TYPE,CHECK_ORDER,CHECK_KIND,FIELD_NAME,REF_TABLE,REF_FIELD,EXPECT_VALUE,ERR_MSG) VALUES ('TBLID_BOPE','RELEASE',25,'RELEASE_WRITE','ope_cat_id','D0',NULL,NULL,NULL);
INSERT INTO SM_CHECK_DEF (TABLE_ID,CHECK_TYPE,CHECK_ORDER,CHECK_KIND,FIELD_NAME,REF_TABLE,REF_FIELD,EXPECT_VALUE,ERR_MSG) VALUES ('TBLID_BOPE','RELEASE',26,'RELEASE_WRITE','eqp_id','D0',NULL,NULL,NULL);
INSERT INTO SM_CHECK_DEF (TABLE_ID,CHECK_TYPE,CHECK_ORDER,CHECK_KIND,FIELD_NAME,REF_TABLE,REF_FIELD,EXPECT_VALUE,ERR_MSG) VALUES ('TBLID_BOPE','RELEASE',27,'RELEASE_WRITE','recip_id','D0',NULL,NULL,NULL);
INSERT INTO SM_CHECK_DEF (TABLE_ID,CHECK_TYPE,CHECK_ORDER,CHECK_KIND,FIELD_NAME,REF_TABLE,REF_FIELD,EXPECT_VALUE,ERR_MSG) VALUES ('TBLID_BOPE','RELEASE',28,'RELEASE_WRITE','procdata_id','D0',NULL,NULL,NULL);
INSERT INTO SM_CHECK_DEF (TABLE_ID,CHECK_TYPE,CHECK_ORDER,CHECK_KIND,FIELD_NAME,REF_TABLE,REF_FIELD,EXPECT_VALUE,ERR_MSG) VALUES ('TBLID_BOPE','RELEASE',29,'RELEASE_WRITE','meas_id','D0',NULL,NULL,NULL);
INSERT INTO SM_CHECK_DEF (TABLE_ID,CHECK_TYPE,CHECK_ORDER,CHECK_KIND,FIELD_NAME,REF_TABLE,REF_FIELD,EXPECT_VALUE,ERR_MSG) VALUES ('TBLID_BOPE','RELEASE',30,'RELEASE_WRITE','fam_lot_hold_flg','D0',NULL,NULL,NULL);
INSERT INTO SM_CHECK_DEF (TABLE_ID,CHECK_TYPE,CHECK_ORDER,CHECK_KIND,FIELD_NAME,REF_TABLE,REF_FIELD,EXPECT_VALUE,ERR_MSG) VALUES ('TBLID_BOPE','RELEASE',31,'RELEASE_WRITE','carg_unload','D0',NULL,NULL,NULL);
INSERT INTO SM_CHECK_DEF (TABLE_ID,CHECK_TYPE,CHECK_ORDER,CHECK_KIND,FIELD_NAME,REF_TABLE,REF_FIELD,EXPECT_VALUE,ERR_MSG) VALUES ('TBLID_BOPE','RELEASE',32,'RELEASE_WRITE','carg_unload2','D0',NULL,NULL,NULL);
INSERT INTO SM_CHECK_DEF (TABLE_ID,CHECK_TYPE,CHECK_ORDER,CHECK_KIND,FIELD_NAME,REF_TABLE,REF_FIELD,EXPECT_VALUE,ERR_MSG) VALUES ('TBLID_BOPE','RELEASE',33,'RELEASE_WRITE','carg_unload3','D0',NULL,NULL,NULL);
INSERT INTO SM_CHECK_DEF (TABLE_ID,CHECK_TYPE,CHECK_ORDER,CHECK_KIND,FIELD_NAME,REF_TABLE,REF_FIELD,EXPECT_VALUE,ERR_MSG) VALUES ('TBLID_BOPE','RELEASE',34,'RELEASE_WRITE','carg_unload4','D0',NULL,NULL,NULL);
INSERT INTO SM_CHECK_DEF (TABLE_ID,CHECK_TYPE,CHECK_ORDER,CHECK_KIND,FIELD_NAME,REF_TABLE,REF_FIELD,EXPECT_VALUE,ERR_MSG) VALUES ('TBLID_BOPE','RELEASE',35,'RELEASE_WRITE','carg_unload5','D0',NULL,NULL,NULL);
INSERT INTO SM_CHECK_DEF (TABLE_ID,CHECK_TYPE,CHECK_ORDER,CHECK_KIND,FIELD_NAME,REF_TABLE,REF_FIELD,EXPECT_VALUE,ERR_MSG) VALUES ('TBLID_BOPE','RELEASE',36,'RELEASE_WRITE','carg_unload6','D0',NULL,NULL,NULL);
INSERT INTO SM_CHECK_DEF (TABLE_ID,CHECK_TYPE,CHECK_ORDER,CHECK_KIND,FIELD_NAME,REF_TABLE,REF_FIELD,EXPECT_VALUE,ERR_MSG) VALUES ('TBLID_BOPE','RELEASE',37,'RELEASE_WRITE','carg_unload7','D0',NULL,NULL,NULL);
INSERT INTO SM_CHECK_DEF (TABLE_ID,CHECK_TYPE,CHECK_ORDER,CHECK_KIND,FIELD_NAME,REF_TABLE,REF_FIELD,EXPECT_VALUE,ERR_MSG) VALUES ('TBLID_BOPE','RELEASE',38,'RELEASE_WRITE','carg_unload8','D0',NULL,NULL,NULL);
INSERT INTO SM_CHECK_DEF (TABLE_ID,CHECK_TYPE,CHECK_ORDER,CHECK_KIND,FIELD_NAME,REF_TABLE,REF_FIELD,EXPECT_VALUE,ERR_MSG) VALUES ('TBLID_BOPE','RELEASE',39,'RELEASE_WRITE','carg_unload9','D0',NULL,NULL,NULL);
INSERT INTO SM_CHECK_DEF (TABLE_ID,CHECK_TYPE,CHECK_ORDER,CHECK_KIND,FIELD_NAME,REF_TABLE,REF_FIELD,EXPECT_VALUE,ERR_MSG) VALUES ('TBLID_BOPE','RELEASE',40,'RELEASE_WRITE','carg_unload10','D0',NULL,NULL,NULL);
INSERT INTO SM_CHECK_DEF (TABLE_ID,CHECK_TYPE,CHECK_ORDER,CHECK_KIND,FIELD_NAME,REF_TABLE,REF_FIELD,EXPECT_VALUE,ERR_MSG) VALUES ('TBLID_BOPE','RELEASE',41,'RELEASE_WRITE','carg_unload11','D0',NULL,NULL,NULL);
INSERT INTO SM_CHECK_DEF (TABLE_ID,CHECK_TYPE,CHECK_ORDER,CHECK_KIND,FIELD_NAME,REF_TABLE,REF_FIELD,EXPECT_VALUE,ERR_MSG) VALUES ('TBLID_BOPE','RELEASE',42,'RELEASE_WRITE','carg_unload12','D0',NULL,NULL,NULL);
INSERT INTO SM_CHECK_DEF (TABLE_ID,CHECK_TYPE,CHECK_ORDER,CHECK_KIND,FIELD_NAME,REF_TABLE,REF_FIELD,EXPECT_VALUE,ERR_MSG) VALUES ('TBLID_BOPE','RELEASE',43,'RELEASE_WRITE','carg_unload13','D0',NULL,NULL,NULL);
INSERT INTO SM_CHECK_DEF (TABLE_ID,CHECK_TYPE,CHECK_ORDER,CHECK_KIND,FIELD_NAME,REF_TABLE,REF_FIELD,EXPECT_VALUE,ERR_MSG) VALUES ('TBLID_BOPE','RELEASE',44,'RELEASE_WRITE','carg_unload14','D0',NULL,NULL,NULL);
INSERT INTO SM_CHECK_DEF (TABLE_ID,CHECK_TYPE,CHECK_ORDER,CHECK_KIND,FIELD_NAME,REF_TABLE,REF_FIELD,EXPECT_VALUE,ERR_MSG) VALUES ('TBLID_BOPE','RELEASE',45,'RELEASE_WRITE','carg_unload15','D0',NULL,NULL,NULL);
INSERT INTO SM_CHECK_DEF (TABLE_ID,CHECK_TYPE,CHECK_ORDER,CHECK_KIND,FIELD_NAME,REF_TABLE,REF_FIELD,EXPECT_VALUE,ERR_MSG) VALUES ('TBLID_BOPE','RELEASE',46,'RELEASE_WRITE','carg_unload16','D0',NULL,NULL,NULL);
INSERT INTO SM_CHECK_DEF (TABLE_ID,CHECK_TYPE,CHECK_ORDER,CHECK_KIND,FIELD_NAME,REF_TABLE,REF_FIELD,EXPECT_VALUE,ERR_MSG) VALUES ('TBLID_BOPE','RELEASE',47,'RELEASE_WRITE','carg_unload17','D0',NULL,NULL,NULL);
INSERT INTO SM_CHECK_DEF (TABLE_ID,CHECK_TYPE,CHECK_ORDER,CHECK_KIND,FIELD_NAME,REF_TABLE,REF_FIELD,EXPECT_VALUE,ERR_MSG) VALUES ('TBLID_BOPE','RELEASE',48,'RELEASE_WRITE','carg_unload18','D0',NULL,NULL,NULL);
INSERT INTO SM_CHECK_DEF (TABLE_ID,CHECK_TYPE,CHECK_ORDER,CHECK_KIND,FIELD_NAME,REF_TABLE,REF_FIELD,EXPECT_VALUE,ERR_MSG) VALUES ('TBLID_BOPE','RELEASE',49,'RELEASE_WRITE','carg_unload19','D0',NULL,NULL,NULL);
INSERT INTO SM_CHECK_DEF (TABLE_ID,CHECK_TYPE,CHECK_ORDER,CHECK_KIND,FIELD_NAME,REF_TABLE,REF_FIELD,EXPECT_VALUE,ERR_MSG) VALUES ('TBLID_BOPE','RELEASE',50,'RELEASE_WRITE','carg_unload20','D0',NULL,NULL,NULL);
INSERT INTO SM_CHECK_DEF (TABLE_ID,CHECK_TYPE,CHECK_ORDER,CHECK_KIND,FIELD_NAME,REF_TABLE,REF_FIELD,EXPECT_VALUE,ERR_MSG) VALUES ('TBLID_BOPE','RELEASE',51,'RELEASE_WRITE','carg_unload21','D0',NULL,NULL,NULL);
INSERT INTO SM_CHECK_DEF (TABLE_ID,CHECK_TYPE,CHECK_ORDER,CHECK_KIND,FIELD_NAME,REF_TABLE,REF_FIELD,EXPECT_VALUE,ERR_MSG) VALUES ('TBLID_BOPE','RELEASE',52,'RELEASE_WRITE','carg_unload22','D0',NULL,NULL,NULL);
INSERT INTO SM_CHECK_DEF (TABLE_ID,CHECK_TYPE,CHECK_ORDER,CHECK_KIND,FIELD_NAME,REF_TABLE,REF_FIELD,EXPECT_VALUE,ERR_MSG) VALUES ('TBLID_BOPE','RELEASE',53,'RELEASE_WRITE','carg_unload23','D0',NULL,NULL,NULL);
INSERT INTO SM_CHECK_DEF (TABLE_ID,CHECK_TYPE,CHECK_ORDER,CHECK_KIND,FIELD_NAME,REF_TABLE,REF_FIELD,EXPECT_VALUE,ERR_MSG) VALUES ('TBLID_BOPE','RELEASE',54,'RELEASE_WRITE','carg_unload24','D0',NULL,NULL,NULL);
INSERT INTO SM_CHECK_DEF (TABLE_ID,CHECK_TYPE,CHECK_ORDER,CHECK_KIND,FIELD_NAME,REF_TABLE,REF_FIELD,EXPECT_VALUE,ERR_MSG) VALUES ('TBLID_BOPE','RELEASE',55,'RELEASE_WRITE','carg_unload25','D0',NULL,NULL,NULL);
INSERT INTO SM_CHECK_DEF (TABLE_ID,CHECK_TYPE,CHECK_ORDER,CHECK_KIND,FIELD_NAME,REF_TABLE,REF_FIELD,EXPECT_VALUE,ERR_MSG) VALUES ('TBLID_BOPE','RELEASE',56,'RELEASE_WRITE','carg_unload26','D0',NULL,NULL,NULL);
INSERT INTO SM_CHECK_DEF (TABLE_ID,CHECK_TYPE,CHECK_ORDER,CHECK_KIND,FIELD_NAME,REF_TABLE,REF_FIELD,EXPECT_VALUE,ERR_MSG) VALUES ('TBLID_BOPE','RELEASE',57,'RELEASE_WRITE','carg_unload27','D0',NULL,NULL,NULL);
INSERT INTO SM_CHECK_DEF (TABLE_ID,CHECK_TYPE,CHECK_ORDER,CHECK_KIND,FIELD_NAME,REF_TABLE,REF_FIELD,EXPECT_VALUE,ERR_MSG) VALUES ('TBLID_BOPE','RELEASE',58,'RELEASE_WRITE','carg_unload28','D0',NULL,NULL,NULL);
INSERT INTO SM_CHECK_DEF (TABLE_ID,CHECK_TYPE,CHECK_ORDER,CHECK_KIND,FIELD_NAME,REF_TABLE,REF_FIELD,EXPECT_VALUE,ERR_MSG) VALUES ('TBLID_BOPE','RELEASE',59,'RELEASE_WRITE','carg_unload29','D0',NULL,NULL,NULL);
INSERT INTO SM_CHECK_DEF (TABLE_ID,CHECK_TYPE,CHECK_ORDER,CHECK_KIND,FIELD_NAME,REF_TABLE,REF_FIELD,EXPECT_VALUE,ERR_MSG) VALUES ('TBLID_BOPE','RELEASE',60,'RELEASE_WRITE','carg_unload30','D0',NULL,NULL,NULL);
INSERT INTO SM_CHECK_DEF (TABLE_ID,CHECK_TYPE,CHECK_ORDER,CHECK_KIND,FIELD_NAME,REF_TABLE,REF_FIELD,EXPECT_VALUE,ERR_MSG) VALUES ('TBLID_BOPE','RELEASE',61,'RELEASE_WRITE','car_type','D0',NULL,NULL,NULL);
INSERT INTO SM_CHECK_DEF (TABLE_ID,CHECK_TYPE,CHECK_ORDER,CHECK_KIND,FIELD_NAME,REF_TABLE,REF_FIELD,EXPECT_VALUE,ERR_MSG) VALUES ('TBLID_BOPE','RELEASE',62,'RELEASE_WRITE','car_mode','D0',NULL,NULL,NULL);
INSERT INTO SM_CHECK_DEF (TABLE_ID,CHECK_TYPE,CHECK_ORDER,CHECK_KIND,FIELD_NAME,REF_TABLE,REF_FIELD,EXPECT_VALUE,ERR_MSG) VALUES ('TBLID_BOPE','RELEASE',63,'RELEASE_WRITE','lot_mix_cat','D0',NULL,NULL,NULL);
INSERT INTO SM_CHECK_DEF (TABLE_ID,CHECK_TYPE,CHECK_ORDER,CHECK_KIND,FIELD_NAME,REF_TABLE,REF_FIELD,EXPECT_VALUE,ERR_MSG) VALUES ('TBLID_BOPE','RELEASE',64,'RELEASE_WRITE','lot_collect_flg','D0',NULL,NULL,NULL);
INSERT INTO SM_CHECK_DEF (TABLE_ID,CHECK_TYPE,CHECK_ORDER,CHECK_KIND,FIELD_NAME,REF_TABLE,REF_FIELD,EXPECT_VALUE,ERR_MSG) VALUES ('TBLID_BOPE','RELEASE',65,'RELEASE_WRITE','ope_insp_flg','D0',NULL,NULL,NULL);
INSERT INTO SM_CHECK_DEF (TABLE_ID,CHECK_TYPE,CHECK_ORDER,CHECK_KIND,FIELD_NAME,REF_TABLE,REF_FIELD,EXPECT_VALUE,ERR_MSG) VALUES ('TBLID_BOPE','RELEASE',66,'RELEASE_WRITE','ope_insp_reg_car','D0',NULL,NULL,NULL);
INSERT INTO SM_CHECK_DEF (TABLE_ID,CHECK_TYPE,CHECK_ORDER,CHECK_KIND,FIELD_NAME,REF_TABLE,REF_FIELD,EXPECT_VALUE,ERR_MSG) VALUES ('TBLID_BOPE','RELEASE',67,'RELEASE_WRITE','ope_insp_reg_lot','D0',NULL,NULL,NULL);
INSERT INTO SM_CHECK_DEF (TABLE_ID,CHECK_TYPE,CHECK_ORDER,CHECK_KIND,FIELD_NAME,REF_TABLE,REF_FIELD,EXPECT_VALUE,ERR_MSG) VALUES ('TBLID_BOPE','RELEASE',68,'RELEASE_WRITE','ope_insp_reg_prod','D0',NULL,NULL,NULL);
INSERT INTO SM_CHECK_DEF (TABLE_ID,CHECK_TYPE,CHECK_ORDER,CHECK_KIND,FIELD_NAME,REF_TABLE,REF_FIELD,EXPECT_VALUE,ERR_MSG) VALUES ('TBLID_BOPE','RELEASE',69,'RELEASE_WRITE','ope_insp_reg_recip','D0',NULL,NULL,NULL);
INSERT INTO SM_CHECK_DEF (TABLE_ID,CHECK_TYPE,CHECK_ORDER,CHECK_KIND,FIELD_NAME,REF_TABLE,REF_FIELD,EXPECT_VALUE,ERR_MSG) VALUES ('TBLID_BOPE','RELEASE',70,'RELEASE_WRITE','ope_insp_enf_waf_num','D0',NULL,NULL,NULL);
INSERT INTO SM_CHECK_DEF (TABLE_ID,CHECK_TYPE,CHECK_ORDER,CHECK_KIND,FIELD_NAME,REF_TABLE,REF_FIELD,EXPECT_VALUE,ERR_MSG) VALUES ('TBLID_BOPE','RELEASE',71,'RELEASE_WRITE','proc_unit','D0',NULL,NULL,NULL);
INSERT INTO SM_CHECK_DEF (TABLE_ID,CHECK_TYPE,CHECK_ORDER,CHECK_KIND,FIELD_NAME,REF_TABLE,REF_FIELD,EXPECT_VALUE,ERR_MSG) VALUES ('TBLID_BOPE','RELEASE',72,'RELEASE_WRITE','proc_time','D0',NULL,NULL,NULL);
INSERT INTO SM_CHECK_DEF (TABLE_ID,CHECK_TYPE,CHECK_ORDER,CHECK_KIND,FIELD_NAME,REF_TABLE,REF_FIELD,EXPECT_VALUE,ERR_MSG) VALUES ('TBLID_BOPE','RELEASE',73,'RELEASE_WRITE','proc_qtime','D0',NULL,NULL,NULL);
INSERT INTO SM_CHECK_DEF (TABLE_ID,CHECK_TYPE,CHECK_ORDER,CHECK_KIND,FIELD_NAME,REF_TABLE,REF_FIELD,EXPECT_VALUE,ERR_MSG) VALUES ('TBLID_BOPE','RELEASE',74,'RELEASE_WRITE','handl_time','D0',NULL,NULL,NULL);
INSERT INTO SM_CHECK_DEF (TABLE_ID,CHECK_TYPE,CHECK_ORDER,CHECK_KIND,FIELD_NAME,REF_TABLE,REF_FIELD,EXPECT_VALUE,ERR_MSG) VALUES ('TBLID_BOPE','RELEASE',75,'RELEASE_WRITE','carry_port','D0',NULL,NULL,NULL);
INSERT INTO SM_CHECK_DEF (TABLE_ID,CHECK_TYPE,CHECK_ORDER,CHECK_KIND,FIELD_NAME,REF_TABLE,REF_FIELD,EXPECT_VALUE,ERR_MSG) VALUES ('TBLID_BOPE','RELEASE',76,'RELEASE_WRITE','lot_follow_flg','D0',NULL,NULL,NULL);
INSERT INTO SM_CHECK_DEF (TABLE_ID,CHECK_TYPE,CHECK_ORDER,CHECK_KIND,FIELD_NAME,REF_TABLE,REF_FIELD,EXPECT_VALUE,ERR_MSG) VALUES ('TBLID_BOPE','DELETE',1,'STAT_R',NULL,NULL,NULL,NULL,NULL);
INSERT INTO SM_CHECK_DEF (TABLE_ID,CHECK_TYPE,CHECK_ORDER,CHECK_KIND,FIELD_NAME,REF_TABLE,REF_FIELD,EXPECT_VALUE,ERR_MSG) VALUES ('TBLID_BOPE','DELETE',2,'STRING','lock_user',NULL,NULL,'',NULL);
INSERT INTO SM_CHECK_DEF (TABLE_ID,CHECK_TYPE,CHECK_ORDER,CHECK_KIND,FIELD_NAME,REF_TABLE,REF_FIELD,EXPECT_VALUE,ERR_MSG) VALUES ('TBLID_BOPE','DELETE',3,'NULLCHK','lock_time',NULL,NULL,NULL,NULL);
INSERT INTO SM_CHECK_DEF (TABLE_ID,CHECK_TYPE,CHECK_ORDER,CHECK_KIND,FIELD_NAME,REF_TABLE,REF_FIELD,EXPECT_VALUE,ERR_MSG) VALUES ('TBLID_BOPE','DELETE',4,'KEY','ope_id','0','',NULL,NULL);
INSERT INTO SM_CHECK_DEF (TABLE_ID,CHECK_TYPE,CHECK_ORDER,CHECK_KIND,FIELD_NAME,REF_TABLE,REF_FIELD,EXPECT_VALUE,ERR_MSG) VALUES ('TBLID_BOPE','DELETE',5,'STAT_R',NULL,NULL,NULL,NULL,NULL);
INSERT INTO SM_CHECK_DEF (TABLE_ID,CHECK_TYPE,CHECK_ORDER,CHECK_KIND,FIELD_NAME,REF_TABLE,REF_FIELD,EXPECT_VALUE,ERR_MSG) VALUES ('TBLID_BOPE','DELETE',6,'KEY','ope_id','0','',NULL,NULL);
INSERT INTO SM_CHECK_DEF (TABLE_ID,CHECK_TYPE,CHECK_ORDER,CHECK_KIND,FIELD_NAME,REF_TABLE,REF_FIELD,EXPECT_VALUE,ERR_MSG) VALUES ('TBLID_BOPE','DELETE',7,'STAT_R',NULL,NULL,NULL,NULL,NULL);
INSERT INTO SM_CHECK_DEF (TABLE_ID,CHECK_TYPE,CHECK_ORDER,CHECK_KIND,FIELD_NAME,REF_TABLE,REF_FIELD,EXPECT_VALUE,ERR_MSG) VALUES ('TBLID_BOPE','DELETE',8,'KEY','ope_id','0','',NULL,NULL);
INSERT INTO SM_CHECK_DEF (TABLE_ID,CHECK_TYPE,CHECK_ORDER,CHECK_KIND,FIELD_NAME,REF_TABLE,REF_FIELD,EXPECT_VALUE,ERR_MSG) VALUES ('TBLID_BOPE','DELETE',9,'STAT_R',NULL,NULL,NULL,NULL,NULL);
INSERT INTO SM_CHECK_DEF (TABLE_ID,CHECK_TYPE,CHECK_ORDER,CHECK_KIND,FIELD_NAME,REF_TABLE,REF_FIELD,EXPECT_VALUE,ERR_MSG) VALUES ('TBLID_BOPE','DELETE',10,'KEY','ope_id','0','',NULL,NULL);
INSERT INTO SM_CHECK_DEF (TABLE_ID,CHECK_TYPE,CHECK_ORDER,CHECK_KIND,FIELD_NAME,REF_TABLE,REF_FIELD,EXPECT_VALUE,ERR_MSG) VALUES ('TBLID_BOPE','DELETE',11,'STAT_R',NULL,NULL,NULL,NULL,NULL);
INSERT INTO SM_CHECK_DEF (TABLE_ID,CHECK_TYPE,CHECK_ORDER,CHECK_KIND,FIELD_NAME,REF_TABLE,REF_FIELD,EXPECT_VALUE,ERR_MSG) VALUES ('TBLID_BOPE','EDITCOMP',1,'STAT_E',NULL,NULL,NULL,NULL,NULL);
INSERT INTO SM_CHECK_DEF (TABLE_ID,CHECK_TYPE,CHECK_ORDER,CHECK_KIND,FIELD_NAME,REF_TABLE,REF_FIELD,EXPECT_VALUE,ERR_MSG) VALUES ('TBLID_BOPE','EDITCOMP',2,'COMP_N',NULL,NULL,NULL,NULL,'记录已编辑完成');

-- BOPEMONI_INPUT_ADMIN
INSERT INTO SM_TABLE_DEF (TABLE_ID, TABLE_NAME, JP_TITLE, US_TITLE, RELEASE_FLAG, DISTRIBUTE_FLAG, PERMISSION_TYPE, SCHEMA_TYPE, HAS_DUMMY, SORT_NO)
VALUES ('TBLID_BOPEMONI_INPUT_ADMIN', 'BOPEMONI_INPUT_ADMIN', 'BOPEMONI_INPUT_ADMIN', 'BOPEMONI_INPUT_ADMIN', 'Y', 'N', 'C', 'L', 'N', 490);
INSERT INTO SM_FIELD_DEF (TABLE_ID,FIELD_NAME,JP_TITLE,US_TITLE,DB_TYPE,DB_LENGTH,IS_KEY,NOT_BLANK,IS_DUMMY,IS_SEARCH_ITEM,SORT_NO,TREE_LEVEL,SHEET_NO,PAGE_NO,PROPERTY_NO,IS_AUTO,IS_MANDATORY,SYSTEM_READONLY,FIELD_TYPE,FIELD_LENGTH,INPUT_ALPHABET,INPUT_MULTIBYTE,INPUT_NUMERIC,INPUT_SYMBOL,INPUT_UPPERCASE,RETRIEVAL_TABLE,FORMAT,DEFAULT_VALUE,MIN_VALUE,MAX_VALUE,CALENDAR_BUTTON,JUMP_BUTTON,OPEN_BUTTON,REF_TABLE_ID,REF_FIELD_NAME,SPECIAL_BUTTON) VALUES ('TBLID_BOPEMONI_INPUT_ADMIN','LOT_CAT','LOT_CAT','LOT_CAT','STRING',1,'N','Y','N','Y',-1,-1,0,0,0,'N','N','N','STRING',0,'Y',0,'Y','Y','Y','NONE',NULL,NULL,NULL,NULL,'N','N',0,NULL,NULL,0);
INSERT INTO SM_FIELD_DEF (TABLE_ID,FIELD_NAME,JP_TITLE,US_TITLE,DB_TYPE,DB_LENGTH,IS_KEY,NOT_BLANK,IS_DUMMY,IS_SEARCH_ITEM,SORT_NO,TREE_LEVEL,SHEET_NO,PAGE_NO,PROPERTY_NO,IS_AUTO,IS_MANDATORY,SYSTEM_READONLY,FIELD_TYPE,FIELD_LENGTH,INPUT_ALPHABET,INPUT_MULTIBYTE,INPUT_NUMERIC,INPUT_SYMBOL,INPUT_UPPERCASE,RETRIEVAL_TABLE,FORMAT,DEFAULT_VALUE,MIN_VALUE,MAX_VALUE,CALENDAR_BUTTON,JUMP_BUTTON,OPEN_BUTTON,REF_TABLE_ID,REF_FIELD_NAME,SPECIAL_BUTTON) VALUES ('TBLID_BOPEMONI_INPUT_ADMIN','EQP_ID','EQP_ID','EQP_ID','STRING',10,'N','Y','N','Y',-1,-1,0,0,0,'N','N','N','STRING',0,'Y',0,'Y','Y','Y','NONE',NULL,NULL,NULL,NULL,'N','N',0,NULL,NULL,0);
INSERT INTO SM_FIELD_DEF (TABLE_ID,FIELD_NAME,JP_TITLE,US_TITLE,DB_TYPE,DB_LENGTH,IS_KEY,NOT_BLANK,IS_DUMMY,IS_SEARCH_ITEM,SORT_NO,TREE_LEVEL,SHEET_NO,PAGE_NO,PROPERTY_NO,IS_AUTO,IS_MANDATORY,SYSTEM_READONLY,FIELD_TYPE,FIELD_LENGTH,INPUT_ALPHABET,INPUT_MULTIBYTE,INPUT_NUMERIC,INPUT_SYMBOL,INPUT_UPPERCASE,RETRIEVAL_TABLE,FORMAT,DEFAULT_VALUE,MIN_VALUE,MAX_VALUE,CALENDAR_BUTTON,JUMP_BUTTON,OPEN_BUTTON,REF_TABLE_ID,REF_FIELD_NAME,SPECIAL_BUTTON) VALUES ('TBLID_BOPEMONI_INPUT_ADMIN','MON_PROD_ID','MON_PROD_ID','MON_PROD_ID','STRING',20,'N','Y','N','Y',-1,-1,0,0,0,'N','N','N','STRING',0,'Y',0,'Y','Y','Y','NONE',NULL,NULL,NULL,NULL,'N','N',0,NULL,NULL,0);
INSERT INTO SM_FIELD_DEF (TABLE_ID,FIELD_NAME,JP_TITLE,US_TITLE,DB_TYPE,DB_LENGTH,IS_KEY,NOT_BLANK,IS_DUMMY,IS_SEARCH_ITEM,SORT_NO,TREE_LEVEL,SHEET_NO,PAGE_NO,PROPERTY_NO,IS_AUTO,IS_MANDATORY,SYSTEM_READONLY,FIELD_TYPE,FIELD_LENGTH,INPUT_ALPHABET,INPUT_MULTIBYTE,INPUT_NUMERIC,INPUT_SYMBOL,INPUT_UPPERCASE,RETRIEVAL_TABLE,FORMAT,DEFAULT_VALUE,MIN_VALUE,MAX_VALUE,CALENDAR_BUTTON,JUMP_BUTTON,OPEN_BUTTON,REF_TABLE_ID,REF_FIELD_NAME,SPECIAL_BUTTON) VALUES ('TBLID_BOPEMONI_INPUT_ADMIN','START_TIME','START_TIME','START_TIME','STRING',5,'N','Y','N','Y',-1,-1,0,0,0,'N','N','N','STRING',0,'Y',0,'Y','Y','Y','NONE',NULL,NULL,NULL,NULL,'N','N',0,NULL,NULL,0);
INSERT INTO SM_FIELD_DEF (TABLE_ID,FIELD_NAME,JP_TITLE,US_TITLE,DB_TYPE,DB_LENGTH,IS_KEY,NOT_BLANK,IS_DUMMY,IS_SEARCH_ITEM,SORT_NO,TREE_LEVEL,SHEET_NO,PAGE_NO,PROPERTY_NO,IS_AUTO,IS_MANDATORY,SYSTEM_READONLY,FIELD_TYPE,FIELD_LENGTH,INPUT_ALPHABET,INPUT_MULTIBYTE,INPUT_NUMERIC,INPUT_SYMBOL,INPUT_UPPERCASE,RETRIEVAL_TABLE,FORMAT,DEFAULT_VALUE,MIN_VALUE,MAX_VALUE,CALENDAR_BUTTON,JUMP_BUTTON,OPEN_BUTTON,REF_TABLE_ID,REF_FIELD_NAME,SPECIAL_BUTTON) VALUES ('TBLID_BOPEMONI_INPUT_ADMIN','CYCLE','CYCLE','CYCLE','STRING',1,'N','Y','N','Y',-1,-1,0,0,0,'N','N','N','STRING',0,'Y',0,'Y','Y','Y','NONE',NULL,NULL,NULL,NULL,'N','N',0,NULL,NULL,0);
INSERT INTO SM_FIELD_DEF (TABLE_ID,FIELD_NAME,JP_TITLE,US_TITLE,DB_TYPE,DB_LENGTH,IS_KEY,NOT_BLANK,IS_DUMMY,IS_SEARCH_ITEM,SORT_NO,TREE_LEVEL,SHEET_NO,PAGE_NO,PROPERTY_NO,IS_AUTO,IS_MANDATORY,SYSTEM_READONLY,FIELD_TYPE,FIELD_LENGTH,INPUT_ALPHABET,INPUT_MULTIBYTE,INPUT_NUMERIC,INPUT_SYMBOL,INPUT_UPPERCASE,RETRIEVAL_TABLE,FORMAT,DEFAULT_VALUE,MIN_VALUE,MAX_VALUE,CALENDAR_BUTTON,JUMP_BUTTON,OPEN_BUTTON,REF_TABLE_ID,REF_FIELD_NAME,SPECIAL_BUTTON) VALUES ('TBLID_BOPEMONI_INPUT_ADMIN','SUBLOT_CNT','SUBLOT_CNT','SUBLOT_CNT','STRING',0,'N','Y','N','Y',-1,-1,0,0,0,'N','N','N','STRING',0,'Y',0,'Y','Y','Y','NONE',NULL,NULL,NULL,NULL,'N','N',0,NULL,NULL,0);
INSERT INTO SM_FIELD_DEF (TABLE_ID,FIELD_NAME,JP_TITLE,US_TITLE,DB_TYPE,DB_LENGTH,IS_KEY,NOT_BLANK,IS_DUMMY,IS_SEARCH_ITEM,SORT_NO,TREE_LEVEL,SHEET_NO,PAGE_NO,PROPERTY_NO,IS_AUTO,IS_MANDATORY,SYSTEM_READONLY,FIELD_TYPE,FIELD_LENGTH,INPUT_ALPHABET,INPUT_MULTIBYTE,INPUT_NUMERIC,INPUT_SYMBOL,INPUT_UPPERCASE,RETRIEVAL_TABLE,FORMAT,DEFAULT_VALUE,MIN_VALUE,MAX_VALUE,CALENDAR_BUTTON,JUMP_BUTTON,OPEN_BUTTON,REF_TABLE_ID,REF_FIELD_NAME,SPECIAL_BUTTON) VALUES ('TBLID_BOPEMONI_INPUT_ADMIN','ACTION','ACTION','ACTION','STRING',1,'N','Y','N','Y',-1,-1,0,0,0,'N','N','N','STRING',0,'Y',0,'Y','Y','Y','NONE',NULL,NULL,NULL,NULL,'N','N',0,NULL,NULL,0);
INSERT INTO SM_FIELD_DEF (TABLE_ID,FIELD_NAME,JP_TITLE,US_TITLE,DB_TYPE,DB_LENGTH,IS_KEY,NOT_BLANK,IS_DUMMY,IS_SEARCH_ITEM,SORT_NO,TREE_LEVEL,SHEET_NO,PAGE_NO,PROPERTY_NO,IS_AUTO,IS_MANDATORY,SYSTEM_READONLY,FIELD_TYPE,FIELD_LENGTH,INPUT_ALPHABET,INPUT_MULTIBYTE,INPUT_NUMERIC,INPUT_SYMBOL,INPUT_UPPERCASE,RETRIEVAL_TABLE,FORMAT,DEFAULT_VALUE,MIN_VALUE,MAX_VALUE,CALENDAR_BUTTON,JUMP_BUTTON,OPEN_BUTTON,REF_TABLE_ID,REF_FIELD_NAME,SPECIAL_BUTTON) VALUES ('TBLID_BOPEMONI_INPUT_ADMIN','ACTION2','ACTION2','ACTION2','STRING',1,'N','Y','N','Y',-1,-1,0,0,0,'N','N','N','STRING',0,'Y',0,'Y','Y','Y','NONE',NULL,NULL,NULL,NULL,'N','N',0,NULL,NULL,0);
INSERT INTO SM_FIELD_DEF (TABLE_ID,FIELD_NAME,JP_TITLE,US_TITLE,DB_TYPE,DB_LENGTH,IS_KEY,NOT_BLANK,IS_DUMMY,IS_SEARCH_ITEM,SORT_NO,TREE_LEVEL,SHEET_NO,PAGE_NO,PROPERTY_NO,IS_AUTO,IS_MANDATORY,SYSTEM_READONLY,FIELD_TYPE,FIELD_LENGTH,INPUT_ALPHABET,INPUT_MULTIBYTE,INPUT_NUMERIC,INPUT_SYMBOL,INPUT_UPPERCASE,RETRIEVAL_TABLE,FORMAT,DEFAULT_VALUE,MIN_VALUE,MAX_VALUE,CALENDAR_BUTTON,JUMP_BUTTON,OPEN_BUTTON,REF_TABLE_ID,REF_FIELD_NAME,SPECIAL_BUTTON) VALUES ('TBLID_BOPEMONI_INPUT_ADMIN','ACTION3','ACTION3','ACTION3','STRING',1,'N','Y','N','Y',-1,-1,0,0,0,'N','N','N','STRING',0,'Y',0,'Y','Y','Y','NONE',NULL,NULL,NULL,NULL,'N','N',0,NULL,NULL,0);
INSERT INTO SM_FIELD_DEF (TABLE_ID,FIELD_NAME,JP_TITLE,US_TITLE,DB_TYPE,DB_LENGTH,IS_KEY,NOT_BLANK,IS_DUMMY,IS_SEARCH_ITEM,SORT_NO,TREE_LEVEL,SHEET_NO,PAGE_NO,PROPERTY_NO,IS_AUTO,IS_MANDATORY,SYSTEM_READONLY,FIELD_TYPE,FIELD_LENGTH,INPUT_ALPHABET,INPUT_MULTIBYTE,INPUT_NUMERIC,INPUT_SYMBOL,INPUT_UPPERCASE,RETRIEVAL_TABLE,FORMAT,DEFAULT_VALUE,MIN_VALUE,MAX_VALUE,CALENDAR_BUTTON,JUMP_BUTTON,OPEN_BUTTON,REF_TABLE_ID,REF_FIELD_NAME,SPECIAL_BUTTON) VALUES ('TBLID_BOPEMONI_INPUT_ADMIN','ACTION4','ACTION4','ACTION4','STRING',1,'N','Y','N','Y',-1,-1,0,0,0,'N','N','N','STRING',0,'Y',0,'Y','Y','Y','NONE',NULL,NULL,NULL,NULL,'N','N',0,NULL,NULL,0);
INSERT INTO SM_FIELD_DEF (TABLE_ID,FIELD_NAME,JP_TITLE,US_TITLE,DB_TYPE,DB_LENGTH,IS_KEY,NOT_BLANK,IS_DUMMY,IS_SEARCH_ITEM,SORT_NO,TREE_LEVEL,SHEET_NO,PAGE_NO,PROPERTY_NO,IS_AUTO,IS_MANDATORY,SYSTEM_READONLY,FIELD_TYPE,FIELD_LENGTH,INPUT_ALPHABET,INPUT_MULTIBYTE,INPUT_NUMERIC,INPUT_SYMBOL,INPUT_UPPERCASE,RETRIEVAL_TABLE,FORMAT,DEFAULT_VALUE,MIN_VALUE,MAX_VALUE,CALENDAR_BUTTON,JUMP_BUTTON,OPEN_BUTTON,REF_TABLE_ID,REF_FIELD_NAME,SPECIAL_BUTTON) VALUES ('TBLID_BOPEMONI_INPUT_ADMIN','ACTION5','ACTION5','ACTION5','STRING',1,'N','Y','N','Y',-1,-1,0,0,0,'N','N','N','STRING',0,'Y',0,'Y','Y','Y','NONE',NULL,NULL,NULL,NULL,'N','N',0,NULL,NULL,0);
INSERT INTO SM_CHECK_DEF (TABLE_ID,CHECK_TYPE,CHECK_ORDER,CHECK_KIND,FIELD_NAME,REF_TABLE,REF_FIELD,EXPECT_VALUE,ERR_MSG) VALUES ('TBLID_BOPEMONI_INPUT_ADMIN','SAVE',1,'STAT_E',NULL,NULL,NULL,NULL,NULL);
INSERT INTO SM_CHECK_DEF (TABLE_ID,CHECK_TYPE,CHECK_ORDER,CHECK_KIND,FIELD_NAME,REF_TABLE,REF_FIELD,EXPECT_VALUE,ERR_MSG) VALUES ('TBLID_BOPEMONI_INPUT_ADMIN','SAVE',2,'STRING','lock_user',NULL,NULL,'',NULL);
INSERT INTO SM_CHECK_DEF (TABLE_ID,CHECK_TYPE,CHECK_ORDER,CHECK_KIND,FIELD_NAME,REF_TABLE,REF_FIELD,EXPECT_VALUE,ERR_MSG) VALUES ('TBLID_BOPEMONI_INPUT_ADMIN','SAVE',3,'NULLCHK','lock_time',NULL,NULL,NULL,NULL);
INSERT INTO SM_CHECK_DEF (TABLE_ID,CHECK_TYPE,CHECK_ORDER,CHECK_KIND,FIELD_NAME,REF_TABLE,REF_FIELD,EXPECT_VALUE,ERR_MSG) VALUES ('TBLID_BOPEMONI_INPUT_ADMIN','RELEASE',1,'STAT_E',NULL,NULL,NULL,NULL,NULL);
INSERT INTO SM_CHECK_DEF (TABLE_ID,CHECK_TYPE,CHECK_ORDER,CHECK_KIND,FIELD_NAME,REF_TABLE,REF_FIELD,EXPECT_VALUE,ERR_MSG) VALUES ('TBLID_BOPEMONI_INPUT_ADMIN','RELEASE',2,'STRING','lock_user',NULL,NULL,'',NULL);
INSERT INTO SM_CHECK_DEF (TABLE_ID,CHECK_TYPE,CHECK_ORDER,CHECK_KIND,FIELD_NAME,REF_TABLE,REF_FIELD,EXPECT_VALUE,ERR_MSG) VALUES ('TBLID_BOPEMONI_INPUT_ADMIN','RELEASE',3,'NULLCHK','lock_time',NULL,NULL,NULL,NULL);
INSERT INTO SM_CHECK_DEF (TABLE_ID,CHECK_TYPE,CHECK_ORDER,CHECK_KIND,FIELD_NAME,REF_TABLE,REF_FIELD,EXPECT_VALUE,ERR_MSG) VALUES ('TBLID_BOPEMONI_INPUT_ADMIN','RELEASE',4,'RELEASE_PARAM','lot_cat','D1',NULL,NULL,NULL);
INSERT INTO SM_CHECK_DEF (TABLE_ID,CHECK_TYPE,CHECK_ORDER,CHECK_KIND,FIELD_NAME,REF_TABLE,REF_FIELD,EXPECT_VALUE,ERR_MSG) VALUES ('TBLID_BOPEMONI_INPUT_ADMIN','RELEASE',5,'RELEASE_PARAM','eqp_id','D10',NULL,NULL,NULL);
INSERT INTO SM_CHECK_DEF (TABLE_ID,CHECK_TYPE,CHECK_ORDER,CHECK_KIND,FIELD_NAME,REF_TABLE,REF_FIELD,EXPECT_VALUE,ERR_MSG) VALUES ('TBLID_BOPEMONI_INPUT_ADMIN','RELEASE',6,'RELEASE_PARAM','mon_prod_id','D20',NULL,NULL,NULL);
INSERT INTO SM_CHECK_DEF (TABLE_ID,CHECK_TYPE,CHECK_ORDER,CHECK_KIND,FIELD_NAME,REF_TABLE,REF_FIELD,EXPECT_VALUE,ERR_MSG) VALUES ('TBLID_BOPEMONI_INPUT_ADMIN','RELEASE',7,'RELEASE_PARAM','start_time','D5',NULL,NULL,NULL);
INSERT INTO SM_CHECK_DEF (TABLE_ID,CHECK_TYPE,CHECK_ORDER,CHECK_KIND,FIELD_NAME,REF_TABLE,REF_FIELD,EXPECT_VALUE,ERR_MSG) VALUES ('TBLID_BOPEMONI_INPUT_ADMIN','RELEASE',8,'RELEASE_WRITE','cycle','D0',NULL,NULL,NULL);
INSERT INTO SM_CHECK_DEF (TABLE_ID,CHECK_TYPE,CHECK_ORDER,CHECK_KIND,FIELD_NAME,REF_TABLE,REF_FIELD,EXPECT_VALUE,ERR_MSG) VALUES ('TBLID_BOPEMONI_INPUT_ADMIN','RELEASE',9,'RELEASE_WRITE','sublot_cnt','D0',NULL,NULL,NULL);
INSERT INTO SM_CHECK_DEF (TABLE_ID,CHECK_TYPE,CHECK_ORDER,CHECK_KIND,FIELD_NAME,REF_TABLE,REF_FIELD,EXPECT_VALUE,ERR_MSG) VALUES ('TBLID_BOPEMONI_INPUT_ADMIN','RELEASE',10,'RELEASE_WRITE','action','D0',NULL,NULL,NULL);
INSERT INTO SM_CHECK_DEF (TABLE_ID,CHECK_TYPE,CHECK_ORDER,CHECK_KIND,FIELD_NAME,REF_TABLE,REF_FIELD,EXPECT_VALUE,ERR_MSG) VALUES ('TBLID_BOPEMONI_INPUT_ADMIN','RELEASE',11,'RELEASE_WRITE','action2','D0',NULL,NULL,NULL);
INSERT INTO SM_CHECK_DEF (TABLE_ID,CHECK_TYPE,CHECK_ORDER,CHECK_KIND,FIELD_NAME,REF_TABLE,REF_FIELD,EXPECT_VALUE,ERR_MSG) VALUES ('TBLID_BOPEMONI_INPUT_ADMIN','RELEASE',12,'RELEASE_WRITE','action3','D0',NULL,NULL,NULL);
INSERT INTO SM_CHECK_DEF (TABLE_ID,CHECK_TYPE,CHECK_ORDER,CHECK_KIND,FIELD_NAME,REF_TABLE,REF_FIELD,EXPECT_VALUE,ERR_MSG) VALUES ('TBLID_BOPEMONI_INPUT_ADMIN','RELEASE',13,'RELEASE_WRITE','action4','D0',NULL,NULL,NULL);
INSERT INTO SM_CHECK_DEF (TABLE_ID,CHECK_TYPE,CHECK_ORDER,CHECK_KIND,FIELD_NAME,REF_TABLE,REF_FIELD,EXPECT_VALUE,ERR_MSG) VALUES ('TBLID_BOPEMONI_INPUT_ADMIN','RELEASE',14,'RELEASE_WRITE','action5','D0',NULL,NULL,NULL);
INSERT INTO SM_CHECK_DEF (TABLE_ID,CHECK_TYPE,CHECK_ORDER,CHECK_KIND,FIELD_NAME,REF_TABLE,REF_FIELD,EXPECT_VALUE,ERR_MSG) VALUES ('TBLID_BOPEMONI_INPUT_ADMIN','DELETE',1,'STAT_R',NULL,NULL,NULL,NULL,NULL);
INSERT INTO SM_CHECK_DEF (TABLE_ID,CHECK_TYPE,CHECK_ORDER,CHECK_KIND,FIELD_NAME,REF_TABLE,REF_FIELD,EXPECT_VALUE,ERR_MSG) VALUES ('TBLID_BOPEMONI_INPUT_ADMIN','DELETE',2,'STRING','lock_user',NULL,NULL,'',NULL);
INSERT INTO SM_CHECK_DEF (TABLE_ID,CHECK_TYPE,CHECK_ORDER,CHECK_KIND,FIELD_NAME,REF_TABLE,REF_FIELD,EXPECT_VALUE,ERR_MSG) VALUES ('TBLID_BOPEMONI_INPUT_ADMIN','DELETE',3,'NULLCHK','lock_time',NULL,NULL,NULL,NULL);
INSERT INTO SM_CHECK_DEF (TABLE_ID,CHECK_TYPE,CHECK_ORDER,CHECK_KIND,FIELD_NAME,REF_TABLE,REF_FIELD,EXPECT_VALUE,ERR_MSG) VALUES ('TBLID_BOPEMONI_INPUT_ADMIN','EDITCOMP',1,'STAT_E',NULL,NULL,NULL,NULL,NULL);
INSERT INTO SM_CHECK_DEF (TABLE_ID,CHECK_TYPE,CHECK_ORDER,CHECK_KIND,FIELD_NAME,REF_TABLE,REF_FIELD,EXPECT_VALUE,ERR_MSG) VALUES ('TBLID_BOPEMONI_INPUT_ADMIN','EDITCOMP',2,'COMP_N',NULL,NULL,NULL,NULL,'记录已编辑完成');

-- BPRE_TARGET_MS
INSERT INTO SM_TABLE_DEF (TABLE_ID, TABLE_NAME, JP_TITLE, US_TITLE, RELEASE_FLAG, DISTRIBUTE_FLAG, PERMISSION_TYPE, SCHEMA_TYPE, HAS_DUMMY, SORT_NO)
VALUES ('TBLID_BPRE_TARGET_MS', 'BPRE_TARGET_MS', 'BPRE_TARGET_MS', 'BPRE_TARGET_MS', 'Y', 'N', 'C', 'L', 'N', 500);
INSERT INTO SM_FIELD_DEF (TABLE_ID,FIELD_NAME,JP_TITLE,US_TITLE,DB_TYPE,DB_LENGTH,IS_KEY,NOT_BLANK,IS_DUMMY,IS_SEARCH_ITEM,SORT_NO,TREE_LEVEL,SHEET_NO,PAGE_NO,PROPERTY_NO,IS_AUTO,IS_MANDATORY,SYSTEM_READONLY,FIELD_TYPE,FIELD_LENGTH,INPUT_ALPHABET,INPUT_MULTIBYTE,INPUT_NUMERIC,INPUT_SYMBOL,INPUT_UPPERCASE,RETRIEVAL_TABLE,FORMAT,DEFAULT_VALUE,MIN_VALUE,MAX_VALUE,CALENDAR_BUTTON,JUMP_BUTTON,OPEN_BUTTON,REF_TABLE_ID,REF_FIELD_NAME,SPECIAL_BUTTON) VALUES ('TBLID_BPRE_TARGET_MS','PROD_ID','PROD_ID','PROD_ID','STRING',20,'N','Y','N','Y',-1,-1,0,0,0,'N','N','N','STRING',0,'Y',0,'Y','Y','Y','NONE',NULL,NULL,NULL,NULL,'N','N',0,NULL,NULL,0);
INSERT INTO SM_FIELD_DEF (TABLE_ID,FIELD_NAME,JP_TITLE,US_TITLE,DB_TYPE,DB_LENGTH,IS_KEY,NOT_BLANK,IS_DUMMY,IS_SEARCH_ITEM,SORT_NO,TREE_LEVEL,SHEET_NO,PAGE_NO,PROPERTY_NO,IS_AUTO,IS_MANDATORY,SYSTEM_READONLY,FIELD_TYPE,FIELD_LENGTH,INPUT_ALPHABET,INPUT_MULTIBYTE,INPUT_NUMERIC,INPUT_SYMBOL,INPUT_UPPERCASE,RETRIEVAL_TABLE,FORMAT,DEFAULT_VALUE,MIN_VALUE,MAX_VALUE,CALENDAR_BUTTON,JUMP_BUTTON,OPEN_BUTTON,REF_TABLE_ID,REF_FIELD_NAME,SPECIAL_BUTTON) VALUES ('TBLID_BPRE_TARGET_MS','MEAS_ID','MEAS_ID','MEAS_ID','STRING',13,'N','Y','N','Y',-1,-1,0,0,0,'N','N','N','STRING',0,'Y',0,'Y','Y','Y','NONE',NULL,NULL,NULL,NULL,'N','N',0,NULL,NULL,0);
INSERT INTO SM_FIELD_DEF (TABLE_ID,FIELD_NAME,JP_TITLE,US_TITLE,DB_TYPE,DB_LENGTH,IS_KEY,NOT_BLANK,IS_DUMMY,IS_SEARCH_ITEM,SORT_NO,TREE_LEVEL,SHEET_NO,PAGE_NO,PROPERTY_NO,IS_AUTO,IS_MANDATORY,SYSTEM_READONLY,FIELD_TYPE,FIELD_LENGTH,INPUT_ALPHABET,INPUT_MULTIBYTE,INPUT_NUMERIC,INPUT_SYMBOL,INPUT_UPPERCASE,RETRIEVAL_TABLE,FORMAT,DEFAULT_VALUE,MIN_VALUE,MAX_VALUE,CALENDAR_BUTTON,JUMP_BUTTON,OPEN_BUTTON,REF_TABLE_ID,REF_FIELD_NAME,SPECIAL_BUTTON) VALUES ('TBLID_BPRE_TARGET_MS','IL_PRE_CAT','IL_PRE_CAT','IL_PRE_CAT','STRING',12,'N','Y','N','Y',-1,-1,0,0,0,'N','N','N','STRING',0,'Y',0,'Y','Y','Y','NONE',NULL,NULL,NULL,NULL,'N','N',0,NULL,NULL,0);
INSERT INTO SM_CHECK_DEF (TABLE_ID,CHECK_TYPE,CHECK_ORDER,CHECK_KIND,FIELD_NAME,REF_TABLE,REF_FIELD,EXPECT_VALUE,ERR_MSG) VALUES ('TBLID_BPRE_TARGET_MS','SAVE',1,'STAT_E',NULL,NULL,NULL,NULL,NULL);
INSERT INTO SM_CHECK_DEF (TABLE_ID,CHECK_TYPE,CHECK_ORDER,CHECK_KIND,FIELD_NAME,REF_TABLE,REF_FIELD,EXPECT_VALUE,ERR_MSG) VALUES ('TBLID_BPRE_TARGET_MS','SAVE',2,'STRING','lock_user',NULL,NULL,'',NULL);
INSERT INTO SM_CHECK_DEF (TABLE_ID,CHECK_TYPE,CHECK_ORDER,CHECK_KIND,FIELD_NAME,REF_TABLE,REF_FIELD,EXPECT_VALUE,ERR_MSG) VALUES ('TBLID_BPRE_TARGET_MS','SAVE',3,'NULLCHK','lock_time',NULL,NULL,NULL,NULL);
INSERT INTO SM_CHECK_DEF (TABLE_ID,CHECK_TYPE,CHECK_ORDER,CHECK_KIND,FIELD_NAME,REF_TABLE,REF_FIELD,EXPECT_VALUE,ERR_MSG) VALUES ('TBLID_BPRE_TARGET_MS','RELEASE',1,'STAT_E',NULL,NULL,NULL,NULL,NULL);
INSERT INTO SM_CHECK_DEF (TABLE_ID,CHECK_TYPE,CHECK_ORDER,CHECK_KIND,FIELD_NAME,REF_TABLE,REF_FIELD,EXPECT_VALUE,ERR_MSG) VALUES ('TBLID_BPRE_TARGET_MS','RELEASE',2,'STRING','lock_user',NULL,NULL,'',NULL);
INSERT INTO SM_CHECK_DEF (TABLE_ID,CHECK_TYPE,CHECK_ORDER,CHECK_KIND,FIELD_NAME,REF_TABLE,REF_FIELD,EXPECT_VALUE,ERR_MSG) VALUES ('TBLID_BPRE_TARGET_MS','RELEASE',3,'NULLCHK','lock_time',NULL,NULL,NULL,NULL);
INSERT INTO SM_CHECK_DEF (TABLE_ID,CHECK_TYPE,CHECK_ORDER,CHECK_KIND,FIELD_NAME,REF_TABLE,REF_FIELD,EXPECT_VALUE,ERR_MSG) VALUES ('TBLID_BPRE_TARGET_MS','RELEASE',4,'RELEASE_PARAM','prod_id','D20',NULL,NULL,NULL);
INSERT INTO SM_CHECK_DEF (TABLE_ID,CHECK_TYPE,CHECK_ORDER,CHECK_KIND,FIELD_NAME,REF_TABLE,REF_FIELD,EXPECT_VALUE,ERR_MSG) VALUES ('TBLID_BPRE_TARGET_MS','RELEASE',5,'RELEASE_PARAM','meas_id','D13',NULL,NULL,NULL);
INSERT INTO SM_CHECK_DEF (TABLE_ID,CHECK_TYPE,CHECK_ORDER,CHECK_KIND,FIELD_NAME,REF_TABLE,REF_FIELD,EXPECT_VALUE,ERR_MSG) VALUES ('TBLID_BPRE_TARGET_MS','RELEASE',6,'RELEASE_WRITE','il_pre_cat','D0',NULL,NULL,NULL);
INSERT INTO SM_CHECK_DEF (TABLE_ID,CHECK_TYPE,CHECK_ORDER,CHECK_KIND,FIELD_NAME,REF_TABLE,REF_FIELD,EXPECT_VALUE,ERR_MSG) VALUES ('TBLID_BPRE_TARGET_MS','DELETE',1,'STAT_R',NULL,NULL,NULL,NULL,NULL);
INSERT INTO SM_CHECK_DEF (TABLE_ID,CHECK_TYPE,CHECK_ORDER,CHECK_KIND,FIELD_NAME,REF_TABLE,REF_FIELD,EXPECT_VALUE,ERR_MSG) VALUES ('TBLID_BPRE_TARGET_MS','DELETE',2,'STRING','lock_user',NULL,NULL,'',NULL);
INSERT INTO SM_CHECK_DEF (TABLE_ID,CHECK_TYPE,CHECK_ORDER,CHECK_KIND,FIELD_NAME,REF_TABLE,REF_FIELD,EXPECT_VALUE,ERR_MSG) VALUES ('TBLID_BPRE_TARGET_MS','DELETE',3,'NULLCHK','lock_time',NULL,NULL,NULL,NULL);
INSERT INTO SM_CHECK_DEF (TABLE_ID,CHECK_TYPE,CHECK_ORDER,CHECK_KIND,FIELD_NAME,REF_TABLE,REF_FIELD,EXPECT_VALUE,ERR_MSG) VALUES ('TBLID_BPRE_TARGET_MS','EDITCOMP',1,'STAT_E',NULL,NULL,NULL,NULL,NULL);
INSERT INTO SM_CHECK_DEF (TABLE_ID,CHECK_TYPE,CHECK_ORDER,CHECK_KIND,FIELD_NAME,REF_TABLE,REF_FIELD,EXPECT_VALUE,ERR_MSG) VALUES ('TBLID_BPRE_TARGET_MS','EDITCOMP',2,'COMP_N',NULL,NULL,NULL,NULL,'记录已编辑完成');

-- BPRINT_TYPE
INSERT INTO SM_TABLE_DEF (TABLE_ID, TABLE_NAME, JP_TITLE, US_TITLE, RELEASE_FLAG, DISTRIBUTE_FLAG, PERMISSION_TYPE, SCHEMA_TYPE, HAS_DUMMY, SORT_NO)
VALUES ('TBLID_BPRINT_TYPE', 'BPRINT_TYPE', 'BPRINT_TYPE', 'BPRINT_TYPE', 'Y', 'N', 'C', 'L', 'Y', 510);
INSERT INTO SM_FIELD_DEF (TABLE_ID,FIELD_NAME,JP_TITLE,US_TITLE,DB_TYPE,DB_LENGTH,IS_KEY,NOT_BLANK,IS_DUMMY,IS_SEARCH_ITEM,SORT_NO,TREE_LEVEL,SHEET_NO,PAGE_NO,PROPERTY_NO,IS_AUTO,IS_MANDATORY,SYSTEM_READONLY,FIELD_TYPE,FIELD_LENGTH,INPUT_ALPHABET,INPUT_MULTIBYTE,INPUT_NUMERIC,INPUT_SYMBOL,INPUT_UPPERCASE,RETRIEVAL_TABLE,FORMAT,DEFAULT_VALUE,MIN_VALUE,MAX_VALUE,CALENDAR_BUTTON,JUMP_BUTTON,OPEN_BUTTON,REF_TABLE_ID,REF_FIELD_NAME,SPECIAL_BUTTON) VALUES ('TBLID_BPRINT_TYPE','LABEL_PRINT_ID','LABEL_PRINT_ID','LABEL_PRINT_ID','STRING',30,'N','Y','N','Y',-1,-1,0,0,0,'N','N','N','STRING',0,'Y',0,'Y','Y','Y','NONE',NULL,NULL,NULL,NULL,'N','N',0,NULL,NULL,0);
INSERT INTO SM_FIELD_DEF (TABLE_ID,FIELD_NAME,JP_TITLE,US_TITLE,DB_TYPE,DB_LENGTH,IS_KEY,NOT_BLANK,IS_DUMMY,IS_SEARCH_ITEM,SORT_NO,TREE_LEVEL,SHEET_NO,PAGE_NO,PROPERTY_NO,IS_AUTO,IS_MANDATORY,SYSTEM_READONLY,FIELD_TYPE,FIELD_LENGTH,INPUT_ALPHABET,INPUT_MULTIBYTE,INPUT_NUMERIC,INPUT_SYMBOL,INPUT_UPPERCASE,RETRIEVAL_TABLE,FORMAT,DEFAULT_VALUE,MIN_VALUE,MAX_VALUE,CALENDAR_BUTTON,JUMP_BUTTON,OPEN_BUTTON,REF_TABLE_ID,REF_FIELD_NAME,SPECIAL_BUTTON) VALUES ('TBLID_BPRINT_TYPE','FAB_ID','FAB_ID','FAB_ID','STRING',10,'N','Y','N','Y',-1,-1,0,0,0,'N','N','N','STRING',0,'Y',0,'Y','Y','Y','NONE',NULL,NULL,NULL,NULL,'N','N',0,NULL,NULL,0);
INSERT INTO SM_FIELD_DEF (TABLE_ID,FIELD_NAME,JP_TITLE,US_TITLE,DB_TYPE,DB_LENGTH,IS_KEY,NOT_BLANK,IS_DUMMY,IS_SEARCH_ITEM,SORT_NO,TREE_LEVEL,SHEET_NO,PAGE_NO,PROPERTY_NO,IS_AUTO,IS_MANDATORY,SYSTEM_READONLY,FIELD_TYPE,FIELD_LENGTH,INPUT_ALPHABET,INPUT_MULTIBYTE,INPUT_NUMERIC,INPUT_SYMBOL,INPUT_UPPERCASE,RETRIEVAL_TABLE,FORMAT,DEFAULT_VALUE,MIN_VALUE,MAX_VALUE,CALENDAR_BUTTON,JUMP_BUTTON,OPEN_BUTTON,REF_TABLE_ID,REF_FIELD_NAME,SPECIAL_BUTTON) VALUES ('TBLID_BPRINT_TYPE','LABEL_TYPE','LABEL_TYPE','LABEL_TYPE','STRING',30,'N','Y','N','Y',-1,-1,0,0,0,'N','N','N','STRING',0,'Y',0,'Y','Y','Y','NONE',NULL,NULL,NULL,NULL,'N','N',0,NULL,NULL,0);
INSERT INTO SM_CHECK_DEF (TABLE_ID,CHECK_TYPE,CHECK_ORDER,CHECK_KIND,FIELD_NAME,REF_TABLE,REF_FIELD,EXPECT_VALUE,ERR_MSG) VALUES ('TBLID_BPRINT_TYPE','SAVE',1,'STAT_E',NULL,NULL,NULL,NULL,NULL);
INSERT INTO SM_CHECK_DEF (TABLE_ID,CHECK_TYPE,CHECK_ORDER,CHECK_KIND,FIELD_NAME,REF_TABLE,REF_FIELD,EXPECT_VALUE,ERR_MSG) VALUES ('TBLID_BPRINT_TYPE','SAVE',2,'STRING','lock_user',NULL,NULL,'',NULL);
INSERT INTO SM_CHECK_DEF (TABLE_ID,CHECK_TYPE,CHECK_ORDER,CHECK_KIND,FIELD_NAME,REF_TABLE,REF_FIELD,EXPECT_VALUE,ERR_MSG) VALUES ('TBLID_BPRINT_TYPE','SAVE',3,'NULLCHK','lock_time',NULL,NULL,NULL,NULL);
INSERT INTO SM_CHECK_DEF (TABLE_ID,CHECK_TYPE,CHECK_ORDER,CHECK_KIND,FIELD_NAME,REF_TABLE,REF_FIELD,EXPECT_VALUE,ERR_MSG) VALUES ('TBLID_BPRINT_TYPE','RELEASE',1,'STAT_E',NULL,NULL,NULL,NULL,NULL);
INSERT INTO SM_CHECK_DEF (TABLE_ID,CHECK_TYPE,CHECK_ORDER,CHECK_KIND,FIELD_NAME,REF_TABLE,REF_FIELD,EXPECT_VALUE,ERR_MSG) VALUES ('TBLID_BPRINT_TYPE','RELEASE',2,'STRING','lock_user',NULL,NULL,'',NULL);
INSERT INTO SM_CHECK_DEF (TABLE_ID,CHECK_TYPE,CHECK_ORDER,CHECK_KIND,FIELD_NAME,REF_TABLE,REF_FIELD,EXPECT_VALUE,ERR_MSG) VALUES ('TBLID_BPRINT_TYPE','RELEASE',3,'NULLCHK','lock_time',NULL,NULL,NULL,NULL);
INSERT INTO SM_CHECK_DEF (TABLE_ID,CHECK_TYPE,CHECK_ORDER,CHECK_KIND,FIELD_NAME,REF_TABLE,REF_FIELD,EXPECT_VALUE,ERR_MSG) VALUES ('TBLID_BPRINT_TYPE','RELEASE',4,'RELEASE_PARAM','label_print_id','D30',NULL,NULL,NULL);
INSERT INTO SM_CHECK_DEF (TABLE_ID,CHECK_TYPE,CHECK_ORDER,CHECK_KIND,FIELD_NAME,REF_TABLE,REF_FIELD,EXPECT_VALUE,ERR_MSG) VALUES ('TBLID_BPRINT_TYPE','RELEASE',5,'RELEASE_PARAM','fab_id','D10',NULL,NULL,NULL);
INSERT INTO SM_CHECK_DEF (TABLE_ID,CHECK_TYPE,CHECK_ORDER,CHECK_KIND,FIELD_NAME,REF_TABLE,REF_FIELD,EXPECT_VALUE,ERR_MSG) VALUES ('TBLID_BPRINT_TYPE','RELEASE',6,'RELEASE_PARAM','label_type','D30',NULL,NULL,NULL);
INSERT INTO SM_CHECK_DEF (TABLE_ID,CHECK_TYPE,CHECK_ORDER,CHECK_KIND,FIELD_NAME,REF_TABLE,REF_FIELD,EXPECT_VALUE,ERR_MSG) VALUES ('TBLID_BPRINT_TYPE','DELETE',1,'STAT_R',NULL,NULL,NULL,NULL,NULL);
INSERT INTO SM_CHECK_DEF (TABLE_ID,CHECK_TYPE,CHECK_ORDER,CHECK_KIND,FIELD_NAME,REF_TABLE,REF_FIELD,EXPECT_VALUE,ERR_MSG) VALUES ('TBLID_BPRINT_TYPE','DELETE',2,'STRING','lock_user',NULL,NULL,'',NULL);
INSERT INTO SM_CHECK_DEF (TABLE_ID,CHECK_TYPE,CHECK_ORDER,CHECK_KIND,FIELD_NAME,REF_TABLE,REF_FIELD,EXPECT_VALUE,ERR_MSG) VALUES ('TBLID_BPRINT_TYPE','DELETE',3,'NULLCHK','lock_time',NULL,NULL,NULL,NULL);
INSERT INTO SM_CHECK_DEF (TABLE_ID,CHECK_TYPE,CHECK_ORDER,CHECK_KIND,FIELD_NAME,REF_TABLE,REF_FIELD,EXPECT_VALUE,ERR_MSG) VALUES ('TBLID_BPRINT_TYPE','DELETE',4,'STRING','label_print_id',NULL,NULL,'',NULL);
INSERT INTO SM_CHECK_DEF (TABLE_ID,CHECK_TYPE,CHECK_ORDER,CHECK_KIND,FIELD_NAME,REF_TABLE,REF_FIELD,EXPECT_VALUE,ERR_MSG) VALUES ('TBLID_BPRINT_TYPE','DELETE',5,'STRING','label_type',NULL,NULL,'',NULL);
INSERT INTO SM_CHECK_DEF (TABLE_ID,CHECK_TYPE,CHECK_ORDER,CHECK_KIND,FIELD_NAME,REF_TABLE,REF_FIELD,EXPECT_VALUE,ERR_MSG) VALUES ('TBLID_BPRINT_TYPE','DELETE',6,'STRING','label_print_id',NULL,NULL,'',NULL);
INSERT INTO SM_CHECK_DEF (TABLE_ID,CHECK_TYPE,CHECK_ORDER,CHECK_KIND,FIELD_NAME,REF_TABLE,REF_FIELD,EXPECT_VALUE,ERR_MSG) VALUES ('TBLID_BPRINT_TYPE','DELETE',7,'STRING','label_type',NULL,NULL,'',NULL);
INSERT INTO SM_CHECK_DEF (TABLE_ID,CHECK_TYPE,CHECK_ORDER,CHECK_KIND,FIELD_NAME,REF_TABLE,REF_FIELD,EXPECT_VALUE,ERR_MSG) VALUES ('TBLID_BPRINT_TYPE','DELETE',8,'STRING','label_print_id',NULL,NULL,'',NULL);
INSERT INTO SM_CHECK_DEF (TABLE_ID,CHECK_TYPE,CHECK_ORDER,CHECK_KIND,FIELD_NAME,REF_TABLE,REF_FIELD,EXPECT_VALUE,ERR_MSG) VALUES ('TBLID_BPRINT_TYPE','DELETE',9,'STRING','label_type',NULL,NULL,'',NULL);
INSERT INTO SM_CHECK_DEF (TABLE_ID,CHECK_TYPE,CHECK_ORDER,CHECK_KIND,FIELD_NAME,REF_TABLE,REF_FIELD,EXPECT_VALUE,ERR_MSG) VALUES ('TBLID_BPRINT_TYPE','DELETE',10,'KEY','label_print_id','0','',NULL,NULL);
INSERT INTO SM_CHECK_DEF (TABLE_ID,CHECK_TYPE,CHECK_ORDER,CHECK_KIND,FIELD_NAME,REF_TABLE,REF_FIELD,EXPECT_VALUE,ERR_MSG) VALUES ('TBLID_BPRINT_TYPE','DELETE',11,'STAT_R',NULL,NULL,NULL,NULL,NULL);
INSERT INTO SM_CHECK_DEF (TABLE_ID,CHECK_TYPE,CHECK_ORDER,CHECK_KIND,FIELD_NAME,REF_TABLE,REF_FIELD,EXPECT_VALUE,ERR_MSG) VALUES ('TBLID_BPRINT_TYPE','EDITCOMP',1,'STAT_E',NULL,NULL,NULL,NULL,NULL);
INSERT INTO SM_CHECK_DEF (TABLE_ID,CHECK_TYPE,CHECK_ORDER,CHECK_KIND,FIELD_NAME,REF_TABLE,REF_FIELD,EXPECT_VALUE,ERR_MSG) VALUES ('TBLID_BPRINT_TYPE','EDITCOMP',2,'COMP_N',NULL,NULL,NULL,NULL,'记录已编辑完成');

-- BPROCDATA_ID
INSERT INTO SM_TABLE_DEF (TABLE_ID, TABLE_NAME, JP_TITLE, US_TITLE, RELEASE_FLAG, DISTRIBUTE_FLAG, PERMISSION_TYPE, SCHEMA_TYPE, HAS_DUMMY, SORT_NO)
VALUES ('TBLID_BPROCDATA_ID', 'BPROCDATA_ID', 'BPROCDATA_ID', 'BPROCDATA_ID', 'Y', 'N', 'C', 'L', 'Y', 520);
INSERT INTO SM_FIELD_DEF (TABLE_ID,FIELD_NAME,JP_TITLE,US_TITLE,DB_TYPE,DB_LENGTH,IS_KEY,NOT_BLANK,IS_DUMMY,IS_SEARCH_ITEM,SORT_NO,TREE_LEVEL,SHEET_NO,PAGE_NO,PROPERTY_NO,IS_AUTO,IS_MANDATORY,SYSTEM_READONLY,FIELD_TYPE,FIELD_LENGTH,INPUT_ALPHABET,INPUT_MULTIBYTE,INPUT_NUMERIC,INPUT_SYMBOL,INPUT_UPPERCASE,RETRIEVAL_TABLE,FORMAT,DEFAULT_VALUE,MIN_VALUE,MAX_VALUE,CALENDAR_BUTTON,JUMP_BUTTON,OPEN_BUTTON,REF_TABLE_ID,REF_FIELD_NAME,SPECIAL_BUTTON) VALUES ('TBLID_BPROCDATA_ID','PROCDATA_ID','PROCDATA_ID','PROCDATA_ID','STRING',13,'N','Y','N','Y',-1,-1,0,0,0,'N','N','N','STRING',0,'Y',0,'Y','Y','Y','NONE',NULL,NULL,NULL,NULL,'N','N',0,NULL,NULL,0);
INSERT INTO SM_FIELD_DEF (TABLE_ID,FIELD_NAME,JP_TITLE,US_TITLE,DB_TYPE,DB_LENGTH,IS_KEY,NOT_BLANK,IS_DUMMY,IS_SEARCH_ITEM,SORT_NO,TREE_LEVEL,SHEET_NO,PAGE_NO,PROPERTY_NO,IS_AUTO,IS_MANDATORY,SYSTEM_READONLY,FIELD_TYPE,FIELD_LENGTH,INPUT_ALPHABET,INPUT_MULTIBYTE,INPUT_NUMERIC,INPUT_SYMBOL,INPUT_UPPERCASE,RETRIEVAL_TABLE,FORMAT,DEFAULT_VALUE,MIN_VALUE,MAX_VALUE,CALENDAR_BUTTON,JUMP_BUTTON,OPEN_BUTTON,REF_TABLE_ID,REF_FIELD_NAME,SPECIAL_BUTTON) VALUES ('TBLID_BPROCDATA_ID','PROCDATA_ID_NAME','PROCDATA_ID_NAME','PROCDATA_ID_NAME','STRING',40,'N','Y','N','Y',-1,-1,0,0,0,'N','N','N','STRING',0,'Y',0,'Y','Y','Y','NONE',NULL,NULL,NULL,NULL,'N','N',0,NULL,NULL,0);
INSERT INTO SM_FIELD_DEF (TABLE_ID,FIELD_NAME,JP_TITLE,US_TITLE,DB_TYPE,DB_LENGTH,IS_KEY,NOT_BLANK,IS_DUMMY,IS_SEARCH_ITEM,SORT_NO,TREE_LEVEL,SHEET_NO,PAGE_NO,PROPERTY_NO,IS_AUTO,IS_MANDATORY,SYSTEM_READONLY,FIELD_TYPE,FIELD_LENGTH,INPUT_ALPHABET,INPUT_MULTIBYTE,INPUT_NUMERIC,INPUT_SYMBOL,INPUT_UPPERCASE,RETRIEVAL_TABLE,FORMAT,DEFAULT_VALUE,MIN_VALUE,MAX_VALUE,CALENDAR_BUTTON,JUMP_BUTTON,OPEN_BUTTON,REF_TABLE_ID,REF_FIELD_NAME,SPECIAL_BUTTON) VALUES ('TBLID_BPROCDATA_ID','PROCDATA_ID_DESC','PROCDATA_ID_DESC','PROCDATA_ID_DESC','STRING',80,'N','Y','N','Y',-1,-1,0,0,0,'N','N','N','STRING',0,'Y',0,'Y','Y','Y','NONE',NULL,NULL,NULL,NULL,'N','N',0,NULL,NULL,0);
INSERT INTO SM_CHECK_DEF (TABLE_ID,CHECK_TYPE,CHECK_ORDER,CHECK_KIND,FIELD_NAME,REF_TABLE,REF_FIELD,EXPECT_VALUE,ERR_MSG) VALUES ('TBLID_BPROCDATA_ID','SAVE',1,'STAT_E',NULL,NULL,NULL,NULL,NULL);
INSERT INTO SM_CHECK_DEF (TABLE_ID,CHECK_TYPE,CHECK_ORDER,CHECK_KIND,FIELD_NAME,REF_TABLE,REF_FIELD,EXPECT_VALUE,ERR_MSG) VALUES ('TBLID_BPROCDATA_ID','SAVE',2,'STRING','lock_user',NULL,NULL,'',NULL);
INSERT INTO SM_CHECK_DEF (TABLE_ID,CHECK_TYPE,CHECK_ORDER,CHECK_KIND,FIELD_NAME,REF_TABLE,REF_FIELD,EXPECT_VALUE,ERR_MSG) VALUES ('TBLID_BPROCDATA_ID','SAVE',3,'NULLCHK','lock_time',NULL,NULL,NULL,NULL);
INSERT INTO SM_CHECK_DEF (TABLE_ID,CHECK_TYPE,CHECK_ORDER,CHECK_KIND,FIELD_NAME,REF_TABLE,REF_FIELD,EXPECT_VALUE,ERR_MSG) VALUES ('TBLID_BPROCDATA_ID','RELEASE',1,'STAT_E',NULL,NULL,NULL,NULL,NULL);
INSERT INTO SM_CHECK_DEF (TABLE_ID,CHECK_TYPE,CHECK_ORDER,CHECK_KIND,FIELD_NAME,REF_TABLE,REF_FIELD,EXPECT_VALUE,ERR_MSG) VALUES ('TBLID_BPROCDATA_ID','RELEASE',2,'STRING','lock_user',NULL,NULL,'',NULL);
INSERT INTO SM_CHECK_DEF (TABLE_ID,CHECK_TYPE,CHECK_ORDER,CHECK_KIND,FIELD_NAME,REF_TABLE,REF_FIELD,EXPECT_VALUE,ERR_MSG) VALUES ('TBLID_BPROCDATA_ID','RELEASE',3,'NULLCHK','lock_time',NULL,NULL,NULL,NULL);
INSERT INTO SM_CHECK_DEF (TABLE_ID,CHECK_TYPE,CHECK_ORDER,CHECK_KIND,FIELD_NAME,REF_TABLE,REF_FIELD,EXPECT_VALUE,ERR_MSG) VALUES ('TBLID_BPROCDATA_ID','RELEASE',4,'RELEASE_PARAM','procdata_id','D13',NULL,NULL,NULL);
INSERT INTO SM_CHECK_DEF (TABLE_ID,CHECK_TYPE,CHECK_ORDER,CHECK_KIND,FIELD_NAME,REF_TABLE,REF_FIELD,EXPECT_VALUE,ERR_MSG) VALUES ('TBLID_BPROCDATA_ID','RELEASE',5,'RELEASE_WRITE','procdata_id_name','D0',NULL,NULL,NULL);
INSERT INTO SM_CHECK_DEF (TABLE_ID,CHECK_TYPE,CHECK_ORDER,CHECK_KIND,FIELD_NAME,REF_TABLE,REF_FIELD,EXPECT_VALUE,ERR_MSG) VALUES ('TBLID_BPROCDATA_ID','RELEASE',6,'RELEASE_WRITE','procdata_id_desc','D0',NULL,NULL,NULL);
INSERT INTO SM_CHECK_DEF (TABLE_ID,CHECK_TYPE,CHECK_ORDER,CHECK_KIND,FIELD_NAME,REF_TABLE,REF_FIELD,EXPECT_VALUE,ERR_MSG) VALUES ('TBLID_BPROCDATA_ID','DELETE',1,'STAT_R',NULL,NULL,NULL,NULL,NULL);
INSERT INTO SM_CHECK_DEF (TABLE_ID,CHECK_TYPE,CHECK_ORDER,CHECK_KIND,FIELD_NAME,REF_TABLE,REF_FIELD,EXPECT_VALUE,ERR_MSG) VALUES ('TBLID_BPROCDATA_ID','DELETE',2,'STRING','lock_user',NULL,NULL,'',NULL);
INSERT INTO SM_CHECK_DEF (TABLE_ID,CHECK_TYPE,CHECK_ORDER,CHECK_KIND,FIELD_NAME,REF_TABLE,REF_FIELD,EXPECT_VALUE,ERR_MSG) VALUES ('TBLID_BPROCDATA_ID','DELETE',3,'NULLCHK','lock_time',NULL,NULL,NULL,NULL);
INSERT INTO SM_CHECK_DEF (TABLE_ID,CHECK_TYPE,CHECK_ORDER,CHECK_KIND,FIELD_NAME,REF_TABLE,REF_FIELD,EXPECT_VALUE,ERR_MSG) VALUES ('TBLID_BPROCDATA_ID','DELETE',4,'KEY','procdata_id','0','',NULL,NULL);
INSERT INTO SM_CHECK_DEF (TABLE_ID,CHECK_TYPE,CHECK_ORDER,CHECK_KIND,FIELD_NAME,REF_TABLE,REF_FIELD,EXPECT_VALUE,ERR_MSG) VALUES ('TBLID_BPROCDATA_ID','DELETE',5,'STAT_R',NULL,NULL,NULL,NULL,NULL);
INSERT INTO SM_CHECK_DEF (TABLE_ID,CHECK_TYPE,CHECK_ORDER,CHECK_KIND,FIELD_NAME,REF_TABLE,REF_FIELD,EXPECT_VALUE,ERR_MSG) VALUES ('TBLID_BPROCDATA_ID','DELETE',6,'KEY','procdata_id','0','',NULL,NULL);
INSERT INTO SM_CHECK_DEF (TABLE_ID,CHECK_TYPE,CHECK_ORDER,CHECK_KIND,FIELD_NAME,REF_TABLE,REF_FIELD,EXPECT_VALUE,ERR_MSG) VALUES ('TBLID_BPROCDATA_ID','DELETE',7,'STAT_R',NULL,NULL,NULL,NULL,NULL);
INSERT INTO SM_CHECK_DEF (TABLE_ID,CHECK_TYPE,CHECK_ORDER,CHECK_KIND,FIELD_NAME,REF_TABLE,REF_FIELD,EXPECT_VALUE,ERR_MSG) VALUES ('TBLID_BPROCDATA_ID','EDITCOMP',1,'STAT_E',NULL,NULL,NULL,NULL,NULL);
INSERT INTO SM_CHECK_DEF (TABLE_ID,CHECK_TYPE,CHECK_ORDER,CHECK_KIND,FIELD_NAME,REF_TABLE,REF_FIELD,EXPECT_VALUE,ERR_MSG) VALUES ('TBLID_BPROCDATA_ID','EDITCOMP',2,'COMP_N',NULL,NULL,NULL,NULL,'记录已编辑完成');

-- BPROCDATA_ID_ITEM
INSERT INTO SM_TABLE_DEF (TABLE_ID, TABLE_NAME, JP_TITLE, US_TITLE, RELEASE_FLAG, DISTRIBUTE_FLAG, PERMISSION_TYPE, SCHEMA_TYPE, HAS_DUMMY, SORT_NO)
VALUES ('TBLID_BPROCDATA_ID_ITEM', 'BPROCDATA_ID_ITEM', 'BPROCDATA_ID_ITEM', 'BPROCDATA_ID_ITEM', 'Y', 'N', 'C', 'L', 'N', 530);
INSERT INTO SM_FIELD_DEF (TABLE_ID,FIELD_NAME,JP_TITLE,US_TITLE,DB_TYPE,DB_LENGTH,IS_KEY,NOT_BLANK,IS_DUMMY,IS_SEARCH_ITEM,SORT_NO,TREE_LEVEL,SHEET_NO,PAGE_NO,PROPERTY_NO,IS_AUTO,IS_MANDATORY,SYSTEM_READONLY,FIELD_TYPE,FIELD_LENGTH,INPUT_ALPHABET,INPUT_MULTIBYTE,INPUT_NUMERIC,INPUT_SYMBOL,INPUT_UPPERCASE,RETRIEVAL_TABLE,FORMAT,DEFAULT_VALUE,MIN_VALUE,MAX_VALUE,CALENDAR_BUTTON,JUMP_BUTTON,OPEN_BUTTON,REF_TABLE_ID,REF_FIELD_NAME,SPECIAL_BUTTON) VALUES ('TBLID_BPROCDATA_ID_ITEM','PROCDATA_ID','PROCDATA_ID','PROCDATA_ID','STRING',13,'N','Y','N','Y',-1,-1,0,0,0,'N','N','N','STRING',0,'Y',0,'Y','Y','Y','NONE',NULL,NULL,NULL,NULL,'N','N',0,NULL,NULL,0);
INSERT INTO SM_FIELD_DEF (TABLE_ID,FIELD_NAME,JP_TITLE,US_TITLE,DB_TYPE,DB_LENGTH,IS_KEY,NOT_BLANK,IS_DUMMY,IS_SEARCH_ITEM,SORT_NO,TREE_LEVEL,SHEET_NO,PAGE_NO,PROPERTY_NO,IS_AUTO,IS_MANDATORY,SYSTEM_READONLY,FIELD_TYPE,FIELD_LENGTH,INPUT_ALPHABET,INPUT_MULTIBYTE,INPUT_NUMERIC,INPUT_SYMBOL,INPUT_UPPERCASE,RETRIEVAL_TABLE,FORMAT,DEFAULT_VALUE,MIN_VALUE,MAX_VALUE,CALENDAR_BUTTON,JUMP_BUTTON,OPEN_BUTTON,REF_TABLE_ID,REF_FIELD_NAME,SPECIAL_BUTTON) VALUES ('TBLID_BPROCDATA_ID_ITEM','PROCDATA_ITEM','PROCDATA_ITEM','PROCDATA_ITEM','STRING',10,'N','Y','N','Y',-1,-1,0,0,0,'N','N','N','STRING',0,'Y',0,'Y','Y','Y','NONE',NULL,NULL,NULL,NULL,'N','N',0,NULL,NULL,0);
INSERT INTO SM_FIELD_DEF (TABLE_ID,FIELD_NAME,JP_TITLE,US_TITLE,DB_TYPE,DB_LENGTH,IS_KEY,NOT_BLANK,IS_DUMMY,IS_SEARCH_ITEM,SORT_NO,TREE_LEVEL,SHEET_NO,PAGE_NO,PROPERTY_NO,IS_AUTO,IS_MANDATORY,SYSTEM_READONLY,FIELD_TYPE,FIELD_LENGTH,INPUT_ALPHABET,INPUT_MULTIBYTE,INPUT_NUMERIC,INPUT_SYMBOL,INPUT_UPPERCASE,RETRIEVAL_TABLE,FORMAT,DEFAULT_VALUE,MIN_VALUE,MAX_VALUE,CALENDAR_BUTTON,JUMP_BUTTON,OPEN_BUTTON,REF_TABLE_ID,REF_FIELD_NAME,SPECIAL_BUTTON) VALUES ('TBLID_BPROCDATA_ID_ITEM','ITEM_SEQ_NO','ITEM_SEQ_NO','ITEM_SEQ_NO','STRING',0,'N','Y','N','Y',-1,-1,0,0,0,'N','N','N','STRING',0,'Y',0,'Y','Y','Y','NONE',NULL,NULL,NULL,NULL,'N','N',0,NULL,NULL,0);
INSERT INTO SM_FIELD_DEF (TABLE_ID,FIELD_NAME,JP_TITLE,US_TITLE,DB_TYPE,DB_LENGTH,IS_KEY,NOT_BLANK,IS_DUMMY,IS_SEARCH_ITEM,SORT_NO,TREE_LEVEL,SHEET_NO,PAGE_NO,PROPERTY_NO,IS_AUTO,IS_MANDATORY,SYSTEM_READONLY,FIELD_TYPE,FIELD_LENGTH,INPUT_ALPHABET,INPUT_MULTIBYTE,INPUT_NUMERIC,INPUT_SYMBOL,INPUT_UPPERCASE,RETRIEVAL_TABLE,FORMAT,DEFAULT_VALUE,MIN_VALUE,MAX_VALUE,CALENDAR_BUTTON,JUMP_BUTTON,OPEN_BUTTON,REF_TABLE_ID,REF_FIELD_NAME,SPECIAL_BUTTON) VALUES ('TBLID_BPROCDATA_ID_ITEM','PROC_UNIT','PROC_UNIT','PROC_UNIT','STRING',1,'N','Y','N','Y',-1,-1,0,0,0,'N','N','N','STRING',0,'Y',0,'Y','Y','Y','NONE',NULL,NULL,NULL,NULL,'N','N',0,NULL,NULL,0);
INSERT INTO SM_FIELD_DEF (TABLE_ID,FIELD_NAME,JP_TITLE,US_TITLE,DB_TYPE,DB_LENGTH,IS_KEY,NOT_BLANK,IS_DUMMY,IS_SEARCH_ITEM,SORT_NO,TREE_LEVEL,SHEET_NO,PAGE_NO,PROPERTY_NO,IS_AUTO,IS_MANDATORY,SYSTEM_READONLY,FIELD_TYPE,FIELD_LENGTH,INPUT_ALPHABET,INPUT_MULTIBYTE,INPUT_NUMERIC,INPUT_SYMBOL,INPUT_UPPERCASE,RETRIEVAL_TABLE,FORMAT,DEFAULT_VALUE,MIN_VALUE,MAX_VALUE,CALENDAR_BUTTON,JUMP_BUTTON,OPEN_BUTTON,REF_TABLE_ID,REF_FIELD_NAME,SPECIAL_BUTTON) VALUES ('TBLID_BPROCDATA_ID_ITEM','INP_MODE','INP_MODE','INP_MODE','STRING',1,'N','Y','N','Y',-1,-1,0,0,0,'N','N','N','STRING',0,'Y',0,'Y','Y','Y','NONE',NULL,NULL,NULL,NULL,'N','N',0,NULL,NULL,0);
INSERT INTO SM_FIELD_DEF (TABLE_ID,FIELD_NAME,JP_TITLE,US_TITLE,DB_TYPE,DB_LENGTH,IS_KEY,NOT_BLANK,IS_DUMMY,IS_SEARCH_ITEM,SORT_NO,TREE_LEVEL,SHEET_NO,PAGE_NO,PROPERTY_NO,IS_AUTO,IS_MANDATORY,SYSTEM_READONLY,FIELD_TYPE,FIELD_LENGTH,INPUT_ALPHABET,INPUT_MULTIBYTE,INPUT_NUMERIC,INPUT_SYMBOL,INPUT_UPPERCASE,RETRIEVAL_TABLE,FORMAT,DEFAULT_VALUE,MIN_VALUE,MAX_VALUE,CALENDAR_BUTTON,JUMP_BUTTON,OPEN_BUTTON,REF_TABLE_ID,REF_FIELD_NAME,SPECIAL_BUTTON) VALUES ('TBLID_BPROCDATA_ID_ITEM','CALC_CODE','CALC_CODE','CALC_CODE','STRING',10,'N','Y','N','Y',-1,-1,0,0,0,'N','N','N','STRING',0,'Y',0,'Y','Y','Y','NONE',NULL,NULL,NULL,NULL,'N','N',0,NULL,NULL,0);
INSERT INTO SM_FIELD_DEF (TABLE_ID,FIELD_NAME,JP_TITLE,US_TITLE,DB_TYPE,DB_LENGTH,IS_KEY,NOT_BLANK,IS_DUMMY,IS_SEARCH_ITEM,SORT_NO,TREE_LEVEL,SHEET_NO,PAGE_NO,PROPERTY_NO,IS_AUTO,IS_MANDATORY,SYSTEM_READONLY,FIELD_TYPE,FIELD_LENGTH,INPUT_ALPHABET,INPUT_MULTIBYTE,INPUT_NUMERIC,INPUT_SYMBOL,INPUT_UPPERCASE,RETRIEVAL_TABLE,FORMAT,DEFAULT_VALUE,MIN_VALUE,MAX_VALUE,CALENDAR_BUTTON,JUMP_BUTTON,OPEN_BUTTON,REF_TABLE_ID,REF_FIELD_NAME,SPECIAL_BUTTON) VALUES ('TBLID_BPROCDATA_ID_ITEM','CALC_PARM1','CALC_PARM1','CALC_PARM1','STRING',20,'N','Y','N','Y',-1,-1,0,0,0,'N','N','N','STRING',0,'Y',0,'Y','Y','Y','NONE',NULL,NULL,NULL,NULL,'N','N',0,NULL,NULL,0);
INSERT INTO SM_FIELD_DEF (TABLE_ID,FIELD_NAME,JP_TITLE,US_TITLE,DB_TYPE,DB_LENGTH,IS_KEY,NOT_BLANK,IS_DUMMY,IS_SEARCH_ITEM,SORT_NO,TREE_LEVEL,SHEET_NO,PAGE_NO,PROPERTY_NO,IS_AUTO,IS_MANDATORY,SYSTEM_READONLY,FIELD_TYPE,FIELD_LENGTH,INPUT_ALPHABET,INPUT_MULTIBYTE,INPUT_NUMERIC,INPUT_SYMBOL,INPUT_UPPERCASE,RETRIEVAL_TABLE,FORMAT,DEFAULT_VALUE,MIN_VALUE,MAX_VALUE,CALENDAR_BUTTON,JUMP_BUTTON,OPEN_BUTTON,REF_TABLE_ID,REF_FIELD_NAME,SPECIAL_BUTTON) VALUES ('TBLID_BPROCDATA_ID_ITEM','CALC_PARM2','CALC_PARM2','CALC_PARM2','STRING',20,'N','Y','N','Y',-1,-1,0,0,0,'N','N','N','STRING',0,'Y',0,'Y','Y','Y','NONE',NULL,NULL,NULL,NULL,'N','N',0,NULL,NULL,0);
INSERT INTO SM_FIELD_DEF (TABLE_ID,FIELD_NAME,JP_TITLE,US_TITLE,DB_TYPE,DB_LENGTH,IS_KEY,NOT_BLANK,IS_DUMMY,IS_SEARCH_ITEM,SORT_NO,TREE_LEVEL,SHEET_NO,PAGE_NO,PROPERTY_NO,IS_AUTO,IS_MANDATORY,SYSTEM_READONLY,FIELD_TYPE,FIELD_LENGTH,INPUT_ALPHABET,INPUT_MULTIBYTE,INPUT_NUMERIC,INPUT_SYMBOL,INPUT_UPPERCASE,RETRIEVAL_TABLE,FORMAT,DEFAULT_VALUE,MIN_VALUE,MAX_VALUE,CALENDAR_BUTTON,JUMP_BUTTON,OPEN_BUTTON,REF_TABLE_ID,REF_FIELD_NAME,SPECIAL_BUTTON) VALUES ('TBLID_BPROCDATA_ID_ITEM','CALC_PARM3','CALC_PARM3','CALC_PARM3','STRING',20,'N','Y','N','Y',-1,-1,0,0,0,'N','N','N','STRING',0,'Y',0,'Y','Y','Y','NONE',NULL,NULL,NULL,NULL,'N','N',0,NULL,NULL,0);
INSERT INTO SM_FIELD_DEF (TABLE_ID,FIELD_NAME,JP_TITLE,US_TITLE,DB_TYPE,DB_LENGTH,IS_KEY,NOT_BLANK,IS_DUMMY,IS_SEARCH_ITEM,SORT_NO,TREE_LEVEL,SHEET_NO,PAGE_NO,PROPERTY_NO,IS_AUTO,IS_MANDATORY,SYSTEM_READONLY,FIELD_TYPE,FIELD_LENGTH,INPUT_ALPHABET,INPUT_MULTIBYTE,INPUT_NUMERIC,INPUT_SYMBOL,INPUT_UPPERCASE,RETRIEVAL_TABLE,FORMAT,DEFAULT_VALUE,MIN_VALUE,MAX_VALUE,CALENDAR_BUTTON,JUMP_BUTTON,OPEN_BUTTON,REF_TABLE_ID,REF_FIELD_NAME,SPECIAL_BUTTON) VALUES ('TBLID_BPROCDATA_ID_ITEM','CALC_PARM4','CALC_PARM4','CALC_PARM4','STRING',20,'N','Y','N','Y',-1,-1,0,0,0,'N','N','N','STRING',0,'Y',0,'Y','Y','Y','NONE',NULL,NULL,NULL,NULL,'N','N',0,NULL,NULL,0);
INSERT INTO SM_FIELD_DEF (TABLE_ID,FIELD_NAME,JP_TITLE,US_TITLE,DB_TYPE,DB_LENGTH,IS_KEY,NOT_BLANK,IS_DUMMY,IS_SEARCH_ITEM,SORT_NO,TREE_LEVEL,SHEET_NO,PAGE_NO,PROPERTY_NO,IS_AUTO,IS_MANDATORY,SYSTEM_READONLY,FIELD_TYPE,FIELD_LENGTH,INPUT_ALPHABET,INPUT_MULTIBYTE,INPUT_NUMERIC,INPUT_SYMBOL,INPUT_UPPERCASE,RETRIEVAL_TABLE,FORMAT,DEFAULT_VALUE,MIN_VALUE,MAX_VALUE,CALENDAR_BUTTON,JUMP_BUTTON,OPEN_BUTTON,REF_TABLE_ID,REF_FIELD_NAME,SPECIAL_BUTTON) VALUES ('TBLID_BPROCDATA_ID_ITEM','CALC_PARM5','CALC_PARM5','CALC_PARM5','STRING',20,'N','Y','N','Y',-1,-1,0,0,0,'N','N','N','STRING',0,'Y',0,'Y','Y','Y','NONE',NULL,NULL,NULL,NULL,'N','N',0,NULL,NULL,0);
INSERT INTO SM_FIELD_DEF (TABLE_ID,FIELD_NAME,JP_TITLE,US_TITLE,DB_TYPE,DB_LENGTH,IS_KEY,NOT_BLANK,IS_DUMMY,IS_SEARCH_ITEM,SORT_NO,TREE_LEVEL,SHEET_NO,PAGE_NO,PROPERTY_NO,IS_AUTO,IS_MANDATORY,SYSTEM_READONLY,FIELD_TYPE,FIELD_LENGTH,INPUT_ALPHABET,INPUT_MULTIBYTE,INPUT_NUMERIC,INPUT_SYMBOL,INPUT_UPPERCASE,RETRIEVAL_TABLE,FORMAT,DEFAULT_VALUE,MIN_VALUE,MAX_VALUE,CALENDAR_BUTTON,JUMP_BUTTON,OPEN_BUTTON,REF_TABLE_ID,REF_FIELD_NAME,SPECIAL_BUTTON) VALUES ('TBLID_BPROCDATA_ID_ITEM','CALC_PARM6','CALC_PARM6','CALC_PARM6','STRING',20,'N','Y','N','Y',-1,-1,0,0,0,'N','N','N','STRING',0,'Y',0,'Y','Y','Y','NONE',NULL,NULL,NULL,NULL,'N','N',0,NULL,NULL,0);
INSERT INTO SM_FIELD_DEF (TABLE_ID,FIELD_NAME,JP_TITLE,US_TITLE,DB_TYPE,DB_LENGTH,IS_KEY,NOT_BLANK,IS_DUMMY,IS_SEARCH_ITEM,SORT_NO,TREE_LEVEL,SHEET_NO,PAGE_NO,PROPERTY_NO,IS_AUTO,IS_MANDATORY,SYSTEM_READONLY,FIELD_TYPE,FIELD_LENGTH,INPUT_ALPHABET,INPUT_MULTIBYTE,INPUT_NUMERIC,INPUT_SYMBOL,INPUT_UPPERCASE,RETRIEVAL_TABLE,FORMAT,DEFAULT_VALUE,MIN_VALUE,MAX_VALUE,CALENDAR_BUTTON,JUMP_BUTTON,OPEN_BUTTON,REF_TABLE_ID,REF_FIELD_NAME,SPECIAL_BUTTON) VALUES ('TBLID_BPROCDATA_ID_ITEM','CALC_PARM7','CALC_PARM7','CALC_PARM7','STRING',20,'N','Y','N','Y',-1,-1,0,0,0,'N','N','N','STRING',0,'Y',0,'Y','Y','Y','NONE',NULL,NULL,NULL,NULL,'N','N',0,NULL,NULL,0);
INSERT INTO SM_FIELD_DEF (TABLE_ID,FIELD_NAME,JP_TITLE,US_TITLE,DB_TYPE,DB_LENGTH,IS_KEY,NOT_BLANK,IS_DUMMY,IS_SEARCH_ITEM,SORT_NO,TREE_LEVEL,SHEET_NO,PAGE_NO,PROPERTY_NO,IS_AUTO,IS_MANDATORY,SYSTEM_READONLY,FIELD_TYPE,FIELD_LENGTH,INPUT_ALPHABET,INPUT_MULTIBYTE,INPUT_NUMERIC,INPUT_SYMBOL,INPUT_UPPERCASE,RETRIEVAL_TABLE,FORMAT,DEFAULT_VALUE,MIN_VALUE,MAX_VALUE,CALENDAR_BUTTON,JUMP_BUTTON,OPEN_BUTTON,REF_TABLE_ID,REF_FIELD_NAME,SPECIAL_BUTTON) VALUES ('TBLID_BPROCDATA_ID_ITEM','CALC_PARM8','CALC_PARM8','CALC_PARM8','STRING',20,'N','Y','N','Y',-1,-1,0,0,0,'N','N','N','STRING',0,'Y',0,'Y','Y','Y','NONE',NULL,NULL,NULL,NULL,'N','N',0,NULL,NULL,0);
INSERT INTO SM_FIELD_DEF (TABLE_ID,FIELD_NAME,JP_TITLE,US_TITLE,DB_TYPE,DB_LENGTH,IS_KEY,NOT_BLANK,IS_DUMMY,IS_SEARCH_ITEM,SORT_NO,TREE_LEVEL,SHEET_NO,PAGE_NO,PROPERTY_NO,IS_AUTO,IS_MANDATORY,SYSTEM_READONLY,FIELD_TYPE,FIELD_LENGTH,INPUT_ALPHABET,INPUT_MULTIBYTE,INPUT_NUMERIC,INPUT_SYMBOL,INPUT_UPPERCASE,RETRIEVAL_TABLE,FORMAT,DEFAULT_VALUE,MIN_VALUE,MAX_VALUE,CALENDAR_BUTTON,JUMP_BUTTON,OPEN_BUTTON,REF_TABLE_ID,REF_FIELD_NAME,SPECIAL_BUTTON) VALUES ('TBLID_BPROCDATA_ID_ITEM','CALC_PARM9','CALC_PARM9','CALC_PARM9','STRING',20,'N','Y','N','Y',-1,-1,0,0,0,'N','N','N','STRING',0,'Y',0,'Y','Y','Y','NONE',NULL,NULL,NULL,NULL,'N','N',0,NULL,NULL,0);
INSERT INTO SM_FIELD_DEF (TABLE_ID,FIELD_NAME,JP_TITLE,US_TITLE,DB_TYPE,DB_LENGTH,IS_KEY,NOT_BLANK,IS_DUMMY,IS_SEARCH_ITEM,SORT_NO,TREE_LEVEL,SHEET_NO,PAGE_NO,PROPERTY_NO,IS_AUTO,IS_MANDATORY,SYSTEM_READONLY,FIELD_TYPE,FIELD_LENGTH,INPUT_ALPHABET,INPUT_MULTIBYTE,INPUT_NUMERIC,INPUT_SYMBOL,INPUT_UPPERCASE,RETRIEVAL_TABLE,FORMAT,DEFAULT_VALUE,MIN_VALUE,MAX_VALUE,CALENDAR_BUTTON,JUMP_BUTTON,OPEN_BUTTON,REF_TABLE_ID,REF_FIELD_NAME,SPECIAL_BUTTON) VALUES ('TBLID_BPROCDATA_ID_ITEM','CALC_PARM10','CALC_PARM10','CALC_PARM10','STRING',20,'N','Y','N','Y',-1,-1,0,0,0,'N','N','N','STRING',0,'Y',0,'Y','Y','Y','NONE',NULL,NULL,NULL,NULL,'N','N',0,NULL,NULL,0);
INSERT INTO SM_FIELD_DEF (TABLE_ID,FIELD_NAME,JP_TITLE,US_TITLE,DB_TYPE,DB_LENGTH,IS_KEY,NOT_BLANK,IS_DUMMY,IS_SEARCH_ITEM,SORT_NO,TREE_LEVEL,SHEET_NO,PAGE_NO,PROPERTY_NO,IS_AUTO,IS_MANDATORY,SYSTEM_READONLY,FIELD_TYPE,FIELD_LENGTH,INPUT_ALPHABET,INPUT_MULTIBYTE,INPUT_NUMERIC,INPUT_SYMBOL,INPUT_UPPERCASE,RETRIEVAL_TABLE,FORMAT,DEFAULT_VALUE,MIN_VALUE,MAX_VALUE,CALENDAR_BUTTON,JUMP_BUTTON,OPEN_BUTTON,REF_TABLE_ID,REF_FIELD_NAME,SPECIAL_BUTTON) VALUES ('TBLID_BPROCDATA_ID_ITEM','SPC_FLG','SPC_FLG','SPC_FLG','STRING',1,'N','Y','N','Y',-1,-1,0,0,0,'N','N','N','STRING',0,'Y',0,'Y','Y','Y','NONE',NULL,NULL,NULL,NULL,'N','N',0,NULL,NULL,0);
INSERT INTO SM_CHECK_DEF (TABLE_ID,CHECK_TYPE,CHECK_ORDER,CHECK_KIND,FIELD_NAME,REF_TABLE,REF_FIELD,EXPECT_VALUE,ERR_MSG) VALUES ('TBLID_BPROCDATA_ID_ITEM','SAVE',1,'STAT_E',NULL,NULL,NULL,NULL,NULL);
INSERT INTO SM_CHECK_DEF (TABLE_ID,CHECK_TYPE,CHECK_ORDER,CHECK_KIND,FIELD_NAME,REF_TABLE,REF_FIELD,EXPECT_VALUE,ERR_MSG) VALUES ('TBLID_BPROCDATA_ID_ITEM','SAVE',2,'STRING','lock_user',NULL,NULL,'',NULL);
INSERT INTO SM_CHECK_DEF (TABLE_ID,CHECK_TYPE,CHECK_ORDER,CHECK_KIND,FIELD_NAME,REF_TABLE,REF_FIELD,EXPECT_VALUE,ERR_MSG) VALUES ('TBLID_BPROCDATA_ID_ITEM','SAVE',3,'NULLCHK','lock_time',NULL,NULL,NULL,NULL);
INSERT INTO SM_CHECK_DEF (TABLE_ID,CHECK_TYPE,CHECK_ORDER,CHECK_KIND,FIELD_NAME,REF_TABLE,REF_FIELD,EXPECT_VALUE,ERR_MSG) VALUES ('TBLID_BPROCDATA_ID_ITEM','SAVE',4,'KEY','procdata_item','0','',NULL,NULL);
INSERT INTO SM_CHECK_DEF (TABLE_ID,CHECK_TYPE,CHECK_ORDER,CHECK_KIND,FIELD_NAME,REF_TABLE,REF_FIELD,EXPECT_VALUE,ERR_MSG) VALUES ('TBLID_BPROCDATA_ID_ITEM','RELEASE',1,'STAT_E',NULL,NULL,NULL,NULL,NULL);
INSERT INTO SM_CHECK_DEF (TABLE_ID,CHECK_TYPE,CHECK_ORDER,CHECK_KIND,FIELD_NAME,REF_TABLE,REF_FIELD,EXPECT_VALUE,ERR_MSG) VALUES ('TBLID_BPROCDATA_ID_ITEM','RELEASE',2,'STRING','lock_user',NULL,NULL,'',NULL);
INSERT INTO SM_CHECK_DEF (TABLE_ID,CHECK_TYPE,CHECK_ORDER,CHECK_KIND,FIELD_NAME,REF_TABLE,REF_FIELD,EXPECT_VALUE,ERR_MSG) VALUES ('TBLID_BPROCDATA_ID_ITEM','RELEASE',3,'NULLCHK','lock_time',NULL,NULL,NULL,NULL);
INSERT INTO SM_CHECK_DEF (TABLE_ID,CHECK_TYPE,CHECK_ORDER,CHECK_KIND,FIELD_NAME,REF_TABLE,REF_FIELD,EXPECT_VALUE,ERR_MSG) VALUES ('TBLID_BPROCDATA_ID_ITEM','RELEASE',4,'KEY','procdata_item','0','',NULL,NULL);
INSERT INTO SM_CHECK_DEF (TABLE_ID,CHECK_TYPE,CHECK_ORDER,CHECK_KIND,FIELD_NAME,REF_TABLE,REF_FIELD,EXPECT_VALUE,ERR_MSG) VALUES ('TBLID_BPROCDATA_ID_ITEM','RELEASE',5,'STAT_R',NULL,NULL,NULL,NULL,NULL);
INSERT INTO SM_CHECK_DEF (TABLE_ID,CHECK_TYPE,CHECK_ORDER,CHECK_KIND,FIELD_NAME,REF_TABLE,REF_FIELD,EXPECT_VALUE,ERR_MSG) VALUES ('TBLID_BPROCDATA_ID_ITEM','RELEASE',6,'RELEASE_PARAM','procdata_id','D13',NULL,NULL,NULL);
INSERT INTO SM_CHECK_DEF (TABLE_ID,CHECK_TYPE,CHECK_ORDER,CHECK_KIND,FIELD_NAME,REF_TABLE,REF_FIELD,EXPECT_VALUE,ERR_MSG) VALUES ('TBLID_BPROCDATA_ID_ITEM','RELEASE',7,'RELEASE_WRITE','procdata_item','D0',NULL,NULL,NULL);
INSERT INTO SM_CHECK_DEF (TABLE_ID,CHECK_TYPE,CHECK_ORDER,CHECK_KIND,FIELD_NAME,REF_TABLE,REF_FIELD,EXPECT_VALUE,ERR_MSG) VALUES ('TBLID_BPROCDATA_ID_ITEM','RELEASE',8,'RELEASE_WRITE','item_seq_no','D0',NULL,NULL,NULL);
INSERT INTO SM_CHECK_DEF (TABLE_ID,CHECK_TYPE,CHECK_ORDER,CHECK_KIND,FIELD_NAME,REF_TABLE,REF_FIELD,EXPECT_VALUE,ERR_MSG) VALUES ('TBLID_BPROCDATA_ID_ITEM','RELEASE',9,'RELEASE_WRITE','proc_unit','D0',NULL,NULL,NULL);
INSERT INTO SM_CHECK_DEF (TABLE_ID,CHECK_TYPE,CHECK_ORDER,CHECK_KIND,FIELD_NAME,REF_TABLE,REF_FIELD,EXPECT_VALUE,ERR_MSG) VALUES ('TBLID_BPROCDATA_ID_ITEM','RELEASE',10,'RELEASE_WRITE','inp_mode','D0',NULL,NULL,NULL);
INSERT INTO SM_CHECK_DEF (TABLE_ID,CHECK_TYPE,CHECK_ORDER,CHECK_KIND,FIELD_NAME,REF_TABLE,REF_FIELD,EXPECT_VALUE,ERR_MSG) VALUES ('TBLID_BPROCDATA_ID_ITEM','RELEASE',11,'RELEASE_WRITE','calc_code','D0',NULL,NULL,NULL);
INSERT INTO SM_CHECK_DEF (TABLE_ID,CHECK_TYPE,CHECK_ORDER,CHECK_KIND,FIELD_NAME,REF_TABLE,REF_FIELD,EXPECT_VALUE,ERR_MSG) VALUES ('TBLID_BPROCDATA_ID_ITEM','RELEASE',12,'RELEASE_WRITE','calc_parm1','D0',NULL,NULL,NULL);
INSERT INTO SM_CHECK_DEF (TABLE_ID,CHECK_TYPE,CHECK_ORDER,CHECK_KIND,FIELD_NAME,REF_TABLE,REF_FIELD,EXPECT_VALUE,ERR_MSG) VALUES ('TBLID_BPROCDATA_ID_ITEM','RELEASE',13,'RELEASE_WRITE','calc_parm2','D0',NULL,NULL,NULL);
INSERT INTO SM_CHECK_DEF (TABLE_ID,CHECK_TYPE,CHECK_ORDER,CHECK_KIND,FIELD_NAME,REF_TABLE,REF_FIELD,EXPECT_VALUE,ERR_MSG) VALUES ('TBLID_BPROCDATA_ID_ITEM','RELEASE',14,'RELEASE_WRITE','calc_parm3','D0',NULL,NULL,NULL);
INSERT INTO SM_CHECK_DEF (TABLE_ID,CHECK_TYPE,CHECK_ORDER,CHECK_KIND,FIELD_NAME,REF_TABLE,REF_FIELD,EXPECT_VALUE,ERR_MSG) VALUES ('TBLID_BPROCDATA_ID_ITEM','RELEASE',15,'RELEASE_WRITE','calc_parm4','D0',NULL,NULL,NULL);
INSERT INTO SM_CHECK_DEF (TABLE_ID,CHECK_TYPE,CHECK_ORDER,CHECK_KIND,FIELD_NAME,REF_TABLE,REF_FIELD,EXPECT_VALUE,ERR_MSG) VALUES ('TBLID_BPROCDATA_ID_ITEM','RELEASE',16,'RELEASE_WRITE','calc_parm5','D0',NULL,NULL,NULL);
INSERT INTO SM_CHECK_DEF (TABLE_ID,CHECK_TYPE,CHECK_ORDER,CHECK_KIND,FIELD_NAME,REF_TABLE,REF_FIELD,EXPECT_VALUE,ERR_MSG) VALUES ('TBLID_BPROCDATA_ID_ITEM','RELEASE',17,'RELEASE_WRITE','calc_parm6','D0',NULL,NULL,NULL);
INSERT INTO SM_CHECK_DEF (TABLE_ID,CHECK_TYPE,CHECK_ORDER,CHECK_KIND,FIELD_NAME,REF_TABLE,REF_FIELD,EXPECT_VALUE,ERR_MSG) VALUES ('TBLID_BPROCDATA_ID_ITEM','RELEASE',18,'RELEASE_WRITE','calc_parm7','D0',NULL,NULL,NULL);
INSERT INTO SM_CHECK_DEF (TABLE_ID,CHECK_TYPE,CHECK_ORDER,CHECK_KIND,FIELD_NAME,REF_TABLE,REF_FIELD,EXPECT_VALUE,ERR_MSG) VALUES ('TBLID_BPROCDATA_ID_ITEM','RELEASE',19,'RELEASE_WRITE','calc_parm8','D0',NULL,NULL,NULL);
INSERT INTO SM_CHECK_DEF (TABLE_ID,CHECK_TYPE,CHECK_ORDER,CHECK_KIND,FIELD_NAME,REF_TABLE,REF_FIELD,EXPECT_VALUE,ERR_MSG) VALUES ('TBLID_BPROCDATA_ID_ITEM','RELEASE',20,'RELEASE_WRITE','calc_parm9','D0',NULL,NULL,NULL);
INSERT INTO SM_CHECK_DEF (TABLE_ID,CHECK_TYPE,CHECK_ORDER,CHECK_KIND,FIELD_NAME,REF_TABLE,REF_FIELD,EXPECT_VALUE,ERR_MSG) VALUES ('TBLID_BPROCDATA_ID_ITEM','RELEASE',21,'RELEASE_WRITE','calc_parm10','D0',NULL,NULL,NULL);
INSERT INTO SM_CHECK_DEF (TABLE_ID,CHECK_TYPE,CHECK_ORDER,CHECK_KIND,FIELD_NAME,REF_TABLE,REF_FIELD,EXPECT_VALUE,ERR_MSG) VALUES ('TBLID_BPROCDATA_ID_ITEM','RELEASE',22,'RELEASE_WRITE','SPC_FLG','D0',NULL,NULL,NULL);
INSERT INTO SM_CHECK_DEF (TABLE_ID,CHECK_TYPE,CHECK_ORDER,CHECK_KIND,FIELD_NAME,REF_TABLE,REF_FIELD,EXPECT_VALUE,ERR_MSG) VALUES ('TBLID_BPROCDATA_ID_ITEM','DELETE',1,'STAT_R',NULL,NULL,NULL,NULL,NULL);
INSERT INTO SM_CHECK_DEF (TABLE_ID,CHECK_TYPE,CHECK_ORDER,CHECK_KIND,FIELD_NAME,REF_TABLE,REF_FIELD,EXPECT_VALUE,ERR_MSG) VALUES ('TBLID_BPROCDATA_ID_ITEM','DELETE',2,'STRING','lock_user',NULL,NULL,'',NULL);
INSERT INTO SM_CHECK_DEF (TABLE_ID,CHECK_TYPE,CHECK_ORDER,CHECK_KIND,FIELD_NAME,REF_TABLE,REF_FIELD,EXPECT_VALUE,ERR_MSG) VALUES ('TBLID_BPROCDATA_ID_ITEM','DELETE',3,'NULLCHK','lock_time',NULL,NULL,NULL,NULL);
INSERT INTO SM_CHECK_DEF (TABLE_ID,CHECK_TYPE,CHECK_ORDER,CHECK_KIND,FIELD_NAME,REF_TABLE,REF_FIELD,EXPECT_VALUE,ERR_MSG) VALUES ('TBLID_BPROCDATA_ID_ITEM','EDITCOMP',1,'STAT_E',NULL,NULL,NULL,NULL,NULL);
INSERT INTO SM_CHECK_DEF (TABLE_ID,CHECK_TYPE,CHECK_ORDER,CHECK_KIND,FIELD_NAME,REF_TABLE,REF_FIELD,EXPECT_VALUE,ERR_MSG) VALUES ('TBLID_BPROCDATA_ID_ITEM','EDITCOMP',2,'COMP_N',NULL,NULL,NULL,NULL,'记录已编辑完成');

-- BPROCDATA_ITEM
INSERT INTO SM_TABLE_DEF (TABLE_ID, TABLE_NAME, JP_TITLE, US_TITLE, RELEASE_FLAG, DISTRIBUTE_FLAG, PERMISSION_TYPE, SCHEMA_TYPE, HAS_DUMMY, SORT_NO)
VALUES ('TBLID_BPROCDATA_ITEM', 'BPROCDATA_ITEM', 'BPROCDATA_ITEM', 'BPROCDATA_ITEM', 'Y', 'N', 'C', 'L', 'Y', 540);
INSERT INTO SM_FIELD_DEF (TABLE_ID,FIELD_NAME,JP_TITLE,US_TITLE,DB_TYPE,DB_LENGTH,IS_KEY,NOT_BLANK,IS_DUMMY,IS_SEARCH_ITEM,SORT_NO,TREE_LEVEL,SHEET_NO,PAGE_NO,PROPERTY_NO,IS_AUTO,IS_MANDATORY,SYSTEM_READONLY,FIELD_TYPE,FIELD_LENGTH,INPUT_ALPHABET,INPUT_MULTIBYTE,INPUT_NUMERIC,INPUT_SYMBOL,INPUT_UPPERCASE,RETRIEVAL_TABLE,FORMAT,DEFAULT_VALUE,MIN_VALUE,MAX_VALUE,CALENDAR_BUTTON,JUMP_BUTTON,OPEN_BUTTON,REF_TABLE_ID,REF_FIELD_NAME,SPECIAL_BUTTON) VALUES ('TBLID_BPROCDATA_ITEM','PROCDATA_ITEM','PROCDATA_ITEM','PROCDATA_ITEM','STRING',10,'N','Y','N','Y',-1,-1,0,0,0,'N','N','N','STRING',0,'Y',0,'Y','Y','Y','NONE',NULL,NULL,NULL,NULL,'N','N',0,NULL,NULL,0);
INSERT INTO SM_FIELD_DEF (TABLE_ID,FIELD_NAME,JP_TITLE,US_TITLE,DB_TYPE,DB_LENGTH,IS_KEY,NOT_BLANK,IS_DUMMY,IS_SEARCH_ITEM,SORT_NO,TREE_LEVEL,SHEET_NO,PAGE_NO,PROPERTY_NO,IS_AUTO,IS_MANDATORY,SYSTEM_READONLY,FIELD_TYPE,FIELD_LENGTH,INPUT_ALPHABET,INPUT_MULTIBYTE,INPUT_NUMERIC,INPUT_SYMBOL,INPUT_UPPERCASE,RETRIEVAL_TABLE,FORMAT,DEFAULT_VALUE,MIN_VALUE,MAX_VALUE,CALENDAR_BUTTON,JUMP_BUTTON,OPEN_BUTTON,REF_TABLE_ID,REF_FIELD_NAME,SPECIAL_BUTTON) VALUES ('TBLID_BPROCDATA_ITEM','PROCDATA_ITEM_NAME','PROCDATA_ITEM_NAME','PROCDATA_ITEM_NAME','STRING',40,'N','Y','N','Y',-1,-1,0,0,0,'N','N','N','STRING',0,'Y',0,'Y','Y','Y','NONE',NULL,NULL,NULL,NULL,'N','N',0,NULL,NULL,0);
INSERT INTO SM_FIELD_DEF (TABLE_ID,FIELD_NAME,JP_TITLE,US_TITLE,DB_TYPE,DB_LENGTH,IS_KEY,NOT_BLANK,IS_DUMMY,IS_SEARCH_ITEM,SORT_NO,TREE_LEVEL,SHEET_NO,PAGE_NO,PROPERTY_NO,IS_AUTO,IS_MANDATORY,SYSTEM_READONLY,FIELD_TYPE,FIELD_LENGTH,INPUT_ALPHABET,INPUT_MULTIBYTE,INPUT_NUMERIC,INPUT_SYMBOL,INPUT_UPPERCASE,RETRIEVAL_TABLE,FORMAT,DEFAULT_VALUE,MIN_VALUE,MAX_VALUE,CALENDAR_BUTTON,JUMP_BUTTON,OPEN_BUTTON,REF_TABLE_ID,REF_FIELD_NAME,SPECIAL_BUTTON) VALUES ('TBLID_BPROCDATA_ITEM','PROCDATA_ITEM_DESC','PROCDATA_ITEM_DESC','PROCDATA_ITEM_DESC','STRING',80,'N','Y','N','Y',-1,-1,0,0,0,'N','N','N','STRING',0,'Y',0,'Y','Y','Y','NONE',NULL,NULL,NULL,NULL,'N','N',0,NULL,NULL,0);
INSERT INTO SM_FIELD_DEF (TABLE_ID,FIELD_NAME,JP_TITLE,US_TITLE,DB_TYPE,DB_LENGTH,IS_KEY,NOT_BLANK,IS_DUMMY,IS_SEARCH_ITEM,SORT_NO,TREE_LEVEL,SHEET_NO,PAGE_NO,PROPERTY_NO,IS_AUTO,IS_MANDATORY,SYSTEM_READONLY,FIELD_TYPE,FIELD_LENGTH,INPUT_ALPHABET,INPUT_MULTIBYTE,INPUT_NUMERIC,INPUT_SYMBOL,INPUT_UPPERCASE,RETRIEVAL_TABLE,FORMAT,DEFAULT_VALUE,MIN_VALUE,MAX_VALUE,CALENDAR_BUTTON,JUMP_BUTTON,OPEN_BUTTON,REF_TABLE_ID,REF_FIELD_NAME,SPECIAL_BUTTON) VALUES ('TBLID_BPROCDATA_ITEM','DATA_TYPE','DATA_TYPE','DATA_TYPE','STRING',1,'N','Y','N','Y',-1,-1,0,0,0,'N','N','N','STRING',0,'Y',0,'Y','Y','Y','NONE',NULL,NULL,NULL,NULL,'N','N',0,NULL,NULL,0);
INSERT INTO SM_FIELD_DEF (TABLE_ID,FIELD_NAME,JP_TITLE,US_TITLE,DB_TYPE,DB_LENGTH,IS_KEY,NOT_BLANK,IS_DUMMY,IS_SEARCH_ITEM,SORT_NO,TREE_LEVEL,SHEET_NO,PAGE_NO,PROPERTY_NO,IS_AUTO,IS_MANDATORY,SYSTEM_READONLY,FIELD_TYPE,FIELD_LENGTH,INPUT_ALPHABET,INPUT_MULTIBYTE,INPUT_NUMERIC,INPUT_SYMBOL,INPUT_UPPERCASE,RETRIEVAL_TABLE,FORMAT,DEFAULT_VALUE,MIN_VALUE,MAX_VALUE,CALENDAR_BUTTON,JUMP_BUTTON,OPEN_BUTTON,REF_TABLE_ID,REF_FIELD_NAME,SPECIAL_BUTTON) VALUES ('TBLID_BPROCDATA_ITEM','MEAS_UNIT','MEAS_UNIT','MEAS_UNIT','STRING',10,'N','Y','N','Y',-1,-1,0,0,0,'N','N','N','STRING',0,'Y',0,'Y','Y','Y','NONE',NULL,NULL,NULL,NULL,'N','N',0,NULL,NULL,0);
INSERT INTO SM_CHECK_DEF (TABLE_ID,CHECK_TYPE,CHECK_ORDER,CHECK_KIND,FIELD_NAME,REF_TABLE,REF_FIELD,EXPECT_VALUE,ERR_MSG) VALUES ('TBLID_BPROCDATA_ITEM','SAVE',1,'STAT_E',NULL,NULL,NULL,NULL,NULL);
INSERT INTO SM_CHECK_DEF (TABLE_ID,CHECK_TYPE,CHECK_ORDER,CHECK_KIND,FIELD_NAME,REF_TABLE,REF_FIELD,EXPECT_VALUE,ERR_MSG) VALUES ('TBLID_BPROCDATA_ITEM','SAVE',2,'STRING','lock_user',NULL,NULL,'',NULL);
INSERT INTO SM_CHECK_DEF (TABLE_ID,CHECK_TYPE,CHECK_ORDER,CHECK_KIND,FIELD_NAME,REF_TABLE,REF_FIELD,EXPECT_VALUE,ERR_MSG) VALUES ('TBLID_BPROCDATA_ITEM','SAVE',3,'NULLCHK','lock_time',NULL,NULL,NULL,NULL);
INSERT INTO SM_CHECK_DEF (TABLE_ID,CHECK_TYPE,CHECK_ORDER,CHECK_KIND,FIELD_NAME,REF_TABLE,REF_FIELD,EXPECT_VALUE,ERR_MSG) VALUES ('TBLID_BPROCDATA_ITEM','RELEASE',1,'STAT_E',NULL,NULL,NULL,NULL,NULL);
INSERT INTO SM_CHECK_DEF (TABLE_ID,CHECK_TYPE,CHECK_ORDER,CHECK_KIND,FIELD_NAME,REF_TABLE,REF_FIELD,EXPECT_VALUE,ERR_MSG) VALUES ('TBLID_BPROCDATA_ITEM','RELEASE',2,'STRING','lock_user',NULL,NULL,'',NULL);
INSERT INTO SM_CHECK_DEF (TABLE_ID,CHECK_TYPE,CHECK_ORDER,CHECK_KIND,FIELD_NAME,REF_TABLE,REF_FIELD,EXPECT_VALUE,ERR_MSG) VALUES ('TBLID_BPROCDATA_ITEM','RELEASE',3,'NULLCHK','lock_time',NULL,NULL,NULL,NULL);
INSERT INTO SM_CHECK_DEF (TABLE_ID,CHECK_TYPE,CHECK_ORDER,CHECK_KIND,FIELD_NAME,REF_TABLE,REF_FIELD,EXPECT_VALUE,ERR_MSG) VALUES ('TBLID_BPROCDATA_ITEM','RELEASE',4,'RELEASE_PARAM','procdata_item','D10',NULL,NULL,NULL);
INSERT INTO SM_CHECK_DEF (TABLE_ID,CHECK_TYPE,CHECK_ORDER,CHECK_KIND,FIELD_NAME,REF_TABLE,REF_FIELD,EXPECT_VALUE,ERR_MSG) VALUES ('TBLID_BPROCDATA_ITEM','RELEASE',5,'RELEASE_WRITE','procdata_item_name','D0',NULL,NULL,NULL);
INSERT INTO SM_CHECK_DEF (TABLE_ID,CHECK_TYPE,CHECK_ORDER,CHECK_KIND,FIELD_NAME,REF_TABLE,REF_FIELD,EXPECT_VALUE,ERR_MSG) VALUES ('TBLID_BPROCDATA_ITEM','RELEASE',6,'RELEASE_WRITE','procdata_item_desc','D0',NULL,NULL,NULL);
INSERT INTO SM_CHECK_DEF (TABLE_ID,CHECK_TYPE,CHECK_ORDER,CHECK_KIND,FIELD_NAME,REF_TABLE,REF_FIELD,EXPECT_VALUE,ERR_MSG) VALUES ('TBLID_BPROCDATA_ITEM','RELEASE',7,'RELEASE_WRITE','data_type','D0',NULL,NULL,NULL);
INSERT INTO SM_CHECK_DEF (TABLE_ID,CHECK_TYPE,CHECK_ORDER,CHECK_KIND,FIELD_NAME,REF_TABLE,REF_FIELD,EXPECT_VALUE,ERR_MSG) VALUES ('TBLID_BPROCDATA_ITEM','RELEASE',8,'RELEASE_WRITE','meas_unit','D0',NULL,NULL,NULL);
INSERT INTO SM_CHECK_DEF (TABLE_ID,CHECK_TYPE,CHECK_ORDER,CHECK_KIND,FIELD_NAME,REF_TABLE,REF_FIELD,EXPECT_VALUE,ERR_MSG) VALUES ('TBLID_BPROCDATA_ITEM','DELETE',1,'STAT_R',NULL,NULL,NULL,NULL,NULL);
INSERT INTO SM_CHECK_DEF (TABLE_ID,CHECK_TYPE,CHECK_ORDER,CHECK_KIND,FIELD_NAME,REF_TABLE,REF_FIELD,EXPECT_VALUE,ERR_MSG) VALUES ('TBLID_BPROCDATA_ITEM','DELETE',2,'STRING','lock_user',NULL,NULL,'',NULL);
INSERT INTO SM_CHECK_DEF (TABLE_ID,CHECK_TYPE,CHECK_ORDER,CHECK_KIND,FIELD_NAME,REF_TABLE,REF_FIELD,EXPECT_VALUE,ERR_MSG) VALUES ('TBLID_BPROCDATA_ITEM','DELETE',3,'NULLCHK','lock_time',NULL,NULL,NULL,NULL);
INSERT INTO SM_CHECK_DEF (TABLE_ID,CHECK_TYPE,CHECK_ORDER,CHECK_KIND,FIELD_NAME,REF_TABLE,REF_FIELD,EXPECT_VALUE,ERR_MSG) VALUES ('TBLID_BPROCDATA_ITEM','DELETE',4,'KEY','procdata_item','0','',NULL,NULL);
INSERT INTO SM_CHECK_DEF (TABLE_ID,CHECK_TYPE,CHECK_ORDER,CHECK_KIND,FIELD_NAME,REF_TABLE,REF_FIELD,EXPECT_VALUE,ERR_MSG) VALUES ('TBLID_BPROCDATA_ITEM','DELETE',5,'STAT_R',NULL,NULL,NULL,NULL,NULL);
INSERT INTO SM_CHECK_DEF (TABLE_ID,CHECK_TYPE,CHECK_ORDER,CHECK_KIND,FIELD_NAME,REF_TABLE,REF_FIELD,EXPECT_VALUE,ERR_MSG) VALUES ('TBLID_BPROCDATA_ITEM','EDITCOMP',1,'STAT_E',NULL,NULL,NULL,NULL,NULL);
INSERT INTO SM_CHECK_DEF (TABLE_ID,CHECK_TYPE,CHECK_ORDER,CHECK_KIND,FIELD_NAME,REF_TABLE,REF_FIELD,EXPECT_VALUE,ERR_MSG) VALUES ('TBLID_BPROCDATA_ITEM','EDITCOMP',2,'COMP_N',NULL,NULL,NULL,NULL,'记录已编辑完成');

-- BPROCDATA_LOOKUP
INSERT INTO SM_TABLE_DEF (TABLE_ID, TABLE_NAME, JP_TITLE, US_TITLE, RELEASE_FLAG, DISTRIBUTE_FLAG, PERMISSION_TYPE, SCHEMA_TYPE, HAS_DUMMY, SORT_NO)
VALUES ('TBLID_BPROCDATA_LOOKUP', 'BPROCDATA_LOOKUP', 'BPROCDATA_LOOKUP', 'BPROCDATA_LOOKUP', 'Y', 'N', 'C', 'L', 'N', 550);
INSERT INTO SM_FIELD_DEF (TABLE_ID,FIELD_NAME,JP_TITLE,US_TITLE,DB_TYPE,DB_LENGTH,IS_KEY,NOT_BLANK,IS_DUMMY,IS_SEARCH_ITEM,SORT_NO,TREE_LEVEL,SHEET_NO,PAGE_NO,PROPERTY_NO,IS_AUTO,IS_MANDATORY,SYSTEM_READONLY,FIELD_TYPE,FIELD_LENGTH,INPUT_ALPHABET,INPUT_MULTIBYTE,INPUT_NUMERIC,INPUT_SYMBOL,INPUT_UPPERCASE,RETRIEVAL_TABLE,FORMAT,DEFAULT_VALUE,MIN_VALUE,MAX_VALUE,CALENDAR_BUTTON,JUMP_BUTTON,OPEN_BUTTON,REF_TABLE_ID,REF_FIELD_NAME,SPECIAL_BUTTON) VALUES ('TBLID_BPROCDATA_LOOKUP','ROUTE_ID','ROUTE_ID','ROUTE_ID','STRING',12,'N','Y','N','Y',-1,-1,0,0,0,'N','N','N','STRING',0,'Y',0,'Y','Y','Y','NONE',NULL,NULL,NULL,NULL,'N','N',0,NULL,NULL,0);
INSERT INTO SM_FIELD_DEF (TABLE_ID,FIELD_NAME,JP_TITLE,US_TITLE,DB_TYPE,DB_LENGTH,IS_KEY,NOT_BLANK,IS_DUMMY,IS_SEARCH_ITEM,SORT_NO,TREE_LEVEL,SHEET_NO,PAGE_NO,PROPERTY_NO,IS_AUTO,IS_MANDATORY,SYSTEM_READONLY,FIELD_TYPE,FIELD_LENGTH,INPUT_ALPHABET,INPUT_MULTIBYTE,INPUT_NUMERIC,INPUT_SYMBOL,INPUT_UPPERCASE,RETRIEVAL_TABLE,FORMAT,DEFAULT_VALUE,MIN_VALUE,MAX_VALUE,CALENDAR_BUTTON,JUMP_BUTTON,OPEN_BUTTON,REF_TABLE_ID,REF_FIELD_NAME,SPECIAL_BUTTON) VALUES ('TBLID_BPROCDATA_LOOKUP','ROUTE_VER','ROUTE_VER','ROUTE_VER','STRING',3,'N','Y','N','Y',-1,-1,0,0,0,'N','N','N','STRING',0,'Y',0,'Y','Y','Y','NONE',NULL,NULL,NULL,NULL,'N','N',0,NULL,NULL,0);
INSERT INTO SM_FIELD_DEF (TABLE_ID,FIELD_NAME,JP_TITLE,US_TITLE,DB_TYPE,DB_LENGTH,IS_KEY,NOT_BLANK,IS_DUMMY,IS_SEARCH_ITEM,SORT_NO,TREE_LEVEL,SHEET_NO,PAGE_NO,PROPERTY_NO,IS_AUTO,IS_MANDATORY,SYSTEM_READONLY,FIELD_TYPE,FIELD_LENGTH,INPUT_ALPHABET,INPUT_MULTIBYTE,INPUT_NUMERIC,INPUT_SYMBOL,INPUT_UPPERCASE,RETRIEVAL_TABLE,FORMAT,DEFAULT_VALUE,MIN_VALUE,MAX_VALUE,CALENDAR_BUTTON,JUMP_BUTTON,OPEN_BUTTON,REF_TABLE_ID,REF_FIELD_NAME,SPECIAL_BUTTON) VALUES ('TBLID_BPROCDATA_LOOKUP','OPE_NO','OPE_NO','OPE_NO','STRING',6,'N','Y','N','Y',-1,-1,0,0,0,'N','N','N','STRING',0,'Y',0,'Y','Y','Y','NONE',NULL,NULL,NULL,NULL,'N','N',0,NULL,NULL,0);
INSERT INTO SM_FIELD_DEF (TABLE_ID,FIELD_NAME,JP_TITLE,US_TITLE,DB_TYPE,DB_LENGTH,IS_KEY,NOT_BLANK,IS_DUMMY,IS_SEARCH_ITEM,SORT_NO,TREE_LEVEL,SHEET_NO,PAGE_NO,PROPERTY_NO,IS_AUTO,IS_MANDATORY,SYSTEM_READONLY,FIELD_TYPE,FIELD_LENGTH,INPUT_ALPHABET,INPUT_MULTIBYTE,INPUT_NUMERIC,INPUT_SYMBOL,INPUT_UPPERCASE,RETRIEVAL_TABLE,FORMAT,DEFAULT_VALUE,MIN_VALUE,MAX_VALUE,CALENDAR_BUTTON,JUMP_BUTTON,OPEN_BUTTON,REF_TABLE_ID,REF_FIELD_NAME,SPECIAL_BUTTON) VALUES ('TBLID_BPROCDATA_LOOKUP','PROD_ID','PROD_ID','PROD_ID','STRING',20,'N','Y','N','Y',-1,-1,0,0,0,'N','N','N','STRING',0,'Y',0,'Y','Y','Y','NONE',NULL,NULL,NULL,NULL,'N','N',0,NULL,NULL,0);
INSERT INTO SM_FIELD_DEF (TABLE_ID,FIELD_NAME,JP_TITLE,US_TITLE,DB_TYPE,DB_LENGTH,IS_KEY,NOT_BLANK,IS_DUMMY,IS_SEARCH_ITEM,SORT_NO,TREE_LEVEL,SHEET_NO,PAGE_NO,PROPERTY_NO,IS_AUTO,IS_MANDATORY,SYSTEM_READONLY,FIELD_TYPE,FIELD_LENGTH,INPUT_ALPHABET,INPUT_MULTIBYTE,INPUT_NUMERIC,INPUT_SYMBOL,INPUT_UPPERCASE,RETRIEVAL_TABLE,FORMAT,DEFAULT_VALUE,MIN_VALUE,MAX_VALUE,CALENDAR_BUTTON,JUMP_BUTTON,OPEN_BUTTON,REF_TABLE_ID,REF_FIELD_NAME,SPECIAL_BUTTON) VALUES ('TBLID_BPROCDATA_LOOKUP','EQP_ID','EQP_ID','EQP_ID','STRING',10,'N','Y','N','Y',-1,-1,0,0,0,'N','N','N','STRING',0,'Y',0,'Y','Y','Y','NONE',NULL,NULL,NULL,NULL,'N','N',0,NULL,NULL,0);
INSERT INTO SM_FIELD_DEF (TABLE_ID,FIELD_NAME,JP_TITLE,US_TITLE,DB_TYPE,DB_LENGTH,IS_KEY,NOT_BLANK,IS_DUMMY,IS_SEARCH_ITEM,SORT_NO,TREE_LEVEL,SHEET_NO,PAGE_NO,PROPERTY_NO,IS_AUTO,IS_MANDATORY,SYSTEM_READONLY,FIELD_TYPE,FIELD_LENGTH,INPUT_ALPHABET,INPUT_MULTIBYTE,INPUT_NUMERIC,INPUT_SYMBOL,INPUT_UPPERCASE,RETRIEVAL_TABLE,FORMAT,DEFAULT_VALUE,MIN_VALUE,MAX_VALUE,CALENDAR_BUTTON,JUMP_BUTTON,OPEN_BUTTON,REF_TABLE_ID,REF_FIELD_NAME,SPECIAL_BUTTON) VALUES ('TBLID_BPROCDATA_LOOKUP','PROCDATA_ID','PROCDATA_ID','PROCDATA_ID','STRING',13,'N','Y','N','Y',-1,-1,0,0,0,'N','N','N','STRING',0,'Y',0,'Y','Y','Y','NONE',NULL,NULL,NULL,NULL,'N','N',0,NULL,NULL,0);
INSERT INTO SM_CHECK_DEF (TABLE_ID,CHECK_TYPE,CHECK_ORDER,CHECK_KIND,FIELD_NAME,REF_TABLE,REF_FIELD,EXPECT_VALUE,ERR_MSG) VALUES ('TBLID_BPROCDATA_LOOKUP','SAVE',1,'STAT_E',NULL,NULL,NULL,NULL,NULL);
INSERT INTO SM_CHECK_DEF (TABLE_ID,CHECK_TYPE,CHECK_ORDER,CHECK_KIND,FIELD_NAME,REF_TABLE,REF_FIELD,EXPECT_VALUE,ERR_MSG) VALUES ('TBLID_BPROCDATA_LOOKUP','SAVE',2,'STRING','lock_user',NULL,NULL,'',NULL);
INSERT INTO SM_CHECK_DEF (TABLE_ID,CHECK_TYPE,CHECK_ORDER,CHECK_KIND,FIELD_NAME,REF_TABLE,REF_FIELD,EXPECT_VALUE,ERR_MSG) VALUES ('TBLID_BPROCDATA_LOOKUP','SAVE',3,'NULLCHK','lock_time',NULL,NULL,NULL,NULL);
INSERT INTO SM_CHECK_DEF (TABLE_ID,CHECK_TYPE,CHECK_ORDER,CHECK_KIND,FIELD_NAME,REF_TABLE,REF_FIELD,EXPECT_VALUE,ERR_MSG) VALUES ('TBLID_BPROCDATA_LOOKUP','SAVE',4,'STRING','prod_id',NULL,NULL,'',NULL);
INSERT INTO SM_CHECK_DEF (TABLE_ID,CHECK_TYPE,CHECK_ORDER,CHECK_KIND,FIELD_NAME,REF_TABLE,REF_FIELD,EXPECT_VALUE,ERR_MSG) VALUES ('TBLID_BPROCDATA_LOOKUP','SAVE',5,'KEY','prod_id','0','',NULL,NULL);
INSERT INTO SM_CHECK_DEF (TABLE_ID,CHECK_TYPE,CHECK_ORDER,CHECK_KIND,FIELD_NAME,REF_TABLE,REF_FIELD,EXPECT_VALUE,ERR_MSG) VALUES ('TBLID_BPROCDATA_LOOKUP','SAVE',6,'KEY','prod_id','0','',NULL,NULL);
INSERT INTO SM_CHECK_DEF (TABLE_ID,CHECK_TYPE,CHECK_ORDER,CHECK_KIND,FIELD_NAME,REF_TABLE,REF_FIELD,EXPECT_VALUE,ERR_MSG) VALUES ('TBLID_BPROCDATA_LOOKUP','SAVE',7,'STAT_R',NULL,NULL,NULL,NULL,NULL);
INSERT INTO SM_CHECK_DEF (TABLE_ID,CHECK_TYPE,CHECK_ORDER,CHECK_KIND,FIELD_NAME,REF_TABLE,REF_FIELD,EXPECT_VALUE,ERR_MSG) VALUES ('TBLID_BPROCDATA_LOOKUP','SAVE',8,'STRING','eqp_id',NULL,NULL,'',NULL);
INSERT INTO SM_CHECK_DEF (TABLE_ID,CHECK_TYPE,CHECK_ORDER,CHECK_KIND,FIELD_NAME,REF_TABLE,REF_FIELD,EXPECT_VALUE,ERR_MSG) VALUES ('TBLID_BPROCDATA_LOOKUP','SAVE',9,'KEY','eqp_id','0','',NULL,NULL);
INSERT INTO SM_CHECK_DEF (TABLE_ID,CHECK_TYPE,CHECK_ORDER,CHECK_KIND,FIELD_NAME,REF_TABLE,REF_FIELD,EXPECT_VALUE,ERR_MSG) VALUES ('TBLID_BPROCDATA_LOOKUP','SAVE',10,'KEY','eqp_id','0','',NULL,NULL);
INSERT INTO SM_CHECK_DEF (TABLE_ID,CHECK_TYPE,CHECK_ORDER,CHECK_KIND,FIELD_NAME,REF_TABLE,REF_FIELD,EXPECT_VALUE,ERR_MSG) VALUES ('TBLID_BPROCDATA_LOOKUP','SAVE',11,'STAT_R',NULL,NULL,NULL,NULL,NULL);
INSERT INTO SM_CHECK_DEF (TABLE_ID,CHECK_TYPE,CHECK_ORDER,CHECK_KIND,FIELD_NAME,REF_TABLE,REF_FIELD,EXPECT_VALUE,ERR_MSG) VALUES ('TBLID_BPROCDATA_LOOKUP','SAVE',12,'KEY','procdata_id','0','',NULL,NULL);
INSERT INTO SM_CHECK_DEF (TABLE_ID,CHECK_TYPE,CHECK_ORDER,CHECK_KIND,FIELD_NAME,REF_TABLE,REF_FIELD,EXPECT_VALUE,ERR_MSG) VALUES ('TBLID_BPROCDATA_LOOKUP','SAVE',13,'KEY','procdata_id','0','',NULL,NULL);
INSERT INTO SM_CHECK_DEF (TABLE_ID,CHECK_TYPE,CHECK_ORDER,CHECK_KIND,FIELD_NAME,REF_TABLE,REF_FIELD,EXPECT_VALUE,ERR_MSG) VALUES ('TBLID_BPROCDATA_LOOKUP','SAVE',14,'STAT_R',NULL,NULL,NULL,NULL,NULL);
INSERT INTO SM_CHECK_DEF (TABLE_ID,CHECK_TYPE,CHECK_ORDER,CHECK_KIND,FIELD_NAME,REF_TABLE,REF_FIELD,EXPECT_VALUE,ERR_MSG) VALUES ('TBLID_BPROCDATA_LOOKUP','SAVE',15,'KEY','route_id','0','',NULL,NULL);
INSERT INTO SM_CHECK_DEF (TABLE_ID,CHECK_TYPE,CHECK_ORDER,CHECK_KIND,FIELD_NAME,REF_TABLE,REF_FIELD,EXPECT_VALUE,ERR_MSG) VALUES ('TBLID_BPROCDATA_LOOKUP','SAVE',16,'KEY','route_ver','0','',NULL,NULL);
INSERT INTO SM_CHECK_DEF (TABLE_ID,CHECK_TYPE,CHECK_ORDER,CHECK_KIND,FIELD_NAME,REF_TABLE,REF_FIELD,EXPECT_VALUE,ERR_MSG) VALUES ('TBLID_BPROCDATA_LOOKUP','RELEASE',1,'STAT_E',NULL,NULL,NULL,NULL,NULL);
INSERT INTO SM_CHECK_DEF (TABLE_ID,CHECK_TYPE,CHECK_ORDER,CHECK_KIND,FIELD_NAME,REF_TABLE,REF_FIELD,EXPECT_VALUE,ERR_MSG) VALUES ('TBLID_BPROCDATA_LOOKUP','RELEASE',2,'STRING','lock_user',NULL,NULL,'',NULL);
INSERT INTO SM_CHECK_DEF (TABLE_ID,CHECK_TYPE,CHECK_ORDER,CHECK_KIND,FIELD_NAME,REF_TABLE,REF_FIELD,EXPECT_VALUE,ERR_MSG) VALUES ('TBLID_BPROCDATA_LOOKUP','RELEASE',3,'NULLCHK','lock_time',NULL,NULL,NULL,NULL);
INSERT INTO SM_CHECK_DEF (TABLE_ID,CHECK_TYPE,CHECK_ORDER,CHECK_KIND,FIELD_NAME,REF_TABLE,REF_FIELD,EXPECT_VALUE,ERR_MSG) VALUES ('TBLID_BPROCDATA_LOOKUP','RELEASE',4,'STRING','prod_id',NULL,NULL,'',NULL);
INSERT INTO SM_CHECK_DEF (TABLE_ID,CHECK_TYPE,CHECK_ORDER,CHECK_KIND,FIELD_NAME,REF_TABLE,REF_FIELD,EXPECT_VALUE,ERR_MSG) VALUES ('TBLID_BPROCDATA_LOOKUP','RELEASE',5,'KEY','prod_id','0','',NULL,NULL);
INSERT INTO SM_CHECK_DEF (TABLE_ID,CHECK_TYPE,CHECK_ORDER,CHECK_KIND,FIELD_NAME,REF_TABLE,REF_FIELD,EXPECT_VALUE,ERR_MSG) VALUES ('TBLID_BPROCDATA_LOOKUP','RELEASE',6,'STAT_R',NULL,NULL,NULL,NULL,NULL);
INSERT INTO SM_CHECK_DEF (TABLE_ID,CHECK_TYPE,CHECK_ORDER,CHECK_KIND,FIELD_NAME,REF_TABLE,REF_FIELD,EXPECT_VALUE,ERR_MSG) VALUES ('TBLID_BPROCDATA_LOOKUP','RELEASE',7,'STRING','eqp_id',NULL,NULL,'',NULL);
INSERT INTO SM_CHECK_DEF (TABLE_ID,CHECK_TYPE,CHECK_ORDER,CHECK_KIND,FIELD_NAME,REF_TABLE,REF_FIELD,EXPECT_VALUE,ERR_MSG) VALUES ('TBLID_BPROCDATA_LOOKUP','RELEASE',8,'KEY','eqp_id','0','',NULL,NULL);
INSERT INTO SM_CHECK_DEF (TABLE_ID,CHECK_TYPE,CHECK_ORDER,CHECK_KIND,FIELD_NAME,REF_TABLE,REF_FIELD,EXPECT_VALUE,ERR_MSG) VALUES ('TBLID_BPROCDATA_LOOKUP','RELEASE',9,'STAT_R',NULL,NULL,NULL,NULL,NULL);
INSERT INTO SM_CHECK_DEF (TABLE_ID,CHECK_TYPE,CHECK_ORDER,CHECK_KIND,FIELD_NAME,REF_TABLE,REF_FIELD,EXPECT_VALUE,ERR_MSG) VALUES ('TBLID_BPROCDATA_LOOKUP','RELEASE',10,'KEY','procdata_id','0','',NULL,NULL);
INSERT INTO SM_CHECK_DEF (TABLE_ID,CHECK_TYPE,CHECK_ORDER,CHECK_KIND,FIELD_NAME,REF_TABLE,REF_FIELD,EXPECT_VALUE,ERR_MSG) VALUES ('TBLID_BPROCDATA_LOOKUP','RELEASE',11,'STAT_R',NULL,NULL,NULL,NULL,NULL);
INSERT INTO SM_CHECK_DEF (TABLE_ID,CHECK_TYPE,CHECK_ORDER,CHECK_KIND,FIELD_NAME,REF_TABLE,REF_FIELD,EXPECT_VALUE,ERR_MSG) VALUES ('TBLID_BPROCDATA_LOOKUP','RELEASE',12,'KEY','route_id','0','',NULL,NULL);
INSERT INTO SM_CHECK_DEF (TABLE_ID,CHECK_TYPE,CHECK_ORDER,CHECK_KIND,FIELD_NAME,REF_TABLE,REF_FIELD,EXPECT_VALUE,ERR_MSG) VALUES ('TBLID_BPROCDATA_LOOKUP','RELEASE',13,'KEY','route_ver','0','',NULL,NULL);
INSERT INTO SM_CHECK_DEF (TABLE_ID,CHECK_TYPE,CHECK_ORDER,CHECK_KIND,FIELD_NAME,REF_TABLE,REF_FIELD,EXPECT_VALUE,ERR_MSG) VALUES ('TBLID_BPROCDATA_LOOKUP','RELEASE',14,'RELEASE_PARAM','route_id','D12',NULL,NULL,NULL);
INSERT INTO SM_CHECK_DEF (TABLE_ID,CHECK_TYPE,CHECK_ORDER,CHECK_KIND,FIELD_NAME,REF_TABLE,REF_FIELD,EXPECT_VALUE,ERR_MSG) VALUES ('TBLID_BPROCDATA_LOOKUP','RELEASE',15,'RELEASE_PARAM','route_ver','D3',NULL,NULL,NULL);
INSERT INTO SM_CHECK_DEF (TABLE_ID,CHECK_TYPE,CHECK_ORDER,CHECK_KIND,FIELD_NAME,REF_TABLE,REF_FIELD,EXPECT_VALUE,ERR_MSG) VALUES ('TBLID_BPROCDATA_LOOKUP','RELEASE',16,'RELEASE_PARAM','ope_no','D6',NULL,NULL,NULL);
INSERT INTO SM_CHECK_DEF (TABLE_ID,CHECK_TYPE,CHECK_ORDER,CHECK_KIND,FIELD_NAME,REF_TABLE,REF_FIELD,EXPECT_VALUE,ERR_MSG) VALUES ('TBLID_BPROCDATA_LOOKUP','RELEASE',17,'RELEASE_PARAM','prod_id','D20',NULL,NULL,NULL);
INSERT INTO SM_CHECK_DEF (TABLE_ID,CHECK_TYPE,CHECK_ORDER,CHECK_KIND,FIELD_NAME,REF_TABLE,REF_FIELD,EXPECT_VALUE,ERR_MSG) VALUES ('TBLID_BPROCDATA_LOOKUP','RELEASE',18,'RELEASE_PARAM','eqp_id','D10',NULL,NULL,NULL);
INSERT INTO SM_CHECK_DEF (TABLE_ID,CHECK_TYPE,CHECK_ORDER,CHECK_KIND,FIELD_NAME,REF_TABLE,REF_FIELD,EXPECT_VALUE,ERR_MSG) VALUES ('TBLID_BPROCDATA_LOOKUP','RELEASE',19,'RELEASE_WRITE','procdata_id','D0',NULL,NULL,NULL);
INSERT INTO SM_CHECK_DEF (TABLE_ID,CHECK_TYPE,CHECK_ORDER,CHECK_KIND,FIELD_NAME,REF_TABLE,REF_FIELD,EXPECT_VALUE,ERR_MSG) VALUES ('TBLID_BPROCDATA_LOOKUP','DELETE',1,'STAT_R',NULL,NULL,NULL,NULL,NULL);
INSERT INTO SM_CHECK_DEF (TABLE_ID,CHECK_TYPE,CHECK_ORDER,CHECK_KIND,FIELD_NAME,REF_TABLE,REF_FIELD,EXPECT_VALUE,ERR_MSG) VALUES ('TBLID_BPROCDATA_LOOKUP','DELETE',2,'STRING','lock_user',NULL,NULL,'',NULL);
INSERT INTO SM_CHECK_DEF (TABLE_ID,CHECK_TYPE,CHECK_ORDER,CHECK_KIND,FIELD_NAME,REF_TABLE,REF_FIELD,EXPECT_VALUE,ERR_MSG) VALUES ('TBLID_BPROCDATA_LOOKUP','DELETE',3,'NULLCHK','lock_time',NULL,NULL,NULL,NULL);
INSERT INTO SM_CHECK_DEF (TABLE_ID,CHECK_TYPE,CHECK_ORDER,CHECK_KIND,FIELD_NAME,REF_TABLE,REF_FIELD,EXPECT_VALUE,ERR_MSG) VALUES ('TBLID_BPROCDATA_LOOKUP','EDITCOMP',1,'STAT_E',NULL,NULL,NULL,NULL,NULL);
INSERT INTO SM_CHECK_DEF (TABLE_ID,CHECK_TYPE,CHECK_ORDER,CHECK_KIND,FIELD_NAME,REF_TABLE,REF_FIELD,EXPECT_VALUE,ERR_MSG) VALUES ('TBLID_BPROCDATA_LOOKUP','EDITCOMP',2,'COMP_N',NULL,NULL,NULL,NULL,'记录已编辑完成');

-- BPRODCODE
INSERT INTO SM_TABLE_DEF (TABLE_ID, TABLE_NAME, JP_TITLE, US_TITLE, RELEASE_FLAG, DISTRIBUTE_FLAG, PERMISSION_TYPE, SCHEMA_TYPE, HAS_DUMMY, SORT_NO)
VALUES ('TBLID_BPRODCODE', 'BPRODCODE', 'BPRODCODE', 'BPRODCODE', 'Y', 'N', 'C', 'L', 'N', 560);
INSERT INTO SM_FIELD_DEF (TABLE_ID,FIELD_NAME,JP_TITLE,US_TITLE,DB_TYPE,DB_LENGTH,IS_KEY,NOT_BLANK,IS_DUMMY,IS_SEARCH_ITEM,SORT_NO,TREE_LEVEL,SHEET_NO,PAGE_NO,PROPERTY_NO,IS_AUTO,IS_MANDATORY,SYSTEM_READONLY,FIELD_TYPE,FIELD_LENGTH,INPUT_ALPHABET,INPUT_MULTIBYTE,INPUT_NUMERIC,INPUT_SYMBOL,INPUT_UPPERCASE,RETRIEVAL_TABLE,FORMAT,DEFAULT_VALUE,MIN_VALUE,MAX_VALUE,CALENDAR_BUTTON,JUMP_BUTTON,OPEN_BUTTON,REF_TABLE_ID,REF_FIELD_NAME,SPECIAL_BUTTON) VALUES ('TBLID_BPRODCODE','PROD_CODE_CAT','PROD_CODE_CAT','PROD_CODE_CAT','STRING',20,'N','Y','N','Y',-1,-1,0,0,0,'N','N','N','STRING',0,'Y',0,'Y','Y','Y','NONE',NULL,NULL,NULL,NULL,'N','N',0,NULL,NULL,0);
INSERT INTO SM_FIELD_DEF (TABLE_ID,FIELD_NAME,JP_TITLE,US_TITLE,DB_TYPE,DB_LENGTH,IS_KEY,NOT_BLANK,IS_DUMMY,IS_SEARCH_ITEM,SORT_NO,TREE_LEVEL,SHEET_NO,PAGE_NO,PROPERTY_NO,IS_AUTO,IS_MANDATORY,SYSTEM_READONLY,FIELD_TYPE,FIELD_LENGTH,INPUT_ALPHABET,INPUT_MULTIBYTE,INPUT_NUMERIC,INPUT_SYMBOL,INPUT_UPPERCASE,RETRIEVAL_TABLE,FORMAT,DEFAULT_VALUE,MIN_VALUE,MAX_VALUE,CALENDAR_BUTTON,JUMP_BUTTON,OPEN_BUTTON,REF_TABLE_ID,REF_FIELD_NAME,SPECIAL_BUTTON) VALUES ('TBLID_BPRODCODE','PROD_CODE_ID','PROD_CODE_ID','PROD_CODE_ID','STRING',10,'N','Y','N','Y',-1,-1,0,0,0,'N','N','N','STRING',0,'Y',0,'Y','Y','Y','NONE',NULL,NULL,NULL,NULL,'N','N',0,NULL,NULL,0);
INSERT INTO SM_FIELD_DEF (TABLE_ID,FIELD_NAME,JP_TITLE,US_TITLE,DB_TYPE,DB_LENGTH,IS_KEY,NOT_BLANK,IS_DUMMY,IS_SEARCH_ITEM,SORT_NO,TREE_LEVEL,SHEET_NO,PAGE_NO,PROPERTY_NO,IS_AUTO,IS_MANDATORY,SYSTEM_READONLY,FIELD_TYPE,FIELD_LENGTH,INPUT_ALPHABET,INPUT_MULTIBYTE,INPUT_NUMERIC,INPUT_SYMBOL,INPUT_UPPERCASE,RETRIEVAL_TABLE,FORMAT,DEFAULT_VALUE,MIN_VALUE,MAX_VALUE,CALENDAR_BUTTON,JUMP_BUTTON,OPEN_BUTTON,REF_TABLE_ID,REF_FIELD_NAME,SPECIAL_BUTTON) VALUES ('TBLID_BPRODCODE','PROD_CODE_NAME','PROD_CODE_NAME','PROD_CODE_NAME','STRING',40,'N','Y','N','Y',-1,-1,0,0,0,'N','N','N','STRING',0,'Y',0,'Y','Y','Y','NONE',NULL,NULL,NULL,NULL,'N','N',0,NULL,NULL,0);
INSERT INTO SM_FIELD_DEF (TABLE_ID,FIELD_NAME,JP_TITLE,US_TITLE,DB_TYPE,DB_LENGTH,IS_KEY,NOT_BLANK,IS_DUMMY,IS_SEARCH_ITEM,SORT_NO,TREE_LEVEL,SHEET_NO,PAGE_NO,PROPERTY_NO,IS_AUTO,IS_MANDATORY,SYSTEM_READONLY,FIELD_TYPE,FIELD_LENGTH,INPUT_ALPHABET,INPUT_MULTIBYTE,INPUT_NUMERIC,INPUT_SYMBOL,INPUT_UPPERCASE,RETRIEVAL_TABLE,FORMAT,DEFAULT_VALUE,MIN_VALUE,MAX_VALUE,CALENDAR_BUTTON,JUMP_BUTTON,OPEN_BUTTON,REF_TABLE_ID,REF_FIELD_NAME,SPECIAL_BUTTON) VALUES ('TBLID_BPRODCODE','PROD_CODE_DESC','PROD_CODE_DESC','PROD_CODE_DESC','STRING',80,'N','Y','N','Y',-1,-1,0,0,0,'N','N','N','STRING',0,'Y',0,'Y','Y','Y','NONE',NULL,NULL,NULL,NULL,'N','N',0,NULL,NULL,0);
INSERT INTO SM_CHECK_DEF (TABLE_ID,CHECK_TYPE,CHECK_ORDER,CHECK_KIND,FIELD_NAME,REF_TABLE,REF_FIELD,EXPECT_VALUE,ERR_MSG) VALUES ('TBLID_BPRODCODE','SAVE',1,'STAT_E',NULL,NULL,NULL,NULL,NULL);
INSERT INTO SM_CHECK_DEF (TABLE_ID,CHECK_TYPE,CHECK_ORDER,CHECK_KIND,FIELD_NAME,REF_TABLE,REF_FIELD,EXPECT_VALUE,ERR_MSG) VALUES ('TBLID_BPRODCODE','SAVE',2,'STRING','lock_user',NULL,NULL,'',NULL);
INSERT INTO SM_CHECK_DEF (TABLE_ID,CHECK_TYPE,CHECK_ORDER,CHECK_KIND,FIELD_NAME,REF_TABLE,REF_FIELD,EXPECT_VALUE,ERR_MSG) VALUES ('TBLID_BPRODCODE','SAVE',3,'NULLCHK','lock_time',NULL,NULL,NULL,NULL);
INSERT INTO SM_CHECK_DEF (TABLE_ID,CHECK_TYPE,CHECK_ORDER,CHECK_KIND,FIELD_NAME,REF_TABLE,REF_FIELD,EXPECT_VALUE,ERR_MSG) VALUES ('TBLID_BPRODCODE','RELEASE',1,'STAT_E',NULL,NULL,NULL,NULL,NULL);
INSERT INTO SM_CHECK_DEF (TABLE_ID,CHECK_TYPE,CHECK_ORDER,CHECK_KIND,FIELD_NAME,REF_TABLE,REF_FIELD,EXPECT_VALUE,ERR_MSG) VALUES ('TBLID_BPRODCODE','RELEASE',2,'STRING','lock_user',NULL,NULL,'',NULL);
INSERT INTO SM_CHECK_DEF (TABLE_ID,CHECK_TYPE,CHECK_ORDER,CHECK_KIND,FIELD_NAME,REF_TABLE,REF_FIELD,EXPECT_VALUE,ERR_MSG) VALUES ('TBLID_BPRODCODE','RELEASE',3,'NULLCHK','lock_time',NULL,NULL,NULL,NULL);
INSERT INTO SM_CHECK_DEF (TABLE_ID,CHECK_TYPE,CHECK_ORDER,CHECK_KIND,FIELD_NAME,REF_TABLE,REF_FIELD,EXPECT_VALUE,ERR_MSG) VALUES ('TBLID_BPRODCODE','RELEASE',4,'RELEASE_PARAM','prod_code_cat','D20',NULL,NULL,NULL);
INSERT INTO SM_CHECK_DEF (TABLE_ID,CHECK_TYPE,CHECK_ORDER,CHECK_KIND,FIELD_NAME,REF_TABLE,REF_FIELD,EXPECT_VALUE,ERR_MSG) VALUES ('TBLID_BPRODCODE','RELEASE',5,'RELEASE_PARAM','prod_code_id','D10',NULL,NULL,NULL);
INSERT INTO SM_CHECK_DEF (TABLE_ID,CHECK_TYPE,CHECK_ORDER,CHECK_KIND,FIELD_NAME,REF_TABLE,REF_FIELD,EXPECT_VALUE,ERR_MSG) VALUES ('TBLID_BPRODCODE','RELEASE',6,'RELEASE_WRITE','prod_code_name','D0',NULL,NULL,NULL);
INSERT INTO SM_CHECK_DEF (TABLE_ID,CHECK_TYPE,CHECK_ORDER,CHECK_KIND,FIELD_NAME,REF_TABLE,REF_FIELD,EXPECT_VALUE,ERR_MSG) VALUES ('TBLID_BPRODCODE','RELEASE',7,'RELEASE_WRITE','prod_code_desc','D0',NULL,NULL,NULL);
INSERT INTO SM_CHECK_DEF (TABLE_ID,CHECK_TYPE,CHECK_ORDER,CHECK_KIND,FIELD_NAME,REF_TABLE,REF_FIELD,EXPECT_VALUE,ERR_MSG) VALUES ('TBLID_BPRODCODE','DELETE',1,'STAT_R',NULL,NULL,NULL,NULL,NULL);
INSERT INTO SM_CHECK_DEF (TABLE_ID,CHECK_TYPE,CHECK_ORDER,CHECK_KIND,FIELD_NAME,REF_TABLE,REF_FIELD,EXPECT_VALUE,ERR_MSG) VALUES ('TBLID_BPRODCODE','DELETE',2,'STRING','lock_user',NULL,NULL,'',NULL);
INSERT INTO SM_CHECK_DEF (TABLE_ID,CHECK_TYPE,CHECK_ORDER,CHECK_KIND,FIELD_NAME,REF_TABLE,REF_FIELD,EXPECT_VALUE,ERR_MSG) VALUES ('TBLID_BPRODCODE','DELETE',3,'NULLCHK','lock_time',NULL,NULL,NULL,NULL);
INSERT INTO SM_CHECK_DEF (TABLE_ID,CHECK_TYPE,CHECK_ORDER,CHECK_KIND,FIELD_NAME,REF_TABLE,REF_FIELD,EXPECT_VALUE,ERR_MSG) VALUES ('TBLID_BPRODCODE','EDITCOMP',1,'STAT_E',NULL,NULL,NULL,NULL,NULL);
INSERT INTO SM_CHECK_DEF (TABLE_ID,CHECK_TYPE,CHECK_ORDER,CHECK_KIND,FIELD_NAME,REF_TABLE,REF_FIELD,EXPECT_VALUE,ERR_MSG) VALUES ('TBLID_BPRODCODE','EDITCOMP',2,'COMP_N',NULL,NULL,NULL,NULL,'记录已编辑完成');

-- BPROD_02
INSERT INTO SM_TABLE_DEF (TABLE_ID, TABLE_NAME, JP_TITLE, US_TITLE, RELEASE_FLAG, DISTRIBUTE_FLAG, PERMISSION_TYPE, SCHEMA_TYPE, HAS_DUMMY, SORT_NO)
VALUES ('TBLID_BPROD_02', 'BPROD_02', 'BPROD_02', 'BPROD_02', 'Y', 'N', 'C', 'L', 'N', 570);
INSERT INTO SM_FIELD_DEF (TABLE_ID,FIELD_NAME,JP_TITLE,US_TITLE,DB_TYPE,DB_LENGTH,IS_KEY,NOT_BLANK,IS_DUMMY,IS_SEARCH_ITEM,SORT_NO,TREE_LEVEL,SHEET_NO,PAGE_NO,PROPERTY_NO,IS_AUTO,IS_MANDATORY,SYSTEM_READONLY,FIELD_TYPE,FIELD_LENGTH,INPUT_ALPHABET,INPUT_MULTIBYTE,INPUT_NUMERIC,INPUT_SYMBOL,INPUT_UPPERCASE,RETRIEVAL_TABLE,FORMAT,DEFAULT_VALUE,MIN_VALUE,MAX_VALUE,CALENDAR_BUTTON,JUMP_BUTTON,OPEN_BUTTON,REF_TABLE_ID,REF_FIELD_NAME,SPECIAL_BUTTON) VALUES ('TBLID_BPROD_02','PROD_ID','PROD_ID','PROD_ID','STRING',20,'N','Y','N','Y',-1,-1,0,0,0,'N','N','N','STRING',0,'Y',0,'Y','Y','Y','NONE',NULL,NULL,NULL,NULL,'N','N',0,NULL,NULL,0);
INSERT INTO SM_FIELD_DEF (TABLE_ID,FIELD_NAME,JP_TITLE,US_TITLE,DB_TYPE,DB_LENGTH,IS_KEY,NOT_BLANK,IS_DUMMY,IS_SEARCH_ITEM,SORT_NO,TREE_LEVEL,SHEET_NO,PAGE_NO,PROPERTY_NO,IS_AUTO,IS_MANDATORY,SYSTEM_READONLY,FIELD_TYPE,FIELD_LENGTH,INPUT_ALPHABET,INPUT_MULTIBYTE,INPUT_NUMERIC,INPUT_SYMBOL,INPUT_UPPERCASE,RETRIEVAL_TABLE,FORMAT,DEFAULT_VALUE,MIN_VALUE,MAX_VALUE,CALENDAR_BUTTON,JUMP_BUTTON,OPEN_BUTTON,REF_TABLE_ID,REF_FIELD_NAME,SPECIAL_BUTTON) VALUES ('TBLID_BPROD_02','DPROD_FIELD','DPROD_FIELD','DPROD_FIELD','STRING',40,'N','Y','N','Y',-1,-1,0,0,0,'N','N','N','STRING',0,'Y',0,'Y','Y','Y','NONE',NULL,NULL,NULL,NULL,'N','N',0,NULL,NULL,0);
INSERT INTO SM_FIELD_DEF (TABLE_ID,FIELD_NAME,JP_TITLE,US_TITLE,DB_TYPE,DB_LENGTH,IS_KEY,NOT_BLANK,IS_DUMMY,IS_SEARCH_ITEM,SORT_NO,TREE_LEVEL,SHEET_NO,PAGE_NO,PROPERTY_NO,IS_AUTO,IS_MANDATORY,SYSTEM_READONLY,FIELD_TYPE,FIELD_LENGTH,INPUT_ALPHABET,INPUT_MULTIBYTE,INPUT_NUMERIC,INPUT_SYMBOL,INPUT_UPPERCASE,RETRIEVAL_TABLE,FORMAT,DEFAULT_VALUE,MIN_VALUE,MAX_VALUE,CALENDAR_BUTTON,JUMP_BUTTON,OPEN_BUTTON,REF_TABLE_ID,REF_FIELD_NAME,SPECIAL_BUTTON) VALUES ('TBLID_BPROD_02','ITEM_VAL','ITEM_VAL','ITEM_VAL','STRING',40,'N','Y','N','Y',-1,-1,0,0,0,'N','N','N','STRING',0,'Y',0,'Y','Y','Y','NONE',NULL,NULL,NULL,NULL,'N','N',0,NULL,NULL,0);
INSERT INTO SM_FIELD_DEF (TABLE_ID,FIELD_NAME,JP_TITLE,US_TITLE,DB_TYPE,DB_LENGTH,IS_KEY,NOT_BLANK,IS_DUMMY,IS_SEARCH_ITEM,SORT_NO,TREE_LEVEL,SHEET_NO,PAGE_NO,PROPERTY_NO,IS_AUTO,IS_MANDATORY,SYSTEM_READONLY,FIELD_TYPE,FIELD_LENGTH,INPUT_ALPHABET,INPUT_MULTIBYTE,INPUT_NUMERIC,INPUT_SYMBOL,INPUT_UPPERCASE,RETRIEVAL_TABLE,FORMAT,DEFAULT_VALUE,MIN_VALUE,MAX_VALUE,CALENDAR_BUTTON,JUMP_BUTTON,OPEN_BUTTON,REF_TABLE_ID,REF_FIELD_NAME,SPECIAL_BUTTON) VALUES ('TBLID_BPROD_02','SEQ_NO','SEQ_NO','SEQ_NO','STRING',0,'N','Y','N','Y',-1,-1,0,0,0,'N','N','N','STRING',0,'Y',0,'Y','Y','Y','NONE',NULL,NULL,NULL,NULL,'N','N',0,NULL,NULL,0);
INSERT INTO SM_CHECK_DEF (TABLE_ID,CHECK_TYPE,CHECK_ORDER,CHECK_KIND,FIELD_NAME,REF_TABLE,REF_FIELD,EXPECT_VALUE,ERR_MSG) VALUES ('TBLID_BPROD_02','SAVE',1,'STAT_E',NULL,NULL,NULL,NULL,NULL);
INSERT INTO SM_CHECK_DEF (TABLE_ID,CHECK_TYPE,CHECK_ORDER,CHECK_KIND,FIELD_NAME,REF_TABLE,REF_FIELD,EXPECT_VALUE,ERR_MSG) VALUES ('TBLID_BPROD_02','SAVE',2,'STRING','lock_user',NULL,NULL,'',NULL);
INSERT INTO SM_CHECK_DEF (TABLE_ID,CHECK_TYPE,CHECK_ORDER,CHECK_KIND,FIELD_NAME,REF_TABLE,REF_FIELD,EXPECT_VALUE,ERR_MSG) VALUES ('TBLID_BPROD_02','SAVE',3,'NULLCHK','lock_time',NULL,NULL,NULL,NULL);
INSERT INTO SM_CHECK_DEF (TABLE_ID,CHECK_TYPE,CHECK_ORDER,CHECK_KIND,FIELD_NAME,REF_TABLE,REF_FIELD,EXPECT_VALUE,ERR_MSG) VALUES ('TBLID_BPROD_02','DELETE',1,'STAT_R',NULL,NULL,NULL,NULL,NULL);
INSERT INTO SM_CHECK_DEF (TABLE_ID,CHECK_TYPE,CHECK_ORDER,CHECK_KIND,FIELD_NAME,REF_TABLE,REF_FIELD,EXPECT_VALUE,ERR_MSG) VALUES ('TBLID_BPROD_02','DELETE',2,'STRING','lock_user',NULL,NULL,'',NULL);
INSERT INTO SM_CHECK_DEF (TABLE_ID,CHECK_TYPE,CHECK_ORDER,CHECK_KIND,FIELD_NAME,REF_TABLE,REF_FIELD,EXPECT_VALUE,ERR_MSG) VALUES ('TBLID_BPROD_02','DELETE',3,'NULLCHK','lock_time',NULL,NULL,NULL,NULL);
INSERT INTO SM_CHECK_DEF (TABLE_ID,CHECK_TYPE,CHECK_ORDER,CHECK_KIND,FIELD_NAME,REF_TABLE,REF_FIELD,EXPECT_VALUE,ERR_MSG) VALUES ('TBLID_BPROD_02','EDITCOMP',1,'STAT_E',NULL,NULL,NULL,NULL,NULL);
INSERT INTO SM_CHECK_DEF (TABLE_ID,CHECK_TYPE,CHECK_ORDER,CHECK_KIND,FIELD_NAME,REF_TABLE,REF_FIELD,EXPECT_VALUE,ERR_MSG) VALUES ('TBLID_BPROD_02','EDITCOMP',2,'COMP_N',NULL,NULL,NULL,NULL,'记录已编辑完成');

-- BPROD_BINCODE
INSERT INTO SM_TABLE_DEF (TABLE_ID, TABLE_NAME, JP_TITLE, US_TITLE, RELEASE_FLAG, DISTRIBUTE_FLAG, PERMISSION_TYPE, SCHEMA_TYPE, HAS_DUMMY, SORT_NO)
VALUES ('TBLID_BPROD_BINCODE', 'BPROD_BINCODE', 'BPROD_BINCODE', 'BPROD_BINCODE', 'Y', 'N', 'C', 'L', 'N', 580);
INSERT INTO SM_FIELD_DEF (TABLE_ID,FIELD_NAME,JP_TITLE,US_TITLE,DB_TYPE,DB_LENGTH,IS_KEY,NOT_BLANK,IS_DUMMY,IS_SEARCH_ITEM,SORT_NO,TREE_LEVEL,SHEET_NO,PAGE_NO,PROPERTY_NO,IS_AUTO,IS_MANDATORY,SYSTEM_READONLY,FIELD_TYPE,FIELD_LENGTH,INPUT_ALPHABET,INPUT_MULTIBYTE,INPUT_NUMERIC,INPUT_SYMBOL,INPUT_UPPERCASE,RETRIEVAL_TABLE,FORMAT,DEFAULT_VALUE,MIN_VALUE,MAX_VALUE,CALENDAR_BUTTON,JUMP_BUTTON,OPEN_BUTTON,REF_TABLE_ID,REF_FIELD_NAME,SPECIAL_BUTTON) VALUES ('TBLID_BPROD_BINCODE','PROD_ID','PROD_ID','PROD_ID','STRING',20,'N','Y','N','Y',-1,-1,0,0,0,'N','N','N','STRING',0,'Y',0,'Y','Y','Y','NONE',NULL,NULL,NULL,NULL,'N','N',0,NULL,NULL,0);
INSERT INTO SM_FIELD_DEF (TABLE_ID,FIELD_NAME,JP_TITLE,US_TITLE,DB_TYPE,DB_LENGTH,IS_KEY,NOT_BLANK,IS_DUMMY,IS_SEARCH_ITEM,SORT_NO,TREE_LEVEL,SHEET_NO,PAGE_NO,PROPERTY_NO,IS_AUTO,IS_MANDATORY,SYSTEM_READONLY,FIELD_TYPE,FIELD_LENGTH,INPUT_ALPHABET,INPUT_MULTIBYTE,INPUT_NUMERIC,INPUT_SYMBOL,INPUT_UPPERCASE,RETRIEVAL_TABLE,FORMAT,DEFAULT_VALUE,MIN_VALUE,MAX_VALUE,CALENDAR_BUTTON,JUMP_BUTTON,OPEN_BUTTON,REF_TABLE_ID,REF_FIELD_NAME,SPECIAL_BUTTON) VALUES ('TBLID_BPROD_BINCODE','BINCODE','BINCODE','BINCODE','STRING',10,'N','Y','N','Y',-1,-1,0,0,0,'N','N','N','STRING',0,'Y',0,'Y','Y','Y','NONE',NULL,NULL,NULL,NULL,'N','N',0,NULL,NULL,0);
INSERT INTO SM_FIELD_DEF (TABLE_ID,FIELD_NAME,JP_TITLE,US_TITLE,DB_TYPE,DB_LENGTH,IS_KEY,NOT_BLANK,IS_DUMMY,IS_SEARCH_ITEM,SORT_NO,TREE_LEVEL,SHEET_NO,PAGE_NO,PROPERTY_NO,IS_AUTO,IS_MANDATORY,SYSTEM_READONLY,FIELD_TYPE,FIELD_LENGTH,INPUT_ALPHABET,INPUT_MULTIBYTE,INPUT_NUMERIC,INPUT_SYMBOL,INPUT_UPPERCASE,RETRIEVAL_TABLE,FORMAT,DEFAULT_VALUE,MIN_VALUE,MAX_VALUE,CALENDAR_BUTTON,JUMP_BUTTON,OPEN_BUTTON,REF_TABLE_ID,REF_FIELD_NAME,SPECIAL_BUTTON) VALUES ('TBLID_BPROD_BINCODE','MEAS_ITEM','MEAS_ITEM','MEAS_ITEM','STRING',10,'N','Y','N','Y',-1,-1,0,0,0,'N','N','N','STRING',0,'Y',0,'Y','Y','Y','NONE',NULL,NULL,NULL,NULL,'N','N',0,NULL,NULL,0);
INSERT INTO SM_FIELD_DEF (TABLE_ID,FIELD_NAME,JP_TITLE,US_TITLE,DB_TYPE,DB_LENGTH,IS_KEY,NOT_BLANK,IS_DUMMY,IS_SEARCH_ITEM,SORT_NO,TREE_LEVEL,SHEET_NO,PAGE_NO,PROPERTY_NO,IS_AUTO,IS_MANDATORY,SYSTEM_READONLY,FIELD_TYPE,FIELD_LENGTH,INPUT_ALPHABET,INPUT_MULTIBYTE,INPUT_NUMERIC,INPUT_SYMBOL,INPUT_UPPERCASE,RETRIEVAL_TABLE,FORMAT,DEFAULT_VALUE,MIN_VALUE,MAX_VALUE,CALENDAR_BUTTON,JUMP_BUTTON,OPEN_BUTTON,REF_TABLE_ID,REF_FIELD_NAME,SPECIAL_BUTTON) VALUES ('TBLID_BPROD_BINCODE','CODE_DESC','CODE_DESC','CODE_DESC','STRING',80,'N','Y','N','Y',-1,-1,0,0,0,'N','N','N','STRING',0,'Y',0,'Y','Y','Y','NONE',NULL,NULL,NULL,NULL,'N','N',0,NULL,NULL,0);
INSERT INTO SM_CHECK_DEF (TABLE_ID,CHECK_TYPE,CHECK_ORDER,CHECK_KIND,FIELD_NAME,REF_TABLE,REF_FIELD,EXPECT_VALUE,ERR_MSG) VALUES ('TBLID_BPROD_BINCODE','SAVE',1,'STAT_E',NULL,NULL,NULL,NULL,NULL);
INSERT INTO SM_CHECK_DEF (TABLE_ID,CHECK_TYPE,CHECK_ORDER,CHECK_KIND,FIELD_NAME,REF_TABLE,REF_FIELD,EXPECT_VALUE,ERR_MSG) VALUES ('TBLID_BPROD_BINCODE','SAVE',2,'STRING','lock_user',NULL,NULL,'',NULL);
INSERT INTO SM_CHECK_DEF (TABLE_ID,CHECK_TYPE,CHECK_ORDER,CHECK_KIND,FIELD_NAME,REF_TABLE,REF_FIELD,EXPECT_VALUE,ERR_MSG) VALUES ('TBLID_BPROD_BINCODE','SAVE',3,'NULLCHK','lock_time',NULL,NULL,NULL,NULL);
INSERT INTO SM_CHECK_DEF (TABLE_ID,CHECK_TYPE,CHECK_ORDER,CHECK_KIND,FIELD_NAME,REF_TABLE,REF_FIELD,EXPECT_VALUE,ERR_MSG) VALUES ('TBLID_BPROD_BINCODE','RELEASE',1,'STAT_E',NULL,NULL,NULL,NULL,NULL);
INSERT INTO SM_CHECK_DEF (TABLE_ID,CHECK_TYPE,CHECK_ORDER,CHECK_KIND,FIELD_NAME,REF_TABLE,REF_FIELD,EXPECT_VALUE,ERR_MSG) VALUES ('TBLID_BPROD_BINCODE','RELEASE',2,'STRING','lock_user',NULL,NULL,'',NULL);
INSERT INTO SM_CHECK_DEF (TABLE_ID,CHECK_TYPE,CHECK_ORDER,CHECK_KIND,FIELD_NAME,REF_TABLE,REF_FIELD,EXPECT_VALUE,ERR_MSG) VALUES ('TBLID_BPROD_BINCODE','RELEASE',3,'NULLCHK','lock_time',NULL,NULL,NULL,NULL);
INSERT INTO SM_CHECK_DEF (TABLE_ID,CHECK_TYPE,CHECK_ORDER,CHECK_KIND,FIELD_NAME,REF_TABLE,REF_FIELD,EXPECT_VALUE,ERR_MSG) VALUES ('TBLID_BPROD_BINCODE','RELEASE',4,'RELEASE_PARAM','prod_id','D20',NULL,NULL,NULL);
INSERT INTO SM_CHECK_DEF (TABLE_ID,CHECK_TYPE,CHECK_ORDER,CHECK_KIND,FIELD_NAME,REF_TABLE,REF_FIELD,EXPECT_VALUE,ERR_MSG) VALUES ('TBLID_BPROD_BINCODE','RELEASE',5,'RELEASE_PARAM','bincode','D10',NULL,NULL,NULL);
INSERT INTO SM_CHECK_DEF (TABLE_ID,CHECK_TYPE,CHECK_ORDER,CHECK_KIND,FIELD_NAME,REF_TABLE,REF_FIELD,EXPECT_VALUE,ERR_MSG) VALUES ('TBLID_BPROD_BINCODE','RELEASE',6,'RELEASE_PARAM','meas_item','D10',NULL,NULL,NULL);
INSERT INTO SM_CHECK_DEF (TABLE_ID,CHECK_TYPE,CHECK_ORDER,CHECK_KIND,FIELD_NAME,REF_TABLE,REF_FIELD,EXPECT_VALUE,ERR_MSG) VALUES ('TBLID_BPROD_BINCODE','RELEASE',7,'RELEASE_WRITE','code_desc','D0',NULL,NULL,NULL);
INSERT INTO SM_CHECK_DEF (TABLE_ID,CHECK_TYPE,CHECK_ORDER,CHECK_KIND,FIELD_NAME,REF_TABLE,REF_FIELD,EXPECT_VALUE,ERR_MSG) VALUES ('TBLID_BPROD_BINCODE','DELETE',1,'STAT_R',NULL,NULL,NULL,NULL,NULL);
INSERT INTO SM_CHECK_DEF (TABLE_ID,CHECK_TYPE,CHECK_ORDER,CHECK_KIND,FIELD_NAME,REF_TABLE,REF_FIELD,EXPECT_VALUE,ERR_MSG) VALUES ('TBLID_BPROD_BINCODE','DELETE',2,'STRING','lock_user',NULL,NULL,'',NULL);
INSERT INTO SM_CHECK_DEF (TABLE_ID,CHECK_TYPE,CHECK_ORDER,CHECK_KIND,FIELD_NAME,REF_TABLE,REF_FIELD,EXPECT_VALUE,ERR_MSG) VALUES ('TBLID_BPROD_BINCODE','DELETE',3,'NULLCHK','lock_time',NULL,NULL,NULL,NULL);
INSERT INTO SM_CHECK_DEF (TABLE_ID,CHECK_TYPE,CHECK_ORDER,CHECK_KIND,FIELD_NAME,REF_TABLE,REF_FIELD,EXPECT_VALUE,ERR_MSG) VALUES ('TBLID_BPROD_BINCODE','EDITCOMP',1,'STAT_E',NULL,NULL,NULL,NULL,NULL);
INSERT INTO SM_CHECK_DEF (TABLE_ID,CHECK_TYPE,CHECK_ORDER,CHECK_KIND,FIELD_NAME,REF_TABLE,REF_FIELD,EXPECT_VALUE,ERR_MSG) VALUES ('TBLID_BPROD_BINCODE','EDITCOMP',2,'COMP_N',NULL,NULL,NULL,NULL,'记录已编辑完成');

-- BPROD_CHG_SPEC
INSERT INTO SM_TABLE_DEF (TABLE_ID, TABLE_NAME, JP_TITLE, US_TITLE, RELEASE_FLAG, DISTRIBUTE_FLAG, PERMISSION_TYPE, SCHEMA_TYPE, HAS_DUMMY, SORT_NO)
VALUES ('TBLID_BPROD_CHG_SPEC', 'BPROD_CHG_SPEC', 'BPROD_CHG_SPEC', 'BPROD_CHG_SPEC', 'Y', 'N', 'C', 'L', 'N', 590);
INSERT INTO SM_FIELD_DEF (TABLE_ID,FIELD_NAME,JP_TITLE,US_TITLE,DB_TYPE,DB_LENGTH,IS_KEY,NOT_BLANK,IS_DUMMY,IS_SEARCH_ITEM,SORT_NO,TREE_LEVEL,SHEET_NO,PAGE_NO,PROPERTY_NO,IS_AUTO,IS_MANDATORY,SYSTEM_READONLY,FIELD_TYPE,FIELD_LENGTH,INPUT_ALPHABET,INPUT_MULTIBYTE,INPUT_NUMERIC,INPUT_SYMBOL,INPUT_UPPERCASE,RETRIEVAL_TABLE,FORMAT,DEFAULT_VALUE,MIN_VALUE,MAX_VALUE,CALENDAR_BUTTON,JUMP_BUTTON,OPEN_BUTTON,REF_TABLE_ID,REF_FIELD_NAME,SPECIAL_BUTTON) VALUES ('TBLID_BPROD_CHG_SPEC','PROD_ID','PROD_ID','PROD_ID','STRING',20,'N','Y','N','Y',-1,-1,0,0,0,'N','N','N','STRING',0,'Y',0,'Y','Y','Y','NONE',NULL,NULL,NULL,NULL,'N','N',0,NULL,NULL,0);
INSERT INTO SM_FIELD_DEF (TABLE_ID,FIELD_NAME,JP_TITLE,US_TITLE,DB_TYPE,DB_LENGTH,IS_KEY,NOT_BLANK,IS_DUMMY,IS_SEARCH_ITEM,SORT_NO,TREE_LEVEL,SHEET_NO,PAGE_NO,PROPERTY_NO,IS_AUTO,IS_MANDATORY,SYSTEM_READONLY,FIELD_TYPE,FIELD_LENGTH,INPUT_ALPHABET,INPUT_MULTIBYTE,INPUT_NUMERIC,INPUT_SYMBOL,INPUT_UPPERCASE,RETRIEVAL_TABLE,FORMAT,DEFAULT_VALUE,MIN_VALUE,MAX_VALUE,CALENDAR_BUTTON,JUMP_BUTTON,OPEN_BUTTON,REF_TABLE_ID,REF_FIELD_NAME,SPECIAL_BUTTON) VALUES ('TBLID_BPROD_CHG_SPEC','JUDGE_ITEM','JUDGE_ITEM','JUDGE_ITEM','STRING',10,'N','Y','N','Y',-1,-1,0,0,0,'N','N','N','STRING',0,'Y',0,'Y','Y','Y','NONE',NULL,NULL,NULL,NULL,'N','N',0,NULL,NULL,0);
INSERT INTO SM_FIELD_DEF (TABLE_ID,FIELD_NAME,JP_TITLE,US_TITLE,DB_TYPE,DB_LENGTH,IS_KEY,NOT_BLANK,IS_DUMMY,IS_SEARCH_ITEM,SORT_NO,TREE_LEVEL,SHEET_NO,PAGE_NO,PROPERTY_NO,IS_AUTO,IS_MANDATORY,SYSTEM_READONLY,FIELD_TYPE,FIELD_LENGTH,INPUT_ALPHABET,INPUT_MULTIBYTE,INPUT_NUMERIC,INPUT_SYMBOL,INPUT_UPPERCASE,RETRIEVAL_TABLE,FORMAT,DEFAULT_VALUE,MIN_VALUE,MAX_VALUE,CALENDAR_BUTTON,JUMP_BUTTON,OPEN_BUTTON,REF_TABLE_ID,REF_FIELD_NAME,SPECIAL_BUTTON) VALUES ('TBLID_BPROD_CHG_SPEC','MEAS_ITEM','MEAS_ITEM','MEAS_ITEM','STRING',10,'N','Y','N','Y',-1,-1,0,0,0,'N','N','N','STRING',0,'Y',0,'Y','Y','Y','NONE',NULL,NULL,NULL,NULL,'N','N',0,NULL,NULL,0);
INSERT INTO SM_FIELD_DEF (TABLE_ID,FIELD_NAME,JP_TITLE,US_TITLE,DB_TYPE,DB_LENGTH,IS_KEY,NOT_BLANK,IS_DUMMY,IS_SEARCH_ITEM,SORT_NO,TREE_LEVEL,SHEET_NO,PAGE_NO,PROPERTY_NO,IS_AUTO,IS_MANDATORY,SYSTEM_READONLY,FIELD_TYPE,FIELD_LENGTH,INPUT_ALPHABET,INPUT_MULTIBYTE,INPUT_NUMERIC,INPUT_SYMBOL,INPUT_UPPERCASE,RETRIEVAL_TABLE,FORMAT,DEFAULT_VALUE,MIN_VALUE,MAX_VALUE,CALENDAR_BUTTON,JUMP_BUTTON,OPEN_BUTTON,REF_TABLE_ID,REF_FIELD_NAME,SPECIAL_BUTTON) VALUES ('TBLID_BPROD_CHG_SPEC','H_VAL','H_VAL','H_VAL','STRING',10,'N','Y','N','Y',-1,-1,0,0,0,'N','N','N','STRING',0,'Y',0,'Y','Y','Y','NONE',NULL,NULL,NULL,NULL,'N','N',0,NULL,NULL,0);
INSERT INTO SM_FIELD_DEF (TABLE_ID,FIELD_NAME,JP_TITLE,US_TITLE,DB_TYPE,DB_LENGTH,IS_KEY,NOT_BLANK,IS_DUMMY,IS_SEARCH_ITEM,SORT_NO,TREE_LEVEL,SHEET_NO,PAGE_NO,PROPERTY_NO,IS_AUTO,IS_MANDATORY,SYSTEM_READONLY,FIELD_TYPE,FIELD_LENGTH,INPUT_ALPHABET,INPUT_MULTIBYTE,INPUT_NUMERIC,INPUT_SYMBOL,INPUT_UPPERCASE,RETRIEVAL_TABLE,FORMAT,DEFAULT_VALUE,MIN_VALUE,MAX_VALUE,CALENDAR_BUTTON,JUMP_BUTTON,OPEN_BUTTON,REF_TABLE_ID,REF_FIELD_NAME,SPECIAL_BUTTON) VALUES ('TBLID_BPROD_CHG_SPEC','L_VAL','L_VAL','L_VAL','STRING',10,'N','Y','N','Y',-1,-1,0,0,0,'N','N','N','STRING',0,'Y',0,'Y','Y','Y','NONE',NULL,NULL,NULL,NULL,'N','N',0,NULL,NULL,0);
INSERT INTO SM_CHECK_DEF (TABLE_ID,CHECK_TYPE,CHECK_ORDER,CHECK_KIND,FIELD_NAME,REF_TABLE,REF_FIELD,EXPECT_VALUE,ERR_MSG) VALUES ('TBLID_BPROD_CHG_SPEC','SAVE',1,'STAT_E',NULL,NULL,NULL,NULL,NULL);
INSERT INTO SM_CHECK_DEF (TABLE_ID,CHECK_TYPE,CHECK_ORDER,CHECK_KIND,FIELD_NAME,REF_TABLE,REF_FIELD,EXPECT_VALUE,ERR_MSG) VALUES ('TBLID_BPROD_CHG_SPEC','SAVE',2,'STRING','lock_user',NULL,NULL,'',NULL);
INSERT INTO SM_CHECK_DEF (TABLE_ID,CHECK_TYPE,CHECK_ORDER,CHECK_KIND,FIELD_NAME,REF_TABLE,REF_FIELD,EXPECT_VALUE,ERR_MSG) VALUES ('TBLID_BPROD_CHG_SPEC','SAVE',3,'NULLCHK','lock_time',NULL,NULL,NULL,NULL);
INSERT INTO SM_CHECK_DEF (TABLE_ID,CHECK_TYPE,CHECK_ORDER,CHECK_KIND,FIELD_NAME,REF_TABLE,REF_FIELD,EXPECT_VALUE,ERR_MSG) VALUES ('TBLID_BPROD_CHG_SPEC','RELEASE',1,'STAT_E',NULL,NULL,NULL,NULL,NULL);
INSERT INTO SM_CHECK_DEF (TABLE_ID,CHECK_TYPE,CHECK_ORDER,CHECK_KIND,FIELD_NAME,REF_TABLE,REF_FIELD,EXPECT_VALUE,ERR_MSG) VALUES ('TBLID_BPROD_CHG_SPEC','RELEASE',2,'STRING','lock_user',NULL,NULL,'',NULL);
INSERT INTO SM_CHECK_DEF (TABLE_ID,CHECK_TYPE,CHECK_ORDER,CHECK_KIND,FIELD_NAME,REF_TABLE,REF_FIELD,EXPECT_VALUE,ERR_MSG) VALUES ('TBLID_BPROD_CHG_SPEC','RELEASE',3,'NULLCHK','lock_time',NULL,NULL,NULL,NULL);
INSERT INTO SM_CHECK_DEF (TABLE_ID,CHECK_TYPE,CHECK_ORDER,CHECK_KIND,FIELD_NAME,REF_TABLE,REF_FIELD,EXPECT_VALUE,ERR_MSG) VALUES ('TBLID_BPROD_CHG_SPEC','RELEASE',4,'RELEASE_PARAM','prod_id','D20',NULL,NULL,NULL);
INSERT INTO SM_CHECK_DEF (TABLE_ID,CHECK_TYPE,CHECK_ORDER,CHECK_KIND,FIELD_NAME,REF_TABLE,REF_FIELD,EXPECT_VALUE,ERR_MSG) VALUES ('TBLID_BPROD_CHG_SPEC','RELEASE',5,'RELEASE_PARAM','judge_item','D10',NULL,NULL,NULL);
INSERT INTO SM_CHECK_DEF (TABLE_ID,CHECK_TYPE,CHECK_ORDER,CHECK_KIND,FIELD_NAME,REF_TABLE,REF_FIELD,EXPECT_VALUE,ERR_MSG) VALUES ('TBLID_BPROD_CHG_SPEC','RELEASE',6,'RELEASE_PARAM','meas_item','D10',NULL,NULL,NULL);
INSERT INTO SM_CHECK_DEF (TABLE_ID,CHECK_TYPE,CHECK_ORDER,CHECK_KIND,FIELD_NAME,REF_TABLE,REF_FIELD,EXPECT_VALUE,ERR_MSG) VALUES ('TBLID_BPROD_CHG_SPEC','RELEASE',7,'RELEASE_WRITE','h_val','D0',NULL,NULL,NULL);
INSERT INTO SM_CHECK_DEF (TABLE_ID,CHECK_TYPE,CHECK_ORDER,CHECK_KIND,FIELD_NAME,REF_TABLE,REF_FIELD,EXPECT_VALUE,ERR_MSG) VALUES ('TBLID_BPROD_CHG_SPEC','RELEASE',8,'RELEASE_WRITE','l_val','D0',NULL,NULL,NULL);
INSERT INTO SM_CHECK_DEF (TABLE_ID,CHECK_TYPE,CHECK_ORDER,CHECK_KIND,FIELD_NAME,REF_TABLE,REF_FIELD,EXPECT_VALUE,ERR_MSG) VALUES ('TBLID_BPROD_CHG_SPEC','DELETE',1,'STAT_R',NULL,NULL,NULL,NULL,NULL);
INSERT INTO SM_CHECK_DEF (TABLE_ID,CHECK_TYPE,CHECK_ORDER,CHECK_KIND,FIELD_NAME,REF_TABLE,REF_FIELD,EXPECT_VALUE,ERR_MSG) VALUES ('TBLID_BPROD_CHG_SPEC','DELETE',2,'STRING','lock_user',NULL,NULL,'',NULL);
INSERT INTO SM_CHECK_DEF (TABLE_ID,CHECK_TYPE,CHECK_ORDER,CHECK_KIND,FIELD_NAME,REF_TABLE,REF_FIELD,EXPECT_VALUE,ERR_MSG) VALUES ('TBLID_BPROD_CHG_SPEC','DELETE',3,'NULLCHK','lock_time',NULL,NULL,NULL,NULL);
INSERT INTO SM_CHECK_DEF (TABLE_ID,CHECK_TYPE,CHECK_ORDER,CHECK_KIND,FIELD_NAME,REF_TABLE,REF_FIELD,EXPECT_VALUE,ERR_MSG) VALUES ('TBLID_BPROD_CHG_SPEC','EDITCOMP',1,'STAT_E',NULL,NULL,NULL,NULL,NULL);
INSERT INTO SM_CHECK_DEF (TABLE_ID,CHECK_TYPE,CHECK_ORDER,CHECK_KIND,FIELD_NAME,REF_TABLE,REF_FIELD,EXPECT_VALUE,ERR_MSG) VALUES ('TBLID_BPROD_CHG_SPEC','EDITCOMP',2,'COMP_N',NULL,NULL,NULL,NULL,'记录已编辑完成');

-- BPROD_DIV_ORG
INSERT INTO SM_TABLE_DEF (TABLE_ID, TABLE_NAME, JP_TITLE, US_TITLE, RELEASE_FLAG, DISTRIBUTE_FLAG, PERMISSION_TYPE, SCHEMA_TYPE, HAS_DUMMY, SORT_NO)
VALUES ('TBLID_BPROD_DIV_ORG', 'BPROD_DIV_ORG', 'BPROD_DIV_ORG', 'BPROD_DIV_ORG', 'Y', 'N', 'C', 'L', 'N', 600);
INSERT INTO SM_FIELD_DEF (TABLE_ID,FIELD_NAME,JP_TITLE,US_TITLE,DB_TYPE,DB_LENGTH,IS_KEY,NOT_BLANK,IS_DUMMY,IS_SEARCH_ITEM,SORT_NO,TREE_LEVEL,SHEET_NO,PAGE_NO,PROPERTY_NO,IS_AUTO,IS_MANDATORY,SYSTEM_READONLY,FIELD_TYPE,FIELD_LENGTH,INPUT_ALPHABET,INPUT_MULTIBYTE,INPUT_NUMERIC,INPUT_SYMBOL,INPUT_UPPERCASE,RETRIEVAL_TABLE,FORMAT,DEFAULT_VALUE,MIN_VALUE,MAX_VALUE,CALENDAR_BUTTON,JUMP_BUTTON,OPEN_BUTTON,REF_TABLE_ID,REF_FIELD_NAME,SPECIAL_BUTTON) VALUES ('TBLID_BPROD_DIV_ORG','PROD_ID','PROD_ID','PROD_ID','STRING',20,'N','Y','N','Y',-1,-1,0,0,0,'N','N','N','STRING',0,'Y',0,'Y','Y','Y','NONE',NULL,NULL,NULL,NULL,'N','N',0,NULL,NULL,0);
INSERT INTO SM_FIELD_DEF (TABLE_ID,FIELD_NAME,JP_TITLE,US_TITLE,DB_TYPE,DB_LENGTH,IS_KEY,NOT_BLANK,IS_DUMMY,IS_SEARCH_ITEM,SORT_NO,TREE_LEVEL,SHEET_NO,PAGE_NO,PROPERTY_NO,IS_AUTO,IS_MANDATORY,SYSTEM_READONLY,FIELD_TYPE,FIELD_LENGTH,INPUT_ALPHABET,INPUT_MULTIBYTE,INPUT_NUMERIC,INPUT_SYMBOL,INPUT_UPPERCASE,RETRIEVAL_TABLE,FORMAT,DEFAULT_VALUE,MIN_VALUE,MAX_VALUE,CALENDAR_BUTTON,JUMP_BUTTON,OPEN_BUTTON,REF_TABLE_ID,REF_FIELD_NAME,SPECIAL_BUTTON) VALUES ('TBLID_BPROD_DIV_ORG','DIV_ORG_PROD_ID','DIV_ORG_PROD_ID','DIV_ORG_PROD_ID','STRING',20,'N','Y','N','Y',-1,-1,0,0,0,'N','N','N','STRING',0,'Y',0,'Y','Y','Y','NONE',NULL,NULL,NULL,NULL,'N','N',0,NULL,NULL,0);
INSERT INTO SM_CHECK_DEF (TABLE_ID,CHECK_TYPE,CHECK_ORDER,CHECK_KIND,FIELD_NAME,REF_TABLE,REF_FIELD,EXPECT_VALUE,ERR_MSG) VALUES ('TBLID_BPROD_DIV_ORG','SAVE',1,'STAT_E',NULL,NULL,NULL,NULL,NULL);
INSERT INTO SM_CHECK_DEF (TABLE_ID,CHECK_TYPE,CHECK_ORDER,CHECK_KIND,FIELD_NAME,REF_TABLE,REF_FIELD,EXPECT_VALUE,ERR_MSG) VALUES ('TBLID_BPROD_DIV_ORG','SAVE',2,'STRING','lock_user',NULL,NULL,'',NULL);
INSERT INTO SM_CHECK_DEF (TABLE_ID,CHECK_TYPE,CHECK_ORDER,CHECK_KIND,FIELD_NAME,REF_TABLE,REF_FIELD,EXPECT_VALUE,ERR_MSG) VALUES ('TBLID_BPROD_DIV_ORG','SAVE',3,'NULLCHK','lock_time',NULL,NULL,NULL,NULL);
INSERT INTO SM_CHECK_DEF (TABLE_ID,CHECK_TYPE,CHECK_ORDER,CHECK_KIND,FIELD_NAME,REF_TABLE,REF_FIELD,EXPECT_VALUE,ERR_MSG) VALUES ('TBLID_BPROD_DIV_ORG','RELEASE',1,'STAT_E',NULL,NULL,NULL,NULL,NULL);
INSERT INTO SM_CHECK_DEF (TABLE_ID,CHECK_TYPE,CHECK_ORDER,CHECK_KIND,FIELD_NAME,REF_TABLE,REF_FIELD,EXPECT_VALUE,ERR_MSG) VALUES ('TBLID_BPROD_DIV_ORG','RELEASE',2,'STRING','lock_user',NULL,NULL,'',NULL);
INSERT INTO SM_CHECK_DEF (TABLE_ID,CHECK_TYPE,CHECK_ORDER,CHECK_KIND,FIELD_NAME,REF_TABLE,REF_FIELD,EXPECT_VALUE,ERR_MSG) VALUES ('TBLID_BPROD_DIV_ORG','RELEASE',3,'NULLCHK','lock_time',NULL,NULL,NULL,NULL);
INSERT INTO SM_CHECK_DEF (TABLE_ID,CHECK_TYPE,CHECK_ORDER,CHECK_KIND,FIELD_NAME,REF_TABLE,REF_FIELD,EXPECT_VALUE,ERR_MSG) VALUES ('TBLID_BPROD_DIV_ORG','RELEASE',4,'KEY','prod_id','0','',NULL,NULL);
INSERT INTO SM_CHECK_DEF (TABLE_ID,CHECK_TYPE,CHECK_ORDER,CHECK_KIND,FIELD_NAME,REF_TABLE,REF_FIELD,EXPECT_VALUE,ERR_MSG) VALUES ('TBLID_BPROD_DIV_ORG','RELEASE',5,'STAT_R',NULL,NULL,NULL,NULL,NULL);
INSERT INTO SM_CHECK_DEF (TABLE_ID,CHECK_TYPE,CHECK_ORDER,CHECK_KIND,FIELD_NAME,REF_TABLE,REF_FIELD,EXPECT_VALUE,ERR_MSG) VALUES ('TBLID_BPROD_DIV_ORG','RELEASE',6,'RELEASE_PARAM','prod_id','D20',NULL,NULL,NULL);
INSERT INTO SM_CHECK_DEF (TABLE_ID,CHECK_TYPE,CHECK_ORDER,CHECK_KIND,FIELD_NAME,REF_TABLE,REF_FIELD,EXPECT_VALUE,ERR_MSG) VALUES ('TBLID_BPROD_DIV_ORG','RELEASE',7,'RELEASE_WRITE','div_org_prod_id','D20',NULL,NULL,NULL);
INSERT INTO SM_CHECK_DEF (TABLE_ID,CHECK_TYPE,CHECK_ORDER,CHECK_KIND,FIELD_NAME,REF_TABLE,REF_FIELD,EXPECT_VALUE,ERR_MSG) VALUES ('TBLID_BPROD_DIV_ORG','DELETE',1,'STAT_R',NULL,NULL,NULL,NULL,NULL);
INSERT INTO SM_CHECK_DEF (TABLE_ID,CHECK_TYPE,CHECK_ORDER,CHECK_KIND,FIELD_NAME,REF_TABLE,REF_FIELD,EXPECT_VALUE,ERR_MSG) VALUES ('TBLID_BPROD_DIV_ORG','DELETE',2,'STRING','lock_user',NULL,NULL,'',NULL);
INSERT INTO SM_CHECK_DEF (TABLE_ID,CHECK_TYPE,CHECK_ORDER,CHECK_KIND,FIELD_NAME,REF_TABLE,REF_FIELD,EXPECT_VALUE,ERR_MSG) VALUES ('TBLID_BPROD_DIV_ORG','DELETE',3,'NULLCHK','lock_time',NULL,NULL,NULL,NULL);
INSERT INTO SM_CHECK_DEF (TABLE_ID,CHECK_TYPE,CHECK_ORDER,CHECK_KIND,FIELD_NAME,REF_TABLE,REF_FIELD,EXPECT_VALUE,ERR_MSG) VALUES ('TBLID_BPROD_DIV_ORG','EDITCOMP',1,'STAT_E',NULL,NULL,NULL,NULL,NULL);
INSERT INTO SM_CHECK_DEF (TABLE_ID,CHECK_TYPE,CHECK_ORDER,CHECK_KIND,FIELD_NAME,REF_TABLE,REF_FIELD,EXPECT_VALUE,ERR_MSG) VALUES ('TBLID_BPROD_DIV_ORG','EDITCOMP',2,'COMP_N',NULL,NULL,NULL,NULL,'记录已编辑完成');

-- BPWSMPLCASETCON
INSERT INTO SM_TABLE_DEF (TABLE_ID, TABLE_NAME, JP_TITLE, US_TITLE, RELEASE_FLAG, DISTRIBUTE_FLAG, PERMISSION_TYPE, SCHEMA_TYPE, HAS_DUMMY, SORT_NO)
VALUES ('TBLID_BPWSMPLCASETCON', 'BPWSMPLCASETCON', 'BPWSMPLCASETCON', 'BPWSMPLCASETCON', 'Y', 'N', 'C', 'L', 'Y', 610);
INSERT INTO SM_FIELD_DEF (TABLE_ID,FIELD_NAME,JP_TITLE,US_TITLE,DB_TYPE,DB_LENGTH,IS_KEY,NOT_BLANK,IS_DUMMY,IS_SEARCH_ITEM,SORT_NO,TREE_LEVEL,SHEET_NO,PAGE_NO,PROPERTY_NO,IS_AUTO,IS_MANDATORY,SYSTEM_READONLY,FIELD_TYPE,FIELD_LENGTH,INPUT_ALPHABET,INPUT_MULTIBYTE,INPUT_NUMERIC,INPUT_SYMBOL,INPUT_UPPERCASE,RETRIEVAL_TABLE,FORMAT,DEFAULT_VALUE,MIN_VALUE,MAX_VALUE,CALENDAR_BUTTON,JUMP_BUTTON,OPEN_BUTTON,REF_TABLE_ID,REF_FIELD_NAME,SPECIAL_BUTTON) VALUES ('TBLID_BPWSMPLCASETCON','SMPL_CASET_CON_ID','SMPL_CASET_CON_ID','SMPL_CASET_CON_ID','STRING',20,'N','Y','N','Y',-1,-1,0,0,0,'N','N','N','STRING',0,'Y',0,'Y','Y','Y','NONE',NULL,NULL,NULL,NULL,'N','N',0,NULL,NULL,0);
INSERT INTO SM_FIELD_DEF (TABLE_ID,FIELD_NAME,JP_TITLE,US_TITLE,DB_TYPE,DB_LENGTH,IS_KEY,NOT_BLANK,IS_DUMMY,IS_SEARCH_ITEM,SORT_NO,TREE_LEVEL,SHEET_NO,PAGE_NO,PROPERTY_NO,IS_AUTO,IS_MANDATORY,SYSTEM_READONLY,FIELD_TYPE,FIELD_LENGTH,INPUT_ALPHABET,INPUT_MULTIBYTE,INPUT_NUMERIC,INPUT_SYMBOL,INPUT_UPPERCASE,RETRIEVAL_TABLE,FORMAT,DEFAULT_VALUE,MIN_VALUE,MAX_VALUE,CALENDAR_BUTTON,JUMP_BUTTON,OPEN_BUTTON,REF_TABLE_ID,REF_FIELD_NAME,SPECIAL_BUTTON) VALUES ('TBLID_BPWSMPLCASETCON','SEQ_NO','SEQ_NO','SEQ_NO','STRING',0,'N','Y','N','Y',-1,-1,0,0,0,'N','N','N','STRING',0,'Y',0,'Y','Y','Y','NONE',NULL,NULL,NULL,NULL,'N','N',0,NULL,NULL,0);
INSERT INTO SM_FIELD_DEF (TABLE_ID,FIELD_NAME,JP_TITLE,US_TITLE,DB_TYPE,DB_LENGTH,IS_KEY,NOT_BLANK,IS_DUMMY,IS_SEARCH_ITEM,SORT_NO,TREE_LEVEL,SHEET_NO,PAGE_NO,PROPERTY_NO,IS_AUTO,IS_MANDATORY,SYSTEM_READONLY,FIELD_TYPE,FIELD_LENGTH,INPUT_ALPHABET,INPUT_MULTIBYTE,INPUT_NUMERIC,INPUT_SYMBOL,INPUT_UPPERCASE,RETRIEVAL_TABLE,FORMAT,DEFAULT_VALUE,MIN_VALUE,MAX_VALUE,CALENDAR_BUTTON,JUMP_BUTTON,OPEN_BUTTON,REF_TABLE_ID,REF_FIELD_NAME,SPECIAL_BUTTON) VALUES ('TBLID_BPWSMPLCASETCON','WAF_QUO_PTN','WAF_QUO_PTN','WAF_QUO_PTN','STRING',1,'N','Y','N','Y',-1,-1,0,0,0,'N','N','N','STRING',0,'Y',0,'Y','Y','Y','NONE',NULL,NULL,NULL,NULL,'N','N',0,NULL,NULL,0);
INSERT INTO SM_FIELD_DEF (TABLE_ID,FIELD_NAME,JP_TITLE,US_TITLE,DB_TYPE,DB_LENGTH,IS_KEY,NOT_BLANK,IS_DUMMY,IS_SEARCH_ITEM,SORT_NO,TREE_LEVEL,SHEET_NO,PAGE_NO,PROPERTY_NO,IS_AUTO,IS_MANDATORY,SYSTEM_READONLY,FIELD_TYPE,FIELD_LENGTH,INPUT_ALPHABET,INPUT_MULTIBYTE,INPUT_NUMERIC,INPUT_SYMBOL,INPUT_UPPERCASE,RETRIEVAL_TABLE,FORMAT,DEFAULT_VALUE,MIN_VALUE,MAX_VALUE,CALENDAR_BUTTON,JUMP_BUTTON,OPEN_BUTTON,REF_TABLE_ID,REF_FIELD_NAME,SPECIAL_BUTTON) VALUES ('TBLID_BPWSMPLCASETCON','SMPL_CAT','SMPL_CAT','SMPL_CAT','STRING',1,'N','Y','N','Y',-1,-1,0,0,0,'N','N','N','STRING',0,'Y',0,'Y','Y','Y','NONE',NULL,NULL,NULL,NULL,'N','N',0,NULL,NULL,0);
INSERT INTO SM_FIELD_DEF (TABLE_ID,FIELD_NAME,JP_TITLE,US_TITLE,DB_TYPE,DB_LENGTH,IS_KEY,NOT_BLANK,IS_DUMMY,IS_SEARCH_ITEM,SORT_NO,TREE_LEVEL,SHEET_NO,PAGE_NO,PROPERTY_NO,IS_AUTO,IS_MANDATORY,SYSTEM_READONLY,FIELD_TYPE,FIELD_LENGTH,INPUT_ALPHABET,INPUT_MULTIBYTE,INPUT_NUMERIC,INPUT_SYMBOL,INPUT_UPPERCASE,RETRIEVAL_TABLE,FORMAT,DEFAULT_VALUE,MIN_VALUE,MAX_VALUE,CALENDAR_BUTTON,JUMP_BUTTON,OPEN_BUTTON,REF_TABLE_ID,REF_FIELD_NAME,SPECIAL_BUTTON) VALUES ('TBLID_BPWSMPLCASETCON','SMPL_POS','SMPL_POS','SMPL_POS','STRING',0,'N','Y','N','Y',-1,-1,0,0,0,'N','N','N','STRING',0,'Y',0,'Y','Y','Y','NONE',NULL,NULL,NULL,NULL,'N','N',0,NULL,NULL,0);
INSERT INTO SM_FIELD_DEF (TABLE_ID,FIELD_NAME,JP_TITLE,US_TITLE,DB_TYPE,DB_LENGTH,IS_KEY,NOT_BLANK,IS_DUMMY,IS_SEARCH_ITEM,SORT_NO,TREE_LEVEL,SHEET_NO,PAGE_NO,PROPERTY_NO,IS_AUTO,IS_MANDATORY,SYSTEM_READONLY,FIELD_TYPE,FIELD_LENGTH,INPUT_ALPHABET,INPUT_MULTIBYTE,INPUT_NUMERIC,INPUT_SYMBOL,INPUT_UPPERCASE,RETRIEVAL_TABLE,FORMAT,DEFAULT_VALUE,MIN_VALUE,MAX_VALUE,CALENDAR_BUTTON,JUMP_BUTTON,OPEN_BUTTON,REF_TABLE_ID,REF_FIELD_NAME,SPECIAL_BUTTON) VALUES ('TBLID_BPWSMPLCASETCON','INSP_USED_ID','INSP_USED_ID','INSP_USED_ID','STRING',12,'N','Y','N','Y',-1,-1,0,0,0,'N','N','N','STRING',0,'Y',0,'Y','Y','Y','NONE',NULL,NULL,NULL,NULL,'N','N',0,NULL,NULL,0);
INSERT INTO SM_FIELD_DEF (TABLE_ID,FIELD_NAME,JP_TITLE,US_TITLE,DB_TYPE,DB_LENGTH,IS_KEY,NOT_BLANK,IS_DUMMY,IS_SEARCH_ITEM,SORT_NO,TREE_LEVEL,SHEET_NO,PAGE_NO,PROPERTY_NO,IS_AUTO,IS_MANDATORY,SYSTEM_READONLY,FIELD_TYPE,FIELD_LENGTH,INPUT_ALPHABET,INPUT_MULTIBYTE,INPUT_NUMERIC,INPUT_SYMBOL,INPUT_UPPERCASE,RETRIEVAL_TABLE,FORMAT,DEFAULT_VALUE,MIN_VALUE,MAX_VALUE,CALENDAR_BUTTON,JUMP_BUTTON,OPEN_BUTTON,REF_TABLE_ID,REF_FIELD_NAME,SPECIAL_BUTTON) VALUES ('TBLID_BPWSMPLCASETCON','ITEM1','ITEM1','ITEM1','STRING',10,'N','Y','N','Y',-1,-1,0,0,0,'N','N','N','STRING',0,'Y',0,'Y','Y','Y','NONE',NULL,NULL,NULL,NULL,'N','N',0,NULL,NULL,0);
INSERT INTO SM_FIELD_DEF (TABLE_ID,FIELD_NAME,JP_TITLE,US_TITLE,DB_TYPE,DB_LENGTH,IS_KEY,NOT_BLANK,IS_DUMMY,IS_SEARCH_ITEM,SORT_NO,TREE_LEVEL,SHEET_NO,PAGE_NO,PROPERTY_NO,IS_AUTO,IS_MANDATORY,SYSTEM_READONLY,FIELD_TYPE,FIELD_LENGTH,INPUT_ALPHABET,INPUT_MULTIBYTE,INPUT_NUMERIC,INPUT_SYMBOL,INPUT_UPPERCASE,RETRIEVAL_TABLE,FORMAT,DEFAULT_VALUE,MIN_VALUE,MAX_VALUE,CALENDAR_BUTTON,JUMP_BUTTON,OPEN_BUTTON,REF_TABLE_ID,REF_FIELD_NAME,SPECIAL_BUTTON) VALUES ('TBLID_BPWSMPLCASETCON','ITEM_DATA1','ITEM_DATA1','ITEM_DATA1','STRING',40,'N','Y','N','Y',-1,-1,0,0,0,'N','N','N','STRING',0,'Y',0,'Y','Y','Y','NONE',NULL,NULL,NULL,NULL,'N','N',0,NULL,NULL,0);
INSERT INTO SM_CHECK_DEF (TABLE_ID,CHECK_TYPE,CHECK_ORDER,CHECK_KIND,FIELD_NAME,REF_TABLE,REF_FIELD,EXPECT_VALUE,ERR_MSG) VALUES ('TBLID_BPWSMPLCASETCON','SAVE',1,'STAT_E',NULL,NULL,NULL,NULL,NULL);
INSERT INTO SM_CHECK_DEF (TABLE_ID,CHECK_TYPE,CHECK_ORDER,CHECK_KIND,FIELD_NAME,REF_TABLE,REF_FIELD,EXPECT_VALUE,ERR_MSG) VALUES ('TBLID_BPWSMPLCASETCON','SAVE',2,'STRING','lock_user',NULL,NULL,'',NULL);
INSERT INTO SM_CHECK_DEF (TABLE_ID,CHECK_TYPE,CHECK_ORDER,CHECK_KIND,FIELD_NAME,REF_TABLE,REF_FIELD,EXPECT_VALUE,ERR_MSG) VALUES ('TBLID_BPWSMPLCASETCON','SAVE',3,'NULLCHK','lock_time',NULL,NULL,NULL,NULL);
INSERT INTO SM_CHECK_DEF (TABLE_ID,CHECK_TYPE,CHECK_ORDER,CHECK_KIND,FIELD_NAME,REF_TABLE,REF_FIELD,EXPECT_VALUE,ERR_MSG) VALUES ('TBLID_BPWSMPLCASETCON','SAVE',4,'KEY','insp_used_id','0','',NULL,NULL);
INSERT INTO SM_CHECK_DEF (TABLE_ID,CHECK_TYPE,CHECK_ORDER,CHECK_KIND,FIELD_NAME,REF_TABLE,REF_FIELD,EXPECT_VALUE,ERR_MSG) VALUES ('TBLID_BPWSMPLCASETCON','SAVE',5,'KEY','insp_used_id','0','',NULL,NULL);
INSERT INTO SM_CHECK_DEF (TABLE_ID,CHECK_TYPE,CHECK_ORDER,CHECK_KIND,FIELD_NAME,REF_TABLE,REF_FIELD,EXPECT_VALUE,ERR_MSG) VALUES ('TBLID_BPWSMPLCASETCON','SAVE',6,'STAT_R',NULL,NULL,NULL,NULL,NULL);
INSERT INTO SM_CHECK_DEF (TABLE_ID,CHECK_TYPE,CHECK_ORDER,CHECK_KIND,FIELD_NAME,REF_TABLE,REF_FIELD,EXPECT_VALUE,ERR_MSG) VALUES ('TBLID_BPWSMPLCASETCON','RELEASE',1,'STAT_E',NULL,NULL,NULL,NULL,NULL);
INSERT INTO SM_CHECK_DEF (TABLE_ID,CHECK_TYPE,CHECK_ORDER,CHECK_KIND,FIELD_NAME,REF_TABLE,REF_FIELD,EXPECT_VALUE,ERR_MSG) VALUES ('TBLID_BPWSMPLCASETCON','RELEASE',2,'STRING','lock_user',NULL,NULL,'',NULL);
INSERT INTO SM_CHECK_DEF (TABLE_ID,CHECK_TYPE,CHECK_ORDER,CHECK_KIND,FIELD_NAME,REF_TABLE,REF_FIELD,EXPECT_VALUE,ERR_MSG) VALUES ('TBLID_BPWSMPLCASETCON','RELEASE',3,'NULLCHK','lock_time',NULL,NULL,NULL,NULL);
INSERT INTO SM_CHECK_DEF (TABLE_ID,CHECK_TYPE,CHECK_ORDER,CHECK_KIND,FIELD_NAME,REF_TABLE,REF_FIELD,EXPECT_VALUE,ERR_MSG) VALUES ('TBLID_BPWSMPLCASETCON','RELEASE',4,'KEY','insp_used_id','0','',NULL,NULL);
INSERT INTO SM_CHECK_DEF (TABLE_ID,CHECK_TYPE,CHECK_ORDER,CHECK_KIND,FIELD_NAME,REF_TABLE,REF_FIELD,EXPECT_VALUE,ERR_MSG) VALUES ('TBLID_BPWSMPLCASETCON','RELEASE',5,'STAT_R',NULL,NULL,NULL,NULL,NULL);
INSERT INTO SM_CHECK_DEF (TABLE_ID,CHECK_TYPE,CHECK_ORDER,CHECK_KIND,FIELD_NAME,REF_TABLE,REF_FIELD,EXPECT_VALUE,ERR_MSG) VALUES ('TBLID_BPWSMPLCASETCON','RELEASE',6,'RELEASE_PARAM','smpl_caset_con_id','D20',NULL,NULL,NULL);
INSERT INTO SM_CHECK_DEF (TABLE_ID,CHECK_TYPE,CHECK_ORDER,CHECK_KIND,FIELD_NAME,REF_TABLE,REF_FIELD,EXPECT_VALUE,ERR_MSG) VALUES ('TBLID_BPWSMPLCASETCON','RELEASE',7,'RELEASE_PARAM','seq_no','D3',NULL,NULL,NULL);
INSERT INTO SM_CHECK_DEF (TABLE_ID,CHECK_TYPE,CHECK_ORDER,CHECK_KIND,FIELD_NAME,REF_TABLE,REF_FIELD,EXPECT_VALUE,ERR_MSG) VALUES ('TBLID_BPWSMPLCASETCON','RELEASE',8,'RELEASE_WRITE','waf_quo_ptn','D0',NULL,NULL,NULL);
INSERT INTO SM_CHECK_DEF (TABLE_ID,CHECK_TYPE,CHECK_ORDER,CHECK_KIND,FIELD_NAME,REF_TABLE,REF_FIELD,EXPECT_VALUE,ERR_MSG) VALUES ('TBLID_BPWSMPLCASETCON','RELEASE',9,'RELEASE_WRITE','smpl_cat','D0',NULL,NULL,NULL);
INSERT INTO SM_CHECK_DEF (TABLE_ID,CHECK_TYPE,CHECK_ORDER,CHECK_KIND,FIELD_NAME,REF_TABLE,REF_FIELD,EXPECT_VALUE,ERR_MSG) VALUES ('TBLID_BPWSMPLCASETCON','RELEASE',10,'RELEASE_WRITE','smpl_pos','D0',NULL,NULL,NULL);
INSERT INTO SM_CHECK_DEF (TABLE_ID,CHECK_TYPE,CHECK_ORDER,CHECK_KIND,FIELD_NAME,REF_TABLE,REF_FIELD,EXPECT_VALUE,ERR_MSG) VALUES ('TBLID_BPWSMPLCASETCON','RELEASE',11,'RELEASE_WRITE','insp_used_id','D0',NULL,NULL,NULL);
INSERT INTO SM_CHECK_DEF (TABLE_ID,CHECK_TYPE,CHECK_ORDER,CHECK_KIND,FIELD_NAME,REF_TABLE,REF_FIELD,EXPECT_VALUE,ERR_MSG) VALUES ('TBLID_BPWSMPLCASETCON','RELEASE',12,'RELEASE_WRITE','item1','D0',NULL,NULL,NULL);
INSERT INTO SM_CHECK_DEF (TABLE_ID,CHECK_TYPE,CHECK_ORDER,CHECK_KIND,FIELD_NAME,REF_TABLE,REF_FIELD,EXPECT_VALUE,ERR_MSG) VALUES ('TBLID_BPWSMPLCASETCON','RELEASE',13,'RELEASE_WRITE','item_data1','D0',NULL,NULL,NULL);
INSERT INTO SM_CHECK_DEF (TABLE_ID,CHECK_TYPE,CHECK_ORDER,CHECK_KIND,FIELD_NAME,REF_TABLE,REF_FIELD,EXPECT_VALUE,ERR_MSG) VALUES ('TBLID_BPWSMPLCASETCON','DELETE',1,'STAT_R',NULL,NULL,NULL,NULL,NULL);
INSERT INTO SM_CHECK_DEF (TABLE_ID,CHECK_TYPE,CHECK_ORDER,CHECK_KIND,FIELD_NAME,REF_TABLE,REF_FIELD,EXPECT_VALUE,ERR_MSG) VALUES ('TBLID_BPWSMPLCASETCON','DELETE',2,'STRING','lock_user',NULL,NULL,'',NULL);
INSERT INTO SM_CHECK_DEF (TABLE_ID,CHECK_TYPE,CHECK_ORDER,CHECK_KIND,FIELD_NAME,REF_TABLE,REF_FIELD,EXPECT_VALUE,ERR_MSG) VALUES ('TBLID_BPWSMPLCASETCON','DELETE',3,'NULLCHK','lock_time',NULL,NULL,NULL,NULL);
INSERT INTO SM_CHECK_DEF (TABLE_ID,CHECK_TYPE,CHECK_ORDER,CHECK_KIND,FIELD_NAME,REF_TABLE,REF_FIELD,EXPECT_VALUE,ERR_MSG) VALUES ('TBLID_BPWSMPLCASETCON','EDITCOMP',1,'STAT_E',NULL,NULL,NULL,NULL,NULL);
INSERT INTO SM_CHECK_DEF (TABLE_ID,CHECK_TYPE,CHECK_ORDER,CHECK_KIND,FIELD_NAME,REF_TABLE,REF_FIELD,EXPECT_VALUE,ERR_MSG) VALUES ('TBLID_BPWSMPLCASETCON','EDITCOMP',2,'COMP_N',NULL,NULL,NULL,NULL,'记录已编辑完成');

-- BQTIME
INSERT INTO SM_TABLE_DEF (TABLE_ID, TABLE_NAME, JP_TITLE, US_TITLE, RELEASE_FLAG, DISTRIBUTE_FLAG, PERMISSION_TYPE, SCHEMA_TYPE, HAS_DUMMY, SORT_NO)
VALUES ('TBLID_BQTIME', 'BQTIME', 'BQTIME', 'BQTIME', 'Y', 'N', 'C', 'L', 'N', 620);
INSERT INTO SM_FIELD_DEF (TABLE_ID,FIELD_NAME,JP_TITLE,US_TITLE,DB_TYPE,DB_LENGTH,IS_KEY,NOT_BLANK,IS_DUMMY,IS_SEARCH_ITEM,SORT_NO,TREE_LEVEL,SHEET_NO,PAGE_NO,PROPERTY_NO,IS_AUTO,IS_MANDATORY,SYSTEM_READONLY,FIELD_TYPE,FIELD_LENGTH,INPUT_ALPHABET,INPUT_MULTIBYTE,INPUT_NUMERIC,INPUT_SYMBOL,INPUT_UPPERCASE,RETRIEVAL_TABLE,FORMAT,DEFAULT_VALUE,MIN_VALUE,MAX_VALUE,CALENDAR_BUTTON,JUMP_BUTTON,OPEN_BUTTON,REF_TABLE_ID,REF_FIELD_NAME,SPECIAL_BUTTON) VALUES ('TBLID_BQTIME','ROUTE_ID','ROUTE_ID','ROUTE_ID','STRING',12,'N','Y','N','Y',-1,-1,0,0,0,'N','N','N','STRING',0,'Y',0,'Y','Y','Y','NONE',NULL,NULL,NULL,NULL,'N','N',0,NULL,NULL,0);
INSERT INTO SM_FIELD_DEF (TABLE_ID,FIELD_NAME,JP_TITLE,US_TITLE,DB_TYPE,DB_LENGTH,IS_KEY,NOT_BLANK,IS_DUMMY,IS_SEARCH_ITEM,SORT_NO,TREE_LEVEL,SHEET_NO,PAGE_NO,PROPERTY_NO,IS_AUTO,IS_MANDATORY,SYSTEM_READONLY,FIELD_TYPE,FIELD_LENGTH,INPUT_ALPHABET,INPUT_MULTIBYTE,INPUT_NUMERIC,INPUT_SYMBOL,INPUT_UPPERCASE,RETRIEVAL_TABLE,FORMAT,DEFAULT_VALUE,MIN_VALUE,MAX_VALUE,CALENDAR_BUTTON,JUMP_BUTTON,OPEN_BUTTON,REF_TABLE_ID,REF_FIELD_NAME,SPECIAL_BUTTON) VALUES ('TBLID_BQTIME','ROUTE_VER','ROUTE_VER','ROUTE_VER','STRING',3,'N','Y','N','Y',-1,-1,0,0,0,'N','N','N','STRING',0,'Y',0,'Y','Y','Y','NONE',NULL,NULL,NULL,NULL,'N','N',0,NULL,NULL,0);
INSERT INTO SM_FIELD_DEF (TABLE_ID,FIELD_NAME,JP_TITLE,US_TITLE,DB_TYPE,DB_LENGTH,IS_KEY,NOT_BLANK,IS_DUMMY,IS_SEARCH_ITEM,SORT_NO,TREE_LEVEL,SHEET_NO,PAGE_NO,PROPERTY_NO,IS_AUTO,IS_MANDATORY,SYSTEM_READONLY,FIELD_TYPE,FIELD_LENGTH,INPUT_ALPHABET,INPUT_MULTIBYTE,INPUT_NUMERIC,INPUT_SYMBOL,INPUT_UPPERCASE,RETRIEVAL_TABLE,FORMAT,DEFAULT_VALUE,MIN_VALUE,MAX_VALUE,CALENDAR_BUTTON,JUMP_BUTTON,OPEN_BUTTON,REF_TABLE_ID,REF_FIELD_NAME,SPECIAL_BUTTON) VALUES ('TBLID_BQTIME','OPE_NO','OPE_NO','OPE_NO','STRING',6,'N','Y','N','Y',-1,-1,0,0,0,'N','N','N','STRING',0,'Y',0,'Y','Y','Y','NONE',NULL,NULL,NULL,NULL,'N','N',0,NULL,NULL,0);
INSERT INTO SM_FIELD_DEF (TABLE_ID,FIELD_NAME,JP_TITLE,US_TITLE,DB_TYPE,DB_LENGTH,IS_KEY,NOT_BLANK,IS_DUMMY,IS_SEARCH_ITEM,SORT_NO,TREE_LEVEL,SHEET_NO,PAGE_NO,PROPERTY_NO,IS_AUTO,IS_MANDATORY,SYSTEM_READONLY,FIELD_TYPE,FIELD_LENGTH,INPUT_ALPHABET,INPUT_MULTIBYTE,INPUT_NUMERIC,INPUT_SYMBOL,INPUT_UPPERCASE,RETRIEVAL_TABLE,FORMAT,DEFAULT_VALUE,MIN_VALUE,MAX_VALUE,CALENDAR_BUTTON,JUMP_BUTTON,OPEN_BUTTON,REF_TABLE_ID,REF_FIELD_NAME,SPECIAL_BUTTON) VALUES ('TBLID_BQTIME','TARGET_OPE_NO','TARGET_OPE_NO','TARGET_OPE_NO','STRING',6,'N','Y','N','Y',-1,-1,0,0,0,'N','N','N','STRING',0,'Y',0,'Y','Y','Y','NONE',NULL,NULL,NULL,NULL,'N','N',0,NULL,NULL,0);
INSERT INTO SM_FIELD_DEF (TABLE_ID,FIELD_NAME,JP_TITLE,US_TITLE,DB_TYPE,DB_LENGTH,IS_KEY,NOT_BLANK,IS_DUMMY,IS_SEARCH_ITEM,SORT_NO,TREE_LEVEL,SHEET_NO,PAGE_NO,PROPERTY_NO,IS_AUTO,IS_MANDATORY,SYSTEM_READONLY,FIELD_TYPE,FIELD_LENGTH,INPUT_ALPHABET,INPUT_MULTIBYTE,INPUT_NUMERIC,INPUT_SYMBOL,INPUT_UPPERCASE,RETRIEVAL_TABLE,FORMAT,DEFAULT_VALUE,MIN_VALUE,MAX_VALUE,CALENDAR_BUTTON,JUMP_BUTTON,OPEN_BUTTON,REF_TABLE_ID,REF_FIELD_NAME,SPECIAL_BUTTON) VALUES ('TBLID_BQTIME','QTIME_CAT','QTIME_CAT','QTIME_CAT','STRING',1,'N','Y','N','Y',-1,-1,0,0,0,'N','N','N','STRING',0,'Y',0,'Y','Y','Y','NONE',NULL,NULL,NULL,NULL,'N','N',0,NULL,NULL,0);
INSERT INTO SM_FIELD_DEF (TABLE_ID,FIELD_NAME,JP_TITLE,US_TITLE,DB_TYPE,DB_LENGTH,IS_KEY,NOT_BLANK,IS_DUMMY,IS_SEARCH_ITEM,SORT_NO,TREE_LEVEL,SHEET_NO,PAGE_NO,PROPERTY_NO,IS_AUTO,IS_MANDATORY,SYSTEM_READONLY,FIELD_TYPE,FIELD_LENGTH,INPUT_ALPHABET,INPUT_MULTIBYTE,INPUT_NUMERIC,INPUT_SYMBOL,INPUT_UPPERCASE,RETRIEVAL_TABLE,FORMAT,DEFAULT_VALUE,MIN_VALUE,MAX_VALUE,CALENDAR_BUTTON,JUMP_BUTTON,OPEN_BUTTON,REF_TABLE_ID,REF_FIELD_NAME,SPECIAL_BUTTON) VALUES ('TBLID_BQTIME','TIME','TIME','TIME','STRING',9,'N','Y','N','Y',-1,-1,0,0,0,'N','N','N','STRING',0,'Y',0,'Y','Y','Y','NONE',NULL,NULL,NULL,NULL,'N','N',0,NULL,NULL,0);
INSERT INTO SM_CHECK_DEF (TABLE_ID,CHECK_TYPE,CHECK_ORDER,CHECK_KIND,FIELD_NAME,REF_TABLE,REF_FIELD,EXPECT_VALUE,ERR_MSG) VALUES ('TBLID_BQTIME','SAVE',1,'STAT_E',NULL,NULL,NULL,NULL,NULL);
INSERT INTO SM_CHECK_DEF (TABLE_ID,CHECK_TYPE,CHECK_ORDER,CHECK_KIND,FIELD_NAME,REF_TABLE,REF_FIELD,EXPECT_VALUE,ERR_MSG) VALUES ('TBLID_BQTIME','SAVE',2,'STRING','lock_user',NULL,NULL,'',NULL);
INSERT INTO SM_CHECK_DEF (TABLE_ID,CHECK_TYPE,CHECK_ORDER,CHECK_KIND,FIELD_NAME,REF_TABLE,REF_FIELD,EXPECT_VALUE,ERR_MSG) VALUES ('TBLID_BQTIME','SAVE',3,'NULLCHK','lock_time',NULL,NULL,NULL,NULL);
INSERT INTO SM_CHECK_DEF (TABLE_ID,CHECK_TYPE,CHECK_ORDER,CHECK_KIND,FIELD_NAME,REF_TABLE,REF_FIELD,EXPECT_VALUE,ERR_MSG) VALUES ('TBLID_BQTIME','SAVE',4,'KEY','route_id','0','',NULL,NULL);
INSERT INTO SM_CHECK_DEF (TABLE_ID,CHECK_TYPE,CHECK_ORDER,CHECK_KIND,FIELD_NAME,REF_TABLE,REF_FIELD,EXPECT_VALUE,ERR_MSG) VALUES ('TBLID_BQTIME','SAVE',5,'KEY','route_ver','0','',NULL,NULL);
INSERT INTO SM_CHECK_DEF (TABLE_ID,CHECK_TYPE,CHECK_ORDER,CHECK_KIND,FIELD_NAME,REF_TABLE,REF_FIELD,EXPECT_VALUE,ERR_MSG) VALUES ('TBLID_BQTIME','SAVE',6,'KEY','route_id','0','',NULL,NULL);
INSERT INTO SM_CHECK_DEF (TABLE_ID,CHECK_TYPE,CHECK_ORDER,CHECK_KIND,FIELD_NAME,REF_TABLE,REF_FIELD,EXPECT_VALUE,ERR_MSG) VALUES ('TBLID_BQTIME','SAVE',7,'KEY','route_ver','0','',NULL,NULL);
INSERT INTO SM_CHECK_DEF (TABLE_ID,CHECK_TYPE,CHECK_ORDER,CHECK_KIND,FIELD_NAME,REF_TABLE,REF_FIELD,EXPECT_VALUE,ERR_MSG) VALUES ('TBLID_BQTIME','RELEASE',1,'STAT_E',NULL,NULL,NULL,NULL,NULL);
INSERT INTO SM_CHECK_DEF (TABLE_ID,CHECK_TYPE,CHECK_ORDER,CHECK_KIND,FIELD_NAME,REF_TABLE,REF_FIELD,EXPECT_VALUE,ERR_MSG) VALUES ('TBLID_BQTIME','RELEASE',2,'STRING','lock_user',NULL,NULL,'',NULL);
INSERT INTO SM_CHECK_DEF (TABLE_ID,CHECK_TYPE,CHECK_ORDER,CHECK_KIND,FIELD_NAME,REF_TABLE,REF_FIELD,EXPECT_VALUE,ERR_MSG) VALUES ('TBLID_BQTIME','RELEASE',3,'NULLCHK','lock_time',NULL,NULL,NULL,NULL);
INSERT INTO SM_CHECK_DEF (TABLE_ID,CHECK_TYPE,CHECK_ORDER,CHECK_KIND,FIELD_NAME,REF_TABLE,REF_FIELD,EXPECT_VALUE,ERR_MSG) VALUES ('TBLID_BQTIME','RELEASE',4,'KEY','route_id','0','',NULL,NULL);
INSERT INTO SM_CHECK_DEF (TABLE_ID,CHECK_TYPE,CHECK_ORDER,CHECK_KIND,FIELD_NAME,REF_TABLE,REF_FIELD,EXPECT_VALUE,ERR_MSG) VALUES ('TBLID_BQTIME','RELEASE',5,'KEY','route_ver','0','',NULL,NULL);
INSERT INTO SM_CHECK_DEF (TABLE_ID,CHECK_TYPE,CHECK_ORDER,CHECK_KIND,FIELD_NAME,REF_TABLE,REF_FIELD,EXPECT_VALUE,ERR_MSG) VALUES ('TBLID_BQTIME','RELEASE',6,'KEY','route_id','0','',NULL,NULL);
INSERT INTO SM_CHECK_DEF (TABLE_ID,CHECK_TYPE,CHECK_ORDER,CHECK_KIND,FIELD_NAME,REF_TABLE,REF_FIELD,EXPECT_VALUE,ERR_MSG) VALUES ('TBLID_BQTIME','RELEASE',7,'KEY','route_ver','0','',NULL,NULL);
INSERT INTO SM_CHECK_DEF (TABLE_ID,CHECK_TYPE,CHECK_ORDER,CHECK_KIND,FIELD_NAME,REF_TABLE,REF_FIELD,EXPECT_VALUE,ERR_MSG) VALUES ('TBLID_BQTIME','RELEASE',8,'RELEASE_PARAM','route_id','D12',NULL,NULL,NULL);
INSERT INTO SM_CHECK_DEF (TABLE_ID,CHECK_TYPE,CHECK_ORDER,CHECK_KIND,FIELD_NAME,REF_TABLE,REF_FIELD,EXPECT_VALUE,ERR_MSG) VALUES ('TBLID_BQTIME','RELEASE',9,'RELEASE_PARAM','route_ver','D3',NULL,NULL,NULL);
INSERT INTO SM_CHECK_DEF (TABLE_ID,CHECK_TYPE,CHECK_ORDER,CHECK_KIND,FIELD_NAME,REF_TABLE,REF_FIELD,EXPECT_VALUE,ERR_MSG) VALUES ('TBLID_BQTIME','RELEASE',10,'RELEASE_PARAM','ope_no','D6',NULL,NULL,NULL);
INSERT INTO SM_CHECK_DEF (TABLE_ID,CHECK_TYPE,CHECK_ORDER,CHECK_KIND,FIELD_NAME,REF_TABLE,REF_FIELD,EXPECT_VALUE,ERR_MSG) VALUES ('TBLID_BQTIME','RELEASE',11,'RELEASE_PARAM','target_ope_no','D6',NULL,NULL,NULL);
INSERT INTO SM_CHECK_DEF (TABLE_ID,CHECK_TYPE,CHECK_ORDER,CHECK_KIND,FIELD_NAME,REF_TABLE,REF_FIELD,EXPECT_VALUE,ERR_MSG) VALUES ('TBLID_BQTIME','RELEASE',12,'RELEASE_PARAM','qtime_cat','D1',NULL,NULL,NULL);
INSERT INTO SM_CHECK_DEF (TABLE_ID,CHECK_TYPE,CHECK_ORDER,CHECK_KIND,FIELD_NAME,REF_TABLE,REF_FIELD,EXPECT_VALUE,ERR_MSG) VALUES ('TBLID_BQTIME','RELEASE',13,'RELEASE_WRITE','time','D0',NULL,NULL,NULL);
INSERT INTO SM_CHECK_DEF (TABLE_ID,CHECK_TYPE,CHECK_ORDER,CHECK_KIND,FIELD_NAME,REF_TABLE,REF_FIELD,EXPECT_VALUE,ERR_MSG) VALUES ('TBLID_BQTIME','DELETE',1,'STAT_R',NULL,NULL,NULL,NULL,NULL);
INSERT INTO SM_CHECK_DEF (TABLE_ID,CHECK_TYPE,CHECK_ORDER,CHECK_KIND,FIELD_NAME,REF_TABLE,REF_FIELD,EXPECT_VALUE,ERR_MSG) VALUES ('TBLID_BQTIME','DELETE',2,'STRING','lock_user',NULL,NULL,'',NULL);
INSERT INTO SM_CHECK_DEF (TABLE_ID,CHECK_TYPE,CHECK_ORDER,CHECK_KIND,FIELD_NAME,REF_TABLE,REF_FIELD,EXPECT_VALUE,ERR_MSG) VALUES ('TBLID_BQTIME','DELETE',3,'NULLCHK','lock_time',NULL,NULL,NULL,NULL);
INSERT INTO SM_CHECK_DEF (TABLE_ID,CHECK_TYPE,CHECK_ORDER,CHECK_KIND,FIELD_NAME,REF_TABLE,REF_FIELD,EXPECT_VALUE,ERR_MSG) VALUES ('TBLID_BQTIME','EDITCOMP',1,'STAT_E',NULL,NULL,NULL,NULL,NULL);
INSERT INTO SM_CHECK_DEF (TABLE_ID,CHECK_TYPE,CHECK_ORDER,CHECK_KIND,FIELD_NAME,REF_TABLE,REF_FIELD,EXPECT_VALUE,ERR_MSG) VALUES ('TBLID_BQTIME','EDITCOMP',2,'COMP_N',NULL,NULL,NULL,NULL,'记录已编辑完成');

-- BRECIP_LOOKUP
INSERT INTO SM_TABLE_DEF (TABLE_ID, TABLE_NAME, JP_TITLE, US_TITLE, RELEASE_FLAG, DISTRIBUTE_FLAG, PERMISSION_TYPE, SCHEMA_TYPE, HAS_DUMMY, SORT_NO)
VALUES ('TBLID_BRECIP_LOOKUP', 'BRECIP_LOOKUP', 'BRECIP_LOOKUP', 'BRECIP_LOOKUP', 'Y', 'N', 'C', 'L', 'Y', 630);
INSERT INTO SM_FIELD_DEF (TABLE_ID,FIELD_NAME,JP_TITLE,US_TITLE,DB_TYPE,DB_LENGTH,IS_KEY,NOT_BLANK,IS_DUMMY,IS_SEARCH_ITEM,SORT_NO,TREE_LEVEL,SHEET_NO,PAGE_NO,PROPERTY_NO,IS_AUTO,IS_MANDATORY,SYSTEM_READONLY,FIELD_TYPE,FIELD_LENGTH,INPUT_ALPHABET,INPUT_MULTIBYTE,INPUT_NUMERIC,INPUT_SYMBOL,INPUT_UPPERCASE,RETRIEVAL_TABLE,FORMAT,DEFAULT_VALUE,MIN_VALUE,MAX_VALUE,CALENDAR_BUTTON,JUMP_BUTTON,OPEN_BUTTON,REF_TABLE_ID,REF_FIELD_NAME,SPECIAL_BUTTON) VALUES ('TBLID_BRECIP_LOOKUP','ROUTE_ID','ROUTE_ID','ROUTE_ID','STRING',12,'N','Y','N','Y',-1,-1,0,0,0,'N','N','N','STRING',0,'Y',0,'Y','Y','Y','NONE',NULL,NULL,NULL,NULL,'N','N',0,NULL,NULL,0);
INSERT INTO SM_FIELD_DEF (TABLE_ID,FIELD_NAME,JP_TITLE,US_TITLE,DB_TYPE,DB_LENGTH,IS_KEY,NOT_BLANK,IS_DUMMY,IS_SEARCH_ITEM,SORT_NO,TREE_LEVEL,SHEET_NO,PAGE_NO,PROPERTY_NO,IS_AUTO,IS_MANDATORY,SYSTEM_READONLY,FIELD_TYPE,FIELD_LENGTH,INPUT_ALPHABET,INPUT_MULTIBYTE,INPUT_NUMERIC,INPUT_SYMBOL,INPUT_UPPERCASE,RETRIEVAL_TABLE,FORMAT,DEFAULT_VALUE,MIN_VALUE,MAX_VALUE,CALENDAR_BUTTON,JUMP_BUTTON,OPEN_BUTTON,REF_TABLE_ID,REF_FIELD_NAME,SPECIAL_BUTTON) VALUES ('TBLID_BRECIP_LOOKUP','ROUTE_VER','ROUTE_VER','ROUTE_VER','STRING',3,'N','Y','N','Y',-1,-1,0,0,0,'N','N','N','STRING',0,'Y',0,'Y','Y','Y','NONE',NULL,NULL,NULL,NULL,'N','N',0,NULL,NULL,0);
INSERT INTO SM_FIELD_DEF (TABLE_ID,FIELD_NAME,JP_TITLE,US_TITLE,DB_TYPE,DB_LENGTH,IS_KEY,NOT_BLANK,IS_DUMMY,IS_SEARCH_ITEM,SORT_NO,TREE_LEVEL,SHEET_NO,PAGE_NO,PROPERTY_NO,IS_AUTO,IS_MANDATORY,SYSTEM_READONLY,FIELD_TYPE,FIELD_LENGTH,INPUT_ALPHABET,INPUT_MULTIBYTE,INPUT_NUMERIC,INPUT_SYMBOL,INPUT_UPPERCASE,RETRIEVAL_TABLE,FORMAT,DEFAULT_VALUE,MIN_VALUE,MAX_VALUE,CALENDAR_BUTTON,JUMP_BUTTON,OPEN_BUTTON,REF_TABLE_ID,REF_FIELD_NAME,SPECIAL_BUTTON) VALUES ('TBLID_BRECIP_LOOKUP','OPE_NO','OPE_NO','OPE_NO','STRING',6,'N','Y','N','Y',-1,-1,0,0,0,'N','N','N','STRING',0,'Y',0,'Y','Y','Y','NONE',NULL,NULL,NULL,NULL,'N','N',0,NULL,NULL,0);
INSERT INTO SM_FIELD_DEF (TABLE_ID,FIELD_NAME,JP_TITLE,US_TITLE,DB_TYPE,DB_LENGTH,IS_KEY,NOT_BLANK,IS_DUMMY,IS_SEARCH_ITEM,SORT_NO,TREE_LEVEL,SHEET_NO,PAGE_NO,PROPERTY_NO,IS_AUTO,IS_MANDATORY,SYSTEM_READONLY,FIELD_TYPE,FIELD_LENGTH,INPUT_ALPHABET,INPUT_MULTIBYTE,INPUT_NUMERIC,INPUT_SYMBOL,INPUT_UPPERCASE,RETRIEVAL_TABLE,FORMAT,DEFAULT_VALUE,MIN_VALUE,MAX_VALUE,CALENDAR_BUTTON,JUMP_BUTTON,OPEN_BUTTON,REF_TABLE_ID,REF_FIELD_NAME,SPECIAL_BUTTON) VALUES ('TBLID_BRECIP_LOOKUP','PROD_ID','PROD_ID','PROD_ID','STRING',20,'N','Y','N','Y',-1,-1,0,0,0,'N','N','N','STRING',0,'Y',0,'Y','Y','Y','NONE',NULL,NULL,NULL,NULL,'N','N',0,NULL,NULL,0);
INSERT INTO SM_FIELD_DEF (TABLE_ID,FIELD_NAME,JP_TITLE,US_TITLE,DB_TYPE,DB_LENGTH,IS_KEY,NOT_BLANK,IS_DUMMY,IS_SEARCH_ITEM,SORT_NO,TREE_LEVEL,SHEET_NO,PAGE_NO,PROPERTY_NO,IS_AUTO,IS_MANDATORY,SYSTEM_READONLY,FIELD_TYPE,FIELD_LENGTH,INPUT_ALPHABET,INPUT_MULTIBYTE,INPUT_NUMERIC,INPUT_SYMBOL,INPUT_UPPERCASE,RETRIEVAL_TABLE,FORMAT,DEFAULT_VALUE,MIN_VALUE,MAX_VALUE,CALENDAR_BUTTON,JUMP_BUTTON,OPEN_BUTTON,REF_TABLE_ID,REF_FIELD_NAME,SPECIAL_BUTTON) VALUES ('TBLID_BRECIP_LOOKUP','EQP_ID','EQP_ID','EQP_ID','STRING',10,'N','Y','N','Y',-1,-1,0,0,0,'N','N','N','STRING',0,'Y',0,'Y','Y','Y','NONE',NULL,NULL,NULL,NULL,'N','N',0,NULL,NULL,0);
INSERT INTO SM_FIELD_DEF (TABLE_ID,FIELD_NAME,JP_TITLE,US_TITLE,DB_TYPE,DB_LENGTH,IS_KEY,NOT_BLANK,IS_DUMMY,IS_SEARCH_ITEM,SORT_NO,TREE_LEVEL,SHEET_NO,PAGE_NO,PROPERTY_NO,IS_AUTO,IS_MANDATORY,SYSTEM_READONLY,FIELD_TYPE,FIELD_LENGTH,INPUT_ALPHABET,INPUT_MULTIBYTE,INPUT_NUMERIC,INPUT_SYMBOL,INPUT_UPPERCASE,RETRIEVAL_TABLE,FORMAT,DEFAULT_VALUE,MIN_VALUE,MAX_VALUE,CALENDAR_BUTTON,JUMP_BUTTON,OPEN_BUTTON,REF_TABLE_ID,REF_FIELD_NAME,SPECIAL_BUTTON) VALUES ('TBLID_BRECIP_LOOKUP','RECIP_ID','RECIP_ID','RECIP_ID','STRING',20,'N','Y','N','Y',-1,-1,0,0,0,'N','N','N','STRING',0,'Y',0,'Y','Y','Y','NONE',NULL,NULL,NULL,NULL,'N','N',0,NULL,NULL,0);
INSERT INTO SM_CHECK_DEF (TABLE_ID,CHECK_TYPE,CHECK_ORDER,CHECK_KIND,FIELD_NAME,REF_TABLE,REF_FIELD,EXPECT_VALUE,ERR_MSG) VALUES ('TBLID_BRECIP_LOOKUP','SAVE',1,'STAT_E',NULL,NULL,NULL,NULL,NULL);
INSERT INTO SM_CHECK_DEF (TABLE_ID,CHECK_TYPE,CHECK_ORDER,CHECK_KIND,FIELD_NAME,REF_TABLE,REF_FIELD,EXPECT_VALUE,ERR_MSG) VALUES ('TBLID_BRECIP_LOOKUP','SAVE',2,'STRING','lock_user',NULL,NULL,'',NULL);
INSERT INTO SM_CHECK_DEF (TABLE_ID,CHECK_TYPE,CHECK_ORDER,CHECK_KIND,FIELD_NAME,REF_TABLE,REF_FIELD,EXPECT_VALUE,ERR_MSG) VALUES ('TBLID_BRECIP_LOOKUP','SAVE',3,'NULLCHK','lock_time',NULL,NULL,NULL,NULL);
INSERT INTO SM_CHECK_DEF (TABLE_ID,CHECK_TYPE,CHECK_ORDER,CHECK_KIND,FIELD_NAME,REF_TABLE,REF_FIELD,EXPECT_VALUE,ERR_MSG) VALUES ('TBLID_BRECIP_LOOKUP','SAVE',4,'KEY','route_id','0','',NULL,NULL);
INSERT INTO SM_CHECK_DEF (TABLE_ID,CHECK_TYPE,CHECK_ORDER,CHECK_KIND,FIELD_NAME,REF_TABLE,REF_FIELD,EXPECT_VALUE,ERR_MSG) VALUES ('TBLID_BRECIP_LOOKUP','SAVE',5,'KEY','route_ver','0','',NULL,NULL);
INSERT INTO SM_CHECK_DEF (TABLE_ID,CHECK_TYPE,CHECK_ORDER,CHECK_KIND,FIELD_NAME,REF_TABLE,REF_FIELD,EXPECT_VALUE,ERR_MSG) VALUES ('TBLID_BRECIP_LOOKUP','SAVE',6,'STRING','eqp_id',NULL,NULL,'',NULL);
INSERT INTO SM_CHECK_DEF (TABLE_ID,CHECK_TYPE,CHECK_ORDER,CHECK_KIND,FIELD_NAME,REF_TABLE,REF_FIELD,EXPECT_VALUE,ERR_MSG) VALUES ('TBLID_BRECIP_LOOKUP','SAVE',7,'KEY','eqp_id','0','',NULL,NULL);
INSERT INTO SM_CHECK_DEF (TABLE_ID,CHECK_TYPE,CHECK_ORDER,CHECK_KIND,FIELD_NAME,REF_TABLE,REF_FIELD,EXPECT_VALUE,ERR_MSG) VALUES ('TBLID_BRECIP_LOOKUP','SAVE',8,'KEY','eqp_id','0','',NULL,NULL);
INSERT INTO SM_CHECK_DEF (TABLE_ID,CHECK_TYPE,CHECK_ORDER,CHECK_KIND,FIELD_NAME,REF_TABLE,REF_FIELD,EXPECT_VALUE,ERR_MSG) VALUES ('TBLID_BRECIP_LOOKUP','SAVE',9,'STAT_R',NULL,NULL,NULL,NULL,NULL);
INSERT INTO SM_CHECK_DEF (TABLE_ID,CHECK_TYPE,CHECK_ORDER,CHECK_KIND,FIELD_NAME,REF_TABLE,REF_FIELD,EXPECT_VALUE,ERR_MSG) VALUES ('TBLID_BRECIP_LOOKUP','SAVE',10,'STRING','prod_id',NULL,NULL,'',NULL);
INSERT INTO SM_CHECK_DEF (TABLE_ID,CHECK_TYPE,CHECK_ORDER,CHECK_KIND,FIELD_NAME,REF_TABLE,REF_FIELD,EXPECT_VALUE,ERR_MSG) VALUES ('TBLID_BRECIP_LOOKUP','SAVE',11,'KEY','prod_id','0','',NULL,NULL);
INSERT INTO SM_CHECK_DEF (TABLE_ID,CHECK_TYPE,CHECK_ORDER,CHECK_KIND,FIELD_NAME,REF_TABLE,REF_FIELD,EXPECT_VALUE,ERR_MSG) VALUES ('TBLID_BRECIP_LOOKUP','SAVE',12,'KEY','prod_id','0','',NULL,NULL);
INSERT INTO SM_CHECK_DEF (TABLE_ID,CHECK_TYPE,CHECK_ORDER,CHECK_KIND,FIELD_NAME,REF_TABLE,REF_FIELD,EXPECT_VALUE,ERR_MSG) VALUES ('TBLID_BRECIP_LOOKUP','SAVE',13,'STAT_R',NULL,NULL,NULL,NULL,NULL);
INSERT INTO SM_CHECK_DEF (TABLE_ID,CHECK_TYPE,CHECK_ORDER,CHECK_KIND,FIELD_NAME,REF_TABLE,REF_FIELD,EXPECT_VALUE,ERR_MSG) VALUES ('TBLID_BRECIP_LOOKUP','SAVE',14,'KEY','recip_id','0','',NULL,NULL);
INSERT INTO SM_CHECK_DEF (TABLE_ID,CHECK_TYPE,CHECK_ORDER,CHECK_KIND,FIELD_NAME,REF_TABLE,REF_FIELD,EXPECT_VALUE,ERR_MSG) VALUES ('TBLID_BRECIP_LOOKUP','SAVE',15,'KEY','recip_id','0','',NULL,NULL);
INSERT INTO SM_CHECK_DEF (TABLE_ID,CHECK_TYPE,CHECK_ORDER,CHECK_KIND,FIELD_NAME,REF_TABLE,REF_FIELD,EXPECT_VALUE,ERR_MSG) VALUES ('TBLID_BRECIP_LOOKUP','SAVE',16,'STAT_R',NULL,NULL,NULL,NULL,NULL);
INSERT INTO SM_CHECK_DEF (TABLE_ID,CHECK_TYPE,CHECK_ORDER,CHECK_KIND,FIELD_NAME,REF_TABLE,REF_FIELD,EXPECT_VALUE,ERR_MSG) VALUES ('TBLID_BRECIP_LOOKUP','RELEASE',1,'STAT_E',NULL,NULL,NULL,NULL,NULL);
INSERT INTO SM_CHECK_DEF (TABLE_ID,CHECK_TYPE,CHECK_ORDER,CHECK_KIND,FIELD_NAME,REF_TABLE,REF_FIELD,EXPECT_VALUE,ERR_MSG) VALUES ('TBLID_BRECIP_LOOKUP','RELEASE',2,'STRING','lock_user',NULL,NULL,'',NULL);
INSERT INTO SM_CHECK_DEF (TABLE_ID,CHECK_TYPE,CHECK_ORDER,CHECK_KIND,FIELD_NAME,REF_TABLE,REF_FIELD,EXPECT_VALUE,ERR_MSG) VALUES ('TBLID_BRECIP_LOOKUP','RELEASE',3,'NULLCHK','lock_time',NULL,NULL,NULL,NULL);
INSERT INTO SM_CHECK_DEF (TABLE_ID,CHECK_TYPE,CHECK_ORDER,CHECK_KIND,FIELD_NAME,REF_TABLE,REF_FIELD,EXPECT_VALUE,ERR_MSG) VALUES ('TBLID_BRECIP_LOOKUP','RELEASE',4,'KEY','route_id','0','',NULL,NULL);
INSERT INTO SM_CHECK_DEF (TABLE_ID,CHECK_TYPE,CHECK_ORDER,CHECK_KIND,FIELD_NAME,REF_TABLE,REF_FIELD,EXPECT_VALUE,ERR_MSG) VALUES ('TBLID_BRECIP_LOOKUP','RELEASE',5,'KEY','route_ver','0','',NULL,NULL);
INSERT INTO SM_CHECK_DEF (TABLE_ID,CHECK_TYPE,CHECK_ORDER,CHECK_KIND,FIELD_NAME,REF_TABLE,REF_FIELD,EXPECT_VALUE,ERR_MSG) VALUES ('TBLID_BRECIP_LOOKUP','RELEASE',6,'STRING','eqp_id',NULL,NULL,'',NULL);
INSERT INTO SM_CHECK_DEF (TABLE_ID,CHECK_TYPE,CHECK_ORDER,CHECK_KIND,FIELD_NAME,REF_TABLE,REF_FIELD,EXPECT_VALUE,ERR_MSG) VALUES ('TBLID_BRECIP_LOOKUP','RELEASE',7,'KEY','eqp_id','0','',NULL,NULL);
INSERT INTO SM_CHECK_DEF (TABLE_ID,CHECK_TYPE,CHECK_ORDER,CHECK_KIND,FIELD_NAME,REF_TABLE,REF_FIELD,EXPECT_VALUE,ERR_MSG) VALUES ('TBLID_BRECIP_LOOKUP','RELEASE',8,'STAT_R',NULL,NULL,NULL,NULL,NULL);
INSERT INTO SM_CHECK_DEF (TABLE_ID,CHECK_TYPE,CHECK_ORDER,CHECK_KIND,FIELD_NAME,REF_TABLE,REF_FIELD,EXPECT_VALUE,ERR_MSG) VALUES ('TBLID_BRECIP_LOOKUP','RELEASE',9,'STRING','prod_id',NULL,NULL,'',NULL);
INSERT INTO SM_CHECK_DEF (TABLE_ID,CHECK_TYPE,CHECK_ORDER,CHECK_KIND,FIELD_NAME,REF_TABLE,REF_FIELD,EXPECT_VALUE,ERR_MSG) VALUES ('TBLID_BRECIP_LOOKUP','RELEASE',10,'KEY','prod_id','0','',NULL,NULL);
INSERT INTO SM_CHECK_DEF (TABLE_ID,CHECK_TYPE,CHECK_ORDER,CHECK_KIND,FIELD_NAME,REF_TABLE,REF_FIELD,EXPECT_VALUE,ERR_MSG) VALUES ('TBLID_BRECIP_LOOKUP','RELEASE',11,'STAT_R',NULL,NULL,NULL,NULL,NULL);
INSERT INTO SM_CHECK_DEF (TABLE_ID,CHECK_TYPE,CHECK_ORDER,CHECK_KIND,FIELD_NAME,REF_TABLE,REF_FIELD,EXPECT_VALUE,ERR_MSG) VALUES ('TBLID_BRECIP_LOOKUP','RELEASE',12,'KEY','recip_id','0','',NULL,NULL);
INSERT INTO SM_CHECK_DEF (TABLE_ID,CHECK_TYPE,CHECK_ORDER,CHECK_KIND,FIELD_NAME,REF_TABLE,REF_FIELD,EXPECT_VALUE,ERR_MSG) VALUES ('TBLID_BRECIP_LOOKUP','RELEASE',13,'STAT_R',NULL,NULL,NULL,NULL,NULL);
INSERT INTO SM_CHECK_DEF (TABLE_ID,CHECK_TYPE,CHECK_ORDER,CHECK_KIND,FIELD_NAME,REF_TABLE,REF_FIELD,EXPECT_VALUE,ERR_MSG) VALUES ('TBLID_BRECIP_LOOKUP','RELEASE',14,'RELEASE_PARAM','route_id','D12',NULL,NULL,NULL);
INSERT INTO SM_CHECK_DEF (TABLE_ID,CHECK_TYPE,CHECK_ORDER,CHECK_KIND,FIELD_NAME,REF_TABLE,REF_FIELD,EXPECT_VALUE,ERR_MSG) VALUES ('TBLID_BRECIP_LOOKUP','RELEASE',15,'RELEASE_PARAM','route_ver','D3',NULL,NULL,NULL);
INSERT INTO SM_CHECK_DEF (TABLE_ID,CHECK_TYPE,CHECK_ORDER,CHECK_KIND,FIELD_NAME,REF_TABLE,REF_FIELD,EXPECT_VALUE,ERR_MSG) VALUES ('TBLID_BRECIP_LOOKUP','RELEASE',16,'RELEASE_PARAM','ope_no','D6',NULL,NULL,NULL);
INSERT INTO SM_CHECK_DEF (TABLE_ID,CHECK_TYPE,CHECK_ORDER,CHECK_KIND,FIELD_NAME,REF_TABLE,REF_FIELD,EXPECT_VALUE,ERR_MSG) VALUES ('TBLID_BRECIP_LOOKUP','RELEASE',17,'RELEASE_PARAM','prod_id','D20',NULL,NULL,NULL);
INSERT INTO SM_CHECK_DEF (TABLE_ID,CHECK_TYPE,CHECK_ORDER,CHECK_KIND,FIELD_NAME,REF_TABLE,REF_FIELD,EXPECT_VALUE,ERR_MSG) VALUES ('TBLID_BRECIP_LOOKUP','RELEASE',18,'RELEASE_PARAM','eqp_id','D10',NULL,NULL,NULL);
INSERT INTO SM_CHECK_DEF (TABLE_ID,CHECK_TYPE,CHECK_ORDER,CHECK_KIND,FIELD_NAME,REF_TABLE,REF_FIELD,EXPECT_VALUE,ERR_MSG) VALUES ('TBLID_BRECIP_LOOKUP','RELEASE',19,'RELEASE_WRITE','recip_id','D0',NULL,NULL,NULL);
INSERT INTO SM_CHECK_DEF (TABLE_ID,CHECK_TYPE,CHECK_ORDER,CHECK_KIND,FIELD_NAME,REF_TABLE,REF_FIELD,EXPECT_VALUE,ERR_MSG) VALUES ('TBLID_BRECIP_LOOKUP','DELETE',1,'STAT_R',NULL,NULL,NULL,NULL,NULL);
INSERT INTO SM_CHECK_DEF (TABLE_ID,CHECK_TYPE,CHECK_ORDER,CHECK_KIND,FIELD_NAME,REF_TABLE,REF_FIELD,EXPECT_VALUE,ERR_MSG) VALUES ('TBLID_BRECIP_LOOKUP','DELETE',2,'STRING','lock_user',NULL,NULL,'',NULL);
INSERT INTO SM_CHECK_DEF (TABLE_ID,CHECK_TYPE,CHECK_ORDER,CHECK_KIND,FIELD_NAME,REF_TABLE,REF_FIELD,EXPECT_VALUE,ERR_MSG) VALUES ('TBLID_BRECIP_LOOKUP','DELETE',3,'NULLCHK','lock_time',NULL,NULL,NULL,NULL);
INSERT INTO SM_CHECK_DEF (TABLE_ID,CHECK_TYPE,CHECK_ORDER,CHECK_KIND,FIELD_NAME,REF_TABLE,REF_FIELD,EXPECT_VALUE,ERR_MSG) VALUES ('TBLID_BRECIP_LOOKUP','EDITCOMP',1,'STAT_E',NULL,NULL,NULL,NULL,NULL);
INSERT INTO SM_CHECK_DEF (TABLE_ID,CHECK_TYPE,CHECK_ORDER,CHECK_KIND,FIELD_NAME,REF_TABLE,REF_FIELD,EXPECT_VALUE,ERR_MSG) VALUES ('TBLID_BRECIP_LOOKUP','EDITCOMP',2,'COMP_N',NULL,NULL,NULL,NULL,'记录已编辑完成');

-- BRECIP_PRAM
INSERT INTO SM_TABLE_DEF (TABLE_ID, TABLE_NAME, JP_TITLE, US_TITLE, RELEASE_FLAG, DISTRIBUTE_FLAG, PERMISSION_TYPE, SCHEMA_TYPE, HAS_DUMMY, SORT_NO)
VALUES ('TBLID_BRECIP_PRAM', 'BRECIP_PRAM', 'BRECIP_PRAM', 'BRECIP_PRAM', 'Y', 'N', 'C', 'L', 'Y', 640);
INSERT INTO SM_FIELD_DEF (TABLE_ID,FIELD_NAME,JP_TITLE,US_TITLE,DB_TYPE,DB_LENGTH,IS_KEY,NOT_BLANK,IS_DUMMY,IS_SEARCH_ITEM,SORT_NO,TREE_LEVEL,SHEET_NO,PAGE_NO,PROPERTY_NO,IS_AUTO,IS_MANDATORY,SYSTEM_READONLY,FIELD_TYPE,FIELD_LENGTH,INPUT_ALPHABET,INPUT_MULTIBYTE,INPUT_NUMERIC,INPUT_SYMBOL,INPUT_UPPERCASE,RETRIEVAL_TABLE,FORMAT,DEFAULT_VALUE,MIN_VALUE,MAX_VALUE,CALENDAR_BUTTON,JUMP_BUTTON,OPEN_BUTTON,REF_TABLE_ID,REF_FIELD_NAME,SPECIAL_BUTTON) VALUES ('TBLID_BRECIP_PRAM','EQP_ID','EQP_ID','EQP_ID','STRING',10,'N','Y','N','Y',-1,-1,0,0,0,'N','N','N','STRING',0,'Y',0,'Y','Y','Y','NONE',NULL,NULL,NULL,NULL,'N','N',0,NULL,NULL,0);
INSERT INTO SM_FIELD_DEF (TABLE_ID,FIELD_NAME,JP_TITLE,US_TITLE,DB_TYPE,DB_LENGTH,IS_KEY,NOT_BLANK,IS_DUMMY,IS_SEARCH_ITEM,SORT_NO,TREE_LEVEL,SHEET_NO,PAGE_NO,PROPERTY_NO,IS_AUTO,IS_MANDATORY,SYSTEM_READONLY,FIELD_TYPE,FIELD_LENGTH,INPUT_ALPHABET,INPUT_MULTIBYTE,INPUT_NUMERIC,INPUT_SYMBOL,INPUT_UPPERCASE,RETRIEVAL_TABLE,FORMAT,DEFAULT_VALUE,MIN_VALUE,MAX_VALUE,CALENDAR_BUTTON,JUMP_BUTTON,OPEN_BUTTON,REF_TABLE_ID,REF_FIELD_NAME,SPECIAL_BUTTON) VALUES ('TBLID_BRECIP_PRAM','RECIP_ID','RECIP_ID','RECIP_ID','STRING',20,'N','Y','N','Y',-1,-1,0,0,0,'N','N','N','STRING',0,'Y',0,'Y','Y','Y','NONE',NULL,NULL,NULL,NULL,'N','N',0,NULL,NULL,0);
INSERT INTO SM_FIELD_DEF (TABLE_ID,FIELD_NAME,JP_TITLE,US_TITLE,DB_TYPE,DB_LENGTH,IS_KEY,NOT_BLANK,IS_DUMMY,IS_SEARCH_ITEM,SORT_NO,TREE_LEVEL,SHEET_NO,PAGE_NO,PROPERTY_NO,IS_AUTO,IS_MANDATORY,SYSTEM_READONLY,FIELD_TYPE,FIELD_LENGTH,INPUT_ALPHABET,INPUT_MULTIBYTE,INPUT_NUMERIC,INPUT_SYMBOL,INPUT_UPPERCASE,RETRIEVAL_TABLE,FORMAT,DEFAULT_VALUE,MIN_VALUE,MAX_VALUE,CALENDAR_BUTTON,JUMP_BUTTON,OPEN_BUTTON,REF_TABLE_ID,REF_FIELD_NAME,SPECIAL_BUTTON) VALUES ('TBLID_BRECIP_PRAM','RECIP_PRAM_ID','RECIP_PRAM_ID','RECIP_PRAM_ID','STRING',10,'N','Y','N','Y',-1,-1,0,0,0,'N','N','N','STRING',0,'Y',0,'Y','Y','Y','NONE',NULL,NULL,NULL,NULL,'N','N',0,NULL,NULL,0);
INSERT INTO SM_FIELD_DEF (TABLE_ID,FIELD_NAME,JP_TITLE,US_TITLE,DB_TYPE,DB_LENGTH,IS_KEY,NOT_BLANK,IS_DUMMY,IS_SEARCH_ITEM,SORT_NO,TREE_LEVEL,SHEET_NO,PAGE_NO,PROPERTY_NO,IS_AUTO,IS_MANDATORY,SYSTEM_READONLY,FIELD_TYPE,FIELD_LENGTH,INPUT_ALPHABET,INPUT_MULTIBYTE,INPUT_NUMERIC,INPUT_SYMBOL,INPUT_UPPERCASE,RETRIEVAL_TABLE,FORMAT,DEFAULT_VALUE,MIN_VALUE,MAX_VALUE,CALENDAR_BUTTON,JUMP_BUTTON,OPEN_BUTTON,REF_TABLE_ID,REF_FIELD_NAME,SPECIAL_BUTTON) VALUES ('TBLID_BRECIP_PRAM','RECIP_PRAM_NAME','RECIP_PRAM_NAME','RECIP_PRAM_NAME','STRING',40,'N','Y','N','Y',-1,-1,0,0,0,'N','N','N','STRING',0,'Y',0,'Y','Y','Y','NONE',NULL,NULL,NULL,NULL,'N','N',0,NULL,NULL,0);
INSERT INTO SM_FIELD_DEF (TABLE_ID,FIELD_NAME,JP_TITLE,US_TITLE,DB_TYPE,DB_LENGTH,IS_KEY,NOT_BLANK,IS_DUMMY,IS_SEARCH_ITEM,SORT_NO,TREE_LEVEL,SHEET_NO,PAGE_NO,PROPERTY_NO,IS_AUTO,IS_MANDATORY,SYSTEM_READONLY,FIELD_TYPE,FIELD_LENGTH,INPUT_ALPHABET,INPUT_MULTIBYTE,INPUT_NUMERIC,INPUT_SYMBOL,INPUT_UPPERCASE,RETRIEVAL_TABLE,FORMAT,DEFAULT_VALUE,MIN_VALUE,MAX_VALUE,CALENDAR_BUTTON,JUMP_BUTTON,OPEN_BUTTON,REF_TABLE_ID,REF_FIELD_NAME,SPECIAL_BUTTON) VALUES ('TBLID_BRECIP_PRAM','RECIP_PRAM_DESC','RECIP_PRAM_DESC','RECIP_PRAM_DESC','STRING',80,'N','Y','N','Y',-1,-1,0,0,0,'N','N','N','STRING',0,'Y',0,'Y','Y','Y','NONE',NULL,NULL,NULL,NULL,'N','N',0,NULL,NULL,0);
INSERT INTO SM_FIELD_DEF (TABLE_ID,FIELD_NAME,JP_TITLE,US_TITLE,DB_TYPE,DB_LENGTH,IS_KEY,NOT_BLANK,IS_DUMMY,IS_SEARCH_ITEM,SORT_NO,TREE_LEVEL,SHEET_NO,PAGE_NO,PROPERTY_NO,IS_AUTO,IS_MANDATORY,SYSTEM_READONLY,FIELD_TYPE,FIELD_LENGTH,INPUT_ALPHABET,INPUT_MULTIBYTE,INPUT_NUMERIC,INPUT_SYMBOL,INPUT_UPPERCASE,RETRIEVAL_TABLE,FORMAT,DEFAULT_VALUE,MIN_VALUE,MAX_VALUE,CALENDAR_BUTTON,JUMP_BUTTON,OPEN_BUTTON,REF_TABLE_ID,REF_FIELD_NAME,SPECIAL_BUTTON) VALUES ('TBLID_BRECIP_PRAM','STD_VAL','STD_VAL','STD_VAL','STRING',10,'N','Y','N','Y',-1,-1,0,0,0,'N','N','N','STRING',0,'Y',0,'Y','Y','Y','NONE',NULL,NULL,NULL,NULL,'N','N',0,NULL,NULL,0);
INSERT INTO SM_FIELD_DEF (TABLE_ID,FIELD_NAME,JP_TITLE,US_TITLE,DB_TYPE,DB_LENGTH,IS_KEY,NOT_BLANK,IS_DUMMY,IS_SEARCH_ITEM,SORT_NO,TREE_LEVEL,SHEET_NO,PAGE_NO,PROPERTY_NO,IS_AUTO,IS_MANDATORY,SYSTEM_READONLY,FIELD_TYPE,FIELD_LENGTH,INPUT_ALPHABET,INPUT_MULTIBYTE,INPUT_NUMERIC,INPUT_SYMBOL,INPUT_UPPERCASE,RETRIEVAL_TABLE,FORMAT,DEFAULT_VALUE,MIN_VALUE,MAX_VALUE,CALENDAR_BUTTON,JUMP_BUTTON,OPEN_BUTTON,REF_TABLE_ID,REF_FIELD_NAME,SPECIAL_BUTTON) VALUES ('TBLID_BRECIP_PRAM','H_VAL','H_VAL','H_VAL','STRING',10,'N','Y','N','Y',-1,-1,0,0,0,'N','N','N','STRING',0,'Y',0,'Y','Y','Y','NONE',NULL,NULL,NULL,NULL,'N','N',0,NULL,NULL,0);
INSERT INTO SM_FIELD_DEF (TABLE_ID,FIELD_NAME,JP_TITLE,US_TITLE,DB_TYPE,DB_LENGTH,IS_KEY,NOT_BLANK,IS_DUMMY,IS_SEARCH_ITEM,SORT_NO,TREE_LEVEL,SHEET_NO,PAGE_NO,PROPERTY_NO,IS_AUTO,IS_MANDATORY,SYSTEM_READONLY,FIELD_TYPE,FIELD_LENGTH,INPUT_ALPHABET,INPUT_MULTIBYTE,INPUT_NUMERIC,INPUT_SYMBOL,INPUT_UPPERCASE,RETRIEVAL_TABLE,FORMAT,DEFAULT_VALUE,MIN_VALUE,MAX_VALUE,CALENDAR_BUTTON,JUMP_BUTTON,OPEN_BUTTON,REF_TABLE_ID,REF_FIELD_NAME,SPECIAL_BUTTON) VALUES ('TBLID_BRECIP_PRAM','L_VAL','L_VAL','L_VAL','STRING',10,'N','Y','N','Y',-1,-1,0,0,0,'N','N','N','STRING',0,'Y',0,'Y','Y','Y','NONE',NULL,NULL,NULL,NULL,'N','N',0,NULL,NULL,0);
INSERT INTO SM_FIELD_DEF (TABLE_ID,FIELD_NAME,JP_TITLE,US_TITLE,DB_TYPE,DB_LENGTH,IS_KEY,NOT_BLANK,IS_DUMMY,IS_SEARCH_ITEM,SORT_NO,TREE_LEVEL,SHEET_NO,PAGE_NO,PROPERTY_NO,IS_AUTO,IS_MANDATORY,SYSTEM_READONLY,FIELD_TYPE,FIELD_LENGTH,INPUT_ALPHABET,INPUT_MULTIBYTE,INPUT_NUMERIC,INPUT_SYMBOL,INPUT_UPPERCASE,RETRIEVAL_TABLE,FORMAT,DEFAULT_VALUE,MIN_VALUE,MAX_VALUE,CALENDAR_BUTTON,JUMP_BUTTON,OPEN_BUTTON,REF_TABLE_ID,REF_FIELD_NAME,SPECIAL_BUTTON) VALUES ('TBLID_BRECIP_PRAM','MEAS_UNIT','MEAS_UNIT','MEAS_UNIT','STRING',10,'N','Y','N','Y',-1,-1,0,0,0,'N','N','N','STRING',0,'Y',0,'Y','Y','Y','NONE',NULL,NULL,NULL,NULL,'N','N',0,NULL,NULL,0);
INSERT INTO SM_CHECK_DEF (TABLE_ID,CHECK_TYPE,CHECK_ORDER,CHECK_KIND,FIELD_NAME,REF_TABLE,REF_FIELD,EXPECT_VALUE,ERR_MSG) VALUES ('TBLID_BRECIP_PRAM','SAVE',1,'STAT_E',NULL,NULL,NULL,NULL,NULL);
INSERT INTO SM_CHECK_DEF (TABLE_ID,CHECK_TYPE,CHECK_ORDER,CHECK_KIND,FIELD_NAME,REF_TABLE,REF_FIELD,EXPECT_VALUE,ERR_MSG) VALUES ('TBLID_BRECIP_PRAM','SAVE',2,'STRING','lock_user',NULL,NULL,'',NULL);
INSERT INTO SM_CHECK_DEF (TABLE_ID,CHECK_TYPE,CHECK_ORDER,CHECK_KIND,FIELD_NAME,REF_TABLE,REF_FIELD,EXPECT_VALUE,ERR_MSG) VALUES ('TBLID_BRECIP_PRAM','SAVE',3,'NULLCHK','lock_time',NULL,NULL,NULL,NULL);
INSERT INTO SM_CHECK_DEF (TABLE_ID,CHECK_TYPE,CHECK_ORDER,CHECK_KIND,FIELD_NAME,REF_TABLE,REF_FIELD,EXPECT_VALUE,ERR_MSG) VALUES ('TBLID_BRECIP_PRAM','SAVE',4,'KEY','recip_id','0','',NULL,NULL);
INSERT INTO SM_CHECK_DEF (TABLE_ID,CHECK_TYPE,CHECK_ORDER,CHECK_KIND,FIELD_NAME,REF_TABLE,REF_FIELD,EXPECT_VALUE,ERR_MSG) VALUES ('TBLID_BRECIP_PRAM','SAVE',5,'KEY','eqp_id','0','',NULL,NULL);
INSERT INTO SM_CHECK_DEF (TABLE_ID,CHECK_TYPE,CHECK_ORDER,CHECK_KIND,FIELD_NAME,REF_TABLE,REF_FIELD,EXPECT_VALUE,ERR_MSG) VALUES ('TBLID_BRECIP_PRAM','SAVE',6,'KEY','recip_id','0','',NULL,NULL);
INSERT INTO SM_CHECK_DEF (TABLE_ID,CHECK_TYPE,CHECK_ORDER,CHECK_KIND,FIELD_NAME,REF_TABLE,REF_FIELD,EXPECT_VALUE,ERR_MSG) VALUES ('TBLID_BRECIP_PRAM','SAVE',7,'KEY','eqp_id','0','',NULL,NULL);
INSERT INTO SM_CHECK_DEF (TABLE_ID,CHECK_TYPE,CHECK_ORDER,CHECK_KIND,FIELD_NAME,REF_TABLE,REF_FIELD,EXPECT_VALUE,ERR_MSG) VALUES ('TBLID_BRECIP_PRAM','SAVE',8,'STAT_R',NULL,NULL,NULL,NULL,NULL);
INSERT INTO SM_CHECK_DEF (TABLE_ID,CHECK_TYPE,CHECK_ORDER,CHECK_KIND,FIELD_NAME,REF_TABLE,REF_FIELD,EXPECT_VALUE,ERR_MSG) VALUES ('TBLID_BRECIP_PRAM','RELEASE',1,'STAT_E',NULL,NULL,NULL,NULL,NULL);
INSERT INTO SM_CHECK_DEF (TABLE_ID,CHECK_TYPE,CHECK_ORDER,CHECK_KIND,FIELD_NAME,REF_TABLE,REF_FIELD,EXPECT_VALUE,ERR_MSG) VALUES ('TBLID_BRECIP_PRAM','RELEASE',2,'STRING','lock_user',NULL,NULL,'',NULL);
INSERT INTO SM_CHECK_DEF (TABLE_ID,CHECK_TYPE,CHECK_ORDER,CHECK_KIND,FIELD_NAME,REF_TABLE,REF_FIELD,EXPECT_VALUE,ERR_MSG) VALUES ('TBLID_BRECIP_PRAM','RELEASE',3,'NULLCHK','lock_time',NULL,NULL,NULL,NULL);
INSERT INTO SM_CHECK_DEF (TABLE_ID,CHECK_TYPE,CHECK_ORDER,CHECK_KIND,FIELD_NAME,REF_TABLE,REF_FIELD,EXPECT_VALUE,ERR_MSG) VALUES ('TBLID_BRECIP_PRAM','RELEASE',4,'KEY','recip_id','0','',NULL,NULL);
INSERT INTO SM_CHECK_DEF (TABLE_ID,CHECK_TYPE,CHECK_ORDER,CHECK_KIND,FIELD_NAME,REF_TABLE,REF_FIELD,EXPECT_VALUE,ERR_MSG) VALUES ('TBLID_BRECIP_PRAM','RELEASE',5,'KEY','eqp_id','0','',NULL,NULL);
INSERT INTO SM_CHECK_DEF (TABLE_ID,CHECK_TYPE,CHECK_ORDER,CHECK_KIND,FIELD_NAME,REF_TABLE,REF_FIELD,EXPECT_VALUE,ERR_MSG) VALUES ('TBLID_BRECIP_PRAM','RELEASE',6,'STAT_R',NULL,NULL,NULL,NULL,NULL);
INSERT INTO SM_CHECK_DEF (TABLE_ID,CHECK_TYPE,CHECK_ORDER,CHECK_KIND,FIELD_NAME,REF_TABLE,REF_FIELD,EXPECT_VALUE,ERR_MSG) VALUES ('TBLID_BRECIP_PRAM','RELEASE',7,'RELEASE_PARAM','eqp_id','D10',NULL,NULL,NULL);
INSERT INTO SM_CHECK_DEF (TABLE_ID,CHECK_TYPE,CHECK_ORDER,CHECK_KIND,FIELD_NAME,REF_TABLE,REF_FIELD,EXPECT_VALUE,ERR_MSG) VALUES ('TBLID_BRECIP_PRAM','RELEASE',8,'RELEASE_PARAM','recip_id','D20',NULL,NULL,NULL);
INSERT INTO SM_CHECK_DEF (TABLE_ID,CHECK_TYPE,CHECK_ORDER,CHECK_KIND,FIELD_NAME,REF_TABLE,REF_FIELD,EXPECT_VALUE,ERR_MSG) VALUES ('TBLID_BRECIP_PRAM','RELEASE',9,'RELEASE_PARAM','recip_pram_id','D10',NULL,NULL,NULL);
INSERT INTO SM_CHECK_DEF (TABLE_ID,CHECK_TYPE,CHECK_ORDER,CHECK_KIND,FIELD_NAME,REF_TABLE,REF_FIELD,EXPECT_VALUE,ERR_MSG) VALUES ('TBLID_BRECIP_PRAM','RELEASE',10,'RELEASE_WRITE','recip_pram_name','D0',NULL,NULL,NULL);
INSERT INTO SM_CHECK_DEF (TABLE_ID,CHECK_TYPE,CHECK_ORDER,CHECK_KIND,FIELD_NAME,REF_TABLE,REF_FIELD,EXPECT_VALUE,ERR_MSG) VALUES ('TBLID_BRECIP_PRAM','RELEASE',11,'RELEASE_WRITE','recip_pram_desc','D0',NULL,NULL,NULL);
INSERT INTO SM_CHECK_DEF (TABLE_ID,CHECK_TYPE,CHECK_ORDER,CHECK_KIND,FIELD_NAME,REF_TABLE,REF_FIELD,EXPECT_VALUE,ERR_MSG) VALUES ('TBLID_BRECIP_PRAM','RELEASE',12,'RELEASE_WRITE','std_val','D0',NULL,NULL,NULL);
INSERT INTO SM_CHECK_DEF (TABLE_ID,CHECK_TYPE,CHECK_ORDER,CHECK_KIND,FIELD_NAME,REF_TABLE,REF_FIELD,EXPECT_VALUE,ERR_MSG) VALUES ('TBLID_BRECIP_PRAM','RELEASE',13,'RELEASE_WRITE','h_val','D0',NULL,NULL,NULL);
INSERT INTO SM_CHECK_DEF (TABLE_ID,CHECK_TYPE,CHECK_ORDER,CHECK_KIND,FIELD_NAME,REF_TABLE,REF_FIELD,EXPECT_VALUE,ERR_MSG) VALUES ('TBLID_BRECIP_PRAM','RELEASE',14,'RELEASE_WRITE','l_val','D0',NULL,NULL,NULL);
INSERT INTO SM_CHECK_DEF (TABLE_ID,CHECK_TYPE,CHECK_ORDER,CHECK_KIND,FIELD_NAME,REF_TABLE,REF_FIELD,EXPECT_VALUE,ERR_MSG) VALUES ('TBLID_BRECIP_PRAM','RELEASE',15,'RELEASE_WRITE','meas_unit','D0',NULL,NULL,NULL);
INSERT INTO SM_CHECK_DEF (TABLE_ID,CHECK_TYPE,CHECK_ORDER,CHECK_KIND,FIELD_NAME,REF_TABLE,REF_FIELD,EXPECT_VALUE,ERR_MSG) VALUES ('TBLID_BRECIP_PRAM','DELETE',1,'STAT_R',NULL,NULL,NULL,NULL,NULL);
INSERT INTO SM_CHECK_DEF (TABLE_ID,CHECK_TYPE,CHECK_ORDER,CHECK_KIND,FIELD_NAME,REF_TABLE,REF_FIELD,EXPECT_VALUE,ERR_MSG) VALUES ('TBLID_BRECIP_PRAM','DELETE',2,'STRING','lock_user',NULL,NULL,'',NULL);
INSERT INTO SM_CHECK_DEF (TABLE_ID,CHECK_TYPE,CHECK_ORDER,CHECK_KIND,FIELD_NAME,REF_TABLE,REF_FIELD,EXPECT_VALUE,ERR_MSG) VALUES ('TBLID_BRECIP_PRAM','DELETE',3,'NULLCHK','lock_time',NULL,NULL,NULL,NULL);
INSERT INTO SM_CHECK_DEF (TABLE_ID,CHECK_TYPE,CHECK_ORDER,CHECK_KIND,FIELD_NAME,REF_TABLE,REF_FIELD,EXPECT_VALUE,ERR_MSG) VALUES ('TBLID_BRECIP_PRAM','EDITCOMP',1,'STAT_E',NULL,NULL,NULL,NULL,NULL);
INSERT INTO SM_CHECK_DEF (TABLE_ID,CHECK_TYPE,CHECK_ORDER,CHECK_KIND,FIELD_NAME,REF_TABLE,REF_FIELD,EXPECT_VALUE,ERR_MSG) VALUES ('TBLID_BRECIP_PRAM','EDITCOMP',2,'COMP_N',NULL,NULL,NULL,NULL,'记录已编辑完成');

-- BREJECTCODE
INSERT INTO SM_TABLE_DEF (TABLE_ID, TABLE_NAME, JP_TITLE, US_TITLE, RELEASE_FLAG, DISTRIBUTE_FLAG, PERMISSION_TYPE, SCHEMA_TYPE, HAS_DUMMY, SORT_NO)
VALUES ('TBLID_BREJECTCODE', 'BREJECTCODE', 'BREJECTCODE', 'BREJECTCODE', 'Y', 'N', 'C', 'L', 'Y', 650);
INSERT INTO SM_FIELD_DEF (TABLE_ID,FIELD_NAME,JP_TITLE,US_TITLE,DB_TYPE,DB_LENGTH,IS_KEY,NOT_BLANK,IS_DUMMY,IS_SEARCH_ITEM,SORT_NO,TREE_LEVEL,SHEET_NO,PAGE_NO,PROPERTY_NO,IS_AUTO,IS_MANDATORY,SYSTEM_READONLY,FIELD_TYPE,FIELD_LENGTH,INPUT_ALPHABET,INPUT_MULTIBYTE,INPUT_NUMERIC,INPUT_SYMBOL,INPUT_UPPERCASE,RETRIEVAL_TABLE,FORMAT,DEFAULT_VALUE,MIN_VALUE,MAX_VALUE,CALENDAR_BUTTON,JUMP_BUTTON,OPEN_BUTTON,REF_TABLE_ID,REF_FIELD_NAME,SPECIAL_BUTTON) VALUES ('TBLID_BREJECTCODE','OPE_ID','OPE_ID','OPE_ID','STRING',8,'N','Y','N','Y',-1,-1,0,0,0,'N','N','N','STRING',0,'Y',0,'Y','Y','Y','NONE',NULL,NULL,NULL,NULL,'N','N',0,NULL,NULL,0);
INSERT INTO SM_FIELD_DEF (TABLE_ID,FIELD_NAME,JP_TITLE,US_TITLE,DB_TYPE,DB_LENGTH,IS_KEY,NOT_BLANK,IS_DUMMY,IS_SEARCH_ITEM,SORT_NO,TREE_LEVEL,SHEET_NO,PAGE_NO,PROPERTY_NO,IS_AUTO,IS_MANDATORY,SYSTEM_READONLY,FIELD_TYPE,FIELD_LENGTH,INPUT_ALPHABET,INPUT_MULTIBYTE,INPUT_NUMERIC,INPUT_SYMBOL,INPUT_UPPERCASE,RETRIEVAL_TABLE,FORMAT,DEFAULT_VALUE,MIN_VALUE,MAX_VALUE,CALENDAR_BUTTON,JUMP_BUTTON,OPEN_BUTTON,REF_TABLE_ID,REF_FIELD_NAME,SPECIAL_BUTTON) VALUES ('TBLID_BREJECTCODE','REJRSN_CODE_CAT','REJRSN_CODE_CAT','REJRSN_CODE_CAT','STRING',10,'N','Y','N','Y',-1,-1,0,0,0,'N','N','N','STRING',0,'Y',0,'Y','Y','Y','NONE',NULL,NULL,NULL,NULL,'N','N',0,NULL,NULL,0);
INSERT INTO SM_FIELD_DEF (TABLE_ID,FIELD_NAME,JP_TITLE,US_TITLE,DB_TYPE,DB_LENGTH,IS_KEY,NOT_BLANK,IS_DUMMY,IS_SEARCH_ITEM,SORT_NO,TREE_LEVEL,SHEET_NO,PAGE_NO,PROPERTY_NO,IS_AUTO,IS_MANDATORY,SYSTEM_READONLY,FIELD_TYPE,FIELD_LENGTH,INPUT_ALPHABET,INPUT_MULTIBYTE,INPUT_NUMERIC,INPUT_SYMBOL,INPUT_UPPERCASE,RETRIEVAL_TABLE,FORMAT,DEFAULT_VALUE,MIN_VALUE,MAX_VALUE,CALENDAR_BUTTON,JUMP_BUTTON,OPEN_BUTTON,REF_TABLE_ID,REF_FIELD_NAME,SPECIAL_BUTTON) VALUES ('TBLID_BREJECTCODE','REJRSN_CODE','REJRSN_CODE','REJRSN_CODE','STRING',10,'N','Y','N','Y',-1,-1,0,0,0,'N','N','N','STRING',0,'Y',0,'Y','Y','Y','NONE',NULL,NULL,NULL,NULL,'N','N',0,NULL,NULL,0);
INSERT INTO SM_FIELD_DEF (TABLE_ID,FIELD_NAME,JP_TITLE,US_TITLE,DB_TYPE,DB_LENGTH,IS_KEY,NOT_BLANK,IS_DUMMY,IS_SEARCH_ITEM,SORT_NO,TREE_LEVEL,SHEET_NO,PAGE_NO,PROPERTY_NO,IS_AUTO,IS_MANDATORY,SYSTEM_READONLY,FIELD_TYPE,FIELD_LENGTH,INPUT_ALPHABET,INPUT_MULTIBYTE,INPUT_NUMERIC,INPUT_SYMBOL,INPUT_UPPERCASE,RETRIEVAL_TABLE,FORMAT,DEFAULT_VALUE,MIN_VALUE,MAX_VALUE,CALENDAR_BUTTON,JUMP_BUTTON,OPEN_BUTTON,REF_TABLE_ID,REF_FIELD_NAME,SPECIAL_BUTTON) VALUES ('TBLID_BREJECTCODE','REJRSN_CODE_NAME','REJRSN_CODE_NAME','REJRSN_CODE_NAME','STRING',40,'N','Y','N','Y',-1,-1,0,0,0,'N','N','N','STRING',0,'Y',0,'Y','Y','Y','NONE',NULL,NULL,NULL,NULL,'N','N',0,NULL,NULL,0);
INSERT INTO SM_FIELD_DEF (TABLE_ID,FIELD_NAME,JP_TITLE,US_TITLE,DB_TYPE,DB_LENGTH,IS_KEY,NOT_BLANK,IS_DUMMY,IS_SEARCH_ITEM,SORT_NO,TREE_LEVEL,SHEET_NO,PAGE_NO,PROPERTY_NO,IS_AUTO,IS_MANDATORY,SYSTEM_READONLY,FIELD_TYPE,FIELD_LENGTH,INPUT_ALPHABET,INPUT_MULTIBYTE,INPUT_NUMERIC,INPUT_SYMBOL,INPUT_UPPERCASE,RETRIEVAL_TABLE,FORMAT,DEFAULT_VALUE,MIN_VALUE,MAX_VALUE,CALENDAR_BUTTON,JUMP_BUTTON,OPEN_BUTTON,REF_TABLE_ID,REF_FIELD_NAME,SPECIAL_BUTTON) VALUES ('TBLID_BREJECTCODE','REJRSN_CODE_DESC','REJRSN_CODE_DESC','REJRSN_CODE_DESC','STRING',80,'N','Y','N','Y',-1,-1,0,0,0,'N','N','N','STRING',0,'Y',0,'Y','Y','Y','NONE',NULL,NULL,NULL,NULL,'N','N',0,NULL,NULL,0);
INSERT INTO SM_FIELD_DEF (TABLE_ID,FIELD_NAME,JP_TITLE,US_TITLE,DB_TYPE,DB_LENGTH,IS_KEY,NOT_BLANK,IS_DUMMY,IS_SEARCH_ITEM,SORT_NO,TREE_LEVEL,SHEET_NO,PAGE_NO,PROPERTY_NO,IS_AUTO,IS_MANDATORY,SYSTEM_READONLY,FIELD_TYPE,FIELD_LENGTH,INPUT_ALPHABET,INPUT_MULTIBYTE,INPUT_NUMERIC,INPUT_SYMBOL,INPUT_UPPERCASE,RETRIEVAL_TABLE,FORMAT,DEFAULT_VALUE,MIN_VALUE,MAX_VALUE,CALENDAR_BUTTON,JUMP_BUTTON,OPEN_BUTTON,REF_TABLE_ID,REF_FIELD_NAME,SPECIAL_BUTTON) VALUES ('TBLID_BREJECTCODE','REJRSN_CODE_STG_ID','REJRSN_CODE_STG_ID','REJRSN_CODE_STG_ID','STRING',12,'N','Y','N','Y',-1,-1,0,0,0,'N','N','N','STRING',0,'Y',0,'Y','Y','Y','NONE',NULL,NULL,NULL,NULL,'N','N',0,NULL,NULL,0);
INSERT INTO SM_FIELD_DEF (TABLE_ID,FIELD_NAME,JP_TITLE,US_TITLE,DB_TYPE,DB_LENGTH,IS_KEY,NOT_BLANK,IS_DUMMY,IS_SEARCH_ITEM,SORT_NO,TREE_LEVEL,SHEET_NO,PAGE_NO,PROPERTY_NO,IS_AUTO,IS_MANDATORY,SYSTEM_READONLY,FIELD_TYPE,FIELD_LENGTH,INPUT_ALPHABET,INPUT_MULTIBYTE,INPUT_NUMERIC,INPUT_SYMBOL,INPUT_UPPERCASE,RETRIEVAL_TABLE,FORMAT,DEFAULT_VALUE,MIN_VALUE,MAX_VALUE,CALENDAR_BUTTON,JUMP_BUTTON,OPEN_BUTTON,REF_TABLE_ID,REF_FIELD_NAME,SPECIAL_BUTTON) VALUES ('TBLID_BREJECTCODE','REL_OPE_ID','REL_OPE_ID','REL_OPE_ID','STRING',8,'N','Y','N','Y',-1,-1,0,0,0,'N','N','N','STRING',0,'Y',0,'Y','Y','Y','NONE',NULL,NULL,NULL,NULL,'N','N',0,NULL,NULL,0);
INSERT INTO SM_CHECK_DEF (TABLE_ID,CHECK_TYPE,CHECK_ORDER,CHECK_KIND,FIELD_NAME,REF_TABLE,REF_FIELD,EXPECT_VALUE,ERR_MSG) VALUES ('TBLID_BREJECTCODE','SAVE',1,'STAT_E',NULL,NULL,NULL,NULL,NULL);
INSERT INTO SM_CHECK_DEF (TABLE_ID,CHECK_TYPE,CHECK_ORDER,CHECK_KIND,FIELD_NAME,REF_TABLE,REF_FIELD,EXPECT_VALUE,ERR_MSG) VALUES ('TBLID_BREJECTCODE','SAVE',2,'STRING','lock_user',NULL,NULL,'',NULL);
INSERT INTO SM_CHECK_DEF (TABLE_ID,CHECK_TYPE,CHECK_ORDER,CHECK_KIND,FIELD_NAME,REF_TABLE,REF_FIELD,EXPECT_VALUE,ERR_MSG) VALUES ('TBLID_BREJECTCODE','SAVE',3,'NULLCHK','lock_time',NULL,NULL,NULL,NULL);
INSERT INTO SM_CHECK_DEF (TABLE_ID,CHECK_TYPE,CHECK_ORDER,CHECK_KIND,FIELD_NAME,REF_TABLE,REF_FIELD,EXPECT_VALUE,ERR_MSG) VALUES ('TBLID_BREJECTCODE','SAVE',4,'KEY','rejrsn_code_stg_id','0','',NULL,NULL);
INSERT INTO SM_CHECK_DEF (TABLE_ID,CHECK_TYPE,CHECK_ORDER,CHECK_KIND,FIELD_NAME,REF_TABLE,REF_FIELD,EXPECT_VALUE,ERR_MSG) VALUES ('TBLID_BREJECTCODE','SAVE',5,'KEY','rejrsn_code_stg_id','0','',NULL,NULL);
INSERT INTO SM_CHECK_DEF (TABLE_ID,CHECK_TYPE,CHECK_ORDER,CHECK_KIND,FIELD_NAME,REF_TABLE,REF_FIELD,EXPECT_VALUE,ERR_MSG) VALUES ('TBLID_BREJECTCODE','SAVE',6,'STAT_R',NULL,NULL,NULL,NULL,NULL);
INSERT INTO SM_CHECK_DEF (TABLE_ID,CHECK_TYPE,CHECK_ORDER,CHECK_KIND,FIELD_NAME,REF_TABLE,REF_FIELD,EXPECT_VALUE,ERR_MSG) VALUES ('TBLID_BREJECTCODE','SAVE',7,'KEY','ope_id','0','',NULL,NULL);
INSERT INTO SM_CHECK_DEF (TABLE_ID,CHECK_TYPE,CHECK_ORDER,CHECK_KIND,FIELD_NAME,REF_TABLE,REF_FIELD,EXPECT_VALUE,ERR_MSG) VALUES ('TBLID_BREJECTCODE','SAVE',8,'KEY','ope_id','0','',NULL,NULL);
INSERT INTO SM_CHECK_DEF (TABLE_ID,CHECK_TYPE,CHECK_ORDER,CHECK_KIND,FIELD_NAME,REF_TABLE,REF_FIELD,EXPECT_VALUE,ERR_MSG) VALUES ('TBLID_BREJECTCODE','SAVE',9,'STAT_R',NULL,NULL,NULL,NULL,NULL);
INSERT INTO SM_CHECK_DEF (TABLE_ID,CHECK_TYPE,CHECK_ORDER,CHECK_KIND,FIELD_NAME,REF_TABLE,REF_FIELD,EXPECT_VALUE,ERR_MSG) VALUES ('TBLID_BREJECTCODE','SAVE',10,'KEY','rel_ope_id','0','',NULL,NULL);
INSERT INTO SM_CHECK_DEF (TABLE_ID,CHECK_TYPE,CHECK_ORDER,CHECK_KIND,FIELD_NAME,REF_TABLE,REF_FIELD,EXPECT_VALUE,ERR_MSG) VALUES ('TBLID_BREJECTCODE','SAVE',11,'KEY','rel_ope_id','0','',NULL,NULL);
INSERT INTO SM_CHECK_DEF (TABLE_ID,CHECK_TYPE,CHECK_ORDER,CHECK_KIND,FIELD_NAME,REF_TABLE,REF_FIELD,EXPECT_VALUE,ERR_MSG) VALUES ('TBLID_BREJECTCODE','SAVE',12,'STAT_R',NULL,NULL,NULL,NULL,NULL);
INSERT INTO SM_CHECK_DEF (TABLE_ID,CHECK_TYPE,CHECK_ORDER,CHECK_KIND,FIELD_NAME,REF_TABLE,REF_FIELD,EXPECT_VALUE,ERR_MSG) VALUES ('TBLID_BREJECTCODE','RELEASE',1,'STAT_E',NULL,NULL,NULL,NULL,NULL);
INSERT INTO SM_CHECK_DEF (TABLE_ID,CHECK_TYPE,CHECK_ORDER,CHECK_KIND,FIELD_NAME,REF_TABLE,REF_FIELD,EXPECT_VALUE,ERR_MSG) VALUES ('TBLID_BREJECTCODE','RELEASE',2,'STRING','lock_user',NULL,NULL,'',NULL);
INSERT INTO SM_CHECK_DEF (TABLE_ID,CHECK_TYPE,CHECK_ORDER,CHECK_KIND,FIELD_NAME,REF_TABLE,REF_FIELD,EXPECT_VALUE,ERR_MSG) VALUES ('TBLID_BREJECTCODE','RELEASE',3,'NULLCHK','lock_time',NULL,NULL,NULL,NULL);
INSERT INTO SM_CHECK_DEF (TABLE_ID,CHECK_TYPE,CHECK_ORDER,CHECK_KIND,FIELD_NAME,REF_TABLE,REF_FIELD,EXPECT_VALUE,ERR_MSG) VALUES ('TBLID_BREJECTCODE','RELEASE',4,'KEY','rejrsn_code_stg_id','0','',NULL,NULL);
INSERT INTO SM_CHECK_DEF (TABLE_ID,CHECK_TYPE,CHECK_ORDER,CHECK_KIND,FIELD_NAME,REF_TABLE,REF_FIELD,EXPECT_VALUE,ERR_MSG) VALUES ('TBLID_BREJECTCODE','RELEASE',5,'STAT_R',NULL,NULL,NULL,NULL,NULL);
INSERT INTO SM_CHECK_DEF (TABLE_ID,CHECK_TYPE,CHECK_ORDER,CHECK_KIND,FIELD_NAME,REF_TABLE,REF_FIELD,EXPECT_VALUE,ERR_MSG) VALUES ('TBLID_BREJECTCODE','RELEASE',6,'KEY','ope_id','0','',NULL,NULL);
INSERT INTO SM_CHECK_DEF (TABLE_ID,CHECK_TYPE,CHECK_ORDER,CHECK_KIND,FIELD_NAME,REF_TABLE,REF_FIELD,EXPECT_VALUE,ERR_MSG) VALUES ('TBLID_BREJECTCODE','RELEASE',7,'STAT_R',NULL,NULL,NULL,NULL,NULL);
INSERT INTO SM_CHECK_DEF (TABLE_ID,CHECK_TYPE,CHECK_ORDER,CHECK_KIND,FIELD_NAME,REF_TABLE,REF_FIELD,EXPECT_VALUE,ERR_MSG) VALUES ('TBLID_BREJECTCODE','RELEASE',8,'KEY','rel_ope_id','0','',NULL,NULL);
INSERT INTO SM_CHECK_DEF (TABLE_ID,CHECK_TYPE,CHECK_ORDER,CHECK_KIND,FIELD_NAME,REF_TABLE,REF_FIELD,EXPECT_VALUE,ERR_MSG) VALUES ('TBLID_BREJECTCODE','RELEASE',9,'STAT_R',NULL,NULL,NULL,NULL,NULL);
INSERT INTO SM_CHECK_DEF (TABLE_ID,CHECK_TYPE,CHECK_ORDER,CHECK_KIND,FIELD_NAME,REF_TABLE,REF_FIELD,EXPECT_VALUE,ERR_MSG) VALUES ('TBLID_BREJECTCODE','RELEASE',10,'RELEASE_PARAM','ope_id','D8',NULL,NULL,NULL);
INSERT INTO SM_CHECK_DEF (TABLE_ID,CHECK_TYPE,CHECK_ORDER,CHECK_KIND,FIELD_NAME,REF_TABLE,REF_FIELD,EXPECT_VALUE,ERR_MSG) VALUES ('TBLID_BREJECTCODE','RELEASE',11,'RELEASE_PARAM','rejrsn_code_cat','D10',NULL,NULL,NULL);
INSERT INTO SM_CHECK_DEF (TABLE_ID,CHECK_TYPE,CHECK_ORDER,CHECK_KIND,FIELD_NAME,REF_TABLE,REF_FIELD,EXPECT_VALUE,ERR_MSG) VALUES ('TBLID_BREJECTCODE','RELEASE',12,'RELEASE_PARAM','rejrsn_code','D10',NULL,NULL,NULL);
INSERT INTO SM_CHECK_DEF (TABLE_ID,CHECK_TYPE,CHECK_ORDER,CHECK_KIND,FIELD_NAME,REF_TABLE,REF_FIELD,EXPECT_VALUE,ERR_MSG) VALUES ('TBLID_BREJECTCODE','RELEASE',13,'RELEASE_WRITE','rejrsn_code_name','D0',NULL,NULL,NULL);
INSERT INTO SM_CHECK_DEF (TABLE_ID,CHECK_TYPE,CHECK_ORDER,CHECK_KIND,FIELD_NAME,REF_TABLE,REF_FIELD,EXPECT_VALUE,ERR_MSG) VALUES ('TBLID_BREJECTCODE','RELEASE',14,'RELEASE_WRITE','rejrsn_code_desc','D0',NULL,NULL,NULL);
INSERT INTO SM_CHECK_DEF (TABLE_ID,CHECK_TYPE,CHECK_ORDER,CHECK_KIND,FIELD_NAME,REF_TABLE,REF_FIELD,EXPECT_VALUE,ERR_MSG) VALUES ('TBLID_BREJECTCODE','RELEASE',15,'RELEASE_WRITE','rejrsn_code_stg_id','D0',NULL,NULL,NULL);
INSERT INTO SM_CHECK_DEF (TABLE_ID,CHECK_TYPE,CHECK_ORDER,CHECK_KIND,FIELD_NAME,REF_TABLE,REF_FIELD,EXPECT_VALUE,ERR_MSG) VALUES ('TBLID_BREJECTCODE','RELEASE',16,'RELEASE_WRITE','rel_ope_id','D0',NULL,NULL,NULL);
INSERT INTO SM_CHECK_DEF (TABLE_ID,CHECK_TYPE,CHECK_ORDER,CHECK_KIND,FIELD_NAME,REF_TABLE,REF_FIELD,EXPECT_VALUE,ERR_MSG) VALUES ('TBLID_BREJECTCODE','DELETE',1,'STAT_R',NULL,NULL,NULL,NULL,NULL);
INSERT INTO SM_CHECK_DEF (TABLE_ID,CHECK_TYPE,CHECK_ORDER,CHECK_KIND,FIELD_NAME,REF_TABLE,REF_FIELD,EXPECT_VALUE,ERR_MSG) VALUES ('TBLID_BREJECTCODE','DELETE',2,'STRING','lock_user',NULL,NULL,'',NULL);
INSERT INTO SM_CHECK_DEF (TABLE_ID,CHECK_TYPE,CHECK_ORDER,CHECK_KIND,FIELD_NAME,REF_TABLE,REF_FIELD,EXPECT_VALUE,ERR_MSG) VALUES ('TBLID_BREJECTCODE','DELETE',3,'NULLCHK','lock_time',NULL,NULL,NULL,NULL);
INSERT INTO SM_CHECK_DEF (TABLE_ID,CHECK_TYPE,CHECK_ORDER,CHECK_KIND,FIELD_NAME,REF_TABLE,REF_FIELD,EXPECT_VALUE,ERR_MSG) VALUES ('TBLID_BREJECTCODE','EDITCOMP',1,'STAT_E',NULL,NULL,NULL,NULL,NULL);
INSERT INTO SM_CHECK_DEF (TABLE_ID,CHECK_TYPE,CHECK_ORDER,CHECK_KIND,FIELD_NAME,REF_TABLE,REF_FIELD,EXPECT_VALUE,ERR_MSG) VALUES ('TBLID_BREJECTCODE','EDITCOMP',2,'COMP_N',NULL,NULL,NULL,NULL,'记录已编辑完成');

-- BREJECTCODE_STG
INSERT INTO SM_TABLE_DEF (TABLE_ID, TABLE_NAME, JP_TITLE, US_TITLE, RELEASE_FLAG, DISTRIBUTE_FLAG, PERMISSION_TYPE, SCHEMA_TYPE, HAS_DUMMY, SORT_NO)
VALUES ('TBLID_BREJECTCODE_STG', 'BREJECTCODE_STG', 'BREJECTCODE_STG', 'BREJECTCODE_STG', 'Y', 'N', 'C', 'L', 'N', 660);
INSERT INTO SM_FIELD_DEF (TABLE_ID,FIELD_NAME,JP_TITLE,US_TITLE,DB_TYPE,DB_LENGTH,IS_KEY,NOT_BLANK,IS_DUMMY,IS_SEARCH_ITEM,SORT_NO,TREE_LEVEL,SHEET_NO,PAGE_NO,PROPERTY_NO,IS_AUTO,IS_MANDATORY,SYSTEM_READONLY,FIELD_TYPE,FIELD_LENGTH,INPUT_ALPHABET,INPUT_MULTIBYTE,INPUT_NUMERIC,INPUT_SYMBOL,INPUT_UPPERCASE,RETRIEVAL_TABLE,FORMAT,DEFAULT_VALUE,MIN_VALUE,MAX_VALUE,CALENDAR_BUTTON,JUMP_BUTTON,OPEN_BUTTON,REF_TABLE_ID,REF_FIELD_NAME,SPECIAL_BUTTON) VALUES ('TBLID_BREJECTCODE_STG','REJRSN_CODE_STG_ID','REJRSN_CODE_STG_ID','REJRSN_CODE_STG_ID','STRING',12,'N','Y','N','Y',-1,-1,0,0,0,'N','N','N','STRING',0,'Y',0,'Y','Y','Y','NONE',NULL,NULL,NULL,NULL,'N','N',0,NULL,NULL,0);
INSERT INTO SM_FIELD_DEF (TABLE_ID,FIELD_NAME,JP_TITLE,US_TITLE,DB_TYPE,DB_LENGTH,IS_KEY,NOT_BLANK,IS_DUMMY,IS_SEARCH_ITEM,SORT_NO,TREE_LEVEL,SHEET_NO,PAGE_NO,PROPERTY_NO,IS_AUTO,IS_MANDATORY,SYSTEM_READONLY,FIELD_TYPE,FIELD_LENGTH,INPUT_ALPHABET,INPUT_MULTIBYTE,INPUT_NUMERIC,INPUT_SYMBOL,INPUT_UPPERCASE,RETRIEVAL_TABLE,FORMAT,DEFAULT_VALUE,MIN_VALUE,MAX_VALUE,CALENDAR_BUTTON,JUMP_BUTTON,OPEN_BUTTON,REF_TABLE_ID,REF_FIELD_NAME,SPECIAL_BUTTON) VALUES ('TBLID_BREJECTCODE_STG','REJRSN_CODE_STG_NAME','REJRSN_CODE_STG_NAME','REJRSN_CODE_STG_NAME','STRING',40,'N','Y','N','Y',-1,-1,0,0,0,'N','N','N','STRING',0,'Y',0,'Y','Y','Y','NONE',NULL,NULL,NULL,NULL,'N','N',0,NULL,NULL,0);
INSERT INTO SM_FIELD_DEF (TABLE_ID,FIELD_NAME,JP_TITLE,US_TITLE,DB_TYPE,DB_LENGTH,IS_KEY,NOT_BLANK,IS_DUMMY,IS_SEARCH_ITEM,SORT_NO,TREE_LEVEL,SHEET_NO,PAGE_NO,PROPERTY_NO,IS_AUTO,IS_MANDATORY,SYSTEM_READONLY,FIELD_TYPE,FIELD_LENGTH,INPUT_ALPHABET,INPUT_MULTIBYTE,INPUT_NUMERIC,INPUT_SYMBOL,INPUT_UPPERCASE,RETRIEVAL_TABLE,FORMAT,DEFAULT_VALUE,MIN_VALUE,MAX_VALUE,CALENDAR_BUTTON,JUMP_BUTTON,OPEN_BUTTON,REF_TABLE_ID,REF_FIELD_NAME,SPECIAL_BUTTON) VALUES ('TBLID_BREJECTCODE_STG','REJRSN_CODE_STG_DESC','REJRSN_CODE_STG_DESC','REJRSN_CODE_STG_DESC','STRING',80,'N','Y','N','Y',-1,-1,0,0,0,'N','N','N','STRING',0,'Y',0,'Y','Y','Y','NONE',NULL,NULL,NULL,NULL,'N','N',0,NULL,NULL,0);
INSERT INTO SM_CHECK_DEF (TABLE_ID,CHECK_TYPE,CHECK_ORDER,CHECK_KIND,FIELD_NAME,REF_TABLE,REF_FIELD,EXPECT_VALUE,ERR_MSG) VALUES ('TBLID_BREJECTCODE_STG','SAVE',1,'STAT_E',NULL,NULL,NULL,NULL,NULL);
INSERT INTO SM_CHECK_DEF (TABLE_ID,CHECK_TYPE,CHECK_ORDER,CHECK_KIND,FIELD_NAME,REF_TABLE,REF_FIELD,EXPECT_VALUE,ERR_MSG) VALUES ('TBLID_BREJECTCODE_STG','SAVE',2,'STRING','lock_user',NULL,NULL,'',NULL);
INSERT INTO SM_CHECK_DEF (TABLE_ID,CHECK_TYPE,CHECK_ORDER,CHECK_KIND,FIELD_NAME,REF_TABLE,REF_FIELD,EXPECT_VALUE,ERR_MSG) VALUES ('TBLID_BREJECTCODE_STG','SAVE',3,'NULLCHK','lock_time',NULL,NULL,NULL,NULL);
INSERT INTO SM_CHECK_DEF (TABLE_ID,CHECK_TYPE,CHECK_ORDER,CHECK_KIND,FIELD_NAME,REF_TABLE,REF_FIELD,EXPECT_VALUE,ERR_MSG) VALUES ('TBLID_BREJECTCODE_STG','RELEASE',1,'STAT_E',NULL,NULL,NULL,NULL,NULL);
INSERT INTO SM_CHECK_DEF (TABLE_ID,CHECK_TYPE,CHECK_ORDER,CHECK_KIND,FIELD_NAME,REF_TABLE,REF_FIELD,EXPECT_VALUE,ERR_MSG) VALUES ('TBLID_BREJECTCODE_STG','RELEASE',2,'STRING','lock_user',NULL,NULL,'',NULL);
INSERT INTO SM_CHECK_DEF (TABLE_ID,CHECK_TYPE,CHECK_ORDER,CHECK_KIND,FIELD_NAME,REF_TABLE,REF_FIELD,EXPECT_VALUE,ERR_MSG) VALUES ('TBLID_BREJECTCODE_STG','RELEASE',3,'NULLCHK','lock_time',NULL,NULL,NULL,NULL);
INSERT INTO SM_CHECK_DEF (TABLE_ID,CHECK_TYPE,CHECK_ORDER,CHECK_KIND,FIELD_NAME,REF_TABLE,REF_FIELD,EXPECT_VALUE,ERR_MSG) VALUES ('TBLID_BREJECTCODE_STG','RELEASE',4,'RELEASE_PARAM','rejrsn_code_stg_id','D12',NULL,NULL,NULL);
INSERT INTO SM_CHECK_DEF (TABLE_ID,CHECK_TYPE,CHECK_ORDER,CHECK_KIND,FIELD_NAME,REF_TABLE,REF_FIELD,EXPECT_VALUE,ERR_MSG) VALUES ('TBLID_BREJECTCODE_STG','RELEASE',5,'RELEASE_WRITE','rejrsn_code_stg_name','D0',NULL,NULL,NULL);
INSERT INTO SM_CHECK_DEF (TABLE_ID,CHECK_TYPE,CHECK_ORDER,CHECK_KIND,FIELD_NAME,REF_TABLE,REF_FIELD,EXPECT_VALUE,ERR_MSG) VALUES ('TBLID_BREJECTCODE_STG','RELEASE',6,'RELEASE_WRITE','rejrsn_code_stg_desc','D0',NULL,NULL,NULL);
INSERT INTO SM_CHECK_DEF (TABLE_ID,CHECK_TYPE,CHECK_ORDER,CHECK_KIND,FIELD_NAME,REF_TABLE,REF_FIELD,EXPECT_VALUE,ERR_MSG) VALUES ('TBLID_BREJECTCODE_STG','DELETE',1,'STAT_R',NULL,NULL,NULL,NULL,NULL);
INSERT INTO SM_CHECK_DEF (TABLE_ID,CHECK_TYPE,CHECK_ORDER,CHECK_KIND,FIELD_NAME,REF_TABLE,REF_FIELD,EXPECT_VALUE,ERR_MSG) VALUES ('TBLID_BREJECTCODE_STG','DELETE',2,'STRING','lock_user',NULL,NULL,'',NULL);
INSERT INTO SM_CHECK_DEF (TABLE_ID,CHECK_TYPE,CHECK_ORDER,CHECK_KIND,FIELD_NAME,REF_TABLE,REF_FIELD,EXPECT_VALUE,ERR_MSG) VALUES ('TBLID_BREJECTCODE_STG','DELETE',3,'NULLCHK','lock_time',NULL,NULL,NULL,NULL);
INSERT INTO SM_CHECK_DEF (TABLE_ID,CHECK_TYPE,CHECK_ORDER,CHECK_KIND,FIELD_NAME,REF_TABLE,REF_FIELD,EXPECT_VALUE,ERR_MSG) VALUES ('TBLID_BREJECTCODE_STG','DELETE',4,'KEY','rejrsn_code_stg_id','0','',NULL,NULL);
INSERT INTO SM_CHECK_DEF (TABLE_ID,CHECK_TYPE,CHECK_ORDER,CHECK_KIND,FIELD_NAME,REF_TABLE,REF_FIELD,EXPECT_VALUE,ERR_MSG) VALUES ('TBLID_BREJECTCODE_STG','DELETE',5,'STAT_R',NULL,NULL,NULL,NULL,NULL);
INSERT INTO SM_CHECK_DEF (TABLE_ID,CHECK_TYPE,CHECK_ORDER,CHECK_KIND,FIELD_NAME,REF_TABLE,REF_FIELD,EXPECT_VALUE,ERR_MSG) VALUES ('TBLID_BREJECTCODE_STG','DELETE',6,'KEY','rejrsn_code_stg_id','0','',NULL,NULL);
INSERT INTO SM_CHECK_DEF (TABLE_ID,CHECK_TYPE,CHECK_ORDER,CHECK_KIND,FIELD_NAME,REF_TABLE,REF_FIELD,EXPECT_VALUE,ERR_MSG) VALUES ('TBLID_BREJECTCODE_STG','DELETE',7,'STAT_R',NULL,NULL,NULL,NULL,NULL);
INSERT INTO SM_CHECK_DEF (TABLE_ID,CHECK_TYPE,CHECK_ORDER,CHECK_KIND,FIELD_NAME,REF_TABLE,REF_FIELD,EXPECT_VALUE,ERR_MSG) VALUES ('TBLID_BREJECTCODE_STG','EDITCOMP',1,'STAT_E',NULL,NULL,NULL,NULL,NULL);
INSERT INTO SM_CHECK_DEF (TABLE_ID,CHECK_TYPE,CHECK_ORDER,CHECK_KIND,FIELD_NAME,REF_TABLE,REF_FIELD,EXPECT_VALUE,ERR_MSG) VALUES ('TBLID_BREJECTCODE_STG','EDITCOMP',2,'COMP_N',NULL,NULL,NULL,NULL,'记录已编辑完成');

-- BREJECTCODE_STGG
INSERT INTO SM_TABLE_DEF (TABLE_ID, TABLE_NAME, JP_TITLE, US_TITLE, RELEASE_FLAG, DISTRIBUTE_FLAG, PERMISSION_TYPE, SCHEMA_TYPE, HAS_DUMMY, SORT_NO)
VALUES ('TBLID_BREJECTCODE_STGG', 'BREJECTCODE_STGG', 'BREJECTCODE_STGG', 'BREJECTCODE_STGG', 'Y', 'N', 'C', 'L', 'Y', 670);
INSERT INTO SM_FIELD_DEF (TABLE_ID,FIELD_NAME,JP_TITLE,US_TITLE,DB_TYPE,DB_LENGTH,IS_KEY,NOT_BLANK,IS_DUMMY,IS_SEARCH_ITEM,SORT_NO,TREE_LEVEL,SHEET_NO,PAGE_NO,PROPERTY_NO,IS_AUTO,IS_MANDATORY,SYSTEM_READONLY,FIELD_TYPE,FIELD_LENGTH,INPUT_ALPHABET,INPUT_MULTIBYTE,INPUT_NUMERIC,INPUT_SYMBOL,INPUT_UPPERCASE,RETRIEVAL_TABLE,FORMAT,DEFAULT_VALUE,MIN_VALUE,MAX_VALUE,CALENDAR_BUTTON,JUMP_BUTTON,OPEN_BUTTON,REF_TABLE_ID,REF_FIELD_NAME,SPECIAL_BUTTON) VALUES ('TBLID_BREJECTCODE_STGG','REJRSN_CODE_STGG_ID','REJRSN_CODE_STGG_ID','REJRSN_CODE_STGG_ID','STRING',12,'N','Y','N','Y',-1,-1,0,0,0,'N','N','N','STRING',0,'Y',0,'Y','Y','Y','NONE',NULL,NULL,NULL,NULL,'N','N',0,NULL,NULL,0);
INSERT INTO SM_FIELD_DEF (TABLE_ID,FIELD_NAME,JP_TITLE,US_TITLE,DB_TYPE,DB_LENGTH,IS_KEY,NOT_BLANK,IS_DUMMY,IS_SEARCH_ITEM,SORT_NO,TREE_LEVEL,SHEET_NO,PAGE_NO,PROPERTY_NO,IS_AUTO,IS_MANDATORY,SYSTEM_READONLY,FIELD_TYPE,FIELD_LENGTH,INPUT_ALPHABET,INPUT_MULTIBYTE,INPUT_NUMERIC,INPUT_SYMBOL,INPUT_UPPERCASE,RETRIEVAL_TABLE,FORMAT,DEFAULT_VALUE,MIN_VALUE,MAX_VALUE,CALENDAR_BUTTON,JUMP_BUTTON,OPEN_BUTTON,REF_TABLE_ID,REF_FIELD_NAME,SPECIAL_BUTTON) VALUES ('TBLID_BREJECTCODE_STGG','REJRSN_CODE_STGG_NAME','REJRSN_CODE_STGG_NAME','REJRSN_CODE_STGG_NAME','STRING',40,'N','Y','N','Y',-1,-1,0,0,0,'N','N','N','STRING',0,'Y',0,'Y','Y','Y','NONE',NULL,NULL,NULL,NULL,'N','N',0,NULL,NULL,0);
INSERT INTO SM_FIELD_DEF (TABLE_ID,FIELD_NAME,JP_TITLE,US_TITLE,DB_TYPE,DB_LENGTH,IS_KEY,NOT_BLANK,IS_DUMMY,IS_SEARCH_ITEM,SORT_NO,TREE_LEVEL,SHEET_NO,PAGE_NO,PROPERTY_NO,IS_AUTO,IS_MANDATORY,SYSTEM_READONLY,FIELD_TYPE,FIELD_LENGTH,INPUT_ALPHABET,INPUT_MULTIBYTE,INPUT_NUMERIC,INPUT_SYMBOL,INPUT_UPPERCASE,RETRIEVAL_TABLE,FORMAT,DEFAULT_VALUE,MIN_VALUE,MAX_VALUE,CALENDAR_BUTTON,JUMP_BUTTON,OPEN_BUTTON,REF_TABLE_ID,REF_FIELD_NAME,SPECIAL_BUTTON) VALUES ('TBLID_BREJECTCODE_STGG','REJRSN_CODE_STGG_DESC','REJRSN_CODE_STGG_DESC','REJRSN_CODE_STGG_DESC','STRING',80,'N','Y','N','Y',-1,-1,0,0,0,'N','N','N','STRING',0,'Y',0,'Y','Y','Y','NONE',NULL,NULL,NULL,NULL,'N','N',0,NULL,NULL,0);
INSERT INTO SM_FIELD_DEF (TABLE_ID,FIELD_NAME,JP_TITLE,US_TITLE,DB_TYPE,DB_LENGTH,IS_KEY,NOT_BLANK,IS_DUMMY,IS_SEARCH_ITEM,SORT_NO,TREE_LEVEL,SHEET_NO,PAGE_NO,PROPERTY_NO,IS_AUTO,IS_MANDATORY,SYSTEM_READONLY,FIELD_TYPE,FIELD_LENGTH,INPUT_ALPHABET,INPUT_MULTIBYTE,INPUT_NUMERIC,INPUT_SYMBOL,INPUT_UPPERCASE,RETRIEVAL_TABLE,FORMAT,DEFAULT_VALUE,MIN_VALUE,MAX_VALUE,CALENDAR_BUTTON,JUMP_BUTTON,OPEN_BUTTON,REF_TABLE_ID,REF_FIELD_NAME,SPECIAL_BUTTON) VALUES ('TBLID_BREJECTCODE_STGG','REJRSN_CODE_STGG_CAT','REJRSN_CODE_STGG_CAT','REJRSN_CODE_STGG_CAT','STRING',10,'N','Y','N','Y',-1,-1,0,0,0,'N','N','N','STRING',0,'Y',0,'Y','Y','Y','NONE',NULL,NULL,NULL,NULL,'N','N',0,NULL,NULL,0);
INSERT INTO SM_FIELD_DEF (TABLE_ID,FIELD_NAME,JP_TITLE,US_TITLE,DB_TYPE,DB_LENGTH,IS_KEY,NOT_BLANK,IS_DUMMY,IS_SEARCH_ITEM,SORT_NO,TREE_LEVEL,SHEET_NO,PAGE_NO,PROPERTY_NO,IS_AUTO,IS_MANDATORY,SYSTEM_READONLY,FIELD_TYPE,FIELD_LENGTH,INPUT_ALPHABET,INPUT_MULTIBYTE,INPUT_NUMERIC,INPUT_SYMBOL,INPUT_UPPERCASE,RETRIEVAL_TABLE,FORMAT,DEFAULT_VALUE,MIN_VALUE,MAX_VALUE,CALENDAR_BUTTON,JUMP_BUTTON,OPEN_BUTTON,REF_TABLE_ID,REF_FIELD_NAME,SPECIAL_BUTTON) VALUES ('TBLID_BREJECTCODE_STGG','STGG_INCAT_SEQ_NO','STGG_INCAT_SEQ_NO','STGG_INCAT_SEQ_NO','STRING',0,'N','Y','N','Y',-1,-1,0,0,0,'N','N','N','STRING',0,'Y',0,'Y','Y','Y','NONE',NULL,NULL,NULL,NULL,'N','N',0,NULL,NULL,0);
INSERT INTO SM_CHECK_DEF (TABLE_ID,CHECK_TYPE,CHECK_ORDER,CHECK_KIND,FIELD_NAME,REF_TABLE,REF_FIELD,EXPECT_VALUE,ERR_MSG) VALUES ('TBLID_BREJECTCODE_STGG','SAVE',1,'STAT_E',NULL,NULL,NULL,NULL,NULL);
INSERT INTO SM_CHECK_DEF (TABLE_ID,CHECK_TYPE,CHECK_ORDER,CHECK_KIND,FIELD_NAME,REF_TABLE,REF_FIELD,EXPECT_VALUE,ERR_MSG) VALUES ('TBLID_BREJECTCODE_STGG','SAVE',2,'STRING','lock_user',NULL,NULL,'',NULL);
INSERT INTO SM_CHECK_DEF (TABLE_ID,CHECK_TYPE,CHECK_ORDER,CHECK_KIND,FIELD_NAME,REF_TABLE,REF_FIELD,EXPECT_VALUE,ERR_MSG) VALUES ('TBLID_BREJECTCODE_STGG','SAVE',3,'NULLCHK','lock_time',NULL,NULL,NULL,NULL);
INSERT INTO SM_CHECK_DEF (TABLE_ID,CHECK_TYPE,CHECK_ORDER,CHECK_KIND,FIELD_NAME,REF_TABLE,REF_FIELD,EXPECT_VALUE,ERR_MSG) VALUES ('TBLID_BREJECTCODE_STGG','RELEASE',1,'STAT_E',NULL,NULL,NULL,NULL,NULL);
INSERT INTO SM_CHECK_DEF (TABLE_ID,CHECK_TYPE,CHECK_ORDER,CHECK_KIND,FIELD_NAME,REF_TABLE,REF_FIELD,EXPECT_VALUE,ERR_MSG) VALUES ('TBLID_BREJECTCODE_STGG','RELEASE',2,'STRING','lock_user',NULL,NULL,'',NULL);
INSERT INTO SM_CHECK_DEF (TABLE_ID,CHECK_TYPE,CHECK_ORDER,CHECK_KIND,FIELD_NAME,REF_TABLE,REF_FIELD,EXPECT_VALUE,ERR_MSG) VALUES ('TBLID_BREJECTCODE_STGG','RELEASE',3,'NULLCHK','lock_time',NULL,NULL,NULL,NULL);
INSERT INTO SM_CHECK_DEF (TABLE_ID,CHECK_TYPE,CHECK_ORDER,CHECK_KIND,FIELD_NAME,REF_TABLE,REF_FIELD,EXPECT_VALUE,ERR_MSG) VALUES ('TBLID_BREJECTCODE_STGG','RELEASE',4,'RELEASE_PARAM','rejrsn_code_stgg_id','D12',NULL,NULL,NULL);
INSERT INTO SM_CHECK_DEF (TABLE_ID,CHECK_TYPE,CHECK_ORDER,CHECK_KIND,FIELD_NAME,REF_TABLE,REF_FIELD,EXPECT_VALUE,ERR_MSG) VALUES ('TBLID_BREJECTCODE_STGG','RELEASE',5,'RELEASE_WRITE','rejrsn_code_stgg_name','D0',NULL,NULL,NULL);
INSERT INTO SM_CHECK_DEF (TABLE_ID,CHECK_TYPE,CHECK_ORDER,CHECK_KIND,FIELD_NAME,REF_TABLE,REF_FIELD,EXPECT_VALUE,ERR_MSG) VALUES ('TBLID_BREJECTCODE_STGG','RELEASE',6,'RELEASE_WRITE','rejrsn_code_stgg_desc','D0',NULL,NULL,NULL);
INSERT INTO SM_CHECK_DEF (TABLE_ID,CHECK_TYPE,CHECK_ORDER,CHECK_KIND,FIELD_NAME,REF_TABLE,REF_FIELD,EXPECT_VALUE,ERR_MSG) VALUES ('TBLID_BREJECTCODE_STGG','RELEASE',7,'RELEASE_WRITE','rejrsn_code_stgg_cat','D0',NULL,NULL,NULL);
INSERT INTO SM_CHECK_DEF (TABLE_ID,CHECK_TYPE,CHECK_ORDER,CHECK_KIND,FIELD_NAME,REF_TABLE,REF_FIELD,EXPECT_VALUE,ERR_MSG) VALUES ('TBLID_BREJECTCODE_STGG','RELEASE',8,'RELEASE_WRITE','stgg_incat_seq_no','D0',NULL,NULL,NULL);
INSERT INTO SM_CHECK_DEF (TABLE_ID,CHECK_TYPE,CHECK_ORDER,CHECK_KIND,FIELD_NAME,REF_TABLE,REF_FIELD,EXPECT_VALUE,ERR_MSG) VALUES ('TBLID_BREJECTCODE_STGG','DELETE',1,'STAT_R',NULL,NULL,NULL,NULL,NULL);
INSERT INTO SM_CHECK_DEF (TABLE_ID,CHECK_TYPE,CHECK_ORDER,CHECK_KIND,FIELD_NAME,REF_TABLE,REF_FIELD,EXPECT_VALUE,ERR_MSG) VALUES ('TBLID_BREJECTCODE_STGG','DELETE',2,'STRING','lock_user',NULL,NULL,'',NULL);
INSERT INTO SM_CHECK_DEF (TABLE_ID,CHECK_TYPE,CHECK_ORDER,CHECK_KIND,FIELD_NAME,REF_TABLE,REF_FIELD,EXPECT_VALUE,ERR_MSG) VALUES ('TBLID_BREJECTCODE_STGG','DELETE',3,'NULLCHK','lock_time',NULL,NULL,NULL,NULL);
INSERT INTO SM_CHECK_DEF (TABLE_ID,CHECK_TYPE,CHECK_ORDER,CHECK_KIND,FIELD_NAME,REF_TABLE,REF_FIELD,EXPECT_VALUE,ERR_MSG) VALUES ('TBLID_BREJECTCODE_STGG','EDITCOMP',1,'STAT_E',NULL,NULL,NULL,NULL,NULL);
INSERT INTO SM_CHECK_DEF (TABLE_ID,CHECK_TYPE,CHECK_ORDER,CHECK_KIND,FIELD_NAME,REF_TABLE,REF_FIELD,EXPECT_VALUE,ERR_MSG) VALUES ('TBLID_BREJECTCODE_STGG','EDITCOMP',2,'COMP_N',NULL,NULL,NULL,NULL,'记录已编辑完成');

-- BREJECTCODE_STGG_STG
INSERT INTO SM_TABLE_DEF (TABLE_ID, TABLE_NAME, JP_TITLE, US_TITLE, RELEASE_FLAG, DISTRIBUTE_FLAG, PERMISSION_TYPE, SCHEMA_TYPE, HAS_DUMMY, SORT_NO)
VALUES ('TBLID_BREJECTCODE_STGG_STG', 'BREJECTCODE_STGG_STG', 'BREJECTCODE_STGG_STG', 'BREJECTCODE_STGG_STG', 'Y', 'N', 'C', 'L', 'N', 680);
INSERT INTO SM_FIELD_DEF (TABLE_ID,FIELD_NAME,JP_TITLE,US_TITLE,DB_TYPE,DB_LENGTH,IS_KEY,NOT_BLANK,IS_DUMMY,IS_SEARCH_ITEM,SORT_NO,TREE_LEVEL,SHEET_NO,PAGE_NO,PROPERTY_NO,IS_AUTO,IS_MANDATORY,SYSTEM_READONLY,FIELD_TYPE,FIELD_LENGTH,INPUT_ALPHABET,INPUT_MULTIBYTE,INPUT_NUMERIC,INPUT_SYMBOL,INPUT_UPPERCASE,RETRIEVAL_TABLE,FORMAT,DEFAULT_VALUE,MIN_VALUE,MAX_VALUE,CALENDAR_BUTTON,JUMP_BUTTON,OPEN_BUTTON,REF_TABLE_ID,REF_FIELD_NAME,SPECIAL_BUTTON) VALUES ('TBLID_BREJECTCODE_STGG_STG','REJRSN_CODE_STGG_ID','REJRSN_CODE_STGG_ID','REJRSN_CODE_STGG_ID','STRING',12,'N','Y','N','Y',-1,-1,0,0,0,'N','N','N','STRING',0,'Y',0,'Y','Y','Y','NONE',NULL,NULL,NULL,NULL,'N','N',0,NULL,NULL,0);
INSERT INTO SM_FIELD_DEF (TABLE_ID,FIELD_NAME,JP_TITLE,US_TITLE,DB_TYPE,DB_LENGTH,IS_KEY,NOT_BLANK,IS_DUMMY,IS_SEARCH_ITEM,SORT_NO,TREE_LEVEL,SHEET_NO,PAGE_NO,PROPERTY_NO,IS_AUTO,IS_MANDATORY,SYSTEM_READONLY,FIELD_TYPE,FIELD_LENGTH,INPUT_ALPHABET,INPUT_MULTIBYTE,INPUT_NUMERIC,INPUT_SYMBOL,INPUT_UPPERCASE,RETRIEVAL_TABLE,FORMAT,DEFAULT_VALUE,MIN_VALUE,MAX_VALUE,CALENDAR_BUTTON,JUMP_BUTTON,OPEN_BUTTON,REF_TABLE_ID,REF_FIELD_NAME,SPECIAL_BUTTON) VALUES ('TBLID_BREJECTCODE_STGG_STG','REJRSN_CODE_STG_ID','REJRSN_CODE_STG_ID','REJRSN_CODE_STG_ID','STRING',12,'N','Y','N','Y',-1,-1,0,0,0,'N','N','N','STRING',0,'Y',0,'Y','Y','Y','NONE',NULL,NULL,NULL,NULL,'N','N',0,NULL,NULL,0);
INSERT INTO SM_FIELD_DEF (TABLE_ID,FIELD_NAME,JP_TITLE,US_TITLE,DB_TYPE,DB_LENGTH,IS_KEY,NOT_BLANK,IS_DUMMY,IS_SEARCH_ITEM,SORT_NO,TREE_LEVEL,SHEET_NO,PAGE_NO,PROPERTY_NO,IS_AUTO,IS_MANDATORY,SYSTEM_READONLY,FIELD_TYPE,FIELD_LENGTH,INPUT_ALPHABET,INPUT_MULTIBYTE,INPUT_NUMERIC,INPUT_SYMBOL,INPUT_UPPERCASE,RETRIEVAL_TABLE,FORMAT,DEFAULT_VALUE,MIN_VALUE,MAX_VALUE,CALENDAR_BUTTON,JUMP_BUTTON,OPEN_BUTTON,REF_TABLE_ID,REF_FIELD_NAME,SPECIAL_BUTTON) VALUES ('TBLID_BREJECTCODE_STGG_STG','ITEM_SEQ_NO','ITEM_SEQ_NO','ITEM_SEQ_NO','STRING',0,'N','Y','N','Y',-1,-1,0,0,0,'N','N','N','STRING',0,'Y',0,'Y','Y','Y','NONE',NULL,NULL,NULL,NULL,'N','N',0,NULL,NULL,0);

-- BROUTE
INSERT INTO SM_TABLE_DEF (TABLE_ID, TABLE_NAME, JP_TITLE, US_TITLE, RELEASE_FLAG, DISTRIBUTE_FLAG, PERMISSION_TYPE, SCHEMA_TYPE, HAS_DUMMY, SORT_NO)
VALUES ('TBLID_BROUTE', 'BROUTE', 'BROUTE', 'BROUTE', 'Y', 'N', 'C', 'L', 'Y', 690);
INSERT INTO SM_FIELD_DEF (TABLE_ID,FIELD_NAME,JP_TITLE,US_TITLE,DB_TYPE,DB_LENGTH,IS_KEY,NOT_BLANK,IS_DUMMY,IS_SEARCH_ITEM,SORT_NO,TREE_LEVEL,SHEET_NO,PAGE_NO,PROPERTY_NO,IS_AUTO,IS_MANDATORY,SYSTEM_READONLY,FIELD_TYPE,FIELD_LENGTH,INPUT_ALPHABET,INPUT_MULTIBYTE,INPUT_NUMERIC,INPUT_SYMBOL,INPUT_UPPERCASE,RETRIEVAL_TABLE,FORMAT,DEFAULT_VALUE,MIN_VALUE,MAX_VALUE,CALENDAR_BUTTON,JUMP_BUTTON,OPEN_BUTTON,REF_TABLE_ID,REF_FIELD_NAME,SPECIAL_BUTTON) VALUES ('TBLID_BROUTE','ROUTE_ID','ROUTE_ID','ROUTE_ID','STRING',12,'N','Y','N','Y',-1,-1,0,0,0,'N','N','N','STRING',0,'Y',0,'Y','Y','Y','NONE',NULL,NULL,NULL,NULL,'N','N',0,NULL,NULL,0);
INSERT INTO SM_FIELD_DEF (TABLE_ID,FIELD_NAME,JP_TITLE,US_TITLE,DB_TYPE,DB_LENGTH,IS_KEY,NOT_BLANK,IS_DUMMY,IS_SEARCH_ITEM,SORT_NO,TREE_LEVEL,SHEET_NO,PAGE_NO,PROPERTY_NO,IS_AUTO,IS_MANDATORY,SYSTEM_READONLY,FIELD_TYPE,FIELD_LENGTH,INPUT_ALPHABET,INPUT_MULTIBYTE,INPUT_NUMERIC,INPUT_SYMBOL,INPUT_UPPERCASE,RETRIEVAL_TABLE,FORMAT,DEFAULT_VALUE,MIN_VALUE,MAX_VALUE,CALENDAR_BUTTON,JUMP_BUTTON,OPEN_BUTTON,REF_TABLE_ID,REF_FIELD_NAME,SPECIAL_BUTTON) VALUES ('TBLID_BROUTE','ROUTE_VER','ROUTE_VER','ROUTE_VER','STRING',3,'N','Y','N','Y',-1,-1,0,0,0,'N','N','N','STRING',0,'Y',0,'Y','Y','Y','NONE',NULL,NULL,NULL,NULL,'N','N',0,NULL,NULL,0);
INSERT INTO SM_FIELD_DEF (TABLE_ID,FIELD_NAME,JP_TITLE,US_TITLE,DB_TYPE,DB_LENGTH,IS_KEY,NOT_BLANK,IS_DUMMY,IS_SEARCH_ITEM,SORT_NO,TREE_LEVEL,SHEET_NO,PAGE_NO,PROPERTY_NO,IS_AUTO,IS_MANDATORY,SYSTEM_READONLY,FIELD_TYPE,FIELD_LENGTH,INPUT_ALPHABET,INPUT_MULTIBYTE,INPUT_NUMERIC,INPUT_SYMBOL,INPUT_UPPERCASE,RETRIEVAL_TABLE,FORMAT,DEFAULT_VALUE,MIN_VALUE,MAX_VALUE,CALENDAR_BUTTON,JUMP_BUTTON,OPEN_BUTTON,REF_TABLE_ID,REF_FIELD_NAME,SPECIAL_BUTTON) VALUES ('TBLID_BROUTE','SUB_RWK_CAT','SUB_RWK_CAT','SUB_RWK_CAT','STRING',1,'N','Y','N','Y',-1,-1,0,0,0,'N','N','N','STRING',0,'Y',0,'Y','Y','Y','NONE',NULL,NULL,NULL,NULL,'N','N',0,NULL,NULL,0);
INSERT INTO SM_FIELD_DEF (TABLE_ID,FIELD_NAME,JP_TITLE,US_TITLE,DB_TYPE,DB_LENGTH,IS_KEY,NOT_BLANK,IS_DUMMY,IS_SEARCH_ITEM,SORT_NO,TREE_LEVEL,SHEET_NO,PAGE_NO,PROPERTY_NO,IS_AUTO,IS_MANDATORY,SYSTEM_READONLY,FIELD_TYPE,FIELD_LENGTH,INPUT_ALPHABET,INPUT_MULTIBYTE,INPUT_NUMERIC,INPUT_SYMBOL,INPUT_UPPERCASE,RETRIEVAL_TABLE,FORMAT,DEFAULT_VALUE,MIN_VALUE,MAX_VALUE,CALENDAR_BUTTON,JUMP_BUTTON,OPEN_BUTTON,REF_TABLE_ID,REF_FIELD_NAME,SPECIAL_BUTTON) VALUES ('TBLID_BROUTE','ROUTE_CAT','ROUTE_CAT','ROUTE_CAT','STRING',10,'N','Y','N','Y',-1,-1,0,0,0,'N','N','N','STRING',0,'Y',0,'Y','Y','Y','NONE',NULL,NULL,NULL,NULL,'N','N',0,NULL,NULL,0);
INSERT INTO SM_FIELD_DEF (TABLE_ID,FIELD_NAME,JP_TITLE,US_TITLE,DB_TYPE,DB_LENGTH,IS_KEY,NOT_BLANK,IS_DUMMY,IS_SEARCH_ITEM,SORT_NO,TREE_LEVEL,SHEET_NO,PAGE_NO,PROPERTY_NO,IS_AUTO,IS_MANDATORY,SYSTEM_READONLY,FIELD_TYPE,FIELD_LENGTH,INPUT_ALPHABET,INPUT_MULTIBYTE,INPUT_NUMERIC,INPUT_SYMBOL,INPUT_UPPERCASE,RETRIEVAL_TABLE,FORMAT,DEFAULT_VALUE,MIN_VALUE,MAX_VALUE,CALENDAR_BUTTON,JUMP_BUTTON,OPEN_BUTTON,REF_TABLE_ID,REF_FIELD_NAME,SPECIAL_BUTTON) VALUES ('TBLID_BROUTE','ROUTE_NAME','ROUTE_NAME','ROUTE_NAME','STRING',40,'N','Y','N','Y',-1,-1,0,0,0,'N','N','N','STRING',0,'Y',0,'Y','Y','Y','NONE',NULL,NULL,NULL,NULL,'N','N',0,NULL,NULL,0);
INSERT INTO SM_FIELD_DEF (TABLE_ID,FIELD_NAME,JP_TITLE,US_TITLE,DB_TYPE,DB_LENGTH,IS_KEY,NOT_BLANK,IS_DUMMY,IS_SEARCH_ITEM,SORT_NO,TREE_LEVEL,SHEET_NO,PAGE_NO,PROPERTY_NO,IS_AUTO,IS_MANDATORY,SYSTEM_READONLY,FIELD_TYPE,FIELD_LENGTH,INPUT_ALPHABET,INPUT_MULTIBYTE,INPUT_NUMERIC,INPUT_SYMBOL,INPUT_UPPERCASE,RETRIEVAL_TABLE,FORMAT,DEFAULT_VALUE,MIN_VALUE,MAX_VALUE,CALENDAR_BUTTON,JUMP_BUTTON,OPEN_BUTTON,REF_TABLE_ID,REF_FIELD_NAME,SPECIAL_BUTTON) VALUES ('TBLID_BROUTE','ROUTE_DESC','ROUTE_DESC','ROUTE_DESC','STRING',80,'N','Y','N','Y',-1,-1,0,0,0,'N','N','N','STRING',0,'Y',0,'Y','Y','Y','NONE',NULL,NULL,NULL,NULL,'N','N',0,NULL,NULL,0);
INSERT INTO SM_CHECK_DEF (TABLE_ID,CHECK_TYPE,CHECK_ORDER,CHECK_KIND,FIELD_NAME,REF_TABLE,REF_FIELD,EXPECT_VALUE,ERR_MSG) VALUES ('TBLID_BROUTE','SAVE',1,'STAT_E',NULL,NULL,NULL,NULL,NULL);
INSERT INTO SM_CHECK_DEF (TABLE_ID,CHECK_TYPE,CHECK_ORDER,CHECK_KIND,FIELD_NAME,REF_TABLE,REF_FIELD,EXPECT_VALUE,ERR_MSG) VALUES ('TBLID_BROUTE','SAVE',2,'STRING','lock_user',NULL,NULL,'',NULL);
INSERT INTO SM_CHECK_DEF (TABLE_ID,CHECK_TYPE,CHECK_ORDER,CHECK_KIND,FIELD_NAME,REF_TABLE,REF_FIELD,EXPECT_VALUE,ERR_MSG) VALUES ('TBLID_BROUTE','SAVE',3,'NULLCHK','lock_time',NULL,NULL,NULL,NULL);
INSERT INTO SM_CHECK_DEF (TABLE_ID,CHECK_TYPE,CHECK_ORDER,CHECK_KIND,FIELD_NAME,REF_TABLE,REF_FIELD,EXPECT_VALUE,ERR_MSG) VALUES ('TBLID_BROUTE','RELEASE',1,'STAT_E',NULL,NULL,NULL,NULL,NULL);
INSERT INTO SM_CHECK_DEF (TABLE_ID,CHECK_TYPE,CHECK_ORDER,CHECK_KIND,FIELD_NAME,REF_TABLE,REF_FIELD,EXPECT_VALUE,ERR_MSG) VALUES ('TBLID_BROUTE','RELEASE',2,'STRING','lock_user',NULL,NULL,'',NULL);
INSERT INTO SM_CHECK_DEF (TABLE_ID,CHECK_TYPE,CHECK_ORDER,CHECK_KIND,FIELD_NAME,REF_TABLE,REF_FIELD,EXPECT_VALUE,ERR_MSG) VALUES ('TBLID_BROUTE','RELEASE',3,'NULLCHK','lock_time',NULL,NULL,NULL,NULL);
INSERT INTO SM_CHECK_DEF (TABLE_ID,CHECK_TYPE,CHECK_ORDER,CHECK_KIND,FIELD_NAME,REF_TABLE,REF_FIELD,EXPECT_VALUE,ERR_MSG) VALUES ('TBLID_BROUTE','RELEASE',4,'RELEASE_PARAM','route_id','D12',NULL,NULL,NULL);
INSERT INTO SM_CHECK_DEF (TABLE_ID,CHECK_TYPE,CHECK_ORDER,CHECK_KIND,FIELD_NAME,REF_TABLE,REF_FIELD,EXPECT_VALUE,ERR_MSG) VALUES ('TBLID_BROUTE','RELEASE',5,'RELEASE_PARAM','route_ver','D3',NULL,NULL,NULL);
INSERT INTO SM_CHECK_DEF (TABLE_ID,CHECK_TYPE,CHECK_ORDER,CHECK_KIND,FIELD_NAME,REF_TABLE,REF_FIELD,EXPECT_VALUE,ERR_MSG) VALUES ('TBLID_BROUTE','RELEASE',6,'RELEASE_WRITE','sub_rwk_cat','D0',NULL,NULL,NULL);
INSERT INTO SM_CHECK_DEF (TABLE_ID,CHECK_TYPE,CHECK_ORDER,CHECK_KIND,FIELD_NAME,REF_TABLE,REF_FIELD,EXPECT_VALUE,ERR_MSG) VALUES ('TBLID_BROUTE','RELEASE',7,'RELEASE_WRITE','route_cat','D0',NULL,NULL,NULL);
INSERT INTO SM_CHECK_DEF (TABLE_ID,CHECK_TYPE,CHECK_ORDER,CHECK_KIND,FIELD_NAME,REF_TABLE,REF_FIELD,EXPECT_VALUE,ERR_MSG) VALUES ('TBLID_BROUTE','RELEASE',8,'RELEASE_WRITE','route_name','D0',NULL,NULL,NULL);
INSERT INTO SM_CHECK_DEF (TABLE_ID,CHECK_TYPE,CHECK_ORDER,CHECK_KIND,FIELD_NAME,REF_TABLE,REF_FIELD,EXPECT_VALUE,ERR_MSG) VALUES ('TBLID_BROUTE','RELEASE',9,'RELEASE_WRITE','route_desc','D0',NULL,NULL,NULL);
INSERT INTO SM_CHECK_DEF (TABLE_ID,CHECK_TYPE,CHECK_ORDER,CHECK_KIND,FIELD_NAME,REF_TABLE,REF_FIELD,EXPECT_VALUE,ERR_MSG) VALUES ('TBLID_BROUTE','DELETE',1,'STAT_R',NULL,NULL,NULL,NULL,NULL);
INSERT INTO SM_CHECK_DEF (TABLE_ID,CHECK_TYPE,CHECK_ORDER,CHECK_KIND,FIELD_NAME,REF_TABLE,REF_FIELD,EXPECT_VALUE,ERR_MSG) VALUES ('TBLID_BROUTE','DELETE',2,'STRING','lock_user',NULL,NULL,'',NULL);
INSERT INTO SM_CHECK_DEF (TABLE_ID,CHECK_TYPE,CHECK_ORDER,CHECK_KIND,FIELD_NAME,REF_TABLE,REF_FIELD,EXPECT_VALUE,ERR_MSG) VALUES ('TBLID_BROUTE','DELETE',3,'NULLCHK','lock_time',NULL,NULL,NULL,NULL);
INSERT INTO SM_CHECK_DEF (TABLE_ID,CHECK_TYPE,CHECK_ORDER,CHECK_KIND,FIELD_NAME,REF_TABLE,REF_FIELD,EXPECT_VALUE,ERR_MSG) VALUES ('TBLID_BROUTE','DELETE',4,'KEY','route_id','0','',NULL,NULL);
INSERT INTO SM_CHECK_DEF (TABLE_ID,CHECK_TYPE,CHECK_ORDER,CHECK_KIND,FIELD_NAME,REF_TABLE,REF_FIELD,EXPECT_VALUE,ERR_MSG) VALUES ('TBLID_BROUTE','DELETE',5,'KEY','route_ver','0','',NULL,NULL);
INSERT INTO SM_CHECK_DEF (TABLE_ID,CHECK_TYPE,CHECK_ORDER,CHECK_KIND,FIELD_NAME,REF_TABLE,REF_FIELD,EXPECT_VALUE,ERR_MSG) VALUES ('TBLID_BROUTE','DELETE',6,'STAT_R',NULL,NULL,NULL,NULL,NULL);
INSERT INTO SM_CHECK_DEF (TABLE_ID,CHECK_TYPE,CHECK_ORDER,CHECK_KIND,FIELD_NAME,REF_TABLE,REF_FIELD,EXPECT_VALUE,ERR_MSG) VALUES ('TBLID_BROUTE','DELETE',7,'KEY','route_id','0','',NULL,NULL);
INSERT INTO SM_CHECK_DEF (TABLE_ID,CHECK_TYPE,CHECK_ORDER,CHECK_KIND,FIELD_NAME,REF_TABLE,REF_FIELD,EXPECT_VALUE,ERR_MSG) VALUES ('TBLID_BROUTE','DELETE',8,'KEY','route_ver','0','',NULL,NULL);
INSERT INTO SM_CHECK_DEF (TABLE_ID,CHECK_TYPE,CHECK_ORDER,CHECK_KIND,FIELD_NAME,REF_TABLE,REF_FIELD,EXPECT_VALUE,ERR_MSG) VALUES ('TBLID_BROUTE','DELETE',9,'STAT_R',NULL,NULL,NULL,NULL,NULL);
INSERT INTO SM_CHECK_DEF (TABLE_ID,CHECK_TYPE,CHECK_ORDER,CHECK_KIND,FIELD_NAME,REF_TABLE,REF_FIELD,EXPECT_VALUE,ERR_MSG) VALUES ('TBLID_BROUTE','DELETE',10,'KEY','route_id','0','',NULL,NULL);
INSERT INTO SM_CHECK_DEF (TABLE_ID,CHECK_TYPE,CHECK_ORDER,CHECK_KIND,FIELD_NAME,REF_TABLE,REF_FIELD,EXPECT_VALUE,ERR_MSG) VALUES ('TBLID_BROUTE','DELETE',11,'KEY','route_ver','0','',NULL,NULL);
INSERT INTO SM_CHECK_DEF (TABLE_ID,CHECK_TYPE,CHECK_ORDER,CHECK_KIND,FIELD_NAME,REF_TABLE,REF_FIELD,EXPECT_VALUE,ERR_MSG) VALUES ('TBLID_BROUTE','DELETE',12,'STAT_R',NULL,NULL,NULL,NULL,NULL);
INSERT INTO SM_CHECK_DEF (TABLE_ID,CHECK_TYPE,CHECK_ORDER,CHECK_KIND,FIELD_NAME,REF_TABLE,REF_FIELD,EXPECT_VALUE,ERR_MSG) VALUES ('TBLID_BROUTE','DELETE',13,'KEY','route_id','0','',NULL,NULL);
INSERT INTO SM_CHECK_DEF (TABLE_ID,CHECK_TYPE,CHECK_ORDER,CHECK_KIND,FIELD_NAME,REF_TABLE,REF_FIELD,EXPECT_VALUE,ERR_MSG) VALUES ('TBLID_BROUTE','DELETE',14,'KEY','route_ver','0','',NULL,NULL);
INSERT INTO SM_CHECK_DEF (TABLE_ID,CHECK_TYPE,CHECK_ORDER,CHECK_KIND,FIELD_NAME,REF_TABLE,REF_FIELD,EXPECT_VALUE,ERR_MSG) VALUES ('TBLID_BROUTE','DELETE',15,'STAT_R',NULL,NULL,NULL,NULL,NULL);
INSERT INTO SM_CHECK_DEF (TABLE_ID,CHECK_TYPE,CHECK_ORDER,CHECK_KIND,FIELD_NAME,REF_TABLE,REF_FIELD,EXPECT_VALUE,ERR_MSG) VALUES ('TBLID_BROUTE','DELETE',16,'KEY','route_id','0','',NULL,NULL);
INSERT INTO SM_CHECK_DEF (TABLE_ID,CHECK_TYPE,CHECK_ORDER,CHECK_KIND,FIELD_NAME,REF_TABLE,REF_FIELD,EXPECT_VALUE,ERR_MSG) VALUES ('TBLID_BROUTE','DELETE',17,'KEY','route_ver','0','',NULL,NULL);
INSERT INTO SM_CHECK_DEF (TABLE_ID,CHECK_TYPE,CHECK_ORDER,CHECK_KIND,FIELD_NAME,REF_TABLE,REF_FIELD,EXPECT_VALUE,ERR_MSG) VALUES ('TBLID_BROUTE','DELETE',18,'STAT_R',NULL,NULL,NULL,NULL,NULL);
INSERT INTO SM_CHECK_DEF (TABLE_ID,CHECK_TYPE,CHECK_ORDER,CHECK_KIND,FIELD_NAME,REF_TABLE,REF_FIELD,EXPECT_VALUE,ERR_MSG) VALUES ('TBLID_BROUTE','DELETE',19,'KEY','route_id','0','',NULL,NULL);
INSERT INTO SM_CHECK_DEF (TABLE_ID,CHECK_TYPE,CHECK_ORDER,CHECK_KIND,FIELD_NAME,REF_TABLE,REF_FIELD,EXPECT_VALUE,ERR_MSG) VALUES ('TBLID_BROUTE','DELETE',20,'KEY','route_ver','0','',NULL,NULL);
INSERT INTO SM_CHECK_DEF (TABLE_ID,CHECK_TYPE,CHECK_ORDER,CHECK_KIND,FIELD_NAME,REF_TABLE,REF_FIELD,EXPECT_VALUE,ERR_MSG) VALUES ('TBLID_BROUTE','DELETE',21,'STAT_R',NULL,NULL,NULL,NULL,NULL);
INSERT INTO SM_CHECK_DEF (TABLE_ID,CHECK_TYPE,CHECK_ORDER,CHECK_KIND,FIELD_NAME,REF_TABLE,REF_FIELD,EXPECT_VALUE,ERR_MSG) VALUES ('TBLID_BROUTE','DELETE',22,'KEY','route_id','0','',NULL,NULL);
INSERT INTO SM_CHECK_DEF (TABLE_ID,CHECK_TYPE,CHECK_ORDER,CHECK_KIND,FIELD_NAME,REF_TABLE,REF_FIELD,EXPECT_VALUE,ERR_MSG) VALUES ('TBLID_BROUTE','DELETE',23,'KEY','route_ver','0','',NULL,NULL);
INSERT INTO SM_CHECK_DEF (TABLE_ID,CHECK_TYPE,CHECK_ORDER,CHECK_KIND,FIELD_NAME,REF_TABLE,REF_FIELD,EXPECT_VALUE,ERR_MSG) VALUES ('TBLID_BROUTE','DELETE',24,'STAT_R',NULL,NULL,NULL,NULL,NULL);
INSERT INTO SM_CHECK_DEF (TABLE_ID,CHECK_TYPE,CHECK_ORDER,CHECK_KIND,FIELD_NAME,REF_TABLE,REF_FIELD,EXPECT_VALUE,ERR_MSG) VALUES ('TBLID_BROUTE','DELETE',25,'KEY','route_id','0','',NULL,NULL);
INSERT INTO SM_CHECK_DEF (TABLE_ID,CHECK_TYPE,CHECK_ORDER,CHECK_KIND,FIELD_NAME,REF_TABLE,REF_FIELD,EXPECT_VALUE,ERR_MSG) VALUES ('TBLID_BROUTE','DELETE',26,'KEY','route_ver','0','',NULL,NULL);
INSERT INTO SM_CHECK_DEF (TABLE_ID,CHECK_TYPE,CHECK_ORDER,CHECK_KIND,FIELD_NAME,REF_TABLE,REF_FIELD,EXPECT_VALUE,ERR_MSG) VALUES ('TBLID_BROUTE','DELETE',27,'STAT_R',NULL,NULL,NULL,NULL,NULL);
INSERT INTO SM_CHECK_DEF (TABLE_ID,CHECK_TYPE,CHECK_ORDER,CHECK_KIND,FIELD_NAME,REF_TABLE,REF_FIELD,EXPECT_VALUE,ERR_MSG) VALUES ('TBLID_BROUTE','EDITCOMP',1,'STAT_E',NULL,NULL,NULL,NULL,NULL);
INSERT INTO SM_CHECK_DEF (TABLE_ID,CHECK_TYPE,CHECK_ORDER,CHECK_KIND,FIELD_NAME,REF_TABLE,REF_FIELD,EXPECT_VALUE,ERR_MSG) VALUES ('TBLID_BROUTE','EDITCOMP',2,'COMP_N',NULL,NULL,NULL,NULL,'记录已编辑完成');

-- BROUTECNCT
INSERT INTO SM_TABLE_DEF (TABLE_ID, TABLE_NAME, JP_TITLE, US_TITLE, RELEASE_FLAG, DISTRIBUTE_FLAG, PERMISSION_TYPE, SCHEMA_TYPE, HAS_DUMMY, SORT_NO)
VALUES ('TBLID_BROUTECNCT', 'BROUTECNCT', 'BROUTECNCT', 'BROUTECNCT', 'Y', 'N', 'C', 'L', 'N', 700);
INSERT INTO SM_FIELD_DEF (TABLE_ID,FIELD_NAME,JP_TITLE,US_TITLE,DB_TYPE,DB_LENGTH,IS_KEY,NOT_BLANK,IS_DUMMY,IS_SEARCH_ITEM,SORT_NO,TREE_LEVEL,SHEET_NO,PAGE_NO,PROPERTY_NO,IS_AUTO,IS_MANDATORY,SYSTEM_READONLY,FIELD_TYPE,FIELD_LENGTH,INPUT_ALPHABET,INPUT_MULTIBYTE,INPUT_NUMERIC,INPUT_SYMBOL,INPUT_UPPERCASE,RETRIEVAL_TABLE,FORMAT,DEFAULT_VALUE,MIN_VALUE,MAX_VALUE,CALENDAR_BUTTON,JUMP_BUTTON,OPEN_BUTTON,REF_TABLE_ID,REF_FIELD_NAME,SPECIAL_BUTTON) VALUES ('TBLID_BROUTECNCT','SUB_ROUTE_ID','SUB_ROUTE_ID','SUB_ROUTE_ID','STRING',12,'N','Y','N','Y',-1,-1,0,0,0,'N','N','N','STRING',0,'Y',0,'Y','Y','Y','NONE',NULL,NULL,NULL,NULL,'N','N',0,NULL,NULL,0);
INSERT INTO SM_FIELD_DEF (TABLE_ID,FIELD_NAME,JP_TITLE,US_TITLE,DB_TYPE,DB_LENGTH,IS_KEY,NOT_BLANK,IS_DUMMY,IS_SEARCH_ITEM,SORT_NO,TREE_LEVEL,SHEET_NO,PAGE_NO,PROPERTY_NO,IS_AUTO,IS_MANDATORY,SYSTEM_READONLY,FIELD_TYPE,FIELD_LENGTH,INPUT_ALPHABET,INPUT_MULTIBYTE,INPUT_NUMERIC,INPUT_SYMBOL,INPUT_UPPERCASE,RETRIEVAL_TABLE,FORMAT,DEFAULT_VALUE,MIN_VALUE,MAX_VALUE,CALENDAR_BUTTON,JUMP_BUTTON,OPEN_BUTTON,REF_TABLE_ID,REF_FIELD_NAME,SPECIAL_BUTTON) VALUES ('TBLID_BROUTECNCT','SUB_ROUTE_VER','SUB_ROUTE_VER','SUB_ROUTE_VER','STRING',3,'N','Y','N','Y',-1,-1,0,0,0,'N','N','N','STRING',0,'Y',0,'Y','Y','Y','NONE',NULL,NULL,NULL,NULL,'N','N',0,NULL,NULL,0);
INSERT INTO SM_FIELD_DEF (TABLE_ID,FIELD_NAME,JP_TITLE,US_TITLE,DB_TYPE,DB_LENGTH,IS_KEY,NOT_BLANK,IS_DUMMY,IS_SEARCH_ITEM,SORT_NO,TREE_LEVEL,SHEET_NO,PAGE_NO,PROPERTY_NO,IS_AUTO,IS_MANDATORY,SYSTEM_READONLY,FIELD_TYPE,FIELD_LENGTH,INPUT_ALPHABET,INPUT_MULTIBYTE,INPUT_NUMERIC,INPUT_SYMBOL,INPUT_UPPERCASE,RETRIEVAL_TABLE,FORMAT,DEFAULT_VALUE,MIN_VALUE,MAX_VALUE,CALENDAR_BUTTON,JUMP_BUTTON,OPEN_BUTTON,REF_TABLE_ID,REF_FIELD_NAME,SPECIAL_BUTTON) VALUES ('TBLID_BROUTECNCT','SPLIT_ROUTE_ID','SPLIT_ROUTE_ID','SPLIT_ROUTE_ID','STRING',12,'N','Y','N','Y',-1,-1,0,0,0,'N','N','N','STRING',0,'Y',0,'Y','Y','Y','NONE',NULL,NULL,NULL,NULL,'N','N',0,NULL,NULL,0);
INSERT INTO SM_FIELD_DEF (TABLE_ID,FIELD_NAME,JP_TITLE,US_TITLE,DB_TYPE,DB_LENGTH,IS_KEY,NOT_BLANK,IS_DUMMY,IS_SEARCH_ITEM,SORT_NO,TREE_LEVEL,SHEET_NO,PAGE_NO,PROPERTY_NO,IS_AUTO,IS_MANDATORY,SYSTEM_READONLY,FIELD_TYPE,FIELD_LENGTH,INPUT_ALPHABET,INPUT_MULTIBYTE,INPUT_NUMERIC,INPUT_SYMBOL,INPUT_UPPERCASE,RETRIEVAL_TABLE,FORMAT,DEFAULT_VALUE,MIN_VALUE,MAX_VALUE,CALENDAR_BUTTON,JUMP_BUTTON,OPEN_BUTTON,REF_TABLE_ID,REF_FIELD_NAME,SPECIAL_BUTTON) VALUES ('TBLID_BROUTECNCT','SPLIT_ROUTE_VER','SPLIT_ROUTE_VER','SPLIT_ROUTE_VER','STRING',3,'N','Y','N','Y',-1,-1,0,0,0,'N','N','N','STRING',0,'Y',0,'Y','Y','Y','NONE',NULL,NULL,NULL,NULL,'N','N',0,NULL,NULL,0);
INSERT INTO SM_FIELD_DEF (TABLE_ID,FIELD_NAME,JP_TITLE,US_TITLE,DB_TYPE,DB_LENGTH,IS_KEY,NOT_BLANK,IS_DUMMY,IS_SEARCH_ITEM,SORT_NO,TREE_LEVEL,SHEET_NO,PAGE_NO,PROPERTY_NO,IS_AUTO,IS_MANDATORY,SYSTEM_READONLY,FIELD_TYPE,FIELD_LENGTH,INPUT_ALPHABET,INPUT_MULTIBYTE,INPUT_NUMERIC,INPUT_SYMBOL,INPUT_UPPERCASE,RETRIEVAL_TABLE,FORMAT,DEFAULT_VALUE,MIN_VALUE,MAX_VALUE,CALENDAR_BUTTON,JUMP_BUTTON,OPEN_BUTTON,REF_TABLE_ID,REF_FIELD_NAME,SPECIAL_BUTTON) VALUES ('TBLID_BROUTECNCT','SPLIT_OPE_NO','SPLIT_OPE_NO','SPLIT_OPE_NO','STRING',6,'N','Y','N','Y',-1,-1,0,0,0,'N','N','N','STRING',0,'Y',0,'Y','Y','Y','NONE',NULL,NULL,NULL,NULL,'N','N',0,NULL,NULL,0);
INSERT INTO SM_FIELD_DEF (TABLE_ID,FIELD_NAME,JP_TITLE,US_TITLE,DB_TYPE,DB_LENGTH,IS_KEY,NOT_BLANK,IS_DUMMY,IS_SEARCH_ITEM,SORT_NO,TREE_LEVEL,SHEET_NO,PAGE_NO,PROPERTY_NO,IS_AUTO,IS_MANDATORY,SYSTEM_READONLY,FIELD_TYPE,FIELD_LENGTH,INPUT_ALPHABET,INPUT_MULTIBYTE,INPUT_NUMERIC,INPUT_SYMBOL,INPUT_UPPERCASE,RETRIEVAL_TABLE,FORMAT,DEFAULT_VALUE,MIN_VALUE,MAX_VALUE,CALENDAR_BUTTON,JUMP_BUTTON,OPEN_BUTTON,REF_TABLE_ID,REF_FIELD_NAME,SPECIAL_BUTTON) VALUES ('TBLID_BROUTECNCT','RET_ROUTE_ID','RET_ROUTE_ID','RET_ROUTE_ID','STRING',12,'N','Y','N','Y',-1,-1,0,0,0,'N','N','N','STRING',0,'Y',0,'Y','Y','Y','NONE',NULL,NULL,NULL,NULL,'N','N',0,NULL,NULL,0);
INSERT INTO SM_FIELD_DEF (TABLE_ID,FIELD_NAME,JP_TITLE,US_TITLE,DB_TYPE,DB_LENGTH,IS_KEY,NOT_BLANK,IS_DUMMY,IS_SEARCH_ITEM,SORT_NO,TREE_LEVEL,SHEET_NO,PAGE_NO,PROPERTY_NO,IS_AUTO,IS_MANDATORY,SYSTEM_READONLY,FIELD_TYPE,FIELD_LENGTH,INPUT_ALPHABET,INPUT_MULTIBYTE,INPUT_NUMERIC,INPUT_SYMBOL,INPUT_UPPERCASE,RETRIEVAL_TABLE,FORMAT,DEFAULT_VALUE,MIN_VALUE,MAX_VALUE,CALENDAR_BUTTON,JUMP_BUTTON,OPEN_BUTTON,REF_TABLE_ID,REF_FIELD_NAME,SPECIAL_BUTTON) VALUES ('TBLID_BROUTECNCT','RET_ROUTE_VER','RET_ROUTE_VER','RET_ROUTE_VER','STRING',3,'N','Y','N','Y',-1,-1,0,0,0,'N','N','N','STRING',0,'Y',0,'Y','Y','Y','NONE',NULL,NULL,NULL,NULL,'N','N',0,NULL,NULL,0);
INSERT INTO SM_FIELD_DEF (TABLE_ID,FIELD_NAME,JP_TITLE,US_TITLE,DB_TYPE,DB_LENGTH,IS_KEY,NOT_BLANK,IS_DUMMY,IS_SEARCH_ITEM,SORT_NO,TREE_LEVEL,SHEET_NO,PAGE_NO,PROPERTY_NO,IS_AUTO,IS_MANDATORY,SYSTEM_READONLY,FIELD_TYPE,FIELD_LENGTH,INPUT_ALPHABET,INPUT_MULTIBYTE,INPUT_NUMERIC,INPUT_SYMBOL,INPUT_UPPERCASE,RETRIEVAL_TABLE,FORMAT,DEFAULT_VALUE,MIN_VALUE,MAX_VALUE,CALENDAR_BUTTON,JUMP_BUTTON,OPEN_BUTTON,REF_TABLE_ID,REF_FIELD_NAME,SPECIAL_BUTTON) VALUES ('TBLID_BROUTECNCT','RET_OPE_NO','RET_OPE_NO','RET_OPE_NO','STRING',6,'N','Y','N','Y',-1,-1,0,0,0,'N','N','N','STRING',0,'Y',0,'Y','Y','Y','NONE',NULL,NULL,NULL,NULL,'N','N',0,NULL,NULL,0);
INSERT INTO SM_FIELD_DEF (TABLE_ID,FIELD_NAME,JP_TITLE,US_TITLE,DB_TYPE,DB_LENGTH,IS_KEY,NOT_BLANK,IS_DUMMY,IS_SEARCH_ITEM,SORT_NO,TREE_LEVEL,SHEET_NO,PAGE_NO,PROPERTY_NO,IS_AUTO,IS_MANDATORY,SYSTEM_READONLY,FIELD_TYPE,FIELD_LENGTH,INPUT_ALPHABET,INPUT_MULTIBYTE,INPUT_NUMERIC,INPUT_SYMBOL,INPUT_UPPERCASE,RETRIEVAL_TABLE,FORMAT,DEFAULT_VALUE,MIN_VALUE,MAX_VALUE,CALENDAR_BUTTON,JUMP_BUTTON,OPEN_BUTTON,REF_TABLE_ID,REF_FIELD_NAME,SPECIAL_BUTTON) VALUES ('TBLID_BROUTECNCT','ROUTE_CNCT_NAME','ROUTE_CNCT_NAME','ROUTE_CNCT_NAME','STRING',40,'N','Y','N','Y',-1,-1,0,0,0,'N','N','N','STRING',0,'Y',0,'Y','Y','Y','NONE',NULL,NULL,NULL,NULL,'N','N',0,NULL,NULL,0);
INSERT INTO SM_FIELD_DEF (TABLE_ID,FIELD_NAME,JP_TITLE,US_TITLE,DB_TYPE,DB_LENGTH,IS_KEY,NOT_BLANK,IS_DUMMY,IS_SEARCH_ITEM,SORT_NO,TREE_LEVEL,SHEET_NO,PAGE_NO,PROPERTY_NO,IS_AUTO,IS_MANDATORY,SYSTEM_READONLY,FIELD_TYPE,FIELD_LENGTH,INPUT_ALPHABET,INPUT_MULTIBYTE,INPUT_NUMERIC,INPUT_SYMBOL,INPUT_UPPERCASE,RETRIEVAL_TABLE,FORMAT,DEFAULT_VALUE,MIN_VALUE,MAX_VALUE,CALENDAR_BUTTON,JUMP_BUTTON,OPEN_BUTTON,REF_TABLE_ID,REF_FIELD_NAME,SPECIAL_BUTTON) VALUES ('TBLID_BROUTECNCT','ROUTE_CNCT_DESC','ROUTE_CNCT_DESC','ROUTE_CNCT_DESC','STRING',80,'N','Y','N','Y',-1,-1,0,0,0,'N','N','N','STRING',0,'Y',0,'Y','Y','Y','NONE',NULL,NULL,NULL,NULL,'N','N',0,NULL,NULL,0);
INSERT INTO SM_CHECK_DEF (TABLE_ID,CHECK_TYPE,CHECK_ORDER,CHECK_KIND,FIELD_NAME,REF_TABLE,REF_FIELD,EXPECT_VALUE,ERR_MSG) VALUES ('TBLID_BROUTECNCT','SAVE',1,'STAT_E',NULL,NULL,NULL,NULL,NULL);
INSERT INTO SM_CHECK_DEF (TABLE_ID,CHECK_TYPE,CHECK_ORDER,CHECK_KIND,FIELD_NAME,REF_TABLE,REF_FIELD,EXPECT_VALUE,ERR_MSG) VALUES ('TBLID_BROUTECNCT','SAVE',2,'STRING','lock_user',NULL,NULL,'',NULL);
INSERT INTO SM_CHECK_DEF (TABLE_ID,CHECK_TYPE,CHECK_ORDER,CHECK_KIND,FIELD_NAME,REF_TABLE,REF_FIELD,EXPECT_VALUE,ERR_MSG) VALUES ('TBLID_BROUTECNCT','SAVE',3,'NULLCHK','lock_time',NULL,NULL,NULL,NULL);
INSERT INTO SM_CHECK_DEF (TABLE_ID,CHECK_TYPE,CHECK_ORDER,CHECK_KIND,FIELD_NAME,REF_TABLE,REF_FIELD,EXPECT_VALUE,ERR_MSG) VALUES ('TBLID_BROUTECNCT','SAVE',4,'KEY','sub_route_id','0','',NULL,NULL);
INSERT INTO SM_CHECK_DEF (TABLE_ID,CHECK_TYPE,CHECK_ORDER,CHECK_KIND,FIELD_NAME,REF_TABLE,REF_FIELD,EXPECT_VALUE,ERR_MSG) VALUES ('TBLID_BROUTECNCT','SAVE',5,'KEY','sub_route_ver','0','',NULL,NULL);
INSERT INTO SM_CHECK_DEF (TABLE_ID,CHECK_TYPE,CHECK_ORDER,CHECK_KIND,FIELD_NAME,REF_TABLE,REF_FIELD,EXPECT_VALUE,ERR_MSG) VALUES ('TBLID_BROUTECNCT','SAVE',6,'KEY','sub_route_id','0','',NULL,NULL);
INSERT INTO SM_CHECK_DEF (TABLE_ID,CHECK_TYPE,CHECK_ORDER,CHECK_KIND,FIELD_NAME,REF_TABLE,REF_FIELD,EXPECT_VALUE,ERR_MSG) VALUES ('TBLID_BROUTECNCT','SAVE',7,'KEY','sub_route_ver','0','',NULL,NULL);
INSERT INTO SM_CHECK_DEF (TABLE_ID,CHECK_TYPE,CHECK_ORDER,CHECK_KIND,FIELD_NAME,REF_TABLE,REF_FIELD,EXPECT_VALUE,ERR_MSG) VALUES ('TBLID_BROUTECNCT','SAVE',8,'STAT_R',NULL,NULL,NULL,NULL,NULL);
INSERT INTO SM_CHECK_DEF (TABLE_ID,CHECK_TYPE,CHECK_ORDER,CHECK_KIND,FIELD_NAME,REF_TABLE,REF_FIELD,EXPECT_VALUE,ERR_MSG) VALUES ('TBLID_BROUTECNCT','SAVE',9,'KEY','split_route_id','0','',NULL,NULL);
INSERT INTO SM_CHECK_DEF (TABLE_ID,CHECK_TYPE,CHECK_ORDER,CHECK_KIND,FIELD_NAME,REF_TABLE,REF_FIELD,EXPECT_VALUE,ERR_MSG) VALUES ('TBLID_BROUTECNCT','SAVE',10,'KEY','split_route_ver','0','',NULL,NULL);
INSERT INTO SM_CHECK_DEF (TABLE_ID,CHECK_TYPE,CHECK_ORDER,CHECK_KIND,FIELD_NAME,REF_TABLE,REF_FIELD,EXPECT_VALUE,ERR_MSG) VALUES ('TBLID_BROUTECNCT','SAVE',11,'KEY','split_route_id','0','',NULL,NULL);
INSERT INTO SM_CHECK_DEF (TABLE_ID,CHECK_TYPE,CHECK_ORDER,CHECK_KIND,FIELD_NAME,REF_TABLE,REF_FIELD,EXPECT_VALUE,ERR_MSG) VALUES ('TBLID_BROUTECNCT','SAVE',12,'KEY','split_route_ver','0','',NULL,NULL);
INSERT INTO SM_CHECK_DEF (TABLE_ID,CHECK_TYPE,CHECK_ORDER,CHECK_KIND,FIELD_NAME,REF_TABLE,REF_FIELD,EXPECT_VALUE,ERR_MSG) VALUES ('TBLID_BROUTECNCT','SAVE',13,'KEY','ret_route_id','0','',NULL,NULL);
INSERT INTO SM_CHECK_DEF (TABLE_ID,CHECK_TYPE,CHECK_ORDER,CHECK_KIND,FIELD_NAME,REF_TABLE,REF_FIELD,EXPECT_VALUE,ERR_MSG) VALUES ('TBLID_BROUTECNCT','SAVE',14,'KEY','ret_route_ver','0','',NULL,NULL);
INSERT INTO SM_CHECK_DEF (TABLE_ID,CHECK_TYPE,CHECK_ORDER,CHECK_KIND,FIELD_NAME,REF_TABLE,REF_FIELD,EXPECT_VALUE,ERR_MSG) VALUES ('TBLID_BROUTECNCT','SAVE',15,'KEY','ret_route_id','0','',NULL,NULL);
INSERT INTO SM_CHECK_DEF (TABLE_ID,CHECK_TYPE,CHECK_ORDER,CHECK_KIND,FIELD_NAME,REF_TABLE,REF_FIELD,EXPECT_VALUE,ERR_MSG) VALUES ('TBLID_BROUTECNCT','SAVE',16,'KEY','ret_route_ver','0','',NULL,NULL);
INSERT INTO SM_CHECK_DEF (TABLE_ID,CHECK_TYPE,CHECK_ORDER,CHECK_KIND,FIELD_NAME,REF_TABLE,REF_FIELD,EXPECT_VALUE,ERR_MSG) VALUES ('TBLID_BROUTECNCT','RELEASE',1,'STAT_E',NULL,NULL,NULL,NULL,NULL);
INSERT INTO SM_CHECK_DEF (TABLE_ID,CHECK_TYPE,CHECK_ORDER,CHECK_KIND,FIELD_NAME,REF_TABLE,REF_FIELD,EXPECT_VALUE,ERR_MSG) VALUES ('TBLID_BROUTECNCT','RELEASE',2,'STRING','lock_user',NULL,NULL,'',NULL);
INSERT INTO SM_CHECK_DEF (TABLE_ID,CHECK_TYPE,CHECK_ORDER,CHECK_KIND,FIELD_NAME,REF_TABLE,REF_FIELD,EXPECT_VALUE,ERR_MSG) VALUES ('TBLID_BROUTECNCT','RELEASE',3,'NULLCHK','lock_time',NULL,NULL,NULL,NULL);
INSERT INTO SM_CHECK_DEF (TABLE_ID,CHECK_TYPE,CHECK_ORDER,CHECK_KIND,FIELD_NAME,REF_TABLE,REF_FIELD,EXPECT_VALUE,ERR_MSG) VALUES ('TBLID_BROUTECNCT','RELEASE',4,'KEY','sub_route_id','0','',NULL,NULL);
INSERT INTO SM_CHECK_DEF (TABLE_ID,CHECK_TYPE,CHECK_ORDER,CHECK_KIND,FIELD_NAME,REF_TABLE,REF_FIELD,EXPECT_VALUE,ERR_MSG) VALUES ('TBLID_BROUTECNCT','RELEASE',5,'KEY','sub_route_ver','0','',NULL,NULL);
INSERT INTO SM_CHECK_DEF (TABLE_ID,CHECK_TYPE,CHECK_ORDER,CHECK_KIND,FIELD_NAME,REF_TABLE,REF_FIELD,EXPECT_VALUE,ERR_MSG) VALUES ('TBLID_BROUTECNCT','RELEASE',6,'STAT_R',NULL,NULL,NULL,NULL,NULL);
INSERT INTO SM_CHECK_DEF (TABLE_ID,CHECK_TYPE,CHECK_ORDER,CHECK_KIND,FIELD_NAME,REF_TABLE,REF_FIELD,EXPECT_VALUE,ERR_MSG) VALUES ('TBLID_BROUTECNCT','RELEASE',7,'KEY','split_route_id','0','',NULL,NULL);
INSERT INTO SM_CHECK_DEF (TABLE_ID,CHECK_TYPE,CHECK_ORDER,CHECK_KIND,FIELD_NAME,REF_TABLE,REF_FIELD,EXPECT_VALUE,ERR_MSG) VALUES ('TBLID_BROUTECNCT','RELEASE',8,'KEY','split_route_ver','0','',NULL,NULL);
INSERT INTO SM_CHECK_DEF (TABLE_ID,CHECK_TYPE,CHECK_ORDER,CHECK_KIND,FIELD_NAME,REF_TABLE,REF_FIELD,EXPECT_VALUE,ERR_MSG) VALUES ('TBLID_BROUTECNCT','RELEASE',9,'KEY','ret_route_id','0','',NULL,NULL);
INSERT INTO SM_CHECK_DEF (TABLE_ID,CHECK_TYPE,CHECK_ORDER,CHECK_KIND,FIELD_NAME,REF_TABLE,REF_FIELD,EXPECT_VALUE,ERR_MSG) VALUES ('TBLID_BROUTECNCT','RELEASE',10,'KEY','ret_route_ver','0','',NULL,NULL);
INSERT INTO SM_CHECK_DEF (TABLE_ID,CHECK_TYPE,CHECK_ORDER,CHECK_KIND,FIELD_NAME,REF_TABLE,REF_FIELD,EXPECT_VALUE,ERR_MSG) VALUES ('TBLID_BROUTECNCT','RELEASE',11,'RELEASE_PARAM','sub_route_id','D12',NULL,NULL,NULL);
INSERT INTO SM_CHECK_DEF (TABLE_ID,CHECK_TYPE,CHECK_ORDER,CHECK_KIND,FIELD_NAME,REF_TABLE,REF_FIELD,EXPECT_VALUE,ERR_MSG) VALUES ('TBLID_BROUTECNCT','RELEASE',12,'RELEASE_PARAM','sub_route_ver','D3',NULL,NULL,NULL);
INSERT INTO SM_CHECK_DEF (TABLE_ID,CHECK_TYPE,CHECK_ORDER,CHECK_KIND,FIELD_NAME,REF_TABLE,REF_FIELD,EXPECT_VALUE,ERR_MSG) VALUES ('TBLID_BROUTECNCT','RELEASE',13,'RELEASE_PARAM','split_route_id','D12',NULL,NULL,NULL);
INSERT INTO SM_CHECK_DEF (TABLE_ID,CHECK_TYPE,CHECK_ORDER,CHECK_KIND,FIELD_NAME,REF_TABLE,REF_FIELD,EXPECT_VALUE,ERR_MSG) VALUES ('TBLID_BROUTECNCT','RELEASE',14,'RELEASE_PARAM','split_route_ver','D3',NULL,NULL,NULL);
INSERT INTO SM_CHECK_DEF (TABLE_ID,CHECK_TYPE,CHECK_ORDER,CHECK_KIND,FIELD_NAME,REF_TABLE,REF_FIELD,EXPECT_VALUE,ERR_MSG) VALUES ('TBLID_BROUTECNCT','RELEASE',15,'RELEASE_PARAM','split_ope_no','D6',NULL,NULL,NULL);
INSERT INTO SM_CHECK_DEF (TABLE_ID,CHECK_TYPE,CHECK_ORDER,CHECK_KIND,FIELD_NAME,REF_TABLE,REF_FIELD,EXPECT_VALUE,ERR_MSG) VALUES ('TBLID_BROUTECNCT','RELEASE',16,'RELEASE_PARAM','ret_route_id','D12',NULL,NULL,NULL);
INSERT INTO SM_CHECK_DEF (TABLE_ID,CHECK_TYPE,CHECK_ORDER,CHECK_KIND,FIELD_NAME,REF_TABLE,REF_FIELD,EXPECT_VALUE,ERR_MSG) VALUES ('TBLID_BROUTECNCT','RELEASE',17,'RELEASE_PARAM','ret_route_ver','D3',NULL,NULL,NULL);
INSERT INTO SM_CHECK_DEF (TABLE_ID,CHECK_TYPE,CHECK_ORDER,CHECK_KIND,FIELD_NAME,REF_TABLE,REF_FIELD,EXPECT_VALUE,ERR_MSG) VALUES ('TBLID_BROUTECNCT','RELEASE',18,'RELEASE_PARAM','ret_ope_no','D6',NULL,NULL,NULL);
INSERT INTO SM_CHECK_DEF (TABLE_ID,CHECK_TYPE,CHECK_ORDER,CHECK_KIND,FIELD_NAME,REF_TABLE,REF_FIELD,EXPECT_VALUE,ERR_MSG) VALUES ('TBLID_BROUTECNCT','RELEASE',19,'RELEASE_WRITE','route_cnct_name','D0',NULL,NULL,NULL);
INSERT INTO SM_CHECK_DEF (TABLE_ID,CHECK_TYPE,CHECK_ORDER,CHECK_KIND,FIELD_NAME,REF_TABLE,REF_FIELD,EXPECT_VALUE,ERR_MSG) VALUES ('TBLID_BROUTECNCT','RELEASE',20,'RELEASE_WRITE','route_cnct_desc','D0',NULL,NULL,NULL);
INSERT INTO SM_CHECK_DEF (TABLE_ID,CHECK_TYPE,CHECK_ORDER,CHECK_KIND,FIELD_NAME,REF_TABLE,REF_FIELD,EXPECT_VALUE,ERR_MSG) VALUES ('TBLID_BROUTECNCT','DELETE',1,'STAT_R',NULL,NULL,NULL,NULL,NULL);
INSERT INTO SM_CHECK_DEF (TABLE_ID,CHECK_TYPE,CHECK_ORDER,CHECK_KIND,FIELD_NAME,REF_TABLE,REF_FIELD,EXPECT_VALUE,ERR_MSG) VALUES ('TBLID_BROUTECNCT','DELETE',2,'STRING','lock_user',NULL,NULL,'',NULL);
INSERT INTO SM_CHECK_DEF (TABLE_ID,CHECK_TYPE,CHECK_ORDER,CHECK_KIND,FIELD_NAME,REF_TABLE,REF_FIELD,EXPECT_VALUE,ERR_MSG) VALUES ('TBLID_BROUTECNCT','DELETE',3,'NULLCHK','lock_time',NULL,NULL,NULL,NULL);
INSERT INTO SM_CHECK_DEF (TABLE_ID,CHECK_TYPE,CHECK_ORDER,CHECK_KIND,FIELD_NAME,REF_TABLE,REF_FIELD,EXPECT_VALUE,ERR_MSG) VALUES ('TBLID_BROUTECNCT','EDITCOMP',1,'STAT_E',NULL,NULL,NULL,NULL,NULL);
INSERT INTO SM_CHECK_DEF (TABLE_ID,CHECK_TYPE,CHECK_ORDER,CHECK_KIND,FIELD_NAME,REF_TABLE,REF_FIELD,EXPECT_VALUE,ERR_MSG) VALUES ('TBLID_BROUTECNCT','EDITCOMP',2,'COMP_N',NULL,NULL,NULL,NULL,'记录已编辑完成');

-- BROUTE_MROUTE
INSERT INTO SM_TABLE_DEF (TABLE_ID, TABLE_NAME, JP_TITLE, US_TITLE, RELEASE_FLAG, DISTRIBUTE_FLAG, PERMISSION_TYPE, SCHEMA_TYPE, HAS_DUMMY, SORT_NO)
VALUES ('TBLID_BROUTE_MROUTE', 'BROUTE_MROUTE', 'BROUTE_MROUTE', 'BROUTE_MROUTE', 'Y', 'N', 'C', 'L', 'N', 710);
INSERT INTO SM_FIELD_DEF (TABLE_ID,FIELD_NAME,JP_TITLE,US_TITLE,DB_TYPE,DB_LENGTH,IS_KEY,NOT_BLANK,IS_DUMMY,IS_SEARCH_ITEM,SORT_NO,TREE_LEVEL,SHEET_NO,PAGE_NO,PROPERTY_NO,IS_AUTO,IS_MANDATORY,SYSTEM_READONLY,FIELD_TYPE,FIELD_LENGTH,INPUT_ALPHABET,INPUT_MULTIBYTE,INPUT_NUMERIC,INPUT_SYMBOL,INPUT_UPPERCASE,RETRIEVAL_TABLE,FORMAT,DEFAULT_VALUE,MIN_VALUE,MAX_VALUE,CALENDAR_BUTTON,JUMP_BUTTON,OPEN_BUTTON,REF_TABLE_ID,REF_FIELD_NAME,SPECIAL_BUTTON) VALUES ('TBLID_BROUTE_MROUTE','ROUTE_ID','ROUTE_ID','ROUTE_ID','STRING',12,'N','Y','N','Y',-1,-1,0,0,0,'N','N','N','STRING',0,'Y',0,'Y','Y','Y','NONE',NULL,NULL,NULL,NULL,'N','N',0,NULL,NULL,0);
INSERT INTO SM_FIELD_DEF (TABLE_ID,FIELD_NAME,JP_TITLE,US_TITLE,DB_TYPE,DB_LENGTH,IS_KEY,NOT_BLANK,IS_DUMMY,IS_SEARCH_ITEM,SORT_NO,TREE_LEVEL,SHEET_NO,PAGE_NO,PROPERTY_NO,IS_AUTO,IS_MANDATORY,SYSTEM_READONLY,FIELD_TYPE,FIELD_LENGTH,INPUT_ALPHABET,INPUT_MULTIBYTE,INPUT_NUMERIC,INPUT_SYMBOL,INPUT_UPPERCASE,RETRIEVAL_TABLE,FORMAT,DEFAULT_VALUE,MIN_VALUE,MAX_VALUE,CALENDAR_BUTTON,JUMP_BUTTON,OPEN_BUTTON,REF_TABLE_ID,REF_FIELD_NAME,SPECIAL_BUTTON) VALUES ('TBLID_BROUTE_MROUTE','ROUTE_VER','ROUTE_VER','ROUTE_VER','STRING',3,'N','Y','N','Y',-1,-1,0,0,0,'N','N','N','STRING',0,'Y',0,'Y','Y','Y','NONE',NULL,NULL,NULL,NULL,'N','N',0,NULL,NULL,0);
INSERT INTO SM_FIELD_DEF (TABLE_ID,FIELD_NAME,JP_TITLE,US_TITLE,DB_TYPE,DB_LENGTH,IS_KEY,NOT_BLANK,IS_DUMMY,IS_SEARCH_ITEM,SORT_NO,TREE_LEVEL,SHEET_NO,PAGE_NO,PROPERTY_NO,IS_AUTO,IS_MANDATORY,SYSTEM_READONLY,FIELD_TYPE,FIELD_LENGTH,INPUT_ALPHABET,INPUT_MULTIBYTE,INPUT_NUMERIC,INPUT_SYMBOL,INPUT_UPPERCASE,RETRIEVAL_TABLE,FORMAT,DEFAULT_VALUE,MIN_VALUE,MAX_VALUE,CALENDAR_BUTTON,JUMP_BUTTON,OPEN_BUTTON,REF_TABLE_ID,REF_FIELD_NAME,SPECIAL_BUTTON) VALUES ('TBLID_BROUTE_MROUTE','MROUTE_SEQ_NO','MROUTE_SEQ_NO','MROUTE_SEQ_NO','STRING',3,'N','Y','N','Y',-1,-1,0,0,0,'N','N','N','STRING',0,'Y',0,'Y','Y','Y','NONE',NULL,NULL,NULL,NULL,'N','N',0,NULL,NULL,0);
INSERT INTO SM_FIELD_DEF (TABLE_ID,FIELD_NAME,JP_TITLE,US_TITLE,DB_TYPE,DB_LENGTH,IS_KEY,NOT_BLANK,IS_DUMMY,IS_SEARCH_ITEM,SORT_NO,TREE_LEVEL,SHEET_NO,PAGE_NO,PROPERTY_NO,IS_AUTO,IS_MANDATORY,SYSTEM_READONLY,FIELD_TYPE,FIELD_LENGTH,INPUT_ALPHABET,INPUT_MULTIBYTE,INPUT_NUMERIC,INPUT_SYMBOL,INPUT_UPPERCASE,RETRIEVAL_TABLE,FORMAT,DEFAULT_VALUE,MIN_VALUE,MAX_VALUE,CALENDAR_BUTTON,JUMP_BUTTON,OPEN_BUTTON,REF_TABLE_ID,REF_FIELD_NAME,SPECIAL_BUTTON) VALUES ('TBLID_BROUTE_MROUTE','MROUTE_ID','MROUTE_ID','MROUTE_ID','STRING',8,'N','Y','N','Y',-1,-1,0,0,0,'N','N','N','STRING',0,'Y',0,'Y','Y','Y','NONE',NULL,NULL,NULL,NULL,'N','N',0,NULL,NULL,0);
INSERT INTO SM_FIELD_DEF (TABLE_ID,FIELD_NAME,JP_TITLE,US_TITLE,DB_TYPE,DB_LENGTH,IS_KEY,NOT_BLANK,IS_DUMMY,IS_SEARCH_ITEM,SORT_NO,TREE_LEVEL,SHEET_NO,PAGE_NO,PROPERTY_NO,IS_AUTO,IS_MANDATORY,SYSTEM_READONLY,FIELD_TYPE,FIELD_LENGTH,INPUT_ALPHABET,INPUT_MULTIBYTE,INPUT_NUMERIC,INPUT_SYMBOL,INPUT_UPPERCASE,RETRIEVAL_TABLE,FORMAT,DEFAULT_VALUE,MIN_VALUE,MAX_VALUE,CALENDAR_BUTTON,JUMP_BUTTON,OPEN_BUTTON,REF_TABLE_ID,REF_FIELD_NAME,SPECIAL_BUTTON) VALUES ('TBLID_BROUTE_MROUTE','MROUTE_VER','MROUTE_VER','MROUTE_VER','STRING',3,'N','Y','N','Y',-1,-1,0,0,0,'N','N','N','STRING',0,'Y',0,'Y','Y','Y','NONE',NULL,NULL,NULL,NULL,'N','N',0,NULL,NULL,0);
INSERT INTO SM_FIELD_DEF (TABLE_ID,FIELD_NAME,JP_TITLE,US_TITLE,DB_TYPE,DB_LENGTH,IS_KEY,NOT_BLANK,IS_DUMMY,IS_SEARCH_ITEM,SORT_NO,TREE_LEVEL,SHEET_NO,PAGE_NO,PROPERTY_NO,IS_AUTO,IS_MANDATORY,SYSTEM_READONLY,FIELD_TYPE,FIELD_LENGTH,INPUT_ALPHABET,INPUT_MULTIBYTE,INPUT_NUMERIC,INPUT_SYMBOL,INPUT_UPPERCASE,RETRIEVAL_TABLE,FORMAT,DEFAULT_VALUE,MIN_VALUE,MAX_VALUE,CALENDAR_BUTTON,JUMP_BUTTON,OPEN_BUTTON,REF_TABLE_ID,REF_FIELD_NAME,SPECIAL_BUTTON) VALUES ('TBLID_BROUTE_MROUTE','STG_ID','STG_ID','STG_ID','STRING',12,'N','Y','N','Y',-1,-1,0,0,0,'N','N','N','STRING',0,'Y',0,'Y','Y','Y','NONE',NULL,NULL,NULL,NULL,'N','N',0,NULL,NULL,0);
INSERT INTO SM_CHECK_DEF (TABLE_ID,CHECK_TYPE,CHECK_ORDER,CHECK_KIND,FIELD_NAME,REF_TABLE,REF_FIELD,EXPECT_VALUE,ERR_MSG) VALUES ('TBLID_BROUTE_MROUTE','SAVE',1,'STAT_E',NULL,NULL,NULL,NULL,NULL);
INSERT INTO SM_CHECK_DEF (TABLE_ID,CHECK_TYPE,CHECK_ORDER,CHECK_KIND,FIELD_NAME,REF_TABLE,REF_FIELD,EXPECT_VALUE,ERR_MSG) VALUES ('TBLID_BROUTE_MROUTE','SAVE',2,'STRING','lock_user',NULL,NULL,'',NULL);
INSERT INTO SM_CHECK_DEF (TABLE_ID,CHECK_TYPE,CHECK_ORDER,CHECK_KIND,FIELD_NAME,REF_TABLE,REF_FIELD,EXPECT_VALUE,ERR_MSG) VALUES ('TBLID_BROUTE_MROUTE','SAVE',3,'NULLCHK','lock_time',NULL,NULL,NULL,NULL);
INSERT INTO SM_CHECK_DEF (TABLE_ID,CHECK_TYPE,CHECK_ORDER,CHECK_KIND,FIELD_NAME,REF_TABLE,REF_FIELD,EXPECT_VALUE,ERR_MSG) VALUES ('TBLID_BROUTE_MROUTE','SAVE',4,'KEY','mroute_id','0','',NULL,NULL);
INSERT INTO SM_CHECK_DEF (TABLE_ID,CHECK_TYPE,CHECK_ORDER,CHECK_KIND,FIELD_NAME,REF_TABLE,REF_FIELD,EXPECT_VALUE,ERR_MSG) VALUES ('TBLID_BROUTE_MROUTE','SAVE',5,'KEY','mroute_ver','0','',NULL,NULL);
INSERT INTO SM_CHECK_DEF (TABLE_ID,CHECK_TYPE,CHECK_ORDER,CHECK_KIND,FIELD_NAME,REF_TABLE,REF_FIELD,EXPECT_VALUE,ERR_MSG) VALUES ('TBLID_BROUTE_MROUTE','SAVE',6,'STRING','stg_id',NULL,NULL,'',NULL);
INSERT INTO SM_CHECK_DEF (TABLE_ID,CHECK_TYPE,CHECK_ORDER,CHECK_KIND,FIELD_NAME,REF_TABLE,REF_FIELD,EXPECT_VALUE,ERR_MSG) VALUES ('TBLID_BROUTE_MROUTE','SAVE',7,'KEY','stg_id','0','s',NULL,NULL);
INSERT INTO SM_CHECK_DEF (TABLE_ID,CHECK_TYPE,CHECK_ORDER,CHECK_KIND,FIELD_NAME,REF_TABLE,REF_FIELD,EXPECT_VALUE,ERR_MSG) VALUES ('TBLID_BROUTE_MROUTE','SAVE',8,'STRING','stg_id',NULL,NULL,'e',NULL);
INSERT INTO SM_CHECK_DEF (TABLE_ID,CHECK_TYPE,CHECK_ORDER,CHECK_KIND,FIELD_NAME,REF_TABLE,REF_FIELD,EXPECT_VALUE,ERR_MSG) VALUES ('TBLID_BROUTE_MROUTE','RELEASE',1,'STAT_E',NULL,NULL,NULL,NULL,NULL);
INSERT INTO SM_CHECK_DEF (TABLE_ID,CHECK_TYPE,CHECK_ORDER,CHECK_KIND,FIELD_NAME,REF_TABLE,REF_FIELD,EXPECT_VALUE,ERR_MSG) VALUES ('TBLID_BROUTE_MROUTE','RELEASE',2,'STRING','lock_user',NULL,NULL,'',NULL);
INSERT INTO SM_CHECK_DEF (TABLE_ID,CHECK_TYPE,CHECK_ORDER,CHECK_KIND,FIELD_NAME,REF_TABLE,REF_FIELD,EXPECT_VALUE,ERR_MSG) VALUES ('TBLID_BROUTE_MROUTE','RELEASE',3,'NULLCHK','lock_time',NULL,NULL,NULL,NULL);
INSERT INTO SM_CHECK_DEF (TABLE_ID,CHECK_TYPE,CHECK_ORDER,CHECK_KIND,FIELD_NAME,REF_TABLE,REF_FIELD,EXPECT_VALUE,ERR_MSG) VALUES ('TBLID_BROUTE_MROUTE','RELEASE',4,'KEY','mroute_id','0','',NULL,NULL);
INSERT INTO SM_CHECK_DEF (TABLE_ID,CHECK_TYPE,CHECK_ORDER,CHECK_KIND,FIELD_NAME,REF_TABLE,REF_FIELD,EXPECT_VALUE,ERR_MSG) VALUES ('TBLID_BROUTE_MROUTE','RELEASE',5,'KEY','mroute_ver','0','',NULL,NULL);
INSERT INTO SM_CHECK_DEF (TABLE_ID,CHECK_TYPE,CHECK_ORDER,CHECK_KIND,FIELD_NAME,REF_TABLE,REF_FIELD,EXPECT_VALUE,ERR_MSG) VALUES ('TBLID_BROUTE_MROUTE','RELEASE',6,'STAT_R',NULL,NULL,NULL,NULL,NULL);
INSERT INTO SM_CHECK_DEF (TABLE_ID,CHECK_TYPE,CHECK_ORDER,CHECK_KIND,FIELD_NAME,REF_TABLE,REF_FIELD,EXPECT_VALUE,ERR_MSG) VALUES ('TBLID_BROUTE_MROUTE','RELEASE',7,'STRING','stg_id',NULL,NULL,'',NULL);
INSERT INTO SM_CHECK_DEF (TABLE_ID,CHECK_TYPE,CHECK_ORDER,CHECK_KIND,FIELD_NAME,REF_TABLE,REF_FIELD,EXPECT_VALUE,ERR_MSG) VALUES ('TBLID_BROUTE_MROUTE','RELEASE',8,'STAT_R',NULL,NULL,NULL,NULL,NULL);
INSERT INTO SM_CHECK_DEF (TABLE_ID,CHECK_TYPE,CHECK_ORDER,CHECK_KIND,FIELD_NAME,REF_TABLE,REF_FIELD,EXPECT_VALUE,ERR_MSG) VALUES ('TBLID_BROUTE_MROUTE','RELEASE',9,'STRING','stg_id',NULL,NULL,'e',NULL);
INSERT INTO SM_CHECK_DEF (TABLE_ID,CHECK_TYPE,CHECK_ORDER,CHECK_KIND,FIELD_NAME,REF_TABLE,REF_FIELD,EXPECT_VALUE,ERR_MSG) VALUES ('TBLID_BROUTE_MROUTE','RELEASE',10,'KEY','stg_id','0','s',NULL,NULL);
INSERT INTO SM_CHECK_DEF (TABLE_ID,CHECK_TYPE,CHECK_ORDER,CHECK_KIND,FIELD_NAME,REF_TABLE,REF_FIELD,EXPECT_VALUE,ERR_MSG) VALUES ('TBLID_BROUTE_MROUTE','RELEASE',11,'STRING','stg_id',NULL,NULL,'e',NULL);
INSERT INTO SM_CHECK_DEF (TABLE_ID,CHECK_TYPE,CHECK_ORDER,CHECK_KIND,FIELD_NAME,REF_TABLE,REF_FIELD,EXPECT_VALUE,ERR_MSG) VALUES ('TBLID_BROUTE_MROUTE','RELEASE',12,'RELEASE_PARAM','route_id','D12',NULL,NULL,NULL);
INSERT INTO SM_CHECK_DEF (TABLE_ID,CHECK_TYPE,CHECK_ORDER,CHECK_KIND,FIELD_NAME,REF_TABLE,REF_FIELD,EXPECT_VALUE,ERR_MSG) VALUES ('TBLID_BROUTE_MROUTE','RELEASE',13,'RELEASE_PARAM','route_ver','D3',NULL,NULL,NULL);
INSERT INTO SM_CHECK_DEF (TABLE_ID,CHECK_TYPE,CHECK_ORDER,CHECK_KIND,FIELD_NAME,REF_TABLE,REF_FIELD,EXPECT_VALUE,ERR_MSG) VALUES ('TBLID_BROUTE_MROUTE','RELEASE',14,'RELEASE_WRITE','mroute_seq_no','D0',NULL,NULL,NULL);
INSERT INTO SM_CHECK_DEF (TABLE_ID,CHECK_TYPE,CHECK_ORDER,CHECK_KIND,FIELD_NAME,REF_TABLE,REF_FIELD,EXPECT_VALUE,ERR_MSG) VALUES ('TBLID_BROUTE_MROUTE','RELEASE',15,'RELEASE_WRITE','mroute_id','D0',NULL,NULL,NULL);
INSERT INTO SM_CHECK_DEF (TABLE_ID,CHECK_TYPE,CHECK_ORDER,CHECK_KIND,FIELD_NAME,REF_TABLE,REF_FIELD,EXPECT_VALUE,ERR_MSG) VALUES ('TBLID_BROUTE_MROUTE','RELEASE',16,'RELEASE_WRITE','mroute_ver','D0',NULL,NULL,NULL);
INSERT INTO SM_CHECK_DEF (TABLE_ID,CHECK_TYPE,CHECK_ORDER,CHECK_KIND,FIELD_NAME,REF_TABLE,REF_FIELD,EXPECT_VALUE,ERR_MSG) VALUES ('TBLID_BROUTE_MROUTE','RELEASE',17,'RELEASE_WRITE','stg_id','D0',NULL,NULL,NULL);
INSERT INTO SM_CHECK_DEF (TABLE_ID,CHECK_TYPE,CHECK_ORDER,CHECK_KIND,FIELD_NAME,REF_TABLE,REF_FIELD,EXPECT_VALUE,ERR_MSG) VALUES ('TBLID_BROUTE_MROUTE','DELETE',1,'STAT_R',NULL,NULL,NULL,NULL,NULL);
INSERT INTO SM_CHECK_DEF (TABLE_ID,CHECK_TYPE,CHECK_ORDER,CHECK_KIND,FIELD_NAME,REF_TABLE,REF_FIELD,EXPECT_VALUE,ERR_MSG) VALUES ('TBLID_BROUTE_MROUTE','DELETE',2,'STRING','lock_user',NULL,NULL,'',NULL);
INSERT INTO SM_CHECK_DEF (TABLE_ID,CHECK_TYPE,CHECK_ORDER,CHECK_KIND,FIELD_NAME,REF_TABLE,REF_FIELD,EXPECT_VALUE,ERR_MSG) VALUES ('TBLID_BROUTE_MROUTE','DELETE',3,'NULLCHK','lock_time',NULL,NULL,NULL,NULL);
INSERT INTO SM_CHECK_DEF (TABLE_ID,CHECK_TYPE,CHECK_ORDER,CHECK_KIND,FIELD_NAME,REF_TABLE,REF_FIELD,EXPECT_VALUE,ERR_MSG) VALUES ('TBLID_BROUTE_MROUTE','EDITCOMP',1,'STAT_E',NULL,NULL,NULL,NULL,NULL);
INSERT INTO SM_CHECK_DEF (TABLE_ID,CHECK_TYPE,CHECK_ORDER,CHECK_KIND,FIELD_NAME,REF_TABLE,REF_FIELD,EXPECT_VALUE,ERR_MSG) VALUES ('TBLID_BROUTE_MROUTE','EDITCOMP',2,'COMP_N',NULL,NULL,NULL,NULL,'记录已编辑完成');

-- BRP_INSP_USED
INSERT INTO SM_TABLE_DEF (TABLE_ID, TABLE_NAME, JP_TITLE, US_TITLE, RELEASE_FLAG, DISTRIBUTE_FLAG, PERMISSION_TYPE, SCHEMA_TYPE, HAS_DUMMY, SORT_NO)
VALUES ('TBLID_BRP_INSP_USED', 'BRP_INSP_USED', 'BRP_INSP_USED', 'BRP_INSP_USED', 'Y', 'N', 'C', 'L', 'N', 720);
INSERT INTO SM_FIELD_DEF (TABLE_ID,FIELD_NAME,JP_TITLE,US_TITLE,DB_TYPE,DB_LENGTH,IS_KEY,NOT_BLANK,IS_DUMMY,IS_SEARCH_ITEM,SORT_NO,TREE_LEVEL,SHEET_NO,PAGE_NO,PROPERTY_NO,IS_AUTO,IS_MANDATORY,SYSTEM_READONLY,FIELD_TYPE,FIELD_LENGTH,INPUT_ALPHABET,INPUT_MULTIBYTE,INPUT_NUMERIC,INPUT_SYMBOL,INPUT_UPPERCASE,RETRIEVAL_TABLE,FORMAT,DEFAULT_VALUE,MIN_VALUE,MAX_VALUE,CALENDAR_BUTTON,JUMP_BUTTON,OPEN_BUTTON,REF_TABLE_ID,REF_FIELD_NAME,SPECIAL_BUTTON) VALUES ('TBLID_BRP_INSP_USED','PROD_ID','PROD_ID','PROD_ID','STRING',20,'N','Y','N','Y',-1,-1,0,0,0,'N','N','N','STRING',0,'Y',0,'Y','Y','Y','NONE',NULL,NULL,NULL,NULL,'N','N',0,NULL,NULL,0);
INSERT INTO SM_FIELD_DEF (TABLE_ID,FIELD_NAME,JP_TITLE,US_TITLE,DB_TYPE,DB_LENGTH,IS_KEY,NOT_BLANK,IS_DUMMY,IS_SEARCH_ITEM,SORT_NO,TREE_LEVEL,SHEET_NO,PAGE_NO,PROPERTY_NO,IS_AUTO,IS_MANDATORY,SYSTEM_READONLY,FIELD_TYPE,FIELD_LENGTH,INPUT_ALPHABET,INPUT_MULTIBYTE,INPUT_NUMERIC,INPUT_SYMBOL,INPUT_UPPERCASE,RETRIEVAL_TABLE,FORMAT,DEFAULT_VALUE,MIN_VALUE,MAX_VALUE,CALENDAR_BUTTON,JUMP_BUTTON,OPEN_BUTTON,REF_TABLE_ID,REF_FIELD_NAME,SPECIAL_BUTTON) VALUES ('TBLID_BRP_INSP_USED','INSP_USED_ID','INSP_USED_ID','INSP_USED_ID','STRING',12,'N','Y','N','Y',-1,-1,0,0,0,'N','N','N','STRING',0,'Y',0,'Y','Y','Y','NONE',NULL,NULL,NULL,NULL,'N','N',0,NULL,NULL,0);
INSERT INTO SM_FIELD_DEF (TABLE_ID,FIELD_NAME,JP_TITLE,US_TITLE,DB_TYPE,DB_LENGTH,IS_KEY,NOT_BLANK,IS_DUMMY,IS_SEARCH_ITEM,SORT_NO,TREE_LEVEL,SHEET_NO,PAGE_NO,PROPERTY_NO,IS_AUTO,IS_MANDATORY,SYSTEM_READONLY,FIELD_TYPE,FIELD_LENGTH,INPUT_ALPHABET,INPUT_MULTIBYTE,INPUT_NUMERIC,INPUT_SYMBOL,INPUT_UPPERCASE,RETRIEVAL_TABLE,FORMAT,DEFAULT_VALUE,MIN_VALUE,MAX_VALUE,CALENDAR_BUTTON,JUMP_BUTTON,OPEN_BUTTON,REF_TABLE_ID,REF_FIELD_NAME,SPECIAL_BUTTON) VALUES ('TBLID_BRP_INSP_USED','SP_INSP_CAT','SP_INSP_CAT','SP_INSP_CAT','STRING',1,'N','Y','N','Y',-1,-1,0,0,0,'N','N','N','STRING',0,'Y',0,'Y','Y','Y','NONE',NULL,NULL,NULL,NULL,'N','N',0,NULL,NULL,0);
INSERT INTO SM_FIELD_DEF (TABLE_ID,FIELD_NAME,JP_TITLE,US_TITLE,DB_TYPE,DB_LENGTH,IS_KEY,NOT_BLANK,IS_DUMMY,IS_SEARCH_ITEM,SORT_NO,TREE_LEVEL,SHEET_NO,PAGE_NO,PROPERTY_NO,IS_AUTO,IS_MANDATORY,SYSTEM_READONLY,FIELD_TYPE,FIELD_LENGTH,INPUT_ALPHABET,INPUT_MULTIBYTE,INPUT_NUMERIC,INPUT_SYMBOL,INPUT_UPPERCASE,RETRIEVAL_TABLE,FORMAT,DEFAULT_VALUE,MIN_VALUE,MAX_VALUE,CALENDAR_BUTTON,JUMP_BUTTON,OPEN_BUTTON,REF_TABLE_ID,REF_FIELD_NAME,SPECIAL_BUTTON) VALUES ('TBLID_BRP_INSP_USED','SEQ_NO','SEQ_NO','SEQ_NO','STRING',0,'N','Y','N','Y',-1,-1,0,0,0,'N','N','N','STRING',0,'Y',0,'Y','Y','Y','NONE',NULL,NULL,NULL,NULL,'N','N',0,NULL,NULL,0);
INSERT INTO SM_FIELD_DEF (TABLE_ID,FIELD_NAME,JP_TITLE,US_TITLE,DB_TYPE,DB_LENGTH,IS_KEY,NOT_BLANK,IS_DUMMY,IS_SEARCH_ITEM,SORT_NO,TREE_LEVEL,SHEET_NO,PAGE_NO,PROPERTY_NO,IS_AUTO,IS_MANDATORY,SYSTEM_READONLY,FIELD_TYPE,FIELD_LENGTH,INPUT_ALPHABET,INPUT_MULTIBYTE,INPUT_NUMERIC,INPUT_SYMBOL,INPUT_UPPERCASE,RETRIEVAL_TABLE,FORMAT,DEFAULT_VALUE,MIN_VALUE,MAX_VALUE,CALENDAR_BUTTON,JUMP_BUTTON,OPEN_BUTTON,REF_TABLE_ID,REF_FIELD_NAME,SPECIAL_BUTTON) VALUES ('TBLID_BRP_INSP_USED','RW_SMPL_FLG','RW_SMPL_FLG','RW_SMPL_FLG','STRING',1,'N','N','N','Y',-1,-1,0,0,0,'N','N','N','STRING',0,'Y',0,'Y','Y','Y','NONE',NULL,NULL,NULL,NULL,'N','N',0,NULL,NULL,0);
INSERT INTO SM_FIELD_DEF (TABLE_ID,FIELD_NAME,JP_TITLE,US_TITLE,DB_TYPE,DB_LENGTH,IS_KEY,NOT_BLANK,IS_DUMMY,IS_SEARCH_ITEM,SORT_NO,TREE_LEVEL,SHEET_NO,PAGE_NO,PROPERTY_NO,IS_AUTO,IS_MANDATORY,SYSTEM_READONLY,FIELD_TYPE,FIELD_LENGTH,INPUT_ALPHABET,INPUT_MULTIBYTE,INPUT_NUMERIC,INPUT_SYMBOL,INPUT_UPPERCASE,RETRIEVAL_TABLE,FORMAT,DEFAULT_VALUE,MIN_VALUE,MAX_VALUE,CALENDAR_BUTTON,JUMP_BUTTON,OPEN_BUTTON,REF_TABLE_ID,REF_FIELD_NAME,SPECIAL_BUTTON) VALUES ('TBLID_BRP_INSP_USED','RJCT_ALL_SMPL_FLG','RJCT_ALL_SMPL_FLG','RJCT_ALL_SMPL_FLG','STRING',1,'N','N','N','Y',-1,-1,0,0,0,'N','N','N','STRING',0,'Y',0,'Y','Y','Y','NONE',NULL,NULL,NULL,NULL,'N','N',0,NULL,NULL,0);
INSERT INTO SM_FIELD_DEF (TABLE_ID,FIELD_NAME,JP_TITLE,US_TITLE,DB_TYPE,DB_LENGTH,IS_KEY,NOT_BLANK,IS_DUMMY,IS_SEARCH_ITEM,SORT_NO,TREE_LEVEL,SHEET_NO,PAGE_NO,PROPERTY_NO,IS_AUTO,IS_MANDATORY,SYSTEM_READONLY,FIELD_TYPE,FIELD_LENGTH,INPUT_ALPHABET,INPUT_MULTIBYTE,INPUT_NUMERIC,INPUT_SYMBOL,INPUT_UPPERCASE,RETRIEVAL_TABLE,FORMAT,DEFAULT_VALUE,MIN_VALUE,MAX_VALUE,CALENDAR_BUTTON,JUMP_BUTTON,OPEN_BUTTON,REF_TABLE_ID,REF_FIELD_NAME,SPECIAL_BUTTON) VALUES ('TBLID_BRP_INSP_USED','SWP_BC_SMPL_FLG','SWP_BC_SMPL_FLG','SWP_BC_SMPL_FLG','STRING',1,'N','N','N','Y',-1,-1,0,0,0,'N','N','N','STRING',0,'Y',0,'Y','Y','Y','NONE',NULL,NULL,NULL,NULL,'N','N',0,NULL,NULL,0);
INSERT INTO SM_FIELD_DEF (TABLE_ID,FIELD_NAME,JP_TITLE,US_TITLE,DB_TYPE,DB_LENGTH,IS_KEY,NOT_BLANK,IS_DUMMY,IS_SEARCH_ITEM,SORT_NO,TREE_LEVEL,SHEET_NO,PAGE_NO,PROPERTY_NO,IS_AUTO,IS_MANDATORY,SYSTEM_READONLY,FIELD_TYPE,FIELD_LENGTH,INPUT_ALPHABET,INPUT_MULTIBYTE,INPUT_NUMERIC,INPUT_SYMBOL,INPUT_UPPERCASE,RETRIEVAL_TABLE,FORMAT,DEFAULT_VALUE,MIN_VALUE,MAX_VALUE,CALENDAR_BUTTON,JUMP_BUTTON,OPEN_BUTTON,REF_TABLE_ID,REF_FIELD_NAME,SPECIAL_BUTTON) VALUES ('TBLID_BRP_INSP_USED','SWP_FC_SMPL_FLG','SWP_FC_SMPL_FLG','SWP_FC_SMPL_FLG','STRING',1,'N','N','N','Y',-1,-1,0,0,0,'N','N','N','STRING',0,'Y',0,'Y','Y','Y','NONE',NULL,NULL,NULL,NULL,'N','N',0,NULL,NULL,0);
INSERT INTO SM_FIELD_DEF (TABLE_ID,FIELD_NAME,JP_TITLE,US_TITLE,DB_TYPE,DB_LENGTH,IS_KEY,NOT_BLANK,IS_DUMMY,IS_SEARCH_ITEM,SORT_NO,TREE_LEVEL,SHEET_NO,PAGE_NO,PROPERTY_NO,IS_AUTO,IS_MANDATORY,SYSTEM_READONLY,FIELD_TYPE,FIELD_LENGTH,INPUT_ALPHABET,INPUT_MULTIBYTE,INPUT_NUMERIC,INPUT_SYMBOL,INPUT_UPPERCASE,RETRIEVAL_TABLE,FORMAT,DEFAULT_VALUE,MIN_VALUE,MAX_VALUE,CALENDAR_BUTTON,JUMP_BUTTON,OPEN_BUTTON,REF_TABLE_ID,REF_FIELD_NAME,SPECIAL_BUTTON) VALUES ('TBLID_BRP_INSP_USED','DSP_SMPL_FLG','DSP_SMPL_FLG','DSP_SMPL_FLG','STRING',1,'N','N','N','Y',-1,-1,0,0,0,'N','N','N','STRING',0,'Y',0,'Y','Y','Y','NONE',NULL,NULL,NULL,NULL,'N','N',0,NULL,NULL,0);
INSERT INTO SM_FIELD_DEF (TABLE_ID,FIELD_NAME,JP_TITLE,US_TITLE,DB_TYPE,DB_LENGTH,IS_KEY,NOT_BLANK,IS_DUMMY,IS_SEARCH_ITEM,SORT_NO,TREE_LEVEL,SHEET_NO,PAGE_NO,PROPERTY_NO,IS_AUTO,IS_MANDATORY,SYSTEM_READONLY,FIELD_TYPE,FIELD_LENGTH,INPUT_ALPHABET,INPUT_MULTIBYTE,INPUT_NUMERIC,INPUT_SYMBOL,INPUT_UPPERCASE,RETRIEVAL_TABLE,FORMAT,DEFAULT_VALUE,MIN_VALUE,MAX_VALUE,CALENDAR_BUTTON,JUMP_BUTTON,OPEN_BUTTON,REF_TABLE_ID,REF_FIELD_NAME,SPECIAL_BUTTON) VALUES ('TBLID_BRP_INSP_USED','MEP_SMPL_FLG','MEP_SMPL_FLG','MEP_SMPL_FLG','STRING',1,'N','N','N','Y',-1,-1,0,0,0,'N','N','N','STRING',0,'Y',0,'Y','Y','Y','NONE',NULL,NULL,NULL,NULL,'N','N',0,NULL,NULL,0);
INSERT INTO SM_FIELD_DEF (TABLE_ID,FIELD_NAME,JP_TITLE,US_TITLE,DB_TYPE,DB_LENGTH,IS_KEY,NOT_BLANK,IS_DUMMY,IS_SEARCH_ITEM,SORT_NO,TREE_LEVEL,SHEET_NO,PAGE_NO,PROPERTY_NO,IS_AUTO,IS_MANDATORY,SYSTEM_READONLY,FIELD_TYPE,FIELD_LENGTH,INPUT_ALPHABET,INPUT_MULTIBYTE,INPUT_NUMERIC,INPUT_SYMBOL,INPUT_UPPERCASE,RETRIEVAL_TABLE,FORMAT,DEFAULT_VALUE,MIN_VALUE,MAX_VALUE,CALENDAR_BUTTON,JUMP_BUTTON,OPEN_BUTTON,REF_TABLE_ID,REF_FIELD_NAME,SPECIAL_BUTTON) VALUES ('TBLID_BRP_INSP_USED','RJCT_DIVERT_SMPL_FLG','RJCT_DIVERT_SMPL_FLG','RJCT_DIVERT_SMPL_FLG','STRING',1,'N','N','N','Y',-1,-1,0,0,0,'N','N','N','STRING',0,'Y',0,'Y','Y','Y','NONE',NULL,NULL,NULL,NULL,'N','N',0,NULL,NULL,0);
INSERT INTO SM_CHECK_DEF (TABLE_ID,CHECK_TYPE,CHECK_ORDER,CHECK_KIND,FIELD_NAME,REF_TABLE,REF_FIELD,EXPECT_VALUE,ERR_MSG) VALUES ('TBLID_BRP_INSP_USED','SAVE',1,'STAT_E',NULL,NULL,NULL,NULL,NULL);
INSERT INTO SM_CHECK_DEF (TABLE_ID,CHECK_TYPE,CHECK_ORDER,CHECK_KIND,FIELD_NAME,REF_TABLE,REF_FIELD,EXPECT_VALUE,ERR_MSG) VALUES ('TBLID_BRP_INSP_USED','SAVE',2,'STRING','lock_user',NULL,NULL,'',NULL);
INSERT INTO SM_CHECK_DEF (TABLE_ID,CHECK_TYPE,CHECK_ORDER,CHECK_KIND,FIELD_NAME,REF_TABLE,REF_FIELD,EXPECT_VALUE,ERR_MSG) VALUES ('TBLID_BRP_INSP_USED','SAVE',3,'NULLCHK','lock_time',NULL,NULL,NULL,NULL);
INSERT INTO SM_CHECK_DEF (TABLE_ID,CHECK_TYPE,CHECK_ORDER,CHECK_KIND,FIELD_NAME,REF_TABLE,REF_FIELD,EXPECT_VALUE,ERR_MSG) VALUES ('TBLID_BRP_INSP_USED','RELEASE',1,'STAT_E',NULL,NULL,NULL,NULL,NULL);
INSERT INTO SM_CHECK_DEF (TABLE_ID,CHECK_TYPE,CHECK_ORDER,CHECK_KIND,FIELD_NAME,REF_TABLE,REF_FIELD,EXPECT_VALUE,ERR_MSG) VALUES ('TBLID_BRP_INSP_USED','RELEASE',2,'STRING','lock_user',NULL,NULL,'',NULL);
INSERT INTO SM_CHECK_DEF (TABLE_ID,CHECK_TYPE,CHECK_ORDER,CHECK_KIND,FIELD_NAME,REF_TABLE,REF_FIELD,EXPECT_VALUE,ERR_MSG) VALUES ('TBLID_BRP_INSP_USED','RELEASE',3,'NULLCHK','lock_time',NULL,NULL,NULL,NULL);
INSERT INTO SM_CHECK_DEF (TABLE_ID,CHECK_TYPE,CHECK_ORDER,CHECK_KIND,FIELD_NAME,REF_TABLE,REF_FIELD,EXPECT_VALUE,ERR_MSG) VALUES ('TBLID_BRP_INSP_USED','RELEASE',4,'RELEASE_PARAM','prod_id','D20',NULL,NULL,NULL);
INSERT INTO SM_CHECK_DEF (TABLE_ID,CHECK_TYPE,CHECK_ORDER,CHECK_KIND,FIELD_NAME,REF_TABLE,REF_FIELD,EXPECT_VALUE,ERR_MSG) VALUES ('TBLID_BRP_INSP_USED','RELEASE',5,'RELEASE_PARAM','insp_used_id','D12',NULL,NULL,NULL);
INSERT INTO SM_CHECK_DEF (TABLE_ID,CHECK_TYPE,CHECK_ORDER,CHECK_KIND,FIELD_NAME,REF_TABLE,REF_FIELD,EXPECT_VALUE,ERR_MSG) VALUES ('TBLID_BRP_INSP_USED','RELEASE',6,'RELEASE_WRITE','sp_insp_cat','D1',NULL,NULL,NULL);
INSERT INTO SM_CHECK_DEF (TABLE_ID,CHECK_TYPE,CHECK_ORDER,CHECK_KIND,FIELD_NAME,REF_TABLE,REF_FIELD,EXPECT_VALUE,ERR_MSG) VALUES ('TBLID_BRP_INSP_USED','RELEASE',7,'RELEASE_PARAM','seq_no','D3',NULL,NULL,NULL);
INSERT INTO SM_CHECK_DEF (TABLE_ID,CHECK_TYPE,CHECK_ORDER,CHECK_KIND,FIELD_NAME,REF_TABLE,REF_FIELD,EXPECT_VALUE,ERR_MSG) VALUES ('TBLID_BRP_INSP_USED','RELEASE',8,'RELEASE_WRITE','rw_smpl_flg','D0',NULL,NULL,NULL);
INSERT INTO SM_CHECK_DEF (TABLE_ID,CHECK_TYPE,CHECK_ORDER,CHECK_KIND,FIELD_NAME,REF_TABLE,REF_FIELD,EXPECT_VALUE,ERR_MSG) VALUES ('TBLID_BRP_INSP_USED','RELEASE',9,'RELEASE_WRITE','rjct_all_smpl_flg','D0',NULL,NULL,NULL);
INSERT INTO SM_CHECK_DEF (TABLE_ID,CHECK_TYPE,CHECK_ORDER,CHECK_KIND,FIELD_NAME,REF_TABLE,REF_FIELD,EXPECT_VALUE,ERR_MSG) VALUES ('TBLID_BRP_INSP_USED','RELEASE',10,'RELEASE_WRITE','swp_bc_smpl_flg','D0',NULL,NULL,NULL);
INSERT INTO SM_CHECK_DEF (TABLE_ID,CHECK_TYPE,CHECK_ORDER,CHECK_KIND,FIELD_NAME,REF_TABLE,REF_FIELD,EXPECT_VALUE,ERR_MSG) VALUES ('TBLID_BRP_INSP_USED','RELEASE',11,'RELEASE_WRITE','swp_fc_smpl_flg','D0',NULL,NULL,NULL);
INSERT INTO SM_CHECK_DEF (TABLE_ID,CHECK_TYPE,CHECK_ORDER,CHECK_KIND,FIELD_NAME,REF_TABLE,REF_FIELD,EXPECT_VALUE,ERR_MSG) VALUES ('TBLID_BRP_INSP_USED','RELEASE',12,'RELEASE_WRITE','dsp_smpl_flg','D0',NULL,NULL,NULL);
INSERT INTO SM_CHECK_DEF (TABLE_ID,CHECK_TYPE,CHECK_ORDER,CHECK_KIND,FIELD_NAME,REF_TABLE,REF_FIELD,EXPECT_VALUE,ERR_MSG) VALUES ('TBLID_BRP_INSP_USED','RELEASE',13,'RELEASE_WRITE','mep_smpl_flg','D0',NULL,NULL,NULL);
INSERT INTO SM_CHECK_DEF (TABLE_ID,CHECK_TYPE,CHECK_ORDER,CHECK_KIND,FIELD_NAME,REF_TABLE,REF_FIELD,EXPECT_VALUE,ERR_MSG) VALUES ('TBLID_BRP_INSP_USED','RELEASE',14,'RELEASE_WRITE','rjct_divert_smpl_flg','D0',NULL,NULL,NULL);
INSERT INTO SM_CHECK_DEF (TABLE_ID,CHECK_TYPE,CHECK_ORDER,CHECK_KIND,FIELD_NAME,REF_TABLE,REF_FIELD,EXPECT_VALUE,ERR_MSG) VALUES ('TBLID_BRP_INSP_USED','DELETE',1,'STAT_R',NULL,NULL,NULL,NULL,NULL);
INSERT INTO SM_CHECK_DEF (TABLE_ID,CHECK_TYPE,CHECK_ORDER,CHECK_KIND,FIELD_NAME,REF_TABLE,REF_FIELD,EXPECT_VALUE,ERR_MSG) VALUES ('TBLID_BRP_INSP_USED','DELETE',2,'STRING','lock_user',NULL,NULL,'',NULL);
INSERT INTO SM_CHECK_DEF (TABLE_ID,CHECK_TYPE,CHECK_ORDER,CHECK_KIND,FIELD_NAME,REF_TABLE,REF_FIELD,EXPECT_VALUE,ERR_MSG) VALUES ('TBLID_BRP_INSP_USED','DELETE',3,'NULLCHK','lock_time',NULL,NULL,NULL,NULL);
INSERT INTO SM_CHECK_DEF (TABLE_ID,CHECK_TYPE,CHECK_ORDER,CHECK_KIND,FIELD_NAME,REF_TABLE,REF_FIELD,EXPECT_VALUE,ERR_MSG) VALUES ('TBLID_BRP_INSP_USED','EDITCOMP',1,'STAT_E',NULL,NULL,NULL,NULL,NULL);
INSERT INTO SM_CHECK_DEF (TABLE_ID,CHECK_TYPE,CHECK_ORDER,CHECK_KIND,FIELD_NAME,REF_TABLE,REF_FIELD,EXPECT_VALUE,ERR_MSG) VALUES ('TBLID_BRP_INSP_USED','EDITCOMP',2,'COMP_N',NULL,NULL,NULL,NULL,'记录已编辑完成');

-- BSTG
INSERT INTO SM_TABLE_DEF (TABLE_ID, TABLE_NAME, JP_TITLE, US_TITLE, RELEASE_FLAG, DISTRIBUTE_FLAG, PERMISSION_TYPE, SCHEMA_TYPE, HAS_DUMMY, SORT_NO)
VALUES ('TBLID_BSTG', 'BSTG', 'BSTG', 'BSTG', 'Y', 'N', 'C', 'L', 'Y', 730);
INSERT INTO SM_FIELD_DEF (TABLE_ID,FIELD_NAME,JP_TITLE,US_TITLE,DB_TYPE,DB_LENGTH,IS_KEY,NOT_BLANK,IS_DUMMY,IS_SEARCH_ITEM,SORT_NO,TREE_LEVEL,SHEET_NO,PAGE_NO,PROPERTY_NO,IS_AUTO,IS_MANDATORY,SYSTEM_READONLY,FIELD_TYPE,FIELD_LENGTH,INPUT_ALPHABET,INPUT_MULTIBYTE,INPUT_NUMERIC,INPUT_SYMBOL,INPUT_UPPERCASE,RETRIEVAL_TABLE,FORMAT,DEFAULT_VALUE,MIN_VALUE,MAX_VALUE,CALENDAR_BUTTON,JUMP_BUTTON,OPEN_BUTTON,REF_TABLE_ID,REF_FIELD_NAME,SPECIAL_BUTTON) VALUES ('TBLID_BSTG','STG_ID','STG_ID','STG_ID','STRING',12,'N','Y','N','Y',-1,-1,0,0,0,'N','N','N','STRING',0,'Y',0,'Y','Y','Y','NONE',NULL,NULL,NULL,NULL,'N','N',0,NULL,NULL,0);
INSERT INTO SM_FIELD_DEF (TABLE_ID,FIELD_NAME,JP_TITLE,US_TITLE,DB_TYPE,DB_LENGTH,IS_KEY,NOT_BLANK,IS_DUMMY,IS_SEARCH_ITEM,SORT_NO,TREE_LEVEL,SHEET_NO,PAGE_NO,PROPERTY_NO,IS_AUTO,IS_MANDATORY,SYSTEM_READONLY,FIELD_TYPE,FIELD_LENGTH,INPUT_ALPHABET,INPUT_MULTIBYTE,INPUT_NUMERIC,INPUT_SYMBOL,INPUT_UPPERCASE,RETRIEVAL_TABLE,FORMAT,DEFAULT_VALUE,MIN_VALUE,MAX_VALUE,CALENDAR_BUTTON,JUMP_BUTTON,OPEN_BUTTON,REF_TABLE_ID,REF_FIELD_NAME,SPECIAL_BUTTON) VALUES ('TBLID_BSTG','STG_NAME','STG_NAME','STG_NAME','STRING',40,'N','Y','N','Y',-1,-1,0,0,0,'N','N','N','STRING',0,'Y',0,'Y','Y','Y','NONE',NULL,NULL,NULL,NULL,'N','N',0,NULL,NULL,0);
INSERT INTO SM_FIELD_DEF (TABLE_ID,FIELD_NAME,JP_TITLE,US_TITLE,DB_TYPE,DB_LENGTH,IS_KEY,NOT_BLANK,IS_DUMMY,IS_SEARCH_ITEM,SORT_NO,TREE_LEVEL,SHEET_NO,PAGE_NO,PROPERTY_NO,IS_AUTO,IS_MANDATORY,SYSTEM_READONLY,FIELD_TYPE,FIELD_LENGTH,INPUT_ALPHABET,INPUT_MULTIBYTE,INPUT_NUMERIC,INPUT_SYMBOL,INPUT_UPPERCASE,RETRIEVAL_TABLE,FORMAT,DEFAULT_VALUE,MIN_VALUE,MAX_VALUE,CALENDAR_BUTTON,JUMP_BUTTON,OPEN_BUTTON,REF_TABLE_ID,REF_FIELD_NAME,SPECIAL_BUTTON) VALUES ('TBLID_BSTG','STG_DESC','STG_DESC','STG_DESC','STRING',80,'N','Y','N','Y',-1,-1,0,0,0,'N','N','N','STRING',0,'Y',0,'Y','Y','Y','NONE',NULL,NULL,NULL,NULL,'N','N',0,NULL,NULL,0);
INSERT INTO SM_FIELD_DEF (TABLE_ID,FIELD_NAME,JP_TITLE,US_TITLE,DB_TYPE,DB_LENGTH,IS_KEY,NOT_BLANK,IS_DUMMY,IS_SEARCH_ITEM,SORT_NO,TREE_LEVEL,SHEET_NO,PAGE_NO,PROPERTY_NO,IS_AUTO,IS_MANDATORY,SYSTEM_READONLY,FIELD_TYPE,FIELD_LENGTH,INPUT_ALPHABET,INPUT_MULTIBYTE,INPUT_NUMERIC,INPUT_SYMBOL,INPUT_UPPERCASE,RETRIEVAL_TABLE,FORMAT,DEFAULT_VALUE,MIN_VALUE,MAX_VALUE,CALENDAR_BUTTON,JUMP_BUTTON,OPEN_BUTTON,REF_TABLE_ID,REF_FIELD_NAME,SPECIAL_BUTTON) VALUES ('TBLID_BSTG','STG_PROPERTY','STG_PROPERTY','STG_PROPERTY','STRING',10,'N','Y','N','Y',-1,-1,0,0,0,'N','N','N','STRING',0,'Y',0,'Y','Y','Y','NONE',NULL,NULL,NULL,NULL,'N','N',0,NULL,NULL,0);
INSERT INTO SM_CHECK_DEF (TABLE_ID,CHECK_TYPE,CHECK_ORDER,CHECK_KIND,FIELD_NAME,REF_TABLE,REF_FIELD,EXPECT_VALUE,ERR_MSG) VALUES ('TBLID_BSTG','SAVE',1,'STAT_E',NULL,NULL,NULL,NULL,NULL);
INSERT INTO SM_CHECK_DEF (TABLE_ID,CHECK_TYPE,CHECK_ORDER,CHECK_KIND,FIELD_NAME,REF_TABLE,REF_FIELD,EXPECT_VALUE,ERR_MSG) VALUES ('TBLID_BSTG','SAVE',2,'STRING','lock_user',NULL,NULL,'',NULL);
INSERT INTO SM_CHECK_DEF (TABLE_ID,CHECK_TYPE,CHECK_ORDER,CHECK_KIND,FIELD_NAME,REF_TABLE,REF_FIELD,EXPECT_VALUE,ERR_MSG) VALUES ('TBLID_BSTG','SAVE',3,'NULLCHK','lock_time',NULL,NULL,NULL,NULL);
INSERT INTO SM_CHECK_DEF (TABLE_ID,CHECK_TYPE,CHECK_ORDER,CHECK_KIND,FIELD_NAME,REF_TABLE,REF_FIELD,EXPECT_VALUE,ERR_MSG) VALUES ('TBLID_BSTG','RELEASE',1,'STAT_E',NULL,NULL,NULL,NULL,NULL);
INSERT INTO SM_CHECK_DEF (TABLE_ID,CHECK_TYPE,CHECK_ORDER,CHECK_KIND,FIELD_NAME,REF_TABLE,REF_FIELD,EXPECT_VALUE,ERR_MSG) VALUES ('TBLID_BSTG','RELEASE',2,'STRING','lock_user',NULL,NULL,'',NULL);
INSERT INTO SM_CHECK_DEF (TABLE_ID,CHECK_TYPE,CHECK_ORDER,CHECK_KIND,FIELD_NAME,REF_TABLE,REF_FIELD,EXPECT_VALUE,ERR_MSG) VALUES ('TBLID_BSTG','RELEASE',3,'NULLCHK','lock_time',NULL,NULL,NULL,NULL);
INSERT INTO SM_CHECK_DEF (TABLE_ID,CHECK_TYPE,CHECK_ORDER,CHECK_KIND,FIELD_NAME,REF_TABLE,REF_FIELD,EXPECT_VALUE,ERR_MSG) VALUES ('TBLID_BSTG','RELEASE',4,'RELEASE_PARAM','stg_id','D12',NULL,NULL,NULL);
INSERT INTO SM_CHECK_DEF (TABLE_ID,CHECK_TYPE,CHECK_ORDER,CHECK_KIND,FIELD_NAME,REF_TABLE,REF_FIELD,EXPECT_VALUE,ERR_MSG) VALUES ('TBLID_BSTG','RELEASE',5,'RELEASE_WRITE','stg_name','D0',NULL,NULL,NULL);
INSERT INTO SM_CHECK_DEF (TABLE_ID,CHECK_TYPE,CHECK_ORDER,CHECK_KIND,FIELD_NAME,REF_TABLE,REF_FIELD,EXPECT_VALUE,ERR_MSG) VALUES ('TBLID_BSTG','RELEASE',6,'RELEASE_WRITE','stg_desc','D0',NULL,NULL,NULL);
INSERT INTO SM_CHECK_DEF (TABLE_ID,CHECK_TYPE,CHECK_ORDER,CHECK_KIND,FIELD_NAME,REF_TABLE,REF_FIELD,EXPECT_VALUE,ERR_MSG) VALUES ('TBLID_BSTG','RELEASE',7,'RELEASE_WRITE','stg_property','D0',NULL,NULL,NULL);
INSERT INTO SM_CHECK_DEF (TABLE_ID,CHECK_TYPE,CHECK_ORDER,CHECK_KIND,FIELD_NAME,REF_TABLE,REF_FIELD,EXPECT_VALUE,ERR_MSG) VALUES ('TBLID_BSTG','DELETE',1,'STAT_R',NULL,NULL,NULL,NULL,NULL);
INSERT INTO SM_CHECK_DEF (TABLE_ID,CHECK_TYPE,CHECK_ORDER,CHECK_KIND,FIELD_NAME,REF_TABLE,REF_FIELD,EXPECT_VALUE,ERR_MSG) VALUES ('TBLID_BSTG','DELETE',2,'STRING','lock_user',NULL,NULL,'',NULL);
INSERT INTO SM_CHECK_DEF (TABLE_ID,CHECK_TYPE,CHECK_ORDER,CHECK_KIND,FIELD_NAME,REF_TABLE,REF_FIELD,EXPECT_VALUE,ERR_MSG) VALUES ('TBLID_BSTG','DELETE',3,'NULLCHK','lock_time',NULL,NULL,NULL,NULL);
INSERT INTO SM_CHECK_DEF (TABLE_ID,CHECK_TYPE,CHECK_ORDER,CHECK_KIND,FIELD_NAME,REF_TABLE,REF_FIELD,EXPECT_VALUE,ERR_MSG) VALUES ('TBLID_BSTG','DELETE',4,'KEY','stg_id','0','',NULL,NULL);
INSERT INTO SM_CHECK_DEF (TABLE_ID,CHECK_TYPE,CHECK_ORDER,CHECK_KIND,FIELD_NAME,REF_TABLE,REF_FIELD,EXPECT_VALUE,ERR_MSG) VALUES ('TBLID_BSTG','DELETE',5,'STAT_R',NULL,NULL,NULL,NULL,NULL);
INSERT INTO SM_CHECK_DEF (TABLE_ID,CHECK_TYPE,CHECK_ORDER,CHECK_KIND,FIELD_NAME,REF_TABLE,REF_FIELD,EXPECT_VALUE,ERR_MSG) VALUES ('TBLID_BSTG','DELETE',6,'KEY','stg_id','0','',NULL,NULL);
INSERT INTO SM_CHECK_DEF (TABLE_ID,CHECK_TYPE,CHECK_ORDER,CHECK_KIND,FIELD_NAME,REF_TABLE,REF_FIELD,EXPECT_VALUE,ERR_MSG) VALUES ('TBLID_BSTG','DELETE',7,'STAT_R',NULL,NULL,NULL,NULL,NULL);
INSERT INTO SM_CHECK_DEF (TABLE_ID,CHECK_TYPE,CHECK_ORDER,CHECK_KIND,FIELD_NAME,REF_TABLE,REF_FIELD,EXPECT_VALUE,ERR_MSG) VALUES ('TBLID_BSTG','EDITCOMP',1,'STAT_E',NULL,NULL,NULL,NULL,NULL);
INSERT INTO SM_CHECK_DEF (TABLE_ID,CHECK_TYPE,CHECK_ORDER,CHECK_KIND,FIELD_NAME,REF_TABLE,REF_FIELD,EXPECT_VALUE,ERR_MSG) VALUES ('TBLID_BSTG','EDITCOMP',2,'COMP_N',NULL,NULL,NULL,NULL,'记录已编辑完成');

-- BSTGG
INSERT INTO SM_TABLE_DEF (TABLE_ID, TABLE_NAME, JP_TITLE, US_TITLE, RELEASE_FLAG, DISTRIBUTE_FLAG, PERMISSION_TYPE, SCHEMA_TYPE, HAS_DUMMY, SORT_NO)
VALUES ('TBLID_BSTGG', 'BSTGG', 'BSTGG', 'BSTGG', 'Y', 'N', 'C', 'L', 'Y', 740);
INSERT INTO SM_FIELD_DEF (TABLE_ID,FIELD_NAME,JP_TITLE,US_TITLE,DB_TYPE,DB_LENGTH,IS_KEY,NOT_BLANK,IS_DUMMY,IS_SEARCH_ITEM,SORT_NO,TREE_LEVEL,SHEET_NO,PAGE_NO,PROPERTY_NO,IS_AUTO,IS_MANDATORY,SYSTEM_READONLY,FIELD_TYPE,FIELD_LENGTH,INPUT_ALPHABET,INPUT_MULTIBYTE,INPUT_NUMERIC,INPUT_SYMBOL,INPUT_UPPERCASE,RETRIEVAL_TABLE,FORMAT,DEFAULT_VALUE,MIN_VALUE,MAX_VALUE,CALENDAR_BUTTON,JUMP_BUTTON,OPEN_BUTTON,REF_TABLE_ID,REF_FIELD_NAME,SPECIAL_BUTTON) VALUES ('TBLID_BSTGG','STGG_ID','STGG_ID','STGG_ID','STRING',12,'N','Y','N','Y',-1,-1,0,0,0,'N','N','N','STRING',0,'Y',0,'Y','Y','Y','NONE',NULL,NULL,NULL,NULL,'N','N',0,NULL,NULL,0);
INSERT INTO SM_FIELD_DEF (TABLE_ID,FIELD_NAME,JP_TITLE,US_TITLE,DB_TYPE,DB_LENGTH,IS_KEY,NOT_BLANK,IS_DUMMY,IS_SEARCH_ITEM,SORT_NO,TREE_LEVEL,SHEET_NO,PAGE_NO,PROPERTY_NO,IS_AUTO,IS_MANDATORY,SYSTEM_READONLY,FIELD_TYPE,FIELD_LENGTH,INPUT_ALPHABET,INPUT_MULTIBYTE,INPUT_NUMERIC,INPUT_SYMBOL,INPUT_UPPERCASE,RETRIEVAL_TABLE,FORMAT,DEFAULT_VALUE,MIN_VALUE,MAX_VALUE,CALENDAR_BUTTON,JUMP_BUTTON,OPEN_BUTTON,REF_TABLE_ID,REF_FIELD_NAME,SPECIAL_BUTTON) VALUES ('TBLID_BSTGG','STGG_NAME','STGG_NAME','STGG_NAME','STRING',40,'N','Y','N','Y',-1,-1,0,0,0,'N','N','N','STRING',0,'Y',0,'Y','Y','Y','NONE',NULL,NULL,NULL,NULL,'N','N',0,NULL,NULL,0);
INSERT INTO SM_FIELD_DEF (TABLE_ID,FIELD_NAME,JP_TITLE,US_TITLE,DB_TYPE,DB_LENGTH,IS_KEY,NOT_BLANK,IS_DUMMY,IS_SEARCH_ITEM,SORT_NO,TREE_LEVEL,SHEET_NO,PAGE_NO,PROPERTY_NO,IS_AUTO,IS_MANDATORY,SYSTEM_READONLY,FIELD_TYPE,FIELD_LENGTH,INPUT_ALPHABET,INPUT_MULTIBYTE,INPUT_NUMERIC,INPUT_SYMBOL,INPUT_UPPERCASE,RETRIEVAL_TABLE,FORMAT,DEFAULT_VALUE,MIN_VALUE,MAX_VALUE,CALENDAR_BUTTON,JUMP_BUTTON,OPEN_BUTTON,REF_TABLE_ID,REF_FIELD_NAME,SPECIAL_BUTTON) VALUES ('TBLID_BSTGG','STGG_DESC','STGG_DESC','STGG_DESC','STRING',80,'N','Y','N','Y',-1,-1,0,0,0,'N','N','N','STRING',0,'Y',0,'Y','Y','Y','NONE',NULL,NULL,NULL,NULL,'N','N',0,NULL,NULL,0);
INSERT INTO SM_FIELD_DEF (TABLE_ID,FIELD_NAME,JP_TITLE,US_TITLE,DB_TYPE,DB_LENGTH,IS_KEY,NOT_BLANK,IS_DUMMY,IS_SEARCH_ITEM,SORT_NO,TREE_LEVEL,SHEET_NO,PAGE_NO,PROPERTY_NO,IS_AUTO,IS_MANDATORY,SYSTEM_READONLY,FIELD_TYPE,FIELD_LENGTH,INPUT_ALPHABET,INPUT_MULTIBYTE,INPUT_NUMERIC,INPUT_SYMBOL,INPUT_UPPERCASE,RETRIEVAL_TABLE,FORMAT,DEFAULT_VALUE,MIN_VALUE,MAX_VALUE,CALENDAR_BUTTON,JUMP_BUTTON,OPEN_BUTTON,REF_TABLE_ID,REF_FIELD_NAME,SPECIAL_BUTTON) VALUES ('TBLID_BSTGG','STGG_CAT','STGG_CAT','STGG_CAT','STRING',10,'N','Y','N','Y',-1,-1,0,0,0,'N','N','N','STRING',0,'Y',0,'Y','Y','Y','NONE',NULL,NULL,NULL,NULL,'N','N',0,NULL,NULL,0);
INSERT INTO SM_FIELD_DEF (TABLE_ID,FIELD_NAME,JP_TITLE,US_TITLE,DB_TYPE,DB_LENGTH,IS_KEY,NOT_BLANK,IS_DUMMY,IS_SEARCH_ITEM,SORT_NO,TREE_LEVEL,SHEET_NO,PAGE_NO,PROPERTY_NO,IS_AUTO,IS_MANDATORY,SYSTEM_READONLY,FIELD_TYPE,FIELD_LENGTH,INPUT_ALPHABET,INPUT_MULTIBYTE,INPUT_NUMERIC,INPUT_SYMBOL,INPUT_UPPERCASE,RETRIEVAL_TABLE,FORMAT,DEFAULT_VALUE,MIN_VALUE,MAX_VALUE,CALENDAR_BUTTON,JUMP_BUTTON,OPEN_BUTTON,REF_TABLE_ID,REF_FIELD_NAME,SPECIAL_BUTTON) VALUES ('TBLID_BSTGG','STGG_INCAT_SEQ_NO','STGG_INCAT_SEQ_NO','STGG_INCAT_SEQ_NO','STRING',0,'N','Y','N','Y',-1,-1,0,0,0,'N','N','N','STRING',0,'Y',0,'Y','Y','Y','NONE',NULL,NULL,NULL,NULL,'N','N',0,NULL,NULL,0);
INSERT INTO SM_CHECK_DEF (TABLE_ID,CHECK_TYPE,CHECK_ORDER,CHECK_KIND,FIELD_NAME,REF_TABLE,REF_FIELD,EXPECT_VALUE,ERR_MSG) VALUES ('TBLID_BSTGG','SAVE',1,'STAT_E',NULL,NULL,NULL,NULL,NULL);
INSERT INTO SM_CHECK_DEF (TABLE_ID,CHECK_TYPE,CHECK_ORDER,CHECK_KIND,FIELD_NAME,REF_TABLE,REF_FIELD,EXPECT_VALUE,ERR_MSG) VALUES ('TBLID_BSTGG','SAVE',2,'STRING','lock_user',NULL,NULL,'',NULL);
INSERT INTO SM_CHECK_DEF (TABLE_ID,CHECK_TYPE,CHECK_ORDER,CHECK_KIND,FIELD_NAME,REF_TABLE,REF_FIELD,EXPECT_VALUE,ERR_MSG) VALUES ('TBLID_BSTGG','SAVE',3,'NULLCHK','lock_time',NULL,NULL,NULL,NULL);
INSERT INTO SM_CHECK_DEF (TABLE_ID,CHECK_TYPE,CHECK_ORDER,CHECK_KIND,FIELD_NAME,REF_TABLE,REF_FIELD,EXPECT_VALUE,ERR_MSG) VALUES ('TBLID_BSTGG','RELEASE',1,'STAT_E',NULL,NULL,NULL,NULL,NULL);
INSERT INTO SM_CHECK_DEF (TABLE_ID,CHECK_TYPE,CHECK_ORDER,CHECK_KIND,FIELD_NAME,REF_TABLE,REF_FIELD,EXPECT_VALUE,ERR_MSG) VALUES ('TBLID_BSTGG','RELEASE',2,'STRING','lock_user',NULL,NULL,'',NULL);
INSERT INTO SM_CHECK_DEF (TABLE_ID,CHECK_TYPE,CHECK_ORDER,CHECK_KIND,FIELD_NAME,REF_TABLE,REF_FIELD,EXPECT_VALUE,ERR_MSG) VALUES ('TBLID_BSTGG','RELEASE',3,'NULLCHK','lock_time',NULL,NULL,NULL,NULL);
INSERT INTO SM_CHECK_DEF (TABLE_ID,CHECK_TYPE,CHECK_ORDER,CHECK_KIND,FIELD_NAME,REF_TABLE,REF_FIELD,EXPECT_VALUE,ERR_MSG) VALUES ('TBLID_BSTGG','RELEASE',4,'RELEASE_PARAM','stgg_id','D12',NULL,NULL,NULL);
INSERT INTO SM_CHECK_DEF (TABLE_ID,CHECK_TYPE,CHECK_ORDER,CHECK_KIND,FIELD_NAME,REF_TABLE,REF_FIELD,EXPECT_VALUE,ERR_MSG) VALUES ('TBLID_BSTGG','RELEASE',5,'RELEASE_WRITE','stgg_name','D0',NULL,NULL,NULL);
INSERT INTO SM_CHECK_DEF (TABLE_ID,CHECK_TYPE,CHECK_ORDER,CHECK_KIND,FIELD_NAME,REF_TABLE,REF_FIELD,EXPECT_VALUE,ERR_MSG) VALUES ('TBLID_BSTGG','RELEASE',6,'RELEASE_WRITE','stgg_desc','D0',NULL,NULL,NULL);
INSERT INTO SM_CHECK_DEF (TABLE_ID,CHECK_TYPE,CHECK_ORDER,CHECK_KIND,FIELD_NAME,REF_TABLE,REF_FIELD,EXPECT_VALUE,ERR_MSG) VALUES ('TBLID_BSTGG','RELEASE',7,'RELEASE_WRITE','stgg_cat','D0',NULL,NULL,NULL);
INSERT INTO SM_CHECK_DEF (TABLE_ID,CHECK_TYPE,CHECK_ORDER,CHECK_KIND,FIELD_NAME,REF_TABLE,REF_FIELD,EXPECT_VALUE,ERR_MSG) VALUES ('TBLID_BSTGG','RELEASE',8,'RELEASE_WRITE','stgg_incat_seq_no','D0',NULL,NULL,NULL);
INSERT INTO SM_CHECK_DEF (TABLE_ID,CHECK_TYPE,CHECK_ORDER,CHECK_KIND,FIELD_NAME,REF_TABLE,REF_FIELD,EXPECT_VALUE,ERR_MSG) VALUES ('TBLID_BSTGG','DELETE',1,'STAT_R',NULL,NULL,NULL,NULL,NULL);
INSERT INTO SM_CHECK_DEF (TABLE_ID,CHECK_TYPE,CHECK_ORDER,CHECK_KIND,FIELD_NAME,REF_TABLE,REF_FIELD,EXPECT_VALUE,ERR_MSG) VALUES ('TBLID_BSTGG','DELETE',2,'STRING','lock_user',NULL,NULL,'',NULL);
INSERT INTO SM_CHECK_DEF (TABLE_ID,CHECK_TYPE,CHECK_ORDER,CHECK_KIND,FIELD_NAME,REF_TABLE,REF_FIELD,EXPECT_VALUE,ERR_MSG) VALUES ('TBLID_BSTGG','DELETE',3,'NULLCHK','lock_time',NULL,NULL,NULL,NULL);
INSERT INTO SM_CHECK_DEF (TABLE_ID,CHECK_TYPE,CHECK_ORDER,CHECK_KIND,FIELD_NAME,REF_TABLE,REF_FIELD,EXPECT_VALUE,ERR_MSG) VALUES ('TBLID_BSTGG','EDITCOMP',1,'STAT_E',NULL,NULL,NULL,NULL,NULL);
INSERT INTO SM_CHECK_DEF (TABLE_ID,CHECK_TYPE,CHECK_ORDER,CHECK_KIND,FIELD_NAME,REF_TABLE,REF_FIELD,EXPECT_VALUE,ERR_MSG) VALUES ('TBLID_BSTGG','EDITCOMP',2,'COMP_N',NULL,NULL,NULL,NULL,'记录已编辑完成');

-- BSTGG_STG
INSERT INTO SM_TABLE_DEF (TABLE_ID, TABLE_NAME, JP_TITLE, US_TITLE, RELEASE_FLAG, DISTRIBUTE_FLAG, PERMISSION_TYPE, SCHEMA_TYPE, HAS_DUMMY, SORT_NO)
VALUES ('TBLID_BSTGG_STG', 'BSTGG_STG', 'BSTGG_STG', 'BSTGG_STG', 'Y', 'N', 'C', 'L', 'N', 750);
INSERT INTO SM_FIELD_DEF (TABLE_ID,FIELD_NAME,JP_TITLE,US_TITLE,DB_TYPE,DB_LENGTH,IS_KEY,NOT_BLANK,IS_DUMMY,IS_SEARCH_ITEM,SORT_NO,TREE_LEVEL,SHEET_NO,PAGE_NO,PROPERTY_NO,IS_AUTO,IS_MANDATORY,SYSTEM_READONLY,FIELD_TYPE,FIELD_LENGTH,INPUT_ALPHABET,INPUT_MULTIBYTE,INPUT_NUMERIC,INPUT_SYMBOL,INPUT_UPPERCASE,RETRIEVAL_TABLE,FORMAT,DEFAULT_VALUE,MIN_VALUE,MAX_VALUE,CALENDAR_BUTTON,JUMP_BUTTON,OPEN_BUTTON,REF_TABLE_ID,REF_FIELD_NAME,SPECIAL_BUTTON) VALUES ('TBLID_BSTGG_STG','STGG_ID','STGG_ID','STGG_ID','STRING',12,'N','Y','N','Y',-1,-1,0,0,0,'N','N','N','STRING',0,'Y',0,'Y','Y','Y','NONE',NULL,NULL,NULL,NULL,'N','N',0,NULL,NULL,0);
INSERT INTO SM_FIELD_DEF (TABLE_ID,FIELD_NAME,JP_TITLE,US_TITLE,DB_TYPE,DB_LENGTH,IS_KEY,NOT_BLANK,IS_DUMMY,IS_SEARCH_ITEM,SORT_NO,TREE_LEVEL,SHEET_NO,PAGE_NO,PROPERTY_NO,IS_AUTO,IS_MANDATORY,SYSTEM_READONLY,FIELD_TYPE,FIELD_LENGTH,INPUT_ALPHABET,INPUT_MULTIBYTE,INPUT_NUMERIC,INPUT_SYMBOL,INPUT_UPPERCASE,RETRIEVAL_TABLE,FORMAT,DEFAULT_VALUE,MIN_VALUE,MAX_VALUE,CALENDAR_BUTTON,JUMP_BUTTON,OPEN_BUTTON,REF_TABLE_ID,REF_FIELD_NAME,SPECIAL_BUTTON) VALUES ('TBLID_BSTGG_STG','STG_ID','STG_ID','STG_ID','STRING',12,'N','Y','N','Y',-1,-1,0,0,0,'N','N','N','STRING',0,'Y',0,'Y','Y','Y','NONE',NULL,NULL,NULL,NULL,'N','N',0,NULL,NULL,0);
INSERT INTO SM_FIELD_DEF (TABLE_ID,FIELD_NAME,JP_TITLE,US_TITLE,DB_TYPE,DB_LENGTH,IS_KEY,NOT_BLANK,IS_DUMMY,IS_SEARCH_ITEM,SORT_NO,TREE_LEVEL,SHEET_NO,PAGE_NO,PROPERTY_NO,IS_AUTO,IS_MANDATORY,SYSTEM_READONLY,FIELD_TYPE,FIELD_LENGTH,INPUT_ALPHABET,INPUT_MULTIBYTE,INPUT_NUMERIC,INPUT_SYMBOL,INPUT_UPPERCASE,RETRIEVAL_TABLE,FORMAT,DEFAULT_VALUE,MIN_VALUE,MAX_VALUE,CALENDAR_BUTTON,JUMP_BUTTON,OPEN_BUTTON,REF_TABLE_ID,REF_FIELD_NAME,SPECIAL_BUTTON) VALUES ('TBLID_BSTGG_STG','ITEM_SEQ_NO','ITEM_SEQ_NO','ITEM_SEQ_NO','STRING',0,'N','Y','N','Y',-1,-1,0,0,0,'N','N','N','STRING',0,'Y',0,'Y','Y','Y','NONE',NULL,NULL,NULL,NULL,'N','N',0,NULL,NULL,0);
INSERT INTO SM_CHECK_DEF (TABLE_ID,CHECK_TYPE,CHECK_ORDER,CHECK_KIND,FIELD_NAME,REF_TABLE,REF_FIELD,EXPECT_VALUE,ERR_MSG) VALUES ('TBLID_BSTGG_STG','SAVE',1,'STAT_E',NULL,NULL,NULL,NULL,NULL);
INSERT INTO SM_CHECK_DEF (TABLE_ID,CHECK_TYPE,CHECK_ORDER,CHECK_KIND,FIELD_NAME,REF_TABLE,REF_FIELD,EXPECT_VALUE,ERR_MSG) VALUES ('TBLID_BSTGG_STG','SAVE',2,'STRING','lock_user',NULL,NULL,'',NULL);
INSERT INTO SM_CHECK_DEF (TABLE_ID,CHECK_TYPE,CHECK_ORDER,CHECK_KIND,FIELD_NAME,REF_TABLE,REF_FIELD,EXPECT_VALUE,ERR_MSG) VALUES ('TBLID_BSTGG_STG','SAVE',3,'NULLCHK','lock_time',NULL,NULL,NULL,NULL);
INSERT INTO SM_CHECK_DEF (TABLE_ID,CHECK_TYPE,CHECK_ORDER,CHECK_KIND,FIELD_NAME,REF_TABLE,REF_FIELD,EXPECT_VALUE,ERR_MSG) VALUES ('TBLID_BSTGG_STG','SAVE',4,'KEY','stg_id','0','',NULL,NULL);
INSERT INTO SM_CHECK_DEF (TABLE_ID,CHECK_TYPE,CHECK_ORDER,CHECK_KIND,FIELD_NAME,REF_TABLE,REF_FIELD,EXPECT_VALUE,ERR_MSG) VALUES ('TBLID_BSTGG_STG','RELEASE',1,'STAT_E',NULL,NULL,NULL,NULL,NULL);
INSERT INTO SM_CHECK_DEF (TABLE_ID,CHECK_TYPE,CHECK_ORDER,CHECK_KIND,FIELD_NAME,REF_TABLE,REF_FIELD,EXPECT_VALUE,ERR_MSG) VALUES ('TBLID_BSTGG_STG','RELEASE',2,'STRING','lock_user',NULL,NULL,'',NULL);
INSERT INTO SM_CHECK_DEF (TABLE_ID,CHECK_TYPE,CHECK_ORDER,CHECK_KIND,FIELD_NAME,REF_TABLE,REF_FIELD,EXPECT_VALUE,ERR_MSG) VALUES ('TBLID_BSTGG_STG','RELEASE',3,'NULLCHK','lock_time',NULL,NULL,NULL,NULL);
INSERT INTO SM_CHECK_DEF (TABLE_ID,CHECK_TYPE,CHECK_ORDER,CHECK_KIND,FIELD_NAME,REF_TABLE,REF_FIELD,EXPECT_VALUE,ERR_MSG) VALUES ('TBLID_BSTGG_STG','RELEASE',4,'KEY','stg_id','0','',NULL,NULL);
INSERT INTO SM_CHECK_DEF (TABLE_ID,CHECK_TYPE,CHECK_ORDER,CHECK_KIND,FIELD_NAME,REF_TABLE,REF_FIELD,EXPECT_VALUE,ERR_MSG) VALUES ('TBLID_BSTGG_STG','RELEASE',5,'STAT_R',NULL,NULL,NULL,NULL,NULL);
INSERT INTO SM_CHECK_DEF (TABLE_ID,CHECK_TYPE,CHECK_ORDER,CHECK_KIND,FIELD_NAME,REF_TABLE,REF_FIELD,EXPECT_VALUE,ERR_MSG) VALUES ('TBLID_BSTGG_STG','RELEASE',6,'RELEASE_PARAM','stgg_id','D12',NULL,NULL,NULL);
INSERT INTO SM_CHECK_DEF (TABLE_ID,CHECK_TYPE,CHECK_ORDER,CHECK_KIND,FIELD_NAME,REF_TABLE,REF_FIELD,EXPECT_VALUE,ERR_MSG) VALUES ('TBLID_BSTGG_STG','RELEASE',7,'RELEASE_WRITE','stg_id','D0',NULL,NULL,NULL);
INSERT INTO SM_CHECK_DEF (TABLE_ID,CHECK_TYPE,CHECK_ORDER,CHECK_KIND,FIELD_NAME,REF_TABLE,REF_FIELD,EXPECT_VALUE,ERR_MSG) VALUES ('TBLID_BSTGG_STG','RELEASE',8,'RELEASE_WRITE','item_seq_no','D0',NULL,NULL,NULL);
INSERT INTO SM_CHECK_DEF (TABLE_ID,CHECK_TYPE,CHECK_ORDER,CHECK_KIND,FIELD_NAME,REF_TABLE,REF_FIELD,EXPECT_VALUE,ERR_MSG) VALUES ('TBLID_BSTGG_STG','DELETE',1,'STAT_R',NULL,NULL,NULL,NULL,NULL);
INSERT INTO SM_CHECK_DEF (TABLE_ID,CHECK_TYPE,CHECK_ORDER,CHECK_KIND,FIELD_NAME,REF_TABLE,REF_FIELD,EXPECT_VALUE,ERR_MSG) VALUES ('TBLID_BSTGG_STG','DELETE',2,'STRING','lock_user',NULL,NULL,'',NULL);
INSERT INTO SM_CHECK_DEF (TABLE_ID,CHECK_TYPE,CHECK_ORDER,CHECK_KIND,FIELD_NAME,REF_TABLE,REF_FIELD,EXPECT_VALUE,ERR_MSG) VALUES ('TBLID_BSTGG_STG','DELETE',3,'NULLCHK','lock_time',NULL,NULL,NULL,NULL);
INSERT INTO SM_CHECK_DEF (TABLE_ID,CHECK_TYPE,CHECK_ORDER,CHECK_KIND,FIELD_NAME,REF_TABLE,REF_FIELD,EXPECT_VALUE,ERR_MSG) VALUES ('TBLID_BSTGG_STG','EDITCOMP',1,'STAT_E',NULL,NULL,NULL,NULL,NULL);
INSERT INTO SM_CHECK_DEF (TABLE_ID,CHECK_TYPE,CHECK_ORDER,CHECK_KIND,FIELD_NAME,REF_TABLE,REF_FIELD,EXPECT_VALUE,ERR_MSG) VALUES ('TBLID_BSTGG_STG','EDITCOMP',2,'COMP_N',NULL,NULL,NULL,NULL,'记录已编辑完成');

-- BSTK
INSERT INTO SM_TABLE_DEF (TABLE_ID, TABLE_NAME, JP_TITLE, US_TITLE, RELEASE_FLAG, DISTRIBUTE_FLAG, PERMISSION_TYPE, SCHEMA_TYPE, HAS_DUMMY, SORT_NO)
VALUES ('TBLID_BSTK', 'BSTK', 'BSTK', 'BSTK', 'Y', 'N', 'C', 'L', 'N', 760);
INSERT INTO SM_FIELD_DEF (TABLE_ID,FIELD_NAME,JP_TITLE,US_TITLE,DB_TYPE,DB_LENGTH,IS_KEY,NOT_BLANK,IS_DUMMY,IS_SEARCH_ITEM,SORT_NO,TREE_LEVEL,SHEET_NO,PAGE_NO,PROPERTY_NO,IS_AUTO,IS_MANDATORY,SYSTEM_READONLY,FIELD_TYPE,FIELD_LENGTH,INPUT_ALPHABET,INPUT_MULTIBYTE,INPUT_NUMERIC,INPUT_SYMBOL,INPUT_UPPERCASE,RETRIEVAL_TABLE,FORMAT,DEFAULT_VALUE,MIN_VALUE,MAX_VALUE,CALENDAR_BUTTON,JUMP_BUTTON,OPEN_BUTTON,REF_TABLE_ID,REF_FIELD_NAME,SPECIAL_BUTTON) VALUES ('TBLID_BSTK','STK_ID','STK_ID','STK_ID','STRING',10,'N','Y','N','Y',-1,-1,0,0,0,'N','N','N','STRING',0,'Y',0,'Y','Y','Y','NONE',NULL,NULL,NULL,NULL,'N','N',0,NULL,NULL,0);
INSERT INTO SM_FIELD_DEF (TABLE_ID,FIELD_NAME,JP_TITLE,US_TITLE,DB_TYPE,DB_LENGTH,IS_KEY,NOT_BLANK,IS_DUMMY,IS_SEARCH_ITEM,SORT_NO,TREE_LEVEL,SHEET_NO,PAGE_NO,PROPERTY_NO,IS_AUTO,IS_MANDATORY,SYSTEM_READONLY,FIELD_TYPE,FIELD_LENGTH,INPUT_ALPHABET,INPUT_MULTIBYTE,INPUT_NUMERIC,INPUT_SYMBOL,INPUT_UPPERCASE,RETRIEVAL_TABLE,FORMAT,DEFAULT_VALUE,MIN_VALUE,MAX_VALUE,CALENDAR_BUTTON,JUMP_BUTTON,OPEN_BUTTON,REF_TABLE_ID,REF_FIELD_NAME,SPECIAL_BUTTON) VALUES ('TBLID_BSTK','STK_NAME','STK_NAME','STK_NAME','STRING',40,'N','Y','N','Y',-1,-1,0,0,0,'N','N','N','STRING',0,'Y',0,'Y','Y','Y','NONE',NULL,NULL,NULL,NULL,'N','N',0,NULL,NULL,0);
INSERT INTO SM_FIELD_DEF (TABLE_ID,FIELD_NAME,JP_TITLE,US_TITLE,DB_TYPE,DB_LENGTH,IS_KEY,NOT_BLANK,IS_DUMMY,IS_SEARCH_ITEM,SORT_NO,TREE_LEVEL,SHEET_NO,PAGE_NO,PROPERTY_NO,IS_AUTO,IS_MANDATORY,SYSTEM_READONLY,FIELD_TYPE,FIELD_LENGTH,INPUT_ALPHABET,INPUT_MULTIBYTE,INPUT_NUMERIC,INPUT_SYMBOL,INPUT_UPPERCASE,RETRIEVAL_TABLE,FORMAT,DEFAULT_VALUE,MIN_VALUE,MAX_VALUE,CALENDAR_BUTTON,JUMP_BUTTON,OPEN_BUTTON,REF_TABLE_ID,REF_FIELD_NAME,SPECIAL_BUTTON) VALUES ('TBLID_BSTK','STK_DESC','STK_DESC','STK_DESC','STRING',80,'N','Y','N','Y',-1,-1,0,0,0,'N','N','N','STRING',0,'Y',0,'Y','Y','Y','NONE',NULL,NULL,NULL,NULL,'N','N',0,NULL,NULL,0);
INSERT INTO SM_FIELD_DEF (TABLE_ID,FIELD_NAME,JP_TITLE,US_TITLE,DB_TYPE,DB_LENGTH,IS_KEY,NOT_BLANK,IS_DUMMY,IS_SEARCH_ITEM,SORT_NO,TREE_LEVEL,SHEET_NO,PAGE_NO,PROPERTY_NO,IS_AUTO,IS_MANDATORY,SYSTEM_READONLY,FIELD_TYPE,FIELD_LENGTH,INPUT_ALPHABET,INPUT_MULTIBYTE,INPUT_NUMERIC,INPUT_SYMBOL,INPUT_UPPERCASE,RETRIEVAL_TABLE,FORMAT,DEFAULT_VALUE,MIN_VALUE,MAX_VALUE,CALENDAR_BUTTON,JUMP_BUTTON,OPEN_BUTTON,REF_TABLE_ID,REF_FIELD_NAME,SPECIAL_BUTTON) VALUES ('TBLID_BSTK','CAR_TYPE','CAR_TYPE','CAR_TYPE','STRING',2,'N','Y','N','Y',-1,-1,0,0,0,'N','N','N','STRING',0,'Y',0,'Y','Y','Y','NONE',NULL,NULL,NULL,NULL,'N','N',0,NULL,NULL,0);
INSERT INTO SM_FIELD_DEF (TABLE_ID,FIELD_NAME,JP_TITLE,US_TITLE,DB_TYPE,DB_LENGTH,IS_KEY,NOT_BLANK,IS_DUMMY,IS_SEARCH_ITEM,SORT_NO,TREE_LEVEL,SHEET_NO,PAGE_NO,PROPERTY_NO,IS_AUTO,IS_MANDATORY,SYSTEM_READONLY,FIELD_TYPE,FIELD_LENGTH,INPUT_ALPHABET,INPUT_MULTIBYTE,INPUT_NUMERIC,INPUT_SYMBOL,INPUT_UPPERCASE,RETRIEVAL_TABLE,FORMAT,DEFAULT_VALUE,MIN_VALUE,MAX_VALUE,CALENDAR_BUTTON,JUMP_BUTTON,OPEN_BUTTON,REF_TABLE_ID,REF_FIELD_NAME,SPECIAL_BUTTON) VALUES ('TBLID_BSTK','TOTAL_CELL_CNT','TOTAL_CELL_CNT','TOTAL_CELL_CNT','STRING',0,'N','Y','N','Y',-1,-1,0,0,0,'N','N','N','STRING',0,'Y',0,'Y','Y','Y','NONE',NULL,NULL,NULL,NULL,'N','N',0,NULL,NULL,0);
INSERT INTO SM_FIELD_DEF (TABLE_ID,FIELD_NAME,JP_TITLE,US_TITLE,DB_TYPE,DB_LENGTH,IS_KEY,NOT_BLANK,IS_DUMMY,IS_SEARCH_ITEM,SORT_NO,TREE_LEVEL,SHEET_NO,PAGE_NO,PROPERTY_NO,IS_AUTO,IS_MANDATORY,SYSTEM_READONLY,FIELD_TYPE,FIELD_LENGTH,INPUT_ALPHABET,INPUT_MULTIBYTE,INPUT_NUMERIC,INPUT_SYMBOL,INPUT_UPPERCASE,RETRIEVAL_TABLE,FORMAT,DEFAULT_VALUE,MIN_VALUE,MAX_VALUE,CALENDAR_BUTTON,JUMP_BUTTON,OPEN_BUTTON,REF_TABLE_ID,REF_FIELD_NAME,SPECIAL_BUTTON) VALUES ('TBLID_BSTK','CAPA_LIMIT','CAPA_LIMIT','CAPA_LIMIT','STRING',0,'N','Y','N','Y',-1,-1,0,0,0,'N','N','N','STRING',0,'Y',0,'Y','Y','Y','NONE',NULL,NULL,NULL,NULL,'N','N',0,NULL,NULL,0);
INSERT INTO SM_FIELD_DEF (TABLE_ID,FIELD_NAME,JP_TITLE,US_TITLE,DB_TYPE,DB_LENGTH,IS_KEY,NOT_BLANK,IS_DUMMY,IS_SEARCH_ITEM,SORT_NO,TREE_LEVEL,SHEET_NO,PAGE_NO,PROPERTY_NO,IS_AUTO,IS_MANDATORY,SYSTEM_READONLY,FIELD_TYPE,FIELD_LENGTH,INPUT_ALPHABET,INPUT_MULTIBYTE,INPUT_NUMERIC,INPUT_SYMBOL,INPUT_UPPERCASE,RETRIEVAL_TABLE,FORMAT,DEFAULT_VALUE,MIN_VALUE,MAX_VALUE,CALENDAR_BUTTON,JUMP_BUTTON,OPEN_BUTTON,REF_TABLE_ID,REF_FIELD_NAME,SPECIAL_BUTTON) VALUES ('TBLID_BSTK','MCS_RESRC_NAME','MCS_RESRC_NAME','MCS_RESRC_NAME','STRING',40,'N','Y','N','Y',-1,-1,0,0,0,'N','N','N','STRING',0,'Y',0,'Y','Y','Y','NONE',NULL,NULL,NULL,NULL,'N','N',0,NULL,NULL,0);
INSERT INTO SM_FIELD_DEF (TABLE_ID,FIELD_NAME,JP_TITLE,US_TITLE,DB_TYPE,DB_LENGTH,IS_KEY,NOT_BLANK,IS_DUMMY,IS_SEARCH_ITEM,SORT_NO,TREE_LEVEL,SHEET_NO,PAGE_NO,PROPERTY_NO,IS_AUTO,IS_MANDATORY,SYSTEM_READONLY,FIELD_TYPE,FIELD_LENGTH,INPUT_ALPHABET,INPUT_MULTIBYTE,INPUT_NUMERIC,INPUT_SYMBOL,INPUT_UPPERCASE,RETRIEVAL_TABLE,FORMAT,DEFAULT_VALUE,MIN_VALUE,MAX_VALUE,CALENDAR_BUTTON,JUMP_BUTTON,OPEN_BUTTON,REF_TABLE_ID,REF_FIELD_NAME,SPECIAL_BUTTON) VALUES ('TBLID_BSTK','FAB_ID','FAB_ID','FAB_ID','STRING',10,'N','Y','N','Y',-1,-1,0,0,0,'N','N','N','STRING',0,'Y',0,'Y','Y','Y','NONE',NULL,NULL,NULL,NULL,'N','N',0,NULL,NULL,0);
INSERT INTO SM_FIELD_DEF (TABLE_ID,FIELD_NAME,JP_TITLE,US_TITLE,DB_TYPE,DB_LENGTH,IS_KEY,NOT_BLANK,IS_DUMMY,IS_SEARCH_ITEM,SORT_NO,TREE_LEVEL,SHEET_NO,PAGE_NO,PROPERTY_NO,IS_AUTO,IS_MANDATORY,SYSTEM_READONLY,FIELD_TYPE,FIELD_LENGTH,INPUT_ALPHABET,INPUT_MULTIBYTE,INPUT_NUMERIC,INPUT_SYMBOL,INPUT_UPPERCASE,RETRIEVAL_TABLE,FORMAT,DEFAULT_VALUE,MIN_VALUE,MAX_VALUE,CALENDAR_BUTTON,JUMP_BUTTON,OPEN_BUTTON,REF_TABLE_ID,REF_FIELD_NAME,SPECIAL_BUTTON) VALUES ('TBLID_BSTK','EMPTY_CAR_MIN_STOCNT','EMPTY_CAR_MIN_STOCNT','EMPTY_CAR_MIN_STOCNT','STRING',0,'N','Y','N','Y',-1,-1,0,0,0,'N','N','N','STRING',0,'Y',0,'Y','Y','Y','NONE',NULL,NULL,NULL,NULL,'N','N',0,NULL,NULL,0);
INSERT INTO SM_FIELD_DEF (TABLE_ID,FIELD_NAME,JP_TITLE,US_TITLE,DB_TYPE,DB_LENGTH,IS_KEY,NOT_BLANK,IS_DUMMY,IS_SEARCH_ITEM,SORT_NO,TREE_LEVEL,SHEET_NO,PAGE_NO,PROPERTY_NO,IS_AUTO,IS_MANDATORY,SYSTEM_READONLY,FIELD_TYPE,FIELD_LENGTH,INPUT_ALPHABET,INPUT_MULTIBYTE,INPUT_NUMERIC,INPUT_SYMBOL,INPUT_UPPERCASE,RETRIEVAL_TABLE,FORMAT,DEFAULT_VALUE,MIN_VALUE,MAX_VALUE,CALENDAR_BUTTON,JUMP_BUTTON,OPEN_BUTTON,REF_TABLE_ID,REF_FIELD_NAME,SPECIAL_BUTTON) VALUES ('TBLID_BSTK','EMPTY_CAR_STD_STOCNT','EMPTY_CAR_STD_STOCNT','EMPTY_CAR_STD_STOCNT','STRING',0,'N','Y','N','Y',-1,-1,0,0,0,'N','N','N','STRING',0,'Y',0,'Y','Y','Y','NONE',NULL,NULL,NULL,NULL,'N','N',0,NULL,NULL,0);
INSERT INTO SM_FIELD_DEF (TABLE_ID,FIELD_NAME,JP_TITLE,US_TITLE,DB_TYPE,DB_LENGTH,IS_KEY,NOT_BLANK,IS_DUMMY,IS_SEARCH_ITEM,SORT_NO,TREE_LEVEL,SHEET_NO,PAGE_NO,PROPERTY_NO,IS_AUTO,IS_MANDATORY,SYSTEM_READONLY,FIELD_TYPE,FIELD_LENGTH,INPUT_ALPHABET,INPUT_MULTIBYTE,INPUT_NUMERIC,INPUT_SYMBOL,INPUT_UPPERCASE,RETRIEVAL_TABLE,FORMAT,DEFAULT_VALUE,MIN_VALUE,MAX_VALUE,CALENDAR_BUTTON,JUMP_BUTTON,OPEN_BUTTON,REF_TABLE_ID,REF_FIELD_NAME,SPECIAL_BUTTON) VALUES ('TBLID_BSTK','EMPTY_CAR_REQ_RECNT','EMPTY_CAR_REQ_RECNT','EMPTY_CAR_REQ_RECNT','STRING',0,'N','Y','N','Y',-1,-1,0,0,0,'N','N','N','STRING',0,'Y',0,'Y','Y','Y','NONE',NULL,NULL,NULL,NULL,'N','N',0,NULL,NULL,0);
INSERT INTO SM_FIELD_DEF (TABLE_ID,FIELD_NAME,JP_TITLE,US_TITLE,DB_TYPE,DB_LENGTH,IS_KEY,NOT_BLANK,IS_DUMMY,IS_SEARCH_ITEM,SORT_NO,TREE_LEVEL,SHEET_NO,PAGE_NO,PROPERTY_NO,IS_AUTO,IS_MANDATORY,SYSTEM_READONLY,FIELD_TYPE,FIELD_LENGTH,INPUT_ALPHABET,INPUT_MULTIBYTE,INPUT_NUMERIC,INPUT_SYMBOL,INPUT_UPPERCASE,RETRIEVAL_TABLE,FORMAT,DEFAULT_VALUE,MIN_VALUE,MAX_VALUE,CALENDAR_BUTTON,JUMP_BUTTON,OPEN_BUTTON,REF_TABLE_ID,REF_FIELD_NAME,SPECIAL_BUTTON) VALUES ('TBLID_BSTK','DSP_AREA','DSP_AREA','DSP_AREA','STRING',6,'N','Y','N','Y',-1,-1,0,0,0,'N','N','N','STRING',0,'Y',0,'Y','Y','Y','NONE',NULL,NULL,NULL,NULL,'N','N',0,NULL,NULL,0);
INSERT INTO SM_FIELD_DEF (TABLE_ID,FIELD_NAME,JP_TITLE,US_TITLE,DB_TYPE,DB_LENGTH,IS_KEY,NOT_BLANK,IS_DUMMY,IS_SEARCH_ITEM,SORT_NO,TREE_LEVEL,SHEET_NO,PAGE_NO,PROPERTY_NO,IS_AUTO,IS_MANDATORY,SYSTEM_READONLY,FIELD_TYPE,FIELD_LENGTH,INPUT_ALPHABET,INPUT_MULTIBYTE,INPUT_NUMERIC,INPUT_SYMBOL,INPUT_UPPERCASE,RETRIEVAL_TABLE,FORMAT,DEFAULT_VALUE,MIN_VALUE,MAX_VALUE,CALENDAR_BUTTON,JUMP_BUTTON,OPEN_BUTTON,REF_TABLE_ID,REF_FIELD_NAME,SPECIAL_BUTTON) VALUES ('TBLID_BSTK','STK_PROPERTY','STK_PROPERTY','STK_PROPERTY','STRING',10,'N','Y','N','Y',-1,-1,0,0,0,'N','N','N','STRING',0,'Y',0,'Y','Y','Y','NONE',NULL,NULL,NULL,NULL,'N','N',0,NULL,NULL,0);
INSERT INTO SM_CHECK_DEF (TABLE_ID,CHECK_TYPE,CHECK_ORDER,CHECK_KIND,FIELD_NAME,REF_TABLE,REF_FIELD,EXPECT_VALUE,ERR_MSG) VALUES ('TBLID_BSTK','SAVE',1,'STAT_E',NULL,NULL,NULL,NULL,NULL);
INSERT INTO SM_CHECK_DEF (TABLE_ID,CHECK_TYPE,CHECK_ORDER,CHECK_KIND,FIELD_NAME,REF_TABLE,REF_FIELD,EXPECT_VALUE,ERR_MSG) VALUES ('TBLID_BSTK','SAVE',2,'STRING','lock_user',NULL,NULL,'',NULL);
INSERT INTO SM_CHECK_DEF (TABLE_ID,CHECK_TYPE,CHECK_ORDER,CHECK_KIND,FIELD_NAME,REF_TABLE,REF_FIELD,EXPECT_VALUE,ERR_MSG) VALUES ('TBLID_BSTK','SAVE',3,'NULLCHK','lock_time',NULL,NULL,NULL,NULL);
INSERT INTO SM_CHECK_DEF (TABLE_ID,CHECK_TYPE,CHECK_ORDER,CHECK_KIND,FIELD_NAME,REF_TABLE,REF_FIELD,EXPECT_VALUE,ERR_MSG) VALUES ('TBLID_BSTK','RELEASE',1,'STAT_E',NULL,NULL,NULL,NULL,NULL);
INSERT INTO SM_CHECK_DEF (TABLE_ID,CHECK_TYPE,CHECK_ORDER,CHECK_KIND,FIELD_NAME,REF_TABLE,REF_FIELD,EXPECT_VALUE,ERR_MSG) VALUES ('TBLID_BSTK','RELEASE',2,'STRING','lock_user',NULL,NULL,'',NULL);
INSERT INTO SM_CHECK_DEF (TABLE_ID,CHECK_TYPE,CHECK_ORDER,CHECK_KIND,FIELD_NAME,REF_TABLE,REF_FIELD,EXPECT_VALUE,ERR_MSG) VALUES ('TBLID_BSTK','RELEASE',3,'NULLCHK','lock_time',NULL,NULL,NULL,NULL);
INSERT INTO SM_CHECK_DEF (TABLE_ID,CHECK_TYPE,CHECK_ORDER,CHECK_KIND,FIELD_NAME,REF_TABLE,REF_FIELD,EXPECT_VALUE,ERR_MSG) VALUES ('TBLID_BSTK','RELEASE',4,'RELEASE_PARAM','stk_id','D10',NULL,NULL,NULL);
INSERT INTO SM_CHECK_DEF (TABLE_ID,CHECK_TYPE,CHECK_ORDER,CHECK_KIND,FIELD_NAME,REF_TABLE,REF_FIELD,EXPECT_VALUE,ERR_MSG) VALUES ('TBLID_BSTK','RELEASE',5,'RELEASE_WRITE','stk_name','D0',NULL,NULL,NULL);
INSERT INTO SM_CHECK_DEF (TABLE_ID,CHECK_TYPE,CHECK_ORDER,CHECK_KIND,FIELD_NAME,REF_TABLE,REF_FIELD,EXPECT_VALUE,ERR_MSG) VALUES ('TBLID_BSTK','RELEASE',6,'RELEASE_WRITE','stk_desc','D0',NULL,NULL,NULL);
INSERT INTO SM_CHECK_DEF (TABLE_ID,CHECK_TYPE,CHECK_ORDER,CHECK_KIND,FIELD_NAME,REF_TABLE,REF_FIELD,EXPECT_VALUE,ERR_MSG) VALUES ('TBLID_BSTK','RELEASE',7,'RELEASE_WRITE','car_type','D0',NULL,NULL,NULL);
INSERT INTO SM_CHECK_DEF (TABLE_ID,CHECK_TYPE,CHECK_ORDER,CHECK_KIND,FIELD_NAME,REF_TABLE,REF_FIELD,EXPECT_VALUE,ERR_MSG) VALUES ('TBLID_BSTK','RELEASE',8,'RELEASE_WRITE','total_cell_cnt','D0',NULL,NULL,NULL);
INSERT INTO SM_CHECK_DEF (TABLE_ID,CHECK_TYPE,CHECK_ORDER,CHECK_KIND,FIELD_NAME,REF_TABLE,REF_FIELD,EXPECT_VALUE,ERR_MSG) VALUES ('TBLID_BSTK','RELEASE',9,'RELEASE_WRITE','capa_limit','D0',NULL,NULL,NULL);
INSERT INTO SM_CHECK_DEF (TABLE_ID,CHECK_TYPE,CHECK_ORDER,CHECK_KIND,FIELD_NAME,REF_TABLE,REF_FIELD,EXPECT_VALUE,ERR_MSG) VALUES ('TBLID_BSTK','RELEASE',10,'RELEASE_WRITE','mcs_resrc_name','D0',NULL,NULL,NULL);
INSERT INTO SM_CHECK_DEF (TABLE_ID,CHECK_TYPE,CHECK_ORDER,CHECK_KIND,FIELD_NAME,REF_TABLE,REF_FIELD,EXPECT_VALUE,ERR_MSG) VALUES ('TBLID_BSTK','RELEASE',11,'RELEASE_WRITE','fab_id','D0',NULL,NULL,NULL);
INSERT INTO SM_CHECK_DEF (TABLE_ID,CHECK_TYPE,CHECK_ORDER,CHECK_KIND,FIELD_NAME,REF_TABLE,REF_FIELD,EXPECT_VALUE,ERR_MSG) VALUES ('TBLID_BSTK','RELEASE',12,'RELEASE_WRITE','empty_car_min_stocnt','D0',NULL,NULL,NULL);
INSERT INTO SM_CHECK_DEF (TABLE_ID,CHECK_TYPE,CHECK_ORDER,CHECK_KIND,FIELD_NAME,REF_TABLE,REF_FIELD,EXPECT_VALUE,ERR_MSG) VALUES ('TBLID_BSTK','RELEASE',13,'RELEASE_WRITE','empty_car_std_stocnt','D0',NULL,NULL,NULL);
INSERT INTO SM_CHECK_DEF (TABLE_ID,CHECK_TYPE,CHECK_ORDER,CHECK_KIND,FIELD_NAME,REF_TABLE,REF_FIELD,EXPECT_VALUE,ERR_MSG) VALUES ('TBLID_BSTK','RELEASE',14,'RELEASE_WRITE','empty_car_req_recnt','D0',NULL,NULL,NULL);
INSERT INTO SM_CHECK_DEF (TABLE_ID,CHECK_TYPE,CHECK_ORDER,CHECK_KIND,FIELD_NAME,REF_TABLE,REF_FIELD,EXPECT_VALUE,ERR_MSG) VALUES ('TBLID_BSTK','RELEASE',15,'RELEASE_WRITE','dsp_area','D0',NULL,NULL,NULL);
INSERT INTO SM_CHECK_DEF (TABLE_ID,CHECK_TYPE,CHECK_ORDER,CHECK_KIND,FIELD_NAME,REF_TABLE,REF_FIELD,EXPECT_VALUE,ERR_MSG) VALUES ('TBLID_BSTK','RELEASE',16,'RELEASE_WRITE','stk_property','D0',NULL,NULL,NULL);
INSERT INTO SM_CHECK_DEF (TABLE_ID,CHECK_TYPE,CHECK_ORDER,CHECK_KIND,FIELD_NAME,REF_TABLE,REF_FIELD,EXPECT_VALUE,ERR_MSG) VALUES ('TBLID_BSTK','DELETE',1,'STAT_R',NULL,NULL,NULL,NULL,NULL);
INSERT INTO SM_CHECK_DEF (TABLE_ID,CHECK_TYPE,CHECK_ORDER,CHECK_KIND,FIELD_NAME,REF_TABLE,REF_FIELD,EXPECT_VALUE,ERR_MSG) VALUES ('TBLID_BSTK','DELETE',2,'STRING','lock_user',NULL,NULL,'',NULL);
INSERT INTO SM_CHECK_DEF (TABLE_ID,CHECK_TYPE,CHECK_ORDER,CHECK_KIND,FIELD_NAME,REF_TABLE,REF_FIELD,EXPECT_VALUE,ERR_MSG) VALUES ('TBLID_BSTK','DELETE',3,'NULLCHK','lock_time',NULL,NULL,NULL,NULL);
INSERT INTO SM_CHECK_DEF (TABLE_ID,CHECK_TYPE,CHECK_ORDER,CHECK_KIND,FIELD_NAME,REF_TABLE,REF_FIELD,EXPECT_VALUE,ERR_MSG) VALUES ('TBLID_BSTK','DELETE',4,'KEY','stk_id','0','',NULL,NULL);
INSERT INTO SM_CHECK_DEF (TABLE_ID,CHECK_TYPE,CHECK_ORDER,CHECK_KIND,FIELD_NAME,REF_TABLE,REF_FIELD,EXPECT_VALUE,ERR_MSG) VALUES ('TBLID_BSTK','DELETE',5,'STAT_R',NULL,NULL,NULL,NULL,NULL);
INSERT INTO SM_CHECK_DEF (TABLE_ID,CHECK_TYPE,CHECK_ORDER,CHECK_KIND,FIELD_NAME,REF_TABLE,REF_FIELD,EXPECT_VALUE,ERR_MSG) VALUES ('TBLID_BSTK','EDITCOMP',1,'STAT_E',NULL,NULL,NULL,NULL,NULL);
INSERT INTO SM_CHECK_DEF (TABLE_ID,CHECK_TYPE,CHECK_ORDER,CHECK_KIND,FIELD_NAME,REF_TABLE,REF_FIELD,EXPECT_VALUE,ERR_MSG) VALUES ('TBLID_BSTK','EDITCOMP',2,'COMP_N',NULL,NULL,NULL,NULL,'记录已编辑完成');

-- BSTKOUTLET
INSERT INTO SM_TABLE_DEF (TABLE_ID, TABLE_NAME, JP_TITLE, US_TITLE, RELEASE_FLAG, DISTRIBUTE_FLAG, PERMISSION_TYPE, SCHEMA_TYPE, HAS_DUMMY, SORT_NO)
VALUES ('TBLID_BSTKOUTLET', 'BSTKOUTLET', 'BSTKOUTLET', 'BSTKOUTLET', 'Y', 'N', 'C', 'L', 'N', 770);
INSERT INTO SM_FIELD_DEF (TABLE_ID,FIELD_NAME,JP_TITLE,US_TITLE,DB_TYPE,DB_LENGTH,IS_KEY,NOT_BLANK,IS_DUMMY,IS_SEARCH_ITEM,SORT_NO,TREE_LEVEL,SHEET_NO,PAGE_NO,PROPERTY_NO,IS_AUTO,IS_MANDATORY,SYSTEM_READONLY,FIELD_TYPE,FIELD_LENGTH,INPUT_ALPHABET,INPUT_MULTIBYTE,INPUT_NUMERIC,INPUT_SYMBOL,INPUT_UPPERCASE,RETRIEVAL_TABLE,FORMAT,DEFAULT_VALUE,MIN_VALUE,MAX_VALUE,CALENDAR_BUTTON,JUMP_BUTTON,OPEN_BUTTON,REF_TABLE_ID,REF_FIELD_NAME,SPECIAL_BUTTON) VALUES ('TBLID_BSTKOUTLET','STK_ID','STK_ID','STK_ID','STRING',10,'N','Y','N','Y',-1,-1,0,0,0,'N','N','N','STRING',0,'Y',0,'Y','Y','Y','NONE',NULL,NULL,NULL,NULL,'N','N',0,NULL,NULL,0);
INSERT INTO SM_FIELD_DEF (TABLE_ID,FIELD_NAME,JP_TITLE,US_TITLE,DB_TYPE,DB_LENGTH,IS_KEY,NOT_BLANK,IS_DUMMY,IS_SEARCH_ITEM,SORT_NO,TREE_LEVEL,SHEET_NO,PAGE_NO,PROPERTY_NO,IS_AUTO,IS_MANDATORY,SYSTEM_READONLY,FIELD_TYPE,FIELD_LENGTH,INPUT_ALPHABET,INPUT_MULTIBYTE,INPUT_NUMERIC,INPUT_SYMBOL,INPUT_UPPERCASE,RETRIEVAL_TABLE,FORMAT,DEFAULT_VALUE,MIN_VALUE,MAX_VALUE,CALENDAR_BUTTON,JUMP_BUTTON,OPEN_BUTTON,REF_TABLE_ID,REF_FIELD_NAME,SPECIAL_BUTTON) VALUES ('TBLID_BSTKOUTLET','OUTLET_ID','OUTLET_ID','OUTLET_ID','STRING',10,'N','Y','N','Y',-1,-1,0,0,0,'N','N','N','STRING',0,'Y',0,'Y','Y','Y','NONE',NULL,NULL,NULL,NULL,'N','N',0,NULL,NULL,0);
INSERT INTO SM_FIELD_DEF (TABLE_ID,FIELD_NAME,JP_TITLE,US_TITLE,DB_TYPE,DB_LENGTH,IS_KEY,NOT_BLANK,IS_DUMMY,IS_SEARCH_ITEM,SORT_NO,TREE_LEVEL,SHEET_NO,PAGE_NO,PROPERTY_NO,IS_AUTO,IS_MANDATORY,SYSTEM_READONLY,FIELD_TYPE,FIELD_LENGTH,INPUT_ALPHABET,INPUT_MULTIBYTE,INPUT_NUMERIC,INPUT_SYMBOL,INPUT_UPPERCASE,RETRIEVAL_TABLE,FORMAT,DEFAULT_VALUE,MIN_VALUE,MAX_VALUE,CALENDAR_BUTTON,JUMP_BUTTON,OPEN_BUTTON,REF_TABLE_ID,REF_FIELD_NAME,SPECIAL_BUTTON) VALUES ('TBLID_BSTKOUTLET','SEQ_NO','SEQ_NO','SEQ_NO','STRING',0,'N','Y','N','Y',-1,-1,0,0,0,'N','N','N','STRING',0,'Y',0,'Y','Y','Y','NONE',NULL,NULL,NULL,NULL,'N','N',0,NULL,NULL,0);
INSERT INTO SM_FIELD_DEF (TABLE_ID,FIELD_NAME,JP_TITLE,US_TITLE,DB_TYPE,DB_LENGTH,IS_KEY,NOT_BLANK,IS_DUMMY,IS_SEARCH_ITEM,SORT_NO,TREE_LEVEL,SHEET_NO,PAGE_NO,PROPERTY_NO,IS_AUTO,IS_MANDATORY,SYSTEM_READONLY,FIELD_TYPE,FIELD_LENGTH,INPUT_ALPHABET,INPUT_MULTIBYTE,INPUT_NUMERIC,INPUT_SYMBOL,INPUT_UPPERCASE,RETRIEVAL_TABLE,FORMAT,DEFAULT_VALUE,MIN_VALUE,MAX_VALUE,CALENDAR_BUTTON,JUMP_BUTTON,OPEN_BUTTON,REF_TABLE_ID,REF_FIELD_NAME,SPECIAL_BUTTON) VALUES ('TBLID_BSTKOUTLET','OUTLET_NAME','OUTLET_NAME','OUTLET_NAME','STRING',40,'N','Y','N','Y',-1,-1,0,0,0,'N','N','N','STRING',0,'Y',0,'Y','Y','Y','NONE',NULL,NULL,NULL,NULL,'N','N',0,NULL,NULL,0);
INSERT INTO SM_FIELD_DEF (TABLE_ID,FIELD_NAME,JP_TITLE,US_TITLE,DB_TYPE,DB_LENGTH,IS_KEY,NOT_BLANK,IS_DUMMY,IS_SEARCH_ITEM,SORT_NO,TREE_LEVEL,SHEET_NO,PAGE_NO,PROPERTY_NO,IS_AUTO,IS_MANDATORY,SYSTEM_READONLY,FIELD_TYPE,FIELD_LENGTH,INPUT_ALPHABET,INPUT_MULTIBYTE,INPUT_NUMERIC,INPUT_SYMBOL,INPUT_UPPERCASE,RETRIEVAL_TABLE,FORMAT,DEFAULT_VALUE,MIN_VALUE,MAX_VALUE,CALENDAR_BUTTON,JUMP_BUTTON,OPEN_BUTTON,REF_TABLE_ID,REF_FIELD_NAME,SPECIAL_BUTTON) VALUES ('TBLID_BSTKOUTLET','OUTLET_TYPE','OUTLET_TYPE','OUTLET_TYPE','STRING',1,'N','Y','N','Y',-1,-1,0,0,0,'N','N','N','STRING',0,'Y',0,'Y','Y','Y','NONE',NULL,NULL,NULL,NULL,'N','N',0,NULL,NULL,0);
INSERT INTO SM_FIELD_DEF (TABLE_ID,FIELD_NAME,JP_TITLE,US_TITLE,DB_TYPE,DB_LENGTH,IS_KEY,NOT_BLANK,IS_DUMMY,IS_SEARCH_ITEM,SORT_NO,TREE_LEVEL,SHEET_NO,PAGE_NO,PROPERTY_NO,IS_AUTO,IS_MANDATORY,SYSTEM_READONLY,FIELD_TYPE,FIELD_LENGTH,INPUT_ALPHABET,INPUT_MULTIBYTE,INPUT_NUMERIC,INPUT_SYMBOL,INPUT_UPPERCASE,RETRIEVAL_TABLE,FORMAT,DEFAULT_VALUE,MIN_VALUE,MAX_VALUE,CALENDAR_BUTTON,JUMP_BUTTON,OPEN_BUTTON,REF_TABLE_ID,REF_FIELD_NAME,SPECIAL_BUTTON) VALUES ('TBLID_BSTKOUTLET','OUTLET_MODE','OUTLET_MODE','OUTLET_MODE','STRING',1,'N','Y','N','Y',-1,-1,0,0,0,'N','N','N','STRING',0,'Y',0,'Y','Y','Y','NONE',NULL,NULL,NULL,NULL,'N','N',0,NULL,NULL,0);
INSERT INTO SM_FIELD_DEF (TABLE_ID,FIELD_NAME,JP_TITLE,US_TITLE,DB_TYPE,DB_LENGTH,IS_KEY,NOT_BLANK,IS_DUMMY,IS_SEARCH_ITEM,SORT_NO,TREE_LEVEL,SHEET_NO,PAGE_NO,PROPERTY_NO,IS_AUTO,IS_MANDATORY,SYSTEM_READONLY,FIELD_TYPE,FIELD_LENGTH,INPUT_ALPHABET,INPUT_MULTIBYTE,INPUT_NUMERIC,INPUT_SYMBOL,INPUT_UPPERCASE,RETRIEVAL_TABLE,FORMAT,DEFAULT_VALUE,MIN_VALUE,MAX_VALUE,CALENDAR_BUTTON,JUMP_BUTTON,OPEN_BUTTON,REF_TABLE_ID,REF_FIELD_NAME,SPECIAL_BUTTON) VALUES ('TBLID_BSTKOUTLET','AGV_ID','AGV_ID','AGV_ID','STRING',40,'N','Y','N','Y',-1,-1,0,0,0,'N','N','N','STRING',0,'Y',0,'Y','Y','Y','NONE',NULL,NULL,NULL,NULL,'N','N',0,NULL,NULL,0);
INSERT INTO SM_CHECK_DEF (TABLE_ID,CHECK_TYPE,CHECK_ORDER,CHECK_KIND,FIELD_NAME,REF_TABLE,REF_FIELD,EXPECT_VALUE,ERR_MSG) VALUES ('TBLID_BSTKOUTLET','SAVE',1,'STAT_E',NULL,NULL,NULL,NULL,NULL);
INSERT INTO SM_CHECK_DEF (TABLE_ID,CHECK_TYPE,CHECK_ORDER,CHECK_KIND,FIELD_NAME,REF_TABLE,REF_FIELD,EXPECT_VALUE,ERR_MSG) VALUES ('TBLID_BSTKOUTLET','SAVE',2,'STRING','lock_user',NULL,NULL,'',NULL);
INSERT INTO SM_CHECK_DEF (TABLE_ID,CHECK_TYPE,CHECK_ORDER,CHECK_KIND,FIELD_NAME,REF_TABLE,REF_FIELD,EXPECT_VALUE,ERR_MSG) VALUES ('TBLID_BSTKOUTLET','SAVE',3,'NULLCHK','lock_time',NULL,NULL,NULL,NULL);
INSERT INTO SM_CHECK_DEF (TABLE_ID,CHECK_TYPE,CHECK_ORDER,CHECK_KIND,FIELD_NAME,REF_TABLE,REF_FIELD,EXPECT_VALUE,ERR_MSG) VALUES ('TBLID_BSTKOUTLET','SAVE',4,'KEY','stk_id','0','',NULL,NULL);
INSERT INTO SM_CHECK_DEF (TABLE_ID,CHECK_TYPE,CHECK_ORDER,CHECK_KIND,FIELD_NAME,REF_TABLE,REF_FIELD,EXPECT_VALUE,ERR_MSG) VALUES ('TBLID_BSTKOUTLET','SAVE',5,'KEY','stk_id','0','',NULL,NULL);
INSERT INTO SM_CHECK_DEF (TABLE_ID,CHECK_TYPE,CHECK_ORDER,CHECK_KIND,FIELD_NAME,REF_TABLE,REF_FIELD,EXPECT_VALUE,ERR_MSG) VALUES ('TBLID_BSTKOUTLET','SAVE',6,'STAT_R',NULL,NULL,NULL,NULL,NULL);
INSERT INTO SM_CHECK_DEF (TABLE_ID,CHECK_TYPE,CHECK_ORDER,CHECK_KIND,FIELD_NAME,REF_TABLE,REF_FIELD,EXPECT_VALUE,ERR_MSG) VALUES ('TBLID_BSTKOUTLET','RELEASE',1,'STAT_E',NULL,NULL,NULL,NULL,NULL);
INSERT INTO SM_CHECK_DEF (TABLE_ID,CHECK_TYPE,CHECK_ORDER,CHECK_KIND,FIELD_NAME,REF_TABLE,REF_FIELD,EXPECT_VALUE,ERR_MSG) VALUES ('TBLID_BSTKOUTLET','RELEASE',2,'STRING','lock_user',NULL,NULL,'',NULL);
INSERT INTO SM_CHECK_DEF (TABLE_ID,CHECK_TYPE,CHECK_ORDER,CHECK_KIND,FIELD_NAME,REF_TABLE,REF_FIELD,EXPECT_VALUE,ERR_MSG) VALUES ('TBLID_BSTKOUTLET','RELEASE',3,'NULLCHK','lock_time',NULL,NULL,NULL,NULL);
INSERT INTO SM_CHECK_DEF (TABLE_ID,CHECK_TYPE,CHECK_ORDER,CHECK_KIND,FIELD_NAME,REF_TABLE,REF_FIELD,EXPECT_VALUE,ERR_MSG) VALUES ('TBLID_BSTKOUTLET','RELEASE',4,'KEY','stk_id','0','',NULL,NULL);
INSERT INTO SM_CHECK_DEF (TABLE_ID,CHECK_TYPE,CHECK_ORDER,CHECK_KIND,FIELD_NAME,REF_TABLE,REF_FIELD,EXPECT_VALUE,ERR_MSG) VALUES ('TBLID_BSTKOUTLET','RELEASE',5,'STAT_R',NULL,NULL,NULL,NULL,NULL);
INSERT INTO SM_CHECK_DEF (TABLE_ID,CHECK_TYPE,CHECK_ORDER,CHECK_KIND,FIELD_NAME,REF_TABLE,REF_FIELD,EXPECT_VALUE,ERR_MSG) VALUES ('TBLID_BSTKOUTLET','RELEASE',6,'RELEASE_PARAM','stk_id','D10',NULL,NULL,NULL);
INSERT INTO SM_CHECK_DEF (TABLE_ID,CHECK_TYPE,CHECK_ORDER,CHECK_KIND,FIELD_NAME,REF_TABLE,REF_FIELD,EXPECT_VALUE,ERR_MSG) VALUES ('TBLID_BSTKOUTLET','RELEASE',7,'RELEASE_PARAM','outlet_id','D10',NULL,NULL,NULL);
INSERT INTO SM_CHECK_DEF (TABLE_ID,CHECK_TYPE,CHECK_ORDER,CHECK_KIND,FIELD_NAME,REF_TABLE,REF_FIELD,EXPECT_VALUE,ERR_MSG) VALUES ('TBLID_BSTKOUTLET','RELEASE',8,'RELEASE_WRITE','seq_no','D0',NULL,NULL,NULL);
INSERT INTO SM_CHECK_DEF (TABLE_ID,CHECK_TYPE,CHECK_ORDER,CHECK_KIND,FIELD_NAME,REF_TABLE,REF_FIELD,EXPECT_VALUE,ERR_MSG) VALUES ('TBLID_BSTKOUTLET','RELEASE',9,'RELEASE_WRITE','outlet_name','D0',NULL,NULL,NULL);
INSERT INTO SM_CHECK_DEF (TABLE_ID,CHECK_TYPE,CHECK_ORDER,CHECK_KIND,FIELD_NAME,REF_TABLE,REF_FIELD,EXPECT_VALUE,ERR_MSG) VALUES ('TBLID_BSTKOUTLET','RELEASE',10,'RELEASE_WRITE','outlet_type','D0',NULL,NULL,NULL);
INSERT INTO SM_CHECK_DEF (TABLE_ID,CHECK_TYPE,CHECK_ORDER,CHECK_KIND,FIELD_NAME,REF_TABLE,REF_FIELD,EXPECT_VALUE,ERR_MSG) VALUES ('TBLID_BSTKOUTLET','RELEASE',11,'RELEASE_WRITE','outlet_mode','D0',NULL,NULL,NULL);
INSERT INTO SM_CHECK_DEF (TABLE_ID,CHECK_TYPE,CHECK_ORDER,CHECK_KIND,FIELD_NAME,REF_TABLE,REF_FIELD,EXPECT_VALUE,ERR_MSG) VALUES ('TBLID_BSTKOUTLET','RELEASE',12,'RELEASE_WRITE','agv_id','D0',NULL,NULL,NULL);
INSERT INTO SM_CHECK_DEF (TABLE_ID,CHECK_TYPE,CHECK_ORDER,CHECK_KIND,FIELD_NAME,REF_TABLE,REF_FIELD,EXPECT_VALUE,ERR_MSG) VALUES ('TBLID_BSTKOUTLET','DELETE',1,'STAT_R',NULL,NULL,NULL,NULL,NULL);
INSERT INTO SM_CHECK_DEF (TABLE_ID,CHECK_TYPE,CHECK_ORDER,CHECK_KIND,FIELD_NAME,REF_TABLE,REF_FIELD,EXPECT_VALUE,ERR_MSG) VALUES ('TBLID_BSTKOUTLET','DELETE',2,'STRING','lock_user',NULL,NULL,'',NULL);
INSERT INTO SM_CHECK_DEF (TABLE_ID,CHECK_TYPE,CHECK_ORDER,CHECK_KIND,FIELD_NAME,REF_TABLE,REF_FIELD,EXPECT_VALUE,ERR_MSG) VALUES ('TBLID_BSTKOUTLET','DELETE',3,'NULLCHK','lock_time',NULL,NULL,NULL,NULL);
INSERT INTO SM_CHECK_DEF (TABLE_ID,CHECK_TYPE,CHECK_ORDER,CHECK_KIND,FIELD_NAME,REF_TABLE,REF_FIELD,EXPECT_VALUE,ERR_MSG) VALUES ('TBLID_BSTKOUTLET','EDITCOMP',1,'STAT_E',NULL,NULL,NULL,NULL,NULL);
INSERT INTO SM_CHECK_DEF (TABLE_ID,CHECK_TYPE,CHECK_ORDER,CHECK_KIND,FIELD_NAME,REF_TABLE,REF_FIELD,EXPECT_VALUE,ERR_MSG) VALUES ('TBLID_BSTKOUTLET','EDITCOMP',2,'COMP_N',NULL,NULL,NULL,NULL,'记录已编辑完成');

-- BSTK_AREA
INSERT INTO SM_TABLE_DEF (TABLE_ID, TABLE_NAME, JP_TITLE, US_TITLE, RELEASE_FLAG, DISTRIBUTE_FLAG, PERMISSION_TYPE, SCHEMA_TYPE, HAS_DUMMY, SORT_NO)
VALUES ('TBLID_BSTK_AREA', 'BSTK_AREA', 'BSTK_AREA', 'BSTK_AREA', 'Y', 'N', 'C', 'L', 'N', 780);
INSERT INTO SM_FIELD_DEF (TABLE_ID,FIELD_NAME,JP_TITLE,US_TITLE,DB_TYPE,DB_LENGTH,IS_KEY,NOT_BLANK,IS_DUMMY,IS_SEARCH_ITEM,SORT_NO,TREE_LEVEL,SHEET_NO,PAGE_NO,PROPERTY_NO,IS_AUTO,IS_MANDATORY,SYSTEM_READONLY,FIELD_TYPE,FIELD_LENGTH,INPUT_ALPHABET,INPUT_MULTIBYTE,INPUT_NUMERIC,INPUT_SYMBOL,INPUT_UPPERCASE,RETRIEVAL_TABLE,FORMAT,DEFAULT_VALUE,MIN_VALUE,MAX_VALUE,CALENDAR_BUTTON,JUMP_BUTTON,OPEN_BUTTON,REF_TABLE_ID,REF_FIELD_NAME,SPECIAL_BUTTON) VALUES ('TBLID_BSTK_AREA','STK_ID','STK_ID','STK_ID','STRING',10,'N','Y','N','Y',-1,-1,0,0,0,'N','N','N','STRING',0,'Y',0,'Y','Y','Y','NONE',NULL,NULL,NULL,NULL,'N','N',0,NULL,NULL,0);
INSERT INTO SM_FIELD_DEF (TABLE_ID,FIELD_NAME,JP_TITLE,US_TITLE,DB_TYPE,DB_LENGTH,IS_KEY,NOT_BLANK,IS_DUMMY,IS_SEARCH_ITEM,SORT_NO,TREE_LEVEL,SHEET_NO,PAGE_NO,PROPERTY_NO,IS_AUTO,IS_MANDATORY,SYSTEM_READONLY,FIELD_TYPE,FIELD_LENGTH,INPUT_ALPHABET,INPUT_MULTIBYTE,INPUT_NUMERIC,INPUT_SYMBOL,INPUT_UPPERCASE,RETRIEVAL_TABLE,FORMAT,DEFAULT_VALUE,MIN_VALUE,MAX_VALUE,CALENDAR_BUTTON,JUMP_BUTTON,OPEN_BUTTON,REF_TABLE_ID,REF_FIELD_NAME,SPECIAL_BUTTON) VALUES ('TBLID_BSTK_AREA','AREA_ID','AREA_ID','AREA_ID','STRING',6,'N','Y','N','Y',-1,-1,0,0,0,'N','N','N','STRING',0,'Y',0,'Y','Y','Y','NONE',NULL,NULL,NULL,NULL,'N','N',0,NULL,NULL,0);
INSERT INTO SM_FIELD_DEF (TABLE_ID,FIELD_NAME,JP_TITLE,US_TITLE,DB_TYPE,DB_LENGTH,IS_KEY,NOT_BLANK,IS_DUMMY,IS_SEARCH_ITEM,SORT_NO,TREE_LEVEL,SHEET_NO,PAGE_NO,PROPERTY_NO,IS_AUTO,IS_MANDATORY,SYSTEM_READONLY,FIELD_TYPE,FIELD_LENGTH,INPUT_ALPHABET,INPUT_MULTIBYTE,INPUT_NUMERIC,INPUT_SYMBOL,INPUT_UPPERCASE,RETRIEVAL_TABLE,FORMAT,DEFAULT_VALUE,MIN_VALUE,MAX_VALUE,CALENDAR_BUTTON,JUMP_BUTTON,OPEN_BUTTON,REF_TABLE_ID,REF_FIELD_NAME,SPECIAL_BUTTON) VALUES ('TBLID_BSTK_AREA','ITEM_SEQ_NO','ITEM_SEQ_NO','ITEM_SEQ_NO','STRING',0,'N','Y','N','Y',-1,-1,0,0,0,'N','N','N','STRING',0,'Y',0,'Y','Y','Y','NONE',NULL,NULL,NULL,NULL,'N','N',0,NULL,NULL,0);
INSERT INTO SM_CHECK_DEF (TABLE_ID,CHECK_TYPE,CHECK_ORDER,CHECK_KIND,FIELD_NAME,REF_TABLE,REF_FIELD,EXPECT_VALUE,ERR_MSG) VALUES ('TBLID_BSTK_AREA','SAVE',1,'STAT_E',NULL,NULL,NULL,NULL,NULL);
INSERT INTO SM_CHECK_DEF (TABLE_ID,CHECK_TYPE,CHECK_ORDER,CHECK_KIND,FIELD_NAME,REF_TABLE,REF_FIELD,EXPECT_VALUE,ERR_MSG) VALUES ('TBLID_BSTK_AREA','SAVE',2,'STRING','lock_user',NULL,NULL,'',NULL);
INSERT INTO SM_CHECK_DEF (TABLE_ID,CHECK_TYPE,CHECK_ORDER,CHECK_KIND,FIELD_NAME,REF_TABLE,REF_FIELD,EXPECT_VALUE,ERR_MSG) VALUES ('TBLID_BSTK_AREA','SAVE',3,'NULLCHK','lock_time',NULL,NULL,NULL,NULL);
INSERT INTO SM_CHECK_DEF (TABLE_ID,CHECK_TYPE,CHECK_ORDER,CHECK_KIND,FIELD_NAME,REF_TABLE,REF_FIELD,EXPECT_VALUE,ERR_MSG) VALUES ('TBLID_BSTK_AREA','SAVE',4,'KEY','area_id','0','',NULL,NULL);
INSERT INTO SM_CHECK_DEF (TABLE_ID,CHECK_TYPE,CHECK_ORDER,CHECK_KIND,FIELD_NAME,REF_TABLE,REF_FIELD,EXPECT_VALUE,ERR_MSG) VALUES ('TBLID_BSTK_AREA','SAVE',5,'KEY','stk_id','0','',NULL,NULL);
INSERT INTO SM_CHECK_DEF (TABLE_ID,CHECK_TYPE,CHECK_ORDER,CHECK_KIND,FIELD_NAME,REF_TABLE,REF_FIELD,EXPECT_VALUE,ERR_MSG) VALUES ('TBLID_BSTK_AREA','RELEASE',1,'STAT_E',NULL,NULL,NULL,NULL,NULL);
INSERT INTO SM_CHECK_DEF (TABLE_ID,CHECK_TYPE,CHECK_ORDER,CHECK_KIND,FIELD_NAME,REF_TABLE,REF_FIELD,EXPECT_VALUE,ERR_MSG) VALUES ('TBLID_BSTK_AREA','RELEASE',2,'STRING','lock_user',NULL,NULL,'',NULL);
INSERT INTO SM_CHECK_DEF (TABLE_ID,CHECK_TYPE,CHECK_ORDER,CHECK_KIND,FIELD_NAME,REF_TABLE,REF_FIELD,EXPECT_VALUE,ERR_MSG) VALUES ('TBLID_BSTK_AREA','RELEASE',3,'NULLCHK','lock_time',NULL,NULL,NULL,NULL);
INSERT INTO SM_CHECK_DEF (TABLE_ID,CHECK_TYPE,CHECK_ORDER,CHECK_KIND,FIELD_NAME,REF_TABLE,REF_FIELD,EXPECT_VALUE,ERR_MSG) VALUES ('TBLID_BSTK_AREA','RELEASE',4,'KEY','area_id','0','',NULL,NULL);
INSERT INTO SM_CHECK_DEF (TABLE_ID,CHECK_TYPE,CHECK_ORDER,CHECK_KIND,FIELD_NAME,REF_TABLE,REF_FIELD,EXPECT_VALUE,ERR_MSG) VALUES ('TBLID_BSTK_AREA','RELEASE',5,'STAT_R',NULL,NULL,NULL,NULL,NULL);
INSERT INTO SM_CHECK_DEF (TABLE_ID,CHECK_TYPE,CHECK_ORDER,CHECK_KIND,FIELD_NAME,REF_TABLE,REF_FIELD,EXPECT_VALUE,ERR_MSG) VALUES ('TBLID_BSTK_AREA','RELEASE',6,'KEY','stk_id','0','',NULL,NULL);
INSERT INTO SM_CHECK_DEF (TABLE_ID,CHECK_TYPE,CHECK_ORDER,CHECK_KIND,FIELD_NAME,REF_TABLE,REF_FIELD,EXPECT_VALUE,ERR_MSG) VALUES ('TBLID_BSTK_AREA','RELEASE',7,'STAT_R',NULL,NULL,NULL,NULL,NULL);
INSERT INTO SM_CHECK_DEF (TABLE_ID,CHECK_TYPE,CHECK_ORDER,CHECK_KIND,FIELD_NAME,REF_TABLE,REF_FIELD,EXPECT_VALUE,ERR_MSG) VALUES ('TBLID_BSTK_AREA','RELEASE',8,'RELEASE_WRITE','stk_id','D0',NULL,NULL,NULL);
INSERT INTO SM_CHECK_DEF (TABLE_ID,CHECK_TYPE,CHECK_ORDER,CHECK_KIND,FIELD_NAME,REF_TABLE,REF_FIELD,EXPECT_VALUE,ERR_MSG) VALUES ('TBLID_BSTK_AREA','RELEASE',9,'RELEASE_PARAM','area_id','D6',NULL,NULL,NULL);
INSERT INTO SM_CHECK_DEF (TABLE_ID,CHECK_TYPE,CHECK_ORDER,CHECK_KIND,FIELD_NAME,REF_TABLE,REF_FIELD,EXPECT_VALUE,ERR_MSG) VALUES ('TBLID_BSTK_AREA','RELEASE',10,'RELEASE_WRITE','item_seq_no','D0',NULL,NULL,NULL);
INSERT INTO SM_CHECK_DEF (TABLE_ID,CHECK_TYPE,CHECK_ORDER,CHECK_KIND,FIELD_NAME,REF_TABLE,REF_FIELD,EXPECT_VALUE,ERR_MSG) VALUES ('TBLID_BSTK_AREA','DELETE',1,'STAT_R',NULL,NULL,NULL,NULL,NULL);
INSERT INTO SM_CHECK_DEF (TABLE_ID,CHECK_TYPE,CHECK_ORDER,CHECK_KIND,FIELD_NAME,REF_TABLE,REF_FIELD,EXPECT_VALUE,ERR_MSG) VALUES ('TBLID_BSTK_AREA','DELETE',2,'STRING','lock_user',NULL,NULL,'',NULL);
INSERT INTO SM_CHECK_DEF (TABLE_ID,CHECK_TYPE,CHECK_ORDER,CHECK_KIND,FIELD_NAME,REF_TABLE,REF_FIELD,EXPECT_VALUE,ERR_MSG) VALUES ('TBLID_BSTK_AREA','DELETE',3,'NULLCHK','lock_time',NULL,NULL,NULL,NULL);
INSERT INTO SM_CHECK_DEF (TABLE_ID,CHECK_TYPE,CHECK_ORDER,CHECK_KIND,FIELD_NAME,REF_TABLE,REF_FIELD,EXPECT_VALUE,ERR_MSG) VALUES ('TBLID_BSTK_AREA','EDITCOMP',1,'STAT_E',NULL,NULL,NULL,NULL,NULL);
INSERT INTO SM_CHECK_DEF (TABLE_ID,CHECK_TYPE,CHECK_ORDER,CHECK_KIND,FIELD_NAME,REF_TABLE,REF_FIELD,EXPECT_VALUE,ERR_MSG) VALUES ('TBLID_BSTK_AREA','EDITCOMP',2,'COMP_N',NULL,NULL,NULL,NULL,'记录已编辑完成');

-- BSTK_CARG
INSERT INTO SM_TABLE_DEF (TABLE_ID, TABLE_NAME, JP_TITLE, US_TITLE, RELEASE_FLAG, DISTRIBUTE_FLAG, PERMISSION_TYPE, SCHEMA_TYPE, HAS_DUMMY, SORT_NO)
VALUES ('TBLID_BSTK_CARG', 'BSTK_CARG', 'BSTK_CARG', 'BSTK_CARG', 'Y', 'N', 'C', 'L', 'N', 790);
INSERT INTO SM_FIELD_DEF (TABLE_ID,FIELD_NAME,JP_TITLE,US_TITLE,DB_TYPE,DB_LENGTH,IS_KEY,NOT_BLANK,IS_DUMMY,IS_SEARCH_ITEM,SORT_NO,TREE_LEVEL,SHEET_NO,PAGE_NO,PROPERTY_NO,IS_AUTO,IS_MANDATORY,SYSTEM_READONLY,FIELD_TYPE,FIELD_LENGTH,INPUT_ALPHABET,INPUT_MULTIBYTE,INPUT_NUMERIC,INPUT_SYMBOL,INPUT_UPPERCASE,RETRIEVAL_TABLE,FORMAT,DEFAULT_VALUE,MIN_VALUE,MAX_VALUE,CALENDAR_BUTTON,JUMP_BUTTON,OPEN_BUTTON,REF_TABLE_ID,REF_FIELD_NAME,SPECIAL_BUTTON) VALUES ('TBLID_BSTK_CARG','STK_ID','STK_ID','STK_ID','STRING',10,'N','Y','N','Y',-1,-1,0,0,0,'N','N','N','STRING',0,'Y',0,'Y','Y','Y','NONE',NULL,NULL,NULL,NULL,'N','N',0,NULL,NULL,0);
INSERT INTO SM_FIELD_DEF (TABLE_ID,FIELD_NAME,JP_TITLE,US_TITLE,DB_TYPE,DB_LENGTH,IS_KEY,NOT_BLANK,IS_DUMMY,IS_SEARCH_ITEM,SORT_NO,TREE_LEVEL,SHEET_NO,PAGE_NO,PROPERTY_NO,IS_AUTO,IS_MANDATORY,SYSTEM_READONLY,FIELD_TYPE,FIELD_LENGTH,INPUT_ALPHABET,INPUT_MULTIBYTE,INPUT_NUMERIC,INPUT_SYMBOL,INPUT_UPPERCASE,RETRIEVAL_TABLE,FORMAT,DEFAULT_VALUE,MIN_VALUE,MAX_VALUE,CALENDAR_BUTTON,JUMP_BUTTON,OPEN_BUTTON,REF_TABLE_ID,REF_FIELD_NAME,SPECIAL_BUTTON) VALUES ('TBLID_BSTK_CARG','CARG_ID','CARG_ID','CARG_ID','STRING',10,'N','Y','N','Y',-1,-1,0,0,0,'N','N','N','STRING',0,'Y',0,'Y','Y','Y','NONE',NULL,NULL,NULL,NULL,'N','N',0,NULL,NULL,0);
INSERT INTO SM_FIELD_DEF (TABLE_ID,FIELD_NAME,JP_TITLE,US_TITLE,DB_TYPE,DB_LENGTH,IS_KEY,NOT_BLANK,IS_DUMMY,IS_SEARCH_ITEM,SORT_NO,TREE_LEVEL,SHEET_NO,PAGE_NO,PROPERTY_NO,IS_AUTO,IS_MANDATORY,SYSTEM_READONLY,FIELD_TYPE,FIELD_LENGTH,INPUT_ALPHABET,INPUT_MULTIBYTE,INPUT_NUMERIC,INPUT_SYMBOL,INPUT_UPPERCASE,RETRIEVAL_TABLE,FORMAT,DEFAULT_VALUE,MIN_VALUE,MAX_VALUE,CALENDAR_BUTTON,JUMP_BUTTON,OPEN_BUTTON,REF_TABLE_ID,REF_FIELD_NAME,SPECIAL_BUTTON) VALUES ('TBLID_BSTK_CARG','EMPTY_CAR_ALM_STOCNT','EMPTY_CAR_ALM_STOCNT','EMPTY_CAR_ALM_STOCNT','STRING',0,'N','Y','N','Y',-1,-1,0,0,0,'N','N','N','STRING',0,'Y',0,'Y','Y','Y','NONE',NULL,NULL,NULL,NULL,'N','N',0,NULL,NULL,0);
INSERT INTO SM_FIELD_DEF (TABLE_ID,FIELD_NAME,JP_TITLE,US_TITLE,DB_TYPE,DB_LENGTH,IS_KEY,NOT_BLANK,IS_DUMMY,IS_SEARCH_ITEM,SORT_NO,TREE_LEVEL,SHEET_NO,PAGE_NO,PROPERTY_NO,IS_AUTO,IS_MANDATORY,SYSTEM_READONLY,FIELD_TYPE,FIELD_LENGTH,INPUT_ALPHABET,INPUT_MULTIBYTE,INPUT_NUMERIC,INPUT_SYMBOL,INPUT_UPPERCASE,RETRIEVAL_TABLE,FORMAT,DEFAULT_VALUE,MIN_VALUE,MAX_VALUE,CALENDAR_BUTTON,JUMP_BUTTON,OPEN_BUTTON,REF_TABLE_ID,REF_FIELD_NAME,SPECIAL_BUTTON) VALUES ('TBLID_BSTK_CARG','EMPTY_CAR_MIN_STOCNT','EMPTY_CAR_MIN_STOCNT','EMPTY_CAR_MIN_STOCNT','STRING',0,'N','Y','N','Y',-1,-1,0,0,0,'N','N','N','STRING',0,'Y',0,'Y','Y','Y','NONE',NULL,NULL,NULL,NULL,'N','N',0,NULL,NULL,0);
INSERT INTO SM_FIELD_DEF (TABLE_ID,FIELD_NAME,JP_TITLE,US_TITLE,DB_TYPE,DB_LENGTH,IS_KEY,NOT_BLANK,IS_DUMMY,IS_SEARCH_ITEM,SORT_NO,TREE_LEVEL,SHEET_NO,PAGE_NO,PROPERTY_NO,IS_AUTO,IS_MANDATORY,SYSTEM_READONLY,FIELD_TYPE,FIELD_LENGTH,INPUT_ALPHABET,INPUT_MULTIBYTE,INPUT_NUMERIC,INPUT_SYMBOL,INPUT_UPPERCASE,RETRIEVAL_TABLE,FORMAT,DEFAULT_VALUE,MIN_VALUE,MAX_VALUE,CALENDAR_BUTTON,JUMP_BUTTON,OPEN_BUTTON,REF_TABLE_ID,REF_FIELD_NAME,SPECIAL_BUTTON) VALUES ('TBLID_BSTK_CARG','EMPTY_CAR_STD_STOCNT','EMPTY_CAR_STD_STOCNT','EMPTY_CAR_STD_STOCNT','STRING',0,'N','Y','N','Y',-1,-1,0,0,0,'N','N','N','STRING',0,'Y',0,'Y','Y','Y','NONE',NULL,NULL,NULL,NULL,'N','N',0,NULL,NULL,0);
INSERT INTO SM_FIELD_DEF (TABLE_ID,FIELD_NAME,JP_TITLE,US_TITLE,DB_TYPE,DB_LENGTH,IS_KEY,NOT_BLANK,IS_DUMMY,IS_SEARCH_ITEM,SORT_NO,TREE_LEVEL,SHEET_NO,PAGE_NO,PROPERTY_NO,IS_AUTO,IS_MANDATORY,SYSTEM_READONLY,FIELD_TYPE,FIELD_LENGTH,INPUT_ALPHABET,INPUT_MULTIBYTE,INPUT_NUMERIC,INPUT_SYMBOL,INPUT_UPPERCASE,RETRIEVAL_TABLE,FORMAT,DEFAULT_VALUE,MIN_VALUE,MAX_VALUE,CALENDAR_BUTTON,JUMP_BUTTON,OPEN_BUTTON,REF_TABLE_ID,REF_FIELD_NAME,SPECIAL_BUTTON) VALUES ('TBLID_BSTK_CARG','EMPTY_CAR_REQ_RECNT','EMPTY_CAR_REQ_RECNT','EMPTY_CAR_REQ_RECNT','STRING',0,'N','Y','N','Y',-1,-1,0,0,0,'N','N','N','STRING',0,'Y',0,'Y','Y','Y','NONE',NULL,NULL,NULL,NULL,'N','N',0,NULL,NULL,0);
INSERT INTO SM_CHECK_DEF (TABLE_ID,CHECK_TYPE,CHECK_ORDER,CHECK_KIND,FIELD_NAME,REF_TABLE,REF_FIELD,EXPECT_VALUE,ERR_MSG) VALUES ('TBLID_BSTK_CARG','SAVE',1,'STAT_E',NULL,NULL,NULL,NULL,NULL);
INSERT INTO SM_CHECK_DEF (TABLE_ID,CHECK_TYPE,CHECK_ORDER,CHECK_KIND,FIELD_NAME,REF_TABLE,REF_FIELD,EXPECT_VALUE,ERR_MSG) VALUES ('TBLID_BSTK_CARG','SAVE',2,'STRING','lock_user',NULL,NULL,'',NULL);
INSERT INTO SM_CHECK_DEF (TABLE_ID,CHECK_TYPE,CHECK_ORDER,CHECK_KIND,FIELD_NAME,REF_TABLE,REF_FIELD,EXPECT_VALUE,ERR_MSG) VALUES ('TBLID_BSTK_CARG','SAVE',3,'NULLCHK','lock_time',NULL,NULL,NULL,NULL);
INSERT INTO SM_CHECK_DEF (TABLE_ID,CHECK_TYPE,CHECK_ORDER,CHECK_KIND,FIELD_NAME,REF_TABLE,REF_FIELD,EXPECT_VALUE,ERR_MSG) VALUES ('TBLID_BSTK_CARG','SAVE',4,'KEY','carg_id','0','',NULL,NULL);
INSERT INTO SM_CHECK_DEF (TABLE_ID,CHECK_TYPE,CHECK_ORDER,CHECK_KIND,FIELD_NAME,REF_TABLE,REF_FIELD,EXPECT_VALUE,ERR_MSG) VALUES ('TBLID_BSTK_CARG','SAVE',5,'KEY','carg_id','0','',NULL,NULL);
INSERT INTO SM_CHECK_DEF (TABLE_ID,CHECK_TYPE,CHECK_ORDER,CHECK_KIND,FIELD_NAME,REF_TABLE,REF_FIELD,EXPECT_VALUE,ERR_MSG) VALUES ('TBLID_BSTK_CARG','SAVE',6,'STAT_R',NULL,NULL,NULL,NULL,NULL);
INSERT INTO SM_CHECK_DEF (TABLE_ID,CHECK_TYPE,CHECK_ORDER,CHECK_KIND,FIELD_NAME,REF_TABLE,REF_FIELD,EXPECT_VALUE,ERR_MSG) VALUES ('TBLID_BSTK_CARG','SAVE',7,'KEY','stk_id','0','',NULL,NULL);
INSERT INTO SM_CHECK_DEF (TABLE_ID,CHECK_TYPE,CHECK_ORDER,CHECK_KIND,FIELD_NAME,REF_TABLE,REF_FIELD,EXPECT_VALUE,ERR_MSG) VALUES ('TBLID_BSTK_CARG','SAVE',8,'KEY','stk_id','0','',NULL,NULL);
INSERT INTO SM_CHECK_DEF (TABLE_ID,CHECK_TYPE,CHECK_ORDER,CHECK_KIND,FIELD_NAME,REF_TABLE,REF_FIELD,EXPECT_VALUE,ERR_MSG) VALUES ('TBLID_BSTK_CARG','SAVE',9,'STAT_R',NULL,NULL,NULL,NULL,NULL);
INSERT INTO SM_CHECK_DEF (TABLE_ID,CHECK_TYPE,CHECK_ORDER,CHECK_KIND,FIELD_NAME,REF_TABLE,REF_FIELD,EXPECT_VALUE,ERR_MSG) VALUES ('TBLID_BSTK_CARG','RELEASE',1,'STAT_E',NULL,NULL,NULL,NULL,NULL);
INSERT INTO SM_CHECK_DEF (TABLE_ID,CHECK_TYPE,CHECK_ORDER,CHECK_KIND,FIELD_NAME,REF_TABLE,REF_FIELD,EXPECT_VALUE,ERR_MSG) VALUES ('TBLID_BSTK_CARG','RELEASE',2,'STRING','lock_user',NULL,NULL,'',NULL);
INSERT INTO SM_CHECK_DEF (TABLE_ID,CHECK_TYPE,CHECK_ORDER,CHECK_KIND,FIELD_NAME,REF_TABLE,REF_FIELD,EXPECT_VALUE,ERR_MSG) VALUES ('TBLID_BSTK_CARG','RELEASE',3,'NULLCHK','lock_time',NULL,NULL,NULL,NULL);
INSERT INTO SM_CHECK_DEF (TABLE_ID,CHECK_TYPE,CHECK_ORDER,CHECK_KIND,FIELD_NAME,REF_TABLE,REF_FIELD,EXPECT_VALUE,ERR_MSG) VALUES ('TBLID_BSTK_CARG','RELEASE',4,'KEY','carg_id','0','',NULL,NULL);
INSERT INTO SM_CHECK_DEF (TABLE_ID,CHECK_TYPE,CHECK_ORDER,CHECK_KIND,FIELD_NAME,REF_TABLE,REF_FIELD,EXPECT_VALUE,ERR_MSG) VALUES ('TBLID_BSTK_CARG','RELEASE',5,'STAT_R',NULL,NULL,NULL,NULL,NULL);
INSERT INTO SM_CHECK_DEF (TABLE_ID,CHECK_TYPE,CHECK_ORDER,CHECK_KIND,FIELD_NAME,REF_TABLE,REF_FIELD,EXPECT_VALUE,ERR_MSG) VALUES ('TBLID_BSTK_CARG','RELEASE',6,'KEY','stk_id','0','',NULL,NULL);
INSERT INTO SM_CHECK_DEF (TABLE_ID,CHECK_TYPE,CHECK_ORDER,CHECK_KIND,FIELD_NAME,REF_TABLE,REF_FIELD,EXPECT_VALUE,ERR_MSG) VALUES ('TBLID_BSTK_CARG','RELEASE',7,'STAT_R',NULL,NULL,NULL,NULL,NULL);
INSERT INTO SM_CHECK_DEF (TABLE_ID,CHECK_TYPE,CHECK_ORDER,CHECK_KIND,FIELD_NAME,REF_TABLE,REF_FIELD,EXPECT_VALUE,ERR_MSG) VALUES ('TBLID_BSTK_CARG','RELEASE',8,'RELEASE_PARAM','stk_id','D10',NULL,NULL,NULL);
INSERT INTO SM_CHECK_DEF (TABLE_ID,CHECK_TYPE,CHECK_ORDER,CHECK_KIND,FIELD_NAME,REF_TABLE,REF_FIELD,EXPECT_VALUE,ERR_MSG) VALUES ('TBLID_BSTK_CARG','RELEASE',9,'RELEASE_PARAM','carg_id','D10',NULL,NULL,NULL);
INSERT INTO SM_CHECK_DEF (TABLE_ID,CHECK_TYPE,CHECK_ORDER,CHECK_KIND,FIELD_NAME,REF_TABLE,REF_FIELD,EXPECT_VALUE,ERR_MSG) VALUES ('TBLID_BSTK_CARG','RELEASE',10,'RELEASE_WRITE','empty_car_alm_stocnt','D0',NULL,NULL,NULL);
INSERT INTO SM_CHECK_DEF (TABLE_ID,CHECK_TYPE,CHECK_ORDER,CHECK_KIND,FIELD_NAME,REF_TABLE,REF_FIELD,EXPECT_VALUE,ERR_MSG) VALUES ('TBLID_BSTK_CARG','RELEASE',11,'RELEASE_WRITE','empty_car_min_stocnt','D0',NULL,NULL,NULL);
INSERT INTO SM_CHECK_DEF (TABLE_ID,CHECK_TYPE,CHECK_ORDER,CHECK_KIND,FIELD_NAME,REF_TABLE,REF_FIELD,EXPECT_VALUE,ERR_MSG) VALUES ('TBLID_BSTK_CARG','RELEASE',12,'RELEASE_WRITE','empty_car_std_stocnt','D0',NULL,NULL,NULL);
INSERT INTO SM_CHECK_DEF (TABLE_ID,CHECK_TYPE,CHECK_ORDER,CHECK_KIND,FIELD_NAME,REF_TABLE,REF_FIELD,EXPECT_VALUE,ERR_MSG) VALUES ('TBLID_BSTK_CARG','RELEASE',13,'RELEASE_WRITE','empty_car_req_recnt','D0',NULL,NULL,NULL);
INSERT INTO SM_CHECK_DEF (TABLE_ID,CHECK_TYPE,CHECK_ORDER,CHECK_KIND,FIELD_NAME,REF_TABLE,REF_FIELD,EXPECT_VALUE,ERR_MSG) VALUES ('TBLID_BSTK_CARG','DELETE',1,'STAT_R',NULL,NULL,NULL,NULL,NULL);
INSERT INTO SM_CHECK_DEF (TABLE_ID,CHECK_TYPE,CHECK_ORDER,CHECK_KIND,FIELD_NAME,REF_TABLE,REF_FIELD,EXPECT_VALUE,ERR_MSG) VALUES ('TBLID_BSTK_CARG','DELETE',2,'STRING','lock_user',NULL,NULL,'',NULL);
INSERT INTO SM_CHECK_DEF (TABLE_ID,CHECK_TYPE,CHECK_ORDER,CHECK_KIND,FIELD_NAME,REF_TABLE,REF_FIELD,EXPECT_VALUE,ERR_MSG) VALUES ('TBLID_BSTK_CARG','DELETE',3,'NULLCHK','lock_time',NULL,NULL,NULL,NULL);
INSERT INTO SM_CHECK_DEF (TABLE_ID,CHECK_TYPE,CHECK_ORDER,CHECK_KIND,FIELD_NAME,REF_TABLE,REF_FIELD,EXPECT_VALUE,ERR_MSG) VALUES ('TBLID_BSTK_CARG','EDITCOMP',1,'STAT_E',NULL,NULL,NULL,NULL,NULL);
INSERT INTO SM_CHECK_DEF (TABLE_ID,CHECK_TYPE,CHECK_ORDER,CHECK_KIND,FIELD_NAME,REF_TABLE,REF_FIELD,EXPECT_VALUE,ERR_MSG) VALUES ('TBLID_BSTK_CARG','EDITCOMP',2,'COMP_N',NULL,NULL,NULL,NULL,'记录已编辑完成');

-- BSYSTEM_DEF
INSERT INTO SM_TABLE_DEF (TABLE_ID, TABLE_NAME, JP_TITLE, US_TITLE, RELEASE_FLAG, DISTRIBUTE_FLAG, PERMISSION_TYPE, SCHEMA_TYPE, HAS_DUMMY, SORT_NO)
VALUES ('TBLID_BSYSTEM_DEF', 'BSYSTEM_DEF', 'BSYSTEM_DEF', 'BSYSTEM_DEF', 'Y', 'N', 'C', 'L', 'N', 800);
INSERT INTO SM_FIELD_DEF (TABLE_ID,FIELD_NAME,JP_TITLE,US_TITLE,DB_TYPE,DB_LENGTH,IS_KEY,NOT_BLANK,IS_DUMMY,IS_SEARCH_ITEM,SORT_NO,TREE_LEVEL,SHEET_NO,PAGE_NO,PROPERTY_NO,IS_AUTO,IS_MANDATORY,SYSTEM_READONLY,FIELD_TYPE,FIELD_LENGTH,INPUT_ALPHABET,INPUT_MULTIBYTE,INPUT_NUMERIC,INPUT_SYMBOL,INPUT_UPPERCASE,RETRIEVAL_TABLE,FORMAT,DEFAULT_VALUE,MIN_VALUE,MAX_VALUE,CALENDAR_BUTTON,JUMP_BUTTON,OPEN_BUTTON,REF_TABLE_ID,REF_FIELD_NAME,SPECIAL_BUTTON) VALUES ('TBLID_BSYSTEM_DEF','SYSTEM_DEF_ID','SYSTEM_DEF_ID','SYSTEM_DEF_ID','STRING',2,'N','Y','N','Y',-1,-1,0,0,0,'N','N','N','STRING',0,'Y',0,'Y','Y','Y','NONE',NULL,NULL,NULL,NULL,'N','N',0,NULL,NULL,0);
INSERT INTO SM_FIELD_DEF (TABLE_ID,FIELD_NAME,JP_TITLE,US_TITLE,DB_TYPE,DB_LENGTH,IS_KEY,NOT_BLANK,IS_DUMMY,IS_SEARCH_ITEM,SORT_NO,TREE_LEVEL,SHEET_NO,PAGE_NO,PROPERTY_NO,IS_AUTO,IS_MANDATORY,SYSTEM_READONLY,FIELD_TYPE,FIELD_LENGTH,INPUT_ALPHABET,INPUT_MULTIBYTE,INPUT_NUMERIC,INPUT_SYMBOL,INPUT_UPPERCASE,RETRIEVAL_TABLE,FORMAT,DEFAULT_VALUE,MIN_VALUE,MAX_VALUE,CALENDAR_BUTTON,JUMP_BUTTON,OPEN_BUTTON,REF_TABLE_ID,REF_FIELD_NAME,SPECIAL_BUTTON) VALUES ('TBLID_BSYSTEM_DEF','SYSTEM_PRAM','SYSTEM_PRAM','SYSTEM_PRAM','STRING',30,'N','Y','N','Y',-1,-1,0,0,0,'N','N','N','STRING',0,'Y',0,'Y','Y','Y','NONE',NULL,NULL,NULL,NULL,'N','N',0,NULL,NULL,0);
INSERT INTO SM_CHECK_DEF (TABLE_ID,CHECK_TYPE,CHECK_ORDER,CHECK_KIND,FIELD_NAME,REF_TABLE,REF_FIELD,EXPECT_VALUE,ERR_MSG) VALUES ('TBLID_BSYSTEM_DEF','SAVE',1,'STAT_E',NULL,NULL,NULL,NULL,NULL);
INSERT INTO SM_CHECK_DEF (TABLE_ID,CHECK_TYPE,CHECK_ORDER,CHECK_KIND,FIELD_NAME,REF_TABLE,REF_FIELD,EXPECT_VALUE,ERR_MSG) VALUES ('TBLID_BSYSTEM_DEF','SAVE',2,'STRING','lock_user',NULL,NULL,'',NULL);
INSERT INTO SM_CHECK_DEF (TABLE_ID,CHECK_TYPE,CHECK_ORDER,CHECK_KIND,FIELD_NAME,REF_TABLE,REF_FIELD,EXPECT_VALUE,ERR_MSG) VALUES ('TBLID_BSYSTEM_DEF','SAVE',3,'NULLCHK','lock_time',NULL,NULL,NULL,NULL);
INSERT INTO SM_CHECK_DEF (TABLE_ID,CHECK_TYPE,CHECK_ORDER,CHECK_KIND,FIELD_NAME,REF_TABLE,REF_FIELD,EXPECT_VALUE,ERR_MSG) VALUES ('TBLID_BSYSTEM_DEF','RELEASE',1,'STAT_E',NULL,NULL,NULL,NULL,NULL);
INSERT INTO SM_CHECK_DEF (TABLE_ID,CHECK_TYPE,CHECK_ORDER,CHECK_KIND,FIELD_NAME,REF_TABLE,REF_FIELD,EXPECT_VALUE,ERR_MSG) VALUES ('TBLID_BSYSTEM_DEF','RELEASE',2,'STRING','lock_user',NULL,NULL,'',NULL);
INSERT INTO SM_CHECK_DEF (TABLE_ID,CHECK_TYPE,CHECK_ORDER,CHECK_KIND,FIELD_NAME,REF_TABLE,REF_FIELD,EXPECT_VALUE,ERR_MSG) VALUES ('TBLID_BSYSTEM_DEF','RELEASE',3,'NULLCHK','lock_time',NULL,NULL,NULL,NULL);
INSERT INTO SM_CHECK_DEF (TABLE_ID,CHECK_TYPE,CHECK_ORDER,CHECK_KIND,FIELD_NAME,REF_TABLE,REF_FIELD,EXPECT_VALUE,ERR_MSG) VALUES ('TBLID_BSYSTEM_DEF','RELEASE',4,'RELEASE_PARAM','system_def_id','D2',NULL,NULL,NULL);
INSERT INTO SM_CHECK_DEF (TABLE_ID,CHECK_TYPE,CHECK_ORDER,CHECK_KIND,FIELD_NAME,REF_TABLE,REF_FIELD,EXPECT_VALUE,ERR_MSG) VALUES ('TBLID_BSYSTEM_DEF','RELEASE',5,'RELEASE_WRITE','system_pram','D0',NULL,NULL,NULL);
INSERT INTO SM_CHECK_DEF (TABLE_ID,CHECK_TYPE,CHECK_ORDER,CHECK_KIND,FIELD_NAME,REF_TABLE,REF_FIELD,EXPECT_VALUE,ERR_MSG) VALUES ('TBLID_BSYSTEM_DEF','DELETE',1,'STAT_R',NULL,NULL,NULL,NULL,NULL);
INSERT INTO SM_CHECK_DEF (TABLE_ID,CHECK_TYPE,CHECK_ORDER,CHECK_KIND,FIELD_NAME,REF_TABLE,REF_FIELD,EXPECT_VALUE,ERR_MSG) VALUES ('TBLID_BSYSTEM_DEF','DELETE',2,'STRING','lock_user',NULL,NULL,'',NULL);
INSERT INTO SM_CHECK_DEF (TABLE_ID,CHECK_TYPE,CHECK_ORDER,CHECK_KIND,FIELD_NAME,REF_TABLE,REF_FIELD,EXPECT_VALUE,ERR_MSG) VALUES ('TBLID_BSYSTEM_DEF','DELETE',3,'NULLCHK','lock_time',NULL,NULL,NULL,NULL);
INSERT INTO SM_CHECK_DEF (TABLE_ID,CHECK_TYPE,CHECK_ORDER,CHECK_KIND,FIELD_NAME,REF_TABLE,REF_FIELD,EXPECT_VALUE,ERR_MSG) VALUES ('TBLID_BSYSTEM_DEF','EDITCOMP',1,'STAT_E',NULL,NULL,NULL,NULL,NULL);
INSERT INTO SM_CHECK_DEF (TABLE_ID,CHECK_TYPE,CHECK_ORDER,CHECK_KIND,FIELD_NAME,REF_TABLE,REF_FIELD,EXPECT_VALUE,ERR_MSG) VALUES ('TBLID_BSYSTEM_DEF','EDITCOMP',2,'COMP_N',NULL,NULL,NULL,NULL,'记录已编辑完成');

-- BSYSTEM_INI_TBL
INSERT INTO SM_TABLE_DEF (TABLE_ID, TABLE_NAME, JP_TITLE, US_TITLE, RELEASE_FLAG, DISTRIBUTE_FLAG, PERMISSION_TYPE, SCHEMA_TYPE, HAS_DUMMY, SORT_NO)
VALUES ('TBLID_BSYSTEM_INI_TBL', 'BSYSTEM_INI_TBL', 'BSYSTEM_INI_TBL', 'BSYSTEM_INI_TBL', 'Y', 'N', 'C', 'L', 'N', 810);
INSERT INTO SM_FIELD_DEF (TABLE_ID,FIELD_NAME,JP_TITLE,US_TITLE,DB_TYPE,DB_LENGTH,IS_KEY,NOT_BLANK,IS_DUMMY,IS_SEARCH_ITEM,SORT_NO,TREE_LEVEL,SHEET_NO,PAGE_NO,PROPERTY_NO,IS_AUTO,IS_MANDATORY,SYSTEM_READONLY,FIELD_TYPE,FIELD_LENGTH,INPUT_ALPHABET,INPUT_MULTIBYTE,INPUT_NUMERIC,INPUT_SYMBOL,INPUT_UPPERCASE,RETRIEVAL_TABLE,FORMAT,DEFAULT_VALUE,MIN_VALUE,MAX_VALUE,CALENDAR_BUTTON,JUMP_BUTTON,OPEN_BUTTON,REF_TABLE_ID,REF_FIELD_NAME,SPECIAL_BUTTON) VALUES ('TBLID_BSYSTEM_INI_TBL','MODULE_CAT','MODULE_CAT','MODULE_CAT','STRING',10,'N','Y','N','Y',-1,-1,0,0,0,'N','N','N','STRING',0,'Y',0,'Y','Y','Y','NONE',NULL,NULL,NULL,NULL,'N','N',0,NULL,NULL,0);
INSERT INTO SM_FIELD_DEF (TABLE_ID,FIELD_NAME,JP_TITLE,US_TITLE,DB_TYPE,DB_LENGTH,IS_KEY,NOT_BLANK,IS_DUMMY,IS_SEARCH_ITEM,SORT_NO,TREE_LEVEL,SHEET_NO,PAGE_NO,PROPERTY_NO,IS_AUTO,IS_MANDATORY,SYSTEM_READONLY,FIELD_TYPE,FIELD_LENGTH,INPUT_ALPHABET,INPUT_MULTIBYTE,INPUT_NUMERIC,INPUT_SYMBOL,INPUT_UPPERCASE,RETRIEVAL_TABLE,FORMAT,DEFAULT_VALUE,MIN_VALUE,MAX_VALUE,CALENDAR_BUTTON,JUMP_BUTTON,OPEN_BUTTON,REF_TABLE_ID,REF_FIELD_NAME,SPECIAL_BUTTON) VALUES ('TBLID_BSYSTEM_INI_TBL','ITEM_CAT','ITEM_CAT','ITEM_CAT','STRING',40,'N','Y','N','Y',-1,-1,0,0,0,'N','N','N','STRING',0,'Y',0,'Y','Y','Y','NONE',NULL,NULL,NULL,NULL,'N','N',0,NULL,NULL,0);
INSERT INTO SM_FIELD_DEF (TABLE_ID,FIELD_NAME,JP_TITLE,US_TITLE,DB_TYPE,DB_LENGTH,IS_KEY,NOT_BLANK,IS_DUMMY,IS_SEARCH_ITEM,SORT_NO,TREE_LEVEL,SHEET_NO,PAGE_NO,PROPERTY_NO,IS_AUTO,IS_MANDATORY,SYSTEM_READONLY,FIELD_TYPE,FIELD_LENGTH,INPUT_ALPHABET,INPUT_MULTIBYTE,INPUT_NUMERIC,INPUT_SYMBOL,INPUT_UPPERCASE,RETRIEVAL_TABLE,FORMAT,DEFAULT_VALUE,MIN_VALUE,MAX_VALUE,CALENDAR_BUTTON,JUMP_BUTTON,OPEN_BUTTON,REF_TABLE_ID,REF_FIELD_NAME,SPECIAL_BUTTON) VALUES ('TBLID_BSYSTEM_INI_TBL','ITEM_CODE','ITEM_CODE','ITEM_CODE','STRING',40,'N','Y','N','Y',-1,-1,0,0,0,'N','N','N','STRING',0,'Y',0,'Y','Y','Y','NONE',NULL,NULL,NULL,NULL,'N','N',0,NULL,NULL,0);
INSERT INTO SM_FIELD_DEF (TABLE_ID,FIELD_NAME,JP_TITLE,US_TITLE,DB_TYPE,DB_LENGTH,IS_KEY,NOT_BLANK,IS_DUMMY,IS_SEARCH_ITEM,SORT_NO,TREE_LEVEL,SHEET_NO,PAGE_NO,PROPERTY_NO,IS_AUTO,IS_MANDATORY,SYSTEM_READONLY,FIELD_TYPE,FIELD_LENGTH,INPUT_ALPHABET,INPUT_MULTIBYTE,INPUT_NUMERIC,INPUT_SYMBOL,INPUT_UPPERCASE,RETRIEVAL_TABLE,FORMAT,DEFAULT_VALUE,MIN_VALUE,MAX_VALUE,CALENDAR_BUTTON,JUMP_BUTTON,OPEN_BUTTON,REF_TABLE_ID,REF_FIELD_NAME,SPECIAL_BUTTON) VALUES ('TBLID_BSYSTEM_INI_TBL','SEQ_NO','SEQ_NO','SEQ_NO','STRING',0,'N','Y','N','Y',-1,-1,0,0,0,'N','N','N','STRING',0,'Y',0,'Y','Y','Y','NONE',NULL,NULL,NULL,NULL,'N','N',0,NULL,NULL,0);
INSERT INTO SM_FIELD_DEF (TABLE_ID,FIELD_NAME,JP_TITLE,US_TITLE,DB_TYPE,DB_LENGTH,IS_KEY,NOT_BLANK,IS_DUMMY,IS_SEARCH_ITEM,SORT_NO,TREE_LEVEL,SHEET_NO,PAGE_NO,PROPERTY_NO,IS_AUTO,IS_MANDATORY,SYSTEM_READONLY,FIELD_TYPE,FIELD_LENGTH,INPUT_ALPHABET,INPUT_MULTIBYTE,INPUT_NUMERIC,INPUT_SYMBOL,INPUT_UPPERCASE,RETRIEVAL_TABLE,FORMAT,DEFAULT_VALUE,MIN_VALUE,MAX_VALUE,CALENDAR_BUTTON,JUMP_BUTTON,OPEN_BUTTON,REF_TABLE_ID,REF_FIELD_NAME,SPECIAL_BUTTON) VALUES ('TBLID_BSYSTEM_INI_TBL','ITEM_DATA','ITEM_DATA','ITEM_DATA','STRING',128,'N','Y','N','Y',-1,-1,0,0,0,'N','N','N','STRING',0,'Y',0,'Y','Y','Y','NONE',NULL,NULL,NULL,NULL,'N','N',0,NULL,NULL,0);
INSERT INTO SM_FIELD_DEF (TABLE_ID,FIELD_NAME,JP_TITLE,US_TITLE,DB_TYPE,DB_LENGTH,IS_KEY,NOT_BLANK,IS_DUMMY,IS_SEARCH_ITEM,SORT_NO,TREE_LEVEL,SHEET_NO,PAGE_NO,PROPERTY_NO,IS_AUTO,IS_MANDATORY,SYSTEM_READONLY,FIELD_TYPE,FIELD_LENGTH,INPUT_ALPHABET,INPUT_MULTIBYTE,INPUT_NUMERIC,INPUT_SYMBOL,INPUT_UPPERCASE,RETRIEVAL_TABLE,FORMAT,DEFAULT_VALUE,MIN_VALUE,MAX_VALUE,CALENDAR_BUTTON,JUMP_BUTTON,OPEN_BUTTON,REF_TABLE_ID,REF_FIELD_NAME,SPECIAL_BUTTON) VALUES ('TBLID_BSYSTEM_INI_TBL','ITEM_DATA_DESC','ITEM_DATA_DESC','ITEM_DATA_DESC','STRING',80,'N','Y','N','Y',-1,-1,0,0,0,'N','N','N','STRING',0,'Y',0,'Y','Y','Y','NONE',NULL,NULL,NULL,NULL,'N','N',0,NULL,NULL,0);

-- BUSER
INSERT INTO SM_TABLE_DEF (TABLE_ID, TABLE_NAME, JP_TITLE, US_TITLE, RELEASE_FLAG, DISTRIBUTE_FLAG, PERMISSION_TYPE, SCHEMA_TYPE, HAS_DUMMY, SORT_NO)
VALUES ('TBLID_BUSER', 'BUSER', 'BUSER', 'BUSER', 'Y', 'N', 'C', 'L', 'Y', 820);
INSERT INTO SM_FIELD_DEF (TABLE_ID,FIELD_NAME,JP_TITLE,US_TITLE,DB_TYPE,DB_LENGTH,IS_KEY,NOT_BLANK,IS_DUMMY,IS_SEARCH_ITEM,SORT_NO,TREE_LEVEL,SHEET_NO,PAGE_NO,PROPERTY_NO,IS_AUTO,IS_MANDATORY,SYSTEM_READONLY,FIELD_TYPE,FIELD_LENGTH,INPUT_ALPHABET,INPUT_MULTIBYTE,INPUT_NUMERIC,INPUT_SYMBOL,INPUT_UPPERCASE,RETRIEVAL_TABLE,FORMAT,DEFAULT_VALUE,MIN_VALUE,MAX_VALUE,CALENDAR_BUTTON,JUMP_BUTTON,OPEN_BUTTON,REF_TABLE_ID,REF_FIELD_NAME,SPECIAL_BUTTON) VALUES ('TBLID_BUSER','USER_ID','USER_ID','USER_ID','STRING',20,'N','Y','N','Y',-1,-1,0,0,0,'N','N','N','STRING',0,'Y',0,'Y','Y','Y','NONE',NULL,NULL,NULL,NULL,'N','N',0,NULL,NULL,0);
INSERT INTO SM_FIELD_DEF (TABLE_ID,FIELD_NAME,JP_TITLE,US_TITLE,DB_TYPE,DB_LENGTH,IS_KEY,NOT_BLANK,IS_DUMMY,IS_SEARCH_ITEM,SORT_NO,TREE_LEVEL,SHEET_NO,PAGE_NO,PROPERTY_NO,IS_AUTO,IS_MANDATORY,SYSTEM_READONLY,FIELD_TYPE,FIELD_LENGTH,INPUT_ALPHABET,INPUT_MULTIBYTE,INPUT_NUMERIC,INPUT_SYMBOL,INPUT_UPPERCASE,RETRIEVAL_TABLE,FORMAT,DEFAULT_VALUE,MIN_VALUE,MAX_VALUE,CALENDAR_BUTTON,JUMP_BUTTON,OPEN_BUTTON,REF_TABLE_ID,REF_FIELD_NAME,SPECIAL_BUTTON) VALUES ('TBLID_BUSER','PASSWD','PASSWD','PASSWD','STRING',10,'N','Y','N','Y',-1,-1,0,0,0,'N','N','N','STRING',0,'Y',0,'Y','Y','Y','NONE',NULL,NULL,NULL,NULL,'N','N',0,NULL,NULL,0);
INSERT INTO SM_FIELD_DEF (TABLE_ID,FIELD_NAME,JP_TITLE,US_TITLE,DB_TYPE,DB_LENGTH,IS_KEY,NOT_BLANK,IS_DUMMY,IS_SEARCH_ITEM,SORT_NO,TREE_LEVEL,SHEET_NO,PAGE_NO,PROPERTY_NO,IS_AUTO,IS_MANDATORY,SYSTEM_READONLY,FIELD_TYPE,FIELD_LENGTH,INPUT_ALPHABET,INPUT_MULTIBYTE,INPUT_NUMERIC,INPUT_SYMBOL,INPUT_UPPERCASE,RETRIEVAL_TABLE,FORMAT,DEFAULT_VALUE,MIN_VALUE,MAX_VALUE,CALENDAR_BUTTON,JUMP_BUTTON,OPEN_BUTTON,REF_TABLE_ID,REF_FIELD_NAME,SPECIAL_BUTTON) VALUES ('TBLID_BUSER','USER_NAME','USER_NAME','USER_NAME','STRING',40,'N','Y','N','Y',-1,-1,0,0,0,'N','N','N','STRING',0,'Y',0,'Y','Y','Y','NONE',NULL,NULL,NULL,NULL,'N','N',0,NULL,NULL,0);
INSERT INTO SM_FIELD_DEF (TABLE_ID,FIELD_NAME,JP_TITLE,US_TITLE,DB_TYPE,DB_LENGTH,IS_KEY,NOT_BLANK,IS_DUMMY,IS_SEARCH_ITEM,SORT_NO,TREE_LEVEL,SHEET_NO,PAGE_NO,PROPERTY_NO,IS_AUTO,IS_MANDATORY,SYSTEM_READONLY,FIELD_TYPE,FIELD_LENGTH,INPUT_ALPHABET,INPUT_MULTIBYTE,INPUT_NUMERIC,INPUT_SYMBOL,INPUT_UPPERCASE,RETRIEVAL_TABLE,FORMAT,DEFAULT_VALUE,MIN_VALUE,MAX_VALUE,CALENDAR_BUTTON,JUMP_BUTTON,OPEN_BUTTON,REF_TABLE_ID,REF_FIELD_NAME,SPECIAL_BUTTON) VALUES ('TBLID_BUSER','USER_DESC','USER_DESC','USER_DESC','STRING',80,'N','Y','N','Y',-1,-1,0,0,0,'N','N','N','STRING',0,'Y',0,'Y','Y','Y','NONE',NULL,NULL,NULL,NULL,'N','N',0,NULL,NULL,0);
INSERT INTO SM_FIELD_DEF (TABLE_ID,FIELD_NAME,JP_TITLE,US_TITLE,DB_TYPE,DB_LENGTH,IS_KEY,NOT_BLANK,IS_DUMMY,IS_SEARCH_ITEM,SORT_NO,TREE_LEVEL,SHEET_NO,PAGE_NO,PROPERTY_NO,IS_AUTO,IS_MANDATORY,SYSTEM_READONLY,FIELD_TYPE,FIELD_LENGTH,INPUT_ALPHABET,INPUT_MULTIBYTE,INPUT_NUMERIC,INPUT_SYMBOL,INPUT_UPPERCASE,RETRIEVAL_TABLE,FORMAT,DEFAULT_VALUE,MIN_VALUE,MAX_VALUE,CALENDAR_BUTTON,JUMP_BUTTON,OPEN_BUTTON,REF_TABLE_ID,REF_FIELD_NAME,SPECIAL_BUTTON) VALUES ('TBLID_BUSER','MAIL_ADRESS','MAIL_ADRESS','MAIL_ADRESS','STRING',50,'N','Y','N','Y',-1,-1,0,0,0,'N','N','N','STRING',0,'Y',0,'Y','Y','Y','NONE',NULL,NULL,NULL,NULL,'N','N',0,NULL,NULL,0);
INSERT INTO SM_FIELD_DEF (TABLE_ID,FIELD_NAME,JP_TITLE,US_TITLE,DB_TYPE,DB_LENGTH,IS_KEY,NOT_BLANK,IS_DUMMY,IS_SEARCH_ITEM,SORT_NO,TREE_LEVEL,SHEET_NO,PAGE_NO,PROPERTY_NO,IS_AUTO,IS_MANDATORY,SYSTEM_READONLY,FIELD_TYPE,FIELD_LENGTH,INPUT_ALPHABET,INPUT_MULTIBYTE,INPUT_NUMERIC,INPUT_SYMBOL,INPUT_UPPERCASE,RETRIEVAL_TABLE,FORMAT,DEFAULT_VALUE,MIN_VALUE,MAX_VALUE,CALENDAR_BUTTON,JUMP_BUTTON,OPEN_BUTTON,REF_TABLE_ID,REF_FIELD_NAME,SPECIAL_BUTTON) VALUES ('TBLID_BUSER','USERG_ID1','USERG_ID1','USERG_ID1','STRING',10,'N','Y','N','Y',-1,-1,0,0,0,'N','N','N','STRING',0,'Y',0,'Y','Y','Y','NONE',NULL,NULL,NULL,NULL,'N','N',0,NULL,NULL,0);
INSERT INTO SM_FIELD_DEF (TABLE_ID,FIELD_NAME,JP_TITLE,US_TITLE,DB_TYPE,DB_LENGTH,IS_KEY,NOT_BLANK,IS_DUMMY,IS_SEARCH_ITEM,SORT_NO,TREE_LEVEL,SHEET_NO,PAGE_NO,PROPERTY_NO,IS_AUTO,IS_MANDATORY,SYSTEM_READONLY,FIELD_TYPE,FIELD_LENGTH,INPUT_ALPHABET,INPUT_MULTIBYTE,INPUT_NUMERIC,INPUT_SYMBOL,INPUT_UPPERCASE,RETRIEVAL_TABLE,FORMAT,DEFAULT_VALUE,MIN_VALUE,MAX_VALUE,CALENDAR_BUTTON,JUMP_BUTTON,OPEN_BUTTON,REF_TABLE_ID,REF_FIELD_NAME,SPECIAL_BUTTON) VALUES ('TBLID_BUSER','USERG_ID2','USERG_ID2','USERG_ID2','STRING',10,'N','Y','N','Y',-1,-1,0,0,0,'N','N','N','STRING',0,'Y',0,'Y','Y','Y','NONE',NULL,NULL,NULL,NULL,'N','N',0,NULL,NULL,0);
INSERT INTO SM_FIELD_DEF (TABLE_ID,FIELD_NAME,JP_TITLE,US_TITLE,DB_TYPE,DB_LENGTH,IS_KEY,NOT_BLANK,IS_DUMMY,IS_SEARCH_ITEM,SORT_NO,TREE_LEVEL,SHEET_NO,PAGE_NO,PROPERTY_NO,IS_AUTO,IS_MANDATORY,SYSTEM_READONLY,FIELD_TYPE,FIELD_LENGTH,INPUT_ALPHABET,INPUT_MULTIBYTE,INPUT_NUMERIC,INPUT_SYMBOL,INPUT_UPPERCASE,RETRIEVAL_TABLE,FORMAT,DEFAULT_VALUE,MIN_VALUE,MAX_VALUE,CALENDAR_BUTTON,JUMP_BUTTON,OPEN_BUTTON,REF_TABLE_ID,REF_FIELD_NAME,SPECIAL_BUTTON) VALUES ('TBLID_BUSER','USERG_ID3','USERG_ID3','USERG_ID3','STRING',10,'N','Y','N','Y',-1,-1,0,0,0,'N','N','N','STRING',0,'Y',0,'Y','Y','Y','NONE',NULL,NULL,NULL,NULL,'N','N',0,NULL,NULL,0);
INSERT INTO SM_FIELD_DEF (TABLE_ID,FIELD_NAME,JP_TITLE,US_TITLE,DB_TYPE,DB_LENGTH,IS_KEY,NOT_BLANK,IS_DUMMY,IS_SEARCH_ITEM,SORT_NO,TREE_LEVEL,SHEET_NO,PAGE_NO,PROPERTY_NO,IS_AUTO,IS_MANDATORY,SYSTEM_READONLY,FIELD_TYPE,FIELD_LENGTH,INPUT_ALPHABET,INPUT_MULTIBYTE,INPUT_NUMERIC,INPUT_SYMBOL,INPUT_UPPERCASE,RETRIEVAL_TABLE,FORMAT,DEFAULT_VALUE,MIN_VALUE,MAX_VALUE,CALENDAR_BUTTON,JUMP_BUTTON,OPEN_BUTTON,REF_TABLE_ID,REF_FIELD_NAME,SPECIAL_BUTTON) VALUES ('TBLID_BUSER','USERG_ID4','USERG_ID4','USERG_ID4','STRING',10,'N','Y','N','Y',-1,-1,0,0,0,'N','N','N','STRING',0,'Y',0,'Y','Y','Y','NONE',NULL,NULL,NULL,NULL,'N','N',0,NULL,NULL,0);
INSERT INTO SM_FIELD_DEF (TABLE_ID,FIELD_NAME,JP_TITLE,US_TITLE,DB_TYPE,DB_LENGTH,IS_KEY,NOT_BLANK,IS_DUMMY,IS_SEARCH_ITEM,SORT_NO,TREE_LEVEL,SHEET_NO,PAGE_NO,PROPERTY_NO,IS_AUTO,IS_MANDATORY,SYSTEM_READONLY,FIELD_TYPE,FIELD_LENGTH,INPUT_ALPHABET,INPUT_MULTIBYTE,INPUT_NUMERIC,INPUT_SYMBOL,INPUT_UPPERCASE,RETRIEVAL_TABLE,FORMAT,DEFAULT_VALUE,MIN_VALUE,MAX_VALUE,CALENDAR_BUTTON,JUMP_BUTTON,OPEN_BUTTON,REF_TABLE_ID,REF_FIELD_NAME,SPECIAL_BUTTON) VALUES ('TBLID_BUSER','USERG_ID5','USERG_ID5','USERG_ID5','STRING',10,'N','Y','N','Y',-1,-1,0,0,0,'N','N','N','STRING',0,'Y',0,'Y','Y','Y','NONE',NULL,NULL,NULL,NULL,'N','N',0,NULL,NULL,0);
INSERT INTO SM_FIELD_DEF (TABLE_ID,FIELD_NAME,JP_TITLE,US_TITLE,DB_TYPE,DB_LENGTH,IS_KEY,NOT_BLANK,IS_DUMMY,IS_SEARCH_ITEM,SORT_NO,TREE_LEVEL,SHEET_NO,PAGE_NO,PROPERTY_NO,IS_AUTO,IS_MANDATORY,SYSTEM_READONLY,FIELD_TYPE,FIELD_LENGTH,INPUT_ALPHABET,INPUT_MULTIBYTE,INPUT_NUMERIC,INPUT_SYMBOL,INPUT_UPPERCASE,RETRIEVAL_TABLE,FORMAT,DEFAULT_VALUE,MIN_VALUE,MAX_VALUE,CALENDAR_BUTTON,JUMP_BUTTON,OPEN_BUTTON,REF_TABLE_ID,REF_FIELD_NAME,SPECIAL_BUTTON) VALUES ('TBLID_BUSER','USERG_ID6','USERG_ID6','USERG_ID6','STRING',10,'N','Y','N','Y',-1,-1,0,0,0,'N','N','N','STRING',0,'Y',0,'Y','Y','Y','NONE',NULL,NULL,NULL,NULL,'N','N',0,NULL,NULL,0);
INSERT INTO SM_FIELD_DEF (TABLE_ID,FIELD_NAME,JP_TITLE,US_TITLE,DB_TYPE,DB_LENGTH,IS_KEY,NOT_BLANK,IS_DUMMY,IS_SEARCH_ITEM,SORT_NO,TREE_LEVEL,SHEET_NO,PAGE_NO,PROPERTY_NO,IS_AUTO,IS_MANDATORY,SYSTEM_READONLY,FIELD_TYPE,FIELD_LENGTH,INPUT_ALPHABET,INPUT_MULTIBYTE,INPUT_NUMERIC,INPUT_SYMBOL,INPUT_UPPERCASE,RETRIEVAL_TABLE,FORMAT,DEFAULT_VALUE,MIN_VALUE,MAX_VALUE,CALENDAR_BUTTON,JUMP_BUTTON,OPEN_BUTTON,REF_TABLE_ID,REF_FIELD_NAME,SPECIAL_BUTTON) VALUES ('TBLID_BUSER','USERG_ID7','USERG_ID7','USERG_ID7','STRING',10,'N','Y','N','Y',-1,-1,0,0,0,'N','N','N','STRING',0,'Y',0,'Y','Y','Y','NONE',NULL,NULL,NULL,NULL,'N','N',0,NULL,NULL,0);
INSERT INTO SM_FIELD_DEF (TABLE_ID,FIELD_NAME,JP_TITLE,US_TITLE,DB_TYPE,DB_LENGTH,IS_KEY,NOT_BLANK,IS_DUMMY,IS_SEARCH_ITEM,SORT_NO,TREE_LEVEL,SHEET_NO,PAGE_NO,PROPERTY_NO,IS_AUTO,IS_MANDATORY,SYSTEM_READONLY,FIELD_TYPE,FIELD_LENGTH,INPUT_ALPHABET,INPUT_MULTIBYTE,INPUT_NUMERIC,INPUT_SYMBOL,INPUT_UPPERCASE,RETRIEVAL_TABLE,FORMAT,DEFAULT_VALUE,MIN_VALUE,MAX_VALUE,CALENDAR_BUTTON,JUMP_BUTTON,OPEN_BUTTON,REF_TABLE_ID,REF_FIELD_NAME,SPECIAL_BUTTON) VALUES ('TBLID_BUSER','USERG_ID8','USERG_ID8','USERG_ID8','STRING',10,'N','Y','N','Y',-1,-1,0,0,0,'N','N','N','STRING',0,'Y',0,'Y','Y','Y','NONE',NULL,NULL,NULL,NULL,'N','N',0,NULL,NULL,0);
INSERT INTO SM_FIELD_DEF (TABLE_ID,FIELD_NAME,JP_TITLE,US_TITLE,DB_TYPE,DB_LENGTH,IS_KEY,NOT_BLANK,IS_DUMMY,IS_SEARCH_ITEM,SORT_NO,TREE_LEVEL,SHEET_NO,PAGE_NO,PROPERTY_NO,IS_AUTO,IS_MANDATORY,SYSTEM_READONLY,FIELD_TYPE,FIELD_LENGTH,INPUT_ALPHABET,INPUT_MULTIBYTE,INPUT_NUMERIC,INPUT_SYMBOL,INPUT_UPPERCASE,RETRIEVAL_TABLE,FORMAT,DEFAULT_VALUE,MIN_VALUE,MAX_VALUE,CALENDAR_BUTTON,JUMP_BUTTON,OPEN_BUTTON,REF_TABLE_ID,REF_FIELD_NAME,SPECIAL_BUTTON) VALUES ('TBLID_BUSER','USERG_ID9','USERG_ID9','USERG_ID9','STRING',10,'N','Y','N','Y',-1,-1,0,0,0,'N','N','N','STRING',0,'Y',0,'Y','Y','Y','NONE',NULL,NULL,NULL,NULL,'N','N',0,NULL,NULL,0);
INSERT INTO SM_FIELD_DEF (TABLE_ID,FIELD_NAME,JP_TITLE,US_TITLE,DB_TYPE,DB_LENGTH,IS_KEY,NOT_BLANK,IS_DUMMY,IS_SEARCH_ITEM,SORT_NO,TREE_LEVEL,SHEET_NO,PAGE_NO,PROPERTY_NO,IS_AUTO,IS_MANDATORY,SYSTEM_READONLY,FIELD_TYPE,FIELD_LENGTH,INPUT_ALPHABET,INPUT_MULTIBYTE,INPUT_NUMERIC,INPUT_SYMBOL,INPUT_UPPERCASE,RETRIEVAL_TABLE,FORMAT,DEFAULT_VALUE,MIN_VALUE,MAX_VALUE,CALENDAR_BUTTON,JUMP_BUTTON,OPEN_BUTTON,REF_TABLE_ID,REF_FIELD_NAME,SPECIAL_BUTTON) VALUES ('TBLID_BUSER','USERG_ID10','USERG_ID10','USERG_ID10','STRING',10,'N','Y','N','Y',-1,-1,0,0,0,'N','N','N','STRING',0,'Y',0,'Y','Y','Y','NONE',NULL,NULL,NULL,NULL,'N','N',0,NULL,NULL,0);
INSERT INTO SM_CHECK_DEF (TABLE_ID,CHECK_TYPE,CHECK_ORDER,CHECK_KIND,FIELD_NAME,REF_TABLE,REF_FIELD,EXPECT_VALUE,ERR_MSG) VALUES ('TBLID_BUSER','SAVE',1,'STAT_E',NULL,NULL,NULL,NULL,NULL);
INSERT INTO SM_CHECK_DEF (TABLE_ID,CHECK_TYPE,CHECK_ORDER,CHECK_KIND,FIELD_NAME,REF_TABLE,REF_FIELD,EXPECT_VALUE,ERR_MSG) VALUES ('TBLID_BUSER','SAVE',2,'STRING','lock_user',NULL,NULL,'',NULL);
INSERT INTO SM_CHECK_DEF (TABLE_ID,CHECK_TYPE,CHECK_ORDER,CHECK_KIND,FIELD_NAME,REF_TABLE,REF_FIELD,EXPECT_VALUE,ERR_MSG) VALUES ('TBLID_BUSER','SAVE',3,'NULLCHK','lock_time',NULL,NULL,NULL,NULL);
INSERT INTO SM_CHECK_DEF (TABLE_ID,CHECK_TYPE,CHECK_ORDER,CHECK_KIND,FIELD_NAME,REF_TABLE,REF_FIELD,EXPECT_VALUE,ERR_MSG) VALUES ('TBLID_BUSER','SAVE',4,'KEY','userg_id1','0','',NULL,NULL);
INSERT INTO SM_CHECK_DEF (TABLE_ID,CHECK_TYPE,CHECK_ORDER,CHECK_KIND,FIELD_NAME,REF_TABLE,REF_FIELD,EXPECT_VALUE,ERR_MSG) VALUES ('TBLID_BUSER','SAVE',5,'KEY','userg_id1','0','',NULL,NULL);
INSERT INTO SM_CHECK_DEF (TABLE_ID,CHECK_TYPE,CHECK_ORDER,CHECK_KIND,FIELD_NAME,REF_TABLE,REF_FIELD,EXPECT_VALUE,ERR_MSG) VALUES ('TBLID_BUSER','SAVE',6,'STAT_R',NULL,NULL,NULL,NULL,NULL);
INSERT INTO SM_CHECK_DEF (TABLE_ID,CHECK_TYPE,CHECK_ORDER,CHECK_KIND,FIELD_NAME,REF_TABLE,REF_FIELD,EXPECT_VALUE,ERR_MSG) VALUES ('TBLID_BUSER','SAVE',7,'STRING','userg_id2',NULL,NULL,'',NULL);
INSERT INTO SM_CHECK_DEF (TABLE_ID,CHECK_TYPE,CHECK_ORDER,CHECK_KIND,FIELD_NAME,REF_TABLE,REF_FIELD,EXPECT_VALUE,ERR_MSG) VALUES ('TBLID_BUSER','SAVE',8,'KEY','userg_id2','0','',NULL,NULL);
INSERT INTO SM_CHECK_DEF (TABLE_ID,CHECK_TYPE,CHECK_ORDER,CHECK_KIND,FIELD_NAME,REF_TABLE,REF_FIELD,EXPECT_VALUE,ERR_MSG) VALUES ('TBLID_BUSER','SAVE',9,'KEY','userg_id2','0','',NULL,NULL);
INSERT INTO SM_CHECK_DEF (TABLE_ID,CHECK_TYPE,CHECK_ORDER,CHECK_KIND,FIELD_NAME,REF_TABLE,REF_FIELD,EXPECT_VALUE,ERR_MSG) VALUES ('TBLID_BUSER','SAVE',10,'STAT_R',NULL,NULL,NULL,NULL,NULL);
INSERT INTO SM_CHECK_DEF (TABLE_ID,CHECK_TYPE,CHECK_ORDER,CHECK_KIND,FIELD_NAME,REF_TABLE,REF_FIELD,EXPECT_VALUE,ERR_MSG) VALUES ('TBLID_BUSER','SAVE',11,'STRING','userg_id3',NULL,NULL,'',NULL);
INSERT INTO SM_CHECK_DEF (TABLE_ID,CHECK_TYPE,CHECK_ORDER,CHECK_KIND,FIELD_NAME,REF_TABLE,REF_FIELD,EXPECT_VALUE,ERR_MSG) VALUES ('TBLID_BUSER','SAVE',12,'KEY','userg_id3','0','',NULL,NULL);
INSERT INTO SM_CHECK_DEF (TABLE_ID,CHECK_TYPE,CHECK_ORDER,CHECK_KIND,FIELD_NAME,REF_TABLE,REF_FIELD,EXPECT_VALUE,ERR_MSG) VALUES ('TBLID_BUSER','SAVE',13,'KEY','userg_id3','0','',NULL,NULL);
INSERT INTO SM_CHECK_DEF (TABLE_ID,CHECK_TYPE,CHECK_ORDER,CHECK_KIND,FIELD_NAME,REF_TABLE,REF_FIELD,EXPECT_VALUE,ERR_MSG) VALUES ('TBLID_BUSER','SAVE',14,'STAT_R',NULL,NULL,NULL,NULL,NULL);
INSERT INTO SM_CHECK_DEF (TABLE_ID,CHECK_TYPE,CHECK_ORDER,CHECK_KIND,FIELD_NAME,REF_TABLE,REF_FIELD,EXPECT_VALUE,ERR_MSG) VALUES ('TBLID_BUSER','SAVE',15,'STRING','userg_id4',NULL,NULL,'',NULL);
INSERT INTO SM_CHECK_DEF (TABLE_ID,CHECK_TYPE,CHECK_ORDER,CHECK_KIND,FIELD_NAME,REF_TABLE,REF_FIELD,EXPECT_VALUE,ERR_MSG) VALUES ('TBLID_BUSER','SAVE',16,'KEY','userg_id4','0','',NULL,NULL);
INSERT INTO SM_CHECK_DEF (TABLE_ID,CHECK_TYPE,CHECK_ORDER,CHECK_KIND,FIELD_NAME,REF_TABLE,REF_FIELD,EXPECT_VALUE,ERR_MSG) VALUES ('TBLID_BUSER','SAVE',17,'KEY','userg_id4','0','',NULL,NULL);
INSERT INTO SM_CHECK_DEF (TABLE_ID,CHECK_TYPE,CHECK_ORDER,CHECK_KIND,FIELD_NAME,REF_TABLE,REF_FIELD,EXPECT_VALUE,ERR_MSG) VALUES ('TBLID_BUSER','SAVE',18,'STAT_R',NULL,NULL,NULL,NULL,NULL);
INSERT INTO SM_CHECK_DEF (TABLE_ID,CHECK_TYPE,CHECK_ORDER,CHECK_KIND,FIELD_NAME,REF_TABLE,REF_FIELD,EXPECT_VALUE,ERR_MSG) VALUES ('TBLID_BUSER','SAVE',19,'STRING','userg_id5',NULL,NULL,'',NULL);
INSERT INTO SM_CHECK_DEF (TABLE_ID,CHECK_TYPE,CHECK_ORDER,CHECK_KIND,FIELD_NAME,REF_TABLE,REF_FIELD,EXPECT_VALUE,ERR_MSG) VALUES ('TBLID_BUSER','SAVE',20,'KEY','userg_id5','0','',NULL,NULL);
INSERT INTO SM_CHECK_DEF (TABLE_ID,CHECK_TYPE,CHECK_ORDER,CHECK_KIND,FIELD_NAME,REF_TABLE,REF_FIELD,EXPECT_VALUE,ERR_MSG) VALUES ('TBLID_BUSER','SAVE',21,'KEY','userg_id5','0','',NULL,NULL);
INSERT INTO SM_CHECK_DEF (TABLE_ID,CHECK_TYPE,CHECK_ORDER,CHECK_KIND,FIELD_NAME,REF_TABLE,REF_FIELD,EXPECT_VALUE,ERR_MSG) VALUES ('TBLID_BUSER','SAVE',22,'STAT_R',NULL,NULL,NULL,NULL,NULL);
INSERT INTO SM_CHECK_DEF (TABLE_ID,CHECK_TYPE,CHECK_ORDER,CHECK_KIND,FIELD_NAME,REF_TABLE,REF_FIELD,EXPECT_VALUE,ERR_MSG) VALUES ('TBLID_BUSER','SAVE',23,'STRING','userg_id6',NULL,NULL,'',NULL);
INSERT INTO SM_CHECK_DEF (TABLE_ID,CHECK_TYPE,CHECK_ORDER,CHECK_KIND,FIELD_NAME,REF_TABLE,REF_FIELD,EXPECT_VALUE,ERR_MSG) VALUES ('TBLID_BUSER','SAVE',24,'KEY','userg_id6','0','',NULL,NULL);
INSERT INTO SM_CHECK_DEF (TABLE_ID,CHECK_TYPE,CHECK_ORDER,CHECK_KIND,FIELD_NAME,REF_TABLE,REF_FIELD,EXPECT_VALUE,ERR_MSG) VALUES ('TBLID_BUSER','SAVE',25,'KEY','userg_id6','0','',NULL,NULL);
INSERT INTO SM_CHECK_DEF (TABLE_ID,CHECK_TYPE,CHECK_ORDER,CHECK_KIND,FIELD_NAME,REF_TABLE,REF_FIELD,EXPECT_VALUE,ERR_MSG) VALUES ('TBLID_BUSER','SAVE',26,'STAT_R',NULL,NULL,NULL,NULL,NULL);
INSERT INTO SM_CHECK_DEF (TABLE_ID,CHECK_TYPE,CHECK_ORDER,CHECK_KIND,FIELD_NAME,REF_TABLE,REF_FIELD,EXPECT_VALUE,ERR_MSG) VALUES ('TBLID_BUSER','SAVE',27,'STRING','userg_id7',NULL,NULL,'',NULL);
INSERT INTO SM_CHECK_DEF (TABLE_ID,CHECK_TYPE,CHECK_ORDER,CHECK_KIND,FIELD_NAME,REF_TABLE,REF_FIELD,EXPECT_VALUE,ERR_MSG) VALUES ('TBLID_BUSER','SAVE',28,'KEY','userg_id7','0','',NULL,NULL);
INSERT INTO SM_CHECK_DEF (TABLE_ID,CHECK_TYPE,CHECK_ORDER,CHECK_KIND,FIELD_NAME,REF_TABLE,REF_FIELD,EXPECT_VALUE,ERR_MSG) VALUES ('TBLID_BUSER','SAVE',29,'KEY','userg_id7','0','',NULL,NULL);
INSERT INTO SM_CHECK_DEF (TABLE_ID,CHECK_TYPE,CHECK_ORDER,CHECK_KIND,FIELD_NAME,REF_TABLE,REF_FIELD,EXPECT_VALUE,ERR_MSG) VALUES ('TBLID_BUSER','SAVE',30,'STAT_R',NULL,NULL,NULL,NULL,NULL);
INSERT INTO SM_CHECK_DEF (TABLE_ID,CHECK_TYPE,CHECK_ORDER,CHECK_KIND,FIELD_NAME,REF_TABLE,REF_FIELD,EXPECT_VALUE,ERR_MSG) VALUES ('TBLID_BUSER','SAVE',31,'STRING','userg_id8',NULL,NULL,'',NULL);
INSERT INTO SM_CHECK_DEF (TABLE_ID,CHECK_TYPE,CHECK_ORDER,CHECK_KIND,FIELD_NAME,REF_TABLE,REF_FIELD,EXPECT_VALUE,ERR_MSG) VALUES ('TBLID_BUSER','SAVE',32,'KEY','userg_id8','0','',NULL,NULL);
INSERT INTO SM_CHECK_DEF (TABLE_ID,CHECK_TYPE,CHECK_ORDER,CHECK_KIND,FIELD_NAME,REF_TABLE,REF_FIELD,EXPECT_VALUE,ERR_MSG) VALUES ('TBLID_BUSER','SAVE',33,'KEY','userg_id8','0','',NULL,NULL);
INSERT INTO SM_CHECK_DEF (TABLE_ID,CHECK_TYPE,CHECK_ORDER,CHECK_KIND,FIELD_NAME,REF_TABLE,REF_FIELD,EXPECT_VALUE,ERR_MSG) VALUES ('TBLID_BUSER','SAVE',34,'STAT_R',NULL,NULL,NULL,NULL,NULL);
INSERT INTO SM_CHECK_DEF (TABLE_ID,CHECK_TYPE,CHECK_ORDER,CHECK_KIND,FIELD_NAME,REF_TABLE,REF_FIELD,EXPECT_VALUE,ERR_MSG) VALUES ('TBLID_BUSER','SAVE',35,'STRING','userg_id9',NULL,NULL,'',NULL);
INSERT INTO SM_CHECK_DEF (TABLE_ID,CHECK_TYPE,CHECK_ORDER,CHECK_KIND,FIELD_NAME,REF_TABLE,REF_FIELD,EXPECT_VALUE,ERR_MSG) VALUES ('TBLID_BUSER','SAVE',36,'KEY','userg_id9','0','',NULL,NULL);
INSERT INTO SM_CHECK_DEF (TABLE_ID,CHECK_TYPE,CHECK_ORDER,CHECK_KIND,FIELD_NAME,REF_TABLE,REF_FIELD,EXPECT_VALUE,ERR_MSG) VALUES ('TBLID_BUSER','SAVE',37,'KEY','userg_id9','0','',NULL,NULL);
INSERT INTO SM_CHECK_DEF (TABLE_ID,CHECK_TYPE,CHECK_ORDER,CHECK_KIND,FIELD_NAME,REF_TABLE,REF_FIELD,EXPECT_VALUE,ERR_MSG) VALUES ('TBLID_BUSER','SAVE',38,'STAT_R',NULL,NULL,NULL,NULL,NULL);
INSERT INTO SM_CHECK_DEF (TABLE_ID,CHECK_TYPE,CHECK_ORDER,CHECK_KIND,FIELD_NAME,REF_TABLE,REF_FIELD,EXPECT_VALUE,ERR_MSG) VALUES ('TBLID_BUSER','SAVE',39,'STRING','userg_id10',NULL,NULL,'',NULL);
INSERT INTO SM_CHECK_DEF (TABLE_ID,CHECK_TYPE,CHECK_ORDER,CHECK_KIND,FIELD_NAME,REF_TABLE,REF_FIELD,EXPECT_VALUE,ERR_MSG) VALUES ('TBLID_BUSER','SAVE',40,'KEY','userg_id10','0','',NULL,NULL);
INSERT INTO SM_CHECK_DEF (TABLE_ID,CHECK_TYPE,CHECK_ORDER,CHECK_KIND,FIELD_NAME,REF_TABLE,REF_FIELD,EXPECT_VALUE,ERR_MSG) VALUES ('TBLID_BUSER','SAVE',41,'KEY','userg_id10','0','',NULL,NULL);
INSERT INTO SM_CHECK_DEF (TABLE_ID,CHECK_TYPE,CHECK_ORDER,CHECK_KIND,FIELD_NAME,REF_TABLE,REF_FIELD,EXPECT_VALUE,ERR_MSG) VALUES ('TBLID_BUSER','SAVE',42,'STAT_R',NULL,NULL,NULL,NULL,NULL);
INSERT INTO SM_CHECK_DEF (TABLE_ID,CHECK_TYPE,CHECK_ORDER,CHECK_KIND,FIELD_NAME,REF_TABLE,REF_FIELD,EXPECT_VALUE,ERR_MSG) VALUES ('TBLID_BUSER','RELEASE',1,'STAT_E',NULL,NULL,NULL,NULL,NULL);
INSERT INTO SM_CHECK_DEF (TABLE_ID,CHECK_TYPE,CHECK_ORDER,CHECK_KIND,FIELD_NAME,REF_TABLE,REF_FIELD,EXPECT_VALUE,ERR_MSG) VALUES ('TBLID_BUSER','RELEASE',2,'STRING','lock_user',NULL,NULL,'',NULL);
INSERT INTO SM_CHECK_DEF (TABLE_ID,CHECK_TYPE,CHECK_ORDER,CHECK_KIND,FIELD_NAME,REF_TABLE,REF_FIELD,EXPECT_VALUE,ERR_MSG) VALUES ('TBLID_BUSER','RELEASE',3,'NULLCHK','lock_time',NULL,NULL,NULL,NULL);
INSERT INTO SM_CHECK_DEF (TABLE_ID,CHECK_TYPE,CHECK_ORDER,CHECK_KIND,FIELD_NAME,REF_TABLE,REF_FIELD,EXPECT_VALUE,ERR_MSG) VALUES ('TBLID_BUSER','RELEASE',4,'KEY','userg_id1','0','',NULL,NULL);
INSERT INTO SM_CHECK_DEF (TABLE_ID,CHECK_TYPE,CHECK_ORDER,CHECK_KIND,FIELD_NAME,REF_TABLE,REF_FIELD,EXPECT_VALUE,ERR_MSG) VALUES ('TBLID_BUSER','RELEASE',5,'STAT_R',NULL,NULL,NULL,NULL,NULL);
INSERT INTO SM_CHECK_DEF (TABLE_ID,CHECK_TYPE,CHECK_ORDER,CHECK_KIND,FIELD_NAME,REF_TABLE,REF_FIELD,EXPECT_VALUE,ERR_MSG) VALUES ('TBLID_BUSER','RELEASE',6,'STRING','userg_id2',NULL,NULL,'',NULL);
INSERT INTO SM_CHECK_DEF (TABLE_ID,CHECK_TYPE,CHECK_ORDER,CHECK_KIND,FIELD_NAME,REF_TABLE,REF_FIELD,EXPECT_VALUE,ERR_MSG) VALUES ('TBLID_BUSER','RELEASE',7,'KEY','userg_id2','0','',NULL,NULL);
INSERT INTO SM_CHECK_DEF (TABLE_ID,CHECK_TYPE,CHECK_ORDER,CHECK_KIND,FIELD_NAME,REF_TABLE,REF_FIELD,EXPECT_VALUE,ERR_MSG) VALUES ('TBLID_BUSER','RELEASE',8,'STAT_R',NULL,NULL,NULL,NULL,NULL);
INSERT INTO SM_CHECK_DEF (TABLE_ID,CHECK_TYPE,CHECK_ORDER,CHECK_KIND,FIELD_NAME,REF_TABLE,REF_FIELD,EXPECT_VALUE,ERR_MSG) VALUES ('TBLID_BUSER','RELEASE',9,'STRING','userg_id3',NULL,NULL,'',NULL);
INSERT INTO SM_CHECK_DEF (TABLE_ID,CHECK_TYPE,CHECK_ORDER,CHECK_KIND,FIELD_NAME,REF_TABLE,REF_FIELD,EXPECT_VALUE,ERR_MSG) VALUES ('TBLID_BUSER','RELEASE',10,'KEY','userg_id3','0','',NULL,NULL);
INSERT INTO SM_CHECK_DEF (TABLE_ID,CHECK_TYPE,CHECK_ORDER,CHECK_KIND,FIELD_NAME,REF_TABLE,REF_FIELD,EXPECT_VALUE,ERR_MSG) VALUES ('TBLID_BUSER','RELEASE',11,'STAT_R',NULL,NULL,NULL,NULL,NULL);
INSERT INTO SM_CHECK_DEF (TABLE_ID,CHECK_TYPE,CHECK_ORDER,CHECK_KIND,FIELD_NAME,REF_TABLE,REF_FIELD,EXPECT_VALUE,ERR_MSG) VALUES ('TBLID_BUSER','RELEASE',12,'STRING','userg_id4',NULL,NULL,'',NULL);
INSERT INTO SM_CHECK_DEF (TABLE_ID,CHECK_TYPE,CHECK_ORDER,CHECK_KIND,FIELD_NAME,REF_TABLE,REF_FIELD,EXPECT_VALUE,ERR_MSG) VALUES ('TBLID_BUSER','RELEASE',13,'KEY','userg_id4','0','',NULL,NULL);
INSERT INTO SM_CHECK_DEF (TABLE_ID,CHECK_TYPE,CHECK_ORDER,CHECK_KIND,FIELD_NAME,REF_TABLE,REF_FIELD,EXPECT_VALUE,ERR_MSG) VALUES ('TBLID_BUSER','RELEASE',14,'STAT_R',NULL,NULL,NULL,NULL,NULL);
INSERT INTO SM_CHECK_DEF (TABLE_ID,CHECK_TYPE,CHECK_ORDER,CHECK_KIND,FIELD_NAME,REF_TABLE,REF_FIELD,EXPECT_VALUE,ERR_MSG) VALUES ('TBLID_BUSER','RELEASE',15,'STRING','userg_id5',NULL,NULL,'',NULL);
INSERT INTO SM_CHECK_DEF (TABLE_ID,CHECK_TYPE,CHECK_ORDER,CHECK_KIND,FIELD_NAME,REF_TABLE,REF_FIELD,EXPECT_VALUE,ERR_MSG) VALUES ('TBLID_BUSER','RELEASE',16,'KEY','userg_id5','0','',NULL,NULL);
INSERT INTO SM_CHECK_DEF (TABLE_ID,CHECK_TYPE,CHECK_ORDER,CHECK_KIND,FIELD_NAME,REF_TABLE,REF_FIELD,EXPECT_VALUE,ERR_MSG) VALUES ('TBLID_BUSER','RELEASE',17,'STAT_R',NULL,NULL,NULL,NULL,NULL);
INSERT INTO SM_CHECK_DEF (TABLE_ID,CHECK_TYPE,CHECK_ORDER,CHECK_KIND,FIELD_NAME,REF_TABLE,REF_FIELD,EXPECT_VALUE,ERR_MSG) VALUES ('TBLID_BUSER','RELEASE',18,'STRING','userg_id6',NULL,NULL,'',NULL);
INSERT INTO SM_CHECK_DEF (TABLE_ID,CHECK_TYPE,CHECK_ORDER,CHECK_KIND,FIELD_NAME,REF_TABLE,REF_FIELD,EXPECT_VALUE,ERR_MSG) VALUES ('TBLID_BUSER','RELEASE',19,'KEY','userg_id6','0','',NULL,NULL);
INSERT INTO SM_CHECK_DEF (TABLE_ID,CHECK_TYPE,CHECK_ORDER,CHECK_KIND,FIELD_NAME,REF_TABLE,REF_FIELD,EXPECT_VALUE,ERR_MSG) VALUES ('TBLID_BUSER','RELEASE',20,'STAT_R',NULL,NULL,NULL,NULL,NULL);
INSERT INTO SM_CHECK_DEF (TABLE_ID,CHECK_TYPE,CHECK_ORDER,CHECK_KIND,FIELD_NAME,REF_TABLE,REF_FIELD,EXPECT_VALUE,ERR_MSG) VALUES ('TBLID_BUSER','RELEASE',21,'STRING','userg_id7',NULL,NULL,'',NULL);
INSERT INTO SM_CHECK_DEF (TABLE_ID,CHECK_TYPE,CHECK_ORDER,CHECK_KIND,FIELD_NAME,REF_TABLE,REF_FIELD,EXPECT_VALUE,ERR_MSG) VALUES ('TBLID_BUSER','RELEASE',22,'KEY','userg_id7','0','',NULL,NULL);
INSERT INTO SM_CHECK_DEF (TABLE_ID,CHECK_TYPE,CHECK_ORDER,CHECK_KIND,FIELD_NAME,REF_TABLE,REF_FIELD,EXPECT_VALUE,ERR_MSG) VALUES ('TBLID_BUSER','RELEASE',23,'STAT_R',NULL,NULL,NULL,NULL,NULL);
INSERT INTO SM_CHECK_DEF (TABLE_ID,CHECK_TYPE,CHECK_ORDER,CHECK_KIND,FIELD_NAME,REF_TABLE,REF_FIELD,EXPECT_VALUE,ERR_MSG) VALUES ('TBLID_BUSER','RELEASE',24,'STRING','userg_id8',NULL,NULL,'',NULL);
INSERT INTO SM_CHECK_DEF (TABLE_ID,CHECK_TYPE,CHECK_ORDER,CHECK_KIND,FIELD_NAME,REF_TABLE,REF_FIELD,EXPECT_VALUE,ERR_MSG) VALUES ('TBLID_BUSER','RELEASE',25,'KEY','userg_id8','0','',NULL,NULL);
INSERT INTO SM_CHECK_DEF (TABLE_ID,CHECK_TYPE,CHECK_ORDER,CHECK_KIND,FIELD_NAME,REF_TABLE,REF_FIELD,EXPECT_VALUE,ERR_MSG) VALUES ('TBLID_BUSER','RELEASE',26,'STAT_R',NULL,NULL,NULL,NULL,NULL);
INSERT INTO SM_CHECK_DEF (TABLE_ID,CHECK_TYPE,CHECK_ORDER,CHECK_KIND,FIELD_NAME,REF_TABLE,REF_FIELD,EXPECT_VALUE,ERR_MSG) VALUES ('TBLID_BUSER','RELEASE',27,'STRING','userg_id9',NULL,NULL,'',NULL);
INSERT INTO SM_CHECK_DEF (TABLE_ID,CHECK_TYPE,CHECK_ORDER,CHECK_KIND,FIELD_NAME,REF_TABLE,REF_FIELD,EXPECT_VALUE,ERR_MSG) VALUES ('TBLID_BUSER','RELEASE',28,'KEY','userg_id9','0','',NULL,NULL);
INSERT INTO SM_CHECK_DEF (TABLE_ID,CHECK_TYPE,CHECK_ORDER,CHECK_KIND,FIELD_NAME,REF_TABLE,REF_FIELD,EXPECT_VALUE,ERR_MSG) VALUES ('TBLID_BUSER','RELEASE',29,'STAT_R',NULL,NULL,NULL,NULL,NULL);
INSERT INTO SM_CHECK_DEF (TABLE_ID,CHECK_TYPE,CHECK_ORDER,CHECK_KIND,FIELD_NAME,REF_TABLE,REF_FIELD,EXPECT_VALUE,ERR_MSG) VALUES ('TBLID_BUSER','RELEASE',30,'STRING','userg_id10',NULL,NULL,'',NULL);
INSERT INTO SM_CHECK_DEF (TABLE_ID,CHECK_TYPE,CHECK_ORDER,CHECK_KIND,FIELD_NAME,REF_TABLE,REF_FIELD,EXPECT_VALUE,ERR_MSG) VALUES ('TBLID_BUSER','RELEASE',31,'KEY','userg_id10','0','',NULL,NULL);
INSERT INTO SM_CHECK_DEF (TABLE_ID,CHECK_TYPE,CHECK_ORDER,CHECK_KIND,FIELD_NAME,REF_TABLE,REF_FIELD,EXPECT_VALUE,ERR_MSG) VALUES ('TBLID_BUSER','RELEASE',32,'STAT_R',NULL,NULL,NULL,NULL,NULL);
INSERT INTO SM_CHECK_DEF (TABLE_ID,CHECK_TYPE,CHECK_ORDER,CHECK_KIND,FIELD_NAME,REF_TABLE,REF_FIELD,EXPECT_VALUE,ERR_MSG) VALUES ('TBLID_BUSER','RELEASE',33,'RELEASE_PARAM','user_id','D20',NULL,NULL,NULL);
INSERT INTO SM_CHECK_DEF (TABLE_ID,CHECK_TYPE,CHECK_ORDER,CHECK_KIND,FIELD_NAME,REF_TABLE,REF_FIELD,EXPECT_VALUE,ERR_MSG) VALUES ('TBLID_BUSER','RELEASE',34,'RELEASE_WRITE','passwd','D0',NULL,NULL,NULL);
INSERT INTO SM_CHECK_DEF (TABLE_ID,CHECK_TYPE,CHECK_ORDER,CHECK_KIND,FIELD_NAME,REF_TABLE,REF_FIELD,EXPECT_VALUE,ERR_MSG) VALUES ('TBLID_BUSER','RELEASE',35,'RELEASE_WRITE','user_name','D0',NULL,NULL,NULL);
INSERT INTO SM_CHECK_DEF (TABLE_ID,CHECK_TYPE,CHECK_ORDER,CHECK_KIND,FIELD_NAME,REF_TABLE,REF_FIELD,EXPECT_VALUE,ERR_MSG) VALUES ('TBLID_BUSER','RELEASE',36,'RELEASE_WRITE','user_desc','D0',NULL,NULL,NULL);
INSERT INTO SM_CHECK_DEF (TABLE_ID,CHECK_TYPE,CHECK_ORDER,CHECK_KIND,FIELD_NAME,REF_TABLE,REF_FIELD,EXPECT_VALUE,ERR_MSG) VALUES ('TBLID_BUSER','RELEASE',37,'RELEASE_WRITE','mail_adress','D0',NULL,NULL,NULL);
INSERT INTO SM_CHECK_DEF (TABLE_ID,CHECK_TYPE,CHECK_ORDER,CHECK_KIND,FIELD_NAME,REF_TABLE,REF_FIELD,EXPECT_VALUE,ERR_MSG) VALUES ('TBLID_BUSER','RELEASE',38,'RELEASE_WRITE','userg_id1','D0',NULL,NULL,NULL);
INSERT INTO SM_CHECK_DEF (TABLE_ID,CHECK_TYPE,CHECK_ORDER,CHECK_KIND,FIELD_NAME,REF_TABLE,REF_FIELD,EXPECT_VALUE,ERR_MSG) VALUES ('TBLID_BUSER','RELEASE',39,'RELEASE_WRITE','userg_id2','D0',NULL,NULL,NULL);
INSERT INTO SM_CHECK_DEF (TABLE_ID,CHECK_TYPE,CHECK_ORDER,CHECK_KIND,FIELD_NAME,REF_TABLE,REF_FIELD,EXPECT_VALUE,ERR_MSG) VALUES ('TBLID_BUSER','RELEASE',40,'RELEASE_WRITE','userg_id3','D0',NULL,NULL,NULL);
INSERT INTO SM_CHECK_DEF (TABLE_ID,CHECK_TYPE,CHECK_ORDER,CHECK_KIND,FIELD_NAME,REF_TABLE,REF_FIELD,EXPECT_VALUE,ERR_MSG) VALUES ('TBLID_BUSER','RELEASE',41,'RELEASE_WRITE','userg_id4','D0',NULL,NULL,NULL);
INSERT INTO SM_CHECK_DEF (TABLE_ID,CHECK_TYPE,CHECK_ORDER,CHECK_KIND,FIELD_NAME,REF_TABLE,REF_FIELD,EXPECT_VALUE,ERR_MSG) VALUES ('TBLID_BUSER','RELEASE',42,'RELEASE_WRITE','userg_id5','D0',NULL,NULL,NULL);
INSERT INTO SM_CHECK_DEF (TABLE_ID,CHECK_TYPE,CHECK_ORDER,CHECK_KIND,FIELD_NAME,REF_TABLE,REF_FIELD,EXPECT_VALUE,ERR_MSG) VALUES ('TBLID_BUSER','RELEASE',43,'RELEASE_WRITE','userg_id6','D0',NULL,NULL,NULL);
INSERT INTO SM_CHECK_DEF (TABLE_ID,CHECK_TYPE,CHECK_ORDER,CHECK_KIND,FIELD_NAME,REF_TABLE,REF_FIELD,EXPECT_VALUE,ERR_MSG) VALUES ('TBLID_BUSER','RELEASE',44,'RELEASE_WRITE','userg_id7','D0',NULL,NULL,NULL);
INSERT INTO SM_CHECK_DEF (TABLE_ID,CHECK_TYPE,CHECK_ORDER,CHECK_KIND,FIELD_NAME,REF_TABLE,REF_FIELD,EXPECT_VALUE,ERR_MSG) VALUES ('TBLID_BUSER','RELEASE',45,'RELEASE_WRITE','userg_id8','D0',NULL,NULL,NULL);
INSERT INTO SM_CHECK_DEF (TABLE_ID,CHECK_TYPE,CHECK_ORDER,CHECK_KIND,FIELD_NAME,REF_TABLE,REF_FIELD,EXPECT_VALUE,ERR_MSG) VALUES ('TBLID_BUSER','RELEASE',46,'RELEASE_WRITE','userg_id9','D0',NULL,NULL,NULL);
INSERT INTO SM_CHECK_DEF (TABLE_ID,CHECK_TYPE,CHECK_ORDER,CHECK_KIND,FIELD_NAME,REF_TABLE,REF_FIELD,EXPECT_VALUE,ERR_MSG) VALUES ('TBLID_BUSER','RELEASE',47,'RELEASE_WRITE','userg_id10','D0',NULL,NULL,NULL);
INSERT INTO SM_CHECK_DEF (TABLE_ID,CHECK_TYPE,CHECK_ORDER,CHECK_KIND,FIELD_NAME,REF_TABLE,REF_FIELD,EXPECT_VALUE,ERR_MSG) VALUES ('TBLID_BUSER','DELETE',1,'STAT_R',NULL,NULL,NULL,NULL,NULL);
INSERT INTO SM_CHECK_DEF (TABLE_ID,CHECK_TYPE,CHECK_ORDER,CHECK_KIND,FIELD_NAME,REF_TABLE,REF_FIELD,EXPECT_VALUE,ERR_MSG) VALUES ('TBLID_BUSER','DELETE',2,'STRING','lock_user',NULL,NULL,'',NULL);
INSERT INTO SM_CHECK_DEF (TABLE_ID,CHECK_TYPE,CHECK_ORDER,CHECK_KIND,FIELD_NAME,REF_TABLE,REF_FIELD,EXPECT_VALUE,ERR_MSG) VALUES ('TBLID_BUSER','DELETE',3,'NULLCHK','lock_time',NULL,NULL,NULL,NULL);
INSERT INTO SM_CHECK_DEF (TABLE_ID,CHECK_TYPE,CHECK_ORDER,CHECK_KIND,FIELD_NAME,REF_TABLE,REF_FIELD,EXPECT_VALUE,ERR_MSG) VALUES ('TBLID_BUSER','DELETE',4,'KEY','user_id','0','',NULL,NULL);
INSERT INTO SM_CHECK_DEF (TABLE_ID,CHECK_TYPE,CHECK_ORDER,CHECK_KIND,FIELD_NAME,REF_TABLE,REF_FIELD,EXPECT_VALUE,ERR_MSG) VALUES ('TBLID_BUSER','DELETE',5,'STAT_R',NULL,NULL,NULL,NULL,NULL);
INSERT INTO SM_CHECK_DEF (TABLE_ID,CHECK_TYPE,CHECK_ORDER,CHECK_KIND,FIELD_NAME,REF_TABLE,REF_FIELD,EXPECT_VALUE,ERR_MSG) VALUES ('TBLID_BUSER','EDITCOMP',1,'STAT_E',NULL,NULL,NULL,NULL,NULL);
INSERT INTO SM_CHECK_DEF (TABLE_ID,CHECK_TYPE,CHECK_ORDER,CHECK_KIND,FIELD_NAME,REF_TABLE,REF_FIELD,EXPECT_VALUE,ERR_MSG) VALUES ('TBLID_BUSER','EDITCOMP',2,'COMP_N',NULL,NULL,NULL,NULL,'记录已编辑完成');

-- BUSERG
INSERT INTO SM_TABLE_DEF (TABLE_ID, TABLE_NAME, JP_TITLE, US_TITLE, RELEASE_FLAG, DISTRIBUTE_FLAG, PERMISSION_TYPE, SCHEMA_TYPE, HAS_DUMMY, SORT_NO)
VALUES ('TBLID_BUSERG', 'BUSERG', 'BUSERG', 'BUSERG', 'Y', 'N', 'C', 'L', 'Y', 830);
INSERT INTO SM_FIELD_DEF (TABLE_ID,FIELD_NAME,JP_TITLE,US_TITLE,DB_TYPE,DB_LENGTH,IS_KEY,NOT_BLANK,IS_DUMMY,IS_SEARCH_ITEM,SORT_NO,TREE_LEVEL,SHEET_NO,PAGE_NO,PROPERTY_NO,IS_AUTO,IS_MANDATORY,SYSTEM_READONLY,FIELD_TYPE,FIELD_LENGTH,INPUT_ALPHABET,INPUT_MULTIBYTE,INPUT_NUMERIC,INPUT_SYMBOL,INPUT_UPPERCASE,RETRIEVAL_TABLE,FORMAT,DEFAULT_VALUE,MIN_VALUE,MAX_VALUE,CALENDAR_BUTTON,JUMP_BUTTON,OPEN_BUTTON,REF_TABLE_ID,REF_FIELD_NAME,SPECIAL_BUTTON) VALUES ('TBLID_BUSERG','USERG_ID','USERG_ID','USERG_ID','STRING',10,'N','Y','N','Y',-1,-1,0,0,0,'N','N','N','STRING',0,'Y',0,'Y','Y','Y','NONE',NULL,NULL,NULL,NULL,'N','N',0,NULL,NULL,0);
INSERT INTO SM_FIELD_DEF (TABLE_ID,FIELD_NAME,JP_TITLE,US_TITLE,DB_TYPE,DB_LENGTH,IS_KEY,NOT_BLANK,IS_DUMMY,IS_SEARCH_ITEM,SORT_NO,TREE_LEVEL,SHEET_NO,PAGE_NO,PROPERTY_NO,IS_AUTO,IS_MANDATORY,SYSTEM_READONLY,FIELD_TYPE,FIELD_LENGTH,INPUT_ALPHABET,INPUT_MULTIBYTE,INPUT_NUMERIC,INPUT_SYMBOL,INPUT_UPPERCASE,RETRIEVAL_TABLE,FORMAT,DEFAULT_VALUE,MIN_VALUE,MAX_VALUE,CALENDAR_BUTTON,JUMP_BUTTON,OPEN_BUTTON,REF_TABLE_ID,REF_FIELD_NAME,SPECIAL_BUTTON) VALUES ('TBLID_BUSERG','USERG_NAME','USERG_NAME','USERG_NAME','STRING',40,'N','Y','N','Y',-1,-1,0,0,0,'N','N','N','STRING',0,'Y',0,'Y','Y','Y','NONE',NULL,NULL,NULL,NULL,'N','N',0,NULL,NULL,0);
INSERT INTO SM_FIELD_DEF (TABLE_ID,FIELD_NAME,JP_TITLE,US_TITLE,DB_TYPE,DB_LENGTH,IS_KEY,NOT_BLANK,IS_DUMMY,IS_SEARCH_ITEM,SORT_NO,TREE_LEVEL,SHEET_NO,PAGE_NO,PROPERTY_NO,IS_AUTO,IS_MANDATORY,SYSTEM_READONLY,FIELD_TYPE,FIELD_LENGTH,INPUT_ALPHABET,INPUT_MULTIBYTE,INPUT_NUMERIC,INPUT_SYMBOL,INPUT_UPPERCASE,RETRIEVAL_TABLE,FORMAT,DEFAULT_VALUE,MIN_VALUE,MAX_VALUE,CALENDAR_BUTTON,JUMP_BUTTON,OPEN_BUTTON,REF_TABLE_ID,REF_FIELD_NAME,SPECIAL_BUTTON) VALUES ('TBLID_BUSERG','USERG_DESC','USERG_DESC','USERG_DESC','STRING',80,'N','Y','N','Y',-1,-1,0,0,0,'N','N','N','STRING',0,'Y',0,'Y','Y','Y','NONE',NULL,NULL,NULL,NULL,'N','N',0,NULL,NULL,0);
INSERT INTO SM_FIELD_DEF (TABLE_ID,FIELD_NAME,JP_TITLE,US_TITLE,DB_TYPE,DB_LENGTH,IS_KEY,NOT_BLANK,IS_DUMMY,IS_SEARCH_ITEM,SORT_NO,TREE_LEVEL,SHEET_NO,PAGE_NO,PROPERTY_NO,IS_AUTO,IS_MANDATORY,SYSTEM_READONLY,FIELD_TYPE,FIELD_LENGTH,INPUT_ALPHABET,INPUT_MULTIBYTE,INPUT_NUMERIC,INPUT_SYMBOL,INPUT_UPPERCASE,RETRIEVAL_TABLE,FORMAT,DEFAULT_VALUE,MIN_VALUE,MAX_VALUE,CALENDAR_BUTTON,JUMP_BUTTON,OPEN_BUTTON,REF_TABLE_ID,REF_FIELD_NAME,SPECIAL_BUTTON) VALUES ('TBLID_BUSERG','MENU_FLG','MENU_FLG','MENU_FLG','STRING',128,'N','Y','N','Y',-1,-1,0,0,0,'N','N','N','STRING',0,'Y',0,'Y','Y','Y','NONE',NULL,NULL,NULL,NULL,'N','N',0,NULL,NULL,0);
INSERT INTO SM_FIELD_DEF (TABLE_ID,FIELD_NAME,JP_TITLE,US_TITLE,DB_TYPE,DB_LENGTH,IS_KEY,NOT_BLANK,IS_DUMMY,IS_SEARCH_ITEM,SORT_NO,TREE_LEVEL,SHEET_NO,PAGE_NO,PROPERTY_NO,IS_AUTO,IS_MANDATORY,SYSTEM_READONLY,FIELD_TYPE,FIELD_LENGTH,INPUT_ALPHABET,INPUT_MULTIBYTE,INPUT_NUMERIC,INPUT_SYMBOL,INPUT_UPPERCASE,RETRIEVAL_TABLE,FORMAT,DEFAULT_VALUE,MIN_VALUE,MAX_VALUE,CALENDAR_BUTTON,JUMP_BUTTON,OPEN_BUTTON,REF_TABLE_ID,REF_FIELD_NAME,SPECIAL_BUTTON) VALUES ('TBLID_BUSERG','ADMIN_FLG','ADMIN_FLG','ADMIN_FLG','STRING',1,'N','Y','N','Y',-1,-1,0,0,0,'N','N','N','STRING',0,'Y',0,'Y','Y','Y','NONE',NULL,NULL,NULL,NULL,'N','N',0,NULL,NULL,0);
INSERT INTO SM_CHECK_DEF (TABLE_ID,CHECK_TYPE,CHECK_ORDER,CHECK_KIND,FIELD_NAME,REF_TABLE,REF_FIELD,EXPECT_VALUE,ERR_MSG) VALUES ('TBLID_BUSERG','SAVE',1,'STAT_E',NULL,NULL,NULL,NULL,NULL);
INSERT INTO SM_CHECK_DEF (TABLE_ID,CHECK_TYPE,CHECK_ORDER,CHECK_KIND,FIELD_NAME,REF_TABLE,REF_FIELD,EXPECT_VALUE,ERR_MSG) VALUES ('TBLID_BUSERG','SAVE',2,'STRING','lock_user',NULL,NULL,'',NULL);
INSERT INTO SM_CHECK_DEF (TABLE_ID,CHECK_TYPE,CHECK_ORDER,CHECK_KIND,FIELD_NAME,REF_TABLE,REF_FIELD,EXPECT_VALUE,ERR_MSG) VALUES ('TBLID_BUSERG','SAVE',3,'NULLCHK','lock_time',NULL,NULL,NULL,NULL);
INSERT INTO SM_CHECK_DEF (TABLE_ID,CHECK_TYPE,CHECK_ORDER,CHECK_KIND,FIELD_NAME,REF_TABLE,REF_FIELD,EXPECT_VALUE,ERR_MSG) VALUES ('TBLID_BUSERG','RELEASE',1,'STAT_E',NULL,NULL,NULL,NULL,NULL);
INSERT INTO SM_CHECK_DEF (TABLE_ID,CHECK_TYPE,CHECK_ORDER,CHECK_KIND,FIELD_NAME,REF_TABLE,REF_FIELD,EXPECT_VALUE,ERR_MSG) VALUES ('TBLID_BUSERG','RELEASE',2,'STRING','lock_user',NULL,NULL,'',NULL);
INSERT INTO SM_CHECK_DEF (TABLE_ID,CHECK_TYPE,CHECK_ORDER,CHECK_KIND,FIELD_NAME,REF_TABLE,REF_FIELD,EXPECT_VALUE,ERR_MSG) VALUES ('TBLID_BUSERG','RELEASE',3,'NULLCHK','lock_time',NULL,NULL,NULL,NULL);
INSERT INTO SM_CHECK_DEF (TABLE_ID,CHECK_TYPE,CHECK_ORDER,CHECK_KIND,FIELD_NAME,REF_TABLE,REF_FIELD,EXPECT_VALUE,ERR_MSG) VALUES ('TBLID_BUSERG','RELEASE',4,'RELEASE_PARAM','userg_id','D10',NULL,NULL,NULL);
INSERT INTO SM_CHECK_DEF (TABLE_ID,CHECK_TYPE,CHECK_ORDER,CHECK_KIND,FIELD_NAME,REF_TABLE,REF_FIELD,EXPECT_VALUE,ERR_MSG) VALUES ('TBLID_BUSERG','RELEASE',5,'RELEASE_WRITE','userg_name','D0',NULL,NULL,NULL);
INSERT INTO SM_CHECK_DEF (TABLE_ID,CHECK_TYPE,CHECK_ORDER,CHECK_KIND,FIELD_NAME,REF_TABLE,REF_FIELD,EXPECT_VALUE,ERR_MSG) VALUES ('TBLID_BUSERG','RELEASE',6,'RELEASE_WRITE','userg_desc','D0',NULL,NULL,NULL);
INSERT INTO SM_CHECK_DEF (TABLE_ID,CHECK_TYPE,CHECK_ORDER,CHECK_KIND,FIELD_NAME,REF_TABLE,REF_FIELD,EXPECT_VALUE,ERR_MSG) VALUES ('TBLID_BUSERG','RELEASE',7,'RELEASE_WRITE','menu_flg','D0',NULL,NULL,NULL);
INSERT INTO SM_CHECK_DEF (TABLE_ID,CHECK_TYPE,CHECK_ORDER,CHECK_KIND,FIELD_NAME,REF_TABLE,REF_FIELD,EXPECT_VALUE,ERR_MSG) VALUES ('TBLID_BUSERG','RELEASE',8,'RELEASE_WRITE','admin_flg','D0',NULL,NULL,NULL);
INSERT INTO SM_CHECK_DEF (TABLE_ID,CHECK_TYPE,CHECK_ORDER,CHECK_KIND,FIELD_NAME,REF_TABLE,REF_FIELD,EXPECT_VALUE,ERR_MSG) VALUES ('TBLID_BUSERG','DELETE',1,'STAT_R',NULL,NULL,NULL,NULL,NULL);
INSERT INTO SM_CHECK_DEF (TABLE_ID,CHECK_TYPE,CHECK_ORDER,CHECK_KIND,FIELD_NAME,REF_TABLE,REF_FIELD,EXPECT_VALUE,ERR_MSG) VALUES ('TBLID_BUSERG','DELETE',2,'STRING','lock_user',NULL,NULL,'',NULL);
INSERT INTO SM_CHECK_DEF (TABLE_ID,CHECK_TYPE,CHECK_ORDER,CHECK_KIND,FIELD_NAME,REF_TABLE,REF_FIELD,EXPECT_VALUE,ERR_MSG) VALUES ('TBLID_BUSERG','DELETE',3,'NULLCHK','lock_time',NULL,NULL,NULL,NULL);
INSERT INTO SM_CHECK_DEF (TABLE_ID,CHECK_TYPE,CHECK_ORDER,CHECK_KIND,FIELD_NAME,REF_TABLE,REF_FIELD,EXPECT_VALUE,ERR_MSG) VALUES ('TBLID_BUSERG','EDITCOMP',1,'STAT_E',NULL,NULL,NULL,NULL,NULL);
INSERT INTO SM_CHECK_DEF (TABLE_ID,CHECK_TYPE,CHECK_ORDER,CHECK_KIND,FIELD_NAME,REF_TABLE,REF_FIELD,EXPECT_VALUE,ERR_MSG) VALUES ('TBLID_BUSERG','EDITCOMP',2,'COMP_N',NULL,NULL,NULL,NULL,'记录已编辑完成');

-- BUSERG_FUNC
INSERT INTO SM_TABLE_DEF (TABLE_ID, TABLE_NAME, JP_TITLE, US_TITLE, RELEASE_FLAG, DISTRIBUTE_FLAG, PERMISSION_TYPE, SCHEMA_TYPE, HAS_DUMMY, SORT_NO)
VALUES ('TBLID_BUSERG_FUNC', 'BUSERG_FUNC', 'BUSERG_FUNC', 'BUSERG_FUNC', 'Y', 'N', 'C', 'L', 'N', 840);
INSERT INTO SM_FIELD_DEF (TABLE_ID,FIELD_NAME,JP_TITLE,US_TITLE,DB_TYPE,DB_LENGTH,IS_KEY,NOT_BLANK,IS_DUMMY,IS_SEARCH_ITEM,SORT_NO,TREE_LEVEL,SHEET_NO,PAGE_NO,PROPERTY_NO,IS_AUTO,IS_MANDATORY,SYSTEM_READONLY,FIELD_TYPE,FIELD_LENGTH,INPUT_ALPHABET,INPUT_MULTIBYTE,INPUT_NUMERIC,INPUT_SYMBOL,INPUT_UPPERCASE,RETRIEVAL_TABLE,FORMAT,DEFAULT_VALUE,MIN_VALUE,MAX_VALUE,CALENDAR_BUTTON,JUMP_BUTTON,OPEN_BUTTON,REF_TABLE_ID,REF_FIELD_NAME,SPECIAL_BUTTON) VALUES ('TBLID_BUSERG_FUNC','USERG_ID','USERG_ID','USERG_ID','STRING',10,'N','Y','N','Y',-1,-1,0,0,0,'N','N','N','STRING',0,'Y',0,'Y','Y','Y','NONE',NULL,NULL,NULL,NULL,'N','N',0,NULL,NULL,0);
INSERT INTO SM_FIELD_DEF (TABLE_ID,FIELD_NAME,JP_TITLE,US_TITLE,DB_TYPE,DB_LENGTH,IS_KEY,NOT_BLANK,IS_DUMMY,IS_SEARCH_ITEM,SORT_NO,TREE_LEVEL,SHEET_NO,PAGE_NO,PROPERTY_NO,IS_AUTO,IS_MANDATORY,SYSTEM_READONLY,FIELD_TYPE,FIELD_LENGTH,INPUT_ALPHABET,INPUT_MULTIBYTE,INPUT_NUMERIC,INPUT_SYMBOL,INPUT_UPPERCASE,RETRIEVAL_TABLE,FORMAT,DEFAULT_VALUE,MIN_VALUE,MAX_VALUE,CALENDAR_BUTTON,JUMP_BUTTON,OPEN_BUTTON,REF_TABLE_ID,REF_FIELD_NAME,SPECIAL_BUTTON) VALUES ('TBLID_BUSERG_FUNC','SUB_SYS_ID','SUB_SYS_ID','SUB_SYS_ID','STRING',40,'N','Y','N','Y',-1,-1,0,0,0,'N','N','N','STRING',0,'Y',0,'Y','Y','Y','NONE',NULL,NULL,NULL,NULL,'N','N',0,NULL,NULL,0);
INSERT INTO SM_FIELD_DEF (TABLE_ID,FIELD_NAME,JP_TITLE,US_TITLE,DB_TYPE,DB_LENGTH,IS_KEY,NOT_BLANK,IS_DUMMY,IS_SEARCH_ITEM,SORT_NO,TREE_LEVEL,SHEET_NO,PAGE_NO,PROPERTY_NO,IS_AUTO,IS_MANDATORY,SYSTEM_READONLY,FIELD_TYPE,FIELD_LENGTH,INPUT_ALPHABET,INPUT_MULTIBYTE,INPUT_NUMERIC,INPUT_SYMBOL,INPUT_UPPERCASE,RETRIEVAL_TABLE,FORMAT,DEFAULT_VALUE,MIN_VALUE,MAX_VALUE,CALENDAR_BUTTON,JUMP_BUTTON,OPEN_BUTTON,REF_TABLE_ID,REF_FIELD_NAME,SPECIAL_BUTTON) VALUES ('TBLID_BUSERG_FUNC','FUNCTION_ID','FUNCTION_ID','FUNCTION_ID','STRING',40,'N','Y','N','Y',-1,-1,0,0,0,'N','N','N','STRING',0,'Y',0,'Y','Y','Y','NONE',NULL,NULL,NULL,NULL,'N','N',0,NULL,NULL,0);
INSERT INTO SM_FIELD_DEF (TABLE_ID,FIELD_NAME,JP_TITLE,US_TITLE,DB_TYPE,DB_LENGTH,IS_KEY,NOT_BLANK,IS_DUMMY,IS_SEARCH_ITEM,SORT_NO,TREE_LEVEL,SHEET_NO,PAGE_NO,PROPERTY_NO,IS_AUTO,IS_MANDATORY,SYSTEM_READONLY,FIELD_TYPE,FIELD_LENGTH,INPUT_ALPHABET,INPUT_MULTIBYTE,INPUT_NUMERIC,INPUT_SYMBOL,INPUT_UPPERCASE,RETRIEVAL_TABLE,FORMAT,DEFAULT_VALUE,MIN_VALUE,MAX_VALUE,CALENDAR_BUTTON,JUMP_BUTTON,OPEN_BUTTON,REF_TABLE_ID,REF_FIELD_NAME,SPECIAL_BUTTON) VALUES ('TBLID_BUSERG_FUNC','FUNCTION_DESC','FUNCTION_DESC','FUNCTION_DESC','STRING',80,'N','Y','N','Y',-1,-1,0,0,0,'N','N','N','STRING',0,'Y',0,'Y','Y','Y','NONE',NULL,NULL,NULL,NULL,'N','N',0,NULL,NULL,0);
INSERT INTO SM_FIELD_DEF (TABLE_ID,FIELD_NAME,JP_TITLE,US_TITLE,DB_TYPE,DB_LENGTH,IS_KEY,NOT_BLANK,IS_DUMMY,IS_SEARCH_ITEM,SORT_NO,TREE_LEVEL,SHEET_NO,PAGE_NO,PROPERTY_NO,IS_AUTO,IS_MANDATORY,SYSTEM_READONLY,FIELD_TYPE,FIELD_LENGTH,INPUT_ALPHABET,INPUT_MULTIBYTE,INPUT_NUMERIC,INPUT_SYMBOL,INPUT_UPPERCASE,RETRIEVAL_TABLE,FORMAT,DEFAULT_VALUE,MIN_VALUE,MAX_VALUE,CALENDAR_BUTTON,JUMP_BUTTON,OPEN_BUTTON,REF_TABLE_ID,REF_FIELD_NAME,SPECIAL_BUTTON) VALUES ('TBLID_BUSERG_FUNC','ACCESS_ID','ACCESS_ID','ACCESS_ID','STRING',1,'N','Y','N','Y',-1,-1,0,0,0,'N','N','N','STRING',0,'Y',0,'Y','Y','Y','NONE',NULL,NULL,NULL,NULL,'N','N',0,NULL,NULL,0);
INSERT INTO SM_FIELD_DEF (TABLE_ID,FIELD_NAME,JP_TITLE,US_TITLE,DB_TYPE,DB_LENGTH,IS_KEY,NOT_BLANK,IS_DUMMY,IS_SEARCH_ITEM,SORT_NO,TREE_LEVEL,SHEET_NO,PAGE_NO,PROPERTY_NO,IS_AUTO,IS_MANDATORY,SYSTEM_READONLY,FIELD_TYPE,FIELD_LENGTH,INPUT_ALPHABET,INPUT_MULTIBYTE,INPUT_NUMERIC,INPUT_SYMBOL,INPUT_UPPERCASE,RETRIEVAL_TABLE,FORMAT,DEFAULT_VALUE,MIN_VALUE,MAX_VALUE,CALENDAR_BUTTON,JUMP_BUTTON,OPEN_BUTTON,REF_TABLE_ID,REF_FIELD_NAME,SPECIAL_BUTTON) VALUES ('TBLID_BUSERG_FUNC','LAST_USEPMS','LAST_USEPMS','LAST_USEPMS','STRING',20,'N','Y','N','Y',-1,-1,0,0,0,'N','N','N','STRING',0,'Y',0,'Y','Y','Y','NONE',NULL,NULL,NULL,NULL,'N','N',0,NULL,NULL,0);
INSERT INTO SM_FIELD_DEF (TABLE_ID,FIELD_NAME,JP_TITLE,US_TITLE,DB_TYPE,DB_LENGTH,IS_KEY,NOT_BLANK,IS_DUMMY,IS_SEARCH_ITEM,SORT_NO,TREE_LEVEL,SHEET_NO,PAGE_NO,PROPERTY_NO,IS_AUTO,IS_MANDATORY,SYSTEM_READONLY,FIELD_TYPE,FIELD_LENGTH,INPUT_ALPHABET,INPUT_MULTIBYTE,INPUT_NUMERIC,INPUT_SYMBOL,INPUT_UPPERCASE,RETRIEVAL_TABLE,FORMAT,DEFAULT_VALUE,MIN_VALUE,MAX_VALUE,CALENDAR_BUTTON,JUMP_BUTTON,OPEN_BUTTON,REF_TABLE_ID,REF_FIELD_NAME,SPECIAL_BUTTON) VALUES ('TBLID_BUSERG_FUNC','CHECK_VERSION','CHECK_VERSION','CHECK_VERSION','STRING',4,'N','Y','N','Y',-1,-1,0,0,0,'N','N','N','STRING',0,'Y',0,'Y','Y','Y','NONE',NULL,NULL,NULL,NULL,'N','N',0,NULL,NULL,0);
INSERT INTO SM_FIELD_DEF (TABLE_ID,FIELD_NAME,JP_TITLE,US_TITLE,DB_TYPE,DB_LENGTH,IS_KEY,NOT_BLANK,IS_DUMMY,IS_SEARCH_ITEM,SORT_NO,TREE_LEVEL,SHEET_NO,PAGE_NO,PROPERTY_NO,IS_AUTO,IS_MANDATORY,SYSTEM_READONLY,FIELD_TYPE,FIELD_LENGTH,INPUT_ALPHABET,INPUT_MULTIBYTE,INPUT_NUMERIC,INPUT_SYMBOL,INPUT_UPPERCASE,RETRIEVAL_TABLE,FORMAT,DEFAULT_VALUE,MIN_VALUE,MAX_VALUE,CALENDAR_BUTTON,JUMP_BUTTON,OPEN_BUTTON,REF_TABLE_ID,REF_FIELD_NAME,SPECIAL_BUTTON) VALUES ('TBLID_BUSERG_FUNC','PM_TYPE','PM_TYPE','PM_TYPE','STRING',2,'N','Y','N','Y',-1,-1,0,0,0,'N','N','N','STRING',0,'Y',0,'Y','Y','Y','NONE',NULL,NULL,NULL,NULL,'N','N',0,NULL,NULL,0);
INSERT INTO SM_FIELD_DEF (TABLE_ID,FIELD_NAME,JP_TITLE,US_TITLE,DB_TYPE,DB_LENGTH,IS_KEY,NOT_BLANK,IS_DUMMY,IS_SEARCH_ITEM,SORT_NO,TREE_LEVEL,SHEET_NO,PAGE_NO,PROPERTY_NO,IS_AUTO,IS_MANDATORY,SYSTEM_READONLY,FIELD_TYPE,FIELD_LENGTH,INPUT_ALPHABET,INPUT_MULTIBYTE,INPUT_NUMERIC,INPUT_SYMBOL,INPUT_UPPERCASE,RETRIEVAL_TABLE,FORMAT,DEFAULT_VALUE,MIN_VALUE,MAX_VALUE,CALENDAR_BUTTON,JUMP_BUTTON,OPEN_BUTTON,REF_TABLE_ID,REF_FIELD_NAME,SPECIAL_BUTTON) VALUES ('TBLID_BUSERG_FUNC','DEPT_ID','DEPT_ID','DEPT_ID','STRING',16,'N','Y','N','Y',-1,-1,0,0,0,'N','N','N','STRING',0,'Y',0,'Y','Y','Y','NONE',NULL,NULL,NULL,NULL,'N','N',0,NULL,NULL,0);
INSERT INTO SM_FIELD_DEF (TABLE_ID,FIELD_NAME,JP_TITLE,US_TITLE,DB_TYPE,DB_LENGTH,IS_KEY,NOT_BLANK,IS_DUMMY,IS_SEARCH_ITEM,SORT_NO,TREE_LEVEL,SHEET_NO,PAGE_NO,PROPERTY_NO,IS_AUTO,IS_MANDATORY,SYSTEM_READONLY,FIELD_TYPE,FIELD_LENGTH,INPUT_ALPHABET,INPUT_MULTIBYTE,INPUT_NUMERIC,INPUT_SYMBOL,INPUT_UPPERCASE,RETRIEVAL_TABLE,FORMAT,DEFAULT_VALUE,MIN_VALUE,MAX_VALUE,CALENDAR_BUTTON,JUMP_BUTTON,OPEN_BUTTON,REF_TABLE_ID,REF_FIELD_NAME,SPECIAL_BUTTON) VALUES ('TBLID_BUSERG_FUNC','DESCRIPTION','DESCRIPTION','DESCRIPTION','STRING',128,'N','Y','N','Y',-1,-1,0,0,0,'N','N','N','STRING',0,'Y',0,'Y','Y','Y','NONE',NULL,NULL,NULL,NULL,'N','N',0,NULL,NULL,0);
INSERT INTO SM_FIELD_DEF (TABLE_ID,FIELD_NAME,JP_TITLE,US_TITLE,DB_TYPE,DB_LENGTH,IS_KEY,NOT_BLANK,IS_DUMMY,IS_SEARCH_ITEM,SORT_NO,TREE_LEVEL,SHEET_NO,PAGE_NO,PROPERTY_NO,IS_AUTO,IS_MANDATORY,SYSTEM_READONLY,FIELD_TYPE,FIELD_LENGTH,INPUT_ALPHABET,INPUT_MULTIBYTE,INPUT_NUMERIC,INPUT_SYMBOL,INPUT_UPPERCASE,RETRIEVAL_TABLE,FORMAT,DEFAULT_VALUE,MIN_VALUE,MAX_VALUE,CALENDAR_BUTTON,JUMP_BUTTON,OPEN_BUTTON,REF_TABLE_ID,REF_FIELD_NAME,SPECIAL_BUTTON) VALUES ('TBLID_BUSERG_FUNC','LAST_DATETIME','LAST_DATETIME','LAST_DATETIME','STRING',0,'N','Y','N','Y',-1,-1,0,0,0,'N','N','N','STRING',0,'Y',0,'Y','Y','Y','NONE',NULL,NULL,NULL,NULL,'N','N',0,NULL,NULL,0);
INSERT INTO SM_FIELD_DEF (TABLE_ID,FIELD_NAME,JP_TITLE,US_TITLE,DB_TYPE,DB_LENGTH,IS_KEY,NOT_BLANK,IS_DUMMY,IS_SEARCH_ITEM,SORT_NO,TREE_LEVEL,SHEET_NO,PAGE_NO,PROPERTY_NO,IS_AUTO,IS_MANDATORY,SYSTEM_READONLY,FIELD_TYPE,FIELD_LENGTH,INPUT_ALPHABET,INPUT_MULTIBYTE,INPUT_NUMERIC,INPUT_SYMBOL,INPUT_UPPERCASE,RETRIEVAL_TABLE,FORMAT,DEFAULT_VALUE,MIN_VALUE,MAX_VALUE,CALENDAR_BUTTON,JUMP_BUTTON,OPEN_BUTTON,REF_TABLE_ID,REF_FIELD_NAME,SPECIAL_BUTTON) VALUES ('TBLID_BUSERG_FUNC','LAST_USER','LAST_USER','LAST_USER','STRING',64,'N','Y','N','Y',-1,-1,0,0,0,'N','N','N','STRING',0,'Y',0,'Y','Y','Y','NONE',NULL,NULL,NULL,NULL,'N','N',0,NULL,NULL,0);
INSERT INTO SM_CHECK_DEF (TABLE_ID,CHECK_TYPE,CHECK_ORDER,CHECK_KIND,FIELD_NAME,REF_TABLE,REF_FIELD,EXPECT_VALUE,ERR_MSG) VALUES ('TBLID_BUSERG_FUNC','SAVE',1,'STAT_E',NULL,NULL,NULL,NULL,NULL);
INSERT INTO SM_CHECK_DEF (TABLE_ID,CHECK_TYPE,CHECK_ORDER,CHECK_KIND,FIELD_NAME,REF_TABLE,REF_FIELD,EXPECT_VALUE,ERR_MSG) VALUES ('TBLID_BUSERG_FUNC','SAVE',2,'STRING','lock_user',NULL,NULL,'',NULL);
INSERT INTO SM_CHECK_DEF (TABLE_ID,CHECK_TYPE,CHECK_ORDER,CHECK_KIND,FIELD_NAME,REF_TABLE,REF_FIELD,EXPECT_VALUE,ERR_MSG) VALUES ('TBLID_BUSERG_FUNC','SAVE',3,'NULLCHK','lock_time',NULL,NULL,NULL,NULL);
INSERT INTO SM_CHECK_DEF (TABLE_ID,CHECK_TYPE,CHECK_ORDER,CHECK_KIND,FIELD_NAME,REF_TABLE,REF_FIELD,EXPECT_VALUE,ERR_MSG) VALUES ('TBLID_BUSERG_FUNC','RELEASE',1,'STAT_E',NULL,NULL,NULL,NULL,NULL);
INSERT INTO SM_CHECK_DEF (TABLE_ID,CHECK_TYPE,CHECK_ORDER,CHECK_KIND,FIELD_NAME,REF_TABLE,REF_FIELD,EXPECT_VALUE,ERR_MSG) VALUES ('TBLID_BUSERG_FUNC','RELEASE',2,'STRING','lock_user',NULL,NULL,'',NULL);
INSERT INTO SM_CHECK_DEF (TABLE_ID,CHECK_TYPE,CHECK_ORDER,CHECK_KIND,FIELD_NAME,REF_TABLE,REF_FIELD,EXPECT_VALUE,ERR_MSG) VALUES ('TBLID_BUSERG_FUNC','RELEASE',3,'NULLCHK','lock_time',NULL,NULL,NULL,NULL);
INSERT INTO SM_CHECK_DEF (TABLE_ID,CHECK_TYPE,CHECK_ORDER,CHECK_KIND,FIELD_NAME,REF_TABLE,REF_FIELD,EXPECT_VALUE,ERR_MSG) VALUES ('TBLID_BUSERG_FUNC','RELEASE',4,'RELEASE_PARAM','userg_id','D10',NULL,NULL,NULL);
INSERT INTO SM_CHECK_DEF (TABLE_ID,CHECK_TYPE,CHECK_ORDER,CHECK_KIND,FIELD_NAME,REF_TABLE,REF_FIELD,EXPECT_VALUE,ERR_MSG) VALUES ('TBLID_BUSERG_FUNC','RELEASE',5,'RELEASE_PARAM','sub_sys_id','D40',NULL,NULL,NULL);
INSERT INTO SM_CHECK_DEF (TABLE_ID,CHECK_TYPE,CHECK_ORDER,CHECK_KIND,FIELD_NAME,REF_TABLE,REF_FIELD,EXPECT_VALUE,ERR_MSG) VALUES ('TBLID_BUSERG_FUNC','RELEASE',6,'RELEASE_PARAM','function_id','D40',NULL,NULL,NULL);
INSERT INTO SM_CHECK_DEF (TABLE_ID,CHECK_TYPE,CHECK_ORDER,CHECK_KIND,FIELD_NAME,REF_TABLE,REF_FIELD,EXPECT_VALUE,ERR_MSG) VALUES ('TBLID_BUSERG_FUNC','RELEASE',7,'RELEASE_WRITE','function_desc','D0',NULL,NULL,NULL);
INSERT INTO SM_CHECK_DEF (TABLE_ID,CHECK_TYPE,CHECK_ORDER,CHECK_KIND,FIELD_NAME,REF_TABLE,REF_FIELD,EXPECT_VALUE,ERR_MSG) VALUES ('TBLID_BUSERG_FUNC','RELEASE',8,'RELEASE_WRITE','access_id','D0',NULL,NULL,NULL);
INSERT INTO SM_CHECK_DEF (TABLE_ID,CHECK_TYPE,CHECK_ORDER,CHECK_KIND,FIELD_NAME,REF_TABLE,REF_FIELD,EXPECT_VALUE,ERR_MSG) VALUES ('TBLID_BUSERG_FUNC','DELETE',1,'STAT_R',NULL,NULL,NULL,NULL,NULL);
INSERT INTO SM_CHECK_DEF (TABLE_ID,CHECK_TYPE,CHECK_ORDER,CHECK_KIND,FIELD_NAME,REF_TABLE,REF_FIELD,EXPECT_VALUE,ERR_MSG) VALUES ('TBLID_BUSERG_FUNC','DELETE',2,'STRING','lock_user',NULL,NULL,'',NULL);
INSERT INTO SM_CHECK_DEF (TABLE_ID,CHECK_TYPE,CHECK_ORDER,CHECK_KIND,FIELD_NAME,REF_TABLE,REF_FIELD,EXPECT_VALUE,ERR_MSG) VALUES ('TBLID_BUSERG_FUNC','DELETE',3,'NULLCHK','lock_time',NULL,NULL,NULL,NULL);
INSERT INTO SM_CHECK_DEF (TABLE_ID,CHECK_TYPE,CHECK_ORDER,CHECK_KIND,FIELD_NAME,REF_TABLE,REF_FIELD,EXPECT_VALUE,ERR_MSG) VALUES ('TBLID_BUSERG_FUNC','EDITCOMP',1,'STAT_E',NULL,NULL,NULL,NULL,NULL);
INSERT INTO SM_CHECK_DEF (TABLE_ID,CHECK_TYPE,CHECK_ORDER,CHECK_KIND,FIELD_NAME,REF_TABLE,REF_FIELD,EXPECT_VALUE,ERR_MSG) VALUES ('TBLID_BUSERG_FUNC','EDITCOMP',2,'COMP_N',NULL,NULL,NULL,NULL,'记录已编辑完成');
