-- SM config for 6 tables: BPROD,BROUTE,BOPE,BEQP,BAREA,BEQPG
-- Generated from DDL + check rules

-- BPROD
INSERT INTO SM_TABLE_DEF (TABLE_ID,TABLE_NAME,JP_TITLE,US_TITLE,RELEASE_FLAG,DISTRIBUTE_FLAG,PERMISSION_TYPE,SCHEMA_TYPE,HAS_DUMMY,SORT_NO)
VALUES ('TBLID_BPROD','BPROD','BPROD','BPROD','Y','N','C','L','N',200);
INSERT INTO SM_FIELD_DEF (TABLE_ID,FIELD_NAME,JP_TITLE,US_TITLE,DB_TYPE,DB_LENGTH,IS_KEY,NOT_BLANK,IS_DUMMY,IS_SEARCH_ITEM,SORT_NO,TREE_LEVEL,SHEET_NO,PAGE_NO,PROPERTY_NO,IS_AUTO,IS_MANDATORY,SYSTEM_READONLY,FIELD_TYPE,FIELD_LENGTH,INPUT_ALPHABET,INPUT_MULTIBYTE,INPUT_NUMERIC,INPUT_SYMBOL,INPUT_UPPERCASE,RETRIEVAL_TABLE,FORMAT,DEFAULT_VALUE,MIN_VALUE,MAX_VALUE,CALENDAR_BUTTON,JUMP_BUTTON,OPEN_BUTTON,REF_TABLE_ID,REF_FIELD_NAME,SPECIAL_BUTTON) VALUES ('TBLID_BPROD','PROD_ID','PROD_ID','PROD_ID','STRING',20,'Y','Y','N','Y',0,0,0,0,0,'N','N','N','STRING',20,'Y',0,'Y','Y','Y','NONE',NULL,NULL,NULL,NULL,'N','N',0,NULL,NULL,0);
INSERT INTO SM_FIELD_DEF (TABLE_ID,FIELD_NAME,JP_TITLE,US_TITLE,DB_TYPE,DB_LENGTH,IS_KEY,NOT_BLANK,IS_DUMMY,IS_SEARCH_ITEM,SORT_NO,TREE_LEVEL,SHEET_NO,PAGE_NO,PROPERTY_NO,IS_AUTO,IS_MANDATORY,SYSTEM_READONLY,FIELD_TYPE,FIELD_LENGTH,INPUT_ALPHABET,INPUT_MULTIBYTE,INPUT_NUMERIC,INPUT_SYMBOL,INPUT_UPPERCASE,RETRIEVAL_TABLE,FORMAT,DEFAULT_VALUE,MIN_VALUE,MAX_VALUE,CALENDAR_BUTTON,JUMP_BUTTON,OPEN_BUTTON,REF_TABLE_ID,REF_FIELD_NAME,SPECIAL_BUTTON) VALUES ('TBLID_BPROD','PROD_ID2','PROD_ID2','PROD_ID2','STRING',20,'N','Y','N','Y',1,-1,0,0,1,'N','N','N','STRING',20,'Y',0,'Y','Y','Y','NONE',NULL,NULL,NULL,NULL,'N','N',0,NULL,NULL,0);
INSERT INTO SM_FIELD_DEF (TABLE_ID,FIELD_NAME,JP_TITLE,US_TITLE,DB_TYPE,DB_LENGTH,IS_KEY,NOT_BLANK,IS_DUMMY,IS_SEARCH_ITEM,SORT_NO,TREE_LEVEL,SHEET_NO,PAGE_NO,PROPERTY_NO,IS_AUTO,IS_MANDATORY,SYSTEM_READONLY,FIELD_TYPE,FIELD_LENGTH,INPUT_ALPHABET,INPUT_MULTIBYTE,INPUT_NUMERIC,INPUT_SYMBOL,INPUT_UPPERCASE,RETRIEVAL_TABLE,FORMAT,DEFAULT_VALUE,MIN_VALUE,MAX_VALUE,CALENDAR_BUTTON,JUMP_BUTTON,OPEN_BUTTON,REF_TABLE_ID,REF_FIELD_NAME,SPECIAL_BUTTON) VALUES ('TBLID_BPROD','PROD_NAME','PROD_NAME','PROD_NAME','STRING',40,'N','Y','N','Y',2,-1,0,0,2,'N','N','N','STRING',40,'Y',0,'Y','Y','Y','NONE',NULL,NULL,NULL,NULL,'N','N',0,NULL,NULL,0);
INSERT INTO SM_FIELD_DEF (TABLE_ID,FIELD_NAME,JP_TITLE,US_TITLE,DB_TYPE,DB_LENGTH,IS_KEY,NOT_BLANK,IS_DUMMY,IS_SEARCH_ITEM,SORT_NO,TREE_LEVEL,SHEET_NO,PAGE_NO,PROPERTY_NO,IS_AUTO,IS_MANDATORY,SYSTEM_READONLY,FIELD_TYPE,FIELD_LENGTH,INPUT_ALPHABET,INPUT_MULTIBYTE,INPUT_NUMERIC,INPUT_SYMBOL,INPUT_UPPERCASE,RETRIEVAL_TABLE,FORMAT,DEFAULT_VALUE,MIN_VALUE,MAX_VALUE,CALENDAR_BUTTON,JUMP_BUTTON,OPEN_BUTTON,REF_TABLE_ID,REF_FIELD_NAME,SPECIAL_BUTTON) VALUES ('TBLID_BPROD','PROD_DESC','PROD_DESC','PROD_DESC','STRING',80,'N','Y','N','Y',3,-1,0,0,3,'N','N','N','STRING',80,'Y',0,'Y','Y','Y','NONE',NULL,NULL,NULL,NULL,'N','N',0,NULL,NULL,0);
INSERT INTO SM_FIELD_DEF (TABLE_ID,FIELD_NAME,JP_TITLE,US_TITLE,DB_TYPE,DB_LENGTH,IS_KEY,NOT_BLANK,IS_DUMMY,IS_SEARCH_ITEM,SORT_NO,TREE_LEVEL,SHEET_NO,PAGE_NO,PROPERTY_NO,IS_AUTO,IS_MANDATORY,SYSTEM_READONLY,FIELD_TYPE,FIELD_LENGTH,INPUT_ALPHABET,INPUT_MULTIBYTE,INPUT_NUMERIC,INPUT_SYMBOL,INPUT_UPPERCASE,RETRIEVAL_TABLE,FORMAT,DEFAULT_VALUE,MIN_VALUE,MAX_VALUE,CALENDAR_BUTTON,JUMP_BUTTON,OPEN_BUTTON,REF_TABLE_ID,REF_FIELD_NAME,SPECIAL_BUTTON) VALUES ('TBLID_BPROD','PROD_CAT','PROD_CAT','PROD_CAT','STRING',1,'N','Y','N','Y',4,-1,0,0,4,'N','N','N','STRING',1,'Y',0,'Y','Y','Y','NONE',NULL,NULL,NULL,NULL,'N','N',0,NULL,NULL,0);
INSERT INTO SM_FIELD_DEF (TABLE_ID,FIELD_NAME,JP_TITLE,US_TITLE,DB_TYPE,DB_LENGTH,IS_KEY,NOT_BLANK,IS_DUMMY,IS_SEARCH_ITEM,SORT_NO,TREE_LEVEL,SHEET_NO,PAGE_NO,PROPERTY_NO,IS_AUTO,IS_MANDATORY,SYSTEM_READONLY,FIELD_TYPE,FIELD_LENGTH,INPUT_ALPHABET,INPUT_MULTIBYTE,INPUT_NUMERIC,INPUT_SYMBOL,INPUT_UPPERCASE,RETRIEVAL_TABLE,FORMAT,DEFAULT_VALUE,MIN_VALUE,MAX_VALUE,CALENDAR_BUTTON,JUMP_BUTTON,OPEN_BUTTON,REF_TABLE_ID,REF_FIELD_NAME,SPECIAL_BUTTON) VALUES ('TBLID_BPROD','ROUTE_ID','ROUTE_ID','ROUTE_ID','STRING',12,'N','Y','N','Y',5,-1,0,0,5,'N','N','N','STRING',12,'Y',0,'Y','Y','Y','NONE',NULL,NULL,NULL,NULL,'N','N',0,NULL,NULL,0);
INSERT INTO SM_FIELD_DEF (TABLE_ID,FIELD_NAME,JP_TITLE,US_TITLE,DB_TYPE,DB_LENGTH,IS_KEY,NOT_BLANK,IS_DUMMY,IS_SEARCH_ITEM,SORT_NO,TREE_LEVEL,SHEET_NO,PAGE_NO,PROPERTY_NO,IS_AUTO,IS_MANDATORY,SYSTEM_READONLY,FIELD_TYPE,FIELD_LENGTH,INPUT_ALPHABET,INPUT_MULTIBYTE,INPUT_NUMERIC,INPUT_SYMBOL,INPUT_UPPERCASE,RETRIEVAL_TABLE,FORMAT,DEFAULT_VALUE,MIN_VALUE,MAX_VALUE,CALENDAR_BUTTON,JUMP_BUTTON,OPEN_BUTTON,REF_TABLE_ID,REF_FIELD_NAME,SPECIAL_BUTTON) VALUES ('TBLID_BPROD','ROUTE_VER','ROUTE_VER','ROUTE_VER','STRING',3,'N','Y','N','Y',6,-1,0,0,6,'N','N','N','STRING',3,'Y',0,'Y','Y','Y','NONE',NULL,NULL,NULL,NULL,'N','N',0,NULL,NULL,0);
INSERT INTO SM_FIELD_DEF (TABLE_ID,FIELD_NAME,JP_TITLE,US_TITLE,DB_TYPE,DB_LENGTH,IS_KEY,NOT_BLANK,IS_DUMMY,IS_SEARCH_ITEM,SORT_NO,TREE_LEVEL,SHEET_NO,PAGE_NO,PROPERTY_NO,IS_AUTO,IS_MANDATORY,SYSTEM_READONLY,FIELD_TYPE,FIELD_LENGTH,INPUT_ALPHABET,INPUT_MULTIBYTE,INPUT_NUMERIC,INPUT_SYMBOL,INPUT_UPPERCASE,RETRIEVAL_TABLE,FORMAT,DEFAULT_VALUE,MIN_VALUE,MAX_VALUE,CALENDAR_BUTTON,JUMP_BUTTON,OPEN_BUTTON,REF_TABLE_ID,REF_FIELD_NAME,SPECIAL_BUTTON) VALUES ('TBLID_BPROD','PRODUCT_KIND','PRODUCT_KIND','PRODUCT_KIND','STRING',10,'N','Y','N','Y',7,-1,0,0,7,'N','N','N','STRING',10,'Y',0,'Y','Y','Y','NONE',NULL,NULL,NULL,NULL,'N','N',0,NULL,NULL,0);
INSERT INTO SM_FIELD_DEF (TABLE_ID,FIELD_NAME,JP_TITLE,US_TITLE,DB_TYPE,DB_LENGTH,IS_KEY,NOT_BLANK,IS_DUMMY,IS_SEARCH_ITEM,SORT_NO,TREE_LEVEL,SHEET_NO,PAGE_NO,PROPERTY_NO,IS_AUTO,IS_MANDATORY,SYSTEM_READONLY,FIELD_TYPE,FIELD_LENGTH,INPUT_ALPHABET,INPUT_MULTIBYTE,INPUT_NUMERIC,INPUT_SYMBOL,INPUT_UPPERCASE,RETRIEVAL_TABLE,FORMAT,DEFAULT_VALUE,MIN_VALUE,MAX_VALUE,CALENDAR_BUTTON,JUMP_BUTTON,OPEN_BUTTON,REF_TABLE_ID,REF_FIELD_NAME,SPECIAL_BUTTON) VALUES ('TBLID_BPROD','LASRMARK_CAT','LASRMARK_CAT','LASRMARK_CAT','STRING',10,'N','Y','N','Y',8,-1,0,0,8,'N','N','N','STRING',10,'Y',0,'Y','Y','Y','NONE',NULL,NULL,NULL,NULL,'N','N',0,NULL,NULL,0);
INSERT INTO SM_FIELD_DEF (TABLE_ID,FIELD_NAME,JP_TITLE,US_TITLE,DB_TYPE,DB_LENGTH,IS_KEY,NOT_BLANK,IS_DUMMY,IS_SEARCH_ITEM,SORT_NO,TREE_LEVEL,SHEET_NO,PAGE_NO,PROPERTY_NO,IS_AUTO,IS_MANDATORY,SYSTEM_READONLY,FIELD_TYPE,FIELD_LENGTH,INPUT_ALPHABET,INPUT_MULTIBYTE,INPUT_NUMERIC,INPUT_SYMBOL,INPUT_UPPERCASE,RETRIEVAL_TABLE,FORMAT,DEFAULT_VALUE,MIN_VALUE,MAX_VALUE,CALENDAR_BUTTON,JUMP_BUTTON,OPEN_BUTTON,REF_TABLE_ID,REF_FIELD_NAME,SPECIAL_BUTTON) VALUES ('TBLID_BPROD','LASRMARK_PRINT_PTN1','LASRMARK_PRINT_PTN1','LASRMARK_PRINT_PTN1','STRING',10,'N','Y','N','Y',9,-1,0,0,9,'N','N','N','STRING',10,'Y',0,'Y','Y','Y','NONE',NULL,NULL,NULL,NULL,'N','N',0,NULL,NULL,0);
INSERT INTO SM_FIELD_DEF (TABLE_ID,FIELD_NAME,JP_TITLE,US_TITLE,DB_TYPE,DB_LENGTH,IS_KEY,NOT_BLANK,IS_DUMMY,IS_SEARCH_ITEM,SORT_NO,TREE_LEVEL,SHEET_NO,PAGE_NO,PROPERTY_NO,IS_AUTO,IS_MANDATORY,SYSTEM_READONLY,FIELD_TYPE,FIELD_LENGTH,INPUT_ALPHABET,INPUT_MULTIBYTE,INPUT_NUMERIC,INPUT_SYMBOL,INPUT_UPPERCASE,RETRIEVAL_TABLE,FORMAT,DEFAULT_VALUE,MIN_VALUE,MAX_VALUE,CALENDAR_BUTTON,JUMP_BUTTON,OPEN_BUTTON,REF_TABLE_ID,REF_FIELD_NAME,SPECIAL_BUTTON) VALUES ('TBLID_BPROD','LASRMARK_PRINT_PTN2','LASRMARK_PRINT_PTN2','LASRMARK_PRINT_PTN2','STRING',10,'N','Y','N','Y',10,-1,0,0,10,'N','N','N','STRING',10,'Y',0,'Y','Y','Y','NONE',NULL,NULL,NULL,NULL,'N','N',0,NULL,NULL,0);
INSERT INTO SM_FIELD_DEF (TABLE_ID,FIELD_NAME,JP_TITLE,US_TITLE,DB_TYPE,DB_LENGTH,IS_KEY,NOT_BLANK,IS_DUMMY,IS_SEARCH_ITEM,SORT_NO,TREE_LEVEL,SHEET_NO,PAGE_NO,PROPERTY_NO,IS_AUTO,IS_MANDATORY,SYSTEM_READONLY,FIELD_TYPE,FIELD_LENGTH,INPUT_ALPHABET,INPUT_MULTIBYTE,INPUT_NUMERIC,INPUT_SYMBOL,INPUT_UPPERCASE,RETRIEVAL_TABLE,FORMAT,DEFAULT_VALUE,MIN_VALUE,MAX_VALUE,CALENDAR_BUTTON,JUMP_BUTTON,OPEN_BUTTON,REF_TABLE_ID,REF_FIELD_NAME,SPECIAL_BUTTON) VALUES ('TBLID_BPROD','RFID_WRITE_FLG','RFID_WRITE_FLG','RFID_WRITE_FLG','STRING',1,'N','Y','N','Y',11,-1,0,0,11,'N','N','N','STRING',1,'Y',0,'Y','Y','Y','NONE',NULL,NULL,NULL,NULL,'N','N',0,NULL,NULL,0);
INSERT INTO SM_FIELD_DEF (TABLE_ID,FIELD_NAME,JP_TITLE,US_TITLE,DB_TYPE,DB_LENGTH,IS_KEY,NOT_BLANK,IS_DUMMY,IS_SEARCH_ITEM,SORT_NO,TREE_LEVEL,SHEET_NO,PAGE_NO,PROPERTY_NO,IS_AUTO,IS_MANDATORY,SYSTEM_READONLY,FIELD_TYPE,FIELD_LENGTH,INPUT_ALPHABET,INPUT_MULTIBYTE,INPUT_NUMERIC,INPUT_SYMBOL,INPUT_UPPERCASE,RETRIEVAL_TABLE,FORMAT,DEFAULT_VALUE,MIN_VALUE,MAX_VALUE,CALENDAR_BUTTON,JUMP_BUTTON,OPEN_BUTTON,REF_TABLE_ID,REF_FIELD_NAME,SPECIAL_BUTTON) VALUES ('TBLID_BPROD','INBOX_LM_CHECK_FLG','INBOX_LM_CHECK_FLG','INBOX_LM_CHECK_FLG','STRING',1,'N','Y','N','Y',12,-1,0,0,12,'N','N','N','STRING',1,'Y',0,'Y','Y','Y','NONE',NULL,NULL,NULL,NULL,'N','N',0,NULL,NULL,0);
INSERT INTO SM_FIELD_DEF (TABLE_ID,FIELD_NAME,JP_TITLE,US_TITLE,DB_TYPE,DB_LENGTH,IS_KEY,NOT_BLANK,IS_DUMMY,IS_SEARCH_ITEM,SORT_NO,TREE_LEVEL,SHEET_NO,PAGE_NO,PROPERTY_NO,IS_AUTO,IS_MANDATORY,SYSTEM_READONLY,FIELD_TYPE,FIELD_LENGTH,INPUT_ALPHABET,INPUT_MULTIBYTE,INPUT_NUMERIC,INPUT_SYMBOL,INPUT_UPPERCASE,RETRIEVAL_TABLE,FORMAT,DEFAULT_VALUE,MIN_VALUE,MAX_VALUE,CALENDAR_BUTTON,JUMP_BUTTON,OPEN_BUTTON,REF_TABLE_ID,REF_FIELD_NAME,SPECIAL_BUTTON) VALUES ('TBLID_BPROD','PN_CAT','PN_CAT','PN_CAT','STRING',10,'N','Y','N','Y',13,-1,0,0,13,'N','N','N','STRING',10,'Y',0,'Y','Y','Y','NONE',NULL,NULL,NULL,NULL,'N','N',0,NULL,NULL,0);
INSERT INTO SM_FIELD_DEF (TABLE_ID,FIELD_NAME,JP_TITLE,US_TITLE,DB_TYPE,DB_LENGTH,IS_KEY,NOT_BLANK,IS_DUMMY,IS_SEARCH_ITEM,SORT_NO,TREE_LEVEL,SHEET_NO,PAGE_NO,PROPERTY_NO,IS_AUTO,IS_MANDATORY,SYSTEM_READONLY,FIELD_TYPE,FIELD_LENGTH,INPUT_ALPHABET,INPUT_MULTIBYTE,INPUT_NUMERIC,INPUT_SYMBOL,INPUT_UPPERCASE,RETRIEVAL_TABLE,FORMAT,DEFAULT_VALUE,MIN_VALUE,MAX_VALUE,CALENDAR_BUTTON,JUMP_BUTTON,OPEN_BUTTON,REF_TABLE_ID,REF_FIELD_NAME,SPECIAL_BUTTON) VALUES ('TBLID_BPROD','SHIP_CAR_CODE','SHIP_CAR_CODE','SHIP_CAR_CODE','STRING',10,'N','Y','N','Y',14,-1,0,0,14,'N','N','N','STRING',10,'Y',0,'Y','Y','Y','NONE',NULL,NULL,NULL,NULL,'N','N',0,NULL,NULL,0);
INSERT INTO SM_FIELD_DEF (TABLE_ID,FIELD_NAME,JP_TITLE,US_TITLE,DB_TYPE,DB_LENGTH,IS_KEY,NOT_BLANK,IS_DUMMY,IS_SEARCH_ITEM,SORT_NO,TREE_LEVEL,SHEET_NO,PAGE_NO,PROPERTY_NO,IS_AUTO,IS_MANDATORY,SYSTEM_READONLY,FIELD_TYPE,FIELD_LENGTH,INPUT_ALPHABET,INPUT_MULTIBYTE,INPUT_NUMERIC,INPUT_SYMBOL,INPUT_UPPERCASE,RETRIEVAL_TABLE,FORMAT,DEFAULT_VALUE,MIN_VALUE,MAX_VALUE,CALENDAR_BUTTON,JUMP_BUTTON,OPEN_BUTTON,REF_TABLE_ID,REF_FIELD_NAME,SPECIAL_BUTTON) VALUES ('TBLID_BPROD','SHIP_BOX_FULL_NUM','SHIP_BOX_FULL_NUM','SHIP_BOX_FULL_NUM','NUMBER',0,'N','Y','N','Y',15,-1,0,0,15,'N','N','N','STRING',0,'Y',0,'Y','Y','Y','NONE',NULL,NULL,NULL,NULL,'N','N',0,NULL,NULL,0);
INSERT INTO SM_FIELD_DEF (TABLE_ID,FIELD_NAME,JP_TITLE,US_TITLE,DB_TYPE,DB_LENGTH,IS_KEY,NOT_BLANK,IS_DUMMY,IS_SEARCH_ITEM,SORT_NO,TREE_LEVEL,SHEET_NO,PAGE_NO,PROPERTY_NO,IS_AUTO,IS_MANDATORY,SYSTEM_READONLY,FIELD_TYPE,FIELD_LENGTH,INPUT_ALPHABET,INPUT_MULTIBYTE,INPUT_NUMERIC,INPUT_SYMBOL,INPUT_UPPERCASE,RETRIEVAL_TABLE,FORMAT,DEFAULT_VALUE,MIN_VALUE,MAX_VALUE,CALENDAR_BUTTON,JUMP_BUTTON,OPEN_BUTTON,REF_TABLE_ID,REF_FIELD_NAME,SPECIAL_BUTTON) VALUES ('TBLID_BPROD','SHIP_BOX_NUM','SHIP_BOX_NUM','SHIP_BOX_NUM','NUMBER',0,'N','Y','N','Y',16,-1,0,0,16,'N','N','N','STRING',0,'Y',0,'Y','Y','Y','NONE',NULL,NULL,NULL,NULL,'N','N',0,NULL,NULL,0);
INSERT INTO SM_FIELD_DEF (TABLE_ID,FIELD_NAME,JP_TITLE,US_TITLE,DB_TYPE,DB_LENGTH,IS_KEY,NOT_BLANK,IS_DUMMY,IS_SEARCH_ITEM,SORT_NO,TREE_LEVEL,SHEET_NO,PAGE_NO,PROPERTY_NO,IS_AUTO,IS_MANDATORY,SYSTEM_READONLY,FIELD_TYPE,FIELD_LENGTH,INPUT_ALPHABET,INPUT_MULTIBYTE,INPUT_NUMERIC,INPUT_SYMBOL,INPUT_UPPERCASE,RETRIEVAL_TABLE,FORMAT,DEFAULT_VALUE,MIN_VALUE,MAX_VALUE,CALENDAR_BUTTON,JUMP_BUTTON,OPEN_BUTTON,REF_TABLE_ID,REF_FIELD_NAME,SPECIAL_BUTTON) VALUES ('TBLID_BPROD','SHIP_BOX_PTN','SHIP_BOX_PTN','SHIP_BOX_PTN','STRING',10,'N','Y','N','Y',17,-1,0,0,17,'N','N','N','STRING',10,'Y',0,'Y','Y','Y','NONE',NULL,NULL,NULL,NULL,'N','N',0,NULL,NULL,0);
INSERT INTO SM_FIELD_DEF (TABLE_ID,FIELD_NAME,JP_TITLE,US_TITLE,DB_TYPE,DB_LENGTH,IS_KEY,NOT_BLANK,IS_DUMMY,IS_SEARCH_ITEM,SORT_NO,TREE_LEVEL,SHEET_NO,PAGE_NO,PROPERTY_NO,IS_AUTO,IS_MANDATORY,SYSTEM_READONLY,FIELD_TYPE,FIELD_LENGTH,INPUT_ALPHABET,INPUT_MULTIBYTE,INPUT_NUMERIC,INPUT_SYMBOL,INPUT_UPPERCASE,RETRIEVAL_TABLE,FORMAT,DEFAULT_VALUE,MIN_VALUE,MAX_VALUE,CALENDAR_BUTTON,JUMP_BUTTON,OPEN_BUTTON,REF_TABLE_ID,REF_FIELD_NAME,SPECIAL_BUTTON) VALUES ('TBLID_BPROD','MIX_BOX_CNT','MIX_BOX_CNT','MIX_BOX_CNT','NUMBER',0,'N','Y','N','Y',18,-1,0,0,18,'N','N','N','STRING',0,'Y',0,'Y','Y','Y','NONE',NULL,NULL,NULL,NULL,'N','N',0,NULL,NULL,0);
INSERT INTO SM_FIELD_DEF (TABLE_ID,FIELD_NAME,JP_TITLE,US_TITLE,DB_TYPE,DB_LENGTH,IS_KEY,NOT_BLANK,IS_DUMMY,IS_SEARCH_ITEM,SORT_NO,TREE_LEVEL,SHEET_NO,PAGE_NO,PROPERTY_NO,IS_AUTO,IS_MANDATORY,SYSTEM_READONLY,FIELD_TYPE,FIELD_LENGTH,INPUT_ALPHABET,INPUT_MULTIBYTE,INPUT_NUMERIC,INPUT_SYMBOL,INPUT_UPPERCASE,RETRIEVAL_TABLE,FORMAT,DEFAULT_VALUE,MIN_VALUE,MAX_VALUE,CALENDAR_BUTTON,JUMP_BUTTON,OPEN_BUTTON,REF_TABLE_ID,REF_FIELD_NAME,SPECIAL_BUTTON) VALUES ('TBLID_BPROD','ODD_BOX_SHIP_FLG','ODD_BOX_SHIP_FLG','ODD_BOX_SHIP_FLG','STRING',1,'N','Y','N','Y',19,-1,0,0,19,'N','N','N','STRING',1,'Y',0,'Y','Y','Y','NONE',NULL,NULL,NULL,NULL,'N','N',0,NULL,NULL,0);
INSERT INTO SM_FIELD_DEF (TABLE_ID,FIELD_NAME,JP_TITLE,US_TITLE,DB_TYPE,DB_LENGTH,IS_KEY,NOT_BLANK,IS_DUMMY,IS_SEARCH_ITEM,SORT_NO,TREE_LEVEL,SHEET_NO,PAGE_NO,PROPERTY_NO,IS_AUTO,IS_MANDATORY,SYSTEM_READONLY,FIELD_TYPE,FIELD_LENGTH,INPUT_ALPHABET,INPUT_MULTIBYTE,INPUT_NUMERIC,INPUT_SYMBOL,INPUT_UPPERCASE,RETRIEVAL_TABLE,FORMAT,DEFAULT_VALUE,MIN_VALUE,MAX_VALUE,CALENDAR_BUTTON,JUMP_BUTTON,OPEN_BUTTON,REF_TABLE_ID,REF_FIELD_NAME,SPECIAL_BUTTON) VALUES ('TBLID_BPROD','SHIP_LABEL_PRINT_ID','SHIP_LABEL_PRINT_ID','SHIP_LABEL_PRINT_ID','STRING',30,'N','Y','N','Y',20,-1,0,0,20,'N','N','N','STRING',30,'Y',0,'Y','Y','Y','NONE',NULL,NULL,NULL,NULL,'N','N',0,NULL,NULL,0);
INSERT INTO SM_FIELD_DEF (TABLE_ID,FIELD_NAME,JP_TITLE,US_TITLE,DB_TYPE,DB_LENGTH,IS_KEY,NOT_BLANK,IS_DUMMY,IS_SEARCH_ITEM,SORT_NO,TREE_LEVEL,SHEET_NO,PAGE_NO,PROPERTY_NO,IS_AUTO,IS_MANDATORY,SYSTEM_READONLY,FIELD_TYPE,FIELD_LENGTH,INPUT_ALPHABET,INPUT_MULTIBYTE,INPUT_NUMERIC,INPUT_SYMBOL,INPUT_UPPERCASE,RETRIEVAL_TABLE,FORMAT,DEFAULT_VALUE,MIN_VALUE,MAX_VALUE,CALENDAR_BUTTON,JUMP_BUTTON,OPEN_BUTTON,REF_TABLE_ID,REF_FIELD_NAME,SPECIAL_BUTTON) VALUES ('TBLID_BPROD','SHIP_LABEL_PRINT_NUM','SHIP_LABEL_PRINT_NUM','SHIP_LABEL_PRINT_NUM','NUMBER',0,'N','Y','N','Y',21,-1,0,0,21,'N','N','N','STRING',0,'Y',0,'Y','Y','Y','NONE',NULL,NULL,NULL,NULL,'N','N',0,NULL,NULL,0);
INSERT INTO SM_FIELD_DEF (TABLE_ID,FIELD_NAME,JP_TITLE,US_TITLE,DB_TYPE,DB_LENGTH,IS_KEY,NOT_BLANK,IS_DUMMY,IS_SEARCH_ITEM,SORT_NO,TREE_LEVEL,SHEET_NO,PAGE_NO,PROPERTY_NO,IS_AUTO,IS_MANDATORY,SYSTEM_READONLY,FIELD_TYPE,FIELD_LENGTH,INPUT_ALPHABET,INPUT_MULTIBYTE,INPUT_NUMERIC,INPUT_SYMBOL,INPUT_UPPERCASE,RETRIEVAL_TABLE,FORMAT,DEFAULT_VALUE,MIN_VALUE,MAX_VALUE,CALENDAR_BUTTON,JUMP_BUTTON,OPEN_BUTTON,REF_TABLE_ID,REF_FIELD_NAME,SPECIAL_BUTTON) VALUES ('TBLID_BPROD','EP_MON_CON_ID','EP_MON_CON_ID','EP_MON_CON_ID','STRING',20,'N','Y','N','Y',22,-1,0,0,22,'N','N','N','STRING',20,'Y',0,'Y','Y','Y','NONE',NULL,NULL,NULL,NULL,'N','N',0,NULL,NULL,0);
INSERT INTO SM_FIELD_DEF (TABLE_ID,FIELD_NAME,JP_TITLE,US_TITLE,DB_TYPE,DB_LENGTH,IS_KEY,NOT_BLANK,IS_DUMMY,IS_SEARCH_ITEM,SORT_NO,TREE_LEVEL,SHEET_NO,PAGE_NO,PROPERTY_NO,IS_AUTO,IS_MANDATORY,SYSTEM_READONLY,FIELD_TYPE,FIELD_LENGTH,INPUT_ALPHABET,INPUT_MULTIBYTE,INPUT_NUMERIC,INPUT_SYMBOL,INPUT_UPPERCASE,RETRIEVAL_TABLE,FORMAT,DEFAULT_VALUE,MIN_VALUE,MAX_VALUE,CALENDAR_BUTTON,JUMP_BUTTON,OPEN_BUTTON,REF_TABLE_ID,REF_FIELD_NAME,SPECIAL_BUTTON) VALUES ('TBLID_BPROD','COND_EP_MON_CON_ID','COND_EP_MON_CON_ID','COND_EP_MON_CON_ID','STRING',20,'N','Y','N','Y',23,-1,0,0,23,'N','N','N','STRING',20,'Y',0,'Y','Y','Y','NONE',NULL,NULL,NULL,NULL,'N','N',0,NULL,NULL,0);
INSERT INTO SM_FIELD_DEF (TABLE_ID,FIELD_NAME,JP_TITLE,US_TITLE,DB_TYPE,DB_LENGTH,IS_KEY,NOT_BLANK,IS_DUMMY,IS_SEARCH_ITEM,SORT_NO,TREE_LEVEL,SHEET_NO,PAGE_NO,PROPERTY_NO,IS_AUTO,IS_MANDATORY,SYSTEM_READONLY,FIELD_TYPE,FIELD_LENGTH,INPUT_ALPHABET,INPUT_MULTIBYTE,INPUT_NUMERIC,INPUT_SYMBOL,INPUT_UPPERCASE,RETRIEVAL_TABLE,FORMAT,DEFAULT_VALUE,MIN_VALUE,MAX_VALUE,CALENDAR_BUTTON,JUMP_BUTTON,OPEN_BUTTON,REF_TABLE_ID,REF_FIELD_NAME,SPECIAL_BUTTON) VALUES ('TBLID_BPROD','PW_SMPL_CASET_CON_ID','PW_SMPL_CASET_CON_ID','PW_SMPL_CASET_CON_ID','STRING',20,'N','Y','N','Y',24,-1,0,0,24,'N','N','N','STRING',20,'Y',0,'Y','Y','Y','NONE',NULL,NULL,NULL,NULL,'N','N',0,NULL,NULL,0);
INSERT INTO SM_FIELD_DEF (TABLE_ID,FIELD_NAME,JP_TITLE,US_TITLE,DB_TYPE,DB_LENGTH,IS_KEY,NOT_BLANK,IS_DUMMY,IS_SEARCH_ITEM,SORT_NO,TREE_LEVEL,SHEET_NO,PAGE_NO,PROPERTY_NO,IS_AUTO,IS_MANDATORY,SYSTEM_READONLY,FIELD_TYPE,FIELD_LENGTH,INPUT_ALPHABET,INPUT_MULTIBYTE,INPUT_NUMERIC,INPUT_SYMBOL,INPUT_UPPERCASE,RETRIEVAL_TABLE,FORMAT,DEFAULT_VALUE,MIN_VALUE,MAX_VALUE,CALENDAR_BUTTON,JUMP_BUTTON,OPEN_BUTTON,REF_TABLE_ID,REF_FIELD_NAME,SPECIAL_BUTTON) VALUES ('TBLID_BPROD','EP_SMPL_CASET_CON_ID','EP_SMPL_CASET_CON_ID','EP_SMPL_CASET_CON_ID','STRING',20,'N','Y','N','Y',25,-1,0,0,25,'N','N','N','STRING',20,'Y',0,'Y','Y','Y','NONE',NULL,NULL,NULL,NULL,'N','N',0,NULL,NULL,0);
INSERT INTO SM_FIELD_DEF (TABLE_ID,FIELD_NAME,JP_TITLE,US_TITLE,DB_TYPE,DB_LENGTH,IS_KEY,NOT_BLANK,IS_DUMMY,IS_SEARCH_ITEM,SORT_NO,TREE_LEVEL,SHEET_NO,PAGE_NO,PROPERTY_NO,IS_AUTO,IS_MANDATORY,SYSTEM_READONLY,FIELD_TYPE,FIELD_LENGTH,INPUT_ALPHABET,INPUT_MULTIBYTE,INPUT_NUMERIC,INPUT_SYMBOL,INPUT_UPPERCASE,RETRIEVAL_TABLE,FORMAT,DEFAULT_VALUE,MIN_VALUE,MAX_VALUE,CALENDAR_BUTTON,JUMP_BUTTON,OPEN_BUTTON,REF_TABLE_ID,REF_FIELD_NAME,SPECIAL_BUTTON) VALUES ('TBLID_BPROD','AN_SMPL_CASET_CON_ID','AN_SMPL_CASET_CON_ID','AN_SMPL_CASET_CON_ID','STRING',20,'N','Y','N','Y',26,-1,0,0,26,'N','N','N','STRING',20,'Y',0,'Y','Y','Y','NONE',NULL,NULL,NULL,NULL,'N','N',0,NULL,NULL,0);
INSERT INTO SM_FIELD_DEF (TABLE_ID,FIELD_NAME,JP_TITLE,US_TITLE,DB_TYPE,DB_LENGTH,IS_KEY,NOT_BLANK,IS_DUMMY,IS_SEARCH_ITEM,SORT_NO,TREE_LEVEL,SHEET_NO,PAGE_NO,PROPERTY_NO,IS_AUTO,IS_MANDATORY,SYSTEM_READONLY,FIELD_TYPE,FIELD_LENGTH,INPUT_ALPHABET,INPUT_MULTIBYTE,INPUT_NUMERIC,INPUT_SYMBOL,INPUT_UPPERCASE,RETRIEVAL_TABLE,FORMAT,DEFAULT_VALUE,MIN_VALUE,MAX_VALUE,CALENDAR_BUTTON,JUMP_BUTTON,OPEN_BUTTON,REF_TABLE_ID,REF_FIELD_NAME,SPECIAL_BUTTON) VALUES ('TBLID_BPROD','WHT_FLG','WHT_FLG','WHT_FLG','STRING',10,'N','Y','N','Y',27,-1,0,0,27,'N','N','N','STRING',10,'Y',0,'Y','Y','Y','NONE',NULL,NULL,NULL,NULL,'N','N',0,NULL,NULL,0);
INSERT INTO SM_FIELD_DEF (TABLE_ID,FIELD_NAME,JP_TITLE,US_TITLE,DB_TYPE,DB_LENGTH,IS_KEY,NOT_BLANK,IS_DUMMY,IS_SEARCH_ITEM,SORT_NO,TREE_LEVEL,SHEET_NO,PAGE_NO,PROPERTY_NO,IS_AUTO,IS_MANDATORY,SYSTEM_READONLY,FIELD_TYPE,FIELD_LENGTH,INPUT_ALPHABET,INPUT_MULTIBYTE,INPUT_NUMERIC,INPUT_SYMBOL,INPUT_UPPERCASE,RETRIEVAL_TABLE,FORMAT,DEFAULT_VALUE,MIN_VALUE,MAX_VALUE,CALENDAR_BUTTON,JUMP_BUTTON,OPEN_BUTTON,REF_TABLE_ID,REF_FIELD_NAME,SPECIAL_BUTTON) VALUES ('TBLID_BPROD','EG_FLG','EG_FLG','EG_FLG','STRING',10,'N','Y','N','Y',28,-1,0,0,28,'N','N','N','STRING',10,'Y',0,'Y','Y','Y','NONE',NULL,NULL,NULL,NULL,'N','N',0,NULL,NULL,0);
INSERT INTO SM_FIELD_DEF (TABLE_ID,FIELD_NAME,JP_TITLE,US_TITLE,DB_TYPE,DB_LENGTH,IS_KEY,NOT_BLANK,IS_DUMMY,IS_SEARCH_ITEM,SORT_NO,TREE_LEVEL,SHEET_NO,PAGE_NO,PROPERTY_NO,IS_AUTO,IS_MANDATORY,SYSTEM_READONLY,FIELD_TYPE,FIELD_LENGTH,INPUT_ALPHABET,INPUT_MULTIBYTE,INPUT_NUMERIC,INPUT_SYMBOL,INPUT_UPPERCASE,RETRIEVAL_TABLE,FORMAT,DEFAULT_VALUE,MIN_VALUE,MAX_VALUE,CALENDAR_BUTTON,JUMP_BUTTON,OPEN_BUTTON,REF_TABLE_ID,REF_FIELD_NAME,SPECIAL_BUTTON) VALUES ('TBLID_BPROD','CVD_FLG','CVD_FLG','CVD_FLG','STRING',10,'N','Y','N','Y',29,-1,0,0,29,'N','N','N','STRING',10,'Y',0,'Y','Y','Y','NONE',NULL,NULL,NULL,NULL,'N','N',0,NULL,NULL,0);
INSERT INTO SM_FIELD_DEF (TABLE_ID,FIELD_NAME,JP_TITLE,US_TITLE,DB_TYPE,DB_LENGTH,IS_KEY,NOT_BLANK,IS_DUMMY,IS_SEARCH_ITEM,SORT_NO,TREE_LEVEL,SHEET_NO,PAGE_NO,PROPERTY_NO,IS_AUTO,IS_MANDATORY,SYSTEM_READONLY,FIELD_TYPE,FIELD_LENGTH,INPUT_ALPHABET,INPUT_MULTIBYTE,INPUT_NUMERIC,INPUT_SYMBOL,INPUT_UPPERCASE,RETRIEVAL_TABLE,FORMAT,DEFAULT_VALUE,MIN_VALUE,MAX_VALUE,CALENDAR_BUTTON,JUMP_BUTTON,OPEN_BUTTON,REF_TABLE_ID,REF_FIELD_NAME,SPECIAL_BUTTON) VALUES ('TBLID_BPROD','SLICE_WIRE_PITCH','SLICE_WIRE_PITCH','SLICE_WIRE_PITCH','DOUBLE',0,'N','Y','N','Y',30,-1,0,0,30,'N','N','N','STRING',0,'Y',0,'Y','Y','Y','NONE',NULL,NULL,NULL,NULL,'N','N',0,NULL,NULL,0);
INSERT INTO SM_FIELD_DEF (TABLE_ID,FIELD_NAME,JP_TITLE,US_TITLE,DB_TYPE,DB_LENGTH,IS_KEY,NOT_BLANK,IS_DUMMY,IS_SEARCH_ITEM,SORT_NO,TREE_LEVEL,SHEET_NO,PAGE_NO,PROPERTY_NO,IS_AUTO,IS_MANDATORY,SYSTEM_READONLY,FIELD_TYPE,FIELD_LENGTH,INPUT_ALPHABET,INPUT_MULTIBYTE,INPUT_NUMERIC,INPUT_SYMBOL,INPUT_UPPERCASE,RETRIEVAL_TABLE,FORMAT,DEFAULT_VALUE,MIN_VALUE,MAX_VALUE,CALENDAR_BUTTON,JUMP_BUTTON,OPEN_BUTTON,REF_TABLE_ID,REF_FIELD_NAME,SPECIAL_BUTTON) VALUES ('TBLID_BPROD','CIR_WHEEL_STD','CIR_WHEEL_STD','CIR_WHEEL_STD','NUMBER',0,'N','Y','N','Y',31,-1,0,0,31,'N','N','N','STRING',0,'Y',0,'Y','Y','Y','NONE',NULL,NULL,NULL,NULL,'N','N',0,NULL,NULL,0);
INSERT INTO SM_FIELD_DEF (TABLE_ID,FIELD_NAME,JP_TITLE,US_TITLE,DB_TYPE,DB_LENGTH,IS_KEY,NOT_BLANK,IS_DUMMY,IS_SEARCH_ITEM,SORT_NO,TREE_LEVEL,SHEET_NO,PAGE_NO,PROPERTY_NO,IS_AUTO,IS_MANDATORY,SYSTEM_READONLY,FIELD_TYPE,FIELD_LENGTH,INPUT_ALPHABET,INPUT_MULTIBYTE,INPUT_NUMERIC,INPUT_SYMBOL,INPUT_UPPERCASE,RETRIEVAL_TABLE,FORMAT,DEFAULT_VALUE,MIN_VALUE,MAX_VALUE,CALENDAR_BUTTON,JUMP_BUTTON,OPEN_BUTTON,REF_TABLE_ID,REF_FIELD_NAME,SPECIAL_BUTTON) VALUES ('TBLID_BPROD','NOTCH_WHEEL_STD','NOTCH_WHEEL_STD','NOTCH_WHEEL_STD','NUMBER',0,'N','Y','N','Y',32,-1,0,0,32,'N','N','N','STRING',0,'Y',0,'Y','Y','Y','NONE',NULL,NULL,NULL,NULL,'N','N',0,NULL,NULL,0);
INSERT INTO SM_FIELD_DEF (TABLE_ID,FIELD_NAME,JP_TITLE,US_TITLE,DB_TYPE,DB_LENGTH,IS_KEY,NOT_BLANK,IS_DUMMY,IS_SEARCH_ITEM,SORT_NO,TREE_LEVEL,SHEET_NO,PAGE_NO,PROPERTY_NO,IS_AUTO,IS_MANDATORY,SYSTEM_READONLY,FIELD_TYPE,FIELD_LENGTH,INPUT_ALPHABET,INPUT_MULTIBYTE,INPUT_NUMERIC,INPUT_SYMBOL,INPUT_UPPERCASE,RETRIEVAL_TABLE,FORMAT,DEFAULT_VALUE,MIN_VALUE,MAX_VALUE,CALENDAR_BUTTON,JUMP_BUTTON,OPEN_BUTTON,REF_TABLE_ID,REF_FIELD_NAME,SPECIAL_BUTTON) VALUES ('TBLID_BPROD','FLT_GRIND_COUNT','FLT_GRIND_COUNT','FLT_GRIND_COUNT','NUMBER',0,'N','Y','N','Y',33,-1,0,0,33,'N','N','N','STRING',0,'Y',0,'Y','Y','Y','NONE',NULL,NULL,NULL,NULL,'N','N',0,NULL,NULL,0);
INSERT INTO SM_FIELD_DEF (TABLE_ID,FIELD_NAME,JP_TITLE,US_TITLE,DB_TYPE,DB_LENGTH,IS_KEY,NOT_BLANK,IS_DUMMY,IS_SEARCH_ITEM,SORT_NO,TREE_LEVEL,SHEET_NO,PAGE_NO,PROPERTY_NO,IS_AUTO,IS_MANDATORY,SYSTEM_READONLY,FIELD_TYPE,FIELD_LENGTH,INPUT_ALPHABET,INPUT_MULTIBYTE,INPUT_NUMERIC,INPUT_SYMBOL,INPUT_UPPERCASE,RETRIEVAL_TABLE,FORMAT,DEFAULT_VALUE,MIN_VALUE,MAX_VALUE,CALENDAR_BUTTON,JUMP_BUTTON,OPEN_BUTTON,REF_TABLE_ID,REF_FIELD_NAME,SPECIAL_BUTTON) VALUES ('TBLID_BPROD','FIN_GRIND_COUNT','FIN_GRIND_COUNT','FIN_GRIND_COUNT','NUMBER',0,'N','Y','N','Y',34,-1,0,0,34,'N','N','N','STRING',0,'Y',0,'Y','Y','Y','NONE',NULL,NULL,NULL,NULL,'N','N',0,NULL,NULL,0);
INSERT INTO SM_FIELD_DEF (TABLE_ID,FIELD_NAME,JP_TITLE,US_TITLE,DB_TYPE,DB_LENGTH,IS_KEY,NOT_BLANK,IS_DUMMY,IS_SEARCH_ITEM,SORT_NO,TREE_LEVEL,SHEET_NO,PAGE_NO,PROPERTY_NO,IS_AUTO,IS_MANDATORY,SYSTEM_READONLY,FIELD_TYPE,FIELD_LENGTH,INPUT_ALPHABET,INPUT_MULTIBYTE,INPUT_NUMERIC,INPUT_SYMBOL,INPUT_UPPERCASE,RETRIEVAL_TABLE,FORMAT,DEFAULT_VALUE,MIN_VALUE,MAX_VALUE,CALENDAR_BUTTON,JUMP_BUTTON,OPEN_BUTTON,REF_TABLE_ID,REF_FIELD_NAME,SPECIAL_BUTTON) VALUES ('TBLID_BPROD','LM_FACE_SPECIFIED_FLG','LM_FACE_SPECIFIED_FLG','LM_FACE_SPECIFIED_FLG','NUMBER',0,'N','Y','N','Y',35,-1,0,0,35,'N','N','N','STRING',0,'Y',0,'Y','Y','Y','NONE',NULL,NULL,NULL,NULL,'N','N',0,NULL,NULL,0);
INSERT INTO SM_FIELD_DEF (TABLE_ID,FIELD_NAME,JP_TITLE,US_TITLE,DB_TYPE,DB_LENGTH,IS_KEY,NOT_BLANK,IS_DUMMY,IS_SEARCH_ITEM,SORT_NO,TREE_LEVEL,SHEET_NO,PAGE_NO,PROPERTY_NO,IS_AUTO,IS_MANDATORY,SYSTEM_READONLY,FIELD_TYPE,FIELD_LENGTH,INPUT_ALPHABET,INPUT_MULTIBYTE,INPUT_NUMERIC,INPUT_SYMBOL,INPUT_UPPERCASE,RETRIEVAL_TABLE,FORMAT,DEFAULT_VALUE,MIN_VALUE,MAX_VALUE,CALENDAR_BUTTON,JUMP_BUTTON,OPEN_BUTTON,REF_TABLE_ID,REF_FIELD_NAME,SPECIAL_BUTTON) VALUES ('TBLID_BPROD','EDGING_REMOVE','EDGING_REMOVE','EDGING_REMOVE','NUMBER',0,'N','Y','N','Y',36,-1,0,0,36,'N','N','N','STRING',0,'Y',0,'Y','Y','Y','NONE',NULL,NULL,NULL,NULL,'N','N',0,NULL,NULL,0);
INSERT INTO SM_FIELD_DEF (TABLE_ID,FIELD_NAME,JP_TITLE,US_TITLE,DB_TYPE,DB_LENGTH,IS_KEY,NOT_BLANK,IS_DUMMY,IS_SEARCH_ITEM,SORT_NO,TREE_LEVEL,SHEET_NO,PAGE_NO,PROPERTY_NO,IS_AUTO,IS_MANDATORY,SYSTEM_READONLY,FIELD_TYPE,FIELD_LENGTH,INPUT_ALPHABET,INPUT_MULTIBYTE,INPUT_NUMERIC,INPUT_SYMBOL,INPUT_UPPERCASE,RETRIEVAL_TABLE,FORMAT,DEFAULT_VALUE,MIN_VALUE,MAX_VALUE,CALENDAR_BUTTON,JUMP_BUTTON,OPEN_BUTTON,REF_TABLE_ID,REF_FIELD_NAME,SPECIAL_BUTTON) VALUES ('TBLID_BPROD','POLISH_KIND','POLISH_KIND','POLISH_KIND','NUMBER',0,'N','Y','N','Y',37,-1,0,0,37,'N','N','N','STRING',0,'Y',0,'Y','Y','Y','NONE',NULL,NULL,NULL,NULL,'N','N',0,NULL,NULL,0);
INSERT INTO SM_FIELD_DEF (TABLE_ID,FIELD_NAME,JP_TITLE,US_TITLE,DB_TYPE,DB_LENGTH,IS_KEY,NOT_BLANK,IS_DUMMY,IS_SEARCH_ITEM,SORT_NO,TREE_LEVEL,SHEET_NO,PAGE_NO,PROPERTY_NO,IS_AUTO,IS_MANDATORY,SYSTEM_READONLY,FIELD_TYPE,FIELD_LENGTH,INPUT_ALPHABET,INPUT_MULTIBYTE,INPUT_NUMERIC,INPUT_SYMBOL,INPUT_UPPERCASE,RETRIEVAL_TABLE,FORMAT,DEFAULT_VALUE,MIN_VALUE,MAX_VALUE,CALENDAR_BUTTON,JUMP_BUTTON,OPEN_BUTTON,REF_TABLE_ID,REF_FIELD_NAME,SPECIAL_BUTTON) VALUES ('TBLID_BPROD','FLATNESS_RANK','FLATNESS_RANK','FLATNESS_RANK','STRING',1,'N','Y','N','Y',38,-1,0,0,38,'N','N','N','STRING',1,'Y',0,'Y','Y','Y','NONE',NULL,NULL,NULL,NULL,'N','N',0,NULL,NULL,0);
INSERT INTO SM_FIELD_DEF (TABLE_ID,FIELD_NAME,JP_TITLE,US_TITLE,DB_TYPE,DB_LENGTH,IS_KEY,NOT_BLANK,IS_DUMMY,IS_SEARCH_ITEM,SORT_NO,TREE_LEVEL,SHEET_NO,PAGE_NO,PROPERTY_NO,IS_AUTO,IS_MANDATORY,SYSTEM_READONLY,FIELD_TYPE,FIELD_LENGTH,INPUT_ALPHABET,INPUT_MULTIBYTE,INPUT_NUMERIC,INPUT_SYMBOL,INPUT_UPPERCASE,RETRIEVAL_TABLE,FORMAT,DEFAULT_VALUE,MIN_VALUE,MAX_VALUE,CALENDAR_BUTTON,JUMP_BUTTON,OPEN_BUTTON,REF_TABLE_ID,REF_FIELD_NAME,SPECIAL_BUTTON) VALUES ('TBLID_BPROD','FLT_POLISH_CROSS_LIFE_STD','FLT_POLISH_CROSS_LIFE_STD','FLT_POLISH_CROSS_LIFE_STD','STRING',40,'N','Y','N','Y',39,-1,0,0,39,'N','N','N','STRING',40,'Y',0,'Y','Y','Y','NONE',NULL,NULL,NULL,NULL,'N','N',0,NULL,NULL,0);
INSERT INTO SM_FIELD_DEF (TABLE_ID,FIELD_NAME,JP_TITLE,US_TITLE,DB_TYPE,DB_LENGTH,IS_KEY,NOT_BLANK,IS_DUMMY,IS_SEARCH_ITEM,SORT_NO,TREE_LEVEL,SHEET_NO,PAGE_NO,PROPERTY_NO,IS_AUTO,IS_MANDATORY,SYSTEM_READONLY,FIELD_TYPE,FIELD_LENGTH,INPUT_ALPHABET,INPUT_MULTIBYTE,INPUT_NUMERIC,INPUT_SYMBOL,INPUT_UPPERCASE,RETRIEVAL_TABLE,FORMAT,DEFAULT_VALUE,MIN_VALUE,MAX_VALUE,CALENDAR_BUTTON,JUMP_BUTTON,OPEN_BUTTON,REF_TABLE_ID,REF_FIELD_NAME,SPECIAL_BUTTON) VALUES ('TBLID_BPROD','MIRROR_GRIND_GRAVITY','MIRROR_GRIND_GRAVITY','MIRROR_GRIND_GRAVITY','STRING',1,'N','Y','N','Y',40,-1,0,0,40,'N','N','N','STRING',1,'Y',0,'Y','Y','Y','NONE',NULL,NULL,NULL,NULL,'N','N',0,NULL,NULL,0);
INSERT INTO SM_FIELD_DEF (TABLE_ID,FIELD_NAME,JP_TITLE,US_TITLE,DB_TYPE,DB_LENGTH,IS_KEY,NOT_BLANK,IS_DUMMY,IS_SEARCH_ITEM,SORT_NO,TREE_LEVEL,SHEET_NO,PAGE_NO,PROPERTY_NO,IS_AUTO,IS_MANDATORY,SYSTEM_READONLY,FIELD_TYPE,FIELD_LENGTH,INPUT_ALPHABET,INPUT_MULTIBYTE,INPUT_NUMERIC,INPUT_SYMBOL,INPUT_UPPERCASE,RETRIEVAL_TABLE,FORMAT,DEFAULT_VALUE,MIN_VALUE,MAX_VALUE,CALENDAR_BUTTON,JUMP_BUTTON,OPEN_BUTTON,REF_TABLE_ID,REF_FIELD_NAME,SPECIAL_BUTTON) VALUES ('TBLID_BPROD','FIN_POLISH_CROSS_LIFE_STD','FIN_POLISH_CROSS_LIFE_STD','FIN_POLISH_CROSS_LIFE_STD','STRING',40,'N','Y','N','Y',41,-1,0,0,41,'N','N','N','STRING',40,'Y',0,'Y','Y','Y','NONE',NULL,NULL,NULL,NULL,'N','N',0,NULL,NULL,0);
INSERT INTO SM_FIELD_DEF (TABLE_ID,FIELD_NAME,JP_TITLE,US_TITLE,DB_TYPE,DB_LENGTH,IS_KEY,NOT_BLANK,IS_DUMMY,IS_SEARCH_ITEM,SORT_NO,TREE_LEVEL,SHEET_NO,PAGE_NO,PROPERTY_NO,IS_AUTO,IS_MANDATORY,SYSTEM_READONLY,FIELD_TYPE,FIELD_LENGTH,INPUT_ALPHABET,INPUT_MULTIBYTE,INPUT_NUMERIC,INPUT_SYMBOL,INPUT_UPPERCASE,RETRIEVAL_TABLE,FORMAT,DEFAULT_VALUE,MIN_VALUE,MAX_VALUE,CALENDAR_BUTTON,JUMP_BUTTON,OPEN_BUTTON,REF_TABLE_ID,REF_FIELD_NAME,SPECIAL_BUTTON) VALUES ('TBLID_BPROD','FOSB_INFOPAD_PLUG_POS','FOSB_INFOPAD_PLUG_POS','FOSB_INFOPAD_PLUG_POS','STRING',40,'N','Y','N','Y',42,-1,0,0,42,'N','N','N','STRING',40,'Y',0,'Y','Y','Y','NONE',NULL,NULL,NULL,NULL,'N','N',0,NULL,NULL,0);
INSERT INTO SM_FIELD_DEF (TABLE_ID,FIELD_NAME,JP_TITLE,US_TITLE,DB_TYPE,DB_LENGTH,IS_KEY,NOT_BLANK,IS_DUMMY,IS_SEARCH_ITEM,SORT_NO,TREE_LEVEL,SHEET_NO,PAGE_NO,PROPERTY_NO,IS_AUTO,IS_MANDATORY,SYSTEM_READONLY,FIELD_TYPE,FIELD_LENGTH,INPUT_ALPHABET,INPUT_MULTIBYTE,INPUT_NUMERIC,INPUT_SYMBOL,INPUT_UPPERCASE,RETRIEVAL_TABLE,FORMAT,DEFAULT_VALUE,MIN_VALUE,MAX_VALUE,CALENDAR_BUTTON,JUMP_BUTTON,OPEN_BUTTON,REF_TABLE_ID,REF_FIELD_NAME,SPECIAL_BUTTON) VALUES ('TBLID_BPROD','SENTER_RITENER_EXIST','SENTER_RITENER_EXIST','SENTER_RITENER_EXIST','NUMBER',0,'N','Y','N','Y',43,-1,0,0,43,'N','N','N','STRING',0,'Y',0,'Y','Y','Y','NONE',NULL,NULL,NULL,NULL,'N','N',0,NULL,NULL,0);
INSERT INTO SM_FIELD_DEF (TABLE_ID,FIELD_NAME,JP_TITLE,US_TITLE,DB_TYPE,DB_LENGTH,IS_KEY,NOT_BLANK,IS_DUMMY,IS_SEARCH_ITEM,SORT_NO,TREE_LEVEL,SHEET_NO,PAGE_NO,PROPERTY_NO,IS_AUTO,IS_MANDATORY,SYSTEM_READONLY,FIELD_TYPE,FIELD_LENGTH,INPUT_ALPHABET,INPUT_MULTIBYTE,INPUT_NUMERIC,INPUT_SYMBOL,INPUT_UPPERCASE,RETRIEVAL_TABLE,FORMAT,DEFAULT_VALUE,MIN_VALUE,MAX_VALUE,CALENDAR_BUTTON,JUMP_BUTTON,OPEN_BUTTON,REF_TABLE_ID,REF_FIELD_NAME,SPECIAL_BUTTON) VALUES ('TBLID_BPROD','SHIP_LABEL_POS1','SHIP_LABEL_POS1','SHIP_LABEL_POS1','STRING',20,'N','Y','N','Y',44,-1,0,0,44,'N','N','N','STRING',20,'Y',0,'Y','Y','Y','NONE',NULL,NULL,NULL,NULL,'N','N',0,NULL,NULL,0);
INSERT INTO SM_FIELD_DEF (TABLE_ID,FIELD_NAME,JP_TITLE,US_TITLE,DB_TYPE,DB_LENGTH,IS_KEY,NOT_BLANK,IS_DUMMY,IS_SEARCH_ITEM,SORT_NO,TREE_LEVEL,SHEET_NO,PAGE_NO,PROPERTY_NO,IS_AUTO,IS_MANDATORY,SYSTEM_READONLY,FIELD_TYPE,FIELD_LENGTH,INPUT_ALPHABET,INPUT_MULTIBYTE,INPUT_NUMERIC,INPUT_SYMBOL,INPUT_UPPERCASE,RETRIEVAL_TABLE,FORMAT,DEFAULT_VALUE,MIN_VALUE,MAX_VALUE,CALENDAR_BUTTON,JUMP_BUTTON,OPEN_BUTTON,REF_TABLE_ID,REF_FIELD_NAME,SPECIAL_BUTTON) VALUES ('TBLID_BPROD','SHIP_LABEL_POS2','SHIP_LABEL_POS2','SHIP_LABEL_POS2','STRING',20,'N','Y','N','Y',45,-1,0,0,45,'N','N','N','STRING',20,'Y',0,'Y','Y','Y','NONE',NULL,NULL,NULL,NULL,'N','N',0,NULL,NULL,0);
INSERT INTO SM_FIELD_DEF (TABLE_ID,FIELD_NAME,JP_TITLE,US_TITLE,DB_TYPE,DB_LENGTH,IS_KEY,NOT_BLANK,IS_DUMMY,IS_SEARCH_ITEM,SORT_NO,TREE_LEVEL,SHEET_NO,PAGE_NO,PROPERTY_NO,IS_AUTO,IS_MANDATORY,SYSTEM_READONLY,FIELD_TYPE,FIELD_LENGTH,INPUT_ALPHABET,INPUT_MULTIBYTE,INPUT_NUMERIC,INPUT_SYMBOL,INPUT_UPPERCASE,RETRIEVAL_TABLE,FORMAT,DEFAULT_VALUE,MIN_VALUE,MAX_VALUE,CALENDAR_BUTTON,JUMP_BUTTON,OPEN_BUTTON,REF_TABLE_ID,REF_FIELD_NAME,SPECIAL_BUTTON) VALUES ('TBLID_BPROD','SHIP_LABEL_POS3','SHIP_LABEL_POS3','SHIP_LABEL_POS3','STRING',20,'N','Y','N','Y',46,-1,0,0,46,'N','N','N','STRING',20,'Y',0,'Y','Y','Y','NONE',NULL,NULL,NULL,NULL,'N','N',0,NULL,NULL,0);
INSERT INTO SM_FIELD_DEF (TABLE_ID,FIELD_NAME,JP_TITLE,US_TITLE,DB_TYPE,DB_LENGTH,IS_KEY,NOT_BLANK,IS_DUMMY,IS_SEARCH_ITEM,SORT_NO,TREE_LEVEL,SHEET_NO,PAGE_NO,PROPERTY_NO,IS_AUTO,IS_MANDATORY,SYSTEM_READONLY,FIELD_TYPE,FIELD_LENGTH,INPUT_ALPHABET,INPUT_MULTIBYTE,INPUT_NUMERIC,INPUT_SYMBOL,INPUT_UPPERCASE,RETRIEVAL_TABLE,FORMAT,DEFAULT_VALUE,MIN_VALUE,MAX_VALUE,CALENDAR_BUTTON,JUMP_BUTTON,OPEN_BUTTON,REF_TABLE_ID,REF_FIELD_NAME,SPECIAL_BUTTON) VALUES ('TBLID_BPROD','DESICCANT_EXIST','DESICCANT_EXIST','DESICCANT_EXIST','NUMBER',0,'N','Y','N','Y',47,-1,0,0,47,'N','N','N','STRING',0,'Y',0,'Y','Y','Y','NONE',NULL,NULL,NULL,NULL,'N','N',0,NULL,NULL,0);
INSERT INTO SM_FIELD_DEF (TABLE_ID,FIELD_NAME,JP_TITLE,US_TITLE,DB_TYPE,DB_LENGTH,IS_KEY,NOT_BLANK,IS_DUMMY,IS_SEARCH_ITEM,SORT_NO,TREE_LEVEL,SHEET_NO,PAGE_NO,PROPERTY_NO,IS_AUTO,IS_MANDATORY,SYSTEM_READONLY,FIELD_TYPE,FIELD_LENGTH,INPUT_ALPHABET,INPUT_MULTIBYTE,INPUT_NUMERIC,INPUT_SYMBOL,INPUT_UPPERCASE,RETRIEVAL_TABLE,FORMAT,DEFAULT_VALUE,MIN_VALUE,MAX_VALUE,CALENDAR_BUTTON,JUMP_BUTTON,OPEN_BUTTON,REF_TABLE_ID,REF_FIELD_NAME,SPECIAL_BUTTON) VALUES ('TBLID_BPROD','DESICCANT_POS','DESICCANT_POS','DESICCANT_POS','STRING',20,'N','Y','N','Y',48,-1,0,0,48,'N','N','N','STRING',20,'Y',0,'Y','Y','Y','NONE',NULL,NULL,NULL,NULL,'N','N',0,NULL,NULL,0);
INSERT INTO SM_FIELD_DEF (TABLE_ID,FIELD_NAME,JP_TITLE,US_TITLE,DB_TYPE,DB_LENGTH,IS_KEY,NOT_BLANK,IS_DUMMY,IS_SEARCH_ITEM,SORT_NO,TREE_LEVEL,SHEET_NO,PAGE_NO,PROPERTY_NO,IS_AUTO,IS_MANDATORY,SYSTEM_READONLY,FIELD_TYPE,FIELD_LENGTH,INPUT_ALPHABET,INPUT_MULTIBYTE,INPUT_NUMERIC,INPUT_SYMBOL,INPUT_UPPERCASE,RETRIEVAL_TABLE,FORMAT,DEFAULT_VALUE,MIN_VALUE,MAX_VALUE,CALENDAR_BUTTON,JUMP_BUTTON,OPEN_BUTTON,REF_TABLE_ID,REF_FIELD_NAME,SPECIAL_BUTTON) VALUES ('TBLID_BPROD','KEM_PW_PROD_CODE','KEM_PW_PROD_CODE','KEM_PW_PROD_CODE','STRING',20,'N','Y','N','Y',49,-1,0,0,49,'N','N','N','STRING',20,'Y',0,'Y','Y','Y','NONE',NULL,NULL,NULL,NULL,'N','N',0,NULL,NULL,0);
INSERT INTO SM_FIELD_DEF (TABLE_ID,FIELD_NAME,JP_TITLE,US_TITLE,DB_TYPE,DB_LENGTH,IS_KEY,NOT_BLANK,IS_DUMMY,IS_SEARCH_ITEM,SORT_NO,TREE_LEVEL,SHEET_NO,PAGE_NO,PROPERTY_NO,IS_AUTO,IS_MANDATORY,SYSTEM_READONLY,FIELD_TYPE,FIELD_LENGTH,INPUT_ALPHABET,INPUT_MULTIBYTE,INPUT_NUMERIC,INPUT_SYMBOL,INPUT_UPPERCASE,RETRIEVAL_TABLE,FORMAT,DEFAULT_VALUE,MIN_VALUE,MAX_VALUE,CALENDAR_BUTTON,JUMP_BUTTON,OPEN_BUTTON,REF_TABLE_ID,REF_FIELD_NAME,SPECIAL_BUTTON) VALUES ('TBLID_BPROD','KEM_EP_PROD_CODE','KEM_EP_PROD_CODE','KEM_EP_PROD_CODE','STRING',20,'N','Y','N','Y',50,-1,0,0,50,'N','N','N','STRING',20,'Y',0,'Y','Y','Y','NONE',NULL,NULL,NULL,NULL,'N','N',0,NULL,NULL,0);
INSERT INTO SM_FIELD_DEF (TABLE_ID,FIELD_NAME,JP_TITLE,US_TITLE,DB_TYPE,DB_LENGTH,IS_KEY,NOT_BLANK,IS_DUMMY,IS_SEARCH_ITEM,SORT_NO,TREE_LEVEL,SHEET_NO,PAGE_NO,PROPERTY_NO,IS_AUTO,IS_MANDATORY,SYSTEM_READONLY,FIELD_TYPE,FIELD_LENGTH,INPUT_ALPHABET,INPUT_MULTIBYTE,INPUT_NUMERIC,INPUT_SYMBOL,INPUT_UPPERCASE,RETRIEVAL_TABLE,FORMAT,DEFAULT_VALUE,MIN_VALUE,MAX_VALUE,CALENDAR_BUTTON,JUMP_BUTTON,OPEN_BUTTON,REF_TABLE_ID,REF_FIELD_NAME,SPECIAL_BUTTON) VALUES ('TBLID_BPROD','KEM_AR_PROD_CODE','KEM_AR_PROD_CODE','KEM_AR_PROD_CODE','STRING',20,'N','Y','N','Y',51,-1,0,0,51,'N','N','N','STRING',20,'Y',0,'Y','Y','Y','NONE',NULL,NULL,NULL,NULL,'N','N',0,NULL,NULL,0);
INSERT INTO SM_FIELD_DEF (TABLE_ID,FIELD_NAME,JP_TITLE,US_TITLE,DB_TYPE,DB_LENGTH,IS_KEY,NOT_BLANK,IS_DUMMY,IS_SEARCH_ITEM,SORT_NO,TREE_LEVEL,SHEET_NO,PAGE_NO,PROPERTY_NO,IS_AUTO,IS_MANDATORY,SYSTEM_READONLY,FIELD_TYPE,FIELD_LENGTH,INPUT_ALPHABET,INPUT_MULTIBYTE,INPUT_NUMERIC,INPUT_SYMBOL,INPUT_UPPERCASE,RETRIEVAL_TABLE,FORMAT,DEFAULT_VALUE,MIN_VALUE,MAX_VALUE,CALENDAR_BUTTON,JUMP_BUTTON,OPEN_BUTTON,REF_TABLE_ID,REF_FIELD_NAME,SPECIAL_BUTTON) VALUES ('TBLID_BPROD','NOTCH_TOP_DEGREE','NOTCH_TOP_DEGREE','NOTCH_TOP_DEGREE','NUMBER',0,'N','Y','N','Y',52,-1,0,0,52,'N','N','N','STRING',0,'Y',0,'Y','Y','Y','NONE',NULL,NULL,NULL,NULL,'N','N',0,NULL,NULL,0);
INSERT INTO SM_FIELD_DEF (TABLE_ID,FIELD_NAME,JP_TITLE,US_TITLE,DB_TYPE,DB_LENGTH,IS_KEY,NOT_BLANK,IS_DUMMY,IS_SEARCH_ITEM,SORT_NO,TREE_LEVEL,SHEET_NO,PAGE_NO,PROPERTY_NO,IS_AUTO,IS_MANDATORY,SYSTEM_READONLY,FIELD_TYPE,FIELD_LENGTH,INPUT_ALPHABET,INPUT_MULTIBYTE,INPUT_NUMERIC,INPUT_SYMBOL,INPUT_UPPERCASE,RETRIEVAL_TABLE,FORMAT,DEFAULT_VALUE,MIN_VALUE,MAX_VALUE,CALENDAR_BUTTON,JUMP_BUTTON,OPEN_BUTTON,REF_TABLE_ID,REF_FIELD_NAME,SPECIAL_BUTTON) VALUES ('TBLID_BPROD','NOTCH_TOP_ARCMIN','NOTCH_TOP_ARCMIN','NOTCH_TOP_ARCMIN','NUMBER',0,'N','Y','N','Y',53,-1,0,0,53,'N','N','N','STRING',0,'Y',0,'Y','Y','Y','NONE',NULL,NULL,NULL,NULL,'N','N',0,NULL,NULL,0);
INSERT INTO SM_FIELD_DEF (TABLE_ID,FIELD_NAME,JP_TITLE,US_TITLE,DB_TYPE,DB_LENGTH,IS_KEY,NOT_BLANK,IS_DUMMY,IS_SEARCH_ITEM,SORT_NO,TREE_LEVEL,SHEET_NO,PAGE_NO,PROPERTY_NO,IS_AUTO,IS_MANDATORY,SYSTEM_READONLY,FIELD_TYPE,FIELD_LENGTH,INPUT_ALPHABET,INPUT_MULTIBYTE,INPUT_NUMERIC,INPUT_SYMBOL,INPUT_UPPERCASE,RETRIEVAL_TABLE,FORMAT,DEFAULT_VALUE,MIN_VALUE,MAX_VALUE,CALENDAR_BUTTON,JUMP_BUTTON,OPEN_BUTTON,REF_TABLE_ID,REF_FIELD_NAME,SPECIAL_BUTTON) VALUES ('TBLID_BPROD','NOTCH_TOP_ARCSEC','NOTCH_TOP_ARCSEC','NOTCH_TOP_ARCSEC','NUMBER',0,'N','Y','N','Y',54,-1,0,0,54,'N','N','N','STRING',0,'Y',0,'Y','Y','Y','NONE',NULL,NULL,NULL,NULL,'N','N',0,NULL,NULL,0);
INSERT INTO SM_FIELD_DEF (TABLE_ID,FIELD_NAME,JP_TITLE,US_TITLE,DB_TYPE,DB_LENGTH,IS_KEY,NOT_BLANK,IS_DUMMY,IS_SEARCH_ITEM,SORT_NO,TREE_LEVEL,SHEET_NO,PAGE_NO,PROPERTY_NO,IS_AUTO,IS_MANDATORY,SYSTEM_READONLY,FIELD_TYPE,FIELD_LENGTH,INPUT_ALPHABET,INPUT_MULTIBYTE,INPUT_NUMERIC,INPUT_SYMBOL,INPUT_UPPERCASE,RETRIEVAL_TABLE,FORMAT,DEFAULT_VALUE,MIN_VALUE,MAX_VALUE,CALENDAR_BUTTON,JUMP_BUTTON,OPEN_BUTTON,REF_TABLE_ID,REF_FIELD_NAME,SPECIAL_BUTTON) VALUES ('TBLID_BPROD','NOTCH_LEFT_DEGREE','NOTCH_LEFT_DEGREE','NOTCH_LEFT_DEGREE','NUMBER',0,'N','Y','N','Y',55,-1,0,0,55,'N','N','N','STRING',0,'Y',0,'Y','Y','Y','NONE',NULL,NULL,NULL,NULL,'N','N',0,NULL,NULL,0);
INSERT INTO SM_FIELD_DEF (TABLE_ID,FIELD_NAME,JP_TITLE,US_TITLE,DB_TYPE,DB_LENGTH,IS_KEY,NOT_BLANK,IS_DUMMY,IS_SEARCH_ITEM,SORT_NO,TREE_LEVEL,SHEET_NO,PAGE_NO,PROPERTY_NO,IS_AUTO,IS_MANDATORY,SYSTEM_READONLY,FIELD_TYPE,FIELD_LENGTH,INPUT_ALPHABET,INPUT_MULTIBYTE,INPUT_NUMERIC,INPUT_SYMBOL,INPUT_UPPERCASE,RETRIEVAL_TABLE,FORMAT,DEFAULT_VALUE,MIN_VALUE,MAX_VALUE,CALENDAR_BUTTON,JUMP_BUTTON,OPEN_BUTTON,REF_TABLE_ID,REF_FIELD_NAME,SPECIAL_BUTTON) VALUES ('TBLID_BPROD','NOTCH_LEFT_ARCMIN','NOTCH_LEFT_ARCMIN','NOTCH_LEFT_ARCMIN','NUMBER',0,'N','Y','N','Y',56,-1,0,0,56,'N','N','N','STRING',0,'Y',0,'Y','Y','Y','NONE',NULL,NULL,NULL,NULL,'N','N',0,NULL,NULL,0);
INSERT INTO SM_FIELD_DEF (TABLE_ID,FIELD_NAME,JP_TITLE,US_TITLE,DB_TYPE,DB_LENGTH,IS_KEY,NOT_BLANK,IS_DUMMY,IS_SEARCH_ITEM,SORT_NO,TREE_LEVEL,SHEET_NO,PAGE_NO,PROPERTY_NO,IS_AUTO,IS_MANDATORY,SYSTEM_READONLY,FIELD_TYPE,FIELD_LENGTH,INPUT_ALPHABET,INPUT_MULTIBYTE,INPUT_NUMERIC,INPUT_SYMBOL,INPUT_UPPERCASE,RETRIEVAL_TABLE,FORMAT,DEFAULT_VALUE,MIN_VALUE,MAX_VALUE,CALENDAR_BUTTON,JUMP_BUTTON,OPEN_BUTTON,REF_TABLE_ID,REF_FIELD_NAME,SPECIAL_BUTTON) VALUES ('TBLID_BPROD','NOTCH_LEFT_ARCSEC','NOTCH_LEFT_ARCSEC','NOTCH_LEFT_ARCSEC','NUMBER',0,'N','Y','N','Y',57,-1,0,0,57,'N','N','N','STRING',0,'Y',0,'Y','Y','Y','NONE',NULL,NULL,NULL,NULL,'N','N',0,NULL,NULL,0);
INSERT INTO SM_FIELD_DEF (TABLE_ID,FIELD_NAME,JP_TITLE,US_TITLE,DB_TYPE,DB_LENGTH,IS_KEY,NOT_BLANK,IS_DUMMY,IS_SEARCH_ITEM,SORT_NO,TREE_LEVEL,SHEET_NO,PAGE_NO,PROPERTY_NO,IS_AUTO,IS_MANDATORY,SYSTEM_READONLY,FIELD_TYPE,FIELD_LENGTH,INPUT_ALPHABET,INPUT_MULTIBYTE,INPUT_NUMERIC,INPUT_SYMBOL,INPUT_UPPERCASE,RETRIEVAL_TABLE,FORMAT,DEFAULT_VALUE,MIN_VALUE,MAX_VALUE,CALENDAR_BUTTON,JUMP_BUTTON,OPEN_BUTTON,REF_TABLE_ID,REF_FIELD_NAME,SPECIAL_BUTTON) VALUES ('TBLID_BPROD','SHIP_LABEL_PRINT_EXIST','SHIP_LABEL_PRINT_EXIST','SHIP_LABEL_PRINT_EXIST','NUMBER',0,'N','Y','N','Y',58,-1,0,0,58,'N','N','N','STRING',0,'Y',0,'Y','Y','Y','NONE',NULL,NULL,NULL,NULL,'N','N',0,NULL,NULL,0);
INSERT INTO SM_FIELD_DEF (TABLE_ID,FIELD_NAME,JP_TITLE,US_TITLE,DB_TYPE,DB_LENGTH,IS_KEY,NOT_BLANK,IS_DUMMY,IS_SEARCH_ITEM,SORT_NO,TREE_LEVEL,SHEET_NO,PAGE_NO,PROPERTY_NO,IS_AUTO,IS_MANDATORY,SYSTEM_READONLY,FIELD_TYPE,FIELD_LENGTH,INPUT_ALPHABET,INPUT_MULTIBYTE,INPUT_NUMERIC,INPUT_SYMBOL,INPUT_UPPERCASE,RETRIEVAL_TABLE,FORMAT,DEFAULT_VALUE,MIN_VALUE,MAX_VALUE,CALENDAR_BUTTON,JUMP_BUTTON,OPEN_BUTTON,REF_TABLE_ID,REF_FIELD_NAME,SPECIAL_BUTTON) VALUES ('TBLID_BPROD','RESERVE01','RESERVE01','RESERVE01','STRING',20,'N','Y','N','Y',59,-1,0,0,59,'N','N','N','STRING',20,'Y',0,'Y','Y','Y','NONE',NULL,NULL,NULL,NULL,'N','N',0,NULL,NULL,0);
INSERT INTO SM_FIELD_DEF (TABLE_ID,FIELD_NAME,JP_TITLE,US_TITLE,DB_TYPE,DB_LENGTH,IS_KEY,NOT_BLANK,IS_DUMMY,IS_SEARCH_ITEM,SORT_NO,TREE_LEVEL,SHEET_NO,PAGE_NO,PROPERTY_NO,IS_AUTO,IS_MANDATORY,SYSTEM_READONLY,FIELD_TYPE,FIELD_LENGTH,INPUT_ALPHABET,INPUT_MULTIBYTE,INPUT_NUMERIC,INPUT_SYMBOL,INPUT_UPPERCASE,RETRIEVAL_TABLE,FORMAT,DEFAULT_VALUE,MIN_VALUE,MAX_VALUE,CALENDAR_BUTTON,JUMP_BUTTON,OPEN_BUTTON,REF_TABLE_ID,REF_FIELD_NAME,SPECIAL_BUTTON) VALUES ('TBLID_BPROD','RESERVE02','RESERVE02','RESERVE02','STRING',20,'N','Y','N','Y',60,-1,0,0,60,'N','N','N','STRING',20,'Y',0,'Y','Y','Y','NONE',NULL,NULL,NULL,NULL,'N','N',0,NULL,NULL,0);
INSERT INTO SM_FIELD_DEF (TABLE_ID,FIELD_NAME,JP_TITLE,US_TITLE,DB_TYPE,DB_LENGTH,IS_KEY,NOT_BLANK,IS_DUMMY,IS_SEARCH_ITEM,SORT_NO,TREE_LEVEL,SHEET_NO,PAGE_NO,PROPERTY_NO,IS_AUTO,IS_MANDATORY,SYSTEM_READONLY,FIELD_TYPE,FIELD_LENGTH,INPUT_ALPHABET,INPUT_MULTIBYTE,INPUT_NUMERIC,INPUT_SYMBOL,INPUT_UPPERCASE,RETRIEVAL_TABLE,FORMAT,DEFAULT_VALUE,MIN_VALUE,MAX_VALUE,CALENDAR_BUTTON,JUMP_BUTTON,OPEN_BUTTON,REF_TABLE_ID,REF_FIELD_NAME,SPECIAL_BUTTON) VALUES ('TBLID_BPROD','RESERVE03','RESERVE03','RESERVE03','STRING',20,'N','Y','N','Y',61,-1,0,0,61,'N','N','N','STRING',20,'Y',0,'Y','Y','Y','NONE',NULL,NULL,NULL,NULL,'N','N',0,NULL,NULL,0);
INSERT INTO SM_FIELD_DEF (TABLE_ID,FIELD_NAME,JP_TITLE,US_TITLE,DB_TYPE,DB_LENGTH,IS_KEY,NOT_BLANK,IS_DUMMY,IS_SEARCH_ITEM,SORT_NO,TREE_LEVEL,SHEET_NO,PAGE_NO,PROPERTY_NO,IS_AUTO,IS_MANDATORY,SYSTEM_READONLY,FIELD_TYPE,FIELD_LENGTH,INPUT_ALPHABET,INPUT_MULTIBYTE,INPUT_NUMERIC,INPUT_SYMBOL,INPUT_UPPERCASE,RETRIEVAL_TABLE,FORMAT,DEFAULT_VALUE,MIN_VALUE,MAX_VALUE,CALENDAR_BUTTON,JUMP_BUTTON,OPEN_BUTTON,REF_TABLE_ID,REF_FIELD_NAME,SPECIAL_BUTTON) VALUES ('TBLID_BPROD','RESERVE04','RESERVE04','RESERVE04','STRING',20,'N','Y','N','Y',62,-1,0,0,62,'N','N','N','STRING',20,'Y',0,'Y','Y','Y','NONE',NULL,NULL,NULL,NULL,'N','N',0,NULL,NULL,0);
INSERT INTO SM_FIELD_DEF (TABLE_ID,FIELD_NAME,JP_TITLE,US_TITLE,DB_TYPE,DB_LENGTH,IS_KEY,NOT_BLANK,IS_DUMMY,IS_SEARCH_ITEM,SORT_NO,TREE_LEVEL,SHEET_NO,PAGE_NO,PROPERTY_NO,IS_AUTO,IS_MANDATORY,SYSTEM_READONLY,FIELD_TYPE,FIELD_LENGTH,INPUT_ALPHABET,INPUT_MULTIBYTE,INPUT_NUMERIC,INPUT_SYMBOL,INPUT_UPPERCASE,RETRIEVAL_TABLE,FORMAT,DEFAULT_VALUE,MIN_VALUE,MAX_VALUE,CALENDAR_BUTTON,JUMP_BUTTON,OPEN_BUTTON,REF_TABLE_ID,REF_FIELD_NAME,SPECIAL_BUTTON) VALUES ('TBLID_BPROD','RESERVE05','RESERVE05','RESERVE05','STRING',20,'N','Y','N','Y',63,-1,0,0,63,'N','N','N','STRING',20,'Y',0,'Y','Y','Y','NONE',NULL,NULL,NULL,NULL,'N','N',0,NULL,NULL,0);
INSERT INTO SM_FIELD_DEF (TABLE_ID,FIELD_NAME,JP_TITLE,US_TITLE,DB_TYPE,DB_LENGTH,IS_KEY,NOT_BLANK,IS_DUMMY,IS_SEARCH_ITEM,SORT_NO,TREE_LEVEL,SHEET_NO,PAGE_NO,PROPERTY_NO,IS_AUTO,IS_MANDATORY,SYSTEM_READONLY,FIELD_TYPE,FIELD_LENGTH,INPUT_ALPHABET,INPUT_MULTIBYTE,INPUT_NUMERIC,INPUT_SYMBOL,INPUT_UPPERCASE,RETRIEVAL_TABLE,FORMAT,DEFAULT_VALUE,MIN_VALUE,MAX_VALUE,CALENDAR_BUTTON,JUMP_BUTTON,OPEN_BUTTON,REF_TABLE_ID,REF_FIELD_NAME,SPECIAL_BUTTON) VALUES ('TBLID_BPROD','RESERVE06','RESERVE06','RESERVE06','STRING',20,'N','Y','N','Y',64,-1,0,0,64,'N','N','N','STRING',20,'Y',0,'Y','Y','Y','NONE',NULL,NULL,NULL,NULL,'N','N',0,NULL,NULL,0);
INSERT INTO SM_FIELD_DEF (TABLE_ID,FIELD_NAME,JP_TITLE,US_TITLE,DB_TYPE,DB_LENGTH,IS_KEY,NOT_BLANK,IS_DUMMY,IS_SEARCH_ITEM,SORT_NO,TREE_LEVEL,SHEET_NO,PAGE_NO,PROPERTY_NO,IS_AUTO,IS_MANDATORY,SYSTEM_READONLY,FIELD_TYPE,FIELD_LENGTH,INPUT_ALPHABET,INPUT_MULTIBYTE,INPUT_NUMERIC,INPUT_SYMBOL,INPUT_UPPERCASE,RETRIEVAL_TABLE,FORMAT,DEFAULT_VALUE,MIN_VALUE,MAX_VALUE,CALENDAR_BUTTON,JUMP_BUTTON,OPEN_BUTTON,REF_TABLE_ID,REF_FIELD_NAME,SPECIAL_BUTTON) VALUES ('TBLID_BPROD','RESERVE07','RESERVE07','RESERVE07','STRING',20,'N','Y','N','Y',65,-1,0,0,65,'N','N','N','STRING',20,'Y',0,'Y','Y','Y','NONE',NULL,NULL,NULL,NULL,'N','N',0,NULL,NULL,0);
INSERT INTO SM_FIELD_DEF (TABLE_ID,FIELD_NAME,JP_TITLE,US_TITLE,DB_TYPE,DB_LENGTH,IS_KEY,NOT_BLANK,IS_DUMMY,IS_SEARCH_ITEM,SORT_NO,TREE_LEVEL,SHEET_NO,PAGE_NO,PROPERTY_NO,IS_AUTO,IS_MANDATORY,SYSTEM_READONLY,FIELD_TYPE,FIELD_LENGTH,INPUT_ALPHABET,INPUT_MULTIBYTE,INPUT_NUMERIC,INPUT_SYMBOL,INPUT_UPPERCASE,RETRIEVAL_TABLE,FORMAT,DEFAULT_VALUE,MIN_VALUE,MAX_VALUE,CALENDAR_BUTTON,JUMP_BUTTON,OPEN_BUTTON,REF_TABLE_ID,REF_FIELD_NAME,SPECIAL_BUTTON) VALUES ('TBLID_BPROD','RESERVE08','RESERVE08','RESERVE08','STRING',20,'N','Y','N','Y',66,-1,0,0,66,'N','N','N','STRING',20,'Y',0,'Y','Y','Y','NONE',NULL,NULL,NULL,NULL,'N','N',0,NULL,NULL,0);
INSERT INTO SM_FIELD_DEF (TABLE_ID,FIELD_NAME,JP_TITLE,US_TITLE,DB_TYPE,DB_LENGTH,IS_KEY,NOT_BLANK,IS_DUMMY,IS_SEARCH_ITEM,SORT_NO,TREE_LEVEL,SHEET_NO,PAGE_NO,PROPERTY_NO,IS_AUTO,IS_MANDATORY,SYSTEM_READONLY,FIELD_TYPE,FIELD_LENGTH,INPUT_ALPHABET,INPUT_MULTIBYTE,INPUT_NUMERIC,INPUT_SYMBOL,INPUT_UPPERCASE,RETRIEVAL_TABLE,FORMAT,DEFAULT_VALUE,MIN_VALUE,MAX_VALUE,CALENDAR_BUTTON,JUMP_BUTTON,OPEN_BUTTON,REF_TABLE_ID,REF_FIELD_NAME,SPECIAL_BUTTON) VALUES ('TBLID_BPROD','RESERVE09','RESERVE09','RESERVE09','STRING',20,'N','Y','N','Y',67,-1,0,0,67,'N','N','N','STRING',20,'Y',0,'Y','Y','Y','NONE',NULL,NULL,NULL,NULL,'N','N',0,NULL,NULL,0);
INSERT INTO SM_FIELD_DEF (TABLE_ID,FIELD_NAME,JP_TITLE,US_TITLE,DB_TYPE,DB_LENGTH,IS_KEY,NOT_BLANK,IS_DUMMY,IS_SEARCH_ITEM,SORT_NO,TREE_LEVEL,SHEET_NO,PAGE_NO,PROPERTY_NO,IS_AUTO,IS_MANDATORY,SYSTEM_READONLY,FIELD_TYPE,FIELD_LENGTH,INPUT_ALPHABET,INPUT_MULTIBYTE,INPUT_NUMERIC,INPUT_SYMBOL,INPUT_UPPERCASE,RETRIEVAL_TABLE,FORMAT,DEFAULT_VALUE,MIN_VALUE,MAX_VALUE,CALENDAR_BUTTON,JUMP_BUTTON,OPEN_BUTTON,REF_TABLE_ID,REF_FIELD_NAME,SPECIAL_BUTTON) VALUES ('TBLID_BPROD','RESERVE10','RESERVE10','RESERVE10','STRING',20,'N','Y','N','Y',68,-1,0,0,68,'N','N','N','STRING',20,'Y',0,'Y','Y','Y','NONE',NULL,NULL,NULL,NULL,'N','N',0,NULL,NULL,0);
INSERT INTO SM_FIELD_DEF (TABLE_ID,FIELD_NAME,JP_TITLE,US_TITLE,DB_TYPE,DB_LENGTH,IS_KEY,NOT_BLANK,IS_DUMMY,IS_SEARCH_ITEM,SORT_NO,TREE_LEVEL,SHEET_NO,PAGE_NO,PROPERTY_NO,IS_AUTO,IS_MANDATORY,SYSTEM_READONLY,FIELD_TYPE,FIELD_LENGTH,INPUT_ALPHABET,INPUT_MULTIBYTE,INPUT_NUMERIC,INPUT_SYMBOL,INPUT_UPPERCASE,RETRIEVAL_TABLE,FORMAT,DEFAULT_VALUE,MIN_VALUE,MAX_VALUE,CALENDAR_BUTTON,JUMP_BUTTON,OPEN_BUTTON,REF_TABLE_ID,REF_FIELD_NAME,SPECIAL_BUTTON) VALUES ('TBLID_BPROD','RESERVE11','RESERVE11','RESERVE11','STRING',20,'N','Y','N','Y',69,-1,0,0,69,'N','N','N','STRING',20,'Y',0,'Y','Y','Y','NONE',NULL,NULL,NULL,NULL,'N','N',0,NULL,NULL,0);
INSERT INTO SM_FIELD_DEF (TABLE_ID,FIELD_NAME,JP_TITLE,US_TITLE,DB_TYPE,DB_LENGTH,IS_KEY,NOT_BLANK,IS_DUMMY,IS_SEARCH_ITEM,SORT_NO,TREE_LEVEL,SHEET_NO,PAGE_NO,PROPERTY_NO,IS_AUTO,IS_MANDATORY,SYSTEM_READONLY,FIELD_TYPE,FIELD_LENGTH,INPUT_ALPHABET,INPUT_MULTIBYTE,INPUT_NUMERIC,INPUT_SYMBOL,INPUT_UPPERCASE,RETRIEVAL_TABLE,FORMAT,DEFAULT_VALUE,MIN_VALUE,MAX_VALUE,CALENDAR_BUTTON,JUMP_BUTTON,OPEN_BUTTON,REF_TABLE_ID,REF_FIELD_NAME,SPECIAL_BUTTON) VALUES ('TBLID_BPROD','RESERVE12','RESERVE12','RESERVE12','STRING',20,'N','Y','N','Y',70,-1,0,0,70,'N','N','N','STRING',20,'Y',0,'Y','Y','Y','NONE',NULL,NULL,NULL,NULL,'N','N',0,NULL,NULL,0);
INSERT INTO SM_FIELD_DEF (TABLE_ID,FIELD_NAME,JP_TITLE,US_TITLE,DB_TYPE,DB_LENGTH,IS_KEY,NOT_BLANK,IS_DUMMY,IS_SEARCH_ITEM,SORT_NO,TREE_LEVEL,SHEET_NO,PAGE_NO,PROPERTY_NO,IS_AUTO,IS_MANDATORY,SYSTEM_READONLY,FIELD_TYPE,FIELD_LENGTH,INPUT_ALPHABET,INPUT_MULTIBYTE,INPUT_NUMERIC,INPUT_SYMBOL,INPUT_UPPERCASE,RETRIEVAL_TABLE,FORMAT,DEFAULT_VALUE,MIN_VALUE,MAX_VALUE,CALENDAR_BUTTON,JUMP_BUTTON,OPEN_BUTTON,REF_TABLE_ID,REF_FIELD_NAME,SPECIAL_BUTTON) VALUES ('TBLID_BPROD','RESERVE13','RESERVE13','RESERVE13','STRING',20,'N','Y','N','Y',71,-1,0,0,71,'N','N','N','STRING',20,'Y',0,'Y','Y','Y','NONE',NULL,NULL,NULL,NULL,'N','N',0,NULL,NULL,0);
INSERT INTO SM_FIELD_DEF (TABLE_ID,FIELD_NAME,JP_TITLE,US_TITLE,DB_TYPE,DB_LENGTH,IS_KEY,NOT_BLANK,IS_DUMMY,IS_SEARCH_ITEM,SORT_NO,TREE_LEVEL,SHEET_NO,PAGE_NO,PROPERTY_NO,IS_AUTO,IS_MANDATORY,SYSTEM_READONLY,FIELD_TYPE,FIELD_LENGTH,INPUT_ALPHABET,INPUT_MULTIBYTE,INPUT_NUMERIC,INPUT_SYMBOL,INPUT_UPPERCASE,RETRIEVAL_TABLE,FORMAT,DEFAULT_VALUE,MIN_VALUE,MAX_VALUE,CALENDAR_BUTTON,JUMP_BUTTON,OPEN_BUTTON,REF_TABLE_ID,REF_FIELD_NAME,SPECIAL_BUTTON) VALUES ('TBLID_BPROD','RESERVE14','RESERVE14','RESERVE14','STRING',20,'N','Y','N','Y',72,-1,0,0,72,'N','N','N','STRING',20,'Y',0,'Y','Y','Y','NONE',NULL,NULL,NULL,NULL,'N','N',0,NULL,NULL,0);
INSERT INTO SM_FIELD_DEF (TABLE_ID,FIELD_NAME,JP_TITLE,US_TITLE,DB_TYPE,DB_LENGTH,IS_KEY,NOT_BLANK,IS_DUMMY,IS_SEARCH_ITEM,SORT_NO,TREE_LEVEL,SHEET_NO,PAGE_NO,PROPERTY_NO,IS_AUTO,IS_MANDATORY,SYSTEM_READONLY,FIELD_TYPE,FIELD_LENGTH,INPUT_ALPHABET,INPUT_MULTIBYTE,INPUT_NUMERIC,INPUT_SYMBOL,INPUT_UPPERCASE,RETRIEVAL_TABLE,FORMAT,DEFAULT_VALUE,MIN_VALUE,MAX_VALUE,CALENDAR_BUTTON,JUMP_BUTTON,OPEN_BUTTON,REF_TABLE_ID,REF_FIELD_NAME,SPECIAL_BUTTON) VALUES ('TBLID_BPROD','RESERVE15','RESERVE15','RESERVE15','STRING',20,'N','Y','N','Y',73,-1,0,0,73,'N','N','N','STRING',20,'Y',0,'Y','Y','Y','NONE',NULL,NULL,NULL,NULL,'N','N',0,NULL,NULL,0);
INSERT INTO SM_FIELD_DEF (TABLE_ID,FIELD_NAME,JP_TITLE,US_TITLE,DB_TYPE,DB_LENGTH,IS_KEY,NOT_BLANK,IS_DUMMY,IS_SEARCH_ITEM,SORT_NO,TREE_LEVEL,SHEET_NO,PAGE_NO,PROPERTY_NO,IS_AUTO,IS_MANDATORY,SYSTEM_READONLY,FIELD_TYPE,FIELD_LENGTH,INPUT_ALPHABET,INPUT_MULTIBYTE,INPUT_NUMERIC,INPUT_SYMBOL,INPUT_UPPERCASE,RETRIEVAL_TABLE,FORMAT,DEFAULT_VALUE,MIN_VALUE,MAX_VALUE,CALENDAR_BUTTON,JUMP_BUTTON,OPEN_BUTTON,REF_TABLE_ID,REF_FIELD_NAME,SPECIAL_BUTTON) VALUES ('TBLID_BPROD','RESERVE16','RESERVE16','RESERVE16','STRING',20,'N','Y','N','Y',74,-1,0,0,74,'N','N','N','STRING',20,'Y',0,'Y','Y','Y','NONE',NULL,NULL,NULL,NULL,'N','N',0,NULL,NULL,0);
INSERT INTO SM_FIELD_DEF (TABLE_ID,FIELD_NAME,JP_TITLE,US_TITLE,DB_TYPE,DB_LENGTH,IS_KEY,NOT_BLANK,IS_DUMMY,IS_SEARCH_ITEM,SORT_NO,TREE_LEVEL,SHEET_NO,PAGE_NO,PROPERTY_NO,IS_AUTO,IS_MANDATORY,SYSTEM_READONLY,FIELD_TYPE,FIELD_LENGTH,INPUT_ALPHABET,INPUT_MULTIBYTE,INPUT_NUMERIC,INPUT_SYMBOL,INPUT_UPPERCASE,RETRIEVAL_TABLE,FORMAT,DEFAULT_VALUE,MIN_VALUE,MAX_VALUE,CALENDAR_BUTTON,JUMP_BUTTON,OPEN_BUTTON,REF_TABLE_ID,REF_FIELD_NAME,SPECIAL_BUTTON) VALUES ('TBLID_BPROD','RESERVE17','RESERVE17','RESERVE17','STRING',20,'N','Y','N','Y',75,-1,0,0,75,'N','N','N','STRING',20,'Y',0,'Y','Y','Y','NONE',NULL,NULL,NULL,NULL,'N','N',0,NULL,NULL,0);
INSERT INTO SM_FIELD_DEF (TABLE_ID,FIELD_NAME,JP_TITLE,US_TITLE,DB_TYPE,DB_LENGTH,IS_KEY,NOT_BLANK,IS_DUMMY,IS_SEARCH_ITEM,SORT_NO,TREE_LEVEL,SHEET_NO,PAGE_NO,PROPERTY_NO,IS_AUTO,IS_MANDATORY,SYSTEM_READONLY,FIELD_TYPE,FIELD_LENGTH,INPUT_ALPHABET,INPUT_MULTIBYTE,INPUT_NUMERIC,INPUT_SYMBOL,INPUT_UPPERCASE,RETRIEVAL_TABLE,FORMAT,DEFAULT_VALUE,MIN_VALUE,MAX_VALUE,CALENDAR_BUTTON,JUMP_BUTTON,OPEN_BUTTON,REF_TABLE_ID,REF_FIELD_NAME,SPECIAL_BUTTON) VALUES ('TBLID_BPROD','RESERVE18','RESERVE18','RESERVE18','STRING',20,'N','Y','N','Y',76,-1,0,0,76,'N','N','N','STRING',20,'Y',0,'Y','Y','Y','NONE',NULL,NULL,NULL,NULL,'N','N',0,NULL,NULL,0);
INSERT INTO SM_FIELD_DEF (TABLE_ID,FIELD_NAME,JP_TITLE,US_TITLE,DB_TYPE,DB_LENGTH,IS_KEY,NOT_BLANK,IS_DUMMY,IS_SEARCH_ITEM,SORT_NO,TREE_LEVEL,SHEET_NO,PAGE_NO,PROPERTY_NO,IS_AUTO,IS_MANDATORY,SYSTEM_READONLY,FIELD_TYPE,FIELD_LENGTH,INPUT_ALPHABET,INPUT_MULTIBYTE,INPUT_NUMERIC,INPUT_SYMBOL,INPUT_UPPERCASE,RETRIEVAL_TABLE,FORMAT,DEFAULT_VALUE,MIN_VALUE,MAX_VALUE,CALENDAR_BUTTON,JUMP_BUTTON,OPEN_BUTTON,REF_TABLE_ID,REF_FIELD_NAME,SPECIAL_BUTTON) VALUES ('TBLID_BPROD','RESERVE19','RESERVE19','RESERVE19','STRING',20,'N','Y','N','Y',77,-1,0,0,77,'N','N','N','STRING',20,'Y',0,'Y','Y','Y','NONE',NULL,NULL,NULL,NULL,'N','N',0,NULL,NULL,0);
INSERT INTO SM_FIELD_DEF (TABLE_ID,FIELD_NAME,JP_TITLE,US_TITLE,DB_TYPE,DB_LENGTH,IS_KEY,NOT_BLANK,IS_DUMMY,IS_SEARCH_ITEM,SORT_NO,TREE_LEVEL,SHEET_NO,PAGE_NO,PROPERTY_NO,IS_AUTO,IS_MANDATORY,SYSTEM_READONLY,FIELD_TYPE,FIELD_LENGTH,INPUT_ALPHABET,INPUT_MULTIBYTE,INPUT_NUMERIC,INPUT_SYMBOL,INPUT_UPPERCASE,RETRIEVAL_TABLE,FORMAT,DEFAULT_VALUE,MIN_VALUE,MAX_VALUE,CALENDAR_BUTTON,JUMP_BUTTON,OPEN_BUTTON,REF_TABLE_ID,REF_FIELD_NAME,SPECIAL_BUTTON) VALUES ('TBLID_BPROD','RESERVE20','RESERVE20','RESERVE20','STRING',20,'N','Y','N','Y',78,-1,0,0,78,'N','N','N','STRING',20,'Y',0,'Y','Y','Y','NONE',NULL,NULL,NULL,NULL,'N','N',0,NULL,NULL,0);
INSERT INTO SM_FIELD_DEF (TABLE_ID,FIELD_NAME,JP_TITLE,US_TITLE,DB_TYPE,DB_LENGTH,IS_KEY,NOT_BLANK,IS_DUMMY,IS_SEARCH_ITEM,SORT_NO,TREE_LEVEL,SHEET_NO,PAGE_NO,PROPERTY_NO,IS_AUTO,IS_MANDATORY,SYSTEM_READONLY,FIELD_TYPE,FIELD_LENGTH,INPUT_ALPHABET,INPUT_MULTIBYTE,INPUT_NUMERIC,INPUT_SYMBOL,INPUT_UPPERCASE,RETRIEVAL_TABLE,FORMAT,DEFAULT_VALUE,MIN_VALUE,MAX_VALUE,CALENDAR_BUTTON,JUMP_BUTTON,OPEN_BUTTON,REF_TABLE_ID,REF_FIELD_NAME,SPECIAL_BUTTON) VALUES ('TBLID_BPROD','RESERVE21','RESERVE21','RESERVE21','STRING',20,'N','Y','N','Y',79,-1,0,0,79,'N','N','N','STRING',20,'Y',0,'Y','Y','Y','NONE',NULL,NULL,NULL,NULL,'N','N',0,NULL,NULL,0);
INSERT INTO SM_FIELD_DEF (TABLE_ID,FIELD_NAME,JP_TITLE,US_TITLE,DB_TYPE,DB_LENGTH,IS_KEY,NOT_BLANK,IS_DUMMY,IS_SEARCH_ITEM,SORT_NO,TREE_LEVEL,SHEET_NO,PAGE_NO,PROPERTY_NO,IS_AUTO,IS_MANDATORY,SYSTEM_READONLY,FIELD_TYPE,FIELD_LENGTH,INPUT_ALPHABET,INPUT_MULTIBYTE,INPUT_NUMERIC,INPUT_SYMBOL,INPUT_UPPERCASE,RETRIEVAL_TABLE,FORMAT,DEFAULT_VALUE,MIN_VALUE,MAX_VALUE,CALENDAR_BUTTON,JUMP_BUTTON,OPEN_BUTTON,REF_TABLE_ID,REF_FIELD_NAME,SPECIAL_BUTTON) VALUES ('TBLID_BPROD','RESERVE22','RESERVE22','RESERVE22','STRING',20,'N','Y','N','Y',80,-1,0,0,80,'N','N','N','STRING',20,'Y',0,'Y','Y','Y','NONE',NULL,NULL,NULL,NULL,'N','N',0,NULL,NULL,0);
INSERT INTO SM_FIELD_DEF (TABLE_ID,FIELD_NAME,JP_TITLE,US_TITLE,DB_TYPE,DB_LENGTH,IS_KEY,NOT_BLANK,IS_DUMMY,IS_SEARCH_ITEM,SORT_NO,TREE_LEVEL,SHEET_NO,PAGE_NO,PROPERTY_NO,IS_AUTO,IS_MANDATORY,SYSTEM_READONLY,FIELD_TYPE,FIELD_LENGTH,INPUT_ALPHABET,INPUT_MULTIBYTE,INPUT_NUMERIC,INPUT_SYMBOL,INPUT_UPPERCASE,RETRIEVAL_TABLE,FORMAT,DEFAULT_VALUE,MIN_VALUE,MAX_VALUE,CALENDAR_BUTTON,JUMP_BUTTON,OPEN_BUTTON,REF_TABLE_ID,REF_FIELD_NAME,SPECIAL_BUTTON) VALUES ('TBLID_BPROD','RESERVE23','RESERVE23','RESERVE23','STRING',20,'N','Y','N','Y',81,-1,0,0,81,'N','N','N','STRING',20,'Y',0,'Y','Y','Y','NONE',NULL,NULL,NULL,NULL,'N','N',0,NULL,NULL,0);
INSERT INTO SM_FIELD_DEF (TABLE_ID,FIELD_NAME,JP_TITLE,US_TITLE,DB_TYPE,DB_LENGTH,IS_KEY,NOT_BLANK,IS_DUMMY,IS_SEARCH_ITEM,SORT_NO,TREE_LEVEL,SHEET_NO,PAGE_NO,PROPERTY_NO,IS_AUTO,IS_MANDATORY,SYSTEM_READONLY,FIELD_TYPE,FIELD_LENGTH,INPUT_ALPHABET,INPUT_MULTIBYTE,INPUT_NUMERIC,INPUT_SYMBOL,INPUT_UPPERCASE,RETRIEVAL_TABLE,FORMAT,DEFAULT_VALUE,MIN_VALUE,MAX_VALUE,CALENDAR_BUTTON,JUMP_BUTTON,OPEN_BUTTON,REF_TABLE_ID,REF_FIELD_NAME,SPECIAL_BUTTON) VALUES ('TBLID_BPROD','RESERVE24','RESERVE24','RESERVE24','STRING',20,'N','Y','N','Y',82,-1,0,0,82,'N','N','N','STRING',20,'Y',0,'Y','Y','Y','NONE',NULL,NULL,NULL,NULL,'N','N',0,NULL,NULL,0);
INSERT INTO SM_FIELD_DEF (TABLE_ID,FIELD_NAME,JP_TITLE,US_TITLE,DB_TYPE,DB_LENGTH,IS_KEY,NOT_BLANK,IS_DUMMY,IS_SEARCH_ITEM,SORT_NO,TREE_LEVEL,SHEET_NO,PAGE_NO,PROPERTY_NO,IS_AUTO,IS_MANDATORY,SYSTEM_READONLY,FIELD_TYPE,FIELD_LENGTH,INPUT_ALPHABET,INPUT_MULTIBYTE,INPUT_NUMERIC,INPUT_SYMBOL,INPUT_UPPERCASE,RETRIEVAL_TABLE,FORMAT,DEFAULT_VALUE,MIN_VALUE,MAX_VALUE,CALENDAR_BUTTON,JUMP_BUTTON,OPEN_BUTTON,REF_TABLE_ID,REF_FIELD_NAME,SPECIAL_BUTTON) VALUES ('TBLID_BPROD','RESERVE25','RESERVE25','RESERVE25','STRING',20,'N','Y','N','Y',83,-1,0,0,83,'N','N','N','STRING',20,'Y',0,'Y','Y','Y','NONE',NULL,NULL,NULL,NULL,'N','N',0,NULL,NULL,0);
INSERT INTO SM_FIELD_DEF (TABLE_ID,FIELD_NAME,JP_TITLE,US_TITLE,DB_TYPE,DB_LENGTH,IS_KEY,NOT_BLANK,IS_DUMMY,IS_SEARCH_ITEM,SORT_NO,TREE_LEVEL,SHEET_NO,PAGE_NO,PROPERTY_NO,IS_AUTO,IS_MANDATORY,SYSTEM_READONLY,FIELD_TYPE,FIELD_LENGTH,INPUT_ALPHABET,INPUT_MULTIBYTE,INPUT_NUMERIC,INPUT_SYMBOL,INPUT_UPPERCASE,RETRIEVAL_TABLE,FORMAT,DEFAULT_VALUE,MIN_VALUE,MAX_VALUE,CALENDAR_BUTTON,JUMP_BUTTON,OPEN_BUTTON,REF_TABLE_ID,REF_FIELD_NAME,SPECIAL_BUTTON) VALUES ('TBLID_BPROD','RESERVE26','RESERVE26','RESERVE26','STRING',20,'N','Y','N','Y',84,-1,0,0,84,'N','N','N','STRING',20,'Y',0,'Y','Y','Y','NONE',NULL,NULL,NULL,NULL,'N','N',0,NULL,NULL,0);
INSERT INTO SM_FIELD_DEF (TABLE_ID,FIELD_NAME,JP_TITLE,US_TITLE,DB_TYPE,DB_LENGTH,IS_KEY,NOT_BLANK,IS_DUMMY,IS_SEARCH_ITEM,SORT_NO,TREE_LEVEL,SHEET_NO,PAGE_NO,PROPERTY_NO,IS_AUTO,IS_MANDATORY,SYSTEM_READONLY,FIELD_TYPE,FIELD_LENGTH,INPUT_ALPHABET,INPUT_MULTIBYTE,INPUT_NUMERIC,INPUT_SYMBOL,INPUT_UPPERCASE,RETRIEVAL_TABLE,FORMAT,DEFAULT_VALUE,MIN_VALUE,MAX_VALUE,CALENDAR_BUTTON,JUMP_BUTTON,OPEN_BUTTON,REF_TABLE_ID,REF_FIELD_NAME,SPECIAL_BUTTON) VALUES ('TBLID_BPROD','RESERVE27','RESERVE27','RESERVE27','STRING',20,'N','Y','N','Y',85,-1,0,0,85,'N','N','N','STRING',20,'Y',0,'Y','Y','Y','NONE',NULL,NULL,NULL,NULL,'N','N',0,NULL,NULL,0);
INSERT INTO SM_FIELD_DEF (TABLE_ID,FIELD_NAME,JP_TITLE,US_TITLE,DB_TYPE,DB_LENGTH,IS_KEY,NOT_BLANK,IS_DUMMY,IS_SEARCH_ITEM,SORT_NO,TREE_LEVEL,SHEET_NO,PAGE_NO,PROPERTY_NO,IS_AUTO,IS_MANDATORY,SYSTEM_READONLY,FIELD_TYPE,FIELD_LENGTH,INPUT_ALPHABET,INPUT_MULTIBYTE,INPUT_NUMERIC,INPUT_SYMBOL,INPUT_UPPERCASE,RETRIEVAL_TABLE,FORMAT,DEFAULT_VALUE,MIN_VALUE,MAX_VALUE,CALENDAR_BUTTON,JUMP_BUTTON,OPEN_BUTTON,REF_TABLE_ID,REF_FIELD_NAME,SPECIAL_BUTTON) VALUES ('TBLID_BPROD','RESERVE28','RESERVE28','RESERVE28','STRING',20,'N','Y','N','Y',86,-1,0,0,86,'N','N','N','STRING',20,'Y',0,'Y','Y','Y','NONE',NULL,NULL,NULL,NULL,'N','N',0,NULL,NULL,0);
INSERT INTO SM_FIELD_DEF (TABLE_ID,FIELD_NAME,JP_TITLE,US_TITLE,DB_TYPE,DB_LENGTH,IS_KEY,NOT_BLANK,IS_DUMMY,IS_SEARCH_ITEM,SORT_NO,TREE_LEVEL,SHEET_NO,PAGE_NO,PROPERTY_NO,IS_AUTO,IS_MANDATORY,SYSTEM_READONLY,FIELD_TYPE,FIELD_LENGTH,INPUT_ALPHABET,INPUT_MULTIBYTE,INPUT_NUMERIC,INPUT_SYMBOL,INPUT_UPPERCASE,RETRIEVAL_TABLE,FORMAT,DEFAULT_VALUE,MIN_VALUE,MAX_VALUE,CALENDAR_BUTTON,JUMP_BUTTON,OPEN_BUTTON,REF_TABLE_ID,REF_FIELD_NAME,SPECIAL_BUTTON) VALUES ('TBLID_BPROD','RESERVE29','RESERVE29','RESERVE29','STRING',20,'N','Y','N','Y',87,-1,0,0,87,'N','N','N','STRING',20,'Y',0,'Y','Y','Y','NONE',NULL,NULL,NULL,NULL,'N','N',0,NULL,NULL,0);
INSERT INTO SM_FIELD_DEF (TABLE_ID,FIELD_NAME,JP_TITLE,US_TITLE,DB_TYPE,DB_LENGTH,IS_KEY,NOT_BLANK,IS_DUMMY,IS_SEARCH_ITEM,SORT_NO,TREE_LEVEL,SHEET_NO,PAGE_NO,PROPERTY_NO,IS_AUTO,IS_MANDATORY,SYSTEM_READONLY,FIELD_TYPE,FIELD_LENGTH,INPUT_ALPHABET,INPUT_MULTIBYTE,INPUT_NUMERIC,INPUT_SYMBOL,INPUT_UPPERCASE,RETRIEVAL_TABLE,FORMAT,DEFAULT_VALUE,MIN_VALUE,MAX_VALUE,CALENDAR_BUTTON,JUMP_BUTTON,OPEN_BUTTON,REF_TABLE_ID,REF_FIELD_NAME,SPECIAL_BUTTON) VALUES ('TBLID_BPROD','RESERVE30','RESERVE30','RESERVE30','STRING',20,'N','Y','N','Y',88,-1,0,0,88,'N','N','N','STRING',20,'Y',0,'Y','Y','Y','NONE',NULL,NULL,NULL,NULL,'N','N',0,NULL,NULL,0);
INSERT INTO SM_FIELD_DEF (TABLE_ID,FIELD_NAME,JP_TITLE,US_TITLE,DB_TYPE,DB_LENGTH,IS_KEY,NOT_BLANK,IS_DUMMY,IS_SEARCH_ITEM,SORT_NO,TREE_LEVEL,SHEET_NO,PAGE_NO,PROPERTY_NO,IS_AUTO,IS_MANDATORY,SYSTEM_READONLY,FIELD_TYPE,FIELD_LENGTH,INPUT_ALPHABET,INPUT_MULTIBYTE,INPUT_NUMERIC,INPUT_SYMBOL,INPUT_UPPERCASE,RETRIEVAL_TABLE,FORMAT,DEFAULT_VALUE,MIN_VALUE,MAX_VALUE,CALENDAR_BUTTON,JUMP_BUTTON,OPEN_BUTTON,REF_TABLE_ID,REF_FIELD_NAME,SPECIAL_BUTTON) VALUES ('TBLID_BPROD','RESERVE31','RESERVE31','RESERVE31','STRING',20,'N','Y','N','Y',89,-1,0,0,89,'N','N','N','STRING',20,'Y',0,'Y','Y','Y','NONE',NULL,NULL,NULL,NULL,'N','N',0,NULL,NULL,0);
INSERT INTO SM_FIELD_DEF (TABLE_ID,FIELD_NAME,JP_TITLE,US_TITLE,DB_TYPE,DB_LENGTH,IS_KEY,NOT_BLANK,IS_DUMMY,IS_SEARCH_ITEM,SORT_NO,TREE_LEVEL,SHEET_NO,PAGE_NO,PROPERTY_NO,IS_AUTO,IS_MANDATORY,SYSTEM_READONLY,FIELD_TYPE,FIELD_LENGTH,INPUT_ALPHABET,INPUT_MULTIBYTE,INPUT_NUMERIC,INPUT_SYMBOL,INPUT_UPPERCASE,RETRIEVAL_TABLE,FORMAT,DEFAULT_VALUE,MIN_VALUE,MAX_VALUE,CALENDAR_BUTTON,JUMP_BUTTON,OPEN_BUTTON,REF_TABLE_ID,REF_FIELD_NAME,SPECIAL_BUTTON) VALUES ('TBLID_BPROD','RESERVE32','RESERVE32','RESERVE32','STRING',20,'N','Y','N','Y',90,-1,0,0,90,'N','N','N','STRING',20,'Y',0,'Y','Y','Y','NONE',NULL,NULL,NULL,NULL,'N','N',0,NULL,NULL,0);
INSERT INTO SM_FIELD_DEF (TABLE_ID,FIELD_NAME,JP_TITLE,US_TITLE,DB_TYPE,DB_LENGTH,IS_KEY,NOT_BLANK,IS_DUMMY,IS_SEARCH_ITEM,SORT_NO,TREE_LEVEL,SHEET_NO,PAGE_NO,PROPERTY_NO,IS_AUTO,IS_MANDATORY,SYSTEM_READONLY,FIELD_TYPE,FIELD_LENGTH,INPUT_ALPHABET,INPUT_MULTIBYTE,INPUT_NUMERIC,INPUT_SYMBOL,INPUT_UPPERCASE,RETRIEVAL_TABLE,FORMAT,DEFAULT_VALUE,MIN_VALUE,MAX_VALUE,CALENDAR_BUTTON,JUMP_BUTTON,OPEN_BUTTON,REF_TABLE_ID,REF_FIELD_NAME,SPECIAL_BUTTON) VALUES ('TBLID_BPROD','RESERVE33','RESERVE33','RESERVE33','STRING',20,'N','Y','N','Y',91,-1,0,0,91,'N','N','N','STRING',20,'Y',0,'Y','Y','Y','NONE',NULL,NULL,NULL,NULL,'N','N',0,NULL,NULL,0);
INSERT INTO SM_FIELD_DEF (TABLE_ID,FIELD_NAME,JP_TITLE,US_TITLE,DB_TYPE,DB_LENGTH,IS_KEY,NOT_BLANK,IS_DUMMY,IS_SEARCH_ITEM,SORT_NO,TREE_LEVEL,SHEET_NO,PAGE_NO,PROPERTY_NO,IS_AUTO,IS_MANDATORY,SYSTEM_READONLY,FIELD_TYPE,FIELD_LENGTH,INPUT_ALPHABET,INPUT_MULTIBYTE,INPUT_NUMERIC,INPUT_SYMBOL,INPUT_UPPERCASE,RETRIEVAL_TABLE,FORMAT,DEFAULT_VALUE,MIN_VALUE,MAX_VALUE,CALENDAR_BUTTON,JUMP_BUTTON,OPEN_BUTTON,REF_TABLE_ID,REF_FIELD_NAME,SPECIAL_BUTTON) VALUES ('TBLID_BPROD','RESERVE34','RESERVE34','RESERVE34','STRING',20,'N','Y','N','Y',92,-1,0,0,92,'N','N','N','STRING',20,'Y',0,'Y','Y','Y','NONE',NULL,NULL,NULL,NULL,'N','N',0,NULL,NULL,0);
INSERT INTO SM_FIELD_DEF (TABLE_ID,FIELD_NAME,JP_TITLE,US_TITLE,DB_TYPE,DB_LENGTH,IS_KEY,NOT_BLANK,IS_DUMMY,IS_SEARCH_ITEM,SORT_NO,TREE_LEVEL,SHEET_NO,PAGE_NO,PROPERTY_NO,IS_AUTO,IS_MANDATORY,SYSTEM_READONLY,FIELD_TYPE,FIELD_LENGTH,INPUT_ALPHABET,INPUT_MULTIBYTE,INPUT_NUMERIC,INPUT_SYMBOL,INPUT_UPPERCASE,RETRIEVAL_TABLE,FORMAT,DEFAULT_VALUE,MIN_VALUE,MAX_VALUE,CALENDAR_BUTTON,JUMP_BUTTON,OPEN_BUTTON,REF_TABLE_ID,REF_FIELD_NAME,SPECIAL_BUTTON) VALUES ('TBLID_BPROD','RESERVE35','RESERVE35','RESERVE35','STRING',20,'N','Y','N','Y',93,-1,0,0,93,'N','N','N','STRING',20,'Y',0,'Y','Y','Y','NONE',NULL,NULL,NULL,NULL,'N','N',0,NULL,NULL,0);
INSERT INTO SM_FIELD_DEF (TABLE_ID,FIELD_NAME,JP_TITLE,US_TITLE,DB_TYPE,DB_LENGTH,IS_KEY,NOT_BLANK,IS_DUMMY,IS_SEARCH_ITEM,SORT_NO,TREE_LEVEL,SHEET_NO,PAGE_NO,PROPERTY_NO,IS_AUTO,IS_MANDATORY,SYSTEM_READONLY,FIELD_TYPE,FIELD_LENGTH,INPUT_ALPHABET,INPUT_MULTIBYTE,INPUT_NUMERIC,INPUT_SYMBOL,INPUT_UPPERCASE,RETRIEVAL_TABLE,FORMAT,DEFAULT_VALUE,MIN_VALUE,MAX_VALUE,CALENDAR_BUTTON,JUMP_BUTTON,OPEN_BUTTON,REF_TABLE_ID,REF_FIELD_NAME,SPECIAL_BUTTON) VALUES ('TBLID_BPROD','RESERVE36','RESERVE36','RESERVE36','STRING',20,'N','Y','N','Y',94,-1,0,0,94,'N','N','N','STRING',20,'Y',0,'Y','Y','Y','NONE',NULL,NULL,NULL,NULL,'N','N',0,NULL,NULL,0);
INSERT INTO SM_FIELD_DEF (TABLE_ID,FIELD_NAME,JP_TITLE,US_TITLE,DB_TYPE,DB_LENGTH,IS_KEY,NOT_BLANK,IS_DUMMY,IS_SEARCH_ITEM,SORT_NO,TREE_LEVEL,SHEET_NO,PAGE_NO,PROPERTY_NO,IS_AUTO,IS_MANDATORY,SYSTEM_READONLY,FIELD_TYPE,FIELD_LENGTH,INPUT_ALPHABET,INPUT_MULTIBYTE,INPUT_NUMERIC,INPUT_SYMBOL,INPUT_UPPERCASE,RETRIEVAL_TABLE,FORMAT,DEFAULT_VALUE,MIN_VALUE,MAX_VALUE,CALENDAR_BUTTON,JUMP_BUTTON,OPEN_BUTTON,REF_TABLE_ID,REF_FIELD_NAME,SPECIAL_BUTTON) VALUES ('TBLID_BPROD','RESERVE37','RESERVE37','RESERVE37','STRING',20,'N','Y','N','Y',95,-1,0,0,95,'N','N','N','STRING',20,'Y',0,'Y','Y','Y','NONE',NULL,NULL,NULL,NULL,'N','N',0,NULL,NULL,0);
INSERT INTO SM_FIELD_DEF (TABLE_ID,FIELD_NAME,JP_TITLE,US_TITLE,DB_TYPE,DB_LENGTH,IS_KEY,NOT_BLANK,IS_DUMMY,IS_SEARCH_ITEM,SORT_NO,TREE_LEVEL,SHEET_NO,PAGE_NO,PROPERTY_NO,IS_AUTO,IS_MANDATORY,SYSTEM_READONLY,FIELD_TYPE,FIELD_LENGTH,INPUT_ALPHABET,INPUT_MULTIBYTE,INPUT_NUMERIC,INPUT_SYMBOL,INPUT_UPPERCASE,RETRIEVAL_TABLE,FORMAT,DEFAULT_VALUE,MIN_VALUE,MAX_VALUE,CALENDAR_BUTTON,JUMP_BUTTON,OPEN_BUTTON,REF_TABLE_ID,REF_FIELD_NAME,SPECIAL_BUTTON) VALUES ('TBLID_BPROD','RESERVE38','RESERVE38','RESERVE38','STRING',20,'N','Y','N','Y',96,-1,0,0,96,'N','N','N','STRING',20,'Y',0,'Y','Y','Y','NONE',NULL,NULL,NULL,NULL,'N','N',0,NULL,NULL,0);
INSERT INTO SM_FIELD_DEF (TABLE_ID,FIELD_NAME,JP_TITLE,US_TITLE,DB_TYPE,DB_LENGTH,IS_KEY,NOT_BLANK,IS_DUMMY,IS_SEARCH_ITEM,SORT_NO,TREE_LEVEL,SHEET_NO,PAGE_NO,PROPERTY_NO,IS_AUTO,IS_MANDATORY,SYSTEM_READONLY,FIELD_TYPE,FIELD_LENGTH,INPUT_ALPHABET,INPUT_MULTIBYTE,INPUT_NUMERIC,INPUT_SYMBOL,INPUT_UPPERCASE,RETRIEVAL_TABLE,FORMAT,DEFAULT_VALUE,MIN_VALUE,MAX_VALUE,CALENDAR_BUTTON,JUMP_BUTTON,OPEN_BUTTON,REF_TABLE_ID,REF_FIELD_NAME,SPECIAL_BUTTON) VALUES ('TBLID_BPROD','RESERVE39','RESERVE39','RESERVE39','STRING',20,'N','Y','N','Y',97,-1,0,0,97,'N','N','N','STRING',20,'Y',0,'Y','Y','Y','NONE',NULL,NULL,NULL,NULL,'N','N',0,NULL,NULL,0);
INSERT INTO SM_FIELD_DEF (TABLE_ID,FIELD_NAME,JP_TITLE,US_TITLE,DB_TYPE,DB_LENGTH,IS_KEY,NOT_BLANK,IS_DUMMY,IS_SEARCH_ITEM,SORT_NO,TREE_LEVEL,SHEET_NO,PAGE_NO,PROPERTY_NO,IS_AUTO,IS_MANDATORY,SYSTEM_READONLY,FIELD_TYPE,FIELD_LENGTH,INPUT_ALPHABET,INPUT_MULTIBYTE,INPUT_NUMERIC,INPUT_SYMBOL,INPUT_UPPERCASE,RETRIEVAL_TABLE,FORMAT,DEFAULT_VALUE,MIN_VALUE,MAX_VALUE,CALENDAR_BUTTON,JUMP_BUTTON,OPEN_BUTTON,REF_TABLE_ID,REF_FIELD_NAME,SPECIAL_BUTTON) VALUES ('TBLID_BPROD','RESERVE40','RESERVE40','RESERVE40','STRING',20,'N','Y','N','Y',98,-1,0,0,98,'N','N','N','STRING',20,'Y',0,'Y','Y','Y','NONE',NULL,NULL,NULL,NULL,'N','N',0,NULL,NULL,0);
INSERT INTO SM_FIELD_DEF (TABLE_ID,FIELD_NAME,JP_TITLE,US_TITLE,DB_TYPE,DB_LENGTH,IS_KEY,NOT_BLANK,IS_DUMMY,IS_SEARCH_ITEM,SORT_NO,TREE_LEVEL,SHEET_NO,PAGE_NO,PROPERTY_NO,IS_AUTO,IS_MANDATORY,SYSTEM_READONLY,FIELD_TYPE,FIELD_LENGTH,INPUT_ALPHABET,INPUT_MULTIBYTE,INPUT_NUMERIC,INPUT_SYMBOL,INPUT_UPPERCASE,RETRIEVAL_TABLE,FORMAT,DEFAULT_VALUE,MIN_VALUE,MAX_VALUE,CALENDAR_BUTTON,JUMP_BUTTON,OPEN_BUTTON,REF_TABLE_ID,REF_FIELD_NAME,SPECIAL_BUTTON) VALUES ('TBLID_BPROD','RESERVE41','RESERVE41','RESERVE41','STRING',20,'N','Y','N','Y',99,-1,0,0,99,'N','N','N','STRING',20,'Y',0,'Y','Y','Y','NONE',NULL,NULL,NULL,NULL,'N','N',0,NULL,NULL,0);
INSERT INTO SM_FIELD_DEF (TABLE_ID,FIELD_NAME,JP_TITLE,US_TITLE,DB_TYPE,DB_LENGTH,IS_KEY,NOT_BLANK,IS_DUMMY,IS_SEARCH_ITEM,SORT_NO,TREE_LEVEL,SHEET_NO,PAGE_NO,PROPERTY_NO,IS_AUTO,IS_MANDATORY,SYSTEM_READONLY,FIELD_TYPE,FIELD_LENGTH,INPUT_ALPHABET,INPUT_MULTIBYTE,INPUT_NUMERIC,INPUT_SYMBOL,INPUT_UPPERCASE,RETRIEVAL_TABLE,FORMAT,DEFAULT_VALUE,MIN_VALUE,MAX_VALUE,CALENDAR_BUTTON,JUMP_BUTTON,OPEN_BUTTON,REF_TABLE_ID,REF_FIELD_NAME,SPECIAL_BUTTON) VALUES ('TBLID_BPROD','RESERVE42','RESERVE42','RESERVE42','STRING',20,'N','Y','N','Y',100,-1,0,0,100,'N','N','N','STRING',20,'Y',0,'Y','Y','Y','NONE',NULL,NULL,NULL,NULL,'N','N',0,NULL,NULL,0);
INSERT INTO SM_FIELD_DEF (TABLE_ID,FIELD_NAME,JP_TITLE,US_TITLE,DB_TYPE,DB_LENGTH,IS_KEY,NOT_BLANK,IS_DUMMY,IS_SEARCH_ITEM,SORT_NO,TREE_LEVEL,SHEET_NO,PAGE_NO,PROPERTY_NO,IS_AUTO,IS_MANDATORY,SYSTEM_READONLY,FIELD_TYPE,FIELD_LENGTH,INPUT_ALPHABET,INPUT_MULTIBYTE,INPUT_NUMERIC,INPUT_SYMBOL,INPUT_UPPERCASE,RETRIEVAL_TABLE,FORMAT,DEFAULT_VALUE,MIN_VALUE,MAX_VALUE,CALENDAR_BUTTON,JUMP_BUTTON,OPEN_BUTTON,REF_TABLE_ID,REF_FIELD_NAME,SPECIAL_BUTTON) VALUES ('TBLID_BPROD','RESERVE43','RESERVE43','RESERVE43','STRING',20,'N','Y','N','Y',101,-1,0,0,101,'N','N','N','STRING',20,'Y',0,'Y','Y','Y','NONE',NULL,NULL,NULL,NULL,'N','N',0,NULL,NULL,0);
INSERT INTO SM_FIELD_DEF (TABLE_ID,FIELD_NAME,JP_TITLE,US_TITLE,DB_TYPE,DB_LENGTH,IS_KEY,NOT_BLANK,IS_DUMMY,IS_SEARCH_ITEM,SORT_NO,TREE_LEVEL,SHEET_NO,PAGE_NO,PROPERTY_NO,IS_AUTO,IS_MANDATORY,SYSTEM_READONLY,FIELD_TYPE,FIELD_LENGTH,INPUT_ALPHABET,INPUT_MULTIBYTE,INPUT_NUMERIC,INPUT_SYMBOL,INPUT_UPPERCASE,RETRIEVAL_TABLE,FORMAT,DEFAULT_VALUE,MIN_VALUE,MAX_VALUE,CALENDAR_BUTTON,JUMP_BUTTON,OPEN_BUTTON,REF_TABLE_ID,REF_FIELD_NAME,SPECIAL_BUTTON) VALUES ('TBLID_BPROD','RESERVE44','RESERVE44','RESERVE44','STRING',20,'N','Y','N','Y',102,-1,0,0,102,'N','N','N','STRING',20,'Y',0,'Y','Y','Y','NONE',NULL,NULL,NULL,NULL,'N','N',0,NULL,NULL,0);
INSERT INTO SM_FIELD_DEF (TABLE_ID,FIELD_NAME,JP_TITLE,US_TITLE,DB_TYPE,DB_LENGTH,IS_KEY,NOT_BLANK,IS_DUMMY,IS_SEARCH_ITEM,SORT_NO,TREE_LEVEL,SHEET_NO,PAGE_NO,PROPERTY_NO,IS_AUTO,IS_MANDATORY,SYSTEM_READONLY,FIELD_TYPE,FIELD_LENGTH,INPUT_ALPHABET,INPUT_MULTIBYTE,INPUT_NUMERIC,INPUT_SYMBOL,INPUT_UPPERCASE,RETRIEVAL_TABLE,FORMAT,DEFAULT_VALUE,MIN_VALUE,MAX_VALUE,CALENDAR_BUTTON,JUMP_BUTTON,OPEN_BUTTON,REF_TABLE_ID,REF_FIELD_NAME,SPECIAL_BUTTON) VALUES ('TBLID_BPROD','RESERVE45','RESERVE45','RESERVE45','STRING',20,'N','Y','N','Y',103,-1,0,0,103,'N','N','N','STRING',20,'Y',0,'Y','Y','Y','NONE',NULL,NULL,NULL,NULL,'N','N',0,NULL,NULL,0);
INSERT INTO SM_FIELD_DEF (TABLE_ID,FIELD_NAME,JP_TITLE,US_TITLE,DB_TYPE,DB_LENGTH,IS_KEY,NOT_BLANK,IS_DUMMY,IS_SEARCH_ITEM,SORT_NO,TREE_LEVEL,SHEET_NO,PAGE_NO,PROPERTY_NO,IS_AUTO,IS_MANDATORY,SYSTEM_READONLY,FIELD_TYPE,FIELD_LENGTH,INPUT_ALPHABET,INPUT_MULTIBYTE,INPUT_NUMERIC,INPUT_SYMBOL,INPUT_UPPERCASE,RETRIEVAL_TABLE,FORMAT,DEFAULT_VALUE,MIN_VALUE,MAX_VALUE,CALENDAR_BUTTON,JUMP_BUTTON,OPEN_BUTTON,REF_TABLE_ID,REF_FIELD_NAME,SPECIAL_BUTTON) VALUES ('TBLID_BPROD','RESERVE46','RESERVE46','RESERVE46','STRING',20,'N','Y','N','Y',104,-1,0,0,104,'N','N','N','STRING',20,'Y',0,'Y','Y','Y','NONE',NULL,NULL,NULL,NULL,'N','N',0,NULL,NULL,0);
INSERT INTO SM_FIELD_DEF (TABLE_ID,FIELD_NAME,JP_TITLE,US_TITLE,DB_TYPE,DB_LENGTH,IS_KEY,NOT_BLANK,IS_DUMMY,IS_SEARCH_ITEM,SORT_NO,TREE_LEVEL,SHEET_NO,PAGE_NO,PROPERTY_NO,IS_AUTO,IS_MANDATORY,SYSTEM_READONLY,FIELD_TYPE,FIELD_LENGTH,INPUT_ALPHABET,INPUT_MULTIBYTE,INPUT_NUMERIC,INPUT_SYMBOL,INPUT_UPPERCASE,RETRIEVAL_TABLE,FORMAT,DEFAULT_VALUE,MIN_VALUE,MAX_VALUE,CALENDAR_BUTTON,JUMP_BUTTON,OPEN_BUTTON,REF_TABLE_ID,REF_FIELD_NAME,SPECIAL_BUTTON) VALUES ('TBLID_BPROD','RESERVE47','RESERVE47','RESERVE47','STRING',20,'N','Y','N','Y',105,-1,0,0,105,'N','N','N','STRING',20,'Y',0,'Y','Y','Y','NONE',NULL,NULL,NULL,NULL,'N','N',0,NULL,NULL,0);
INSERT INTO SM_FIELD_DEF (TABLE_ID,FIELD_NAME,JP_TITLE,US_TITLE,DB_TYPE,DB_LENGTH,IS_KEY,NOT_BLANK,IS_DUMMY,IS_SEARCH_ITEM,SORT_NO,TREE_LEVEL,SHEET_NO,PAGE_NO,PROPERTY_NO,IS_AUTO,IS_MANDATORY,SYSTEM_READONLY,FIELD_TYPE,FIELD_LENGTH,INPUT_ALPHABET,INPUT_MULTIBYTE,INPUT_NUMERIC,INPUT_SYMBOL,INPUT_UPPERCASE,RETRIEVAL_TABLE,FORMAT,DEFAULT_VALUE,MIN_VALUE,MAX_VALUE,CALENDAR_BUTTON,JUMP_BUTTON,OPEN_BUTTON,REF_TABLE_ID,REF_FIELD_NAME,SPECIAL_BUTTON) VALUES ('TBLID_BPROD','RESERVE48','RESERVE48','RESERVE48','STRING',20,'N','Y','N','Y',106,-1,0,0,106,'N','N','N','STRING',20,'Y',0,'Y','Y','Y','NONE',NULL,NULL,NULL,NULL,'N','N',0,NULL,NULL,0);
INSERT INTO SM_FIELD_DEF (TABLE_ID,FIELD_NAME,JP_TITLE,US_TITLE,DB_TYPE,DB_LENGTH,IS_KEY,NOT_BLANK,IS_DUMMY,IS_SEARCH_ITEM,SORT_NO,TREE_LEVEL,SHEET_NO,PAGE_NO,PROPERTY_NO,IS_AUTO,IS_MANDATORY,SYSTEM_READONLY,FIELD_TYPE,FIELD_LENGTH,INPUT_ALPHABET,INPUT_MULTIBYTE,INPUT_NUMERIC,INPUT_SYMBOL,INPUT_UPPERCASE,RETRIEVAL_TABLE,FORMAT,DEFAULT_VALUE,MIN_VALUE,MAX_VALUE,CALENDAR_BUTTON,JUMP_BUTTON,OPEN_BUTTON,REF_TABLE_ID,REF_FIELD_NAME,SPECIAL_BUTTON) VALUES ('TBLID_BPROD','RESERVE49','RESERVE49','RESERVE49','STRING',20,'N','Y','N','Y',107,-1,0,0,107,'N','N','N','STRING',20,'Y',0,'Y','Y','Y','NONE',NULL,NULL,NULL,NULL,'N','N',0,NULL,NULL,0);
INSERT INTO SM_FIELD_DEF (TABLE_ID,FIELD_NAME,JP_TITLE,US_TITLE,DB_TYPE,DB_LENGTH,IS_KEY,NOT_BLANK,IS_DUMMY,IS_SEARCH_ITEM,SORT_NO,TREE_LEVEL,SHEET_NO,PAGE_NO,PROPERTY_NO,IS_AUTO,IS_MANDATORY,SYSTEM_READONLY,FIELD_TYPE,FIELD_LENGTH,INPUT_ALPHABET,INPUT_MULTIBYTE,INPUT_NUMERIC,INPUT_SYMBOL,INPUT_UPPERCASE,RETRIEVAL_TABLE,FORMAT,DEFAULT_VALUE,MIN_VALUE,MAX_VALUE,CALENDAR_BUTTON,JUMP_BUTTON,OPEN_BUTTON,REF_TABLE_ID,REF_FIELD_NAME,SPECIAL_BUTTON) VALUES ('TBLID_BPROD','RESERVE50','RESERVE50','RESERVE50','STRING',20,'N','Y','N','Y',108,-1,0,0,108,'N','N','N','STRING',20,'Y',0,'Y','Y','Y','NONE',NULL,NULL,NULL,NULL,'N','N',0,NULL,NULL,0);
INSERT INTO SM_FIELD_DEF (TABLE_ID,FIELD_NAME,JP_TITLE,US_TITLE,DB_TYPE,DB_LENGTH,IS_KEY,NOT_BLANK,IS_DUMMY,IS_SEARCH_ITEM,SORT_NO,TREE_LEVEL,SHEET_NO,PAGE_NO,PROPERTY_NO,IS_AUTO,IS_MANDATORY,SYSTEM_READONLY,FIELD_TYPE,FIELD_LENGTH,INPUT_ALPHABET,INPUT_MULTIBYTE,INPUT_NUMERIC,INPUT_SYMBOL,INPUT_UPPERCASE,RETRIEVAL_TABLE,FORMAT,DEFAULT_VALUE,MIN_VALUE,MAX_VALUE,CALENDAR_BUTTON,JUMP_BUTTON,OPEN_BUTTON,REF_TABLE_ID,REF_FIELD_NAME,SPECIAL_BUTTON) VALUES ('TBLID_BPROD','PLANT_CAT','PLANT_CAT','PLANT_CAT','STRING',1,'N','Y','N','Y',109,-1,0,0,109,'N','N','N','STRING',1,'Y',0,'Y','Y','Y','NONE',NULL,NULL,NULL,NULL,'N','N',0,NULL,NULL,0);
INSERT INTO SM_FIELD_DEF (TABLE_ID,FIELD_NAME,JP_TITLE,US_TITLE,DB_TYPE,DB_LENGTH,IS_KEY,NOT_BLANK,IS_DUMMY,IS_SEARCH_ITEM,SORT_NO,TREE_LEVEL,SHEET_NO,PAGE_NO,PROPERTY_NO,IS_AUTO,IS_MANDATORY,SYSTEM_READONLY,FIELD_TYPE,FIELD_LENGTH,INPUT_ALPHABET,INPUT_MULTIBYTE,INPUT_NUMERIC,INPUT_SYMBOL,INPUT_UPPERCASE,RETRIEVAL_TABLE,FORMAT,DEFAULT_VALUE,MIN_VALUE,MAX_VALUE,CALENDAR_BUTTON,JUMP_BUTTON,OPEN_BUTTON,REF_TABLE_ID,REF_FIELD_NAME,SPECIAL_BUTTON) VALUES ('TBLID_BPROD','WRK_PLATE_TYPE','WRK_PLATE_TYPE','WRK_PLATE_TYPE','STRING',2,'N','Y','N','Y',110,-1,0,0,110,'N','N','N','STRING',2,'Y',0,'Y','Y','Y','NONE',NULL,NULL,NULL,NULL,'N','N',0,NULL,NULL,0);
INSERT INTO SM_FIELD_DEF (TABLE_ID,FIELD_NAME,JP_TITLE,US_TITLE,DB_TYPE,DB_LENGTH,IS_KEY,NOT_BLANK,IS_DUMMY,IS_SEARCH_ITEM,SORT_NO,TREE_LEVEL,SHEET_NO,PAGE_NO,PROPERTY_NO,IS_AUTO,IS_MANDATORY,SYSTEM_READONLY,FIELD_TYPE,FIELD_LENGTH,INPUT_ALPHABET,INPUT_MULTIBYTE,INPUT_NUMERIC,INPUT_SYMBOL,INPUT_UPPERCASE,RETRIEVAL_TABLE,FORMAT,DEFAULT_VALUE,MIN_VALUE,MAX_VALUE,CALENDAR_BUTTON,JUMP_BUTTON,OPEN_BUTTON,REF_TABLE_ID,REF_FIELD_NAME,SPECIAL_BUTTON) VALUES ('TBLID_BPROD','SMPL_FLG','SMPL_FLG','SMPL_FLG','STRING',1,'N','Y','N','Y',111,-1,0,0,111,'N','N','N','STRING',1,'Y',0,'Y','Y','Y','NONE',NULL,NULL,NULL,NULL,'N','N',0,NULL,NULL,0);
INSERT INTO SM_FIELD_DEF (TABLE_ID,FIELD_NAME,JP_TITLE,US_TITLE,DB_TYPE,DB_LENGTH,IS_KEY,NOT_BLANK,IS_DUMMY,IS_SEARCH_ITEM,SORT_NO,TREE_LEVEL,SHEET_NO,PAGE_NO,PROPERTY_NO,IS_AUTO,IS_MANDATORY,SYSTEM_READONLY,FIELD_TYPE,FIELD_LENGTH,INPUT_ALPHABET,INPUT_MULTIBYTE,INPUT_NUMERIC,INPUT_SYMBOL,INPUT_UPPERCASE,RETRIEVAL_TABLE,FORMAT,DEFAULT_VALUE,MIN_VALUE,MAX_VALUE,CALENDAR_BUTTON,JUMP_BUTTON,OPEN_BUTTON,REF_TABLE_ID,REF_FIELD_NAME,SPECIAL_BUTTON) VALUES ('TBLID_BPROD','RESIST_PER_CAT','RESIST_PER_CAT','RESIST_PER_CAT','STRING',10,'N','Y','N','Y',112,-1,0,0,112,'N','N','N','STRING',10,'Y',0,'Y','Y','Y','NONE',NULL,NULL,NULL,NULL,'N','N',0,NULL,NULL,0);
INSERT INTO SM_FIELD_DEF (TABLE_ID,FIELD_NAME,JP_TITLE,US_TITLE,DB_TYPE,DB_LENGTH,IS_KEY,NOT_BLANK,IS_DUMMY,IS_SEARCH_ITEM,SORT_NO,TREE_LEVEL,SHEET_NO,PAGE_NO,PROPERTY_NO,IS_AUTO,IS_MANDATORY,SYSTEM_READONLY,FIELD_TYPE,FIELD_LENGTH,INPUT_ALPHABET,INPUT_MULTIBYTE,INPUT_NUMERIC,INPUT_SYMBOL,INPUT_UPPERCASE,RETRIEVAL_TABLE,FORMAT,DEFAULT_VALUE,MIN_VALUE,MAX_VALUE,CALENDAR_BUTTON,JUMP_BUTTON,OPEN_BUTTON,REF_TABLE_ID,REF_FIELD_NAME,SPECIAL_BUTTON) VALUES ('TBLID_BPROD','DOPE_CAT_CZ','DOPE_CAT_CZ','DOPE_CAT_CZ','STRING',10,'N','Y','N','Y',113,-1,0,0,113,'N','N','N','STRING',10,'Y',0,'Y','Y','Y','NONE',NULL,NULL,NULL,NULL,'N','N',0,NULL,NULL,0);
INSERT INTO SM_FIELD_DEF (TABLE_ID,FIELD_NAME,JP_TITLE,US_TITLE,DB_TYPE,DB_LENGTH,IS_KEY,NOT_BLANK,IS_DUMMY,IS_SEARCH_ITEM,SORT_NO,TREE_LEVEL,SHEET_NO,PAGE_NO,PROPERTY_NO,IS_AUTO,IS_MANDATORY,SYSTEM_READONLY,FIELD_TYPE,FIELD_LENGTH,INPUT_ALPHABET,INPUT_MULTIBYTE,INPUT_NUMERIC,INPUT_SYMBOL,INPUT_UPPERCASE,RETRIEVAL_TABLE,FORMAT,DEFAULT_VALUE,MIN_VALUE,MAX_VALUE,CALENDAR_BUTTON,JUMP_BUTTON,OPEN_BUTTON,REF_TABLE_ID,REF_FIELD_NAME,SPECIAL_BUTTON) VALUES ('TBLID_BPROD','DOPE_CAT_EP','DOPE_CAT_EP','DOPE_CAT_EP','STRING',10,'N','Y','N','Y',114,-1,0,0,114,'N','N','N','STRING',10,'Y',0,'Y','Y','Y','NONE',NULL,NULL,NULL,NULL,'N','N',0,NULL,NULL,0);
INSERT INTO SM_FIELD_DEF (TABLE_ID,FIELD_NAME,JP_TITLE,US_TITLE,DB_TYPE,DB_LENGTH,IS_KEY,NOT_BLANK,IS_DUMMY,IS_SEARCH_ITEM,SORT_NO,TREE_LEVEL,SHEET_NO,PAGE_NO,PROPERTY_NO,IS_AUTO,IS_MANDATORY,SYSTEM_READONLY,FIELD_TYPE,FIELD_LENGTH,INPUT_ALPHABET,INPUT_MULTIBYTE,INPUT_NUMERIC,INPUT_SYMBOL,INPUT_UPPERCASE,RETRIEVAL_TABLE,FORMAT,DEFAULT_VALUE,MIN_VALUE,MAX_VALUE,CALENDAR_BUTTON,JUMP_BUTTON,OPEN_BUTTON,REF_TABLE_ID,REF_FIELD_NAME,SPECIAL_BUTTON) VALUES ('TBLID_BPROD','AXIS_CAT','AXIS_CAT','AXIS_CAT','STRING',10,'N','Y','N','Y',115,-1,0,0,115,'N','N','N','STRING',10,'Y',0,'Y','Y','Y','NONE',NULL,NULL,NULL,NULL,'N','N',0,NULL,NULL,0);
INSERT INTO SM_FIELD_DEF (TABLE_ID,FIELD_NAME,JP_TITLE,US_TITLE,DB_TYPE,DB_LENGTH,IS_KEY,NOT_BLANK,IS_DUMMY,IS_SEARCH_ITEM,SORT_NO,TREE_LEVEL,SHEET_NO,PAGE_NO,PROPERTY_NO,IS_AUTO,IS_MANDATORY,SYSTEM_READONLY,FIELD_TYPE,FIELD_LENGTH,INPUT_ALPHABET,INPUT_MULTIBYTE,INPUT_NUMERIC,INPUT_SYMBOL,INPUT_UPPERCASE,RETRIEVAL_TABLE,FORMAT,DEFAULT_VALUE,MIN_VALUE,MAX_VALUE,CALENDAR_BUTTON,JUMP_BUTTON,OPEN_BUTTON,REF_TABLE_ID,REF_FIELD_NAME,SPECIAL_BUTTON) VALUES ('TBLID_BPROD','PW_STD_RESIST_H','PW_STD_RESIST_H','PW_STD_RESIST_H','DOUBLE',0,'N','Y','N','Y',116,-1,0,0,116,'N','N','N','STRING',0,'Y',0,'Y','Y','Y','NONE',NULL,NULL,NULL,NULL,'N','N',0,NULL,NULL,0);
INSERT INTO SM_FIELD_DEF (TABLE_ID,FIELD_NAME,JP_TITLE,US_TITLE,DB_TYPE,DB_LENGTH,IS_KEY,NOT_BLANK,IS_DUMMY,IS_SEARCH_ITEM,SORT_NO,TREE_LEVEL,SHEET_NO,PAGE_NO,PROPERTY_NO,IS_AUTO,IS_MANDATORY,SYSTEM_READONLY,FIELD_TYPE,FIELD_LENGTH,INPUT_ALPHABET,INPUT_MULTIBYTE,INPUT_NUMERIC,INPUT_SYMBOL,INPUT_UPPERCASE,RETRIEVAL_TABLE,FORMAT,DEFAULT_VALUE,MIN_VALUE,MAX_VALUE,CALENDAR_BUTTON,JUMP_BUTTON,OPEN_BUTTON,REF_TABLE_ID,REF_FIELD_NAME,SPECIAL_BUTTON) VALUES ('TBLID_BPROD','PW_STD_RESIST_L','PW_STD_RESIST_L','PW_STD_RESIST_L','DOUBLE',0,'N','Y','N','Y',117,-1,0,0,117,'N','N','N','STRING',0,'Y',0,'Y','Y','Y','NONE',NULL,NULL,NULL,NULL,'N','N',0,NULL,NULL,0);
INSERT INTO SM_FIELD_DEF (TABLE_ID,FIELD_NAME,JP_TITLE,US_TITLE,DB_TYPE,DB_LENGTH,IS_KEY,NOT_BLANK,IS_DUMMY,IS_SEARCH_ITEM,SORT_NO,TREE_LEVEL,SHEET_NO,PAGE_NO,PROPERTY_NO,IS_AUTO,IS_MANDATORY,SYSTEM_READONLY,FIELD_TYPE,FIELD_LENGTH,INPUT_ALPHABET,INPUT_MULTIBYTE,INPUT_NUMERIC,INPUT_SYMBOL,INPUT_UPPERCASE,RETRIEVAL_TABLE,FORMAT,DEFAULT_VALUE,MIN_VALUE,MAX_VALUE,CALENDAR_BUTTON,JUMP_BUTTON,OPEN_BUTTON,REF_TABLE_ID,REF_FIELD_NAME,SPECIAL_BUTTON) VALUES ('TBLID_BPROD','EP_STD_THIK_H','EP_STD_THIK_H','EP_STD_THIK_H','DOUBLE',0,'N','Y','N','Y',118,-1,0,0,118,'N','N','N','STRING',0,'Y',0,'Y','Y','Y','NONE',NULL,NULL,NULL,NULL,'N','N',0,NULL,NULL,0);
INSERT INTO SM_FIELD_DEF (TABLE_ID,FIELD_NAME,JP_TITLE,US_TITLE,DB_TYPE,DB_LENGTH,IS_KEY,NOT_BLANK,IS_DUMMY,IS_SEARCH_ITEM,SORT_NO,TREE_LEVEL,SHEET_NO,PAGE_NO,PROPERTY_NO,IS_AUTO,IS_MANDATORY,SYSTEM_READONLY,FIELD_TYPE,FIELD_LENGTH,INPUT_ALPHABET,INPUT_MULTIBYTE,INPUT_NUMERIC,INPUT_SYMBOL,INPUT_UPPERCASE,RETRIEVAL_TABLE,FORMAT,DEFAULT_VALUE,MIN_VALUE,MAX_VALUE,CALENDAR_BUTTON,JUMP_BUTTON,OPEN_BUTTON,REF_TABLE_ID,REF_FIELD_NAME,SPECIAL_BUTTON) VALUES ('TBLID_BPROD','EP_STD_THIK_L','EP_STD_THIK_L','EP_STD_THIK_L','DOUBLE',0,'N','Y','N','Y',119,-1,0,0,119,'N','N','N','STRING',0,'Y',0,'Y','Y','Y','NONE',NULL,NULL,NULL,NULL,'N','N',0,NULL,NULL,0);
INSERT INTO SM_FIELD_DEF (TABLE_ID,FIELD_NAME,JP_TITLE,US_TITLE,DB_TYPE,DB_LENGTH,IS_KEY,NOT_BLANK,IS_DUMMY,IS_SEARCH_ITEM,SORT_NO,TREE_LEVEL,SHEET_NO,PAGE_NO,PROPERTY_NO,IS_AUTO,IS_MANDATORY,SYSTEM_READONLY,FIELD_TYPE,FIELD_LENGTH,INPUT_ALPHABET,INPUT_MULTIBYTE,INPUT_NUMERIC,INPUT_SYMBOL,INPUT_UPPERCASE,RETRIEVAL_TABLE,FORMAT,DEFAULT_VALUE,MIN_VALUE,MAX_VALUE,CALENDAR_BUTTON,JUMP_BUTTON,OPEN_BUTTON,REF_TABLE_ID,REF_FIELD_NAME,SPECIAL_BUTTON) VALUES ('TBLID_BPROD','EP_STD_RESIST_H','EP_STD_RESIST_H','EP_STD_RESIST_H','DOUBLE',0,'N','Y','N','Y',120,-1,0,0,120,'N','N','N','STRING',0,'Y',0,'Y','Y','Y','NONE',NULL,NULL,NULL,NULL,'N','N',0,NULL,NULL,0);
INSERT INTO SM_FIELD_DEF (TABLE_ID,FIELD_NAME,JP_TITLE,US_TITLE,DB_TYPE,DB_LENGTH,IS_KEY,NOT_BLANK,IS_DUMMY,IS_SEARCH_ITEM,SORT_NO,TREE_LEVEL,SHEET_NO,PAGE_NO,PROPERTY_NO,IS_AUTO,IS_MANDATORY,SYSTEM_READONLY,FIELD_TYPE,FIELD_LENGTH,INPUT_ALPHABET,INPUT_MULTIBYTE,INPUT_NUMERIC,INPUT_SYMBOL,INPUT_UPPERCASE,RETRIEVAL_TABLE,FORMAT,DEFAULT_VALUE,MIN_VALUE,MAX_VALUE,CALENDAR_BUTTON,JUMP_BUTTON,OPEN_BUTTON,REF_TABLE_ID,REF_FIELD_NAME,SPECIAL_BUTTON) VALUES ('TBLID_BPROD','EP_STD_RESIST_L','EP_STD_RESIST_L','EP_STD_RESIST_L','DOUBLE',0,'N','Y','N','Y',121,-1,0,0,121,'N','N','N','STRING',0,'Y',0,'Y','Y','Y','NONE',NULL,NULL,NULL,NULL,'N','N',0,NULL,NULL,0);
INSERT INTO SM_FIELD_DEF (TABLE_ID,FIELD_NAME,JP_TITLE,US_TITLE,DB_TYPE,DB_LENGTH,IS_KEY,NOT_BLANK,IS_DUMMY,IS_SEARCH_ITEM,SORT_NO,TREE_LEVEL,SHEET_NO,PAGE_NO,PROPERTY_NO,IS_AUTO,IS_MANDATORY,SYSTEM_READONLY,FIELD_TYPE,FIELD_LENGTH,INPUT_ALPHABET,INPUT_MULTIBYTE,INPUT_NUMERIC,INPUT_SYMBOL,INPUT_UPPERCASE,RETRIEVAL_TABLE,FORMAT,DEFAULT_VALUE,MIN_VALUE,MAX_VALUE,CALENDAR_BUTTON,JUMP_BUTTON,OPEN_BUTTON,REF_TABLE_ID,REF_FIELD_NAME,SPECIAL_BUTTON) VALUES ('TBLID_BPROD','MIX_CAT','MIX_CAT','MIX_CAT','STRING',1,'N','Y','N','Y',122,-1,0,0,122,'N','N','N','STRING',1,'Y',0,'Y','Y','Y','NONE',NULL,NULL,NULL,NULL,'N','N',0,NULL,NULL,0);
INSERT INTO SM_FIELD_DEF (TABLE_ID,FIELD_NAME,JP_TITLE,US_TITLE,DB_TYPE,DB_LENGTH,IS_KEY,NOT_BLANK,IS_DUMMY,IS_SEARCH_ITEM,SORT_NO,TREE_LEVEL,SHEET_NO,PAGE_NO,PROPERTY_NO,IS_AUTO,IS_MANDATORY,SYSTEM_READONLY,FIELD_TYPE,FIELD_LENGTH,INPUT_ALPHABET,INPUT_MULTIBYTE,INPUT_NUMERIC,INPUT_SYMBOL,INPUT_UPPERCASE,RETRIEVAL_TABLE,FORMAT,DEFAULT_VALUE,MIN_VALUE,MAX_VALUE,CALENDAR_BUTTON,JUMP_BUTTON,OPEN_BUTTON,REF_TABLE_ID,REF_FIELD_NAME,SPECIAL_BUTTON) VALUES ('TBLID_BPROD','SHIP_LOT_ID_NUM_CAT','SHIP_LOT_ID_NUM_CAT','SHIP_LOT_ID_NUM_CAT','STRING',1,'N','Y','N','Y',123,-1,0,0,123,'N','N','N','STRING',1,'Y',0,'Y','Y','Y','NONE',NULL,NULL,NULL,NULL,'N','N',0,NULL,NULL,0);
INSERT INTO SM_FIELD_DEF (TABLE_ID,FIELD_NAME,JP_TITLE,US_TITLE,DB_TYPE,DB_LENGTH,IS_KEY,NOT_BLANK,IS_DUMMY,IS_SEARCH_ITEM,SORT_NO,TREE_LEVEL,SHEET_NO,PAGE_NO,PROPERTY_NO,IS_AUTO,IS_MANDATORY,SYSTEM_READONLY,FIELD_TYPE,FIELD_LENGTH,INPUT_ALPHABET,INPUT_MULTIBYTE,INPUT_NUMERIC,INPUT_SYMBOL,INPUT_UPPERCASE,RETRIEVAL_TABLE,FORMAT,DEFAULT_VALUE,MIN_VALUE,MAX_VALUE,CALENDAR_BUTTON,JUMP_BUTTON,OPEN_BUTTON,REF_TABLE_ID,REF_FIELD_NAME,SPECIAL_BUTTON) VALUES ('TBLID_BPROD','SHIP_LABEL_PROD_NO','SHIP_LABEL_PROD_NO','SHIP_LABEL_PROD_NO','STRING',30,'N','Y','N','Y',124,-1,0,0,124,'N','N','N','STRING',30,'Y',0,'Y','Y','Y','NONE',NULL,NULL,NULL,NULL,'N','N',0,NULL,NULL,0);
INSERT INTO SM_FIELD_DEF (TABLE_ID,FIELD_NAME,JP_TITLE,US_TITLE,DB_TYPE,DB_LENGTH,IS_KEY,NOT_BLANK,IS_DUMMY,IS_SEARCH_ITEM,SORT_NO,TREE_LEVEL,SHEET_NO,PAGE_NO,PROPERTY_NO,IS_AUTO,IS_MANDATORY,SYSTEM_READONLY,FIELD_TYPE,FIELD_LENGTH,INPUT_ALPHABET,INPUT_MULTIBYTE,INPUT_NUMERIC,INPUT_SYMBOL,INPUT_UPPERCASE,RETRIEVAL_TABLE,FORMAT,DEFAULT_VALUE,MIN_VALUE,MAX_VALUE,CALENDAR_BUTTON,JUMP_BUTTON,OPEN_BUTTON,REF_TABLE_ID,REF_FIELD_NAME,SPECIAL_BUTTON) VALUES ('TBLID_BPROD','SHIP_LABEL_PART_NO','SHIP_LABEL_PART_NO','SHIP_LABEL_PART_NO','STRING',30,'N','Y','N','Y',125,-1,0,0,125,'N','N','N','STRING',30,'Y',0,'Y','Y','Y','NONE',NULL,NULL,NULL,NULL,'N','N',0,NULL,NULL,0);
INSERT INTO SM_FIELD_DEF (TABLE_ID,FIELD_NAME,JP_TITLE,US_TITLE,DB_TYPE,DB_LENGTH,IS_KEY,NOT_BLANK,IS_DUMMY,IS_SEARCH_ITEM,SORT_NO,TREE_LEVEL,SHEET_NO,PAGE_NO,PROPERTY_NO,IS_AUTO,IS_MANDATORY,SYSTEM_READONLY,FIELD_TYPE,FIELD_LENGTH,INPUT_ALPHABET,INPUT_MULTIBYTE,INPUT_NUMERIC,INPUT_SYMBOL,INPUT_UPPERCASE,RETRIEVAL_TABLE,FORMAT,DEFAULT_VALUE,MIN_VALUE,MAX_VALUE,CALENDAR_BUTTON,JUMP_BUTTON,OPEN_BUTTON,REF_TABLE_ID,REF_FIELD_NAME,SPECIAL_BUTTON) VALUES ('TBLID_BPROD','SHIP_LABEL_EC_NO','SHIP_LABEL_EC_NO','SHIP_LABEL_EC_NO','STRING',30,'N','Y','N','Y',126,-1,0,0,126,'N','N','N','STRING',30,'Y',0,'Y','Y','Y','NONE',NULL,NULL,NULL,NULL,'N','N',0,NULL,NULL,0);
INSERT INTO SM_FIELD_DEF (TABLE_ID,FIELD_NAME,JP_TITLE,US_TITLE,DB_TYPE,DB_LENGTH,IS_KEY,NOT_BLANK,IS_DUMMY,IS_SEARCH_ITEM,SORT_NO,TREE_LEVEL,SHEET_NO,PAGE_NO,PROPERTY_NO,IS_AUTO,IS_MANDATORY,SYSTEM_READONLY,FIELD_TYPE,FIELD_LENGTH,INPUT_ALPHABET,INPUT_MULTIBYTE,INPUT_NUMERIC,INPUT_SYMBOL,INPUT_UPPERCASE,RETRIEVAL_TABLE,FORMAT,DEFAULT_VALUE,MIN_VALUE,MAX_VALUE,CALENDAR_BUTTON,JUMP_BUTTON,OPEN_BUTTON,REF_TABLE_ID,REF_FIELD_NAME,SPECIAL_BUTTON) VALUES ('TBLID_BPROD','SHIP_LABEL_PROD_ID','SHIP_LABEL_PROD_ID','SHIP_LABEL_PROD_ID','STRING',30,'N','Y','N','Y',127,-1,0,0,127,'N','N','N','STRING',30,'Y',0,'Y','Y','Y','NONE',NULL,NULL,NULL,NULL,'N','N',0,NULL,NULL,0);
INSERT INTO SM_FIELD_DEF (TABLE_ID,FIELD_NAME,JP_TITLE,US_TITLE,DB_TYPE,DB_LENGTH,IS_KEY,NOT_BLANK,IS_DUMMY,IS_SEARCH_ITEM,SORT_NO,TREE_LEVEL,SHEET_NO,PAGE_NO,PROPERTY_NO,IS_AUTO,IS_MANDATORY,SYSTEM_READONLY,FIELD_TYPE,FIELD_LENGTH,INPUT_ALPHABET,INPUT_MULTIBYTE,INPUT_NUMERIC,INPUT_SYMBOL,INPUT_UPPERCASE,RETRIEVAL_TABLE,FORMAT,DEFAULT_VALUE,MIN_VALUE,MAX_VALUE,CALENDAR_BUTTON,JUMP_BUTTON,OPEN_BUTTON,REF_TABLE_ID,REF_FIELD_NAME,SPECIAL_BUTTON) VALUES ('TBLID_BPROD','SHIP_LABEL_CUSTOMER','SHIP_LABEL_CUSTOMER','SHIP_LABEL_CUSTOMER','STRING',40,'N','Y','N','Y',128,-1,0,0,128,'N','N','N','STRING',40,'Y',0,'Y','Y','Y','NONE',NULL,NULL,NULL,NULL,'N','N',0,NULL,NULL,0);
INSERT INTO SM_FIELD_DEF (TABLE_ID,FIELD_NAME,JP_TITLE,US_TITLE,DB_TYPE,DB_LENGTH,IS_KEY,NOT_BLANK,IS_DUMMY,IS_SEARCH_ITEM,SORT_NO,TREE_LEVEL,SHEET_NO,PAGE_NO,PROPERTY_NO,IS_AUTO,IS_MANDATORY,SYSTEM_READONLY,FIELD_TYPE,FIELD_LENGTH,INPUT_ALPHABET,INPUT_MULTIBYTE,INPUT_NUMERIC,INPUT_SYMBOL,INPUT_UPPERCASE,RETRIEVAL_TABLE,FORMAT,DEFAULT_VALUE,MIN_VALUE,MAX_VALUE,CALENDAR_BUTTON,JUMP_BUTTON,OPEN_BUTTON,REF_TABLE_ID,REF_FIELD_NAME,SPECIAL_BUTTON) VALUES ('TBLID_BPROD','STD_DIAMETER_C','STD_DIAMETER_C','STD_DIAMETER_C','STRING',10,'N','Y','N','Y',129,-1,0,0,129,'N','N','N','STRING',10,'Y',0,'Y','Y','Y','NONE',NULL,NULL,NULL,NULL,'N','N',0,NULL,NULL,0);
INSERT INTO SM_FIELD_DEF (TABLE_ID,FIELD_NAME,JP_TITLE,US_TITLE,DB_TYPE,DB_LENGTH,IS_KEY,NOT_BLANK,IS_DUMMY,IS_SEARCH_ITEM,SORT_NO,TREE_LEVEL,SHEET_NO,PAGE_NO,PROPERTY_NO,IS_AUTO,IS_MANDATORY,SYSTEM_READONLY,FIELD_TYPE,FIELD_LENGTH,INPUT_ALPHABET,INPUT_MULTIBYTE,INPUT_NUMERIC,INPUT_SYMBOL,INPUT_UPPERCASE,RETRIEVAL_TABLE,FORMAT,DEFAULT_VALUE,MIN_VALUE,MAX_VALUE,CALENDAR_BUTTON,JUMP_BUTTON,OPEN_BUTTON,REF_TABLE_ID,REF_FIELD_NAME,SPECIAL_BUTTON) VALUES ('TBLID_BPROD','STD_DIAMETER_H','STD_DIAMETER_H','STD_DIAMETER_H','DOUBLE',0,'N','Y','N','Y',130,-1,0,0,130,'N','N','N','STRING',0,'Y',0,'Y','Y','Y','NONE',NULL,NULL,NULL,NULL,'N','N',0,NULL,NULL,0);
INSERT INTO SM_FIELD_DEF (TABLE_ID,FIELD_NAME,JP_TITLE,US_TITLE,DB_TYPE,DB_LENGTH,IS_KEY,NOT_BLANK,IS_DUMMY,IS_SEARCH_ITEM,SORT_NO,TREE_LEVEL,SHEET_NO,PAGE_NO,PROPERTY_NO,IS_AUTO,IS_MANDATORY,SYSTEM_READONLY,FIELD_TYPE,FIELD_LENGTH,INPUT_ALPHABET,INPUT_MULTIBYTE,INPUT_NUMERIC,INPUT_SYMBOL,INPUT_UPPERCASE,RETRIEVAL_TABLE,FORMAT,DEFAULT_VALUE,MIN_VALUE,MAX_VALUE,CALENDAR_BUTTON,JUMP_BUTTON,OPEN_BUTTON,REF_TABLE_ID,REF_FIELD_NAME,SPECIAL_BUTTON) VALUES ('TBLID_BPROD','STD_DIAMETER_L','STD_DIAMETER_L','STD_DIAMETER_L','DOUBLE',0,'N','Y','N','Y',131,-1,0,0,131,'N','N','N','STRING',0,'Y',0,'Y','Y','Y','NONE',NULL,NULL,NULL,NULL,'N','N',0,NULL,NULL,0);
INSERT INTO SM_FIELD_DEF (TABLE_ID,FIELD_NAME,JP_TITLE,US_TITLE,DB_TYPE,DB_LENGTH,IS_KEY,NOT_BLANK,IS_DUMMY,IS_SEARCH_ITEM,SORT_NO,TREE_LEVEL,SHEET_NO,PAGE_NO,PROPERTY_NO,IS_AUTO,IS_MANDATORY,SYSTEM_READONLY,FIELD_TYPE,FIELD_LENGTH,INPUT_ALPHABET,INPUT_MULTIBYTE,INPUT_NUMERIC,INPUT_SYMBOL,INPUT_UPPERCASE,RETRIEVAL_TABLE,FORMAT,DEFAULT_VALUE,MIN_VALUE,MAX_VALUE,CALENDAR_BUTTON,JUMP_BUTTON,OPEN_BUTTON,REF_TABLE_ID,REF_FIELD_NAME,SPECIAL_BUTTON) VALUES ('TBLID_BPROD','STD_THIK_C','STD_THIK_C','STD_THIK_C','STRING',10,'N','Y','N','Y',132,-1,0,0,132,'N','N','N','STRING',10,'Y',0,'Y','Y','Y','NONE',NULL,NULL,NULL,NULL,'N','N',0,NULL,NULL,0);
INSERT INTO SM_FIELD_DEF (TABLE_ID,FIELD_NAME,JP_TITLE,US_TITLE,DB_TYPE,DB_LENGTH,IS_KEY,NOT_BLANK,IS_DUMMY,IS_SEARCH_ITEM,SORT_NO,TREE_LEVEL,SHEET_NO,PAGE_NO,PROPERTY_NO,IS_AUTO,IS_MANDATORY,SYSTEM_READONLY,FIELD_TYPE,FIELD_LENGTH,INPUT_ALPHABET,INPUT_MULTIBYTE,INPUT_NUMERIC,INPUT_SYMBOL,INPUT_UPPERCASE,RETRIEVAL_TABLE,FORMAT,DEFAULT_VALUE,MIN_VALUE,MAX_VALUE,CALENDAR_BUTTON,JUMP_BUTTON,OPEN_BUTTON,REF_TABLE_ID,REF_FIELD_NAME,SPECIAL_BUTTON) VALUES ('TBLID_BPROD','STD_THIK_H','STD_THIK_H','STD_THIK_H','DOUBLE',0,'N','Y','N','Y',133,-1,0,0,133,'N','N','N','STRING',0,'Y',0,'Y','Y','Y','NONE',NULL,NULL,NULL,NULL,'N','N',0,NULL,NULL,0);
INSERT INTO SM_FIELD_DEF (TABLE_ID,FIELD_NAME,JP_TITLE,US_TITLE,DB_TYPE,DB_LENGTH,IS_KEY,NOT_BLANK,IS_DUMMY,IS_SEARCH_ITEM,SORT_NO,TREE_LEVEL,SHEET_NO,PAGE_NO,PROPERTY_NO,IS_AUTO,IS_MANDATORY,SYSTEM_READONLY,FIELD_TYPE,FIELD_LENGTH,INPUT_ALPHABET,INPUT_MULTIBYTE,INPUT_NUMERIC,INPUT_SYMBOL,INPUT_UPPERCASE,RETRIEVAL_TABLE,FORMAT,DEFAULT_VALUE,MIN_VALUE,MAX_VALUE,CALENDAR_BUTTON,JUMP_BUTTON,OPEN_BUTTON,REF_TABLE_ID,REF_FIELD_NAME,SPECIAL_BUTTON) VALUES ('TBLID_BPROD','STD_THIK_L','STD_THIK_L','STD_THIK_L','DOUBLE',0,'N','Y','N','Y',134,-1,0,0,134,'N','N','N','STRING',0,'Y',0,'Y','Y','Y','NONE',NULL,NULL,NULL,NULL,'N','N',0,NULL,NULL,0);
INSERT INTO SM_FIELD_DEF (TABLE_ID,FIELD_NAME,JP_TITLE,US_TITLE,DB_TYPE,DB_LENGTH,IS_KEY,NOT_BLANK,IS_DUMMY,IS_SEARCH_ITEM,SORT_NO,TREE_LEVEL,SHEET_NO,PAGE_NO,PROPERTY_NO,IS_AUTO,IS_MANDATORY,SYSTEM_READONLY,FIELD_TYPE,FIELD_LENGTH,INPUT_ALPHABET,INPUT_MULTIBYTE,INPUT_NUMERIC,INPUT_SYMBOL,INPUT_UPPERCASE,RETRIEVAL_TABLE,FORMAT,DEFAULT_VALUE,MIN_VALUE,MAX_VALUE,CALENDAR_BUTTON,JUMP_BUTTON,OPEN_BUTTON,REF_TABLE_ID,REF_FIELD_NAME,SPECIAL_BUTTON) VALUES ('TBLID_BPROD','WAFER_FINISH','WAFER_FINISH','WAFER_FINISH','STRING',10,'N','Y','N','Y',135,-1,0,0,135,'N','N','N','STRING',10,'Y',0,'Y','Y','Y','NONE',NULL,NULL,NULL,NULL,'N','N',0,NULL,NULL,0);
INSERT INTO SM_FIELD_DEF (TABLE_ID,FIELD_NAME,JP_TITLE,US_TITLE,DB_TYPE,DB_LENGTH,IS_KEY,NOT_BLANK,IS_DUMMY,IS_SEARCH_ITEM,SORT_NO,TREE_LEVEL,SHEET_NO,PAGE_NO,PROPERTY_NO,IS_AUTO,IS_MANDATORY,SYSTEM_READONLY,FIELD_TYPE,FIELD_LENGTH,INPUT_ALPHABET,INPUT_MULTIBYTE,INPUT_NUMERIC,INPUT_SYMBOL,INPUT_UPPERCASE,RETRIEVAL_TABLE,FORMAT,DEFAULT_VALUE,MIN_VALUE,MAX_VALUE,CALENDAR_BUTTON,JUMP_BUTTON,OPEN_BUTTON,REF_TABLE_ID,REF_FIELD_NAME,SPECIAL_BUTTON) VALUES ('TBLID_BPROD','STD_EDGE_PIT','STD_EDGE_PIT','STD_EDGE_PIT','STRING',10,'N','Y','N','Y',136,-1,0,0,136,'N','N','N','STRING',10,'Y',0,'Y','Y','Y','NONE',NULL,NULL,NULL,NULL,'N','N',0,NULL,NULL,0);
INSERT INTO SM_FIELD_DEF (TABLE_ID,FIELD_NAME,JP_TITLE,US_TITLE,DB_TYPE,DB_LENGTH,IS_KEY,NOT_BLANK,IS_DUMMY,IS_SEARCH_ITEM,SORT_NO,TREE_LEVEL,SHEET_NO,PAGE_NO,PROPERTY_NO,IS_AUTO,IS_MANDATORY,SYSTEM_READONLY,FIELD_TYPE,FIELD_LENGTH,INPUT_ALPHABET,INPUT_MULTIBYTE,INPUT_NUMERIC,INPUT_SYMBOL,INPUT_UPPERCASE,RETRIEVAL_TABLE,FORMAT,DEFAULT_VALUE,MIN_VALUE,MAX_VALUE,CALENDAR_BUTTON,JUMP_BUTTON,OPEN_BUTTON,REF_TABLE_ID,REF_FIELD_NAME,SPECIAL_BUTTON) VALUES ('TBLID_BPROD','STD_LIFE_TIME','STD_LIFE_TIME','STD_LIFE_TIME','STRING',10,'N','Y','N','Y',137,-1,0,0,137,'N','N','N','STRING',10,'Y',0,'Y','Y','Y','NONE',NULL,NULL,NULL,NULL,'N','N',0,NULL,NULL,0);
INSERT INTO SM_FIELD_DEF (TABLE_ID,FIELD_NAME,JP_TITLE,US_TITLE,DB_TYPE,DB_LENGTH,IS_KEY,NOT_BLANK,IS_DUMMY,IS_SEARCH_ITEM,SORT_NO,TREE_LEVEL,SHEET_NO,PAGE_NO,PROPERTY_NO,IS_AUTO,IS_MANDATORY,SYSTEM_READONLY,FIELD_TYPE,FIELD_LENGTH,INPUT_ALPHABET,INPUT_MULTIBYTE,INPUT_NUMERIC,INPUT_SYMBOL,INPUT_UPPERCASE,RETRIEVAL_TABLE,FORMAT,DEFAULT_VALUE,MIN_VALUE,MAX_VALUE,CALENDAR_BUTTON,JUMP_BUTTON,OPEN_BUTTON,REF_TABLE_ID,REF_FIELD_NAME,SPECIAL_BUTTON) VALUES ('TBLID_BPROD','AXIS_CAT_TOLERANCE','AXIS_CAT_TOLERANCE','AXIS_CAT_TOLERANCE','STRING',20,'N','Y','N','Y',138,-1,0,0,138,'N','N','N','STRING',20,'Y',0,'Y','Y','Y','NONE',NULL,NULL,NULL,NULL,'N','N',0,NULL,NULL,0);
INSERT INTO SM_FIELD_DEF (TABLE_ID,FIELD_NAME,JP_TITLE,US_TITLE,DB_TYPE,DB_LENGTH,IS_KEY,NOT_BLANK,IS_DUMMY,IS_SEARCH_ITEM,SORT_NO,TREE_LEVEL,SHEET_NO,PAGE_NO,PROPERTY_NO,IS_AUTO,IS_MANDATORY,SYSTEM_READONLY,FIELD_TYPE,FIELD_LENGTH,INPUT_ALPHABET,INPUT_MULTIBYTE,INPUT_NUMERIC,INPUT_SYMBOL,INPUT_UPPERCASE,RETRIEVAL_TABLE,FORMAT,DEFAULT_VALUE,MIN_VALUE,MAX_VALUE,CALENDAR_BUTTON,JUMP_BUTTON,OPEN_BUTTON,REF_TABLE_ID,REF_FIELD_NAME,SPECIAL_BUTTON) VALUES ('TBLID_BPROD','SHIP_LABEL_REMARKS','SHIP_LABEL_REMARKS','SHIP_LABEL_REMARKS','STRING',30,'N','Y','N','Y',139,-1,0,0,139,'N','N','N','STRING',30,'Y',0,'Y','Y','Y','NONE',NULL,NULL,NULL,NULL,'N','N',0,NULL,NULL,0);
INSERT INTO SM_FIELD_DEF (TABLE_ID,FIELD_NAME,JP_TITLE,US_TITLE,DB_TYPE,DB_LENGTH,IS_KEY,NOT_BLANK,IS_DUMMY,IS_SEARCH_ITEM,SORT_NO,TREE_LEVEL,SHEET_NO,PAGE_NO,PROPERTY_NO,IS_AUTO,IS_MANDATORY,SYSTEM_READONLY,FIELD_TYPE,FIELD_LENGTH,INPUT_ALPHABET,INPUT_MULTIBYTE,INPUT_NUMERIC,INPUT_SYMBOL,INPUT_UPPERCASE,RETRIEVAL_TABLE,FORMAT,DEFAULT_VALUE,MIN_VALUE,MAX_VALUE,CALENDAR_BUTTON,JUMP_BUTTON,OPEN_BUTTON,REF_TABLE_ID,REF_FIELD_NAME,SPECIAL_BUTTON) VALUES ('TBLID_BPROD','CUSTOMER_PROD_ID','CUSTOMER_PROD_ID','CUSTOMER_PROD_ID','STRING',10,'N','Y','N','Y',140,-1,0,0,140,'N','N','N','STRING',10,'Y',0,'Y','Y','Y','NONE',NULL,NULL,NULL,NULL,'N','N',0,NULL,NULL,0);
INSERT INTO SM_FIELD_DEF (TABLE_ID,FIELD_NAME,JP_TITLE,US_TITLE,DB_TYPE,DB_LENGTH,IS_KEY,NOT_BLANK,IS_DUMMY,IS_SEARCH_ITEM,SORT_NO,TREE_LEVEL,SHEET_NO,PAGE_NO,PROPERTY_NO,IS_AUTO,IS_MANDATORY,SYSTEM_READONLY,FIELD_TYPE,FIELD_LENGTH,INPUT_ALPHABET,INPUT_MULTIBYTE,INPUT_NUMERIC,INPUT_SYMBOL,INPUT_UPPERCASE,RETRIEVAL_TABLE,FORMAT,DEFAULT_VALUE,MIN_VALUE,MAX_VALUE,CALENDAR_BUTTON,JUMP_BUTTON,OPEN_BUTTON,REF_TABLE_ID,REF_FIELD_NAME,SPECIAL_BUTTON) VALUES ('TBLID_BPROD','EP_TYPE','EP_TYPE','EP_TYPE','STRING',10,'N','Y','N','Y',141,-1,0,0,141,'N','N','N','STRING',10,'Y',0,'Y','Y','Y','NONE',NULL,NULL,NULL,NULL,'N','N',0,NULL,NULL,0);
INSERT INTO SM_FIELD_DEF (TABLE_ID,FIELD_NAME,JP_TITLE,US_TITLE,DB_TYPE,DB_LENGTH,IS_KEY,NOT_BLANK,IS_DUMMY,IS_SEARCH_ITEM,SORT_NO,TREE_LEVEL,SHEET_NO,PAGE_NO,PROPERTY_NO,IS_AUTO,IS_MANDATORY,SYSTEM_READONLY,FIELD_TYPE,FIELD_LENGTH,INPUT_ALPHABET,INPUT_MULTIBYTE,INPUT_NUMERIC,INPUT_SYMBOL,INPUT_UPPERCASE,RETRIEVAL_TABLE,FORMAT,DEFAULT_VALUE,MIN_VALUE,MAX_VALUE,CALENDAR_BUTTON,JUMP_BUTTON,OPEN_BUTTON,REF_TABLE_ID,REF_FIELD_NAME,SPECIAL_BUTTON) VALUES ('TBLID_BPROD','EPSUB_TYPE','EPSUB_TYPE','EPSUB_TYPE','STRING',10,'N','Y','N','Y',142,-1,0,0,142,'N','N','N','STRING',10,'Y',0,'Y','Y','Y','NONE',NULL,NULL,NULL,NULL,'N','N',0,NULL,NULL,0);
INSERT INTO SM_FIELD_DEF (TABLE_ID,FIELD_NAME,JP_TITLE,US_TITLE,DB_TYPE,DB_LENGTH,IS_KEY,NOT_BLANK,IS_DUMMY,IS_SEARCH_ITEM,SORT_NO,TREE_LEVEL,SHEET_NO,PAGE_NO,PROPERTY_NO,IS_AUTO,IS_MANDATORY,SYSTEM_READONLY,FIELD_TYPE,FIELD_LENGTH,INPUT_ALPHABET,INPUT_MULTIBYTE,INPUT_NUMERIC,INPUT_SYMBOL,INPUT_UPPERCASE,RETRIEVAL_TABLE,FORMAT,DEFAULT_VALUE,MIN_VALUE,MAX_VALUE,CALENDAR_BUTTON,JUMP_BUTTON,OPEN_BUTTON,REF_TABLE_ID,REF_FIELD_NAME,SPECIAL_BUTTON) VALUES ('TBLID_BPROD','EPSUB_STD_THIK_H','EPSUB_STD_THIK_H','EPSUB_STD_THIK_H','DOUBLE',0,'N','Y','N','Y',143,-1,0,0,143,'N','N','N','STRING',0,'Y',0,'Y','Y','Y','NONE',NULL,NULL,NULL,NULL,'N','N',0,NULL,NULL,0);
INSERT INTO SM_FIELD_DEF (TABLE_ID,FIELD_NAME,JP_TITLE,US_TITLE,DB_TYPE,DB_LENGTH,IS_KEY,NOT_BLANK,IS_DUMMY,IS_SEARCH_ITEM,SORT_NO,TREE_LEVEL,SHEET_NO,PAGE_NO,PROPERTY_NO,IS_AUTO,IS_MANDATORY,SYSTEM_READONLY,FIELD_TYPE,FIELD_LENGTH,INPUT_ALPHABET,INPUT_MULTIBYTE,INPUT_NUMERIC,INPUT_SYMBOL,INPUT_UPPERCASE,RETRIEVAL_TABLE,FORMAT,DEFAULT_VALUE,MIN_VALUE,MAX_VALUE,CALENDAR_BUTTON,JUMP_BUTTON,OPEN_BUTTON,REF_TABLE_ID,REF_FIELD_NAME,SPECIAL_BUTTON) VALUES ('TBLID_BPROD','EPSUB_STD_THIK_L','EPSUB_STD_THIK_L','EPSUB_STD_THIK_L','DOUBLE',0,'N','Y','N','Y',144,-1,0,0,144,'N','N','N','STRING',0,'Y',0,'Y','Y','Y','NONE',NULL,NULL,NULL,NULL,'N','N',0,NULL,NULL,0);
INSERT INTO SM_FIELD_DEF (TABLE_ID,FIELD_NAME,JP_TITLE,US_TITLE,DB_TYPE,DB_LENGTH,IS_KEY,NOT_BLANK,IS_DUMMY,IS_SEARCH_ITEM,SORT_NO,TREE_LEVEL,SHEET_NO,PAGE_NO,PROPERTY_NO,IS_AUTO,IS_MANDATORY,SYSTEM_READONLY,FIELD_TYPE,FIELD_LENGTH,INPUT_ALPHABET,INPUT_MULTIBYTE,INPUT_NUMERIC,INPUT_SYMBOL,INPUT_UPPERCASE,RETRIEVAL_TABLE,FORMAT,DEFAULT_VALUE,MIN_VALUE,MAX_VALUE,CALENDAR_BUTTON,JUMP_BUTTON,OPEN_BUTTON,REF_TABLE_ID,REF_FIELD_NAME,SPECIAL_BUTTON) VALUES ('TBLID_BPROD','EPSUB_STD_RESIST_H','EPSUB_STD_RESIST_H','EPSUB_STD_RESIST_H','DOUBLE',0,'N','Y','N','Y',145,-1,0,0,145,'N','N','N','STRING',0,'Y',0,'Y','Y','Y','NONE',NULL,NULL,NULL,NULL,'N','N',0,NULL,NULL,0);
INSERT INTO SM_FIELD_DEF (TABLE_ID,FIELD_NAME,JP_TITLE,US_TITLE,DB_TYPE,DB_LENGTH,IS_KEY,NOT_BLANK,IS_DUMMY,IS_SEARCH_ITEM,SORT_NO,TREE_LEVEL,SHEET_NO,PAGE_NO,PROPERTY_NO,IS_AUTO,IS_MANDATORY,SYSTEM_READONLY,FIELD_TYPE,FIELD_LENGTH,INPUT_ALPHABET,INPUT_MULTIBYTE,INPUT_NUMERIC,INPUT_SYMBOL,INPUT_UPPERCASE,RETRIEVAL_TABLE,FORMAT,DEFAULT_VALUE,MIN_VALUE,MAX_VALUE,CALENDAR_BUTTON,JUMP_BUTTON,OPEN_BUTTON,REF_TABLE_ID,REF_FIELD_NAME,SPECIAL_BUTTON) VALUES ('TBLID_BPROD','EPSUB_STD_RESIST_L','EPSUB_STD_RESIST_L','EPSUB_STD_RESIST_L','DOUBLE',0,'N','Y','N','Y',146,-1,0,0,146,'N','N','N','STRING',0,'Y',0,'Y','Y','Y','NONE',NULL,NULL,NULL,NULL,'N','N',0,NULL,NULL,0);
INSERT INTO SM_FIELD_DEF (TABLE_ID,FIELD_NAME,JP_TITLE,US_TITLE,DB_TYPE,DB_LENGTH,IS_KEY,NOT_BLANK,IS_DUMMY,IS_SEARCH_ITEM,SORT_NO,TREE_LEVEL,SHEET_NO,PAGE_NO,PROPERTY_NO,IS_AUTO,IS_MANDATORY,SYSTEM_READONLY,FIELD_TYPE,FIELD_LENGTH,INPUT_ALPHABET,INPUT_MULTIBYTE,INPUT_NUMERIC,INPUT_SYMBOL,INPUT_UPPERCASE,RETRIEVAL_TABLE,FORMAT,DEFAULT_VALUE,MIN_VALUE,MAX_VALUE,CALENDAR_BUTTON,JUMP_BUTTON,OPEN_BUTTON,REF_TABLE_ID,REF_FIELD_NAME,SPECIAL_BUTTON) VALUES ('TBLID_BPROD','SHIP_LABEL_METHOD','SHIP_LABEL_METHOD','SHIP_LABEL_METHOD','STRING',10,'N','Y','N','Y',147,-1,0,0,147,'N','N','N','STRING',10,'Y',0,'Y','Y','Y','NONE',NULL,NULL,NULL,NULL,'N','N',0,NULL,NULL,0);
INSERT INTO SM_FIELD_DEF (TABLE_ID,FIELD_NAME,JP_TITLE,US_TITLE,DB_TYPE,DB_LENGTH,IS_KEY,NOT_BLANK,IS_DUMMY,IS_SEARCH_ITEM,SORT_NO,TREE_LEVEL,SHEET_NO,PAGE_NO,PROPERTY_NO,IS_AUTO,IS_MANDATORY,SYSTEM_READONLY,FIELD_TYPE,FIELD_LENGTH,INPUT_ALPHABET,INPUT_MULTIBYTE,INPUT_NUMERIC,INPUT_SYMBOL,INPUT_UPPERCASE,RETRIEVAL_TABLE,FORMAT,DEFAULT_VALUE,MIN_VALUE,MAX_VALUE,CALENDAR_BUTTON,JUMP_BUTTON,OPEN_BUTTON,REF_TABLE_ID,REF_FIELD_NAME,SPECIAL_BUTTON) VALUES ('TBLID_BPROD','IMPURITY_DENSITY','IMPURITY_DENSITY','IMPURITY_DENSITY','STRING',10,'N','Y','N','Y',148,-1,0,0,148,'N','N','N','STRING',10,'Y',0,'Y','Y','Y','NONE',NULL,NULL,NULL,NULL,'N','N',0,NULL,NULL,0);
INSERT INTO SM_FIELD_DEF (TABLE_ID,FIELD_NAME,JP_TITLE,US_TITLE,DB_TYPE,DB_LENGTH,IS_KEY,NOT_BLANK,IS_DUMMY,IS_SEARCH_ITEM,SORT_NO,TREE_LEVEL,SHEET_NO,PAGE_NO,PROPERTY_NO,IS_AUTO,IS_MANDATORY,SYSTEM_READONLY,FIELD_TYPE,FIELD_LENGTH,INPUT_ALPHABET,INPUT_MULTIBYTE,INPUT_NUMERIC,INPUT_SYMBOL,INPUT_UPPERCASE,RETRIEVAL_TABLE,FORMAT,DEFAULT_VALUE,MIN_VALUE,MAX_VALUE,CALENDAR_BUTTON,JUMP_BUTTON,OPEN_BUTTON,REF_TABLE_ID,REF_FIELD_NAME,SPECIAL_BUTTON) VALUES ('TBLID_BPROD','SPC_CAT1','SPC_CAT1','SPC_CAT1','STRING',10,'N','Y','N','Y',149,-1,0,0,149,'N','N','N','STRING',10,'Y',0,'Y','Y','Y','NONE',NULL,NULL,NULL,NULL,'N','N',0,NULL,NULL,0);
INSERT INTO SM_FIELD_DEF (TABLE_ID,FIELD_NAME,JP_TITLE,US_TITLE,DB_TYPE,DB_LENGTH,IS_KEY,NOT_BLANK,IS_DUMMY,IS_SEARCH_ITEM,SORT_NO,TREE_LEVEL,SHEET_NO,PAGE_NO,PROPERTY_NO,IS_AUTO,IS_MANDATORY,SYSTEM_READONLY,FIELD_TYPE,FIELD_LENGTH,INPUT_ALPHABET,INPUT_MULTIBYTE,INPUT_NUMERIC,INPUT_SYMBOL,INPUT_UPPERCASE,RETRIEVAL_TABLE,FORMAT,DEFAULT_VALUE,MIN_VALUE,MAX_VALUE,CALENDAR_BUTTON,JUMP_BUTTON,OPEN_BUTTON,REF_TABLE_ID,REF_FIELD_NAME,SPECIAL_BUTTON) VALUES ('TBLID_BPROD','SPC_CAT2','SPC_CAT2','SPC_CAT2','STRING',10,'N','Y','N','Y',150,-1,0,0,150,'N','N','N','STRING',10,'Y',0,'Y','Y','Y','NONE',NULL,NULL,NULL,NULL,'N','N',0,NULL,NULL,0);
INSERT INTO SM_FIELD_DEF (TABLE_ID,FIELD_NAME,JP_TITLE,US_TITLE,DB_TYPE,DB_LENGTH,IS_KEY,NOT_BLANK,IS_DUMMY,IS_SEARCH_ITEM,SORT_NO,TREE_LEVEL,SHEET_NO,PAGE_NO,PROPERTY_NO,IS_AUTO,IS_MANDATORY,SYSTEM_READONLY,FIELD_TYPE,FIELD_LENGTH,INPUT_ALPHABET,INPUT_MULTIBYTE,INPUT_NUMERIC,INPUT_SYMBOL,INPUT_UPPERCASE,RETRIEVAL_TABLE,FORMAT,DEFAULT_VALUE,MIN_VALUE,MAX_VALUE,CALENDAR_BUTTON,JUMP_BUTTON,OPEN_BUTTON,REF_TABLE_ID,REF_FIELD_NAME,SPECIAL_BUTTON) VALUES ('TBLID_BPROD','SPC_CAT3','SPC_CAT3','SPC_CAT3','STRING',10,'N','Y','N','Y',151,-1,0,0,151,'N','N','N','STRING',10,'Y',0,'Y','Y','Y','NONE',NULL,NULL,NULL,NULL,'N','N',0,NULL,NULL,0);
INSERT INTO SM_FIELD_DEF (TABLE_ID,FIELD_NAME,JP_TITLE,US_TITLE,DB_TYPE,DB_LENGTH,IS_KEY,NOT_BLANK,IS_DUMMY,IS_SEARCH_ITEM,SORT_NO,TREE_LEVEL,SHEET_NO,PAGE_NO,PROPERTY_NO,IS_AUTO,IS_MANDATORY,SYSTEM_READONLY,FIELD_TYPE,FIELD_LENGTH,INPUT_ALPHABET,INPUT_MULTIBYTE,INPUT_NUMERIC,INPUT_SYMBOL,INPUT_UPPERCASE,RETRIEVAL_TABLE,FORMAT,DEFAULT_VALUE,MIN_VALUE,MAX_VALUE,CALENDAR_BUTTON,JUMP_BUTTON,OPEN_BUTTON,REF_TABLE_ID,REF_FIELD_NAME,SPECIAL_BUTTON) VALUES ('TBLID_BPROD','SPC_CAT4','SPC_CAT4','SPC_CAT4','STRING',10,'N','Y','N','Y',152,-1,0,0,152,'N','N','N','STRING',10,'Y',0,'Y','Y','Y','NONE',NULL,NULL,NULL,NULL,'N','N',0,NULL,NULL,0);
INSERT INTO SM_FIELD_DEF (TABLE_ID,FIELD_NAME,JP_TITLE,US_TITLE,DB_TYPE,DB_LENGTH,IS_KEY,NOT_BLANK,IS_DUMMY,IS_SEARCH_ITEM,SORT_NO,TREE_LEVEL,SHEET_NO,PAGE_NO,PROPERTY_NO,IS_AUTO,IS_MANDATORY,SYSTEM_READONLY,FIELD_TYPE,FIELD_LENGTH,INPUT_ALPHABET,INPUT_MULTIBYTE,INPUT_NUMERIC,INPUT_SYMBOL,INPUT_UPPERCASE,RETRIEVAL_TABLE,FORMAT,DEFAULT_VALUE,MIN_VALUE,MAX_VALUE,CALENDAR_BUTTON,JUMP_BUTTON,OPEN_BUTTON,REF_TABLE_ID,REF_FIELD_NAME,SPECIAL_BUTTON) VALUES ('TBLID_BPROD','SPC_CAT5','SPC_CAT5','SPC_CAT5','STRING',10,'N','Y','N','Y',153,-1,0,0,153,'N','N','N','STRING',10,'Y',0,'Y','Y','Y','NONE',NULL,NULL,NULL,NULL,'N','N',0,NULL,NULL,0);
INSERT INTO SM_FIELD_DEF (TABLE_ID,FIELD_NAME,JP_TITLE,US_TITLE,DB_TYPE,DB_LENGTH,IS_KEY,NOT_BLANK,IS_DUMMY,IS_SEARCH_ITEM,SORT_NO,TREE_LEVEL,SHEET_NO,PAGE_NO,PROPERTY_NO,IS_AUTO,IS_MANDATORY,SYSTEM_READONLY,FIELD_TYPE,FIELD_LENGTH,INPUT_ALPHABET,INPUT_MULTIBYTE,INPUT_NUMERIC,INPUT_SYMBOL,INPUT_UPPERCASE,RETRIEVAL_TABLE,FORMAT,DEFAULT_VALUE,MIN_VALUE,MAX_VALUE,CALENDAR_BUTTON,JUMP_BUTTON,OPEN_BUTTON,REF_TABLE_ID,REF_FIELD_NAME,SPECIAL_BUTTON) VALUES ('TBLID_BPROD','SPC_CAT6','SPC_CAT6','SPC_CAT6','STRING',10,'N','Y','N','Y',154,-1,0,0,154,'N','N','N','STRING',10,'Y',0,'Y','Y','Y','NONE',NULL,NULL,NULL,NULL,'N','N',0,NULL,NULL,0);
INSERT INTO SM_FIELD_DEF (TABLE_ID,FIELD_NAME,JP_TITLE,US_TITLE,DB_TYPE,DB_LENGTH,IS_KEY,NOT_BLANK,IS_DUMMY,IS_SEARCH_ITEM,SORT_NO,TREE_LEVEL,SHEET_NO,PAGE_NO,PROPERTY_NO,IS_AUTO,IS_MANDATORY,SYSTEM_READONLY,FIELD_TYPE,FIELD_LENGTH,INPUT_ALPHABET,INPUT_MULTIBYTE,INPUT_NUMERIC,INPUT_SYMBOL,INPUT_UPPERCASE,RETRIEVAL_TABLE,FORMAT,DEFAULT_VALUE,MIN_VALUE,MAX_VALUE,CALENDAR_BUTTON,JUMP_BUTTON,OPEN_BUTTON,REF_TABLE_ID,REF_FIELD_NAME,SPECIAL_BUTTON) VALUES ('TBLID_BPROD','SPC_CAT7','SPC_CAT7','SPC_CAT7','STRING',10,'N','Y','N','Y',155,-1,0,0,155,'N','N','N','STRING',10,'Y',0,'Y','Y','Y','NONE',NULL,NULL,NULL,NULL,'N','N',0,NULL,NULL,0);
INSERT INTO SM_FIELD_DEF (TABLE_ID,FIELD_NAME,JP_TITLE,US_TITLE,DB_TYPE,DB_LENGTH,IS_KEY,NOT_BLANK,IS_DUMMY,IS_SEARCH_ITEM,SORT_NO,TREE_LEVEL,SHEET_NO,PAGE_NO,PROPERTY_NO,IS_AUTO,IS_MANDATORY,SYSTEM_READONLY,FIELD_TYPE,FIELD_LENGTH,INPUT_ALPHABET,INPUT_MULTIBYTE,INPUT_NUMERIC,INPUT_SYMBOL,INPUT_UPPERCASE,RETRIEVAL_TABLE,FORMAT,DEFAULT_VALUE,MIN_VALUE,MAX_VALUE,CALENDAR_BUTTON,JUMP_BUTTON,OPEN_BUTTON,REF_TABLE_ID,REF_FIELD_NAME,SPECIAL_BUTTON) VALUES ('TBLID_BPROD','SPC_CAT8','SPC_CAT8','SPC_CAT8','STRING',10,'N','Y','N','Y',156,-1,0,0,156,'N','N','N','STRING',10,'Y',0,'Y','Y','Y','NONE',NULL,NULL,NULL,NULL,'N','N',0,NULL,NULL,0);
INSERT INTO SM_FIELD_DEF (TABLE_ID,FIELD_NAME,JP_TITLE,US_TITLE,DB_TYPE,DB_LENGTH,IS_KEY,NOT_BLANK,IS_DUMMY,IS_SEARCH_ITEM,SORT_NO,TREE_LEVEL,SHEET_NO,PAGE_NO,PROPERTY_NO,IS_AUTO,IS_MANDATORY,SYSTEM_READONLY,FIELD_TYPE,FIELD_LENGTH,INPUT_ALPHABET,INPUT_MULTIBYTE,INPUT_NUMERIC,INPUT_SYMBOL,INPUT_UPPERCASE,RETRIEVAL_TABLE,FORMAT,DEFAULT_VALUE,MIN_VALUE,MAX_VALUE,CALENDAR_BUTTON,JUMP_BUTTON,OPEN_BUTTON,REF_TABLE_ID,REF_FIELD_NAME,SPECIAL_BUTTON) VALUES ('TBLID_BPROD','SPC_CAT9','SPC_CAT9','SPC_CAT9','STRING',10,'N','Y','N','Y',157,-1,0,0,157,'N','N','N','STRING',10,'Y',0,'Y','Y','Y','NONE',NULL,NULL,NULL,NULL,'N','N',0,NULL,NULL,0);
INSERT INTO SM_FIELD_DEF (TABLE_ID,FIELD_NAME,JP_TITLE,US_TITLE,DB_TYPE,DB_LENGTH,IS_KEY,NOT_BLANK,IS_DUMMY,IS_SEARCH_ITEM,SORT_NO,TREE_LEVEL,SHEET_NO,PAGE_NO,PROPERTY_NO,IS_AUTO,IS_MANDATORY,SYSTEM_READONLY,FIELD_TYPE,FIELD_LENGTH,INPUT_ALPHABET,INPUT_MULTIBYTE,INPUT_NUMERIC,INPUT_SYMBOL,INPUT_UPPERCASE,RETRIEVAL_TABLE,FORMAT,DEFAULT_VALUE,MIN_VALUE,MAX_VALUE,CALENDAR_BUTTON,JUMP_BUTTON,OPEN_BUTTON,REF_TABLE_ID,REF_FIELD_NAME,SPECIAL_BUTTON) VALUES ('TBLID_BPROD','SPC_CAT10','SPC_CAT10','SPC_CAT10','STRING',10,'N','Y','N','Y',158,-1,0,0,158,'N','N','N','STRING',10,'Y',0,'Y','Y','Y','NONE',NULL,NULL,NULL,NULL,'N','N',0,NULL,NULL,0);
INSERT INTO SM_FIELD_DEF (TABLE_ID,FIELD_NAME,JP_TITLE,US_TITLE,DB_TYPE,DB_LENGTH,IS_KEY,NOT_BLANK,IS_DUMMY,IS_SEARCH_ITEM,SORT_NO,TREE_LEVEL,SHEET_NO,PAGE_NO,PROPERTY_NO,IS_AUTO,IS_MANDATORY,SYSTEM_READONLY,FIELD_TYPE,FIELD_LENGTH,INPUT_ALPHABET,INPUT_MULTIBYTE,INPUT_NUMERIC,INPUT_SYMBOL,INPUT_UPPERCASE,RETRIEVAL_TABLE,FORMAT,DEFAULT_VALUE,MIN_VALUE,MAX_VALUE,CALENDAR_BUTTON,JUMP_BUTTON,OPEN_BUTTON,REF_TABLE_ID,REF_FIELD_NAME,SPECIAL_BUTTON) VALUES ('TBLID_BPROD','CUSTOMER_ID','CUSTOMER_ID','CUSTOMER_ID','STRING',20,'N','Y','N','Y',159,-1,0,0,159,'N','N','N','STRING',20,'Y',0,'Y','Y','Y','NONE',NULL,NULL,NULL,NULL,'N','N',0,NULL,NULL,0);
INSERT INTO SM_FIELD_DEF (TABLE_ID,FIELD_NAME,JP_TITLE,US_TITLE,DB_TYPE,DB_LENGTH,IS_KEY,NOT_BLANK,IS_DUMMY,IS_SEARCH_ITEM,SORT_NO,TREE_LEVEL,SHEET_NO,PAGE_NO,PROPERTY_NO,IS_AUTO,IS_MANDATORY,SYSTEM_READONLY,FIELD_TYPE,FIELD_LENGTH,INPUT_ALPHABET,INPUT_MULTIBYTE,INPUT_NUMERIC,INPUT_SYMBOL,INPUT_UPPERCASE,RETRIEVAL_TABLE,FORMAT,DEFAULT_VALUE,MIN_VALUE,MAX_VALUE,CALENDAR_BUTTON,JUMP_BUTTON,OPEN_BUTTON,REF_TABLE_ID,REF_FIELD_NAME,SPECIAL_BUTTON) VALUES ('TBLID_BPROD','CUSTOMER_NAME','CUSTOMER_NAME','CUSTOMER_NAME','STRING',120,'N','Y','N','Y',160,-1,0,0,160,'N','N','N','STRING',120,'Y',0,'Y','Y','Y','NONE',NULL,NULL,NULL,NULL,'N','N',0,NULL,NULL,0);
INSERT INTO SM_FIELD_DEF (TABLE_ID,FIELD_NAME,JP_TITLE,US_TITLE,DB_TYPE,DB_LENGTH,IS_KEY,NOT_BLANK,IS_DUMMY,IS_SEARCH_ITEM,SORT_NO,TREE_LEVEL,SHEET_NO,PAGE_NO,PROPERTY_NO,IS_AUTO,IS_MANDATORY,SYSTEM_READONLY,FIELD_TYPE,FIELD_LENGTH,INPUT_ALPHABET,INPUT_MULTIBYTE,INPUT_NUMERIC,INPUT_SYMBOL,INPUT_UPPERCASE,RETRIEVAL_TABLE,FORMAT,DEFAULT_VALUE,MIN_VALUE,MAX_VALUE,CALENDAR_BUTTON,JUMP_BUTTON,OPEN_BUTTON,REF_TABLE_ID,REF_FIELD_NAME,SPECIAL_BUTTON) VALUES ('TBLID_BPROD','CUSTOMER_NAME_VER','CUSTOMER_NAME_VER','CUSTOMER_NAME_VER','STRING',120,'N','Y','N','Y',161,-1,0,0,161,'N','N','N','STRING',120,'Y',0,'Y','Y','Y','NONE',NULL,NULL,NULL,NULL,'N','N',0,NULL,NULL,0);
INSERT INTO SM_FIELD_DEF (TABLE_ID,FIELD_NAME,JP_TITLE,US_TITLE,DB_TYPE,DB_LENGTH,IS_KEY,NOT_BLANK,IS_DUMMY,IS_SEARCH_ITEM,SORT_NO,TREE_LEVEL,SHEET_NO,PAGE_NO,PROPERTY_NO,IS_AUTO,IS_MANDATORY,SYSTEM_READONLY,FIELD_TYPE,FIELD_LENGTH,INPUT_ALPHABET,INPUT_MULTIBYTE,INPUT_NUMERIC,INPUT_SYMBOL,INPUT_UPPERCASE,RETRIEVAL_TABLE,FORMAT,DEFAULT_VALUE,MIN_VALUE,MAX_VALUE,CALENDAR_BUTTON,JUMP_BUTTON,OPEN_BUTTON,REF_TABLE_ID,REF_FIELD_NAME,SPECIAL_BUTTON) VALUES ('TBLID_BPROD','USER_NAME','USER_NAME','USER_NAME','STRING',120,'N','Y','N','Y',162,-1,0,0,162,'N','N','N','STRING',120,'Y',0,'Y','Y','Y','NONE',NULL,NULL,NULL,NULL,'N','N',0,NULL,NULL,0);
INSERT INTO SM_FIELD_DEF (TABLE_ID,FIELD_NAME,JP_TITLE,US_TITLE,DB_TYPE,DB_LENGTH,IS_KEY,NOT_BLANK,IS_DUMMY,IS_SEARCH_ITEM,SORT_NO,TREE_LEVEL,SHEET_NO,PAGE_NO,PROPERTY_NO,IS_AUTO,IS_MANDATORY,SYSTEM_READONLY,FIELD_TYPE,FIELD_LENGTH,INPUT_ALPHABET,INPUT_MULTIBYTE,INPUT_NUMERIC,INPUT_SYMBOL,INPUT_UPPERCASE,RETRIEVAL_TABLE,FORMAT,DEFAULT_VALUE,MIN_VALUE,MAX_VALUE,CALENDAR_BUTTON,JUMP_BUTTON,OPEN_BUTTON,REF_TABLE_ID,REF_FIELD_NAME,SPECIAL_BUTTON) VALUES ('TBLID_BPROD','STD_DIAMETER','STD_DIAMETER','STD_DIAMETER','STRING',120,'N','Y','N','Y',163,-1,0,0,163,'N','N','N','STRING',120,'Y',0,'Y','Y','Y','NONE',NULL,NULL,NULL,NULL,'N','N',0,NULL,NULL,0);
INSERT INTO SM_FIELD_DEF (TABLE_ID,FIELD_NAME,JP_TITLE,US_TITLE,DB_TYPE,DB_LENGTH,IS_KEY,NOT_BLANK,IS_DUMMY,IS_SEARCH_ITEM,SORT_NO,TREE_LEVEL,SHEET_NO,PAGE_NO,PROPERTY_NO,IS_AUTO,IS_MANDATORY,SYSTEM_READONLY,FIELD_TYPE,FIELD_LENGTH,INPUT_ALPHABET,INPUT_MULTIBYTE,INPUT_NUMERIC,INPUT_SYMBOL,INPUT_UPPERCASE,RETRIEVAL_TABLE,FORMAT,DEFAULT_VALUE,MIN_VALUE,MAX_VALUE,CALENDAR_BUTTON,JUMP_BUTTON,OPEN_BUTTON,REF_TABLE_ID,REF_FIELD_NAME,SPECIAL_BUTTON) VALUES ('TBLID_BPROD','STD_PULL_METHOD','STD_PULL_METHOD','STD_PULL_METHOD','STRING',120,'N','Y','N','Y',164,-1,0,0,164,'N','N','N','STRING',120,'Y',0,'Y','Y','Y','NONE',NULL,NULL,NULL,NULL,'N','N',0,NULL,NULL,0);
INSERT INTO SM_FIELD_DEF (TABLE_ID,FIELD_NAME,JP_TITLE,US_TITLE,DB_TYPE,DB_LENGTH,IS_KEY,NOT_BLANK,IS_DUMMY,IS_SEARCH_ITEM,SORT_NO,TREE_LEVEL,SHEET_NO,PAGE_NO,PROPERTY_NO,IS_AUTO,IS_MANDATORY,SYSTEM_READONLY,FIELD_TYPE,FIELD_LENGTH,INPUT_ALPHABET,INPUT_MULTIBYTE,INPUT_NUMERIC,INPUT_SYMBOL,INPUT_UPPERCASE,RETRIEVAL_TABLE,FORMAT,DEFAULT_VALUE,MIN_VALUE,MAX_VALUE,CALENDAR_BUTTON,JUMP_BUTTON,OPEN_BUTTON,REF_TABLE_ID,REF_FIELD_NAME,SPECIAL_BUTTON) VALUES ('TBLID_BPROD','STD_POLISH_TYPE','STD_POLISH_TYPE','STD_POLISH_TYPE','STRING',120,'N','Y','N','Y',165,-1,0,0,165,'N','N','N','STRING',120,'Y',0,'Y','Y','Y','NONE',NULL,NULL,NULL,NULL,'N','N',0,NULL,NULL,0);
INSERT INTO SM_FIELD_DEF (TABLE_ID,FIELD_NAME,JP_TITLE,US_TITLE,DB_TYPE,DB_LENGTH,IS_KEY,NOT_BLANK,IS_DUMMY,IS_SEARCH_ITEM,SORT_NO,TREE_LEVEL,SHEET_NO,PAGE_NO,PROPERTY_NO,IS_AUTO,IS_MANDATORY,SYSTEM_READONLY,FIELD_TYPE,FIELD_LENGTH,INPUT_ALPHABET,INPUT_MULTIBYTE,INPUT_NUMERIC,INPUT_SYMBOL,INPUT_UPPERCASE,RETRIEVAL_TABLE,FORMAT,DEFAULT_VALUE,MIN_VALUE,MAX_VALUE,CALENDAR_BUTTON,JUMP_BUTTON,OPEN_BUTTON,REF_TABLE_ID,REF_FIELD_NAME,SPECIAL_BUTTON) VALUES ('TBLID_BPROD','STD_CRY_DIR','STD_CRY_DIR','STD_CRY_DIR','STRING',120,'N','Y','N','Y',166,-1,0,0,166,'N','N','N','STRING',120,'Y',0,'Y','Y','Y','NONE',NULL,NULL,NULL,NULL,'N','N',0,NULL,NULL,0);
INSERT INTO SM_FIELD_DEF (TABLE_ID,FIELD_NAME,JP_TITLE,US_TITLE,DB_TYPE,DB_LENGTH,IS_KEY,NOT_BLANK,IS_DUMMY,IS_SEARCH_ITEM,SORT_NO,TREE_LEVEL,SHEET_NO,PAGE_NO,PROPERTY_NO,IS_AUTO,IS_MANDATORY,SYSTEM_READONLY,FIELD_TYPE,FIELD_LENGTH,INPUT_ALPHABET,INPUT_MULTIBYTE,INPUT_NUMERIC,INPUT_SYMBOL,INPUT_UPPERCASE,RETRIEVAL_TABLE,FORMAT,DEFAULT_VALUE,MIN_VALUE,MAX_VALUE,CALENDAR_BUTTON,JUMP_BUTTON,OPEN_BUTTON,REF_TABLE_ID,REF_FIELD_NAME,SPECIAL_BUTTON) VALUES ('TBLID_BPROD','STD_DOPANT','STD_DOPANT','STD_DOPANT','STRING',120,'N','Y','N','Y',167,-1,0,0,167,'N','N','N','STRING',120,'Y',0,'Y','Y','Y','NONE',NULL,NULL,NULL,NULL,'N','N',0,NULL,NULL,0);
INSERT INTO SM_FIELD_DEF (TABLE_ID,FIELD_NAME,JP_TITLE,US_TITLE,DB_TYPE,DB_LENGTH,IS_KEY,NOT_BLANK,IS_DUMMY,IS_SEARCH_ITEM,SORT_NO,TREE_LEVEL,SHEET_NO,PAGE_NO,PROPERTY_NO,IS_AUTO,IS_MANDATORY,SYSTEM_READONLY,FIELD_TYPE,FIELD_LENGTH,INPUT_ALPHABET,INPUT_MULTIBYTE,INPUT_NUMERIC,INPUT_SYMBOL,INPUT_UPPERCASE,RETRIEVAL_TABLE,FORMAT,DEFAULT_VALUE,MIN_VALUE,MAX_VALUE,CALENDAR_BUTTON,JUMP_BUTTON,OPEN_BUTTON,REF_TABLE_ID,REF_FIELD_NAME,SPECIAL_BUTTON) VALUES ('TBLID_BPROD','STD_BACK_SHIELD','STD_BACK_SHIELD','STD_BACK_SHIELD','STRING',120,'N','Y','N','Y',168,-1,0,0,168,'N','N','N','STRING',120,'Y',0,'Y','Y','Y','NONE',NULL,NULL,NULL,NULL,'N','N',0,NULL,NULL,0);
INSERT INTO SM_FIELD_DEF (TABLE_ID,FIELD_NAME,JP_TITLE,US_TITLE,DB_TYPE,DB_LENGTH,IS_KEY,NOT_BLANK,IS_DUMMY,IS_SEARCH_ITEM,SORT_NO,TREE_LEVEL,SHEET_NO,PAGE_NO,PROPERTY_NO,IS_AUTO,IS_MANDATORY,SYSTEM_READONLY,FIELD_TYPE,FIELD_LENGTH,INPUT_ALPHABET,INPUT_MULTIBYTE,INPUT_NUMERIC,INPUT_SYMBOL,INPUT_UPPERCASE,RETRIEVAL_TABLE,FORMAT,DEFAULT_VALUE,MIN_VALUE,MAX_VALUE,CALENDAR_BUTTON,JUMP_BUTTON,OPEN_BUTTON,REF_TABLE_ID,REF_FIELD_NAME,SPECIAL_BUTTON) VALUES ('TBLID_BPROD','STD_NO_EDGECUT','STD_NO_EDGECUT','STD_NO_EDGECUT','STRING',120,'N','Y','N','Y',169,-1,0,0,169,'N','N','N','STRING',120,'Y',0,'Y','Y','Y','NONE',NULL,NULL,NULL,NULL,'N','N',0,NULL,NULL,0);
INSERT INTO SM_FIELD_DEF (TABLE_ID,FIELD_NAME,JP_TITLE,US_TITLE,DB_TYPE,DB_LENGTH,IS_KEY,NOT_BLANK,IS_DUMMY,IS_SEARCH_ITEM,SORT_NO,TREE_LEVEL,SHEET_NO,PAGE_NO,PROPERTY_NO,IS_AUTO,IS_MANDATORY,SYSTEM_READONLY,FIELD_TYPE,FIELD_LENGTH,INPUT_ALPHABET,INPUT_MULTIBYTE,INPUT_NUMERIC,INPUT_SYMBOL,INPUT_UPPERCASE,RETRIEVAL_TABLE,FORMAT,DEFAULT_VALUE,MIN_VALUE,MAX_VALUE,CALENDAR_BUTTON,JUMP_BUTTON,OPEN_BUTTON,REF_TABLE_ID,REF_FIELD_NAME,SPECIAL_BUTTON) VALUES ('TBLID_BPROD','STD_THICKNESS','STD_THICKNESS','STD_THICKNESS','STRING',120,'N','Y','N','Y',170,-1,0,0,170,'N','N','N','STRING',120,'Y',0,'Y','Y','Y','NONE',NULL,NULL,NULL,NULL,'N','N',0,NULL,NULL,0);
INSERT INTO SM_FIELD_DEF (TABLE_ID,FIELD_NAME,JP_TITLE,US_TITLE,DB_TYPE,DB_LENGTH,IS_KEY,NOT_BLANK,IS_DUMMY,IS_SEARCH_ITEM,SORT_NO,TREE_LEVEL,SHEET_NO,PAGE_NO,PROPERTY_NO,IS_AUTO,IS_MANDATORY,SYSTEM_READONLY,FIELD_TYPE,FIELD_LENGTH,INPUT_ALPHABET,INPUT_MULTIBYTE,INPUT_NUMERIC,INPUT_SYMBOL,INPUT_UPPERCASE,RETRIEVAL_TABLE,FORMAT,DEFAULT_VALUE,MIN_VALUE,MAX_VALUE,CALENDAR_BUTTON,JUMP_BUTTON,OPEN_BUTTON,REF_TABLE_ID,REF_FIELD_NAME,SPECIAL_BUTTON) VALUES ('TBLID_BPROD','STD_RESISTIVITY','STD_RESISTIVITY','STD_RESISTIVITY','STRING',120,'N','Y','N','Y',171,-1,0,0,171,'N','N','N','STRING',120,'Y',0,'Y','Y','Y','NONE',NULL,NULL,NULL,NULL,'N','N',0,NULL,NULL,0);
INSERT INTO SM_FIELD_DEF (TABLE_ID,FIELD_NAME,JP_TITLE,US_TITLE,DB_TYPE,DB_LENGTH,IS_KEY,NOT_BLANK,IS_DUMMY,IS_SEARCH_ITEM,SORT_NO,TREE_LEVEL,SHEET_NO,PAGE_NO,PROPERTY_NO,IS_AUTO,IS_MANDATORY,SYSTEM_READONLY,FIELD_TYPE,FIELD_LENGTH,INPUT_ALPHABET,INPUT_MULTIBYTE,INPUT_NUMERIC,INPUT_SYMBOL,INPUT_UPPERCASE,RETRIEVAL_TABLE,FORMAT,DEFAULT_VALUE,MIN_VALUE,MAX_VALUE,CALENDAR_BUTTON,JUMP_BUTTON,OPEN_BUTTON,REF_TABLE_ID,REF_FIELD_NAME,SPECIAL_BUTTON) VALUES ('TBLID_BPROD','SUPPLIER','SUPPLIER','SUPPLIER','STRING',120,'N','Y','N','Y',172,-1,0,0,172,'N','N','N','STRING',120,'Y',0,'Y','Y','Y','NONE',NULL,NULL,NULL,NULL,'N','N',0,NULL,NULL,0);
INSERT INTO SM_FIELD_DEF (TABLE_ID,FIELD_NAME,JP_TITLE,US_TITLE,DB_TYPE,DB_LENGTH,IS_KEY,NOT_BLANK,IS_DUMMY,IS_SEARCH_ITEM,SORT_NO,TREE_LEVEL,SHEET_NO,PAGE_NO,PROPERTY_NO,IS_AUTO,IS_MANDATORY,SYSTEM_READONLY,FIELD_TYPE,FIELD_LENGTH,INPUT_ALPHABET,INPUT_MULTIBYTE,INPUT_NUMERIC,INPUT_SYMBOL,INPUT_UPPERCASE,RETRIEVAL_TABLE,FORMAT,DEFAULT_VALUE,MIN_VALUE,MAX_VALUE,CALENDAR_BUTTON,JUMP_BUTTON,OPEN_BUTTON,REF_TABLE_ID,REF_FIELD_NAME,SPECIAL_BUTTON) VALUES ('TBLID_BPROD','PRODUCT_MAKER','PRODUCT_MAKER','PRODUCT_MAKER','STRING',120,'N','Y','N','Y',173,-1,0,0,173,'N','N','N','STRING',120,'Y',0,'Y','Y','Y','NONE',NULL,NULL,NULL,NULL,'N','N',0,NULL,NULL,0);
INSERT INTO SM_FIELD_DEF (TABLE_ID,FIELD_NAME,JP_TITLE,US_TITLE,DB_TYPE,DB_LENGTH,IS_KEY,NOT_BLANK,IS_DUMMY,IS_SEARCH_ITEM,SORT_NO,TREE_LEVEL,SHEET_NO,PAGE_NO,PROPERTY_NO,IS_AUTO,IS_MANDATORY,SYSTEM_READONLY,FIELD_TYPE,FIELD_LENGTH,INPUT_ALPHABET,INPUT_MULTIBYTE,INPUT_NUMERIC,INPUT_SYMBOL,INPUT_UPPERCASE,RETRIEVAL_TABLE,FORMAT,DEFAULT_VALUE,MIN_VALUE,MAX_VALUE,CALENDAR_BUTTON,JUMP_BUTTON,OPEN_BUTTON,REF_TABLE_ID,REF_FIELD_NAME,SPECIAL_BUTTON) VALUES ('TBLID_BPROD','PRODUCT_ADRESS','PRODUCT_ADRESS','PRODUCT_ADRESS','STRING',120,'N','Y','N','Y',174,-1,0,0,174,'N','N','N','STRING',120,'Y',0,'Y','Y','Y','NONE',NULL,NULL,NULL,NULL,'N','N',0,NULL,NULL,0);
INSERT INTO SM_FIELD_DEF (TABLE_ID,FIELD_NAME,JP_TITLE,US_TITLE,DB_TYPE,DB_LENGTH,IS_KEY,NOT_BLANK,IS_DUMMY,IS_SEARCH_ITEM,SORT_NO,TREE_LEVEL,SHEET_NO,PAGE_NO,PROPERTY_NO,IS_AUTO,IS_MANDATORY,SYSTEM_READONLY,FIELD_TYPE,FIELD_LENGTH,INPUT_ALPHABET,INPUT_MULTIBYTE,INPUT_NUMERIC,INPUT_SYMBOL,INPUT_UPPERCASE,RETRIEVAL_TABLE,FORMAT,DEFAULT_VALUE,MIN_VALUE,MAX_VALUE,CALENDAR_BUTTON,JUMP_BUTTON,OPEN_BUTTON,REF_TABLE_ID,REF_FIELD_NAME,SPECIAL_BUTTON) VALUES ('TBLID_BPROD','ROHS_FLG','ROHS_FLG','ROHS_FLG','STRING',120,'N','Y','N','Y',175,-1,0,0,175,'N','N','N','STRING',120,'Y',0,'Y','Y','Y','NONE',NULL,NULL,NULL,NULL,'N','N',0,NULL,NULL,0);
INSERT INTO SM_FIELD_DEF (TABLE_ID,FIELD_NAME,JP_TITLE,US_TITLE,DB_TYPE,DB_LENGTH,IS_KEY,NOT_BLANK,IS_DUMMY,IS_SEARCH_ITEM,SORT_NO,TREE_LEVEL,SHEET_NO,PAGE_NO,PROPERTY_NO,IS_AUTO,IS_MANDATORY,SYSTEM_READONLY,FIELD_TYPE,FIELD_LENGTH,INPUT_ALPHABET,INPUT_MULTIBYTE,INPUT_NUMERIC,INPUT_SYMBOL,INPUT_UPPERCASE,RETRIEVAL_TABLE,FORMAT,DEFAULT_VALUE,MIN_VALUE,MAX_VALUE,CALENDAR_BUTTON,JUMP_BUTTON,OPEN_BUTTON,REF_TABLE_ID,REF_FIELD_NAME,SPECIAL_BUTTON) VALUES ('TBLID_BPROD','CUSTOMER_STD','CUSTOMER_STD','CUSTOMER_STD','STRING',120,'N','Y','N','Y',176,-1,0,0,176,'N','N','N','STRING',120,'Y',0,'Y','Y','Y','NONE',NULL,NULL,NULL,NULL,'N','N',0,NULL,NULL,0);
INSERT INTO SM_FIELD_DEF (TABLE_ID,FIELD_NAME,JP_TITLE,US_TITLE,DB_TYPE,DB_LENGTH,IS_KEY,NOT_BLANK,IS_DUMMY,IS_SEARCH_ITEM,SORT_NO,TREE_LEVEL,SHEET_NO,PAGE_NO,PROPERTY_NO,IS_AUTO,IS_MANDATORY,SYSTEM_READONLY,FIELD_TYPE,FIELD_LENGTH,INPUT_ALPHABET,INPUT_MULTIBYTE,INPUT_NUMERIC,INPUT_SYMBOL,INPUT_UPPERCASE,RETRIEVAL_TABLE,FORMAT,DEFAULT_VALUE,MIN_VALUE,MAX_VALUE,CALENDAR_BUTTON,JUMP_BUTTON,OPEN_BUTTON,REF_TABLE_ID,REF_FIELD_NAME,SPECIAL_BUTTON) VALUES ('TBLID_BPROD','OXY_INCLUDE','OXY_INCLUDE','OXY_INCLUDE','STRING',120,'N','Y','N','Y',177,-1,0,0,177,'N','N','N','STRING',120,'Y',0,'Y','Y','Y','NONE',NULL,NULL,NULL,NULL,'N','N',0,NULL,NULL,0);
INSERT INTO SM_FIELD_DEF (TABLE_ID,FIELD_NAME,JP_TITLE,US_TITLE,DB_TYPE,DB_LENGTH,IS_KEY,NOT_BLANK,IS_DUMMY,IS_SEARCH_ITEM,SORT_NO,TREE_LEVEL,SHEET_NO,PAGE_NO,PROPERTY_NO,IS_AUTO,IS_MANDATORY,SYSTEM_READONLY,FIELD_TYPE,FIELD_LENGTH,INPUT_ALPHABET,INPUT_MULTIBYTE,INPUT_NUMERIC,INPUT_SYMBOL,INPUT_UPPERCASE,RETRIEVAL_TABLE,FORMAT,DEFAULT_VALUE,MIN_VALUE,MAX_VALUE,CALENDAR_BUTTON,JUMP_BUTTON,OPEN_BUTTON,REF_TABLE_ID,REF_FIELD_NAME,SPECIAL_BUTTON) VALUES ('TBLID_BPROD','PLANT_CODE','PLANT_CODE','PLANT_CODE','STRING',120,'N','Y','N','Y',178,-1,0,0,178,'N','N','N','STRING',120,'Y',0,'Y','Y','Y','NONE',NULL,NULL,NULL,NULL,'N','N',0,NULL,NULL,0);
INSERT INTO SM_FIELD_DEF (TABLE_ID,FIELD_NAME,JP_TITLE,US_TITLE,DB_TYPE,DB_LENGTH,IS_KEY,NOT_BLANK,IS_DUMMY,IS_SEARCH_ITEM,SORT_NO,TREE_LEVEL,SHEET_NO,PAGE_NO,PROPERTY_NO,IS_AUTO,IS_MANDATORY,SYSTEM_READONLY,FIELD_TYPE,FIELD_LENGTH,INPUT_ALPHABET,INPUT_MULTIBYTE,INPUT_NUMERIC,INPUT_SYMBOL,INPUT_UPPERCASE,RETRIEVAL_TABLE,FORMAT,DEFAULT_VALUE,MIN_VALUE,MAX_VALUE,CALENDAR_BUTTON,JUMP_BUTTON,OPEN_BUTTON,REF_TABLE_ID,REF_FIELD_NAME,SPECIAL_BUTTON) VALUES ('TBLID_BPROD','MESSAGE','MESSAGE','MESSAGE','STRING',120,'N','Y','N','Y',179,-1,0,0,179,'N','N','N','STRING',120,'Y',0,'Y','Y','Y','NONE',NULL,NULL,NULL,NULL,'N','N',0,NULL,NULL,0);
INSERT INTO SM_FIELD_DEF (TABLE_ID,FIELD_NAME,JP_TITLE,US_TITLE,DB_TYPE,DB_LENGTH,IS_KEY,NOT_BLANK,IS_DUMMY,IS_SEARCH_ITEM,SORT_NO,TREE_LEVEL,SHEET_NO,PAGE_NO,PROPERTY_NO,IS_AUTO,IS_MANDATORY,SYSTEM_READONLY,FIELD_TYPE,FIELD_LENGTH,INPUT_ALPHABET,INPUT_MULTIBYTE,INPUT_NUMERIC,INPUT_SYMBOL,INPUT_UPPERCASE,RETRIEVAL_TABLE,FORMAT,DEFAULT_VALUE,MIN_VALUE,MAX_VALUE,CALENDAR_BUTTON,JUMP_BUTTON,OPEN_BUTTON,REF_TABLE_ID,REF_FIELD_NAME,SPECIAL_BUTTON) VALUES ('TBLID_BPROD','ASS_TERM','ASS_TERM','ASS_TERM','STRING',120,'N','Y','N','Y',180,-1,0,0,180,'N','N','N','STRING',120,'Y',0,'Y','Y','Y','NONE',NULL,NULL,NULL,NULL,'N','N',0,NULL,NULL,0);
INSERT INTO SM_FIELD_DEF (TABLE_ID,FIELD_NAME,JP_TITLE,US_TITLE,DB_TYPE,DB_LENGTH,IS_KEY,NOT_BLANK,IS_DUMMY,IS_SEARCH_ITEM,SORT_NO,TREE_LEVEL,SHEET_NO,PAGE_NO,PROPERTY_NO,IS_AUTO,IS_MANDATORY,SYSTEM_READONLY,FIELD_TYPE,FIELD_LENGTH,INPUT_ALPHABET,INPUT_MULTIBYTE,INPUT_NUMERIC,INPUT_SYMBOL,INPUT_UPPERCASE,RETRIEVAL_TABLE,FORMAT,DEFAULT_VALUE,MIN_VALUE,MAX_VALUE,CALENDAR_BUTTON,JUMP_BUTTON,OPEN_BUTTON,REF_TABLE_ID,REF_FIELD_NAME,SPECIAL_BUTTON) VALUES ('TBLID_BPROD','PARTICLE','PARTICLE','PARTICLE','STRING',120,'N','Y','N','Y',181,-1,0,0,181,'N','N','N','STRING',120,'Y',0,'Y','Y','Y','NONE',NULL,NULL,NULL,NULL,'N','N',0,NULL,NULL,0);
INSERT INTO SM_FIELD_DEF (TABLE_ID,FIELD_NAME,JP_TITLE,US_TITLE,DB_TYPE,DB_LENGTH,IS_KEY,NOT_BLANK,IS_DUMMY,IS_SEARCH_ITEM,SORT_NO,TREE_LEVEL,SHEET_NO,PAGE_NO,PROPERTY_NO,IS_AUTO,IS_MANDATORY,SYSTEM_READONLY,FIELD_TYPE,FIELD_LENGTH,INPUT_ALPHABET,INPUT_MULTIBYTE,INPUT_NUMERIC,INPUT_SYMBOL,INPUT_UPPERCASE,RETRIEVAL_TABLE,FORMAT,DEFAULT_VALUE,MIN_VALUE,MAX_VALUE,CALENDAR_BUTTON,JUMP_BUTTON,OPEN_BUTTON,REF_TABLE_ID,REF_FIELD_NAME,SPECIAL_BUTTON) VALUES ('TBLID_BPROD','BOW','BOW','BOW','STRING',120,'N','Y','N','Y',182,-1,0,0,182,'N','N','N','STRING',120,'Y',0,'Y','Y','Y','NONE',NULL,NULL,NULL,NULL,'N','N',0,NULL,NULL,0);
INSERT INTO SM_FIELD_DEF (TABLE_ID,FIELD_NAME,JP_TITLE,US_TITLE,DB_TYPE,DB_LENGTH,IS_KEY,NOT_BLANK,IS_DUMMY,IS_SEARCH_ITEM,SORT_NO,TREE_LEVEL,SHEET_NO,PAGE_NO,PROPERTY_NO,IS_AUTO,IS_MANDATORY,SYSTEM_READONLY,FIELD_TYPE,FIELD_LENGTH,INPUT_ALPHABET,INPUT_MULTIBYTE,INPUT_NUMERIC,INPUT_SYMBOL,INPUT_UPPERCASE,RETRIEVAL_TABLE,FORMAT,DEFAULT_VALUE,MIN_VALUE,MAX_VALUE,CALENDAR_BUTTON,JUMP_BUTTON,OPEN_BUTTON,REF_TABLE_ID,REF_FIELD_NAME,SPECIAL_BUTTON) VALUES ('TBLID_BPROD','WARP','WARP','WARP','STRING',120,'N','Y','N','Y',183,-1,0,0,183,'N','N','N','STRING',120,'Y',0,'Y','Y','Y','NONE',NULL,NULL,NULL,NULL,'N','N',0,NULL,NULL,0);
INSERT INTO SM_FIELD_DEF (TABLE_ID,FIELD_NAME,JP_TITLE,US_TITLE,DB_TYPE,DB_LENGTH,IS_KEY,NOT_BLANK,IS_DUMMY,IS_SEARCH_ITEM,SORT_NO,TREE_LEVEL,SHEET_NO,PAGE_NO,PROPERTY_NO,IS_AUTO,IS_MANDATORY,SYSTEM_READONLY,FIELD_TYPE,FIELD_LENGTH,INPUT_ALPHABET,INPUT_MULTIBYTE,INPUT_NUMERIC,INPUT_SYMBOL,INPUT_UPPERCASE,RETRIEVAL_TABLE,FORMAT,DEFAULT_VALUE,MIN_VALUE,MAX_VALUE,CALENDAR_BUTTON,JUMP_BUTTON,OPEN_BUTTON,REF_TABLE_ID,REF_FIELD_NAME,SPECIAL_BUTTON) VALUES ('TBLID_BPROD','TTV','TTV','TTV','STRING',120,'N','Y','N','Y',184,-1,0,0,184,'N','N','N','STRING',120,'Y',0,'Y','Y','Y','NONE',NULL,NULL,NULL,NULL,'N','N',0,NULL,NULL,0);
INSERT INTO SM_FIELD_DEF (TABLE_ID,FIELD_NAME,JP_TITLE,US_TITLE,DB_TYPE,DB_LENGTH,IS_KEY,NOT_BLANK,IS_DUMMY,IS_SEARCH_ITEM,SORT_NO,TREE_LEVEL,SHEET_NO,PAGE_NO,PROPERTY_NO,IS_AUTO,IS_MANDATORY,SYSTEM_READONLY,FIELD_TYPE,FIELD_LENGTH,INPUT_ALPHABET,INPUT_MULTIBYTE,INPUT_NUMERIC,INPUT_SYMBOL,INPUT_UPPERCASE,RETRIEVAL_TABLE,FORMAT,DEFAULT_VALUE,MIN_VALUE,MAX_VALUE,CALENDAR_BUTTON,JUMP_BUTTON,OPEN_BUTTON,REF_TABLE_ID,REF_FIELD_NAME,SPECIAL_BUTTON) VALUES ('TBLID_BPROD','SUPPLIER_SPEC','SUPPLIER_SPEC','SUPPLIER_SPEC','STRING',120,'N','Y','N','Y',185,-1,0,0,185,'N','N','N','STRING',120,'Y',0,'Y','Y','Y','NONE',NULL,NULL,NULL,NULL,'N','N',0,NULL,NULL,0);
INSERT INTO SM_FIELD_DEF (TABLE_ID,FIELD_NAME,JP_TITLE,US_TITLE,DB_TYPE,DB_LENGTH,IS_KEY,NOT_BLANK,IS_DUMMY,IS_SEARCH_ITEM,SORT_NO,TREE_LEVEL,SHEET_NO,PAGE_NO,PROPERTY_NO,IS_AUTO,IS_MANDATORY,SYSTEM_READONLY,FIELD_TYPE,FIELD_LENGTH,INPUT_ALPHABET,INPUT_MULTIBYTE,INPUT_NUMERIC,INPUT_SYMBOL,INPUT_UPPERCASE,RETRIEVAL_TABLE,FORMAT,DEFAULT_VALUE,MIN_VALUE,MAX_VALUE,CALENDAR_BUTTON,JUMP_BUTTON,OPEN_BUTTON,REF_TABLE_ID,REF_FIELD_NAME,SPECIAL_BUTTON) VALUES ('TBLID_BPROD','SUPPLIER_PART','SUPPLIER_PART','SUPPLIER_PART','STRING',120,'N','Y','N','Y',186,-1,0,0,186,'N','N','N','STRING',120,'Y',0,'Y','Y','Y','NONE',NULL,NULL,NULL,NULL,'N','N',0,NULL,NULL,0);
INSERT INTO SM_FIELD_DEF (TABLE_ID,FIELD_NAME,JP_TITLE,US_TITLE,DB_TYPE,DB_LENGTH,IS_KEY,NOT_BLANK,IS_DUMMY,IS_SEARCH_ITEM,SORT_NO,TREE_LEVEL,SHEET_NO,PAGE_NO,PROPERTY_NO,IS_AUTO,IS_MANDATORY,SYSTEM_READONLY,FIELD_TYPE,FIELD_LENGTH,INPUT_ALPHABET,INPUT_MULTIBYTE,INPUT_NUMERIC,INPUT_SYMBOL,INPUT_UPPERCASE,RETRIEVAL_TABLE,FORMAT,DEFAULT_VALUE,MIN_VALUE,MAX_VALUE,CALENDAR_BUTTON,JUMP_BUTTON,OPEN_BUTTON,REF_TABLE_ID,REF_FIELD_NAME,SPECIAL_BUTTON) VALUES ('TBLID_BPROD','CUSTOMER_NAME_EN','CUSTOMER_NAME_EN','CUSTOMER_NAME_EN','STRING',120,'N','Y','N','Y',187,-1,0,0,187,'N','N','N','STRING',120,'Y',0,'Y','Y','Y','NONE',NULL,NULL,NULL,NULL,'N','N',0,NULL,NULL,0);
INSERT INTO SM_FIELD_DEF (TABLE_ID,FIELD_NAME,JP_TITLE,US_TITLE,DB_TYPE,DB_LENGTH,IS_KEY,NOT_BLANK,IS_DUMMY,IS_SEARCH_ITEM,SORT_NO,TREE_LEVEL,SHEET_NO,PAGE_NO,PROPERTY_NO,IS_AUTO,IS_MANDATORY,SYSTEM_READONLY,FIELD_TYPE,FIELD_LENGTH,INPUT_ALPHABET,INPUT_MULTIBYTE,INPUT_NUMERIC,INPUT_SYMBOL,INPUT_UPPERCASE,RETRIEVAL_TABLE,FORMAT,DEFAULT_VALUE,MIN_VALUE,MAX_VALUE,CALENDAR_BUTTON,JUMP_BUTTON,OPEN_BUTTON,REF_TABLE_ID,REF_FIELD_NAME,SPECIAL_BUTTON) VALUES ('TBLID_BPROD','MATERIAL_ID','MATERIAL_ID','MATERIAL_ID','STRING',120,'N','Y','N','Y',188,-1,0,0,188,'N','N','N','STRING',120,'Y',0,'Y','Y','Y','NONE',NULL,NULL,NULL,NULL,'N','N',0,NULL,NULL,0);
INSERT INTO SM_FIELD_DEF (TABLE_ID,FIELD_NAME,JP_TITLE,US_TITLE,DB_TYPE,DB_LENGTH,IS_KEY,NOT_BLANK,IS_DUMMY,IS_SEARCH_ITEM,SORT_NO,TREE_LEVEL,SHEET_NO,PAGE_NO,PROPERTY_NO,IS_AUTO,IS_MANDATORY,SYSTEM_READONLY,FIELD_TYPE,FIELD_LENGTH,INPUT_ALPHABET,INPUT_MULTIBYTE,INPUT_NUMERIC,INPUT_SYMBOL,INPUT_UPPERCASE,RETRIEVAL_TABLE,FORMAT,DEFAULT_VALUE,MIN_VALUE,MAX_VALUE,CALENDAR_BUTTON,JUMP_BUTTON,OPEN_BUTTON,REF_TABLE_ID,REF_FIELD_NAME,SPECIAL_BUTTON) VALUES ('TBLID_BPROD','SELF_DEF_01','SELF_DEF_01','SELF_DEF_01','STRING',120,'N','Y','N','Y',189,-1,0,0,189,'N','N','N','STRING',120,'Y',0,'Y','Y','Y','NONE',NULL,NULL,NULL,NULL,'N','N',0,NULL,NULL,0);
INSERT INTO SM_FIELD_DEF (TABLE_ID,FIELD_NAME,JP_TITLE,US_TITLE,DB_TYPE,DB_LENGTH,IS_KEY,NOT_BLANK,IS_DUMMY,IS_SEARCH_ITEM,SORT_NO,TREE_LEVEL,SHEET_NO,PAGE_NO,PROPERTY_NO,IS_AUTO,IS_MANDATORY,SYSTEM_READONLY,FIELD_TYPE,FIELD_LENGTH,INPUT_ALPHABET,INPUT_MULTIBYTE,INPUT_NUMERIC,INPUT_SYMBOL,INPUT_UPPERCASE,RETRIEVAL_TABLE,FORMAT,DEFAULT_VALUE,MIN_VALUE,MAX_VALUE,CALENDAR_BUTTON,JUMP_BUTTON,OPEN_BUTTON,REF_TABLE_ID,REF_FIELD_NAME,SPECIAL_BUTTON) VALUES ('TBLID_BPROD','SELF_DEF_02','SELF_DEF_02','SELF_DEF_02','STRING',120,'N','Y','N','Y',190,-1,0,0,190,'N','N','N','STRING',120,'Y',0,'Y','Y','Y','NONE',NULL,NULL,NULL,NULL,'N','N',0,NULL,NULL,0);
INSERT INTO SM_FIELD_DEF (TABLE_ID,FIELD_NAME,JP_TITLE,US_TITLE,DB_TYPE,DB_LENGTH,IS_KEY,NOT_BLANK,IS_DUMMY,IS_SEARCH_ITEM,SORT_NO,TREE_LEVEL,SHEET_NO,PAGE_NO,PROPERTY_NO,IS_AUTO,IS_MANDATORY,SYSTEM_READONLY,FIELD_TYPE,FIELD_LENGTH,INPUT_ALPHABET,INPUT_MULTIBYTE,INPUT_NUMERIC,INPUT_SYMBOL,INPUT_UPPERCASE,RETRIEVAL_TABLE,FORMAT,DEFAULT_VALUE,MIN_VALUE,MAX_VALUE,CALENDAR_BUTTON,JUMP_BUTTON,OPEN_BUTTON,REF_TABLE_ID,REF_FIELD_NAME,SPECIAL_BUTTON) VALUES ('TBLID_BPROD','SELF_DEF_03','SELF_DEF_03','SELF_DEF_03','STRING',120,'N','Y','N','Y',191,-1,0,0,191,'N','N','N','STRING',120,'Y',0,'Y','Y','Y','NONE',NULL,NULL,NULL,NULL,'N','N',0,NULL,NULL,0);
INSERT INTO SM_FIELD_DEF (TABLE_ID,FIELD_NAME,JP_TITLE,US_TITLE,DB_TYPE,DB_LENGTH,IS_KEY,NOT_BLANK,IS_DUMMY,IS_SEARCH_ITEM,SORT_NO,TREE_LEVEL,SHEET_NO,PAGE_NO,PROPERTY_NO,IS_AUTO,IS_MANDATORY,SYSTEM_READONLY,FIELD_TYPE,FIELD_LENGTH,INPUT_ALPHABET,INPUT_MULTIBYTE,INPUT_NUMERIC,INPUT_SYMBOL,INPUT_UPPERCASE,RETRIEVAL_TABLE,FORMAT,DEFAULT_VALUE,MIN_VALUE,MAX_VALUE,CALENDAR_BUTTON,JUMP_BUTTON,OPEN_BUTTON,REF_TABLE_ID,REF_FIELD_NAME,SPECIAL_BUTTON) VALUES ('TBLID_BPROD','SELF_DEF_04','SELF_DEF_04','SELF_DEF_04','STRING',120,'N','Y','N','Y',192,-1,0,0,192,'N','N','N','STRING',120,'Y',0,'Y','Y','Y','NONE',NULL,NULL,NULL,NULL,'N','N',0,NULL,NULL,0);
INSERT INTO SM_FIELD_DEF (TABLE_ID,FIELD_NAME,JP_TITLE,US_TITLE,DB_TYPE,DB_LENGTH,IS_KEY,NOT_BLANK,IS_DUMMY,IS_SEARCH_ITEM,SORT_NO,TREE_LEVEL,SHEET_NO,PAGE_NO,PROPERTY_NO,IS_AUTO,IS_MANDATORY,SYSTEM_READONLY,FIELD_TYPE,FIELD_LENGTH,INPUT_ALPHABET,INPUT_MULTIBYTE,INPUT_NUMERIC,INPUT_SYMBOL,INPUT_UPPERCASE,RETRIEVAL_TABLE,FORMAT,DEFAULT_VALUE,MIN_VALUE,MAX_VALUE,CALENDAR_BUTTON,JUMP_BUTTON,OPEN_BUTTON,REF_TABLE_ID,REF_FIELD_NAME,SPECIAL_BUTTON) VALUES ('TBLID_BPROD','SELF_DEF_05','SELF_DEF_05','SELF_DEF_05','STRING',120,'N','Y','N','Y',193,-1,0,0,193,'N','N','N','STRING',120,'Y',0,'Y','Y','Y','NONE',NULL,NULL,NULL,NULL,'N','N',0,NULL,NULL,0);
INSERT INTO SM_FIELD_DEF (TABLE_ID,FIELD_NAME,JP_TITLE,US_TITLE,DB_TYPE,DB_LENGTH,IS_KEY,NOT_BLANK,IS_DUMMY,IS_SEARCH_ITEM,SORT_NO,TREE_LEVEL,SHEET_NO,PAGE_NO,PROPERTY_NO,IS_AUTO,IS_MANDATORY,SYSTEM_READONLY,FIELD_TYPE,FIELD_LENGTH,INPUT_ALPHABET,INPUT_MULTIBYTE,INPUT_NUMERIC,INPUT_SYMBOL,INPUT_UPPERCASE,RETRIEVAL_TABLE,FORMAT,DEFAULT_VALUE,MIN_VALUE,MAX_VALUE,CALENDAR_BUTTON,JUMP_BUTTON,OPEN_BUTTON,REF_TABLE_ID,REF_FIELD_NAME,SPECIAL_BUTTON) VALUES ('TBLID_BPROD','SELF_DEF_06','SELF_DEF_06','SELF_DEF_06','STRING',120,'N','Y','N','Y',194,-1,0,0,194,'N','N','N','STRING',120,'Y',0,'Y','Y','Y','NONE',NULL,NULL,NULL,NULL,'N','N',0,NULL,NULL,0);
INSERT INTO SM_FIELD_DEF (TABLE_ID,FIELD_NAME,JP_TITLE,US_TITLE,DB_TYPE,DB_LENGTH,IS_KEY,NOT_BLANK,IS_DUMMY,IS_SEARCH_ITEM,SORT_NO,TREE_LEVEL,SHEET_NO,PAGE_NO,PROPERTY_NO,IS_AUTO,IS_MANDATORY,SYSTEM_READONLY,FIELD_TYPE,FIELD_LENGTH,INPUT_ALPHABET,INPUT_MULTIBYTE,INPUT_NUMERIC,INPUT_SYMBOL,INPUT_UPPERCASE,RETRIEVAL_TABLE,FORMAT,DEFAULT_VALUE,MIN_VALUE,MAX_VALUE,CALENDAR_BUTTON,JUMP_BUTTON,OPEN_BUTTON,REF_TABLE_ID,REF_FIELD_NAME,SPECIAL_BUTTON) VALUES ('TBLID_BPROD','SELF_DEF_07','SELF_DEF_07','SELF_DEF_07','STRING',120,'N','Y','N','Y',195,-1,0,0,195,'N','N','N','STRING',120,'Y',0,'Y','Y','Y','NONE',NULL,NULL,NULL,NULL,'N','N',0,NULL,NULL,0);
INSERT INTO SM_FIELD_DEF (TABLE_ID,FIELD_NAME,JP_TITLE,US_TITLE,DB_TYPE,DB_LENGTH,IS_KEY,NOT_BLANK,IS_DUMMY,IS_SEARCH_ITEM,SORT_NO,TREE_LEVEL,SHEET_NO,PAGE_NO,PROPERTY_NO,IS_AUTO,IS_MANDATORY,SYSTEM_READONLY,FIELD_TYPE,FIELD_LENGTH,INPUT_ALPHABET,INPUT_MULTIBYTE,INPUT_NUMERIC,INPUT_SYMBOL,INPUT_UPPERCASE,RETRIEVAL_TABLE,FORMAT,DEFAULT_VALUE,MIN_VALUE,MAX_VALUE,CALENDAR_BUTTON,JUMP_BUTTON,OPEN_BUTTON,REF_TABLE_ID,REF_FIELD_NAME,SPECIAL_BUTTON) VALUES ('TBLID_BPROD','SELF_DEF_08','SELF_DEF_08','SELF_DEF_08','STRING',120,'N','Y','N','Y',196,-1,0,0,196,'N','N','N','STRING',120,'Y',0,'Y','Y','Y','NONE',NULL,NULL,NULL,NULL,'N','N',0,NULL,NULL,0);
INSERT INTO SM_FIELD_DEF (TABLE_ID,FIELD_NAME,JP_TITLE,US_TITLE,DB_TYPE,DB_LENGTH,IS_KEY,NOT_BLANK,IS_DUMMY,IS_SEARCH_ITEM,SORT_NO,TREE_LEVEL,SHEET_NO,PAGE_NO,PROPERTY_NO,IS_AUTO,IS_MANDATORY,SYSTEM_READONLY,FIELD_TYPE,FIELD_LENGTH,INPUT_ALPHABET,INPUT_MULTIBYTE,INPUT_NUMERIC,INPUT_SYMBOL,INPUT_UPPERCASE,RETRIEVAL_TABLE,FORMAT,DEFAULT_VALUE,MIN_VALUE,MAX_VALUE,CALENDAR_BUTTON,JUMP_BUTTON,OPEN_BUTTON,REF_TABLE_ID,REF_FIELD_NAME,SPECIAL_BUTTON) VALUES ('TBLID_BPROD','SELF_DEF_09','SELF_DEF_09','SELF_DEF_09','STRING',120,'N','Y','N','Y',197,-1,0,0,197,'N','N','N','STRING',120,'Y',0,'Y','Y','Y','NONE',NULL,NULL,NULL,NULL,'N','N',0,NULL,NULL,0);
INSERT INTO SM_FIELD_DEF (TABLE_ID,FIELD_NAME,JP_TITLE,US_TITLE,DB_TYPE,DB_LENGTH,IS_KEY,NOT_BLANK,IS_DUMMY,IS_SEARCH_ITEM,SORT_NO,TREE_LEVEL,SHEET_NO,PAGE_NO,PROPERTY_NO,IS_AUTO,IS_MANDATORY,SYSTEM_READONLY,FIELD_TYPE,FIELD_LENGTH,INPUT_ALPHABET,INPUT_MULTIBYTE,INPUT_NUMERIC,INPUT_SYMBOL,INPUT_UPPERCASE,RETRIEVAL_TABLE,FORMAT,DEFAULT_VALUE,MIN_VALUE,MAX_VALUE,CALENDAR_BUTTON,JUMP_BUTTON,OPEN_BUTTON,REF_TABLE_ID,REF_FIELD_NAME,SPECIAL_BUTTON) VALUES ('TBLID_BPROD','SELF_DEF_10','SELF_DEF_10','SELF_DEF_10','STRING',120,'N','Y','N','Y',198,-1,0,0,198,'N','N','N','STRING',120,'Y',0,'Y','Y','Y','NONE',NULL,NULL,NULL,NULL,'N','N',0,NULL,NULL,0);
INSERT INTO SM_FIELD_DEF (TABLE_ID,FIELD_NAME,JP_TITLE,US_TITLE,DB_TYPE,DB_LENGTH,IS_KEY,NOT_BLANK,IS_DUMMY,IS_SEARCH_ITEM,SORT_NO,TREE_LEVEL,SHEET_NO,PAGE_NO,PROPERTY_NO,IS_AUTO,IS_MANDATORY,SYSTEM_READONLY,FIELD_TYPE,FIELD_LENGTH,INPUT_ALPHABET,INPUT_MULTIBYTE,INPUT_NUMERIC,INPUT_SYMBOL,INPUT_UPPERCASE,RETRIEVAL_TABLE,FORMAT,DEFAULT_VALUE,MIN_VALUE,MAX_VALUE,CALENDAR_BUTTON,JUMP_BUTTON,OPEN_BUTTON,REF_TABLE_ID,REF_FIELD_NAME,SPECIAL_BUTTON) VALUES ('TBLID_BPROD','SELF_DEF_11','SELF_DEF_11','SELF_DEF_11','STRING',120,'N','Y','N','Y',199,-1,0,0,199,'N','N','N','STRING',120,'Y',0,'Y','Y','Y','NONE',NULL,NULL,NULL,NULL,'N','N',0,NULL,NULL,0);
INSERT INTO SM_FIELD_DEF (TABLE_ID,FIELD_NAME,JP_TITLE,US_TITLE,DB_TYPE,DB_LENGTH,IS_KEY,NOT_BLANK,IS_DUMMY,IS_SEARCH_ITEM,SORT_NO,TREE_LEVEL,SHEET_NO,PAGE_NO,PROPERTY_NO,IS_AUTO,IS_MANDATORY,SYSTEM_READONLY,FIELD_TYPE,FIELD_LENGTH,INPUT_ALPHABET,INPUT_MULTIBYTE,INPUT_NUMERIC,INPUT_SYMBOL,INPUT_UPPERCASE,RETRIEVAL_TABLE,FORMAT,DEFAULT_VALUE,MIN_VALUE,MAX_VALUE,CALENDAR_BUTTON,JUMP_BUTTON,OPEN_BUTTON,REF_TABLE_ID,REF_FIELD_NAME,SPECIAL_BUTTON) VALUES ('TBLID_BPROD','SELF_DEF_12','SELF_DEF_12','SELF_DEF_12','STRING',120,'N','Y','N','Y',200,-1,0,0,200,'N','N','N','STRING',120,'Y',0,'Y','Y','Y','NONE',NULL,NULL,NULL,NULL,'N','N',0,NULL,NULL,0);
INSERT INTO SM_FIELD_DEF (TABLE_ID,FIELD_NAME,JP_TITLE,US_TITLE,DB_TYPE,DB_LENGTH,IS_KEY,NOT_BLANK,IS_DUMMY,IS_SEARCH_ITEM,SORT_NO,TREE_LEVEL,SHEET_NO,PAGE_NO,PROPERTY_NO,IS_AUTO,IS_MANDATORY,SYSTEM_READONLY,FIELD_TYPE,FIELD_LENGTH,INPUT_ALPHABET,INPUT_MULTIBYTE,INPUT_NUMERIC,INPUT_SYMBOL,INPUT_UPPERCASE,RETRIEVAL_TABLE,FORMAT,DEFAULT_VALUE,MIN_VALUE,MAX_VALUE,CALENDAR_BUTTON,JUMP_BUTTON,OPEN_BUTTON,REF_TABLE_ID,REF_FIELD_NAME,SPECIAL_BUTTON) VALUES ('TBLID_BPROD','SELF_DEF_13','SELF_DEF_13','SELF_DEF_13','STRING',120,'N','Y','N','Y',201,-1,0,0,201,'N','N','N','STRING',120,'Y',0,'Y','Y','Y','NONE',NULL,NULL,NULL,NULL,'N','N',0,NULL,NULL,0);
INSERT INTO SM_FIELD_DEF (TABLE_ID,FIELD_NAME,JP_TITLE,US_TITLE,DB_TYPE,DB_LENGTH,IS_KEY,NOT_BLANK,IS_DUMMY,IS_SEARCH_ITEM,SORT_NO,TREE_LEVEL,SHEET_NO,PAGE_NO,PROPERTY_NO,IS_AUTO,IS_MANDATORY,SYSTEM_READONLY,FIELD_TYPE,FIELD_LENGTH,INPUT_ALPHABET,INPUT_MULTIBYTE,INPUT_NUMERIC,INPUT_SYMBOL,INPUT_UPPERCASE,RETRIEVAL_TABLE,FORMAT,DEFAULT_VALUE,MIN_VALUE,MAX_VALUE,CALENDAR_BUTTON,JUMP_BUTTON,OPEN_BUTTON,REF_TABLE_ID,REF_FIELD_NAME,SPECIAL_BUTTON) VALUES ('TBLID_BPROD','SELF_DEF_14','SELF_DEF_14','SELF_DEF_14','STRING',120,'N','Y','N','Y',202,-1,0,0,202,'N','N','N','STRING',120,'Y',0,'Y','Y','Y','NONE',NULL,NULL,NULL,NULL,'N','N',0,NULL,NULL,0);
INSERT INTO SM_FIELD_DEF (TABLE_ID,FIELD_NAME,JP_TITLE,US_TITLE,DB_TYPE,DB_LENGTH,IS_KEY,NOT_BLANK,IS_DUMMY,IS_SEARCH_ITEM,SORT_NO,TREE_LEVEL,SHEET_NO,PAGE_NO,PROPERTY_NO,IS_AUTO,IS_MANDATORY,SYSTEM_READONLY,FIELD_TYPE,FIELD_LENGTH,INPUT_ALPHABET,INPUT_MULTIBYTE,INPUT_NUMERIC,INPUT_SYMBOL,INPUT_UPPERCASE,RETRIEVAL_TABLE,FORMAT,DEFAULT_VALUE,MIN_VALUE,MAX_VALUE,CALENDAR_BUTTON,JUMP_BUTTON,OPEN_BUTTON,REF_TABLE_ID,REF_FIELD_NAME,SPECIAL_BUTTON) VALUES ('TBLID_BPROD','SELF_DEF_15','SELF_DEF_15','SELF_DEF_15','STRING',120,'N','Y','N','Y',203,-1,0,0,203,'N','N','N','STRING',120,'Y',0,'Y','Y','Y','NONE',NULL,NULL,NULL,NULL,'N','N',0,NULL,NULL,0);
INSERT INTO SM_FIELD_DEF (TABLE_ID,FIELD_NAME,JP_TITLE,US_TITLE,DB_TYPE,DB_LENGTH,IS_KEY,NOT_BLANK,IS_DUMMY,IS_SEARCH_ITEM,SORT_NO,TREE_LEVEL,SHEET_NO,PAGE_NO,PROPERTY_NO,IS_AUTO,IS_MANDATORY,SYSTEM_READONLY,FIELD_TYPE,FIELD_LENGTH,INPUT_ALPHABET,INPUT_MULTIBYTE,INPUT_NUMERIC,INPUT_SYMBOL,INPUT_UPPERCASE,RETRIEVAL_TABLE,FORMAT,DEFAULT_VALUE,MIN_VALUE,MAX_VALUE,CALENDAR_BUTTON,JUMP_BUTTON,OPEN_BUTTON,REF_TABLE_ID,REF_FIELD_NAME,SPECIAL_BUTTON) VALUES ('TBLID_BPROD','SELF_DEF_16','SELF_DEF_16','SELF_DEF_16','STRING',120,'N','Y','N','Y',204,-1,0,0,204,'N','N','N','STRING',120,'Y',0,'Y','Y','Y','NONE',NULL,NULL,NULL,NULL,'N','N',0,NULL,NULL,0);
INSERT INTO SM_FIELD_DEF (TABLE_ID,FIELD_NAME,JP_TITLE,US_TITLE,DB_TYPE,DB_LENGTH,IS_KEY,NOT_BLANK,IS_DUMMY,IS_SEARCH_ITEM,SORT_NO,TREE_LEVEL,SHEET_NO,PAGE_NO,PROPERTY_NO,IS_AUTO,IS_MANDATORY,SYSTEM_READONLY,FIELD_TYPE,FIELD_LENGTH,INPUT_ALPHABET,INPUT_MULTIBYTE,INPUT_NUMERIC,INPUT_SYMBOL,INPUT_UPPERCASE,RETRIEVAL_TABLE,FORMAT,DEFAULT_VALUE,MIN_VALUE,MAX_VALUE,CALENDAR_BUTTON,JUMP_BUTTON,OPEN_BUTTON,REF_TABLE_ID,REF_FIELD_NAME,SPECIAL_BUTTON) VALUES ('TBLID_BPROD','SELF_DEF_17','SELF_DEF_17','SELF_DEF_17','STRING',120,'N','Y','N','Y',205,-1,0,0,205,'N','N','N','STRING',120,'Y',0,'Y','Y','Y','NONE',NULL,NULL,NULL,NULL,'N','N',0,NULL,NULL,0);
INSERT INTO SM_FIELD_DEF (TABLE_ID,FIELD_NAME,JP_TITLE,US_TITLE,DB_TYPE,DB_LENGTH,IS_KEY,NOT_BLANK,IS_DUMMY,IS_SEARCH_ITEM,SORT_NO,TREE_LEVEL,SHEET_NO,PAGE_NO,PROPERTY_NO,IS_AUTO,IS_MANDATORY,SYSTEM_READONLY,FIELD_TYPE,FIELD_LENGTH,INPUT_ALPHABET,INPUT_MULTIBYTE,INPUT_NUMERIC,INPUT_SYMBOL,INPUT_UPPERCASE,RETRIEVAL_TABLE,FORMAT,DEFAULT_VALUE,MIN_VALUE,MAX_VALUE,CALENDAR_BUTTON,JUMP_BUTTON,OPEN_BUTTON,REF_TABLE_ID,REF_FIELD_NAME,SPECIAL_BUTTON) VALUES ('TBLID_BPROD','SELF_DEF_18','SELF_DEF_18','SELF_DEF_18','STRING',120,'N','Y','N','Y',206,-1,0,0,206,'N','N','N','STRING',120,'Y',0,'Y','Y','Y','NONE',NULL,NULL,NULL,NULL,'N','N',0,NULL,NULL,0);
INSERT INTO SM_FIELD_DEF (TABLE_ID,FIELD_NAME,JP_TITLE,US_TITLE,DB_TYPE,DB_LENGTH,IS_KEY,NOT_BLANK,IS_DUMMY,IS_SEARCH_ITEM,SORT_NO,TREE_LEVEL,SHEET_NO,PAGE_NO,PROPERTY_NO,IS_AUTO,IS_MANDATORY,SYSTEM_READONLY,FIELD_TYPE,FIELD_LENGTH,INPUT_ALPHABET,INPUT_MULTIBYTE,INPUT_NUMERIC,INPUT_SYMBOL,INPUT_UPPERCASE,RETRIEVAL_TABLE,FORMAT,DEFAULT_VALUE,MIN_VALUE,MAX_VALUE,CALENDAR_BUTTON,JUMP_BUTTON,OPEN_BUTTON,REF_TABLE_ID,REF_FIELD_NAME,SPECIAL_BUTTON) VALUES ('TBLID_BPROD','SELF_DEF_19','SELF_DEF_19','SELF_DEF_19','STRING',120,'N','Y','N','Y',207,-1,0,0,207,'N','N','N','STRING',120,'Y',0,'Y','Y','Y','NONE',NULL,NULL,NULL,NULL,'N','N',0,NULL,NULL,0);
INSERT INTO SM_FIELD_DEF (TABLE_ID,FIELD_NAME,JP_TITLE,US_TITLE,DB_TYPE,DB_LENGTH,IS_KEY,NOT_BLANK,IS_DUMMY,IS_SEARCH_ITEM,SORT_NO,TREE_LEVEL,SHEET_NO,PAGE_NO,PROPERTY_NO,IS_AUTO,IS_MANDATORY,SYSTEM_READONLY,FIELD_TYPE,FIELD_LENGTH,INPUT_ALPHABET,INPUT_MULTIBYTE,INPUT_NUMERIC,INPUT_SYMBOL,INPUT_UPPERCASE,RETRIEVAL_TABLE,FORMAT,DEFAULT_VALUE,MIN_VALUE,MAX_VALUE,CALENDAR_BUTTON,JUMP_BUTTON,OPEN_BUTTON,REF_TABLE_ID,REF_FIELD_NAME,SPECIAL_BUTTON) VALUES ('TBLID_BPROD','SELF_DEF_20','SELF_DEF_20','SELF_DEF_20','STRING',120,'N','Y','N','Y',208,-1,0,0,208,'N','N','N','STRING',120,'Y',0,'Y','Y','Y','NONE',NULL,NULL,NULL,NULL,'N','N',0,NULL,NULL,0);
INSERT INTO SM_FIELD_DEF (TABLE_ID,FIELD_NAME,JP_TITLE,US_TITLE,DB_TYPE,DB_LENGTH,IS_KEY,NOT_BLANK,IS_DUMMY,IS_SEARCH_ITEM,SORT_NO,TREE_LEVEL,SHEET_NO,PAGE_NO,PROPERTY_NO,IS_AUTO,IS_MANDATORY,SYSTEM_READONLY,FIELD_TYPE,FIELD_LENGTH,INPUT_ALPHABET,INPUT_MULTIBYTE,INPUT_NUMERIC,INPUT_SYMBOL,INPUT_UPPERCASE,RETRIEVAL_TABLE,FORMAT,DEFAULT_VALUE,MIN_VALUE,MAX_VALUE,CALENDAR_BUTTON,JUMP_BUTTON,OPEN_BUTTON,REF_TABLE_ID,REF_FIELD_NAME,SPECIAL_BUTTON) VALUES ('TBLID_BPROD','SELF_DEF_21','SELF_DEF_21','SELF_DEF_21','STRING',120,'N','Y','N','Y',209,-1,0,0,209,'N','N','N','STRING',120,'Y',0,'Y','Y','Y','NONE',NULL,NULL,NULL,NULL,'N','N',0,NULL,NULL,0);
INSERT INTO SM_FIELD_DEF (TABLE_ID,FIELD_NAME,JP_TITLE,US_TITLE,DB_TYPE,DB_LENGTH,IS_KEY,NOT_BLANK,IS_DUMMY,IS_SEARCH_ITEM,SORT_NO,TREE_LEVEL,SHEET_NO,PAGE_NO,PROPERTY_NO,IS_AUTO,IS_MANDATORY,SYSTEM_READONLY,FIELD_TYPE,FIELD_LENGTH,INPUT_ALPHABET,INPUT_MULTIBYTE,INPUT_NUMERIC,INPUT_SYMBOL,INPUT_UPPERCASE,RETRIEVAL_TABLE,FORMAT,DEFAULT_VALUE,MIN_VALUE,MAX_VALUE,CALENDAR_BUTTON,JUMP_BUTTON,OPEN_BUTTON,REF_TABLE_ID,REF_FIELD_NAME,SPECIAL_BUTTON) VALUES ('TBLID_BPROD','SELF_DEF_22','SELF_DEF_22','SELF_DEF_22','STRING',120,'N','Y','N','Y',210,-1,0,0,210,'N','N','N','STRING',120,'Y',0,'Y','Y','Y','NONE',NULL,NULL,NULL,NULL,'N','N',0,NULL,NULL,0);
INSERT INTO SM_FIELD_DEF (TABLE_ID,FIELD_NAME,JP_TITLE,US_TITLE,DB_TYPE,DB_LENGTH,IS_KEY,NOT_BLANK,IS_DUMMY,IS_SEARCH_ITEM,SORT_NO,TREE_LEVEL,SHEET_NO,PAGE_NO,PROPERTY_NO,IS_AUTO,IS_MANDATORY,SYSTEM_READONLY,FIELD_TYPE,FIELD_LENGTH,INPUT_ALPHABET,INPUT_MULTIBYTE,INPUT_NUMERIC,INPUT_SYMBOL,INPUT_UPPERCASE,RETRIEVAL_TABLE,FORMAT,DEFAULT_VALUE,MIN_VALUE,MAX_VALUE,CALENDAR_BUTTON,JUMP_BUTTON,OPEN_BUTTON,REF_TABLE_ID,REF_FIELD_NAME,SPECIAL_BUTTON) VALUES ('TBLID_BPROD','SELF_DEF_23','SELF_DEF_23','SELF_DEF_23','STRING',120,'N','Y','N','Y',211,-1,0,0,211,'N','N','N','STRING',120,'Y',0,'Y','Y','Y','NONE',NULL,NULL,NULL,NULL,'N','N',0,NULL,NULL,0);
INSERT INTO SM_FIELD_DEF (TABLE_ID,FIELD_NAME,JP_TITLE,US_TITLE,DB_TYPE,DB_LENGTH,IS_KEY,NOT_BLANK,IS_DUMMY,IS_SEARCH_ITEM,SORT_NO,TREE_LEVEL,SHEET_NO,PAGE_NO,PROPERTY_NO,IS_AUTO,IS_MANDATORY,SYSTEM_READONLY,FIELD_TYPE,FIELD_LENGTH,INPUT_ALPHABET,INPUT_MULTIBYTE,INPUT_NUMERIC,INPUT_SYMBOL,INPUT_UPPERCASE,RETRIEVAL_TABLE,FORMAT,DEFAULT_VALUE,MIN_VALUE,MAX_VALUE,CALENDAR_BUTTON,JUMP_BUTTON,OPEN_BUTTON,REF_TABLE_ID,REF_FIELD_NAME,SPECIAL_BUTTON) VALUES ('TBLID_BPROD','SELF_DEF_24','SELF_DEF_24','SELF_DEF_24','STRING',120,'N','Y','N','Y',212,-1,0,0,212,'N','N','N','STRING',120,'Y',0,'Y','Y','Y','NONE',NULL,NULL,NULL,NULL,'N','N',0,NULL,NULL,0);
INSERT INTO SM_FIELD_DEF (TABLE_ID,FIELD_NAME,JP_TITLE,US_TITLE,DB_TYPE,DB_LENGTH,IS_KEY,NOT_BLANK,IS_DUMMY,IS_SEARCH_ITEM,SORT_NO,TREE_LEVEL,SHEET_NO,PAGE_NO,PROPERTY_NO,IS_AUTO,IS_MANDATORY,SYSTEM_READONLY,FIELD_TYPE,FIELD_LENGTH,INPUT_ALPHABET,INPUT_MULTIBYTE,INPUT_NUMERIC,INPUT_SYMBOL,INPUT_UPPERCASE,RETRIEVAL_TABLE,FORMAT,DEFAULT_VALUE,MIN_VALUE,MAX_VALUE,CALENDAR_BUTTON,JUMP_BUTTON,OPEN_BUTTON,REF_TABLE_ID,REF_FIELD_NAME,SPECIAL_BUTTON) VALUES ('TBLID_BPROD','SELF_DEF_25','SELF_DEF_25','SELF_DEF_25','STRING',120,'N','Y','N','Y',213,-1,0,0,213,'N','N','N','STRING',120,'Y',0,'Y','Y','Y','NONE',NULL,NULL,NULL,NULL,'N','N',0,NULL,NULL,0);
INSERT INTO SM_FIELD_DEF (TABLE_ID,FIELD_NAME,JP_TITLE,US_TITLE,DB_TYPE,DB_LENGTH,IS_KEY,NOT_BLANK,IS_DUMMY,IS_SEARCH_ITEM,SORT_NO,TREE_LEVEL,SHEET_NO,PAGE_NO,PROPERTY_NO,IS_AUTO,IS_MANDATORY,SYSTEM_READONLY,FIELD_TYPE,FIELD_LENGTH,INPUT_ALPHABET,INPUT_MULTIBYTE,INPUT_NUMERIC,INPUT_SYMBOL,INPUT_UPPERCASE,RETRIEVAL_TABLE,FORMAT,DEFAULT_VALUE,MIN_VALUE,MAX_VALUE,CALENDAR_BUTTON,JUMP_BUTTON,OPEN_BUTTON,REF_TABLE_ID,REF_FIELD_NAME,SPECIAL_BUTTON) VALUES ('TBLID_BPROD','SELF_DEF_26','SELF_DEF_26','SELF_DEF_26','STRING',120,'N','Y','N','Y',214,-1,0,0,214,'N','N','N','STRING',120,'Y',0,'Y','Y','Y','NONE',NULL,NULL,NULL,NULL,'N','N',0,NULL,NULL,0);
INSERT INTO SM_FIELD_DEF (TABLE_ID,FIELD_NAME,JP_TITLE,US_TITLE,DB_TYPE,DB_LENGTH,IS_KEY,NOT_BLANK,IS_DUMMY,IS_SEARCH_ITEM,SORT_NO,TREE_LEVEL,SHEET_NO,PAGE_NO,PROPERTY_NO,IS_AUTO,IS_MANDATORY,SYSTEM_READONLY,FIELD_TYPE,FIELD_LENGTH,INPUT_ALPHABET,INPUT_MULTIBYTE,INPUT_NUMERIC,INPUT_SYMBOL,INPUT_UPPERCASE,RETRIEVAL_TABLE,FORMAT,DEFAULT_VALUE,MIN_VALUE,MAX_VALUE,CALENDAR_BUTTON,JUMP_BUTTON,OPEN_BUTTON,REF_TABLE_ID,REF_FIELD_NAME,SPECIAL_BUTTON) VALUES ('TBLID_BPROD','SELF_DEF_27','SELF_DEF_27','SELF_DEF_27','STRING',120,'N','Y','N','Y',215,-1,0,0,215,'N','N','N','STRING',120,'Y',0,'Y','Y','Y','NONE',NULL,NULL,NULL,NULL,'N','N',0,NULL,NULL,0);
INSERT INTO SM_FIELD_DEF (TABLE_ID,FIELD_NAME,JP_TITLE,US_TITLE,DB_TYPE,DB_LENGTH,IS_KEY,NOT_BLANK,IS_DUMMY,IS_SEARCH_ITEM,SORT_NO,TREE_LEVEL,SHEET_NO,PAGE_NO,PROPERTY_NO,IS_AUTO,IS_MANDATORY,SYSTEM_READONLY,FIELD_TYPE,FIELD_LENGTH,INPUT_ALPHABET,INPUT_MULTIBYTE,INPUT_NUMERIC,INPUT_SYMBOL,INPUT_UPPERCASE,RETRIEVAL_TABLE,FORMAT,DEFAULT_VALUE,MIN_VALUE,MAX_VALUE,CALENDAR_BUTTON,JUMP_BUTTON,OPEN_BUTTON,REF_TABLE_ID,REF_FIELD_NAME,SPECIAL_BUTTON) VALUES ('TBLID_BPROD','SELF_DEF_28','SELF_DEF_28','SELF_DEF_28','STRING',120,'N','Y','N','Y',216,-1,0,0,216,'N','N','N','STRING',120,'Y',0,'Y','Y','Y','NONE',NULL,NULL,NULL,NULL,'N','N',0,NULL,NULL,0);
INSERT INTO SM_FIELD_DEF (TABLE_ID,FIELD_NAME,JP_TITLE,US_TITLE,DB_TYPE,DB_LENGTH,IS_KEY,NOT_BLANK,IS_DUMMY,IS_SEARCH_ITEM,SORT_NO,TREE_LEVEL,SHEET_NO,PAGE_NO,PROPERTY_NO,IS_AUTO,IS_MANDATORY,SYSTEM_READONLY,FIELD_TYPE,FIELD_LENGTH,INPUT_ALPHABET,INPUT_MULTIBYTE,INPUT_NUMERIC,INPUT_SYMBOL,INPUT_UPPERCASE,RETRIEVAL_TABLE,FORMAT,DEFAULT_VALUE,MIN_VALUE,MAX_VALUE,CALENDAR_BUTTON,JUMP_BUTTON,OPEN_BUTTON,REF_TABLE_ID,REF_FIELD_NAME,SPECIAL_BUTTON) VALUES ('TBLID_BPROD','SELF_DEF_29','SELF_DEF_29','SELF_DEF_29','STRING',120,'N','Y','N','Y',217,-1,0,0,217,'N','N','N','STRING',120,'Y',0,'Y','Y','Y','NONE',NULL,NULL,NULL,NULL,'N','N',0,NULL,NULL,0);
INSERT INTO SM_FIELD_DEF (TABLE_ID,FIELD_NAME,JP_TITLE,US_TITLE,DB_TYPE,DB_LENGTH,IS_KEY,NOT_BLANK,IS_DUMMY,IS_SEARCH_ITEM,SORT_NO,TREE_LEVEL,SHEET_NO,PAGE_NO,PROPERTY_NO,IS_AUTO,IS_MANDATORY,SYSTEM_READONLY,FIELD_TYPE,FIELD_LENGTH,INPUT_ALPHABET,INPUT_MULTIBYTE,INPUT_NUMERIC,INPUT_SYMBOL,INPUT_UPPERCASE,RETRIEVAL_TABLE,FORMAT,DEFAULT_VALUE,MIN_VALUE,MAX_VALUE,CALENDAR_BUTTON,JUMP_BUTTON,OPEN_BUTTON,REF_TABLE_ID,REF_FIELD_NAME,SPECIAL_BUTTON) VALUES ('TBLID_BPROD','SELF_DEF_30','SELF_DEF_30','SELF_DEF_30','STRING',120,'N','Y','N','Y',218,-1,0,0,218,'N','N','N','STRING',120,'Y',0,'Y','Y','Y','NONE',NULL,NULL,NULL,NULL,'N','N',0,NULL,NULL,0);

INSERT INTO SM_CHECK_DEF (TABLE_ID,CHECK_TYPE,CHECK_ORDER,CHECK_KIND,FIELD_NAME,REF_TABLE,REF_FIELD,EXPECT_VALUE,ERR_MSG) VALUES
('TBLID_BPROD','SAVE',1,'STAT_E',NULL,NULL,NULL,NULL,NULL),
('TBLID_BPROD','SAVE',2,'STRING','lock_user',NULL,NULL,'',NULL),
('TBLID_BPROD','SAVE',3,'NULLCHK','lock_time',NULL,NULL,NULL,NULL),
('TBLID_BPROD','SAVE',4,'KEY','route_id','0','',NULL,NULL),
('TBLID_BPROD','SAVE',5,'KEY','route_ver','0','',NULL,NULL),
('TBLID_BPROD','SAVE',6,'KEY','route_id','0','',NULL,NULL),
('TBLID_BPROD','SAVE',7,'KEY','route_ver','0','',NULL,NULL),
('TBLID_BPROD','SAVE',8,'STAT_R',NULL,NULL,NULL,NULL,NULL),
('TBLID_BPROD','SAVE',9,'STRING','ep_mon_con_id',NULL,NULL,'',NULL),
('TBLID_BPROD','SAVE',10,'KEY','ep_mon_con_id','0','',NULL,NULL),
('TBLID_BPROD','SAVE',11,'KEY','ep_mon_con_id','0','',NULL,NULL),
('TBLID_BPROD','SAVE',12,'STAT_R',NULL,NULL,NULL,NULL,NULL),
('TBLID_BPROD','SAVE',13,'STRING','pw_smpl_caset_con_id',NULL,NULL,'',NULL),
('TBLID_BPROD','SAVE',14,'KEY','pw_smpl_caset_con_id','0','',NULL,NULL),
('TBLID_BPROD','SAVE',15,'KEY','pw_smpl_caset_con_id','0','',NULL,NULL),
('TBLID_BPROD','SAVE',16,'STAT_R',NULL,NULL,NULL,NULL,NULL),
('TBLID_BPROD','SAVE',17,'STRING','ep_smpl_caset_con_id',NULL,NULL,'',NULL),
('TBLID_BPROD','SAVE',18,'KEY','ep_smpl_caset_con_id','0','',NULL,NULL),
('TBLID_BPROD','SAVE',19,'KEY','ep_smpl_caset_con_id','0','',NULL,NULL),
('TBLID_BPROD','SAVE',20,'STAT_R',NULL,NULL,NULL,NULL,NULL),
('TBLID_BPROD','RELEASE',1,'STAT_E',NULL,NULL,NULL,NULL,NULL),
('TBLID_BPROD','RELEASE',2,'STRING','lock_user',NULL,NULL,'',NULL),
('TBLID_BPROD','RELEASE',3,'NULLCHK','lock_time',NULL,NULL,NULL,NULL),
('TBLID_BPROD','RELEASE',4,'KEY','route_id','0','',NULL,NULL),
('TBLID_BPROD','RELEASE',5,'KEY','route_ver','0','',NULL,NULL),
('TBLID_BPROD','RELEASE',6,'STAT_R',NULL,NULL,NULL,NULL,NULL),
('TBLID_BPROD','RELEASE',7,'STRING','ep_mon_con_id',NULL,NULL,'',NULL),
('TBLID_BPROD','RELEASE',8,'KEY','ep_mon_con_id','0','',NULL,NULL),
('TBLID_BPROD','RELEASE',9,'STAT_R',NULL,NULL,NULL,NULL,NULL),
('TBLID_BPROD','RELEASE',10,'STRING','pw_smpl_caset_con_id',NULL,NULL,'',NULL),
('TBLID_BPROD','RELEASE',11,'KEY','pw_smpl_caset_con_id','0','',NULL,NULL),
('TBLID_BPROD','RELEASE',12,'STAT_R',NULL,NULL,NULL,NULL,NULL),
('TBLID_BPROD','RELEASE',13,'STRING','ep_smpl_caset_con_id',NULL,NULL,'',NULL),
('TBLID_BPROD','RELEASE',14,'KEY','ep_smpl_caset_con_id','0','',NULL,NULL),
('TBLID_BPROD','RELEASE',15,'STAT_R',NULL,NULL,NULL,NULL,NULL),
('TBLID_BPROD','RELEASE',16,'RELEASE_PARAM','prod_id','D20',NULL,NULL,NULL),
('TBLID_BPROD','RELEASE',17,'RELEASE_WRITE','prod_id2','D0',NULL,NULL,NULL),
('TBLID_BPROD','RELEASE',18,'RELEASE_WRITE','prod_name','D0',NULL,NULL,NULL),
('TBLID_BPROD','RELEASE',19,'RELEASE_WRITE','prod_desc','D0',NULL,NULL,NULL),
('TBLID_BPROD','RELEASE',20,'RELEASE_WRITE','prod_cat','D0',NULL,NULL,NULL),
('TBLID_BPROD','RELEASE',21,'RELEASE_WRITE','route_id','D0',NULL,NULL,NULL),
('TBLID_BPROD','RELEASE',22,'RELEASE_WRITE','route_ver','D0',NULL,NULL,NULL),
('TBLID_BPROD','RELEASE',23,'RELEASE_WRITE','product_kind','D0',NULL,NULL,NULL),
('TBLID_BPROD','RELEASE',24,'RELEASE_WRITE','lasrmark_cat','D0',NULL,NULL,NULL),
('TBLID_BPROD','RELEASE',25,'RELEASE_WRITE','lasrmark_print_ptn1','D0',NULL,NULL,NULL),
('TBLID_BPROD','RELEASE',26,'RELEASE_WRITE','lasrmark_print_ptn2','D0',NULL,NULL,NULL),
('TBLID_BPROD','RELEASE',27,'RELEASE_WRITE','rfid_write_flg','D0',NULL,NULL,NULL),
('TBLID_BPROD','RELEASE',28,'RELEASE_WRITE','inbox_lm_check_flg','D0',NULL,NULL,NULL),
('TBLID_BPROD','RELEASE',29,'RELEASE_WRITE','pn_cat','D0',NULL,NULL,NULL),
('TBLID_BPROD','RELEASE',30,'RELEASE_WRITE','ship_car_code','D0',NULL,NULL,NULL),
('TBLID_BPROD','RELEASE',31,'RELEASE_WRITE','ship_box_full_num','D0',NULL,NULL,NULL),
('TBLID_BPROD','RELEASE',32,'RELEASE_WRITE','ship_box_num','D0',NULL,NULL,NULL),
('TBLID_BPROD','RELEASE',33,'RELEASE_WRITE','ship_box_ptn','D0',NULL,NULL,NULL),
('TBLID_BPROD','RELEASE',34,'RELEASE_WRITE','mix_box_cnt','D0',NULL,NULL,NULL),
('TBLID_BPROD','RELEASE',35,'RELEASE_WRITE','odd_box_ship_flg','D0',NULL,NULL,NULL),
('TBLID_BPROD','RELEASE',36,'RELEASE_WRITE','ship_label_print_id','D0',NULL,NULL,NULL),
('TBLID_BPROD','RELEASE',37,'RELEASE_WRITE','ship_label_print_num','D0',NULL,NULL,NULL),
('TBLID_BPROD','RELEASE',38,'RELEASE_WRITE','ep_mon_con_id','D0',NULL,NULL,NULL),
('TBLID_BPROD','RELEASE',39,'RELEASE_WRITE','cond_ep_mon_con_id','D0',NULL,NULL,NULL),
('TBLID_BPROD','RELEASE',40,'RELEASE_WRITE','pw_smpl_caset_con_id','D0',NULL,NULL,NULL),
('TBLID_BPROD','RELEASE',41,'RELEASE_WRITE','ep_smpl_caset_con_id','D0',NULL,NULL,NULL),
('TBLID_BPROD','RELEASE',42,'RELEASE_WRITE','an_smpl_caset_con_id','D0',NULL,NULL,NULL),
('TBLID_BPROD','RELEASE',43,'RELEASE_WRITE','wht_flg','D0',NULL,NULL,NULL),
('TBLID_BPROD','RELEASE',44,'RELEASE_WRITE','eg_flg','D0',NULL,NULL,NULL),
('TBLID_BPROD','RELEASE',45,'RELEASE_WRITE','cvd_flg','D0',NULL,NULL,NULL),
('TBLID_BPROD','RELEASE',46,'RELEASE_WRITE','slice_wire_pitch','D0',NULL,NULL,NULL),
('TBLID_BPROD','RELEASE',47,'RELEASE_WRITE','cir_wheel_std','D0',NULL,NULL,NULL),
('TBLID_BPROD','RELEASE',48,'RELEASE_WRITE','notch_wheel_std','D0',NULL,NULL,NULL),
('TBLID_BPROD','RELEASE',49,'RELEASE_WRITE','flt_grind_count','D0',NULL,NULL,NULL),
('TBLID_BPROD','RELEASE',50,'RELEASE_WRITE','fin_grind_count','D0',NULL,NULL,NULL),
('TBLID_BPROD','RELEASE',51,'RELEASE_WRITE','lm_face_specified_flg','D0',NULL,NULL,NULL),
('TBLID_BPROD','RELEASE',52,'RELEASE_WRITE','edging_remove','D0',NULL,NULL,NULL),
('TBLID_BPROD','RELEASE',53,'RELEASE_WRITE','polish_kind','D0',NULL,NULL,NULL),
('TBLID_BPROD','RELEASE',54,'RELEASE_WRITE','flatness_rank','D0',NULL,NULL,NULL),
('TBLID_BPROD','RELEASE',55,'RELEASE_WRITE','flt_polish_cross_life_std','D0',NULL,NULL,NULL),
('TBLID_BPROD','RELEASE',56,'RELEASE_WRITE','mirror_grind_gravity','D0',NULL,NULL,NULL),
('TBLID_BPROD','RELEASE',57,'RELEASE_WRITE','fin_polish_cross_life_std','D0',NULL,NULL,NULL),
('TBLID_BPROD','RELEASE',58,'RELEASE_WRITE','fosb_infopad_plug_pos','D0',NULL,NULL,NULL),
('TBLID_BPROD','RELEASE',59,'RELEASE_WRITE','senter_ritener_exist','D0',NULL,NULL,NULL),
('TBLID_BPROD','RELEASE',60,'RELEASE_WRITE','ship_label_pos1','D0',NULL,NULL,NULL),
('TBLID_BPROD','RELEASE',61,'RELEASE_WRITE','ship_label_pos2','D0',NULL,NULL,NULL),
('TBLID_BPROD','RELEASE',62,'RELEASE_WRITE','ship_label_pos3','D0',NULL,NULL,NULL),
('TBLID_BPROD','RELEASE',63,'RELEASE_WRITE','desiccant_exist','D0',NULL,NULL,NULL),
('TBLID_BPROD','RELEASE',64,'RELEASE_WRITE','desiccant_pos','D0',NULL,NULL,NULL),
('TBLID_BPROD','RELEASE',65,'RELEASE_WRITE','kem_pw_prod_code','D0',NULL,NULL,NULL),
('TBLID_BPROD','RELEASE',66,'RELEASE_WRITE','kem_ep_prod_code','D0',NULL,NULL,NULL),
('TBLID_BPROD','RELEASE',67,'RELEASE_WRITE','kem_ar_prod_code','D0',NULL,NULL,NULL),
('TBLID_BPROD','RELEASE',68,'RELEASE_WRITE','notch_top_degree','D0',NULL,NULL,NULL),
('TBLID_BPROD','RELEASE',69,'RELEASE_WRITE','notch_top_arcmin','D0',NULL,NULL,NULL),
('TBLID_BPROD','RELEASE',70,'RELEASE_WRITE','notch_top_arcsec','D0',NULL,NULL,NULL),
('TBLID_BPROD','RELEASE',71,'RELEASE_WRITE','notch_left_degree','D0',NULL,NULL,NULL),
('TBLID_BPROD','RELEASE',72,'RELEASE_WRITE','notch_left_arcmin','D0',NULL,NULL,NULL),
('TBLID_BPROD','RELEASE',73,'RELEASE_WRITE','notch_left_arcsec','D0',NULL,NULL,NULL),
('TBLID_BPROD','RELEASE',74,'RELEASE_WRITE','ship_label_print_exist','D0',NULL,NULL,NULL),
('TBLID_BPROD','RELEASE',75,'RELEASE_WRITE','reserve01','D0',NULL,NULL,NULL),
('TBLID_BPROD','RELEASE',76,'RELEASE_WRITE','reserve02','D0',NULL,NULL,NULL),
('TBLID_BPROD','RELEASE',77,'RELEASE_WRITE','reserve03','D0',NULL,NULL,NULL),
('TBLID_BPROD','RELEASE',78,'RELEASE_WRITE','reserve04','D0',NULL,NULL,NULL),
('TBLID_BPROD','RELEASE',79,'RELEASE_WRITE','reserve05','D0',NULL,NULL,NULL),
('TBLID_BPROD','RELEASE',80,'RELEASE_WRITE','reserve06','D0',NULL,NULL,NULL),
('TBLID_BPROD','RELEASE',81,'RELEASE_WRITE','reserve07','D0',NULL,NULL,NULL),
('TBLID_BPROD','RELEASE',82,'RELEASE_WRITE','reserve08','D0',NULL,NULL,NULL),
('TBLID_BPROD','RELEASE',83,'RELEASE_WRITE','reserve09','D0',NULL,NULL,NULL),
('TBLID_BPROD','RELEASE',84,'RELEASE_WRITE','reserve10','D0',NULL,NULL,NULL),
('TBLID_BPROD','RELEASE',85,'RELEASE_WRITE','reserve11','D0',NULL,NULL,NULL),
('TBLID_BPROD','RELEASE',86,'RELEASE_WRITE','reserve12','D0',NULL,NULL,NULL),
('TBLID_BPROD','RELEASE',87,'RELEASE_WRITE','reserve13','D0',NULL,NULL,NULL),
('TBLID_BPROD','RELEASE',88,'RELEASE_WRITE','reserve14','D0',NULL,NULL,NULL),
('TBLID_BPROD','RELEASE',89,'RELEASE_WRITE','reserve15','D0',NULL,NULL,NULL),
('TBLID_BPROD','RELEASE',90,'RELEASE_WRITE','reserve16','D0',NULL,NULL,NULL),
('TBLID_BPROD','RELEASE',91,'RELEASE_WRITE','reserve17','D0',NULL,NULL,NULL),
('TBLID_BPROD','RELEASE',92,'RELEASE_WRITE','reserve18','D0',NULL,NULL,NULL),
('TBLID_BPROD','RELEASE',93,'RELEASE_WRITE','reserve19','D0',NULL,NULL,NULL),
('TBLID_BPROD','RELEASE',94,'RELEASE_WRITE','reserve20','D0',NULL,NULL,NULL),
('TBLID_BPROD','RELEASE',95,'RELEASE_WRITE','reserve21','D0',NULL,NULL,NULL),
('TBLID_BPROD','RELEASE',96,'RELEASE_WRITE','reserve22','D0',NULL,NULL,NULL),
('TBLID_BPROD','RELEASE',97,'RELEASE_WRITE','reserve23','D0',NULL,NULL,NULL),
('TBLID_BPROD','RELEASE',98,'RELEASE_WRITE','reserve24','D0',NULL,NULL,NULL),
('TBLID_BPROD','RELEASE',99,'RELEASE_WRITE','reserve25','D0',NULL,NULL,NULL),
('TBLID_BPROD','RELEASE',100,'RELEASE_WRITE','reserve26','D0',NULL,NULL,NULL),
('TBLID_BPROD','RELEASE',101,'RELEASE_WRITE','reserve27','D0',NULL,NULL,NULL),
('TBLID_BPROD','RELEASE',102,'RELEASE_WRITE','reserve28','D0',NULL,NULL,NULL),
('TBLID_BPROD','RELEASE',103,'RELEASE_WRITE','reserve29','D0',NULL,NULL,NULL),
('TBLID_BPROD','RELEASE',104,'RELEASE_WRITE','reserve30','D0',NULL,NULL,NULL),
('TBLID_BPROD','RELEASE',105,'RELEASE_WRITE','reserve31','D0',NULL,NULL,NULL),
('TBLID_BPROD','RELEASE',106,'RELEASE_WRITE','reserve32','D0',NULL,NULL,NULL),
('TBLID_BPROD','RELEASE',107,'RELEASE_WRITE','reserve33','D0',NULL,NULL,NULL),
('TBLID_BPROD','RELEASE',108,'RELEASE_WRITE','reserve34','D0',NULL,NULL,NULL),
('TBLID_BPROD','RELEASE',109,'RELEASE_WRITE','reserve35','D0',NULL,NULL,NULL),
('TBLID_BPROD','RELEASE',110,'RELEASE_WRITE','reserve36','D0',NULL,NULL,NULL),
('TBLID_BPROD','RELEASE',111,'RELEASE_WRITE','reserve37','D0',NULL,NULL,NULL),
('TBLID_BPROD','RELEASE',112,'RELEASE_WRITE','reserve38','D0',NULL,NULL,NULL),
('TBLID_BPROD','RELEASE',113,'RELEASE_WRITE','reserve39','D0',NULL,NULL,NULL),
('TBLID_BPROD','RELEASE',114,'RELEASE_WRITE','reserve40','D0',NULL,NULL,NULL),
('TBLID_BPROD','RELEASE',115,'RELEASE_WRITE','reserve41','D0',NULL,NULL,NULL),
('TBLID_BPROD','RELEASE',116,'RELEASE_WRITE','reserve42','D0',NULL,NULL,NULL),
('TBLID_BPROD','RELEASE',117,'RELEASE_WRITE','reserve43','D0',NULL,NULL,NULL),
('TBLID_BPROD','RELEASE',118,'RELEASE_WRITE','reserve44','D0',NULL,NULL,NULL),
('TBLID_BPROD','RELEASE',119,'RELEASE_WRITE','reserve45','D0',NULL,NULL,NULL),
('TBLID_BPROD','RELEASE',120,'RELEASE_WRITE','reserve46','D0',NULL,NULL,NULL),
('TBLID_BPROD','RELEASE',121,'RELEASE_WRITE','reserve47','D0',NULL,NULL,NULL),
('TBLID_BPROD','RELEASE',122,'RELEASE_WRITE','reserve48','D0',NULL,NULL,NULL),
('TBLID_BPROD','RELEASE',123,'RELEASE_WRITE','reserve49','D0',NULL,NULL,NULL),
('TBLID_BPROD','RELEASE',124,'RELEASE_WRITE','reserve50','D0',NULL,NULL,NULL),
('TBLID_BPROD','RELEASE',125,'RELEASE_WRITE','plant_cat','D0',NULL,NULL,NULL),
('TBLID_BPROD','RELEASE',126,'RELEASE_WRITE','wrk_plate_type','D0',NULL,NULL,NULL),
('TBLID_BPROD','RELEASE',127,'RELEASE_WRITE','smpl_flg','D0',NULL,NULL,NULL),
('TBLID_BPROD','RELEASE',128,'RELEASE_WRITE','resist_per_cat','D0',NULL,NULL,NULL),
('TBLID_BPROD','RELEASE',129,'RELEASE_WRITE','dope_cat_cz','D0',NULL,NULL,NULL),
('TBLID_BPROD','RELEASE',130,'RELEASE_WRITE','dope_cat_ep','D0',NULL,NULL,NULL),
('TBLID_BPROD','RELEASE',131,'RELEASE_WRITE','axis_cat','D0',NULL,NULL,NULL),
('TBLID_BPROD','RELEASE',132,'RELEASE_WRITE','pw_std_resist_h','D0',NULL,NULL,NULL),
('TBLID_BPROD','RELEASE',133,'RELEASE_WRITE','pw_std_resist_l','D0',NULL,NULL,NULL),
('TBLID_BPROD','RELEASE',134,'RELEASE_WRITE','ep_std_thik_h','D0',NULL,NULL,NULL),
('TBLID_BPROD','RELEASE',135,'RELEASE_WRITE','ep_std_thik_l','D0',NULL,NULL,NULL),
('TBLID_BPROD','RELEASE',136,'RELEASE_WRITE','ep_std_resist_h','D0',NULL,NULL,NULL),
('TBLID_BPROD','RELEASE',137,'RELEASE_WRITE','ep_std_resist_l','D0',NULL,NULL,NULL),
('TBLID_BPROD','RELEASE',138,'RELEASE_WRITE','mix_cat','D0',NULL,NULL,NULL),
('TBLID_BPROD','RELEASE',139,'RELEASE_WRITE','ship_lot_id_num_cat','D0',NULL,NULL,NULL),
('TBLID_BPROD','RELEASE',140,'RELEASE_WRITE','ship_label_prod_no','D0',NULL,NULL,NULL),
('TBLID_BPROD','RELEASE',141,'RELEASE_WRITE','ship_label_part_no','D0',NULL,NULL,NULL),
('TBLID_BPROD','RELEASE',142,'RELEASE_WRITE','ship_label_ec_no','D0',NULL,NULL,NULL),
('TBLID_BPROD','RELEASE',143,'RELEASE_WRITE','ship_label_prod_id','D0',NULL,NULL,NULL),
('TBLID_BPROD','RELEASE',144,'RELEASE_WRITE','ship_label_customer','D0',NULL,NULL,NULL),
('TBLID_BPROD','RELEASE',145,'RELEASE_WRITE','std_diameter_c','D0',NULL,NULL,NULL),
('TBLID_BPROD','RELEASE',146,'RELEASE_WRITE','std_diameter_h','D0',NULL,NULL,NULL),
('TBLID_BPROD','RELEASE',147,'RELEASE_WRITE','std_diameter_l','D0',NULL,NULL,NULL),
('TBLID_BPROD','RELEASE',148,'RELEASE_WRITE','std_thik_c','D0',NULL,NULL,NULL),
('TBLID_BPROD','RELEASE',149,'RELEASE_WRITE','std_thik_h','D0',NULL,NULL,NULL),
('TBLID_BPROD','RELEASE',150,'RELEASE_WRITE','std_thik_l','D0',NULL,NULL,NULL),
('TBLID_BPROD','RELEASE',151,'RELEASE_WRITE','wafer_finish','D0',NULL,NULL,NULL),
('TBLID_BPROD','RELEASE',152,'RELEASE_WRITE','std_edge_pit','D0',NULL,NULL,NULL),
('TBLID_BPROD','RELEASE',153,'RELEASE_WRITE','std_life_time','D0',NULL,NULL,NULL),
('TBLID_BPROD','RELEASE',154,'RELEASE_WRITE','axis_cat_tolerance','D0',NULL,NULL,NULL),
('TBLID_BPROD','RELEASE',155,'RELEASE_WRITE','ship_label_remarks','D0',NULL,NULL,NULL),
('TBLID_BPROD','RELEASE',156,'RELEASE_WRITE','customer_prod_id','D0',NULL,NULL,NULL),
('TBLID_BPROD','RELEASE',157,'RELEASE_WRITE','ep_type','D0',NULL,NULL,NULL),
('TBLID_BPROD','RELEASE',158,'RELEASE_WRITE','epsub_type','D0',NULL,NULL,NULL),
('TBLID_BPROD','RELEASE',159,'RELEASE_WRITE','epsub_std_thik_h','D0',NULL,NULL,NULL),
('TBLID_BPROD','RELEASE',160,'RELEASE_WRITE','epsub_std_thik_l','D0',NULL,NULL,NULL),
('TBLID_BPROD','RELEASE',161,'RELEASE_WRITE','epsub_std_resist_h','D0',NULL,NULL,NULL),
('TBLID_BPROD','RELEASE',162,'RELEASE_WRITE','epsub_std_resist_l','D0',NULL,NULL,NULL),
('TBLID_BPROD','RELEASE',163,'RELEASE_WRITE','ship_label_method','D0',NULL,NULL,NULL),
('TBLID_BPROD','RELEASE',164,'RELEASE_WRITE','impurity_density','D0',NULL,NULL,NULL),
('TBLID_BPROD','RELEASE',165,'RELEASE_WRITE','spc_cat1','D0',NULL,NULL,NULL),
('TBLID_BPROD','RELEASE',166,'RELEASE_WRITE','spc_cat2','D0',NULL,NULL,NULL),
('TBLID_BPROD','RELEASE',167,'RELEASE_WRITE','spc_cat3','D0',NULL,NULL,NULL),
('TBLID_BPROD','RELEASE',168,'RELEASE_WRITE','spc_cat4','D0',NULL,NULL,NULL),
('TBLID_BPROD','RELEASE',169,'RELEASE_WRITE','spc_cat5','D0',NULL,NULL,NULL),
('TBLID_BPROD','RELEASE',170,'RELEASE_WRITE','spc_cat6','D0',NULL,NULL,NULL),
('TBLID_BPROD','RELEASE',171,'RELEASE_WRITE','spc_cat7','D0',NULL,NULL,NULL),
('TBLID_BPROD','RELEASE',172,'RELEASE_WRITE','spc_cat8','D0',NULL,NULL,NULL),
('TBLID_BPROD','RELEASE',173,'RELEASE_WRITE','spc_cat9','D0',NULL,NULL,NULL),
('TBLID_BPROD','RELEASE',174,'RELEASE_WRITE','spc_cat10','D0',NULL,NULL,NULL),
('TBLID_BPROD','RELEASE',175,'RELEASE_WRITE','customer_id','D0',NULL,NULL,NULL),
('TBLID_BPROD','RELEASE',176,'RELEASE_WRITE','customer_name','D0',NULL,NULL,NULL),
('TBLID_BPROD','RELEASE',177,'RELEASE_WRITE','customer_name_ver','D0',NULL,NULL,NULL),
('TBLID_BPROD','RELEASE',178,'RELEASE_WRITE','user_name','D0',NULL,NULL,NULL),
('TBLID_BPROD','RELEASE',179,'RELEASE_WRITE','std_diameter','D0',NULL,NULL,NULL),
('TBLID_BPROD','RELEASE',180,'RELEASE_WRITE','std_pull_method','D0',NULL,NULL,NULL),
('TBLID_BPROD','RELEASE',181,'RELEASE_WRITE','std_polish_type','D0',NULL,NULL,NULL),
('TBLID_BPROD','RELEASE',182,'RELEASE_WRITE','std_cry_dir','D0',NULL,NULL,NULL),
('TBLID_BPROD','RELEASE',183,'RELEASE_WRITE','std_dopant','D0',NULL,NULL,NULL),
('TBLID_BPROD','RELEASE',184,'RELEASE_WRITE','std_back_shield','D0',NULL,NULL,NULL),
('TBLID_BPROD','RELEASE',185,'RELEASE_WRITE','std_no_edgecut','D0',NULL,NULL,NULL),
('TBLID_BPROD','RELEASE',186,'RELEASE_WRITE','std_thickness','D0',NULL,NULL,NULL),
('TBLID_BPROD','RELEASE',187,'RELEASE_WRITE','std_resistivity','D0',NULL,NULL,NULL),
('TBLID_BPROD','RELEASE',188,'RELEASE_WRITE','supplier','D0',NULL,NULL,NULL),
('TBLID_BPROD','RELEASE',189,'RELEASE_WRITE','product_maker','D0',NULL,NULL,NULL),
('TBLID_BPROD','RELEASE',190,'RELEASE_WRITE','product_adress','D0',NULL,NULL,NULL),
('TBLID_BPROD','RELEASE',191,'RELEASE_WRITE','rohs_flg','D0',NULL,NULL,NULL),
('TBLID_BPROD','RELEASE',192,'RELEASE_WRITE','customer_std','D0',NULL,NULL,NULL),
('TBLID_BPROD','RELEASE',193,'RELEASE_WRITE','oxy_include','D0',NULL,NULL,NULL),
('TBLID_BPROD','RELEASE',194,'RELEASE_WRITE','plant_code','D0',NULL,NULL,NULL),
('TBLID_BPROD','RELEASE',195,'RELEASE_WRITE','message','D0',NULL,NULL,NULL),
('TBLID_BPROD','RELEASE',196,'RELEASE_WRITE','ass_term','D0',NULL,NULL,NULL),
('TBLID_BPROD','RELEASE',197,'RELEASE_WRITE','particle','D0',NULL,NULL,NULL),
('TBLID_BPROD','RELEASE',198,'RELEASE_WRITE','bow','D0',NULL,NULL,NULL),
('TBLID_BPROD','RELEASE',199,'RELEASE_WRITE','warp','D0',NULL,NULL,NULL),
('TBLID_BPROD','RELEASE',200,'RELEASE_WRITE','ttv','D0',NULL,NULL,NULL),
('TBLID_BPROD','RELEASE',201,'RELEASE_WRITE','supplier_spec','D0',NULL,NULL,NULL),
('TBLID_BPROD','RELEASE',202,'RELEASE_WRITE','supplier_part','D0',NULL,NULL,NULL),
('TBLID_BPROD','RELEASE',203,'RELEASE_WRITE','customer_name_en','D0',NULL,NULL,NULL),
('TBLID_BPROD','RELEASE',204,'RELEASE_WRITE','material_id','D0',NULL,NULL,NULL),
('TBLID_BPROD','RELEASE',205,'RELEASE_WRITE','self_def_01','D0',NULL,NULL,NULL),
('TBLID_BPROD','RELEASE',206,'RELEASE_WRITE','self_def_02','D0',NULL,NULL,NULL),
('TBLID_BPROD','RELEASE',207,'RELEASE_WRITE','self_def_03','D0',NULL,NULL,NULL),
('TBLID_BPROD','RELEASE',208,'RELEASE_WRITE','self_def_04','D0',NULL,NULL,NULL),
('TBLID_BPROD','RELEASE',209,'RELEASE_WRITE','self_def_05','D0',NULL,NULL,NULL),
('TBLID_BPROD','RELEASE',210,'RELEASE_WRITE','self_def_06','D0',NULL,NULL,NULL),
('TBLID_BPROD','RELEASE',211,'RELEASE_WRITE','self_def_07','D0',NULL,NULL,NULL),
('TBLID_BPROD','RELEASE',212,'RELEASE_WRITE','self_def_08','D0',NULL,NULL,NULL),
('TBLID_BPROD','RELEASE',213,'RELEASE_WRITE','self_def_09','D0',NULL,NULL,NULL),
('TBLID_BPROD','RELEASE',214,'RELEASE_WRITE','self_def_10','D0',NULL,NULL,NULL),
('TBLID_BPROD','RELEASE',215,'RELEASE_WRITE','self_def_11','D0',NULL,NULL,NULL),
('TBLID_BPROD','RELEASE',216,'RELEASE_WRITE','self_def_12','D0',NULL,NULL,NULL),
('TBLID_BPROD','RELEASE',217,'RELEASE_WRITE','self_def_13','D0',NULL,NULL,NULL),
('TBLID_BPROD','RELEASE',218,'RELEASE_WRITE','self_def_14','D0',NULL,NULL,NULL),
('TBLID_BPROD','RELEASE',219,'RELEASE_WRITE','self_def_15','D0',NULL,NULL,NULL),
('TBLID_BPROD','RELEASE',220,'RELEASE_WRITE','self_def_16','D0',NULL,NULL,NULL),
('TBLID_BPROD','RELEASE',221,'RELEASE_WRITE','self_def_17','D0',NULL,NULL,NULL),
('TBLID_BPROD','RELEASE',222,'RELEASE_WRITE','self_def_18','D0',NULL,NULL,NULL),
('TBLID_BPROD','RELEASE',223,'RELEASE_WRITE','self_def_19','D0',NULL,NULL,NULL),
('TBLID_BPROD','RELEASE',224,'RELEASE_WRITE','self_def_20','D0',NULL,NULL,NULL),
('TBLID_BPROD','RELEASE',225,'RELEASE_WRITE','self_def_21','D0',NULL,NULL,NULL),
('TBLID_BPROD','RELEASE',226,'RELEASE_WRITE','self_def_22','D0',NULL,NULL,NULL),
('TBLID_BPROD','RELEASE',227,'RELEASE_WRITE','self_def_23','D0',NULL,NULL,NULL),
('TBLID_BPROD','RELEASE',228,'RELEASE_WRITE','self_def_24','D0',NULL,NULL,NULL),
('TBLID_BPROD','RELEASE',229,'RELEASE_WRITE','self_def_25','D0',NULL,NULL,NULL),
('TBLID_BPROD','RELEASE',230,'RELEASE_WRITE','self_def_26','D0',NULL,NULL,NULL),
('TBLID_BPROD','RELEASE',231,'RELEASE_WRITE','self_def_27','D0',NULL,NULL,NULL),
('TBLID_BPROD','RELEASE',232,'RELEASE_WRITE','self_def_28','D0',NULL,NULL,NULL),
('TBLID_BPROD','RELEASE',233,'RELEASE_WRITE','self_def_29','D0',NULL,NULL,NULL),
('TBLID_BPROD','RELEASE',234,'RELEASE_WRITE','self_def_30','D0',NULL,NULL,NULL),
('TBLID_BPROD','RELEASE',235,'RELEASE_WRITE','last_date1','D0',NULL,NULL,NULL),
('TBLID_BPROD','DELETE',1,'STAT_R',NULL,NULL,NULL,NULL,NULL),
('TBLID_BPROD','DELETE',2,'STRING','lock_user',NULL,NULL,'',NULL),
('TBLID_BPROD','DELETE',3,'NULLCHK','lock_time',NULL,NULL,NULL,NULL),
('TBLID_BPROD','DELETE',4,'KEY','prod_id','0','',NULL,NULL),
('TBLID_BPROD','DELETE',5,'STAT_R',NULL,NULL,NULL,NULL,NULL),
('TBLID_BPROD','DELETE',6,'KEY','prod_id','0','',NULL,NULL),
('TBLID_BPROD','DELETE',7,'STAT_R',NULL,NULL,NULL,NULL,NULL),
('TBLID_BPROD','DELETE',8,'KEY','prod_id','0','',NULL,NULL),
('TBLID_BPROD','DELETE',9,'STAT_R',NULL,NULL,NULL,NULL,NULL),
('TBLID_BPROD','DELETE',10,'KEY','prod_id','0','',NULL,NULL),
('TBLID_BPROD','DELETE',11,'STAT_R',NULL,NULL,NULL,NULL,NULL),
('TBLID_BPROD','DELETE',12,'KEY','prod_id','0','',NULL,NULL),
('TBLID_BPROD','DELETE',13,'STAT_R',NULL,NULL,NULL,NULL,NULL),
('TBLID_BPROD','EDITCOMP',1,'NOTNULL',NULL,NULL,NULL,NULL,'主键未指定'),
('TBLID_BPROD','EDITCOMP',2,'STAT_E',NULL,NULL,NULL,NULL,'记录不是编辑态'),
('TBLID_BPROD','EDITCOMP',3,'LOCK_FREE',NULL,NULL,NULL,NULL,'记录已被锁定'),
('TBLID_BPROD','EDITCOMP',4,'COMP_N',NULL,NULL,NULL,NULL,'记录已编辑完成'),

-- BROUTE
INSERT INTO SM_TABLE_DEF (TABLE_ID,TABLE_NAME,JP_TITLE,US_TITLE,RELEASE_FLAG,DISTRIBUTE_FLAG,PERMISSION_TYPE,SCHEMA_TYPE,HAS_DUMMY,SORT_NO)
VALUES ('TBLID_BROUTE','BROUTE','BROUTE','BROUTE','Y','N','C','L','N',210);
INSERT INTO SM_FIELD_DEF (TABLE_ID,FIELD_NAME,JP_TITLE,US_TITLE,DB_TYPE,DB_LENGTH,IS_KEY,NOT_BLANK,IS_DUMMY,IS_SEARCH_ITEM,SORT_NO,TREE_LEVEL,SHEET_NO,PAGE_NO,PROPERTY_NO,IS_AUTO,IS_MANDATORY,SYSTEM_READONLY,FIELD_TYPE,FIELD_LENGTH,INPUT_ALPHABET,INPUT_MULTIBYTE,INPUT_NUMERIC,INPUT_SYMBOL,INPUT_UPPERCASE,RETRIEVAL_TABLE,FORMAT,DEFAULT_VALUE,MIN_VALUE,MAX_VALUE,CALENDAR_BUTTON,JUMP_BUTTON,OPEN_BUTTON,REF_TABLE_ID,REF_FIELD_NAME,SPECIAL_BUTTON) VALUES ('TBLID_BROUTE','ROUTE_ID','ROUTE_ID','ROUTE_ID','STRING',12,'Y','Y','N','Y',0,0,0,0,0,'N','N','N','STRING',12,'Y',0,'Y','Y','Y','NONE',NULL,NULL,NULL,NULL,'N','N',0,NULL,NULL,0);
INSERT INTO SM_FIELD_DEF (TABLE_ID,FIELD_NAME,JP_TITLE,US_TITLE,DB_TYPE,DB_LENGTH,IS_KEY,NOT_BLANK,IS_DUMMY,IS_SEARCH_ITEM,SORT_NO,TREE_LEVEL,SHEET_NO,PAGE_NO,PROPERTY_NO,IS_AUTO,IS_MANDATORY,SYSTEM_READONLY,FIELD_TYPE,FIELD_LENGTH,INPUT_ALPHABET,INPUT_MULTIBYTE,INPUT_NUMERIC,INPUT_SYMBOL,INPUT_UPPERCASE,RETRIEVAL_TABLE,FORMAT,DEFAULT_VALUE,MIN_VALUE,MAX_VALUE,CALENDAR_BUTTON,JUMP_BUTTON,OPEN_BUTTON,REF_TABLE_ID,REF_FIELD_NAME,SPECIAL_BUTTON) VALUES ('TBLID_BROUTE','ROUTE_VER','ROUTE_VER','ROUTE_VER','STRING',3,'N','Y','N','Y',1,-1,0,0,1,'N','N','N','STRING',3,'Y',0,'Y','Y','Y','NONE',NULL,NULL,NULL,NULL,'N','N',0,NULL,NULL,0);
INSERT INTO SM_FIELD_DEF (TABLE_ID,FIELD_NAME,JP_TITLE,US_TITLE,DB_TYPE,DB_LENGTH,IS_KEY,NOT_BLANK,IS_DUMMY,IS_SEARCH_ITEM,SORT_NO,TREE_LEVEL,SHEET_NO,PAGE_NO,PROPERTY_NO,IS_AUTO,IS_MANDATORY,SYSTEM_READONLY,FIELD_TYPE,FIELD_LENGTH,INPUT_ALPHABET,INPUT_MULTIBYTE,INPUT_NUMERIC,INPUT_SYMBOL,INPUT_UPPERCASE,RETRIEVAL_TABLE,FORMAT,DEFAULT_VALUE,MIN_VALUE,MAX_VALUE,CALENDAR_BUTTON,JUMP_BUTTON,OPEN_BUTTON,REF_TABLE_ID,REF_FIELD_NAME,SPECIAL_BUTTON) VALUES ('TBLID_BROUTE','SUB_RWK_CAT','SUB_RWK_CAT','SUB_RWK_CAT','STRING',1,'N','Y','N','Y',2,-1,0,0,2,'N','N','N','STRING',1,'Y',0,'Y','Y','Y','NONE',NULL,NULL,NULL,NULL,'N','N',0,NULL,NULL,0);
INSERT INTO SM_FIELD_DEF (TABLE_ID,FIELD_NAME,JP_TITLE,US_TITLE,DB_TYPE,DB_LENGTH,IS_KEY,NOT_BLANK,IS_DUMMY,IS_SEARCH_ITEM,SORT_NO,TREE_LEVEL,SHEET_NO,PAGE_NO,PROPERTY_NO,IS_AUTO,IS_MANDATORY,SYSTEM_READONLY,FIELD_TYPE,FIELD_LENGTH,INPUT_ALPHABET,INPUT_MULTIBYTE,INPUT_NUMERIC,INPUT_SYMBOL,INPUT_UPPERCASE,RETRIEVAL_TABLE,FORMAT,DEFAULT_VALUE,MIN_VALUE,MAX_VALUE,CALENDAR_BUTTON,JUMP_BUTTON,OPEN_BUTTON,REF_TABLE_ID,REF_FIELD_NAME,SPECIAL_BUTTON) VALUES ('TBLID_BROUTE','ROUTE_CAT','ROUTE_CAT','ROUTE_CAT','STRING',10,'N','Y','N','Y',3,-1,0,0,3,'N','N','N','STRING',10,'Y',0,'Y','Y','Y','NONE',NULL,NULL,NULL,NULL,'N','N',0,NULL,NULL,0);
INSERT INTO SM_FIELD_DEF (TABLE_ID,FIELD_NAME,JP_TITLE,US_TITLE,DB_TYPE,DB_LENGTH,IS_KEY,NOT_BLANK,IS_DUMMY,IS_SEARCH_ITEM,SORT_NO,TREE_LEVEL,SHEET_NO,PAGE_NO,PROPERTY_NO,IS_AUTO,IS_MANDATORY,SYSTEM_READONLY,FIELD_TYPE,FIELD_LENGTH,INPUT_ALPHABET,INPUT_MULTIBYTE,INPUT_NUMERIC,INPUT_SYMBOL,INPUT_UPPERCASE,RETRIEVAL_TABLE,FORMAT,DEFAULT_VALUE,MIN_VALUE,MAX_VALUE,CALENDAR_BUTTON,JUMP_BUTTON,OPEN_BUTTON,REF_TABLE_ID,REF_FIELD_NAME,SPECIAL_BUTTON) VALUES ('TBLID_BROUTE','ROUTE_NAME','ROUTE_NAME','ROUTE_NAME','STRING',40,'N','Y','N','Y',4,-1,0,0,4,'N','N','N','STRING',40,'Y',0,'Y','Y','Y','NONE',NULL,NULL,NULL,NULL,'N','N',0,NULL,NULL,0);
INSERT INTO SM_FIELD_DEF (TABLE_ID,FIELD_NAME,JP_TITLE,US_TITLE,DB_TYPE,DB_LENGTH,IS_KEY,NOT_BLANK,IS_DUMMY,IS_SEARCH_ITEM,SORT_NO,TREE_LEVEL,SHEET_NO,PAGE_NO,PROPERTY_NO,IS_AUTO,IS_MANDATORY,SYSTEM_READONLY,FIELD_TYPE,FIELD_LENGTH,INPUT_ALPHABET,INPUT_MULTIBYTE,INPUT_NUMERIC,INPUT_SYMBOL,INPUT_UPPERCASE,RETRIEVAL_TABLE,FORMAT,DEFAULT_VALUE,MIN_VALUE,MAX_VALUE,CALENDAR_BUTTON,JUMP_BUTTON,OPEN_BUTTON,REF_TABLE_ID,REF_FIELD_NAME,SPECIAL_BUTTON) VALUES ('TBLID_BROUTE','ROUTE_DESC','ROUTE_DESC','ROUTE_DESC','STRING',80,'N','Y','N','Y',5,-1,0,0,5,'N','N','N','STRING',80,'Y',0,'Y','Y','Y','NONE',NULL,NULL,NULL,NULL,'N','N',0,NULL,NULL,0);

INSERT INTO SM_CHECK_DEF (TABLE_ID,CHECK_TYPE,CHECK_ORDER,CHECK_KIND,FIELD_NAME,REF_TABLE,REF_FIELD,EXPECT_VALUE,ERR_MSG) VALUES
('TBLID_BROUTE','SAVE',1,'STAT_E',NULL,NULL,NULL,NULL,NULL),
('TBLID_BROUTE','SAVE',2,'STRING','lock_user',NULL,NULL,'',NULL),
('TBLID_BROUTE','SAVE',3,'NULLCHK','lock_time',NULL,NULL,NULL,NULL),
('TBLID_BROUTE','RELEASE',1,'STAT_E',NULL,NULL,NULL,NULL,NULL),
('TBLID_BROUTE','RELEASE',2,'STRING','lock_user',NULL,NULL,'',NULL),
('TBLID_BROUTE','RELEASE',3,'NULLCHK','lock_time',NULL,NULL,NULL,NULL),
('TBLID_BROUTE','RELEASE',4,'RELEASE_PARAM','route_id','D12',NULL,NULL,NULL),
('TBLID_BROUTE','RELEASE',5,'RELEASE_PARAM','route_ver','D3',NULL,NULL,NULL),
('TBLID_BROUTE','RELEASE',6,'RELEASE_WRITE','sub_rwk_cat','D0',NULL,NULL,NULL),
('TBLID_BROUTE','RELEASE',7,'RELEASE_WRITE','route_cat','D0',NULL,NULL,NULL),
('TBLID_BROUTE','RELEASE',8,'RELEASE_WRITE','route_name','D0',NULL,NULL,NULL),
('TBLID_BROUTE','RELEASE',9,'RELEASE_WRITE','route_desc','D0',NULL,NULL,NULL),
('TBLID_BROUTE','DELETE',1,'STAT_R',NULL,NULL,NULL,NULL,NULL),
('TBLID_BROUTE','DELETE',2,'STRING','lock_user',NULL,NULL,'',NULL),
('TBLID_BROUTE','DELETE',3,'NULLCHK','lock_time',NULL,NULL,NULL,NULL),
('TBLID_BROUTE','DELETE',4,'KEY','route_id','0','',NULL,NULL),
('TBLID_BROUTE','DELETE',5,'KEY','route_ver','0','',NULL,NULL),
('TBLID_BROUTE','DELETE',6,'STAT_R',NULL,NULL,NULL,NULL,NULL),
('TBLID_BROUTE','DELETE',7,'KEY','route_id','0','',NULL,NULL),
('TBLID_BROUTE','DELETE',8,'KEY','route_ver','0','',NULL,NULL),
('TBLID_BROUTE','DELETE',9,'STAT_R',NULL,NULL,NULL,NULL,NULL),
('TBLID_BROUTE','DELETE',10,'KEY','route_id','0','',NULL,NULL),
('TBLID_BROUTE','DELETE',11,'KEY','route_ver','0','',NULL,NULL),
('TBLID_BROUTE','DELETE',12,'STAT_R',NULL,NULL,NULL,NULL,NULL),
('TBLID_BROUTE','DELETE',13,'KEY','route_id','0','',NULL,NULL),
('TBLID_BROUTE','DELETE',14,'KEY','route_ver','0','',NULL,NULL),
('TBLID_BROUTE','DELETE',15,'STAT_R',NULL,NULL,NULL,NULL,NULL),
('TBLID_BROUTE','DELETE',16,'KEY','route_id','0','',NULL,NULL),
('TBLID_BROUTE','DELETE',17,'KEY','route_ver','0','',NULL,NULL),
('TBLID_BROUTE','DELETE',18,'STAT_R',NULL,NULL,NULL,NULL,NULL),
('TBLID_BROUTE','DELETE',19,'KEY','route_id','0','',NULL,NULL),
('TBLID_BROUTE','DELETE',20,'KEY','route_ver','0','',NULL,NULL),
('TBLID_BROUTE','DELETE',21,'STAT_R',NULL,NULL,NULL,NULL,NULL),
('TBLID_BROUTE','DELETE',22,'KEY','route_id','0','',NULL,NULL),
('TBLID_BROUTE','DELETE',23,'KEY','route_ver','0','',NULL,NULL),
('TBLID_BROUTE','DELETE',24,'STAT_R',NULL,NULL,NULL,NULL,NULL),
('TBLID_BROUTE','DELETE',25,'KEY','route_id','0','',NULL,NULL),
('TBLID_BROUTE','DELETE',26,'KEY','route_ver','0','',NULL,NULL),
('TBLID_BROUTE','DELETE',27,'STAT_R',NULL,NULL,NULL,NULL,NULL),
('TBLID_BROUTE','EDITCOMP',1,'NOTNULL',NULL,NULL,NULL,NULL,'主键未指定'),
('TBLID_BROUTE','EDITCOMP',2,'STAT_E',NULL,NULL,NULL,NULL,'记录不是编辑态'),
('TBLID_BROUTE','EDITCOMP',3,'LOCK_FREE',NULL,NULL,NULL,NULL,'记录已被锁定'),
('TBLID_BROUTE','EDITCOMP',4,'COMP_N',NULL,NULL,NULL,NULL,'记录已编辑完成'),

-- BOPE
INSERT INTO SM_TABLE_DEF (TABLE_ID,TABLE_NAME,JP_TITLE,US_TITLE,RELEASE_FLAG,DISTRIBUTE_FLAG,PERMISSION_TYPE,SCHEMA_TYPE,HAS_DUMMY,SORT_NO)
VALUES ('TBLID_BOPE','BOPE','BOPE','BOPE','Y','N','C','L','N',220);
INSERT INTO SM_FIELD_DEF (TABLE_ID,FIELD_NAME,JP_TITLE,US_TITLE,DB_TYPE,DB_LENGTH,IS_KEY,NOT_BLANK,IS_DUMMY,IS_SEARCH_ITEM,SORT_NO,TREE_LEVEL,SHEET_NO,PAGE_NO,PROPERTY_NO,IS_AUTO,IS_MANDATORY,SYSTEM_READONLY,FIELD_TYPE,FIELD_LENGTH,INPUT_ALPHABET,INPUT_MULTIBYTE,INPUT_NUMERIC,INPUT_SYMBOL,INPUT_UPPERCASE,RETRIEVAL_TABLE,FORMAT,DEFAULT_VALUE,MIN_VALUE,MAX_VALUE,CALENDAR_BUTTON,JUMP_BUTTON,OPEN_BUTTON,REF_TABLE_ID,REF_FIELD_NAME,SPECIAL_BUTTON) VALUES ('TBLID_BOPE','OPE_ID','OPE_ID','OPE_ID','STRING',8,'Y','Y','N','Y',0,0,0,0,0,'N','N','N','STRING',8,'Y',0,'Y','Y','Y','NONE',NULL,NULL,NULL,NULL,'N','N',0,NULL,NULL,0);
INSERT INTO SM_FIELD_DEF (TABLE_ID,FIELD_NAME,JP_TITLE,US_TITLE,DB_TYPE,DB_LENGTH,IS_KEY,NOT_BLANK,IS_DUMMY,IS_SEARCH_ITEM,SORT_NO,TREE_LEVEL,SHEET_NO,PAGE_NO,PROPERTY_NO,IS_AUTO,IS_MANDATORY,SYSTEM_READONLY,FIELD_TYPE,FIELD_LENGTH,INPUT_ALPHABET,INPUT_MULTIBYTE,INPUT_NUMERIC,INPUT_SYMBOL,INPUT_UPPERCASE,RETRIEVAL_TABLE,FORMAT,DEFAULT_VALUE,MIN_VALUE,MAX_VALUE,CALENDAR_BUTTON,JUMP_BUTTON,OPEN_BUTTON,REF_TABLE_ID,REF_FIELD_NAME,SPECIAL_BUTTON) VALUES ('TBLID_BOPE','OPE_NAME','OPE_NAME','OPE_NAME','STRING',40,'N','Y','N','Y',1,-1,0,0,1,'N','N','N','STRING',40,'Y',0,'Y','Y','Y','NONE',NULL,NULL,NULL,NULL,'N','N',0,NULL,NULL,0);
INSERT INTO SM_FIELD_DEF (TABLE_ID,FIELD_NAME,JP_TITLE,US_TITLE,DB_TYPE,DB_LENGTH,IS_KEY,NOT_BLANK,IS_DUMMY,IS_SEARCH_ITEM,SORT_NO,TREE_LEVEL,SHEET_NO,PAGE_NO,PROPERTY_NO,IS_AUTO,IS_MANDATORY,SYSTEM_READONLY,FIELD_TYPE,FIELD_LENGTH,INPUT_ALPHABET,INPUT_MULTIBYTE,INPUT_NUMERIC,INPUT_SYMBOL,INPUT_UPPERCASE,RETRIEVAL_TABLE,FORMAT,DEFAULT_VALUE,MIN_VALUE,MAX_VALUE,CALENDAR_BUTTON,JUMP_BUTTON,OPEN_BUTTON,REF_TABLE_ID,REF_FIELD_NAME,SPECIAL_BUTTON) VALUES ('TBLID_BOPE','OPE_DESC','OPE_DESC','OPE_DESC','STRING',80,'N','Y','N','Y',2,-1,0,0,2,'N','N','N','STRING',80,'Y',0,'Y','Y','Y','NONE',NULL,NULL,NULL,NULL,'N','N',0,NULL,NULL,0);
INSERT INTO SM_FIELD_DEF (TABLE_ID,FIELD_NAME,JP_TITLE,US_TITLE,DB_TYPE,DB_LENGTH,IS_KEY,NOT_BLANK,IS_DUMMY,IS_SEARCH_ITEM,SORT_NO,TREE_LEVEL,SHEET_NO,PAGE_NO,PROPERTY_NO,IS_AUTO,IS_MANDATORY,SYSTEM_READONLY,FIELD_TYPE,FIELD_LENGTH,INPUT_ALPHABET,INPUT_MULTIBYTE,INPUT_NUMERIC,INPUT_SYMBOL,INPUT_UPPERCASE,RETRIEVAL_TABLE,FORMAT,DEFAULT_VALUE,MIN_VALUE,MAX_VALUE,CALENDAR_BUTTON,JUMP_BUTTON,OPEN_BUTTON,REF_TABLE_ID,REF_FIELD_NAME,SPECIAL_BUTTON) VALUES ('TBLID_BOPE','OPE_PROPERTY','OPE_PROPERTY','OPE_PROPERTY','STRING',10,'N','Y','N','Y',3,-1,0,0,3,'N','N','N','STRING',10,'Y',0,'Y','Y','Y','NONE',NULL,NULL,NULL,NULL,'N','N',0,NULL,NULL,0);
INSERT INTO SM_FIELD_DEF (TABLE_ID,FIELD_NAME,JP_TITLE,US_TITLE,DB_TYPE,DB_LENGTH,IS_KEY,NOT_BLANK,IS_DUMMY,IS_SEARCH_ITEM,SORT_NO,TREE_LEVEL,SHEET_NO,PAGE_NO,PROPERTY_NO,IS_AUTO,IS_MANDATORY,SYSTEM_READONLY,FIELD_TYPE,FIELD_LENGTH,INPUT_ALPHABET,INPUT_MULTIBYTE,INPUT_NUMERIC,INPUT_SYMBOL,INPUT_UPPERCASE,RETRIEVAL_TABLE,FORMAT,DEFAULT_VALUE,MIN_VALUE,MAX_VALUE,CALENDAR_BUTTON,JUMP_BUTTON,OPEN_BUTTON,REF_TABLE_ID,REF_FIELD_NAME,SPECIAL_BUTTON) VALUES ('TBLID_BOPE','OPE_CAT_ID','OPE_CAT_ID','OPE_CAT_ID','STRING',10,'N','Y','N','Y',4,-1,0,0,4,'N','N','N','STRING',10,'Y',0,'Y','Y','Y','NONE',NULL,NULL,NULL,NULL,'N','N',0,NULL,NULL,0);
INSERT INTO SM_FIELD_DEF (TABLE_ID,FIELD_NAME,JP_TITLE,US_TITLE,DB_TYPE,DB_LENGTH,IS_KEY,NOT_BLANK,IS_DUMMY,IS_SEARCH_ITEM,SORT_NO,TREE_LEVEL,SHEET_NO,PAGE_NO,PROPERTY_NO,IS_AUTO,IS_MANDATORY,SYSTEM_READONLY,FIELD_TYPE,FIELD_LENGTH,INPUT_ALPHABET,INPUT_MULTIBYTE,INPUT_NUMERIC,INPUT_SYMBOL,INPUT_UPPERCASE,RETRIEVAL_TABLE,FORMAT,DEFAULT_VALUE,MIN_VALUE,MAX_VALUE,CALENDAR_BUTTON,JUMP_BUTTON,OPEN_BUTTON,REF_TABLE_ID,REF_FIELD_NAME,SPECIAL_BUTTON) VALUES ('TBLID_BOPE','EQP_ID','EQP_ID','EQP_ID','STRING',10,'N','Y','N','Y',5,-1,0,0,5,'N','N','N','STRING',10,'Y',0,'Y','Y','Y','NONE',NULL,NULL,NULL,NULL,'N','N',0,NULL,NULL,0);
INSERT INTO SM_FIELD_DEF (TABLE_ID,FIELD_NAME,JP_TITLE,US_TITLE,DB_TYPE,DB_LENGTH,IS_KEY,NOT_BLANK,IS_DUMMY,IS_SEARCH_ITEM,SORT_NO,TREE_LEVEL,SHEET_NO,PAGE_NO,PROPERTY_NO,IS_AUTO,IS_MANDATORY,SYSTEM_READONLY,FIELD_TYPE,FIELD_LENGTH,INPUT_ALPHABET,INPUT_MULTIBYTE,INPUT_NUMERIC,INPUT_SYMBOL,INPUT_UPPERCASE,RETRIEVAL_TABLE,FORMAT,DEFAULT_VALUE,MIN_VALUE,MAX_VALUE,CALENDAR_BUTTON,JUMP_BUTTON,OPEN_BUTTON,REF_TABLE_ID,REF_FIELD_NAME,SPECIAL_BUTTON) VALUES ('TBLID_BOPE','RECIP_ID','RECIP_ID','RECIP_ID','STRING',20,'N','Y','N','Y',6,-1,0,0,6,'N','N','N','STRING',20,'Y',0,'Y','Y','Y','NONE',NULL,NULL,NULL,NULL,'N','N',0,NULL,NULL,0);
INSERT INTO SM_FIELD_DEF (TABLE_ID,FIELD_NAME,JP_TITLE,US_TITLE,DB_TYPE,DB_LENGTH,IS_KEY,NOT_BLANK,IS_DUMMY,IS_SEARCH_ITEM,SORT_NO,TREE_LEVEL,SHEET_NO,PAGE_NO,PROPERTY_NO,IS_AUTO,IS_MANDATORY,SYSTEM_READONLY,FIELD_TYPE,FIELD_LENGTH,INPUT_ALPHABET,INPUT_MULTIBYTE,INPUT_NUMERIC,INPUT_SYMBOL,INPUT_UPPERCASE,RETRIEVAL_TABLE,FORMAT,DEFAULT_VALUE,MIN_VALUE,MAX_VALUE,CALENDAR_BUTTON,JUMP_BUTTON,OPEN_BUTTON,REF_TABLE_ID,REF_FIELD_NAME,SPECIAL_BUTTON) VALUES ('TBLID_BOPE','PROCDATA_ID','PROCDATA_ID','PROCDATA_ID','STRING',13,'N','Y','N','Y',7,-1,0,0,7,'N','N','N','STRING',13,'Y',0,'Y','Y','Y','NONE',NULL,NULL,NULL,NULL,'N','N',0,NULL,NULL,0);
INSERT INTO SM_FIELD_DEF (TABLE_ID,FIELD_NAME,JP_TITLE,US_TITLE,DB_TYPE,DB_LENGTH,IS_KEY,NOT_BLANK,IS_DUMMY,IS_SEARCH_ITEM,SORT_NO,TREE_LEVEL,SHEET_NO,PAGE_NO,PROPERTY_NO,IS_AUTO,IS_MANDATORY,SYSTEM_READONLY,FIELD_TYPE,FIELD_LENGTH,INPUT_ALPHABET,INPUT_MULTIBYTE,INPUT_NUMERIC,INPUT_SYMBOL,INPUT_UPPERCASE,RETRIEVAL_TABLE,FORMAT,DEFAULT_VALUE,MIN_VALUE,MAX_VALUE,CALENDAR_BUTTON,JUMP_BUTTON,OPEN_BUTTON,REF_TABLE_ID,REF_FIELD_NAME,SPECIAL_BUTTON) VALUES ('TBLID_BOPE','MEAS_ID','MEAS_ID','MEAS_ID','STRING',13,'N','Y','N','Y',8,-1,0,0,8,'N','N','N','STRING',13,'Y',0,'Y','Y','Y','NONE',NULL,NULL,NULL,NULL,'N','N',0,NULL,NULL,0);
INSERT INTO SM_FIELD_DEF (TABLE_ID,FIELD_NAME,JP_TITLE,US_TITLE,DB_TYPE,DB_LENGTH,IS_KEY,NOT_BLANK,IS_DUMMY,IS_SEARCH_ITEM,SORT_NO,TREE_LEVEL,SHEET_NO,PAGE_NO,PROPERTY_NO,IS_AUTO,IS_MANDATORY,SYSTEM_READONLY,FIELD_TYPE,FIELD_LENGTH,INPUT_ALPHABET,INPUT_MULTIBYTE,INPUT_NUMERIC,INPUT_SYMBOL,INPUT_UPPERCASE,RETRIEVAL_TABLE,FORMAT,DEFAULT_VALUE,MIN_VALUE,MAX_VALUE,CALENDAR_BUTTON,JUMP_BUTTON,OPEN_BUTTON,REF_TABLE_ID,REF_FIELD_NAME,SPECIAL_BUTTON) VALUES ('TBLID_BOPE','FAM_LOT_HOLD_FLG','FAM_LOT_HOLD_FLG','FAM_LOT_HOLD_FLG','STRING',1,'N','Y','N','Y',9,-1,0,0,9,'N','N','N','STRING',1,'Y',0,'Y','Y','Y','NONE',NULL,NULL,NULL,NULL,'N','N',0,NULL,NULL,0);
INSERT INTO SM_FIELD_DEF (TABLE_ID,FIELD_NAME,JP_TITLE,US_TITLE,DB_TYPE,DB_LENGTH,IS_KEY,NOT_BLANK,IS_DUMMY,IS_SEARCH_ITEM,SORT_NO,TREE_LEVEL,SHEET_NO,PAGE_NO,PROPERTY_NO,IS_AUTO,IS_MANDATORY,SYSTEM_READONLY,FIELD_TYPE,FIELD_LENGTH,INPUT_ALPHABET,INPUT_MULTIBYTE,INPUT_NUMERIC,INPUT_SYMBOL,INPUT_UPPERCASE,RETRIEVAL_TABLE,FORMAT,DEFAULT_VALUE,MIN_VALUE,MAX_VALUE,CALENDAR_BUTTON,JUMP_BUTTON,OPEN_BUTTON,REF_TABLE_ID,REF_FIELD_NAME,SPECIAL_BUTTON) VALUES ('TBLID_BOPE','CARG_UNLOAD','CARG_UNLOAD','CARG_UNLOAD','STRING',10,'N','Y','N','Y',10,-1,0,0,10,'N','N','N','STRING',10,'Y',0,'Y','Y','Y','NONE',NULL,NULL,NULL,NULL,'N','N',0,NULL,NULL,0);
INSERT INTO SM_FIELD_DEF (TABLE_ID,FIELD_NAME,JP_TITLE,US_TITLE,DB_TYPE,DB_LENGTH,IS_KEY,NOT_BLANK,IS_DUMMY,IS_SEARCH_ITEM,SORT_NO,TREE_LEVEL,SHEET_NO,PAGE_NO,PROPERTY_NO,IS_AUTO,IS_MANDATORY,SYSTEM_READONLY,FIELD_TYPE,FIELD_LENGTH,INPUT_ALPHABET,INPUT_MULTIBYTE,INPUT_NUMERIC,INPUT_SYMBOL,INPUT_UPPERCASE,RETRIEVAL_TABLE,FORMAT,DEFAULT_VALUE,MIN_VALUE,MAX_VALUE,CALENDAR_BUTTON,JUMP_BUTTON,OPEN_BUTTON,REF_TABLE_ID,REF_FIELD_NAME,SPECIAL_BUTTON) VALUES ('TBLID_BOPE','CARG_UNLOAD2','CARG_UNLOAD2','CARG_UNLOAD2','STRING',10,'N','Y','N','Y',11,-1,0,0,11,'N','N','N','STRING',10,'Y',0,'Y','Y','Y','NONE',NULL,NULL,NULL,NULL,'N','N',0,NULL,NULL,0);
INSERT INTO SM_FIELD_DEF (TABLE_ID,FIELD_NAME,JP_TITLE,US_TITLE,DB_TYPE,DB_LENGTH,IS_KEY,NOT_BLANK,IS_DUMMY,IS_SEARCH_ITEM,SORT_NO,TREE_LEVEL,SHEET_NO,PAGE_NO,PROPERTY_NO,IS_AUTO,IS_MANDATORY,SYSTEM_READONLY,FIELD_TYPE,FIELD_LENGTH,INPUT_ALPHABET,INPUT_MULTIBYTE,INPUT_NUMERIC,INPUT_SYMBOL,INPUT_UPPERCASE,RETRIEVAL_TABLE,FORMAT,DEFAULT_VALUE,MIN_VALUE,MAX_VALUE,CALENDAR_BUTTON,JUMP_BUTTON,OPEN_BUTTON,REF_TABLE_ID,REF_FIELD_NAME,SPECIAL_BUTTON) VALUES ('TBLID_BOPE','CARG_UNLOAD3','CARG_UNLOAD3','CARG_UNLOAD3','STRING',10,'N','Y','N','Y',12,-1,0,0,12,'N','N','N','STRING',10,'Y',0,'Y','Y','Y','NONE',NULL,NULL,NULL,NULL,'N','N',0,NULL,NULL,0);
INSERT INTO SM_FIELD_DEF (TABLE_ID,FIELD_NAME,JP_TITLE,US_TITLE,DB_TYPE,DB_LENGTH,IS_KEY,NOT_BLANK,IS_DUMMY,IS_SEARCH_ITEM,SORT_NO,TREE_LEVEL,SHEET_NO,PAGE_NO,PROPERTY_NO,IS_AUTO,IS_MANDATORY,SYSTEM_READONLY,FIELD_TYPE,FIELD_LENGTH,INPUT_ALPHABET,INPUT_MULTIBYTE,INPUT_NUMERIC,INPUT_SYMBOL,INPUT_UPPERCASE,RETRIEVAL_TABLE,FORMAT,DEFAULT_VALUE,MIN_VALUE,MAX_VALUE,CALENDAR_BUTTON,JUMP_BUTTON,OPEN_BUTTON,REF_TABLE_ID,REF_FIELD_NAME,SPECIAL_BUTTON) VALUES ('TBLID_BOPE','CARG_UNLOAD4','CARG_UNLOAD4','CARG_UNLOAD4','STRING',10,'N','Y','N','Y',13,-1,0,0,13,'N','N','N','STRING',10,'Y',0,'Y','Y','Y','NONE',NULL,NULL,NULL,NULL,'N','N',0,NULL,NULL,0);
INSERT INTO SM_FIELD_DEF (TABLE_ID,FIELD_NAME,JP_TITLE,US_TITLE,DB_TYPE,DB_LENGTH,IS_KEY,NOT_BLANK,IS_DUMMY,IS_SEARCH_ITEM,SORT_NO,TREE_LEVEL,SHEET_NO,PAGE_NO,PROPERTY_NO,IS_AUTO,IS_MANDATORY,SYSTEM_READONLY,FIELD_TYPE,FIELD_LENGTH,INPUT_ALPHABET,INPUT_MULTIBYTE,INPUT_NUMERIC,INPUT_SYMBOL,INPUT_UPPERCASE,RETRIEVAL_TABLE,FORMAT,DEFAULT_VALUE,MIN_VALUE,MAX_VALUE,CALENDAR_BUTTON,JUMP_BUTTON,OPEN_BUTTON,REF_TABLE_ID,REF_FIELD_NAME,SPECIAL_BUTTON) VALUES ('TBLID_BOPE','CARG_UNLOAD5','CARG_UNLOAD5','CARG_UNLOAD5','STRING',10,'N','Y','N','Y',14,-1,0,0,14,'N','N','N','STRING',10,'Y',0,'Y','Y','Y','NONE',NULL,NULL,NULL,NULL,'N','N',0,NULL,NULL,0);
INSERT INTO SM_FIELD_DEF (TABLE_ID,FIELD_NAME,JP_TITLE,US_TITLE,DB_TYPE,DB_LENGTH,IS_KEY,NOT_BLANK,IS_DUMMY,IS_SEARCH_ITEM,SORT_NO,TREE_LEVEL,SHEET_NO,PAGE_NO,PROPERTY_NO,IS_AUTO,IS_MANDATORY,SYSTEM_READONLY,FIELD_TYPE,FIELD_LENGTH,INPUT_ALPHABET,INPUT_MULTIBYTE,INPUT_NUMERIC,INPUT_SYMBOL,INPUT_UPPERCASE,RETRIEVAL_TABLE,FORMAT,DEFAULT_VALUE,MIN_VALUE,MAX_VALUE,CALENDAR_BUTTON,JUMP_BUTTON,OPEN_BUTTON,REF_TABLE_ID,REF_FIELD_NAME,SPECIAL_BUTTON) VALUES ('TBLID_BOPE','CARG_UNLOAD6','CARG_UNLOAD6','CARG_UNLOAD6','STRING',10,'N','Y','N','Y',15,-1,0,0,15,'N','N','N','STRING',10,'Y',0,'Y','Y','Y','NONE',NULL,NULL,NULL,NULL,'N','N',0,NULL,NULL,0);
INSERT INTO SM_FIELD_DEF (TABLE_ID,FIELD_NAME,JP_TITLE,US_TITLE,DB_TYPE,DB_LENGTH,IS_KEY,NOT_BLANK,IS_DUMMY,IS_SEARCH_ITEM,SORT_NO,TREE_LEVEL,SHEET_NO,PAGE_NO,PROPERTY_NO,IS_AUTO,IS_MANDATORY,SYSTEM_READONLY,FIELD_TYPE,FIELD_LENGTH,INPUT_ALPHABET,INPUT_MULTIBYTE,INPUT_NUMERIC,INPUT_SYMBOL,INPUT_UPPERCASE,RETRIEVAL_TABLE,FORMAT,DEFAULT_VALUE,MIN_VALUE,MAX_VALUE,CALENDAR_BUTTON,JUMP_BUTTON,OPEN_BUTTON,REF_TABLE_ID,REF_FIELD_NAME,SPECIAL_BUTTON) VALUES ('TBLID_BOPE','CARG_UNLOAD7','CARG_UNLOAD7','CARG_UNLOAD7','STRING',10,'N','Y','N','Y',16,-1,0,0,16,'N','N','N','STRING',10,'Y',0,'Y','Y','Y','NONE',NULL,NULL,NULL,NULL,'N','N',0,NULL,NULL,0);
INSERT INTO SM_FIELD_DEF (TABLE_ID,FIELD_NAME,JP_TITLE,US_TITLE,DB_TYPE,DB_LENGTH,IS_KEY,NOT_BLANK,IS_DUMMY,IS_SEARCH_ITEM,SORT_NO,TREE_LEVEL,SHEET_NO,PAGE_NO,PROPERTY_NO,IS_AUTO,IS_MANDATORY,SYSTEM_READONLY,FIELD_TYPE,FIELD_LENGTH,INPUT_ALPHABET,INPUT_MULTIBYTE,INPUT_NUMERIC,INPUT_SYMBOL,INPUT_UPPERCASE,RETRIEVAL_TABLE,FORMAT,DEFAULT_VALUE,MIN_VALUE,MAX_VALUE,CALENDAR_BUTTON,JUMP_BUTTON,OPEN_BUTTON,REF_TABLE_ID,REF_FIELD_NAME,SPECIAL_BUTTON) VALUES ('TBLID_BOPE','CARG_UNLOAD8','CARG_UNLOAD8','CARG_UNLOAD8','STRING',10,'N','Y','N','Y',17,-1,0,0,17,'N','N','N','STRING',10,'Y',0,'Y','Y','Y','NONE',NULL,NULL,NULL,NULL,'N','N',0,NULL,NULL,0);
INSERT INTO SM_FIELD_DEF (TABLE_ID,FIELD_NAME,JP_TITLE,US_TITLE,DB_TYPE,DB_LENGTH,IS_KEY,NOT_BLANK,IS_DUMMY,IS_SEARCH_ITEM,SORT_NO,TREE_LEVEL,SHEET_NO,PAGE_NO,PROPERTY_NO,IS_AUTO,IS_MANDATORY,SYSTEM_READONLY,FIELD_TYPE,FIELD_LENGTH,INPUT_ALPHABET,INPUT_MULTIBYTE,INPUT_NUMERIC,INPUT_SYMBOL,INPUT_UPPERCASE,RETRIEVAL_TABLE,FORMAT,DEFAULT_VALUE,MIN_VALUE,MAX_VALUE,CALENDAR_BUTTON,JUMP_BUTTON,OPEN_BUTTON,REF_TABLE_ID,REF_FIELD_NAME,SPECIAL_BUTTON) VALUES ('TBLID_BOPE','CARG_UNLOAD9','CARG_UNLOAD9','CARG_UNLOAD9','STRING',10,'N','Y','N','Y',18,-1,0,0,18,'N','N','N','STRING',10,'Y',0,'Y','Y','Y','NONE',NULL,NULL,NULL,NULL,'N','N',0,NULL,NULL,0);
INSERT INTO SM_FIELD_DEF (TABLE_ID,FIELD_NAME,JP_TITLE,US_TITLE,DB_TYPE,DB_LENGTH,IS_KEY,NOT_BLANK,IS_DUMMY,IS_SEARCH_ITEM,SORT_NO,TREE_LEVEL,SHEET_NO,PAGE_NO,PROPERTY_NO,IS_AUTO,IS_MANDATORY,SYSTEM_READONLY,FIELD_TYPE,FIELD_LENGTH,INPUT_ALPHABET,INPUT_MULTIBYTE,INPUT_NUMERIC,INPUT_SYMBOL,INPUT_UPPERCASE,RETRIEVAL_TABLE,FORMAT,DEFAULT_VALUE,MIN_VALUE,MAX_VALUE,CALENDAR_BUTTON,JUMP_BUTTON,OPEN_BUTTON,REF_TABLE_ID,REF_FIELD_NAME,SPECIAL_BUTTON) VALUES ('TBLID_BOPE','CARG_UNLOAD10','CARG_UNLOAD10','CARG_UNLOAD10','STRING',10,'N','Y','N','Y',19,-1,0,0,19,'N','N','N','STRING',10,'Y',0,'Y','Y','Y','NONE',NULL,NULL,NULL,NULL,'N','N',0,NULL,NULL,0);
INSERT INTO SM_FIELD_DEF (TABLE_ID,FIELD_NAME,JP_TITLE,US_TITLE,DB_TYPE,DB_LENGTH,IS_KEY,NOT_BLANK,IS_DUMMY,IS_SEARCH_ITEM,SORT_NO,TREE_LEVEL,SHEET_NO,PAGE_NO,PROPERTY_NO,IS_AUTO,IS_MANDATORY,SYSTEM_READONLY,FIELD_TYPE,FIELD_LENGTH,INPUT_ALPHABET,INPUT_MULTIBYTE,INPUT_NUMERIC,INPUT_SYMBOL,INPUT_UPPERCASE,RETRIEVAL_TABLE,FORMAT,DEFAULT_VALUE,MIN_VALUE,MAX_VALUE,CALENDAR_BUTTON,JUMP_BUTTON,OPEN_BUTTON,REF_TABLE_ID,REF_FIELD_NAME,SPECIAL_BUTTON) VALUES ('TBLID_BOPE','CARG_UNLOAD11','CARG_UNLOAD11','CARG_UNLOAD11','STRING',10,'N','Y','N','Y',20,-1,0,0,20,'N','N','N','STRING',10,'Y',0,'Y','Y','Y','NONE',NULL,NULL,NULL,NULL,'N','N',0,NULL,NULL,0);
INSERT INTO SM_FIELD_DEF (TABLE_ID,FIELD_NAME,JP_TITLE,US_TITLE,DB_TYPE,DB_LENGTH,IS_KEY,NOT_BLANK,IS_DUMMY,IS_SEARCH_ITEM,SORT_NO,TREE_LEVEL,SHEET_NO,PAGE_NO,PROPERTY_NO,IS_AUTO,IS_MANDATORY,SYSTEM_READONLY,FIELD_TYPE,FIELD_LENGTH,INPUT_ALPHABET,INPUT_MULTIBYTE,INPUT_NUMERIC,INPUT_SYMBOL,INPUT_UPPERCASE,RETRIEVAL_TABLE,FORMAT,DEFAULT_VALUE,MIN_VALUE,MAX_VALUE,CALENDAR_BUTTON,JUMP_BUTTON,OPEN_BUTTON,REF_TABLE_ID,REF_FIELD_NAME,SPECIAL_BUTTON) VALUES ('TBLID_BOPE','CARG_UNLOAD12','CARG_UNLOAD12','CARG_UNLOAD12','STRING',10,'N','Y','N','Y',21,-1,0,0,21,'N','N','N','STRING',10,'Y',0,'Y','Y','Y','NONE',NULL,NULL,NULL,NULL,'N','N',0,NULL,NULL,0);
INSERT INTO SM_FIELD_DEF (TABLE_ID,FIELD_NAME,JP_TITLE,US_TITLE,DB_TYPE,DB_LENGTH,IS_KEY,NOT_BLANK,IS_DUMMY,IS_SEARCH_ITEM,SORT_NO,TREE_LEVEL,SHEET_NO,PAGE_NO,PROPERTY_NO,IS_AUTO,IS_MANDATORY,SYSTEM_READONLY,FIELD_TYPE,FIELD_LENGTH,INPUT_ALPHABET,INPUT_MULTIBYTE,INPUT_NUMERIC,INPUT_SYMBOL,INPUT_UPPERCASE,RETRIEVAL_TABLE,FORMAT,DEFAULT_VALUE,MIN_VALUE,MAX_VALUE,CALENDAR_BUTTON,JUMP_BUTTON,OPEN_BUTTON,REF_TABLE_ID,REF_FIELD_NAME,SPECIAL_BUTTON) VALUES ('TBLID_BOPE','CARG_UNLOAD13','CARG_UNLOAD13','CARG_UNLOAD13','STRING',10,'N','Y','N','Y',22,-1,0,0,22,'N','N','N','STRING',10,'Y',0,'Y','Y','Y','NONE',NULL,NULL,NULL,NULL,'N','N',0,NULL,NULL,0);
INSERT INTO SM_FIELD_DEF (TABLE_ID,FIELD_NAME,JP_TITLE,US_TITLE,DB_TYPE,DB_LENGTH,IS_KEY,NOT_BLANK,IS_DUMMY,IS_SEARCH_ITEM,SORT_NO,TREE_LEVEL,SHEET_NO,PAGE_NO,PROPERTY_NO,IS_AUTO,IS_MANDATORY,SYSTEM_READONLY,FIELD_TYPE,FIELD_LENGTH,INPUT_ALPHABET,INPUT_MULTIBYTE,INPUT_NUMERIC,INPUT_SYMBOL,INPUT_UPPERCASE,RETRIEVAL_TABLE,FORMAT,DEFAULT_VALUE,MIN_VALUE,MAX_VALUE,CALENDAR_BUTTON,JUMP_BUTTON,OPEN_BUTTON,REF_TABLE_ID,REF_FIELD_NAME,SPECIAL_BUTTON) VALUES ('TBLID_BOPE','CARG_UNLOAD14','CARG_UNLOAD14','CARG_UNLOAD14','STRING',10,'N','Y','N','Y',23,-1,0,0,23,'N','N','N','STRING',10,'Y',0,'Y','Y','Y','NONE',NULL,NULL,NULL,NULL,'N','N',0,NULL,NULL,0);
INSERT INTO SM_FIELD_DEF (TABLE_ID,FIELD_NAME,JP_TITLE,US_TITLE,DB_TYPE,DB_LENGTH,IS_KEY,NOT_BLANK,IS_DUMMY,IS_SEARCH_ITEM,SORT_NO,TREE_LEVEL,SHEET_NO,PAGE_NO,PROPERTY_NO,IS_AUTO,IS_MANDATORY,SYSTEM_READONLY,FIELD_TYPE,FIELD_LENGTH,INPUT_ALPHABET,INPUT_MULTIBYTE,INPUT_NUMERIC,INPUT_SYMBOL,INPUT_UPPERCASE,RETRIEVAL_TABLE,FORMAT,DEFAULT_VALUE,MIN_VALUE,MAX_VALUE,CALENDAR_BUTTON,JUMP_BUTTON,OPEN_BUTTON,REF_TABLE_ID,REF_FIELD_NAME,SPECIAL_BUTTON) VALUES ('TBLID_BOPE','CARG_UNLOAD15','CARG_UNLOAD15','CARG_UNLOAD15','STRING',10,'N','Y','N','Y',24,-1,0,0,24,'N','N','N','STRING',10,'Y',0,'Y','Y','Y','NONE',NULL,NULL,NULL,NULL,'N','N',0,NULL,NULL,0);
INSERT INTO SM_FIELD_DEF (TABLE_ID,FIELD_NAME,JP_TITLE,US_TITLE,DB_TYPE,DB_LENGTH,IS_KEY,NOT_BLANK,IS_DUMMY,IS_SEARCH_ITEM,SORT_NO,TREE_LEVEL,SHEET_NO,PAGE_NO,PROPERTY_NO,IS_AUTO,IS_MANDATORY,SYSTEM_READONLY,FIELD_TYPE,FIELD_LENGTH,INPUT_ALPHABET,INPUT_MULTIBYTE,INPUT_NUMERIC,INPUT_SYMBOL,INPUT_UPPERCASE,RETRIEVAL_TABLE,FORMAT,DEFAULT_VALUE,MIN_VALUE,MAX_VALUE,CALENDAR_BUTTON,JUMP_BUTTON,OPEN_BUTTON,REF_TABLE_ID,REF_FIELD_NAME,SPECIAL_BUTTON) VALUES ('TBLID_BOPE','CARG_UNLOAD16','CARG_UNLOAD16','CARG_UNLOAD16','STRING',10,'N','Y','N','Y',25,-1,0,0,25,'N','N','N','STRING',10,'Y',0,'Y','Y','Y','NONE',NULL,NULL,NULL,NULL,'N','N',0,NULL,NULL,0);
INSERT INTO SM_FIELD_DEF (TABLE_ID,FIELD_NAME,JP_TITLE,US_TITLE,DB_TYPE,DB_LENGTH,IS_KEY,NOT_BLANK,IS_DUMMY,IS_SEARCH_ITEM,SORT_NO,TREE_LEVEL,SHEET_NO,PAGE_NO,PROPERTY_NO,IS_AUTO,IS_MANDATORY,SYSTEM_READONLY,FIELD_TYPE,FIELD_LENGTH,INPUT_ALPHABET,INPUT_MULTIBYTE,INPUT_NUMERIC,INPUT_SYMBOL,INPUT_UPPERCASE,RETRIEVAL_TABLE,FORMAT,DEFAULT_VALUE,MIN_VALUE,MAX_VALUE,CALENDAR_BUTTON,JUMP_BUTTON,OPEN_BUTTON,REF_TABLE_ID,REF_FIELD_NAME,SPECIAL_BUTTON) VALUES ('TBLID_BOPE','CARG_UNLOAD17','CARG_UNLOAD17','CARG_UNLOAD17','STRING',10,'N','Y','N','Y',26,-1,0,0,26,'N','N','N','STRING',10,'Y',0,'Y','Y','Y','NONE',NULL,NULL,NULL,NULL,'N','N',0,NULL,NULL,0);
INSERT INTO SM_FIELD_DEF (TABLE_ID,FIELD_NAME,JP_TITLE,US_TITLE,DB_TYPE,DB_LENGTH,IS_KEY,NOT_BLANK,IS_DUMMY,IS_SEARCH_ITEM,SORT_NO,TREE_LEVEL,SHEET_NO,PAGE_NO,PROPERTY_NO,IS_AUTO,IS_MANDATORY,SYSTEM_READONLY,FIELD_TYPE,FIELD_LENGTH,INPUT_ALPHABET,INPUT_MULTIBYTE,INPUT_NUMERIC,INPUT_SYMBOL,INPUT_UPPERCASE,RETRIEVAL_TABLE,FORMAT,DEFAULT_VALUE,MIN_VALUE,MAX_VALUE,CALENDAR_BUTTON,JUMP_BUTTON,OPEN_BUTTON,REF_TABLE_ID,REF_FIELD_NAME,SPECIAL_BUTTON) VALUES ('TBLID_BOPE','CARG_UNLOAD18','CARG_UNLOAD18','CARG_UNLOAD18','STRING',10,'N','Y','N','Y',27,-1,0,0,27,'N','N','N','STRING',10,'Y',0,'Y','Y','Y','NONE',NULL,NULL,NULL,NULL,'N','N',0,NULL,NULL,0);
INSERT INTO SM_FIELD_DEF (TABLE_ID,FIELD_NAME,JP_TITLE,US_TITLE,DB_TYPE,DB_LENGTH,IS_KEY,NOT_BLANK,IS_DUMMY,IS_SEARCH_ITEM,SORT_NO,TREE_LEVEL,SHEET_NO,PAGE_NO,PROPERTY_NO,IS_AUTO,IS_MANDATORY,SYSTEM_READONLY,FIELD_TYPE,FIELD_LENGTH,INPUT_ALPHABET,INPUT_MULTIBYTE,INPUT_NUMERIC,INPUT_SYMBOL,INPUT_UPPERCASE,RETRIEVAL_TABLE,FORMAT,DEFAULT_VALUE,MIN_VALUE,MAX_VALUE,CALENDAR_BUTTON,JUMP_BUTTON,OPEN_BUTTON,REF_TABLE_ID,REF_FIELD_NAME,SPECIAL_BUTTON) VALUES ('TBLID_BOPE','CARG_UNLOAD19','CARG_UNLOAD19','CARG_UNLOAD19','STRING',10,'N','Y','N','Y',28,-1,0,0,28,'N','N','N','STRING',10,'Y',0,'Y','Y','Y','NONE',NULL,NULL,NULL,NULL,'N','N',0,NULL,NULL,0);
INSERT INTO SM_FIELD_DEF (TABLE_ID,FIELD_NAME,JP_TITLE,US_TITLE,DB_TYPE,DB_LENGTH,IS_KEY,NOT_BLANK,IS_DUMMY,IS_SEARCH_ITEM,SORT_NO,TREE_LEVEL,SHEET_NO,PAGE_NO,PROPERTY_NO,IS_AUTO,IS_MANDATORY,SYSTEM_READONLY,FIELD_TYPE,FIELD_LENGTH,INPUT_ALPHABET,INPUT_MULTIBYTE,INPUT_NUMERIC,INPUT_SYMBOL,INPUT_UPPERCASE,RETRIEVAL_TABLE,FORMAT,DEFAULT_VALUE,MIN_VALUE,MAX_VALUE,CALENDAR_BUTTON,JUMP_BUTTON,OPEN_BUTTON,REF_TABLE_ID,REF_FIELD_NAME,SPECIAL_BUTTON) VALUES ('TBLID_BOPE','CARG_UNLOAD20','CARG_UNLOAD20','CARG_UNLOAD20','STRING',10,'N','Y','N','Y',29,-1,0,0,29,'N','N','N','STRING',10,'Y',0,'Y','Y','Y','NONE',NULL,NULL,NULL,NULL,'N','N',0,NULL,NULL,0);
INSERT INTO SM_FIELD_DEF (TABLE_ID,FIELD_NAME,JP_TITLE,US_TITLE,DB_TYPE,DB_LENGTH,IS_KEY,NOT_BLANK,IS_DUMMY,IS_SEARCH_ITEM,SORT_NO,TREE_LEVEL,SHEET_NO,PAGE_NO,PROPERTY_NO,IS_AUTO,IS_MANDATORY,SYSTEM_READONLY,FIELD_TYPE,FIELD_LENGTH,INPUT_ALPHABET,INPUT_MULTIBYTE,INPUT_NUMERIC,INPUT_SYMBOL,INPUT_UPPERCASE,RETRIEVAL_TABLE,FORMAT,DEFAULT_VALUE,MIN_VALUE,MAX_VALUE,CALENDAR_BUTTON,JUMP_BUTTON,OPEN_BUTTON,REF_TABLE_ID,REF_FIELD_NAME,SPECIAL_BUTTON) VALUES ('TBLID_BOPE','CARG_UNLOAD21','CARG_UNLOAD21','CARG_UNLOAD21','STRING',10,'N','Y','N','Y',30,-1,0,0,30,'N','N','N','STRING',10,'Y',0,'Y','Y','Y','NONE',NULL,NULL,NULL,NULL,'N','N',0,NULL,NULL,0);
INSERT INTO SM_FIELD_DEF (TABLE_ID,FIELD_NAME,JP_TITLE,US_TITLE,DB_TYPE,DB_LENGTH,IS_KEY,NOT_BLANK,IS_DUMMY,IS_SEARCH_ITEM,SORT_NO,TREE_LEVEL,SHEET_NO,PAGE_NO,PROPERTY_NO,IS_AUTO,IS_MANDATORY,SYSTEM_READONLY,FIELD_TYPE,FIELD_LENGTH,INPUT_ALPHABET,INPUT_MULTIBYTE,INPUT_NUMERIC,INPUT_SYMBOL,INPUT_UPPERCASE,RETRIEVAL_TABLE,FORMAT,DEFAULT_VALUE,MIN_VALUE,MAX_VALUE,CALENDAR_BUTTON,JUMP_BUTTON,OPEN_BUTTON,REF_TABLE_ID,REF_FIELD_NAME,SPECIAL_BUTTON) VALUES ('TBLID_BOPE','CARG_UNLOAD22','CARG_UNLOAD22','CARG_UNLOAD22','STRING',10,'N','Y','N','Y',31,-1,0,0,31,'N','N','N','STRING',10,'Y',0,'Y','Y','Y','NONE',NULL,NULL,NULL,NULL,'N','N',0,NULL,NULL,0);
INSERT INTO SM_FIELD_DEF (TABLE_ID,FIELD_NAME,JP_TITLE,US_TITLE,DB_TYPE,DB_LENGTH,IS_KEY,NOT_BLANK,IS_DUMMY,IS_SEARCH_ITEM,SORT_NO,TREE_LEVEL,SHEET_NO,PAGE_NO,PROPERTY_NO,IS_AUTO,IS_MANDATORY,SYSTEM_READONLY,FIELD_TYPE,FIELD_LENGTH,INPUT_ALPHABET,INPUT_MULTIBYTE,INPUT_NUMERIC,INPUT_SYMBOL,INPUT_UPPERCASE,RETRIEVAL_TABLE,FORMAT,DEFAULT_VALUE,MIN_VALUE,MAX_VALUE,CALENDAR_BUTTON,JUMP_BUTTON,OPEN_BUTTON,REF_TABLE_ID,REF_FIELD_NAME,SPECIAL_BUTTON) VALUES ('TBLID_BOPE','CARG_UNLOAD23','CARG_UNLOAD23','CARG_UNLOAD23','STRING',10,'N','Y','N','Y',32,-1,0,0,32,'N','N','N','STRING',10,'Y',0,'Y','Y','Y','NONE',NULL,NULL,NULL,NULL,'N','N',0,NULL,NULL,0);
INSERT INTO SM_FIELD_DEF (TABLE_ID,FIELD_NAME,JP_TITLE,US_TITLE,DB_TYPE,DB_LENGTH,IS_KEY,NOT_BLANK,IS_DUMMY,IS_SEARCH_ITEM,SORT_NO,TREE_LEVEL,SHEET_NO,PAGE_NO,PROPERTY_NO,IS_AUTO,IS_MANDATORY,SYSTEM_READONLY,FIELD_TYPE,FIELD_LENGTH,INPUT_ALPHABET,INPUT_MULTIBYTE,INPUT_NUMERIC,INPUT_SYMBOL,INPUT_UPPERCASE,RETRIEVAL_TABLE,FORMAT,DEFAULT_VALUE,MIN_VALUE,MAX_VALUE,CALENDAR_BUTTON,JUMP_BUTTON,OPEN_BUTTON,REF_TABLE_ID,REF_FIELD_NAME,SPECIAL_BUTTON) VALUES ('TBLID_BOPE','CARG_UNLOAD24','CARG_UNLOAD24','CARG_UNLOAD24','STRING',10,'N','Y','N','Y',33,-1,0,0,33,'N','N','N','STRING',10,'Y',0,'Y','Y','Y','NONE',NULL,NULL,NULL,NULL,'N','N',0,NULL,NULL,0);
INSERT INTO SM_FIELD_DEF (TABLE_ID,FIELD_NAME,JP_TITLE,US_TITLE,DB_TYPE,DB_LENGTH,IS_KEY,NOT_BLANK,IS_DUMMY,IS_SEARCH_ITEM,SORT_NO,TREE_LEVEL,SHEET_NO,PAGE_NO,PROPERTY_NO,IS_AUTO,IS_MANDATORY,SYSTEM_READONLY,FIELD_TYPE,FIELD_LENGTH,INPUT_ALPHABET,INPUT_MULTIBYTE,INPUT_NUMERIC,INPUT_SYMBOL,INPUT_UPPERCASE,RETRIEVAL_TABLE,FORMAT,DEFAULT_VALUE,MIN_VALUE,MAX_VALUE,CALENDAR_BUTTON,JUMP_BUTTON,OPEN_BUTTON,REF_TABLE_ID,REF_FIELD_NAME,SPECIAL_BUTTON) VALUES ('TBLID_BOPE','CARG_UNLOAD25','CARG_UNLOAD25','CARG_UNLOAD25','STRING',10,'N','Y','N','Y',34,-1,0,0,34,'N','N','N','STRING',10,'Y',0,'Y','Y','Y','NONE',NULL,NULL,NULL,NULL,'N','N',0,NULL,NULL,0);
INSERT INTO SM_FIELD_DEF (TABLE_ID,FIELD_NAME,JP_TITLE,US_TITLE,DB_TYPE,DB_LENGTH,IS_KEY,NOT_BLANK,IS_DUMMY,IS_SEARCH_ITEM,SORT_NO,TREE_LEVEL,SHEET_NO,PAGE_NO,PROPERTY_NO,IS_AUTO,IS_MANDATORY,SYSTEM_READONLY,FIELD_TYPE,FIELD_LENGTH,INPUT_ALPHABET,INPUT_MULTIBYTE,INPUT_NUMERIC,INPUT_SYMBOL,INPUT_UPPERCASE,RETRIEVAL_TABLE,FORMAT,DEFAULT_VALUE,MIN_VALUE,MAX_VALUE,CALENDAR_BUTTON,JUMP_BUTTON,OPEN_BUTTON,REF_TABLE_ID,REF_FIELD_NAME,SPECIAL_BUTTON) VALUES ('TBLID_BOPE','CARG_UNLOAD26','CARG_UNLOAD26','CARG_UNLOAD26','STRING',10,'N','Y','N','Y',35,-1,0,0,35,'N','N','N','STRING',10,'Y',0,'Y','Y','Y','NONE',NULL,NULL,NULL,NULL,'N','N',0,NULL,NULL,0);
INSERT INTO SM_FIELD_DEF (TABLE_ID,FIELD_NAME,JP_TITLE,US_TITLE,DB_TYPE,DB_LENGTH,IS_KEY,NOT_BLANK,IS_DUMMY,IS_SEARCH_ITEM,SORT_NO,TREE_LEVEL,SHEET_NO,PAGE_NO,PROPERTY_NO,IS_AUTO,IS_MANDATORY,SYSTEM_READONLY,FIELD_TYPE,FIELD_LENGTH,INPUT_ALPHABET,INPUT_MULTIBYTE,INPUT_NUMERIC,INPUT_SYMBOL,INPUT_UPPERCASE,RETRIEVAL_TABLE,FORMAT,DEFAULT_VALUE,MIN_VALUE,MAX_VALUE,CALENDAR_BUTTON,JUMP_BUTTON,OPEN_BUTTON,REF_TABLE_ID,REF_FIELD_NAME,SPECIAL_BUTTON) VALUES ('TBLID_BOPE','CARG_UNLOAD27','CARG_UNLOAD27','CARG_UNLOAD27','STRING',10,'N','Y','N','Y',36,-1,0,0,36,'N','N','N','STRING',10,'Y',0,'Y','Y','Y','NONE',NULL,NULL,NULL,NULL,'N','N',0,NULL,NULL,0);
INSERT INTO SM_FIELD_DEF (TABLE_ID,FIELD_NAME,JP_TITLE,US_TITLE,DB_TYPE,DB_LENGTH,IS_KEY,NOT_BLANK,IS_DUMMY,IS_SEARCH_ITEM,SORT_NO,TREE_LEVEL,SHEET_NO,PAGE_NO,PROPERTY_NO,IS_AUTO,IS_MANDATORY,SYSTEM_READONLY,FIELD_TYPE,FIELD_LENGTH,INPUT_ALPHABET,INPUT_MULTIBYTE,INPUT_NUMERIC,INPUT_SYMBOL,INPUT_UPPERCASE,RETRIEVAL_TABLE,FORMAT,DEFAULT_VALUE,MIN_VALUE,MAX_VALUE,CALENDAR_BUTTON,JUMP_BUTTON,OPEN_BUTTON,REF_TABLE_ID,REF_FIELD_NAME,SPECIAL_BUTTON) VALUES ('TBLID_BOPE','CARG_UNLOAD28','CARG_UNLOAD28','CARG_UNLOAD28','STRING',10,'N','Y','N','Y',37,-1,0,0,37,'N','N','N','STRING',10,'Y',0,'Y','Y','Y','NONE',NULL,NULL,NULL,NULL,'N','N',0,NULL,NULL,0);
INSERT INTO SM_FIELD_DEF (TABLE_ID,FIELD_NAME,JP_TITLE,US_TITLE,DB_TYPE,DB_LENGTH,IS_KEY,NOT_BLANK,IS_DUMMY,IS_SEARCH_ITEM,SORT_NO,TREE_LEVEL,SHEET_NO,PAGE_NO,PROPERTY_NO,IS_AUTO,IS_MANDATORY,SYSTEM_READONLY,FIELD_TYPE,FIELD_LENGTH,INPUT_ALPHABET,INPUT_MULTIBYTE,INPUT_NUMERIC,INPUT_SYMBOL,INPUT_UPPERCASE,RETRIEVAL_TABLE,FORMAT,DEFAULT_VALUE,MIN_VALUE,MAX_VALUE,CALENDAR_BUTTON,JUMP_BUTTON,OPEN_BUTTON,REF_TABLE_ID,REF_FIELD_NAME,SPECIAL_BUTTON) VALUES ('TBLID_BOPE','CARG_UNLOAD29','CARG_UNLOAD29','CARG_UNLOAD29','STRING',10,'N','Y','N','Y',38,-1,0,0,38,'N','N','N','STRING',10,'Y',0,'Y','Y','Y','NONE',NULL,NULL,NULL,NULL,'N','N',0,NULL,NULL,0);
INSERT INTO SM_FIELD_DEF (TABLE_ID,FIELD_NAME,JP_TITLE,US_TITLE,DB_TYPE,DB_LENGTH,IS_KEY,NOT_BLANK,IS_DUMMY,IS_SEARCH_ITEM,SORT_NO,TREE_LEVEL,SHEET_NO,PAGE_NO,PROPERTY_NO,IS_AUTO,IS_MANDATORY,SYSTEM_READONLY,FIELD_TYPE,FIELD_LENGTH,INPUT_ALPHABET,INPUT_MULTIBYTE,INPUT_NUMERIC,INPUT_SYMBOL,INPUT_UPPERCASE,RETRIEVAL_TABLE,FORMAT,DEFAULT_VALUE,MIN_VALUE,MAX_VALUE,CALENDAR_BUTTON,JUMP_BUTTON,OPEN_BUTTON,REF_TABLE_ID,REF_FIELD_NAME,SPECIAL_BUTTON) VALUES ('TBLID_BOPE','CARG_UNLOAD30','CARG_UNLOAD30','CARG_UNLOAD30','STRING',10,'N','Y','N','Y',39,-1,0,0,39,'N','N','N','STRING',10,'Y',0,'Y','Y','Y','NONE',NULL,NULL,NULL,NULL,'N','N',0,NULL,NULL,0);
INSERT INTO SM_FIELD_DEF (TABLE_ID,FIELD_NAME,JP_TITLE,US_TITLE,DB_TYPE,DB_LENGTH,IS_KEY,NOT_BLANK,IS_DUMMY,IS_SEARCH_ITEM,SORT_NO,TREE_LEVEL,SHEET_NO,PAGE_NO,PROPERTY_NO,IS_AUTO,IS_MANDATORY,SYSTEM_READONLY,FIELD_TYPE,FIELD_LENGTH,INPUT_ALPHABET,INPUT_MULTIBYTE,INPUT_NUMERIC,INPUT_SYMBOL,INPUT_UPPERCASE,RETRIEVAL_TABLE,FORMAT,DEFAULT_VALUE,MIN_VALUE,MAX_VALUE,CALENDAR_BUTTON,JUMP_BUTTON,OPEN_BUTTON,REF_TABLE_ID,REF_FIELD_NAME,SPECIAL_BUTTON) VALUES ('TBLID_BOPE','CAR_TYPE','CAR_TYPE','CAR_TYPE','STRING',2,'N','Y','N','Y',40,-1,0,0,40,'N','N','N','STRING',2,'Y',0,'Y','Y','Y','NONE',NULL,NULL,NULL,NULL,'N','N',0,NULL,NULL,0);
INSERT INTO SM_FIELD_DEF (TABLE_ID,FIELD_NAME,JP_TITLE,US_TITLE,DB_TYPE,DB_LENGTH,IS_KEY,NOT_BLANK,IS_DUMMY,IS_SEARCH_ITEM,SORT_NO,TREE_LEVEL,SHEET_NO,PAGE_NO,PROPERTY_NO,IS_AUTO,IS_MANDATORY,SYSTEM_READONLY,FIELD_TYPE,FIELD_LENGTH,INPUT_ALPHABET,INPUT_MULTIBYTE,INPUT_NUMERIC,INPUT_SYMBOL,INPUT_UPPERCASE,RETRIEVAL_TABLE,FORMAT,DEFAULT_VALUE,MIN_VALUE,MAX_VALUE,CALENDAR_BUTTON,JUMP_BUTTON,OPEN_BUTTON,REF_TABLE_ID,REF_FIELD_NAME,SPECIAL_BUTTON) VALUES ('TBLID_BOPE','CAR_MODE','CAR_MODE','CAR_MODE','STRING',1,'N','Y','N','Y',41,-1,0,0,41,'N','N','N','STRING',1,'Y',0,'Y','Y','Y','NONE',NULL,NULL,NULL,NULL,'N','N',0,NULL,NULL,0);
INSERT INTO SM_FIELD_DEF (TABLE_ID,FIELD_NAME,JP_TITLE,US_TITLE,DB_TYPE,DB_LENGTH,IS_KEY,NOT_BLANK,IS_DUMMY,IS_SEARCH_ITEM,SORT_NO,TREE_LEVEL,SHEET_NO,PAGE_NO,PROPERTY_NO,IS_AUTO,IS_MANDATORY,SYSTEM_READONLY,FIELD_TYPE,FIELD_LENGTH,INPUT_ALPHABET,INPUT_MULTIBYTE,INPUT_NUMERIC,INPUT_SYMBOL,INPUT_UPPERCASE,RETRIEVAL_TABLE,FORMAT,DEFAULT_VALUE,MIN_VALUE,MAX_VALUE,CALENDAR_BUTTON,JUMP_BUTTON,OPEN_BUTTON,REF_TABLE_ID,REF_FIELD_NAME,SPECIAL_BUTTON) VALUES ('TBLID_BOPE','LOT_MIX_CAT','LOT_MIX_CAT','LOT_MIX_CAT','STRING',1,'N','Y','N','Y',42,-1,0,0,42,'N','N','N','STRING',1,'Y',0,'Y','Y','Y','NONE',NULL,NULL,NULL,NULL,'N','N',0,NULL,NULL,0);
INSERT INTO SM_FIELD_DEF (TABLE_ID,FIELD_NAME,JP_TITLE,US_TITLE,DB_TYPE,DB_LENGTH,IS_KEY,NOT_BLANK,IS_DUMMY,IS_SEARCH_ITEM,SORT_NO,TREE_LEVEL,SHEET_NO,PAGE_NO,PROPERTY_NO,IS_AUTO,IS_MANDATORY,SYSTEM_READONLY,FIELD_TYPE,FIELD_LENGTH,INPUT_ALPHABET,INPUT_MULTIBYTE,INPUT_NUMERIC,INPUT_SYMBOL,INPUT_UPPERCASE,RETRIEVAL_TABLE,FORMAT,DEFAULT_VALUE,MIN_VALUE,MAX_VALUE,CALENDAR_BUTTON,JUMP_BUTTON,OPEN_BUTTON,REF_TABLE_ID,REF_FIELD_NAME,SPECIAL_BUTTON) VALUES ('TBLID_BOPE','LOT_COLLECT_FLG','LOT_COLLECT_FLG','LOT_COLLECT_FLG','STRING',1,'N','Y','N','Y',43,-1,0,0,43,'N','N','N','STRING',1,'Y',0,'Y','Y','Y','NONE',NULL,NULL,NULL,NULL,'N','N',0,NULL,NULL,0);
INSERT INTO SM_FIELD_DEF (TABLE_ID,FIELD_NAME,JP_TITLE,US_TITLE,DB_TYPE,DB_LENGTH,IS_KEY,NOT_BLANK,IS_DUMMY,IS_SEARCH_ITEM,SORT_NO,TREE_LEVEL,SHEET_NO,PAGE_NO,PROPERTY_NO,IS_AUTO,IS_MANDATORY,SYSTEM_READONLY,FIELD_TYPE,FIELD_LENGTH,INPUT_ALPHABET,INPUT_MULTIBYTE,INPUT_NUMERIC,INPUT_SYMBOL,INPUT_UPPERCASE,RETRIEVAL_TABLE,FORMAT,DEFAULT_VALUE,MIN_VALUE,MAX_VALUE,CALENDAR_BUTTON,JUMP_BUTTON,OPEN_BUTTON,REF_TABLE_ID,REF_FIELD_NAME,SPECIAL_BUTTON) VALUES ('TBLID_BOPE','OPE_INSP_FLG','OPE_INSP_FLG','OPE_INSP_FLG','STRING',1,'N','Y','N','Y',44,-1,0,0,44,'N','N','N','STRING',1,'Y',0,'Y','Y','Y','NONE',NULL,NULL,NULL,NULL,'N','N',0,NULL,NULL,0);
INSERT INTO SM_FIELD_DEF (TABLE_ID,FIELD_NAME,JP_TITLE,US_TITLE,DB_TYPE,DB_LENGTH,IS_KEY,NOT_BLANK,IS_DUMMY,IS_SEARCH_ITEM,SORT_NO,TREE_LEVEL,SHEET_NO,PAGE_NO,PROPERTY_NO,IS_AUTO,IS_MANDATORY,SYSTEM_READONLY,FIELD_TYPE,FIELD_LENGTH,INPUT_ALPHABET,INPUT_MULTIBYTE,INPUT_NUMERIC,INPUT_SYMBOL,INPUT_UPPERCASE,RETRIEVAL_TABLE,FORMAT,DEFAULT_VALUE,MIN_VALUE,MAX_VALUE,CALENDAR_BUTTON,JUMP_BUTTON,OPEN_BUTTON,REF_TABLE_ID,REF_FIELD_NAME,SPECIAL_BUTTON) VALUES ('TBLID_BOPE','OPE_INSP_REG_CAR','OPE_INSP_REG_CAR','OPE_INSP_REG_CAR','NUMBER',0,'N','Y','N','Y',45,-1,0,0,45,'N','N','N','STRING',0,'Y',0,'Y','Y','Y','NONE',NULL,NULL,NULL,NULL,'N','N',0,NULL,NULL,0);
INSERT INTO SM_FIELD_DEF (TABLE_ID,FIELD_NAME,JP_TITLE,US_TITLE,DB_TYPE,DB_LENGTH,IS_KEY,NOT_BLANK,IS_DUMMY,IS_SEARCH_ITEM,SORT_NO,TREE_LEVEL,SHEET_NO,PAGE_NO,PROPERTY_NO,IS_AUTO,IS_MANDATORY,SYSTEM_READONLY,FIELD_TYPE,FIELD_LENGTH,INPUT_ALPHABET,INPUT_MULTIBYTE,INPUT_NUMERIC,INPUT_SYMBOL,INPUT_UPPERCASE,RETRIEVAL_TABLE,FORMAT,DEFAULT_VALUE,MIN_VALUE,MAX_VALUE,CALENDAR_BUTTON,JUMP_BUTTON,OPEN_BUTTON,REF_TABLE_ID,REF_FIELD_NAME,SPECIAL_BUTTON) VALUES ('TBLID_BOPE','OPE_INSP_REG_LOT','OPE_INSP_REG_LOT','OPE_INSP_REG_LOT','NUMBER',0,'N','Y','N','Y',46,-1,0,0,46,'N','N','N','STRING',0,'Y',0,'Y','Y','Y','NONE',NULL,NULL,NULL,NULL,'N','N',0,NULL,NULL,0);
INSERT INTO SM_FIELD_DEF (TABLE_ID,FIELD_NAME,JP_TITLE,US_TITLE,DB_TYPE,DB_LENGTH,IS_KEY,NOT_BLANK,IS_DUMMY,IS_SEARCH_ITEM,SORT_NO,TREE_LEVEL,SHEET_NO,PAGE_NO,PROPERTY_NO,IS_AUTO,IS_MANDATORY,SYSTEM_READONLY,FIELD_TYPE,FIELD_LENGTH,INPUT_ALPHABET,INPUT_MULTIBYTE,INPUT_NUMERIC,INPUT_SYMBOL,INPUT_UPPERCASE,RETRIEVAL_TABLE,FORMAT,DEFAULT_VALUE,MIN_VALUE,MAX_VALUE,CALENDAR_BUTTON,JUMP_BUTTON,OPEN_BUTTON,REF_TABLE_ID,REF_FIELD_NAME,SPECIAL_BUTTON) VALUES ('TBLID_BOPE','OPE_INSP_REG_PROD','OPE_INSP_REG_PROD','OPE_INSP_REG_PROD','NUMBER',0,'N','Y','N','Y',47,-1,0,0,47,'N','N','N','STRING',0,'Y',0,'Y','Y','Y','NONE',NULL,NULL,NULL,NULL,'N','N',0,NULL,NULL,0);
INSERT INTO SM_FIELD_DEF (TABLE_ID,FIELD_NAME,JP_TITLE,US_TITLE,DB_TYPE,DB_LENGTH,IS_KEY,NOT_BLANK,IS_DUMMY,IS_SEARCH_ITEM,SORT_NO,TREE_LEVEL,SHEET_NO,PAGE_NO,PROPERTY_NO,IS_AUTO,IS_MANDATORY,SYSTEM_READONLY,FIELD_TYPE,FIELD_LENGTH,INPUT_ALPHABET,INPUT_MULTIBYTE,INPUT_NUMERIC,INPUT_SYMBOL,INPUT_UPPERCASE,RETRIEVAL_TABLE,FORMAT,DEFAULT_VALUE,MIN_VALUE,MAX_VALUE,CALENDAR_BUTTON,JUMP_BUTTON,OPEN_BUTTON,REF_TABLE_ID,REF_FIELD_NAME,SPECIAL_BUTTON) VALUES ('TBLID_BOPE','OPE_INSP_REG_RECIP','OPE_INSP_REG_RECIP','OPE_INSP_REG_RECIP','NUMBER',0,'N','Y','N','Y',48,-1,0,0,48,'N','N','N','STRING',0,'Y',0,'Y','Y','Y','NONE',NULL,NULL,NULL,NULL,'N','N',0,NULL,NULL,0);
INSERT INTO SM_FIELD_DEF (TABLE_ID,FIELD_NAME,JP_TITLE,US_TITLE,DB_TYPE,DB_LENGTH,IS_KEY,NOT_BLANK,IS_DUMMY,IS_SEARCH_ITEM,SORT_NO,TREE_LEVEL,SHEET_NO,PAGE_NO,PROPERTY_NO,IS_AUTO,IS_MANDATORY,SYSTEM_READONLY,FIELD_TYPE,FIELD_LENGTH,INPUT_ALPHABET,INPUT_MULTIBYTE,INPUT_NUMERIC,INPUT_SYMBOL,INPUT_UPPERCASE,RETRIEVAL_TABLE,FORMAT,DEFAULT_VALUE,MIN_VALUE,MAX_VALUE,CALENDAR_BUTTON,JUMP_BUTTON,OPEN_BUTTON,REF_TABLE_ID,REF_FIELD_NAME,SPECIAL_BUTTON) VALUES ('TBLID_BOPE','OPE_INSP_ENF_WAF_NUM','OPE_INSP_ENF_WAF_NUM','OPE_INSP_ENF_WAF_NUM','NUMBER',0,'N','Y','N','Y',49,-1,0,0,49,'N','N','N','STRING',0,'Y',0,'Y','Y','Y','NONE',NULL,NULL,NULL,NULL,'N','N',0,NULL,NULL,0);
INSERT INTO SM_FIELD_DEF (TABLE_ID,FIELD_NAME,JP_TITLE,US_TITLE,DB_TYPE,DB_LENGTH,IS_KEY,NOT_BLANK,IS_DUMMY,IS_SEARCH_ITEM,SORT_NO,TREE_LEVEL,SHEET_NO,PAGE_NO,PROPERTY_NO,IS_AUTO,IS_MANDATORY,SYSTEM_READONLY,FIELD_TYPE,FIELD_LENGTH,INPUT_ALPHABET,INPUT_MULTIBYTE,INPUT_NUMERIC,INPUT_SYMBOL,INPUT_UPPERCASE,RETRIEVAL_TABLE,FORMAT,DEFAULT_VALUE,MIN_VALUE,MAX_VALUE,CALENDAR_BUTTON,JUMP_BUTTON,OPEN_BUTTON,REF_TABLE_ID,REF_FIELD_NAME,SPECIAL_BUTTON) VALUES ('TBLID_BOPE','PROC_UNIT','PROC_UNIT','PROC_UNIT','STRING',1,'N','Y','N','Y',50,-1,0,0,50,'N','N','N','STRING',1,'Y',0,'Y','Y','Y','NONE',NULL,NULL,NULL,NULL,'N','N',0,NULL,NULL,0);
INSERT INTO SM_FIELD_DEF (TABLE_ID,FIELD_NAME,JP_TITLE,US_TITLE,DB_TYPE,DB_LENGTH,IS_KEY,NOT_BLANK,IS_DUMMY,IS_SEARCH_ITEM,SORT_NO,TREE_LEVEL,SHEET_NO,PAGE_NO,PROPERTY_NO,IS_AUTO,IS_MANDATORY,SYSTEM_READONLY,FIELD_TYPE,FIELD_LENGTH,INPUT_ALPHABET,INPUT_MULTIBYTE,INPUT_NUMERIC,INPUT_SYMBOL,INPUT_UPPERCASE,RETRIEVAL_TABLE,FORMAT,DEFAULT_VALUE,MIN_VALUE,MAX_VALUE,CALENDAR_BUTTON,JUMP_BUTTON,OPEN_BUTTON,REF_TABLE_ID,REF_FIELD_NAME,SPECIAL_BUTTON) VALUES ('TBLID_BOPE','PROC_TIME','PROC_TIME','PROC_TIME','STRING',9,'N','Y','N','Y',51,-1,0,0,51,'N','N','N','STRING',9,'Y',0,'Y','Y','Y','NONE',NULL,NULL,NULL,NULL,'N','N',0,NULL,NULL,0);
INSERT INTO SM_FIELD_DEF (TABLE_ID,FIELD_NAME,JP_TITLE,US_TITLE,DB_TYPE,DB_LENGTH,IS_KEY,NOT_BLANK,IS_DUMMY,IS_SEARCH_ITEM,SORT_NO,TREE_LEVEL,SHEET_NO,PAGE_NO,PROPERTY_NO,IS_AUTO,IS_MANDATORY,SYSTEM_READONLY,FIELD_TYPE,FIELD_LENGTH,INPUT_ALPHABET,INPUT_MULTIBYTE,INPUT_NUMERIC,INPUT_SYMBOL,INPUT_UPPERCASE,RETRIEVAL_TABLE,FORMAT,DEFAULT_VALUE,MIN_VALUE,MAX_VALUE,CALENDAR_BUTTON,JUMP_BUTTON,OPEN_BUTTON,REF_TABLE_ID,REF_FIELD_NAME,SPECIAL_BUTTON) VALUES ('TBLID_BOPE','PROC_QTIME','PROC_QTIME','PROC_QTIME','STRING',9,'N','Y','N','Y',52,-1,0,0,52,'N','N','N','STRING',9,'Y',0,'Y','Y','Y','NONE',NULL,NULL,NULL,NULL,'N','N',0,NULL,NULL,0);
INSERT INTO SM_FIELD_DEF (TABLE_ID,FIELD_NAME,JP_TITLE,US_TITLE,DB_TYPE,DB_LENGTH,IS_KEY,NOT_BLANK,IS_DUMMY,IS_SEARCH_ITEM,SORT_NO,TREE_LEVEL,SHEET_NO,PAGE_NO,PROPERTY_NO,IS_AUTO,IS_MANDATORY,SYSTEM_READONLY,FIELD_TYPE,FIELD_LENGTH,INPUT_ALPHABET,INPUT_MULTIBYTE,INPUT_NUMERIC,INPUT_SYMBOL,INPUT_UPPERCASE,RETRIEVAL_TABLE,FORMAT,DEFAULT_VALUE,MIN_VALUE,MAX_VALUE,CALENDAR_BUTTON,JUMP_BUTTON,OPEN_BUTTON,REF_TABLE_ID,REF_FIELD_NAME,SPECIAL_BUTTON) VALUES ('TBLID_BOPE','HANDL_TIME','HANDL_TIME','HANDL_TIME','STRING',9,'N','Y','N','Y',53,-1,0,0,53,'N','N','N','STRING',9,'Y',0,'Y','Y','Y','NONE',NULL,NULL,NULL,NULL,'N','N',0,NULL,NULL,0);
INSERT INTO SM_FIELD_DEF (TABLE_ID,FIELD_NAME,JP_TITLE,US_TITLE,DB_TYPE,DB_LENGTH,IS_KEY,NOT_BLANK,IS_DUMMY,IS_SEARCH_ITEM,SORT_NO,TREE_LEVEL,SHEET_NO,PAGE_NO,PROPERTY_NO,IS_AUTO,IS_MANDATORY,SYSTEM_READONLY,FIELD_TYPE,FIELD_LENGTH,INPUT_ALPHABET,INPUT_MULTIBYTE,INPUT_NUMERIC,INPUT_SYMBOL,INPUT_UPPERCASE,RETRIEVAL_TABLE,FORMAT,DEFAULT_VALUE,MIN_VALUE,MAX_VALUE,CALENDAR_BUTTON,JUMP_BUTTON,OPEN_BUTTON,REF_TABLE_ID,REF_FIELD_NAME,SPECIAL_BUTTON) VALUES ('TBLID_BOPE','CARRY_PORT','CARRY_PORT','CARRY_PORT','STRING',10,'N','Y','N','Y',54,-1,0,0,54,'N','N','N','STRING',10,'Y',0,'Y','Y','Y','NONE',NULL,NULL,NULL,NULL,'N','N',0,NULL,NULL,0);
INSERT INTO SM_FIELD_DEF (TABLE_ID,FIELD_NAME,JP_TITLE,US_TITLE,DB_TYPE,DB_LENGTH,IS_KEY,NOT_BLANK,IS_DUMMY,IS_SEARCH_ITEM,SORT_NO,TREE_LEVEL,SHEET_NO,PAGE_NO,PROPERTY_NO,IS_AUTO,IS_MANDATORY,SYSTEM_READONLY,FIELD_TYPE,FIELD_LENGTH,INPUT_ALPHABET,INPUT_MULTIBYTE,INPUT_NUMERIC,INPUT_SYMBOL,INPUT_UPPERCASE,RETRIEVAL_TABLE,FORMAT,DEFAULT_VALUE,MIN_VALUE,MAX_VALUE,CALENDAR_BUTTON,JUMP_BUTTON,OPEN_BUTTON,REF_TABLE_ID,REF_FIELD_NAME,SPECIAL_BUTTON) VALUES ('TBLID_BOPE','LOT_FOLLOW_FLG','LOT_FOLLOW_FLG','LOT_FOLLOW_FLG','STRING',1,'N','Y','N','Y',55,-1,0,0,55,'N','N','N','STRING',1,'Y',0,'Y','Y','Y','NONE',NULL,NULL,NULL,NULL,'N','N',0,NULL,NULL,0);

INSERT INTO SM_CHECK_DEF (TABLE_ID,CHECK_TYPE,CHECK_ORDER,CHECK_KIND,FIELD_NAME,REF_TABLE,REF_FIELD,EXPECT_VALUE,ERR_MSG) VALUES
('TBLID_BOPE','SAVE',1,'STAT_E',NULL,NULL,NULL,NULL,NULL),
('TBLID_BOPE','SAVE',2,'STRING','lock_user',NULL,NULL,'',NULL),
('TBLID_BOPE','SAVE',3,'NULLCHK','lock_time',NULL,NULL,NULL,NULL),
('TBLID_BOPE','SAVE',4,'STRING','eqp_id',NULL,NULL,'',NULL),
('TBLID_BOPE','SAVE',5,'KEY','eqp_id','0','',NULL,NULL),
('TBLID_BOPE','SAVE',6,'KEY','eqp_id','0','',NULL,NULL),
('TBLID_BOPE','SAVE',7,'STAT_R',NULL,NULL,NULL,NULL,NULL),
('TBLID_BOPE','SAVE',8,'KEY','eqp_id','0','',NULL,NULL),
('TBLID_BOPE','SAVE',9,'KEY','eqp_id','0','',NULL,NULL),
('TBLID_BOPE','SAVE',10,'STAT_R',NULL,NULL,NULL,NULL,NULL),
('TBLID_BOPE','SAVE',11,'STRING','meas_id',NULL,NULL,'',NULL),
('TBLID_BOPE','SAVE',12,'STRING','meas_id',NULL,NULL,'',NULL),
('TBLID_BOPE','SAVE',13,'KEY','meas_id','0','',NULL,NULL),
('TBLID_BOPE','SAVE',14,'KEY','meas_id','0','',NULL,NULL),
('TBLID_BOPE','SAVE',15,'STAT_R',NULL,NULL,NULL,NULL,NULL),
('TBLID_BOPE','SAVE',16,'STRING','procdata_id',NULL,NULL,'',NULL),
('TBLID_BOPE','SAVE',17,'STRING','procdata_id',NULL,NULL,'',NULL),
('TBLID_BOPE','SAVE',18,'KEY','procdata_id','0','',NULL,NULL),
('TBLID_BOPE','SAVE',19,'KEY','procdata_id','0','',NULL,NULL),
('TBLID_BOPE','SAVE',20,'STAT_R',NULL,NULL,NULL,NULL,NULL),
('TBLID_BOPE','SAVE',21,'STRING','recip_id',NULL,NULL,'',NULL),
('TBLID_BOPE','SAVE',22,'STRING','recip_id',NULL,NULL,'',NULL),
('TBLID_BOPE','SAVE',23,'KEY','recip_id','0','',NULL,NULL),
('TBLID_BOPE','SAVE',24,'KEY','recip_id','0','',NULL,NULL),
('TBLID_BOPE','SAVE',25,'STAT_R',NULL,NULL,NULL,NULL,NULL),
('TBLID_BOPE','RELEASE',1,'STAT_E',NULL,NULL,NULL,NULL,NULL),
('TBLID_BOPE','RELEASE',2,'STRING','lock_user',NULL,NULL,'',NULL),
('TBLID_BOPE','RELEASE',3,'NULLCHK','lock_time',NULL,NULL,NULL,NULL),
('TBLID_BOPE','RELEASE',4,'STRING','eqp_id',NULL,NULL,'',NULL),
('TBLID_BOPE','RELEASE',5,'KEY','eqp_id','0','',NULL,NULL),
('TBLID_BOPE','RELEASE',6,'STAT_R',NULL,NULL,NULL,NULL,NULL),
('TBLID_BOPE','RELEASE',7,'KEY','eqp_id','0','',NULL,NULL),
('TBLID_BOPE','RELEASE',8,'STAT_R',NULL,NULL,NULL,NULL,NULL),
('TBLID_BOPE','RELEASE',9,'STRING','meas_id',NULL,NULL,'',NULL),
('TBLID_BOPE','RELEASE',10,'STRING','meas_id',NULL,NULL,'',NULL),
('TBLID_BOPE','RELEASE',11,'KEY','meas_id','0','',NULL,NULL),
('TBLID_BOPE','RELEASE',12,'STAT_R',NULL,NULL,NULL,NULL,NULL),
('TBLID_BOPE','RELEASE',13,'STRING','procdata_id',NULL,NULL,'',NULL),
('TBLID_BOPE','RELEASE',14,'STRING','procdata_id',NULL,NULL,'',NULL),
('TBLID_BOPE','RELEASE',15,'KEY','procdata_id','0','',NULL,NULL),
('TBLID_BOPE','RELEASE',16,'STAT_R',NULL,NULL,NULL,NULL,NULL),
('TBLID_BOPE','RELEASE',17,'STRING','recip_id',NULL,NULL,'',NULL),
('TBLID_BOPE','RELEASE',18,'STRING','recip_id',NULL,NULL,'',NULL),
('TBLID_BOPE','RELEASE',19,'KEY','recip_id','0','',NULL,NULL),
('TBLID_BOPE','RELEASE',20,'STAT_R',NULL,NULL,NULL,NULL,NULL),
('TBLID_BOPE','RELEASE',21,'RELEASE_PARAM','ope_id','D8',NULL,NULL,NULL),
('TBLID_BOPE','RELEASE',22,'RELEASE_WRITE','ope_name','D0',NULL,NULL,NULL),
('TBLID_BOPE','RELEASE',23,'RELEASE_WRITE','ope_desc','D0',NULL,NULL,NULL),
('TBLID_BOPE','RELEASE',24,'RELEASE_WRITE','ope_property','D0',NULL,NULL,NULL),
('TBLID_BOPE','RELEASE',25,'RELEASE_WRITE','ope_cat_id','D0',NULL,NULL,NULL),
('TBLID_BOPE','RELEASE',26,'RELEASE_WRITE','eqp_id','D0',NULL,NULL,NULL),
('TBLID_BOPE','RELEASE',27,'RELEASE_WRITE','recip_id','D0',NULL,NULL,NULL),
('TBLID_BOPE','RELEASE',28,'RELEASE_WRITE','procdata_id','D0',NULL,NULL,NULL),
('TBLID_BOPE','RELEASE',29,'RELEASE_WRITE','meas_id','D0',NULL,NULL,NULL),
('TBLID_BOPE','RELEASE',30,'RELEASE_WRITE','fam_lot_hold_flg','D0',NULL,NULL,NULL),
('TBLID_BOPE','RELEASE',31,'RELEASE_WRITE','carg_unload','D0',NULL,NULL,NULL),
('TBLID_BOPE','RELEASE',32,'RELEASE_WRITE','carg_unload2','D0',NULL,NULL,NULL),
('TBLID_BOPE','RELEASE',33,'RELEASE_WRITE','carg_unload3','D0',NULL,NULL,NULL),
('TBLID_BOPE','RELEASE',34,'RELEASE_WRITE','carg_unload4','D0',NULL,NULL,NULL),
('TBLID_BOPE','RELEASE',35,'RELEASE_WRITE','carg_unload5','D0',NULL,NULL,NULL),
('TBLID_BOPE','RELEASE',36,'RELEASE_WRITE','carg_unload6','D0',NULL,NULL,NULL),
('TBLID_BOPE','RELEASE',37,'RELEASE_WRITE','carg_unload7','D0',NULL,NULL,NULL),
('TBLID_BOPE','RELEASE',38,'RELEASE_WRITE','carg_unload8','D0',NULL,NULL,NULL),
('TBLID_BOPE','RELEASE',39,'RELEASE_WRITE','carg_unload9','D0',NULL,NULL,NULL),
('TBLID_BOPE','RELEASE',40,'RELEASE_WRITE','carg_unload10','D0',NULL,NULL,NULL),
('TBLID_BOPE','RELEASE',41,'RELEASE_WRITE','carg_unload11','D0',NULL,NULL,NULL),
('TBLID_BOPE','RELEASE',42,'RELEASE_WRITE','carg_unload12','D0',NULL,NULL,NULL),
('TBLID_BOPE','RELEASE',43,'RELEASE_WRITE','carg_unload13','D0',NULL,NULL,NULL),
('TBLID_BOPE','RELEASE',44,'RELEASE_WRITE','carg_unload14','D0',NULL,NULL,NULL),
('TBLID_BOPE','RELEASE',45,'RELEASE_WRITE','carg_unload15','D0',NULL,NULL,NULL),
('TBLID_BOPE','RELEASE',46,'RELEASE_WRITE','carg_unload16','D0',NULL,NULL,NULL),
('TBLID_BOPE','RELEASE',47,'RELEASE_WRITE','carg_unload17','D0',NULL,NULL,NULL),
('TBLID_BOPE','RELEASE',48,'RELEASE_WRITE','carg_unload18','D0',NULL,NULL,NULL),
('TBLID_BOPE','RELEASE',49,'RELEASE_WRITE','carg_unload19','D0',NULL,NULL,NULL),
('TBLID_BOPE','RELEASE',50,'RELEASE_WRITE','carg_unload20','D0',NULL,NULL,NULL),
('TBLID_BOPE','RELEASE',51,'RELEASE_WRITE','carg_unload21','D0',NULL,NULL,NULL),
('TBLID_BOPE','RELEASE',52,'RELEASE_WRITE','carg_unload22','D0',NULL,NULL,NULL),
('TBLID_BOPE','RELEASE',53,'RELEASE_WRITE','carg_unload23','D0',NULL,NULL,NULL),
('TBLID_BOPE','RELEASE',54,'RELEASE_WRITE','carg_unload24','D0',NULL,NULL,NULL),
('TBLID_BOPE','RELEASE',55,'RELEASE_WRITE','carg_unload25','D0',NULL,NULL,NULL),
('TBLID_BOPE','RELEASE',56,'RELEASE_WRITE','carg_unload26','D0',NULL,NULL,NULL),
('TBLID_BOPE','RELEASE',57,'RELEASE_WRITE','carg_unload27','D0',NULL,NULL,NULL),
('TBLID_BOPE','RELEASE',58,'RELEASE_WRITE','carg_unload28','D0',NULL,NULL,NULL),
('TBLID_BOPE','RELEASE',59,'RELEASE_WRITE','carg_unload29','D0',NULL,NULL,NULL),
('TBLID_BOPE','RELEASE',60,'RELEASE_WRITE','carg_unload30','D0',NULL,NULL,NULL),
('TBLID_BOPE','RELEASE',61,'RELEASE_WRITE','car_type','D0',NULL,NULL,NULL),
('TBLID_BOPE','RELEASE',62,'RELEASE_WRITE','car_mode','D0',NULL,NULL,NULL),
('TBLID_BOPE','RELEASE',63,'RELEASE_WRITE','lot_mix_cat','D0',NULL,NULL,NULL),
('TBLID_BOPE','RELEASE',64,'RELEASE_WRITE','lot_collect_flg','D0',NULL,NULL,NULL),
('TBLID_BOPE','RELEASE',65,'RELEASE_WRITE','ope_insp_flg','D0',NULL,NULL,NULL),
('TBLID_BOPE','RELEASE',66,'RELEASE_WRITE','ope_insp_reg_car','D0',NULL,NULL,NULL),
('TBLID_BOPE','RELEASE',67,'RELEASE_WRITE','ope_insp_reg_lot','D0',NULL,NULL,NULL),
('TBLID_BOPE','RELEASE',68,'RELEASE_WRITE','ope_insp_reg_prod','D0',NULL,NULL,NULL),
('TBLID_BOPE','RELEASE',69,'RELEASE_WRITE','ope_insp_reg_recip','D0',NULL,NULL,NULL),
('TBLID_BOPE','RELEASE',70,'RELEASE_WRITE','ope_insp_enf_waf_num','D0',NULL,NULL,NULL),
('TBLID_BOPE','RELEASE',71,'RELEASE_WRITE','proc_unit','D0',NULL,NULL,NULL),
('TBLID_BOPE','RELEASE',72,'RELEASE_WRITE','proc_time','D0',NULL,NULL,NULL),
('TBLID_BOPE','RELEASE',73,'RELEASE_WRITE','proc_qtime','D0',NULL,NULL,NULL),
('TBLID_BOPE','RELEASE',74,'RELEASE_WRITE','handl_time','D0',NULL,NULL,NULL),
('TBLID_BOPE','RELEASE',75,'RELEASE_WRITE','carry_port','D0',NULL,NULL,NULL),
('TBLID_BOPE','RELEASE',76,'RELEASE_WRITE','lot_follow_flg','D0',NULL,NULL,NULL),
('TBLID_BOPE','DELETE',1,'STAT_R',NULL,NULL,NULL,NULL,NULL),
('TBLID_BOPE','DELETE',2,'STRING','lock_user',NULL,NULL,'',NULL),
('TBLID_BOPE','DELETE',3,'NULLCHK','lock_time',NULL,NULL,NULL,NULL),
('TBLID_BOPE','DELETE',4,'KEY','ope_id','0','',NULL,NULL),
('TBLID_BOPE','DELETE',5,'STAT_R',NULL,NULL,NULL,NULL,NULL),
('TBLID_BOPE','DELETE',6,'KEY','ope_id','0','',NULL,NULL),
('TBLID_BOPE','DELETE',7,'STAT_R',NULL,NULL,NULL,NULL,NULL),
('TBLID_BOPE','DELETE',8,'KEY','ope_id','0','',NULL,NULL),
('TBLID_BOPE','DELETE',9,'STAT_R',NULL,NULL,NULL,NULL,NULL),
('TBLID_BOPE','DELETE',10,'KEY','ope_id','0','',NULL,NULL),
('TBLID_BOPE','DELETE',11,'STAT_R',NULL,NULL,NULL,NULL,NULL),
('TBLID_BOPE','EDITCOMP',1,'NOTNULL',NULL,NULL,NULL,NULL,'主键未指定'),
('TBLID_BOPE','EDITCOMP',2,'STAT_E',NULL,NULL,NULL,NULL,'记录不是编辑态'),
('TBLID_BOPE','EDITCOMP',3,'LOCK_FREE',NULL,NULL,NULL,NULL,'记录已被锁定'),
('TBLID_BOPE','EDITCOMP',4,'COMP_N',NULL,NULL,NULL,NULL,'记录已编辑完成'),

-- BEQP
INSERT INTO SM_TABLE_DEF (TABLE_ID,TABLE_NAME,JP_TITLE,US_TITLE,RELEASE_FLAG,DISTRIBUTE_FLAG,PERMISSION_TYPE,SCHEMA_TYPE,HAS_DUMMY,SORT_NO)
VALUES ('TBLID_BEQP','BEQP','BEQP','BEQP','Y','N','C','L','N',230);
INSERT INTO SM_FIELD_DEF (TABLE_ID,FIELD_NAME,JP_TITLE,US_TITLE,DB_TYPE,DB_LENGTH,IS_KEY,NOT_BLANK,IS_DUMMY,IS_SEARCH_ITEM,SORT_NO,TREE_LEVEL,SHEET_NO,PAGE_NO,PROPERTY_NO,IS_AUTO,IS_MANDATORY,SYSTEM_READONLY,FIELD_TYPE,FIELD_LENGTH,INPUT_ALPHABET,INPUT_MULTIBYTE,INPUT_NUMERIC,INPUT_SYMBOL,INPUT_UPPERCASE,RETRIEVAL_TABLE,FORMAT,DEFAULT_VALUE,MIN_VALUE,MAX_VALUE,CALENDAR_BUTTON,JUMP_BUTTON,OPEN_BUTTON,REF_TABLE_ID,REF_FIELD_NAME,SPECIAL_BUTTON) VALUES ('TBLID_BEQP','EQP_ID','EQP_ID','EQP_ID','STRING',10,'Y','Y','N','Y',0,0,0,0,0,'N','N','N','STRING',10,'Y',0,'Y','Y','Y','NONE',NULL,NULL,NULL,NULL,'N','N',0,NULL,NULL,0);
INSERT INTO SM_FIELD_DEF (TABLE_ID,FIELD_NAME,JP_TITLE,US_TITLE,DB_TYPE,DB_LENGTH,IS_KEY,NOT_BLANK,IS_DUMMY,IS_SEARCH_ITEM,SORT_NO,TREE_LEVEL,SHEET_NO,PAGE_NO,PROPERTY_NO,IS_AUTO,IS_MANDATORY,SYSTEM_READONLY,FIELD_TYPE,FIELD_LENGTH,INPUT_ALPHABET,INPUT_MULTIBYTE,INPUT_NUMERIC,INPUT_SYMBOL,INPUT_UPPERCASE,RETRIEVAL_TABLE,FORMAT,DEFAULT_VALUE,MIN_VALUE,MAX_VALUE,CALENDAR_BUTTON,JUMP_BUTTON,OPEN_BUTTON,REF_TABLE_ID,REF_FIELD_NAME,SPECIAL_BUTTON) VALUES ('TBLID_BEQP','EQP_NAME','EQP_NAME','EQP_NAME','STRING',40,'N','Y','N','Y',1,-1,0,0,1,'N','N','N','STRING',40,'Y',0,'Y','Y','Y','NONE',NULL,NULL,NULL,NULL,'N','N',0,NULL,NULL,0);
INSERT INTO SM_FIELD_DEF (TABLE_ID,FIELD_NAME,JP_TITLE,US_TITLE,DB_TYPE,DB_LENGTH,IS_KEY,NOT_BLANK,IS_DUMMY,IS_SEARCH_ITEM,SORT_NO,TREE_LEVEL,SHEET_NO,PAGE_NO,PROPERTY_NO,IS_AUTO,IS_MANDATORY,SYSTEM_READONLY,FIELD_TYPE,FIELD_LENGTH,INPUT_ALPHABET,INPUT_MULTIBYTE,INPUT_NUMERIC,INPUT_SYMBOL,INPUT_UPPERCASE,RETRIEVAL_TABLE,FORMAT,DEFAULT_VALUE,MIN_VALUE,MAX_VALUE,CALENDAR_BUTTON,JUMP_BUTTON,OPEN_BUTTON,REF_TABLE_ID,REF_FIELD_NAME,SPECIAL_BUTTON) VALUES ('TBLID_BEQP','EQP_DESC','EQP_DESC','EQP_DESC','STRING',80,'N','Y','N','Y',2,-1,0,0,2,'N','N','N','STRING',80,'Y',0,'Y','Y','Y','NONE',NULL,NULL,NULL,NULL,'N','N',0,NULL,NULL,0);
INSERT INTO SM_FIELD_DEF (TABLE_ID,FIELD_NAME,JP_TITLE,US_TITLE,DB_TYPE,DB_LENGTH,IS_KEY,NOT_BLANK,IS_DUMMY,IS_SEARCH_ITEM,SORT_NO,TREE_LEVEL,SHEET_NO,PAGE_NO,PROPERTY_NO,IS_AUTO,IS_MANDATORY,SYSTEM_READONLY,FIELD_TYPE,FIELD_LENGTH,INPUT_ALPHABET,INPUT_MULTIBYTE,INPUT_NUMERIC,INPUT_SYMBOL,INPUT_UPPERCASE,RETRIEVAL_TABLE,FORMAT,DEFAULT_VALUE,MIN_VALUE,MAX_VALUE,CALENDAR_BUTTON,JUMP_BUTTON,OPEN_BUTTON,REF_TABLE_ID,REF_FIELD_NAME,SPECIAL_BUTTON) VALUES ('TBLID_BEQP','EQP_CAT','EQP_CAT','EQP_CAT','STRING',1,'N','Y','N','Y',3,-1,0,0,3,'N','N','N','STRING',1,'Y',0,'Y','Y','Y','NONE',NULL,NULL,NULL,NULL,'N','N',0,NULL,NULL,0);
INSERT INTO SM_FIELD_DEF (TABLE_ID,FIELD_NAME,JP_TITLE,US_TITLE,DB_TYPE,DB_LENGTH,IS_KEY,NOT_BLANK,IS_DUMMY,IS_SEARCH_ITEM,SORT_NO,TREE_LEVEL,SHEET_NO,PAGE_NO,PROPERTY_NO,IS_AUTO,IS_MANDATORY,SYSTEM_READONLY,FIELD_TYPE,FIELD_LENGTH,INPUT_ALPHABET,INPUT_MULTIBYTE,INPUT_NUMERIC,INPUT_SYMBOL,INPUT_UPPERCASE,RETRIEVAL_TABLE,FORMAT,DEFAULT_VALUE,MIN_VALUE,MAX_VALUE,CALENDAR_BUTTON,JUMP_BUTTON,OPEN_BUTTON,REF_TABLE_ID,REF_FIELD_NAME,SPECIAL_BUTTON) VALUES ('TBLID_BEQP','EQP_PROPERTY','EQP_PROPERTY','EQP_PROPERTY','STRING',10,'N','Y','N','Y',4,-1,0,0,4,'N','N','N','STRING',10,'Y',0,'Y','Y','Y','NONE',NULL,NULL,NULL,NULL,'N','N',0,NULL,NULL,0);
INSERT INTO SM_FIELD_DEF (TABLE_ID,FIELD_NAME,JP_TITLE,US_TITLE,DB_TYPE,DB_LENGTH,IS_KEY,NOT_BLANK,IS_DUMMY,IS_SEARCH_ITEM,SORT_NO,TREE_LEVEL,SHEET_NO,PAGE_NO,PROPERTY_NO,IS_AUTO,IS_MANDATORY,SYSTEM_READONLY,FIELD_TYPE,FIELD_LENGTH,INPUT_ALPHABET,INPUT_MULTIBYTE,INPUT_NUMERIC,INPUT_SYMBOL,INPUT_UPPERCASE,RETRIEVAL_TABLE,FORMAT,DEFAULT_VALUE,MIN_VALUE,MAX_VALUE,CALENDAR_BUTTON,JUMP_BUTTON,OPEN_BUTTON,REF_TABLE_ID,REF_FIELD_NAME,SPECIAL_BUTTON) VALUES ('TBLID_BEQP','EQP_MODE1','EQP_MODE1','EQP_MODE1','STRING',5,'N','Y','N','Y',5,-1,0,0,5,'N','N','N','STRING',5,'Y',0,'Y','Y','Y','NONE',NULL,NULL,NULL,NULL,'N','N',0,NULL,NULL,0);
INSERT INTO SM_FIELD_DEF (TABLE_ID,FIELD_NAME,JP_TITLE,US_TITLE,DB_TYPE,DB_LENGTH,IS_KEY,NOT_BLANK,IS_DUMMY,IS_SEARCH_ITEM,SORT_NO,TREE_LEVEL,SHEET_NO,PAGE_NO,PROPERTY_NO,IS_AUTO,IS_MANDATORY,SYSTEM_READONLY,FIELD_TYPE,FIELD_LENGTH,INPUT_ALPHABET,INPUT_MULTIBYTE,INPUT_NUMERIC,INPUT_SYMBOL,INPUT_UPPERCASE,RETRIEVAL_TABLE,FORMAT,DEFAULT_VALUE,MIN_VALUE,MAX_VALUE,CALENDAR_BUTTON,JUMP_BUTTON,OPEN_BUTTON,REF_TABLE_ID,REF_FIELD_NAME,SPECIAL_BUTTON) VALUES ('TBLID_BEQP','EQP_MODE2','EQP_MODE2','EQP_MODE2','STRING',5,'N','Y','N','Y',6,-1,0,0,6,'N','N','N','STRING',5,'Y',0,'Y','Y','Y','NONE',NULL,NULL,NULL,NULL,'N','N',0,NULL,NULL,0);
INSERT INTO SM_FIELD_DEF (TABLE_ID,FIELD_NAME,JP_TITLE,US_TITLE,DB_TYPE,DB_LENGTH,IS_KEY,NOT_BLANK,IS_DUMMY,IS_SEARCH_ITEM,SORT_NO,TREE_LEVEL,SHEET_NO,PAGE_NO,PROPERTY_NO,IS_AUTO,IS_MANDATORY,SYSTEM_READONLY,FIELD_TYPE,FIELD_LENGTH,INPUT_ALPHABET,INPUT_MULTIBYTE,INPUT_NUMERIC,INPUT_SYMBOL,INPUT_UPPERCASE,RETRIEVAL_TABLE,FORMAT,DEFAULT_VALUE,MIN_VALUE,MAX_VALUE,CALENDAR_BUTTON,JUMP_BUTTON,OPEN_BUTTON,REF_TABLE_ID,REF_FIELD_NAME,SPECIAL_BUTTON) VALUES ('TBLID_BEQP','EQP_MODE3','EQP_MODE3','EQP_MODE3','STRING',5,'N','Y','N','Y',7,-1,0,0,7,'N','N','N','STRING',5,'Y',0,'Y','Y','Y','NONE',NULL,NULL,NULL,NULL,'N','N',0,NULL,NULL,0);
INSERT INTO SM_FIELD_DEF (TABLE_ID,FIELD_NAME,JP_TITLE,US_TITLE,DB_TYPE,DB_LENGTH,IS_KEY,NOT_BLANK,IS_DUMMY,IS_SEARCH_ITEM,SORT_NO,TREE_LEVEL,SHEET_NO,PAGE_NO,PROPERTY_NO,IS_AUTO,IS_MANDATORY,SYSTEM_READONLY,FIELD_TYPE,FIELD_LENGTH,INPUT_ALPHABET,INPUT_MULTIBYTE,INPUT_NUMERIC,INPUT_SYMBOL,INPUT_UPPERCASE,RETRIEVAL_TABLE,FORMAT,DEFAULT_VALUE,MIN_VALUE,MAX_VALUE,CALENDAR_BUTTON,JUMP_BUTTON,OPEN_BUTTON,REF_TABLE_ID,REF_FIELD_NAME,SPECIAL_BUTTON) VALUES ('TBLID_BEQP','EQP_MODE4','EQP_MODE4','EQP_MODE4','STRING',5,'N','Y','N','Y',8,-1,0,0,8,'N','N','N','STRING',5,'Y',0,'Y','Y','Y','NONE',NULL,NULL,NULL,NULL,'N','N',0,NULL,NULL,0);
INSERT INTO SM_FIELD_DEF (TABLE_ID,FIELD_NAME,JP_TITLE,US_TITLE,DB_TYPE,DB_LENGTH,IS_KEY,NOT_BLANK,IS_DUMMY,IS_SEARCH_ITEM,SORT_NO,TREE_LEVEL,SHEET_NO,PAGE_NO,PROPERTY_NO,IS_AUTO,IS_MANDATORY,SYSTEM_READONLY,FIELD_TYPE,FIELD_LENGTH,INPUT_ALPHABET,INPUT_MULTIBYTE,INPUT_NUMERIC,INPUT_SYMBOL,INPUT_UPPERCASE,RETRIEVAL_TABLE,FORMAT,DEFAULT_VALUE,MIN_VALUE,MAX_VALUE,CALENDAR_BUTTON,JUMP_BUTTON,OPEN_BUTTON,REF_TABLE_ID,REF_FIELD_NAME,SPECIAL_BUTTON) VALUES ('TBLID_BEQP','EQP_MODE5','EQP_MODE5','EQP_MODE5','STRING',5,'N','Y','N','Y',9,-1,0,0,9,'N','N','N','STRING',5,'Y',0,'Y','Y','Y','NONE',NULL,NULL,NULL,NULL,'N','N',0,NULL,NULL,0);
INSERT INTO SM_FIELD_DEF (TABLE_ID,FIELD_NAME,JP_TITLE,US_TITLE,DB_TYPE,DB_LENGTH,IS_KEY,NOT_BLANK,IS_DUMMY,IS_SEARCH_ITEM,SORT_NO,TREE_LEVEL,SHEET_NO,PAGE_NO,PROPERTY_NO,IS_AUTO,IS_MANDATORY,SYSTEM_READONLY,FIELD_TYPE,FIELD_LENGTH,INPUT_ALPHABET,INPUT_MULTIBYTE,INPUT_NUMERIC,INPUT_SYMBOL,INPUT_UPPERCASE,RETRIEVAL_TABLE,FORMAT,DEFAULT_VALUE,MIN_VALUE,MAX_VALUE,CALENDAR_BUTTON,JUMP_BUTTON,OPEN_BUTTON,REF_TABLE_ID,REF_FIELD_NAME,SPECIAL_BUTTON) VALUES ('TBLID_BEQP','EQP_MODE6','EQP_MODE6','EQP_MODE6','STRING',5,'N','Y','N','Y',10,-1,0,0,10,'N','N','N','STRING',5,'Y',0,'Y','Y','Y','NONE',NULL,NULL,NULL,NULL,'N','N',0,NULL,NULL,0);
INSERT INTO SM_FIELD_DEF (TABLE_ID,FIELD_NAME,JP_TITLE,US_TITLE,DB_TYPE,DB_LENGTH,IS_KEY,NOT_BLANK,IS_DUMMY,IS_SEARCH_ITEM,SORT_NO,TREE_LEVEL,SHEET_NO,PAGE_NO,PROPERTY_NO,IS_AUTO,IS_MANDATORY,SYSTEM_READONLY,FIELD_TYPE,FIELD_LENGTH,INPUT_ALPHABET,INPUT_MULTIBYTE,INPUT_NUMERIC,INPUT_SYMBOL,INPUT_UPPERCASE,RETRIEVAL_TABLE,FORMAT,DEFAULT_VALUE,MIN_VALUE,MAX_VALUE,CALENDAR_BUTTON,JUMP_BUTTON,OPEN_BUTTON,REF_TABLE_ID,REF_FIELD_NAME,SPECIAL_BUTTON) VALUES ('TBLID_BEQP','EQP_MODE7','EQP_MODE7','EQP_MODE7','STRING',5,'N','Y','N','Y',11,-1,0,0,11,'N','N','N','STRING',5,'Y',0,'Y','Y','Y','NONE',NULL,NULL,NULL,NULL,'N','N',0,NULL,NULL,0);
INSERT INTO SM_FIELD_DEF (TABLE_ID,FIELD_NAME,JP_TITLE,US_TITLE,DB_TYPE,DB_LENGTH,IS_KEY,NOT_BLANK,IS_DUMMY,IS_SEARCH_ITEM,SORT_NO,TREE_LEVEL,SHEET_NO,PAGE_NO,PROPERTY_NO,IS_AUTO,IS_MANDATORY,SYSTEM_READONLY,FIELD_TYPE,FIELD_LENGTH,INPUT_ALPHABET,INPUT_MULTIBYTE,INPUT_NUMERIC,INPUT_SYMBOL,INPUT_UPPERCASE,RETRIEVAL_TABLE,FORMAT,DEFAULT_VALUE,MIN_VALUE,MAX_VALUE,CALENDAR_BUTTON,JUMP_BUTTON,OPEN_BUTTON,REF_TABLE_ID,REF_FIELD_NAME,SPECIAL_BUTTON) VALUES ('TBLID_BEQP','EQP_MODE8','EQP_MODE8','EQP_MODE8','STRING',5,'N','Y','N','Y',12,-1,0,0,12,'N','N','N','STRING',5,'Y',0,'Y','Y','Y','NONE',NULL,NULL,NULL,NULL,'N','N',0,NULL,NULL,0);
INSERT INTO SM_FIELD_DEF (TABLE_ID,FIELD_NAME,JP_TITLE,US_TITLE,DB_TYPE,DB_LENGTH,IS_KEY,NOT_BLANK,IS_DUMMY,IS_SEARCH_ITEM,SORT_NO,TREE_LEVEL,SHEET_NO,PAGE_NO,PROPERTY_NO,IS_AUTO,IS_MANDATORY,SYSTEM_READONLY,FIELD_TYPE,FIELD_LENGTH,INPUT_ALPHABET,INPUT_MULTIBYTE,INPUT_NUMERIC,INPUT_SYMBOL,INPUT_UPPERCASE,RETRIEVAL_TABLE,FORMAT,DEFAULT_VALUE,MIN_VALUE,MAX_VALUE,CALENDAR_BUTTON,JUMP_BUTTON,OPEN_BUTTON,REF_TABLE_ID,REF_FIELD_NAME,SPECIAL_BUTTON) VALUES ('TBLID_BEQP','EQP_MODE9','EQP_MODE9','EQP_MODE9','STRING',5,'N','Y','N','Y',13,-1,0,0,13,'N','N','N','STRING',5,'Y',0,'Y','Y','Y','NONE',NULL,NULL,NULL,NULL,'N','N',0,NULL,NULL,0);
INSERT INTO SM_FIELD_DEF (TABLE_ID,FIELD_NAME,JP_TITLE,US_TITLE,DB_TYPE,DB_LENGTH,IS_KEY,NOT_BLANK,IS_DUMMY,IS_SEARCH_ITEM,SORT_NO,TREE_LEVEL,SHEET_NO,PAGE_NO,PROPERTY_NO,IS_AUTO,IS_MANDATORY,SYSTEM_READONLY,FIELD_TYPE,FIELD_LENGTH,INPUT_ALPHABET,INPUT_MULTIBYTE,INPUT_NUMERIC,INPUT_SYMBOL,INPUT_UPPERCASE,RETRIEVAL_TABLE,FORMAT,DEFAULT_VALUE,MIN_VALUE,MAX_VALUE,CALENDAR_BUTTON,JUMP_BUTTON,OPEN_BUTTON,REF_TABLE_ID,REF_FIELD_NAME,SPECIAL_BUTTON) VALUES ('TBLID_BEQP','EQP_MODE10','EQP_MODE10','EQP_MODE10','STRING',5,'N','Y','N','Y',14,-1,0,0,14,'N','N','N','STRING',5,'Y',0,'Y','Y','Y','NONE',NULL,NULL,NULL,NULL,'N','N',0,NULL,NULL,0);
INSERT INTO SM_FIELD_DEF (TABLE_ID,FIELD_NAME,JP_TITLE,US_TITLE,DB_TYPE,DB_LENGTH,IS_KEY,NOT_BLANK,IS_DUMMY,IS_SEARCH_ITEM,SORT_NO,TREE_LEVEL,SHEET_NO,PAGE_NO,PROPERTY_NO,IS_AUTO,IS_MANDATORY,SYSTEM_READONLY,FIELD_TYPE,FIELD_LENGTH,INPUT_ALPHABET,INPUT_MULTIBYTE,INPUT_NUMERIC,INPUT_SYMBOL,INPUT_UPPERCASE,RETRIEVAL_TABLE,FORMAT,DEFAULT_VALUE,MIN_VALUE,MAX_VALUE,CALENDAR_BUTTON,JUMP_BUTTON,OPEN_BUTTON,REF_TABLE_ID,REF_FIELD_NAME,SPECIAL_BUTTON) VALUES ('TBLID_BEQP','WHAT_NEXT_MODE','WHAT_NEXT_MODE','WHAT_NEXT_MODE','STRING',1,'N','Y','N','Y',15,-1,0,0,15,'N','N','N','STRING',1,'Y',0,'Y','Y','Y','NONE',NULL,NULL,NULL,NULL,'N','N',0,NULL,NULL,0);
INSERT INTO SM_FIELD_DEF (TABLE_ID,FIELD_NAME,JP_TITLE,US_TITLE,DB_TYPE,DB_LENGTH,IS_KEY,NOT_BLANK,IS_DUMMY,IS_SEARCH_ITEM,SORT_NO,TREE_LEVEL,SHEET_NO,PAGE_NO,PROPERTY_NO,IS_AUTO,IS_MANDATORY,SYSTEM_READONLY,FIELD_TYPE,FIELD_LENGTH,INPUT_ALPHABET,INPUT_MULTIBYTE,INPUT_NUMERIC,INPUT_SYMBOL,INPUT_UPPERCASE,RETRIEVAL_TABLE,FORMAT,DEFAULT_VALUE,MIN_VALUE,MAX_VALUE,CALENDAR_BUTTON,JUMP_BUTTON,OPEN_BUTTON,REF_TABLE_ID,REF_FIELD_NAME,SPECIAL_BUTTON) VALUES ('TBLID_BEQP','ECS_RESRC_NAME','ECS_RESRC_NAME','ECS_RESRC_NAME','STRING',40,'N','Y','N','Y',16,-1,0,0,16,'N','N','N','STRING',40,'Y',0,'Y','Y','Y','NONE',NULL,NULL,NULL,NULL,'N','N',0,NULL,NULL,0);
INSERT INTO SM_FIELD_DEF (TABLE_ID,FIELD_NAME,JP_TITLE,US_TITLE,DB_TYPE,DB_LENGTH,IS_KEY,NOT_BLANK,IS_DUMMY,IS_SEARCH_ITEM,SORT_NO,TREE_LEVEL,SHEET_NO,PAGE_NO,PROPERTY_NO,IS_AUTO,IS_MANDATORY,SYSTEM_READONLY,FIELD_TYPE,FIELD_LENGTH,INPUT_ALPHABET,INPUT_MULTIBYTE,INPUT_NUMERIC,INPUT_SYMBOL,INPUT_UPPERCASE,RETRIEVAL_TABLE,FORMAT,DEFAULT_VALUE,MIN_VALUE,MAX_VALUE,CALENDAR_BUTTON,JUMP_BUTTON,OPEN_BUTTON,REF_TABLE_ID,REF_FIELD_NAME,SPECIAL_BUTTON) VALUES ('TBLID_BEQP','LOT_SEL_RULE1','LOT_SEL_RULE1','LOT_SEL_RULE1','STRING',1,'N','Y','N','Y',17,-1,0,0,17,'N','N','N','STRING',1,'Y',0,'Y','Y','Y','NONE',NULL,NULL,NULL,NULL,'N','N',0,NULL,NULL,0);
INSERT INTO SM_FIELD_DEF (TABLE_ID,FIELD_NAME,JP_TITLE,US_TITLE,DB_TYPE,DB_LENGTH,IS_KEY,NOT_BLANK,IS_DUMMY,IS_SEARCH_ITEM,SORT_NO,TREE_LEVEL,SHEET_NO,PAGE_NO,PROPERTY_NO,IS_AUTO,IS_MANDATORY,SYSTEM_READONLY,FIELD_TYPE,FIELD_LENGTH,INPUT_ALPHABET,INPUT_MULTIBYTE,INPUT_NUMERIC,INPUT_SYMBOL,INPUT_UPPERCASE,RETRIEVAL_TABLE,FORMAT,DEFAULT_VALUE,MIN_VALUE,MAX_VALUE,CALENDAR_BUTTON,JUMP_BUTTON,OPEN_BUTTON,REF_TABLE_ID,REF_FIELD_NAME,SPECIAL_BUTTON) VALUES ('TBLID_BEQP','LOT_SEL_RULE2','LOT_SEL_RULE2','LOT_SEL_RULE2','STRING',1,'N','Y','N','Y',18,-1,0,0,18,'N','N','N','STRING',1,'Y',0,'Y','Y','Y','NONE',NULL,NULL,NULL,NULL,'N','N',0,NULL,NULL,0);
INSERT INTO SM_FIELD_DEF (TABLE_ID,FIELD_NAME,JP_TITLE,US_TITLE,DB_TYPE,DB_LENGTH,IS_KEY,NOT_BLANK,IS_DUMMY,IS_SEARCH_ITEM,SORT_NO,TREE_LEVEL,SHEET_NO,PAGE_NO,PROPERTY_NO,IS_AUTO,IS_MANDATORY,SYSTEM_READONLY,FIELD_TYPE,FIELD_LENGTH,INPUT_ALPHABET,INPUT_MULTIBYTE,INPUT_NUMERIC,INPUT_SYMBOL,INPUT_UPPERCASE,RETRIEVAL_TABLE,FORMAT,DEFAULT_VALUE,MIN_VALUE,MAX_VALUE,CALENDAR_BUTTON,JUMP_BUTTON,OPEN_BUTTON,REF_TABLE_ID,REF_FIELD_NAME,SPECIAL_BUTTON) VALUES ('TBLID_BEQP','LOT_SEL_RULE3','LOT_SEL_RULE3','LOT_SEL_RULE3','STRING',1,'N','Y','N','Y',19,-1,0,0,19,'N','N','N','STRING',1,'Y',0,'Y','Y','Y','NONE',NULL,NULL,NULL,NULL,'N','N',0,NULL,NULL,0);
INSERT INTO SM_FIELD_DEF (TABLE_ID,FIELD_NAME,JP_TITLE,US_TITLE,DB_TYPE,DB_LENGTH,IS_KEY,NOT_BLANK,IS_DUMMY,IS_SEARCH_ITEM,SORT_NO,TREE_LEVEL,SHEET_NO,PAGE_NO,PROPERTY_NO,IS_AUTO,IS_MANDATORY,SYSTEM_READONLY,FIELD_TYPE,FIELD_LENGTH,INPUT_ALPHABET,INPUT_MULTIBYTE,INPUT_NUMERIC,INPUT_SYMBOL,INPUT_UPPERCASE,RETRIEVAL_TABLE,FORMAT,DEFAULT_VALUE,MIN_VALUE,MAX_VALUE,CALENDAR_BUTTON,JUMP_BUTTON,OPEN_BUTTON,REF_TABLE_ID,REF_FIELD_NAME,SPECIAL_BUTTON) VALUES ('TBLID_BEQP','LOT_SEL_RULE4','LOT_SEL_RULE4','LOT_SEL_RULE4','STRING',1,'N','Y','N','Y',20,-1,0,0,20,'N','N','N','STRING',1,'Y',0,'Y','Y','Y','NONE',NULL,NULL,NULL,NULL,'N','N',0,NULL,NULL,0);
INSERT INTO SM_FIELD_DEF (TABLE_ID,FIELD_NAME,JP_TITLE,US_TITLE,DB_TYPE,DB_LENGTH,IS_KEY,NOT_BLANK,IS_DUMMY,IS_SEARCH_ITEM,SORT_NO,TREE_LEVEL,SHEET_NO,PAGE_NO,PROPERTY_NO,IS_AUTO,IS_MANDATORY,SYSTEM_READONLY,FIELD_TYPE,FIELD_LENGTH,INPUT_ALPHABET,INPUT_MULTIBYTE,INPUT_NUMERIC,INPUT_SYMBOL,INPUT_UPPERCASE,RETRIEVAL_TABLE,FORMAT,DEFAULT_VALUE,MIN_VALUE,MAX_VALUE,CALENDAR_BUTTON,JUMP_BUTTON,OPEN_BUTTON,REF_TABLE_ID,REF_FIELD_NAME,SPECIAL_BUTTON) VALUES ('TBLID_BEQP','PM_FLG','PM_FLG','PM_FLG','STRING',1,'N','Y','N','Y',21,-1,0,0,21,'N','N','N','STRING',1,'Y',0,'Y','Y','Y','NONE',NULL,NULL,NULL,NULL,'N','N',0,NULL,NULL,0);
INSERT INTO SM_FIELD_DEF (TABLE_ID,FIELD_NAME,JP_TITLE,US_TITLE,DB_TYPE,DB_LENGTH,IS_KEY,NOT_BLANK,IS_DUMMY,IS_SEARCH_ITEM,SORT_NO,TREE_LEVEL,SHEET_NO,PAGE_NO,PROPERTY_NO,IS_AUTO,IS_MANDATORY,SYSTEM_READONLY,FIELD_TYPE,FIELD_LENGTH,INPUT_ALPHABET,INPUT_MULTIBYTE,INPUT_NUMERIC,INPUT_SYMBOL,INPUT_UPPERCASE,RETRIEVAL_TABLE,FORMAT,DEFAULT_VALUE,MIN_VALUE,MAX_VALUE,CALENDAR_BUTTON,JUMP_BUTTON,OPEN_BUTTON,REF_TABLE_ID,REF_FIELD_NAME,SPECIAL_BUTTON) VALUES ('TBLID_BEQP','FAB_ID','FAB_ID','FAB_ID','STRING',10,'N','Y','N','Y',22,-1,0,0,22,'N','N','N','STRING',10,'Y',0,'Y','Y','Y','NONE',NULL,NULL,NULL,NULL,'N','N',0,NULL,NULL,0);
INSERT INTO SM_FIELD_DEF (TABLE_ID,FIELD_NAME,JP_TITLE,US_TITLE,DB_TYPE,DB_LENGTH,IS_KEY,NOT_BLANK,IS_DUMMY,IS_SEARCH_ITEM,SORT_NO,TREE_LEVEL,SHEET_NO,PAGE_NO,PROPERTY_NO,IS_AUTO,IS_MANDATORY,SYSTEM_READONLY,FIELD_TYPE,FIELD_LENGTH,INPUT_ALPHABET,INPUT_MULTIBYTE,INPUT_NUMERIC,INPUT_SYMBOL,INPUT_UPPERCASE,RETRIEVAL_TABLE,FORMAT,DEFAULT_VALUE,MIN_VALUE,MAX_VALUE,CALENDAR_BUTTON,JUMP_BUTTON,OPEN_BUTTON,REF_TABLE_ID,REF_FIELD_NAME,SPECIAL_BUTTON) VALUES ('TBLID_BEQP','LINE_ID','LINE_ID','LINE_ID','STRING',10,'N','Y','N','Y',23,-1,0,0,23,'N','N','N','STRING',10,'Y',0,'Y','Y','Y','NONE',NULL,NULL,NULL,NULL,'N','N',0,NULL,NULL,0);
INSERT INTO SM_FIELD_DEF (TABLE_ID,FIELD_NAME,JP_TITLE,US_TITLE,DB_TYPE,DB_LENGTH,IS_KEY,NOT_BLANK,IS_DUMMY,IS_SEARCH_ITEM,SORT_NO,TREE_LEVEL,SHEET_NO,PAGE_NO,PROPERTY_NO,IS_AUTO,IS_MANDATORY,SYSTEM_READONLY,FIELD_TYPE,FIELD_LENGTH,INPUT_ALPHABET,INPUT_MULTIBYTE,INPUT_NUMERIC,INPUT_SYMBOL,INPUT_UPPERCASE,RETRIEVAL_TABLE,FORMAT,DEFAULT_VALUE,MIN_VALUE,MAX_VALUE,CALENDAR_BUTTON,JUMP_BUTTON,OPEN_BUTTON,REF_TABLE_ID,REF_FIELD_NAME,SPECIAL_BUTTON) VALUES ('TBLID_BEQP','WRK_PLATE_TYPE','WRK_PLATE_TYPE','WRK_PLATE_TYPE','STRING',2,'N','Y','N','Y',24,-1,0,0,24,'N','N','N','STRING',2,'Y',0,'Y','Y','Y','NONE',NULL,NULL,NULL,NULL,'N','N',0,NULL,NULL,0);
INSERT INTO SM_FIELD_DEF (TABLE_ID,FIELD_NAME,JP_TITLE,US_TITLE,DB_TYPE,DB_LENGTH,IS_KEY,NOT_BLANK,IS_DUMMY,IS_SEARCH_ITEM,SORT_NO,TREE_LEVEL,SHEET_NO,PAGE_NO,PROPERTY_NO,IS_AUTO,IS_MANDATORY,SYSTEM_READONLY,FIELD_TYPE,FIELD_LENGTH,INPUT_ALPHABET,INPUT_MULTIBYTE,INPUT_NUMERIC,INPUT_SYMBOL,INPUT_UPPERCASE,RETRIEVAL_TABLE,FORMAT,DEFAULT_VALUE,MIN_VALUE,MAX_VALUE,CALENDAR_BUTTON,JUMP_BUTTON,OPEN_BUTTON,REF_TABLE_ID,REF_FIELD_NAME,SPECIAL_BUTTON) VALUES ('TBLID_BEQP','GRAND_EQP','GRAND_EQP','GRAND_EQP','STRING',10,'N','Y','N','Y',25,-1,0,0,25,'N','N','N','STRING',10,'Y',0,'Y','Y','Y','NONE',NULL,NULL,NULL,NULL,'N','N',0,NULL,NULL,0);
INSERT INTO SM_FIELD_DEF (TABLE_ID,FIELD_NAME,JP_TITLE,US_TITLE,DB_TYPE,DB_LENGTH,IS_KEY,NOT_BLANK,IS_DUMMY,IS_SEARCH_ITEM,SORT_NO,TREE_LEVEL,SHEET_NO,PAGE_NO,PROPERTY_NO,IS_AUTO,IS_MANDATORY,SYSTEM_READONLY,FIELD_TYPE,FIELD_LENGTH,INPUT_ALPHABET,INPUT_MULTIBYTE,INPUT_NUMERIC,INPUT_SYMBOL,INPUT_UPPERCASE,RETRIEVAL_TABLE,FORMAT,DEFAULT_VALUE,MIN_VALUE,MAX_VALUE,CALENDAR_BUTTON,JUMP_BUTTON,OPEN_BUTTON,REF_TABLE_ID,REF_FIELD_NAME,SPECIAL_BUTTON) VALUES ('TBLID_BEQP','DSP_AREA','DSP_AREA','DSP_AREA','STRING',6,'N','Y','N','Y',26,-1,0,0,26,'N','N','N','STRING',6,'Y',0,'Y','Y','Y','NONE',NULL,NULL,NULL,NULL,'N','N',0,NULL,NULL,0);
INSERT INTO SM_FIELD_DEF (TABLE_ID,FIELD_NAME,JP_TITLE,US_TITLE,DB_TYPE,DB_LENGTH,IS_KEY,NOT_BLANK,IS_DUMMY,IS_SEARCH_ITEM,SORT_NO,TREE_LEVEL,SHEET_NO,PAGE_NO,PROPERTY_NO,IS_AUTO,IS_MANDATORY,SYSTEM_READONLY,FIELD_TYPE,FIELD_LENGTH,INPUT_ALPHABET,INPUT_MULTIBYTE,INPUT_NUMERIC,INPUT_SYMBOL,INPUT_UPPERCASE,RETRIEVAL_TABLE,FORMAT,DEFAULT_VALUE,MIN_VALUE,MAX_VALUE,CALENDAR_BUTTON,JUMP_BUTTON,OPEN_BUTTON,REF_TABLE_ID,REF_FIELD_NAME,SPECIAL_BUTTON) VALUES ('TBLID_BEQP','RP_RATE','RP_RATE','RP_RATE','NUMBER',0,'N','Y','N','Y',27,-1,0,0,27,'N','N','N','STRING',0,'Y',0,'Y','Y','Y','NONE',NULL,NULL,NULL,NULL,'N','N',0,NULL,NULL,0);
INSERT INTO SM_FIELD_DEF (TABLE_ID,FIELD_NAME,JP_TITLE,US_TITLE,DB_TYPE,DB_LENGTH,IS_KEY,NOT_BLANK,IS_DUMMY,IS_SEARCH_ITEM,SORT_NO,TREE_LEVEL,SHEET_NO,PAGE_NO,PROPERTY_NO,IS_AUTO,IS_MANDATORY,SYSTEM_READONLY,FIELD_TYPE,FIELD_LENGTH,INPUT_ALPHABET,INPUT_MULTIBYTE,INPUT_NUMERIC,INPUT_SYMBOL,INPUT_UPPERCASE,RETRIEVAL_TABLE,FORMAT,DEFAULT_VALUE,MIN_VALUE,MAX_VALUE,CALENDAR_BUTTON,JUMP_BUTTON,OPEN_BUTTON,REF_TABLE_ID,REF_FIELD_NAME,SPECIAL_BUTTON) VALUES ('TBLID_BEQP','LINE_CNT','LINE_CNT','LINE_CNT','NUMBER',0,'N','Y','N','Y',28,-1,0,0,28,'N','N','N','STRING',0,'Y',0,'Y','Y','Y','NONE',NULL,NULL,NULL,NULL,'N','N',0,NULL,NULL,0);
INSERT INTO SM_FIELD_DEF (TABLE_ID,FIELD_NAME,JP_TITLE,US_TITLE,DB_TYPE,DB_LENGTH,IS_KEY,NOT_BLANK,IS_DUMMY,IS_SEARCH_ITEM,SORT_NO,TREE_LEVEL,SHEET_NO,PAGE_NO,PROPERTY_NO,IS_AUTO,IS_MANDATORY,SYSTEM_READONLY,FIELD_TYPE,FIELD_LENGTH,INPUT_ALPHABET,INPUT_MULTIBYTE,INPUT_NUMERIC,INPUT_SYMBOL,INPUT_UPPERCASE,RETRIEVAL_TABLE,FORMAT,DEFAULT_VALUE,MIN_VALUE,MAX_VALUE,CALENDAR_BUTTON,JUMP_BUTTON,OPEN_BUTTON,REF_TABLE_ID,REF_FIELD_NAME,SPECIAL_BUTTON) VALUES ('TBLID_BEQP','UNIT_CNT','UNIT_CNT','UNIT_CNT','NUMBER',0,'N','Y','N','Y',29,-1,0,0,29,'N','N','N','STRING',0,'Y',0,'Y','Y','Y','NONE',NULL,NULL,NULL,NULL,'N','N',0,NULL,NULL,0);
INSERT INTO SM_FIELD_DEF (TABLE_ID,FIELD_NAME,JP_TITLE,US_TITLE,DB_TYPE,DB_LENGTH,IS_KEY,NOT_BLANK,IS_DUMMY,IS_SEARCH_ITEM,SORT_NO,TREE_LEVEL,SHEET_NO,PAGE_NO,PROPERTY_NO,IS_AUTO,IS_MANDATORY,SYSTEM_READONLY,FIELD_TYPE,FIELD_LENGTH,INPUT_ALPHABET,INPUT_MULTIBYTE,INPUT_NUMERIC,INPUT_SYMBOL,INPUT_UPPERCASE,RETRIEVAL_TABLE,FORMAT,DEFAULT_VALUE,MIN_VALUE,MAX_VALUE,CALENDAR_BUTTON,JUMP_BUTTON,OPEN_BUTTON,REF_TABLE_ID,REF_FIELD_NAME,SPECIAL_BUTTON) VALUES ('TBLID_BEQP','MCS_RESRC_NAME','MCS_RESRC_NAME','MCS_RESRC_NAME','STRING',40,'N','N','N','Y',30,-1,0,0,30,'N','N','N','STRING',40,'Y',0,'Y','Y','Y','NONE',NULL,NULL,NULL,NULL,'N','N',0,NULL,NULL,0);
INSERT INTO SM_FIELD_DEF (TABLE_ID,FIELD_NAME,JP_TITLE,US_TITLE,DB_TYPE,DB_LENGTH,IS_KEY,NOT_BLANK,IS_DUMMY,IS_SEARCH_ITEM,SORT_NO,TREE_LEVEL,SHEET_NO,PAGE_NO,PROPERTY_NO,IS_AUTO,IS_MANDATORY,SYSTEM_READONLY,FIELD_TYPE,FIELD_LENGTH,INPUT_ALPHABET,INPUT_MULTIBYTE,INPUT_NUMERIC,INPUT_SYMBOL,INPUT_UPPERCASE,RETRIEVAL_TABLE,FORMAT,DEFAULT_VALUE,MIN_VALUE,MAX_VALUE,CALENDAR_BUTTON,JUMP_BUTTON,OPEN_BUTTON,REF_TABLE_ID,REF_FIELD_NAME,SPECIAL_BUTTON) VALUES ('TBLID_BEQP','ULRQ_WAIT_TIME','ULRQ_WAIT_TIME','ULRQ_WAIT_TIME','NUMBER',0,'N','Y','N','Y',31,-1,0,0,31,'N','N','N','STRING',0,'Y',0,'Y','Y','Y','NONE',NULL,NULL,NULL,NULL,'N','N',0,NULL,NULL,0);

INSERT INTO SM_CHECK_DEF (TABLE_ID,CHECK_TYPE,CHECK_ORDER,CHECK_KIND,FIELD_NAME,REF_TABLE,REF_FIELD,EXPECT_VALUE,ERR_MSG) VALUES
('TBLID_BEQP','SAVE',1,'STAT_E',NULL,NULL,NULL,NULL,NULL),
('TBLID_BEQP','SAVE',2,'STRING','lock_user',NULL,NULL,'',NULL),
('TBLID_BEQP','SAVE',3,'NULLCHK','lock_time',NULL,NULL,NULL,NULL),
('TBLID_BEQP','RELEASE',1,'STAT_E',NULL,NULL,NULL,NULL,NULL),
('TBLID_BEQP','RELEASE',2,'STRING','lock_user',NULL,NULL,'',NULL),
('TBLID_BEQP','RELEASE',3,'NULLCHK','lock_time',NULL,NULL,NULL,NULL),
('TBLID_BEQP','RELEASE',4,'RELEASE_PARAM','eqp_id','D10',NULL,NULL,NULL),
('TBLID_BEQP','RELEASE',5,'RELEASE_WRITE','eqp_name','D0',NULL,NULL,NULL),
('TBLID_BEQP','RELEASE',6,'RELEASE_WRITE','eqp_desc','D0',NULL,NULL,NULL),
('TBLID_BEQP','RELEASE',7,'RELEASE_WRITE','eqp_cat','D0',NULL,NULL,NULL),
('TBLID_BEQP','RELEASE',8,'RELEASE_WRITE','eqp_property','D0',NULL,NULL,NULL),
('TBLID_BEQP','RELEASE',9,'RELEASE_WRITE','eqp_mode1','D0',NULL,NULL,NULL),
('TBLID_BEQP','RELEASE',10,'RELEASE_WRITE','eqp_mode2','D0',NULL,NULL,NULL),
('TBLID_BEQP','RELEASE',11,'RELEASE_WRITE','eqp_mode3','D0',NULL,NULL,NULL),
('TBLID_BEQP','RELEASE',12,'RELEASE_WRITE','eqp_mode4','D0',NULL,NULL,NULL),
('TBLID_BEQP','RELEASE',13,'RELEASE_WRITE','eqp_mode5','D0',NULL,NULL,NULL),
('TBLID_BEQP','RELEASE',14,'RELEASE_WRITE','eqp_mode6','D0',NULL,NULL,NULL),
('TBLID_BEQP','RELEASE',15,'RELEASE_WRITE','eqp_mode7','D0',NULL,NULL,NULL),
('TBLID_BEQP','RELEASE',16,'RELEASE_WRITE','eqp_mode8','D0',NULL,NULL,NULL),
('TBLID_BEQP','RELEASE',17,'RELEASE_WRITE','eqp_mode9','D0',NULL,NULL,NULL),
('TBLID_BEQP','RELEASE',18,'RELEASE_WRITE','eqp_mode10','D0',NULL,NULL,NULL),
('TBLID_BEQP','RELEASE',19,'RELEASE_WRITE','what_next_mode','D0',NULL,NULL,NULL),
('TBLID_BEQP','RELEASE',20,'RELEASE_WRITE','ecs_resrc_name','D0',NULL,NULL,NULL),
('TBLID_BEQP','RELEASE',21,'RELEASE_WRITE','lot_sel_rule1','D0',NULL,NULL,NULL),
('TBLID_BEQP','RELEASE',22,'RELEASE_WRITE','lot_sel_rule2','D0',NULL,NULL,NULL),
('TBLID_BEQP','RELEASE',23,'RELEASE_WRITE','lot_sel_rule3','D0',NULL,NULL,NULL),
('TBLID_BEQP','RELEASE',24,'RELEASE_WRITE','lot_sel_rule4','D0',NULL,NULL,NULL),
('TBLID_BEQP','RELEASE',25,'RELEASE_WRITE','pm_flg','D0',NULL,NULL,NULL),
('TBLID_BEQP','RELEASE',26,'RELEASE_WRITE','fab_id','D0',NULL,NULL,NULL),
('TBLID_BEQP','RELEASE',27,'RELEASE_WRITE','line_id','D0',NULL,NULL,NULL),
('TBLID_BEQP','RELEASE',28,'RELEASE_WRITE','wrk_plate_type','D0',NULL,NULL,NULL),
('TBLID_BEQP','RELEASE',29,'RELEASE_WRITE','grand_eqp','D0',NULL,NULL,NULL),
('TBLID_BEQP','RELEASE',30,'RELEASE_WRITE','dsp_area','D0',NULL,NULL,NULL),
('TBLID_BEQP','RELEASE',31,'RELEASE_WRITE','rp_rate','D0',NULL,NULL,NULL),
('TBLID_BEQP','RELEASE',32,'RELEASE_WRITE','line_cnt','D0',NULL,NULL,NULL),
('TBLID_BEQP','RELEASE',33,'RELEASE_WRITE','unit_cnt','D0',NULL,NULL,NULL),
('TBLID_BEQP','RELEASE',34,'RELEASE_WRITE','mcs_resrc_name','D0',NULL,NULL,NULL),
('TBLID_BEQP','RELEASE',35,'RELEASE_WRITE','ulrq_wait_time','D0',NULL,NULL,NULL),
('TBLID_BEQP','DELETE',1,'STAT_R',NULL,NULL,NULL,NULL,NULL),
('TBLID_BEQP','DELETE',2,'STRING','lock_user',NULL,NULL,'',NULL),
('TBLID_BEQP','DELETE',3,'NULLCHK','lock_time',NULL,NULL,NULL,NULL),
('TBLID_BEQP','DELETE',4,'KEY','eqp_id','0','',NULL,NULL),
('TBLID_BEQP','DELETE',5,'STAT_R',NULL,NULL,NULL,NULL,NULL),
('TBLID_BEQP','DELETE',6,'KEY','eqp_id','0','',NULL,NULL),
('TBLID_BEQP','DELETE',7,'STAT_R',NULL,NULL,NULL,NULL,NULL),
('TBLID_BEQP','DELETE',8,'KEY','eqp_id','0','',NULL,NULL),
('TBLID_BEQP','DELETE',9,'STAT_R',NULL,NULL,NULL,NULL,NULL),
('TBLID_BEQP','DELETE',10,'KEY','eqp_id','0','',NULL,NULL),
('TBLID_BEQP','DELETE',11,'STAT_R',NULL,NULL,NULL,NULL,NULL),
('TBLID_BEQP','DELETE',12,'KEY','eqp_id','0','',NULL,NULL),
('TBLID_BEQP','DELETE',13,'STAT_R',NULL,NULL,NULL,NULL,NULL),
('TBLID_BEQP','DELETE',14,'KEY','eqp_id','0','',NULL,NULL),
('TBLID_BEQP','DELETE',15,'STAT_R',NULL,NULL,NULL,NULL,NULL),
('TBLID_BEQP','DELETE',16,'KEY','eqp_id','0','',NULL,NULL),
('TBLID_BEQP','DELETE',17,'STAT_R',NULL,NULL,NULL,NULL,NULL),
('TBLID_BEQP','DELETE',18,'KEY','eqp_id','0','',NULL,NULL),
('TBLID_BEQP','DELETE',19,'STAT_R',NULL,NULL,NULL,NULL,NULL),
('TBLID_BEQP','DELETE',20,'KEY','eqp_id','0','',NULL,NULL),
('TBLID_BEQP','DELETE',21,'STAT_R',NULL,NULL,NULL,NULL,NULL),
('TBLID_BEQP','EDITCOMP',1,'NOTNULL',NULL,NULL,NULL,NULL,'主键未指定'),
('TBLID_BEQP','EDITCOMP',2,'STAT_E',NULL,NULL,NULL,NULL,'记录不是编辑态'),
('TBLID_BEQP','EDITCOMP',3,'LOCK_FREE',NULL,NULL,NULL,NULL,'记录已被锁定'),
('TBLID_BEQP','EDITCOMP',4,'COMP_N',NULL,NULL,NULL,NULL,'记录已编辑完成'),

-- BAREA
INSERT INTO SM_TABLE_DEF (TABLE_ID,TABLE_NAME,JP_TITLE,US_TITLE,RELEASE_FLAG,DISTRIBUTE_FLAG,PERMISSION_TYPE,SCHEMA_TYPE,HAS_DUMMY,SORT_NO)
VALUES ('TBLID_BAREA','BAREA','BAREA','BAREA','Y','N','C','L','N',240);
INSERT INTO SM_FIELD_DEF (TABLE_ID,FIELD_NAME,JP_TITLE,US_TITLE,DB_TYPE,DB_LENGTH,IS_KEY,NOT_BLANK,IS_DUMMY,IS_SEARCH_ITEM,SORT_NO,TREE_LEVEL,SHEET_NO,PAGE_NO,PROPERTY_NO,IS_AUTO,IS_MANDATORY,SYSTEM_READONLY,FIELD_TYPE,FIELD_LENGTH,INPUT_ALPHABET,INPUT_MULTIBYTE,INPUT_NUMERIC,INPUT_SYMBOL,INPUT_UPPERCASE,RETRIEVAL_TABLE,FORMAT,DEFAULT_VALUE,MIN_VALUE,MAX_VALUE,CALENDAR_BUTTON,JUMP_BUTTON,OPEN_BUTTON,REF_TABLE_ID,REF_FIELD_NAME,SPECIAL_BUTTON) VALUES ('TBLID_BAREA','AREA_ID','AREA_ID','AREA_ID','STRING',6,'Y','Y','N','Y',0,0,0,0,0,'N','N','N','STRING',6,'Y',0,'Y','Y','Y','NONE',NULL,NULL,NULL,NULL,'N','N',0,NULL,NULL,0);
INSERT INTO SM_FIELD_DEF (TABLE_ID,FIELD_NAME,JP_TITLE,US_TITLE,DB_TYPE,DB_LENGTH,IS_KEY,NOT_BLANK,IS_DUMMY,IS_SEARCH_ITEM,SORT_NO,TREE_LEVEL,SHEET_NO,PAGE_NO,PROPERTY_NO,IS_AUTO,IS_MANDATORY,SYSTEM_READONLY,FIELD_TYPE,FIELD_LENGTH,INPUT_ALPHABET,INPUT_MULTIBYTE,INPUT_NUMERIC,INPUT_SYMBOL,INPUT_UPPERCASE,RETRIEVAL_TABLE,FORMAT,DEFAULT_VALUE,MIN_VALUE,MAX_VALUE,CALENDAR_BUTTON,JUMP_BUTTON,OPEN_BUTTON,REF_TABLE_ID,REF_FIELD_NAME,SPECIAL_BUTTON) VALUES ('TBLID_BAREA','AREA_NAME','AREA_NAME','AREA_NAME','STRING',40,'N','Y','N','Y',1,-1,0,0,1,'N','N','N','STRING',40,'Y',0,'Y','Y','Y','NONE',NULL,NULL,NULL,NULL,'N','N',0,NULL,NULL,0);
INSERT INTO SM_FIELD_DEF (TABLE_ID,FIELD_NAME,JP_TITLE,US_TITLE,DB_TYPE,DB_LENGTH,IS_KEY,NOT_BLANK,IS_DUMMY,IS_SEARCH_ITEM,SORT_NO,TREE_LEVEL,SHEET_NO,PAGE_NO,PROPERTY_NO,IS_AUTO,IS_MANDATORY,SYSTEM_READONLY,FIELD_TYPE,FIELD_LENGTH,INPUT_ALPHABET,INPUT_MULTIBYTE,INPUT_NUMERIC,INPUT_SYMBOL,INPUT_UPPERCASE,RETRIEVAL_TABLE,FORMAT,DEFAULT_VALUE,MIN_VALUE,MAX_VALUE,CALENDAR_BUTTON,JUMP_BUTTON,OPEN_BUTTON,REF_TABLE_ID,REF_FIELD_NAME,SPECIAL_BUTTON) VALUES ('TBLID_BAREA','AREA_DESC','AREA_DESC','AREA_DESC','STRING',80,'N','Y','N','Y',2,-1,0,0,2,'N','N','N','STRING',80,'Y',0,'Y','Y','Y','NONE',NULL,NULL,NULL,NULL,'N','N',0,NULL,NULL,0);
INSERT INTO SM_FIELD_DEF (TABLE_ID,FIELD_NAME,JP_TITLE,US_TITLE,DB_TYPE,DB_LENGTH,IS_KEY,NOT_BLANK,IS_DUMMY,IS_SEARCH_ITEM,SORT_NO,TREE_LEVEL,SHEET_NO,PAGE_NO,PROPERTY_NO,IS_AUTO,IS_MANDATORY,SYSTEM_READONLY,FIELD_TYPE,FIELD_LENGTH,INPUT_ALPHABET,INPUT_MULTIBYTE,INPUT_NUMERIC,INPUT_SYMBOL,INPUT_UPPERCASE,RETRIEVAL_TABLE,FORMAT,DEFAULT_VALUE,MIN_VALUE,MAX_VALUE,CALENDAR_BUTTON,JUMP_BUTTON,OPEN_BUTTON,REF_TABLE_ID,REF_FIELD_NAME,SPECIAL_BUTTON) VALUES ('TBLID_BAREA','IP_ADRESS','IP_ADRESS','IP_ADRESS','STRING',15,'N','Y','N','Y',3,-1,0,0,3,'N','N','N','STRING',15,'Y',0,'Y','Y','Y','NONE',NULL,NULL,NULL,NULL,'N','N',0,NULL,NULL,0);

INSERT INTO SM_CHECK_DEF (TABLE_ID,CHECK_TYPE,CHECK_ORDER,CHECK_KIND,FIELD_NAME,REF_TABLE,REF_FIELD,EXPECT_VALUE,ERR_MSG) VALUES
('TBLID_BAREA','SAVE',1,'STAT_E',NULL,NULL,NULL,NULL,NULL),
('TBLID_BAREA','SAVE',2,'STRING','lock_user',NULL,NULL,'',NULL),
('TBLID_BAREA','SAVE',3,'NULLCHK','lock_time',NULL,NULL,NULL,NULL),
('TBLID_BAREA','RELEASE',1,'STAT_E',NULL,NULL,NULL,NULL,NULL),
('TBLID_BAREA','RELEASE',2,'STRING','lock_user',NULL,NULL,'',NULL),
('TBLID_BAREA','RELEASE',3,'NULLCHK','lock_time',NULL,NULL,NULL,NULL),
('TBLID_BAREA','RELEASE',4,'RELEASE_PARAM','area_id','D6',NULL,NULL,NULL),
('TBLID_BAREA','RELEASE',5,'RELEASE_WRITE','area_name','D0',NULL,NULL,NULL),
('TBLID_BAREA','RELEASE',6,'RELEASE_WRITE','area_desc','D0',NULL,NULL,NULL),
('TBLID_BAREA','RELEASE',7,'RELEASE_WRITE','ip_adress','D0',NULL,NULL,NULL),
('TBLID_BAREA','DELETE',1,'STAT_R',NULL,NULL,NULL,NULL,NULL),
('TBLID_BAREA','DELETE',2,'STRING','lock_user',NULL,NULL,'',NULL),
('TBLID_BAREA','DELETE',3,'NULLCHK','lock_time',NULL,NULL,NULL,NULL),
('TBLID_BAREA','EDITCOMP',1,'NOTNULL',NULL,NULL,NULL,NULL,'主键未指定'),
('TBLID_BAREA','EDITCOMP',2,'STAT_E',NULL,NULL,NULL,NULL,'记录不是编辑态'),
('TBLID_BAREA','EDITCOMP',3,'LOCK_FREE',NULL,NULL,NULL,NULL,'记录已被锁定'),
('TBLID_BAREA','EDITCOMP',4,'COMP_N',NULL,NULL,NULL,NULL,'记录已编辑完成'),

-- BEQPG
INSERT INTO SM_TABLE_DEF (TABLE_ID,TABLE_NAME,JP_TITLE,US_TITLE,RELEASE_FLAG,DISTRIBUTE_FLAG,PERMISSION_TYPE,SCHEMA_TYPE,HAS_DUMMY,SORT_NO)
VALUES ('TBLID_BEQPG','BEQPG','BEQPG','BEQPG','Y','N','C','L','N',250);
INSERT INTO SM_FIELD_DEF (TABLE_ID,FIELD_NAME,JP_TITLE,US_TITLE,DB_TYPE,DB_LENGTH,IS_KEY,NOT_BLANK,IS_DUMMY,IS_SEARCH_ITEM,SORT_NO,TREE_LEVEL,SHEET_NO,PAGE_NO,PROPERTY_NO,IS_AUTO,IS_MANDATORY,SYSTEM_READONLY,FIELD_TYPE,FIELD_LENGTH,INPUT_ALPHABET,INPUT_MULTIBYTE,INPUT_NUMERIC,INPUT_SYMBOL,INPUT_UPPERCASE,RETRIEVAL_TABLE,FORMAT,DEFAULT_VALUE,MIN_VALUE,MAX_VALUE,CALENDAR_BUTTON,JUMP_BUTTON,OPEN_BUTTON,REF_TABLE_ID,REF_FIELD_NAME,SPECIAL_BUTTON) VALUES ('TBLID_BEQPG','EQPG_ID','EQPG_ID','EQPG_ID','STRING',10,'Y','Y','N','Y',0,0,0,0,0,'N','N','N','STRING',10,'Y',0,'Y','Y','Y','NONE',NULL,NULL,NULL,NULL,'N','N',0,NULL,NULL,0);
INSERT INTO SM_FIELD_DEF (TABLE_ID,FIELD_NAME,JP_TITLE,US_TITLE,DB_TYPE,DB_LENGTH,IS_KEY,NOT_BLANK,IS_DUMMY,IS_SEARCH_ITEM,SORT_NO,TREE_LEVEL,SHEET_NO,PAGE_NO,PROPERTY_NO,IS_AUTO,IS_MANDATORY,SYSTEM_READONLY,FIELD_TYPE,FIELD_LENGTH,INPUT_ALPHABET,INPUT_MULTIBYTE,INPUT_NUMERIC,INPUT_SYMBOL,INPUT_UPPERCASE,RETRIEVAL_TABLE,FORMAT,DEFAULT_VALUE,MIN_VALUE,MAX_VALUE,CALENDAR_BUTTON,JUMP_BUTTON,OPEN_BUTTON,REF_TABLE_ID,REF_FIELD_NAME,SPECIAL_BUTTON) VALUES ('TBLID_BEQPG','EQPG_NAME','EQPG_NAME','EQPG_NAME','STRING',40,'N','Y','N','Y',1,-1,0,0,1,'N','N','N','STRING',40,'Y',0,'Y','Y','Y','NONE',NULL,NULL,NULL,NULL,'N','N',0,NULL,NULL,0);
INSERT INTO SM_FIELD_DEF (TABLE_ID,FIELD_NAME,JP_TITLE,US_TITLE,DB_TYPE,DB_LENGTH,IS_KEY,NOT_BLANK,IS_DUMMY,IS_SEARCH_ITEM,SORT_NO,TREE_LEVEL,SHEET_NO,PAGE_NO,PROPERTY_NO,IS_AUTO,IS_MANDATORY,SYSTEM_READONLY,FIELD_TYPE,FIELD_LENGTH,INPUT_ALPHABET,INPUT_MULTIBYTE,INPUT_NUMERIC,INPUT_SYMBOL,INPUT_UPPERCASE,RETRIEVAL_TABLE,FORMAT,DEFAULT_VALUE,MIN_VALUE,MAX_VALUE,CALENDAR_BUTTON,JUMP_BUTTON,OPEN_BUTTON,REF_TABLE_ID,REF_FIELD_NAME,SPECIAL_BUTTON) VALUES ('TBLID_BEQPG','EQPG_DESC','EQPG_DESC','EQPG_DESC','STRING',80,'N','Y','N','Y',2,-1,0,0,2,'N','N','N','STRING',80,'Y',0,'Y','Y','Y','NONE',NULL,NULL,NULL,NULL,'N','N',0,NULL,NULL,0);

INSERT INTO SM_CHECK_DEF (TABLE_ID,CHECK_TYPE,CHECK_ORDER,CHECK_KIND,FIELD_NAME,REF_TABLE,REF_FIELD,EXPECT_VALUE,ERR_MSG) VALUES
('TBLID_BEQPG','SAVE',1,'STAT_E',NULL,NULL,NULL,NULL,NULL),
('TBLID_BEQPG','SAVE',2,'STRING','lock_user',NULL,NULL,'',NULL),
('TBLID_BEQPG','SAVE',3,'NULLCHK','lock_time',NULL,NULL,NULL,NULL),
('TBLID_BEQPG','RELEASE',1,'STAT_E',NULL,NULL,NULL,NULL,NULL),
('TBLID_BEQPG','RELEASE',2,'STRING','lock_user',NULL,NULL,'',NULL),
('TBLID_BEQPG','RELEASE',3,'NULLCHK','lock_time',NULL,NULL,NULL,NULL),
('TBLID_BEQPG','RELEASE',4,'RELEASE_PARAM','eqpg_id','D10',NULL,NULL,NULL),
('TBLID_BEQPG','RELEASE',5,'RELEASE_WRITE','eqpg_name','D0',NULL,NULL,NULL),
('TBLID_BEQPG','RELEASE',6,'RELEASE_WRITE','eqpg_desc','D0',NULL,NULL,NULL),
('TBLID_BEQPG','DELETE',1,'STAT_R',NULL,NULL,NULL,NULL,NULL),
('TBLID_BEQPG','DELETE',2,'STRING','lock_user',NULL,NULL,'',NULL),
('TBLID_BEQPG','DELETE',3,'NULLCHK','lock_time',NULL,NULL,NULL,NULL),
('TBLID_BEQPG','DELETE',4,'KEY','eqpg_id','0','',NULL,NULL),
('TBLID_BEQPG','DELETE',5,'STAT_R',NULL,NULL,NULL,NULL,NULL),
('TBLID_BEQPG','EDITCOMP',1,'NOTNULL',NULL,NULL,NULL,NULL,'主键未指定'),
('TBLID_BEQPG','EDITCOMP',2,'STAT_E',NULL,NULL,NULL,NULL,'记录不是编辑态'),
('TBLID_BEQPG','EDITCOMP',3,'LOCK_FREE',NULL,NULL,NULL,NULL,'记录已被锁定'),
('TBLID_BEQPG','EDITCOMP',4,'COMP_N',NULL,NULL,NULL,NULL,'记录已编辑完成'),
