-- BROUTE (6 fields)
INSERT INTO SM_TABLE_DEF (TABLE_ID,TABLE_NAME,JP_TITLE,US_TITLE,RELEASE_FLAG,DISTRIBUTE_FLAG,PERMISSION_TYPE,SCHEMA_TYPE,HAS_DUMMY,SORT_NO) VALUES ('TBLID_BROUTE','BROUTE','BROUTE','BROUTE','Y','N','C','L','N',60);
INSERT INTO SM_FIELD_DEF (TABLE_ID,FIELD_NAME,JP_TITLE,US_TITLE,DB_TYPE,DB_LENGTH,IS_KEY,NOT_BLANK,IS_DUMMY,IS_SEARCH_ITEM,SORT_NO,TREE_LEVEL,SHEET_NO,PAGE_NO,PROPERTY_NO,IS_AUTO,IS_MANDATORY,SYSTEM_READONLY,FIELD_TYPE,FIELD_LENGTH,INPUT_ALPHABET,INPUT_MULTIBYTE,INPUT_NUMERIC,INPUT_SYMBOL,INPUT_UPPERCASE,RETRIEVAL_TABLE,FORMAT,DEFAULT_VALUE,MIN_VALUE,MAX_VALUE,CALENDAR_BUTTON,JUMP_BUTTON,OPEN_BUTTON,REF_TABLE_ID,REF_FIELD_NAME,SPECIAL_BUTTON) VALUES ('TBLID_BROUTE','ROUTE_ID','ROUTE_ID','ROUTE_ID','STRING',12,'Y','Y','N','Y',0,0,0,0,0,'N','N','N','STRING',12,'Y',0,'Y','Y','Y','NONE',NULL,NULL,NULL,NULL,'N','N',0,NULL,NULL,0);
INSERT INTO SM_FIELD_DEF (TABLE_ID,FIELD_NAME,JP_TITLE,US_TITLE,DB_TYPE,DB_LENGTH,IS_KEY,NOT_BLANK,IS_DUMMY,IS_SEARCH_ITEM,SORT_NO,TREE_LEVEL,SHEET_NO,PAGE_NO,PROPERTY_NO,IS_AUTO,IS_MANDATORY,SYSTEM_READONLY,FIELD_TYPE,FIELD_LENGTH,INPUT_ALPHABET,INPUT_MULTIBYTE,INPUT_NUMERIC,INPUT_SYMBOL,INPUT_UPPERCASE,RETRIEVAL_TABLE,FORMAT,DEFAULT_VALUE,MIN_VALUE,MAX_VALUE,CALENDAR_BUTTON,JUMP_BUTTON,OPEN_BUTTON,REF_TABLE_ID,REF_FIELD_NAME,SPECIAL_BUTTON) VALUES ('TBLID_BROUTE','ROUTE_VER','ROUTE_VER','ROUTE_VER','STRING',3,'N','Y','N','Y',1,-1,0,0,1,'N','N','N','STRING',3,'Y',0,'Y','Y','Y','NONE',NULL,NULL,NULL,NULL,'N','N',0,NULL,NULL,0);
INSERT INTO SM_FIELD_DEF (TABLE_ID,FIELD_NAME,JP_TITLE,US_TITLE,DB_TYPE,DB_LENGTH,IS_KEY,NOT_BLANK,IS_DUMMY,IS_SEARCH_ITEM,SORT_NO,TREE_LEVEL,SHEET_NO,PAGE_NO,PROPERTY_NO,IS_AUTO,IS_MANDATORY,SYSTEM_READONLY,FIELD_TYPE,FIELD_LENGTH,INPUT_ALPHABET,INPUT_MULTIBYTE,INPUT_NUMERIC,INPUT_SYMBOL,INPUT_UPPERCASE,RETRIEVAL_TABLE,FORMAT,DEFAULT_VALUE,MIN_VALUE,MAX_VALUE,CALENDAR_BUTTON,JUMP_BUTTON,OPEN_BUTTON,REF_TABLE_ID,REF_FIELD_NAME,SPECIAL_BUTTON) VALUES ('TBLID_BROUTE','SUB_RWK_CAT','SUB_RWK_CAT','SUB_RWK_CAT','STRING',1,'N','Y','N','Y',2,-1,0,0,2,'N','N','N','STRING',1,'Y',0,'Y','Y','Y','NONE',NULL,NULL,NULL,NULL,'N','N',0,NULL,NULL,0);
INSERT INTO SM_FIELD_DEF (TABLE_ID,FIELD_NAME,JP_TITLE,US_TITLE,DB_TYPE,DB_LENGTH,IS_KEY,NOT_BLANK,IS_DUMMY,IS_SEARCH_ITEM,SORT_NO,TREE_LEVEL,SHEET_NO,PAGE_NO,PROPERTY_NO,IS_AUTO,IS_MANDATORY,SYSTEM_READONLY,FIELD_TYPE,FIELD_LENGTH,INPUT_ALPHABET,INPUT_MULTIBYTE,INPUT_NUMERIC,INPUT_SYMBOL,INPUT_UPPERCASE,RETRIEVAL_TABLE,FORMAT,DEFAULT_VALUE,MIN_VALUE,MAX_VALUE,CALENDAR_BUTTON,JUMP_BUTTON,OPEN_BUTTON,REF_TABLE_ID,REF_FIELD_NAME,SPECIAL_BUTTON) VALUES ('TBLID_BROUTE','ROUTE_CAT','ROUTE_CAT','ROUTE_CAT','STRING',10,'N','Y','N','Y',3,-1,0,0,3,'N','N','N','STRING',10,'Y',0,'Y','Y','Y','NONE',NULL,NULL,NULL,NULL,'N','N',0,NULL,NULL,0);
INSERT INTO SM_FIELD_DEF (TABLE_ID,FIELD_NAME,JP_TITLE,US_TITLE,DB_TYPE,DB_LENGTH,IS_KEY,NOT_BLANK,IS_DUMMY,IS_SEARCH_ITEM,SORT_NO,TREE_LEVEL,SHEET_NO,PAGE_NO,PROPERTY_NO,IS_AUTO,IS_MANDATORY,SYSTEM_READONLY,FIELD_TYPE,FIELD_LENGTH,INPUT_ALPHABET,INPUT_MULTIBYTE,INPUT_NUMERIC,INPUT_SYMBOL,INPUT_UPPERCASE,RETRIEVAL_TABLE,FORMAT,DEFAULT_VALUE,MIN_VALUE,MAX_VALUE,CALENDAR_BUTTON,JUMP_BUTTON,OPEN_BUTTON,REF_TABLE_ID,REF_FIELD_NAME,SPECIAL_BUTTON) VALUES ('TBLID_BROUTE','ROUTE_NAME','ROUTE_NAME','ROUTE_NAME','STRING',40,'N','Y','N','Y',4,-1,0,0,4,'N','N','N','STRING',40,'Y',0,'Y','Y','Y','NONE',NULL,NULL,NULL,NULL,'N','N',0,NULL,NULL,0);
INSERT INTO SM_FIELD_DEF (TABLE_ID,FIELD_NAME,JP_TITLE,US_TITLE,DB_TYPE,DB_LENGTH,IS_KEY,NOT_BLANK,IS_DUMMY,IS_SEARCH_ITEM,SORT_NO,TREE_LEVEL,SHEET_NO,PAGE_NO,PROPERTY_NO,IS_AUTO,IS_MANDATORY,SYSTEM_READONLY,FIELD_TYPE,FIELD_LENGTH,INPUT_ALPHABET,INPUT_MULTIBYTE,INPUT_NUMERIC,INPUT_SYMBOL,INPUT_UPPERCASE,RETRIEVAL_TABLE,FORMAT,DEFAULT_VALUE,MIN_VALUE,MAX_VALUE,CALENDAR_BUTTON,JUMP_BUTTON,OPEN_BUTTON,REF_TABLE_ID,REF_FIELD_NAME,SPECIAL_BUTTON) VALUES ('TBLID_BROUTE','ROUTE_DESC','ROUTE_DESC','ROUTE_DESC','STRING',80,'N','Y','N','Y',5,-1,0,0,5,'N','N','N','STRING',80,'Y',0,'Y','Y','Y','NONE',NULL,NULL,NULL,NULL,'N','N',0,NULL,NULL,0);
INSERT INTO SM_CHECK_DEF (TABLE_ID,CHECK_TYPE,CHECK_ORDER,CHECK_KIND,FIELD_NAME,REF_TABLE,REF_FIELD,EXPECT_VALUE,ERR_MSG) VALUES ('TBLID_BROUTE','SAVE',1,'NOTNULL','ROUTE_ID',NULL,NULL,NULL,'ROUTE_ID不能为空');
INSERT INTO SM_CHECK_DEF (TABLE_ID,CHECK_TYPE,CHECK_ORDER,CHECK_KIND,FIELD_NAME,REF_TABLE,REF_FIELD,EXPECT_VALUE,ERR_MSG) VALUES ('TBLID_BROUTE','SAVE',2,'STAT_E',NULL,NULL,NULL,NULL,'记录不是编辑态');
INSERT INTO SM_CHECK_DEF (TABLE_ID,CHECK_TYPE,CHECK_ORDER,CHECK_KIND,FIELD_NAME,REF_TABLE,REF_FIELD,EXPECT_VALUE,ERR_MSG) VALUES ('TBLID_BROUTE','SAVE',3,'LOCK_FREE',NULL,NULL,NULL,NULL,'记录已被锁定');
INSERT INTO SM_CHECK_DEF (TABLE_ID,CHECK_TYPE,CHECK_ORDER,CHECK_KIND,FIELD_NAME,REF_TABLE,REF_FIELD,EXPECT_VALUE,ERR_MSG) VALUES ('TBLID_BROUTE','RELEASE',1,'NOTNULL','ROUTE_ID',NULL,NULL,NULL,'ROUTE_ID不能为空');
INSERT INTO SM_CHECK_DEF (TABLE_ID,CHECK_TYPE,CHECK_ORDER,CHECK_KIND,FIELD_NAME,REF_TABLE,REF_FIELD,EXPECT_VALUE,ERR_MSG) VALUES ('TBLID_BROUTE','RELEASE',2,'STAT_E',NULL,NULL,NULL,NULL,'记录不是编辑态');
INSERT INTO SM_CHECK_DEF (TABLE_ID,CHECK_TYPE,CHECK_ORDER,CHECK_KIND,FIELD_NAME,REF_TABLE,REF_FIELD,EXPECT_VALUE,ERR_MSG) VALUES ('TBLID_BROUTE','RELEASE',3,'LOCK_FREE',NULL,NULL,NULL,NULL,'记录已被锁定');
INSERT INTO SM_CHECK_DEF (TABLE_ID,CHECK_TYPE,CHECK_ORDER,CHECK_KIND,FIELD_NAME,REF_TABLE,REF_FIELD,EXPECT_VALUE,ERR_MSG) VALUES ('TBLID_BROUTE','RELEASE',10,'RELEASE_PARAM','ROUTE_ID','DROUTE',NULL,NULL,NULL);
INSERT INTO SM_CHECK_DEF (TABLE_ID,CHECK_TYPE,CHECK_ORDER,CHECK_KIND,FIELD_NAME,REF_TABLE,REF_FIELD,EXPECT_VALUE,ERR_MSG) VALUES ('TBLID_BROUTE','DELETE',1,'NOTNULL','ROUTE_ID',NULL,NULL,NULL,'ROUTE_ID不能为空');
INSERT INTO SM_CHECK_DEF (TABLE_ID,CHECK_TYPE,CHECK_ORDER,CHECK_KIND,FIELD_NAME,REF_TABLE,REF_FIELD,EXPECT_VALUE,ERR_MSG) VALUES ('TBLID_BROUTE','DELETE',2,'STAT_R',NULL,NULL,NULL,NULL,'记录不是已发布态');
INSERT INTO SM_CHECK_DEF (TABLE_ID,CHECK_TYPE,CHECK_ORDER,CHECK_KIND,FIELD_NAME,REF_TABLE,REF_FIELD,EXPECT_VALUE,ERR_MSG) VALUES ('TBLID_BROUTE','DELETE',3,'LOCK_FREE',NULL,NULL,NULL,NULL,'记录已被锁定');
INSERT INTO SM_CHECK_DEF (TABLE_ID,CHECK_TYPE,CHECK_ORDER,CHECK_KIND,FIELD_NAME,REF_TABLE,REF_FIELD,EXPECT_VALUE,ERR_MSG) VALUES ('TBLID_BROUTE','EDITCOMP',1,'NOTNULL','ROUTE_ID',NULL,NULL,NULL,'ROUTE_ID不能为空');
INSERT INTO SM_CHECK_DEF (TABLE_ID,CHECK_TYPE,CHECK_ORDER,CHECK_KIND,FIELD_NAME,REF_TABLE,REF_FIELD,EXPECT_VALUE,ERR_MSG) VALUES ('TBLID_BROUTE','EDITCOMP',2,'STAT_E',NULL,NULL,NULL,NULL,'记录不是编辑态');
INSERT INTO SM_CHECK_DEF (TABLE_ID,CHECK_TYPE,CHECK_ORDER,CHECK_KIND,FIELD_NAME,REF_TABLE,REF_FIELD,EXPECT_VALUE,ERR_MSG) VALUES ('TBLID_BROUTE','EDITCOMP',3,'LOCK_FREE',NULL,NULL,NULL,NULL,'记录已被锁定');
INSERT INTO SM_CHECK_DEF (TABLE_ID,CHECK_TYPE,CHECK_ORDER,CHECK_KIND,FIELD_NAME,REF_TABLE,REF_FIELD,EXPECT_VALUE,ERR_MSG) VALUES ('TBLID_BROUTE','EDITCOMP',4,'COMP_N',NULL,NULL,NULL,NULL,'记录已编辑完成');

-- BOPE (56 fields)
INSERT INTO SM_TABLE_DEF (TABLE_ID,TABLE_NAME,JP_TITLE,US_TITLE,RELEASE_FLAG,DISTRIBUTE_FLAG,PERMISSION_TYPE,SCHEMA_TYPE,HAS_DUMMY,SORT_NO) VALUES ('TBLID_BOPE','BOPE','BOPE','BOPE','Y','N','C','L','N',70);
INSERT INTO SM_FIELD_DEF (TABLE_ID,FIELD_NAME,JP_TITLE,US_TITLE,DB_TYPE,DB_LENGTH,IS_KEY,NOT_BLANK,IS_DUMMY,IS_SEARCH_ITEM,SORT_NO,TREE_LEVEL,SHEET_NO,PAGE_NO,PROPERTY_NO,IS_AUTO,IS_MANDATORY,SYSTEM_READONLY,FIELD_TYPE,FIELD_LENGTH,INPUT_ALPHABET,INPUT_MULTIBYTE,INPUT_NUMERIC,INPUT_SYMBOL,INPUT_UPPERCASE,RETRIEVAL_TABLE,FORMAT,DEFAULT_VALUE,MIN_VALUE,MAX_VALUE,CALENDAR_BUTTON,JUMP_BUTTON,OPEN_BUTTON,REF_TABLE_ID,REF_FIELD_NAME,SPECIAL_BUTTON) VALUES ('TBLID_BOPE','OPE_ID','OPE_ID','OPE_ID','STRING',8,'Y','Y','N','Y',0,0,0,0,0,'N','N','N','STRING',8,'Y',0,'Y','Y','Y','NONE',NULL,NULL,NULL,NULL,'N','N',0,NULL,NULL,0);
INSERT INTO SM_FIELD_DEF (TABLE_ID,FIELD_NAME,JP_TITLE,US_TITLE,DB_TYPE,DB_LENGTH,IS_KEY,NOT_BLANK,IS_DUMMY,IS_SEARCH_ITEM,SORT_NO,TREE_LEVEL,SHEET_NO,PAGE_NO,PROPERTY_NO,IS_AUTO,IS_MANDATORY,SYSTEM_READONLY,FIELD_TYPE,FIELD_LENGTH,INPUT_ALPHABET,INPUT_MULTIBYTE,INPUT_NUMERIC,INPUT_SYMBOL,INPUT_UPPERCASE,RETRIEVAL_TABLE,FORMAT,DEFAULT_VALUE,MIN_VALUE,MAX_VALUE,CALENDAR_BUTTON,JUMP_BUTTON,OPEN_BUTTON,REF_TABLE_ID,REF_FIELD_NAME,SPECIAL_BUTTON) VALUES ('TBLID_BOPE','OPE_NAME','OPE_NAME','OPE_NAME','STRING',40,'N','Y','N','Y',1,-1,0,0,1,'N','N','N','STRING',40,'Y',0,'Y','Y','Y','NONE',NULL,NULL,NULL,NULL,'N','N',0,NULL,NULL,0);
INSERT INTO SM_FIELD_DEF (TABLE_ID,FIELD_NAME,JP_TITLE,US_TITLE,DB_TYPE,DB_LENGTH,IS_KEY,NOT_BLANK,IS_DUMMY,IS_SEARCH_ITEM,SORT_NO,TREE_LEVEL,SHEET_NO,PAGE_NO,PROPERTY_NO,IS_AUTO,IS_MANDATORY,SYSTEM_READONLY,FIELD_TYPE,FIELD_LENGTH,INPUT_ALPHABET,INPUT_MULTIBYTE,INPUT_NUMERIC,INPUT_SYMBOL,INPUT_UPPERCASE,RETRIEVAL_TABLE,FORMAT,DEFAULT_VALUE,MIN_VALUE,MAX_VALUE,CALENDAR_BUTTON,JUMP_BUTTON,OPEN_BUTTON,REF_TABLE_ID,REF_FIELD_NAME,SPECIAL_BUTTON) VALUES ('TBLID_BOPE','OPE_DESC','OPE_DESC','OPE_DESC','STRING',80,'N','Y','N','Y',2,-1,0,0,2,'N','N','N','STRING',80,'Y',0,'Y','Y','Y','NONE',NULL,NULL,NULL,NULL,'N','N',0,NULL,NULL,0);
INSERT INTO SM_FIELD_DEF (TABLE_ID,FIELD_NAME,JP_TITLE,US_TITLE,DB_TYPE,DB_LENGTH,IS_KEY,NOT_BLANK,IS_DUMMY,IS_SEARCH_ITEM,SORT_NO,TREE_LEVEL,SHEET_NO,PAGE_NO,PROPERTY_NO,IS_AUTO,IS_MANDATORY,SYSTEM_READONLY,FIELD_TYPE,FIELD_LENGTH,INPUT_ALPHABET,INPUT_MULTIBYTE,INPUT_NUMERIC,INPUT_SYMBOL,INPUT_UPPERCASE,RETRIEVAL_TABLE,FORMAT,DEFAULT_VALUE,MIN_VALUE,MAX_VALUE,CALENDAR_BUTTON,JUMP_BUTTON,OPEN_BUTTON,REF_TABLE_ID,REF_FIELD_NAME,SPECIAL_BUTTON) VALUES ('TBLID_BOPE','OPE_PROPERTY','OPE_PROPERTY','OPE_PROPERTY','STRING',10,'N','Y','N','Y',3,-1,0,0,3,'N','N','N','STRING',10,'Y',0,'Y','Y','Y','NONE',NULL,NULL,NULL,NULL,'N','N',0,NULL,NULL,0);
INSERT INTO SM_FIELD_DEF (TABLE_ID,FIELD_NAME,JP_TITLE,US_TITLE,DB_TYPE,DB_LENGTH,IS_KEY,NOT_BLANK,IS_DUMMY,IS_SEARCH_ITEM,SORT_NO,TREE_LEVEL,SHEET_NO,PAGE_NO,PROPERTY_NO,IS_AUTO,IS_MANDATORY,SYSTEM_READONLY,FIELD_TYPE,FIELD_LENGTH,INPUT_ALPHABET,INPUT_MULTIBYTE,INPUT_NUMERIC,INPUT_SYMBOL,INPUT_UPPERCASE,RETRIEVAL_TABLE,FORMAT,DEFAULT_VALUE,MIN_VALUE,MAX_VALUE,CALENDAR_BUTTON,JUMP_BUTTON,OPEN_BUTTON,REF_TABLE_ID,REF_FIELD_NAME,SPECIAL_BUTTON) VALUES ('TBLID_BOPE','OPE_CAT_ID','OPE_CAT_ID','OPE_CAT_ID','STRING',10,'N','Y','N','Y',4,-1,0,0,4,'N','N','N','STRING',10,'Y',0,'Y','Y','Y','NONE',NULL,NULL,NULL,NULL,'N','N',0,NULL,NULL,0);
INSERT INTO SM_FIELD_DEF (TABLE_ID,FIELD_NAME,JP_TITLE,US_TITLE,DB_TYPE,DB_LENGTH,IS_KEY,NOT_BLANK,IS_DUMMY,IS_SEARCH_ITEM,SORT_NO,TREE_LEVEL,SHEET_NO,PAGE_NO,PROPERTY_NO,IS_AUTO,IS_MANDATORY,SYSTEM_READONLY,FIELD_TYPE,FIELD_LENGTH,INPUT_ALPHABET,INPUT_MULTIBYTE,INPUT_NUMERIC,INPUT_SYMBOL,INPUT_UPPERCASE,RETRIEVAL_TABLE,FORMAT,DEFAULT_VALUE,MIN_VALUE,MAX_VALUE,CALENDAR_BUTTON,JUMP_BUTTON,OPEN_BUTTON,REF_TABLE_ID,REF_FIELD_NAME,SPECIAL_BUTTON) VALUES ('TBLID_BOPE','EQP_ID','EQP_ID','EQP_ID','STRING',10,'N','Y','N','Y',5,-1,0,0,5,'N','N','N','STRING',10,'Y',0,'Y','Y','Y','NONE',NULL,NULL,NULL,NULL,'N','N',0,NULL,NULL,0);
INSERT INTO SM_FIELD_DEF (TABLE_ID,FIELD_NAME,JP_TITLE,US_TITLE,DB_TYPE,DB_LENGTH,IS_KEY,NOT_BLANK,IS_DUMMY,IS_SEARCH_ITEM,SORT_NO,TREE_LEVEL,SHEET_NO,PAGE_NO,PROPERTY_NO,IS_AUTO,IS_MANDATORY,SYSTEM_READONLY,FIELD_TYPE,FIELD_LENGTH,INPUT_ALPHABET,INPUT_MULTIBYTE,INPUT_NUMERIC,INPUT_SYMBOL,INPUT_UPPERCASE,RETRIEVAL_TABLE,FORMAT,DEFAULT_VALUE,MIN_VALUE,MAX_VALUE,CALENDAR_BUTTON,JUMP_BUTTON,OPEN_BUTTON,REF_TABLE_ID,REF_FIELD_NAME,SPECIAL_BUTTON) VALUES ('TBLID_BOPE','RECIP_ID','RECIP_ID','RECIP_ID','STRING',20,'N','Y','N','Y',6,-1,0,0,6,'N','N','N','STRING',20,'Y',0,'Y','Y','Y','NONE',NULL,NULL,NULL,NULL,'N','N',0,NULL,NULL,0);
INSERT INTO SM_FIELD_DEF (TABLE_ID,FIELD_NAME,JP_TITLE,US_TITLE,DB_TYPE,DB_LENGTH,IS_KEY,NOT_BLANK,IS_DUMMY,IS_SEARCH_ITEM,SORT_NO,TREE_LEVEL,SHEET_NO,PAGE_NO,PROPERTY_NO,IS_AUTO,IS_MANDATORY,SYSTEM_READONLY,FIELD_TYPE,FIELD_LENGTH,INPUT_ALPHABET,INPUT_MULTIBYTE,INPUT_NUMERIC,INPUT_SYMBOL,INPUT_UPPERCASE,RETRIEVAL_TABLE,FORMAT,DEFAULT_VALUE,MIN_VALUE,MAX_VALUE,CALENDAR_BUTTON,JUMP_BUTTON,OPEN_BUTTON,REF_TABLE_ID,REF_FIELD_NAME,SPECIAL_BUTTON) VALUES ('TBLID_BOPE','PROCDATA_ID','PROCDATA_ID','PROCDATA_ID','STRING',13,'N','Y','N','Y',7,-1,0,0,7,'N','N','N','STRING',13,'Y',0,'Y','Y','Y','NONE',NULL,NULL,NULL,NULL,'N','N',0,NULL,NULL,0);
INSERT INTO SM_FIELD_DEF (TABLE_ID,FIELD_NAME,JP_TITLE,US_TITLE,DB_TYPE,DB_LENGTH,IS_KEY,NOT_BLANK,IS_DUMMY,IS_SEARCH_ITEM,SORT_NO,TREE_LEVEL,SHEET_NO,PAGE_NO,PROPERTY_NO,IS_AUTO,IS_MANDATORY,SYSTEM_READONLY,FIELD_TYPE,FIELD_LENGTH,INPUT_ALPHABET,INPUT_MULTIBYTE,INPUT_NUMERIC,INPUT_SYMBOL,INPUT_UPPERCASE,RETRIEVAL_TABLE,FORMAT,DEFAULT_VALUE,MIN_VALUE,MAX_VALUE,CALENDAR_BUTTON,JUMP_BUTTON,OPEN_BUTTON,REF_TABLE_ID,REF_FIELD_NAME,SPECIAL_BUTTON) VALUES ('TBLID_BOPE','MEAS_ID','MEAS_ID','MEAS_ID','STRING',13,'N','Y','N','Y',8,-1,0,0,8,'N','N','N','STRING',13,'Y',0,'Y','Y','Y','NONE',NULL,NULL,NULL,NULL,'N','N',0,NULL,NULL,0);
INSERT INTO SM_FIELD_DEF (TABLE_ID,FIELD_NAME,JP_TITLE,US_TITLE,DB_TYPE,DB_LENGTH,IS_KEY,NOT_BLANK,IS_DUMMY,IS_SEARCH_ITEM,SORT_NO,TREE_LEVEL,SHEET_NO,PAGE_NO,PROPERTY_NO,IS_AUTO,IS_MANDATORY,SYSTEM_READONLY,FIELD_TYPE,FIELD_LENGTH,INPUT_ALPHABET,INPUT_MULTIBYTE,INPUT_NUMERIC,INPUT_SYMBOL,INPUT_UPPERCASE,RETRIEVAL_TABLE,FORMAT,DEFAULT_VALUE,MIN_VALUE,MAX_VALUE,CALENDAR_BUTTON,JUMP_BUTTON,OPEN_BUTTON,REF_TABLE_ID,REF_FIELD_NAME,SPECIAL_BUTTON) VALUES ('TBLID_BOPE','FAM_LOT_HOLD_FLG','FAM_LOT_HOLD_FLG','FAM_LOT_HOLD_FLG','STRING',1,'N','Y','N','Y',9,-1,0,0,9,'N','N','N','STRING',1,'Y',0,'Y','Y','Y','NONE',NULL,NULL,NULL,NULL,'N','N',0,NULL,NULL,0);
INSERT INTO SM_FIELD_DEF (TABLE_ID,FIELD_NAME,JP_TITLE,US_TITLE,DB_TYPE,DB_LENGTH,IS_KEY,NOT_BLANK,IS_DUMMY,IS_SEARCH_ITEM,SORT_NO,TREE_LEVEL,SHEET_NO,PAGE_NO,PROPERTY_NO,IS_AUTO,IS_MANDATORY,SYSTEM_READONLY,FIELD_TYPE,FIELD_LENGTH,INPUT_ALPHABET,INPUT_MULTIBYTE,INPUT_NUMERIC,INPUT_SYMBOL,INPUT_UPPERCASE,RETRIEVAL_TABLE,FORMAT,DEFAULT_VALUE,MIN_VALUE,MAX_VALUE,CALENDAR_BUTTON,JUMP_BUTTON,OPEN_BUTTON,REF_TABLE_ID,REF_FIELD_NAME,SPECIAL_BUTTON) VALUES ('TBLID_BOPE','CARG_UNLOAD','CARG_UNLOAD','CARG_UNLOAD','STRING',10,'N','Y','N','Y',10,-1,0,0,10,'N','N','N','STRING',10,'Y',0,'Y','Y','Y','NONE',NULL,NULL,NULL,NULL,'N','N',0,NULL,NULL,0);
INSERT INTO SM_FIELD_DEF (TABLE_ID,FIELD_NAME,JP_TITLE,US_TITLE,DB_TYPE,DB_LENGTH,IS_KEY,NOT_BLANK,IS_DUMMY,IS_SEARCH_ITEM,SORT_NO,TREE_LEVEL,SHEET_NO,PAGE_NO,PROPERTY_NO,IS_AUTO,IS_MANDATORY,SYSTEM_READONLY,FIELD_TYPE,FIELD_LENGTH,INPUT_ALPHABET,INPUT_MULTIBYTE,INPUT_NUMERIC,INPUT_SYMBOL,INPUT_UPPERCASE,RETRIEVAL_TABLE,FORMAT,DEFAULT_VALUE,MIN_VALUE,MAX_VALUE,CALENDAR_BUTTON,JUMP_BUTTON,OPEN_BUTTON,REF_TABLE_ID,REF_FIELD_NAME,SPECIAL_BUTTON) VALUES ('TBLID_BOPE','CARG_UNLOAD2','CARG_UNLOAD2','CARG_UNLOAD2','STRING',10,'N','Y','N','Y',11,-1,0,0,11,'N','N','N','STRING',10,'Y',0,'Y','Y','Y','NONE',NULL,NULL,NULL,NULL,'N','N',0,NULL,NULL,0);
INSERT INTO SM_FIELD_DEF (TABLE_ID,FIELD_NAME,JP_TITLE,US_TITLE,DB_TYPE,DB_LENGTH,IS_KEY,NOT_BLANK,IS_DUMMY,IS_SEARCH_ITEM,SORT_NO,TREE_LEVEL,SHEET_NO,PAGE_NO,PROPERTY_NO,IS_AUTO,IS_MANDATORY,SYSTEM_READONLY,FIELD_TYPE,FIELD_LENGTH,INPUT_ALPHABET,INPUT_MULTIBYTE,INPUT_NUMERIC,INPUT_SYMBOL,INPUT_UPPERCASE,RETRIEVAL_TABLE,FORMAT,DEFAULT_VALUE,MIN_VALUE,MAX_VALUE,CALENDAR_BUTTON,JUMP_BUTTON,OPEN_BUTTON,REF_TABLE_ID,REF_FIELD_NAME,SPECIAL_BUTTON) VALUES ('TBLID_BOPE','CARG_UNLOAD3','CARG_UNLOAD3','CARG_UNLOAD3','STRING',10,'N','Y','N','Y',12,-1,0,0,12,'N','N','N','STRING',10,'Y',0,'Y','Y','Y','NONE',NULL,NULL,NULL,NULL,'N','N',0,NULL,NULL,0);
INSERT INTO SM_FIELD_DEF (TABLE_ID,FIELD_NAME,JP_TITLE,US_TITLE,DB_TYPE,DB_LENGTH,IS_KEY,NOT_BLANK,IS_DUMMY,IS_SEARCH_ITEM,SORT_NO,TREE_LEVEL,SHEET_NO,PAGE_NO,PROPERTY_NO,IS_AUTO,IS_MANDATORY,SYSTEM_READONLY,FIELD_TYPE,FIELD_LENGTH,INPUT_ALPHABET,INPUT_MULTIBYTE,INPUT_NUMERIC,INPUT_SYMBOL,INPUT_UPPERCASE,RETRIEVAL_TABLE,FORMAT,DEFAULT_VALUE,MIN_VALUE,MAX_VALUE,CALENDAR_BUTTON,JUMP_BUTTON,OPEN_BUTTON,REF_TABLE_ID,REF_FIELD_NAME,SPECIAL_BUTTON) VALUES ('TBLID_BOPE','CARG_UNLOAD4','CARG_UNLOAD4','CARG_UNLOAD4','STRING',10,'N','Y','N','Y',13,-1,0,0,13,'N','N','N','STRING',10,'Y',0,'Y','Y','Y','NONE',NULL,NULL,NULL,NULL,'N','N',0,NULL,NULL,0);
INSERT INTO SM_FIELD_DEF (TABLE_ID,FIELD_NAME,JP_TITLE,US_TITLE,DB_TYPE,DB_LENGTH,IS_KEY,NOT_BLANK,IS_DUMMY,IS_SEARCH_ITEM,SORT_NO,TREE_LEVEL,SHEET_NO,PAGE_NO,PROPERTY_NO,IS_AUTO,IS_MANDATORY,SYSTEM_READONLY,FIELD_TYPE,FIELD_LENGTH,INPUT_ALPHABET,INPUT_MULTIBYTE,INPUT_NUMERIC,INPUT_SYMBOL,INPUT_UPPERCASE,RETRIEVAL_TABLE,FORMAT,DEFAULT_VALUE,MIN_VALUE,MAX_VALUE,CALENDAR_BUTTON,JUMP_BUTTON,OPEN_BUTTON,REF_TABLE_ID,REF_FIELD_NAME,SPECIAL_BUTTON) VALUES ('TBLID_BOPE','CARG_UNLOAD5','CARG_UNLOAD5','CARG_UNLOAD5','STRING',10,'N','Y','N','Y',14,-1,0,0,14,'N','N','N','STRING',10,'Y',0,'Y','Y','Y','NONE',NULL,NULL,NULL,NULL,'N','N',0,NULL,NULL,0);
INSERT INTO SM_FIELD_DEF (TABLE_ID,FIELD_NAME,JP_TITLE,US_TITLE,DB_TYPE,DB_LENGTH,IS_KEY,NOT_BLANK,IS_DUMMY,IS_SEARCH_ITEM,SORT_NO,TREE_LEVEL,SHEET_NO,PAGE_NO,PROPERTY_NO,IS_AUTO,IS_MANDATORY,SYSTEM_READONLY,FIELD_TYPE,FIELD_LENGTH,INPUT_ALPHABET,INPUT_MULTIBYTE,INPUT_NUMERIC,INPUT_SYMBOL,INPUT_UPPERCASE,RETRIEVAL_TABLE,FORMAT,DEFAULT_VALUE,MIN_VALUE,MAX_VALUE,CALENDAR_BUTTON,JUMP_BUTTON,OPEN_BUTTON,REF_TABLE_ID,REF_FIELD_NAME,SPECIAL_BUTTON) VALUES ('TBLID_BOPE','CARG_UNLOAD6','CARG_UNLOAD6','CARG_UNLOAD6','STRING',10,'N','Y','N','Y',15,-1,0,0,15,'N','N','N','STRING',10,'Y',0,'Y','Y','Y','NONE',NULL,NULL,NULL,NULL,'N','N',0,NULL,NULL,0);
INSERT INTO SM_FIELD_DEF (TABLE_ID,FIELD_NAME,JP_TITLE,US_TITLE,DB_TYPE,DB_LENGTH,IS_KEY,NOT_BLANK,IS_DUMMY,IS_SEARCH_ITEM,SORT_NO,TREE_LEVEL,SHEET_NO,PAGE_NO,PROPERTY_NO,IS_AUTO,IS_MANDATORY,SYSTEM_READONLY,FIELD_TYPE,FIELD_LENGTH,INPUT_ALPHABET,INPUT_MULTIBYTE,INPUT_NUMERIC,INPUT_SYMBOL,INPUT_UPPERCASE,RETRIEVAL_TABLE,FORMAT,DEFAULT_VALUE,MIN_VALUE,MAX_VALUE,CALENDAR_BUTTON,JUMP_BUTTON,OPEN_BUTTON,REF_TABLE_ID,REF_FIELD_NAME,SPECIAL_BUTTON) VALUES ('TBLID_BOPE','CARG_UNLOAD7','CARG_UNLOAD7','CARG_UNLOAD7','STRING',10,'N','Y','N','Y',16,-1,0,0,16,'N','N','N','STRING',10,'Y',0,'Y','Y','Y','NONE',NULL,NULL,NULL,NULL,'N','N',0,NULL,NULL,0);
INSERT INTO SM_FIELD_DEF (TABLE_ID,FIELD_NAME,JP_TITLE,US_TITLE,DB_TYPE,DB_LENGTH,IS_KEY,NOT_BLANK,IS_DUMMY,IS_SEARCH_ITEM,SORT_NO,TREE_LEVEL,SHEET_NO,PAGE_NO,PROPERTY_NO,IS_AUTO,IS_MANDATORY,SYSTEM_READONLY,FIELD_TYPE,FIELD_LENGTH,INPUT_ALPHABET,INPUT_MULTIBYTE,INPUT_NUMERIC,INPUT_SYMBOL,INPUT_UPPERCASE,RETRIEVAL_TABLE,FORMAT,DEFAULT_VALUE,MIN_VALUE,MAX_VALUE,CALENDAR_BUTTON,JUMP_BUTTON,OPEN_BUTTON,REF_TABLE_ID,REF_FIELD_NAME,SPECIAL_BUTTON) VALUES ('TBLID_BOPE','CARG_UNLOAD8','CARG_UNLOAD8','CARG_UNLOAD8','STRING',10,'N','Y','N','Y',17,-1,0,0,17,'N','N','N','STRING',10,'Y',0,'Y','Y','Y','NONE',NULL,NULL,NULL,NULL,'N','N',0,NULL,NULL,0);
INSERT INTO SM_FIELD_DEF (TABLE_ID,FIELD_NAME,JP_TITLE,US_TITLE,DB_TYPE,DB_LENGTH,IS_KEY,NOT_BLANK,IS_DUMMY,IS_SEARCH_ITEM,SORT_NO,TREE_LEVEL,SHEET_NO,PAGE_NO,PROPERTY_NO,IS_AUTO,IS_MANDATORY,SYSTEM_READONLY,FIELD_TYPE,FIELD_LENGTH,INPUT_ALPHABET,INPUT_MULTIBYTE,INPUT_NUMERIC,INPUT_SYMBOL,INPUT_UPPERCASE,RETRIEVAL_TABLE,FORMAT,DEFAULT_VALUE,MIN_VALUE,MAX_VALUE,CALENDAR_BUTTON,JUMP_BUTTON,OPEN_BUTTON,REF_TABLE_ID,REF_FIELD_NAME,SPECIAL_BUTTON) VALUES ('TBLID_BOPE','CARG_UNLOAD9','CARG_UNLOAD9','CARG_UNLOAD9','STRING',10,'N','Y','N','Y',18,-1,0,0,18,'N','N','N','STRING',10,'Y',0,'Y','Y','Y','NONE',NULL,NULL,NULL,NULL,'N','N',0,NULL,NULL,0);
INSERT INTO SM_FIELD_DEF (TABLE_ID,FIELD_NAME,JP_TITLE,US_TITLE,DB_TYPE,DB_LENGTH,IS_KEY,NOT_BLANK,IS_DUMMY,IS_SEARCH_ITEM,SORT_NO,TREE_LEVEL,SHEET_NO,PAGE_NO,PROPERTY_NO,IS_AUTO,IS_MANDATORY,SYSTEM_READONLY,FIELD_TYPE,FIELD_LENGTH,INPUT_ALPHABET,INPUT_MULTIBYTE,INPUT_NUMERIC,INPUT_SYMBOL,INPUT_UPPERCASE,RETRIEVAL_TABLE,FORMAT,DEFAULT_VALUE,MIN_VALUE,MAX_VALUE,CALENDAR_BUTTON,JUMP_BUTTON,OPEN_BUTTON,REF_TABLE_ID,REF_FIELD_NAME,SPECIAL_BUTTON) VALUES ('TBLID_BOPE','CARG_UNLOAD10','CARG_UNLOAD10','CARG_UNLOAD10','STRING',10,'N','Y','N','Y',19,-1,0,0,19,'N','N','N','STRING',10,'Y',0,'Y','Y','Y','NONE',NULL,NULL,NULL,NULL,'N','N',0,NULL,NULL,0);
INSERT INTO SM_FIELD_DEF (TABLE_ID,FIELD_NAME,JP_TITLE,US_TITLE,DB_TYPE,DB_LENGTH,IS_KEY,NOT_BLANK,IS_DUMMY,IS_SEARCH_ITEM,SORT_NO,TREE_LEVEL,SHEET_NO,PAGE_NO,PROPERTY_NO,IS_AUTO,IS_MANDATORY,SYSTEM_READONLY,FIELD_TYPE,FIELD_LENGTH,INPUT_ALPHABET,INPUT_MULTIBYTE,INPUT_NUMERIC,INPUT_SYMBOL,INPUT_UPPERCASE,RETRIEVAL_TABLE,FORMAT,DEFAULT_VALUE,MIN_VALUE,MAX_VALUE,CALENDAR_BUTTON,JUMP_BUTTON,OPEN_BUTTON,REF_TABLE_ID,REF_FIELD_NAME,SPECIAL_BUTTON) VALUES ('TBLID_BOPE','CARG_UNLOAD11','CARG_UNLOAD11','CARG_UNLOAD11','STRING',10,'N','Y','N','Y',20,-1,0,0,20,'N','N','N','STRING',10,'Y',0,'Y','Y','Y','NONE',NULL,NULL,NULL,NULL,'N','N',0,NULL,NULL,0);
INSERT INTO SM_FIELD_DEF (TABLE_ID,FIELD_NAME,JP_TITLE,US_TITLE,DB_TYPE,DB_LENGTH,IS_KEY,NOT_BLANK,IS_DUMMY,IS_SEARCH_ITEM,SORT_NO,TREE_LEVEL,SHEET_NO,PAGE_NO,PROPERTY_NO,IS_AUTO,IS_MANDATORY,SYSTEM_READONLY,FIELD_TYPE,FIELD_LENGTH,INPUT_ALPHABET,INPUT_MULTIBYTE,INPUT_NUMERIC,INPUT_SYMBOL,INPUT_UPPERCASE,RETRIEVAL_TABLE,FORMAT,DEFAULT_VALUE,MIN_VALUE,MAX_VALUE,CALENDAR_BUTTON,JUMP_BUTTON,OPEN_BUTTON,REF_TABLE_ID,REF_FIELD_NAME,SPECIAL_BUTTON) VALUES ('TBLID_BOPE','CARG_UNLOAD12','CARG_UNLOAD12','CARG_UNLOAD12','STRING',10,'N','Y','N','Y',21,-1,0,0,21,'N','N','N','STRING',10,'Y',0,'Y','Y','Y','NONE',NULL,NULL,NULL,NULL,'N','N',0,NULL,NULL,0);
INSERT INTO SM_FIELD_DEF (TABLE_ID,FIELD_NAME,JP_TITLE,US_TITLE,DB_TYPE,DB_LENGTH,IS_KEY,NOT_BLANK,IS_DUMMY,IS_SEARCH_ITEM,SORT_NO,TREE_LEVEL,SHEET_NO,PAGE_NO,PROPERTY_NO,IS_AUTO,IS_MANDATORY,SYSTEM_READONLY,FIELD_TYPE,FIELD_LENGTH,INPUT_ALPHABET,INPUT_MULTIBYTE,INPUT_NUMERIC,INPUT_SYMBOL,INPUT_UPPERCASE,RETRIEVAL_TABLE,FORMAT,DEFAULT_VALUE,MIN_VALUE,MAX_VALUE,CALENDAR_BUTTON,JUMP_BUTTON,OPEN_BUTTON,REF_TABLE_ID,REF_FIELD_NAME,SPECIAL_BUTTON) VALUES ('TBLID_BOPE','CARG_UNLOAD13','CARG_UNLOAD13','CARG_UNLOAD13','STRING',10,'N','Y','N','Y',22,-1,0,0,22,'N','N','N','STRING',10,'Y',0,'Y','Y','Y','NONE',NULL,NULL,NULL,NULL,'N','N',0,NULL,NULL,0);
INSERT INTO SM_FIELD_DEF (TABLE_ID,FIELD_NAME,JP_TITLE,US_TITLE,DB_TYPE,DB_LENGTH,IS_KEY,NOT_BLANK,IS_DUMMY,IS_SEARCH_ITEM,SORT_NO,TREE_LEVEL,SHEET_NO,PAGE_NO,PROPERTY_NO,IS_AUTO,IS_MANDATORY,SYSTEM_READONLY,FIELD_TYPE,FIELD_LENGTH,INPUT_ALPHABET,INPUT_MULTIBYTE,INPUT_NUMERIC,INPUT_SYMBOL,INPUT_UPPERCASE,RETRIEVAL_TABLE,FORMAT,DEFAULT_VALUE,MIN_VALUE,MAX_VALUE,CALENDAR_BUTTON,JUMP_BUTTON,OPEN_BUTTON,REF_TABLE_ID,REF_FIELD_NAME,SPECIAL_BUTTON) VALUES ('TBLID_BOPE','CARG_UNLOAD14','CARG_UNLOAD14','CARG_UNLOAD14','STRING',10,'N','Y','N','Y',23,-1,0,0,23,'N','N','N','STRING',10,'Y',0,'Y','Y','Y','NONE',NULL,NULL,NULL,NULL,'N','N',0,NULL,NULL,0);
INSERT INTO SM_FIELD_DEF (TABLE_ID,FIELD_NAME,JP_TITLE,US_TITLE,DB_TYPE,DB_LENGTH,IS_KEY,NOT_BLANK,IS_DUMMY,IS_SEARCH_ITEM,SORT_NO,TREE_LEVEL,SHEET_NO,PAGE_NO,PROPERTY_NO,IS_AUTO,IS_MANDATORY,SYSTEM_READONLY,FIELD_TYPE,FIELD_LENGTH,INPUT_ALPHABET,INPUT_MULTIBYTE,INPUT_NUMERIC,INPUT_SYMBOL,INPUT_UPPERCASE,RETRIEVAL_TABLE,FORMAT,DEFAULT_VALUE,MIN_VALUE,MAX_VALUE,CALENDAR_BUTTON,JUMP_BUTTON,OPEN_BUTTON,REF_TABLE_ID,REF_FIELD_NAME,SPECIAL_BUTTON) VALUES ('TBLID_BOPE','CARG_UNLOAD15','CARG_UNLOAD15','CARG_UNLOAD15','STRING',10,'N','Y','N','Y',24,-1,0,0,24,'N','N','N','STRING',10,'Y',0,'Y','Y','Y','NONE',NULL,NULL,NULL,NULL,'N','N',0,NULL,NULL,0);
INSERT INTO SM_FIELD_DEF (TABLE_ID,FIELD_NAME,JP_TITLE,US_TITLE,DB_TYPE,DB_LENGTH,IS_KEY,NOT_BLANK,IS_DUMMY,IS_SEARCH_ITEM,SORT_NO,TREE_LEVEL,SHEET_NO,PAGE_NO,PROPERTY_NO,IS_AUTO,IS_MANDATORY,SYSTEM_READONLY,FIELD_TYPE,FIELD_LENGTH,INPUT_ALPHABET,INPUT_MULTIBYTE,INPUT_NUMERIC,INPUT_SYMBOL,INPUT_UPPERCASE,RETRIEVAL_TABLE,FORMAT,DEFAULT_VALUE,MIN_VALUE,MAX_VALUE,CALENDAR_BUTTON,JUMP_BUTTON,OPEN_BUTTON,REF_TABLE_ID,REF_FIELD_NAME,SPECIAL_BUTTON) VALUES ('TBLID_BOPE','CARG_UNLOAD16','CARG_UNLOAD16','CARG_UNLOAD16','STRING',10,'N','Y','N','Y',25,-1,0,0,25,'N','N','N','STRING',10,'Y',0,'Y','Y','Y','NONE',NULL,NULL,NULL,NULL,'N','N',0,NULL,NULL,0);
INSERT INTO SM_FIELD_DEF (TABLE_ID,FIELD_NAME,JP_TITLE,US_TITLE,DB_TYPE,DB_LENGTH,IS_KEY,NOT_BLANK,IS_DUMMY,IS_SEARCH_ITEM,SORT_NO,TREE_LEVEL,SHEET_NO,PAGE_NO,PROPERTY_NO,IS_AUTO,IS_MANDATORY,SYSTEM_READONLY,FIELD_TYPE,FIELD_LENGTH,INPUT_ALPHABET,INPUT_MULTIBYTE,INPUT_NUMERIC,INPUT_SYMBOL,INPUT_UPPERCASE,RETRIEVAL_TABLE,FORMAT,DEFAULT_VALUE,MIN_VALUE,MAX_VALUE,CALENDAR_BUTTON,JUMP_BUTTON,OPEN_BUTTON,REF_TABLE_ID,REF_FIELD_NAME,SPECIAL_BUTTON) VALUES ('TBLID_BOPE','CARG_UNLOAD17','CARG_UNLOAD17','CARG_UNLOAD17','STRING',10,'N','Y','N','Y',26,-1,0,0,26,'N','N','N','STRING',10,'Y',0,'Y','Y','Y','NONE',NULL,NULL,NULL,NULL,'N','N',0,NULL,NULL,0);
INSERT INTO SM_FIELD_DEF (TABLE_ID,FIELD_NAME,JP_TITLE,US_TITLE,DB_TYPE,DB_LENGTH,IS_KEY,NOT_BLANK,IS_DUMMY,IS_SEARCH_ITEM,SORT_NO,TREE_LEVEL,SHEET_NO,PAGE_NO,PROPERTY_NO,IS_AUTO,IS_MANDATORY,SYSTEM_READONLY,FIELD_TYPE,FIELD_LENGTH,INPUT_ALPHABET,INPUT_MULTIBYTE,INPUT_NUMERIC,INPUT_SYMBOL,INPUT_UPPERCASE,RETRIEVAL_TABLE,FORMAT,DEFAULT_VALUE,MIN_VALUE,MAX_VALUE,CALENDAR_BUTTON,JUMP_BUTTON,OPEN_BUTTON,REF_TABLE_ID,REF_FIELD_NAME,SPECIAL_BUTTON) VALUES ('TBLID_BOPE','CARG_UNLOAD18','CARG_UNLOAD18','CARG_UNLOAD18','STRING',10,'N','Y','N','Y',27,-1,0,0,27,'N','N','N','STRING',10,'Y',0,'Y','Y','Y','NONE',NULL,NULL,NULL,NULL,'N','N',0,NULL,NULL,0);
INSERT INTO SM_FIELD_DEF (TABLE_ID,FIELD_NAME,JP_TITLE,US_TITLE,DB_TYPE,DB_LENGTH,IS_KEY,NOT_BLANK,IS_DUMMY,IS_SEARCH_ITEM,SORT_NO,TREE_LEVEL,SHEET_NO,PAGE_NO,PROPERTY_NO,IS_AUTO,IS_MANDATORY,SYSTEM_READONLY,FIELD_TYPE,FIELD_LENGTH,INPUT_ALPHABET,INPUT_MULTIBYTE,INPUT_NUMERIC,INPUT_SYMBOL,INPUT_UPPERCASE,RETRIEVAL_TABLE,FORMAT,DEFAULT_VALUE,MIN_VALUE,MAX_VALUE,CALENDAR_BUTTON,JUMP_BUTTON,OPEN_BUTTON,REF_TABLE_ID,REF_FIELD_NAME,SPECIAL_BUTTON) VALUES ('TBLID_BOPE','CARG_UNLOAD19','CARG_UNLOAD19','CARG_UNLOAD19','STRING',10,'N','Y','N','Y',28,-1,0,0,28,'N','N','N','STRING',10,'Y',0,'Y','Y','Y','NONE',NULL,NULL,NULL,NULL,'N','N',0,NULL,NULL,0);
INSERT INTO SM_FIELD_DEF (TABLE_ID,FIELD_NAME,JP_TITLE,US_TITLE,DB_TYPE,DB_LENGTH,IS_KEY,NOT_BLANK,IS_DUMMY,IS_SEARCH_ITEM,SORT_NO,TREE_LEVEL,SHEET_NO,PAGE_NO,PROPERTY_NO,IS_AUTO,IS_MANDATORY,SYSTEM_READONLY,FIELD_TYPE,FIELD_LENGTH,INPUT_ALPHABET,INPUT_MULTIBYTE,INPUT_NUMERIC,INPUT_SYMBOL,INPUT_UPPERCASE,RETRIEVAL_TABLE,FORMAT,DEFAULT_VALUE,MIN_VALUE,MAX_VALUE,CALENDAR_BUTTON,JUMP_BUTTON,OPEN_BUTTON,REF_TABLE_ID,REF_FIELD_NAME,SPECIAL_BUTTON) VALUES ('TBLID_BOPE','CARG_UNLOAD20','CARG_UNLOAD20','CARG_UNLOAD20','STRING',10,'N','Y','N','Y',29,-1,0,0,29,'N','N','N','STRING',10,'Y',0,'Y','Y','Y','NONE',NULL,NULL,NULL,NULL,'N','N',0,NULL,NULL,0);
INSERT INTO SM_FIELD_DEF (TABLE_ID,FIELD_NAME,JP_TITLE,US_TITLE,DB_TYPE,DB_LENGTH,IS_KEY,NOT_BLANK,IS_DUMMY,IS_SEARCH_ITEM,SORT_NO,TREE_LEVEL,SHEET_NO,PAGE_NO,PROPERTY_NO,IS_AUTO,IS_MANDATORY,SYSTEM_READONLY,FIELD_TYPE,FIELD_LENGTH,INPUT_ALPHABET,INPUT_MULTIBYTE,INPUT_NUMERIC,INPUT_SYMBOL,INPUT_UPPERCASE,RETRIEVAL_TABLE,FORMAT,DEFAULT_VALUE,MIN_VALUE,MAX_VALUE,CALENDAR_BUTTON,JUMP_BUTTON,OPEN_BUTTON,REF_TABLE_ID,REF_FIELD_NAME,SPECIAL_BUTTON) VALUES ('TBLID_BOPE','CARG_UNLOAD21','CARG_UNLOAD21','CARG_UNLOAD21','STRING',10,'N','Y','N','Y',30,-1,0,0,30,'N','N','N','STRING',10,'Y',0,'Y','Y','Y','NONE',NULL,NULL,NULL,NULL,'N','N',0,NULL,NULL,0);
INSERT INTO SM_FIELD_DEF (TABLE_ID,FIELD_NAME,JP_TITLE,US_TITLE,DB_TYPE,DB_LENGTH,IS_KEY,NOT_BLANK,IS_DUMMY,IS_SEARCH_ITEM,SORT_NO,TREE_LEVEL,SHEET_NO,PAGE_NO,PROPERTY_NO,IS_AUTO,IS_MANDATORY,SYSTEM_READONLY,FIELD_TYPE,FIELD_LENGTH,INPUT_ALPHABET,INPUT_MULTIBYTE,INPUT_NUMERIC,INPUT_SYMBOL,INPUT_UPPERCASE,RETRIEVAL_TABLE,FORMAT,DEFAULT_VALUE,MIN_VALUE,MAX_VALUE,CALENDAR_BUTTON,JUMP_BUTTON,OPEN_BUTTON,REF_TABLE_ID,REF_FIELD_NAME,SPECIAL_BUTTON) VALUES ('TBLID_BOPE','CARG_UNLOAD22','CARG_UNLOAD22','CARG_UNLOAD22','STRING',10,'N','Y','N','Y',31,-1,0,0,31,'N','N','N','STRING',10,'Y',0,'Y','Y','Y','NONE',NULL,NULL,NULL,NULL,'N','N',0,NULL,NULL,0);
INSERT INTO SM_FIELD_DEF (TABLE_ID,FIELD_NAME,JP_TITLE,US_TITLE,DB_TYPE,DB_LENGTH,IS_KEY,NOT_BLANK,IS_DUMMY,IS_SEARCH_ITEM,SORT_NO,TREE_LEVEL,SHEET_NO,PAGE_NO,PROPERTY_NO,IS_AUTO,IS_MANDATORY,SYSTEM_READONLY,FIELD_TYPE,FIELD_LENGTH,INPUT_ALPHABET,INPUT_MULTIBYTE,INPUT_NUMERIC,INPUT_SYMBOL,INPUT_UPPERCASE,RETRIEVAL_TABLE,FORMAT,DEFAULT_VALUE,MIN_VALUE,MAX_VALUE,CALENDAR_BUTTON,JUMP_BUTTON,OPEN_BUTTON,REF_TABLE_ID,REF_FIELD_NAME,SPECIAL_BUTTON) VALUES ('TBLID_BOPE','CARG_UNLOAD23','CARG_UNLOAD23','CARG_UNLOAD23','STRING',10,'N','Y','N','Y',32,-1,0,0,32,'N','N','N','STRING',10,'Y',0,'Y','Y','Y','NONE',NULL,NULL,NULL,NULL,'N','N',0,NULL,NULL,0);
INSERT INTO SM_FIELD_DEF (TABLE_ID,FIELD_NAME,JP_TITLE,US_TITLE,DB_TYPE,DB_LENGTH,IS_KEY,NOT_BLANK,IS_DUMMY,IS_SEARCH_ITEM,SORT_NO,TREE_LEVEL,SHEET_NO,PAGE_NO,PROPERTY_NO,IS_AUTO,IS_MANDATORY,SYSTEM_READONLY,FIELD_TYPE,FIELD_LENGTH,INPUT_ALPHABET,INPUT_MULTIBYTE,INPUT_NUMERIC,INPUT_SYMBOL,INPUT_UPPERCASE,RETRIEVAL_TABLE,FORMAT,DEFAULT_VALUE,MIN_VALUE,MAX_VALUE,CALENDAR_BUTTON,JUMP_BUTTON,OPEN_BUTTON,REF_TABLE_ID,REF_FIELD_NAME,SPECIAL_BUTTON) VALUES ('TBLID_BOPE','CARG_UNLOAD24','CARG_UNLOAD24','CARG_UNLOAD24','STRING',10,'N','Y','N','Y',33,-1,0,0,33,'N','N','N','STRING',10,'Y',0,'Y','Y','Y','NONE',NULL,NULL,NULL,NULL,'N','N',0,NULL,NULL,0);
INSERT INTO SM_FIELD_DEF (TABLE_ID,FIELD_NAME,JP_TITLE,US_TITLE,DB_TYPE,DB_LENGTH,IS_KEY,NOT_BLANK,IS_DUMMY,IS_SEARCH_ITEM,SORT_NO,TREE_LEVEL,SHEET_NO,PAGE_NO,PROPERTY_NO,IS_AUTO,IS_MANDATORY,SYSTEM_READONLY,FIELD_TYPE,FIELD_LENGTH,INPUT_ALPHABET,INPUT_MULTIBYTE,INPUT_NUMERIC,INPUT_SYMBOL,INPUT_UPPERCASE,RETRIEVAL_TABLE,FORMAT,DEFAULT_VALUE,MIN_VALUE,MAX_VALUE,CALENDAR_BUTTON,JUMP_BUTTON,OPEN_BUTTON,REF_TABLE_ID,REF_FIELD_NAME,SPECIAL_BUTTON) VALUES ('TBLID_BOPE','CARG_UNLOAD25','CARG_UNLOAD25','CARG_UNLOAD25','STRING',10,'N','Y','N','Y',34,-1,0,0,34,'N','N','N','STRING',10,'Y',0,'Y','Y','Y','NONE',NULL,NULL,NULL,NULL,'N','N',0,NULL,NULL,0);
INSERT INTO SM_FIELD_DEF (TABLE_ID,FIELD_NAME,JP_TITLE,US_TITLE,DB_TYPE,DB_LENGTH,IS_KEY,NOT_BLANK,IS_DUMMY,IS_SEARCH_ITEM,SORT_NO,TREE_LEVEL,SHEET_NO,PAGE_NO,PROPERTY_NO,IS_AUTO,IS_MANDATORY,SYSTEM_READONLY,FIELD_TYPE,FIELD_LENGTH,INPUT_ALPHABET,INPUT_MULTIBYTE,INPUT_NUMERIC,INPUT_SYMBOL,INPUT_UPPERCASE,RETRIEVAL_TABLE,FORMAT,DEFAULT_VALUE,MIN_VALUE,MAX_VALUE,CALENDAR_BUTTON,JUMP_BUTTON,OPEN_BUTTON,REF_TABLE_ID,REF_FIELD_NAME,SPECIAL_BUTTON) VALUES ('TBLID_BOPE','CARG_UNLOAD26','CARG_UNLOAD26','CARG_UNLOAD26','STRING',10,'N','Y','N','Y',35,-1,0,0,35,'N','N','N','STRING',10,'Y',0,'Y','Y','Y','NONE',NULL,NULL,NULL,NULL,'N','N',0,NULL,NULL,0);
INSERT INTO SM_FIELD_DEF (TABLE_ID,FIELD_NAME,JP_TITLE,US_TITLE,DB_TYPE,DB_LENGTH,IS_KEY,NOT_BLANK,IS_DUMMY,IS_SEARCH_ITEM,SORT_NO,TREE_LEVEL,SHEET_NO,PAGE_NO,PROPERTY_NO,IS_AUTO,IS_MANDATORY,SYSTEM_READONLY,FIELD_TYPE,FIELD_LENGTH,INPUT_ALPHABET,INPUT_MULTIBYTE,INPUT_NUMERIC,INPUT_SYMBOL,INPUT_UPPERCASE,RETRIEVAL_TABLE,FORMAT,DEFAULT_VALUE,MIN_VALUE,MAX_VALUE,CALENDAR_BUTTON,JUMP_BUTTON,OPEN_BUTTON,REF_TABLE_ID,REF_FIELD_NAME,SPECIAL_BUTTON) VALUES ('TBLID_BOPE','CARG_UNLOAD27','CARG_UNLOAD27','CARG_UNLOAD27','STRING',10,'N','Y','N','Y',36,-1,0,0,36,'N','N','N','STRING',10,'Y',0,'Y','Y','Y','NONE',NULL,NULL,NULL,NULL,'N','N',0,NULL,NULL,0);
INSERT INTO SM_FIELD_DEF (TABLE_ID,FIELD_NAME,JP_TITLE,US_TITLE,DB_TYPE,DB_LENGTH,IS_KEY,NOT_BLANK,IS_DUMMY,IS_SEARCH_ITEM,SORT_NO,TREE_LEVEL,SHEET_NO,PAGE_NO,PROPERTY_NO,IS_AUTO,IS_MANDATORY,SYSTEM_READONLY,FIELD_TYPE,FIELD_LENGTH,INPUT_ALPHABET,INPUT_MULTIBYTE,INPUT_NUMERIC,INPUT_SYMBOL,INPUT_UPPERCASE,RETRIEVAL_TABLE,FORMAT,DEFAULT_VALUE,MIN_VALUE,MAX_VALUE,CALENDAR_BUTTON,JUMP_BUTTON,OPEN_BUTTON,REF_TABLE_ID,REF_FIELD_NAME,SPECIAL_BUTTON) VALUES ('TBLID_BOPE','CARG_UNLOAD28','CARG_UNLOAD28','CARG_UNLOAD28','STRING',10,'N','Y','N','Y',37,-1,0,0,37,'N','N','N','STRING',10,'Y',0,'Y','Y','Y','NONE',NULL,NULL,NULL,NULL,'N','N',0,NULL,NULL,0);
INSERT INTO SM_FIELD_DEF (TABLE_ID,FIELD_NAME,JP_TITLE,US_TITLE,DB_TYPE,DB_LENGTH,IS_KEY,NOT_BLANK,IS_DUMMY,IS_SEARCH_ITEM,SORT_NO,TREE_LEVEL,SHEET_NO,PAGE_NO,PROPERTY_NO,IS_AUTO,IS_MANDATORY,SYSTEM_READONLY,FIELD_TYPE,FIELD_LENGTH,INPUT_ALPHABET,INPUT_MULTIBYTE,INPUT_NUMERIC,INPUT_SYMBOL,INPUT_UPPERCASE,RETRIEVAL_TABLE,FORMAT,DEFAULT_VALUE,MIN_VALUE,MAX_VALUE,CALENDAR_BUTTON,JUMP_BUTTON,OPEN_BUTTON,REF_TABLE_ID,REF_FIELD_NAME,SPECIAL_BUTTON) VALUES ('TBLID_BOPE','CARG_UNLOAD29','CARG_UNLOAD29','CARG_UNLOAD29','STRING',10,'N','Y','N','Y',38,-1,0,0,38,'N','N','N','STRING',10,'Y',0,'Y','Y','Y','NONE',NULL,NULL,NULL,NULL,'N','N',0,NULL,NULL,0);
INSERT INTO SM_FIELD_DEF (TABLE_ID,FIELD_NAME,JP_TITLE,US_TITLE,DB_TYPE,DB_LENGTH,IS_KEY,NOT_BLANK,IS_DUMMY,IS_SEARCH_ITEM,SORT_NO,TREE_LEVEL,SHEET_NO,PAGE_NO,PROPERTY_NO,IS_AUTO,IS_MANDATORY,SYSTEM_READONLY,FIELD_TYPE,FIELD_LENGTH,INPUT_ALPHABET,INPUT_MULTIBYTE,INPUT_NUMERIC,INPUT_SYMBOL,INPUT_UPPERCASE,RETRIEVAL_TABLE,FORMAT,DEFAULT_VALUE,MIN_VALUE,MAX_VALUE,CALENDAR_BUTTON,JUMP_BUTTON,OPEN_BUTTON,REF_TABLE_ID,REF_FIELD_NAME,SPECIAL_BUTTON) VALUES ('TBLID_BOPE','CARG_UNLOAD30','CARG_UNLOAD30','CARG_UNLOAD30','STRING',10,'N','Y','N','Y',39,-1,0,0,39,'N','N','N','STRING',10,'Y',0,'Y','Y','Y','NONE',NULL,NULL,NULL,NULL,'N','N',0,NULL,NULL,0);
INSERT INTO SM_FIELD_DEF (TABLE_ID,FIELD_NAME,JP_TITLE,US_TITLE,DB_TYPE,DB_LENGTH,IS_KEY,NOT_BLANK,IS_DUMMY,IS_SEARCH_ITEM,SORT_NO,TREE_LEVEL,SHEET_NO,PAGE_NO,PROPERTY_NO,IS_AUTO,IS_MANDATORY,SYSTEM_READONLY,FIELD_TYPE,FIELD_LENGTH,INPUT_ALPHABET,INPUT_MULTIBYTE,INPUT_NUMERIC,INPUT_SYMBOL,INPUT_UPPERCASE,RETRIEVAL_TABLE,FORMAT,DEFAULT_VALUE,MIN_VALUE,MAX_VALUE,CALENDAR_BUTTON,JUMP_BUTTON,OPEN_BUTTON,REF_TABLE_ID,REF_FIELD_NAME,SPECIAL_BUTTON) VALUES ('TBLID_BOPE','CAR_TYPE','CAR_TYPE','CAR_TYPE','STRING',2,'N','Y','N','Y',40,-1,0,0,40,'N','N','N','STRING',2,'Y',0,'Y','Y','Y','NONE',NULL,NULL,NULL,NULL,'N','N',0,NULL,NULL,0);
INSERT INTO SM_FIELD_DEF (TABLE_ID,FIELD_NAME,JP_TITLE,US_TITLE,DB_TYPE,DB_LENGTH,IS_KEY,NOT_BLANK,IS_DUMMY,IS_SEARCH_ITEM,SORT_NO,TREE_LEVEL,SHEET_NO,PAGE_NO,PROPERTY_NO,IS_AUTO,IS_MANDATORY,SYSTEM_READONLY,FIELD_TYPE,FIELD_LENGTH,INPUT_ALPHABET,INPUT_MULTIBYTE,INPUT_NUMERIC,INPUT_SYMBOL,INPUT_UPPERCASE,RETRIEVAL_TABLE,FORMAT,DEFAULT_VALUE,MIN_VALUE,MAX_VALUE,CALENDAR_BUTTON,JUMP_BUTTON,OPEN_BUTTON,REF_TABLE_ID,REF_FIELD_NAME,SPECIAL_BUTTON) VALUES ('TBLID_BOPE','CAR_MODE','CAR_MODE','CAR_MODE','STRING',1,'N','Y','N','Y',41,-1,0,0,41,'N','N','N','STRING',1,'Y',0,'Y','Y','Y','NONE',NULL,NULL,NULL,NULL,'N','N',0,NULL,NULL,0);
INSERT INTO SM_FIELD_DEF (TABLE_ID,FIELD_NAME,JP_TITLE,US_TITLE,DB_TYPE,DB_LENGTH,IS_KEY,NOT_BLANK,IS_DUMMY,IS_SEARCH_ITEM,SORT_NO,TREE_LEVEL,SHEET_NO,PAGE_NO,PROPERTY_NO,IS_AUTO,IS_MANDATORY,SYSTEM_READONLY,FIELD_TYPE,FIELD_LENGTH,INPUT_ALPHABET,INPUT_MULTIBYTE,INPUT_NUMERIC,INPUT_SYMBOL,INPUT_UPPERCASE,RETRIEVAL_TABLE,FORMAT,DEFAULT_VALUE,MIN_VALUE,MAX_VALUE,CALENDAR_BUTTON,JUMP_BUTTON,OPEN_BUTTON,REF_TABLE_ID,REF_FIELD_NAME,SPECIAL_BUTTON) VALUES ('TBLID_BOPE','LOT_MIX_CAT','LOT_MIX_CAT','LOT_MIX_CAT','STRING',1,'N','Y','N','Y',42,-1,0,0,42,'N','N','N','STRING',1,'Y',0,'Y','Y','Y','NONE',NULL,NULL,NULL,NULL,'N','N',0,NULL,NULL,0);
INSERT INTO SM_FIELD_DEF (TABLE_ID,FIELD_NAME,JP_TITLE,US_TITLE,DB_TYPE,DB_LENGTH,IS_KEY,NOT_BLANK,IS_DUMMY,IS_SEARCH_ITEM,SORT_NO,TREE_LEVEL,SHEET_NO,PAGE_NO,PROPERTY_NO,IS_AUTO,IS_MANDATORY,SYSTEM_READONLY,FIELD_TYPE,FIELD_LENGTH,INPUT_ALPHABET,INPUT_MULTIBYTE,INPUT_NUMERIC,INPUT_SYMBOL,INPUT_UPPERCASE,RETRIEVAL_TABLE,FORMAT,DEFAULT_VALUE,MIN_VALUE,MAX_VALUE,CALENDAR_BUTTON,JUMP_BUTTON,OPEN_BUTTON,REF_TABLE_ID,REF_FIELD_NAME,SPECIAL_BUTTON) VALUES ('TBLID_BOPE','LOT_COLLECT_FLG','LOT_COLLECT_FLG','LOT_COLLECT_FLG','STRING',1,'N','Y','N','Y',43,-1,0,0,43,'N','N','N','STRING',1,'Y',0,'Y','Y','Y','NONE',NULL,NULL,NULL,NULL,'N','N',0,NULL,NULL,0);
INSERT INTO SM_FIELD_DEF (TABLE_ID,FIELD_NAME,JP_TITLE,US_TITLE,DB_TYPE,DB_LENGTH,IS_KEY,NOT_BLANK,IS_DUMMY,IS_SEARCH_ITEM,SORT_NO,TREE_LEVEL,SHEET_NO,PAGE_NO,PROPERTY_NO,IS_AUTO,IS_MANDATORY,SYSTEM_READONLY,FIELD_TYPE,FIELD_LENGTH,INPUT_ALPHABET,INPUT_MULTIBYTE,INPUT_NUMERIC,INPUT_SYMBOL,INPUT_UPPERCASE,RETRIEVAL_TABLE,FORMAT,DEFAULT_VALUE,MIN_VALUE,MAX_VALUE,CALENDAR_BUTTON,JUMP_BUTTON,OPEN_BUTTON,REF_TABLE_ID,REF_FIELD_NAME,SPECIAL_BUTTON) VALUES ('TBLID_BOPE','OPE_INSP_FLG','OPE_INSP_FLG','OPE_INSP_FLG','STRING',1,'N','Y','N','Y',44,-1,0,0,44,'N','N','N','STRING',1,'Y',0,'Y','Y','Y','NONE',NULL,NULL,NULL,NULL,'N','N',0,NULL,NULL,0);
INSERT INTO SM_FIELD_DEF (TABLE_ID,FIELD_NAME,JP_TITLE,US_TITLE,DB_TYPE,DB_LENGTH,IS_KEY,NOT_BLANK,IS_DUMMY,IS_SEARCH_ITEM,SORT_NO,TREE_LEVEL,SHEET_NO,PAGE_NO,PROPERTY_NO,IS_AUTO,IS_MANDATORY,SYSTEM_READONLY,FIELD_TYPE,FIELD_LENGTH,INPUT_ALPHABET,INPUT_MULTIBYTE,INPUT_NUMERIC,INPUT_SYMBOL,INPUT_UPPERCASE,RETRIEVAL_TABLE,FORMAT,DEFAULT_VALUE,MIN_VALUE,MAX_VALUE,CALENDAR_BUTTON,JUMP_BUTTON,OPEN_BUTTON,REF_TABLE_ID,REF_FIELD_NAME,SPECIAL_BUTTON) VALUES ('TBLID_BOPE','OPE_INSP_REG_CAR','OPE_INSP_REG_CAR','OPE_INSP_REG_CAR','NUMBER',0,'N','Y','N','Y',45,-1,0,0,45,'N','N','N','STRING',0,'Y',0,'Y','Y','Y','NONE',NULL,NULL,NULL,NULL,'N','N',0,NULL,NULL,0);
INSERT INTO SM_FIELD_DEF (TABLE_ID,FIELD_NAME,JP_TITLE,US_TITLE,DB_TYPE,DB_LENGTH,IS_KEY,NOT_BLANK,IS_DUMMY,IS_SEARCH_ITEM,SORT_NO,TREE_LEVEL,SHEET_NO,PAGE_NO,PROPERTY_NO,IS_AUTO,IS_MANDATORY,SYSTEM_READONLY,FIELD_TYPE,FIELD_LENGTH,INPUT_ALPHABET,INPUT_MULTIBYTE,INPUT_NUMERIC,INPUT_SYMBOL,INPUT_UPPERCASE,RETRIEVAL_TABLE,FORMAT,DEFAULT_VALUE,MIN_VALUE,MAX_VALUE,CALENDAR_BUTTON,JUMP_BUTTON,OPEN_BUTTON,REF_TABLE_ID,REF_FIELD_NAME,SPECIAL_BUTTON) VALUES ('TBLID_BOPE','OPE_INSP_REG_LOT','OPE_INSP_REG_LOT','OPE_INSP_REG_LOT','NUMBER',0,'N','Y','N','Y',46,-1,0,0,46,'N','N','N','STRING',0,'Y',0,'Y','Y','Y','NONE',NULL,NULL,NULL,NULL,'N','N',0,NULL,NULL,0);
INSERT INTO SM_FIELD_DEF (TABLE_ID,FIELD_NAME,JP_TITLE,US_TITLE,DB_TYPE,DB_LENGTH,IS_KEY,NOT_BLANK,IS_DUMMY,IS_SEARCH_ITEM,SORT_NO,TREE_LEVEL,SHEET_NO,PAGE_NO,PROPERTY_NO,IS_AUTO,IS_MANDATORY,SYSTEM_READONLY,FIELD_TYPE,FIELD_LENGTH,INPUT_ALPHABET,INPUT_MULTIBYTE,INPUT_NUMERIC,INPUT_SYMBOL,INPUT_UPPERCASE,RETRIEVAL_TABLE,FORMAT,DEFAULT_VALUE,MIN_VALUE,MAX_VALUE,CALENDAR_BUTTON,JUMP_BUTTON,OPEN_BUTTON,REF_TABLE_ID,REF_FIELD_NAME,SPECIAL_BUTTON) VALUES ('TBLID_BOPE','OPE_INSP_REG_PROD','OPE_INSP_REG_PROD','OPE_INSP_REG_PROD','NUMBER',0,'N','Y','N','Y',47,-1,0,0,47,'N','N','N','STRING',0,'Y',0,'Y','Y','Y','NONE',NULL,NULL,NULL,NULL,'N','N',0,NULL,NULL,0);
INSERT INTO SM_FIELD_DEF (TABLE_ID,FIELD_NAME,JP_TITLE,US_TITLE,DB_TYPE,DB_LENGTH,IS_KEY,NOT_BLANK,IS_DUMMY,IS_SEARCH_ITEM,SORT_NO,TREE_LEVEL,SHEET_NO,PAGE_NO,PROPERTY_NO,IS_AUTO,IS_MANDATORY,SYSTEM_READONLY,FIELD_TYPE,FIELD_LENGTH,INPUT_ALPHABET,INPUT_MULTIBYTE,INPUT_NUMERIC,INPUT_SYMBOL,INPUT_UPPERCASE,RETRIEVAL_TABLE,FORMAT,DEFAULT_VALUE,MIN_VALUE,MAX_VALUE,CALENDAR_BUTTON,JUMP_BUTTON,OPEN_BUTTON,REF_TABLE_ID,REF_FIELD_NAME,SPECIAL_BUTTON) VALUES ('TBLID_BOPE','OPE_INSP_REG_RECIP','OPE_INSP_REG_RECIP','OPE_INSP_REG_RECIP','NUMBER',0,'N','Y','N','Y',48,-1,0,0,48,'N','N','N','STRING',0,'Y',0,'Y','Y','Y','NONE',NULL,NULL,NULL,NULL,'N','N',0,NULL,NULL,0);
INSERT INTO SM_FIELD_DEF (TABLE_ID,FIELD_NAME,JP_TITLE,US_TITLE,DB_TYPE,DB_LENGTH,IS_KEY,NOT_BLANK,IS_DUMMY,IS_SEARCH_ITEM,SORT_NO,TREE_LEVEL,SHEET_NO,PAGE_NO,PROPERTY_NO,IS_AUTO,IS_MANDATORY,SYSTEM_READONLY,FIELD_TYPE,FIELD_LENGTH,INPUT_ALPHABET,INPUT_MULTIBYTE,INPUT_NUMERIC,INPUT_SYMBOL,INPUT_UPPERCASE,RETRIEVAL_TABLE,FORMAT,DEFAULT_VALUE,MIN_VALUE,MAX_VALUE,CALENDAR_BUTTON,JUMP_BUTTON,OPEN_BUTTON,REF_TABLE_ID,REF_FIELD_NAME,SPECIAL_BUTTON) VALUES ('TBLID_BOPE','OPE_INSP_ENF_WAF_NUM','OPE_INSP_ENF_WAF_NUM','OPE_INSP_ENF_WAF_NUM','NUMBER',0,'N','Y','N','Y',49,-1,0,0,49,'N','N','N','STRING',0,'Y',0,'Y','Y','Y','NONE',NULL,NULL,NULL,NULL,'N','N',0,NULL,NULL,0);
INSERT INTO SM_FIELD_DEF (TABLE_ID,FIELD_NAME,JP_TITLE,US_TITLE,DB_TYPE,DB_LENGTH,IS_KEY,NOT_BLANK,IS_DUMMY,IS_SEARCH_ITEM,SORT_NO,TREE_LEVEL,SHEET_NO,PAGE_NO,PROPERTY_NO,IS_AUTO,IS_MANDATORY,SYSTEM_READONLY,FIELD_TYPE,FIELD_LENGTH,INPUT_ALPHABET,INPUT_MULTIBYTE,INPUT_NUMERIC,INPUT_SYMBOL,INPUT_UPPERCASE,RETRIEVAL_TABLE,FORMAT,DEFAULT_VALUE,MIN_VALUE,MAX_VALUE,CALENDAR_BUTTON,JUMP_BUTTON,OPEN_BUTTON,REF_TABLE_ID,REF_FIELD_NAME,SPECIAL_BUTTON) VALUES ('TBLID_BOPE','PROC_UNIT','PROC_UNIT','PROC_UNIT','STRING',1,'N','Y','N','Y',50,-1,0,0,50,'N','N','N','STRING',1,'Y',0,'Y','Y','Y','NONE',NULL,NULL,NULL,NULL,'N','N',0,NULL,NULL,0);
INSERT INTO SM_FIELD_DEF (TABLE_ID,FIELD_NAME,JP_TITLE,US_TITLE,DB_TYPE,DB_LENGTH,IS_KEY,NOT_BLANK,IS_DUMMY,IS_SEARCH_ITEM,SORT_NO,TREE_LEVEL,SHEET_NO,PAGE_NO,PROPERTY_NO,IS_AUTO,IS_MANDATORY,SYSTEM_READONLY,FIELD_TYPE,FIELD_LENGTH,INPUT_ALPHABET,INPUT_MULTIBYTE,INPUT_NUMERIC,INPUT_SYMBOL,INPUT_UPPERCASE,RETRIEVAL_TABLE,FORMAT,DEFAULT_VALUE,MIN_VALUE,MAX_VALUE,CALENDAR_BUTTON,JUMP_BUTTON,OPEN_BUTTON,REF_TABLE_ID,REF_FIELD_NAME,SPECIAL_BUTTON) VALUES ('TBLID_BOPE','PROC_TIME','PROC_TIME','PROC_TIME','STRING',9,'N','Y','N','Y',51,-1,0,0,51,'N','N','N','STRING',9,'Y',0,'Y','Y','Y','NONE',NULL,NULL,NULL,NULL,'N','N',0,NULL,NULL,0);
INSERT INTO SM_FIELD_DEF (TABLE_ID,FIELD_NAME,JP_TITLE,US_TITLE,DB_TYPE,DB_LENGTH,IS_KEY,NOT_BLANK,IS_DUMMY,IS_SEARCH_ITEM,SORT_NO,TREE_LEVEL,SHEET_NO,PAGE_NO,PROPERTY_NO,IS_AUTO,IS_MANDATORY,SYSTEM_READONLY,FIELD_TYPE,FIELD_LENGTH,INPUT_ALPHABET,INPUT_MULTIBYTE,INPUT_NUMERIC,INPUT_SYMBOL,INPUT_UPPERCASE,RETRIEVAL_TABLE,FORMAT,DEFAULT_VALUE,MIN_VALUE,MAX_VALUE,CALENDAR_BUTTON,JUMP_BUTTON,OPEN_BUTTON,REF_TABLE_ID,REF_FIELD_NAME,SPECIAL_BUTTON) VALUES ('TBLID_BOPE','PROC_QTIME','PROC_QTIME','PROC_QTIME','STRING',9,'N','Y','N','Y',52,-1,0,0,52,'N','N','N','STRING',9,'Y',0,'Y','Y','Y','NONE',NULL,NULL,NULL,NULL,'N','N',0,NULL,NULL,0);
INSERT INTO SM_FIELD_DEF (TABLE_ID,FIELD_NAME,JP_TITLE,US_TITLE,DB_TYPE,DB_LENGTH,IS_KEY,NOT_BLANK,IS_DUMMY,IS_SEARCH_ITEM,SORT_NO,TREE_LEVEL,SHEET_NO,PAGE_NO,PROPERTY_NO,IS_AUTO,IS_MANDATORY,SYSTEM_READONLY,FIELD_TYPE,FIELD_LENGTH,INPUT_ALPHABET,INPUT_MULTIBYTE,INPUT_NUMERIC,INPUT_SYMBOL,INPUT_UPPERCASE,RETRIEVAL_TABLE,FORMAT,DEFAULT_VALUE,MIN_VALUE,MAX_VALUE,CALENDAR_BUTTON,JUMP_BUTTON,OPEN_BUTTON,REF_TABLE_ID,REF_FIELD_NAME,SPECIAL_BUTTON) VALUES ('TBLID_BOPE','HANDL_TIME','HANDL_TIME','HANDL_TIME','STRING',9,'N','Y','N','Y',53,-1,0,0,53,'N','N','N','STRING',9,'Y',0,'Y','Y','Y','NONE',NULL,NULL,NULL,NULL,'N','N',0,NULL,NULL,0);
INSERT INTO SM_FIELD_DEF (TABLE_ID,FIELD_NAME,JP_TITLE,US_TITLE,DB_TYPE,DB_LENGTH,IS_KEY,NOT_BLANK,IS_DUMMY,IS_SEARCH_ITEM,SORT_NO,TREE_LEVEL,SHEET_NO,PAGE_NO,PROPERTY_NO,IS_AUTO,IS_MANDATORY,SYSTEM_READONLY,FIELD_TYPE,FIELD_LENGTH,INPUT_ALPHABET,INPUT_MULTIBYTE,INPUT_NUMERIC,INPUT_SYMBOL,INPUT_UPPERCASE,RETRIEVAL_TABLE,FORMAT,DEFAULT_VALUE,MIN_VALUE,MAX_VALUE,CALENDAR_BUTTON,JUMP_BUTTON,OPEN_BUTTON,REF_TABLE_ID,REF_FIELD_NAME,SPECIAL_BUTTON) VALUES ('TBLID_BOPE','CARRY_PORT','CARRY_PORT','CARRY_PORT','STRING',10,'N','Y','N','Y',54,-1,0,0,54,'N','N','N','STRING',10,'Y',0,'Y','Y','Y','NONE',NULL,NULL,NULL,NULL,'N','N',0,NULL,NULL,0);
INSERT INTO SM_FIELD_DEF (TABLE_ID,FIELD_NAME,JP_TITLE,US_TITLE,DB_TYPE,DB_LENGTH,IS_KEY,NOT_BLANK,IS_DUMMY,IS_SEARCH_ITEM,SORT_NO,TREE_LEVEL,SHEET_NO,PAGE_NO,PROPERTY_NO,IS_AUTO,IS_MANDATORY,SYSTEM_READONLY,FIELD_TYPE,FIELD_LENGTH,INPUT_ALPHABET,INPUT_MULTIBYTE,INPUT_NUMERIC,INPUT_SYMBOL,INPUT_UPPERCASE,RETRIEVAL_TABLE,FORMAT,DEFAULT_VALUE,MIN_VALUE,MAX_VALUE,CALENDAR_BUTTON,JUMP_BUTTON,OPEN_BUTTON,REF_TABLE_ID,REF_FIELD_NAME,SPECIAL_BUTTON) VALUES ('TBLID_BOPE','LOT_FOLLOW_FLG','LOT_FOLLOW_FLG','LOT_FOLLOW_FLG','STRING',1,'N','Y','N','Y',55,-1,0,0,55,'N','N','N','STRING',1,'Y',0,'Y','Y','Y','NONE',NULL,NULL,NULL,NULL,'N','N',0,NULL,NULL,0);
INSERT INTO SM_CHECK_DEF (TABLE_ID,CHECK_TYPE,CHECK_ORDER,CHECK_KIND,FIELD_NAME,REF_TABLE,REF_FIELD,EXPECT_VALUE,ERR_MSG) VALUES ('TBLID_BOPE','SAVE',1,'NOTNULL','OPE_ID',NULL,NULL,NULL,'OPE_ID不能为空');
INSERT INTO SM_CHECK_DEF (TABLE_ID,CHECK_TYPE,CHECK_ORDER,CHECK_KIND,FIELD_NAME,REF_TABLE,REF_FIELD,EXPECT_VALUE,ERR_MSG) VALUES ('TBLID_BOPE','SAVE',2,'STAT_E',NULL,NULL,NULL,NULL,'记录不是编辑态');
INSERT INTO SM_CHECK_DEF (TABLE_ID,CHECK_TYPE,CHECK_ORDER,CHECK_KIND,FIELD_NAME,REF_TABLE,REF_FIELD,EXPECT_VALUE,ERR_MSG) VALUES ('TBLID_BOPE','SAVE',3,'LOCK_FREE',NULL,NULL,NULL,NULL,'记录已被锁定');
INSERT INTO SM_CHECK_DEF (TABLE_ID,CHECK_TYPE,CHECK_ORDER,CHECK_KIND,FIELD_NAME,REF_TABLE,REF_FIELD,EXPECT_VALUE,ERR_MSG) VALUES ('TBLID_BOPE','RELEASE',1,'NOTNULL','OPE_ID',NULL,NULL,NULL,'OPE_ID不能为空');
INSERT INTO SM_CHECK_DEF (TABLE_ID,CHECK_TYPE,CHECK_ORDER,CHECK_KIND,FIELD_NAME,REF_TABLE,REF_FIELD,EXPECT_VALUE,ERR_MSG) VALUES ('TBLID_BOPE','RELEASE',2,'STAT_E',NULL,NULL,NULL,NULL,'记录不是编辑态');
INSERT INTO SM_CHECK_DEF (TABLE_ID,CHECK_TYPE,CHECK_ORDER,CHECK_KIND,FIELD_NAME,REF_TABLE,REF_FIELD,EXPECT_VALUE,ERR_MSG) VALUES ('TBLID_BOPE','RELEASE',3,'LOCK_FREE',NULL,NULL,NULL,NULL,'记录已被锁定');
INSERT INTO SM_CHECK_DEF (TABLE_ID,CHECK_TYPE,CHECK_ORDER,CHECK_KIND,FIELD_NAME,REF_TABLE,REF_FIELD,EXPECT_VALUE,ERR_MSG) VALUES ('TBLID_BOPE','RELEASE',10,'RELEASE_PARAM','OPE_ID','DOPE',NULL,NULL,NULL);
INSERT INTO SM_CHECK_DEF (TABLE_ID,CHECK_TYPE,CHECK_ORDER,CHECK_KIND,FIELD_NAME,REF_TABLE,REF_FIELD,EXPECT_VALUE,ERR_MSG) VALUES ('TBLID_BOPE','DELETE',1,'NOTNULL','OPE_ID',NULL,NULL,NULL,'OPE_ID不能为空');
INSERT INTO SM_CHECK_DEF (TABLE_ID,CHECK_TYPE,CHECK_ORDER,CHECK_KIND,FIELD_NAME,REF_TABLE,REF_FIELD,EXPECT_VALUE,ERR_MSG) VALUES ('TBLID_BOPE','DELETE',2,'STAT_R',NULL,NULL,NULL,NULL,'记录不是已发布态');
INSERT INTO SM_CHECK_DEF (TABLE_ID,CHECK_TYPE,CHECK_ORDER,CHECK_KIND,FIELD_NAME,REF_TABLE,REF_FIELD,EXPECT_VALUE,ERR_MSG) VALUES ('TBLID_BOPE','DELETE',3,'LOCK_FREE',NULL,NULL,NULL,NULL,'记录已被锁定');
INSERT INTO SM_CHECK_DEF (TABLE_ID,CHECK_TYPE,CHECK_ORDER,CHECK_KIND,FIELD_NAME,REF_TABLE,REF_FIELD,EXPECT_VALUE,ERR_MSG) VALUES ('TBLID_BOPE','EDITCOMP',1,'NOTNULL','OPE_ID',NULL,NULL,NULL,'OPE_ID不能为空');
INSERT INTO SM_CHECK_DEF (TABLE_ID,CHECK_TYPE,CHECK_ORDER,CHECK_KIND,FIELD_NAME,REF_TABLE,REF_FIELD,EXPECT_VALUE,ERR_MSG) VALUES ('TBLID_BOPE','EDITCOMP',2,'STAT_E',NULL,NULL,NULL,NULL,'记录不是编辑态');
INSERT INTO SM_CHECK_DEF (TABLE_ID,CHECK_TYPE,CHECK_ORDER,CHECK_KIND,FIELD_NAME,REF_TABLE,REF_FIELD,EXPECT_VALUE,ERR_MSG) VALUES ('TBLID_BOPE','EDITCOMP',3,'LOCK_FREE',NULL,NULL,NULL,NULL,'记录已被锁定');
INSERT INTO SM_CHECK_DEF (TABLE_ID,CHECK_TYPE,CHECK_ORDER,CHECK_KIND,FIELD_NAME,REF_TABLE,REF_FIELD,EXPECT_VALUE,ERR_MSG) VALUES ('TBLID_BOPE','EDITCOMP',4,'COMP_N',NULL,NULL,NULL,NULL,'记录已编辑完成');

-- BEQP (32 fields)
INSERT INTO SM_TABLE_DEF (TABLE_ID,TABLE_NAME,JP_TITLE,US_TITLE,RELEASE_FLAG,DISTRIBUTE_FLAG,PERMISSION_TYPE,SCHEMA_TYPE,HAS_DUMMY,SORT_NO) VALUES ('TBLID_BEQP','BEQP','BEQP','BEQP','Y','N','C','L','N',80);
INSERT INTO SM_FIELD_DEF (TABLE_ID,FIELD_NAME,JP_TITLE,US_TITLE,DB_TYPE,DB_LENGTH,IS_KEY,NOT_BLANK,IS_DUMMY,IS_SEARCH_ITEM,SORT_NO,TREE_LEVEL,SHEET_NO,PAGE_NO,PROPERTY_NO,IS_AUTO,IS_MANDATORY,SYSTEM_READONLY,FIELD_TYPE,FIELD_LENGTH,INPUT_ALPHABET,INPUT_MULTIBYTE,INPUT_NUMERIC,INPUT_SYMBOL,INPUT_UPPERCASE,RETRIEVAL_TABLE,FORMAT,DEFAULT_VALUE,MIN_VALUE,MAX_VALUE,CALENDAR_BUTTON,JUMP_BUTTON,OPEN_BUTTON,REF_TABLE_ID,REF_FIELD_NAME,SPECIAL_BUTTON) VALUES ('TBLID_BEQP','EQP_ID','EQP_ID','EQP_ID','STRING',10,'Y','Y','N','Y',0,0,0,0,0,'N','N','N','STRING',10,'Y',0,'Y','Y','Y','NONE',NULL,NULL,NULL,NULL,'N','N',0,NULL,NULL,0);
INSERT INTO SM_FIELD_DEF (TABLE_ID,FIELD_NAME,JP_TITLE,US_TITLE,DB_TYPE,DB_LENGTH,IS_KEY,NOT_BLANK,IS_DUMMY,IS_SEARCH_ITEM,SORT_NO,TREE_LEVEL,SHEET_NO,PAGE_NO,PROPERTY_NO,IS_AUTO,IS_MANDATORY,SYSTEM_READONLY,FIELD_TYPE,FIELD_LENGTH,INPUT_ALPHABET,INPUT_MULTIBYTE,INPUT_NUMERIC,INPUT_SYMBOL,INPUT_UPPERCASE,RETRIEVAL_TABLE,FORMAT,DEFAULT_VALUE,MIN_VALUE,MAX_VALUE,CALENDAR_BUTTON,JUMP_BUTTON,OPEN_BUTTON,REF_TABLE_ID,REF_FIELD_NAME,SPECIAL_BUTTON) VALUES ('TBLID_BEQP','EQP_NAME','EQP_NAME','EQP_NAME','STRING',40,'N','Y','N','Y',1,-1,0,0,1,'N','N','N','STRING',40,'Y',0,'Y','Y','Y','NONE',NULL,NULL,NULL,NULL,'N','N',0,NULL,NULL,0);
INSERT INTO SM_FIELD_DEF (TABLE_ID,FIELD_NAME,JP_TITLE,US_TITLE,DB_TYPE,DB_LENGTH,IS_KEY,NOT_BLANK,IS_DUMMY,IS_SEARCH_ITEM,SORT_NO,TREE_LEVEL,SHEET_NO,PAGE_NO,PROPERTY_NO,IS_AUTO,IS_MANDATORY,SYSTEM_READONLY,FIELD_TYPE,FIELD_LENGTH,INPUT_ALPHABET,INPUT_MULTIBYTE,INPUT_NUMERIC,INPUT_SYMBOL,INPUT_UPPERCASE,RETRIEVAL_TABLE,FORMAT,DEFAULT_VALUE,MIN_VALUE,MAX_VALUE,CALENDAR_BUTTON,JUMP_BUTTON,OPEN_BUTTON,REF_TABLE_ID,REF_FIELD_NAME,SPECIAL_BUTTON) VALUES ('TBLID_BEQP','EQP_DESC','EQP_DESC','EQP_DESC','STRING',80,'N','Y','N','Y',2,-1,0,0,2,'N','N','N','STRING',80,'Y',0,'Y','Y','Y','NONE',NULL,NULL,NULL,NULL,'N','N',0,NULL,NULL,0);
INSERT INTO SM_FIELD_DEF (TABLE_ID,FIELD_NAME,JP_TITLE,US_TITLE,DB_TYPE,DB_LENGTH,IS_KEY,NOT_BLANK,IS_DUMMY,IS_SEARCH_ITEM,SORT_NO,TREE_LEVEL,SHEET_NO,PAGE_NO,PROPERTY_NO,IS_AUTO,IS_MANDATORY,SYSTEM_READONLY,FIELD_TYPE,FIELD_LENGTH,INPUT_ALPHABET,INPUT_MULTIBYTE,INPUT_NUMERIC,INPUT_SYMBOL,INPUT_UPPERCASE,RETRIEVAL_TABLE,FORMAT,DEFAULT_VALUE,MIN_VALUE,MAX_VALUE,CALENDAR_BUTTON,JUMP_BUTTON,OPEN_BUTTON,REF_TABLE_ID,REF_FIELD_NAME,SPECIAL_BUTTON) VALUES ('TBLID_BEQP','EQP_CAT','EQP_CAT','EQP_CAT','STRING',1,'N','Y','N','Y',3,-1,0,0,3,'N','N','N','STRING',1,'Y',0,'Y','Y','Y','NONE',NULL,NULL,NULL,NULL,'N','N',0,NULL,NULL,0);
INSERT INTO SM_FIELD_DEF (TABLE_ID,FIELD_NAME,JP_TITLE,US_TITLE,DB_TYPE,DB_LENGTH,IS_KEY,NOT_BLANK,IS_DUMMY,IS_SEARCH_ITEM,SORT_NO,TREE_LEVEL,SHEET_NO,PAGE_NO,PROPERTY_NO,IS_AUTO,IS_MANDATORY,SYSTEM_READONLY,FIELD_TYPE,FIELD_LENGTH,INPUT_ALPHABET,INPUT_MULTIBYTE,INPUT_NUMERIC,INPUT_SYMBOL,INPUT_UPPERCASE,RETRIEVAL_TABLE,FORMAT,DEFAULT_VALUE,MIN_VALUE,MAX_VALUE,CALENDAR_BUTTON,JUMP_BUTTON,OPEN_BUTTON,REF_TABLE_ID,REF_FIELD_NAME,SPECIAL_BUTTON) VALUES ('TBLID_BEQP','EQP_PROPERTY','EQP_PROPERTY','EQP_PROPERTY','STRING',10,'N','Y','N','Y',4,-1,0,0,4,'N','N','N','STRING',10,'Y',0,'Y','Y','Y','NONE',NULL,NULL,NULL,NULL,'N','N',0,NULL,NULL,0);
INSERT INTO SM_FIELD_DEF (TABLE_ID,FIELD_NAME,JP_TITLE,US_TITLE,DB_TYPE,DB_LENGTH,IS_KEY,NOT_BLANK,IS_DUMMY,IS_SEARCH_ITEM,SORT_NO,TREE_LEVEL,SHEET_NO,PAGE_NO,PROPERTY_NO,IS_AUTO,IS_MANDATORY,SYSTEM_READONLY,FIELD_TYPE,FIELD_LENGTH,INPUT_ALPHABET,INPUT_MULTIBYTE,INPUT_NUMERIC,INPUT_SYMBOL,INPUT_UPPERCASE,RETRIEVAL_TABLE,FORMAT,DEFAULT_VALUE,MIN_VALUE,MAX_VALUE,CALENDAR_BUTTON,JUMP_BUTTON,OPEN_BUTTON,REF_TABLE_ID,REF_FIELD_NAME,SPECIAL_BUTTON) VALUES ('TBLID_BEQP','EQP_MODE1','EQP_MODE1','EQP_MODE1','STRING',5,'N','Y','N','Y',5,-1,0,0,5,'N','N','N','STRING',5,'Y',0,'Y','Y','Y','NONE',NULL,NULL,NULL,NULL,'N','N',0,NULL,NULL,0);
INSERT INTO SM_FIELD_DEF (TABLE_ID,FIELD_NAME,JP_TITLE,US_TITLE,DB_TYPE,DB_LENGTH,IS_KEY,NOT_BLANK,IS_DUMMY,IS_SEARCH_ITEM,SORT_NO,TREE_LEVEL,SHEET_NO,PAGE_NO,PROPERTY_NO,IS_AUTO,IS_MANDATORY,SYSTEM_READONLY,FIELD_TYPE,FIELD_LENGTH,INPUT_ALPHABET,INPUT_MULTIBYTE,INPUT_NUMERIC,INPUT_SYMBOL,INPUT_UPPERCASE,RETRIEVAL_TABLE,FORMAT,DEFAULT_VALUE,MIN_VALUE,MAX_VALUE,CALENDAR_BUTTON,JUMP_BUTTON,OPEN_BUTTON,REF_TABLE_ID,REF_FIELD_NAME,SPECIAL_BUTTON) VALUES ('TBLID_BEQP','EQP_MODE2','EQP_MODE2','EQP_MODE2','STRING',5,'N','Y','N','Y',6,-1,0,0,6,'N','N','N','STRING',5,'Y',0,'Y','Y','Y','NONE',NULL,NULL,NULL,NULL,'N','N',0,NULL,NULL,0);
INSERT INTO SM_FIELD_DEF (TABLE_ID,FIELD_NAME,JP_TITLE,US_TITLE,DB_TYPE,DB_LENGTH,IS_KEY,NOT_BLANK,IS_DUMMY,IS_SEARCH_ITEM,SORT_NO,TREE_LEVEL,SHEET_NO,PAGE_NO,PROPERTY_NO,IS_AUTO,IS_MANDATORY,SYSTEM_READONLY,FIELD_TYPE,FIELD_LENGTH,INPUT_ALPHABET,INPUT_MULTIBYTE,INPUT_NUMERIC,INPUT_SYMBOL,INPUT_UPPERCASE,RETRIEVAL_TABLE,FORMAT,DEFAULT_VALUE,MIN_VALUE,MAX_VALUE,CALENDAR_BUTTON,JUMP_BUTTON,OPEN_BUTTON,REF_TABLE_ID,REF_FIELD_NAME,SPECIAL_BUTTON) VALUES ('TBLID_BEQP','EQP_MODE3','EQP_MODE3','EQP_MODE3','STRING',5,'N','Y','N','Y',7,-1,0,0,7,'N','N','N','STRING',5,'Y',0,'Y','Y','Y','NONE',NULL,NULL,NULL,NULL,'N','N',0,NULL,NULL,0);
INSERT INTO SM_FIELD_DEF (TABLE_ID,FIELD_NAME,JP_TITLE,US_TITLE,DB_TYPE,DB_LENGTH,IS_KEY,NOT_BLANK,IS_DUMMY,IS_SEARCH_ITEM,SORT_NO,TREE_LEVEL,SHEET_NO,PAGE_NO,PROPERTY_NO,IS_AUTO,IS_MANDATORY,SYSTEM_READONLY,FIELD_TYPE,FIELD_LENGTH,INPUT_ALPHABET,INPUT_MULTIBYTE,INPUT_NUMERIC,INPUT_SYMBOL,INPUT_UPPERCASE,RETRIEVAL_TABLE,FORMAT,DEFAULT_VALUE,MIN_VALUE,MAX_VALUE,CALENDAR_BUTTON,JUMP_BUTTON,OPEN_BUTTON,REF_TABLE_ID,REF_FIELD_NAME,SPECIAL_BUTTON) VALUES ('TBLID_BEQP','EQP_MODE4','EQP_MODE4','EQP_MODE4','STRING',5,'N','Y','N','Y',8,-1,0,0,8,'N','N','N','STRING',5,'Y',0,'Y','Y','Y','NONE',NULL,NULL,NULL,NULL,'N','N',0,NULL,NULL,0);
INSERT INTO SM_FIELD_DEF (TABLE_ID,FIELD_NAME,JP_TITLE,US_TITLE,DB_TYPE,DB_LENGTH,IS_KEY,NOT_BLANK,IS_DUMMY,IS_SEARCH_ITEM,SORT_NO,TREE_LEVEL,SHEET_NO,PAGE_NO,PROPERTY_NO,IS_AUTO,IS_MANDATORY,SYSTEM_READONLY,FIELD_TYPE,FIELD_LENGTH,INPUT_ALPHABET,INPUT_MULTIBYTE,INPUT_NUMERIC,INPUT_SYMBOL,INPUT_UPPERCASE,RETRIEVAL_TABLE,FORMAT,DEFAULT_VALUE,MIN_VALUE,MAX_VALUE,CALENDAR_BUTTON,JUMP_BUTTON,OPEN_BUTTON,REF_TABLE_ID,REF_FIELD_NAME,SPECIAL_BUTTON) VALUES ('TBLID_BEQP','EQP_MODE5','EQP_MODE5','EQP_MODE5','STRING',5,'N','Y','N','Y',9,-1,0,0,9,'N','N','N','STRING',5,'Y',0,'Y','Y','Y','NONE',NULL,NULL,NULL,NULL,'N','N',0,NULL,NULL,0);
INSERT INTO SM_FIELD_DEF (TABLE_ID,FIELD_NAME,JP_TITLE,US_TITLE,DB_TYPE,DB_LENGTH,IS_KEY,NOT_BLANK,IS_DUMMY,IS_SEARCH_ITEM,SORT_NO,TREE_LEVEL,SHEET_NO,PAGE_NO,PROPERTY_NO,IS_AUTO,IS_MANDATORY,SYSTEM_READONLY,FIELD_TYPE,FIELD_LENGTH,INPUT_ALPHABET,INPUT_MULTIBYTE,INPUT_NUMERIC,INPUT_SYMBOL,INPUT_UPPERCASE,RETRIEVAL_TABLE,FORMAT,DEFAULT_VALUE,MIN_VALUE,MAX_VALUE,CALENDAR_BUTTON,JUMP_BUTTON,OPEN_BUTTON,REF_TABLE_ID,REF_FIELD_NAME,SPECIAL_BUTTON) VALUES ('TBLID_BEQP','EQP_MODE6','EQP_MODE6','EQP_MODE6','STRING',5,'N','Y','N','Y',10,-1,0,0,10,'N','N','N','STRING',5,'Y',0,'Y','Y','Y','NONE',NULL,NULL,NULL,NULL,'N','N',0,NULL,NULL,0);
INSERT INTO SM_FIELD_DEF (TABLE_ID,FIELD_NAME,JP_TITLE,US_TITLE,DB_TYPE,DB_LENGTH,IS_KEY,NOT_BLANK,IS_DUMMY,IS_SEARCH_ITEM,SORT_NO,TREE_LEVEL,SHEET_NO,PAGE_NO,PROPERTY_NO,IS_AUTO,IS_MANDATORY,SYSTEM_READONLY,FIELD_TYPE,FIELD_LENGTH,INPUT_ALPHABET,INPUT_MULTIBYTE,INPUT_NUMERIC,INPUT_SYMBOL,INPUT_UPPERCASE,RETRIEVAL_TABLE,FORMAT,DEFAULT_VALUE,MIN_VALUE,MAX_VALUE,CALENDAR_BUTTON,JUMP_BUTTON,OPEN_BUTTON,REF_TABLE_ID,REF_FIELD_NAME,SPECIAL_BUTTON) VALUES ('TBLID_BEQP','EQP_MODE7','EQP_MODE7','EQP_MODE7','STRING',5,'N','Y','N','Y',11,-1,0,0,11,'N','N','N','STRING',5,'Y',0,'Y','Y','Y','NONE',NULL,NULL,NULL,NULL,'N','N',0,NULL,NULL,0);
INSERT INTO SM_FIELD_DEF (TABLE_ID,FIELD_NAME,JP_TITLE,US_TITLE,DB_TYPE,DB_LENGTH,IS_KEY,NOT_BLANK,IS_DUMMY,IS_SEARCH_ITEM,SORT_NO,TREE_LEVEL,SHEET_NO,PAGE_NO,PROPERTY_NO,IS_AUTO,IS_MANDATORY,SYSTEM_READONLY,FIELD_TYPE,FIELD_LENGTH,INPUT_ALPHABET,INPUT_MULTIBYTE,INPUT_NUMERIC,INPUT_SYMBOL,INPUT_UPPERCASE,RETRIEVAL_TABLE,FORMAT,DEFAULT_VALUE,MIN_VALUE,MAX_VALUE,CALENDAR_BUTTON,JUMP_BUTTON,OPEN_BUTTON,REF_TABLE_ID,REF_FIELD_NAME,SPECIAL_BUTTON) VALUES ('TBLID_BEQP','EQP_MODE8','EQP_MODE8','EQP_MODE8','STRING',5,'N','Y','N','Y',12,-1,0,0,12,'N','N','N','STRING',5,'Y',0,'Y','Y','Y','NONE',NULL,NULL,NULL,NULL,'N','N',0,NULL,NULL,0);
INSERT INTO SM_FIELD_DEF (TABLE_ID,FIELD_NAME,JP_TITLE,US_TITLE,DB_TYPE,DB_LENGTH,IS_KEY,NOT_BLANK,IS_DUMMY,IS_SEARCH_ITEM,SORT_NO,TREE_LEVEL,SHEET_NO,PAGE_NO,PROPERTY_NO,IS_AUTO,IS_MANDATORY,SYSTEM_READONLY,FIELD_TYPE,FIELD_LENGTH,INPUT_ALPHABET,INPUT_MULTIBYTE,INPUT_NUMERIC,INPUT_SYMBOL,INPUT_UPPERCASE,RETRIEVAL_TABLE,FORMAT,DEFAULT_VALUE,MIN_VALUE,MAX_VALUE,CALENDAR_BUTTON,JUMP_BUTTON,OPEN_BUTTON,REF_TABLE_ID,REF_FIELD_NAME,SPECIAL_BUTTON) VALUES ('TBLID_BEQP','EQP_MODE9','EQP_MODE9','EQP_MODE9','STRING',5,'N','Y','N','Y',13,-1,0,0,13,'N','N','N','STRING',5,'Y',0,'Y','Y','Y','NONE',NULL,NULL,NULL,NULL,'N','N',0,NULL,NULL,0);
INSERT INTO SM_FIELD_DEF (TABLE_ID,FIELD_NAME,JP_TITLE,US_TITLE,DB_TYPE,DB_LENGTH,IS_KEY,NOT_BLANK,IS_DUMMY,IS_SEARCH_ITEM,SORT_NO,TREE_LEVEL,SHEET_NO,PAGE_NO,PROPERTY_NO,IS_AUTO,IS_MANDATORY,SYSTEM_READONLY,FIELD_TYPE,FIELD_LENGTH,INPUT_ALPHABET,INPUT_MULTIBYTE,INPUT_NUMERIC,INPUT_SYMBOL,INPUT_UPPERCASE,RETRIEVAL_TABLE,FORMAT,DEFAULT_VALUE,MIN_VALUE,MAX_VALUE,CALENDAR_BUTTON,JUMP_BUTTON,OPEN_BUTTON,REF_TABLE_ID,REF_FIELD_NAME,SPECIAL_BUTTON) VALUES ('TBLID_BEQP','EQP_MODE10','EQP_MODE10','EQP_MODE10','STRING',5,'N','Y','N','Y',14,-1,0,0,14,'N','N','N','STRING',5,'Y',0,'Y','Y','Y','NONE',NULL,NULL,NULL,NULL,'N','N',0,NULL,NULL,0);
INSERT INTO SM_FIELD_DEF (TABLE_ID,FIELD_NAME,JP_TITLE,US_TITLE,DB_TYPE,DB_LENGTH,IS_KEY,NOT_BLANK,IS_DUMMY,IS_SEARCH_ITEM,SORT_NO,TREE_LEVEL,SHEET_NO,PAGE_NO,PROPERTY_NO,IS_AUTO,IS_MANDATORY,SYSTEM_READONLY,FIELD_TYPE,FIELD_LENGTH,INPUT_ALPHABET,INPUT_MULTIBYTE,INPUT_NUMERIC,INPUT_SYMBOL,INPUT_UPPERCASE,RETRIEVAL_TABLE,FORMAT,DEFAULT_VALUE,MIN_VALUE,MAX_VALUE,CALENDAR_BUTTON,JUMP_BUTTON,OPEN_BUTTON,REF_TABLE_ID,REF_FIELD_NAME,SPECIAL_BUTTON) VALUES ('TBLID_BEQP','WHAT_NEXT_MODE','WHAT_NEXT_MODE','WHAT_NEXT_MODE','STRING',1,'N','Y','N','Y',15,-1,0,0,15,'N','N','N','STRING',1,'Y',0,'Y','Y','Y','NONE',NULL,NULL,NULL,NULL,'N','N',0,NULL,NULL,0);
INSERT INTO SM_FIELD_DEF (TABLE_ID,FIELD_NAME,JP_TITLE,US_TITLE,DB_TYPE,DB_LENGTH,IS_KEY,NOT_BLANK,IS_DUMMY,IS_SEARCH_ITEM,SORT_NO,TREE_LEVEL,SHEET_NO,PAGE_NO,PROPERTY_NO,IS_AUTO,IS_MANDATORY,SYSTEM_READONLY,FIELD_TYPE,FIELD_LENGTH,INPUT_ALPHABET,INPUT_MULTIBYTE,INPUT_NUMERIC,INPUT_SYMBOL,INPUT_UPPERCASE,RETRIEVAL_TABLE,FORMAT,DEFAULT_VALUE,MIN_VALUE,MAX_VALUE,CALENDAR_BUTTON,JUMP_BUTTON,OPEN_BUTTON,REF_TABLE_ID,REF_FIELD_NAME,SPECIAL_BUTTON) VALUES ('TBLID_BEQP','ECS_RESRC_NAME','ECS_RESRC_NAME','ECS_RESRC_NAME','STRING',40,'N','Y','N','Y',16,-1,0,0,16,'N','N','N','STRING',40,'Y',0,'Y','Y','Y','NONE',NULL,NULL,NULL,NULL,'N','N',0,NULL,NULL,0);
INSERT INTO SM_FIELD_DEF (TABLE_ID,FIELD_NAME,JP_TITLE,US_TITLE,DB_TYPE,DB_LENGTH,IS_KEY,NOT_BLANK,IS_DUMMY,IS_SEARCH_ITEM,SORT_NO,TREE_LEVEL,SHEET_NO,PAGE_NO,PROPERTY_NO,IS_AUTO,IS_MANDATORY,SYSTEM_READONLY,FIELD_TYPE,FIELD_LENGTH,INPUT_ALPHABET,INPUT_MULTIBYTE,INPUT_NUMERIC,INPUT_SYMBOL,INPUT_UPPERCASE,RETRIEVAL_TABLE,FORMAT,DEFAULT_VALUE,MIN_VALUE,MAX_VALUE,CALENDAR_BUTTON,JUMP_BUTTON,OPEN_BUTTON,REF_TABLE_ID,REF_FIELD_NAME,SPECIAL_BUTTON) VALUES ('TBLID_BEQP','LOT_SEL_RULE1','LOT_SEL_RULE1','LOT_SEL_RULE1','STRING',1,'N','Y','N','Y',17,-1,0,0,17,'N','N','N','STRING',1,'Y',0,'Y','Y','Y','NONE',NULL,NULL,NULL,NULL,'N','N',0,NULL,NULL,0);
INSERT INTO SM_FIELD_DEF (TABLE_ID,FIELD_NAME,JP_TITLE,US_TITLE,DB_TYPE,DB_LENGTH,IS_KEY,NOT_BLANK,IS_DUMMY,IS_SEARCH_ITEM,SORT_NO,TREE_LEVEL,SHEET_NO,PAGE_NO,PROPERTY_NO,IS_AUTO,IS_MANDATORY,SYSTEM_READONLY,FIELD_TYPE,FIELD_LENGTH,INPUT_ALPHABET,INPUT_MULTIBYTE,INPUT_NUMERIC,INPUT_SYMBOL,INPUT_UPPERCASE,RETRIEVAL_TABLE,FORMAT,DEFAULT_VALUE,MIN_VALUE,MAX_VALUE,CALENDAR_BUTTON,JUMP_BUTTON,OPEN_BUTTON,REF_TABLE_ID,REF_FIELD_NAME,SPECIAL_BUTTON) VALUES ('TBLID_BEQP','LOT_SEL_RULE2','LOT_SEL_RULE2','LOT_SEL_RULE2','STRING',1,'N','Y','N','Y',18,-1,0,0,18,'N','N','N','STRING',1,'Y',0,'Y','Y','Y','NONE',NULL,NULL,NULL,NULL,'N','N',0,NULL,NULL,0);
INSERT INTO SM_FIELD_DEF (TABLE_ID,FIELD_NAME,JP_TITLE,US_TITLE,DB_TYPE,DB_LENGTH,IS_KEY,NOT_BLANK,IS_DUMMY,IS_SEARCH_ITEM,SORT_NO,TREE_LEVEL,SHEET_NO,PAGE_NO,PROPERTY_NO,IS_AUTO,IS_MANDATORY,SYSTEM_READONLY,FIELD_TYPE,FIELD_LENGTH,INPUT_ALPHABET,INPUT_MULTIBYTE,INPUT_NUMERIC,INPUT_SYMBOL,INPUT_UPPERCASE,RETRIEVAL_TABLE,FORMAT,DEFAULT_VALUE,MIN_VALUE,MAX_VALUE,CALENDAR_BUTTON,JUMP_BUTTON,OPEN_BUTTON,REF_TABLE_ID,REF_FIELD_NAME,SPECIAL_BUTTON) VALUES ('TBLID_BEQP','LOT_SEL_RULE3','LOT_SEL_RULE3','LOT_SEL_RULE3','STRING',1,'N','Y','N','Y',19,-1,0,0,19,'N','N','N','STRING',1,'Y',0,'Y','Y','Y','NONE',NULL,NULL,NULL,NULL,'N','N',0,NULL,NULL,0);
INSERT INTO SM_FIELD_DEF (TABLE_ID,FIELD_NAME,JP_TITLE,US_TITLE,DB_TYPE,DB_LENGTH,IS_KEY,NOT_BLANK,IS_DUMMY,IS_SEARCH_ITEM,SORT_NO,TREE_LEVEL,SHEET_NO,PAGE_NO,PROPERTY_NO,IS_AUTO,IS_MANDATORY,SYSTEM_READONLY,FIELD_TYPE,FIELD_LENGTH,INPUT_ALPHABET,INPUT_MULTIBYTE,INPUT_NUMERIC,INPUT_SYMBOL,INPUT_UPPERCASE,RETRIEVAL_TABLE,FORMAT,DEFAULT_VALUE,MIN_VALUE,MAX_VALUE,CALENDAR_BUTTON,JUMP_BUTTON,OPEN_BUTTON,REF_TABLE_ID,REF_FIELD_NAME,SPECIAL_BUTTON) VALUES ('TBLID_BEQP','LOT_SEL_RULE4','LOT_SEL_RULE4','LOT_SEL_RULE4','STRING',1,'N','Y','N','Y',20,-1,0,0,20,'N','N','N','STRING',1,'Y',0,'Y','Y','Y','NONE',NULL,NULL,NULL,NULL,'N','N',0,NULL,NULL,0);
INSERT INTO SM_FIELD_DEF (TABLE_ID,FIELD_NAME,JP_TITLE,US_TITLE,DB_TYPE,DB_LENGTH,IS_KEY,NOT_BLANK,IS_DUMMY,IS_SEARCH_ITEM,SORT_NO,TREE_LEVEL,SHEET_NO,PAGE_NO,PROPERTY_NO,IS_AUTO,IS_MANDATORY,SYSTEM_READONLY,FIELD_TYPE,FIELD_LENGTH,INPUT_ALPHABET,INPUT_MULTIBYTE,INPUT_NUMERIC,INPUT_SYMBOL,INPUT_UPPERCASE,RETRIEVAL_TABLE,FORMAT,DEFAULT_VALUE,MIN_VALUE,MAX_VALUE,CALENDAR_BUTTON,JUMP_BUTTON,OPEN_BUTTON,REF_TABLE_ID,REF_FIELD_NAME,SPECIAL_BUTTON) VALUES ('TBLID_BEQP','PM_FLG','PM_FLG','PM_FLG','STRING',1,'N','Y','N','Y',21,-1,0,0,21,'N','N','N','STRING',1,'Y',0,'Y','Y','Y','NONE',NULL,NULL,NULL,NULL,'N','N',0,NULL,NULL,0);
INSERT INTO SM_FIELD_DEF (TABLE_ID,FIELD_NAME,JP_TITLE,US_TITLE,DB_TYPE,DB_LENGTH,IS_KEY,NOT_BLANK,IS_DUMMY,IS_SEARCH_ITEM,SORT_NO,TREE_LEVEL,SHEET_NO,PAGE_NO,PROPERTY_NO,IS_AUTO,IS_MANDATORY,SYSTEM_READONLY,FIELD_TYPE,FIELD_LENGTH,INPUT_ALPHABET,INPUT_MULTIBYTE,INPUT_NUMERIC,INPUT_SYMBOL,INPUT_UPPERCASE,RETRIEVAL_TABLE,FORMAT,DEFAULT_VALUE,MIN_VALUE,MAX_VALUE,CALENDAR_BUTTON,JUMP_BUTTON,OPEN_BUTTON,REF_TABLE_ID,REF_FIELD_NAME,SPECIAL_BUTTON) VALUES ('TBLID_BEQP','FAB_ID','FAB_ID','FAB_ID','STRING',10,'N','Y','N','Y',22,-1,0,0,22,'N','N','N','STRING',10,'Y',0,'Y','Y','Y','NONE',NULL,NULL,NULL,NULL,'N','N',0,NULL,NULL,0);
INSERT INTO SM_FIELD_DEF (TABLE_ID,FIELD_NAME,JP_TITLE,US_TITLE,DB_TYPE,DB_LENGTH,IS_KEY,NOT_BLANK,IS_DUMMY,IS_SEARCH_ITEM,SORT_NO,TREE_LEVEL,SHEET_NO,PAGE_NO,PROPERTY_NO,IS_AUTO,IS_MANDATORY,SYSTEM_READONLY,FIELD_TYPE,FIELD_LENGTH,INPUT_ALPHABET,INPUT_MULTIBYTE,INPUT_NUMERIC,INPUT_SYMBOL,INPUT_UPPERCASE,RETRIEVAL_TABLE,FORMAT,DEFAULT_VALUE,MIN_VALUE,MAX_VALUE,CALENDAR_BUTTON,JUMP_BUTTON,OPEN_BUTTON,REF_TABLE_ID,REF_FIELD_NAME,SPECIAL_BUTTON) VALUES ('TBLID_BEQP','LINE_ID','LINE_ID','LINE_ID','STRING',10,'N','Y','N','Y',23,-1,0,0,23,'N','N','N','STRING',10,'Y',0,'Y','Y','Y','NONE',NULL,NULL,NULL,NULL,'N','N',0,NULL,NULL,0);
INSERT INTO SM_FIELD_DEF (TABLE_ID,FIELD_NAME,JP_TITLE,US_TITLE,DB_TYPE,DB_LENGTH,IS_KEY,NOT_BLANK,IS_DUMMY,IS_SEARCH_ITEM,SORT_NO,TREE_LEVEL,SHEET_NO,PAGE_NO,PROPERTY_NO,IS_AUTO,IS_MANDATORY,SYSTEM_READONLY,FIELD_TYPE,FIELD_LENGTH,INPUT_ALPHABET,INPUT_MULTIBYTE,INPUT_NUMERIC,INPUT_SYMBOL,INPUT_UPPERCASE,RETRIEVAL_TABLE,FORMAT,DEFAULT_VALUE,MIN_VALUE,MAX_VALUE,CALENDAR_BUTTON,JUMP_BUTTON,OPEN_BUTTON,REF_TABLE_ID,REF_FIELD_NAME,SPECIAL_BUTTON) VALUES ('TBLID_BEQP','WRK_PLATE_TYPE','WRK_PLATE_TYPE','WRK_PLATE_TYPE','STRING',2,'N','Y','N','Y',24,-1,0,0,24,'N','N','N','STRING',2,'Y',0,'Y','Y','Y','NONE',NULL,NULL,NULL,NULL,'N','N',0,NULL,NULL,0);
INSERT INTO SM_FIELD_DEF (TABLE_ID,FIELD_NAME,JP_TITLE,US_TITLE,DB_TYPE,DB_LENGTH,IS_KEY,NOT_BLANK,IS_DUMMY,IS_SEARCH_ITEM,SORT_NO,TREE_LEVEL,SHEET_NO,PAGE_NO,PROPERTY_NO,IS_AUTO,IS_MANDATORY,SYSTEM_READONLY,FIELD_TYPE,FIELD_LENGTH,INPUT_ALPHABET,INPUT_MULTIBYTE,INPUT_NUMERIC,INPUT_SYMBOL,INPUT_UPPERCASE,RETRIEVAL_TABLE,FORMAT,DEFAULT_VALUE,MIN_VALUE,MAX_VALUE,CALENDAR_BUTTON,JUMP_BUTTON,OPEN_BUTTON,REF_TABLE_ID,REF_FIELD_NAME,SPECIAL_BUTTON) VALUES ('TBLID_BEQP','GRAND_EQP','GRAND_EQP','GRAND_EQP','STRING',10,'N','Y','N','Y',25,-1,0,0,25,'N','N','N','STRING',10,'Y',0,'Y','Y','Y','NONE',NULL,NULL,NULL,NULL,'N','N',0,NULL,NULL,0);
INSERT INTO SM_FIELD_DEF (TABLE_ID,FIELD_NAME,JP_TITLE,US_TITLE,DB_TYPE,DB_LENGTH,IS_KEY,NOT_BLANK,IS_DUMMY,IS_SEARCH_ITEM,SORT_NO,TREE_LEVEL,SHEET_NO,PAGE_NO,PROPERTY_NO,IS_AUTO,IS_MANDATORY,SYSTEM_READONLY,FIELD_TYPE,FIELD_LENGTH,INPUT_ALPHABET,INPUT_MULTIBYTE,INPUT_NUMERIC,INPUT_SYMBOL,INPUT_UPPERCASE,RETRIEVAL_TABLE,FORMAT,DEFAULT_VALUE,MIN_VALUE,MAX_VALUE,CALENDAR_BUTTON,JUMP_BUTTON,OPEN_BUTTON,REF_TABLE_ID,REF_FIELD_NAME,SPECIAL_BUTTON) VALUES ('TBLID_BEQP','DSP_AREA','DSP_AREA','DSP_AREA','STRING',6,'N','Y','N','Y',26,-1,0,0,26,'N','N','N','STRING',6,'Y',0,'Y','Y','Y','NONE',NULL,NULL,NULL,NULL,'N','N',0,NULL,NULL,0);
INSERT INTO SM_FIELD_DEF (TABLE_ID,FIELD_NAME,JP_TITLE,US_TITLE,DB_TYPE,DB_LENGTH,IS_KEY,NOT_BLANK,IS_DUMMY,IS_SEARCH_ITEM,SORT_NO,TREE_LEVEL,SHEET_NO,PAGE_NO,PROPERTY_NO,IS_AUTO,IS_MANDATORY,SYSTEM_READONLY,FIELD_TYPE,FIELD_LENGTH,INPUT_ALPHABET,INPUT_MULTIBYTE,INPUT_NUMERIC,INPUT_SYMBOL,INPUT_UPPERCASE,RETRIEVAL_TABLE,FORMAT,DEFAULT_VALUE,MIN_VALUE,MAX_VALUE,CALENDAR_BUTTON,JUMP_BUTTON,OPEN_BUTTON,REF_TABLE_ID,REF_FIELD_NAME,SPECIAL_BUTTON) VALUES ('TBLID_BEQP','RP_RATE','RP_RATE','RP_RATE','NUMBER',0,'N','Y','N','Y',27,-1,0,0,27,'N','N','N','STRING',0,'Y',0,'Y','Y','Y','NONE',NULL,NULL,NULL,NULL,'N','N',0,NULL,NULL,0);
INSERT INTO SM_FIELD_DEF (TABLE_ID,FIELD_NAME,JP_TITLE,US_TITLE,DB_TYPE,DB_LENGTH,IS_KEY,NOT_BLANK,IS_DUMMY,IS_SEARCH_ITEM,SORT_NO,TREE_LEVEL,SHEET_NO,PAGE_NO,PROPERTY_NO,IS_AUTO,IS_MANDATORY,SYSTEM_READONLY,FIELD_TYPE,FIELD_LENGTH,INPUT_ALPHABET,INPUT_MULTIBYTE,INPUT_NUMERIC,INPUT_SYMBOL,INPUT_UPPERCASE,RETRIEVAL_TABLE,FORMAT,DEFAULT_VALUE,MIN_VALUE,MAX_VALUE,CALENDAR_BUTTON,JUMP_BUTTON,OPEN_BUTTON,REF_TABLE_ID,REF_FIELD_NAME,SPECIAL_BUTTON) VALUES ('TBLID_BEQP','LINE_CNT','LINE_CNT','LINE_CNT','NUMBER',0,'N','Y','N','Y',28,-1,0,0,28,'N','N','N','STRING',0,'Y',0,'Y','Y','Y','NONE',NULL,NULL,NULL,NULL,'N','N',0,NULL,NULL,0);
INSERT INTO SM_FIELD_DEF (TABLE_ID,FIELD_NAME,JP_TITLE,US_TITLE,DB_TYPE,DB_LENGTH,IS_KEY,NOT_BLANK,IS_DUMMY,IS_SEARCH_ITEM,SORT_NO,TREE_LEVEL,SHEET_NO,PAGE_NO,PROPERTY_NO,IS_AUTO,IS_MANDATORY,SYSTEM_READONLY,FIELD_TYPE,FIELD_LENGTH,INPUT_ALPHABET,INPUT_MULTIBYTE,INPUT_NUMERIC,INPUT_SYMBOL,INPUT_UPPERCASE,RETRIEVAL_TABLE,FORMAT,DEFAULT_VALUE,MIN_VALUE,MAX_VALUE,CALENDAR_BUTTON,JUMP_BUTTON,OPEN_BUTTON,REF_TABLE_ID,REF_FIELD_NAME,SPECIAL_BUTTON) VALUES ('TBLID_BEQP','UNIT_CNT','UNIT_CNT','UNIT_CNT','NUMBER',0,'N','Y','N','Y',29,-1,0,0,29,'N','N','N','STRING',0,'Y',0,'Y','Y','Y','NONE',NULL,NULL,NULL,NULL,'N','N',0,NULL,NULL,0);
INSERT INTO SM_FIELD_DEF (TABLE_ID,FIELD_NAME,JP_TITLE,US_TITLE,DB_TYPE,DB_LENGTH,IS_KEY,NOT_BLANK,IS_DUMMY,IS_SEARCH_ITEM,SORT_NO,TREE_LEVEL,SHEET_NO,PAGE_NO,PROPERTY_NO,IS_AUTO,IS_MANDATORY,SYSTEM_READONLY,FIELD_TYPE,FIELD_LENGTH,INPUT_ALPHABET,INPUT_MULTIBYTE,INPUT_NUMERIC,INPUT_SYMBOL,INPUT_UPPERCASE,RETRIEVAL_TABLE,FORMAT,DEFAULT_VALUE,MIN_VALUE,MAX_VALUE,CALENDAR_BUTTON,JUMP_BUTTON,OPEN_BUTTON,REF_TABLE_ID,REF_FIELD_NAME,SPECIAL_BUTTON) VALUES ('TBLID_BEQP','MCS_RESRC_NAME','MCS_RESRC_NAME','MCS_RESRC_NAME','STRING',40,'N','N','N','Y',30,-1,0,0,30,'N','N','N','STRING',40,'Y',0,'Y','Y','Y','NONE',NULL,NULL,NULL,NULL,'N','N',0,NULL,NULL,0);
INSERT INTO SM_FIELD_DEF (TABLE_ID,FIELD_NAME,JP_TITLE,US_TITLE,DB_TYPE,DB_LENGTH,IS_KEY,NOT_BLANK,IS_DUMMY,IS_SEARCH_ITEM,SORT_NO,TREE_LEVEL,SHEET_NO,PAGE_NO,PROPERTY_NO,IS_AUTO,IS_MANDATORY,SYSTEM_READONLY,FIELD_TYPE,FIELD_LENGTH,INPUT_ALPHABET,INPUT_MULTIBYTE,INPUT_NUMERIC,INPUT_SYMBOL,INPUT_UPPERCASE,RETRIEVAL_TABLE,FORMAT,DEFAULT_VALUE,MIN_VALUE,MAX_VALUE,CALENDAR_BUTTON,JUMP_BUTTON,OPEN_BUTTON,REF_TABLE_ID,REF_FIELD_NAME,SPECIAL_BUTTON) VALUES ('TBLID_BEQP','ULRQ_WAIT_TIME','ULRQ_WAIT_TIME','ULRQ_WAIT_TIME','NUMBER',0,'N','Y','N','Y',31,-1,0,0,31,'N','N','N','STRING',0,'Y',0,'Y','Y','Y','NONE',NULL,NULL,NULL,NULL,'N','N',0,NULL,NULL,0);
INSERT INTO SM_CHECK_DEF (TABLE_ID,CHECK_TYPE,CHECK_ORDER,CHECK_KIND,FIELD_NAME,REF_TABLE,REF_FIELD,EXPECT_VALUE,ERR_MSG) VALUES ('TBLID_BEQP','SAVE',1,'NOTNULL','EQP_ID',NULL,NULL,NULL,'EQP_ID不能为空');
INSERT INTO SM_CHECK_DEF (TABLE_ID,CHECK_TYPE,CHECK_ORDER,CHECK_KIND,FIELD_NAME,REF_TABLE,REF_FIELD,EXPECT_VALUE,ERR_MSG) VALUES ('TBLID_BEQP','SAVE',2,'STAT_E',NULL,NULL,NULL,NULL,'记录不是编辑态');
INSERT INTO SM_CHECK_DEF (TABLE_ID,CHECK_TYPE,CHECK_ORDER,CHECK_KIND,FIELD_NAME,REF_TABLE,REF_FIELD,EXPECT_VALUE,ERR_MSG) VALUES ('TBLID_BEQP','SAVE',3,'LOCK_FREE',NULL,NULL,NULL,NULL,'记录已被锁定');
INSERT INTO SM_CHECK_DEF (TABLE_ID,CHECK_TYPE,CHECK_ORDER,CHECK_KIND,FIELD_NAME,REF_TABLE,REF_FIELD,EXPECT_VALUE,ERR_MSG) VALUES ('TBLID_BEQP','RELEASE',1,'NOTNULL','EQP_ID',NULL,NULL,NULL,'EQP_ID不能为空');
INSERT INTO SM_CHECK_DEF (TABLE_ID,CHECK_TYPE,CHECK_ORDER,CHECK_KIND,FIELD_NAME,REF_TABLE,REF_FIELD,EXPECT_VALUE,ERR_MSG) VALUES ('TBLID_BEQP','RELEASE',2,'STAT_E',NULL,NULL,NULL,NULL,'记录不是编辑态');
INSERT INTO SM_CHECK_DEF (TABLE_ID,CHECK_TYPE,CHECK_ORDER,CHECK_KIND,FIELD_NAME,REF_TABLE,REF_FIELD,EXPECT_VALUE,ERR_MSG) VALUES ('TBLID_BEQP','RELEASE',3,'LOCK_FREE',NULL,NULL,NULL,NULL,'记录已被锁定');
INSERT INTO SM_CHECK_DEF (TABLE_ID,CHECK_TYPE,CHECK_ORDER,CHECK_KIND,FIELD_NAME,REF_TABLE,REF_FIELD,EXPECT_VALUE,ERR_MSG) VALUES ('TBLID_BEQP','RELEASE',10,'RELEASE_PARAM','EQP_ID','DEQP',NULL,NULL,NULL);
INSERT INTO SM_CHECK_DEF (TABLE_ID,CHECK_TYPE,CHECK_ORDER,CHECK_KIND,FIELD_NAME,REF_TABLE,REF_FIELD,EXPECT_VALUE,ERR_MSG) VALUES ('TBLID_BEQP','DELETE',1,'NOTNULL','EQP_ID',NULL,NULL,NULL,'EQP_ID不能为空');
INSERT INTO SM_CHECK_DEF (TABLE_ID,CHECK_TYPE,CHECK_ORDER,CHECK_KIND,FIELD_NAME,REF_TABLE,REF_FIELD,EXPECT_VALUE,ERR_MSG) VALUES ('TBLID_BEQP','DELETE',2,'STAT_R',NULL,NULL,NULL,NULL,'记录不是已发布态');
INSERT INTO SM_CHECK_DEF (TABLE_ID,CHECK_TYPE,CHECK_ORDER,CHECK_KIND,FIELD_NAME,REF_TABLE,REF_FIELD,EXPECT_VALUE,ERR_MSG) VALUES ('TBLID_BEQP','DELETE',3,'LOCK_FREE',NULL,NULL,NULL,NULL,'记录已被锁定');
INSERT INTO SM_CHECK_DEF (TABLE_ID,CHECK_TYPE,CHECK_ORDER,CHECK_KIND,FIELD_NAME,REF_TABLE,REF_FIELD,EXPECT_VALUE,ERR_MSG) VALUES ('TBLID_BEQP','EDITCOMP',1,'NOTNULL','EQP_ID',NULL,NULL,NULL,'EQP_ID不能为空');
INSERT INTO SM_CHECK_DEF (TABLE_ID,CHECK_TYPE,CHECK_ORDER,CHECK_KIND,FIELD_NAME,REF_TABLE,REF_FIELD,EXPECT_VALUE,ERR_MSG) VALUES ('TBLID_BEQP','EDITCOMP',2,'STAT_E',NULL,NULL,NULL,NULL,'记录不是编辑态');
INSERT INTO SM_CHECK_DEF (TABLE_ID,CHECK_TYPE,CHECK_ORDER,CHECK_KIND,FIELD_NAME,REF_TABLE,REF_FIELD,EXPECT_VALUE,ERR_MSG) VALUES ('TBLID_BEQP','EDITCOMP',3,'LOCK_FREE',NULL,NULL,NULL,NULL,'记录已被锁定');
INSERT INTO SM_CHECK_DEF (TABLE_ID,CHECK_TYPE,CHECK_ORDER,CHECK_KIND,FIELD_NAME,REF_TABLE,REF_FIELD,EXPECT_VALUE,ERR_MSG) VALUES ('TBLID_BEQP','EDITCOMP',4,'COMP_N',NULL,NULL,NULL,NULL,'记录已编辑完成');

-- BAREA (4 fields)
INSERT INTO SM_TABLE_DEF (TABLE_ID,TABLE_NAME,JP_TITLE,US_TITLE,RELEASE_FLAG,DISTRIBUTE_FLAG,PERMISSION_TYPE,SCHEMA_TYPE,HAS_DUMMY,SORT_NO) VALUES ('TBLID_BAREA','BAREA','BAREA','BAREA','Y','N','C','L','N',90);
INSERT INTO SM_FIELD_DEF (TABLE_ID,FIELD_NAME,JP_TITLE,US_TITLE,DB_TYPE,DB_LENGTH,IS_KEY,NOT_BLANK,IS_DUMMY,IS_SEARCH_ITEM,SORT_NO,TREE_LEVEL,SHEET_NO,PAGE_NO,PROPERTY_NO,IS_AUTO,IS_MANDATORY,SYSTEM_READONLY,FIELD_TYPE,FIELD_LENGTH,INPUT_ALPHABET,INPUT_MULTIBYTE,INPUT_NUMERIC,INPUT_SYMBOL,INPUT_UPPERCASE,RETRIEVAL_TABLE,FORMAT,DEFAULT_VALUE,MIN_VALUE,MAX_VALUE,CALENDAR_BUTTON,JUMP_BUTTON,OPEN_BUTTON,REF_TABLE_ID,REF_FIELD_NAME,SPECIAL_BUTTON) VALUES ('TBLID_BAREA','AREA_ID','AREA_ID','AREA_ID','STRING',6,'Y','Y','N','Y',0,0,0,0,0,'N','N','N','STRING',6,'Y',0,'Y','Y','Y','NONE',NULL,NULL,NULL,NULL,'N','N',0,NULL,NULL,0);
INSERT INTO SM_FIELD_DEF (TABLE_ID,FIELD_NAME,JP_TITLE,US_TITLE,DB_TYPE,DB_LENGTH,IS_KEY,NOT_BLANK,IS_DUMMY,IS_SEARCH_ITEM,SORT_NO,TREE_LEVEL,SHEET_NO,PAGE_NO,PROPERTY_NO,IS_AUTO,IS_MANDATORY,SYSTEM_READONLY,FIELD_TYPE,FIELD_LENGTH,INPUT_ALPHABET,INPUT_MULTIBYTE,INPUT_NUMERIC,INPUT_SYMBOL,INPUT_UPPERCASE,RETRIEVAL_TABLE,FORMAT,DEFAULT_VALUE,MIN_VALUE,MAX_VALUE,CALENDAR_BUTTON,JUMP_BUTTON,OPEN_BUTTON,REF_TABLE_ID,REF_FIELD_NAME,SPECIAL_BUTTON) VALUES ('TBLID_BAREA','AREA_NAME','AREA_NAME','AREA_NAME','STRING',40,'N','Y','N','Y',1,-1,0,0,1,'N','N','N','STRING',40,'Y',0,'Y','Y','Y','NONE',NULL,NULL,NULL,NULL,'N','N',0,NULL,NULL,0);
INSERT INTO SM_FIELD_DEF (TABLE_ID,FIELD_NAME,JP_TITLE,US_TITLE,DB_TYPE,DB_LENGTH,IS_KEY,NOT_BLANK,IS_DUMMY,IS_SEARCH_ITEM,SORT_NO,TREE_LEVEL,SHEET_NO,PAGE_NO,PROPERTY_NO,IS_AUTO,IS_MANDATORY,SYSTEM_READONLY,FIELD_TYPE,FIELD_LENGTH,INPUT_ALPHABET,INPUT_MULTIBYTE,INPUT_NUMERIC,INPUT_SYMBOL,INPUT_UPPERCASE,RETRIEVAL_TABLE,FORMAT,DEFAULT_VALUE,MIN_VALUE,MAX_VALUE,CALENDAR_BUTTON,JUMP_BUTTON,OPEN_BUTTON,REF_TABLE_ID,REF_FIELD_NAME,SPECIAL_BUTTON) VALUES ('TBLID_BAREA','AREA_DESC','AREA_DESC','AREA_DESC','STRING',80,'N','Y','N','Y',2,-1,0,0,2,'N','N','N','STRING',80,'Y',0,'Y','Y','Y','NONE',NULL,NULL,NULL,NULL,'N','N',0,NULL,NULL,0);
INSERT INTO SM_FIELD_DEF (TABLE_ID,FIELD_NAME,JP_TITLE,US_TITLE,DB_TYPE,DB_LENGTH,IS_KEY,NOT_BLANK,IS_DUMMY,IS_SEARCH_ITEM,SORT_NO,TREE_LEVEL,SHEET_NO,PAGE_NO,PROPERTY_NO,IS_AUTO,IS_MANDATORY,SYSTEM_READONLY,FIELD_TYPE,FIELD_LENGTH,INPUT_ALPHABET,INPUT_MULTIBYTE,INPUT_NUMERIC,INPUT_SYMBOL,INPUT_UPPERCASE,RETRIEVAL_TABLE,FORMAT,DEFAULT_VALUE,MIN_VALUE,MAX_VALUE,CALENDAR_BUTTON,JUMP_BUTTON,OPEN_BUTTON,REF_TABLE_ID,REF_FIELD_NAME,SPECIAL_BUTTON) VALUES ('TBLID_BAREA','IP_ADRESS','IP_ADRESS','IP_ADRESS','STRING',15,'N','Y','N','Y',3,-1,0,0,3,'N','N','N','STRING',15,'Y',0,'Y','Y','Y','NONE',NULL,NULL,NULL,NULL,'N','N',0,NULL,NULL,0);
INSERT INTO SM_CHECK_DEF (TABLE_ID,CHECK_TYPE,CHECK_ORDER,CHECK_KIND,FIELD_NAME,REF_TABLE,REF_FIELD,EXPECT_VALUE,ERR_MSG) VALUES ('TBLID_BAREA','SAVE',1,'NOTNULL','AREA_ID',NULL,NULL,NULL,'AREA_ID不能为空');
INSERT INTO SM_CHECK_DEF (TABLE_ID,CHECK_TYPE,CHECK_ORDER,CHECK_KIND,FIELD_NAME,REF_TABLE,REF_FIELD,EXPECT_VALUE,ERR_MSG) VALUES ('TBLID_BAREA','SAVE',2,'STAT_E',NULL,NULL,NULL,NULL,'记录不是编辑态');
INSERT INTO SM_CHECK_DEF (TABLE_ID,CHECK_TYPE,CHECK_ORDER,CHECK_KIND,FIELD_NAME,REF_TABLE,REF_FIELD,EXPECT_VALUE,ERR_MSG) VALUES ('TBLID_BAREA','SAVE',3,'LOCK_FREE',NULL,NULL,NULL,NULL,'记录已被锁定');
INSERT INTO SM_CHECK_DEF (TABLE_ID,CHECK_TYPE,CHECK_ORDER,CHECK_KIND,FIELD_NAME,REF_TABLE,REF_FIELD,EXPECT_VALUE,ERR_MSG) VALUES ('TBLID_BAREA','RELEASE',1,'NOTNULL','AREA_ID',NULL,NULL,NULL,'AREA_ID不能为空');
INSERT INTO SM_CHECK_DEF (TABLE_ID,CHECK_TYPE,CHECK_ORDER,CHECK_KIND,FIELD_NAME,REF_TABLE,REF_FIELD,EXPECT_VALUE,ERR_MSG) VALUES ('TBLID_BAREA','RELEASE',2,'STAT_E',NULL,NULL,NULL,NULL,'记录不是编辑态');
INSERT INTO SM_CHECK_DEF (TABLE_ID,CHECK_TYPE,CHECK_ORDER,CHECK_KIND,FIELD_NAME,REF_TABLE,REF_FIELD,EXPECT_VALUE,ERR_MSG) VALUES ('TBLID_BAREA','RELEASE',3,'LOCK_FREE',NULL,NULL,NULL,NULL,'记录已被锁定');
INSERT INTO SM_CHECK_DEF (TABLE_ID,CHECK_TYPE,CHECK_ORDER,CHECK_KIND,FIELD_NAME,REF_TABLE,REF_FIELD,EXPECT_VALUE,ERR_MSG) VALUES ('TBLID_BAREA','RELEASE',10,'RELEASE_PARAM','AREA_ID','DAREA',NULL,NULL,NULL);
INSERT INTO SM_CHECK_DEF (TABLE_ID,CHECK_TYPE,CHECK_ORDER,CHECK_KIND,FIELD_NAME,REF_TABLE,REF_FIELD,EXPECT_VALUE,ERR_MSG) VALUES ('TBLID_BAREA','DELETE',1,'NOTNULL','AREA_ID',NULL,NULL,NULL,'AREA_ID不能为空');
INSERT INTO SM_CHECK_DEF (TABLE_ID,CHECK_TYPE,CHECK_ORDER,CHECK_KIND,FIELD_NAME,REF_TABLE,REF_FIELD,EXPECT_VALUE,ERR_MSG) VALUES ('TBLID_BAREA','DELETE',2,'STAT_R',NULL,NULL,NULL,NULL,'记录不是已发布态');
INSERT INTO SM_CHECK_DEF (TABLE_ID,CHECK_TYPE,CHECK_ORDER,CHECK_KIND,FIELD_NAME,REF_TABLE,REF_FIELD,EXPECT_VALUE,ERR_MSG) VALUES ('TBLID_BAREA','DELETE',3,'LOCK_FREE',NULL,NULL,NULL,NULL,'记录已被锁定');
INSERT INTO SM_CHECK_DEF (TABLE_ID,CHECK_TYPE,CHECK_ORDER,CHECK_KIND,FIELD_NAME,REF_TABLE,REF_FIELD,EXPECT_VALUE,ERR_MSG) VALUES ('TBLID_BAREA','EDITCOMP',1,'NOTNULL','AREA_ID',NULL,NULL,NULL,'AREA_ID不能为空');
INSERT INTO SM_CHECK_DEF (TABLE_ID,CHECK_TYPE,CHECK_ORDER,CHECK_KIND,FIELD_NAME,REF_TABLE,REF_FIELD,EXPECT_VALUE,ERR_MSG) VALUES ('TBLID_BAREA','EDITCOMP',2,'STAT_E',NULL,NULL,NULL,NULL,'记录不是编辑态');
INSERT INTO SM_CHECK_DEF (TABLE_ID,CHECK_TYPE,CHECK_ORDER,CHECK_KIND,FIELD_NAME,REF_TABLE,REF_FIELD,EXPECT_VALUE,ERR_MSG) VALUES ('TBLID_BAREA','EDITCOMP',3,'LOCK_FREE',NULL,NULL,NULL,NULL,'记录已被锁定');
INSERT INTO SM_CHECK_DEF (TABLE_ID,CHECK_TYPE,CHECK_ORDER,CHECK_KIND,FIELD_NAME,REF_TABLE,REF_FIELD,EXPECT_VALUE,ERR_MSG) VALUES ('TBLID_BAREA','EDITCOMP',4,'COMP_N',NULL,NULL,NULL,NULL,'记录已编辑完成');

-- BEQPG (3 fields)
INSERT INTO SM_TABLE_DEF (TABLE_ID,TABLE_NAME,JP_TITLE,US_TITLE,RELEASE_FLAG,DISTRIBUTE_FLAG,PERMISSION_TYPE,SCHEMA_TYPE,HAS_DUMMY,SORT_NO) VALUES ('TBLID_BEQPG','BEQPG','BEQPG','BEQPG','Y','N','C','L','N',100);
INSERT INTO SM_FIELD_DEF (TABLE_ID,FIELD_NAME,JP_TITLE,US_TITLE,DB_TYPE,DB_LENGTH,IS_KEY,NOT_BLANK,IS_DUMMY,IS_SEARCH_ITEM,SORT_NO,TREE_LEVEL,SHEET_NO,PAGE_NO,PROPERTY_NO,IS_AUTO,IS_MANDATORY,SYSTEM_READONLY,FIELD_TYPE,FIELD_LENGTH,INPUT_ALPHABET,INPUT_MULTIBYTE,INPUT_NUMERIC,INPUT_SYMBOL,INPUT_UPPERCASE,RETRIEVAL_TABLE,FORMAT,DEFAULT_VALUE,MIN_VALUE,MAX_VALUE,CALENDAR_BUTTON,JUMP_BUTTON,OPEN_BUTTON,REF_TABLE_ID,REF_FIELD_NAME,SPECIAL_BUTTON) VALUES ('TBLID_BEQPG','EQPG_ID','EQPG_ID','EQPG_ID','STRING',10,'Y','Y','N','Y',0,0,0,0,0,'N','N','N','STRING',10,'Y',0,'Y','Y','Y','NONE',NULL,NULL,NULL,NULL,'N','N',0,NULL,NULL,0);
INSERT INTO SM_FIELD_DEF (TABLE_ID,FIELD_NAME,JP_TITLE,US_TITLE,DB_TYPE,DB_LENGTH,IS_KEY,NOT_BLANK,IS_DUMMY,IS_SEARCH_ITEM,SORT_NO,TREE_LEVEL,SHEET_NO,PAGE_NO,PROPERTY_NO,IS_AUTO,IS_MANDATORY,SYSTEM_READONLY,FIELD_TYPE,FIELD_LENGTH,INPUT_ALPHABET,INPUT_MULTIBYTE,INPUT_NUMERIC,INPUT_SYMBOL,INPUT_UPPERCASE,RETRIEVAL_TABLE,FORMAT,DEFAULT_VALUE,MIN_VALUE,MAX_VALUE,CALENDAR_BUTTON,JUMP_BUTTON,OPEN_BUTTON,REF_TABLE_ID,REF_FIELD_NAME,SPECIAL_BUTTON) VALUES ('TBLID_BEQPG','EQPG_NAME','EQPG_NAME','EQPG_NAME','STRING',40,'N','Y','N','Y',1,-1,0,0,1,'N','N','N','STRING',40,'Y',0,'Y','Y','Y','NONE',NULL,NULL,NULL,NULL,'N','N',0,NULL,NULL,0);
INSERT INTO SM_FIELD_DEF (TABLE_ID,FIELD_NAME,JP_TITLE,US_TITLE,DB_TYPE,DB_LENGTH,IS_KEY,NOT_BLANK,IS_DUMMY,IS_SEARCH_ITEM,SORT_NO,TREE_LEVEL,SHEET_NO,PAGE_NO,PROPERTY_NO,IS_AUTO,IS_MANDATORY,SYSTEM_READONLY,FIELD_TYPE,FIELD_LENGTH,INPUT_ALPHABET,INPUT_MULTIBYTE,INPUT_NUMERIC,INPUT_SYMBOL,INPUT_UPPERCASE,RETRIEVAL_TABLE,FORMAT,DEFAULT_VALUE,MIN_VALUE,MAX_VALUE,CALENDAR_BUTTON,JUMP_BUTTON,OPEN_BUTTON,REF_TABLE_ID,REF_FIELD_NAME,SPECIAL_BUTTON) VALUES ('TBLID_BEQPG','EQPG_DESC','EQPG_DESC','EQPG_DESC','STRING',80,'N','Y','N','Y',2,-1,0,0,2,'N','N','N','STRING',80,'Y',0,'Y','Y','Y','NONE',NULL,NULL,NULL,NULL,'N','N',0,NULL,NULL,0);
INSERT INTO SM_CHECK_DEF (TABLE_ID,CHECK_TYPE,CHECK_ORDER,CHECK_KIND,FIELD_NAME,REF_TABLE,REF_FIELD,EXPECT_VALUE,ERR_MSG) VALUES ('TBLID_BEQPG','SAVE',1,'NOTNULL','EQPG_ID',NULL,NULL,NULL,'EQPG_ID不能为空');
INSERT INTO SM_CHECK_DEF (TABLE_ID,CHECK_TYPE,CHECK_ORDER,CHECK_KIND,FIELD_NAME,REF_TABLE,REF_FIELD,EXPECT_VALUE,ERR_MSG) VALUES ('TBLID_BEQPG','SAVE',2,'STAT_E',NULL,NULL,NULL,NULL,'记录不是编辑态');
INSERT INTO SM_CHECK_DEF (TABLE_ID,CHECK_TYPE,CHECK_ORDER,CHECK_KIND,FIELD_NAME,REF_TABLE,REF_FIELD,EXPECT_VALUE,ERR_MSG) VALUES ('TBLID_BEQPG','SAVE',3,'LOCK_FREE',NULL,NULL,NULL,NULL,'记录已被锁定');
INSERT INTO SM_CHECK_DEF (TABLE_ID,CHECK_TYPE,CHECK_ORDER,CHECK_KIND,FIELD_NAME,REF_TABLE,REF_FIELD,EXPECT_VALUE,ERR_MSG) VALUES ('TBLID_BEQPG','RELEASE',1,'NOTNULL','EQPG_ID',NULL,NULL,NULL,'EQPG_ID不能为空');
INSERT INTO SM_CHECK_DEF (TABLE_ID,CHECK_TYPE,CHECK_ORDER,CHECK_KIND,FIELD_NAME,REF_TABLE,REF_FIELD,EXPECT_VALUE,ERR_MSG) VALUES ('TBLID_BEQPG','RELEASE',2,'STAT_E',NULL,NULL,NULL,NULL,'记录不是编辑态');
INSERT INTO SM_CHECK_DEF (TABLE_ID,CHECK_TYPE,CHECK_ORDER,CHECK_KIND,FIELD_NAME,REF_TABLE,REF_FIELD,EXPECT_VALUE,ERR_MSG) VALUES ('TBLID_BEQPG','RELEASE',3,'LOCK_FREE',NULL,NULL,NULL,NULL,'记录已被锁定');
INSERT INTO SM_CHECK_DEF (TABLE_ID,CHECK_TYPE,CHECK_ORDER,CHECK_KIND,FIELD_NAME,REF_TABLE,REF_FIELD,EXPECT_VALUE,ERR_MSG) VALUES ('TBLID_BEQPG','RELEASE',10,'RELEASE_PARAM','EQPG_ID','DEQPG',NULL,NULL,NULL);
INSERT INTO SM_CHECK_DEF (TABLE_ID,CHECK_TYPE,CHECK_ORDER,CHECK_KIND,FIELD_NAME,REF_TABLE,REF_FIELD,EXPECT_VALUE,ERR_MSG) VALUES ('TBLID_BEQPG','DELETE',1,'NOTNULL','EQPG_ID',NULL,NULL,NULL,'EQPG_ID不能为空');
INSERT INTO SM_CHECK_DEF (TABLE_ID,CHECK_TYPE,CHECK_ORDER,CHECK_KIND,FIELD_NAME,REF_TABLE,REF_FIELD,EXPECT_VALUE,ERR_MSG) VALUES ('TBLID_BEQPG','DELETE',2,'STAT_R',NULL,NULL,NULL,NULL,'记录不是已发布态');
INSERT INTO SM_CHECK_DEF (TABLE_ID,CHECK_TYPE,CHECK_ORDER,CHECK_KIND,FIELD_NAME,REF_TABLE,REF_FIELD,EXPECT_VALUE,ERR_MSG) VALUES ('TBLID_BEQPG','DELETE',3,'LOCK_FREE',NULL,NULL,NULL,NULL,'记录已被锁定');
INSERT INTO SM_CHECK_DEF (TABLE_ID,CHECK_TYPE,CHECK_ORDER,CHECK_KIND,FIELD_NAME,REF_TABLE,REF_FIELD,EXPECT_VALUE,ERR_MSG) VALUES ('TBLID_BEQPG','EDITCOMP',1,'NOTNULL','EQPG_ID',NULL,NULL,NULL,'EQPG_ID不能为空');
INSERT INTO SM_CHECK_DEF (TABLE_ID,CHECK_TYPE,CHECK_ORDER,CHECK_KIND,FIELD_NAME,REF_TABLE,REF_FIELD,EXPECT_VALUE,ERR_MSG) VALUES ('TBLID_BEQPG','EDITCOMP',2,'STAT_E',NULL,NULL,NULL,NULL,'记录不是编辑态');
INSERT INTO SM_CHECK_DEF (TABLE_ID,CHECK_TYPE,CHECK_ORDER,CHECK_KIND,FIELD_NAME,REF_TABLE,REF_FIELD,EXPECT_VALUE,ERR_MSG) VALUES ('TBLID_BEQPG','EDITCOMP',3,'LOCK_FREE',NULL,NULL,NULL,NULL,'记录已被锁定');
INSERT INTO SM_CHECK_DEF (TABLE_ID,CHECK_TYPE,CHECK_ORDER,CHECK_KIND,FIELD_NAME,REF_TABLE,REF_FIELD,EXPECT_VALUE,ERR_MSG) VALUES ('TBLID_BEQPG','EDITCOMP',4,'COMP_N',NULL,NULL,NULL,NULL,'记录已编辑完成');
