-- SYSDATA from Initial_Data
INSERT INTO SYSDATA VALUES ('*', '15AN11', '375', 'Maximum number of anneal eqpt port');
INSERT INTO SYSDATA VALUES ('*', '15AN12', '125', 'Maximum number of anneal eqpt port');
INSERT INTO SYSDATA VALUES ('*', '15AN13', '125', 'Maximum number of anneal eqpt port');
INSERT INTO SYSDATA VALUES ('*', '25AN21', '125', 'Maximum number of anneal eqpt port');
INSERT INTO SYSDATA VALUES ('*', '25AN22', '125', 'Maximum number of anneal eqpt port');
INSERT INTO SYSDATA VALUES ('*', '35AN301', '160', 'Maximum number of anneal eqpt port');
INSERT INTO SYSDATA VALUES ('*', '35AN302', '125', 'Maximum number of anneal eqpt port');
INSERT INTO SYSDATA VALUES ('*', '35AN303', '125', 'Maximum number of anneal eqpt port');
INSERT INTO SYSDATA VALUES ('*', '35AN304', '125', 'Maximum number of anneal eqpt port');
INSERT INTO SYSDATA VALUES ('*', '35AN305', '125', 'Maximum number of anneal eqpt port');
INSERT INTO SYSDATA VALUES ('*', '35AN306', '125', 'Maximum number of anneal eqpt port');
INSERT INTO SYSDATA VALUES ('*', '35AN307', '125', 'Maximum number of anneal eqpt port');
INSERT INTO SYSDATA VALUES ('*', '35AN308', '125', 'Maximum number of anneal eqpt port');
INSERT INTO SYSDATA VALUES ('*', '35AN309', '125', 'Maximum number of anneal eqpt port');
INSERT INTO SYSDATA VALUES ('*', '35AN310', '125', 'Maximum number of anneal eqpt port');
INSERT INTO SYSDATA VALUES ('*', '35AN311', '125', 'Maximum number of anneal eqpt port');
INSERT INTO SYSDATA VALUES ('*', '35AN312', '125', 'Maximum number of anneal eqpt port');
INSERT INTO SYSDATA VALUES ('*', '35AN313', '125', 'Maximum number of anneal eqpt port');
INSERT INTO SYSDATA VALUES ('*', '35AN314', '125', 'Maximum number of anneal eqpt port');
INSERT INTO SYSDATA VALUES ('*', '35AN315', '125', 'Maximum number of anneal eqpt port');
INSERT INTO SYSDATA VALUES ('*', '35AN316', '125', 'Maximum number of anneal eqpt port');
INSERT INTO SYSDATA VALUES ('*', '35AN317', '125', 'Maximum number of anneal eqpt port');
INSERT INTO SYSDATA VALUES ('*', '35AN318', '125', 'Maximum number of anneal eqpt port');
INSERT INTO SYSDATA VALUES ('*', '35AN319', '125', 'Maximum number of anneal eqpt port');
INSERT INTO SYSDATA VALUES ('*', '35AN32', '125', 'Maximum number of anneal eqpt port');
INSERT INTO SYSDATA VALUES ('*', '35AN320', '125', 'Maximum number of anneal eqpt port');
INSERT INTO SYSDATA VALUES ('*', '35AN321', '125', 'Maximum number of anneal eqpt port');
INSERT INTO SYSDATA VALUES ('*', '35AN322', '125', 'Maximum number of anneal eqpt port');
INSERT INTO SYSDATA VALUES ('*', '35AN323', '125', 'Maximum number of anneal eqpt port');
INSERT INTO SYSDATA VALUES ('*', '35AN324', '125', 'Maximum number of anneal eqpt port');
INSERT INTO SYSDATA VALUES ('*', '35AN325', '125', 'Maximum number of anneal eqpt port');
INSERT INTO SYSDATA VALUES ('*', '35AN33', '125', 'Maximum number of anneal eqpt port');
INSERT INTO SYSDATA VALUES ('*', '35AN34', '125', 'Maximum number of anneal eqpt port');
INSERT INTO SYSDATA VALUES ('*', '35AN35', '125', 'Maximum number of anneal eqpt port');
INSERT INTO SYSDATA VALUES ('*', '35AN36', '125', 'Maximum number of anneal eqpt port');
INSERT INTO SYSDATA VALUES ('*', 'A_BLK_PICK', '1', 'Y');
INSERT INTO SYSDATA VALUES ('*', 'A_BLK_PICK', '10', 'Y');
INSERT INTO SYSDATA VALUES ('*', 'A_BLK_PICK', '11', 'Y');
INSERT INTO SYSDATA VALUES ('*', 'A_BLK_PICK', '12', 'Y');
INSERT INTO SYSDATA VALUES ('*', 'A_BLK_PICK', '13', 'Y');
INSERT INTO SYSDATA VALUES ('*', 'A_BLK_PICK', '2', 'Y');
INSERT INTO SYSDATA VALUES ('*', 'A_BLK_PICK', '3', 'Y');
INSERT INTO SYSDATA VALUES ('*', 'A_BLK_PICK', '4', 'Y');
INSERT INTO SYSDATA VALUES ('*', 'A_BLK_PICK', '5', 'Y');
INSERT INTO SYSDATA VALUES ('*', 'A_BLK_PICK', '6', 'Y');
INSERT INTO SYSDATA VALUES ('*', 'A_BLK_PICK', '7', 'Y');
INSERT INTO SYSDATA VALUES ('*', 'A_BLK_PICK', '8', 'Y');
INSERT INTO SYSDATA VALUES ('*', 'A_BLK_PICK', '9', 'Y');
INSERT INTO SYSDATA VALUES ('*', 'ACTIO55', '1', 'Undefined');
INSERT INTO SYSDATA VALUES ('*', 'ACTION', '1', 'Eqpt HOLD');
INSERT INTO SYSDATA VALUES ('*', 'ACTION2', '1', 'Product HOLD');
INSERT INTO SYSDATA VALUES ('*', 'ACTION3', '1', 'Undefined');
INSERT INTO SYSDATA VALUES ('*', 'ACTION4', '1', 'Undefined');
INSERT INTO SYSDATA VALUES ('*', 'ACTION5', '1', 'Undefined');
INSERT INTO SYSDATA VALUES ('*', 'AE_FAB_EQP', '33AE303', 'Eqpt name list to move FAB from alkali etching process');
INSERT INTO SYSDATA VALUES ('*', 'ALM_CAT', 'ABNOR_CAR', '00000111');
INSERT INTO SYSDATA VALUES ('*', 'ALM_CAT', 'CASETTE_ABNORMAL', '00001111');
INSERT INTO SYSDATA VALUES ('*', 'ALM_CAT', 'EQP_ERR', '00000000');
INSERT INTO SYSDATA VALUES ('*', 'ALM_CAT', 'NO_CHK_LOT', '00000000');
INSERT INTO SYSDATA VALUES ('*', 'ALM_CAT', 'NO_EMPTY_CAR', '00000000');
INSERT INTO SYSDATA VALUES ('*', 'ALM_CAT', 'NO_MONITOR', '00000000');
INSERT INTO SYSDATA VALUES ('*', 'ALM_CAT', 'SYSTEM_ERR', '00000000');
INSERT INTO SYSDATA VALUES ('*', 'ALM_CAT', 'XFER_ERR', '00000100');
INSERT INTO SYSDATA VALUES ('*', 'ALM_STAT', 'C', 'Completed');
INSERT INTO SYSDATA VALUES ('*', 'ALM_STAT', 'D', 'Under processing');
INSERT INTO SYSDATA VALUES ('*', 'ALM_STAT', 'O', 'Not started');
INSERT INTO SYSDATA VALUES ('*', 'ALM_STAT', 'U', 'Under processing');
INSERT INTO SYSDATA VALUES ('*', 'AN_BOATNO_MAX', '85', 'Maximum number of anneal eqpt port');
INSERT INTO SYSDATA VALUES ('*', 'ANSIDE_MONI_ROUTE', 'R_ANSD_1', 'Route for anneal side dummy material place');
INSERT INTO SYSDATA VALUES ('*', 'ANSIDE_MONI_ROUTE', 'R_MM_0004', 'Route for anneal side dummy material place');
INSERT INTO SYSDATA VALUES ('*', 'ANSIDE_MONI_ROUTE', 'R_MM_0040', 'Route for anneal side dummy material place');
INSERT INTO SYSDATA VALUES ('*', 'ASS_CAT', '0', 'CZ assurance');
INSERT INTO SYSDATA VALUES ('*', 'ASS_CAT', '1', 'PW assurance');
INSERT INTO SYSDATA VALUES ('*', 'ASS_CAT', '2', 'Small lot');
INSERT INTO SYSDATA VALUES ('*', 'ASS_CAT', '3', 'Cassette lot');
INSERT INTO SYSDATA VALUES ('*', 'ASS_CAT', '4', 'Wafer');
INSERT INTO SYSDATA VALUES ('*', 'ASS_UNIT_ID', 'AR_BACTH_NO', 'Anneal batch No');
INSERT INTO SYSDATA VALUES ('*', 'ASS_UNIT_ID', 'ASS_BLOCK_ID', 'Assurance block ID');
INSERT INTO SYSDATA VALUES ('*', 'ASS_UNIT_ID', 'ASS_LOT_ID', 'Assurance block ID');
INSERT INTO SYSDATA VALUES ('*', 'ASS_UNIT_ID', 'SML_LOT_ID', 'small lot ID');
INSERT INTO SYSDATA VALUES ('*', 'BATCH_FORM_CAT', '0', 'batch group');
INSERT INTO SYSDATA VALUES ('*', 'BATCH_FORM_CAT', '1', 'cancel batch group');
INSERT INTO SYSDATA VALUES ('*', 'BLK_HOL_TM', '*', '30');
INSERT INTO SYSDATA VALUES ('*', 'CALC_CODE', 'AVE', 'AVE');
INSERT INTO SYSDATA VALUES ('*', 'CALC_CODE', 'CPY', 'COPY');
INSERT INTO SYSDATA VALUES ('*', 'CALC_CODE', 'DIV', 'DIV');
INSERT INTO SYSDATA VALUES ('*', 'CALC_CODE', 'ECL', 'ECALC');
INSERT INTO SYSDATA VALUES ('*', 'CALC_CODE', 'ICL', 'ICALC');
INSERT INTO SYSDATA VALUES ('*', 'CALC_CODE', 'JDG', 'JUDGE');
INSERT INTO SYSDATA VALUES ('*', 'CALC_CODE', 'MAX', 'MAX');
INSERT INTO SYSDATA VALUES ('*', 'CALC_CODE', 'MIN', 'MIN');
INSERT INTO SYSDATA VALUES ('*', 'CALC_CODE', 'SQRT', 'SQRT');
INSERT INTO SYSDATA VALUES ('*', 'CALC_CODE', 'STD', 'STD');
INSERT INTO SYSDATA VALUES ('*', 'CAR_LOAD_TYPE', 'C1', 'cassette');
INSERT INTO SYSDATA VALUES ('*', 'CAR_LOAD_TYPE', 'F1', 'FOSB');
INSERT INTO SYSDATA VALUES ('*', 'CAR_LOAD_TYPE', 'U1', 'FOUP');
INSERT INTO SYSDATA VALUES ('*', 'CAR_MODE', '0', 'Carrier ExChange - Backward');
INSERT INTO SYSDATA VALUES ('*', 'CAR_MODE', '1', 'Carrier ExChange - Forward');
INSERT INTO SYSDATA VALUES ('*', 'CAR_MODE', '2', 'Carrier ExChange - Parallel');
INSERT INTO SYSDATA VALUES ('*', 'CAR_MODE', '3', 'Same Carrier - Return');
INSERT INTO SYSDATA VALUES ('*', 'CAR_MODE', '4', 'Carrier ExChange - Reverse Backward');
INSERT INTO SYSDATA VALUES ('*', 'CAR_MODE', '5', 'Carrier ExChange - Reverse Forward');
INSERT INTO SYSDATA VALUES ('*', 'CAR_MODE', '6', 'Carrier ExChange - Reverse Parallel');
INSERT INTO SYSDATA VALUES ('*', 'CAR_MODE', 'A', 'Regeneration - Backward');
INSERT INTO SYSDATA VALUES ('*', 'CAR_MODE', 'B', 'Regeneration - Forward');
INSERT INTO SYSDATA VALUES ('*', 'CAR_MODE', 'C', 'Regeneration - Reverse Backward');
INSERT INTO SYSDATA VALUES ('*', 'CAR_MODE', 'D', 'Regeneration - Reverse Forward');
INSERT INTO SYSDATA VALUES ('*', 'CAR_OUT_DEST', 'F6S908', 'Stock-out port name');
INSERT INTO SYSDATA VALUES ('*', 'CAR_OUT_DEST', 'F6S909', 'Stock-out port name');
INSERT INTO SYSDATA VALUES ('*', 'CAR_OUT_DEST', 'F6S910', 'Stock-out port name');
INSERT INTO SYSDATA VALUES ('*', 'CAR_OUT_DEST', 'F6S911', '[F6S911] Wrapping room Stock-put conveyor 2');
INSERT INTO SYSDATA VALUES ('*', 'CAR_OUT_DEST', 'F6S912', 'Stock-out port name');
INSERT INTO SYSDATA VALUES ('*', 'CAR_TYPE', 'BL', 'Block');
INSERT INTO SYSDATA VALUES ('*', 'CAR_TYPE', 'NG', 'NG_CAR_TYPE');
INSERT INTO SYSDATA VALUES ('*', 'CAR_TYPE', 'O1', 'OC(13) EMPAK');
INSERT INTO SYSDATA VALUES ('*', 'CAR_TYPE', 'O2', 'OC(15) PFA');
INSERT INTO SYSDATA VALUES ('*', 'CAR_TYPE', 'O3', 'OC(25)7mm');
INSERT INTO SYSDATA VALUES ('*', 'CAR_TYPE', 'O4', 'OC(25)10mm');
INSERT INTO SYSDATA VALUES ('*', 'CAR_TYPE', 'O9', 'OC(13) PFA');
INSERT INTO SYSDATA VALUES ('*', 'CAR_TYPE', 'OX', 'OC(15) PFA reserve');
INSERT INTO SYSDATA VALUES ('*', 'CAR_TYPE', 'S1', 'FOSB(25) MW300G');
INSERT INTO SYSDATA VALUES ('*', 'CAR_TYPE', 'S2', 'FOSB(25) KT3002D');
INSERT INTO SYSDATA VALUES ('*', 'CAR_TYPE', 'S3', 'FOSB(13) EMPAK');
INSERT INTO SYSDATA VALUES ('*', 'CAR_TYPE', 'S4', 'FOSB(25) WIN300S-A');
INSERT INTO SYSDATA VALUES ('*', 'CAR_TYPE', 'S5', 'FOSB(25) MW300F');
INSERT INTO SYSDATA VALUES ('*', 'CAR_TYPE', 'S6', 'FOSB(25) WIN300S');
INSERT INTO SYSDATA VALUES ('*', 'CAR_TYPE', 'S7', 'FOSB(25) KT3004A2');
INSERT INTO SYSDATA VALUES ('*', 'CAR_TYPE', 'S8', 'FOSB(25) KT3004A3');
INSERT INTO SYSDATA VALUES ('*', 'CAR_TYPE', 'S9', 'FOSB(25) SB300');
INSERT INTO SYSDATA VALUES ('*', 'CAR_TYPE', 'SA', 'FOSB(25) KT3004A2Rev2(tentative)');
INSERT INTO SYSDATA VALUES ('*', 'CAR_TYPE', 'SB', 'FOSB(25) SB300-06EN4');
INSERT INTO SYSDATA VALUES ('*', 'CAR_TYPE', 'SC', 'FOSB(25) KT3002DE');
INSERT INTO SYSDATA VALUES ('*', 'CAR_TYPE', 'SD', 'FOSB(25) MW300GT');
INSERT INTO SYSDATA VALUES ('*', 'CAR_TYPE', 'SE', 'FOSB(25) SB300-06EN6');
INSERT INTO SYSDATA VALUES ('*', 'CAR_TYPE', 'SF', 'FOSB(25) KT3004A4');
INSERT INTO SYSDATA VALUES ('*', 'CAR_TYPE', 'SG', 'FOSB(25) KT3004A2(ID)');
INSERT INTO SYSDATA VALUES ('*', 'CAR_TYPE', 'T1', 'Tray');
INSERT INTO SYSDATA VALUES ('*', 'CAR_TYPE', 'T2', 'WetTray');
INSERT INTO SYSDATA VALUES ('*', 'CAR_TYPE', 'U1', 'FOUP(25)');
INSERT INTO SYSDATA VALUES ('*', 'CAR_TYPE', 'U2', '-');
INSERT INTO SYSDATA VALUES ('*', 'CAR_TYPE', 'VV', 'WT(25) PFA');
INSERT INTO SYSDATA VALUES ('*', 'CAR_TYPE', 'W1', 'TOYO work plate');
INSERT INTO SYSDATA VALUES ('*', 'CAR_TYPE', 'W2', 'NTC work plate');
INSERT INTO SYSDATA VALUES ('*', 'CARSTATS', 'A', 'A:ABNORMAL');
INSERT INTO SYSDATA VALUES ('*', 'CARSTATS', 'E', 'E:Not UseiECSj');
INSERT INTO SYSDATA VALUES ('*', 'CARSTATS', 'M', 'M:MAINTENANCE');
INSERT INTO SYSDATA VALUES ('*', 'CARSTATS', 'N', 'N:NOMAL');
INSERT INTO SYSDATA VALUES ('*', 'CASSETTE_CAT', 'C', 'Tray');
INSERT INTO SYSDATA VALUES ('*', 'CASSETTE_CAT', 'O', 'Open Cassette');
INSERT INTO SYSDATA VALUES ('*', 'CASSETTE_CAT', 'S', 'FOSB');
INSERT INTO SYSDATA VALUES ('*', 'CASSETTE_CAT', 'T', 'Tray');
INSERT INTO SYSDATA VALUES ('*', 'CASSETTE_CAT', 'U', 'FOUP');
INSERT INTO SYSDATA VALUES ('*', 'CASSETTE_CAT', 'W', 'Work plate');
INSERT INTO SYSDATA VALUES ('*', 'CHK_CAT', '1', 'Restriction on input check');
INSERT INTO SYSDATA VALUES ('*', 'CHK_CAT', '2', 'Life check');
INSERT INTO SYSDATA VALUES ('*', 'CMP_MAXCNT', '20', 'Maximum number of waiting lots for shipping compiler process');
INSERT INTO SYSDATA VALUES ('*', 'CNT_METHOD', '1', 'No count');
INSERT INTO SYSDATA VALUES ('*', 'CNT_METHOD', '2', 'Cassette number');
INSERT INTO SYSDATA VALUES ('*', 'CNT_METHOD', '3', 'Wafer number');
INSERT INTO SYSDATA VALUES ('*', 'CNT_METHOD', '4', 'Batch number');
INSERT INTO SYSDATA VALUES ('*', 'CNT_METHOD', '5', 'Process data item ID');
INSERT INTO SYSDATA VALUES ('*', 'CNT_METHOD', '6', 'EP film thickness by film number');
INSERT INTO SYSDATA VALUES ('*', 'CNT_METHOD', '7', 'Cumulative value of Process data item ID');
INSERT INTO SYSDATA VALUES ('*', 'CNT_METHOD', '8', 'days number');
INSERT INTO SYSDATA VALUES ('*', 'CNT_METHOD', '9', 'Hours');
INSERT INTO SYSDATA VALUES ('*', 'CODE_CAT', 'ALM_CODE', 'Alarm code');
INSERT INTO SYSDATA VALUES ('*', 'CODE_CAT', 'BATCH_CAT', 'Batch category');
INSERT INTO SYSDATA VALUES ('*', 'CODE_CAT', 'BLOCK_STAT', 'block status category');
INSERT INTO SYSDATA VALUES ('*', 'CODE_CAT', 'CAR_TYPE', 'carrier type');
INSERT INTO SYSDATA VALUES ('*', 'CODE_CAT', 'CASSETTE_CAT', 'cassette category');
INSERT INTO SYSDATA VALUES ('*', 'CODE_CAT', 'CNT_METH', 'count method');
INSERT INTO SYSDATA VALUES ('*', 'CODE_CAT', 'DSP_AREA', 'DSP area');
INSERT INTO SYSDATA VALUES ('*', 'CODE_CAT', 'FABID', 'FAB ID');
INSERT INTO SYSDATA VALUES ('*', 'CODE_CAT', 'GRAND_EQP', 'Grand group code');
INSERT INTO SYSDATA VALUES ('*', 'CODE_CAT', 'IL_INSP_CAT', 'Inline inspection category');
INSERT INTO SYSDATA VALUES ('*', 'CODE_CAT', 'IL_PRE_CAT', 'Inline Pre-evaluation category');
INSERT INTO SYSDATA VALUES ('*', 'CODE_CAT', 'ITEMIZED_ITEM', 'ITEMIZED item');
INSERT INTO SYSDATA VALUES ('*', 'CODE_CAT', 'ITEMIZED_REC_CAT', 'ITEMIZED record category');
INSERT INTO SYSDATA VALUES ('*', 'CODE_CAT', 'LABEL_TYPE', 'Label type');
INSERT INTO SYSDATA VALUES ('*', 'CODE_CAT', 'LINEID', 'Line ID');
INSERT INTO SYSDATA VALUES ('*', 'CODE_CAT', 'MEAS_DATA_ITEMG', 'Measurement data item group');
INSERT INTO SYSDATA VALUES ('*', 'CODE_CAT', 'MEAS_UNIT', 'Measurement unit');
INSERT INTO SYSDATA VALUES ('*', 'CODE_CAT', 'MODULE_CAT', 'Module Category');
INSERT INTO SYSDATA VALUES ('*', 'CODE_CAT', 'MRG_RSN_CODE', 'Reason code of merge operation');
INSERT INTO SYSDATA VALUES ('*', 'CODE_CAT', 'MTL_ITEMG', 'Material item group');
INSERT INTO SYSDATA VALUES ('*', 'CODE_CAT', 'OPE_CAT', 'Operation category');
INSERT INTO SYSDATA VALUES ('*', 'CODE_CAT', 'PRODUCT_KIND2', 'Product kind');
INSERT INTO SYSDATA VALUES ('*', 'CODE_CAT', 'REJRSN_CODE_CAT', 'Reject reason code category');
INSERT INTO SYSDATA VALUES ('*', 'CODE_CAT', 'REJRSN_CODE_STGG_CAT', 'Reject reason code Stage Group category');
INSERT INTO SYSDATA VALUES ('*', 'CODE_CAT', 'ROUTE_CAT', 'Route category');
INSERT INTO SYSDATA VALUES ('*', 'CODE_CAT', 'RWK_RSN_CODE', 'Rework reason code');
INSERT INTO SYSDATA VALUES ('*', 'CODE_CAT', 'STG_PROPERTY', 'Stage property');
INSERT INTO SYSDATA VALUES ('*', 'CODE_CAT', 'STGG_CAT', 'Stage group category');
INSERT INTO SYSDATA VALUES ('*', 'CODE_CAT', 'TSHEET_TYPE', 'T-Sheet Type');
INSERT INTO SYSDATA VALUES ('*', 'CODE_CAT', 'UNDER_CAT', 'Direct category');
INSERT INTO SYSDATA VALUES ('*', 'CODE_CAT', 'USER_CAT', 'User category');
INSERT INTO SYSDATA VALUES ('*', 'CODE_CAT', 'WRK_PLATE_TYPE', 'Work plate type');
INSERT INTO SYSDATA VALUES ('*', 'COMP_IND_CAT', 'A1', 'Slice compiler: small lot');
INSERT INTO SYSDATA VALUES ('*', 'COMP_IND_CAT', 'A2', 'Slice compiler: taking sample wafer');
INSERT INTO SYSDATA VALUES ('*', 'COMP_IND_CAT', 'A3', 'Slice compiler: Assurance lot');
INSERT INTO SYSDATA VALUES ('*', 'COMP_IND_CAT', 'A4', 'Slice compiler: Classified sample');
INSERT INTO SYSDATA VALUES ('*', 'COMP_IND_CAT', 'A5', 'Slice compiler: Re-sampling');
INSERT INTO SYSDATA VALUES ('*', 'COMP_IND_CAT', 'A6', 'Slice compiler: Re-compiling');
INSERT INTO SYSDATA VALUES ('*', 'COMP_IND_CAT', 'A7', 'Slice compiler: small lot 170kp');
INSERT INTO SYSDATA VALUES ('*', 'COMP_IND_CAT', 'A8', 'Slice compiler: Re-sampling 170kp');
INSERT INTO SYSDATA VALUES ('*', 'COMP_IND_CAT', 'A9', 'Slice compiler: Re-compiling 170kp');
INSERT INTO SYSDATA VALUES ('*', 'COMP_IND_CAT', 'B1', 'Ship compiler: Ship compiler');
INSERT INTO SYSDATA VALUES ('*', 'COMP_IND_CAT', 'B2', 'Ship compiler: Classifying sample');
INSERT INTO SYSDATA VALUES ('*', 'COMP_IND_CAT', 'B3', 'Ship compiler: EP sub / Anneal');
INSERT INTO SYSDATA VALUES ('*', 'COMP_IND_CAT', 'B4', 'Ship compiler: Re-sampling');
INSERT INTO SYSDATA VALUES ('*', 'COMP_IND_CAT', 'B5', 'Ship compiler: Inline lot');
INSERT INTO SYSDATA VALUES ('*', 'COMP_IND_CAT', 'B7', 'Ship compiler: shape sorting');
INSERT INTO SYSDATA VALUES ('*', 'COMP_IND_CAT', 'C1', 'RP compiler: Rework (Combine)');
INSERT INTO SYSDATA VALUES ('*', 'COMP_IND_CAT', 'C2', 'RP compiler: Rework');
INSERT INTO SYSDATA VALUES ('*', 'COMP_IND_CAT', 'C3', 'RP compiler: Taking Inline sample');
INSERT INTO SYSDATA VALUES ('*', 'COMP_IND_CAT', 'C4', 'RP compiler: Classifying Inline sample');
INSERT INTO SYSDATA VALUES ('*', 'COMP_IND_CAT', 'C5', 'RP compiler: Reversal wafer');
INSERT INTO SYSDATA VALUES ('*', 'COMP_IND_CAT', 'D0', 'Simple moving');
INSERT INTO SYSDATA VALUES ('*', 'COMP_IND_CAT', 'D1', 'Simple moving (PFA reversal)');
INSERT INTO SYSDATA VALUES ('*', 'COMP_IND_CAT', 'F1', 'Pre-DSP compiling (170kp)');
INSERT INTO SYSDATA VALUES ('*', 'COMP_IND_CAT', 'F2', 'Pre-DSP compiling (130kp)');
INSERT INTO SYSDATA VALUES ('*', 'CYCLE', '1', 'Every Sunday');
INSERT INTO SYSDATA VALUES ('*', 'CYCLE', '3', 'Every Tuesday');
INSERT INTO SYSDATA VALUES ('*', 'CYCLE', '4', 'Every Wednesday');
INSERT INTO SYSDATA VALUES ('*', 'CYCLE', '5', 'Every Thursday');
INSERT INTO SYSDATA VALUES ('*', 'CYCLE', '6', 'Every Friday');
INSERT INTO SYSDATA VALUES ('*', 'CYCLE', '7', 'Every Saturday');
INSERT INTO SYSDATA VALUES ('*', 'CYCLE', 'D', 'Everyday');
INSERT INTO SYSDATA VALUES ('*', 'CYCLE', 'M', 'Once in month');
INSERT INTO SYSDATA VALUES ('*', 'CYCLE', 'W', 'Every Monday');
INSERT INTO SYSDATA VALUES ('*', 'CZ_PW_CAT', '0', 'CZ');
INSERT INTO SYSDATA VALUES ('*', 'CZ_PW_CAT', '1', 'PW');
INSERT INTO SYSDATA VALUES ('*', 'DATA_TYPE', 'C', 'Code');
INSERT INTO SYSDATA VALUES ('*', 'DATA_TYPE', 'F', 'Float');
INSERT INTO SYSDATA VALUES ('*', 'DATA_TYPE', 'I', 'Int');
INSERT INTO SYSDATA VALUES ('*', 'DATA_TYPE', 'S', 'String');
INSERT INTO SYSDATA VALUES ('*', 'DEST_TYPE', 'B100', 'Loader');
INSERT INTO SYSDATA VALUES ('*', 'DEST_TYPE', 'B101', 'Good product');
INSERT INTO SYSDATA VALUES ('*', 'DEST_TYPE', 'B102', 'Fractions product');
INSERT INTO SYSDATA VALUES ('*', 'DEST_TYPE', 'B103', 'Sample');
INSERT INTO SYSDATA VALUES ('*', 'DEST_TYPE', 'B104', 'Re-wash');
INSERT INTO SYSDATA VALUES ('*', 'DEST_TYPE', 'B105', 'Re-polish');
INSERT INTO SYSDATA VALUES ('*', 'DEST_TYPE', 'B106', 'Reject');
INSERT INTO SYSDATA VALUES ('*', 'DEST_TYPE', 'B300', 'Loader');
INSERT INTO SYSDATA VALUES ('*', 'DEST_TYPE', 'B301', 'Good product');
INSERT INTO SYSDATA VALUES ('*', 'DEST_TYPE', 'B302', 'Fractions product');
INSERT INTO SYSDATA VALUES ('*', 'DEST_TYPE', 'B303', 'Sample');
INSERT INTO SYSDATA VALUES ('*', 'DEST_TYPE', 'B304', 'Re-wash');
INSERT INTO SYSDATA VALUES ('*', 'DEST_TYPE', 'B305', 'Re-polish');
INSERT INTO SYSDATA VALUES ('*', 'DEST_TYPE', 'B306', 'Reject');
INSERT INTO SYSDATA VALUES ('*', 'DPROD_FIELD', 'LOCAL_LOT_CAT', 'Local lot category');
INSERT INTO SYSDATA VALUES ('*', 'DSP_CARG', 'FOU_25_PDC', '1');
INSERT INTO SYSDATA VALUES ('*', 'DSP_CLN_LOAD_PORT', 'DC4022', 'Loading port after DSP cleaning');
INSERT INTO SYSDATA VALUES ('*', 'DUMMY_CAT', 'D', 'Side dummy lot');
INSERT INTO SYSDATA VALUES ('*', 'EP_ASS_UNIT_CAT', '0', 'Assurance by between monitor lots');
INSERT INTO SYSDATA VALUES ('*', 'EP_ASS_UNIT_CAT', '1', 'Assurance by head lot');
INSERT INTO SYSDATA VALUES ('*', 'EQP_CAT', 'D', 'Dummy equipment');
INSERT INTO SYSDATA VALUES ('*', 'EQP_CAT', 'R', 'Eqpt to remain wafer operation history');
INSERT INTO SYSDATA VALUES ('*', 'EQP_CAT', 'U', 'Normal equipment');
INSERT INTO SYSDATA VALUES ('*', 'EQP_MODE', 'FULL', 'Full Auto');
INSERT INTO SYSDATA VALUES ('*', 'EQP_MODE', 'MANU', 'Manu');
INSERT INTO SYSDATA VALUES ('*', 'EQP_MODE', 'SEMI', 'Semi');
INSERT INTO SYSDATA VALUES ('*', 'EQP_MODE', 'SEMI2', 'Semi2');
INSERT INTO SYSDATA VALUES ('*', 'EQP_MODE', 'SEMI3', 'Semi3');
INSERT INTO SYSDATA VALUES ('*', 'EQP_MODE', 'SEMI4', 'Semi4');
INSERT INTO SYSDATA VALUES ('*', 'EQP_MODE', 'SMI2A', 'Semi2A');
INSERT INTO SYSDATA VALUES ('*', 'EQP_PROPERTY', '', 'Normal equipment');
INSERT INTO SYSDATA VALUES ('*', 'EQP_PROPERTY', 'AN_FRCT', 'AN fraction product place');
INSERT INTO SYSDATA VALUES ('*', 'EQP_PROPERTY', 'AN_INV_IND', 'AN input order');
INSERT INTO SYSDATA VALUES ('*', 'EQP_PROPERTY', 'AN_POLISH', 'AN polish stock place');
INSERT INTO SYSDATA VALUES ('*', 'EQP_PROPERTY', 'AN_REJECT', 'AN reject stock place');
INSERT INTO SYSDATA VALUES ('*', 'EQP_PROPERTY', 'AN_RP', 'AN defect product place');
INSERT INTO SYSDATA VALUES ('*', 'EQP_PROPERTY', 'AR_ANNEAL', 'Anneal');
INSERT INTO SYSDATA VALUES ('*', 'EQP_PROPERTY', 'AT_MOUNT', 'Mounter equipment (auto)');
INSERT INTO SYSDATA VALUES ('*', 'EQP_PROPERTY', 'BL_XRAY_RE', 'X-ray measurement');
INSERT INTO SYSDATA VALUES ('*', 'EQP_PROPERTY', 'BMD_MEAS', 'BMD measurement');
INSERT INTO SYSDATA VALUES ('*', 'EQP_PROPERTY', 'CLEAN', 'Cleaning machine');
INSERT INTO SYSDATA VALUES ('*', 'EQP_PROPERTY', 'CV_INV_IND', 'CVD input order');
INSERT INTO SYSDATA VALUES ('*', 'EQP_PROPERTY', 'CVD', 'CVD');
INSERT INTO SYSDATA VALUES ('*', 'EQP_PROPERTY', 'CW_EMP_CLN', 'Empty cassette cleaning machine');
INSERT INTO SYSDATA VALUES ('*', 'EQP_PROPERTY', 'DSP', 'DSP');
INSERT INTO SYSDATA VALUES ('*', 'EQP_PROPERTY', 'DSP_CLN', 'Cleaning machine after DSP');
INSERT INTO SYSDATA VALUES ('*', 'EQP_PROPERTY', 'EG_INV_IND', 'EG input order');
INSERT INTO SYSDATA VALUES ('*', 'EQP_PROPERTY', 'EP_FRCT', 'EP fraction product place');
INSERT INTO SYSDATA VALUES ('*', 'EQP_PROPERTY', 'EP_LOTPLAN', 'EP input order plan dummy Eqpt');
INSERT INTO SYSDATA VALUES ('*', 'EQP_PROPERTY', 'EP_OPE', 'EP reaction Equipment');
INSERT INTO SYSDATA VALUES ('*', 'EQP_PROPERTY', 'EP_POLISH', 'EP polish stock place');
INSERT INTO SYSDATA VALUES ('*', 'EQP_PROPERTY', 'EP_REJECT', 'EP reject stock place');
INSERT INTO SYSDATA VALUES ('*', 'EQP_PROPERTY', 'EP_RP', 'AN defect product place');
INSERT INTO SYSDATA VALUES ('*', 'EQP_PROPERTY', 'EP_VS_INSP', 'EP Growth appearance');
INSERT INTO SYSDATA VALUES ('*', 'EQP_PROPERTY', 'GF_MEAS', 'GF measurement');
INSERT INTO SYSDATA VALUES ('*', 'EQP_PROPERTY', 'GRAN_CLN', 'Cleaning machine after Chamfering');
INSERT INTO SYSDATA VALUES ('*', 'EQP_PROPERTY', 'GRND', 'surface grind');
INSERT INTO SYSDATA VALUES ('*', 'EQP_PROPERTY', 'HEAT_OSF', 'OSF thermal process');
INSERT INTO SYSDATA VALUES ('*', 'EQP_PROPERTY', 'HEAT_TRE', 'Thermal process');
INSERT INTO SYSDATA VALUES ('*', 'EQP_PROPERTY', 'INSP_STK', 'sample inspection place');
INSERT INTO SYSDATA VALUES ('*', 'EQP_PROPERTY', 'LAP_CLN', 'Cleaning machine after LAP');
INSERT INTO SYSDATA VALUES ('*', 'EQP_PROPERTY', 'LD_CHK_EQP', 'Check machine for loader port');
INSERT INTO SYSDATA VALUES ('*', 'EQP_PROPERTY', 'LDL_MEAS', 'L/DL measurement');
INSERT INTO SYSDATA VALUES ('*', 'EQP_PROPERTY', 'LSW', 'LSW');
INSERT INTO SYSDATA VALUES ('*', 'EQP_PROPERTY', 'LT_MEAS', 'LT measurement');
INSERT INTO SYSDATA VALUES ('*', 'EQP_PROPERTY', 'MN_MOUNT', 'Mounter equipment (Manu)');
INSERT INTO SYSDATA VALUES ('*', 'EQP_PROPERTY', 'MON_STK', 'Monitor lot place');
INSERT INTO SYSDATA VALUES ('*', 'EQP_PROPERTY', 'MOUNT6', 'Mounter equipment (170kp)');
INSERT INTO SYSDATA VALUES ('*', 'EQP_PROPERTY', 'NML_BLK', 'Normal block equipment');
INSERT INTO SYSDATA VALUES ('*', 'EQP_PROPERTY', 'OI_MEAS', 'OI measurement');
INSERT INTO SYSDATA VALUES ('*', 'EQP_PROPERTY', 'OSF_MEAS', 'OSF measurement');
INSERT INTO SYSDATA VALUES ('*', 'EQP_PROPERTY', 'PACK', 'Package');
INSERT INTO SYSDATA VALUES ('*', 'EQP_PROPERTY', 'PS_MOUNT', 'Mounter equipment (Manu)');
INSERT INTO SYSDATA VALUES ('*', 'EQP_PROPERTY', 'PW_DMNT', 'Separation cleaning');
INSERT INTO SYSDATA VALUES ('*', 'EQP_PROPERTY', 'PW_FRCT', 'PW fraction product place');
INSERT INTO SYSDATA VALUES ('*', 'EQP_PROPERTY', 'PW_INV_IND', 'Chamfering input order');
INSERT INTO SYSDATA VALUES ('*', 'EQP_PROPERTY', 'PW_LM', 'laser mark');
INSERT INTO SYSDATA VALUES ('*', 'EQP_PROPERTY', 'PW_MGRAN', 'Mirror chamfering machine');
INSERT INTO SYSDATA VALUES ('*', 'EQP_PROPERTY', 'PW_POLISH', 'PW polish stock place');
INSERT INTO SYSDATA VALUES ('*', 'EQP_PROPERTY', 'PW_REJECT', 'PW reject stock place');
INSERT INTO SYSDATA VALUES ('*', 'EQP_PROPERTY', 'PW_RP', 'PW defect place');
INSERT INTO SYSDATA VALUES ('*', 'EQP_PROPERTY', 'PW_SLICE', 'Slice');
INSERT INTO SYSDATA VALUES ('*', 'EQP_PROPERTY', 'QA_APP', 'QA judgment dummy equipment');
INSERT INTO SYSDATA VALUES ('*', 'EQP_PROPERTY', 'RES_MEAS', 'Resistivity measurement');
INSERT INTO SYSDATA VALUES ('*', 'EQP_PROPERTY', 'SBW_LBW', 'Shape measurement equipment');
INSERT INTO SYSDATA VALUES ('*', 'EQP_PROPERTY', 'SH_CMP_1_S', 'Ship compiler preparation(PW ship compile)');
INSERT INTO SYSDATA VALUES ('*', 'EQP_PROPERTY', 'SH_CMP_3_S', 'Ship compiler preparation (EP sub / Anneal compile)');
INSERT INTO SYSDATA VALUES ('*', 'EQP_PROPERTY', 'SH_CMP_4_S', 'Ship compiler preparation(EP ship compile)');
INSERT INTO SYSDATA VALUES ('*', 'EQP_PROPERTY', 'SH_CMP_5_S', 'Ship compiler preparing (AN ship compile)');
INSERT INTO SYSDATA VALUES ('*', 'EQP_PROPERTY', 'SHIP_CMP', 'Ship compiler');
INSERT INTO SYSDATA VALUES ('*', 'EQP_PROPERTY', 'SORT_FRCT', 'Shape sorting  Fractions product place');
INSERT INTO SYSDATA VALUES ('*', 'EQP_PROPERTY', 'SPV_MEAS', 'SPV measurement');
INSERT INTO SYSDATA VALUES ('*', 'EQP_PROPERTY', 'THICK_MEAS', 'Film thickness measurement');
INSERT INTO SYSDATA VALUES ('*', 'EQP_PROPERTY', 'VS_INSP', 'Visual inspection');
INSERT INTO SYSDATA VALUES ('*', 'EQP_PROPERTY', 'WAF_GRND', 'Wafer polishing and cleaning');
INSERT INTO SYSDATA VALUES ('*', 'EQP_PROPERTY', 'WAF_GRND6', 'Wafer polishing and cleaning (170kp)');
INSERT INTO SYSDATA VALUES ('*', 'EQP_PROPERTY', 'WASH', 'Alkali cleaning');
INSERT INTO SYSDATA VALUES ('*', 'EQP_PROPERTY', 'WETTRAY', 'Cleaning wet tray');
INSERT INTO SYSDATA VALUES ('*', 'EQP_PROPERTY', 'WT_INV_IND', 'WHT input order');
INSERT INTO SYSDATA VALUES ('*', 'EQP_STAT', 'DOWN', 'DOWN');
INSERT INTO SYSDATA VALUES ('*', 'EQP_STAT', 'ENG', 'ENG : engineering');
INSERT INTO SYSDATA VALUES ('*', 'EQP_STAT', 'HOLD', 'Waiting for film thicknes meas result');
INSERT INTO SYSDATA VALUES ('*', 'EQP_STAT', 'OFF', 'OFF: Out of service');
INSERT INTO SYSDATA VALUES ('*', 'EQP_STAT', 'OTHER', 'OTHER');
INSERT INTO SYSDATA VALUES ('*', 'EQP_STAT', 'PM', 'PM preventive maintenance');
INSERT INTO SYSDATA VALUES ('*', 'EQP_STAT', 'READY', 'READY');
INSERT INTO SYSDATA VALUES ('*', 'EQP_STAT', 'RUN', 'RUN: Processing');
INSERT INTO SYSDATA VALUES ('*', 'EQP_STAT', 'SETUP', 'SETUP: set up');
INSERT INTO SYSDATA VALUES ('*', 'EQP_STAT', 'WAIT', 'WAIT Waiting for cassette exchanging');
INSERT INTO SYSDATA VALUES ('*', 'EQP_STAT', 'WTHUM', 'WTHUM: waiting for operator');
INSERT INTO SYSDATA VALUES ('*', 'EQP_STAT', 'WTMAT', 'WTMAT: waiting for material');
INSERT INTO SYSDATA VALUES ('*', 'EXIST_JDG_CAT', '0', 'None');
INSERT INTO SYSDATA VALUES ('*', 'EXIST_JDG_CAT', '1', 'Judged');
INSERT INTO SYSDATA VALUES ('*', 'FABID', 'FABID', 'FAB ID');
INSERT INTO SYSDATA VALUES ('*', 'FOLLOW_LOT', '0', 'ALL');
INSERT INTO SYSDATA VALUES ('*', 'FOLLOW_LOT', '1', 'Family during processing');
INSERT INTO SYSDATA VALUES ('*', 'FOLLOW_LOT', '2', 'Machining waiting Family');
INSERT INTO SYSDATA VALUES ('*', 'FOSB_LABEL', 'FB', 'FOSB');
INSERT INTO SYSDATA VALUES ('*', 'HIS_CAT', 'CC', 'CC Cancel for compile preparation');
INSERT INTO SYSDATA VALUES ('*', 'HIS_CAT', 'EM', 'EM Moving to shape sorting machine');
INSERT INTO SYSDATA VALUES ('*', 'HIS_CAT', 'HO', 'HO Hold');
INSERT INTO SYSDATA VALUES ('*', 'HIS_CAT', 'HR', 'HR Hold release');
INSERT INTO SYSDATA VALUES ('*', 'HIS_CAT', 'KL', 'KY Generating KYK Lot');
INSERT INTO SYSDATA VALUES ('*', 'HIS_CAT', 'LD', 'LD Lot Split');
INSERT INTO SYSDATA VALUES ('*', 'HIS_CAT', 'LE', 'LE Lot selection error');
INSERT INTO SYSDATA VALUES ('*', 'HIS_CAT', 'LG', 'LG Lot generating');
INSERT INTO SYSDATA VALUES ('*', 'HIS_CAT', 'LH', 'LH Lot generating');
INSERT INTO SYSDATA VALUES ('*', 'HIS_CAT', 'LM', 'LM Lot merge');
INSERT INTO SYSDATA VALUES ('*', 'HIS_CAT', 'LO', 'LO Lot out (Reject all )');
INSERT INTO SYSDATA VALUES ('*', 'HIS_CAT', 'OA', 'OA Operation cancel');
INSERT INTO SYSDATA VALUES ('*', 'HIS_CAT', 'OC', 'OC Operation Comp');
INSERT INTO SYSDATA VALUES ('*', 'HIS_CAT', 'OS', 'OS Operation start');
INSERT INTO SYSDATA VALUES ('*', 'HIS_CAT', 'PC', 'PC Update specific code');
INSERT INTO SYSDATA VALUES ('*', 'HIS_CAT', 'QL', 'QL Generating Q lot');
INSERT INTO SYSDATA VALUES ('*', 'HIS_CAT', 'RC', 'RC Rework route change');
INSERT INTO SYSDATA VALUES ('*', 'HIS_CAT', 'SC', 'SC Subroute Change');
INSERT INTO SYSDATA VALUES ('*', 'HIS_CAT', 'SO', 'SO Sublot out');
INSERT INTO SYSDATA VALUES ('*', 'HIS_CAT', 'SS', 'SS Select next lot');
INSERT INTO SYSDATA VALUES ('*', 'HIS_CAT', 'VU', 'VU lot version up');
INSERT INTO SYSDATA VALUES ('*', 'HOLD_STAT', 'F', 'F holding waiting');
INSERT INTO SYSDATA VALUES ('*', 'HOLD_STAT', 'H', 'H HOLD');
INSERT INTO SYSDATA VALUES ('*', 'HOLD_TYPE', 'BH', 'Hold for generating lot');
INSERT INTO SYSDATA VALUES ('*', 'HOLD_TYPE', 'CH', 'System hold');
INSERT INTO SYSDATA VALUES ('*', 'HOLD_TYPE', 'FH', 'Future hold');
INSERT INTO SYSDATA VALUES ('*', 'HOLD_TYPE', 'LH', 'Lot hold');
INSERT INTO SYSDATA VALUES ('*', 'HOLD_TYPE', 'MH', 'Merge hold');
INSERT INTO SYSDATA VALUES ('*', 'HOLD_TYPE', 'OH', 'Holding Family lot');
INSERT INTO SYSDATA VALUES ('*', 'HOLD_TYPE', 'PH', 'Process hold');
INSERT INTO SYSDATA VALUES ('*', 'HOLD_TYPE', 'QH', 'QA hold');
INSERT INTO SYSDATA VALUES ('*', 'HOLD_TYPE', 'SH', 'SPC hold');
INSERT INTO SYSDATA VALUES ('*', 'HOLD_TYPE', 'WH', 'Holding for retuurning to main route');
INSERT INTO SYSDATA VALUES ('*', 'HOLD_TYPE', 'XH', 'Compiler hold');
INSERT INTO SYSDATA VALUES ('*', 'IL_BL_CAT', 'B', 'BLOCK');
INSERT INTO SYSDATA VALUES ('*', 'INP_MODE', 'A', 'Auto only');
INSERT INTO SYSDATA VALUES ('*', 'INP_MODE', 'B', 'Both');
INSERT INTO SYSDATA VALUES ('*', 'INP_MODE', 'C', 'Calculate');
INSERT INTO SYSDATA VALUES ('*', 'INP_MODE', 'O', 'Manual Only');
INSERT INTO SYSDATA VALUES ('*', 'INSP_CAT', 'N', 'Normal inspection');
INSERT INTO SYSDATA VALUES ('*', 'INSP_CAT', 'S', 'Special inspection');
INSERT INTO SYSDATA VALUES ('*', 'INSP_LABEL', 'INSP_AN', 'AN inpsepection');
INSERT INTO SYSDATA VALUES ('*', 'INSP_LABEL', 'INSP_EP', 'EP inspection');
INSERT INTO SYSDATA VALUES ('*', 'INSP_LABEL', 'INSP_PW', 'PW inspection');
INSERT INTO SYSDATA VALUES ('*', 'INTR_DSPAREA_SEL', 'Y', 'Lot selection between DSP areas');
INSERT INTO SYSDATA VALUES ('*', 'JDG_RST_CAT', '', 'Not measured');
INSERT INTO SYSDATA VALUES ('*', 'JDG_RST_CAT', '0', 'OK');
INSERT INTO SYSDATA VALUES ('*', 'JDG_RST_CAT', '1', 'NG');
INSERT INTO SYSDATA VALUES ('*', 'JDG_RST_CAT', '9', 'N/A');
INSERT INTO SYSDATA VALUES ('*', 'LABEL_CAT', '1', 'Inpsection label');
INSERT INTO SYSDATA VALUES ('*', 'LABEL_CAT', '2', 'cassette label in process');
INSERT INTO SYSDATA VALUES ('*', 'LABEL_CAT', '3', 'FOSB label');
INSERT INTO SYSDATA VALUES ('*', 'LABEL_CAT', '4', 'Work plate label');
INSERT INTO SYSDATA VALUES ('*', 'LABEL_CAT', '5', 'Ship label');
INSERT INTO SYSDATA VALUES ('*', 'LABEL_PRINT_ID', 'OPE_LABEL_1', 'OPE_LABEL_1');
INSERT INTO SYSDATA VALUES ('*', 'LABEL_PRINT_ID', 'OPE_LABEL_2', 'OPE_LABEL_2');
INSERT INTO SYSDATA VALUES ('*', 'LABEL_PRINT_ID', 'OPE_LABEL_3', 'OPE_LABEL_3');
INSERT INTO SYSDATA VALUES ('*', 'LABEL_PRINT_ID', 'OPE_TYPE_1', 'OPE_TYPE_1');
INSERT INTO SYSDATA VALUES ('*', 'LABEL_PRINT_ID', 'OPE_TYPE_2', 'OPE_TYPE_2');
INSERT INTO SYSDATA VALUES ('*', 'LABEL_PRINT_ID', 'OPE_TYPE_3', 'OPE_TYPE_3');
INSERT INTO SYSDATA VALUES ('*', 'LASRMARK_CAT', 'HLM', 'hard laser mark');
INSERT INTO SYSDATA VALUES ('*', 'LASRMARK_CAT', 'LM', 'Soft laser mark');
INSERT INTO SYSDATA VALUES ('*', 'LC_RST_CAT', '', 'Not specified');
INSERT INTO SYSDATA VALUES ('*', 'LC_RST_CAT', '1', 'Good');
INSERT INTO SYSDATA VALUES ('*', 'LC_RST_CAT', '2', 'RW (Re-cleaning)');
INSERT INTO SYSDATA VALUES ('*', 'LC_RST_CAT', '3', 'SWP+SWC (Front)');
INSERT INTO SYSDATA VALUES ('*', 'LC_RST_CAT', '4', 'SWP+SWC (Back)');
INSERT INTO SYSDATA VALUES ('*', 'LC_RST_CAT', '5', 'MEP');
INSERT INTO SYSDATA VALUES ('*', 'LC_RST_CAT', '6', 'DSP');
INSERT INTO SYSDATA VALUES ('*', 'LC_RST_CAT', '7', 'Reusable defect');
INSERT INTO SYSDATA VALUES ('*', 'LC_RST_CAT', '8', 'Completely scrap');
INSERT INTO SYSDATA VALUES ('*', 'LD_CHK_EQP', 'MC3013', 'MC3011');
INSERT INTO SYSDATA VALUES ('*', 'LIFE_LOT_HIS_CAT', '0', 'Attach');
INSERT INTO SYSDATA VALUES ('*', 'LIFE_LOT_HIS_CAT', '1', 'Detach');
INSERT INTO SYSDATA VALUES ('*', 'LIFE_LOT_HIS_CAT', '2', 'Update value');
INSERT INTO SYSDATA VALUES ('*', 'LIFE_MNG_CAT', '0', 'Adding');
INSERT INTO SYSDATA VALUES ('*', 'LIFE_MNG_CAT', '1', 'Update');
INSERT INTO SYSDATA VALUES ('*', 'LIFE_MNG_CAT', '2', 'Delete');
INSERT INTO SYSDATA VALUES ('*', 'LIFE_MNG_CAT', '3', 'Attach');
INSERT INTO SYSDATA VALUES ('*', 'LIFE_MNG_CAT', '4', 'Detach');
INSERT INTO SYSDATA VALUES ('*', 'LIFE_MNG_CAT', '5', 'Adding/attaching');
INSERT INTO SYSDATA VALUES ('*', 'LIFE_MNG_CAT', '6', 'Scrap');
INSERT INTO SYSDATA VALUES ('*', 'LIFE_MNG_CAT', '7', 'Attach');
INSERT INTO SYSDATA VALUES ('*', 'LIFE_MNG_CAT', '8', 'Detach');
INSERT INTO SYSDATA VALUES ('*', 'LOT_CAT', 'A', 'A: Anneal monitor lot');
INSERT INTO SYSDATA VALUES ('*', 'LOT_CAT', 'C', 'C: normal monitor lot');
INSERT INTO SYSDATA VALUES ('*', 'LOT_CAT', 'E', 'E: EP monitor lot');
INSERT INTO SYSDATA VALUES ('*', 'LOT_CAT', 'F', 'F: Anneal filler dummy lot');
INSERT INTO SYSDATA VALUES ('*', 'LOT_CAT', 'G', 'G: Anneal M2 Lot');
INSERT INTO SYSDATA VALUES ('*', 'LOT_CAT', 'M', 'M: Thermal process monitor lot');
INSERT INTO SYSDATA VALUES ('*', 'LOT_CAT', 'N', 'N: Normal lot');
INSERT INTO SYSDATA VALUES ('*', 'LOT_CAT', 'O', 'O: Inline inspection lot');
INSERT INTO SYSDATA VALUES ('*', 'LOT_CAT', 'S', 'S: Sample inspection lot');
INSERT INTO SYSDATA VALUES ('*', 'LOT_CAT', 'T', 'T: Process monitor lot');
INSERT INTO SYSDATA VALUES ('*', 'LOT_CAT', 'W', 'W: WSA cleaning monitor lot');
INSERT INTO SYSDATA VALUES ('*', 'LOT_CAT', 'X', 'X: downgrade lot');
INSERT INTO SYSDATA VALUES ('*', 'LOT_CAT', 'Y', 'Y: Re-process lot');
INSERT INTO SYSDATA VALUES ('*', 'LOT_DIV_CAT', '0', 'Normal');
INSERT INTO SYSDATA VALUES ('*', 'LOT_DIV_CAT', '1', 'in process inspection');
INSERT INTO SYSDATA VALUES ('*', 'LOT_LIST_VIEW', 'SORT_RULE', 'FIFO');
INSERT INTO SYSDATA VALUES ('*', 'LOT_MIX_CAT', '0', 'Possible');
INSERT INTO SYSDATA VALUES ('*', 'LOT_MIX_CAT', '1', 'Impossible to set report unit');
INSERT INTO SYSDATA VALUES ('*', 'LOT_MIX_CAT', '2', 'Impossible to set In process unit');
INSERT INTO SYSDATA VALUES ('*', 'LOT_MIX_CAT', '3', 'Possible if product id is same');
INSERT INTO SYSDATA VALUES ('*', 'LOT_MIX_CAT', '4', 'Possible if recipe is same');
INSERT INTO SYSDATA VALUES ('*', 'LOT_SEL_RULE', 'D', 'Sorting by due date');
INSERT INTO SYSDATA VALUES ('*', 'LOT_SEL_RULE', 'F', 'FIFO');
INSERT INTO SYSDATA VALUES ('*', 'LOT_SEL_RULE', 'P', 'Priority');
INSERT INTO SYSDATA VALUES ('*', 'LOT_SEL_RULE', 'Q', 'Q time setting order');
INSERT INTO SYSDATA VALUES ('*', 'LOT_SEL_RULE', 'R', 'Priority of same recipe');
INSERT INTO SYSDATA VALUES ('*', 'LOT_SEL_RULE', 'S', 'delay');
INSERT INTO SYSDATA VALUES ('*', 'LOT_STAT', 'A', 'A Just completed  at QA_Approval process');
INSERT INTO SYSDATA VALUES ('*', 'LOT_STAT', 'E', 'E final process was finished without QA_approval.');
INSERT INTO SYSDATA VALUES ('*', 'LOT_STAT', 'N', 'N Just completed  at QA_Approval process');
INSERT INTO SYSDATA VALUES ('*', 'LOT_STAT', 'O', 'O Lot out');
INSERT INTO SYSDATA VALUES ('*', 'LOT_STAT', 'R', 'R processing');
INSERT INTO SYSDATA VALUES ('*', 'LOT_STAT', 'S', 'S completed with special approval at QA_Approval process');
INSERT INTO SYSDATA VALUES ('*', 'LOT_TYPE', 'B', 'Block');
INSERT INTO SYSDATA VALUES ('*', 'LOT_TYPE', 'W', 'Wafer');
INSERT INTO SYSDATA VALUES ('*', 'MEAS_STAT', '0', 'Unmeasuremented');
INSERT INTO SYSDATA VALUES ('*', 'MEAS_STAT', '1', 'Measured');
INSERT INTO SYSDATA VALUES ('*', 'MENU_FLG', '0', 'No Read/Write');
INSERT INTO SYSDATA VALUES ('*', 'MENU_FLG', '1', 'Read only');
INSERT INTO SYSDATA VALUES ('*', 'MENU_FLG', '2', 'Read Write');
INSERT INTO SYSDATA VALUES ('*', 'MENU_FLG', '3', 'Able to release');
INSERT INTO SYSDATA VALUES ('*', 'MIMI_LOSS', '4', '-');
INSERT INTO SYSDATA VALUES ('*', 'MIX_CAT', '2', 'Mixing from same product code');
INSERT INTO SYSDATA VALUES ('*', 'MNG_CAT', '0', 'Adding');
INSERT INTO SYSDATA VALUES ('*', 'MNG_CAT', '1', 'Update');
INSERT INTO SYSDATA VALUES ('*', 'MNG_CAT', '2', 'Delete');
INSERT INTO SYSDATA VALUES ('*', 'MODULE_CAT', 'MODULE1', 'MODULE1');
INSERT INTO SYSDATA VALUES ('*', 'MODULE_CAT', 'MODULE2', 'MODULE2');
INSERT INTO SYSDATA VALUES ('*', 'MON_CAT', 'E', 'EP');
INSERT INTO SYSDATA VALUES ('*', 'MON_CAT', 'T', 'Thermal process');
INSERT INTO SYSDATA VALUES ('*', 'NOTEKIND', 'E', 'Bulliten board');
INSERT INTO SYSDATA VALUES ('*', 'NOTEKIND', 'L', 'Lot notes');
INSERT INTO SYSDATA VALUES ('*', 'NOTEKIND', 'P', 'Process notes');
INSERT INTO SYSDATA VALUES ('*', 'NOTEKIND', 'U', 'Equipment notes');
INSERT INTO SYSDATA VALUES ('*', 'OPE_INSP_STAT', '', 'Except in process inspection');
INSERT INTO SYSDATA VALUES ('*', 'OPE_INSP_STAT', '0', 'Processing in line inspection ( Need next lot)');
INSERT INTO SYSDATA VALUES ('*', 'OPE_INSP_STAT', '1', 'Processing in line inspection ( No need next lot)');
INSERT INTO SYSDATA VALUES ('*', 'OPE_INSP_STAT', 'Y', 'Not processing in line inspection');
INSERT INTO SYSDATA VALUES ('*', 'OPE_LABEL', 'OPE', 'casseette in process');
INSERT INTO SYSDATA VALUES ('*', 'OPE_PRO_CAT', '0', 'Normal');
INSERT INTO SYSDATA VALUES ('*', 'OPE_PRO_CAT', '1', 'Thermal process');
INSERT INTO SYSDATA VALUES ('*', 'OPE_PRO_CAT', '2', 'Input order');
INSERT INTO SYSDATA VALUES ('*', 'OPE_PROC_UNIT', 'B', 'Batch');
INSERT INTO SYSDATA VALUES ('*', 'OPE_PROC_UNIT', 'L', 'Lot');
INSERT INTO SYSDATA VALUES ('*', 'OPE_PROC_UNIT', 'S', 'Sublot');
INSERT INTO SYSDATA VALUES ('*', 'OPE_PROC_UNIT', 'W', 'Wafer');
INSERT INTO SYSDATA VALUES ('*', 'OPE_PROG_STAT', '0', 'Before input');
INSERT INTO SYSDATA VALUES ('*', 'OPE_PROG_STAT', '1', 'Before ship compiling');
INSERT INTO SYSDATA VALUES ('*', 'OPE_PROG_STAT', '2', 'Waiting for ship compiler');
INSERT INTO SYSDATA VALUES ('*', 'OPE_PROG_STAT', '3', 'After PW compiling');
INSERT INTO SYSDATA VALUES ('*', 'OPE_PROPERTY', '', 'Normal process');
INSERT INTO SYSDATA VALUES ('*', 'OPE_PROPERTY', 'ALL_CA_GET', 'Process to get all cassettes info');
INSERT INTO SYSDATA VALUES ('*', 'OPE_PROPERTY', 'BL_XRAY_RE', 'Block X-ray re-measurement');
INSERT INTO SYSDATA VALUES ('*', 'OPE_PROPERTY', 'CMP_LMREAD', 'Manual compiler (LM reading)');
INSERT INTO SYSDATA VALUES ('*', 'OPE_PROPERTY', 'DSP_DSP', 'Normal product DSP');
INSERT INTO SYSDATA VALUES ('*', 'OPE_PROPERTY', 'EG', 'EG input order');
INSERT INTO SYSDATA VALUES ('*', 'OPE_PROPERTY', 'EP_OPE', 'EP reaction');
INSERT INTO SYSDATA VALUES ('*', 'OPE_PROPERTY', 'F_CLEAN', 'final cleaning');
INSERT INTO SYSDATA VALUES ('*', 'OPE_PROPERTY', 'INSP_FRE', 'Able to process in line inspection');
INSERT INTO SYSDATA VALUES ('*', 'OPE_PROPERTY', 'PW_100MODE', 'Route of all lots inspection');
INSERT INTO SYSDATA VALUES ('*', 'OPE_PROPERTY', 'SHIP_CMP_1', 'Ship compiler (PW ship compile)');
INSERT INTO SYSDATA VALUES ('*', 'OPE_PROPERTY', 'SHIP_CMP_3', 'Ship compiler (EP sub / Anneal compile)');
INSERT INTO SYSDATA VALUES ('*', 'OPE_PROPERTY', 'SHIP_CMP_4', 'Ship compiler (EP ship compile)');
INSERT INTO SYSDATA VALUES ('*', 'OPE_PROPERTY', 'SHIP_CMP_5', 'Ship compiler (AN Ship compile)');
INSERT INTO SYSDATA VALUES ('*', 'OPE_PROPERTY', 'WAF_GRND_F', 'Wafer polishing and cleaning (Front)');
INSERT INTO SYSDATA VALUES ('*', 'OPE_PROPERTY', 'WAF_GRND_R', 'Wafer polishing and cleaning (Back)');
INSERT INTO SYSDATA VALUES ('*', 'OPE_PROPERTY', 'WAF_GRND6F', 'Wafer polishing and cleaning (front 170kp)');
INSERT INTO SYSDATA VALUES ('*', 'OPE_PROPERTY', 'WAF_GRND6R', 'Wafer polishing and cleaning (Back 170kp)');
INSERT INTO SYSDATA VALUES ('*', 'OPE_PROPERTY', 'WHT', 'WHT');
INSERT INTO SYSDATA VALUES ('*', 'OUT_PORT_BLK', 'F6S102', 'Block stocker out port');
INSERT INTO SYSDATA VALUES ('*', 'OUT_PORT_BLK', 'F6S103', 'Block stocker out port (inventory)');
INSERT INTO SYSDATA VALUES ('*', 'OUT_PORT_BLK_N5', 'F0S202', '-');
INSERT INTO SYSDATA VALUES ('*', 'OUT_PORT_BLK_N6', 'F6S102', '-');
INSERT INTO SYSDATA VALUES ('*', 'OUT_PORT_BLK_N6', 'F6S103', '-');
INSERT INTO SYSDATA VALUES ('*', 'OUT_PORT_SHIP', 'F6S902', 'Stock out port for shipping ( Stock out/inventory)');
INSERT INTO SYSDATA VALUES ('*', 'OUT_PORT_SHIP', 'F6S903', 'Stock out port for shipping ( Stock out)');
INSERT INTO SYSDATA VALUES ('*', 'OUT_PORT_SHIP', 'F6S904', 'Stock out port for shipping ( Stock out/inventory)');
INSERT INTO SYSDATA VALUES ('*', 'OUT_PORT_SHIP', 'F6S905', 'Stock out port for shipping ( Inventory)');
INSERT INTO SYSDATA VALUES ('*', 'OUT_PORT_SHIP', 'F6S906', 'Stock out port for shipping ( Stock out/inventory)');
INSERT INTO SYSDATA VALUES ('*', 'OUT_PORT_SHIP', 'F6S908', 'Stock out port for shipping ( Stock out/inventory)');
INSERT INTO SYSDATA VALUES ('*', 'PDC_PORT', 'S4M201', 'S4P100');
INSERT INTO SYSDATA VALUES ('*', 'PERMISSION', 'PRIVATE', 'Private');
INSERT INTO SYSDATA VALUES ('*', 'PERMISSION', 'PUBLIC', 'Full access');
INSERT INTO SYSDATA VALUES ('*', 'PERMISSION', 'USERGROUP', 'Specified user group');
INSERT INTO SYSDATA VALUES ('*', 'PICK_POS', '0', '5/4/3/2/1');
INSERT INTO SYSDATA VALUES ('*', 'PICK_POS', '1', '1/2/3/4/5/6/7/8/9/10/11/12/13/14/15/16/17/18/19/20/21/22/23/24/25');
INSERT INTO SYSDATA VALUES ('*', 'PICK_POS', '2', '-1/0/30/99/125/-10/10////');
INSERT INTO SYSDATA VALUES ('*', 'PICK_POS', '3', '@//#//Q//@///P');
INSERT INTO SYSDATA VALUES ('*', 'PICK_POS', '4', '3/5/7/9/13');
INSERT INTO SYSDATA VALUES ('*', 'PICK_POS', '5', '25/24/23/21/22');
INSERT INTO SYSDATA VALUES ('*', 'PICK_POS', '6', '21/#/23/@/25');
INSERT INTO SYSDATA VALUES ('*', 'PICK_POS', '7', '////////////////////');
INSERT INTO SYSDATA VALUES ('*', 'PICK_POS', '9', '1/4/8/10/12');
INSERT INTO SYSDATA VALUES ('*', 'PICK_POS', 'A', '1/12/25');
INSERT INTO SYSDATA VALUES ('*', 'PICK_POS', 'B', 'End position');
INSERT INTO SYSDATA VALUES ('*', 'PICK_POS', 'C', '1/12');
INSERT INTO SYSDATA VALUES ('*', 'PICK_POS', 'S', 'Both of edges(Top->End->Top->..)');
INSERT INTO SYSDATA VALUES ('*', 'PICK_POS', 'T', 'top edge');
INSERT INTO SYSDATA VALUES ('*', 'PICK_STAT', '1', 'Pick up status (Done)');
INSERT INTO SYSDATA VALUES ('*', 'PICK_STAT', '2', 'Pick up status (Not Applicable)');
INSERT INTO SYSDATA VALUES ('*', 'PICK_WAF_UNIT', 'A', 'All');
INSERT INTO SYSDATA VALUES ('*', 'PICK_WAF_UNIT', 'L', 'Lot');
INSERT INTO SYSDATA VALUES ('*', 'PICK_WAF_UNIT', 'S', 'Sublot');
INSERT INTO SYSDATA VALUES ('*', 'PICK_WAF_UNIT', 'W', 'Slot definition');
INSERT INTO SYSDATA VALUES ('*', 'PLANT_CAT', 'K', '-');
INSERT INTO SYSDATA VALUES ('*', 'PLANT_CAT', 'N', '-');
INSERT INTO SYSDATA VALUES ('*', 'PN_CAT', 'N', 'N type');
INSERT INTO SYSDATA VALUES ('*', 'PN_CAT', 'P', 'P type');
INSERT INTO SYSDATA VALUES ('*', 'PORT_TYPE', 'B', 'purpose for both of loading and unloading');
INSERT INTO SYSDATA VALUES ('*', 'PORT_TYPE', 'E', 'Port for empty cassette');
INSERT INTO SYSDATA VALUES ('*', 'PORT_TYPE', 'I', 'exclusive use for Loader');
INSERT INTO SYSDATA VALUES ('*', 'PORT_TYPE', 'L', 'Loader');
INSERT INTO SYSDATA VALUES ('*', 'PORT_TYPE', 'O', 'exclusive use for Unloader');
INSERT INTO SYSDATA VALUES ('*', 'PORT_TYPE', 'U', 'Unloader');
INSERT INTO SYSDATA VALUES ('*', 'PRE_WHT_PLANT_TIME', '1', 'WHT time');
INSERT INTO SYSDATA VALUES ('*', 'PRE_WHT_PLANT_TIME', '24', 'WHT time');
INSERT INTO SYSDATA VALUES ('*', 'PRECMP_CNT', '999964', '3');
INSERT INTO SYSDATA VALUES ('*', 'PRECMP_CNT', '999997', '10');
INSERT INTO SYSDATA VALUES ('*', 'PRECMP_CNT', 'A99909', '1');
INSERT INTO SYSDATA VALUES ('*', 'PRIORITY', '0', 'Most priority');
INSERT INTO SYSDATA VALUES ('*', 'PRIORITY', '1', 'Super express');
INSERT INTO SYSDATA VALUES ('*', 'PRIORITY', '2', 'Express');
INSERT INTO SYSDATA VALUES ('*', 'PRIORITY', '3', 'Semi-express');
INSERT INTO SYSDATA VALUES ('*', 'PRIORITY', '4', 'Normal');
INSERT INTO SYSDATA VALUES ('*', 'PROC_MEAS_CAT', 'MES', 'MES measurement data');
INSERT INTO SYSDATA VALUES ('*', 'PROC_MEAS_CAT', 'PRO', 'Process data');
INSERT INTO SYSDATA VALUES ('*', 'PROC_UNIT', 'B', 'Batch');
INSERT INTO SYSDATA VALUES ('*', 'PROC_UNIT', 'L', 'Lot');
INSERT INTO SYSDATA VALUES ('*', 'PROC_UNIT', 'S', 'Sublot');
INSERT INTO SYSDATA VALUES ('*', 'PROC_UNIT', 'W', 'Wafer');
INSERT INTO SYSDATA VALUES ('*', 'PROD_CAT', 'D', 'Dummy product code');
INSERT INTO SYSDATA VALUES ('*', 'PROD_CAT', 'F', 'Filler dummy product code');
INSERT INTO SYSDATA VALUES ('*', 'PROD_CAT', 'I', 'Inline product code');
INSERT INTO SYSDATA VALUES ('*', 'PROD_CAT', 'M', 'Monitor product code');
INSERT INTO SYSDATA VALUES ('*', 'PROD_CAT', 'N', 'Normal product code');
INSERT INTO SYSDATA VALUES ('*', 'PROD_CAT', 'S', 'send ahead product code');
INSERT INTO SYSDATA VALUES ('*', 'PROD_CODE_CAT', 'AXIS_CAT', 'AXIS category');
INSERT INTO SYSDATA VALUES ('*', 'PROD_CODE_CAT', 'CUSTOMER_ID', 'Customer ID');
INSERT INTO SYSDATA VALUES ('*', 'PROD_CODE_CAT', 'DOPE_CAT_CZ', '-');
INSERT INTO SYSDATA VALUES ('*', 'PROD_CODE_CAT', 'DOPE_CAT_EP', '-');
INSERT INTO SYSDATA VALUES ('*', 'PROD_CODE_CAT', 'LASRMARK_CAT', 'Laser mark category');
INSERT INTO SYSDATA VALUES ('*', 'PROD_CODE_CAT', 'MIX_CAT', 'Mix category');
INSERT INTO SYSDATA VALUES ('*', 'PROD_CODE_CAT', 'PLANT_CAT', 'Process plant category');
INSERT INTO SYSDATA VALUES ('*', 'PROD_CODE_CAT', 'PN_CAT', 'PN category');
INSERT INTO SYSDATA VALUES ('*', 'PROD_CODE_CAT', 'PROD_CAT', 'product code category');
INSERT INTO SYSDATA VALUES ('*', 'PROD_CODE_CAT', 'PRODUCT_KIND', 'product kind');
INSERT INTO SYSDATA VALUES ('*', 'PROD_CODE_CAT', 'RESIST_PER_CAT', 'Resistivity category');
INSERT INTO SYSDATA VALUES ('*', 'PROD_CODE_CAT', 'SHIP_BOX_PTN', 'Shipping pack pattern');
INSERT INTO SYSDATA VALUES ('*', 'PROD_CODE_CAT', 'SHIP_LOT_ID_NUM_CAT', 'Ship lot ID number category');
INSERT INTO SYSDATA VALUES ('*', 'PROD_CODE_CAT', 'WRK_PLATE_TYPE', 'Work plate type');
INSERT INTO SYSDATA VALUES ('*', 'PROD_KIND', '1', 'Normal product');
INSERT INTO SYSDATA VALUES ('*', 'PROD_KIND', '2', 'Specific product');
INSERT INTO SYSDATA VALUES ('*', 'PROD_KIND', '3', 'Specific product 2');
INSERT INTO SYSDATA VALUES ('*', 'PRODUCT_CAT', '1', 'PW(SUB)');
INSERT INTO SYSDATA VALUES ('*', 'PRODUCT_CAT', '2', 'Ep/ANL');
INSERT INTO SYSDATA VALUES ('*', 'PRODUCT_KIND', 'AN', 'AN');
INSERT INTO SYSDATA VALUES ('*', 'PRODUCT_KIND', 'EP', 'EP');
INSERT INTO SYSDATA VALUES ('*', 'PRODUCT_KIND', 'PW', 'PW');
INSERT INTO SYSDATA VALUES ('*', 'QA_CAT', '', '-');
INSERT INTO SYSDATA VALUES ('*', 'QA_CAT', 'N', 'N Just completed  at QA_Approval process');
INSERT INTO SYSDATA VALUES ('*', 'QA_CAT', 'S', 'S: Executing special approval');
INSERT INTO SYSDATA VALUES ('*', 'QTIME_CAT', 'D', 'D Q-time value');
INSERT INTO SYSDATA VALUES ('*', 'QTIME_CAT', 'Q', 'Qtime value');
INSERT INTO SYSDATA VALUES ('*', 'QTIME_CONT_STAT', 'B', 'B Q time defect');
INSERT INTO SYSDATA VALUES ('*', 'QTIME_CONT_STAT', 'F', 'F waiting for Q-time judgment');
INSERT INTO SYSDATA VALUES ('*', 'QTIME_CONT_STAT', 'G', 'G Passing Q-time restriction');
INSERT INTO SYSDATA VALUES ('*', 'QTIME_TYPE', 'D', 'Starting operation should be later');
INSERT INTO SYSDATA VALUES ('*', 'QTIME_TYPE', 'Q', 'Starting operation should be within');
INSERT INTO SYSDATA VALUES ('*', 'RC_STAT', 'B', 'B HOLD mail');
INSERT INTO SYSDATA VALUES ('*', 'RC_STAT', 'H', 'H HOLD');
INSERT INTO SYSDATA VALUES ('*', 'RC_STAT', 'M', 'M meter');
INSERT INTO SYSDATA VALUES ('*', 'RC_STAT', 'O', 'O OK');
INSERT INTO SYSDATA VALUES ('*', 'RC_STAT', 'W', 'W Warning');
INSERT INTO SYSDATA VALUES ('*', 'REGST_CAT', '0', 'Normal');
INSERT INTO SYSDATA VALUES ('*', 'REGST_CAT', '1', 'FOSB cleaning');
INSERT INTO SYSDATA VALUES ('*', 'REJECT_HIS_CAT', 'C', 'C cancel of defect');
INSERT INTO SYSDATA VALUES ('*', 'REJECT_HIS_CAT', 'D', 'D Scrap registration');
INSERT INTO SYSDATA VALUES ('*', 'SEARCH_CAT', 'E', 'Equipment');
INSERT INTO SYSDATA VALUES ('*', 'SEARCH_CAT', 'M', 'Material');
INSERT INTO SYSDATA VALUES ('*', 'SELECT_CAT', 'N', 'Unselected');
INSERT INTO SYSDATA VALUES ('*', 'SELECT_CAT', 'Y', 'Selection');
INSERT INTO SYSDATA VALUES ('*', 'SELF_DIV_STAT', '0', 'Not auto reuse');
INSERT INTO SYSDATA VALUES ('*', 'SELF_DIV_STAT', '1', 'Auto reuse');
INSERT INTO SYSDATA VALUES ('*', 'SELF_DIV_STAT', '2', 'Not auto reuse with warning');
INSERT INTO SYSDATA VALUES ('*', 'SELF_DIV_STAT', '3', 'Compiler processing');
INSERT INTO SYSDATA VALUES ('*', 'SEQ_CAT', '0', 'Assurance lot');
INSERT INTO SYSDATA VALUES ('*', 'SEQ_CAT', '1', 'Cassette lot');
INSERT INTO SYSDATA VALUES ('*', 'SEQ_CAT', '2', 'Thermal process batch No');
INSERT INTO SYSDATA VALUES ('*', 'SEQ_CAT', '3', 'Assurance block');
INSERT INTO SYSDATA VALUES ('*', 'SEQ_CAT', '4', 'FOSB');
INSERT INTO SYSDATA VALUES ('*', 'SEQ_CAT', '5', 'Ingot lot');
INSERT INTO SYSDATA VALUES ('*', 'SEQ_CAT', '6', 'Thermal process monitor lot');
INSERT INTO SYSDATA VALUES ('*', 'SEQ_CAT', '7', 'Monitor single No');
INSERT INTO SYSDATA VALUES ('*', 'SHIP_BOX_PTN', 'BOTH', 'Both of edges are empty.');
INSERT INTO SYSDATA VALUES ('*', 'SHIP_BOX_PTN', 'LOWER', 'Lower side is empty.');
INSERT INTO SYSDATA VALUES ('*', 'SHIP_BOX_PTN', 'UPPER', 'Upper side is empty');
INSERT INTO SYSDATA VALUES ('*', 'SHIP_CAR_TYPE', 'C1', 'Cassette');
INSERT INTO SYSDATA VALUES ('*', 'SHIP_CAR_TYPE', 'F1', 'FOSB');
INSERT INTO SYSDATA VALUES ('*', 'SHIP_CAR_TYPE', 'U1', 'FOUP');
INSERT INTO SYSDATA VALUES ('*', 'SHIP_LABEL', 'SHIP_GEN1', 'general product 1');
INSERT INTO SYSDATA VALUES ('*', 'SHIP_LABEL', 'SHIP_GEN2', 'general product 2');
INSERT INTO SYSDATA VALUES ('*', 'SHIP_LABEL', 'SHIP_QADB1', 'QADB1');
INSERT INTO SYSDATA VALUES ('*', 'SHIP_LABEL', 'SHIP_QADB2', 'QADB2');
INSERT INTO SYSDATA VALUES ('*', 'SHIP_LABEL', 'SHIP_QADB3', 'QADB3');
INSERT INTO SYSDATA VALUES ('*', 'SHIP_LABEL', 'SHIP_SYSTEM1', 'Ship system 1');
INSERT INTO SYSDATA VALUES ('*', 'SHIP_LABEL', 'SHIP_SYSTEM2', 'Ship system 2');
INSERT INTO SYSDATA VALUES ('*', 'SHIP_LABEL', 'SHIP_SYSTEM3', 'Ship system 3');
INSERT INTO SYSDATA VALUES ('*', 'SHIP_LOT_ID_NUM_CAT', '0', 'Normal');
INSERT INTO SYSDATA VALUES ('*', 'SHIP_LOT_ID_NUM_CAT', '1', '8 characters');
INSERT INTO SYSDATA VALUES ('*', 'SHIP_LOT_ID_NUM_CAT', '2', '5 characters');
INSERT INTO SYSDATA VALUES ('*', 'SHIP_LOT_ID_NUM_CAT', '3', '7 characters');
INSERT INTO SYSDATA VALUES ('*', 'SHIP_LOT_ID_NUM_CAT', '4', '9 characters');
INSERT INTO SYSDATA VALUES ('*', 'SHIP_LOT_ID_NUM_CAT', '5', '10 characters');
INSERT INTO SYSDATA VALUES ('*', 'SHIP_LOT_ID_NUM_CAT', '6', 'No assgined number');
INSERT INTO SYSDATA VALUES ('*', 'SHIP_MON_CAT', '0', 'Ship inspection');
INSERT INTO SYSDATA VALUES ('*', 'SHIP_MON_CAT', '1', 'Monitor');
INSERT INTO SYSDATA VALUES ('*', 'SMPL_CAT', '0', 'Sample from same CZ assurance block');
INSERT INTO SYSDATA VALUES ('*', 'SMPL_CAT', '1', 'Sample from same PW assurance lots');
INSERT INTO SYSDATA VALUES ('*', 'SMPL_CAT', '2', 'Anneal batch (Not specified position)');
INSERT INTO SYSDATA VALUES ('*', 'SMPL_CAT', '3', 'Anneal batch (Bottom)');
INSERT INTO SYSDATA VALUES ('*', 'SMPL_CAT', '4', 'Anneal batch (Top)');
INSERT INTO SYSDATA VALUES ('*', 'SMPL_CAT', '5', 'Anneal batch (specified position)');
INSERT INTO SYSDATA VALUES ('*', 'SMPL_CAT', '6', 'Small lot');
INSERT INTO SYSDATA VALUES ('*', 'SMPL_CAT', '7', 'Epn batch');
INSERT INTO SYSDATA VALUES ('*', 'SMPL_CAT', '8', 'EP small lot');
INSERT INTO SYSDATA VALUES ('*', 'SMPL_CAT', '9', 'taking more sample');
INSERT INTO SYSDATA VALUES ('*', 'SMPL_CAT', 'A', 'DSP assurance');
INSERT INTO SYSDATA VALUES ('*', 'SMPL_CAT', 'B', 'A-DSP bulk assurance');
INSERT INTO SYSDATA VALUES ('*', 'SMPL_JDG_STATUS', '**', 'Error');
INSERT INTO SYSDATA VALUES ('*', 'SMPL_JDG_STATUS', '1', 'Confirmed pass');
INSERT INTO SYSDATA VALUES ('*', 'SMPL_JDG_STATUS', '2', 'Confirmed reject');
INSERT INTO SYSDATA VALUES ('*', 'SMPL_JDG_STATUS', '3', 'Unconfirmed pass');
INSERT INTO SYSDATA VALUES ('*', 'SMPL_JDG_STATUS', '4', 'Not confirmed reject');
INSERT INTO SYSDATA VALUES ('*', 'SMPL_JDG_STATUS', '5', 'Unjudged');
INSERT INTO SYSDATA VALUES ('*', 'SMPL_JDG_STATUS', '9', 'Other');
INSERT INTO SYSDATA VALUES ('*', 'SORT_SEP_CAT', 'A', 'Category A');
INSERT INTO SYSDATA VALUES ('*', 'SORT_SEP_CAT', 'B', 'Category B');
INSERT INTO SYSDATA VALUES ('*', 'SORT_SEP_CAT', 'C', 'Category C');
INSERT INTO SYSDATA VALUES ('*', 'SORT_SEP_CAT', 'D', 'Category D');
INSERT INTO SYSDATA VALUES ('*', 'SPEC_CHK_RST', '0', '0: OK');
INSERT INTO SYSDATA VALUES ('*', 'SPEC_CHK_RST', '1', '1 Out of Upper Limit');
INSERT INTO SYSDATA VALUES ('*', 'SPEC_CHK_RST', '2', '2 Out of Lower Limit');
INSERT INTO SYSDATA VALUES ('*', 'SPEC_CHK_RST', '3', '3 Inspection NG');
INSERT INTO SYSDATA VALUES ('*', 'SPEC_CHK_RST', '4', '4 Unmatched Character');
INSERT INTO SYSDATA VALUES ('*', 'STD_ERR_CAT', '0', '0: No data');
INSERT INTO SYSDATA VALUES ('*', 'STD_ERR_CAT', '1', '1 Out of Upper Limit');
INSERT INTO SYSDATA VALUES ('*', 'STD_ERR_CAT', '2', '2 Out of Lower Limit');
INSERT INTO SYSDATA VALUES ('*', 'STG_PROPERTY', 'CW_CMP', 'CW stage');
INSERT INTO SYSDATA VALUES ('*', 'STG_PROPERTY', 'EP_CMP', 'EP stage');
INSERT INTO SYSDATA VALUES ('*', 'STG_PROPERTY', 'PW_CMP', 'PW stage');
INSERT INTO SYSDATA VALUES ('*', 'STK_ID', 'F0S1', '*');
INSERT INTO SYSDATA VALUES ('*', 'STK_PROPERTY', 'ACT_CONVEY', 'Actual buffer conveyer');
INSERT INTO SYSDATA VALUES ('*', 'STK_PROPERTY', 'EMP_CONVEY', 'Empty buffer conveyer');
INSERT INTO SYSDATA VALUES ('*', 'STK_PROPERTY', 'STK_OC25', 'Stocker for cassettes (OC25)');
INSERT INTO SYSDATA VALUES ('*', 'STOCK_ACT', '', '-');
INSERT INTO SYSDATA VALUES ('*', 'STOCK_ACT', '0', 'Stock out');
INSERT INTO SYSDATA VALUES ('*', 'STOCK_ACT', '1', 'Moving to next stocker');
INSERT INTO SYSDATA VALUES ('*', 'STOT_UNIT', '', 'Not specified');
INSERT INTO SYSDATA VALUES ('*', 'STOT_UNIT', 'L', 'Lot unit (bunch of family lot)');
INSERT INTO SYSDATA VALUES ('*', 'STOT_UNIT', 'S', 'Sublot unit');
INSERT INTO SYSDATA VALUES ('*', 'SUB_RP_ROUTE_CAT', 'I', 'Ingot route');
INSERT INTO SYSDATA VALUES ('*', 'SUB_RWK_CAT', 'I', 'Ingot route');
INSERT INTO SYSDATA VALUES ('*', 'SUB_RWK_CAT', 'M', 'Main route');
INSERT INTO SYSDATA VALUES ('*', 'SUB_RWK_CAT', 'R', 'Rework route');
INSERT INTO SYSDATA VALUES ('*', 'SUB_RWK_CAT', 'S', 'Sub route');
INSERT INTO SYSDATA VALUES ('*', 'SUBLOT_CAT', 'M', 'M Mixed lot');
INSERT INTO SYSDATA VALUES ('*', 'SUBLOT_CAT', 'N', 'N Normal sublot');
INSERT INTO SYSDATA VALUES ('*', 'SUBLOT_CATEGORI', '1', '1 : Good');
INSERT INTO SYSDATA VALUES ('*', 'SUBLOT_CATEGORI', '2', '2 :  Re-cleaning');
INSERT INTO SYSDATA VALUES ('*', 'SUBLOT_CATEGORI', '3', '3: Re-grind');
INSERT INTO SYSDATA VALUES ('*', 'SUBLOT_CATEGORI', '4', '4: NG');
INSERT INTO SYSDATA VALUES ('*', 'SUBLOT_CATEGORI', '5', '5 : Sample');
INSERT INTO SYSDATA VALUES ('*', 'SUBLOT_CATEGORI', '6', '6 : Good (FOSB)');
INSERT INTO SYSDATA VALUES ('*', 'SUBLOT_CATEGORI', '7', '7: Good (package)');
INSERT INTO SYSDATA VALUES ('*', 'SUBLOT_CATEGORI', '8', '8: Good (fraction product)');
INSERT INTO SYSDATA VALUES ('*', 'SUBLOT_STAT', 'H', 'H HOLD');
INSERT INTO SYSDATA VALUES ('*', 'SUBLOT_STAT', 'O', 'O Sublot out');
INSERT INTO SYSDATA VALUES ('*', 'SUBLOT_STAT', 'R', 'Processing');
INSERT INTO SYSDATA VALUES ('*', 'SUBLOT_STAT', 'W', 'W Waiting');
INSERT INTO SYSDATA VALUES ('*', 'SYS_ROUTE_CAT', 'ALL_TEST', 'Inspection for all lots (Rework route)');
INSERT INTO SYSDATA VALUES ('*', 'SYS_ROUTE_CAT', 'MAIN', 'Normal route (main route)');
INSERT INTO SYSDATA VALUES ('*', 'SYS_ROUTE_CAT', 'NGS_BL', 'NGS_BL(ingot route)');
INSERT INTO SYSDATA VALUES ('*', 'SYS_ROUTE_CAT', 'OPE_INSP', 'in process inspection (sub route)');
INSERT INTO SYSDATA VALUES ('*', 'SYS_ROUTE_CAT', 'RJCT_ALL', 'Completely scrap');
INSERT INTO SYSDATA VALUES ('*', 'SYS_ROUTE_CAT', 'RP', 'RP (Re-polish route)');
INSERT INTO SYSDATA VALUES ('*', 'SYS_ROUTE_CAT', 'RW', 'RW (Re-clean route)');
INSERT INTO SYSDATA VALUES ('*', 'SYSTEM_CODE_CAT', 'A_LOT_ID', 'A_LOT_ID the latest normal lot ID');
INSERT INTO SYSDATA VALUES ('*', 'SYSTEM_CODE_CAT', 'X_LOT_ID', 'X_LOT_ID');
INSERT INTO SYSDATA VALUES ('*', 'SYSTEM_CODE_CAT', 'Y_LOT_ID', 'Y_LOT_ID');
INSERT INTO SYSDATA VALUES ('*', 'SYSTEM_CODE_CAT', 'Z_LOT_ID', 'Z_LOT_ID');
INSERT INTO SYSDATA VALUES ('*', 'TBL_NAME', 'BAREA', 'Area table');
INSERT INTO SYSDATA VALUES ('*', 'TBL_NAME', 'BCALND', 'Calendar table');
INSERT INTO SYSDATA VALUES ('*', 'TBL_NAME', 'BCARG', 'Carrier group table');
INSERT INTO SYSDATA VALUES ('*', 'TBL_NAME', 'BCARRY_PORT_DSP_AREA', 'Destination by DSP area');
INSERT INTO SYSDATA VALUES ('*', 'TBL_NAME', 'BCODE', 'Code table');
INSERT INTO SYSDATA VALUES ('*', 'TBL_NAME', 'BCZ_ITEMIZED_DEF', '-');
INSERT INTO SYSDATA VALUES ('*', 'TBL_NAME', 'BDUMMY_WAF_SET', 'Dummy Wafer number definition table');
INSERT INTO SYSDATA VALUES ('*', 'TBL_NAME', 'BEMP_CARRY_PORT', 'destination for empty cassette table');
INSERT INTO SYSDATA VALUES ('*', 'TBL_NAME', 'BEMPCAR_SC', 'Empty cassette transfer schedule table');
INSERT INTO SYSDATA VALUES ('*', 'TBL_NAME', 'BEP_MEAS_NUM', 'EP inspection Frequency setting table');
INSERT INTO SYSDATA VALUES ('*', 'TBL_NAME', 'BEPMONI', 'EP monitor compile master');
INSERT INTO SYSDATA VALUES ('*', 'TBL_NAME', 'BEQP', 'Equipment table');
INSERT INTO SYSDATA VALUES ('*', 'TBL_NAME', 'BEQP_AREA', 'Equipment area relation table');
INSERT INTO SYSDATA VALUES ('*', 'TBL_NAME', 'BEQP_MAILADRESS', 'Mailing address table');
INSERT INTO SYSDATA VALUES ('*', 'TBL_NAME', 'BEQP_RECIP', 'Equipment registered recipe table');
INSERT INTO SYSDATA VALUES ('*', 'TBL_NAME', 'BEQP_USER', 'Equipment operator management table');
INSERT INTO SYSDATA VALUES ('*', 'TBL_NAME', 'BEQPG', 'Equipment group table');
INSERT INTO SYSDATA VALUES ('*', 'TBL_NAME', 'BEQPG_EQP', 'Equipment group relation table');
INSERT INTO SYSDATA VALUES ('*', 'TBL_NAME', 'BEQPRT', 'Equipment port table');
INSERT INTO SYSDATA VALUES ('*', 'TBL_NAME', 'BHOLDCODE', 'Hold reason code table');
INSERT INTO SYSDATA VALUES ('*', 'TBL_NAME', 'BINSPJDG', 'Inspection judgment table');
INSERT INTO SYSDATA VALUES ('*', 'TBL_NAME', 'BINSPUSED', 'Inspection item table');
INSERT INTO SYSDATA VALUES ('*', 'TBL_NAME', 'BLABEL_PRINTER', 'Label printer table');
INSERT INTO SYSDATA VALUES ('*', 'TBL_NAME', 'BMEAS_ID', 'Measurement ID table');
INSERT INTO SYSDATA VALUES ('*', 'TBL_NAME', 'BMEAS_ID_ITEM', 'Measurement ID/measurement item relation table');
INSERT INTO SYSDATA VALUES ('*', 'TBL_NAME', 'BMEAS_ITEM', 'Measurement item table');
INSERT INTO SYSDATA VALUES ('*', 'TBL_NAME', 'BMEAS_LOOKUP', 'Measurement lookup table');
INSERT INTO SYSDATA VALUES ('*', 'TBL_NAME', 'BMEAS_PROD', 'Measurement item product table');
INSERT INTO SYSDATA VALUES ('*', 'TBL_NAME', 'BMROUTE', 'Module route table');
INSERT INTO SYSDATA VALUES ('*', 'TBL_NAME', 'BMROUTE_OPE', 'Module route relation table');
INSERT INTO SYSDATA VALUES ('*', 'TBL_NAME', 'BMTL_ID', 'Material table');
INSERT INTO SYSDATA VALUES ('*', 'TBL_NAME', 'BMTL_ID_ITEM', 'Material item relation table');
INSERT INTO SYSDATA VALUES ('*', 'TBL_NAME', 'BMTL_ITEM', 'Material item table');
INSERT INTO SYSDATA VALUES ('*', 'TBL_NAME', 'BMTL_PROD_FIT', 'Material using management by product code table');
INSERT INTO SYSDATA VALUES ('*', 'TBL_NAME', 'BOPE', 'Process table');
INSERT INTO SYSDATA VALUES ('*', 'TBL_NAME', 'BOPEMONI_INPUT_ADMIN', 'Auto input management table for Process monitor lot');
INSERT INTO SYSDATA VALUES ('*', 'TBL_NAME', 'BPRINT_TYPE', 'Label printer contents table');
INSERT INTO SYSDATA VALUES ('*', 'TBL_NAME', 'BPROCDATA_ID', 'Process data ID table');
INSERT INTO SYSDATA VALUES ('*', 'TBL_NAME', 'BPROCDATA_ID_ITEM', 'Process data ID relation item table');
INSERT INTO SYSDATA VALUES ('*', 'TBL_NAME', 'BPROCDATA_ITEM', 'Process data item table');
INSERT INTO SYSDATA VALUES ('*', 'TBL_NAME', 'BPROCDATA_LOOKUP', 'Process lookup table');
INSERT INTO SYSDATA VALUES ('*', 'TBL_NAME', 'BPROD', 'Product table');
INSERT INTO SYSDATA VALUES ('*', 'TBL_NAME', 'BPROD_02', 'Product code table2');
INSERT INTO SYSDATA VALUES ('*', 'TBL_NAME', 'BPRODCODE', 'Product code table');
INSERT INTO SYSDATA VALUES ('*', 'TBL_NAME', 'BPWSMPLCASETCON', 'PW sample cassette config table');
INSERT INTO SYSDATA VALUES ('*', 'TBL_NAME', 'BQTIME', 'Q time table');
INSERT INTO SYSDATA VALUES ('*', 'TBL_NAME', 'BRECIP_LOOKUP', 'Recipe lookup table');
INSERT INTO SYSDATA VALUES ('*', 'TBL_NAME', 'BRECIP_PRAM', 'Recipe parameter table');
INSERT INTO SYSDATA VALUES ('*', 'TBL_NAME', 'BREJECTCODE', 'Reject reason code table');
INSERT INTO SYSDATA VALUES ('*', 'TBL_NAME', 'BREJECTCODE_STG', 'Reject reason code table');
INSERT INTO SYSDATA VALUES ('*', 'TBL_NAME', 'BREJECTCODE_STGG', 'Reject reason code Stage Group table');
INSERT INTO SYSDATA VALUES ('*', 'TBL_NAME', 'BREJECTCODE_STGG_STG', 'Reject reason code Stage table');
INSERT INTO SYSDATA VALUES ('*', 'TBL_NAME', 'BRL_ROUTE', 'Release route view');
INSERT INTO SYSDATA VALUES ('*', 'TBL_NAME', 'BROUTE', 'Route table');
INSERT INTO SYSDATA VALUES ('*', 'TBL_NAME', 'BROUTE_MROUTE', 'Route module route relation table');
INSERT INTO SYSDATA VALUES ('*', 'TBL_NAME', 'BROUTECNCT', 'Route connection table');
INSERT INTO SYSDATA VALUES ('*', 'TBL_NAME', 'BSLICE_ITEMIZED_DEF', 'SLICE_ITEMIZED_LIST definition table');
INSERT INTO SYSDATA VALUES ('*', 'TBL_NAME', 'BSTG', 'Stage table');
INSERT INTO SYSDATA VALUES ('*', 'TBL_NAME', 'BSTGG', 'Stage group table');
INSERT INTO SYSDATA VALUES ('*', 'TBL_NAME', 'BSTGG_STG', 'Stage group relation table');
INSERT INTO SYSDATA VALUES ('*', 'TBL_NAME', 'BSTK', 'Stocker table');
INSERT INTO SYSDATA VALUES ('*', 'TBL_NAME', 'BSTK_AREA', 'Stocker Area relation table');
INSERT INTO SYSDATA VALUES ('*', 'TBL_NAME', 'BSTK_CARG', 'Stocker cassette group table');
INSERT INTO SYSDATA VALUES ('*', 'TBL_NAME', 'BSTKOUTLET', 'Stocker port table');
INSERT INTO SYSDATA VALUES ('*', 'TBL_NAME', 'BSYSTEM_DEF', 'System definition table');
INSERT INTO SYSDATA VALUES ('*', 'TBL_NAME', 'BSYSTEM_INI_TBL', 'System ini table');
INSERT INTO SYSDATA VALUES ('*', 'TBL_NAME', 'BUSER', 'User table');
INSERT INTO SYSDATA VALUES ('*', 'TBL_NAME', 'BUSERG', 'User group table');
INSERT INTO SYSDATA VALUES ('*', 'TBL_NAME', 'SYSDATA', 'System data table');
INSERT INTO SYSDATA VALUES ('*', 'TGT_PROD_CAT', 'A', 'Anneal');
INSERT INTO SYSDATA VALUES ('*', 'TGT_PROD_CAT', 'E', 'EPI');
INSERT INTO SYSDATA VALUES ('*', 'TGT_PROD_CAT', 'P', 'PW');
INSERT INTO SYSDATA VALUES ('*', 'TRAN_STAT', 'AI', 'AI AUTO IN');
INSERT INTO SYSDATA VALUES ('*', 'TRAN_STAT', 'AO', 'AO AUTO OUT');
INSERT INTO SYSDATA VALUES ('*', 'TRAN_STAT', 'MI', 'MI Manual IN');
INSERT INTO SYSDATA VALUES ('*', 'TRAN_STAT', 'MO', 'MO Manual Out');
INSERT INTO SYSDATA VALUES ('*', 'TRAN_STAT', 'XC', 'XC transfer comp');
INSERT INTO SYSDATA VALUES ('*', 'TRAN_STAT', 'XS', 'XS transfer start');
INSERT INTO SYSDATA VALUES ('*', 'TRAN_STAT', 'XX', 'XX Forcibly complete');
INSERT INTO SYSDATA VALUES ('*', 'TRANS_RETRY', 'RETRY_LIMITCNT', '144');
INSERT INTO SYSDATA VALUES ('*', 'TX04A_IN_PORT', 'S4E201', 'S4M201');
INSERT INTO SYSDATA VALUES ('*', 'TX04F_TX_MODE', '1', 'Waiting for primary inspection');
INSERT INTO SYSDATA VALUES ('*', 'TX04G_TX_MODE', '1', 'Waiting for primary inspection');
INSERT INTO SYSDATA VALUES ('*', 'TX05F_TX_MODE', '2', 'Waiting for ingot');
INSERT INTO SYSDATA VALUES ('*', 'TX05G_TX_MODE', '2', 'Waiting for ingot');
INSERT INTO SYSDATA VALUES ('*', 'TX06F_TX_MODE', '3', 'Ingot info.');
INSERT INTO SYSDATA VALUES ('*', 'USERG_ID', 'ADMIN', 'Administrator');
INSERT INTO SYSDATA VALUES ('*', 'USERG_ID', 'SE_STAFF', 'SE staff');
INSERT INTO SYSDATA VALUES ('*', 'USERG_ID', 'SPCUIADMN', 'SPC UI administrator');
INSERT INTO SYSDATA VALUES ('*', 'USERG_ID', 'SPCUIUSER', 'SPC UI user');
INSERT INTO SYSDATA VALUES ('*', 'USERG_ID', 'SYS', 'SYSTEM');
INSERT INTO SYSDATA VALUES ('*', 'WAF_ACTION_CAT', '', 'Good');
INSERT INTO SYSDATA VALUES ('*', 'WAF_ACTION_CAT', '0', '(not use)');
INSERT INTO SYSDATA VALUES ('*', 'WAF_ACTION_CAT', '1', '(not use)');
INSERT INTO SYSDATA VALUES ('*', 'WAF_ACTION_CAT', '2', 'Re-Polish');
INSERT INTO SYSDATA VALUES ('*', 'WAF_ACTION_CAT', '3', '(not use)');
INSERT INTO SYSDATA VALUES ('*', 'WAF_ACTION_CAT', '4', 'Re-cleaning');
INSERT INTO SYSDATA VALUES ('*', 'WAF_ACTION_CAT', '5', '(not use)');
INSERT INTO SYSDATA VALUES ('*', 'WAF_ACTION_CAT', '6', 'Completely scrap');
INSERT INTO SYSDATA VALUES ('*', 'WAF_GRND_LIFECNT', '1', '60');
INSERT INTO SYSDATA VALUES ('*', 'WAF_GRND_LIFECNT', '2', '70');
INSERT INTO SYSDATA VALUES ('*', 'WAF_GRND_LIFECNT', '3', '80');
INSERT INTO SYSDATA VALUES ('*', 'WAF_OPE_SUB_HIS_EQP', '1', 'WAF_GRND');
INSERT INTO SYSDATA VALUES ('*', 'WAF_OPE_SUB_HIS_EQP', '2', 'WAF_GRND6');
INSERT INTO SYSDATA VALUES ('*', 'WAF_OPE_SUB_HIS_EQP', '3', 'VS_INSP');
INSERT INTO SYSDATA VALUES ('*', 'WAF_QUO_PTN', '', 'Good');
INSERT INTO SYSDATA VALUES ('*', 'WAF_QUO_PTN', 'A', 'A defect');
INSERT INTO SYSDATA VALUES ('*', 'WAF_QUO_PTN', 'B', 'B defect');
INSERT INTO SYSDATA VALUES ('*', 'WAF_QUO_PTN', 'C', 'C defect');
INSERT INTO SYSDATA VALUES ('*', 'WAF_QUO_PTN', 'D', 'D defect');
INSERT INTO SYSDATA VALUES ('*', 'WHAT_NEXT_MODE', '0', 'User can select next lot and start operation.');
INSERT INTO SYSDATA VALUES ('*', 'WHAT_NEXT_MODE', '1', 'System decides next lot. User can not select it.');
INSERT INTO SYSDATA VALUES ('*', 'WORKPLATE_LABEL', 'WP', 'Work plate');
INSERT INTO SYSDATA VALUES ('*', 'WRK_GRP', 'ADMA', 'Administrator A');
INSERT INTO SYSDATA VALUES ('*', 'WRK_GRP', 'ADMB', 'Administrator B');
INSERT INTO SYSDATA VALUES ('*', 'WRK_GRP', 'OPE', 'General manufacturing');
INSERT INTO SYSDATA VALUES ('*', 'WRK_GRP', 'QAS', 'QA staff');
INSERT INTO SYSDATA VALUES ('*', 'WRK_GRP', 'SES', 'SE staff');
INSERT INTO SYSDATA VALUES ('*', 'WRK_GRP', 'TEC', 'Technical staff');
INSERT INTO SYSDATA VALUES ('*', 'YESNO', 'N', 'No');
INSERT INTO SYSDATA VALUES ('*', 'YESNO', 'Y', 'Yes');
INSERT INTO SYSDATA VALUES ('EMP_CAR_GP', 'CW_EMP_CLN', 'CARG01', 'TEST_CWE');
INSERT INTO SYSDATA VALUES ('EMP_CAR_GP', 'CW_EMP_CLN', 'FOUP_25_AA', '01');
INSERT INTO SYSDATA VALUES ('EMP_CAR_GP', 'CW_EMP_CLN', 'OPC_25_DEM', '1');
INSERT INTO SYSDATA VALUES ('UAC', 'OPI', 'OPI_AN_MONITOR_RETURN', 'AN Monitor Return');
INSERT INTO SYSDATA VALUES ('UAC', 'OPI', 'OPI_AUTO_CONTROL', 'Auto Control');
INSERT INTO SYSDATA VALUES ('UAC', 'OPI', 'OPI_BBS_UPDATE', 'BBS Update');
INSERT INTO SYSDATA VALUES ('UAC', 'OPI', 'OPI_BLOCK_RECEIV', 'Block Receiving');
INSERT INTO SYSDATA VALUES ('UAC', 'OPI', 'OPI_BLOCK_RECEIV_CANCEL', 'Block Receiving Cancel');
INSERT INTO SYSDATA VALUES ('UAC', 'OPI', 'OPI_BLOCK_USER_LOT_LIST', 'User Lots List');
INSERT INTO SYSDATA VALUES ('UAC', 'OPI', 'OPI_CHANGE_PASSWORD', 'Password Change');
INSERT INTO SYSDATA VALUES ('UAC', 'OPI', 'OPI_CHECK_OPERATION_START', 'Check For Operation Start(Mount)');
INSERT INTO SYSDATA VALUES ('UAC', 'OPI', 'OPI_CHK_OPE_COMP_MOUNT', 'Check for Ope Comp Mount');
INSERT INTO SYSDATA VALUES ('UAC', 'OPI', 'OPI_CHK_OPE_COMP_SEP_CLN', 'Check Ope Comp Sep Cln');
INSERT INTO SYSDATA VALUES ('UAC', 'OPI', 'OPI_CHK_OPE_COMP_SLICE', 'Check for Ope Comp Slice');
INSERT INTO SYSDATA VALUES ('UAC', 'OPI', 'OPI_COMPILE_AN_MONITOER', 'Anneal Monitor Box Kitting');
INSERT INTO SYSDATA VALUES ('UAC', 'OPI', 'OPI_COMPILE_EP_MONITOER', 'Compile EP Monitor Box');
INSERT INTO SYSDATA VALUES ('UAC', 'OPI', 'OPI_COMPILE_PRE-MONITOR_KITTING', 'Pre Monitor Kitting');
INSERT INTO SYSDATA VALUES ('UAC', 'OPI', 'OPI_COMPILE_PREPATION', 'Compile Prepation');
INSERT INTO SYSDATA VALUES ('UAC', 'OPI', 'OPI_CONTROL_OF_EP_LOT_PLANNING', 'Control Of EP Lot Input Planning');
INSERT INTO SYSDATA VALUES ('UAC', 'OPI', 'OPI_CRR_EXG', 'Carrier Exchange');
INSERT INTO SYSDATA VALUES ('UAC', 'OPI', 'OPI_CRR_FOSB_CLN', 'FSOB Cleaning');
INSERT INTO SYSDATA VALUES ('UAC', 'OPI', 'OPI_CRR_GRP_CHG', 'Carrier Group Change');
INSERT INTO SYSDATA VALUES ('UAC', 'OPI', 'OPI_CRR_INFO', 'Carrier Operation');
INSERT INTO SYSDATA VALUES ('UAC', 'OPI', 'OPI_CRR_LIST', 'Carrier List');
INSERT INTO SYSDATA VALUES ('UAC', 'OPI', 'OPI_CRR_RGST', 'Carrier Registration');
INSERT INTO SYSDATA VALUES ('UAC', 'OPI', 'OPI_CST_OPER_DEL', 'Carrier Delete');
INSERT INTO SYSDATA VALUES ('UAC', 'OPI', 'OPI_CST_OPER_FORCE_CHG', 'Carrier Force Change');
INSERT INTO SYSDATA VALUES ('UAC', 'OPI', 'OPI_CST_OPER_FOSB_LABEL_REPRINT', 'FOSB Label Re-Print');
INSERT INTO SYSDATA VALUES ('UAC', 'OPI', 'OPI_CST_OPER_PM_RST', 'PM Info Reset');
INSERT INTO SYSDATA VALUES ('UAC', 'OPI', 'OPI_CST_OPER_STAT_CHG', 'Carrier Status Change');
INSERT INTO SYSDATA VALUES ('UAC', 'OPI', 'OPI_CST_RSV_CNL', 'Carrier Reservation Cancel');
INSERT INTO SYSDATA VALUES ('UAC', 'OPI', 'OPI_EML_ITEM_MAINTENANCE', 'EML Item Maintenance');
INSERT INTO SYSDATA VALUES ('UAC', 'OPI', 'OPI_EP_MONITOR_RETURN', 'EP Monitor Return');
INSERT INTO SYSDATA VALUES ('UAC', 'OPI', 'OPI_EQP_HIS_LIST', 'EQP Operation History List');
INSERT INTO SYSDATA VALUES ('UAC', 'OPI', 'OPI_EQP_INFO', 'EQP Operation');
INSERT INTO SYSDATA VALUES ('UAC', 'OPI', 'OPI_EQP_NOTE', 'EQP Note');
INSERT INTO SYSDATA VALUES ('UAC', 'OPI', 'OPI_EQP_STAT_CHANGE', 'EQP Status Change');
INSERT INTO SYSDATA VALUES ('UAC', 'OPI', 'OPI_GENERATE_DUMMY_BOX', 'Anneal Side Dummy Kitting');
INSERT INTO SYSDATA VALUES ('UAC', 'OPI', 'OPI_INPROCESS_INSPECT', 'In-Process Inspect');
INSERT INTO SYSDATA VALUES ('UAC', 'OPI', 'OPI_INPUT_INSP_SMP_DATA', 'Input Inpsection Sampling Data');
INSERT INTO SYSDATA VALUES ('UAC', 'OPI', 'OPI_INSP_FAIL_LIST', 'Inspection Failure List');
INSERT INTO SYSDATA VALUES ('UAC', 'OPI', 'OPI_INSP_ID_SAMPLE_LIST', 'Wafer List By Inspection ID');
INSERT INTO SYSDATA VALUES ('UAC', 'OPI', 'OPI_INSP_SMP_DATA_REPORT', 'Input Inspection Sample Data');
INSERT INTO SYSDATA VALUES ('UAC', 'OPI', 'OPI_INV_INQ', 'Inventory Inquiry');
INSERT INTO SYSDATA VALUES ('UAC', 'OPI', 'OPI_LABEL_RE_PRINT', 'Label Re-Print');
INSERT INTO SYSDATA VALUES ('UAC', 'OPI', 'OPI_LABEL_TEMPLETE_SETTING', 'Label Print Setting');
INSERT INTO SYSDATA VALUES ('UAC', 'OPI', 'OPI_LASER_MARK_INFO', 'Laser Mark Information');
INSERT INTO SYSDATA VALUES ('UAC', 'OPI', 'OPI_LIFE_ATTACH_DETACH', 'Life Attach Detach');
INSERT INTO SYSDATA VALUES ('UAC', 'OPI', 'OPI_LIFT_LOT_HISTORY', 'Life Lot History');
INSERT INTO SYSDATA VALUES ('UAC', 'OPI', 'OPI_LOCAL_LOT_CREATE', 'Local Lot Create');
INSERT INTO SYSDATA VALUES ('UAC', 'OPI', 'OPI_LOT_ATTRIBUTE_CHG', 'Lot Attribute Change');
INSERT INTO SYSDATA VALUES ('UAC', 'OPI', 'OPI_LOT_CASSETTE_LOT_CONSOLIDATION', 'CST Lot ID Consolidation');
INSERT INTO SYSDATA VALUES ('UAC', 'OPI', 'OPI_LOT_COMPILE_RECOVERY', 'Lot Compile Recovery');
INSERT INTO SYSDATA VALUES ('UAC', 'OPI', 'OPI_LOT_FUTURE_HOLD', 'Lot Future Hold');
INSERT INTO SYSDATA VALUES ('UAC', 'OPI', 'OPI_LOT_HOLD', 'Lot Hold');
INSERT INTO SYSDATA VALUES ('UAC', 'OPI', 'OPI_LOT_HOLD_LIST', 'Lot Hold List');
INSERT INTO SYSDATA VALUES ('UAC', 'OPI', 'OPI_LOT_HOLD_RELEASE', 'Lot Hold Release');
INSERT INTO SYSDATA VALUES ('UAC', 'OPI', 'OPI_LOT_INFO', 'Lot Information');
INSERT INTO SYSDATA VALUES ('UAC', 'OPI', 'OPI_LOT_INPUT_PLAN', 'EP Lot Input Plan');
INSERT INTO SYSDATA VALUES ('UAC', 'OPI', 'OPI_LOT_LIST', 'Lot List');
INSERT INTO SYSDATA VALUES ('UAC', 'OPI', 'OPI_LOT_MERGE', 'Lot Merge');
INSERT INTO SYSDATA VALUES ('UAC', 'OPI', 'OPI_LOT_NOTE_ADD', 'Add Lot Note');
INSERT INTO SYSDATA VALUES ('UAC', 'OPI', 'OPI_LOT_NOTE_DEL', 'Delete Lot Note');
INSERT INTO SYSDATA VALUES ('UAC', 'OPI', 'OPI_LOT_NOTE_UDP', 'Update Lot Note');
INSERT INTO SYSDATA VALUES ('UAC', 'OPI', 'OPI_LOT_PARTIAL_REWORK', 'Partial Rework');
INSERT INTO SYSDATA VALUES ('UAC', 'OPI', 'OPI_LOT_PTY_CHG', 'Priority Bulk Change');
INSERT INTO SYSDATA VALUES ('UAC', 'OPI', 'OPI_LOT_REWORK', 'Lot Rework');
INSERT INTO SYSDATA VALUES ('UAC', 'OPI', 'OPI_LOT_REWORK_CANCEL', 'Lot Rework Cancel');
INSERT INTO SYSDATA VALUES ('UAC', 'OPI', 'OPI_LOT_SPLIT', 'Lot Split');
INSERT INTO SYSDATA VALUES ('UAC', 'OPI', 'OPI_LOT_SUBROUTE', 'Lot SubRoute');
INSERT INTO SYSDATA VALUES ('UAC', 'OPI', 'OPI_LOTE_NOTE', 'Lote Note');
INSERT INTO SYSDATA VALUES ('UAC', 'OPI', 'OPI_MEAS_DATA_DISPLAY', 'Meas Data Display');
INSERT INTO SYSDATA VALUES ('UAC', 'OPI', 'OPI_MEAS_DATA_INPUT', 'Measurement Data Input');
INSERT INTO SYSDATA VALUES ('UAC', 'OPI', 'OPI_MEASUREMENT_DATA_RE_REPORT', 'Measurement Data Re-Report');
INSERT INTO SYSDATA VALUES ('UAC', 'OPI', 'OPI_MTRL_NG_LOT_LIST', 'Material NG Lot List');
INSERT INTO SYSDATA VALUES ('UAC', 'OPI', 'OPI_NTC_TOYO_ROUTE_SWITCH', 'NTC TOYO Route Switch');
INSERT INTO SYSDATA VALUES ('UAC', 'OPI', 'OPI_OBTAIN_ALL_CARRIER', 'Obtain All Carrier');
INSERT INTO SYSDATA VALUES ('UAC', 'OPI', 'OPI_OPE_COMP_ALL_INSP', 'Ope Comp All Inspection');
INSERT INTO SYSDATA VALUES ('UAC', 'OPI', 'OPI_OPE_COMP_BLOCK', 'Ope Comp Block');
INSERT INTO SYSDATA VALUES ('UAC', 'OPI', 'OPI_OPE_COMP_CONFIRM', 'Operation Completion Confirmation');
INSERT INTO SYSDATA VALUES ('UAC', 'OPI', 'OPI_OPE_COMP_CONFIRM_BLOCK', 'Ope Comp Confirmation Block');
INSERT INTO SYSDATA VALUES ('UAC', 'OPI', 'OPI_OPE_COMP_CONFIRM_CRR_CHG', 'Ope Comp Confirmation Carrier Change');
INSERT INTO SYSDATA VALUES ('UAC', 'OPI', 'OPI_OPE_COMP_CONFIRM_CST_LOT_REGEN', 'Ope Comp Confirm Cst Lot Regen');
INSERT INTO SYSDATA VALUES ('UAC', 'OPI', 'OPI_OPE_COMP_CONFIRM_SEP_CLN', 'Ope Comp Confirmation Sep Cln');
INSERT INTO SYSDATA VALUES ('UAC', 'OPI', 'OPI_OPE_COMP_CRR_CHG', 'Ope Comp Carrier Change');
INSERT INTO SYSDATA VALUES ('UAC', 'OPI', 'OPI_OPE_COMP_CST_LOT_REGEN', 'Ope Comp Cst Lot Regen');
INSERT INTO SYSDATA VALUES ('UAC', 'OPI', 'OPI_OPE_COMP_INPUT_ACT_DATA_SEP_CLN', 'Input Act Data Sep Cln');
INSERT INTO SYSDATA VALUES ('UAC', 'OPI', 'OPI_OPE_COMP_INSP_SORTER', 'Ope Comp Inspection Sorter');
INSERT INTO SYSDATA VALUES ('UAC', 'OPI', 'OPI_OPE_COMP_POLISHING', 'Ope Comp Polishing');
INSERT INTO SYSDATA VALUES ('UAC', 'OPI', 'OPI_OPE_COMP_RE_MEAS_XRAY', 'Ope Comp Re-Measurement X-Ray');
INSERT INTO SYSDATA VALUES ('UAC', 'OPI', 'OPI_OPE_COMP_SLICE', 'Ope Comp Slice');
INSERT INTO SYSDATA VALUES ('UAC', 'OPI', 'OPI_OPE_COMP_THICK_SORT', 'Ope Comp Thickness Sort');
INSERT INTO SYSDATA VALUES ('UAC', 'OPI', 'OPI_OPE_END_MOUNT', 'Operation End Mount');
INSERT INTO SYSDATA VALUES ('UAC', 'OPI', 'OPI_OPE_START_CANCEL_INSP_SORTER', 'Ope Start Cancel Insp Sorter');
INSERT INTO SYSDATA VALUES ('UAC', 'OPI', 'OPI_OPERATION_COMPLETE', 'Operation  Complete');
INSERT INTO SYSDATA VALUES ('UAC', 'OPI', 'OPI_OPERATION_START', 'Operation Start');
INSERT INTO SYSDATA VALUES ('UAC', 'OPI', 'OPI_OPERATION_START_ALL_INSP', 'Ope Start All Inspection');
INSERT INTO SYSDATA VALUES ('UAC', 'OPI', 'OPI_OPERATION_START_CONFIRM', 'Operation Start Confirmation');
INSERT INTO SYSDATA VALUES ('UAC', 'OPI', 'OPI_OPERATION_START_INSP_SORTER', 'Ope Start Insp Sorter');
INSERT INTO SYSDATA VALUES ('UAC', 'OPI', 'OPI_PAUSE', 'EQP Pause');
INSERT INTO SYSDATA VALUES ('UAC', 'OPI', 'OPI_PROC_HOLD_REGISTRATION', 'Process Hold');
INSERT INTO SYSDATA VALUES ('UAC', 'OPI', 'OPI_PROC_HOLD_RELEASE', 'Process Hold Release');
INSERT INTO SYSDATA VALUES ('UAC', 'OPI', 'OPI_PROC_INPUT_PREP', 'Process Input Preparation');
INSERT INTO SYSDATA VALUES ('UAC', 'OPI', 'OPI_PROC_NOTE_ADD', 'Add Process Note');
INSERT INTO SYSDATA VALUES ('UAC', 'OPI', 'OPI_PROC_NOTE_DEL', 'Delete Process Note');
INSERT INTO SYSDATA VALUES ('UAC', 'OPI', 'OPI_PROC_NOTE_UDP', 'Update Process Note');
INSERT INTO SYSDATA VALUES ('UAC', 'OPI', 'OPI_PROCESS_DATA_LIST', 'Process Data List');
INSERT INTO SYSDATA VALUES ('UAC', 'OPI', 'OPI_PRODUCT_ID_INFO', 'Product ID Information');
INSERT INTO SYSDATA VALUES ('UAC', 'OPI', 'OPI_RECIPE_CONFIRMATION', 'Recipe Confirmation');
INSERT INTO SYSDATA VALUES ('UAC', 'OPI', 'OPI_RESERVED_EMPTY_CARRIER', 'Reserved Empty Carrier');
INSERT INTO SYSDATA VALUES ('UAC', 'OPI', 'OPI_RETRIEVE_DATA', 'Retrieve Data');
INSERT INTO SYSDATA VALUES ('UAC', 'OPI', 'OPI_ROUTE_ID_CHG', 'Route ID Change');
INSERT INTO SYSDATA VALUES ('UAC', 'OPI', 'OPI_ROUTE_INFO', 'Route Info Display');
INSERT INTO SYSDATA VALUES ('UAC', 'OPI', 'OPI_SCRAP_BLOCK_LOT', 'Scrap Block Lot');
INSERT INTO SYSDATA VALUES ('UAC', 'OPI', 'OPI_SEARCH_HIS', 'Warning History List');
INSERT INTO SYSDATA VALUES ('UAC', 'OPI', 'OPI_SET_AS_NEXT', 'Set As Next List');
INSERT INTO SYSDATA VALUES ('UAC', 'OPI', 'OPI_SHIPPING_JUDGE', 'PW Shipping Judge');
INSERT INTO SYSDATA VALUES ('UAC', 'OPI', 'OPI_SPEC_OF_CHAMBER', 'Specification Of Chamber For Update');
INSERT INTO SYSDATA VALUES ('UAC', 'OPI', 'OPI_STOCKER_IN_HISTORY', 'Stocker In History');
INSERT INTO SYSDATA VALUES ('UAC', 'OPI', 'OPI_WAFER_FAILURE_REPORT', 'Wafer Failure Report');
INSERT INTO SYSDATA VALUES ('UAC', 'OPI', 'OPI_WAFER_REJECT_CANCEL', 'Wafer Reject Cancel');
INSERT INTO SYSDATA VALUES ('UAC', 'OPI', 'OPI_WAFER_REJECT_INPUT', 'Wafer Reject Input');
INSERT INTO SYSDATA VALUES ('UAC', 'OPI', '*', 'All Fuction');
INSERT INTO SYSDATA VALUES ('UAC', 'OPI', 'OPI_E_WORKORDER', 'e-Workorder');
INSERT INTO SYSDATA VALUES ('UAC', 'OPI', 'OPI_MQ_ENVIRONMENT_SWITCH', 'MQ Environment Switch');
INSERT INTO SYSDATA VALUES ('UAC', 'OPI', 'OPI_LOT_SEL_RELEASE', 'Lot Select Release');
INSERT INTO SYSDATA VALUES ('UAC', 'OPI', 'OPI_EQP_MODE_CHG', 'Equipment Mode Change');
INSERT INTO SYSDATA VALUES ('UAC', 'OPI', 'OPI_OPE_START_CANCEL', 'Ope Start Cancel');
INSERT INTO SYSDATA VALUES ('UAC', 'OPI', 'OPI_SP1_PREPARATION', 'SP1 Preparation');
INSERT INTO SYSDATA VALUES ('UAC', 'OPI', 'OPI_TRANSFER', 'Transfer');
INSERT INTO SYSDATA VALUES ('UAC', 'OPI', 'OPI_STOCKER_OUT', 'Stocker out');
INSERT INTO SYSDATA VALUES ('UAC', 'OPI', 'OPI_CST_LOC_CHG', 'Cassette Location Change');

-- Initial data from Initial_Data directory

INSERT INTO BAREA VALUES ('STK_GR', 'Area for all stockers', '', '', 'Y', 'Y', '2020-06-24 12:56:02', 'IBM', '2020-06-24 12:52:04', 'Release', 'IBM', '2020-06-24 12:51:57', 'EditComp', 'IBM', '2020-06-24 12:56:44', 'Save', 'IBM', '2020-06-24 12:56:28', 'EditStart', 'IBM', '2020-06-24 12:56:24', 'Create', 'IBM', 'IBM', '', 'PUBLIC', '', NULL, '');
INSERT INTO BCODE VALUES ('BATCH_CAT', 'AN', 'Anneal product', 'Anneal product', 'Y', 'Y', '2003-07-15 10:40:16', 'KUSAN', '2003-07-15 10:39:45', 'Release', 'KUSAN', '2003-07-15 10:39:35', 'EditComp', 'KUSAN', '2003-07-15 10:41:45', 'Create', 'KUSAN', NULL, '', '', NULL, '', '', 'KUSAN', '', 'PUBLIC', '', NULL, '');
INSERT INTO BCODE VALUES ('BATCH_CAT', 'CV', 'APCVD', 'APCVD', 'Y', 'Y', '2003-07-15 10:40:19', 'KUSAN', '2003-07-15 10:39:45', 'Release', 'KUSAN', '2003-07-15 10:39:35', 'EditComp', 'KUSAN', '2003-07-15 10:41:45', 'Create', 'KUSAN', NULL, '', '', NULL, '', '', 'KUSAN', '', 'PUBLIC', '', NULL, '');
INSERT INTO BCODE VALUES ('BATCH_CAT', 'EG', 'EG', 'EG', 'Y', 'Y', '2003-07-15 10:40:19', 'KUSAN', '2003-07-15 10:39:45', 'Release', 'KUSAN', '2003-07-15 10:39:35', 'EditComp', 'KUSAN', '2003-07-15 10:41:45', 'Create', 'KUSAN', NULL, '', '', NULL, '', '', 'KUSAN', '', 'PUBLIC', '', NULL, '');
INSERT INTO BCODE VALUES ('BATCH_CAT', 'WH', 'WHT', 'WHT', 'Y', 'Y', '2003-07-15 10:40:20', 'KUSAN', '2003-07-15 10:39:45', 'Release', 'KUSAN', '2003-07-15 10:39:35', 'EditComp', 'KUSAN', '2003-07-15 10:41:45', 'Create', 'KUSAN', NULL, '', '', NULL, '', '', 'KUSAN', '', 'PUBLIC', '', NULL, '');
INSERT INTO BCODE VALUES ('CNT_METH', 'CNT_BAT', 'Number of Batch', 'Number of Batch', 'Y', 'Y', '2008-04-03 00:00:00', 'MAYA', '2003-07-10 00:36:37', 'Release', 'MAYA', '2003-07-10 00:36:30', 'EditComp', 'MAYA', '2003-07-10 00:38:42', 'ForceUnlock', 'MAYA', '2003-07-10 00:20:38', 'EditStart', 'MAYA', '2003-07-10 00:18:41', 'Release', 'MAYA', 'MAYA', '', 'PUBLIC', '', NULL, '');
INSERT INTO BCODE VALUES ('CNT_METH', 'CNT_CAR', 'Number of Cassettes', 'Number of Cassettes', 'Y', 'Y', '2008-04-03 00:00:00', 'MAYA', '2003-07-10 00:36:37', 'Release', 'MAYA', '2003-07-10 00:36:30', 'EditComp', 'MAYA', '2003-07-10 00:38:42', 'ForceUnlock', 'MAYA', '2003-07-10 00:20:40', 'EditStart', 'MAYA', '2003-07-10 00:18:41', 'Release', 'MAYA', 'MAYA', '', 'PUBLIC', '', NULL, '');
INSERT INTO BCODE VALUES ('CNT_METH', 'CNT_NOT', 'Zero count', 'Zero count', 'Y', 'Y', '2008-04-03 00:00:00', 'MAYA', '2003-07-10 00:36:37', 'Release', 'MAYA', '2003-07-10 00:36:31', 'EditComp', 'MAYA', '2003-07-10 00:38:42', 'ForceUnlock', 'MAYA', '2003-07-10 00:20:42', 'EditStart', 'MAYA', '2003-07-10 00:18:41', 'Release', 'MAYA', 'MAYA', '', 'PUBLIC', '', NULL, '');
INSERT INTO BCODE VALUES ('CNT_METH', 'CNT_PROC', 'Process data item ID', 'Process data item ID', 'Y', 'Y', '2008-04-03 00:00:00', 'MAYA', '2003-07-10 00:36:37', 'Release', 'MAYA', '2003-07-10 00:36:31', 'EditComp', 'MAYA', '2003-07-10 00:38:42', 'ForceUnlock', 'MAYA', '2003-07-10 00:20:45', 'EditStart', 'MAYA', '2003-07-10 00:18:41', 'Release', 'MAYA', 'MAYA', '', 'PUBLIC', '', NULL, '');
INSERT INTO BCODE VALUES ('CNT_METH', 'CNT_THICK', 'EP film thickness and sheet number', 'EP film thickness and sheet number', 'Y', 'Y', '2008-04-03 00:00:00', 'MAYA', '2003-07-10 00:36:37', 'Release', 'MAYA', '2003-07-10 00:36:31', 'EditComp', 'MAYA', '2003-07-10 00:38:42', 'ForceUnlock', 'MAYA', '2003-07-10 00:20:47', 'EditStart', 'MAYA', '2003-07-10 00:18:41', 'Release', 'MAYA', 'MAYA', '', 'PUBLIC', '', NULL, '');
INSERT INTO BCODE VALUES ('CNT_METH', 'CNT_WAF', 'Number of wafers', 'Number of wafers', 'Y', 'Y', '2008-04-03 00:00:00', 'MAYA', '2003-07-10 00:36:37', 'Release', 'MAYA', '2003-07-10 00:36:31', 'EditComp', 'MAYA', '2003-07-10 00:38:42', 'ForceUnlock', 'MAYA', '2003-07-10 00:20:49', 'EditStart', 'MAYA', '2003-07-10 00:18:41', 'Release', 'MAYA', 'MAYA', '', 'PUBLIC', '', NULL, '');
INSERT INTO BCODE VALUES ('FABID', '9999', 'No selected FAB', 'No selected FAB', 'Y', 'Y', '2004-01-13 16:11:17', 'IBM', '2004-01-13 16:06:17', 'Release', 'IBM', '2004-01-13 16:06:07', 'EditComp', 'IBM', '2004-01-13 16:12:26', 'Create', 'IBM', NULL, '', '', NULL, '', '', 'IBM', '', 'PUBLIC', '', NULL, '');
INSERT INTO BCODE VALUES ('FABID', 'FAB1', 'Fab1', 'Fab1', 'Y', 'Y', '2003-04-08 12:06:51', 'MAYA', '2003-07-10 00:31:02', 'Release', 'MAYA', '2003-07-10 00:30:56', 'EditComp', 'MAYA', '2003-07-10 00:33:07', 'ForceUnlock', 'MAYA', '2003-07-10 00:20:52', 'EditStart', 'MAYA', '2003-07-10 00:18:41', 'Release', 'MAYA', 'MAYA', '', 'PUBLIC', '', NULL, '');
INSERT INTO BCODE VALUES ('LABEL_TYPE', 'STANDARD', 'Standard Label Type', 'Standard Label Type', 'Y', 'Y', '2003-04-08 12:06:51', 'IBM', '2003-07-10 00:31:02', 'Release', 'IBM', '2003-07-10 00:30:56', 'EditComp', 'IBM', '2003-07-10 00:33:07', 'ForceUnlock', 'IBM', '2003-07-10 00:20:52', 'EditStart', 'IBM', '2003-07-10 00:18:41', 'Release', 'IBM', 'IBM', '', 'PUBLIC', '', NULL, '');
INSERT INTO BCODE VALUES ('LINEID', 'A', 'LINE-A', 'LINE-1', 'Y', 'Y', '2003-07-08 13:55:44', 'MAYA', '2003-07-10 00:18:46', 'Release', 'MAYA', '2003-07-10 00:18:21', 'EditComp', 'MAYA', '2003-07-08 19:48:13', 'Release', 'MAYA', '2003-07-08 19:48:07', 'EditComp', 'MAYA', '2003-07-08 13:56:47', 'Create', 'MAYA', 'MAYA', '', 'PUBLIC', '', NULL, '');
INSERT INTO BCODE VALUES ('LINEID', 'B', 'LINE-B', 'LINE-2', 'Y', 'Y', '2003-07-08 13:55:44', 'MAYA', '2003-07-10 00:18:46', 'Release', 'MAYA', '2003-07-10 00:18:21', 'EditComp', 'MAYA', '2003-07-08 19:48:14', 'Release', 'MAYA', '2003-07-08 19:48:07', 'EditComp', 'MAYA', '2003-07-08 13:56:47', 'Create', 'MAYA', 'MAYA', '', 'PUBLIC', '', NULL, '');
INSERT INTO BCODE VALUES ('LINEID', 'C', 'LINE-C', 'LINE-3', 'Y', 'Y', '2003-07-08 13:55:44', 'MAYA', '2003-07-10 00:18:46', 'Release', 'MAYA', '2003-07-10 00:18:21', 'EditComp', 'MAYA', '2003-07-08 19:48:14', 'Release', 'MAYA', '2003-07-08 19:48:07', 'EditComp', 'MAYA', '2003-07-08 13:56:47', 'Create', 'MAYA', 'MAYA', '', 'PUBLIC', '', NULL, '');
INSERT INTO BCODE VALUES ('LINEID', 'D', 'LINE-D', 'LINE-4', 'Y', 'Y', '2006-08-29 17:12:19', '18251', '2006-08-30 09:19:04', 'Release', '15548', '2006-08-30 09:18:57', 'EditComp', '15548', '2006-08-29 17:12:44', 'Create', '18251', NULL, '', '', NULL, '', '', '18251', '', 'PUBLIC', '', NULL, '');
INSERT INTO BCODE VALUES ('LINEID', 'E', 'LINE-E', 'LINE-5', 'Y', 'Y', '2006-09-05 09:03:53', '18251', '2006-09-05 09:40:01', 'Release', '15548', '2006-09-05 09:39:54', 'EditComp', '15548', '2006-09-05 09:04:24', 'Create', '18251', NULL, '', '', NULL, '', '', '18251', '', 'PUBLIC', '', NULL, '');
INSERT INTO BCODE VALUES ('LINEID', 'Z', 'LINE-A,B', '', 'Y', 'Y', '2004-03-04 14:33:16', 'IBM', '2004-03-04 14:35:09', 'Release', 'IBM', '2004-03-04 14:35:00', 'EditComp', 'IBM', '2004-03-04 14:34:23', 'Create', 'IBM', NULL, '', '', NULL, '', '', 'IBM', '', 'PUBLIC', '', NULL, '');
INSERT INTO BCODE VALUES ('MEAS_UNIT', 'NANO-M', 'nm', '', 'Y', 'Y', '2018-09-19 15:29:17', 'IBM', '2018-09-19 16:39:54', 'Release', 'IBM', '2018-09-19 16:37:40', 'EditComp', 'IBM', '2018-09-19 15:36:10', 'Create', 'IBM', NULL, '', '', NULL, '', '', 'IBM', '', 'PUBLIC', '', NULL, '');
INSERT INTO BCODE VALUES ('MODULE_CAT', 'OPE_SPC_FH', 'OPE_SPC_FH: SPC Future Hold Reservation', '', 'Y', 'Y', '2018-07-27 14:43:04', 'ZHANG', '2018-07-27 14:45:19', 'Release', 'ZHANG', '2018-07-27 14:45:07', 'EditComp', 'ZHANG', '2018-07-27 14:44:16', 'Create', 'ZHANG', NULL, '', '', NULL, '', '', 'ZHANG', '', 'PUBLIC', '', NULL, '');
INSERT INTO BCODE VALUES ('MODULE_CAT', 'SPC_DEF', 'SPC_DEF   : Definition for SPC', '', 'Y', 'Y', '2018-07-27 14:44:20', 'ZHANG', '2018-07-27 14:45:19', 'Release', 'ZHANG', '2018-07-27 14:45:07', 'EditComp', 'ZHANG', '2018-07-27 14:44:53', 'Create', 'ZHANG', NULL, '', '', NULL, '', '', 'ZHANG', '', 'PUBLIC', '', NULL, '');
INSERT INTO BCODE VALUES ('REJRSN_CODE_CAT', 'GD', 'GOOD', 'GOOD', 'Y', 'Y', '2018-10-12 13:40:44', 'IBM', '2018-10-12 13:51:19', 'Release', 'IBM', '2018-10-12 13:51:13', 'EditComp', 'IBM', '2018-10-12 13:50:10', 'Save', 'IBM', '2018-10-12 13:48:58', 'EditStart', 'IBM', '2018-10-12 13:41:59', 'Release', 'IBM', 'IBM', '', 'PUBLIC', '', NULL, '');
INSERT INTO BCODE VALUES ('REJRSN_CODE_CAT', 'GS', 'GOOD SAMPLE', 'GOOD SAMPLE', 'Y', 'Y', '2018-10-12 13:40:44', 'IBM', '2018-10-12 13:51:19', 'Release', 'IBM', '2018-10-12 13:51:13', 'EditComp', 'IBM', '2018-10-12 13:50:10', 'Save', 'IBM', '2018-10-12 13:49:17', 'EditStart', 'IBM', '2018-10-12 13:41:59', 'Release', 'IBM', 'IBM', '', 'PUBLIC', '', NULL, '');
INSERT INTO BCODE VALUES ('REJRSN_CODE_CAT', 'RJ', 'REJECT', 'REJECT', 'Y', 'Y', '2018-10-12 13:40:46', 'IBM', '2018-10-12 13:51:19', 'Release', 'IBM', '2018-10-12 13:51:13', 'EditComp', 'IBM', '2018-10-12 13:50:12', 'Save', 'IBM', '2018-10-12 13:49:57', 'EditStart', 'IBM', '2018-10-12 13:41:59', 'Release', 'IBM', 'IBM', '', 'PUBLIC', '', NULL, '');
INSERT INTO BCODE VALUES ('RWK_RSN_CODE', 'REPROC', 'Re-Process', 'Re-Process', 'Y', 'Y', '2018-10-23 18:07:10', 'IBM', '2018-10-23 18:08:02', 'Release', 'IBM', '2018-10-23 18:07:56', 'EditComp', 'IBM', '2018-10-23 18:08:08', 'Create', 'IBM', NULL, '', '', NULL, '', '', 'IBM', '', 'PUBLIC', '', NULL, '');
INSERT INTO BCODE VALUES ('WRK_PLATE_TYPE', 'W1', 'TOYO', 'TOYO', 'Y', 'Y', '2008-04-03 00:00:00', 'TAKE', '2003-07-10 00:18:50', 'Release', 'MAYA', '2003-07-10 00:18:23', 'EditComp', 'MAYA', '2003-05-28 16:46:45', 'Release', 'TAKE', '2003-05-28 16:46:39', 'EditComp', 'TAKE', '2003-05-28 13:46:07', 'Save', 'TAKE', 'TAKE', '', 'PUBLIC', '', NULL, '');
INSERT INTO BCODE VALUES ('WRK_PLATE_TYPE', 'W2', 'NTC', 'NTC', 'Y', 'Y', '2008-04-03 00:00:00', 'TAKE', '2003-07-10 00:18:50', 'Release', 'MAYA', '2003-07-10 00:18:23', 'EditComp', 'MAYA', '2003-05-28 16:46:45', 'Release', 'TAKE', '2003-05-28 16:46:39', 'EditComp', 'TAKE', '2003-05-28 15:23:10', 'Save', 'TAKE', 'TAKE', '', 'PUBLIC', '', NULL, '');
INSERT INTO BEQP VALUES ('999999', 'XXXXXXXXX', '', 'D', '', 'MANU', '', '', '', '', '', '', '', '', '', '0', '', 'P', '', '', '', 'N', 'FAB1', '', '', '', '', '0', '0', '0', NULL, '0', 'Y', 'Y', '2020-06-24 11:08:51', 'IBM', '2020-06-24 11:05:15', 'Release', 'IBM', '2020-06-24 11:05:07', 'EditComp', 'IBM', '2020-06-24 11:09:51', 'Create', 'IBM', NULL, '', '', NULL, '', '', 'IBM', '', 'PUBLIC', '', NULL, '');
INSERT INTO BOPE VALUES ('ALL', 'No use', '', '', '', '999999', '9999', '', '', 'N', '', '', '', '', '', '', '', '', '', '', '', '', '', '', '', '', '', '', '', '', '', '', '', '', '', '', '', '', '', '', '', '3', '0', 'N', 'N', '0', '0', '0', '0', '0', 'S', '000:00:00', '000:00:00', '000:00:00', '', '', 'Y', 'Y', '2020-06-24 10:36:22', 'IBM', '2020-06-24 11:07:15', 'Release', 'IBM', '2020-06-24 11:07:09', 'EditComp', 'IBM', '2020-06-24 11:11:53', 'Create', 'IBM', NULL, '', '', NULL, '', '', 'IBM', '', 'PUBLIC', '', NULL, '');
INSERT INTO BUSER VALUES ('IBM', 'IBM', 'IBM', 'IBM user', '', 'SYS', 'SE_STAFF', 'ADMIN', '', '', '', '', '', '', '', 'Y', 'Y', '2006-10-11 19:23:30', 'DB2', '2007-04-05 16:55:22', 'Release', 'IBM', '2007-04-05 16:55:06', 'EditComp', 'IBM', '2007-04-05 16:59:09', 'Save', 'IBM', '2007-04-05 16:58:55', 'EditStart', 'IBM', '2006-10-11 19:24:03', 'Release', 'DB2', 'IBM', '', 'PUBLIC', '', NULL, '');
INSERT INTO BUSERG VALUES ('ADMIN', 'Admin User', '', '33333333333333333333333333333333333333333333333333333333333333333333333333333333333333333333333333330000000000000000000000000000', 'Y', 'Y', 'Y', '2003-04-04 00:00:00', 'T', '2003-04-04 00:00:00', 'T', 'T', '2003-04-04 00:00:00', 'T', 'T', '2003-04-04 00:00:00', 'T', 'T', '2003-04-04 00:00:00', 'T', 'T', '2003-04-04 00:00:00', 'T', 'T', 'T', 'T', 'T', 'T', '2003-04-04 00:00:00', 'T');
INSERT INTO BUSERG VALUES ('SYS', 'System User', '', '33333333333333333333333333333333333333333333333333333333333333333333333333333333333333333333333333333333333333333333333333333333', 'Y', 'Y', 'Y', '2003-04-04 00:00:00', 'T', '2006-12-12 14:00:07', 'ForceUnlock', 'IBM', '2003-04-04 00:00:00', 'T', 'T', '2003-04-04 00:00:00', 'T', 'T', '2003-04-04 00:00:00', 'T', 'T', '2003-04-04 00:00:00', 'T', 'T', 'T', 'T', 'T', '', NULL, 'T');
INSERT INTO BUSERG VALUES ('SE_STAFF', 'System Engineer', '', '0000000000000000000000000000000000000000000000000000000000000000', 'N', 'Y', 'Y', '2003-04-04 00:00:00', 'T', '2003-04-04 00:00:00', 'T', 'T', '2003-04-04 00:00:00', 'T', 'T', '2003-04-04 00:00:00', 'T', 'T', '2003-04-04 00:00:00', 'T', 'T', '2003-04-04 00:00:00', 'T', 'T', 'T', 'T', 'T', 'T', '2003-04-04 00:00:00', 'T');
INSERT INTO BUSERG VALUES ('SPCUIADMN', 'SPC UI Administrator', '', '00000000000000000000000000000000000000000000000000000000000000000000000000000000000000000000000000000000000000000000000000000000', 'N', 'Y', 'Y', '2003-06-24 14:54:54', 'YAMA', '2007-11-21 11:46:05', 'Release', 'HABU', '2007-11-21 11:46:00', 'EditComp', 'HABU', '2007-11-21 11:48:05', 'Save', 'HABU', '2007-11-21 11:47:59', 'EditStart', 'HABU', '2007-11-21 11:27:08', 'Release', 'HABU', 'HABU', '', 'PUBLIC', '', NULL, '');
INSERT INTO BUSERG VALUES ('SPCUIUSER', 'SPC UI User', '', '00000000000000000000000000000000000000300000000000000001002000000000000000000001110000300000000000000000000000000000000000000000', 'N', 'Y', 'Y', '2003-06-24 14:54:57', 'YAMA', '2018-12-18 18:56:12', 'Release', 'IBM', '2018-12-18 18:56:06', 'EditComp', 'IBM', '2018-12-18 18:56:27', 'Save', 'IBM', '2018-12-18 18:53:46', 'EditStart', 'IBM', '2018-12-06 10:08:32', 'EditCancel', 'ZHANG', 'ZHANG', '', 'PUBLIC', '', NULL, '');
INSERT INTO DAREA VALUES ('STK_GR', 'Area for all stockers', '', '');
INSERT INTO DCODE VALUES ('BATCH_CAT', 'AN', 'Anneal product', 'Anneal product');
INSERT INTO DCODE VALUES ('BATCH_CAT', 'CV', 'APCVD', 'APCVD');
INSERT INTO DCODE VALUES ('BATCH_CAT', 'EG', 'EG', 'EG');
INSERT INTO DCODE VALUES ('BATCH_CAT', 'WH', 'WHT', 'WHT');
INSERT INTO DCODE VALUES ('CNT_METH', 'CNT_BAT', 'Number of Batch', 'Number of Batch');
INSERT INTO DCODE VALUES ('CNT_METH', 'CNT_CAR', 'Number of Cassettes', 'Number of Cassettes');
INSERT INTO DCODE VALUES ('CNT_METH', 'CNT_NOT', 'Zero count', 'Zero count');
INSERT INTO DCODE VALUES ('CNT_METH', 'CNT_PROC', 'Process data item ID', 'Process data item ID');
INSERT INTO DCODE VALUES ('CNT_METH', 'CNT_THICK', 'EP film thickness and sheet number', 'EP film thickness and sheet number');
INSERT INTO DCODE VALUES ('CNT_METH', 'CNT_WAF', 'Number of wafers', 'Number of wafers');
INSERT INTO DCODE VALUES ('FABID', '9999', 'No selected FAB', 'No selected FAB');
INSERT INTO DCODE VALUES ('FABID', 'FAB1', 'Fab1', 'Fab1');
INSERT INTO DCODE VALUES ('LABEL_TYPE', 'STANDARD', 'Standard Label Type', 'Standard Label Type');
INSERT INTO DCODE VALUES ('LINEID', 'A', 'LINE-A', 'LINE-1');
INSERT INTO DCODE VALUES ('LINEID', 'B', 'LINE-B', 'LINE-2');
INSERT INTO DCODE VALUES ('LINEID', 'C', 'LINE-C', 'LINE-3');
INSERT INTO DCODE VALUES ('LINEID', 'D', 'LINE-D', 'LINE-4');
INSERT INTO DCODE VALUES ('LINEID', 'E', 'LINE-E', 'LINE-5');
INSERT INTO DCODE VALUES ('LINEID', 'Z', 'LINE-A,B', '');
INSERT INTO DCODE VALUES ('MEAS_UNIT', 'NANO-M', 'nm', '');
INSERT INTO DCODE VALUES ('MODULE_CAT', 'OPE_SPC_FH', 'OPE_SPC_FH: SPC Future Hold Reservation', '');
INSERT INTO DCODE VALUES ('MODULE_CAT', 'SPC_DEF', 'SPC_DEF   : Definition for SPC', '');
INSERT INTO DCODE VALUES ('REJRSN_CODE_CAT', 'GD', 'GOOD', 'GOOD');
INSERT INTO DCODE VALUES ('REJRSN_CODE_CAT', 'GS', 'GOOD SAMPLE', 'GOOD SAMPLE');
INSERT INTO DCODE VALUES ('REJRSN_CODE_CAT', 'RJ', 'REJECT', 'REJECT');
INSERT INTO DCODE VALUES ('RWK_RSN_CODE', 'REPROC', 'Re-Process', 'Re-Process');
INSERT INTO DCODE VALUES ('WRK_PLATE_TYPE', 'W1', 'TOYO', 'TOYO');
INSERT INTO DCODE VALUES ('WRK_PLATE_TYPE', 'W2', 'NTC', 'NTC');
INSERT INTO DEQP VALUES ('999999', 'XXXXXXXXX', '', 'D', '', 'MANU', '', '', '', '', '', '', '', '', '', '0', '', 'P', '', '', '', 'N', 'FAB1', '', '', '', '', '0', '0', '0', '', '0');
INSERT INTO DOPE VALUES ('ALL', 'No use', '', '', '', '999999', '9999', '', '', 'N', '', '', '', '', '', '', '', '', '', '', '', '', '', '', '', '', '', '', '', '', '', '', '', '', '', '', '', '', '', '', '', '3', '0', 'N', 'N', '0', '0', '0', '0', '0', 'S', '000:00:00', '000:00:00', '000:00:00', '', '');
INSERT INTO DUSER VALUES ('IBM', 'IBM', 'IBM', 'IBM user', '', 'SYS', 'SE_STAFF', 'ADMIN', '', '', '', '', '', '', '');
INSERT INTO DUSERG VALUES ('SYS', 'System User', '', '3333333333333333333333333333333333333333333333333333333333333333', 'N');
INSERT INTO DUSERG VALUES ('ADMIN', 'Admin User', '', '3333333333333333333333333333333333333333333333333333333333333333', 'Y');
INSERT INTO DUSERG VALUES ('SE_STAFF', 'System Engineer', '', '0000000000000000000000000000000000000000000000000000000000000000', 'N');

-- BHOLDCODE: 7 rows
INSERT INTO BHOLDCODE VALUES ('FH', 'SH_HOLDRSN', 'SPC Reservation Hold', 'SPC Reservation Hold', 'SYS', '', '', '', '', '', '', '', '', '', 'SYS', '', '', '', '', '', '', '', '', '', 'Y', 'Y', '2018-08-24 17:47:07', 'IBM', '2018-08-24 17:50:26', 'Release', 'IBM', '2018-08-24 17:50:19', 'EditComp', 'ZHANG', '2018-08-24 17:50:09', 'Create', 'ZHANG', NULL, '', '', NULL, '', '', 'ZHANG', '', 'PUBLIC', '', NULL, '');
INSERT INTO BHOLDCODE VALUES ('LH', 'HL_RESET', 'Hold Reset', 'Hold Reset', 'SYS', '', '', '', '', '', '', '', '', '', 'SYS', '', '', '', '', '', '', '', '', '', 'Y', 'Y', '2018-10-29 19:25:45', 'IBM', '2018-10-29 19:26:10', 'Release', 'IBM', '2018-10-29 19:26:04', 'EditComp', 'IBM', '2018-10-29 19:26:18', 'Create', 'IBM', NULL, '', '', NULL, '', '', 'IBM', '', 'PUBLIC', '', NULL, '');
INSERT INTO BHOLDCODE VALUES ('MH', 'MH_HOLDRSN', 'Merge Wait Hold', 'Merge Wait Hold', 'SYS', '', '', '', '', '', '', '', '', '', 'SYS', '', '', '', '', '', '', '', '', '', 'Y', 'Y', '2003-07-18 14:39:40', 'IBM', '2003-07-18 14:49:44', 'Release', 'IBM', '2003-07-18 14:49:38', 'EditComp', 'IGA', '2003-07-18 14:51:04', 'Create', 'IGA', NULL, '', '', NULL, '', '', 'IGA', '', 'PUBLIC', '', NULL, '');
INSERT INTO BHOLDCODE VALUES ('PH', 'HOL_MONITA', 'Special Inspect or Monitor Result Wait', 'Special Inspect or Monitor Result Wait', 'SYS', '', '', '', '', '', '', '', '', '', 'SYS', '', '', '', '', '', '', '', '', '', 'Y', 'Y', '2018-10-26 13:43:58', 'IBM', '2018-10-26 13:45:40', 'Release', 'IBM', '2018-10-26 13:45:24', 'EditComp', 'IBM', '2018-10-26 13:45:33', 'Create', 'IBM', NULL, '', '', NULL, '', '', 'IBM', '', 'PUBLIC', '', NULL, '');
INSERT INTO BHOLDCODE VALUES ('SH', 'SH_HOLDRSN', 'SPC Control Hold', 'SPC Control Hold', 'SYS', '', '', '', '', '', '', '', '', '', 'SYS', '', '', '', '', '', '', '', '', '', 'Y', 'Y', '2018-07-30 15:18:53', 'IBM', '2018-07-30 15:20:57', 'Release', 'IBM', '2018-07-30 15:20:46', 'EditComp', 'ZHANG', '2018-07-30 15:20:25', 'Create', 'ZHANG', NULL, '', '', NULL, '', '', 'ZHANG', '', 'PUBLIC', '', NULL, '');
INSERT INTO BHOLDCODE VALUES ('WH', 'WH_HOLDRSN', 'Waiting Hold to return from branch route', 'Waiting Hold to return from branch route', 'SYS', '', '', '', '', '', '', '', '', '', 'SYS', '', '', '', '', '', '', '', '', '', 'Y', 'Y', '2003-12-18 19:47:25', 'IBM', '2003-12-18 19:44:33', 'Release', 'IBM', '2003-12-18 19:44:27', 'EditComp', '14508', '2003-12-18 19:50:44', 'Create', '25374', NULL, '', '', NULL, '', '', '25374', '', 'PUBLIC', '', NULL, '');
INSERT INTO BHOLDCODE VALUES ('XH', 'HOLD_COMP', 'Compiler Hold', 'Compiler Hold', 'SYS', '', '', '', '', '', '', '', '', '', 'SYS', '', '', '', '', '', '', '', '', '', 'Y', 'Y', '2003-04-15 20:06:10', 'IBM', '2003-07-10 00:22:56', 'Release', 'IBM', '2003-07-10 00:22:49', 'EditComp', 'MAYA', '2003-04-15 20:08:49', 'Release', 'T', '2003-04-15 20:08:39', 'EditComp', 'T', '2003-04-15 20:07:31', 'Create', 'T', 'T', '', 'PUBLIC', '', NULL, '');
-- DHOLDCODE: 7 rows
INSERT INTO DHOLDCODE VALUES ('FH', 'SH_HOLDRSN', 'SPC Reservation Hold', 'SPC Reservation Hold', 'SYS', '', '', '', '', '', '', '', '', '', 'SYS', '', '', '', '', '', '', '', '', '');
INSERT INTO DHOLDCODE VALUES ('LH', 'HL_RESET', 'Hold Reset', 'Hold Reset', 'SYS', '', '', '', '', '', '', '', '', '', 'SYS', '', '', '', '', '', '', '', '', '');
INSERT INTO DHOLDCODE VALUES ('MH', 'MH_HOLDRSN', 'Merge Wait Hold', 'Merge Wait Hold', 'SYS', '', '', '', '', '', '', '', '', '', 'SYS', '', '', '', '', '', '', '', '', '');
INSERT INTO DHOLDCODE VALUES ('PH', 'HOL_MONITA', 'Special Inspect or Monitor Result Wait', 'Special Inspect or Monitor Result Wait', 'SYS', '', '', '', '', '', '', '', '', '', 'SYS', '', '', '', '', '', '', '', '', '');
INSERT INTO DHOLDCODE VALUES ('SH', 'SH_HOLDRSN', 'SPC Control Hold', 'SPC Control Hold', 'SYS', '', '', '', '', '', '', '', '', '', 'SYS', '', '', '', '', '', '', '', '', '');
INSERT INTO DHOLDCODE VALUES ('WH', 'WH_HOLDRSN', 'Waiting Hold to return from branch route', 'Waiting Hold to return from branch route', 'SYS', '', '', '', '', '', '', '', '', '', 'SYS', '', '', '', '', '', '', '', '', '');
INSERT INTO DHOLDCODE VALUES ('XH', 'HOLD_COMP', 'Compiler Hold', 'Compiler Hold', 'SYS', '', '', '', '', '', '', '', '', '', 'SYS', '', '', '', '', '', '', '', '', '');
-- BLABEL_PRINTER: 1 rows
INSERT INTO BLABEL_PRINTER VALUES ('PRINTER1', 'FAB1', 'STANDARD', 'Y', 'Y', '2020-06-22 17:41:24', 'IBM', '2020-06-22 17:37:14', 'Release', 'IBM', '2020-06-22 17:37:09', 'EditComp', 'IBM', '2020-06-22 17:41:53', 'Create', 'IBM', NULL, '', '', NULL, '', '', 'IBM', '', 'PUBLIC', '', NULL, '');
-- DLABEL_PRINTER: 1 rows
INSERT INTO DLABEL_PRINTER VALUES ('PRINTER1', 'FAB1', 'STANDARD');
-- BPRINT_TYPE: 6 rows
INSERT INTO BPRINT_TYPE VALUES ('WP', 'FAB1', 'STANDARD', 'Y', 'Y', '2020-06-22 17:38:20', 'IBM', '2020-06-22 17:35:40', 'Release', 'IBM', '2020-06-22 17:35:31', 'EditComp', 'IBM', '2020-06-22 17:40:11', 'Create', 'IBM', NULL, '', '', NULL, '', '', 'IBM', '', 'PUBLIC', '', NULL, '');
INSERT INTO BPRINT_TYPE VALUES ('OPE', 'FAB1', 'STANDARD', 'Y', 'Y', '2020-06-22 17:38:42', 'IBM', '2020-06-22 17:35:40', 'Release', 'IBM', '2020-06-22 17:35:31', 'EditComp', 'IBM', '2020-06-22 17:40:12', 'Create', 'IBM', NULL, '', '', NULL, '', '', 'IBM', '', 'PUBLIC', '', NULL, '');
INSERT INTO BPRINT_TYPE VALUES ('FB', 'FAB1', 'STANDARD', 'Y', 'Y', '2020-06-22 17:38:42', 'IBM', '2020-06-22 17:35:40', 'Release', 'IBM', '2020-06-22 17:35:31', 'EditComp', 'IBM', '2020-06-22 17:40:12', 'Create', 'IBM', NULL, '', '', NULL, '', '', 'IBM', '', 'PUBLIC', '', NULL, '');
INSERT INTO BPRINT_TYPE VALUES ('INSP_EP', 'FAB1', 'STANDARD', 'Y', 'Y', '2020-06-22 17:39:07', 'IBM', '2020-06-22 17:35:40', 'Release', 'IBM', '2020-06-22 17:35:31', 'EditComp', 'IBM', '2020-06-22 17:40:13', 'Create', 'IBM', NULL, '', '', NULL, '', '', 'IBM', '', 'PUBLIC', '', NULL, '');
INSERT INTO BPRINT_TYPE VALUES ('INSP_PW', 'FAB1', 'STANDARD', 'Y', 'Y', '2020-06-22 17:39:08', 'IBM', '2020-06-22 17:35:40', 'Release', 'IBM', '2020-06-22 17:35:31', 'EditComp', 'IBM', '2020-06-22 17:40:14', 'Create', 'IBM', NULL, '', '', NULL, '', '', 'IBM', '', 'PUBLIC', '', NULL, '');
INSERT INTO BPRINT_TYPE VALUES ('INSP_AN', 'FAB1', 'STANDARD', 'Y', 'Y', '2020-06-22 17:39:08', 'IBM', '2020-06-22 17:35:40', 'Release', 'IBM', '2020-06-22 17:35:31', 'EditComp', 'IBM', '2020-06-22 17:40:15', 'Create', 'IBM', NULL, '', '', NULL, '', '', 'IBM', '', 'PUBLIC', '', NULL, '');
-- DPRINT_TYPE: 6 rows
INSERT INTO DPRINT_TYPE VALUES ('INSP_AN', 'FAB1', 'STANDARD');
INSERT INTO DPRINT_TYPE VALUES ('INSP_EP', 'FAB1', 'STANDARD');
INSERT INTO DPRINT_TYPE VALUES ('INSP_PW', 'FAB1', 'STANDARD');
INSERT INTO DPRINT_TYPE VALUES ('OPE', 'FAB1', 'STANDARD');
INSERT INTO DPRINT_TYPE VALUES ('WP', 'FAB1', 'STANDARD');
INSERT INTO DPRINT_TYPE VALUES ('FB', 'FAB1', 'STANDARD');
-- BPRODCODE: 3 rows
INSERT INTO BPRODCODE VALUES ('PN_CAT', 'N', 'N type', '', 'Y', 'Y', '2003-05-09 11:17:04', 'IGA', '2003-07-10 00:42:07', 'Release', 'MAYA', '2003-07-10 00:41:58', 'EditComp', 'MAYA', '2003-05-09 11:21:28', 'Release', 'IGA', '2003-05-09 11:16:54', 'EditComp', 'IGA', '2003-05-09 11:17:23', 'Create', 'IGA', 'IGA', '', 'PUBLIC', '', NULL, '');
INSERT INTO BPRODCODE VALUES ('PRODUCT_KIND', 'AN', 'Anneal product', '', 'Y', 'Y', '2003-05-09 11:14:08', 'IGA', '2003-07-10 00:42:07', 'Release', 'MAYA', '2003-07-10 00:41:58', 'EditComp', 'MAYA', '2003-05-09 11:14:12', 'Release', 'IGA', '2003-05-09 11:14:03', 'EditComp', 'IGA', '2003-05-09 11:14:32', 'Create', 'IGA', 'IGA', '', 'PUBLIC', '', NULL, '');
INSERT INTO BPRODCODE VALUES ('WRK_PLATE_TYPE', 'W1', 'TOYO', 'TOYO', 'Y', 'Y', '2003-07-10 17:41:57', 'KUSAN', '2003-07-10 17:43:12', 'Release', 'KUSAN', '2003-07-10 17:43:05', 'EditComp', 'KUSAN', '2003-07-10 17:44:32', 'Create', 'KUSAN', NULL, '', '', NULL, '', '', 'KUSAN', '', 'PUBLIC', '', NULL, '');
-- DPRODCODE: 3 rows
INSERT INTO DPRODCODE VALUES ('PN_CAT', 'N', 'N type', '');
INSERT INTO DPRODCODE VALUES ('PRODUCT_KIND', 'AN', 'Anneal product', '');
INSERT INTO DPRODCODE VALUES ('WRK_PLATE_TYPE', 'W1', 'TOYO', 'TOYO');
-- BREJECTCODE: 1 rows
INSERT INTO BREJECTCODE VALUES ('ALL', 'GD', '0000', 'Good', '', 'S_ALL', 'ALL', 'Y', 'Y', '2018-10-12 13:47:47', 'IBM', '2018-10-12 14:05:41', 'Release', 'IBM', '2018-10-12 14:05:35', 'EditComp', 'IBM', '2018-10-12 14:05:29', 'Save', 'IBM', '2018-10-12 14:02:52', 'EditStart', 'IBM', '2018-10-12 13:57:59', 'Create', 'IBM', 'IBM', '', 'PUBLIC', '', NULL, '');
-- DREJECTCODE: 1 rows
INSERT INTO DREJECTCODE VALUES ('ALL', 'GD', '0000', 'Good', '', 'S_ALL', 'ALL');
-- BREJECTCODE_STG: 1 rows
INSERT INTO BREJECTCODE_STG VALUES ('S_ALL', 'Default Reject Reason Stage', '', 'Y', 'Y', '2020-06-24 10:59:40', 'IBM', '2020-06-24 10:57:37', 'Release', 'IBM', '2020-06-24 10:57:30', 'EditComp', 'IBM', '2020-06-24 11:02:16', 'Create', 'IBM', NULL, '', '', NULL, '', '', 'IBM', '', 'PUBLIC', '', NULL, '');
-- DREJECTCODE_STG: 1 rows
INSERT INTO DREJECTCODE_STG VALUES ('S_ALL', 'Default Reject Reason Stage', '');
-- BUSERG_FUNC: 1 rows
INSERT INTO BUSERG_FUNC VALUES ('SYS', 'OPI', '*', 'ALL', 'Y', 'Y', 'Y', '2020-06-19 15:14:42', 'IBM', '2020-06-19 15:10:24', 'Release', 'IBM', '2020-06-19 15:10:18', 'EditComp', 'IBM', '2020-06-19 15:14:51', 'Create', 'IBM', NULL, '', '', NULL, '', '', 'IBM', '', 'PUBLIC', '', NULL, '');
-- DUSERG_FUNC: 1 rows
INSERT INTO DUSERG_FUNC VALUES ('SYS', 'OPI', '*', 'ALL', 'Y');

-- Auto-generated SM config

-- BHOLDCODE (24 fields)
INSERT INTO SM_TABLE_DEF (TABLE_ID,TABLE_NAME,JP_TITLE,US_TITLE,RELEASE_FLAG,DISTRIBUTE_FLAG,PERMISSION_TYPE,SCHEMA_TYPE,HAS_DUMMY,SORT_NO) VALUES ('TBLID_BHOLDCODE','BHOLDCODE','BHOLDCODE','BHOLDCODE','Y','N','C','L','N',300);
INSERT INTO SM_FIELD_DEF (TABLE_ID,FIELD_NAME,JP_TITLE,US_TITLE,DB_TYPE,DB_LENGTH,IS_KEY,NOT_BLANK,IS_DUMMY,IS_SEARCH_ITEM,SORT_NO,TREE_LEVEL,SHEET_NO,PAGE_NO,PROPERTY_NO,IS_AUTO,IS_MANDATORY,SYSTEM_READONLY,FIELD_TYPE,FIELD_LENGTH,INPUT_ALPHABET,INPUT_MULTIBYTE,INPUT_NUMERIC,INPUT_SYMBOL,INPUT_UPPERCASE,RETRIEVAL_TABLE,FORMAT,DEFAULT_VALUE,MIN_VALUE,MAX_VALUE,CALENDAR_BUTTON,JUMP_BUTTON,OPEN_BUTTON,REF_TABLE_ID,REF_FIELD_NAME,SPECIAL_BUTTON) VALUES ('TBLID_BHOLDCODE','HOLD_TYPE','HOLD_TYPE','HOLD_TYPE','STRING',2,'Y','Y','N','Y',0,0,0,0,0,'N','N','N','STRING',2,'Y',0,'Y','Y','Y','NONE',NULL,NULL,NULL,NULL,'N','N',0,NULL,NULL,0);
INSERT INTO SM_FIELD_DEF (TABLE_ID,FIELD_NAME,JP_TITLE,US_TITLE,DB_TYPE,DB_LENGTH,IS_KEY,NOT_BLANK,IS_DUMMY,IS_SEARCH_ITEM,SORT_NO,TREE_LEVEL,SHEET_NO,PAGE_NO,PROPERTY_NO,IS_AUTO,IS_MANDATORY,SYSTEM_READONLY,FIELD_TYPE,FIELD_LENGTH,INPUT_ALPHABET,INPUT_MULTIBYTE,INPUT_NUMERIC,INPUT_SYMBOL,INPUT_UPPERCASE,RETRIEVAL_TABLE,FORMAT,DEFAULT_VALUE,MIN_VALUE,MAX_VALUE,CALENDAR_BUTTON,JUMP_BUTTON,OPEN_BUTTON,REF_TABLE_ID,REF_FIELD_NAME,SPECIAL_BUTTON) VALUES ('TBLID_BHOLDCODE','HOLD_RSN_CODE','HOLD_RSN_CODE','HOLD_RSN_CODE','STRING',10,'N','Y','N','Y',1,-1,0,0,1,'N','N','N','STRING',10,'Y',0,'Y','Y','Y','NONE',NULL,NULL,NULL,NULL,'N','N',0,NULL,NULL,0);
INSERT INTO SM_FIELD_DEF (TABLE_ID,FIELD_NAME,JP_TITLE,US_TITLE,DB_TYPE,DB_LENGTH,IS_KEY,NOT_BLANK,IS_DUMMY,IS_SEARCH_ITEM,SORT_NO,TREE_LEVEL,SHEET_NO,PAGE_NO,PROPERTY_NO,IS_AUTO,IS_MANDATORY,SYSTEM_READONLY,FIELD_TYPE,FIELD_LENGTH,INPUT_ALPHABET,INPUT_MULTIBYTE,INPUT_NUMERIC,INPUT_SYMBOL,INPUT_UPPERCASE,RETRIEVAL_TABLE,FORMAT,DEFAULT_VALUE,MIN_VALUE,MAX_VALUE,CALENDAR_BUTTON,JUMP_BUTTON,OPEN_BUTTON,REF_TABLE_ID,REF_FIELD_NAME,SPECIAL_BUTTON) VALUES ('TBLID_BHOLDCODE','HOLD_RSN_CODE_NAME','HOLD_RSN_CODE_NAME','HOLD_RSN_CODE_NAME','STRING',40,'N','Y','N','Y',2,-1,0,0,2,'N','N','N','STRING',40,'Y',0,'Y','Y','Y','NONE',NULL,NULL,NULL,NULL,'N','N',0,NULL,NULL,0);
INSERT INTO SM_FIELD_DEF (TABLE_ID,FIELD_NAME,JP_TITLE,US_TITLE,DB_TYPE,DB_LENGTH,IS_KEY,NOT_BLANK,IS_DUMMY,IS_SEARCH_ITEM,SORT_NO,TREE_LEVEL,SHEET_NO,PAGE_NO,PROPERTY_NO,IS_AUTO,IS_MANDATORY,SYSTEM_READONLY,FIELD_TYPE,FIELD_LENGTH,INPUT_ALPHABET,INPUT_MULTIBYTE,INPUT_NUMERIC,INPUT_SYMBOL,INPUT_UPPERCASE,RETRIEVAL_TABLE,FORMAT,DEFAULT_VALUE,MIN_VALUE,MAX_VALUE,CALENDAR_BUTTON,JUMP_BUTTON,OPEN_BUTTON,REF_TABLE_ID,REF_FIELD_NAME,SPECIAL_BUTTON) VALUES ('TBLID_BHOLDCODE','HOLD_RSN_CODE_DESC','HOLD_RSN_CODE_DESC','HOLD_RSN_CODE_DESC','STRING',80,'N','Y','N','Y',3,-1,0,0,3,'N','N','N','STRING',80,'Y',0,'Y','Y','Y','NONE',NULL,NULL,NULL,NULL,'N','N',0,NULL,NULL,0);
INSERT INTO SM_FIELD_DEF (TABLE_ID,FIELD_NAME,JP_TITLE,US_TITLE,DB_TYPE,DB_LENGTH,IS_KEY,NOT_BLANK,IS_DUMMY,IS_SEARCH_ITEM,SORT_NO,TREE_LEVEL,SHEET_NO,PAGE_NO,PROPERTY_NO,IS_AUTO,IS_MANDATORY,SYSTEM_READONLY,FIELD_TYPE,FIELD_LENGTH,INPUT_ALPHABET,INPUT_MULTIBYTE,INPUT_NUMERIC,INPUT_SYMBOL,INPUT_UPPERCASE,RETRIEVAL_TABLE,FORMAT,DEFAULT_VALUE,MIN_VALUE,MAX_VALUE,CALENDAR_BUTTON,JUMP_BUTTON,OPEN_BUTTON,REF_TABLE_ID,REF_FIELD_NAME,SPECIAL_BUTTON) VALUES ('TBLID_BHOLDCODE','SET_USERG_ID1','SET_USERG_ID1','SET_USERG_ID1','STRING',10,'N','Y','N','Y',4,-1,0,0,4,'N','N','N','STRING',10,'Y',0,'Y','Y','Y','NONE',NULL,NULL,NULL,NULL,'N','N',0,NULL,NULL,0);
INSERT INTO SM_FIELD_DEF (TABLE_ID,FIELD_NAME,JP_TITLE,US_TITLE,DB_TYPE,DB_LENGTH,IS_KEY,NOT_BLANK,IS_DUMMY,IS_SEARCH_ITEM,SORT_NO,TREE_LEVEL,SHEET_NO,PAGE_NO,PROPERTY_NO,IS_AUTO,IS_MANDATORY,SYSTEM_READONLY,FIELD_TYPE,FIELD_LENGTH,INPUT_ALPHABET,INPUT_MULTIBYTE,INPUT_NUMERIC,INPUT_SYMBOL,INPUT_UPPERCASE,RETRIEVAL_TABLE,FORMAT,DEFAULT_VALUE,MIN_VALUE,MAX_VALUE,CALENDAR_BUTTON,JUMP_BUTTON,OPEN_BUTTON,REF_TABLE_ID,REF_FIELD_NAME,SPECIAL_BUTTON) VALUES ('TBLID_BHOLDCODE','SET_USERG_ID2','SET_USERG_ID2','SET_USERG_ID2','STRING',10,'N','Y','N','Y',5,-1,0,0,5,'N','N','N','STRING',10,'Y',0,'Y','Y','Y','NONE',NULL,NULL,NULL,NULL,'N','N',0,NULL,NULL,0);
INSERT INTO SM_FIELD_DEF (TABLE_ID,FIELD_NAME,JP_TITLE,US_TITLE,DB_TYPE,DB_LENGTH,IS_KEY,NOT_BLANK,IS_DUMMY,IS_SEARCH_ITEM,SORT_NO,TREE_LEVEL,SHEET_NO,PAGE_NO,PROPERTY_NO,IS_AUTO,IS_MANDATORY,SYSTEM_READONLY,FIELD_TYPE,FIELD_LENGTH,INPUT_ALPHABET,INPUT_MULTIBYTE,INPUT_NUMERIC,INPUT_SYMBOL,INPUT_UPPERCASE,RETRIEVAL_TABLE,FORMAT,DEFAULT_VALUE,MIN_VALUE,MAX_VALUE,CALENDAR_BUTTON,JUMP_BUTTON,OPEN_BUTTON,REF_TABLE_ID,REF_FIELD_NAME,SPECIAL_BUTTON) VALUES ('TBLID_BHOLDCODE','SET_USERG_ID3','SET_USERG_ID3','SET_USERG_ID3','STRING',10,'N','Y','N','Y',6,-1,0,0,6,'N','N','N','STRING',10,'Y',0,'Y','Y','Y','NONE',NULL,NULL,NULL,NULL,'N','N',0,NULL,NULL,0);
INSERT INTO SM_FIELD_DEF (TABLE_ID,FIELD_NAME,JP_TITLE,US_TITLE,DB_TYPE,DB_LENGTH,IS_KEY,NOT_BLANK,IS_DUMMY,IS_SEARCH_ITEM,SORT_NO,TREE_LEVEL,SHEET_NO,PAGE_NO,PROPERTY_NO,IS_AUTO,IS_MANDATORY,SYSTEM_READONLY,FIELD_TYPE,FIELD_LENGTH,INPUT_ALPHABET,INPUT_MULTIBYTE,INPUT_NUMERIC,INPUT_SYMBOL,INPUT_UPPERCASE,RETRIEVAL_TABLE,FORMAT,DEFAULT_VALUE,MIN_VALUE,MAX_VALUE,CALENDAR_BUTTON,JUMP_BUTTON,OPEN_BUTTON,REF_TABLE_ID,REF_FIELD_NAME,SPECIAL_BUTTON) VALUES ('TBLID_BHOLDCODE','SET_USERG_ID4','SET_USERG_ID4','SET_USERG_ID4','STRING',10,'N','Y','N','Y',7,-1,0,0,7,'N','N','N','STRING',10,'Y',0,'Y','Y','Y','NONE',NULL,NULL,NULL,NULL,'N','N',0,NULL,NULL,0);
INSERT INTO SM_FIELD_DEF (TABLE_ID,FIELD_NAME,JP_TITLE,US_TITLE,DB_TYPE,DB_LENGTH,IS_KEY,NOT_BLANK,IS_DUMMY,IS_SEARCH_ITEM,SORT_NO,TREE_LEVEL,SHEET_NO,PAGE_NO,PROPERTY_NO,IS_AUTO,IS_MANDATORY,SYSTEM_READONLY,FIELD_TYPE,FIELD_LENGTH,INPUT_ALPHABET,INPUT_MULTIBYTE,INPUT_NUMERIC,INPUT_SYMBOL,INPUT_UPPERCASE,RETRIEVAL_TABLE,FORMAT,DEFAULT_VALUE,MIN_VALUE,MAX_VALUE,CALENDAR_BUTTON,JUMP_BUTTON,OPEN_BUTTON,REF_TABLE_ID,REF_FIELD_NAME,SPECIAL_BUTTON) VALUES ('TBLID_BHOLDCODE','SET_USERG_ID5','SET_USERG_ID5','SET_USERG_ID5','STRING',10,'N','Y','N','Y',8,-1,0,0,8,'N','N','N','STRING',10,'Y',0,'Y','Y','Y','NONE',NULL,NULL,NULL,NULL,'N','N',0,NULL,NULL,0);
INSERT INTO SM_FIELD_DEF (TABLE_ID,FIELD_NAME,JP_TITLE,US_TITLE,DB_TYPE,DB_LENGTH,IS_KEY,NOT_BLANK,IS_DUMMY,IS_SEARCH_ITEM,SORT_NO,TREE_LEVEL,SHEET_NO,PAGE_NO,PROPERTY_NO,IS_AUTO,IS_MANDATORY,SYSTEM_READONLY,FIELD_TYPE,FIELD_LENGTH,INPUT_ALPHABET,INPUT_MULTIBYTE,INPUT_NUMERIC,INPUT_SYMBOL,INPUT_UPPERCASE,RETRIEVAL_TABLE,FORMAT,DEFAULT_VALUE,MIN_VALUE,MAX_VALUE,CALENDAR_BUTTON,JUMP_BUTTON,OPEN_BUTTON,REF_TABLE_ID,REF_FIELD_NAME,SPECIAL_BUTTON) VALUES ('TBLID_BHOLDCODE','SET_USERG_ID6','SET_USERG_ID6','SET_USERG_ID6','STRING',10,'N','Y','N','Y',9,-1,0,0,9,'N','N','N','STRING',10,'Y',0,'Y','Y','Y','NONE',NULL,NULL,NULL,NULL,'N','N',0,NULL,NULL,0);
INSERT INTO SM_FIELD_DEF (TABLE_ID,FIELD_NAME,JP_TITLE,US_TITLE,DB_TYPE,DB_LENGTH,IS_KEY,NOT_BLANK,IS_DUMMY,IS_SEARCH_ITEM,SORT_NO,TREE_LEVEL,SHEET_NO,PAGE_NO,PROPERTY_NO,IS_AUTO,IS_MANDATORY,SYSTEM_READONLY,FIELD_TYPE,FIELD_LENGTH,INPUT_ALPHABET,INPUT_MULTIBYTE,INPUT_NUMERIC,INPUT_SYMBOL,INPUT_UPPERCASE,RETRIEVAL_TABLE,FORMAT,DEFAULT_VALUE,MIN_VALUE,MAX_VALUE,CALENDAR_BUTTON,JUMP_BUTTON,OPEN_BUTTON,REF_TABLE_ID,REF_FIELD_NAME,SPECIAL_BUTTON) VALUES ('TBLID_BHOLDCODE','SET_USERG_ID7','SET_USERG_ID7','SET_USERG_ID7','STRING',10,'N','Y','N','Y',10,-1,0,0,10,'N','N','N','STRING',10,'Y',0,'Y','Y','Y','NONE',NULL,NULL,NULL,NULL,'N','N',0,NULL,NULL,0);
INSERT INTO SM_FIELD_DEF (TABLE_ID,FIELD_NAME,JP_TITLE,US_TITLE,DB_TYPE,DB_LENGTH,IS_KEY,NOT_BLANK,IS_DUMMY,IS_SEARCH_ITEM,SORT_NO,TREE_LEVEL,SHEET_NO,PAGE_NO,PROPERTY_NO,IS_AUTO,IS_MANDATORY,SYSTEM_READONLY,FIELD_TYPE,FIELD_LENGTH,INPUT_ALPHABET,INPUT_MULTIBYTE,INPUT_NUMERIC,INPUT_SYMBOL,INPUT_UPPERCASE,RETRIEVAL_TABLE,FORMAT,DEFAULT_VALUE,MIN_VALUE,MAX_VALUE,CALENDAR_BUTTON,JUMP_BUTTON,OPEN_BUTTON,REF_TABLE_ID,REF_FIELD_NAME,SPECIAL_BUTTON) VALUES ('TBLID_BHOLDCODE','SET_USERG_ID8','SET_USERG_ID8','SET_USERG_ID8','STRING',10,'N','Y','N','Y',11,-1,0,0,11,'N','N','N','STRING',10,'Y',0,'Y','Y','Y','NONE',NULL,NULL,NULL,NULL,'N','N',0,NULL,NULL,0);
INSERT INTO SM_FIELD_DEF (TABLE_ID,FIELD_NAME,JP_TITLE,US_TITLE,DB_TYPE,DB_LENGTH,IS_KEY,NOT_BLANK,IS_DUMMY,IS_SEARCH_ITEM,SORT_NO,TREE_LEVEL,SHEET_NO,PAGE_NO,PROPERTY_NO,IS_AUTO,IS_MANDATORY,SYSTEM_READONLY,FIELD_TYPE,FIELD_LENGTH,INPUT_ALPHABET,INPUT_MULTIBYTE,INPUT_NUMERIC,INPUT_SYMBOL,INPUT_UPPERCASE,RETRIEVAL_TABLE,FORMAT,DEFAULT_VALUE,MIN_VALUE,MAX_VALUE,CALENDAR_BUTTON,JUMP_BUTTON,OPEN_BUTTON,REF_TABLE_ID,REF_FIELD_NAME,SPECIAL_BUTTON) VALUES ('TBLID_BHOLDCODE','SET_USERG_ID9','SET_USERG_ID9','SET_USERG_ID9','STRING',10,'N','Y','N','Y',12,-1,0,0,12,'N','N','N','STRING',10,'Y',0,'Y','Y','Y','NONE',NULL,NULL,NULL,NULL,'N','N',0,NULL,NULL,0);
INSERT INTO SM_FIELD_DEF (TABLE_ID,FIELD_NAME,JP_TITLE,US_TITLE,DB_TYPE,DB_LENGTH,IS_KEY,NOT_BLANK,IS_DUMMY,IS_SEARCH_ITEM,SORT_NO,TREE_LEVEL,SHEET_NO,PAGE_NO,PROPERTY_NO,IS_AUTO,IS_MANDATORY,SYSTEM_READONLY,FIELD_TYPE,FIELD_LENGTH,INPUT_ALPHABET,INPUT_MULTIBYTE,INPUT_NUMERIC,INPUT_SYMBOL,INPUT_UPPERCASE,RETRIEVAL_TABLE,FORMAT,DEFAULT_VALUE,MIN_VALUE,MAX_VALUE,CALENDAR_BUTTON,JUMP_BUTTON,OPEN_BUTTON,REF_TABLE_ID,REF_FIELD_NAME,SPECIAL_BUTTON) VALUES ('TBLID_BHOLDCODE','SET_USERG_ID10','SET_USERG_ID10','SET_USERG_ID10','STRING',10,'N','Y','N','Y',13,-1,0,0,13,'N','N','N','STRING',10,'Y',0,'Y','Y','Y','NONE',NULL,NULL,NULL,NULL,'N','N',0,NULL,NULL,0);
INSERT INTO SM_FIELD_DEF (TABLE_ID,FIELD_NAME,JP_TITLE,US_TITLE,DB_TYPE,DB_LENGTH,IS_KEY,NOT_BLANK,IS_DUMMY,IS_SEARCH_ITEM,SORT_NO,TREE_LEVEL,SHEET_NO,PAGE_NO,PROPERTY_NO,IS_AUTO,IS_MANDATORY,SYSTEM_READONLY,FIELD_TYPE,FIELD_LENGTH,INPUT_ALPHABET,INPUT_MULTIBYTE,INPUT_NUMERIC,INPUT_SYMBOL,INPUT_UPPERCASE,RETRIEVAL_TABLE,FORMAT,DEFAULT_VALUE,MIN_VALUE,MAX_VALUE,CALENDAR_BUTTON,JUMP_BUTTON,OPEN_BUTTON,REF_TABLE_ID,REF_FIELD_NAME,SPECIAL_BUTTON) VALUES ('TBLID_BHOLDCODE','RESET_USERG_ID1','RESET_USERG_ID1','RESET_USERG_ID1','STRING',10,'N','Y','N','Y',14,-1,0,0,14,'N','N','N','STRING',10,'Y',0,'Y','Y','Y','NONE',NULL,NULL,NULL,NULL,'N','N',0,NULL,NULL,0);
INSERT INTO SM_FIELD_DEF (TABLE_ID,FIELD_NAME,JP_TITLE,US_TITLE,DB_TYPE,DB_LENGTH,IS_KEY,NOT_BLANK,IS_DUMMY,IS_SEARCH_ITEM,SORT_NO,TREE_LEVEL,SHEET_NO,PAGE_NO,PROPERTY_NO,IS_AUTO,IS_MANDATORY,SYSTEM_READONLY,FIELD_TYPE,FIELD_LENGTH,INPUT_ALPHABET,INPUT_MULTIBYTE,INPUT_NUMERIC,INPUT_SYMBOL,INPUT_UPPERCASE,RETRIEVAL_TABLE,FORMAT,DEFAULT_VALUE,MIN_VALUE,MAX_VALUE,CALENDAR_BUTTON,JUMP_BUTTON,OPEN_BUTTON,REF_TABLE_ID,REF_FIELD_NAME,SPECIAL_BUTTON) VALUES ('TBLID_BHOLDCODE','RESET_USERG_ID2','RESET_USERG_ID2','RESET_USERG_ID2','STRING',10,'N','Y','N','Y',15,-1,0,0,15,'N','N','N','STRING',10,'Y',0,'Y','Y','Y','NONE',NULL,NULL,NULL,NULL,'N','N',0,NULL,NULL,0);
INSERT INTO SM_FIELD_DEF (TABLE_ID,FIELD_NAME,JP_TITLE,US_TITLE,DB_TYPE,DB_LENGTH,IS_KEY,NOT_BLANK,IS_DUMMY,IS_SEARCH_ITEM,SORT_NO,TREE_LEVEL,SHEET_NO,PAGE_NO,PROPERTY_NO,IS_AUTO,IS_MANDATORY,SYSTEM_READONLY,FIELD_TYPE,FIELD_LENGTH,INPUT_ALPHABET,INPUT_MULTIBYTE,INPUT_NUMERIC,INPUT_SYMBOL,INPUT_UPPERCASE,RETRIEVAL_TABLE,FORMAT,DEFAULT_VALUE,MIN_VALUE,MAX_VALUE,CALENDAR_BUTTON,JUMP_BUTTON,OPEN_BUTTON,REF_TABLE_ID,REF_FIELD_NAME,SPECIAL_BUTTON) VALUES ('TBLID_BHOLDCODE','RESET_USERG_ID3','RESET_USERG_ID3','RESET_USERG_ID3','STRING',10,'N','Y','N','Y',16,-1,0,0,16,'N','N','N','STRING',10,'Y',0,'Y','Y','Y','NONE',NULL,NULL,NULL,NULL,'N','N',0,NULL,NULL,0);
INSERT INTO SM_FIELD_DEF (TABLE_ID,FIELD_NAME,JP_TITLE,US_TITLE,DB_TYPE,DB_LENGTH,IS_KEY,NOT_BLANK,IS_DUMMY,IS_SEARCH_ITEM,SORT_NO,TREE_LEVEL,SHEET_NO,PAGE_NO,PROPERTY_NO,IS_AUTO,IS_MANDATORY,SYSTEM_READONLY,FIELD_TYPE,FIELD_LENGTH,INPUT_ALPHABET,INPUT_MULTIBYTE,INPUT_NUMERIC,INPUT_SYMBOL,INPUT_UPPERCASE,RETRIEVAL_TABLE,FORMAT,DEFAULT_VALUE,MIN_VALUE,MAX_VALUE,CALENDAR_BUTTON,JUMP_BUTTON,OPEN_BUTTON,REF_TABLE_ID,REF_FIELD_NAME,SPECIAL_BUTTON) VALUES ('TBLID_BHOLDCODE','RESET_USERG_ID4','RESET_USERG_ID4','RESET_USERG_ID4','STRING',10,'N','Y','N','Y',17,-1,0,0,17,'N','N','N','STRING',10,'Y',0,'Y','Y','Y','NONE',NULL,NULL,NULL,NULL,'N','N',0,NULL,NULL,0);
INSERT INTO SM_FIELD_DEF (TABLE_ID,FIELD_NAME,JP_TITLE,US_TITLE,DB_TYPE,DB_LENGTH,IS_KEY,NOT_BLANK,IS_DUMMY,IS_SEARCH_ITEM,SORT_NO,TREE_LEVEL,SHEET_NO,PAGE_NO,PROPERTY_NO,IS_AUTO,IS_MANDATORY,SYSTEM_READONLY,FIELD_TYPE,FIELD_LENGTH,INPUT_ALPHABET,INPUT_MULTIBYTE,INPUT_NUMERIC,INPUT_SYMBOL,INPUT_UPPERCASE,RETRIEVAL_TABLE,FORMAT,DEFAULT_VALUE,MIN_VALUE,MAX_VALUE,CALENDAR_BUTTON,JUMP_BUTTON,OPEN_BUTTON,REF_TABLE_ID,REF_FIELD_NAME,SPECIAL_BUTTON) VALUES ('TBLID_BHOLDCODE','RESET_USERG_ID5','RESET_USERG_ID5','RESET_USERG_ID5','STRING',10,'N','Y','N','Y',18,-1,0,0,18,'N','N','N','STRING',10,'Y',0,'Y','Y','Y','NONE',NULL,NULL,NULL,NULL,'N','N',0,NULL,NULL,0);
INSERT INTO SM_FIELD_DEF (TABLE_ID,FIELD_NAME,JP_TITLE,US_TITLE,DB_TYPE,DB_LENGTH,IS_KEY,NOT_BLANK,IS_DUMMY,IS_SEARCH_ITEM,SORT_NO,TREE_LEVEL,SHEET_NO,PAGE_NO,PROPERTY_NO,IS_AUTO,IS_MANDATORY,SYSTEM_READONLY,FIELD_TYPE,FIELD_LENGTH,INPUT_ALPHABET,INPUT_MULTIBYTE,INPUT_NUMERIC,INPUT_SYMBOL,INPUT_UPPERCASE,RETRIEVAL_TABLE,FORMAT,DEFAULT_VALUE,MIN_VALUE,MAX_VALUE,CALENDAR_BUTTON,JUMP_BUTTON,OPEN_BUTTON,REF_TABLE_ID,REF_FIELD_NAME,SPECIAL_BUTTON) VALUES ('TBLID_BHOLDCODE','RESET_USERG_ID6','RESET_USERG_ID6','RESET_USERG_ID6','STRING',10,'N','Y','N','Y',19,-1,0,0,19,'N','N','N','STRING',10,'Y',0,'Y','Y','Y','NONE',NULL,NULL,NULL,NULL,'N','N',0,NULL,NULL,0);
INSERT INTO SM_FIELD_DEF (TABLE_ID,FIELD_NAME,JP_TITLE,US_TITLE,DB_TYPE,DB_LENGTH,IS_KEY,NOT_BLANK,IS_DUMMY,IS_SEARCH_ITEM,SORT_NO,TREE_LEVEL,SHEET_NO,PAGE_NO,PROPERTY_NO,IS_AUTO,IS_MANDATORY,SYSTEM_READONLY,FIELD_TYPE,FIELD_LENGTH,INPUT_ALPHABET,INPUT_MULTIBYTE,INPUT_NUMERIC,INPUT_SYMBOL,INPUT_UPPERCASE,RETRIEVAL_TABLE,FORMAT,DEFAULT_VALUE,MIN_VALUE,MAX_VALUE,CALENDAR_BUTTON,JUMP_BUTTON,OPEN_BUTTON,REF_TABLE_ID,REF_FIELD_NAME,SPECIAL_BUTTON) VALUES ('TBLID_BHOLDCODE','RESET_USERG_ID7','RESET_USERG_ID7','RESET_USERG_ID7','STRING',10,'N','Y','N','Y',20,-1,0,0,20,'N','N','N','STRING',10,'Y',0,'Y','Y','Y','NONE',NULL,NULL,NULL,NULL,'N','N',0,NULL,NULL,0);
INSERT INTO SM_FIELD_DEF (TABLE_ID,FIELD_NAME,JP_TITLE,US_TITLE,DB_TYPE,DB_LENGTH,IS_KEY,NOT_BLANK,IS_DUMMY,IS_SEARCH_ITEM,SORT_NO,TREE_LEVEL,SHEET_NO,PAGE_NO,PROPERTY_NO,IS_AUTO,IS_MANDATORY,SYSTEM_READONLY,FIELD_TYPE,FIELD_LENGTH,INPUT_ALPHABET,INPUT_MULTIBYTE,INPUT_NUMERIC,INPUT_SYMBOL,INPUT_UPPERCASE,RETRIEVAL_TABLE,FORMAT,DEFAULT_VALUE,MIN_VALUE,MAX_VALUE,CALENDAR_BUTTON,JUMP_BUTTON,OPEN_BUTTON,REF_TABLE_ID,REF_FIELD_NAME,SPECIAL_BUTTON) VALUES ('TBLID_BHOLDCODE','RESET_USERG_ID8','RESET_USERG_ID8','RESET_USERG_ID8','STRING',10,'N','Y','N','Y',21,-1,0,0,21,'N','N','N','STRING',10,'Y',0,'Y','Y','Y','NONE',NULL,NULL,NULL,NULL,'N','N',0,NULL,NULL,0);
INSERT INTO SM_FIELD_DEF (TABLE_ID,FIELD_NAME,JP_TITLE,US_TITLE,DB_TYPE,DB_LENGTH,IS_KEY,NOT_BLANK,IS_DUMMY,IS_SEARCH_ITEM,SORT_NO,TREE_LEVEL,SHEET_NO,PAGE_NO,PROPERTY_NO,IS_AUTO,IS_MANDATORY,SYSTEM_READONLY,FIELD_TYPE,FIELD_LENGTH,INPUT_ALPHABET,INPUT_MULTIBYTE,INPUT_NUMERIC,INPUT_SYMBOL,INPUT_UPPERCASE,RETRIEVAL_TABLE,FORMAT,DEFAULT_VALUE,MIN_VALUE,MAX_VALUE,CALENDAR_BUTTON,JUMP_BUTTON,OPEN_BUTTON,REF_TABLE_ID,REF_FIELD_NAME,SPECIAL_BUTTON) VALUES ('TBLID_BHOLDCODE','RESET_USERG_ID9','RESET_USERG_ID9','RESET_USERG_ID9','STRING',10,'N','Y','N','Y',22,-1,0,0,22,'N','N','N','STRING',10,'Y',0,'Y','Y','Y','NONE',NULL,NULL,NULL,NULL,'N','N',0,NULL,NULL,0);
INSERT INTO SM_FIELD_DEF (TABLE_ID,FIELD_NAME,JP_TITLE,US_TITLE,DB_TYPE,DB_LENGTH,IS_KEY,NOT_BLANK,IS_DUMMY,IS_SEARCH_ITEM,SORT_NO,TREE_LEVEL,SHEET_NO,PAGE_NO,PROPERTY_NO,IS_AUTO,IS_MANDATORY,SYSTEM_READONLY,FIELD_TYPE,FIELD_LENGTH,INPUT_ALPHABET,INPUT_MULTIBYTE,INPUT_NUMERIC,INPUT_SYMBOL,INPUT_UPPERCASE,RETRIEVAL_TABLE,FORMAT,DEFAULT_VALUE,MIN_VALUE,MAX_VALUE,CALENDAR_BUTTON,JUMP_BUTTON,OPEN_BUTTON,REF_TABLE_ID,REF_FIELD_NAME,SPECIAL_BUTTON) VALUES ('TBLID_BHOLDCODE','RESET_USERG_ID10','RESET_USERG_ID10','RESET_USERG_ID10','STRING',10,'N','Y','N','Y',23,-1,0,0,23,'N','N','N','STRING',10,'Y',0,'Y','Y','Y','NONE',NULL,NULL,NULL,NULL,'N','N',0,NULL,NULL,0);
INSERT INTO SM_CHECK_DEF (TABLE_ID,CHECK_TYPE,CHECK_ORDER,CHECK_KIND,FIELD_NAME,REF_TABLE,REF_FIELD,EXPECT_VALUE,ERR_MSG) VALUES ('TBLID_BHOLDCODE','SAVE',1,'NOTNULL','HOLD_TYPE',NULL,NULL,NULL,'HOLD_TYPE不能为空');
INSERT INTO SM_CHECK_DEF (TABLE_ID,CHECK_TYPE,CHECK_ORDER,CHECK_KIND,FIELD_NAME,REF_TABLE,REF_FIELD,EXPECT_VALUE,ERR_MSG) VALUES ('TBLID_BHOLDCODE','SAVE',2,'STAT_N',NULL,NULL,NULL,NULL,'记录不是编辑态');
INSERT INTO SM_CHECK_DEF (TABLE_ID,CHECK_TYPE,CHECK_ORDER,CHECK_KIND,FIELD_NAME,REF_TABLE,REF_FIELD,EXPECT_VALUE,ERR_MSG) VALUES ('TBLID_BHOLDCODE','SAVE',3,'LOCK_FREE',NULL,NULL,NULL,NULL,'记录已被锁定');
INSERT INTO SM_CHECK_DEF (TABLE_ID,CHECK_TYPE,CHECK_ORDER,CHECK_KIND,FIELD_NAME,REF_TABLE,REF_FIELD,EXPECT_VALUE,ERR_MSG) VALUES ('TBLID_BHOLDCODE','RELEASE',1,'NOTNULL','HOLD_TYPE',NULL,NULL,NULL,'HOLD_TYPE不能为空');
INSERT INTO SM_CHECK_DEF (TABLE_ID,CHECK_TYPE,CHECK_ORDER,CHECK_KIND,FIELD_NAME,REF_TABLE,REF_FIELD,EXPECT_VALUE,ERR_MSG) VALUES ('TBLID_BHOLDCODE','RELEASE',2,'STAT_N',NULL,NULL,NULL,NULL,'记录不是编辑态');
INSERT INTO SM_CHECK_DEF (TABLE_ID,CHECK_TYPE,CHECK_ORDER,CHECK_KIND,FIELD_NAME,REF_TABLE,REF_FIELD,EXPECT_VALUE,ERR_MSG) VALUES ('TBLID_BHOLDCODE','RELEASE',3,'LOCK_FREE',NULL,NULL,NULL,NULL,'记录已被锁定');
INSERT INTO SM_CHECK_DEF (TABLE_ID,CHECK_TYPE,CHECK_ORDER,CHECK_KIND,FIELD_NAME,REF_TABLE,REF_FIELD,EXPECT_VALUE,ERR_MSG) VALUES ('TBLID_BHOLDCODE','RELEASE',10,'RELEASE_PARAM','HOLD_TYPE','DHOLDCODE',NULL,NULL,NULL);
INSERT INTO SM_CHECK_DEF (TABLE_ID,CHECK_TYPE,CHECK_ORDER,CHECK_KIND,FIELD_NAME,REF_TABLE,REF_FIELD,EXPECT_VALUE,ERR_MSG) VALUES ('TBLID_BHOLDCODE','DELETE',1,'NOTNULL','HOLD_TYPE',NULL,NULL,NULL,'HOLD_TYPE不能为空');
INSERT INTO SM_CHECK_DEF (TABLE_ID,CHECK_TYPE,CHECK_ORDER,CHECK_KIND,FIELD_NAME,REF_TABLE,REF_FIELD,EXPECT_VALUE,ERR_MSG) VALUES ('TBLID_BHOLDCODE','DELETE',2,'STAT_Y',NULL,NULL,NULL,NULL,'记录不是已发布态');
INSERT INTO SM_CHECK_DEF (TABLE_ID,CHECK_TYPE,CHECK_ORDER,CHECK_KIND,FIELD_NAME,REF_TABLE,REF_FIELD,EXPECT_VALUE,ERR_MSG) VALUES ('TBLID_BHOLDCODE','DELETE',3,'LOCK_FREE',NULL,NULL,NULL,NULL,'记录已被锁定');
INSERT INTO SM_CHECK_DEF (TABLE_ID,CHECK_TYPE,CHECK_ORDER,CHECK_KIND,FIELD_NAME,REF_TABLE,REF_FIELD,EXPECT_VALUE,ERR_MSG) VALUES ('TBLID_BHOLDCODE','EDITCOMP',1,'NOTNULL','HOLD_TYPE',NULL,NULL,NULL,'HOLD_TYPE不能为空');
INSERT INTO SM_CHECK_DEF (TABLE_ID,CHECK_TYPE,CHECK_ORDER,CHECK_KIND,FIELD_NAME,REF_TABLE,REF_FIELD,EXPECT_VALUE,ERR_MSG) VALUES ('TBLID_BHOLDCODE','EDITCOMP',2,'STAT_N',NULL,NULL,NULL,NULL,'记录不是编辑态');
INSERT INTO SM_CHECK_DEF (TABLE_ID,CHECK_TYPE,CHECK_ORDER,CHECK_KIND,FIELD_NAME,REF_TABLE,REF_FIELD,EXPECT_VALUE,ERR_MSG) VALUES ('TBLID_BHOLDCODE','EDITCOMP',3,'LOCK_FREE',NULL,NULL,NULL,NULL,'记录已被锁定');
INSERT INTO SM_CHECK_DEF (TABLE_ID,CHECK_TYPE,CHECK_ORDER,CHECK_KIND,FIELD_NAME,REF_TABLE,REF_FIELD,EXPECT_VALUE,ERR_MSG) VALUES ('TBLID_BHOLDCODE','EDITCOMP',4,'COMP_N',NULL,NULL,NULL,NULL,'记录已编辑完成');

-- BLABEL_PRINTER (3 fields)
INSERT INTO SM_TABLE_DEF (TABLE_ID,TABLE_NAME,JP_TITLE,US_TITLE,RELEASE_FLAG,DISTRIBUTE_FLAG,PERMISSION_TYPE,SCHEMA_TYPE,HAS_DUMMY,SORT_NO) VALUES ('TBLID_BLABEL_PRINTER','BLABEL_PRINTER','BLABEL_PRINTER','BLABEL_PRINTER','Y','N','C','L','N',310);
INSERT INTO SM_FIELD_DEF (TABLE_ID,FIELD_NAME,JP_TITLE,US_TITLE,DB_TYPE,DB_LENGTH,IS_KEY,NOT_BLANK,IS_DUMMY,IS_SEARCH_ITEM,SORT_NO,TREE_LEVEL,SHEET_NO,PAGE_NO,PROPERTY_NO,IS_AUTO,IS_MANDATORY,SYSTEM_READONLY,FIELD_TYPE,FIELD_LENGTH,INPUT_ALPHABET,INPUT_MULTIBYTE,INPUT_NUMERIC,INPUT_SYMBOL,INPUT_UPPERCASE,RETRIEVAL_TABLE,FORMAT,DEFAULT_VALUE,MIN_VALUE,MAX_VALUE,CALENDAR_BUTTON,JUMP_BUTTON,OPEN_BUTTON,REF_TABLE_ID,REF_FIELD_NAME,SPECIAL_BUTTON) VALUES ('TBLID_BLABEL_PRINTER','OUT_ADRESS','OUT_ADRESS','OUT_ADRESS','STRING',30,'Y','Y','N','Y',0,0,0,0,0,'N','N','N','STRING',30,'Y',0,'Y','Y','Y','NONE',NULL,NULL,NULL,NULL,'N','N',0,NULL,NULL,0);
INSERT INTO SM_FIELD_DEF (TABLE_ID,FIELD_NAME,JP_TITLE,US_TITLE,DB_TYPE,DB_LENGTH,IS_KEY,NOT_BLANK,IS_DUMMY,IS_SEARCH_ITEM,SORT_NO,TREE_LEVEL,SHEET_NO,PAGE_NO,PROPERTY_NO,IS_AUTO,IS_MANDATORY,SYSTEM_READONLY,FIELD_TYPE,FIELD_LENGTH,INPUT_ALPHABET,INPUT_MULTIBYTE,INPUT_NUMERIC,INPUT_SYMBOL,INPUT_UPPERCASE,RETRIEVAL_TABLE,FORMAT,DEFAULT_VALUE,MIN_VALUE,MAX_VALUE,CALENDAR_BUTTON,JUMP_BUTTON,OPEN_BUTTON,REF_TABLE_ID,REF_FIELD_NAME,SPECIAL_BUTTON) VALUES ('TBLID_BLABEL_PRINTER','FAB_ID','FAB_ID','FAB_ID','STRING',10,'N','Y','N','Y',1,-1,0,0,1,'N','N','N','STRING',10,'Y',0,'Y','Y','Y','NONE',NULL,NULL,NULL,NULL,'N','N',0,NULL,NULL,0);
INSERT INTO SM_FIELD_DEF (TABLE_ID,FIELD_NAME,JP_TITLE,US_TITLE,DB_TYPE,DB_LENGTH,IS_KEY,NOT_BLANK,IS_DUMMY,IS_SEARCH_ITEM,SORT_NO,TREE_LEVEL,SHEET_NO,PAGE_NO,PROPERTY_NO,IS_AUTO,IS_MANDATORY,SYSTEM_READONLY,FIELD_TYPE,FIELD_LENGTH,INPUT_ALPHABET,INPUT_MULTIBYTE,INPUT_NUMERIC,INPUT_SYMBOL,INPUT_UPPERCASE,RETRIEVAL_TABLE,FORMAT,DEFAULT_VALUE,MIN_VALUE,MAX_VALUE,CALENDAR_BUTTON,JUMP_BUTTON,OPEN_BUTTON,REF_TABLE_ID,REF_FIELD_NAME,SPECIAL_BUTTON) VALUES ('TBLID_BLABEL_PRINTER','LABEL_TYPE','LABEL_TYPE','LABEL_TYPE','STRING',30,'N','Y','N','Y',2,-1,0,0,2,'N','N','N','STRING',30,'Y',0,'Y','Y','Y','NONE',NULL,NULL,NULL,NULL,'N','N',0,NULL,NULL,0);
INSERT INTO SM_CHECK_DEF (TABLE_ID,CHECK_TYPE,CHECK_ORDER,CHECK_KIND,FIELD_NAME,REF_TABLE,REF_FIELD,EXPECT_VALUE,ERR_MSG) VALUES ('TBLID_BLABEL_PRINTER','SAVE',1,'NOTNULL','OUT_ADRESS',NULL,NULL,NULL,'OUT_ADRESS不能为空');
INSERT INTO SM_CHECK_DEF (TABLE_ID,CHECK_TYPE,CHECK_ORDER,CHECK_KIND,FIELD_NAME,REF_TABLE,REF_FIELD,EXPECT_VALUE,ERR_MSG) VALUES ('TBLID_BLABEL_PRINTER','SAVE',2,'STAT_N',NULL,NULL,NULL,NULL,'记录不是编辑态');
INSERT INTO SM_CHECK_DEF (TABLE_ID,CHECK_TYPE,CHECK_ORDER,CHECK_KIND,FIELD_NAME,REF_TABLE,REF_FIELD,EXPECT_VALUE,ERR_MSG) VALUES ('TBLID_BLABEL_PRINTER','SAVE',3,'LOCK_FREE',NULL,NULL,NULL,NULL,'记录已被锁定');
INSERT INTO SM_CHECK_DEF (TABLE_ID,CHECK_TYPE,CHECK_ORDER,CHECK_KIND,FIELD_NAME,REF_TABLE,REF_FIELD,EXPECT_VALUE,ERR_MSG) VALUES ('TBLID_BLABEL_PRINTER','RELEASE',1,'NOTNULL','OUT_ADRESS',NULL,NULL,NULL,'OUT_ADRESS不能为空');
INSERT INTO SM_CHECK_DEF (TABLE_ID,CHECK_TYPE,CHECK_ORDER,CHECK_KIND,FIELD_NAME,REF_TABLE,REF_FIELD,EXPECT_VALUE,ERR_MSG) VALUES ('TBLID_BLABEL_PRINTER','RELEASE',2,'STAT_N',NULL,NULL,NULL,NULL,'记录不是编辑态');
INSERT INTO SM_CHECK_DEF (TABLE_ID,CHECK_TYPE,CHECK_ORDER,CHECK_KIND,FIELD_NAME,REF_TABLE,REF_FIELD,EXPECT_VALUE,ERR_MSG) VALUES ('TBLID_BLABEL_PRINTER','RELEASE',3,'LOCK_FREE',NULL,NULL,NULL,NULL,'记录已被锁定');
INSERT INTO SM_CHECK_DEF (TABLE_ID,CHECK_TYPE,CHECK_ORDER,CHECK_KIND,FIELD_NAME,REF_TABLE,REF_FIELD,EXPECT_VALUE,ERR_MSG) VALUES ('TBLID_BLABEL_PRINTER','RELEASE',10,'RELEASE_PARAM','OUT_ADRESS','DLABEL_PRINTER',NULL,NULL,NULL);
INSERT INTO SM_CHECK_DEF (TABLE_ID,CHECK_TYPE,CHECK_ORDER,CHECK_KIND,FIELD_NAME,REF_TABLE,REF_FIELD,EXPECT_VALUE,ERR_MSG) VALUES ('TBLID_BLABEL_PRINTER','DELETE',1,'NOTNULL','OUT_ADRESS',NULL,NULL,NULL,'OUT_ADRESS不能为空');
INSERT INTO SM_CHECK_DEF (TABLE_ID,CHECK_TYPE,CHECK_ORDER,CHECK_KIND,FIELD_NAME,REF_TABLE,REF_FIELD,EXPECT_VALUE,ERR_MSG) VALUES ('TBLID_BLABEL_PRINTER','DELETE',2,'STAT_Y',NULL,NULL,NULL,NULL,'记录不是已发布态');
INSERT INTO SM_CHECK_DEF (TABLE_ID,CHECK_TYPE,CHECK_ORDER,CHECK_KIND,FIELD_NAME,REF_TABLE,REF_FIELD,EXPECT_VALUE,ERR_MSG) VALUES ('TBLID_BLABEL_PRINTER','DELETE',3,'LOCK_FREE',NULL,NULL,NULL,NULL,'记录已被锁定');
INSERT INTO SM_CHECK_DEF (TABLE_ID,CHECK_TYPE,CHECK_ORDER,CHECK_KIND,FIELD_NAME,REF_TABLE,REF_FIELD,EXPECT_VALUE,ERR_MSG) VALUES ('TBLID_BLABEL_PRINTER','EDITCOMP',1,'NOTNULL','OUT_ADRESS',NULL,NULL,NULL,'OUT_ADRESS不能为空');
INSERT INTO SM_CHECK_DEF (TABLE_ID,CHECK_TYPE,CHECK_ORDER,CHECK_KIND,FIELD_NAME,REF_TABLE,REF_FIELD,EXPECT_VALUE,ERR_MSG) VALUES ('TBLID_BLABEL_PRINTER','EDITCOMP',2,'STAT_N',NULL,NULL,NULL,NULL,'记录不是编辑态');
INSERT INTO SM_CHECK_DEF (TABLE_ID,CHECK_TYPE,CHECK_ORDER,CHECK_KIND,FIELD_NAME,REF_TABLE,REF_FIELD,EXPECT_VALUE,ERR_MSG) VALUES ('TBLID_BLABEL_PRINTER','EDITCOMP',3,'LOCK_FREE',NULL,NULL,NULL,NULL,'记录已被锁定');
INSERT INTO SM_CHECK_DEF (TABLE_ID,CHECK_TYPE,CHECK_ORDER,CHECK_KIND,FIELD_NAME,REF_TABLE,REF_FIELD,EXPECT_VALUE,ERR_MSG) VALUES ('TBLID_BLABEL_PRINTER','EDITCOMP',4,'COMP_N',NULL,NULL,NULL,NULL,'记录已编辑完成');

-- BPRINT_TYPE (3 fields)
INSERT INTO SM_TABLE_DEF (TABLE_ID,TABLE_NAME,JP_TITLE,US_TITLE,RELEASE_FLAG,DISTRIBUTE_FLAG,PERMISSION_TYPE,SCHEMA_TYPE,HAS_DUMMY,SORT_NO) VALUES ('TBLID_BPRINT_TYPE','BPRINT_TYPE','BPRINT_TYPE','BPRINT_TYPE','Y','N','C','L','N',320);
INSERT INTO SM_FIELD_DEF (TABLE_ID,FIELD_NAME,JP_TITLE,US_TITLE,DB_TYPE,DB_LENGTH,IS_KEY,NOT_BLANK,IS_DUMMY,IS_SEARCH_ITEM,SORT_NO,TREE_LEVEL,SHEET_NO,PAGE_NO,PROPERTY_NO,IS_AUTO,IS_MANDATORY,SYSTEM_READONLY,FIELD_TYPE,FIELD_LENGTH,INPUT_ALPHABET,INPUT_MULTIBYTE,INPUT_NUMERIC,INPUT_SYMBOL,INPUT_UPPERCASE,RETRIEVAL_TABLE,FORMAT,DEFAULT_VALUE,MIN_VALUE,MAX_VALUE,CALENDAR_BUTTON,JUMP_BUTTON,OPEN_BUTTON,REF_TABLE_ID,REF_FIELD_NAME,SPECIAL_BUTTON) VALUES ('TBLID_BPRINT_TYPE','LABEL_PRINT_ID','LABEL_PRINT_ID','LABEL_PRINT_ID','STRING',30,'Y','Y','N','Y',0,0,0,0,0,'N','N','N','STRING',30,'Y',0,'Y','Y','Y','NONE',NULL,NULL,NULL,NULL,'N','N',0,NULL,NULL,0);
INSERT INTO SM_FIELD_DEF (TABLE_ID,FIELD_NAME,JP_TITLE,US_TITLE,DB_TYPE,DB_LENGTH,IS_KEY,NOT_BLANK,IS_DUMMY,IS_SEARCH_ITEM,SORT_NO,TREE_LEVEL,SHEET_NO,PAGE_NO,PROPERTY_NO,IS_AUTO,IS_MANDATORY,SYSTEM_READONLY,FIELD_TYPE,FIELD_LENGTH,INPUT_ALPHABET,INPUT_MULTIBYTE,INPUT_NUMERIC,INPUT_SYMBOL,INPUT_UPPERCASE,RETRIEVAL_TABLE,FORMAT,DEFAULT_VALUE,MIN_VALUE,MAX_VALUE,CALENDAR_BUTTON,JUMP_BUTTON,OPEN_BUTTON,REF_TABLE_ID,REF_FIELD_NAME,SPECIAL_BUTTON) VALUES ('TBLID_BPRINT_TYPE','FAB_ID','FAB_ID','FAB_ID','STRING',10,'N','Y','N','Y',1,-1,0,0,1,'N','N','N','STRING',10,'Y',0,'Y','Y','Y','NONE',NULL,NULL,NULL,NULL,'N','N',0,NULL,NULL,0);
INSERT INTO SM_FIELD_DEF (TABLE_ID,FIELD_NAME,JP_TITLE,US_TITLE,DB_TYPE,DB_LENGTH,IS_KEY,NOT_BLANK,IS_DUMMY,IS_SEARCH_ITEM,SORT_NO,TREE_LEVEL,SHEET_NO,PAGE_NO,PROPERTY_NO,IS_AUTO,IS_MANDATORY,SYSTEM_READONLY,FIELD_TYPE,FIELD_LENGTH,INPUT_ALPHABET,INPUT_MULTIBYTE,INPUT_NUMERIC,INPUT_SYMBOL,INPUT_UPPERCASE,RETRIEVAL_TABLE,FORMAT,DEFAULT_VALUE,MIN_VALUE,MAX_VALUE,CALENDAR_BUTTON,JUMP_BUTTON,OPEN_BUTTON,REF_TABLE_ID,REF_FIELD_NAME,SPECIAL_BUTTON) VALUES ('TBLID_BPRINT_TYPE','LABEL_TYPE','LABEL_TYPE','LABEL_TYPE','STRING',30,'N','Y','N','Y',2,-1,0,0,2,'N','N','N','STRING',30,'Y',0,'Y','Y','Y','NONE',NULL,NULL,NULL,NULL,'N','N',0,NULL,NULL,0);
INSERT INTO SM_CHECK_DEF (TABLE_ID,CHECK_TYPE,CHECK_ORDER,CHECK_KIND,FIELD_NAME,REF_TABLE,REF_FIELD,EXPECT_VALUE,ERR_MSG) VALUES ('TBLID_BPRINT_TYPE','SAVE',1,'NOTNULL','LABEL_PRINT_ID',NULL,NULL,NULL,'LABEL_PRINT_ID不能为空');
INSERT INTO SM_CHECK_DEF (TABLE_ID,CHECK_TYPE,CHECK_ORDER,CHECK_KIND,FIELD_NAME,REF_TABLE,REF_FIELD,EXPECT_VALUE,ERR_MSG) VALUES ('TBLID_BPRINT_TYPE','SAVE',2,'STAT_N',NULL,NULL,NULL,NULL,'记录不是编辑态');
INSERT INTO SM_CHECK_DEF (TABLE_ID,CHECK_TYPE,CHECK_ORDER,CHECK_KIND,FIELD_NAME,REF_TABLE,REF_FIELD,EXPECT_VALUE,ERR_MSG) VALUES ('TBLID_BPRINT_TYPE','SAVE',3,'LOCK_FREE',NULL,NULL,NULL,NULL,'记录已被锁定');
INSERT INTO SM_CHECK_DEF (TABLE_ID,CHECK_TYPE,CHECK_ORDER,CHECK_KIND,FIELD_NAME,REF_TABLE,REF_FIELD,EXPECT_VALUE,ERR_MSG) VALUES ('TBLID_BPRINT_TYPE','RELEASE',1,'NOTNULL','LABEL_PRINT_ID',NULL,NULL,NULL,'LABEL_PRINT_ID不能为空');
INSERT INTO SM_CHECK_DEF (TABLE_ID,CHECK_TYPE,CHECK_ORDER,CHECK_KIND,FIELD_NAME,REF_TABLE,REF_FIELD,EXPECT_VALUE,ERR_MSG) VALUES ('TBLID_BPRINT_TYPE','RELEASE',2,'STAT_N',NULL,NULL,NULL,NULL,'记录不是编辑态');
INSERT INTO SM_CHECK_DEF (TABLE_ID,CHECK_TYPE,CHECK_ORDER,CHECK_KIND,FIELD_NAME,REF_TABLE,REF_FIELD,EXPECT_VALUE,ERR_MSG) VALUES ('TBLID_BPRINT_TYPE','RELEASE',3,'LOCK_FREE',NULL,NULL,NULL,NULL,'记录已被锁定');
INSERT INTO SM_CHECK_DEF (TABLE_ID,CHECK_TYPE,CHECK_ORDER,CHECK_KIND,FIELD_NAME,REF_TABLE,REF_FIELD,EXPECT_VALUE,ERR_MSG) VALUES ('TBLID_BPRINT_TYPE','RELEASE',10,'RELEASE_PARAM','LABEL_PRINT_ID','DPRINT_TYPE',NULL,NULL,NULL);
INSERT INTO SM_CHECK_DEF (TABLE_ID,CHECK_TYPE,CHECK_ORDER,CHECK_KIND,FIELD_NAME,REF_TABLE,REF_FIELD,EXPECT_VALUE,ERR_MSG) VALUES ('TBLID_BPRINT_TYPE','DELETE',1,'NOTNULL','LABEL_PRINT_ID',NULL,NULL,NULL,'LABEL_PRINT_ID不能为空');
INSERT INTO SM_CHECK_DEF (TABLE_ID,CHECK_TYPE,CHECK_ORDER,CHECK_KIND,FIELD_NAME,REF_TABLE,REF_FIELD,EXPECT_VALUE,ERR_MSG) VALUES ('TBLID_BPRINT_TYPE','DELETE',2,'STAT_Y',NULL,NULL,NULL,NULL,'记录不是已发布态');
INSERT INTO SM_CHECK_DEF (TABLE_ID,CHECK_TYPE,CHECK_ORDER,CHECK_KIND,FIELD_NAME,REF_TABLE,REF_FIELD,EXPECT_VALUE,ERR_MSG) VALUES ('TBLID_BPRINT_TYPE','DELETE',3,'LOCK_FREE',NULL,NULL,NULL,NULL,'记录已被锁定');
INSERT INTO SM_CHECK_DEF (TABLE_ID,CHECK_TYPE,CHECK_ORDER,CHECK_KIND,FIELD_NAME,REF_TABLE,REF_FIELD,EXPECT_VALUE,ERR_MSG) VALUES ('TBLID_BPRINT_TYPE','EDITCOMP',1,'NOTNULL','LABEL_PRINT_ID',NULL,NULL,NULL,'LABEL_PRINT_ID不能为空');
INSERT INTO SM_CHECK_DEF (TABLE_ID,CHECK_TYPE,CHECK_ORDER,CHECK_KIND,FIELD_NAME,REF_TABLE,REF_FIELD,EXPECT_VALUE,ERR_MSG) VALUES ('TBLID_BPRINT_TYPE','EDITCOMP',2,'STAT_N',NULL,NULL,NULL,NULL,'记录不是编辑态');
INSERT INTO SM_CHECK_DEF (TABLE_ID,CHECK_TYPE,CHECK_ORDER,CHECK_KIND,FIELD_NAME,REF_TABLE,REF_FIELD,EXPECT_VALUE,ERR_MSG) VALUES ('TBLID_BPRINT_TYPE','EDITCOMP',3,'LOCK_FREE',NULL,NULL,NULL,NULL,'记录已被锁定');
INSERT INTO SM_CHECK_DEF (TABLE_ID,CHECK_TYPE,CHECK_ORDER,CHECK_KIND,FIELD_NAME,REF_TABLE,REF_FIELD,EXPECT_VALUE,ERR_MSG) VALUES ('TBLID_BPRINT_TYPE','EDITCOMP',4,'COMP_N',NULL,NULL,NULL,NULL,'记录已编辑完成');

-- BPRODCODE (4 fields)
INSERT INTO SM_TABLE_DEF (TABLE_ID,TABLE_NAME,JP_TITLE,US_TITLE,RELEASE_FLAG,DISTRIBUTE_FLAG,PERMISSION_TYPE,SCHEMA_TYPE,HAS_DUMMY,SORT_NO) VALUES ('TBLID_BPRODCODE','BPRODCODE','BPRODCODE','BPRODCODE','Y','N','C','L','N',330);
INSERT INTO SM_FIELD_DEF (TABLE_ID,FIELD_NAME,JP_TITLE,US_TITLE,DB_TYPE,DB_LENGTH,IS_KEY,NOT_BLANK,IS_DUMMY,IS_SEARCH_ITEM,SORT_NO,TREE_LEVEL,SHEET_NO,PAGE_NO,PROPERTY_NO,IS_AUTO,IS_MANDATORY,SYSTEM_READONLY,FIELD_TYPE,FIELD_LENGTH,INPUT_ALPHABET,INPUT_MULTIBYTE,INPUT_NUMERIC,INPUT_SYMBOL,INPUT_UPPERCASE,RETRIEVAL_TABLE,FORMAT,DEFAULT_VALUE,MIN_VALUE,MAX_VALUE,CALENDAR_BUTTON,JUMP_BUTTON,OPEN_BUTTON,REF_TABLE_ID,REF_FIELD_NAME,SPECIAL_BUTTON) VALUES ('TBLID_BPRODCODE','PROD_CODE_CAT','PROD_CODE_CAT','PROD_CODE_CAT','STRING',20,'Y','Y','N','Y',0,0,0,0,0,'N','N','N','STRING',20,'Y',0,'Y','Y','Y','NONE',NULL,NULL,NULL,NULL,'N','N',0,NULL,NULL,0);
INSERT INTO SM_FIELD_DEF (TABLE_ID,FIELD_NAME,JP_TITLE,US_TITLE,DB_TYPE,DB_LENGTH,IS_KEY,NOT_BLANK,IS_DUMMY,IS_SEARCH_ITEM,SORT_NO,TREE_LEVEL,SHEET_NO,PAGE_NO,PROPERTY_NO,IS_AUTO,IS_MANDATORY,SYSTEM_READONLY,FIELD_TYPE,FIELD_LENGTH,INPUT_ALPHABET,INPUT_MULTIBYTE,INPUT_NUMERIC,INPUT_SYMBOL,INPUT_UPPERCASE,RETRIEVAL_TABLE,FORMAT,DEFAULT_VALUE,MIN_VALUE,MAX_VALUE,CALENDAR_BUTTON,JUMP_BUTTON,OPEN_BUTTON,REF_TABLE_ID,REF_FIELD_NAME,SPECIAL_BUTTON) VALUES ('TBLID_BPRODCODE','PROD_CODE_ID','PROD_CODE_ID','PROD_CODE_ID','STRING',10,'N','Y','N','Y',1,-1,0,0,1,'N','N','N','STRING',10,'Y',0,'Y','Y','Y','NONE',NULL,NULL,NULL,NULL,'N','N',0,NULL,NULL,0);
INSERT INTO SM_FIELD_DEF (TABLE_ID,FIELD_NAME,JP_TITLE,US_TITLE,DB_TYPE,DB_LENGTH,IS_KEY,NOT_BLANK,IS_DUMMY,IS_SEARCH_ITEM,SORT_NO,TREE_LEVEL,SHEET_NO,PAGE_NO,PROPERTY_NO,IS_AUTO,IS_MANDATORY,SYSTEM_READONLY,FIELD_TYPE,FIELD_LENGTH,INPUT_ALPHABET,INPUT_MULTIBYTE,INPUT_NUMERIC,INPUT_SYMBOL,INPUT_UPPERCASE,RETRIEVAL_TABLE,FORMAT,DEFAULT_VALUE,MIN_VALUE,MAX_VALUE,CALENDAR_BUTTON,JUMP_BUTTON,OPEN_BUTTON,REF_TABLE_ID,REF_FIELD_NAME,SPECIAL_BUTTON) VALUES ('TBLID_BPRODCODE','PROD_CODE_NAME','PROD_CODE_NAME','PROD_CODE_NAME','STRING',40,'N','Y','N','Y',2,-1,0,0,2,'N','N','N','STRING',40,'Y',0,'Y','Y','Y','NONE',NULL,NULL,NULL,NULL,'N','N',0,NULL,NULL,0);
INSERT INTO SM_FIELD_DEF (TABLE_ID,FIELD_NAME,JP_TITLE,US_TITLE,DB_TYPE,DB_LENGTH,IS_KEY,NOT_BLANK,IS_DUMMY,IS_SEARCH_ITEM,SORT_NO,TREE_LEVEL,SHEET_NO,PAGE_NO,PROPERTY_NO,IS_AUTO,IS_MANDATORY,SYSTEM_READONLY,FIELD_TYPE,FIELD_LENGTH,INPUT_ALPHABET,INPUT_MULTIBYTE,INPUT_NUMERIC,INPUT_SYMBOL,INPUT_UPPERCASE,RETRIEVAL_TABLE,FORMAT,DEFAULT_VALUE,MIN_VALUE,MAX_VALUE,CALENDAR_BUTTON,JUMP_BUTTON,OPEN_BUTTON,REF_TABLE_ID,REF_FIELD_NAME,SPECIAL_BUTTON) VALUES ('TBLID_BPRODCODE','PROD_CODE_DESC','PROD_CODE_DESC','PROD_CODE_DESC','STRING',80,'N','Y','N','Y',3,-1,0,0,3,'N','N','N','STRING',80,'Y',0,'Y','Y','Y','NONE',NULL,NULL,NULL,NULL,'N','N',0,NULL,NULL,0);
INSERT INTO SM_CHECK_DEF (TABLE_ID,CHECK_TYPE,CHECK_ORDER,CHECK_KIND,FIELD_NAME,REF_TABLE,REF_FIELD,EXPECT_VALUE,ERR_MSG) VALUES ('TBLID_BPRODCODE','SAVE',1,'NOTNULL','PROD_CODE_CAT',NULL,NULL,NULL,'PROD_CODE_CAT不能为空');
INSERT INTO SM_CHECK_DEF (TABLE_ID,CHECK_TYPE,CHECK_ORDER,CHECK_KIND,FIELD_NAME,REF_TABLE,REF_FIELD,EXPECT_VALUE,ERR_MSG) VALUES ('TBLID_BPRODCODE','SAVE',2,'STAT_N',NULL,NULL,NULL,NULL,'记录不是编辑态');
INSERT INTO SM_CHECK_DEF (TABLE_ID,CHECK_TYPE,CHECK_ORDER,CHECK_KIND,FIELD_NAME,REF_TABLE,REF_FIELD,EXPECT_VALUE,ERR_MSG) VALUES ('TBLID_BPRODCODE','SAVE',3,'LOCK_FREE',NULL,NULL,NULL,NULL,'记录已被锁定');
INSERT INTO SM_CHECK_DEF (TABLE_ID,CHECK_TYPE,CHECK_ORDER,CHECK_KIND,FIELD_NAME,REF_TABLE,REF_FIELD,EXPECT_VALUE,ERR_MSG) VALUES ('TBLID_BPRODCODE','RELEASE',1,'NOTNULL','PROD_CODE_CAT',NULL,NULL,NULL,'PROD_CODE_CAT不能为空');
INSERT INTO SM_CHECK_DEF (TABLE_ID,CHECK_TYPE,CHECK_ORDER,CHECK_KIND,FIELD_NAME,REF_TABLE,REF_FIELD,EXPECT_VALUE,ERR_MSG) VALUES ('TBLID_BPRODCODE','RELEASE',2,'STAT_N',NULL,NULL,NULL,NULL,'记录不是编辑态');
INSERT INTO SM_CHECK_DEF (TABLE_ID,CHECK_TYPE,CHECK_ORDER,CHECK_KIND,FIELD_NAME,REF_TABLE,REF_FIELD,EXPECT_VALUE,ERR_MSG) VALUES ('TBLID_BPRODCODE','RELEASE',3,'LOCK_FREE',NULL,NULL,NULL,NULL,'记录已被锁定');
INSERT INTO SM_CHECK_DEF (TABLE_ID,CHECK_TYPE,CHECK_ORDER,CHECK_KIND,FIELD_NAME,REF_TABLE,REF_FIELD,EXPECT_VALUE,ERR_MSG) VALUES ('TBLID_BPRODCODE','RELEASE',10,'RELEASE_PARAM','PROD_CODE_CAT','DPRODCODE',NULL,NULL,NULL);
INSERT INTO SM_CHECK_DEF (TABLE_ID,CHECK_TYPE,CHECK_ORDER,CHECK_KIND,FIELD_NAME,REF_TABLE,REF_FIELD,EXPECT_VALUE,ERR_MSG) VALUES ('TBLID_BPRODCODE','DELETE',1,'NOTNULL','PROD_CODE_CAT',NULL,NULL,NULL,'PROD_CODE_CAT不能为空');
INSERT INTO SM_CHECK_DEF (TABLE_ID,CHECK_TYPE,CHECK_ORDER,CHECK_KIND,FIELD_NAME,REF_TABLE,REF_FIELD,EXPECT_VALUE,ERR_MSG) VALUES ('TBLID_BPRODCODE','DELETE',2,'STAT_Y',NULL,NULL,NULL,NULL,'记录不是已发布态');
INSERT INTO SM_CHECK_DEF (TABLE_ID,CHECK_TYPE,CHECK_ORDER,CHECK_KIND,FIELD_NAME,REF_TABLE,REF_FIELD,EXPECT_VALUE,ERR_MSG) VALUES ('TBLID_BPRODCODE','DELETE',3,'LOCK_FREE',NULL,NULL,NULL,NULL,'记录已被锁定');
INSERT INTO SM_CHECK_DEF (TABLE_ID,CHECK_TYPE,CHECK_ORDER,CHECK_KIND,FIELD_NAME,REF_TABLE,REF_FIELD,EXPECT_VALUE,ERR_MSG) VALUES ('TBLID_BPRODCODE','EDITCOMP',1,'NOTNULL','PROD_CODE_CAT',NULL,NULL,NULL,'PROD_CODE_CAT不能为空');
INSERT INTO SM_CHECK_DEF (TABLE_ID,CHECK_TYPE,CHECK_ORDER,CHECK_KIND,FIELD_NAME,REF_TABLE,REF_FIELD,EXPECT_VALUE,ERR_MSG) VALUES ('TBLID_BPRODCODE','EDITCOMP',2,'STAT_N',NULL,NULL,NULL,NULL,'记录不是编辑态');
INSERT INTO SM_CHECK_DEF (TABLE_ID,CHECK_TYPE,CHECK_ORDER,CHECK_KIND,FIELD_NAME,REF_TABLE,REF_FIELD,EXPECT_VALUE,ERR_MSG) VALUES ('TBLID_BPRODCODE','EDITCOMP',3,'LOCK_FREE',NULL,NULL,NULL,NULL,'记录已被锁定');
INSERT INTO SM_CHECK_DEF (TABLE_ID,CHECK_TYPE,CHECK_ORDER,CHECK_KIND,FIELD_NAME,REF_TABLE,REF_FIELD,EXPECT_VALUE,ERR_MSG) VALUES ('TBLID_BPRODCODE','EDITCOMP',4,'COMP_N',NULL,NULL,NULL,NULL,'记录已编辑完成');

-- BREJECTCODE (7 fields)
INSERT INTO SM_TABLE_DEF (TABLE_ID,TABLE_NAME,JP_TITLE,US_TITLE,RELEASE_FLAG,DISTRIBUTE_FLAG,PERMISSION_TYPE,SCHEMA_TYPE,HAS_DUMMY,SORT_NO) VALUES ('TBLID_BREJECTCODE','BREJECTCODE','BREJECTCODE','BREJECTCODE','Y','N','C','L','N',340);
INSERT INTO SM_FIELD_DEF (TABLE_ID,FIELD_NAME,JP_TITLE,US_TITLE,DB_TYPE,DB_LENGTH,IS_KEY,NOT_BLANK,IS_DUMMY,IS_SEARCH_ITEM,SORT_NO,TREE_LEVEL,SHEET_NO,PAGE_NO,PROPERTY_NO,IS_AUTO,IS_MANDATORY,SYSTEM_READONLY,FIELD_TYPE,FIELD_LENGTH,INPUT_ALPHABET,INPUT_MULTIBYTE,INPUT_NUMERIC,INPUT_SYMBOL,INPUT_UPPERCASE,RETRIEVAL_TABLE,FORMAT,DEFAULT_VALUE,MIN_VALUE,MAX_VALUE,CALENDAR_BUTTON,JUMP_BUTTON,OPEN_BUTTON,REF_TABLE_ID,REF_FIELD_NAME,SPECIAL_BUTTON) VALUES ('TBLID_BREJECTCODE','OPE_ID','OPE_ID','OPE_ID','STRING',8,'Y','Y','N','Y',0,0,0,0,0,'N','N','N','STRING',8,'Y',0,'Y','Y','Y','NONE',NULL,NULL,NULL,NULL,'N','N',0,NULL,NULL,0);
INSERT INTO SM_FIELD_DEF (TABLE_ID,FIELD_NAME,JP_TITLE,US_TITLE,DB_TYPE,DB_LENGTH,IS_KEY,NOT_BLANK,IS_DUMMY,IS_SEARCH_ITEM,SORT_NO,TREE_LEVEL,SHEET_NO,PAGE_NO,PROPERTY_NO,IS_AUTO,IS_MANDATORY,SYSTEM_READONLY,FIELD_TYPE,FIELD_LENGTH,INPUT_ALPHABET,INPUT_MULTIBYTE,INPUT_NUMERIC,INPUT_SYMBOL,INPUT_UPPERCASE,RETRIEVAL_TABLE,FORMAT,DEFAULT_VALUE,MIN_VALUE,MAX_VALUE,CALENDAR_BUTTON,JUMP_BUTTON,OPEN_BUTTON,REF_TABLE_ID,REF_FIELD_NAME,SPECIAL_BUTTON) VALUES ('TBLID_BREJECTCODE','REJRSN_CODE_CAT','REJRSN_CODE_CAT','REJRSN_CODE_CAT','STRING',10,'N','Y','N','Y',1,-1,0,0,1,'N','N','N','STRING',10,'Y',0,'Y','Y','Y','NONE',NULL,NULL,NULL,NULL,'N','N',0,NULL,NULL,0);
INSERT INTO SM_FIELD_DEF (TABLE_ID,FIELD_NAME,JP_TITLE,US_TITLE,DB_TYPE,DB_LENGTH,IS_KEY,NOT_BLANK,IS_DUMMY,IS_SEARCH_ITEM,SORT_NO,TREE_LEVEL,SHEET_NO,PAGE_NO,PROPERTY_NO,IS_AUTO,IS_MANDATORY,SYSTEM_READONLY,FIELD_TYPE,FIELD_LENGTH,INPUT_ALPHABET,INPUT_MULTIBYTE,INPUT_NUMERIC,INPUT_SYMBOL,INPUT_UPPERCASE,RETRIEVAL_TABLE,FORMAT,DEFAULT_VALUE,MIN_VALUE,MAX_VALUE,CALENDAR_BUTTON,JUMP_BUTTON,OPEN_BUTTON,REF_TABLE_ID,REF_FIELD_NAME,SPECIAL_BUTTON) VALUES ('TBLID_BREJECTCODE','REJRSN_CODE','REJRSN_CODE','REJRSN_CODE','STRING',10,'N','Y','N','Y',2,-1,0,0,2,'N','N','N','STRING',10,'Y',0,'Y','Y','Y','NONE',NULL,NULL,NULL,NULL,'N','N',0,NULL,NULL,0);
INSERT INTO SM_FIELD_DEF (TABLE_ID,FIELD_NAME,JP_TITLE,US_TITLE,DB_TYPE,DB_LENGTH,IS_KEY,NOT_BLANK,IS_DUMMY,IS_SEARCH_ITEM,SORT_NO,TREE_LEVEL,SHEET_NO,PAGE_NO,PROPERTY_NO,IS_AUTO,IS_MANDATORY,SYSTEM_READONLY,FIELD_TYPE,FIELD_LENGTH,INPUT_ALPHABET,INPUT_MULTIBYTE,INPUT_NUMERIC,INPUT_SYMBOL,INPUT_UPPERCASE,RETRIEVAL_TABLE,FORMAT,DEFAULT_VALUE,MIN_VALUE,MAX_VALUE,CALENDAR_BUTTON,JUMP_BUTTON,OPEN_BUTTON,REF_TABLE_ID,REF_FIELD_NAME,SPECIAL_BUTTON) VALUES ('TBLID_BREJECTCODE','REJRSN_CODE_NAME','REJRSN_CODE_NAME','REJRSN_CODE_NAME','STRING',40,'N','Y','N','Y',3,-1,0,0,3,'N','N','N','STRING',40,'Y',0,'Y','Y','Y','NONE',NULL,NULL,NULL,NULL,'N','N',0,NULL,NULL,0);
INSERT INTO SM_FIELD_DEF (TABLE_ID,FIELD_NAME,JP_TITLE,US_TITLE,DB_TYPE,DB_LENGTH,IS_KEY,NOT_BLANK,IS_DUMMY,IS_SEARCH_ITEM,SORT_NO,TREE_LEVEL,SHEET_NO,PAGE_NO,PROPERTY_NO,IS_AUTO,IS_MANDATORY,SYSTEM_READONLY,FIELD_TYPE,FIELD_LENGTH,INPUT_ALPHABET,INPUT_MULTIBYTE,INPUT_NUMERIC,INPUT_SYMBOL,INPUT_UPPERCASE,RETRIEVAL_TABLE,FORMAT,DEFAULT_VALUE,MIN_VALUE,MAX_VALUE,CALENDAR_BUTTON,JUMP_BUTTON,OPEN_BUTTON,REF_TABLE_ID,REF_FIELD_NAME,SPECIAL_BUTTON) VALUES ('TBLID_BREJECTCODE','REJRSN_CODE_DESC','REJRSN_CODE_DESC','REJRSN_CODE_DESC','STRING',80,'N','Y','N','Y',4,-1,0,0,4,'N','N','N','STRING',80,'Y',0,'Y','Y','Y','NONE',NULL,NULL,NULL,NULL,'N','N',0,NULL,NULL,0);
INSERT INTO SM_FIELD_DEF (TABLE_ID,FIELD_NAME,JP_TITLE,US_TITLE,DB_TYPE,DB_LENGTH,IS_KEY,NOT_BLANK,IS_DUMMY,IS_SEARCH_ITEM,SORT_NO,TREE_LEVEL,SHEET_NO,PAGE_NO,PROPERTY_NO,IS_AUTO,IS_MANDATORY,SYSTEM_READONLY,FIELD_TYPE,FIELD_LENGTH,INPUT_ALPHABET,INPUT_MULTIBYTE,INPUT_NUMERIC,INPUT_SYMBOL,INPUT_UPPERCASE,RETRIEVAL_TABLE,FORMAT,DEFAULT_VALUE,MIN_VALUE,MAX_VALUE,CALENDAR_BUTTON,JUMP_BUTTON,OPEN_BUTTON,REF_TABLE_ID,REF_FIELD_NAME,SPECIAL_BUTTON) VALUES ('TBLID_BREJECTCODE','REJRSN_CODE_STG_ID','REJRSN_CODE_STG_ID','REJRSN_CODE_STG_ID','STRING',12,'N','Y','N','Y',5,-1,0,0,5,'N','N','N','STRING',12,'Y',0,'Y','Y','Y','NONE',NULL,NULL,NULL,NULL,'N','N',0,NULL,NULL,0);
INSERT INTO SM_FIELD_DEF (TABLE_ID,FIELD_NAME,JP_TITLE,US_TITLE,DB_TYPE,DB_LENGTH,IS_KEY,NOT_BLANK,IS_DUMMY,IS_SEARCH_ITEM,SORT_NO,TREE_LEVEL,SHEET_NO,PAGE_NO,PROPERTY_NO,IS_AUTO,IS_MANDATORY,SYSTEM_READONLY,FIELD_TYPE,FIELD_LENGTH,INPUT_ALPHABET,INPUT_MULTIBYTE,INPUT_NUMERIC,INPUT_SYMBOL,INPUT_UPPERCASE,RETRIEVAL_TABLE,FORMAT,DEFAULT_VALUE,MIN_VALUE,MAX_VALUE,CALENDAR_BUTTON,JUMP_BUTTON,OPEN_BUTTON,REF_TABLE_ID,REF_FIELD_NAME,SPECIAL_BUTTON) VALUES ('TBLID_BREJECTCODE','REL_OPE_ID','REL_OPE_ID','REL_OPE_ID','STRING',8,'N','Y','N','Y',6,-1,0,0,6,'N','N','N','STRING',8,'Y',0,'Y','Y','Y','NONE',NULL,NULL,NULL,NULL,'N','N',0,NULL,NULL,0);
INSERT INTO SM_CHECK_DEF (TABLE_ID,CHECK_TYPE,CHECK_ORDER,CHECK_KIND,FIELD_NAME,REF_TABLE,REF_FIELD,EXPECT_VALUE,ERR_MSG) VALUES ('TBLID_BREJECTCODE','SAVE',1,'NOTNULL','OPE_ID',NULL,NULL,NULL,'OPE_ID不能为空');
INSERT INTO SM_CHECK_DEF (TABLE_ID,CHECK_TYPE,CHECK_ORDER,CHECK_KIND,FIELD_NAME,REF_TABLE,REF_FIELD,EXPECT_VALUE,ERR_MSG) VALUES ('TBLID_BREJECTCODE','SAVE',2,'STAT_N',NULL,NULL,NULL,NULL,'记录不是编辑态');
INSERT INTO SM_CHECK_DEF (TABLE_ID,CHECK_TYPE,CHECK_ORDER,CHECK_KIND,FIELD_NAME,REF_TABLE,REF_FIELD,EXPECT_VALUE,ERR_MSG) VALUES ('TBLID_BREJECTCODE','SAVE',3,'LOCK_FREE',NULL,NULL,NULL,NULL,'记录已被锁定');
INSERT INTO SM_CHECK_DEF (TABLE_ID,CHECK_TYPE,CHECK_ORDER,CHECK_KIND,FIELD_NAME,REF_TABLE,REF_FIELD,EXPECT_VALUE,ERR_MSG) VALUES ('TBLID_BREJECTCODE','RELEASE',1,'NOTNULL','OPE_ID',NULL,NULL,NULL,'OPE_ID不能为空');
INSERT INTO SM_CHECK_DEF (TABLE_ID,CHECK_TYPE,CHECK_ORDER,CHECK_KIND,FIELD_NAME,REF_TABLE,REF_FIELD,EXPECT_VALUE,ERR_MSG) VALUES ('TBLID_BREJECTCODE','RELEASE',2,'STAT_N',NULL,NULL,NULL,NULL,'记录不是编辑态');
INSERT INTO SM_CHECK_DEF (TABLE_ID,CHECK_TYPE,CHECK_ORDER,CHECK_KIND,FIELD_NAME,REF_TABLE,REF_FIELD,EXPECT_VALUE,ERR_MSG) VALUES ('TBLID_BREJECTCODE','RELEASE',3,'LOCK_FREE',NULL,NULL,NULL,NULL,'记录已被锁定');
INSERT INTO SM_CHECK_DEF (TABLE_ID,CHECK_TYPE,CHECK_ORDER,CHECK_KIND,FIELD_NAME,REF_TABLE,REF_FIELD,EXPECT_VALUE,ERR_MSG) VALUES ('TBLID_BREJECTCODE','RELEASE',10,'RELEASE_PARAM','OPE_ID','DREJECTCODE',NULL,NULL,NULL);
INSERT INTO SM_CHECK_DEF (TABLE_ID,CHECK_TYPE,CHECK_ORDER,CHECK_KIND,FIELD_NAME,REF_TABLE,REF_FIELD,EXPECT_VALUE,ERR_MSG) VALUES ('TBLID_BREJECTCODE','DELETE',1,'NOTNULL','OPE_ID',NULL,NULL,NULL,'OPE_ID不能为空');
INSERT INTO SM_CHECK_DEF (TABLE_ID,CHECK_TYPE,CHECK_ORDER,CHECK_KIND,FIELD_NAME,REF_TABLE,REF_FIELD,EXPECT_VALUE,ERR_MSG) VALUES ('TBLID_BREJECTCODE','DELETE',2,'STAT_Y',NULL,NULL,NULL,NULL,'记录不是已发布态');
INSERT INTO SM_CHECK_DEF (TABLE_ID,CHECK_TYPE,CHECK_ORDER,CHECK_KIND,FIELD_NAME,REF_TABLE,REF_FIELD,EXPECT_VALUE,ERR_MSG) VALUES ('TBLID_BREJECTCODE','DELETE',3,'LOCK_FREE',NULL,NULL,NULL,NULL,'记录已被锁定');
INSERT INTO SM_CHECK_DEF (TABLE_ID,CHECK_TYPE,CHECK_ORDER,CHECK_KIND,FIELD_NAME,REF_TABLE,REF_FIELD,EXPECT_VALUE,ERR_MSG) VALUES ('TBLID_BREJECTCODE','EDITCOMP',1,'NOTNULL','OPE_ID',NULL,NULL,NULL,'OPE_ID不能为空');
INSERT INTO SM_CHECK_DEF (TABLE_ID,CHECK_TYPE,CHECK_ORDER,CHECK_KIND,FIELD_NAME,REF_TABLE,REF_FIELD,EXPECT_VALUE,ERR_MSG) VALUES ('TBLID_BREJECTCODE','EDITCOMP',2,'STAT_N',NULL,NULL,NULL,NULL,'记录不是编辑态');
INSERT INTO SM_CHECK_DEF (TABLE_ID,CHECK_TYPE,CHECK_ORDER,CHECK_KIND,FIELD_NAME,REF_TABLE,REF_FIELD,EXPECT_VALUE,ERR_MSG) VALUES ('TBLID_BREJECTCODE','EDITCOMP',3,'LOCK_FREE',NULL,NULL,NULL,NULL,'记录已被锁定');
INSERT INTO SM_CHECK_DEF (TABLE_ID,CHECK_TYPE,CHECK_ORDER,CHECK_KIND,FIELD_NAME,REF_TABLE,REF_FIELD,EXPECT_VALUE,ERR_MSG) VALUES ('TBLID_BREJECTCODE','EDITCOMP',4,'COMP_N',NULL,NULL,NULL,NULL,'记录已编辑完成');

-- BREJECTCODE_STG (3 fields)
INSERT INTO SM_TABLE_DEF (TABLE_ID,TABLE_NAME,JP_TITLE,US_TITLE,RELEASE_FLAG,DISTRIBUTE_FLAG,PERMISSION_TYPE,SCHEMA_TYPE,HAS_DUMMY,SORT_NO) VALUES ('TBLID_BREJECTCODE_STG','BREJECTCODE_STG','BREJECTCODE_STG','BREJECTCODE_STG','Y','N','C','L','N',350);
INSERT INTO SM_FIELD_DEF (TABLE_ID,FIELD_NAME,JP_TITLE,US_TITLE,DB_TYPE,DB_LENGTH,IS_KEY,NOT_BLANK,IS_DUMMY,IS_SEARCH_ITEM,SORT_NO,TREE_LEVEL,SHEET_NO,PAGE_NO,PROPERTY_NO,IS_AUTO,IS_MANDATORY,SYSTEM_READONLY,FIELD_TYPE,FIELD_LENGTH,INPUT_ALPHABET,INPUT_MULTIBYTE,INPUT_NUMERIC,INPUT_SYMBOL,INPUT_UPPERCASE,RETRIEVAL_TABLE,FORMAT,DEFAULT_VALUE,MIN_VALUE,MAX_VALUE,CALENDAR_BUTTON,JUMP_BUTTON,OPEN_BUTTON,REF_TABLE_ID,REF_FIELD_NAME,SPECIAL_BUTTON) VALUES ('TBLID_BREJECTCODE_STG','REJRSN_CODE_STG_ID','REJRSN_CODE_STG_ID','REJRSN_CODE_STG_ID','STRING',12,'Y','Y','N','Y',0,0,0,0,0,'N','N','N','STRING',12,'Y',0,'Y','Y','Y','NONE',NULL,NULL,NULL,NULL,'N','N',0,NULL,NULL,0);
INSERT INTO SM_FIELD_DEF (TABLE_ID,FIELD_NAME,JP_TITLE,US_TITLE,DB_TYPE,DB_LENGTH,IS_KEY,NOT_BLANK,IS_DUMMY,IS_SEARCH_ITEM,SORT_NO,TREE_LEVEL,SHEET_NO,PAGE_NO,PROPERTY_NO,IS_AUTO,IS_MANDATORY,SYSTEM_READONLY,FIELD_TYPE,FIELD_LENGTH,INPUT_ALPHABET,INPUT_MULTIBYTE,INPUT_NUMERIC,INPUT_SYMBOL,INPUT_UPPERCASE,RETRIEVAL_TABLE,FORMAT,DEFAULT_VALUE,MIN_VALUE,MAX_VALUE,CALENDAR_BUTTON,JUMP_BUTTON,OPEN_BUTTON,REF_TABLE_ID,REF_FIELD_NAME,SPECIAL_BUTTON) VALUES ('TBLID_BREJECTCODE_STG','REJRSN_CODE_STG_NAME','REJRSN_CODE_STG_NAME','REJRSN_CODE_STG_NAME','STRING',40,'N','Y','N','Y',1,-1,0,0,1,'N','N','N','STRING',40,'Y',0,'Y','Y','Y','NONE',NULL,NULL,NULL,NULL,'N','N',0,NULL,NULL,0);
INSERT INTO SM_FIELD_DEF (TABLE_ID,FIELD_NAME,JP_TITLE,US_TITLE,DB_TYPE,DB_LENGTH,IS_KEY,NOT_BLANK,IS_DUMMY,IS_SEARCH_ITEM,SORT_NO,TREE_LEVEL,SHEET_NO,PAGE_NO,PROPERTY_NO,IS_AUTO,IS_MANDATORY,SYSTEM_READONLY,FIELD_TYPE,FIELD_LENGTH,INPUT_ALPHABET,INPUT_MULTIBYTE,INPUT_NUMERIC,INPUT_SYMBOL,INPUT_UPPERCASE,RETRIEVAL_TABLE,FORMAT,DEFAULT_VALUE,MIN_VALUE,MAX_VALUE,CALENDAR_BUTTON,JUMP_BUTTON,OPEN_BUTTON,REF_TABLE_ID,REF_FIELD_NAME,SPECIAL_BUTTON) VALUES ('TBLID_BREJECTCODE_STG','REJRSN_CODE_STG_DESC','REJRSN_CODE_STG_DESC','REJRSN_CODE_STG_DESC','STRING',80,'N','Y','N','Y',2,-1,0,0,2,'N','N','N','STRING',80,'Y',0,'Y','Y','Y','NONE',NULL,NULL,NULL,NULL,'N','N',0,NULL,NULL,0);
INSERT INTO SM_CHECK_DEF (TABLE_ID,CHECK_TYPE,CHECK_ORDER,CHECK_KIND,FIELD_NAME,REF_TABLE,REF_FIELD,EXPECT_VALUE,ERR_MSG) VALUES ('TBLID_BREJECTCODE_STG','SAVE',1,'NOTNULL','REJRSN_CODE_STG_ID',NULL,NULL,NULL,'REJRSN_CODE_STG_ID不能为空');
INSERT INTO SM_CHECK_DEF (TABLE_ID,CHECK_TYPE,CHECK_ORDER,CHECK_KIND,FIELD_NAME,REF_TABLE,REF_FIELD,EXPECT_VALUE,ERR_MSG) VALUES ('TBLID_BREJECTCODE_STG','SAVE',2,'STAT_N',NULL,NULL,NULL,NULL,'记录不是编辑态');
INSERT INTO SM_CHECK_DEF (TABLE_ID,CHECK_TYPE,CHECK_ORDER,CHECK_KIND,FIELD_NAME,REF_TABLE,REF_FIELD,EXPECT_VALUE,ERR_MSG) VALUES ('TBLID_BREJECTCODE_STG','SAVE',3,'LOCK_FREE',NULL,NULL,NULL,NULL,'记录已被锁定');
INSERT INTO SM_CHECK_DEF (TABLE_ID,CHECK_TYPE,CHECK_ORDER,CHECK_KIND,FIELD_NAME,REF_TABLE,REF_FIELD,EXPECT_VALUE,ERR_MSG) VALUES ('TBLID_BREJECTCODE_STG','RELEASE',1,'NOTNULL','REJRSN_CODE_STG_ID',NULL,NULL,NULL,'REJRSN_CODE_STG_ID不能为空');
INSERT INTO SM_CHECK_DEF (TABLE_ID,CHECK_TYPE,CHECK_ORDER,CHECK_KIND,FIELD_NAME,REF_TABLE,REF_FIELD,EXPECT_VALUE,ERR_MSG) VALUES ('TBLID_BREJECTCODE_STG','RELEASE',2,'STAT_N',NULL,NULL,NULL,NULL,'记录不是编辑态');
INSERT INTO SM_CHECK_DEF (TABLE_ID,CHECK_TYPE,CHECK_ORDER,CHECK_KIND,FIELD_NAME,REF_TABLE,REF_FIELD,EXPECT_VALUE,ERR_MSG) VALUES ('TBLID_BREJECTCODE_STG','RELEASE',3,'LOCK_FREE',NULL,NULL,NULL,NULL,'记录已被锁定');
INSERT INTO SM_CHECK_DEF (TABLE_ID,CHECK_TYPE,CHECK_ORDER,CHECK_KIND,FIELD_NAME,REF_TABLE,REF_FIELD,EXPECT_VALUE,ERR_MSG) VALUES ('TBLID_BREJECTCODE_STG','RELEASE',10,'RELEASE_PARAM','REJRSN_CODE_STG_ID','DREJECTCODE_STG',NULL,NULL,NULL);
INSERT INTO SM_CHECK_DEF (TABLE_ID,CHECK_TYPE,CHECK_ORDER,CHECK_KIND,FIELD_NAME,REF_TABLE,REF_FIELD,EXPECT_VALUE,ERR_MSG) VALUES ('TBLID_BREJECTCODE_STG','DELETE',1,'NOTNULL','REJRSN_CODE_STG_ID',NULL,NULL,NULL,'REJRSN_CODE_STG_ID不能为空');
INSERT INTO SM_CHECK_DEF (TABLE_ID,CHECK_TYPE,CHECK_ORDER,CHECK_KIND,FIELD_NAME,REF_TABLE,REF_FIELD,EXPECT_VALUE,ERR_MSG) VALUES ('TBLID_BREJECTCODE_STG','DELETE',2,'STAT_Y',NULL,NULL,NULL,NULL,'记录不是已发布态');
INSERT INTO SM_CHECK_DEF (TABLE_ID,CHECK_TYPE,CHECK_ORDER,CHECK_KIND,FIELD_NAME,REF_TABLE,REF_FIELD,EXPECT_VALUE,ERR_MSG) VALUES ('TBLID_BREJECTCODE_STG','DELETE',3,'LOCK_FREE',NULL,NULL,NULL,NULL,'记录已被锁定');
INSERT INTO SM_CHECK_DEF (TABLE_ID,CHECK_TYPE,CHECK_ORDER,CHECK_KIND,FIELD_NAME,REF_TABLE,REF_FIELD,EXPECT_VALUE,ERR_MSG) VALUES ('TBLID_BREJECTCODE_STG','EDITCOMP',1,'NOTNULL','REJRSN_CODE_STG_ID',NULL,NULL,NULL,'REJRSN_CODE_STG_ID不能为空');
INSERT INTO SM_CHECK_DEF (TABLE_ID,CHECK_TYPE,CHECK_ORDER,CHECK_KIND,FIELD_NAME,REF_TABLE,REF_FIELD,EXPECT_VALUE,ERR_MSG) VALUES ('TBLID_BREJECTCODE_STG','EDITCOMP',2,'STAT_N',NULL,NULL,NULL,NULL,'记录不是编辑态');
INSERT INTO SM_CHECK_DEF (TABLE_ID,CHECK_TYPE,CHECK_ORDER,CHECK_KIND,FIELD_NAME,REF_TABLE,REF_FIELD,EXPECT_VALUE,ERR_MSG) VALUES ('TBLID_BREJECTCODE_STG','EDITCOMP',3,'LOCK_FREE',NULL,NULL,NULL,NULL,'记录已被锁定');
INSERT INTO SM_CHECK_DEF (TABLE_ID,CHECK_TYPE,CHECK_ORDER,CHECK_KIND,FIELD_NAME,REF_TABLE,REF_FIELD,EXPECT_VALUE,ERR_MSG) VALUES ('TBLID_BREJECTCODE_STG','EDITCOMP',4,'COMP_N',NULL,NULL,NULL,NULL,'记录已编辑完成');

-- BUSERG_FUNC (5 fields)
INSERT INTO SM_TABLE_DEF (TABLE_ID,TABLE_NAME,JP_TITLE,US_TITLE,RELEASE_FLAG,DISTRIBUTE_FLAG,PERMISSION_TYPE,SCHEMA_TYPE,HAS_DUMMY,SORT_NO) VALUES ('TBLID_BUSERG_FUNC','BUSERG_FUNC','BUSERG_FUNC','BUSERG_FUNC','Y','N','C','L','N',360);
INSERT INTO SM_FIELD_DEF (TABLE_ID,FIELD_NAME,JP_TITLE,US_TITLE,DB_TYPE,DB_LENGTH,IS_KEY,NOT_BLANK,IS_DUMMY,IS_SEARCH_ITEM,SORT_NO,TREE_LEVEL,SHEET_NO,PAGE_NO,PROPERTY_NO,IS_AUTO,IS_MANDATORY,SYSTEM_READONLY,FIELD_TYPE,FIELD_LENGTH,INPUT_ALPHABET,INPUT_MULTIBYTE,INPUT_NUMERIC,INPUT_SYMBOL,INPUT_UPPERCASE,RETRIEVAL_TABLE,FORMAT,DEFAULT_VALUE,MIN_VALUE,MAX_VALUE,CALENDAR_BUTTON,JUMP_BUTTON,OPEN_BUTTON,REF_TABLE_ID,REF_FIELD_NAME,SPECIAL_BUTTON) VALUES ('TBLID_BUSERG_FUNC','USERG_ID','USERG_ID','USERG_ID','STRING',10,'Y','Y','N','Y',0,0,0,0,0,'N','N','N','STRING',10,'Y',0,'Y','Y','Y','NONE',NULL,NULL,NULL,NULL,'N','N',0,NULL,NULL,0);
INSERT INTO SM_FIELD_DEF (TABLE_ID,FIELD_NAME,JP_TITLE,US_TITLE,DB_TYPE,DB_LENGTH,IS_KEY,NOT_BLANK,IS_DUMMY,IS_SEARCH_ITEM,SORT_NO,TREE_LEVEL,SHEET_NO,PAGE_NO,PROPERTY_NO,IS_AUTO,IS_MANDATORY,SYSTEM_READONLY,FIELD_TYPE,FIELD_LENGTH,INPUT_ALPHABET,INPUT_MULTIBYTE,INPUT_NUMERIC,INPUT_SYMBOL,INPUT_UPPERCASE,RETRIEVAL_TABLE,FORMAT,DEFAULT_VALUE,MIN_VALUE,MAX_VALUE,CALENDAR_BUTTON,JUMP_BUTTON,OPEN_BUTTON,REF_TABLE_ID,REF_FIELD_NAME,SPECIAL_BUTTON) VALUES ('TBLID_BUSERG_FUNC','SUB_SYS_ID','SUB_SYS_ID','SUB_SYS_ID','STRING',40,'N','Y','N','Y',1,-1,0,0,1,'N','N','N','STRING',40,'Y',0,'Y','Y','Y','NONE',NULL,NULL,NULL,NULL,'N','N',0,NULL,NULL,0);
INSERT INTO SM_FIELD_DEF (TABLE_ID,FIELD_NAME,JP_TITLE,US_TITLE,DB_TYPE,DB_LENGTH,IS_KEY,NOT_BLANK,IS_DUMMY,IS_SEARCH_ITEM,SORT_NO,TREE_LEVEL,SHEET_NO,PAGE_NO,PROPERTY_NO,IS_AUTO,IS_MANDATORY,SYSTEM_READONLY,FIELD_TYPE,FIELD_LENGTH,INPUT_ALPHABET,INPUT_MULTIBYTE,INPUT_NUMERIC,INPUT_SYMBOL,INPUT_UPPERCASE,RETRIEVAL_TABLE,FORMAT,DEFAULT_VALUE,MIN_VALUE,MAX_VALUE,CALENDAR_BUTTON,JUMP_BUTTON,OPEN_BUTTON,REF_TABLE_ID,REF_FIELD_NAME,SPECIAL_BUTTON) VALUES ('TBLID_BUSERG_FUNC','FUNCTION_ID','FUNCTION_ID','FUNCTION_ID','STRING',40,'N','Y','N','Y',2,-1,0,0,2,'N','N','N','STRING',40,'Y',0,'Y','Y','Y','NONE',NULL,NULL,NULL,NULL,'N','N',0,NULL,NULL,0);
INSERT INTO SM_FIELD_DEF (TABLE_ID,FIELD_NAME,JP_TITLE,US_TITLE,DB_TYPE,DB_LENGTH,IS_KEY,NOT_BLANK,IS_DUMMY,IS_SEARCH_ITEM,SORT_NO,TREE_LEVEL,SHEET_NO,PAGE_NO,PROPERTY_NO,IS_AUTO,IS_MANDATORY,SYSTEM_READONLY,FIELD_TYPE,FIELD_LENGTH,INPUT_ALPHABET,INPUT_MULTIBYTE,INPUT_NUMERIC,INPUT_SYMBOL,INPUT_UPPERCASE,RETRIEVAL_TABLE,FORMAT,DEFAULT_VALUE,MIN_VALUE,MAX_VALUE,CALENDAR_BUTTON,JUMP_BUTTON,OPEN_BUTTON,REF_TABLE_ID,REF_FIELD_NAME,SPECIAL_BUTTON) VALUES ('TBLID_BUSERG_FUNC','FUNCTION_DESC','FUNCTION_DESC','FUNCTION_DESC','STRING',80,'N','Y','N','Y',3,-1,0,0,3,'N','N','N','STRING',80,'Y',0,'Y','Y','Y','NONE',NULL,NULL,NULL,NULL,'N','N',0,NULL,NULL,0);
INSERT INTO SM_FIELD_DEF (TABLE_ID,FIELD_NAME,JP_TITLE,US_TITLE,DB_TYPE,DB_LENGTH,IS_KEY,NOT_BLANK,IS_DUMMY,IS_SEARCH_ITEM,SORT_NO,TREE_LEVEL,SHEET_NO,PAGE_NO,PROPERTY_NO,IS_AUTO,IS_MANDATORY,SYSTEM_READONLY,FIELD_TYPE,FIELD_LENGTH,INPUT_ALPHABET,INPUT_MULTIBYTE,INPUT_NUMERIC,INPUT_SYMBOL,INPUT_UPPERCASE,RETRIEVAL_TABLE,FORMAT,DEFAULT_VALUE,MIN_VALUE,MAX_VALUE,CALENDAR_BUTTON,JUMP_BUTTON,OPEN_BUTTON,REF_TABLE_ID,REF_FIELD_NAME,SPECIAL_BUTTON) VALUES ('TBLID_BUSERG_FUNC','ACCESS_ID','ACCESS_ID','ACCESS_ID','STRING',1,'N','Y','N','Y',4,-1,0,0,4,'N','N','N','STRING',1,'Y',0,'Y','Y','Y','NONE',NULL,NULL,NULL,NULL,'N','N',0,NULL,NULL,0);
INSERT INTO SM_CHECK_DEF (TABLE_ID,CHECK_TYPE,CHECK_ORDER,CHECK_KIND,FIELD_NAME,REF_TABLE,REF_FIELD,EXPECT_VALUE,ERR_MSG) VALUES ('TBLID_BUSERG_FUNC','SAVE',1,'NOTNULL','USERG_ID',NULL,NULL,NULL,'USERG_ID不能为空');
INSERT INTO SM_CHECK_DEF (TABLE_ID,CHECK_TYPE,CHECK_ORDER,CHECK_KIND,FIELD_NAME,REF_TABLE,REF_FIELD,EXPECT_VALUE,ERR_MSG) VALUES ('TBLID_BUSERG_FUNC','SAVE',2,'STAT_N',NULL,NULL,NULL,NULL,'记录不是编辑态');
INSERT INTO SM_CHECK_DEF (TABLE_ID,CHECK_TYPE,CHECK_ORDER,CHECK_KIND,FIELD_NAME,REF_TABLE,REF_FIELD,EXPECT_VALUE,ERR_MSG) VALUES ('TBLID_BUSERG_FUNC','SAVE',3,'LOCK_FREE',NULL,NULL,NULL,NULL,'记录已被锁定');
INSERT INTO SM_CHECK_DEF (TABLE_ID,CHECK_TYPE,CHECK_ORDER,CHECK_KIND,FIELD_NAME,REF_TABLE,REF_FIELD,EXPECT_VALUE,ERR_MSG) VALUES ('TBLID_BUSERG_FUNC','RELEASE',1,'NOTNULL','USERG_ID',NULL,NULL,NULL,'USERG_ID不能为空');
INSERT INTO SM_CHECK_DEF (TABLE_ID,CHECK_TYPE,CHECK_ORDER,CHECK_KIND,FIELD_NAME,REF_TABLE,REF_FIELD,EXPECT_VALUE,ERR_MSG) VALUES ('TBLID_BUSERG_FUNC','RELEASE',2,'STAT_N',NULL,NULL,NULL,NULL,'记录不是编辑态');
INSERT INTO SM_CHECK_DEF (TABLE_ID,CHECK_TYPE,CHECK_ORDER,CHECK_KIND,FIELD_NAME,REF_TABLE,REF_FIELD,EXPECT_VALUE,ERR_MSG) VALUES ('TBLID_BUSERG_FUNC','RELEASE',3,'LOCK_FREE',NULL,NULL,NULL,NULL,'记录已被锁定');
INSERT INTO SM_CHECK_DEF (TABLE_ID,CHECK_TYPE,CHECK_ORDER,CHECK_KIND,FIELD_NAME,REF_TABLE,REF_FIELD,EXPECT_VALUE,ERR_MSG) VALUES ('TBLID_BUSERG_FUNC','RELEASE',10,'RELEASE_PARAM','USERG_ID','DUSERG_FUNC',NULL,NULL,NULL);
INSERT INTO SM_CHECK_DEF (TABLE_ID,CHECK_TYPE,CHECK_ORDER,CHECK_KIND,FIELD_NAME,REF_TABLE,REF_FIELD,EXPECT_VALUE,ERR_MSG) VALUES ('TBLID_BUSERG_FUNC','DELETE',1,'NOTNULL','USERG_ID',NULL,NULL,NULL,'USERG_ID不能为空');
INSERT INTO SM_CHECK_DEF (TABLE_ID,CHECK_TYPE,CHECK_ORDER,CHECK_KIND,FIELD_NAME,REF_TABLE,REF_FIELD,EXPECT_VALUE,ERR_MSG) VALUES ('TBLID_BUSERG_FUNC','DELETE',2,'STAT_Y',NULL,NULL,NULL,NULL,'记录不是已发布态');
INSERT INTO SM_CHECK_DEF (TABLE_ID,CHECK_TYPE,CHECK_ORDER,CHECK_KIND,FIELD_NAME,REF_TABLE,REF_FIELD,EXPECT_VALUE,ERR_MSG) VALUES ('TBLID_BUSERG_FUNC','DELETE',3,'LOCK_FREE',NULL,NULL,NULL,NULL,'记录已被锁定');
INSERT INTO SM_CHECK_DEF (TABLE_ID,CHECK_TYPE,CHECK_ORDER,CHECK_KIND,FIELD_NAME,REF_TABLE,REF_FIELD,EXPECT_VALUE,ERR_MSG) VALUES ('TBLID_BUSERG_FUNC','EDITCOMP',1,'NOTNULL','USERG_ID',NULL,NULL,NULL,'USERG_ID不能为空');
INSERT INTO SM_CHECK_DEF (TABLE_ID,CHECK_TYPE,CHECK_ORDER,CHECK_KIND,FIELD_NAME,REF_TABLE,REF_FIELD,EXPECT_VALUE,ERR_MSG) VALUES ('TBLID_BUSERG_FUNC','EDITCOMP',2,'STAT_N',NULL,NULL,NULL,NULL,'记录不是编辑态');
INSERT INTO SM_CHECK_DEF (TABLE_ID,CHECK_TYPE,CHECK_ORDER,CHECK_KIND,FIELD_NAME,REF_TABLE,REF_FIELD,EXPECT_VALUE,ERR_MSG) VALUES ('TBLID_BUSERG_FUNC','EDITCOMP',3,'LOCK_FREE',NULL,NULL,NULL,NULL,'记录已被锁定');
INSERT INTO SM_CHECK_DEF (TABLE_ID,CHECK_TYPE,CHECK_ORDER,CHECK_KIND,FIELD_NAME,REF_TABLE,REF_FIELD,EXPECT_VALUE,ERR_MSG) VALUES ('TBLID_BUSERG_FUNC','EDITCOMP',4,'COMP_N',NULL,NULL,NULL,NULL,'记录已编辑完成');


VALUES ('BATCH_CAT', '01', 'Normal Batch', 'Standard production batch', 'N', 'ADMIN');

VALUES ('BATCH_CAT', '02', 'Rework Batch', 'Rework process batch', 'N', 'ADMIN');

VALUES ('MEAS_UNIT', 'MM', 'Millimeter', 'Length in mm', 'Y', 'ADMIN');

-- 预插入管理员用户（用于登录验证）
VALUES ('ADMIN', 'admin123', '系统管理员', '默认管理员', 'admin@sm.com', 'ADMIN', '', '', '', '', '', '', '', '', '', 'N', 'SYSTEM');

-- ============================================
-- SM 配置数据：BCODE 表的 TABLEINFOEX 映射
-- ============================================

INSERT INTO SM_TABLE_DEF (TABLE_ID, TABLE_NAME, JP_TITLE, US_TITLE, RELEASE_FLAG, DISTRIBUTE_FLAG, PERMISSION_TYPE, SCHEMA_TYPE, HAS_DUMMY, SORT_NO)
VALUES ('TBLID_BCODE', 'BCODE', '代码表', 'Code', 'Y', 'N', 'C', 'L', 'N', 10);

INSERT INTO SM_FIELD_DEF (TABLE_ID, FIELD_NAME, JP_TITLE, US_TITLE, DB_TYPE, DB_LENGTH, IS_KEY, NOT_BLANK, IS_DUMMY, IS_SEARCH_ITEM, SORT_NO, TREE_LEVEL, SHEET_NO, PAGE_NO, PROPERTY_NO, IS_AUTO, IS_MANDATORY, SYSTEM_READONLY, FIELD_TYPE, FIELD_LENGTH, INPUT_ALPHABET, INPUT_MULTIBYTE, INPUT_NUMERIC, INPUT_SYMBOL, INPUT_UPPERCASE, RETRIEVAL_TABLE, FORMAT, DEFAULT_VALUE, MIN_VALUE, MAX_VALUE, CALENDAR_BUTTON, JUMP_BUTTON, OPEN_BUTTON, REF_TABLE_ID, REF_FIELD_NAME, SPECIAL_BUTTON)
VALUES ('TBLID_BCODE', 'CODE_CAT', '代码分类', 'CODE_CAT', 'STRING', 20, 'Y', 'Y', 'N', 'Y', 0, 0, 0, 0, 0, 'N', 'Y', 'N', 'SELECT', 20, 'Y', 0, 'Y', 'Y', 'Y', 'SYSDATA', 'CODE_CAT', NULL, NULL, NULL, 'N', 'N', 0, NULL, NULL, 0);

INSERT INTO SM_FIELD_DEF (TABLE_ID, FIELD_NAME, JP_TITLE, US_TITLE, DB_TYPE, DB_LENGTH, IS_KEY, NOT_BLANK, IS_DUMMY, IS_SEARCH_ITEM, SORT_NO, TREE_LEVEL, SHEET_NO, PAGE_NO, PROPERTY_NO, IS_AUTO, IS_MANDATORY, SYSTEM_READONLY, FIELD_TYPE, FIELD_LENGTH, INPUT_ALPHABET, INPUT_MULTIBYTE, INPUT_NUMERIC, INPUT_SYMBOL, INPUT_UPPERCASE, RETRIEVAL_TABLE, FORMAT, DEFAULT_VALUE, MIN_VALUE, MAX_VALUE, CALENDAR_BUTTON, JUMP_BUTTON, OPEN_BUTTON, REF_TABLE_ID, REF_FIELD_NAME, SPECIAL_BUTTON)
VALUES ('TBLID_BCODE', 'CODE_ID', '代码ID', 'CODE_ID', 'STRING', 10, 'Y', 'Y', 'N', 'Y', 1, -1, 0, 0, 1, 'N', 'Y', 'N', 'STRING', 10, 'Y', 0, 'Y', 'Y', 'Y', 'NONE', NULL, NULL, NULL, NULL, 'N', 'N', 0, NULL, NULL, 0);

INSERT INTO SM_FIELD_DEF (TABLE_ID, FIELD_NAME, JP_TITLE, US_TITLE, DB_TYPE, DB_LENGTH, IS_KEY, NOT_BLANK, IS_DUMMY, IS_SEARCH_ITEM, SORT_NO, TREE_LEVEL, SHEET_NO, PAGE_NO, PROPERTY_NO, IS_AUTO, IS_MANDATORY, SYSTEM_READONLY, FIELD_TYPE, FIELD_LENGTH, INPUT_ALPHABET, INPUT_MULTIBYTE, INPUT_NUMERIC, INPUT_SYMBOL, INPUT_UPPERCASE, RETRIEVAL_TABLE, FORMAT, DEFAULT_VALUE, MIN_VALUE, MAX_VALUE, CALENDAR_BUTTON, JUMP_BUTTON, OPEN_BUTTON, REF_TABLE_ID, REF_FIELD_NAME, SPECIAL_BUTTON)
VALUES ('TBLID_BCODE', 'CODE_NAME', '代码名称', 'CODE_NAME', 'STRING', 40, 'N', 'N', 'N', 'N', -1, -1, 0, 0, 2, 'N', 'N', 'N', 'STRING', 40, 'Y', 7, 'Y', 'Y', 'N', 'NONE', NULL, NULL, NULL, NULL, 'N', 'N', 0, NULL, NULL, 0);

INSERT INTO SM_FIELD_DEF (TABLE_ID, FIELD_NAME, JP_TITLE, US_TITLE, DB_TYPE, DB_LENGTH, IS_KEY, NOT_BLANK, IS_DUMMY, IS_SEARCH_ITEM, SORT_NO, TREE_LEVEL, SHEET_NO, PAGE_NO, PROPERTY_NO, IS_AUTO, IS_MANDATORY, SYSTEM_READONLY, FIELD_TYPE, FIELD_LENGTH, INPUT_ALPHABET, INPUT_MULTIBYTE, INPUT_NUMERIC, INPUT_SYMBOL, INPUT_UPPERCASE, RETRIEVAL_TABLE, FORMAT, DEFAULT_VALUE, MIN_VALUE, MAX_VALUE, CALENDAR_BUTTON, JUMP_BUTTON, OPEN_BUTTON, REF_TABLE_ID, REF_FIELD_NAME, SPECIAL_BUTTON)
VALUES ('TBLID_BCODE', 'CODE_DESC', '代码详细', 'CODE_DESC', 'STRING', 80, 'N', 'N', 'N', 'N', -1, -1, 0, 0, 3, 'N', 'N', 'N', 'STRING', 80, 'Y', 7, 'Y', 'Y', 'N', 'NONE', NULL, NULL, NULL, NULL, 'N', 'N', 0, NULL, NULL, 0);

-- ============================================
-- SM 配置数据：BUSER 表的 TABLEINFOEX 映射
-- ============================================

INSERT INTO SM_TABLE_DEF (TABLE_ID, TABLE_NAME, JP_TITLE, US_TITLE, RELEASE_FLAG, DISTRIBUTE_FLAG, PERMISSION_TYPE, SCHEMA_TYPE, HAS_DUMMY, SORT_NO)
VALUES ('TBLID_BUSER', 'BUSER', '作业者表', 'User', 'Y', 'N', 'C', 'L', 'Y', 20);

INSERT INTO SM_FIELD_DEF (TABLE_ID, FIELD_NAME, JP_TITLE, US_TITLE, DB_TYPE, DB_LENGTH, IS_KEY, NOT_BLANK, IS_DUMMY, IS_SEARCH_ITEM, SORT_NO, TREE_LEVEL, SHEET_NO, PAGE_NO, PROPERTY_NO, IS_AUTO, IS_MANDATORY, SYSTEM_READONLY, FIELD_TYPE, FIELD_LENGTH, INPUT_ALPHABET, INPUT_MULTIBYTE, INPUT_NUMERIC, INPUT_SYMBOL, INPUT_UPPERCASE, RETRIEVAL_TABLE, FORMAT, DEFAULT_VALUE, MIN_VALUE, MAX_VALUE, CALENDAR_BUTTON, JUMP_BUTTON, OPEN_BUTTON, REF_TABLE_ID, REF_FIELD_NAME, SPECIAL_BUTTON)
VALUES ('TBLID_BUSER', 'USER_ID', '作业者ID', 'USER_ID', 'STRING', 20, 'Y', 'Y', 'N', 'Y', 0, -1, 0, 0, 0, 'N', 'Y', 'N', 'STRING', 20, 'Y', 0, 'Y', 'Y', 'Y', 'NONE', NULL, NULL, NULL, NULL, 'N', 'N', 0, NULL, NULL, 0);

INSERT INTO SM_FIELD_DEF (TABLE_ID, FIELD_NAME, JP_TITLE, US_TITLE, DB_TYPE, DB_LENGTH, IS_KEY, NOT_BLANK, IS_DUMMY, IS_SEARCH_ITEM, SORT_NO, TREE_LEVEL, SHEET_NO, PAGE_NO, PROPERTY_NO, IS_AUTO, IS_MANDATORY, SYSTEM_READONLY, FIELD_TYPE, FIELD_LENGTH, INPUT_ALPHABET, INPUT_MULTIBYTE, INPUT_NUMERIC, INPUT_SYMBOL, INPUT_UPPERCASE, RETRIEVAL_TABLE, FORMAT, DEFAULT_VALUE, MIN_VALUE, MAX_VALUE, CALENDAR_BUTTON, JUMP_BUTTON, OPEN_BUTTON, REF_TABLE_ID, REF_FIELD_NAME, SPECIAL_BUTTON)
VALUES ('TBLID_BUSER', 'PASSWD', '密码', 'PASSWD', 'STRING', 10, 'N', 'Y', 'N', 'N', -1, -1, 0, 0, 1, 'N', 'Y', 'N', 'STRING', 10, 'Y', 0, 'Y', 'Y', 'Y', 'NONE', 'PASSWORD', NULL, NULL, NULL, 'N', 'N', 0, NULL, NULL, 0);

INSERT INTO SM_FIELD_DEF (TABLE_ID, FIELD_NAME, JP_TITLE, US_TITLE, DB_TYPE, DB_LENGTH, IS_KEY, NOT_BLANK, IS_DUMMY, IS_SEARCH_ITEM, SORT_NO, TREE_LEVEL, SHEET_NO, PAGE_NO, PROPERTY_NO, IS_AUTO, IS_MANDATORY, SYSTEM_READONLY, FIELD_TYPE, FIELD_LENGTH, INPUT_ALPHABET, INPUT_MULTIBYTE, INPUT_NUMERIC, INPUT_SYMBOL, INPUT_UPPERCASE, RETRIEVAL_TABLE, FORMAT, DEFAULT_VALUE, MIN_VALUE, MAX_VALUE, CALENDAR_BUTTON, JUMP_BUTTON, OPEN_BUTTON, REF_TABLE_ID, REF_FIELD_NAME, SPECIAL_BUTTON)
VALUES ('TBLID_BUSER', 'USER_NAME', '作业者名称', 'USER_NAME', 'STRING', 40, 'N', 'N', 'N', 'N', -1, -1, 0, 0, 3, 'N', 'N', 'N', 'STRING', 40, 'Y', 7, 'Y', 'Y', 'N', 'NONE', NULL, NULL, NULL, NULL, 'N', 'N', 0, NULL, NULL, 0);

INSERT INTO SM_FIELD_DEF (TABLE_ID, FIELD_NAME, JP_TITLE, US_TITLE, DB_TYPE, DB_LENGTH, IS_KEY, NOT_BLANK, IS_DUMMY, IS_SEARCH_ITEM, SORT_NO, TREE_LEVEL, SHEET_NO, PAGE_NO, PROPERTY_NO, IS_AUTO, IS_MANDATORY, SYSTEM_READONLY, FIELD_TYPE, FIELD_LENGTH, INPUT_ALPHABET, INPUT_MULTIBYTE, INPUT_NUMERIC, INPUT_SYMBOL, INPUT_UPPERCASE, RETRIEVAL_TABLE, FORMAT, DEFAULT_VALUE, MIN_VALUE, MAX_VALUE, CALENDAR_BUTTON, JUMP_BUTTON, OPEN_BUTTON, REF_TABLE_ID, REF_FIELD_NAME, SPECIAL_BUTTON)
VALUES ('TBLID_BUSER', 'USER_DESC', '作业者详细', 'USER_DESC', 'STRING', 80, 'N', 'N', 'N', 'N', -1, -1, 0, 0, 4, 'N', 'N', 'N', 'STRING', 80, 'Y', 7, 'Y', 'Y', 'N', 'NONE', NULL, NULL, NULL, NULL, 'N', 'N', 0, NULL, NULL, 0);

INSERT INTO SM_FIELD_DEF (TABLE_ID, FIELD_NAME, JP_TITLE, US_TITLE, DB_TYPE, DB_LENGTH, IS_KEY, NOT_BLANK, IS_DUMMY, IS_SEARCH_ITEM, SORT_NO, TREE_LEVEL, SHEET_NO, PAGE_NO, PROPERTY_NO, IS_AUTO, IS_MANDATORY, SYSTEM_READONLY, FIELD_TYPE, FIELD_LENGTH, INPUT_ALPHABET, INPUT_MULTIBYTE, INPUT_NUMERIC, INPUT_SYMBOL, INPUT_UPPERCASE, RETRIEVAL_TABLE, FORMAT, DEFAULT_VALUE, MIN_VALUE, MAX_VALUE, CALENDAR_BUTTON, JUMP_BUTTON, OPEN_BUTTON, REF_TABLE_ID, REF_FIELD_NAME, SPECIAL_BUTTON)
VALUES ('TBLID_BUSER', 'MAIL_ADRESS', '邮件地址', 'MAIL_ADRESS', 'STRING', 50, 'N', 'N', 'N', 'N', -1, -1, 0, 0, 5, 'N', 'N', 'N', 'STRING', 50, 'Y', 7, 'Y', 'Y', 'N', 'NONE', NULL, NULL, NULL, NULL, 'N', 'N', 0, NULL, NULL, 0);

INSERT INTO SM_FIELD_DEF (TABLE_ID, FIELD_NAME, JP_TITLE, US_TITLE, DB_TYPE, DB_LENGTH, IS_KEY, NOT_BLANK, IS_DUMMY, IS_SEARCH_ITEM, SORT_NO, TREE_LEVEL, SHEET_NO, PAGE_NO, PROPERTY_NO, IS_AUTO, IS_MANDATORY, SYSTEM_READONLY, FIELD_TYPE, FIELD_LENGTH, INPUT_ALPHABET, INPUT_MULTIBYTE, INPUT_NUMERIC, INPUT_SYMBOL, INPUT_UPPERCASE, RETRIEVAL_TABLE, FORMAT, DEFAULT_VALUE, MIN_VALUE, MAX_VALUE, CALENDAR_BUTTON, JUMP_BUTTON, OPEN_BUTTON, REF_TABLE_ID, REF_FIELD_NAME, SPECIAL_BUTTON)
VALUES ('TBLID_BUSER', 'USERG_ID1', '业务组ID1', 'USERG_ID1', 'STRING', 10, 'N', 'Y', 'N', 'N', -1, -1, 0, 0, 6, 'N', 'Y', 'N', 'SELECT', 10, 'Y', 0, 'Y', 'Y', 'Y', 'SYSDATA', 'USERG_ID', NULL, NULL, NULL, 'N', 'N', 0, NULL, NULL, 0);

INSERT INTO SM_FIELD_DEF (TABLE_ID, FIELD_NAME, JP_TITLE, US_TITLE, DB_TYPE, DB_LENGTH, IS_KEY, NOT_BLANK, IS_DUMMY, IS_SEARCH_ITEM, SORT_NO, TREE_LEVEL, SHEET_NO, PAGE_NO, PROPERTY_NO, IS_AUTO, IS_MANDATORY, SYSTEM_READONLY, FIELD_TYPE, FIELD_LENGTH, INPUT_ALPHABET, INPUT_MULTIBYTE, INPUT_NUMERIC, INPUT_SYMBOL, INPUT_UPPERCASE, RETRIEVAL_TABLE, FORMAT, DEFAULT_VALUE, MIN_VALUE, MAX_VALUE, CALENDAR_BUTTON, JUMP_BUTTON, OPEN_BUTTON, REF_TABLE_ID, REF_FIELD_NAME, SPECIAL_BUTTON)
VALUES ('TBLID_BUSER', 'USERG_ID2', '业务组ID2', 'USERG_ID2', 'STRING', 10, 'N', 'N', 'N', 'N', -1, -1, 0, 0, 7, 'N', 'N', 'N', 'SELECT', 10, 'Y', 0, 'Y', 'Y', 'Y', 'SYSDATA', 'USERG_ID', NULL, NULL, NULL, 'N', 'N', 0, NULL, NULL, 0);

INSERT INTO SM_FIELD_DEF (TABLE_ID, FIELD_NAME, JP_TITLE, US_TITLE, DB_TYPE, DB_LENGTH, IS_KEY, NOT_BLANK, IS_DUMMY, IS_SEARCH_ITEM, SORT_NO, TREE_LEVEL, SHEET_NO, PAGE_NO, PROPERTY_NO, IS_AUTO, IS_MANDATORY, SYSTEM_READONLY, FIELD_TYPE, FIELD_LENGTH, INPUT_ALPHABET, INPUT_MULTIBYTE, INPUT_NUMERIC, INPUT_SYMBOL, INPUT_UPPERCASE, RETRIEVAL_TABLE, FORMAT, DEFAULT_VALUE, MIN_VALUE, MAX_VALUE, CALENDAR_BUTTON, JUMP_BUTTON, OPEN_BUTTON, REF_TABLE_ID, REF_FIELD_NAME, SPECIAL_BUTTON)
VALUES ('TBLID_BUSER', 'USERG_ID3', '业务组ID3', 'USERG_ID3', 'STRING', 10, 'N', 'N', 'N', 'N', -1, -1, 0, 0, 8, 'N', 'N', 'N', 'SELECT', 10, 'Y', 0, 'Y', 'Y', 'Y', 'SYSDATA', 'USERG_ID', NULL, NULL, NULL, 'N', 'N', 0, NULL, NULL, 0);

INSERT INTO SM_FIELD_DEF (TABLE_ID, FIELD_NAME, JP_TITLE, US_TITLE, DB_TYPE, DB_LENGTH, IS_KEY, NOT_BLANK, IS_DUMMY, IS_SEARCH_ITEM, SORT_NO, TREE_LEVEL, SHEET_NO, PAGE_NO, PROPERTY_NO, IS_AUTO, IS_MANDATORY, SYSTEM_READONLY, FIELD_TYPE, FIELD_LENGTH, INPUT_ALPHABET, INPUT_MULTIBYTE, INPUT_NUMERIC, INPUT_SYMBOL, INPUT_UPPERCASE, RETRIEVAL_TABLE, FORMAT, DEFAULT_VALUE, MIN_VALUE, MAX_VALUE, CALENDAR_BUTTON, JUMP_BUTTON, OPEN_BUTTON, REF_TABLE_ID, REF_FIELD_NAME, SPECIAL_BUTTON)
VALUES ('TBLID_BUSER', 'USERG_ID4', '业务组ID4', 'USERG_ID4', 'STRING', 10, 'N', 'N', 'N', 'N', -1, -1, 0, 0, 9, 'N', 'N', 'N', 'SELECT', 10, 'Y', 0, 'Y', 'Y', 'Y', 'SYSDATA', 'USERG_ID', NULL, NULL, NULL, 'N', 'N', 0, NULL, NULL, 0);

INSERT INTO SM_FIELD_DEF (TABLE_ID, FIELD_NAME, JP_TITLE, US_TITLE, DB_TYPE, DB_LENGTH, IS_KEY, NOT_BLANK, IS_DUMMY, IS_SEARCH_ITEM, SORT_NO, TREE_LEVEL, SHEET_NO, PAGE_NO, PROPERTY_NO, IS_AUTO, IS_MANDATORY, SYSTEM_READONLY, FIELD_TYPE, FIELD_LENGTH, INPUT_ALPHABET, INPUT_MULTIBYTE, INPUT_NUMERIC, INPUT_SYMBOL, INPUT_UPPERCASE, RETRIEVAL_TABLE, FORMAT, DEFAULT_VALUE, MIN_VALUE, MAX_VALUE, CALENDAR_BUTTON, JUMP_BUTTON, OPEN_BUTTON, REF_TABLE_ID, REF_FIELD_NAME, SPECIAL_BUTTON)
VALUES ('TBLID_BUSER', 'USERG_ID5', '业务组ID5', 'USERG_ID5', 'STRING', 10, 'N', 'N', 'N', 'N', -1, -1, 0, 0, 10, 'N', 'N', 'N', 'SELECT', 10, 'Y', 0, 'Y', 'Y', 'Y', 'SYSDATA', 'USERG_ID', NULL, NULL, NULL, 'N', 'N', 0, NULL, NULL, 0);

INSERT INTO SM_FIELD_DEF (TABLE_ID, FIELD_NAME, JP_TITLE, US_TITLE, DB_TYPE, DB_LENGTH, IS_KEY, NOT_BLANK, IS_DUMMY, IS_SEARCH_ITEM, SORT_NO, TREE_LEVEL, SHEET_NO, PAGE_NO, PROPERTY_NO, IS_AUTO, IS_MANDATORY, SYSTEM_READONLY, FIELD_TYPE, FIELD_LENGTH, INPUT_ALPHABET, INPUT_MULTIBYTE, INPUT_NUMERIC, INPUT_SYMBOL, INPUT_UPPERCASE, RETRIEVAL_TABLE, FORMAT, DEFAULT_VALUE, MIN_VALUE, MAX_VALUE, CALENDAR_BUTTON, JUMP_BUTTON, OPEN_BUTTON, REF_TABLE_ID, REF_FIELD_NAME, SPECIAL_BUTTON)
VALUES ('TBLID_BUSER', 'USERG_ID6', '业务组ID6', 'USERG_ID6', 'STRING', 10, 'N', 'N', 'N', 'N', -1, -1, 0, 0, 11, 'N', 'N', 'N', 'SELECT', 10, 'Y', 0, 'Y', 'Y', 'Y', 'SYSDATA', 'USERG_ID', NULL, NULL, NULL, 'N', 'N', 0, NULL, NULL, 0);

INSERT INTO SM_FIELD_DEF (TABLE_ID, FIELD_NAME, JP_TITLE, US_TITLE, DB_TYPE, DB_LENGTH, IS_KEY, NOT_BLANK, IS_DUMMY, IS_SEARCH_ITEM, SORT_NO, TREE_LEVEL, SHEET_NO, PAGE_NO, PROPERTY_NO, IS_AUTO, IS_MANDATORY, SYSTEM_READONLY, FIELD_TYPE, FIELD_LENGTH, INPUT_ALPHABET, INPUT_MULTIBYTE, INPUT_NUMERIC, INPUT_SYMBOL, INPUT_UPPERCASE, RETRIEVAL_TABLE, FORMAT, DEFAULT_VALUE, MIN_VALUE, MAX_VALUE, CALENDAR_BUTTON, JUMP_BUTTON, OPEN_BUTTON, REF_TABLE_ID, REF_FIELD_NAME, SPECIAL_BUTTON)
VALUES ('TBLID_BUSER', 'USERG_ID7', '业务组ID7', 'USERG_ID7', 'STRING', 10, 'N', 'N', 'N', 'N', -1, -1, 0, 0, 12, 'N', 'N', 'N', 'SELECT', 10, 'Y', 0, 'Y', 'Y', 'Y', 'SYSDATA', 'USERG_ID', NULL, NULL, NULL, 'N', 'N', 0, NULL, NULL, 0);

INSERT INTO SM_FIELD_DEF (TABLE_ID, FIELD_NAME, JP_TITLE, US_TITLE, DB_TYPE, DB_LENGTH, IS_KEY, NOT_BLANK, IS_DUMMY, IS_SEARCH_ITEM, SORT_NO, TREE_LEVEL, SHEET_NO, PAGE_NO, PROPERTY_NO, IS_AUTO, IS_MANDATORY, SYSTEM_READONLY, FIELD_TYPE, FIELD_LENGTH, INPUT_ALPHABET, INPUT_MULTIBYTE, INPUT_NUMERIC, INPUT_SYMBOL, INPUT_UPPERCASE, RETRIEVAL_TABLE, FORMAT, DEFAULT_VALUE, MIN_VALUE, MAX_VALUE, CALENDAR_BUTTON, JUMP_BUTTON, OPEN_BUTTON, REF_TABLE_ID, REF_FIELD_NAME, SPECIAL_BUTTON)
VALUES ('TBLID_BUSER', 'USERG_ID8', '业务组ID8', 'USERG_ID8', 'STRING', 10, 'N', 'N', 'N', 'N', -1, -1, 0, 0, 13, 'N', 'N', 'N', 'SELECT', 10, 'Y', 0, 'Y', 'Y', 'Y', 'SYSDATA', 'USERG_ID', NULL, NULL, NULL, 'N', 'N', 0, NULL, NULL, 0);

INSERT INTO SM_FIELD_DEF (TABLE_ID, FIELD_NAME, JP_TITLE, US_TITLE, DB_TYPE, DB_LENGTH, IS_KEY, NOT_BLANK, IS_DUMMY, IS_SEARCH_ITEM, SORT_NO, TREE_LEVEL, SHEET_NO, PAGE_NO, PROPERTY_NO, IS_AUTO, IS_MANDATORY, SYSTEM_READONLY, FIELD_TYPE, FIELD_LENGTH, INPUT_ALPHABET, INPUT_MULTIBYTE, INPUT_NUMERIC, INPUT_SYMBOL, INPUT_UPPERCASE, RETRIEVAL_TABLE, FORMAT, DEFAULT_VALUE, MIN_VALUE, MAX_VALUE, CALENDAR_BUTTON, JUMP_BUTTON, OPEN_BUTTON, REF_TABLE_ID, REF_FIELD_NAME, SPECIAL_BUTTON)
VALUES ('TBLID_BUSER', 'USERG_ID9', '业务组ID9', 'USERG_ID9', 'STRING', 10, 'N', 'N', 'N', 'N', -1, -1, 0, 0, 14, 'N', 'N', 'N', 'SELECT', 10, 'Y', 0, 'Y', 'Y', 'Y', 'SYSDATA', 'USERG_ID', NULL, NULL, NULL, 'N', 'N', 0, NULL, NULL, 0);

INSERT INTO SM_FIELD_DEF (TABLE_ID, FIELD_NAME, JP_TITLE, US_TITLE, DB_TYPE, DB_LENGTH, IS_KEY, NOT_BLANK, IS_DUMMY, IS_SEARCH_ITEM, SORT_NO, TREE_LEVEL, SHEET_NO, PAGE_NO, PROPERTY_NO, IS_AUTO, IS_MANDATORY, SYSTEM_READONLY, FIELD_TYPE, FIELD_LENGTH, INPUT_ALPHABET, INPUT_MULTIBYTE, INPUT_NUMERIC, INPUT_SYMBOL, INPUT_UPPERCASE, RETRIEVAL_TABLE, FORMAT, DEFAULT_VALUE, MIN_VALUE, MAX_VALUE, CALENDAR_BUTTON, JUMP_BUTTON, OPEN_BUTTON, REF_TABLE_ID, REF_FIELD_NAME, SPECIAL_BUTTON)
VALUES ('TBLID_BUSER', 'USERG_ID10', 'EQP状态组ID', 'EQP_STAT_GROUP_ID', 'STRING', 10, 'N', 'N', 'N', 'N', -1, -1, 0, 0, 15, 'N', 'N', 'N', 'SELECT', 10, 'Y', 0, 'Y', 'Y', 'Y', 'SYSDATA', 'USERG_ID', NULL, NULL, NULL, 'N', 'N', 0, NULL, NULL, 0);

INSERT INTO SM_FIELD_DEF (TABLE_ID, FIELD_NAME, JP_TITLE, US_TITLE, DB_TYPE, DB_LENGTH, IS_KEY, NOT_BLANK, IS_DUMMY, IS_SEARCH_ITEM, SORT_NO, TREE_LEVEL, SHEET_NO, PAGE_NO, PROPERTY_NO, IS_AUTO, IS_MANDATORY, SYSTEM_READONLY, FIELD_TYPE, FIELD_LENGTH, INPUT_ALPHABET, INPUT_MULTIBYTE, INPUT_NUMERIC, INPUT_SYMBOL, INPUT_UPPERCASE, RETRIEVAL_TABLE, FORMAT, DEFAULT_VALUE, MIN_VALUE, MAX_VALUE, CALENDAR_BUTTON, JUMP_BUTTON, OPEN_BUTTON, REF_TABLE_ID, REF_FIELD_NAME, SPECIAL_BUTTON)
VALUES ('TBLID_BUSER', 'PROD_CODE_CAT', 'BPRODCODE跳转Dummy', '', 'STRING', 20, 'N', 'N', 'Y', 'N', -1, -1, -1, -1, -1, 'N', 'Y', 'N', 'STRING', 20, 'Y', 0, 'Y', 'N', 'Y', 'NONE', NULL, NULL, NULL, NULL, 'N', 'N', 0, NULL, NULL, 0);

INSERT INTO SM_FIELD_DEF (TABLE_ID, FIELD_NAME, JP_TITLE, US_TITLE, DB_TYPE, DB_LENGTH, IS_KEY, NOT_BLANK, IS_DUMMY, IS_SEARCH_ITEM, SORT_NO, TREE_LEVEL, SHEET_NO, PAGE_NO, PROPERTY_NO, IS_AUTO, IS_MANDATORY, SYSTEM_READONLY, FIELD_TYPE, FIELD_LENGTH, INPUT_ALPHABET, INPUT_MULTIBYTE, INPUT_NUMERIC, INPUT_SYMBOL, INPUT_UPPERCASE, RETRIEVAL_TABLE, FORMAT, DEFAULT_VALUE, MIN_VALUE, MAX_VALUE, CALENDAR_BUTTON, JUMP_BUTTON, OPEN_BUTTON, REF_TABLE_ID, REF_FIELD_NAME, SPECIAL_BUTTON)
VALUES ('TBLID_BUSER', 'CODE_CAT', 'BCODE跳转Dummy', '', 'STRING', 20, 'N', 'N', 'Y', 'N', -1, -1, -1, -1, -1, 'N', 'Y', 'N', 'STRING', 20, 'Y', 0, 'Y', 'N', 'Y', 'NONE', NULL, NULL, NULL, NULL, 'N', 'N', 0, NULL, NULL, 0);

-- ============================================
-- SM 配置数据：BCALND 表的 TABLEINFOEX 映射（第五阶段零代码验证）
-- ============================================

INSERT INTO SM_TABLE_DEF (TABLE_ID, TABLE_NAME, JP_TITLE, US_TITLE, RELEASE_FLAG, DISTRIBUTE_FLAG, PERMISSION_TYPE, SCHEMA_TYPE, HAS_DUMMY, SORT_NO)
VALUES ('TBLID_BCALND', 'BCALND', '日历表', 'Calendar', 'Y', 'N', 'C', 'L', 'N', 30);

INSERT INTO SM_FIELD_DEF (TABLE_ID, FIELD_NAME, JP_TITLE, US_TITLE, DB_TYPE, DB_LENGTH, IS_KEY, NOT_BLANK, IS_DUMMY, IS_SEARCH_ITEM, SORT_NO, TREE_LEVEL, SHEET_NO, PAGE_NO, PROPERTY_NO, IS_AUTO, IS_MANDATORY, SYSTEM_READONLY, FIELD_TYPE, FIELD_LENGTH, INPUT_ALPHABET, INPUT_MULTIBYTE, INPUT_NUMERIC, INPUT_SYMBOL, INPUT_UPPERCASE, RETRIEVAL_TABLE, FORMAT, DEFAULT_VALUE, MIN_VALUE, MAX_VALUE, CALENDAR_BUTTON, JUMP_BUTTON, OPEN_BUTTON, REF_TABLE_ID, REF_FIELD_NAME, SPECIAL_BUTTON)
VALUES ('TBLID_BCALND', 'DATE', '日期', 'DATE', 'STRING', 8, 'Y', 'Y', 'N', 'Y', 0, 0, 0, 0, 0, 'N', 'Y', 'N', 'STRING', 8, 'Y', 0, 'Y', 'N', 'Y', 'NONE', NULL, NULL, NULL, NULL, 'Y', 'N', 0, NULL, NULL, 0);

INSERT INTO SM_FIELD_DEF (TABLE_ID, FIELD_NAME, JP_TITLE, US_TITLE, DB_TYPE, DB_LENGTH, IS_KEY, NOT_BLANK, IS_DUMMY, IS_SEARCH_ITEM, SORT_NO, TREE_LEVEL, SHEET_NO, PAGE_NO, PROPERTY_NO, IS_AUTO, IS_MANDATORY, SYSTEM_READONLY, FIELD_TYPE, FIELD_LENGTH, INPUT_ALPHABET, INPUT_MULTIBYTE, INPUT_NUMERIC, INPUT_SYMBOL, INPUT_UPPERCASE, RETRIEVAL_TABLE, FORMAT, DEFAULT_VALUE, MIN_VALUE, MAX_VALUE, CALENDAR_BUTTON, JUMP_BUTTON, OPEN_BUTTON, REF_TABLE_ID, REF_FIELD_NAME, SPECIAL_BUTTON)
VALUES ('TBLID_BCALND', 'SHOPDATE', '工作日序号', 'SHOPDATE', 'NUMBER', 10, 'N', 'Y', 'N', 'N', -1, -1, 0, 0, 1, 'N', 'Y', 'N', 'NUMBER', 10, 'Y', 0, 'Y', 'Y', 'Y', 'NONE', NULL, NULL, NULL, NULL, 'N', 'N', 0, NULL, NULL, 0);

INSERT INTO SM_FIELD_DEF (TABLE_ID, FIELD_NAME, JP_TITLE, US_TITLE, DB_TYPE, DB_LENGTH, IS_KEY, NOT_BLANK, IS_DUMMY, IS_SEARCH_ITEM, SORT_NO, TREE_LEVEL, SHEET_NO, PAGE_NO, PROPERTY_NO, IS_AUTO, IS_MANDATORY, SYSTEM_READONLY, FIELD_TYPE, FIELD_LENGTH, INPUT_ALPHABET, INPUT_MULTIBYTE, INPUT_NUMERIC, INPUT_SYMBOL, INPUT_UPPERCASE, RETRIEVAL_TABLE, FORMAT, DEFAULT_VALUE, MIN_VALUE, MAX_VALUE, CALENDAR_BUTTON, JUMP_BUTTON, OPEN_BUTTON, REF_TABLE_ID, REF_FIELD_NAME, SPECIAL_BUTTON)
VALUES ('TBLID_BCALND', 'HOLIDAY_FLG', '假日标志', 'HOLIDAY_FLG', 'STRING', 1, 'N', 'Y', 'N', 'N', -1, -1, 0, 0, 2, 'N', 'Y', 'N', 'STRING', 1, 'Y', 0, 'Y', 'Y', 'Y', 'NONE', NULL, NULL, NULL, NULL, 'N', 'N', 0, NULL, NULL, 0);

-- ============================================
-- SYSDATA 下拉框选项数据
-- ============================================



-- ============================================
-- SM_CHECK_DEF 校验规则配置
-- ============================================

-- BCODE SAVE
INSERT INTO SM_CHECK_DEF (TABLE_ID, CHECK_TYPE, CHECK_ORDER, CHECK_KIND, FIELD_NAME, ERR_MSG) VALUES
('TBLID_BCODE', 'SAVE', 1, 'NOTNULL', 'CODE_CAT', '代码分类不能为空'),
('TBLID_BCODE', 'SAVE', 2, 'NOTNULL', 'CODE_ID', '代码ID不能为空'),
('TBLID_BCODE', 'SAVE', 3, 'STAT_N', null, '记录不是编辑态'),
('TBLID_BCODE', 'SAVE', 4, 'LOCK_FREE', null, '记录已被锁定');

-- BCODE RELEASE
INSERT INTO SM_CHECK_DEF (TABLE_ID, CHECK_TYPE, CHECK_ORDER, CHECK_KIND, FIELD_NAME, REF_TABLE, ERR_MSG) VALUES
('TBLID_BCODE', 'RELEASE', 1, 'NOTNULL', 'CODE_CAT', null, '代码分类不能为空'),
('TBLID_BCODE', 'RELEASE', 2, 'NOTNULL', 'CODE_ID', null, '代码ID不能为空'),
('TBLID_BCODE', 'RELEASE', 3, 'STAT_N', null, null, '记录不是编辑态'),
('TBLID_BCODE', 'RELEASE', 4, 'LOCK_FREE', null, null, '记录已被锁定'),
('TBLID_BCODE', 'RELEASE', 10, 'RELEASE_PARAM', 'CODE_CAT', 'DCODE', null),
('TBLID_BCODE', 'RELEASE', 11, 'RELEASE_PARAM', 'CODE_ID', 'DCODE', null),
('TBLID_BCODE', 'RELEASE', 12, 'RELEASE_WRITE', 'CODE_NAME', 'DCODE', null),
('TBLID_BCODE', 'RELEASE', 13, 'RELEASE_WRITE', 'CODE_DESC', 'DCODE', null);

-- BCODE DELETE
INSERT INTO SM_CHECK_DEF (TABLE_ID, CHECK_TYPE, CHECK_ORDER, CHECK_KIND, FIELD_NAME, ERR_MSG) VALUES
('TBLID_BCODE', 'DELETE', 1, 'NOTNULL', 'CODE_CAT', '代码分类不能为空'),
('TBLID_BCODE', 'DELETE', 2, 'NOTNULL', 'CODE_ID', '代码ID不能为空'),
('TBLID_BCODE', 'DELETE', 3, 'STAT_Y', null, '记录不是已发布态'),
('TBLID_BCODE', 'DELETE', 4, 'LOCK_FREE', null, '记录已被锁定');

-- BCODE EDITCOMP
INSERT INTO SM_CHECK_DEF (TABLE_ID, CHECK_TYPE, CHECK_ORDER, CHECK_KIND, FIELD_NAME, ERR_MSG) VALUES
('TBLID_BCODE', 'EDITCOMP', 1, 'NOTNULL', 'CODE_CAT', '代码分类不能为空'),
('TBLID_BCODE', 'EDITCOMP', 2, 'NOTNULL', 'CODE_ID', '代码ID不能为空'),
('TBLID_BCODE', 'EDITCOMP', 3, 'STAT_N', null, '记录不是编辑态'),
('TBLID_BCODE', 'EDITCOMP', 4, 'LOCK_FREE', null, '记录已被锁定'),
('TBLID_BCODE', 'EDITCOMP', 5, 'COMP_N', null, '记录已编辑完成');

-- BUSER SAVE
INSERT INTO SM_CHECK_DEF (TABLE_ID, CHECK_TYPE, CHECK_ORDER, CHECK_KIND, FIELD_NAME, REF_TABLE, REF_FIELD, ERR_MSG) VALUES
('TBLID_BUSER', 'SAVE', 1, 'NOTNULL', 'USER_ID', null, null, '作业者ID不能为空'),
('TBLID_BUSER', 'SAVE', 2, 'NOTNULL', 'PASSWD', null, null, '密码不能为空'),
('TBLID_BUSER', 'SAVE', 3, 'NOTNULL', 'USER_NAME', null, null, '作业者名称不能为空'),
('TBLID_BUSER', 'SAVE', 4, 'NOTNULL', 'USERG_ID1', null, null, '业务组ID1不能为空'),
('TBLID_BUSER', 'SAVE', 5, 'STAT_N', null, null, null, '记录不是编辑态'),
('TBLID_BUSER', 'SAVE', 6, 'LOCK_FREE', null, null, null, '记录已被锁定');

-- BUSER RELEASE
INSERT INTO SM_CHECK_DEF (TABLE_ID, CHECK_TYPE, CHECK_ORDER, CHECK_KIND, FIELD_NAME, REF_TABLE, ERR_MSG) VALUES
('TBLID_BUSER', 'RELEASE', 1, 'NOTNULL', 'USER_ID', null, '作业者ID不能为空'),
('TBLID_BUSER', 'RELEASE', 2, 'STAT_N', null, null, '记录不是编辑态'),
('TBLID_BUSER', 'RELEASE', 3, 'LOCK_FREE', null, null, '记录已被锁定'),
('TBLID_BUSER', 'RELEASE', 10, 'RELEASE_PARAM', 'USER_ID', 'DUSER', null),
('TBLID_BUSER', 'RELEASE', 11, 'RELEASE_WRITE', 'PASSWD', 'DUSER', null),
('TBLID_BUSER', 'RELEASE', 12, 'RELEASE_WRITE', 'USER_NAME', 'DUSER', null),
('TBLID_BUSER', 'RELEASE', 13, 'RELEASE_WRITE', 'USER_DESC', 'DUSER', null),
('TBLID_BUSER', 'RELEASE', 14, 'RELEASE_WRITE', 'MAIL_ADRESS', 'DUSER', null),
('TBLID_BUSER', 'RELEASE', 15, 'RELEASE_WRITE', 'USERG_ID1', 'DUSER', null),
('TBLID_BUSER', 'RELEASE', 16, 'RELEASE_WRITE', 'USERG_ID2', 'DUSER', null),
('TBLID_BUSER', 'RELEASE', 17, 'RELEASE_WRITE', 'USERG_ID3', 'DUSER', null),
('TBLID_BUSER', 'RELEASE', 18, 'RELEASE_WRITE', 'USERG_ID4', 'DUSER', null),
('TBLID_BUSER', 'RELEASE', 19, 'RELEASE_WRITE', 'USERG_ID5', 'DUSER', null),
('TBLID_BUSER', 'RELEASE', 20, 'RELEASE_WRITE', 'USERG_ID6', 'DUSER', null),
('TBLID_BUSER', 'RELEASE', 21, 'RELEASE_WRITE', 'USERG_ID7', 'DUSER', null),
('TBLID_BUSER', 'RELEASE', 22, 'RELEASE_WRITE', 'USERG_ID8', 'DUSER', null),
('TBLID_BUSER', 'RELEASE', 23, 'RELEASE_WRITE', 'USERG_ID9', 'DUSER', null),
('TBLID_BUSER', 'RELEASE', 24, 'RELEASE_WRITE', 'USERG_ID10', 'DUSER', null);

-- BUSER DELETE
INSERT INTO SM_CHECK_DEF (TABLE_ID, CHECK_TYPE, CHECK_ORDER, CHECK_KIND, FIELD_NAME, ERR_MSG) VALUES
('TBLID_BUSER', 'DELETE', 1, 'NOTNULL', 'USER_ID', '作业者ID不能为空'),
('TBLID_BUSER', 'DELETE', 2, 'STAT_Y', null, '记录不是已发布态'),
('TBLID_BUSER', 'DELETE', 3, 'LOCK_FREE', null, '记录已被锁定');

-- BUSER EDITCOMP
INSERT INTO SM_CHECK_DEF (TABLE_ID, CHECK_TYPE, CHECK_ORDER, CHECK_KIND, FIELD_NAME, ERR_MSG) VALUES
('TBLID_BUSER', 'EDITCOMP', 1, 'NOTNULL', 'USER_ID', '作业者ID不能为空'),
('TBLID_BUSER', 'EDITCOMP', 2, 'STAT_N', null, '记录不是编辑态'),
('TBLID_BUSER', 'EDITCOMP', 3, 'LOCK_FREE', null, '记录已被锁定'),
('TBLID_BUSER', 'EDITCOMP', 4, 'COMP_N', null, '记录已编辑完成');

-- BCALND SAVE
INSERT INTO SM_CHECK_DEF (TABLE_ID, CHECK_TYPE, CHECK_ORDER, CHECK_KIND, FIELD_NAME, ERR_MSG) VALUES
('TBLID_BCALND', 'SAVE', 1, 'NOTNULL', 'DATE', '日期不能为空'),
('TBLID_BCALND', 'SAVE', 2, 'NOTNULL', 'SHOPDATE', '工作日序号不能为空'),
('TBLID_BCALND', 'SAVE', 3, 'NOTNULL', 'HOLIDAY_FLG', '假日标志不能为空'),
('TBLID_BCALND', 'SAVE', 4, 'STAT_N', null, '记录不是编辑态'),
('TBLID_BCALND', 'SAVE', 5, 'LOCK_FREE', null, '记录已被锁定');

-- BCALND RELEASE
INSERT INTO SM_CHECK_DEF (TABLE_ID, CHECK_TYPE, CHECK_ORDER, CHECK_KIND, FIELD_NAME, REF_TABLE, ERR_MSG) VALUES
('TBLID_BCALND', 'RELEASE', 1, 'NOTNULL', 'DATE', null, '日期不能为空'),
('TBLID_BCALND', 'RELEASE', 2, 'STAT_N', null, null, '记录不是编辑态'),
('TBLID_BCALND', 'RELEASE', 3, 'LOCK_FREE', null, null, '记录已被锁定'),
('TBLID_BCALND', 'RELEASE', 10, 'RELEASE_PARAM', 'DATE', 'DCALND', null),
('TBLID_BCALND', 'RELEASE', 11, 'RELEASE_WRITE', 'SHOPDATE', 'DCALND', null),
('TBLID_BCALND', 'RELEASE', 12, 'RELEASE_WRITE', 'HOLIDAY_FLG', 'DCALND', null);

-- BCALND DELETE
INSERT INTO SM_CHECK_DEF (TABLE_ID, CHECK_TYPE, CHECK_ORDER, CHECK_KIND, FIELD_NAME, ERR_MSG) VALUES
('TBLID_BCALND', 'DELETE', 1, 'NOTNULL', 'DATE', '日期不能为空'),
('TBLID_BCALND', 'DELETE', 2, 'STAT_Y', null, '记录不是已发布态'),
('TBLID_BCALND', 'DELETE', 3, 'LOCK_FREE', null, '记录已被锁定');

-- ============================================
-- BPROD 配置（简化 POC：30 个核心字段）
-- ============================================

INSERT INTO SM_TABLE_DEF (TABLE_ID, TABLE_NAME, JP_TITLE, US_TITLE, RELEASE_FLAG, DISTRIBUTE_FLAG, PERMISSION_TYPE, SCHEMA_TYPE, HAS_DUMMY, SORT_NO)
VALUES ('TBLID_BPROD', 'BPROD', '产品表', 'Product', 'Y', 'N', 'C', 'L', 'N', 40);

INSERT INTO SM_FIELD_DEF (TABLE_ID, FIELD_NAME, JP_TITLE, US_TITLE, DB_TYPE, DB_LENGTH, IS_KEY, NOT_BLANK, IS_DUMMY, IS_SEARCH_ITEM, SORT_NO, TREE_LEVEL, SHEET_NO, PAGE_NO, PROPERTY_NO, IS_AUTO, IS_MANDATORY, SYSTEM_READONLY, FIELD_TYPE, FIELD_LENGTH, INPUT_ALPHABET, INPUT_MULTIBYTE, INPUT_NUMERIC, INPUT_SYMBOL, INPUT_UPPERCASE, RETRIEVAL_TABLE, FORMAT, DEFAULT_VALUE, MIN_VALUE, MAX_VALUE, CALENDAR_BUTTON, JUMP_BUTTON, OPEN_BUTTON, REF_TABLE_ID, REF_FIELD_NAME, SPECIAL_BUTTON) VALUES
('TBLID_BPROD', 'PROD_ID', '产品ID', 'PROD_ID', 'STRING', 20, 'Y', 'Y', 'N', 'Y', 0, 0, 0, 0, 0, 'N', 'Y', 'N', 'STRING', 20, 'Y', 0, 'Y', 'Y', 'Y', 'NONE', NULL, NULL, NULL, NULL, 'N', 'N', 0, NULL, NULL, 0),
('TBLID_BPROD', 'PROD_ID2', '产品ID2', 'PROD_ID2', 'STRING', 20, 'N', 'N', 'N', 'N', 1, -1, 0, 0, 1, 'N', 'N', 'N', 'STRING', 20, 'Y', 0, 'Y', 'Y', 'Y', 'NONE', NULL, NULL, NULL, NULL, 'N', 'N', 0, NULL, NULL, 0),
('TBLID_BPROD', 'PROD_NAME', '产品名称', 'PROD_NAME', 'STRING', 40, 'N', 'N', 'N', 'Y', 2, -1, 0, 0, 2, 'N', 'N', 'N', 'STRING', 40, 'Y', 7, 'Y', 'Y', 'N', 'NONE', NULL, NULL, NULL, NULL, 'N', 'N', 0, NULL, NULL, 0),
('TBLID_BPROD', 'PROD_DESC', '产品描述', 'PROD_DESC', 'STRING', 80, 'N', 'N', 'N', 'N', 3, -1, 0, 0, 3, 'N', 'N', 'N', 'STRING', 80, 'Y', 7, 'Y', 'Y', 'N', 'NONE', NULL, NULL, NULL, NULL, 'N', 'N', 0, NULL, NULL, 0),
('TBLID_BPROD', 'PROD_CAT', '产品分类', 'PROD_CAT', 'STRING', 1, 'N', 'N', 'N', 'N', 4, -1, 0, 0, 4, 'N', 'N', 'N', 'STRING', 1, 'Y', 0, 'Y', 'Y', 'Y', 'NONE', NULL, NULL, NULL, NULL, 'N', 'N', 0, NULL, NULL, 0),
('TBLID_BPROD', 'ROUTE_ID', '工艺路线ID', 'ROUTE_ID', 'STRING', 12, 'N', 'N', 'N', 'N', 5, -1, 0, 0, 5, 'N', 'N', 'N', 'STRING', 12, 'Y', 0, 'Y', 'Y', 'Y', 'NONE', NULL, NULL, NULL, NULL, 'N', 'N', 0, 'TBLID_BCODE', 'CODE_ID', 0),
('TBLID_BPROD', 'ROUTE_VER', '工艺路线版本', 'ROUTE_VER', 'STRING', 3, 'N', 'N', 'N', 'N', 6, -1, 0, 0, 6, 'N', 'N', 'N', 'STRING', 3, 'Y', 0, 'Y', 'Y', 'Y', 'NONE', NULL, NULL, NULL, NULL, 'N', 'N', 0, NULL, NULL, 0),
('TBLID_BPROD', 'PRODUCT_KIND', '产品种类', 'PRODUCT_KIND', 'STRING', 10, 'N', 'N', 'N', 'N', 7, -1, 0, 0, 7, 'N', 'N', 'N', 'STRING', 10, 'Y', 0, 'Y', 'Y', 'Y', 'NONE', NULL, NULL, NULL, NULL, 'N', 'N', 0, NULL, NULL, 0),
('TBLID_BPROD', 'LASRMARK_CAT', '激光标记分类', 'LASRMARK_CAT', 'STRING', 10, 'N', 'N', 'N', 'N', 8, -1, 0, 0, 8, 'N', 'N', 'N', 'STRING', 10, 'Y', 0, 'Y', 'Y', 'Y', 'NONE', NULL, NULL, NULL, NULL, 'N', 'N', 0, NULL, NULL, 0),
('TBLID_BPROD', 'RFID_WRITE_FLG', 'RFID写入标志', 'RFID_WRITE_FLG', 'STRING', 1, 'N', 'N', 'N', 'N', 9, -1, 0, 0, 9, 'N', 'N', 'N', 'STRING', 1, 'Y', 0, 'Y', 'Y', 'Y', 'NONE', NULL, NULL, NULL, NULL, 'N', 'N', 0, NULL, NULL, 0),
('TBLID_BPROD', 'PN_CAT', 'PN分类', 'PN_CAT', 'STRING', 10, 'N', 'N', 'N', 'N', 10, -1, 0, 0, 10, 'N', 'N', 'N', 'STRING', 10, 'Y', 0, 'Y', 'Y', 'Y', 'NONE', NULL, NULL, NULL, NULL, 'N', 'N', 0, NULL, NULL, 0),
('TBLID_BPROD', 'SHIP_CAR_CODE', '运输工具代码', 'SHIP_CAR_CODE', 'STRING', 10, 'N', 'N', 'N', 'N', 11, -1, 0, 0, 11, 'N', 'N', 'N', 'STRING', 10, 'Y', 0, 'Y', 'Y', 'Y', 'NONE', NULL, NULL, NULL, NULL, 'N', 'N', 0, NULL, NULL, 0),
('TBLID_BPROD', 'SHIP_BOX_FULL_NUM', '装箱满数', 'SHIP_BOX_FULL_NUM', 'NUMBER', 10, 'N', 'N', 'N', 'N', 12, -1, 0, 0, 12, 'N', 'N', 'N', 'NUMBER', 10, 'Y', 0, 'Y', 'Y', 'Y', 'NONE', NULL, NULL, NULL, NULL, 'N', 'N', 0, NULL, NULL, 0),
('TBLID_BPROD', 'MIX_BOX_CNT', '混装箱数', 'MIX_BOX_CNT', 'NUMBER', 10, 'N', 'N', 'N', 'N', 13, -1, 0, 0, 13, 'N', 'N', 'N', 'NUMBER', 10, 'Y', 0, 'Y', 'Y', 'Y', 'NONE', NULL, NULL, NULL, NULL, 'N', 'N', 0, NULL, NULL, 0),
('TBLID_BPROD', 'EP_MON_CON_ID', 'EP监控条件ID', 'EP_MON_CON_ID', 'STRING', 20, 'N', 'N', 'N', 'N', 14, -1, 0, 0, 14, 'N', 'N', 'N', 'STRING', 20, 'Y', 0, 'Y', 'Y', 'Y', 'NONE', NULL, NULL, NULL, NULL, 'N', 'N', 0, NULL, NULL, 0),
('TBLID_BPROD', 'PW_SMPL_CASET_CON_ID', 'PW采样条件ID', 'PW_SMPL_CASET_CON_ID', 'STRING', 20, 'N', 'N', 'N', 'N', 15, -1, 0, 0, 15, 'N', 'N', 'N', 'STRING', 20, 'Y', 0, 'Y', 'Y', 'Y', 'NONE', NULL, NULL, NULL, NULL, 'N', 'N', 0, NULL, NULL, 0),
('TBLID_BPROD', 'EP_SMPL_CASET_CON_ID', 'EP采样条件ID', 'EP_SMPL_CASET_CON_ID', 'STRING', 20, 'N', 'N', 'N', 'N', 16, -1, 0, 0, 16, 'N', 'N', 'N', 'STRING', 20, 'Y', 0, 'Y', 'Y', 'Y', 'NONE', NULL, NULL, NULL, NULL, 'N', 'N', 0, NULL, NULL, 0),
('TBLID_BPROD', 'WHT_FLG', 'WHT标志', 'WHT_FLG', 'STRING', 10, 'N', 'N', 'N', 'N', 17, -1, 0, 0, 17, 'N', 'N', 'N', 'STRING', 10, 'Y', 0, 'Y', 'Y', 'Y', 'NONE', NULL, NULL, NULL, NULL, 'N', 'N', 0, NULL, NULL, 0),
('TBLID_BPROD', 'EG_FLG', 'EG标志', 'EG_FLG', 'STRING', 10, 'N', 'N', 'N', 'N', 18, -1, 0, 0, 18, 'N', 'N', 'N', 'STRING', 10, 'Y', 0, 'Y', 'Y', 'Y', 'NONE', NULL, NULL, NULL, NULL, 'N', 'N', 0, NULL, NULL, 0),
('TBLID_BPROD', 'CVD_FLG', 'CVD标志', 'CVD_FLG', 'STRING', 10, 'N', 'N', 'N', 'N', 19, -1, 0, 0, 19, 'N', 'N', 'N', 'STRING', 10, 'Y', 0, 'Y', 'Y', 'Y', 'NONE', NULL, NULL, NULL, NULL, 'N', 'N', 0, NULL, NULL, 0),
('TBLID_BPROD', 'SLICE_WIRE_PITCH', '切片线距', 'SLICE_WIRE_PITCH', 'NUMBER', 10, 'N', 'N', 'N', 'N', 20, -1, 0, 0, 20, 'N', 'N', 'N', 'NUMBER', 10, 'Y', 0, 'Y', 'Y', 'Y', 'NONE', NULL, NULL, NULL, NULL, 'N', 'N', 0, NULL, NULL, 0),
('TBLID_BPROD', 'CIR_WHEEL_STD', '圆周轮标准', 'CIR_WHEEL_STD', 'NUMBER', 10, 'N', 'N', 'N', 'N', 21, -1, 0, 0, 21, 'N', 'N', 'N', 'NUMBER', 10, 'Y', 0, 'Y', 'Y', 'Y', 'NONE', NULL, NULL, NULL, NULL, 'N', 'N', 0, NULL, NULL, 0),
('TBLID_BPROD', 'NOTCH_WHEEL_STD', '缺口轮标准', 'NOTCH_WHEEL_STD', 'NUMBER', 10, 'N', 'N', 'N', 'N', 22, -1, 0, 0, 22, 'N', 'N', 'N', 'NUMBER', 10, 'Y', 0, 'Y', 'Y', 'Y', 'NONE', NULL, NULL, NULL, NULL, 'N', 'N', 0, NULL, NULL, 0),
('TBLID_BPROD', 'FLT_GRIND_COUNT', '磨削次数', 'FLT_GRIND_COUNT', 'NUMBER', 10, 'N', 'N', 'N', 'N', 23, -1, 0, 0, 23, 'N', 'N', 'N', 'NUMBER', 10, 'Y', 0, 'Y', 'Y', 'Y', 'NONE', NULL, NULL, NULL, NULL, 'N', 'N', 0, NULL, NULL, 0),
('TBLID_BPROD', 'FIN_GRIND_COUNT', '精磨次数', 'FIN_GRIND_COUNT', 'NUMBER', 10, 'N', 'N', 'N', 'N', 24, -1, 0, 0, 24, 'N', 'N', 'N', 'NUMBER', 10, 'Y', 0, 'Y', 'Y', 'Y', 'NONE', NULL, NULL, NULL, NULL, 'N', 'N', 0, NULL, NULL, 0),
('TBLID_BPROD', 'FLATNESS_RANK', '平整度等级', 'FLATNESS_RANK', 'STRING', 1, 'N', 'N', 'N', 'N', 25, -1, 0, 0, 25, 'N', 'N', 'N', 'STRING', 1, 'Y', 0, 'Y', 'Y', 'Y', 'NONE', NULL, NULL, NULL, NULL, 'N', 'N', 0, NULL, NULL, 0),
('TBLID_BPROD', 'PLANT_CAT', '工厂分类', 'PLANT_CAT', 'STRING', 1, 'N', 'N', 'N', 'N', 26, -1, 0, 0, 26, 'N', 'N', 'N', 'STRING', 1, 'Y', 0, 'Y', 'Y', 'Y', 'NONE', NULL, NULL, NULL, NULL, 'N', 'N', 0, NULL, NULL, 0),
('TBLID_BPROD', 'SMPL_FLG', '采样标志', 'SMPL_FLG', 'STRING', 1, 'N', 'N', 'N', 'N', 27, -1, 0, 0, 27, 'N', 'N', 'N', 'STRING', 1, 'Y', 0, 'Y', 'Y', 'Y', 'NONE', NULL, NULL, NULL, NULL, 'N', 'N', 0, NULL, NULL, 0),
('TBLID_BPROD', 'MIX_CAT', '混合分类', 'MIX_CAT', 'STRING', 1, 'N', 'N', 'N', 'N', 28, -1, 0, 0, 28, 'N', 'N', 'N', 'STRING', 1, 'Y', 0, 'Y', 'Y', 'Y', 'NONE', NULL, NULL, NULL, NULL, 'N', 'N', 0, NULL, NULL, 0),
('TBLID_BPROD', 'STD_DIAMETER_H', '标准直径上限', 'STD_DIAMETER_H', 'NUMBER', 10, 'N', 'N', 'N', 'N', 29, -1, 0, 0, 29, 'N', 'N', 'N', 'NUMBER', 10, 'Y', 0, 'Y', 'Y', 'Y', 'NONE', NULL, NULL, NULL, NULL, 'N', 'N', 0, NULL, NULL, 0);

-- BPROD SAVE
INSERT INTO SM_CHECK_DEF (TABLE_ID, CHECK_TYPE, CHECK_ORDER, CHECK_KIND, FIELD_NAME, ERR_MSG) VALUES
('TBLID_BPROD', 'SAVE', 1, 'NOTNULL', 'PROD_ID', '产品ID不能为空'),
('TBLID_BPROD', 'SAVE', 2, 'STAT_N', null, '记录不是编辑态'),
('TBLID_BPROD', 'SAVE', 3, 'LOCK_FREE', null, '记录已被锁定');

-- BPROD RELEASE
INSERT INTO SM_CHECK_DEF (TABLE_ID, CHECK_TYPE, CHECK_ORDER, CHECK_KIND, FIELD_NAME, REF_TABLE, ERR_MSG) VALUES
('TBLID_BPROD', 'RELEASE', 1, 'NOTNULL', 'PROD_ID', null, '产品ID不能为空'),
('TBLID_BPROD', 'RELEASE', 2, 'STAT_N', null, null, '记录不是编辑态'),
('TBLID_BPROD', 'RELEASE', 3, 'LOCK_FREE', null, null, '记录已被锁定'),
('TBLID_BPROD', 'RELEASE', 10, 'RELEASE_PARAM', 'PROD_ID', 'DPROD', null);

-- BPROD DELETE
INSERT INTO SM_CHECK_DEF (TABLE_ID, CHECK_TYPE, CHECK_ORDER, CHECK_KIND, FIELD_NAME, ERR_MSG) VALUES
('TBLID_BPROD', 'DELETE', 1, 'NOTNULL', 'PROD_ID', '产品ID不能为空'),
('TBLID_BPROD', 'DELETE', 2, 'STAT_Y', null, '记录不是已发布态'),
('TBLID_BPROD', 'DELETE', 3, 'LOCK_FREE', null, '记录已被锁定');

-- BPROD EDITCOMP
INSERT INTO SM_CHECK_DEF (TABLE_ID, CHECK_TYPE, CHECK_ORDER, CHECK_KIND, FIELD_NAME, ERR_MSG) VALUES
('TBLID_BPROD', 'EDITCOMP', 1, 'NOTNULL', 'PROD_ID', '产品ID不能为空'),
('TBLID_BPROD', 'EDITCOMP', 2, 'STAT_N', null, '记录不是编辑态'),
('TBLID_BPROD', 'EDITCOMP', 3, 'LOCK_FREE', null, '记录已被锁定'),
('TBLID_BPROD', 'EDITCOMP', 4, 'COMP_N', null, '记录已编辑完成');

-- ============================================
-- BUSERG 配置（新迁移）
-- ============================================

VALUES ('ADMIN', '管理员组', 'System Administrator Group', 'Y');

INSERT INTO SM_TABLE_DEF (TABLE_ID, TABLE_NAME, JP_TITLE, US_TITLE, RELEASE_FLAG, DISTRIBUTE_FLAG, PERMISSION_TYPE, SCHEMA_TYPE, HAS_DUMMY, SORT_NO)
VALUES ('TBLID_BUSERG', 'BUSERG', '业务组表', 'User Group', 'Y', 'N', 'C', 'L', 'N', 15);

INSERT INTO SM_FIELD_DEF (TABLE_ID, FIELD_NAME, JP_TITLE, US_TITLE, DB_TYPE, DB_LENGTH, IS_KEY, NOT_BLANK, IS_DUMMY, IS_SEARCH_ITEM, SORT_NO, TREE_LEVEL, SHEET_NO, PAGE_NO, PROPERTY_NO, IS_AUTO, IS_MANDATORY, SYSTEM_READONLY, FIELD_TYPE, FIELD_LENGTH, INPUT_ALPHABET, INPUT_MULTIBYTE, INPUT_NUMERIC, INPUT_SYMBOL, INPUT_UPPERCASE, RETRIEVAL_TABLE, FORMAT, DEFAULT_VALUE, MIN_VALUE, MAX_VALUE, CALENDAR_BUTTON, JUMP_BUTTON, OPEN_BUTTON, REF_TABLE_ID, REF_FIELD_NAME, SPECIAL_BUTTON)
VALUES ('TBLID_BUSERG', 'USERG_ID', '业务组ID', 'USERG_ID', 'STRING', 10, 'Y', 'Y', 'N', 'Y', 0, 0, 0, 0, 0, 'N', 'Y', 'N', 'STRING', 10, 'Y', 0, 'Y', 'Y', 'Y', 'NONE', NULL, NULL, NULL, NULL, 'N', 'N', 0, NULL, NULL, 0);

INSERT INTO SM_FIELD_DEF (TABLE_ID, FIELD_NAME, JP_TITLE, US_TITLE, DB_TYPE, DB_LENGTH, IS_KEY, NOT_BLANK, IS_DUMMY, IS_SEARCH_ITEM, SORT_NO, TREE_LEVEL, SHEET_NO, PAGE_NO, PROPERTY_NO, IS_AUTO, IS_MANDATORY, SYSTEM_READONLY, FIELD_TYPE, FIELD_LENGTH, INPUT_ALPHABET, INPUT_MULTIBYTE, INPUT_NUMERIC, INPUT_SYMBOL, INPUT_UPPERCASE, RETRIEVAL_TABLE, FORMAT, DEFAULT_VALUE, MIN_VALUE, MAX_VALUE, CALENDAR_BUTTON, JUMP_BUTTON, OPEN_BUTTON, REF_TABLE_ID, REF_FIELD_NAME, SPECIAL_BUTTON)
VALUES ('TBLID_BUSERG', 'USERG_NAME', '业务组名称', 'USERG_NAME', 'STRING', 40, 'N', 'Y', 'N', 'Y', -1, -1, 0, 0, 1, 'N', 'Y', 'N', 'STRING', 40, 'Y', 7, 'Y', 'Y', 'N', 'NONE', NULL, NULL, NULL, NULL, 'N', 'N', 0, NULL, NULL, 0);

INSERT INTO SM_FIELD_DEF (TABLE_ID, FIELD_NAME, JP_TITLE, US_TITLE, DB_TYPE, DB_LENGTH, IS_KEY, NOT_BLANK, IS_DUMMY, IS_SEARCH_ITEM, SORT_NO, TREE_LEVEL, SHEET_NO, PAGE_NO, PROPERTY_NO, IS_AUTO, IS_MANDATORY, SYSTEM_READONLY, FIELD_TYPE, FIELD_LENGTH, INPUT_ALPHABET, INPUT_MULTIBYTE, INPUT_NUMERIC, INPUT_SYMBOL, INPUT_UPPERCASE, RETRIEVAL_TABLE, FORMAT, DEFAULT_VALUE, MIN_VALUE, MAX_VALUE, CALENDAR_BUTTON, JUMP_BUTTON, OPEN_BUTTON, REF_TABLE_ID, REF_FIELD_NAME, SPECIAL_BUTTON)
VALUES ('TBLID_BUSERG', 'USERG_DESC', '业务组说明', 'USERG_DESC', 'STRING', 80, 'N', 'N', 'N', 'N', -1, -1, 0, 0, 2, 'N', 'N', 'N', 'STRING', 80, 'Y', 7, 'Y', 'Y', 'N', 'NONE', NULL, NULL, NULL, NULL, 'N', 'N', 0, NULL, NULL, 0);

INSERT INTO SM_FIELD_DEF (TABLE_ID, FIELD_NAME, JP_TITLE, US_TITLE, DB_TYPE, DB_LENGTH, IS_KEY, NOT_BLANK, IS_DUMMY, IS_SEARCH_ITEM, SORT_NO, TREE_LEVEL, SHEET_NO, PAGE_NO, PROPERTY_NO, IS_AUTO, IS_MANDATORY, SYSTEM_READONLY, FIELD_TYPE, FIELD_LENGTH, INPUT_ALPHABET, INPUT_MULTIBYTE, INPUT_NUMERIC, INPUT_SYMBOL, INPUT_UPPERCASE, RETRIEVAL_TABLE, FORMAT, DEFAULT_VALUE, MIN_VALUE, MAX_VALUE, CALENDAR_BUTTON, JUMP_BUTTON, OPEN_BUTTON, REF_TABLE_ID, REF_FIELD_NAME, SPECIAL_BUTTON)
VALUES ('TBLID_BUSERG', 'MENU_FLG', '菜单标志', 'MENU_FLG', 'STRING', 128, 'N', 'N', 'N', 'N', -1, -1, 0, 0, 3, 'N', 'N', 'N', 'STRING', 128, 'Y', 7, 'Y', 'Y', 'N', 'NONE', NULL, NULL, NULL, NULL, 'N', 'N', 0, NULL, NULL, 0);

INSERT INTO SM_FIELD_DEF (TABLE_ID, FIELD_NAME, JP_TITLE, US_TITLE, DB_TYPE, DB_LENGTH, IS_KEY, NOT_BLANK, IS_DUMMY, IS_SEARCH_ITEM, SORT_NO, TREE_LEVEL, SHEET_NO, PAGE_NO, PROPERTY_NO, IS_AUTO, IS_MANDATORY, SYSTEM_READONLY, FIELD_TYPE, FIELD_LENGTH, INPUT_ALPHABET, INPUT_MULTIBYTE, INPUT_NUMERIC, INPUT_SYMBOL, INPUT_UPPERCASE, RETRIEVAL_TABLE, FORMAT, DEFAULT_VALUE, MIN_VALUE, MAX_VALUE, CALENDAR_BUTTON, JUMP_BUTTON, OPEN_BUTTON, REF_TABLE_ID, REF_FIELD_NAME, SPECIAL_BUTTON)
VALUES ('TBLID_BUSERG', 'ADMIN_FLG', '管理标志', 'ADMIN_FLG', 'STRING', 1, 'N', 'N', 'N', 'N', -1, -1, 0, 0, 4, 'N', 'N', 'N', 'STRING', 1, 'Y', 0, 'Y', 'Y', 'Y', 'NONE', NULL, NULL, NULL, NULL, 'N', 'N', 0, NULL, NULL, 0);

-- BUSERG SAVE
INSERT INTO SM_CHECK_DEF (TABLE_ID, CHECK_TYPE, CHECK_ORDER, CHECK_KIND, FIELD_NAME, ERR_MSG) VALUES
('TBLID_BUSERG', 'SAVE', 1, 'NOTNULL', 'USERG_ID', '业务组ID不能为空'),
('TBLID_BUSERG', 'SAVE', 2, 'STAT_N', null, '记录不是编辑态'),
('TBLID_BUSERG', 'SAVE', 3, 'LOCK_FREE', null, '记录已被锁定');

-- BUSERG RELEASE
INSERT INTO SM_CHECK_DEF (TABLE_ID, CHECK_TYPE, CHECK_ORDER, CHECK_KIND, FIELD_NAME, REF_TABLE, ERR_MSG) VALUES
('TBLID_BUSERG', 'RELEASE', 1, 'NOTNULL', 'USERG_ID', null, '业务组ID不能为空'),
('TBLID_BUSERG', 'RELEASE', 2, 'STAT_N', null, null, '记录不是编辑态'),
('TBLID_BUSERG', 'RELEASE', 3, 'LOCK_FREE', null, null, '记录已被锁定'),
('TBLID_BUSERG', 'RELEASE', 10, 'RELEASE_PARAM', 'USERG_ID', 'DUSERG', null),
('TBLID_BUSERG', 'RELEASE', 11, 'RELEASE_WRITE', 'USERG_NAME', 'DUSERG', null),
('TBLID_BUSERG', 'RELEASE', 12, 'RELEASE_WRITE', 'USERG_DESC', 'DUSERG', null),
('TBLID_BUSERG', 'RELEASE', 13, 'RELEASE_WRITE', 'MENU_FLG', 'DUSERG', null),
('TBLID_BUSERG', 'RELEASE', 14, 'RELEASE_WRITE', 'ADMIN_FLG', 'DUSERG', null);

-- BUSERG DELETE
INSERT INTO SM_CHECK_DEF (TABLE_ID, CHECK_TYPE, CHECK_ORDER, CHECK_KIND, FIELD_NAME, ERR_MSG) VALUES
('TBLID_BUSERG', 'DELETE', 1, 'NOTNULL', 'USERG_ID', '业务组ID不能为空'),
('TBLID_BUSERG', 'DELETE', 2, 'STAT_Y', null, '记录不是已发布态'),
('TBLID_BUSERG', 'DELETE', 3, 'LOCK_FREE', null, '记录已被锁定');

-- BUSERG EDITCOMP
INSERT INTO SM_CHECK_DEF (TABLE_ID, CHECK_TYPE, CHECK_ORDER, CHECK_KIND, FIELD_NAME, ERR_MSG) VALUES
('TBLID_BUSERG', 'EDITCOMP', 1, 'NOTNULL', 'USERG_ID', '业务组ID不能为空'),
('TBLID_BUSERG', 'EDITCOMP', 2, 'STAT_N', null, '记录不是编辑态'),
('TBLID_BUSERG', 'EDITCOMP', 3, 'LOCK_FREE', null, '记录已被锁定'),
('TBLID_BUSERG', 'EDITCOMP', 4, 'COMP_N', null, '记录已编辑完成');

-- 更新 BUSER 的 USERG_ID1 加上参照表
UPDATE SM_FIELD_DEF SET REF_TABLE_ID = 'TBLID_BUSERG', REF_FIELD_NAME = 'USERG_ID' WHERE TABLE_ID = 'TBLID_BUSER' AND FIELD_NAME = 'USERG_ID1';


-- ============================================
-- BROUTE (6 fields)
INSERT INTO SM_TABLE_DEF (TABLE_ID,TABLE_NAME,JP_TITLE,US_TITLE,RELEASE_FLAG,DISTRIBUTE_FLAG,PERMISSION_TYPE,SCHEMA_TYPE,HAS_DUMMY,SORT_NO) VALUES ('TBLID_BROUTE','BROUTE','BROUTE','BROUTE','Y','N','C','L','N',60);
INSERT INTO SM_FIELD_DEF (TABLE_ID,FIELD_NAME,JP_TITLE,US_TITLE,DB_TYPE,DB_LENGTH,IS_KEY,NOT_BLANK,IS_DUMMY,IS_SEARCH_ITEM,SORT_NO,TREE_LEVEL,SHEET_NO,PAGE_NO,PROPERTY_NO,IS_AUTO,IS_MANDATORY,SYSTEM_READONLY,FIELD_TYPE,FIELD_LENGTH,INPUT_ALPHABET,INPUT_MULTIBYTE,INPUT_NUMERIC,INPUT_SYMBOL,INPUT_UPPERCASE,RETRIEVAL_TABLE,FORMAT,DEFAULT_VALUE,MIN_VALUE,MAX_VALUE,CALENDAR_BUTTON,JUMP_BUTTON,OPEN_BUTTON,REF_TABLE_ID,REF_FIELD_NAME,SPECIAL_BUTTON) VALUES ('TBLID_BROUTE','ROUTE_ID','ROUTE_ID','ROUTE_ID','STRING',12,'Y','Y','N','Y',0,0,0,0,0,'N','N','N','STRING',12,'Y',0,'Y','Y','Y','NONE',NULL,NULL,NULL,NULL,'N','N',0,NULL,NULL,0);
INSERT INTO SM_FIELD_DEF (TABLE_ID,FIELD_NAME,JP_TITLE,US_TITLE,DB_TYPE,DB_LENGTH,IS_KEY,NOT_BLANK,IS_DUMMY,IS_SEARCH_ITEM,SORT_NO,TREE_LEVEL,SHEET_NO,PAGE_NO,PROPERTY_NO,IS_AUTO,IS_MANDATORY,SYSTEM_READONLY,FIELD_TYPE,FIELD_LENGTH,INPUT_ALPHABET,INPUT_MULTIBYTE,INPUT_NUMERIC,INPUT_SYMBOL,INPUT_UPPERCASE,RETRIEVAL_TABLE,FORMAT,DEFAULT_VALUE,MIN_VALUE,MAX_VALUE,CALENDAR_BUTTON,JUMP_BUTTON,OPEN_BUTTON,REF_TABLE_ID,REF_FIELD_NAME,SPECIAL_BUTTON) VALUES ('TBLID_BROUTE','ROUTE_VER','ROUTE_VER','ROUTE_VER','STRING',3,'N','Y','N','Y',1,-1,0,0,1,'N','N','N','STRING',3,'Y',0,'Y','Y','Y','NONE',NULL,NULL,NULL,NULL,'N','N',0,NULL,NULL,0);
INSERT INTO SM_FIELD_DEF (TABLE_ID,FIELD_NAME,JP_TITLE,US_TITLE,DB_TYPE,DB_LENGTH,IS_KEY,NOT_BLANK,IS_DUMMY,IS_SEARCH_ITEM,SORT_NO,TREE_LEVEL,SHEET_NO,PAGE_NO,PROPERTY_NO,IS_AUTO,IS_MANDATORY,SYSTEM_READONLY,FIELD_TYPE,FIELD_LENGTH,INPUT_ALPHABET,INPUT_MULTIBYTE,INPUT_NUMERIC,INPUT_SYMBOL,INPUT_UPPERCASE,RETRIEVAL_TABLE,FORMAT,DEFAULT_VALUE,MIN_VALUE,MAX_VALUE,CALENDAR_BUTTON,JUMP_BUTTON,OPEN_BUTTON,REF_TABLE_ID,REF_FIELD_NAME,SPECIAL_BUTTON) VALUES ('TBLID_BROUTE','SUB_RWK_CAT','SUB_RWK_CAT','SUB_RWK_CAT','STRING',1,'N','Y','N','Y',2,-1,0,0,2,'N','N','N','STRING',1,'Y',0,'Y','Y','Y','NONE',NULL,NULL,NULL,NULL,'N','N',0,NULL,NULL,0);
INSERT INTO SM_FIELD_DEF (TABLE_ID,FIELD_NAME,JP_TITLE,US_TITLE,DB_TYPE,DB_LENGTH,IS_KEY,NOT_BLANK,IS_DUMMY,IS_SEARCH_ITEM,SORT_NO,TREE_LEVEL,SHEET_NO,PAGE_NO,PROPERTY_NO,IS_AUTO,IS_MANDATORY,SYSTEM_READONLY,FIELD_TYPE,FIELD_LENGTH,INPUT_ALPHABET,INPUT_MULTIBYTE,INPUT_NUMERIC,INPUT_SYMBOL,INPUT_UPPERCASE,RETRIEVAL_TABLE,FORMAT,DEFAULT_VALUE,MIN_VALUE,MAX_VALUE,CALENDAR_BUTTON,JUMP_BUTTON,OPEN_BUTTON,REF_TABLE_ID,REF_FIELD_NAME,SPECIAL_BUTTON) VALUES ('TBLID_BROUTE','ROUTE_CAT','ROUTE_CAT','ROUTE_CAT','STRING',10,'N','Y','N','Y',3,-1,0,0,3,'N','N','N','STRING',10,'Y',0,'Y','Y','Y','NONE',NULL,NULL,NULL,NULL,'N','N',0,NULL,NULL,0);
INSERT INTO SM_FIELD_DEF (TABLE_ID,FIELD_NAME,JP_TITLE,US_TITLE,DB_TYPE,DB_LENGTH,IS_KEY,NOT_BLANK,IS_DUMMY,IS_SEARCH_ITEM,SORT_NO,TREE_LEVEL,SHEET_NO,PAGE_NO,PROPERTY_NO,IS_AUTO,IS_MANDATORY,SYSTEM_READONLY,FIELD_TYPE,FIELD_LENGTH,INPUT_ALPHABET,INPUT_MULTIBYTE,INPUT_NUMERIC,INPUT_SYMBOL,INPUT_UPPERCASE,RETRIEVAL_TABLE,FORMAT,DEFAULT_VALUE,MIN_VALUE,MAX_VALUE,CALENDAR_BUTTON,JUMP_BUTTON,OPEN_BUTTON,REF_TABLE_ID,REF_FIELD_NAME,SPECIAL_BUTTON) VALUES ('TBLID_BROUTE','ROUTE_NAME','ROUTE_NAME','ROUTE_NAME','STRING',40,'N','Y','N','Y',4,-1,0,0,4,'N','N','N','STRING',40,'Y',0,'Y','Y','Y','NONE',NULL,NULL,NULL,NULL,'N','N',0,NULL,NULL,0);
INSERT INTO SM_FIELD_DEF (TABLE_ID,FIELD_NAME,JP_TITLE,US_TITLE,DB_TYPE,DB_LENGTH,IS_KEY,NOT_BLANK,IS_DUMMY,IS_SEARCH_ITEM,SORT_NO,TREE_LEVEL,SHEET_NO,PAGE_NO,PROPERTY_NO,IS_AUTO,IS_MANDATORY,SYSTEM_READONLY,FIELD_TYPE,FIELD_LENGTH,INPUT_ALPHABET,INPUT_MULTIBYTE,INPUT_NUMERIC,INPUT_SYMBOL,INPUT_UPPERCASE,RETRIEVAL_TABLE,FORMAT,DEFAULT_VALUE,MIN_VALUE,MAX_VALUE,CALENDAR_BUTTON,JUMP_BUTTON,OPEN_BUTTON,REF_TABLE_ID,REF_FIELD_NAME,SPECIAL_BUTTON) VALUES ('TBLID_BROUTE','ROUTE_DESC','ROUTE_DESC','ROUTE_DESC','STRING',80,'N','Y','N','Y',5,-1,0,0,5,'N','N','N','STRING',80,'Y',0,'Y','Y','Y','NONE',NULL,NULL,NULL,NULL,'N','N',0,NULL,NULL,0);
INSERT INTO SM_CHECK_DEF (TABLE_ID,CHECK_TYPE,CHECK_ORDER,CHECK_KIND,FIELD_NAME,REF_TABLE,REF_FIELD,EXPECT_VALUE,ERR_MSG) VALUES ('TBLID_BROUTE','SAVE',1,'NOTNULL','ROUTE_ID',NULL,NULL,NULL,'ROUTE_ID不能为空');
INSERT INTO SM_CHECK_DEF (TABLE_ID,CHECK_TYPE,CHECK_ORDER,CHECK_KIND,FIELD_NAME,REF_TABLE,REF_FIELD,EXPECT_VALUE,ERR_MSG) VALUES ('TBLID_BROUTE','SAVE',2,'STAT_N',NULL,NULL,NULL,NULL,'记录不是编辑态');
INSERT INTO SM_CHECK_DEF (TABLE_ID,CHECK_TYPE,CHECK_ORDER,CHECK_KIND,FIELD_NAME,REF_TABLE,REF_FIELD,EXPECT_VALUE,ERR_MSG) VALUES ('TBLID_BROUTE','SAVE',3,'LOCK_FREE',NULL,NULL,NULL,NULL,'记录已被锁定');
INSERT INTO SM_CHECK_DEF (TABLE_ID,CHECK_TYPE,CHECK_ORDER,CHECK_KIND,FIELD_NAME,REF_TABLE,REF_FIELD,EXPECT_VALUE,ERR_MSG) VALUES ('TBLID_BROUTE','RELEASE',1,'NOTNULL','ROUTE_ID',NULL,NULL,NULL,'ROUTE_ID不能为空');
INSERT INTO SM_CHECK_DEF (TABLE_ID,CHECK_TYPE,CHECK_ORDER,CHECK_KIND,FIELD_NAME,REF_TABLE,REF_FIELD,EXPECT_VALUE,ERR_MSG) VALUES ('TBLID_BROUTE','RELEASE',2,'STAT_N',NULL,NULL,NULL,NULL,'记录不是编辑态');
INSERT INTO SM_CHECK_DEF (TABLE_ID,CHECK_TYPE,CHECK_ORDER,CHECK_KIND,FIELD_NAME,REF_TABLE,REF_FIELD,EXPECT_VALUE,ERR_MSG) VALUES ('TBLID_BROUTE','RELEASE',3,'LOCK_FREE',NULL,NULL,NULL,NULL,'记录已被锁定');
INSERT INTO SM_CHECK_DEF (TABLE_ID,CHECK_TYPE,CHECK_ORDER,CHECK_KIND,FIELD_NAME,REF_TABLE,REF_FIELD,EXPECT_VALUE,ERR_MSG) VALUES ('TBLID_BROUTE','RELEASE',10,'RELEASE_PARAM','ROUTE_ID','DROUTE',NULL,NULL,NULL);
INSERT INTO SM_CHECK_DEF (TABLE_ID,CHECK_TYPE,CHECK_ORDER,CHECK_KIND,FIELD_NAME,REF_TABLE,REF_FIELD,EXPECT_VALUE,ERR_MSG) VALUES ('TBLID_BROUTE','DELETE',1,'NOTNULL','ROUTE_ID',NULL,NULL,NULL,'ROUTE_ID不能为空');
INSERT INTO SM_CHECK_DEF (TABLE_ID,CHECK_TYPE,CHECK_ORDER,CHECK_KIND,FIELD_NAME,REF_TABLE,REF_FIELD,EXPECT_VALUE,ERR_MSG) VALUES ('TBLID_BROUTE','DELETE',2,'STAT_Y',NULL,NULL,NULL,NULL,'记录不是已发布态');
INSERT INTO SM_CHECK_DEF (TABLE_ID,CHECK_TYPE,CHECK_ORDER,CHECK_KIND,FIELD_NAME,REF_TABLE,REF_FIELD,EXPECT_VALUE,ERR_MSG) VALUES ('TBLID_BROUTE','DELETE',3,'LOCK_FREE',NULL,NULL,NULL,NULL,'记录已被锁定');
INSERT INTO SM_CHECK_DEF (TABLE_ID,CHECK_TYPE,CHECK_ORDER,CHECK_KIND,FIELD_NAME,REF_TABLE,REF_FIELD,EXPECT_VALUE,ERR_MSG) VALUES ('TBLID_BROUTE','EDITCOMP',1,'NOTNULL','ROUTE_ID',NULL,NULL,NULL,'ROUTE_ID不能为空');
INSERT INTO SM_CHECK_DEF (TABLE_ID,CHECK_TYPE,CHECK_ORDER,CHECK_KIND,FIELD_NAME,REF_TABLE,REF_FIELD,EXPECT_VALUE,ERR_MSG) VALUES ('TBLID_BROUTE','EDITCOMP',2,'STAT_N',NULL,NULL,NULL,NULL,'记录不是编辑态');
INSERT INTO SM_CHECK_DEF (TABLE_ID,CHECK_TYPE,CHECK_ORDER,CHECK_KIND,FIELD_NAME,REF_TABLE,REF_FIELD,EXPECT_VALUE,ERR_MSG) VALUES ('TBLID_BROUTE','EDITCOMP',3,'LOCK_FREE',NULL,NULL,NULL,NULL,'记录已被锁定');
INSERT INTO SM_CHECK_DEF (TABLE_ID,CHECK_TYPE,CHECK_ORDER,CHECK_KIND,FIELD_NAME,REF_TABLE,REF_FIELD,EXPECT_VALUE,ERR_MSG) VALUES ('TBLID_BROUTE','EDITCOMP',4,'COMP_N',NULL,NULL,NULL,NULL,'记录已编辑完成');

-- BOPE (56 fields)
INSERT INTO SM_TABLE_DEF (TABLE_ID,TABLE_NAME,JP_TITLE,US_TITLE,RELEASE_FLAG,DISTRIBUTE_FLAG,PERMISSION_TYPE,SCHEMA_TYPE,HAS_DUMMY,SORT_NO) VALUES ('TBLID_BOPE','BOPE','BOPE','BOPE','Y','N','C','L','N',70);
INSERT INTO SM_FIELD_DEF (TABLE_ID,FIELD_NAME,JP_TITLE,US_TITLE,DB_TYPE,DB_LENGTH,IS_KEY,NOT_BLANK,IS_DUMMY,IS_SEARCH_ITEM,SORT_NO,TREE_LEVEL,SHEET_NO,PAGE_NO,PROPERTY_NO,IS_AUTO,IS_MANDATORY,SYSTEM_READONLY,FIELD_TYPE,FIELD_LENGTH,INPUT_ALPHABET,INPUT_MULTIBYTE,INPUT_NUMERIC,INPUT_SYMBOL,INPUT_UPPERCASE,RETRIEVAL_TABLE,FORMAT,DEFAULT_VALUE,MIN_VALUE,MAX_VALUE,CALENDAR_BUTTON,JUMP_BUTTON,OPEN_BUTTON,REF_TABLE_ID,REF_FIELD_NAME,SPECIAL_BUTTON) VALUES ('TBLID_BOPE','OPE_ID','OPE_ID','OPE_ID','STRING',8,'Y','Y','N','Y',0,0,0,0,0,'N','N','N','STRING',8,'Y',0,'Y','Y','Y','NONE',NULL,NULL,NULL,NULL,'N','N',0,NULL,NULL,0);
INSERT INTO SM_FIELD_DEF (TABLE_ID,FIELD_NAME,JP_TITLE,US_TITLE,DB_TYPE,DB_LENGTH,IS_KEY,NOT_BLANK,IS_DUMMY,IS_SEARCH_ITEM,SORT_NO,TREE_LEVEL,SHEET_NO,PAGE_NO,PROPERTY_NO,IS_AUTO,IS_MANDATORY,SYSTEM_READONLY,FIELD_TYPE,FIELD_LENGTH,INPUT_ALPHABET,INPUT_MULTIBYTE,INPUT_NUMERIC,INPUT_SYMBOL,INPUT_UPPERCASE,RETRIEVAL_TABLE,FORMAT,DEFAULT_VALUE,MIN_VALUE,MAX_VALUE,CALENDAR_BUTTON,JUMP_BUTTON,OPEN_BUTTON,REF_TABLE_ID,REF_FIELD_NAME,SPECIAL_BUTTON) VALUES ('TBLID_BOPE','OPE_NAME','OPE_NAME','OPE_NAME','STRING',40,'N','Y','N','Y',1,-1,0,0,1,'N','N','N','STRING',40,'Y',0,'Y','Y','Y','NONE',NULL,NULL,NULL,NULL,'N','N',0,NULL,NULL,0);
INSERT INTO SM_FIELD_DEF (TABLE_ID,FIELD_NAME,JP_TITLE,US_TITLE,DB_TYPE,DB_LENGTH,IS_KEY,NOT_BLANK,IS_DUMMY,IS_SEARCH_ITEM,SORT_NO,TREE_LEVEL,SHEET_NO,PAGE_NO,PROPERTY_NO,IS_AUTO,IS_MANDATORY,SYSTEM_READONLY,FIELD_TYPE,FIELD_LENGTH,INPUT_ALPHABET,INPUT_MULTIBYTE,INPUT_NUMERIC,INPUT_SYMBOL,INPUT_UPPERCASE,RETRIEVAL_TABLE,FORMAT,DEFAULT_VALUE,MIN_VALUE,MAX_VALUE,CALENDAR_BUTTON,JUMP_BUTTON,OPEN_BUTTON,REF_TABLE_ID,REF_FIELD_NAME,SPECIAL_BUTTON) VALUES ('TBLID_BOPE','OPE_DESC','OPE_DESC','OPE_DESC','STRING',80,'N','Y','N','Y',2,-1,0,0,2,'N','N','N','STRING',80,'Y',0,'Y','Y','Y','NONE',NULL,NULL,NULL,NULL,'N','N',0,NULL,NULL,0);
INSERT INTO SM_FIELD_DEF (TABLE_ID,FIELD_NAME,JP_TITLE,US_TITLE,DB_TYPE,DB_LENGTH,IS_KEY,NOT_BLANK,IS_DUMMY,IS_SEARCH_ITEM,SORT_NO,TREE_LEVEL,SHEET_NO,PAGE_NO,PROPERTY_NO,IS_AUTO,IS_MANDATORY,SYSTEM_READONLY,FIELD_TYPE,FIELD_LENGTH,INPUT_ALPHABET,INPUT_MULTIBYTE,INPUT_NUMERIC,INPUT_SYMBOL,INPUT_UPPERCASE,RETRIEVAL_TABLE,FORMAT,DEFAULT_VALUE,MIN_VALUE,MAX_VALUE,CALENDAR_BUTTON,JUMP_BUTTON,OPEN_BUTTON,REF_TABLE_ID,REF_FIELD_NAME,SPECIAL_BUTTON) VALUES ('TBLID_BOPE','OPE_PROPERTY','OPE_PROPERTY','OPE_PROPERTY','STRING',10,'N','Y','N','Y',3,-1,0,0,3,'N','N','N','STRING',10,'Y',0,'Y','Y','Y','NONE',NULL,NULL,NULL,NULL,'N','N',0,NULL,NULL,0);
INSERT INTO SM_FIELD_DEF (TABLE_ID,FIELD_NAME,JP_TITLE,US_TITLE,DB_TYPE,DB_LENGTH,IS_KEY,NOT_BLANK,IS_DUMMY,IS_SEARCH_ITEM,SORT_NO,TREE_LEVEL,SHEET_NO,PAGE_NO,PROPERTY_NO,IS_AUTO,IS_MANDATORY,SYSTEM_READONLY,FIELD_TYPE,FIELD_LENGTH,INPUT_ALPHABET,INPUT_MULTIBYTE,INPUT_NUMERIC,INPUT_SYMBOL,INPUT_UPPERCASE,RETRIEVAL_TABLE,FORMAT,DEFAULT_VALUE,MIN_VALUE,MAX_VALUE,CALENDAR_BUTTON,JUMP_BUTTON,OPEN_BUTTON,REF_TABLE_ID,REF_FIELD_NAME,SPECIAL_BUTTON) VALUES ('TBLID_BOPE','OPE_CAT_ID','OPE_CAT_ID','OPE_CAT_ID','STRING',10,'N','Y','N','Y',4,-1,0,0,4,'N','N','N','STRING',10,'Y',0,'Y','Y','Y','NONE',NULL,NULL,NULL,NULL,'N','N',0,NULL,NULL,0);
INSERT INTO SM_FIELD_DEF (TABLE_ID,FIELD_NAME,JP_TITLE,US_TITLE,DB_TYPE,DB_LENGTH,IS_KEY,NOT_BLANK,IS_DUMMY,IS_SEARCH_ITEM,SORT_NO,TREE_LEVEL,SHEET_NO,PAGE_NO,PROPERTY_NO,IS_AUTO,IS_MANDATORY,SYSTEM_READONLY,FIELD_TYPE,FIELD_LENGTH,INPUT_ALPHABET,INPUT_MULTIBYTE,INPUT_NUMERIC,INPUT_SYMBOL,INPUT_UPPERCASE,RETRIEVAL_TABLE,FORMAT,DEFAULT_VALUE,MIN_VALUE,MAX_VALUE,CALENDAR_BUTTON,JUMP_BUTTON,OPEN_BUTTON,REF_TABLE_ID,REF_FIELD_NAME,SPECIAL_BUTTON) VALUES ('TBLID_BOPE','EQP_ID','EQP_ID','EQP_ID','STRING',10,'N','Y','N','Y',5,-1,0,0,5,'N','N','N','STRING',10,'Y',0,'Y','Y','Y','NONE',NULL,NULL,NULL,NULL,'N','N',0,NULL,NULL,0);
INSERT INTO SM_FIELD_DEF (TABLE_ID,FIELD_NAME,JP_TITLE,US_TITLE,DB_TYPE,DB_LENGTH,IS_KEY,NOT_BLANK,IS_DUMMY,IS_SEARCH_ITEM,SORT_NO,TREE_LEVEL,SHEET_NO,PAGE_NO,PROPERTY_NO,IS_AUTO,IS_MANDATORY,SYSTEM_READONLY,FIELD_TYPE,FIELD_LENGTH,INPUT_ALPHABET,INPUT_MULTIBYTE,INPUT_NUMERIC,INPUT_SYMBOL,INPUT_UPPERCASE,RETRIEVAL_TABLE,FORMAT,DEFAULT_VALUE,MIN_VALUE,MAX_VALUE,CALENDAR_BUTTON,JUMP_BUTTON,OPEN_BUTTON,REF_TABLE_ID,REF_FIELD_NAME,SPECIAL_BUTTON) VALUES ('TBLID_BOPE','RECIP_ID','RECIP_ID','RECIP_ID','STRING',20,'N','Y','N','Y',6,-1,0,0,6,'N','N','N','STRING',20,'Y',0,'Y','Y','Y','NONE',NULL,NULL,NULL,NULL,'N','N',0,NULL,NULL,0);
INSERT INTO SM_FIELD_DEF (TABLE_ID,FIELD_NAME,JP_TITLE,US_TITLE,DB_TYPE,DB_LENGTH,IS_KEY,NOT_BLANK,IS_DUMMY,IS_SEARCH_ITEM,SORT_NO,TREE_LEVEL,SHEET_NO,PAGE_NO,PROPERTY_NO,IS_AUTO,IS_MANDATORY,SYSTEM_READONLY,FIELD_TYPE,FIELD_LENGTH,INPUT_ALPHABET,INPUT_MULTIBYTE,INPUT_NUMERIC,INPUT_SYMBOL,INPUT_UPPERCASE,RETRIEVAL_TABLE,FORMAT,DEFAULT_VALUE,MIN_VALUE,MAX_VALUE,CALENDAR_BUTTON,JUMP_BUTTON,OPEN_BUTTON,REF_TABLE_ID,REF_FIELD_NAME,SPECIAL_BUTTON) VALUES ('TBLID_BOPE','PROCDATA_ID','PROCDATA_ID','PROCDATA_ID','STRING',13,'N','Y','N','Y',7,-1,0,0,7,'N','N','N','STRING',13,'Y',0,'Y','Y','Y','NONE',NULL,NULL,NULL,NULL,'N','N',0,NULL,NULL,0);
INSERT INTO SM_FIELD_DEF (TABLE_ID,FIELD_NAME,JP_TITLE,US_TITLE,DB_TYPE,DB_LENGTH,IS_KEY,NOT_BLANK,IS_DUMMY,IS_SEARCH_ITEM,SORT_NO,TREE_LEVEL,SHEET_NO,PAGE_NO,PROPERTY_NO,IS_AUTO,IS_MANDATORY,SYSTEM_READONLY,FIELD_TYPE,FIELD_LENGTH,INPUT_ALPHABET,INPUT_MULTIBYTE,INPUT_NUMERIC,INPUT_SYMBOL,INPUT_UPPERCASE,RETRIEVAL_TABLE,FORMAT,DEFAULT_VALUE,MIN_VALUE,MAX_VALUE,CALENDAR_BUTTON,JUMP_BUTTON,OPEN_BUTTON,REF_TABLE_ID,REF_FIELD_NAME,SPECIAL_BUTTON) VALUES ('TBLID_BOPE','MEAS_ID','MEAS_ID','MEAS_ID','STRING',13,'N','Y','N','Y',8,-1,0,0,8,'N','N','N','STRING',13,'Y',0,'Y','Y','Y','NONE',NULL,NULL,NULL,NULL,'N','N',0,NULL,NULL,0);
INSERT INTO SM_FIELD_DEF (TABLE_ID,FIELD_NAME,JP_TITLE,US_TITLE,DB_TYPE,DB_LENGTH,IS_KEY,NOT_BLANK,IS_DUMMY,IS_SEARCH_ITEM,SORT_NO,TREE_LEVEL,SHEET_NO,PAGE_NO,PROPERTY_NO,IS_AUTO,IS_MANDATORY,SYSTEM_READONLY,FIELD_TYPE,FIELD_LENGTH,INPUT_ALPHABET,INPUT_MULTIBYTE,INPUT_NUMERIC,INPUT_SYMBOL,INPUT_UPPERCASE,RETRIEVAL_TABLE,FORMAT,DEFAULT_VALUE,MIN_VALUE,MAX_VALUE,CALENDAR_BUTTON,JUMP_BUTTON,OPEN_BUTTON,REF_TABLE_ID,REF_FIELD_NAME,SPECIAL_BUTTON) VALUES ('TBLID_BOPE','FAM_LOT_HOLD_FLG','FAM_LOT_HOLD_FLG','FAM_LOT_HOLD_FLG','STRING',1,'N','Y','N','Y',9,-1,0,0,9,'N','N','N','STRING',1,'Y',0,'Y','Y','Y','NONE',NULL,NULL,NULL,NULL,'N','N',0,NULL,NULL,0);
INSERT INTO SM_FIELD_DEF (TABLE_ID,FIELD_NAME,JP_TITLE,US_TITLE,DB_TYPE,DB_LENGTH,IS_KEY,NOT_BLANK,IS_DUMMY,IS_SEARCH_ITEM,SORT_NO,TREE_LEVEL,SHEET_NO,PAGE_NO,PROPERTY_NO,IS_AUTO,IS_MANDATORY,SYSTEM_READONLY,FIELD_TYPE,FIELD_LENGTH,INPUT_ALPHABET,INPUT_MULTIBYTE,INPUT_NUMERIC,INPUT_SYMBOL,INPUT_UPPERCASE,RETRIEVAL_TABLE,FORMAT,DEFAULT_VALUE,MIN_VALUE,MAX_VALUE,CALENDAR_BUTTON,JUMP_BUTTON,OPEN_BUTTON,REF_TABLE_ID,REF_FIELD_NAME,SPECIAL_BUTTON) VALUES ('TBLID_BOPE','CARG_UNLOAD','CARG_UNLOAD','CARG_UNLOAD','STRING',10,'N','Y','N','Y',10,-1,0,0,10,'N','N','N','STRING',10,'Y',0,'Y','Y','Y','NONE',NULL,NULL,NULL,NULL,'N','N',0,NULL,NULL,0);
INSERT INTO SM_FIELD_DEF (TABLE_ID,FIELD_NAME,JP_TITLE,US_TITLE,DB_TYPE,DB_LENGTH,IS_KEY,NOT_BLANK,IS_DUMMY,IS_SEARCH_ITEM,SORT_NO,TREE_LEVEL,SHEET_NO,PAGE_NO,PROPERTY_NO,IS_AUTO,IS_MANDATORY,SYSTEM_READONLY,FIELD_TYPE,FIELD_LENGTH,INPUT_ALPHABET,INPUT_MULTIBYTE,INPUT_NUMERIC,INPUT_SYMBOL,INPUT_UPPERCASE,RETRIEVAL_TABLE,FORMAT,DEFAULT_VALUE,MIN_VALUE,MAX_VALUE,CALENDAR_BUTTON,JUMP_BUTTON,OPEN_BUTTON,REF_TABLE_ID,REF_FIELD_NAME,SPECIAL_BUTTON) VALUES ('TBLID_BOPE','CARG_UNLOAD2','CARG_UNLOAD2','CARG_UNLOAD2','STRING',10,'N','Y','N','Y',11,-1,0,0,11,'N','N','N','STRING',10,'Y',0,'Y','Y','Y','NONE',NULL,NULL,NULL,NULL,'N','N',0,NULL,NULL,0);
INSERT INTO SM_FIELD_DEF (TABLE_ID,FIELD_NAME,JP_TITLE,US_TITLE,DB_TYPE,DB_LENGTH,IS_KEY,NOT_BLANK,IS_DUMMY,IS_SEARCH_ITEM,SORT_NO,TREE_LEVEL,SHEET_NO,PAGE_NO,PROPERTY_NO,IS_AUTO,IS_MANDATORY,SYSTEM_READONLY,FIELD_TYPE,FIELD_LENGTH,INPUT_ALPHABET,INPUT_MULTIBYTE,INPUT_NUMERIC,INPUT_SYMBOL,INPUT_UPPERCASE,RETRIEVAL_TABLE,FORMAT,DEFAULT_VALUE,MIN_VALUE,MAX_VALUE,CALENDAR_BUTTON,JUMP_BUTTON,OPEN_BUTTON,REF_TABLE_ID,REF_FIELD_NAME,SPECIAL_BUTTON) VALUES ('TBLID_BOPE','CARG_UNLOAD3','CARG_UNLOAD3','CARG_UNLOAD3','STRING',10,'N','Y','N','Y',12,-1,0,0,12,'N','N','N','STRING',10,'Y',0,'Y','Y','Y','NONE',NULL,NULL,NULL,NULL,'N','N',0,NULL,NULL,0);
INSERT INTO SM_FIELD_DEF (TABLE_ID,FIELD_NAME,JP_TITLE,US_TITLE,DB_TYPE,DB_LENGTH,IS_KEY,NOT_BLANK,IS_DUMMY,IS_SEARCH_ITEM,SORT_NO,TREE_LEVEL,SHEET_NO,PAGE_NO,PROPERTY_NO,IS_AUTO,IS_MANDATORY,SYSTEM_READONLY,FIELD_TYPE,FIELD_LENGTH,INPUT_ALPHABET,INPUT_MULTIBYTE,INPUT_NUMERIC,INPUT_SYMBOL,INPUT_UPPERCASE,RETRIEVAL_TABLE,FORMAT,DEFAULT_VALUE,MIN_VALUE,MAX_VALUE,CALENDAR_BUTTON,JUMP_BUTTON,OPEN_BUTTON,REF_TABLE_ID,REF_FIELD_NAME,SPECIAL_BUTTON) VALUES ('TBLID_BOPE','CARG_UNLOAD4','CARG_UNLOAD4','CARG_UNLOAD4','STRING',10,'N','Y','N','Y',13,-1,0,0,13,'N','N','N','STRING',10,'Y',0,'Y','Y','Y','NONE',NULL,NULL,NULL,NULL,'N','N',0,NULL,NULL,0);
INSERT INTO SM_FIELD_DEF (TABLE_ID,FIELD_NAME,JP_TITLE,US_TITLE,DB_TYPE,DB_LENGTH,IS_KEY,NOT_BLANK,IS_DUMMY,IS_SEARCH_ITEM,SORT_NO,TREE_LEVEL,SHEET_NO,PAGE_NO,PROPERTY_NO,IS_AUTO,IS_MANDATORY,SYSTEM_READONLY,FIELD_TYPE,FIELD_LENGTH,INPUT_ALPHABET,INPUT_MULTIBYTE,INPUT_NUMERIC,INPUT_SYMBOL,INPUT_UPPERCASE,RETRIEVAL_TABLE,FORMAT,DEFAULT_VALUE,MIN_VALUE,MAX_VALUE,CALENDAR_BUTTON,JUMP_BUTTON,OPEN_BUTTON,REF_TABLE_ID,REF_FIELD_NAME,SPECIAL_BUTTON) VALUES ('TBLID_BOPE','CARG_UNLOAD5','CARG_UNLOAD5','CARG_UNLOAD5','STRING',10,'N','Y','N','Y',14,-1,0,0,14,'N','N','N','STRING',10,'Y',0,'Y','Y','Y','NONE',NULL,NULL,NULL,NULL,'N','N',0,NULL,NULL,0);
INSERT INTO SM_FIELD_DEF (TABLE_ID,FIELD_NAME,JP_TITLE,US_TITLE,DB_TYPE,DB_LENGTH,IS_KEY,NOT_BLANK,IS_DUMMY,IS_SEARCH_ITEM,SORT_NO,TREE_LEVEL,SHEET_NO,PAGE_NO,PROPERTY_NO,IS_AUTO,IS_MANDATORY,SYSTEM_READONLY,FIELD_TYPE,FIELD_LENGTH,INPUT_ALPHABET,INPUT_MULTIBYTE,INPUT_NUMERIC,INPUT_SYMBOL,INPUT_UPPERCASE,RETRIEVAL_TABLE,FORMAT,DEFAULT_VALUE,MIN_VALUE,MAX_VALUE,CALENDAR_BUTTON,JUMP_BUTTON,OPEN_BUTTON,REF_TABLE_ID,REF_FIELD_NAME,SPECIAL_BUTTON) VALUES ('TBLID_BOPE','CARG_UNLOAD6','CARG_UNLOAD6','CARG_UNLOAD6','STRING',10,'N','Y','N','Y',15,-1,0,0,15,'N','N','N','STRING',10,'Y',0,'Y','Y','Y','NONE',NULL,NULL,NULL,NULL,'N','N',0,NULL,NULL,0);
INSERT INTO SM_FIELD_DEF (TABLE_ID,FIELD_NAME,JP_TITLE,US_TITLE,DB_TYPE,DB_LENGTH,IS_KEY,NOT_BLANK,IS_DUMMY,IS_SEARCH_ITEM,SORT_NO,TREE_LEVEL,SHEET_NO,PAGE_NO,PROPERTY_NO,IS_AUTO,IS_MANDATORY,SYSTEM_READONLY,FIELD_TYPE,FIELD_LENGTH,INPUT_ALPHABET,INPUT_MULTIBYTE,INPUT_NUMERIC,INPUT_SYMBOL,INPUT_UPPERCASE,RETRIEVAL_TABLE,FORMAT,DEFAULT_VALUE,MIN_VALUE,MAX_VALUE,CALENDAR_BUTTON,JUMP_BUTTON,OPEN_BUTTON,REF_TABLE_ID,REF_FIELD_NAME,SPECIAL_BUTTON) VALUES ('TBLID_BOPE','CARG_UNLOAD7','CARG_UNLOAD7','CARG_UNLOAD7','STRING',10,'N','Y','N','Y',16,-1,0,0,16,'N','N','N','STRING',10,'Y',0,'Y','Y','Y','NONE',NULL,NULL,NULL,NULL,'N','N',0,NULL,NULL,0);
INSERT INTO SM_FIELD_DEF (TABLE_ID,FIELD_NAME,JP_TITLE,US_TITLE,DB_TYPE,DB_LENGTH,IS_KEY,NOT_BLANK,IS_DUMMY,IS_SEARCH_ITEM,SORT_NO,TREE_LEVEL,SHEET_NO,PAGE_NO,PROPERTY_NO,IS_AUTO,IS_MANDATORY,SYSTEM_READONLY,FIELD_TYPE,FIELD_LENGTH,INPUT_ALPHABET,INPUT_MULTIBYTE,INPUT_NUMERIC,INPUT_SYMBOL,INPUT_UPPERCASE,RETRIEVAL_TABLE,FORMAT,DEFAULT_VALUE,MIN_VALUE,MAX_VALUE,CALENDAR_BUTTON,JUMP_BUTTON,OPEN_BUTTON,REF_TABLE_ID,REF_FIELD_NAME,SPECIAL_BUTTON) VALUES ('TBLID_BOPE','CARG_UNLOAD8','CARG_UNLOAD8','CARG_UNLOAD8','STRING',10,'N','Y','N','Y',17,-1,0,0,17,'N','N','N','STRING',10,'Y',0,'Y','Y','Y','NONE',NULL,NULL,NULL,NULL,'N','N',0,NULL,NULL,0);
INSERT INTO SM_FIELD_DEF (TABLE_ID,FIELD_NAME,JP_TITLE,US_TITLE,DB_TYPE,DB_LENGTH,IS_KEY,NOT_BLANK,IS_DUMMY,IS_SEARCH_ITEM,SORT_NO,TREE_LEVEL,SHEET_NO,PAGE_NO,PROPERTY_NO,IS_AUTO,IS_MANDATORY,SYSTEM_READONLY,FIELD_TYPE,FIELD_LENGTH,INPUT_ALPHABET,INPUT_MULTIBYTE,INPUT_NUMERIC,INPUT_SYMBOL,INPUT_UPPERCASE,RETRIEVAL_TABLE,FORMAT,DEFAULT_VALUE,MIN_VALUE,MAX_VALUE,CALENDAR_BUTTON,JUMP_BUTTON,OPEN_BUTTON,REF_TABLE_ID,REF_FIELD_NAME,SPECIAL_BUTTON) VALUES ('TBLID_BOPE','CARG_UNLOAD9','CARG_UNLOAD9','CARG_UNLOAD9','STRING',10,'N','Y','N','Y',18,-1,0,0,18,'N','N','N','STRING',10,'Y',0,'Y','Y','Y','NONE',NULL,NULL,NULL,NULL,'N','N',0,NULL,NULL,0);
INSERT INTO SM_FIELD_DEF (TABLE_ID,FIELD_NAME,JP_TITLE,US_TITLE,DB_TYPE,DB_LENGTH,IS_KEY,NOT_BLANK,IS_DUMMY,IS_SEARCH_ITEM,SORT_NO,TREE_LEVEL,SHEET_NO,PAGE_NO,PROPERTY_NO,IS_AUTO,IS_MANDATORY,SYSTEM_READONLY,FIELD_TYPE,FIELD_LENGTH,INPUT_ALPHABET,INPUT_MULTIBYTE,INPUT_NUMERIC,INPUT_SYMBOL,INPUT_UPPERCASE,RETRIEVAL_TABLE,FORMAT,DEFAULT_VALUE,MIN_VALUE,MAX_VALUE,CALENDAR_BUTTON,JUMP_BUTTON,OPEN_BUTTON,REF_TABLE_ID,REF_FIELD_NAME,SPECIAL_BUTTON) VALUES ('TBLID_BOPE','CARG_UNLOAD10','CARG_UNLOAD10','CARG_UNLOAD10','STRING',10,'N','Y','N','Y',19,-1,0,0,19,'N','N','N','STRING',10,'Y',0,'Y','Y','Y','NONE',NULL,NULL,NULL,NULL,'N','N',0,NULL,NULL,0);
INSERT INTO SM_FIELD_DEF (TABLE_ID,FIELD_NAME,JP_TITLE,US_TITLE,DB_TYPE,DB_LENGTH,IS_KEY,NOT_BLANK,IS_DUMMY,IS_SEARCH_ITEM,SORT_NO,TREE_LEVEL,SHEET_NO,PAGE_NO,PROPERTY_NO,IS_AUTO,IS_MANDATORY,SYSTEM_READONLY,FIELD_TYPE,FIELD_LENGTH,INPUT_ALPHABET,INPUT_MULTIBYTE,INPUT_NUMERIC,INPUT_SYMBOL,INPUT_UPPERCASE,RETRIEVAL_TABLE,FORMAT,DEFAULT_VALUE,MIN_VALUE,MAX_VALUE,CALENDAR_BUTTON,JUMP_BUTTON,OPEN_BUTTON,REF_TABLE_ID,REF_FIELD_NAME,SPECIAL_BUTTON) VALUES ('TBLID_BOPE','CARG_UNLOAD11','CARG_UNLOAD11','CARG_UNLOAD11','STRING',10,'N','Y','N','Y',20,-1,0,0,20,'N','N','N','STRING',10,'Y',0,'Y','Y','Y','NONE',NULL,NULL,NULL,NULL,'N','N',0,NULL,NULL,0);
INSERT INTO SM_FIELD_DEF (TABLE_ID,FIELD_NAME,JP_TITLE,US_TITLE,DB_TYPE,DB_LENGTH,IS_KEY,NOT_BLANK,IS_DUMMY,IS_SEARCH_ITEM,SORT_NO,TREE_LEVEL,SHEET_NO,PAGE_NO,PROPERTY_NO,IS_AUTO,IS_MANDATORY,SYSTEM_READONLY,FIELD_TYPE,FIELD_LENGTH,INPUT_ALPHABET,INPUT_MULTIBYTE,INPUT_NUMERIC,INPUT_SYMBOL,INPUT_UPPERCASE,RETRIEVAL_TABLE,FORMAT,DEFAULT_VALUE,MIN_VALUE,MAX_VALUE,CALENDAR_BUTTON,JUMP_BUTTON,OPEN_BUTTON,REF_TABLE_ID,REF_FIELD_NAME,SPECIAL_BUTTON) VALUES ('TBLID_BOPE','CARG_UNLOAD12','CARG_UNLOAD12','CARG_UNLOAD12','STRING',10,'N','Y','N','Y',21,-1,0,0,21,'N','N','N','STRING',10,'Y',0,'Y','Y','Y','NONE',NULL,NULL,NULL,NULL,'N','N',0,NULL,NULL,0);
INSERT INTO SM_FIELD_DEF (TABLE_ID,FIELD_NAME,JP_TITLE,US_TITLE,DB_TYPE,DB_LENGTH,IS_KEY,NOT_BLANK,IS_DUMMY,IS_SEARCH_ITEM,SORT_NO,TREE_LEVEL,SHEET_NO,PAGE_NO,PROPERTY_NO,IS_AUTO,IS_MANDATORY,SYSTEM_READONLY,FIELD_TYPE,FIELD_LENGTH,INPUT_ALPHABET,INPUT_MULTIBYTE,INPUT_NUMERIC,INPUT_SYMBOL,INPUT_UPPERCASE,RETRIEVAL_TABLE,FORMAT,DEFAULT_VALUE,MIN_VALUE,MAX_VALUE,CALENDAR_BUTTON,JUMP_BUTTON,OPEN_BUTTON,REF_TABLE_ID,REF_FIELD_NAME,SPECIAL_BUTTON) VALUES ('TBLID_BOPE','CARG_UNLOAD13','CARG_UNLOAD13','CARG_UNLOAD13','STRING',10,'N','Y','N','Y',22,-1,0,0,22,'N','N','N','STRING',10,'Y',0,'Y','Y','Y','NONE',NULL,NULL,NULL,NULL,'N','N',0,NULL,NULL,0);
INSERT INTO SM_FIELD_DEF (TABLE_ID,FIELD_NAME,JP_TITLE,US_TITLE,DB_TYPE,DB_LENGTH,IS_KEY,NOT_BLANK,IS_DUMMY,IS_SEARCH_ITEM,SORT_NO,TREE_LEVEL,SHEET_NO,PAGE_NO,PROPERTY_NO,IS_AUTO,IS_MANDATORY,SYSTEM_READONLY,FIELD_TYPE,FIELD_LENGTH,INPUT_ALPHABET,INPUT_MULTIBYTE,INPUT_NUMERIC,INPUT_SYMBOL,INPUT_UPPERCASE,RETRIEVAL_TABLE,FORMAT,DEFAULT_VALUE,MIN_VALUE,MAX_VALUE,CALENDAR_BUTTON,JUMP_BUTTON,OPEN_BUTTON,REF_TABLE_ID,REF_FIELD_NAME,SPECIAL_BUTTON) VALUES ('TBLID_BOPE','CARG_UNLOAD14','CARG_UNLOAD14','CARG_UNLOAD14','STRING',10,'N','Y','N','Y',23,-1,0,0,23,'N','N','N','STRING',10,'Y',0,'Y','Y','Y','NONE',NULL,NULL,NULL,NULL,'N','N',0,NULL,NULL,0);
INSERT INTO SM_FIELD_DEF (TABLE_ID,FIELD_NAME,JP_TITLE,US_TITLE,DB_TYPE,DB_LENGTH,IS_KEY,NOT_BLANK,IS_DUMMY,IS_SEARCH_ITEM,SORT_NO,TREE_LEVEL,SHEET_NO,PAGE_NO,PROPERTY_NO,IS_AUTO,IS_MANDATORY,SYSTEM_READONLY,FIELD_TYPE,FIELD_LENGTH,INPUT_ALPHABET,INPUT_MULTIBYTE,INPUT_NUMERIC,INPUT_SYMBOL,INPUT_UPPERCASE,RETRIEVAL_TABLE,FORMAT,DEFAULT_VALUE,MIN_VALUE,MAX_VALUE,CALENDAR_BUTTON,JUMP_BUTTON,OPEN_BUTTON,REF_TABLE_ID,REF_FIELD_NAME,SPECIAL_BUTTON) VALUES ('TBLID_BOPE','CARG_UNLOAD15','CARG_UNLOAD15','CARG_UNLOAD15','STRING',10,'N','Y','N','Y',24,-1,0,0,24,'N','N','N','STRING',10,'Y',0,'Y','Y','Y','NONE',NULL,NULL,NULL,NULL,'N','N',0,NULL,NULL,0);
INSERT INTO SM_FIELD_DEF (TABLE_ID,FIELD_NAME,JP_TITLE,US_TITLE,DB_TYPE,DB_LENGTH,IS_KEY,NOT_BLANK,IS_DUMMY,IS_SEARCH_ITEM,SORT_NO,TREE_LEVEL,SHEET_NO,PAGE_NO,PROPERTY_NO,IS_AUTO,IS_MANDATORY,SYSTEM_READONLY,FIELD_TYPE,FIELD_LENGTH,INPUT_ALPHABET,INPUT_MULTIBYTE,INPUT_NUMERIC,INPUT_SYMBOL,INPUT_UPPERCASE,RETRIEVAL_TABLE,FORMAT,DEFAULT_VALUE,MIN_VALUE,MAX_VALUE,CALENDAR_BUTTON,JUMP_BUTTON,OPEN_BUTTON,REF_TABLE_ID,REF_FIELD_NAME,SPECIAL_BUTTON) VALUES ('TBLID_BOPE','CARG_UNLOAD16','CARG_UNLOAD16','CARG_UNLOAD16','STRING',10,'N','Y','N','Y',25,-1,0,0,25,'N','N','N','STRING',10,'Y',0,'Y','Y','Y','NONE',NULL,NULL,NULL,NULL,'N','N',0,NULL,NULL,0);
INSERT INTO SM_FIELD_DEF (TABLE_ID,FIELD_NAME,JP_TITLE,US_TITLE,DB_TYPE,DB_LENGTH,IS_KEY,NOT_BLANK,IS_DUMMY,IS_SEARCH_ITEM,SORT_NO,TREE_LEVEL,SHEET_NO,PAGE_NO,PROPERTY_NO,IS_AUTO,IS_MANDATORY,SYSTEM_READONLY,FIELD_TYPE,FIELD_LENGTH,INPUT_ALPHABET,INPUT_MULTIBYTE,INPUT_NUMERIC,INPUT_SYMBOL,INPUT_UPPERCASE,RETRIEVAL_TABLE,FORMAT,DEFAULT_VALUE,MIN_VALUE,MAX_VALUE,CALENDAR_BUTTON,JUMP_BUTTON,OPEN_BUTTON,REF_TABLE_ID,REF_FIELD_NAME,SPECIAL_BUTTON) VALUES ('TBLID_BOPE','CARG_UNLOAD17','CARG_UNLOAD17','CARG_UNLOAD17','STRING',10,'N','Y','N','Y',26,-1,0,0,26,'N','N','N','STRING',10,'Y',0,'Y','Y','Y','NONE',NULL,NULL,NULL,NULL,'N','N',0,NULL,NULL,0);
INSERT INTO SM_FIELD_DEF (TABLE_ID,FIELD_NAME,JP_TITLE,US_TITLE,DB_TYPE,DB_LENGTH,IS_KEY,NOT_BLANK,IS_DUMMY,IS_SEARCH_ITEM,SORT_NO,TREE_LEVEL,SHEET_NO,PAGE_NO,PROPERTY_NO,IS_AUTO,IS_MANDATORY,SYSTEM_READONLY,FIELD_TYPE,FIELD_LENGTH,INPUT_ALPHABET,INPUT_MULTIBYTE,INPUT_NUMERIC,INPUT_SYMBOL,INPUT_UPPERCASE,RETRIEVAL_TABLE,FORMAT,DEFAULT_VALUE,MIN_VALUE,MAX_VALUE,CALENDAR_BUTTON,JUMP_BUTTON,OPEN_BUTTON,REF_TABLE_ID,REF_FIELD_NAME,SPECIAL_BUTTON) VALUES ('TBLID_BOPE','CARG_UNLOAD18','CARG_UNLOAD18','CARG_UNLOAD18','STRING',10,'N','Y','N','Y',27,-1,0,0,27,'N','N','N','STRING',10,'Y',0,'Y','Y','Y','NONE',NULL,NULL,NULL,NULL,'N','N',0,NULL,NULL,0);
INSERT INTO SM_FIELD_DEF (TABLE_ID,FIELD_NAME,JP_TITLE,US_TITLE,DB_TYPE,DB_LENGTH,IS_KEY,NOT_BLANK,IS_DUMMY,IS_SEARCH_ITEM,SORT_NO,TREE_LEVEL,SHEET_NO,PAGE_NO,PROPERTY_NO,IS_AUTO,IS_MANDATORY,SYSTEM_READONLY,FIELD_TYPE,FIELD_LENGTH,INPUT_ALPHABET,INPUT_MULTIBYTE,INPUT_NUMERIC,INPUT_SYMBOL,INPUT_UPPERCASE,RETRIEVAL_TABLE,FORMAT,DEFAULT_VALUE,MIN_VALUE,MAX_VALUE,CALENDAR_BUTTON,JUMP_BUTTON,OPEN_BUTTON,REF_TABLE_ID,REF_FIELD_NAME,SPECIAL_BUTTON) VALUES ('TBLID_BOPE','CARG_UNLOAD19','CARG_UNLOAD19','CARG_UNLOAD19','STRING',10,'N','Y','N','Y',28,-1,0,0,28,'N','N','N','STRING',10,'Y',0,'Y','Y','Y','NONE',NULL,NULL,NULL,NULL,'N','N',0,NULL,NULL,0);
INSERT INTO SM_FIELD_DEF (TABLE_ID,FIELD_NAME,JP_TITLE,US_TITLE,DB_TYPE,DB_LENGTH,IS_KEY,NOT_BLANK,IS_DUMMY,IS_SEARCH_ITEM,SORT_NO,TREE_LEVEL,SHEET_NO,PAGE_NO,PROPERTY_NO,IS_AUTO,IS_MANDATORY,SYSTEM_READONLY,FIELD_TYPE,FIELD_LENGTH,INPUT_ALPHABET,INPUT_MULTIBYTE,INPUT_NUMERIC,INPUT_SYMBOL,INPUT_UPPERCASE,RETRIEVAL_TABLE,FORMAT,DEFAULT_VALUE,MIN_VALUE,MAX_VALUE,CALENDAR_BUTTON,JUMP_BUTTON,OPEN_BUTTON,REF_TABLE_ID,REF_FIELD_NAME,SPECIAL_BUTTON) VALUES ('TBLID_BOPE','CARG_UNLOAD20','CARG_UNLOAD20','CARG_UNLOAD20','STRING',10,'N','Y','N','Y',29,-1,0,0,29,'N','N','N','STRING',10,'Y',0,'Y','Y','Y','NONE',NULL,NULL,NULL,NULL,'N','N',0,NULL,NULL,0);
INSERT INTO SM_FIELD_DEF (TABLE_ID,FIELD_NAME,JP_TITLE,US_TITLE,DB_TYPE,DB_LENGTH,IS_KEY,NOT_BLANK,IS_DUMMY,IS_SEARCH_ITEM,SORT_NO,TREE_LEVEL,SHEET_NO,PAGE_NO,PROPERTY_NO,IS_AUTO,IS_MANDATORY,SYSTEM_READONLY,FIELD_TYPE,FIELD_LENGTH,INPUT_ALPHABET,INPUT_MULTIBYTE,INPUT_NUMERIC,INPUT_SYMBOL,INPUT_UPPERCASE,RETRIEVAL_TABLE,FORMAT,DEFAULT_VALUE,MIN_VALUE,MAX_VALUE,CALENDAR_BUTTON,JUMP_BUTTON,OPEN_BUTTON,REF_TABLE_ID,REF_FIELD_NAME,SPECIAL_BUTTON) VALUES ('TBLID_BOPE','CARG_UNLOAD21','CARG_UNLOAD21','CARG_UNLOAD21','STRING',10,'N','Y','N','Y',30,-1,0,0,30,'N','N','N','STRING',10,'Y',0,'Y','Y','Y','NONE',NULL,NULL,NULL,NULL,'N','N',0,NULL,NULL,0);
INSERT INTO SM_FIELD_DEF (TABLE_ID,FIELD_NAME,JP_TITLE,US_TITLE,DB_TYPE,DB_LENGTH,IS_KEY,NOT_BLANK,IS_DUMMY,IS_SEARCH_ITEM,SORT_NO,TREE_LEVEL,SHEET_NO,PAGE_NO,PROPERTY_NO,IS_AUTO,IS_MANDATORY,SYSTEM_READONLY,FIELD_TYPE,FIELD_LENGTH,INPUT_ALPHABET,INPUT_MULTIBYTE,INPUT_NUMERIC,INPUT_SYMBOL,INPUT_UPPERCASE,RETRIEVAL_TABLE,FORMAT,DEFAULT_VALUE,MIN_VALUE,MAX_VALUE,CALENDAR_BUTTON,JUMP_BUTTON,OPEN_BUTTON,REF_TABLE_ID,REF_FIELD_NAME,SPECIAL_BUTTON) VALUES ('TBLID_BOPE','CARG_UNLOAD22','CARG_UNLOAD22','CARG_UNLOAD22','STRING',10,'N','Y','N','Y',31,-1,0,0,31,'N','N','N','STRING',10,'Y',0,'Y','Y','Y','NONE',NULL,NULL,NULL,NULL,'N','N',0,NULL,NULL,0);
INSERT INTO SM_FIELD_DEF (TABLE_ID,FIELD_NAME,JP_TITLE,US_TITLE,DB_TYPE,DB_LENGTH,IS_KEY,NOT_BLANK,IS_DUMMY,IS_SEARCH_ITEM,SORT_NO,TREE_LEVEL,SHEET_NO,PAGE_NO,PROPERTY_NO,IS_AUTO,IS_MANDATORY,SYSTEM_READONLY,FIELD_TYPE,FIELD_LENGTH,INPUT_ALPHABET,INPUT_MULTIBYTE,INPUT_NUMERIC,INPUT_SYMBOL,INPUT_UPPERCASE,RETRIEVAL_TABLE,FORMAT,DEFAULT_VALUE,MIN_VALUE,MAX_VALUE,CALENDAR_BUTTON,JUMP_BUTTON,OPEN_BUTTON,REF_TABLE_ID,REF_FIELD_NAME,SPECIAL_BUTTON) VALUES ('TBLID_BOPE','CARG_UNLOAD23','CARG_UNLOAD23','CARG_UNLOAD23','STRING',10,'N','Y','N','Y',32,-1,0,0,32,'N','N','N','STRING',10,'Y',0,'Y','Y','Y','NONE',NULL,NULL,NULL,NULL,'N','N',0,NULL,NULL,0);
INSERT INTO SM_FIELD_DEF (TABLE_ID,FIELD_NAME,JP_TITLE,US_TITLE,DB_TYPE,DB_LENGTH,IS_KEY,NOT_BLANK,IS_DUMMY,IS_SEARCH_ITEM,SORT_NO,TREE_LEVEL,SHEET_NO,PAGE_NO,PROPERTY_NO,IS_AUTO,IS_MANDATORY,SYSTEM_READONLY,FIELD_TYPE,FIELD_LENGTH,INPUT_ALPHABET,INPUT_MULTIBYTE,INPUT_NUMERIC,INPUT_SYMBOL,INPUT_UPPERCASE,RETRIEVAL_TABLE,FORMAT,DEFAULT_VALUE,MIN_VALUE,MAX_VALUE,CALENDAR_BUTTON,JUMP_BUTTON,OPEN_BUTTON,REF_TABLE_ID,REF_FIELD_NAME,SPECIAL_BUTTON) VALUES ('TBLID_BOPE','CARG_UNLOAD24','CARG_UNLOAD24','CARG_UNLOAD24','STRING',10,'N','Y','N','Y',33,-1,0,0,33,'N','N','N','STRING',10,'Y',0,'Y','Y','Y','NONE',NULL,NULL,NULL,NULL,'N','N',0,NULL,NULL,0);
INSERT INTO SM_FIELD_DEF (TABLE_ID,FIELD_NAME,JP_TITLE,US_TITLE,DB_TYPE,DB_LENGTH,IS_KEY,NOT_BLANK,IS_DUMMY,IS_SEARCH_ITEM,SORT_NO,TREE_LEVEL,SHEET_NO,PAGE_NO,PROPERTY_NO,IS_AUTO,IS_MANDATORY,SYSTEM_READONLY,FIELD_TYPE,FIELD_LENGTH,INPUT_ALPHABET,INPUT_MULTIBYTE,INPUT_NUMERIC,INPUT_SYMBOL,INPUT_UPPERCASE,RETRIEVAL_TABLE,FORMAT,DEFAULT_VALUE,MIN_VALUE,MAX_VALUE,CALENDAR_BUTTON,JUMP_BUTTON,OPEN_BUTTON,REF_TABLE_ID,REF_FIELD_NAME,SPECIAL_BUTTON) VALUES ('TBLID_BOPE','CARG_UNLOAD25','CARG_UNLOAD25','CARG_UNLOAD25','STRING',10,'N','Y','N','Y',34,-1,0,0,34,'N','N','N','STRING',10,'Y',0,'Y','Y','Y','NONE',NULL,NULL,NULL,NULL,'N','N',0,NULL,NULL,0);
INSERT INTO SM_FIELD_DEF (TABLE_ID,FIELD_NAME,JP_TITLE,US_TITLE,DB_TYPE,DB_LENGTH,IS_KEY,NOT_BLANK,IS_DUMMY,IS_SEARCH_ITEM,SORT_NO,TREE_LEVEL,SHEET_NO,PAGE_NO,PROPERTY_NO,IS_AUTO,IS_MANDATORY,SYSTEM_READONLY,FIELD_TYPE,FIELD_LENGTH,INPUT_ALPHABET,INPUT_MULTIBYTE,INPUT_NUMERIC,INPUT_SYMBOL,INPUT_UPPERCASE,RETRIEVAL_TABLE,FORMAT,DEFAULT_VALUE,MIN_VALUE,MAX_VALUE,CALENDAR_BUTTON,JUMP_BUTTON,OPEN_BUTTON,REF_TABLE_ID,REF_FIELD_NAME,SPECIAL_BUTTON) VALUES ('TBLID_BOPE','CARG_UNLOAD26','CARG_UNLOAD26','CARG_UNLOAD26','STRING',10,'N','Y','N','Y',35,-1,0,0,35,'N','N','N','STRING',10,'Y',0,'Y','Y','Y','NONE',NULL,NULL,NULL,NULL,'N','N',0,NULL,NULL,0);
INSERT INTO SM_FIELD_DEF (TABLE_ID,FIELD_NAME,JP_TITLE,US_TITLE,DB_TYPE,DB_LENGTH,IS_KEY,NOT_BLANK,IS_DUMMY,IS_SEARCH_ITEM,SORT_NO,TREE_LEVEL,SHEET_NO,PAGE_NO,PROPERTY_NO,IS_AUTO,IS_MANDATORY,SYSTEM_READONLY,FIELD_TYPE,FIELD_LENGTH,INPUT_ALPHABET,INPUT_MULTIBYTE,INPUT_NUMERIC,INPUT_SYMBOL,INPUT_UPPERCASE,RETRIEVAL_TABLE,FORMAT,DEFAULT_VALUE,MIN_VALUE,MAX_VALUE,CALENDAR_BUTTON,JUMP_BUTTON,OPEN_BUTTON,REF_TABLE_ID,REF_FIELD_NAME,SPECIAL_BUTTON) VALUES ('TBLID_BOPE','CARG_UNLOAD27','CARG_UNLOAD27','CARG_UNLOAD27','STRING',10,'N','Y','N','Y',36,-1,0,0,36,'N','N','N','STRING',10,'Y',0,'Y','Y','Y','NONE',NULL,NULL,NULL,NULL,'N','N',0,NULL,NULL,0);
INSERT INTO SM_FIELD_DEF (TABLE_ID,FIELD_NAME,JP_TITLE,US_TITLE,DB_TYPE,DB_LENGTH,IS_KEY,NOT_BLANK,IS_DUMMY,IS_SEARCH_ITEM,SORT_NO,TREE_LEVEL,SHEET_NO,PAGE_NO,PROPERTY_NO,IS_AUTO,IS_MANDATORY,SYSTEM_READONLY,FIELD_TYPE,FIELD_LENGTH,INPUT_ALPHABET,INPUT_MULTIBYTE,INPUT_NUMERIC,INPUT_SYMBOL,INPUT_UPPERCASE,RETRIEVAL_TABLE,FORMAT,DEFAULT_VALUE,MIN_VALUE,MAX_VALUE,CALENDAR_BUTTON,JUMP_BUTTON,OPEN_BUTTON,REF_TABLE_ID,REF_FIELD_NAME,SPECIAL_BUTTON) VALUES ('TBLID_BOPE','CARG_UNLOAD28','CARG_UNLOAD28','CARG_UNLOAD28','STRING',10,'N','Y','N','Y',37,-1,0,0,37,'N','N','N','STRING',10,'Y',0,'Y','Y','Y','NONE',NULL,NULL,NULL,NULL,'N','N',0,NULL,NULL,0);
INSERT INTO SM_FIELD_DEF (TABLE_ID,FIELD_NAME,JP_TITLE,US_TITLE,DB_TYPE,DB_LENGTH,IS_KEY,NOT_BLANK,IS_DUMMY,IS_SEARCH_ITEM,SORT_NO,TREE_LEVEL,SHEET_NO,PAGE_NO,PROPERTY_NO,IS_AUTO,IS_MANDATORY,SYSTEM_READONLY,FIELD_TYPE,FIELD_LENGTH,INPUT_ALPHABET,INPUT_MULTIBYTE,INPUT_NUMERIC,INPUT_SYMBOL,INPUT_UPPERCASE,RETRIEVAL_TABLE,FORMAT,DEFAULT_VALUE,MIN_VALUE,MAX_VALUE,CALENDAR_BUTTON,JUMP_BUTTON,OPEN_BUTTON,REF_TABLE_ID,REF_FIELD_NAME,SPECIAL_BUTTON) VALUES ('TBLID_BOPE','CARG_UNLOAD29','CARG_UNLOAD29','CARG_UNLOAD29','STRING',10,'N','Y','N','Y',38,-1,0,0,38,'N','N','N','STRING',10,'Y',0,'Y','Y','Y','NONE',NULL,NULL,NULL,NULL,'N','N',0,NULL,NULL,0);
INSERT INTO SM_FIELD_DEF (TABLE_ID,FIELD_NAME,JP_TITLE,US_TITLE,DB_TYPE,DB_LENGTH,IS_KEY,NOT_BLANK,IS_DUMMY,IS_SEARCH_ITEM,SORT_NO,TREE_LEVEL,SHEET_NO,PAGE_NO,PROPERTY_NO,IS_AUTO,IS_MANDATORY,SYSTEM_READONLY,FIELD_TYPE,FIELD_LENGTH,INPUT_ALPHABET,INPUT_MULTIBYTE,INPUT_NUMERIC,INPUT_SYMBOL,INPUT_UPPERCASE,RETRIEVAL_TABLE,FORMAT,DEFAULT_VALUE,MIN_VALUE,MAX_VALUE,CALENDAR_BUTTON,JUMP_BUTTON,OPEN_BUTTON,REF_TABLE_ID,REF_FIELD_NAME,SPECIAL_BUTTON) VALUES ('TBLID_BOPE','CARG_UNLOAD30','CARG_UNLOAD30','CARG_UNLOAD30','STRING',10,'N','Y','N','Y',39,-1,0,0,39,'N','N','N','STRING',10,'Y',0,'Y','Y','Y','NONE',NULL,NULL,NULL,NULL,'N','N',0,NULL,NULL,0);
INSERT INTO SM_FIELD_DEF (TABLE_ID,FIELD_NAME,JP_TITLE,US_TITLE,DB_TYPE,DB_LENGTH,IS_KEY,NOT_BLANK,IS_DUMMY,IS_SEARCH_ITEM,SORT_NO,TREE_LEVEL,SHEET_NO,PAGE_NO,PROPERTY_NO,IS_AUTO,IS_MANDATORY,SYSTEM_READONLY,FIELD_TYPE,FIELD_LENGTH,INPUT_ALPHABET,INPUT_MULTIBYTE,INPUT_NUMERIC,INPUT_SYMBOL,INPUT_UPPERCASE,RETRIEVAL_TABLE,FORMAT,DEFAULT_VALUE,MIN_VALUE,MAX_VALUE,CALENDAR_BUTTON,JUMP_BUTTON,OPEN_BUTTON,REF_TABLE_ID,REF_FIELD_NAME,SPECIAL_BUTTON) VALUES ('TBLID_BOPE','CAR_TYPE','CAR_TYPE','CAR_TYPE','STRING',2,'N','Y','N','Y',40,-1,0,0,40,'N','N','N','STRING',2,'Y',0,'Y','Y','Y','NONE',NULL,NULL,NULL,NULL,'N','N',0,NULL,NULL,0);
INSERT INTO SM_FIELD_DEF (TABLE_ID,FIELD_NAME,JP_TITLE,US_TITLE,DB_TYPE,DB_LENGTH,IS_KEY,NOT_BLANK,IS_DUMMY,IS_SEARCH_ITEM,SORT_NO,TREE_LEVEL,SHEET_NO,PAGE_NO,PROPERTY_NO,IS_AUTO,IS_MANDATORY,SYSTEM_READONLY,FIELD_TYPE,FIELD_LENGTH,INPUT_ALPHABET,INPUT_MULTIBYTE,INPUT_NUMERIC,INPUT_SYMBOL,INPUT_UPPERCASE,RETRIEVAL_TABLE,FORMAT,DEFAULT_VALUE,MIN_VALUE,MAX_VALUE,CALENDAR_BUTTON,JUMP_BUTTON,OPEN_BUTTON,REF_TABLE_ID,REF_FIELD_NAME,SPECIAL_BUTTON) VALUES ('TBLID_BOPE','CAR_MODE','CAR_MODE','CAR_MODE','STRING',1,'N','Y','N','Y',41,-1,0,0,41,'N','N','N','STRING',1,'Y',0,'Y','Y','Y','NONE',NULL,NULL,NULL,NULL,'N','N',0,NULL,NULL,0);
INSERT INTO SM_FIELD_DEF (TABLE_ID,FIELD_NAME,JP_TITLE,US_TITLE,DB_TYPE,DB_LENGTH,IS_KEY,NOT_BLANK,IS_DUMMY,IS_SEARCH_ITEM,SORT_NO,TREE_LEVEL,SHEET_NO,PAGE_NO,PROPERTY_NO,IS_AUTO,IS_MANDATORY,SYSTEM_READONLY,FIELD_TYPE,FIELD_LENGTH,INPUT_ALPHABET,INPUT_MULTIBYTE,INPUT_NUMERIC,INPUT_SYMBOL,INPUT_UPPERCASE,RETRIEVAL_TABLE,FORMAT,DEFAULT_VALUE,MIN_VALUE,MAX_VALUE,CALENDAR_BUTTON,JUMP_BUTTON,OPEN_BUTTON,REF_TABLE_ID,REF_FIELD_NAME,SPECIAL_BUTTON) VALUES ('TBLID_BOPE','LOT_MIX_CAT','LOT_MIX_CAT','LOT_MIX_CAT','STRING',1,'N','Y','N','Y',42,-1,0,0,42,'N','N','N','STRING',1,'Y',0,'Y','Y','Y','NONE',NULL,NULL,NULL,NULL,'N','N',0,NULL,NULL,0);
INSERT INTO SM_FIELD_DEF (TABLE_ID,FIELD_NAME,JP_TITLE,US_TITLE,DB_TYPE,DB_LENGTH,IS_KEY,NOT_BLANK,IS_DUMMY,IS_SEARCH_ITEM,SORT_NO,TREE_LEVEL,SHEET_NO,PAGE_NO,PROPERTY_NO,IS_AUTO,IS_MANDATORY,SYSTEM_READONLY,FIELD_TYPE,FIELD_LENGTH,INPUT_ALPHABET,INPUT_MULTIBYTE,INPUT_NUMERIC,INPUT_SYMBOL,INPUT_UPPERCASE,RETRIEVAL_TABLE,FORMAT,DEFAULT_VALUE,MIN_VALUE,MAX_VALUE,CALENDAR_BUTTON,JUMP_BUTTON,OPEN_BUTTON,REF_TABLE_ID,REF_FIELD_NAME,SPECIAL_BUTTON) VALUES ('TBLID_BOPE','LOT_COLLECT_FLG','LOT_COLLECT_FLG','LOT_COLLECT_FLG','STRING',1,'N','Y','N','Y',43,-1,0,0,43,'N','N','N','STRING',1,'Y',0,'Y','Y','Y','NONE',NULL,NULL,NULL,NULL,'N','N',0,NULL,NULL,0);
INSERT INTO SM_FIELD_DEF (TABLE_ID,FIELD_NAME,JP_TITLE,US_TITLE,DB_TYPE,DB_LENGTH,IS_KEY,NOT_BLANK,IS_DUMMY,IS_SEARCH_ITEM,SORT_NO,TREE_LEVEL,SHEET_NO,PAGE_NO,PROPERTY_NO,IS_AUTO,IS_MANDATORY,SYSTEM_READONLY,FIELD_TYPE,FIELD_LENGTH,INPUT_ALPHABET,INPUT_MULTIBYTE,INPUT_NUMERIC,INPUT_SYMBOL,INPUT_UPPERCASE,RETRIEVAL_TABLE,FORMAT,DEFAULT_VALUE,MIN_VALUE,MAX_VALUE,CALENDAR_BUTTON,JUMP_BUTTON,OPEN_BUTTON,REF_TABLE_ID,REF_FIELD_NAME,SPECIAL_BUTTON) VALUES ('TBLID_BOPE','OPE_INSP_FLG','OPE_INSP_FLG','OPE_INSP_FLG','STRING',1,'N','Y','N','Y',44,-1,0,0,44,'N','N','N','STRING',1,'Y',0,'Y','Y','Y','NONE',NULL,NULL,NULL,NULL,'N','N',0,NULL,NULL,0);
INSERT INTO SM_FIELD_DEF (TABLE_ID,FIELD_NAME,JP_TITLE,US_TITLE,DB_TYPE,DB_LENGTH,IS_KEY,NOT_BLANK,IS_DUMMY,IS_SEARCH_ITEM,SORT_NO,TREE_LEVEL,SHEET_NO,PAGE_NO,PROPERTY_NO,IS_AUTO,IS_MANDATORY,SYSTEM_READONLY,FIELD_TYPE,FIELD_LENGTH,INPUT_ALPHABET,INPUT_MULTIBYTE,INPUT_NUMERIC,INPUT_SYMBOL,INPUT_UPPERCASE,RETRIEVAL_TABLE,FORMAT,DEFAULT_VALUE,MIN_VALUE,MAX_VALUE,CALENDAR_BUTTON,JUMP_BUTTON,OPEN_BUTTON,REF_TABLE_ID,REF_FIELD_NAME,SPECIAL_BUTTON) VALUES ('TBLID_BOPE','OPE_INSP_REG_CAR','OPE_INSP_REG_CAR','OPE_INSP_REG_CAR','NUMBER',0,'N','Y','N','Y',45,-1,0,0,45,'N','N','N','STRING',0,'Y',0,'Y','Y','Y','NONE',NULL,NULL,NULL,NULL,'N','N',0,NULL,NULL,0);
INSERT INTO SM_FIELD_DEF (TABLE_ID,FIELD_NAME,JP_TITLE,US_TITLE,DB_TYPE,DB_LENGTH,IS_KEY,NOT_BLANK,IS_DUMMY,IS_SEARCH_ITEM,SORT_NO,TREE_LEVEL,SHEET_NO,PAGE_NO,PROPERTY_NO,IS_AUTO,IS_MANDATORY,SYSTEM_READONLY,FIELD_TYPE,FIELD_LENGTH,INPUT_ALPHABET,INPUT_MULTIBYTE,INPUT_NUMERIC,INPUT_SYMBOL,INPUT_UPPERCASE,RETRIEVAL_TABLE,FORMAT,DEFAULT_VALUE,MIN_VALUE,MAX_VALUE,CALENDAR_BUTTON,JUMP_BUTTON,OPEN_BUTTON,REF_TABLE_ID,REF_FIELD_NAME,SPECIAL_BUTTON) VALUES ('TBLID_BOPE','OPE_INSP_REG_LOT','OPE_INSP_REG_LOT','OPE_INSP_REG_LOT','NUMBER',0,'N','Y','N','Y',46,-1,0,0,46,'N','N','N','STRING',0,'Y',0,'Y','Y','Y','NONE',NULL,NULL,NULL,NULL,'N','N',0,NULL,NULL,0);
INSERT INTO SM_FIELD_DEF (TABLE_ID,FIELD_NAME,JP_TITLE,US_TITLE,DB_TYPE,DB_LENGTH,IS_KEY,NOT_BLANK,IS_DUMMY,IS_SEARCH_ITEM,SORT_NO,TREE_LEVEL,SHEET_NO,PAGE_NO,PROPERTY_NO,IS_AUTO,IS_MANDATORY,SYSTEM_READONLY,FIELD_TYPE,FIELD_LENGTH,INPUT_ALPHABET,INPUT_MULTIBYTE,INPUT_NUMERIC,INPUT_SYMBOL,INPUT_UPPERCASE,RETRIEVAL_TABLE,FORMAT,DEFAULT_VALUE,MIN_VALUE,MAX_VALUE,CALENDAR_BUTTON,JUMP_BUTTON,OPEN_BUTTON,REF_TABLE_ID,REF_FIELD_NAME,SPECIAL_BUTTON) VALUES ('TBLID_BOPE','OPE_INSP_REG_PROD','OPE_INSP_REG_PROD','OPE_INSP_REG_PROD','NUMBER',0,'N','Y','N','Y',47,-1,0,0,47,'N','N','N','STRING',0,'Y',0,'Y','Y','Y','NONE',NULL,NULL,NULL,NULL,'N','N',0,NULL,NULL,0);
INSERT INTO SM_FIELD_DEF (TABLE_ID,FIELD_NAME,JP_TITLE,US_TITLE,DB_TYPE,DB_LENGTH,IS_KEY,NOT_BLANK,IS_DUMMY,IS_SEARCH_ITEM,SORT_NO,TREE_LEVEL,SHEET_NO,PAGE_NO,PROPERTY_NO,IS_AUTO,IS_MANDATORY,SYSTEM_READONLY,FIELD_TYPE,FIELD_LENGTH,INPUT_ALPHABET,INPUT_MULTIBYTE,INPUT_NUMERIC,INPUT_SYMBOL,INPUT_UPPERCASE,RETRIEVAL_TABLE,FORMAT,DEFAULT_VALUE,MIN_VALUE,MAX_VALUE,CALENDAR_BUTTON,JUMP_BUTTON,OPEN_BUTTON,REF_TABLE_ID,REF_FIELD_NAME,SPECIAL_BUTTON) VALUES ('TBLID_BOPE','OPE_INSP_REG_RECIP','OPE_INSP_REG_RECIP','OPE_INSP_REG_RECIP','NUMBER',0,'N','Y','N','Y',48,-1,0,0,48,'N','N','N','STRING',0,'Y',0,'Y','Y','Y','NONE',NULL,NULL,NULL,NULL,'N','N',0,NULL,NULL,0);
INSERT INTO SM_FIELD_DEF (TABLE_ID,FIELD_NAME,JP_TITLE,US_TITLE,DB_TYPE,DB_LENGTH,IS_KEY,NOT_BLANK,IS_DUMMY,IS_SEARCH_ITEM,SORT_NO,TREE_LEVEL,SHEET_NO,PAGE_NO,PROPERTY_NO,IS_AUTO,IS_MANDATORY,SYSTEM_READONLY,FIELD_TYPE,FIELD_LENGTH,INPUT_ALPHABET,INPUT_MULTIBYTE,INPUT_NUMERIC,INPUT_SYMBOL,INPUT_UPPERCASE,RETRIEVAL_TABLE,FORMAT,DEFAULT_VALUE,MIN_VALUE,MAX_VALUE,CALENDAR_BUTTON,JUMP_BUTTON,OPEN_BUTTON,REF_TABLE_ID,REF_FIELD_NAME,SPECIAL_BUTTON) VALUES ('TBLID_BOPE','OPE_INSP_ENF_WAF_NUM','OPE_INSP_ENF_WAF_NUM','OPE_INSP_ENF_WAF_NUM','NUMBER',0,'N','Y','N','Y',49,-1,0,0,49,'N','N','N','STRING',0,'Y',0,'Y','Y','Y','NONE',NULL,NULL,NULL,NULL,'N','N',0,NULL,NULL,0);
INSERT INTO SM_FIELD_DEF (TABLE_ID,FIELD_NAME,JP_TITLE,US_TITLE,DB_TYPE,DB_LENGTH,IS_KEY,NOT_BLANK,IS_DUMMY,IS_SEARCH_ITEM,SORT_NO,TREE_LEVEL,SHEET_NO,PAGE_NO,PROPERTY_NO,IS_AUTO,IS_MANDATORY,SYSTEM_READONLY,FIELD_TYPE,FIELD_LENGTH,INPUT_ALPHABET,INPUT_MULTIBYTE,INPUT_NUMERIC,INPUT_SYMBOL,INPUT_UPPERCASE,RETRIEVAL_TABLE,FORMAT,DEFAULT_VALUE,MIN_VALUE,MAX_VALUE,CALENDAR_BUTTON,JUMP_BUTTON,OPEN_BUTTON,REF_TABLE_ID,REF_FIELD_NAME,SPECIAL_BUTTON) VALUES ('TBLID_BOPE','PROC_UNIT','PROC_UNIT','PROC_UNIT','STRING',1,'N','Y','N','Y',50,-1,0,0,50,'N','N','N','STRING',1,'Y',0,'Y','Y','Y','NONE',NULL,NULL,NULL,NULL,'N','N',0,NULL,NULL,0);
INSERT INTO SM_FIELD_DEF (TABLE_ID,FIELD_NAME,JP_TITLE,US_TITLE,DB_TYPE,DB_LENGTH,IS_KEY,NOT_BLANK,IS_DUMMY,IS_SEARCH_ITEM,SORT_NO,TREE_LEVEL,SHEET_NO,PAGE_NO,PROPERTY_NO,IS_AUTO,IS_MANDATORY,SYSTEM_READONLY,FIELD_TYPE,FIELD_LENGTH,INPUT_ALPHABET,INPUT_MULTIBYTE,INPUT_NUMERIC,INPUT_SYMBOL,INPUT_UPPERCASE,RETRIEVAL_TABLE,FORMAT,DEFAULT_VALUE,MIN_VALUE,MAX_VALUE,CALENDAR_BUTTON,JUMP_BUTTON,OPEN_BUTTON,REF_TABLE_ID,REF_FIELD_NAME,SPECIAL_BUTTON) VALUES ('TBLID_BOPE','PROC_TIME','PROC_TIME','PROC_TIME','STRING',9,'N','Y','N','Y',51,-1,0,0,51,'N','N','N','STRING',9,'Y',0,'Y','Y','Y','NONE',NULL,NULL,NULL,NULL,'N','N',0,NULL,NULL,0);
INSERT INTO SM_FIELD_DEF (TABLE_ID,FIELD_NAME,JP_TITLE,US_TITLE,DB_TYPE,DB_LENGTH,IS_KEY,NOT_BLANK,IS_DUMMY,IS_SEARCH_ITEM,SORT_NO,TREE_LEVEL,SHEET_NO,PAGE_NO,PROPERTY_NO,IS_AUTO,IS_MANDATORY,SYSTEM_READONLY,FIELD_TYPE,FIELD_LENGTH,INPUT_ALPHABET,INPUT_MULTIBYTE,INPUT_NUMERIC,INPUT_SYMBOL,INPUT_UPPERCASE,RETRIEVAL_TABLE,FORMAT,DEFAULT_VALUE,MIN_VALUE,MAX_VALUE,CALENDAR_BUTTON,JUMP_BUTTON,OPEN_BUTTON,REF_TABLE_ID,REF_FIELD_NAME,SPECIAL_BUTTON) VALUES ('TBLID_BOPE','PROC_QTIME','PROC_QTIME','PROC_QTIME','STRING',9,'N','Y','N','Y',52,-1,0,0,52,'N','N','N','STRING',9,'Y',0,'Y','Y','Y','NONE',NULL,NULL,NULL,NULL,'N','N',0,NULL,NULL,0);
INSERT INTO SM_FIELD_DEF (TABLE_ID,FIELD_NAME,JP_TITLE,US_TITLE,DB_TYPE,DB_LENGTH,IS_KEY,NOT_BLANK,IS_DUMMY,IS_SEARCH_ITEM,SORT_NO,TREE_LEVEL,SHEET_NO,PAGE_NO,PROPERTY_NO,IS_AUTO,IS_MANDATORY,SYSTEM_READONLY,FIELD_TYPE,FIELD_LENGTH,INPUT_ALPHABET,INPUT_MULTIBYTE,INPUT_NUMERIC,INPUT_SYMBOL,INPUT_UPPERCASE,RETRIEVAL_TABLE,FORMAT,DEFAULT_VALUE,MIN_VALUE,MAX_VALUE,CALENDAR_BUTTON,JUMP_BUTTON,OPEN_BUTTON,REF_TABLE_ID,REF_FIELD_NAME,SPECIAL_BUTTON) VALUES ('TBLID_BOPE','HANDL_TIME','HANDL_TIME','HANDL_TIME','STRING',9,'N','Y','N','Y',53,-1,0,0,53,'N','N','N','STRING',9,'Y',0,'Y','Y','Y','NONE',NULL,NULL,NULL,NULL,'N','N',0,NULL,NULL,0);
INSERT INTO SM_FIELD_DEF (TABLE_ID,FIELD_NAME,JP_TITLE,US_TITLE,DB_TYPE,DB_LENGTH,IS_KEY,NOT_BLANK,IS_DUMMY,IS_SEARCH_ITEM,SORT_NO,TREE_LEVEL,SHEET_NO,PAGE_NO,PROPERTY_NO,IS_AUTO,IS_MANDATORY,SYSTEM_READONLY,FIELD_TYPE,FIELD_LENGTH,INPUT_ALPHABET,INPUT_MULTIBYTE,INPUT_NUMERIC,INPUT_SYMBOL,INPUT_UPPERCASE,RETRIEVAL_TABLE,FORMAT,DEFAULT_VALUE,MIN_VALUE,MAX_VALUE,CALENDAR_BUTTON,JUMP_BUTTON,OPEN_BUTTON,REF_TABLE_ID,REF_FIELD_NAME,SPECIAL_BUTTON) VALUES ('TBLID_BOPE','CARRY_PORT','CARRY_PORT','CARRY_PORT','STRING',10,'N','Y','N','Y',54,-1,0,0,54,'N','N','N','STRING',10,'Y',0,'Y','Y','Y','NONE',NULL,NULL,NULL,NULL,'N','N',0,NULL,NULL,0);
INSERT INTO SM_FIELD_DEF (TABLE_ID,FIELD_NAME,JP_TITLE,US_TITLE,DB_TYPE,DB_LENGTH,IS_KEY,NOT_BLANK,IS_DUMMY,IS_SEARCH_ITEM,SORT_NO,TREE_LEVEL,SHEET_NO,PAGE_NO,PROPERTY_NO,IS_AUTO,IS_MANDATORY,SYSTEM_READONLY,FIELD_TYPE,FIELD_LENGTH,INPUT_ALPHABET,INPUT_MULTIBYTE,INPUT_NUMERIC,INPUT_SYMBOL,INPUT_UPPERCASE,RETRIEVAL_TABLE,FORMAT,DEFAULT_VALUE,MIN_VALUE,MAX_VALUE,CALENDAR_BUTTON,JUMP_BUTTON,OPEN_BUTTON,REF_TABLE_ID,REF_FIELD_NAME,SPECIAL_BUTTON) VALUES ('TBLID_BOPE','LOT_FOLLOW_FLG','LOT_FOLLOW_FLG','LOT_FOLLOW_FLG','STRING',1,'N','Y','N','Y',55,-1,0,0,55,'N','N','N','STRING',1,'Y',0,'Y','Y','Y','NONE',NULL,NULL,NULL,NULL,'N','N',0,NULL,NULL,0);
INSERT INTO SM_CHECK_DEF (TABLE_ID,CHECK_TYPE,CHECK_ORDER,CHECK_KIND,FIELD_NAME,REF_TABLE,REF_FIELD,EXPECT_VALUE,ERR_MSG) VALUES ('TBLID_BOPE','SAVE',1,'NOTNULL','OPE_ID',NULL,NULL,NULL,'OPE_ID不能为空');
INSERT INTO SM_CHECK_DEF (TABLE_ID,CHECK_TYPE,CHECK_ORDER,CHECK_KIND,FIELD_NAME,REF_TABLE,REF_FIELD,EXPECT_VALUE,ERR_MSG) VALUES ('TBLID_BOPE','SAVE',2,'STAT_N',NULL,NULL,NULL,NULL,'记录不是编辑态');
INSERT INTO SM_CHECK_DEF (TABLE_ID,CHECK_TYPE,CHECK_ORDER,CHECK_KIND,FIELD_NAME,REF_TABLE,REF_FIELD,EXPECT_VALUE,ERR_MSG) VALUES ('TBLID_BOPE','SAVE',3,'LOCK_FREE',NULL,NULL,NULL,NULL,'记录已被锁定');
INSERT INTO SM_CHECK_DEF (TABLE_ID,CHECK_TYPE,CHECK_ORDER,CHECK_KIND,FIELD_NAME,REF_TABLE,REF_FIELD,EXPECT_VALUE,ERR_MSG) VALUES ('TBLID_BOPE','RELEASE',1,'NOTNULL','OPE_ID',NULL,NULL,NULL,'OPE_ID不能为空');
INSERT INTO SM_CHECK_DEF (TABLE_ID,CHECK_TYPE,CHECK_ORDER,CHECK_KIND,FIELD_NAME,REF_TABLE,REF_FIELD,EXPECT_VALUE,ERR_MSG) VALUES ('TBLID_BOPE','RELEASE',2,'STAT_N',NULL,NULL,NULL,NULL,'记录不是编辑态');
INSERT INTO SM_CHECK_DEF (TABLE_ID,CHECK_TYPE,CHECK_ORDER,CHECK_KIND,FIELD_NAME,REF_TABLE,REF_FIELD,EXPECT_VALUE,ERR_MSG) VALUES ('TBLID_BOPE','RELEASE',3,'LOCK_FREE',NULL,NULL,NULL,NULL,'记录已被锁定');
INSERT INTO SM_CHECK_DEF (TABLE_ID,CHECK_TYPE,CHECK_ORDER,CHECK_KIND,FIELD_NAME,REF_TABLE,REF_FIELD,EXPECT_VALUE,ERR_MSG) VALUES ('TBLID_BOPE','RELEASE',10,'RELEASE_PARAM','OPE_ID','DOPE',NULL,NULL,NULL);
INSERT INTO SM_CHECK_DEF (TABLE_ID,CHECK_TYPE,CHECK_ORDER,CHECK_KIND,FIELD_NAME,REF_TABLE,REF_FIELD,EXPECT_VALUE,ERR_MSG) VALUES ('TBLID_BOPE','DELETE',1,'NOTNULL','OPE_ID',NULL,NULL,NULL,'OPE_ID不能为空');
INSERT INTO SM_CHECK_DEF (TABLE_ID,CHECK_TYPE,CHECK_ORDER,CHECK_KIND,FIELD_NAME,REF_TABLE,REF_FIELD,EXPECT_VALUE,ERR_MSG) VALUES ('TBLID_BOPE','DELETE',2,'STAT_Y',NULL,NULL,NULL,NULL,'记录不是已发布态');
INSERT INTO SM_CHECK_DEF (TABLE_ID,CHECK_TYPE,CHECK_ORDER,CHECK_KIND,FIELD_NAME,REF_TABLE,REF_FIELD,EXPECT_VALUE,ERR_MSG) VALUES ('TBLID_BOPE','DELETE',3,'LOCK_FREE',NULL,NULL,NULL,NULL,'记录已被锁定');
INSERT INTO SM_CHECK_DEF (TABLE_ID,CHECK_TYPE,CHECK_ORDER,CHECK_KIND,FIELD_NAME,REF_TABLE,REF_FIELD,EXPECT_VALUE,ERR_MSG) VALUES ('TBLID_BOPE','EDITCOMP',1,'NOTNULL','OPE_ID',NULL,NULL,NULL,'OPE_ID不能为空');
INSERT INTO SM_CHECK_DEF (TABLE_ID,CHECK_TYPE,CHECK_ORDER,CHECK_KIND,FIELD_NAME,REF_TABLE,REF_FIELD,EXPECT_VALUE,ERR_MSG) VALUES ('TBLID_BOPE','EDITCOMP',2,'STAT_N',NULL,NULL,NULL,NULL,'记录不是编辑态');
INSERT INTO SM_CHECK_DEF (TABLE_ID,CHECK_TYPE,CHECK_ORDER,CHECK_KIND,FIELD_NAME,REF_TABLE,REF_FIELD,EXPECT_VALUE,ERR_MSG) VALUES ('TBLID_BOPE','EDITCOMP',3,'LOCK_FREE',NULL,NULL,NULL,NULL,'记录已被锁定');
INSERT INTO SM_CHECK_DEF (TABLE_ID,CHECK_TYPE,CHECK_ORDER,CHECK_KIND,FIELD_NAME,REF_TABLE,REF_FIELD,EXPECT_VALUE,ERR_MSG) VALUES ('TBLID_BOPE','EDITCOMP',4,'COMP_N',NULL,NULL,NULL,NULL,'记录已编辑完成');

-- BEQP (32 fields)
INSERT INTO SM_TABLE_DEF (TABLE_ID,TABLE_NAME,JP_TITLE,US_TITLE,RELEASE_FLAG,DISTRIBUTE_FLAG,PERMISSION_TYPE,SCHEMA_TYPE,HAS_DUMMY,SORT_NO) VALUES ('TBLID_BEQP','BEQP','BEQP','BEQP','Y','N','C','L','N',80);
INSERT INTO SM_FIELD_DEF (TABLE_ID,FIELD_NAME,JP_TITLE,US_TITLE,DB_TYPE,DB_LENGTH,IS_KEY,NOT_BLANK,IS_DUMMY,IS_SEARCH_ITEM,SORT_NO,TREE_LEVEL,SHEET_NO,PAGE_NO,PROPERTY_NO,IS_AUTO,IS_MANDATORY,SYSTEM_READONLY,FIELD_TYPE,FIELD_LENGTH,INPUT_ALPHABET,INPUT_MULTIBYTE,INPUT_NUMERIC,INPUT_SYMBOL,INPUT_UPPERCASE,RETRIEVAL_TABLE,FORMAT,DEFAULT_VALUE,MIN_VALUE,MAX_VALUE,CALENDAR_BUTTON,JUMP_BUTTON,OPEN_BUTTON,REF_TABLE_ID,REF_FIELD_NAME,SPECIAL_BUTTON) VALUES ('TBLID_BEQP','EQP_ID','EQP_ID','EQP_ID','STRING',10,'Y','Y','N','Y',0,0,0,0,0,'N','N','N','STRING',10,'Y',0,'Y','Y','Y','NONE',NULL,NULL,NULL,NULL,'N','N',0,NULL,NULL,0);
INSERT INTO SM_FIELD_DEF (TABLE_ID,FIELD_NAME,JP_TITLE,US_TITLE,DB_TYPE,DB_LENGTH,IS_KEY,NOT_BLANK,IS_DUMMY,IS_SEARCH_ITEM,SORT_NO,TREE_LEVEL,SHEET_NO,PAGE_NO,PROPERTY_NO,IS_AUTO,IS_MANDATORY,SYSTEM_READONLY,FIELD_TYPE,FIELD_LENGTH,INPUT_ALPHABET,INPUT_MULTIBYTE,INPUT_NUMERIC,INPUT_SYMBOL,INPUT_UPPERCASE,RETRIEVAL_TABLE,FORMAT,DEFAULT_VALUE,MIN_VALUE,MAX_VALUE,CALENDAR_BUTTON,JUMP_BUTTON,OPEN_BUTTON,REF_TABLE_ID,REF_FIELD_NAME,SPECIAL_BUTTON) VALUES ('TBLID_BEQP','EQP_NAME','EQP_NAME','EQP_NAME','STRING',40,'N','Y','N','Y',1,-1,0,0,1,'N','N','N','STRING',40,'Y',0,'Y','Y','Y','NONE',NULL,NULL,NULL,NULL,'N','N',0,NULL,NULL,0);
INSERT INTO SM_FIELD_DEF (TABLE_ID,FIELD_NAME,JP_TITLE,US_TITLE,DB_TYPE,DB_LENGTH,IS_KEY,NOT_BLANK,IS_DUMMY,IS_SEARCH_ITEM,SORT_NO,TREE_LEVEL,SHEET_NO,PAGE_NO,PROPERTY_NO,IS_AUTO,IS_MANDATORY,SYSTEM_READONLY,FIELD_TYPE,FIELD_LENGTH,INPUT_ALPHABET,INPUT_MULTIBYTE,INPUT_NUMERIC,INPUT_SYMBOL,INPUT_UPPERCASE,RETRIEVAL_TABLE,FORMAT,DEFAULT_VALUE,MIN_VALUE,MAX_VALUE,CALENDAR_BUTTON,JUMP_BUTTON,OPEN_BUTTON,REF_TABLE_ID,REF_FIELD_NAME,SPECIAL_BUTTON) VALUES ('TBLID_BEQP','EQP_DESC','EQP_DESC','EQP_DESC','STRING',80,'N','Y','N','Y',2,-1,0,0,2,'N','N','N','STRING',80,'Y',0,'Y','Y','Y','NONE',NULL,NULL,NULL,NULL,'N','N',0,NULL,NULL,0);
INSERT INTO SM_FIELD_DEF (TABLE_ID,FIELD_NAME,JP_TITLE,US_TITLE,DB_TYPE,DB_LENGTH,IS_KEY,NOT_BLANK,IS_DUMMY,IS_SEARCH_ITEM,SORT_NO,TREE_LEVEL,SHEET_NO,PAGE_NO,PROPERTY_NO,IS_AUTO,IS_MANDATORY,SYSTEM_READONLY,FIELD_TYPE,FIELD_LENGTH,INPUT_ALPHABET,INPUT_MULTIBYTE,INPUT_NUMERIC,INPUT_SYMBOL,INPUT_UPPERCASE,RETRIEVAL_TABLE,FORMAT,DEFAULT_VALUE,MIN_VALUE,MAX_VALUE,CALENDAR_BUTTON,JUMP_BUTTON,OPEN_BUTTON,REF_TABLE_ID,REF_FIELD_NAME,SPECIAL_BUTTON) VALUES ('TBLID_BEQP','EQP_CAT','EQP_CAT','EQP_CAT','STRING',1,'N','Y','N','Y',3,-1,0,0,3,'N','N','N','STRING',1,'Y',0,'Y','Y','Y','NONE',NULL,NULL,NULL,NULL,'N','N',0,NULL,NULL,0);
INSERT INTO SM_FIELD_DEF (TABLE_ID,FIELD_NAME,JP_TITLE,US_TITLE,DB_TYPE,DB_LENGTH,IS_KEY,NOT_BLANK,IS_DUMMY,IS_SEARCH_ITEM,SORT_NO,TREE_LEVEL,SHEET_NO,PAGE_NO,PROPERTY_NO,IS_AUTO,IS_MANDATORY,SYSTEM_READONLY,FIELD_TYPE,FIELD_LENGTH,INPUT_ALPHABET,INPUT_MULTIBYTE,INPUT_NUMERIC,INPUT_SYMBOL,INPUT_UPPERCASE,RETRIEVAL_TABLE,FORMAT,DEFAULT_VALUE,MIN_VALUE,MAX_VALUE,CALENDAR_BUTTON,JUMP_BUTTON,OPEN_BUTTON,REF_TABLE_ID,REF_FIELD_NAME,SPECIAL_BUTTON) VALUES ('TBLID_BEQP','EQP_PROPERTY','EQP_PROPERTY','EQP_PROPERTY','STRING',10,'N','Y','N','Y',4,-1,0,0,4,'N','N','N','STRING',10,'Y',0,'Y','Y','Y','NONE',NULL,NULL,NULL,NULL,'N','N',0,NULL,NULL,0);
INSERT INTO SM_FIELD_DEF (TABLE_ID,FIELD_NAME,JP_TITLE,US_TITLE,DB_TYPE,DB_LENGTH,IS_KEY,NOT_BLANK,IS_DUMMY,IS_SEARCH_ITEM,SORT_NO,TREE_LEVEL,SHEET_NO,PAGE_NO,PROPERTY_NO,IS_AUTO,IS_MANDATORY,SYSTEM_READONLY,FIELD_TYPE,FIELD_LENGTH,INPUT_ALPHABET,INPUT_MULTIBYTE,INPUT_NUMERIC,INPUT_SYMBOL,INPUT_UPPERCASE,RETRIEVAL_TABLE,FORMAT,DEFAULT_VALUE,MIN_VALUE,MAX_VALUE,CALENDAR_BUTTON,JUMP_BUTTON,OPEN_BUTTON,REF_TABLE_ID,REF_FIELD_NAME,SPECIAL_BUTTON) VALUES ('TBLID_BEQP','EQP_MODE1','EQP_MODE1','EQP_MODE1','STRING',5,'N','Y','N','Y',5,-1,0,0,5,'N','N','N','STRING',5,'Y',0,'Y','Y','Y','NONE',NULL,NULL,NULL,NULL,'N','N',0,NULL,NULL,0);
INSERT INTO SM_FIELD_DEF (TABLE_ID,FIELD_NAME,JP_TITLE,US_TITLE,DB_TYPE,DB_LENGTH,IS_KEY,NOT_BLANK,IS_DUMMY,IS_SEARCH_ITEM,SORT_NO,TREE_LEVEL,SHEET_NO,PAGE_NO,PROPERTY_NO,IS_AUTO,IS_MANDATORY,SYSTEM_READONLY,FIELD_TYPE,FIELD_LENGTH,INPUT_ALPHABET,INPUT_MULTIBYTE,INPUT_NUMERIC,INPUT_SYMBOL,INPUT_UPPERCASE,RETRIEVAL_TABLE,FORMAT,DEFAULT_VALUE,MIN_VALUE,MAX_VALUE,CALENDAR_BUTTON,JUMP_BUTTON,OPEN_BUTTON,REF_TABLE_ID,REF_FIELD_NAME,SPECIAL_BUTTON) VALUES ('TBLID_BEQP','EQP_MODE2','EQP_MODE2','EQP_MODE2','STRING',5,'N','Y','N','Y',6,-1,0,0,6,'N','N','N','STRING',5,'Y',0,'Y','Y','Y','NONE',NULL,NULL,NULL,NULL,'N','N',0,NULL,NULL,0);
INSERT INTO SM_FIELD_DEF (TABLE_ID,FIELD_NAME,JP_TITLE,US_TITLE,DB_TYPE,DB_LENGTH,IS_KEY,NOT_BLANK,IS_DUMMY,IS_SEARCH_ITEM,SORT_NO,TREE_LEVEL,SHEET_NO,PAGE_NO,PROPERTY_NO,IS_AUTO,IS_MANDATORY,SYSTEM_READONLY,FIELD_TYPE,FIELD_LENGTH,INPUT_ALPHABET,INPUT_MULTIBYTE,INPUT_NUMERIC,INPUT_SYMBOL,INPUT_UPPERCASE,RETRIEVAL_TABLE,FORMAT,DEFAULT_VALUE,MIN_VALUE,MAX_VALUE,CALENDAR_BUTTON,JUMP_BUTTON,OPEN_BUTTON,REF_TABLE_ID,REF_FIELD_NAME,SPECIAL_BUTTON) VALUES ('TBLID_BEQP','EQP_MODE3','EQP_MODE3','EQP_MODE3','STRING',5,'N','Y','N','Y',7,-1,0,0,7,'N','N','N','STRING',5,'Y',0,'Y','Y','Y','NONE',NULL,NULL,NULL,NULL,'N','N',0,NULL,NULL,0);
INSERT INTO SM_FIELD_DEF (TABLE_ID,FIELD_NAME,JP_TITLE,US_TITLE,DB_TYPE,DB_LENGTH,IS_KEY,NOT_BLANK,IS_DUMMY,IS_SEARCH_ITEM,SORT_NO,TREE_LEVEL,SHEET_NO,PAGE_NO,PROPERTY_NO,IS_AUTO,IS_MANDATORY,SYSTEM_READONLY,FIELD_TYPE,FIELD_LENGTH,INPUT_ALPHABET,INPUT_MULTIBYTE,INPUT_NUMERIC,INPUT_SYMBOL,INPUT_UPPERCASE,RETRIEVAL_TABLE,FORMAT,DEFAULT_VALUE,MIN_VALUE,MAX_VALUE,CALENDAR_BUTTON,JUMP_BUTTON,OPEN_BUTTON,REF_TABLE_ID,REF_FIELD_NAME,SPECIAL_BUTTON) VALUES ('TBLID_BEQP','EQP_MODE4','EQP_MODE4','EQP_MODE4','STRING',5,'N','Y','N','Y',8,-1,0,0,8,'N','N','N','STRING',5,'Y',0,'Y','Y','Y','NONE',NULL,NULL,NULL,NULL,'N','N',0,NULL,NULL,0);
INSERT INTO SM_FIELD_DEF (TABLE_ID,FIELD_NAME,JP_TITLE,US_TITLE,DB_TYPE,DB_LENGTH,IS_KEY,NOT_BLANK,IS_DUMMY,IS_SEARCH_ITEM,SORT_NO,TREE_LEVEL,SHEET_NO,PAGE_NO,PROPERTY_NO,IS_AUTO,IS_MANDATORY,SYSTEM_READONLY,FIELD_TYPE,FIELD_LENGTH,INPUT_ALPHABET,INPUT_MULTIBYTE,INPUT_NUMERIC,INPUT_SYMBOL,INPUT_UPPERCASE,RETRIEVAL_TABLE,FORMAT,DEFAULT_VALUE,MIN_VALUE,MAX_VALUE,CALENDAR_BUTTON,JUMP_BUTTON,OPEN_BUTTON,REF_TABLE_ID,REF_FIELD_NAME,SPECIAL_BUTTON) VALUES ('TBLID_BEQP','EQP_MODE5','EQP_MODE5','EQP_MODE5','STRING',5,'N','Y','N','Y',9,-1,0,0,9,'N','N','N','STRING',5,'Y',0,'Y','Y','Y','NONE',NULL,NULL,NULL,NULL,'N','N',0,NULL,NULL,0);
INSERT INTO SM_FIELD_DEF (TABLE_ID,FIELD_NAME,JP_TITLE,US_TITLE,DB_TYPE,DB_LENGTH,IS_KEY,NOT_BLANK,IS_DUMMY,IS_SEARCH_ITEM,SORT_NO,TREE_LEVEL,SHEET_NO,PAGE_NO,PROPERTY_NO,IS_AUTO,IS_MANDATORY,SYSTEM_READONLY,FIELD_TYPE,FIELD_LENGTH,INPUT_ALPHABET,INPUT_MULTIBYTE,INPUT_NUMERIC,INPUT_SYMBOL,INPUT_UPPERCASE,RETRIEVAL_TABLE,FORMAT,DEFAULT_VALUE,MIN_VALUE,MAX_VALUE,CALENDAR_BUTTON,JUMP_BUTTON,OPEN_BUTTON,REF_TABLE_ID,REF_FIELD_NAME,SPECIAL_BUTTON) VALUES ('TBLID_BEQP','EQP_MODE6','EQP_MODE6','EQP_MODE6','STRING',5,'N','Y','N','Y',10,-1,0,0,10,'N','N','N','STRING',5,'Y',0,'Y','Y','Y','NONE',NULL,NULL,NULL,NULL,'N','N',0,NULL,NULL,0);
INSERT INTO SM_FIELD_DEF (TABLE_ID,FIELD_NAME,JP_TITLE,US_TITLE,DB_TYPE,DB_LENGTH,IS_KEY,NOT_BLANK,IS_DUMMY,IS_SEARCH_ITEM,SORT_NO,TREE_LEVEL,SHEET_NO,PAGE_NO,PROPERTY_NO,IS_AUTO,IS_MANDATORY,SYSTEM_READONLY,FIELD_TYPE,FIELD_LENGTH,INPUT_ALPHABET,INPUT_MULTIBYTE,INPUT_NUMERIC,INPUT_SYMBOL,INPUT_UPPERCASE,RETRIEVAL_TABLE,FORMAT,DEFAULT_VALUE,MIN_VALUE,MAX_VALUE,CALENDAR_BUTTON,JUMP_BUTTON,OPEN_BUTTON,REF_TABLE_ID,REF_FIELD_NAME,SPECIAL_BUTTON) VALUES ('TBLID_BEQP','EQP_MODE7','EQP_MODE7','EQP_MODE7','STRING',5,'N','Y','N','Y',11,-1,0,0,11,'N','N','N','STRING',5,'Y',0,'Y','Y','Y','NONE',NULL,NULL,NULL,NULL,'N','N',0,NULL,NULL,0);
INSERT INTO SM_FIELD_DEF (TABLE_ID,FIELD_NAME,JP_TITLE,US_TITLE,DB_TYPE,DB_LENGTH,IS_KEY,NOT_BLANK,IS_DUMMY,IS_SEARCH_ITEM,SORT_NO,TREE_LEVEL,SHEET_NO,PAGE_NO,PROPERTY_NO,IS_AUTO,IS_MANDATORY,SYSTEM_READONLY,FIELD_TYPE,FIELD_LENGTH,INPUT_ALPHABET,INPUT_MULTIBYTE,INPUT_NUMERIC,INPUT_SYMBOL,INPUT_UPPERCASE,RETRIEVAL_TABLE,FORMAT,DEFAULT_VALUE,MIN_VALUE,MAX_VALUE,CALENDAR_BUTTON,JUMP_BUTTON,OPEN_BUTTON,REF_TABLE_ID,REF_FIELD_NAME,SPECIAL_BUTTON) VALUES ('TBLID_BEQP','EQP_MODE8','EQP_MODE8','EQP_MODE8','STRING',5,'N','Y','N','Y',12,-1,0,0,12,'N','N','N','STRING',5,'Y',0,'Y','Y','Y','NONE',NULL,NULL,NULL,NULL,'N','N',0,NULL,NULL,0);
INSERT INTO SM_FIELD_DEF (TABLE_ID,FIELD_NAME,JP_TITLE,US_TITLE,DB_TYPE,DB_LENGTH,IS_KEY,NOT_BLANK,IS_DUMMY,IS_SEARCH_ITEM,SORT_NO,TREE_LEVEL,SHEET_NO,PAGE_NO,PROPERTY_NO,IS_AUTO,IS_MANDATORY,SYSTEM_READONLY,FIELD_TYPE,FIELD_LENGTH,INPUT_ALPHABET,INPUT_MULTIBYTE,INPUT_NUMERIC,INPUT_SYMBOL,INPUT_UPPERCASE,RETRIEVAL_TABLE,FORMAT,DEFAULT_VALUE,MIN_VALUE,MAX_VALUE,CALENDAR_BUTTON,JUMP_BUTTON,OPEN_BUTTON,REF_TABLE_ID,REF_FIELD_NAME,SPECIAL_BUTTON) VALUES ('TBLID_BEQP','EQP_MODE9','EQP_MODE9','EQP_MODE9','STRING',5,'N','Y','N','Y',13,-1,0,0,13,'N','N','N','STRING',5,'Y',0,'Y','Y','Y','NONE',NULL,NULL,NULL,NULL,'N','N',0,NULL,NULL,0);
INSERT INTO SM_FIELD_DEF (TABLE_ID,FIELD_NAME,JP_TITLE,US_TITLE,DB_TYPE,DB_LENGTH,IS_KEY,NOT_BLANK,IS_DUMMY,IS_SEARCH_ITEM,SORT_NO,TREE_LEVEL,SHEET_NO,PAGE_NO,PROPERTY_NO,IS_AUTO,IS_MANDATORY,SYSTEM_READONLY,FIELD_TYPE,FIELD_LENGTH,INPUT_ALPHABET,INPUT_MULTIBYTE,INPUT_NUMERIC,INPUT_SYMBOL,INPUT_UPPERCASE,RETRIEVAL_TABLE,FORMAT,DEFAULT_VALUE,MIN_VALUE,MAX_VALUE,CALENDAR_BUTTON,JUMP_BUTTON,OPEN_BUTTON,REF_TABLE_ID,REF_FIELD_NAME,SPECIAL_BUTTON) VALUES ('TBLID_BEQP','EQP_MODE10','EQP_MODE10','EQP_MODE10','STRING',5,'N','Y','N','Y',14,-1,0,0,14,'N','N','N','STRING',5,'Y',0,'Y','Y','Y','NONE',NULL,NULL,NULL,NULL,'N','N',0,NULL,NULL,0);
INSERT INTO SM_FIELD_DEF (TABLE_ID,FIELD_NAME,JP_TITLE,US_TITLE,DB_TYPE,DB_LENGTH,IS_KEY,NOT_BLANK,IS_DUMMY,IS_SEARCH_ITEM,SORT_NO,TREE_LEVEL,SHEET_NO,PAGE_NO,PROPERTY_NO,IS_AUTO,IS_MANDATORY,SYSTEM_READONLY,FIELD_TYPE,FIELD_LENGTH,INPUT_ALPHABET,INPUT_MULTIBYTE,INPUT_NUMERIC,INPUT_SYMBOL,INPUT_UPPERCASE,RETRIEVAL_TABLE,FORMAT,DEFAULT_VALUE,MIN_VALUE,MAX_VALUE,CALENDAR_BUTTON,JUMP_BUTTON,OPEN_BUTTON,REF_TABLE_ID,REF_FIELD_NAME,SPECIAL_BUTTON) VALUES ('TBLID_BEQP','WHAT_NEXT_MODE','WHAT_NEXT_MODE','WHAT_NEXT_MODE','STRING',1,'N','Y','N','Y',15,-1,0,0,15,'N','N','N','STRING',1,'Y',0,'Y','Y','Y','NONE',NULL,NULL,NULL,NULL,'N','N',0,NULL,NULL,0);
INSERT INTO SM_FIELD_DEF (TABLE_ID,FIELD_NAME,JP_TITLE,US_TITLE,DB_TYPE,DB_LENGTH,IS_KEY,NOT_BLANK,IS_DUMMY,IS_SEARCH_ITEM,SORT_NO,TREE_LEVEL,SHEET_NO,PAGE_NO,PROPERTY_NO,IS_AUTO,IS_MANDATORY,SYSTEM_READONLY,FIELD_TYPE,FIELD_LENGTH,INPUT_ALPHABET,INPUT_MULTIBYTE,INPUT_NUMERIC,INPUT_SYMBOL,INPUT_UPPERCASE,RETRIEVAL_TABLE,FORMAT,DEFAULT_VALUE,MIN_VALUE,MAX_VALUE,CALENDAR_BUTTON,JUMP_BUTTON,OPEN_BUTTON,REF_TABLE_ID,REF_FIELD_NAME,SPECIAL_BUTTON) VALUES ('TBLID_BEQP','ECS_RESRC_NAME','ECS_RESRC_NAME','ECS_RESRC_NAME','STRING',40,'N','Y','N','Y',16,-1,0,0,16,'N','N','N','STRING',40,'Y',0,'Y','Y','Y','NONE',NULL,NULL,NULL,NULL,'N','N',0,NULL,NULL,0);
INSERT INTO SM_FIELD_DEF (TABLE_ID,FIELD_NAME,JP_TITLE,US_TITLE,DB_TYPE,DB_LENGTH,IS_KEY,NOT_BLANK,IS_DUMMY,IS_SEARCH_ITEM,SORT_NO,TREE_LEVEL,SHEET_NO,PAGE_NO,PROPERTY_NO,IS_AUTO,IS_MANDATORY,SYSTEM_READONLY,FIELD_TYPE,FIELD_LENGTH,INPUT_ALPHABET,INPUT_MULTIBYTE,INPUT_NUMERIC,INPUT_SYMBOL,INPUT_UPPERCASE,RETRIEVAL_TABLE,FORMAT,DEFAULT_VALUE,MIN_VALUE,MAX_VALUE,CALENDAR_BUTTON,JUMP_BUTTON,OPEN_BUTTON,REF_TABLE_ID,REF_FIELD_NAME,SPECIAL_BUTTON) VALUES ('TBLID_BEQP','LOT_SEL_RULE1','LOT_SEL_RULE1','LOT_SEL_RULE1','STRING',1,'N','Y','N','Y',17,-1,0,0,17,'N','N','N','STRING',1,'Y',0,'Y','Y','Y','NONE',NULL,NULL,NULL,NULL,'N','N',0,NULL,NULL,0);
INSERT INTO SM_FIELD_DEF (TABLE_ID,FIELD_NAME,JP_TITLE,US_TITLE,DB_TYPE,DB_LENGTH,IS_KEY,NOT_BLANK,IS_DUMMY,IS_SEARCH_ITEM,SORT_NO,TREE_LEVEL,SHEET_NO,PAGE_NO,PROPERTY_NO,IS_AUTO,IS_MANDATORY,SYSTEM_READONLY,FIELD_TYPE,FIELD_LENGTH,INPUT_ALPHABET,INPUT_MULTIBYTE,INPUT_NUMERIC,INPUT_SYMBOL,INPUT_UPPERCASE,RETRIEVAL_TABLE,FORMAT,DEFAULT_VALUE,MIN_VALUE,MAX_VALUE,CALENDAR_BUTTON,JUMP_BUTTON,OPEN_BUTTON,REF_TABLE_ID,REF_FIELD_NAME,SPECIAL_BUTTON) VALUES ('TBLID_BEQP','LOT_SEL_RULE2','LOT_SEL_RULE2','LOT_SEL_RULE2','STRING',1,'N','Y','N','Y',18,-1,0,0,18,'N','N','N','STRING',1,'Y',0,'Y','Y','Y','NONE',NULL,NULL,NULL,NULL,'N','N',0,NULL,NULL,0);
INSERT INTO SM_FIELD_DEF (TABLE_ID,FIELD_NAME,JP_TITLE,US_TITLE,DB_TYPE,DB_LENGTH,IS_KEY,NOT_BLANK,IS_DUMMY,IS_SEARCH_ITEM,SORT_NO,TREE_LEVEL,SHEET_NO,PAGE_NO,PROPERTY_NO,IS_AUTO,IS_MANDATORY,SYSTEM_READONLY,FIELD_TYPE,FIELD_LENGTH,INPUT_ALPHABET,INPUT_MULTIBYTE,INPUT_NUMERIC,INPUT_SYMBOL,INPUT_UPPERCASE,RETRIEVAL_TABLE,FORMAT,DEFAULT_VALUE,MIN_VALUE,MAX_VALUE,CALENDAR_BUTTON,JUMP_BUTTON,OPEN_BUTTON,REF_TABLE_ID,REF_FIELD_NAME,SPECIAL_BUTTON) VALUES ('TBLID_BEQP','LOT_SEL_RULE3','LOT_SEL_RULE3','LOT_SEL_RULE3','STRING',1,'N','Y','N','Y',19,-1,0,0,19,'N','N','N','STRING',1,'Y',0,'Y','Y','Y','NONE',NULL,NULL,NULL,NULL,'N','N',0,NULL,NULL,0);
INSERT INTO SM_FIELD_DEF (TABLE_ID,FIELD_NAME,JP_TITLE,US_TITLE,DB_TYPE,DB_LENGTH,IS_KEY,NOT_BLANK,IS_DUMMY,IS_SEARCH_ITEM,SORT_NO,TREE_LEVEL,SHEET_NO,PAGE_NO,PROPERTY_NO,IS_AUTO,IS_MANDATORY,SYSTEM_READONLY,FIELD_TYPE,FIELD_LENGTH,INPUT_ALPHABET,INPUT_MULTIBYTE,INPUT_NUMERIC,INPUT_SYMBOL,INPUT_UPPERCASE,RETRIEVAL_TABLE,FORMAT,DEFAULT_VALUE,MIN_VALUE,MAX_VALUE,CALENDAR_BUTTON,JUMP_BUTTON,OPEN_BUTTON,REF_TABLE_ID,REF_FIELD_NAME,SPECIAL_BUTTON) VALUES ('TBLID_BEQP','LOT_SEL_RULE4','LOT_SEL_RULE4','LOT_SEL_RULE4','STRING',1,'N','Y','N','Y',20,-1,0,0,20,'N','N','N','STRING',1,'Y',0,'Y','Y','Y','NONE',NULL,NULL,NULL,NULL,'N','N',0,NULL,NULL,0);
INSERT INTO SM_FIELD_DEF (TABLE_ID,FIELD_NAME,JP_TITLE,US_TITLE,DB_TYPE,DB_LENGTH,IS_KEY,NOT_BLANK,IS_DUMMY,IS_SEARCH_ITEM,SORT_NO,TREE_LEVEL,SHEET_NO,PAGE_NO,PROPERTY_NO,IS_AUTO,IS_MANDATORY,SYSTEM_READONLY,FIELD_TYPE,FIELD_LENGTH,INPUT_ALPHABET,INPUT_MULTIBYTE,INPUT_NUMERIC,INPUT_SYMBOL,INPUT_UPPERCASE,RETRIEVAL_TABLE,FORMAT,DEFAULT_VALUE,MIN_VALUE,MAX_VALUE,CALENDAR_BUTTON,JUMP_BUTTON,OPEN_BUTTON,REF_TABLE_ID,REF_FIELD_NAME,SPECIAL_BUTTON) VALUES ('TBLID_BEQP','PM_FLG','PM_FLG','PM_FLG','STRING',1,'N','Y','N','Y',21,-1,0,0,21,'N','N','N','STRING',1,'Y',0,'Y','Y','Y','NONE',NULL,NULL,NULL,NULL,'N','N',0,NULL,NULL,0);
INSERT INTO SM_FIELD_DEF (TABLE_ID,FIELD_NAME,JP_TITLE,US_TITLE,DB_TYPE,DB_LENGTH,IS_KEY,NOT_BLANK,IS_DUMMY,IS_SEARCH_ITEM,SORT_NO,TREE_LEVEL,SHEET_NO,PAGE_NO,PROPERTY_NO,IS_AUTO,IS_MANDATORY,SYSTEM_READONLY,FIELD_TYPE,FIELD_LENGTH,INPUT_ALPHABET,INPUT_MULTIBYTE,INPUT_NUMERIC,INPUT_SYMBOL,INPUT_UPPERCASE,RETRIEVAL_TABLE,FORMAT,DEFAULT_VALUE,MIN_VALUE,MAX_VALUE,CALENDAR_BUTTON,JUMP_BUTTON,OPEN_BUTTON,REF_TABLE_ID,REF_FIELD_NAME,SPECIAL_BUTTON) VALUES ('TBLID_BEQP','FAB_ID','FAB_ID','FAB_ID','STRING',10,'N','Y','N','Y',22,-1,0,0,22,'N','N','N','STRING',10,'Y',0,'Y','Y','Y','NONE',NULL,NULL,NULL,NULL,'N','N',0,NULL,NULL,0);
INSERT INTO SM_FIELD_DEF (TABLE_ID,FIELD_NAME,JP_TITLE,US_TITLE,DB_TYPE,DB_LENGTH,IS_KEY,NOT_BLANK,IS_DUMMY,IS_SEARCH_ITEM,SORT_NO,TREE_LEVEL,SHEET_NO,PAGE_NO,PROPERTY_NO,IS_AUTO,IS_MANDATORY,SYSTEM_READONLY,FIELD_TYPE,FIELD_LENGTH,INPUT_ALPHABET,INPUT_MULTIBYTE,INPUT_NUMERIC,INPUT_SYMBOL,INPUT_UPPERCASE,RETRIEVAL_TABLE,FORMAT,DEFAULT_VALUE,MIN_VALUE,MAX_VALUE,CALENDAR_BUTTON,JUMP_BUTTON,OPEN_BUTTON,REF_TABLE_ID,REF_FIELD_NAME,SPECIAL_BUTTON) VALUES ('TBLID_BEQP','LINE_ID','LINE_ID','LINE_ID','STRING',10,'N','Y','N','Y',23,-1,0,0,23,'N','N','N','STRING',10,'Y',0,'Y','Y','Y','NONE',NULL,NULL,NULL,NULL,'N','N',0,NULL,NULL,0);
INSERT INTO SM_FIELD_DEF (TABLE_ID,FIELD_NAME,JP_TITLE,US_TITLE,DB_TYPE,DB_LENGTH,IS_KEY,NOT_BLANK,IS_DUMMY,IS_SEARCH_ITEM,SORT_NO,TREE_LEVEL,SHEET_NO,PAGE_NO,PROPERTY_NO,IS_AUTO,IS_MANDATORY,SYSTEM_READONLY,FIELD_TYPE,FIELD_LENGTH,INPUT_ALPHABET,INPUT_MULTIBYTE,INPUT_NUMERIC,INPUT_SYMBOL,INPUT_UPPERCASE,RETRIEVAL_TABLE,FORMAT,DEFAULT_VALUE,MIN_VALUE,MAX_VALUE,CALENDAR_BUTTON,JUMP_BUTTON,OPEN_BUTTON,REF_TABLE_ID,REF_FIELD_NAME,SPECIAL_BUTTON) VALUES ('TBLID_BEQP','WRK_PLATE_TYPE','WRK_PLATE_TYPE','WRK_PLATE_TYPE','STRING',2,'N','Y','N','Y',24,-1,0,0,24,'N','N','N','STRING',2,'Y',0,'Y','Y','Y','NONE',NULL,NULL,NULL,NULL,'N','N',0,NULL,NULL,0);
INSERT INTO SM_FIELD_DEF (TABLE_ID,FIELD_NAME,JP_TITLE,US_TITLE,DB_TYPE,DB_LENGTH,IS_KEY,NOT_BLANK,IS_DUMMY,IS_SEARCH_ITEM,SORT_NO,TREE_LEVEL,SHEET_NO,PAGE_NO,PROPERTY_NO,IS_AUTO,IS_MANDATORY,SYSTEM_READONLY,FIELD_TYPE,FIELD_LENGTH,INPUT_ALPHABET,INPUT_MULTIBYTE,INPUT_NUMERIC,INPUT_SYMBOL,INPUT_UPPERCASE,RETRIEVAL_TABLE,FORMAT,DEFAULT_VALUE,MIN_VALUE,MAX_VALUE,CALENDAR_BUTTON,JUMP_BUTTON,OPEN_BUTTON,REF_TABLE_ID,REF_FIELD_NAME,SPECIAL_BUTTON) VALUES ('TBLID_BEQP','GRAND_EQP','GRAND_EQP','GRAND_EQP','STRING',10,'N','Y','N','Y',25,-1,0,0,25,'N','N','N','STRING',10,'Y',0,'Y','Y','Y','NONE',NULL,NULL,NULL,NULL,'N','N',0,NULL,NULL,0);
INSERT INTO SM_FIELD_DEF (TABLE_ID,FIELD_NAME,JP_TITLE,US_TITLE,DB_TYPE,DB_LENGTH,IS_KEY,NOT_BLANK,IS_DUMMY,IS_SEARCH_ITEM,SORT_NO,TREE_LEVEL,SHEET_NO,PAGE_NO,PROPERTY_NO,IS_AUTO,IS_MANDATORY,SYSTEM_READONLY,FIELD_TYPE,FIELD_LENGTH,INPUT_ALPHABET,INPUT_MULTIBYTE,INPUT_NUMERIC,INPUT_SYMBOL,INPUT_UPPERCASE,RETRIEVAL_TABLE,FORMAT,DEFAULT_VALUE,MIN_VALUE,MAX_VALUE,CALENDAR_BUTTON,JUMP_BUTTON,OPEN_BUTTON,REF_TABLE_ID,REF_FIELD_NAME,SPECIAL_BUTTON) VALUES ('TBLID_BEQP','DSP_AREA','DSP_AREA','DSP_AREA','STRING',6,'N','Y','N','Y',26,-1,0,0,26,'N','N','N','STRING',6,'Y',0,'Y','Y','Y','NONE',NULL,NULL,NULL,NULL,'N','N',0,NULL,NULL,0);
INSERT INTO SM_FIELD_DEF (TABLE_ID,FIELD_NAME,JP_TITLE,US_TITLE,DB_TYPE,DB_LENGTH,IS_KEY,NOT_BLANK,IS_DUMMY,IS_SEARCH_ITEM,SORT_NO,TREE_LEVEL,SHEET_NO,PAGE_NO,PROPERTY_NO,IS_AUTO,IS_MANDATORY,SYSTEM_READONLY,FIELD_TYPE,FIELD_LENGTH,INPUT_ALPHABET,INPUT_MULTIBYTE,INPUT_NUMERIC,INPUT_SYMBOL,INPUT_UPPERCASE,RETRIEVAL_TABLE,FORMAT,DEFAULT_VALUE,MIN_VALUE,MAX_VALUE,CALENDAR_BUTTON,JUMP_BUTTON,OPEN_BUTTON,REF_TABLE_ID,REF_FIELD_NAME,SPECIAL_BUTTON) VALUES ('TBLID_BEQP','RP_RATE','RP_RATE','RP_RATE','NUMBER',0,'N','Y','N','Y',27,-1,0,0,27,'N','N','N','STRING',0,'Y',0,'Y','Y','Y','NONE',NULL,NULL,NULL,NULL,'N','N',0,NULL,NULL,0);
INSERT INTO SM_FIELD_DEF (TABLE_ID,FIELD_NAME,JP_TITLE,US_TITLE,DB_TYPE,DB_LENGTH,IS_KEY,NOT_BLANK,IS_DUMMY,IS_SEARCH_ITEM,SORT_NO,TREE_LEVEL,SHEET_NO,PAGE_NO,PROPERTY_NO,IS_AUTO,IS_MANDATORY,SYSTEM_READONLY,FIELD_TYPE,FIELD_LENGTH,INPUT_ALPHABET,INPUT_MULTIBYTE,INPUT_NUMERIC,INPUT_SYMBOL,INPUT_UPPERCASE,RETRIEVAL_TABLE,FORMAT,DEFAULT_VALUE,MIN_VALUE,MAX_VALUE,CALENDAR_BUTTON,JUMP_BUTTON,OPEN_BUTTON,REF_TABLE_ID,REF_FIELD_NAME,SPECIAL_BUTTON) VALUES ('TBLID_BEQP','LINE_CNT','LINE_CNT','LINE_CNT','NUMBER',0,'N','Y','N','Y',28,-1,0,0,28,'N','N','N','STRING',0,'Y',0,'Y','Y','Y','NONE',NULL,NULL,NULL,NULL,'N','N',0,NULL,NULL,0);
INSERT INTO SM_FIELD_DEF (TABLE_ID,FIELD_NAME,JP_TITLE,US_TITLE,DB_TYPE,DB_LENGTH,IS_KEY,NOT_BLANK,IS_DUMMY,IS_SEARCH_ITEM,SORT_NO,TREE_LEVEL,SHEET_NO,PAGE_NO,PROPERTY_NO,IS_AUTO,IS_MANDATORY,SYSTEM_READONLY,FIELD_TYPE,FIELD_LENGTH,INPUT_ALPHABET,INPUT_MULTIBYTE,INPUT_NUMERIC,INPUT_SYMBOL,INPUT_UPPERCASE,RETRIEVAL_TABLE,FORMAT,DEFAULT_VALUE,MIN_VALUE,MAX_VALUE,CALENDAR_BUTTON,JUMP_BUTTON,OPEN_BUTTON,REF_TABLE_ID,REF_FIELD_NAME,SPECIAL_BUTTON) VALUES ('TBLID_BEQP','UNIT_CNT','UNIT_CNT','UNIT_CNT','NUMBER',0,'N','Y','N','Y',29,-1,0,0,29,'N','N','N','STRING',0,'Y',0,'Y','Y','Y','NONE',NULL,NULL,NULL,NULL,'N','N',0,NULL,NULL,0);
INSERT INTO SM_FIELD_DEF (TABLE_ID,FIELD_NAME,JP_TITLE,US_TITLE,DB_TYPE,DB_LENGTH,IS_KEY,NOT_BLANK,IS_DUMMY,IS_SEARCH_ITEM,SORT_NO,TREE_LEVEL,SHEET_NO,PAGE_NO,PROPERTY_NO,IS_AUTO,IS_MANDATORY,SYSTEM_READONLY,FIELD_TYPE,FIELD_LENGTH,INPUT_ALPHABET,INPUT_MULTIBYTE,INPUT_NUMERIC,INPUT_SYMBOL,INPUT_UPPERCASE,RETRIEVAL_TABLE,FORMAT,DEFAULT_VALUE,MIN_VALUE,MAX_VALUE,CALENDAR_BUTTON,JUMP_BUTTON,OPEN_BUTTON,REF_TABLE_ID,REF_FIELD_NAME,SPECIAL_BUTTON) VALUES ('TBLID_BEQP','MCS_RESRC_NAME','MCS_RESRC_NAME','MCS_RESRC_NAME','STRING',40,'N','N','N','Y',30,-1,0,0,30,'N','N','N','STRING',40,'Y',0,'Y','Y','Y','NONE',NULL,NULL,NULL,NULL,'N','N',0,NULL,NULL,0);
INSERT INTO SM_FIELD_DEF (TABLE_ID,FIELD_NAME,JP_TITLE,US_TITLE,DB_TYPE,DB_LENGTH,IS_KEY,NOT_BLANK,IS_DUMMY,IS_SEARCH_ITEM,SORT_NO,TREE_LEVEL,SHEET_NO,PAGE_NO,PROPERTY_NO,IS_AUTO,IS_MANDATORY,SYSTEM_READONLY,FIELD_TYPE,FIELD_LENGTH,INPUT_ALPHABET,INPUT_MULTIBYTE,INPUT_NUMERIC,INPUT_SYMBOL,INPUT_UPPERCASE,RETRIEVAL_TABLE,FORMAT,DEFAULT_VALUE,MIN_VALUE,MAX_VALUE,CALENDAR_BUTTON,JUMP_BUTTON,OPEN_BUTTON,REF_TABLE_ID,REF_FIELD_NAME,SPECIAL_BUTTON) VALUES ('TBLID_BEQP','ULRQ_WAIT_TIME','ULRQ_WAIT_TIME','ULRQ_WAIT_TIME','NUMBER',0,'N','Y','N','Y',31,-1,0,0,31,'N','N','N','STRING',0,'Y',0,'Y','Y','Y','NONE',NULL,NULL,NULL,NULL,'N','N',0,NULL,NULL,0);
INSERT INTO SM_CHECK_DEF (TABLE_ID,CHECK_TYPE,CHECK_ORDER,CHECK_KIND,FIELD_NAME,REF_TABLE,REF_FIELD,EXPECT_VALUE,ERR_MSG) VALUES ('TBLID_BEQP','SAVE',1,'NOTNULL','EQP_ID',NULL,NULL,NULL,'EQP_ID不能为空');
INSERT INTO SM_CHECK_DEF (TABLE_ID,CHECK_TYPE,CHECK_ORDER,CHECK_KIND,FIELD_NAME,REF_TABLE,REF_FIELD,EXPECT_VALUE,ERR_MSG) VALUES ('TBLID_BEQP','SAVE',2,'STAT_N',NULL,NULL,NULL,NULL,'记录不是编辑态');
INSERT INTO SM_CHECK_DEF (TABLE_ID,CHECK_TYPE,CHECK_ORDER,CHECK_KIND,FIELD_NAME,REF_TABLE,REF_FIELD,EXPECT_VALUE,ERR_MSG) VALUES ('TBLID_BEQP','SAVE',3,'LOCK_FREE',NULL,NULL,NULL,NULL,'记录已被锁定');
INSERT INTO SM_CHECK_DEF (TABLE_ID,CHECK_TYPE,CHECK_ORDER,CHECK_KIND,FIELD_NAME,REF_TABLE,REF_FIELD,EXPECT_VALUE,ERR_MSG) VALUES ('TBLID_BEQP','RELEASE',1,'NOTNULL','EQP_ID',NULL,NULL,NULL,'EQP_ID不能为空');
INSERT INTO SM_CHECK_DEF (TABLE_ID,CHECK_TYPE,CHECK_ORDER,CHECK_KIND,FIELD_NAME,REF_TABLE,REF_FIELD,EXPECT_VALUE,ERR_MSG) VALUES ('TBLID_BEQP','RELEASE',2,'STAT_N',NULL,NULL,NULL,NULL,'记录不是编辑态');
INSERT INTO SM_CHECK_DEF (TABLE_ID,CHECK_TYPE,CHECK_ORDER,CHECK_KIND,FIELD_NAME,REF_TABLE,REF_FIELD,EXPECT_VALUE,ERR_MSG) VALUES ('TBLID_BEQP','RELEASE',3,'LOCK_FREE',NULL,NULL,NULL,NULL,'记录已被锁定');
INSERT INTO SM_CHECK_DEF (TABLE_ID,CHECK_TYPE,CHECK_ORDER,CHECK_KIND,FIELD_NAME,REF_TABLE,REF_FIELD,EXPECT_VALUE,ERR_MSG) VALUES ('TBLID_BEQP','RELEASE',10,'RELEASE_PARAM','EQP_ID','DEQP',NULL,NULL,NULL);
INSERT INTO SM_CHECK_DEF (TABLE_ID,CHECK_TYPE,CHECK_ORDER,CHECK_KIND,FIELD_NAME,REF_TABLE,REF_FIELD,EXPECT_VALUE,ERR_MSG) VALUES ('TBLID_BEQP','DELETE',1,'NOTNULL','EQP_ID',NULL,NULL,NULL,'EQP_ID不能为空');
INSERT INTO SM_CHECK_DEF (TABLE_ID,CHECK_TYPE,CHECK_ORDER,CHECK_KIND,FIELD_NAME,REF_TABLE,REF_FIELD,EXPECT_VALUE,ERR_MSG) VALUES ('TBLID_BEQP','DELETE',2,'STAT_Y',NULL,NULL,NULL,NULL,'记录不是已发布态');
INSERT INTO SM_CHECK_DEF (TABLE_ID,CHECK_TYPE,CHECK_ORDER,CHECK_KIND,FIELD_NAME,REF_TABLE,REF_FIELD,EXPECT_VALUE,ERR_MSG) VALUES ('TBLID_BEQP','DELETE',3,'LOCK_FREE',NULL,NULL,NULL,NULL,'记录已被锁定');
INSERT INTO SM_CHECK_DEF (TABLE_ID,CHECK_TYPE,CHECK_ORDER,CHECK_KIND,FIELD_NAME,REF_TABLE,REF_FIELD,EXPECT_VALUE,ERR_MSG) VALUES ('TBLID_BEQP','EDITCOMP',1,'NOTNULL','EQP_ID',NULL,NULL,NULL,'EQP_ID不能为空');
INSERT INTO SM_CHECK_DEF (TABLE_ID,CHECK_TYPE,CHECK_ORDER,CHECK_KIND,FIELD_NAME,REF_TABLE,REF_FIELD,EXPECT_VALUE,ERR_MSG) VALUES ('TBLID_BEQP','EDITCOMP',2,'STAT_N',NULL,NULL,NULL,NULL,'记录不是编辑态');
INSERT INTO SM_CHECK_DEF (TABLE_ID,CHECK_TYPE,CHECK_ORDER,CHECK_KIND,FIELD_NAME,REF_TABLE,REF_FIELD,EXPECT_VALUE,ERR_MSG) VALUES ('TBLID_BEQP','EDITCOMP',3,'LOCK_FREE',NULL,NULL,NULL,NULL,'记录已被锁定');
INSERT INTO SM_CHECK_DEF (TABLE_ID,CHECK_TYPE,CHECK_ORDER,CHECK_KIND,FIELD_NAME,REF_TABLE,REF_FIELD,EXPECT_VALUE,ERR_MSG) VALUES ('TBLID_BEQP','EDITCOMP',4,'COMP_N',NULL,NULL,NULL,NULL,'记录已编辑完成');

-- BAREA (4 fields)
INSERT INTO SM_TABLE_DEF (TABLE_ID,TABLE_NAME,JP_TITLE,US_TITLE,RELEASE_FLAG,DISTRIBUTE_FLAG,PERMISSION_TYPE,SCHEMA_TYPE,HAS_DUMMY,SORT_NO) VALUES ('TBLID_BAREA','BAREA','BAREA','BAREA','Y','N','C','L','N',90);
INSERT INTO SM_FIELD_DEF (TABLE_ID,FIELD_NAME,JP_TITLE,US_TITLE,DB_TYPE,DB_LENGTH,IS_KEY,NOT_BLANK,IS_DUMMY,IS_SEARCH_ITEM,SORT_NO,TREE_LEVEL,SHEET_NO,PAGE_NO,PROPERTY_NO,IS_AUTO,IS_MANDATORY,SYSTEM_READONLY,FIELD_TYPE,FIELD_LENGTH,INPUT_ALPHABET,INPUT_MULTIBYTE,INPUT_NUMERIC,INPUT_SYMBOL,INPUT_UPPERCASE,RETRIEVAL_TABLE,FORMAT,DEFAULT_VALUE,MIN_VALUE,MAX_VALUE,CALENDAR_BUTTON,JUMP_BUTTON,OPEN_BUTTON,REF_TABLE_ID,REF_FIELD_NAME,SPECIAL_BUTTON) VALUES ('TBLID_BAREA','AREA_ID','AREA_ID','AREA_ID','STRING',6,'Y','Y','N','Y',0,0,0,0,0,'N','N','N','STRING',6,'Y',0,'Y','Y','Y','NONE',NULL,NULL,NULL,NULL,'N','N',0,NULL,NULL,0);
INSERT INTO SM_FIELD_DEF (TABLE_ID,FIELD_NAME,JP_TITLE,US_TITLE,DB_TYPE,DB_LENGTH,IS_KEY,NOT_BLANK,IS_DUMMY,IS_SEARCH_ITEM,SORT_NO,TREE_LEVEL,SHEET_NO,PAGE_NO,PROPERTY_NO,IS_AUTO,IS_MANDATORY,SYSTEM_READONLY,FIELD_TYPE,FIELD_LENGTH,INPUT_ALPHABET,INPUT_MULTIBYTE,INPUT_NUMERIC,INPUT_SYMBOL,INPUT_UPPERCASE,RETRIEVAL_TABLE,FORMAT,DEFAULT_VALUE,MIN_VALUE,MAX_VALUE,CALENDAR_BUTTON,JUMP_BUTTON,OPEN_BUTTON,REF_TABLE_ID,REF_FIELD_NAME,SPECIAL_BUTTON) VALUES ('TBLID_BAREA','AREA_NAME','AREA_NAME','AREA_NAME','STRING',40,'N','Y','N','Y',1,-1,0,0,1,'N','N','N','STRING',40,'Y',0,'Y','Y','Y','NONE',NULL,NULL,NULL,NULL,'N','N',0,NULL,NULL,0);
INSERT INTO SM_FIELD_DEF (TABLE_ID,FIELD_NAME,JP_TITLE,US_TITLE,DB_TYPE,DB_LENGTH,IS_KEY,NOT_BLANK,IS_DUMMY,IS_SEARCH_ITEM,SORT_NO,TREE_LEVEL,SHEET_NO,PAGE_NO,PROPERTY_NO,IS_AUTO,IS_MANDATORY,SYSTEM_READONLY,FIELD_TYPE,FIELD_LENGTH,INPUT_ALPHABET,INPUT_MULTIBYTE,INPUT_NUMERIC,INPUT_SYMBOL,INPUT_UPPERCASE,RETRIEVAL_TABLE,FORMAT,DEFAULT_VALUE,MIN_VALUE,MAX_VALUE,CALENDAR_BUTTON,JUMP_BUTTON,OPEN_BUTTON,REF_TABLE_ID,REF_FIELD_NAME,SPECIAL_BUTTON) VALUES ('TBLID_BAREA','AREA_DESC','AREA_DESC','AREA_DESC','STRING',80,'N','Y','N','Y',2,-1,0,0,2,'N','N','N','STRING',80,'Y',0,'Y','Y','Y','NONE',NULL,NULL,NULL,NULL,'N','N',0,NULL,NULL,0);
INSERT INTO SM_FIELD_DEF (TABLE_ID,FIELD_NAME,JP_TITLE,US_TITLE,DB_TYPE,DB_LENGTH,IS_KEY,NOT_BLANK,IS_DUMMY,IS_SEARCH_ITEM,SORT_NO,TREE_LEVEL,SHEET_NO,PAGE_NO,PROPERTY_NO,IS_AUTO,IS_MANDATORY,SYSTEM_READONLY,FIELD_TYPE,FIELD_LENGTH,INPUT_ALPHABET,INPUT_MULTIBYTE,INPUT_NUMERIC,INPUT_SYMBOL,INPUT_UPPERCASE,RETRIEVAL_TABLE,FORMAT,DEFAULT_VALUE,MIN_VALUE,MAX_VALUE,CALENDAR_BUTTON,JUMP_BUTTON,OPEN_BUTTON,REF_TABLE_ID,REF_FIELD_NAME,SPECIAL_BUTTON) VALUES ('TBLID_BAREA','IP_ADRESS','IP_ADRESS','IP_ADRESS','STRING',15,'N','Y','N','Y',3,-1,0,0,3,'N','N','N','STRING',15,'Y',0,'Y','Y','Y','NONE',NULL,NULL,NULL,NULL,'N','N',0,NULL,NULL,0);
INSERT INTO SM_CHECK_DEF (TABLE_ID,CHECK_TYPE,CHECK_ORDER,CHECK_KIND,FIELD_NAME,REF_TABLE,REF_FIELD,EXPECT_VALUE,ERR_MSG) VALUES ('TBLID_BAREA','SAVE',1,'NOTNULL','AREA_ID',NULL,NULL,NULL,'AREA_ID不能为空');
INSERT INTO SM_CHECK_DEF (TABLE_ID,CHECK_TYPE,CHECK_ORDER,CHECK_KIND,FIELD_NAME,REF_TABLE,REF_FIELD,EXPECT_VALUE,ERR_MSG) VALUES ('TBLID_BAREA','SAVE',2,'STAT_N',NULL,NULL,NULL,NULL,'记录不是编辑态');
INSERT INTO SM_CHECK_DEF (TABLE_ID,CHECK_TYPE,CHECK_ORDER,CHECK_KIND,FIELD_NAME,REF_TABLE,REF_FIELD,EXPECT_VALUE,ERR_MSG) VALUES ('TBLID_BAREA','SAVE',3,'LOCK_FREE',NULL,NULL,NULL,NULL,'记录已被锁定');
INSERT INTO SM_CHECK_DEF (TABLE_ID,CHECK_TYPE,CHECK_ORDER,CHECK_KIND,FIELD_NAME,REF_TABLE,REF_FIELD,EXPECT_VALUE,ERR_MSG) VALUES ('TBLID_BAREA','RELEASE',1,'NOTNULL','AREA_ID',NULL,NULL,NULL,'AREA_ID不能为空');
INSERT INTO SM_CHECK_DEF (TABLE_ID,CHECK_TYPE,CHECK_ORDER,CHECK_KIND,FIELD_NAME,REF_TABLE,REF_FIELD,EXPECT_VALUE,ERR_MSG) VALUES ('TBLID_BAREA','RELEASE',2,'STAT_N',NULL,NULL,NULL,NULL,'记录不是编辑态');
INSERT INTO SM_CHECK_DEF (TABLE_ID,CHECK_TYPE,CHECK_ORDER,CHECK_KIND,FIELD_NAME,REF_TABLE,REF_FIELD,EXPECT_VALUE,ERR_MSG) VALUES ('TBLID_BAREA','RELEASE',3,'LOCK_FREE',NULL,NULL,NULL,NULL,'记录已被锁定');
INSERT INTO SM_CHECK_DEF (TABLE_ID,CHECK_TYPE,CHECK_ORDER,CHECK_KIND,FIELD_NAME,REF_TABLE,REF_FIELD,EXPECT_VALUE,ERR_MSG) VALUES ('TBLID_BAREA','RELEASE',10,'RELEASE_PARAM','AREA_ID','DAREA',NULL,NULL,NULL);
INSERT INTO SM_CHECK_DEF (TABLE_ID,CHECK_TYPE,CHECK_ORDER,CHECK_KIND,FIELD_NAME,REF_TABLE,REF_FIELD,EXPECT_VALUE,ERR_MSG) VALUES ('TBLID_BAREA','DELETE',1,'NOTNULL','AREA_ID',NULL,NULL,NULL,'AREA_ID不能为空');
INSERT INTO SM_CHECK_DEF (TABLE_ID,CHECK_TYPE,CHECK_ORDER,CHECK_KIND,FIELD_NAME,REF_TABLE,REF_FIELD,EXPECT_VALUE,ERR_MSG) VALUES ('TBLID_BAREA','DELETE',2,'STAT_Y',NULL,NULL,NULL,NULL,'记录不是已发布态');
INSERT INTO SM_CHECK_DEF (TABLE_ID,CHECK_TYPE,CHECK_ORDER,CHECK_KIND,FIELD_NAME,REF_TABLE,REF_FIELD,EXPECT_VALUE,ERR_MSG) VALUES ('TBLID_BAREA','DELETE',3,'LOCK_FREE',NULL,NULL,NULL,NULL,'记录已被锁定');
INSERT INTO SM_CHECK_DEF (TABLE_ID,CHECK_TYPE,CHECK_ORDER,CHECK_KIND,FIELD_NAME,REF_TABLE,REF_FIELD,EXPECT_VALUE,ERR_MSG) VALUES ('TBLID_BAREA','EDITCOMP',1,'NOTNULL','AREA_ID',NULL,NULL,NULL,'AREA_ID不能为空');
INSERT INTO SM_CHECK_DEF (TABLE_ID,CHECK_TYPE,CHECK_ORDER,CHECK_KIND,FIELD_NAME,REF_TABLE,REF_FIELD,EXPECT_VALUE,ERR_MSG) VALUES ('TBLID_BAREA','EDITCOMP',2,'STAT_N',NULL,NULL,NULL,NULL,'记录不是编辑态');
INSERT INTO SM_CHECK_DEF (TABLE_ID,CHECK_TYPE,CHECK_ORDER,CHECK_KIND,FIELD_NAME,REF_TABLE,REF_FIELD,EXPECT_VALUE,ERR_MSG) VALUES ('TBLID_BAREA','EDITCOMP',3,'LOCK_FREE',NULL,NULL,NULL,NULL,'记录已被锁定');
INSERT INTO SM_CHECK_DEF (TABLE_ID,CHECK_TYPE,CHECK_ORDER,CHECK_KIND,FIELD_NAME,REF_TABLE,REF_FIELD,EXPECT_VALUE,ERR_MSG) VALUES ('TBLID_BAREA','EDITCOMP',4,'COMP_N',NULL,NULL,NULL,NULL,'记录已编辑完成');

-- BEQPG (3 fields)
INSERT INTO SM_TABLE_DEF (TABLE_ID,TABLE_NAME,JP_TITLE,US_TITLE,RELEASE_FLAG,DISTRIBUTE_FLAG,PERMISSION_TYPE,SCHEMA_TYPE,HAS_DUMMY,SORT_NO) VALUES ('TBLID_BEQPG','BEQPG','BEQPG','BEQPG','Y','N','C','L','N',100);
INSERT INTO SM_FIELD_DEF (TABLE_ID,FIELD_NAME,JP_TITLE,US_TITLE,DB_TYPE,DB_LENGTH,IS_KEY,NOT_BLANK,IS_DUMMY,IS_SEARCH_ITEM,SORT_NO,TREE_LEVEL,SHEET_NO,PAGE_NO,PROPERTY_NO,IS_AUTO,IS_MANDATORY,SYSTEM_READONLY,FIELD_TYPE,FIELD_LENGTH,INPUT_ALPHABET,INPUT_MULTIBYTE,INPUT_NUMERIC,INPUT_SYMBOL,INPUT_UPPERCASE,RETRIEVAL_TABLE,FORMAT,DEFAULT_VALUE,MIN_VALUE,MAX_VALUE,CALENDAR_BUTTON,JUMP_BUTTON,OPEN_BUTTON,REF_TABLE_ID,REF_FIELD_NAME,SPECIAL_BUTTON) VALUES ('TBLID_BEQPG','EQPG_ID','EQPG_ID','EQPG_ID','STRING',10,'Y','Y','N','Y',0,0,0,0,0,'N','N','N','STRING',10,'Y',0,'Y','Y','Y','NONE',NULL,NULL,NULL,NULL,'N','N',0,NULL,NULL,0);
INSERT INTO SM_FIELD_DEF (TABLE_ID,FIELD_NAME,JP_TITLE,US_TITLE,DB_TYPE,DB_LENGTH,IS_KEY,NOT_BLANK,IS_DUMMY,IS_SEARCH_ITEM,SORT_NO,TREE_LEVEL,SHEET_NO,PAGE_NO,PROPERTY_NO,IS_AUTO,IS_MANDATORY,SYSTEM_READONLY,FIELD_TYPE,FIELD_LENGTH,INPUT_ALPHABET,INPUT_MULTIBYTE,INPUT_NUMERIC,INPUT_SYMBOL,INPUT_UPPERCASE,RETRIEVAL_TABLE,FORMAT,DEFAULT_VALUE,MIN_VALUE,MAX_VALUE,CALENDAR_BUTTON,JUMP_BUTTON,OPEN_BUTTON,REF_TABLE_ID,REF_FIELD_NAME,SPECIAL_BUTTON) VALUES ('TBLID_BEQPG','EQPG_NAME','EQPG_NAME','EQPG_NAME','STRING',40,'N','Y','N','Y',1,-1,0,0,1,'N','N','N','STRING',40,'Y',0,'Y','Y','Y','NONE',NULL,NULL,NULL,NULL,'N','N',0,NULL,NULL,0);
INSERT INTO SM_FIELD_DEF (TABLE_ID,FIELD_NAME,JP_TITLE,US_TITLE,DB_TYPE,DB_LENGTH,IS_KEY,NOT_BLANK,IS_DUMMY,IS_SEARCH_ITEM,SORT_NO,TREE_LEVEL,SHEET_NO,PAGE_NO,PROPERTY_NO,IS_AUTO,IS_MANDATORY,SYSTEM_READONLY,FIELD_TYPE,FIELD_LENGTH,INPUT_ALPHABET,INPUT_MULTIBYTE,INPUT_NUMERIC,INPUT_SYMBOL,INPUT_UPPERCASE,RETRIEVAL_TABLE,FORMAT,DEFAULT_VALUE,MIN_VALUE,MAX_VALUE,CALENDAR_BUTTON,JUMP_BUTTON,OPEN_BUTTON,REF_TABLE_ID,REF_FIELD_NAME,SPECIAL_BUTTON) VALUES ('TBLID_BEQPG','EQPG_DESC','EQPG_DESC','EQPG_DESC','STRING',80,'N','Y','N','Y',2,-1,0,0,2,'N','N','N','STRING',80,'Y',0,'Y','Y','Y','NONE',NULL,NULL,NULL,NULL,'N','N',0,NULL,NULL,0);
INSERT INTO SM_CHECK_DEF (TABLE_ID,CHECK_TYPE,CHECK_ORDER,CHECK_KIND,FIELD_NAME,REF_TABLE,REF_FIELD,EXPECT_VALUE,ERR_MSG) VALUES ('TBLID_BEQPG','SAVE',1,'NOTNULL','EQPG_ID',NULL,NULL,NULL,'EQPG_ID不能为空');
INSERT INTO SM_CHECK_DEF (TABLE_ID,CHECK_TYPE,CHECK_ORDER,CHECK_KIND,FIELD_NAME,REF_TABLE,REF_FIELD,EXPECT_VALUE,ERR_MSG) VALUES ('TBLID_BEQPG','SAVE',2,'STAT_N',NULL,NULL,NULL,NULL,'记录不是编辑态');
INSERT INTO SM_CHECK_DEF (TABLE_ID,CHECK_TYPE,CHECK_ORDER,CHECK_KIND,FIELD_NAME,REF_TABLE,REF_FIELD,EXPECT_VALUE,ERR_MSG) VALUES ('TBLID_BEQPG','SAVE',3,'LOCK_FREE',NULL,NULL,NULL,NULL,'记录已被锁定');
INSERT INTO SM_CHECK_DEF (TABLE_ID,CHECK_TYPE,CHECK_ORDER,CHECK_KIND,FIELD_NAME,REF_TABLE,REF_FIELD,EXPECT_VALUE,ERR_MSG) VALUES ('TBLID_BEQPG','RELEASE',1,'NOTNULL','EQPG_ID',NULL,NULL,NULL,'EQPG_ID不能为空');
INSERT INTO SM_CHECK_DEF (TABLE_ID,CHECK_TYPE,CHECK_ORDER,CHECK_KIND,FIELD_NAME,REF_TABLE,REF_FIELD,EXPECT_VALUE,ERR_MSG) VALUES ('TBLID_BEQPG','RELEASE',2,'STAT_N',NULL,NULL,NULL,NULL,'记录不是编辑态');
INSERT INTO SM_CHECK_DEF (TABLE_ID,CHECK_TYPE,CHECK_ORDER,CHECK_KIND,FIELD_NAME,REF_TABLE,REF_FIELD,EXPECT_VALUE,ERR_MSG) VALUES ('TBLID_BEQPG','RELEASE',3,'LOCK_FREE',NULL,NULL,NULL,NULL,'记录已被锁定');
INSERT INTO SM_CHECK_DEF (TABLE_ID,CHECK_TYPE,CHECK_ORDER,CHECK_KIND,FIELD_NAME,REF_TABLE,REF_FIELD,EXPECT_VALUE,ERR_MSG) VALUES ('TBLID_BEQPG','RELEASE',10,'RELEASE_PARAM','EQPG_ID','DEQPG',NULL,NULL,NULL);
INSERT INTO SM_CHECK_DEF (TABLE_ID,CHECK_TYPE,CHECK_ORDER,CHECK_KIND,FIELD_NAME,REF_TABLE,REF_FIELD,EXPECT_VALUE,ERR_MSG) VALUES ('TBLID_BEQPG','DELETE',1,'NOTNULL','EQPG_ID',NULL,NULL,NULL,'EQPG_ID不能为空');
INSERT INTO SM_CHECK_DEF (TABLE_ID,CHECK_TYPE,CHECK_ORDER,CHECK_KIND,FIELD_NAME,REF_TABLE,REF_FIELD,EXPECT_VALUE,ERR_MSG) VALUES ('TBLID_BEQPG','DELETE',2,'STAT_Y',NULL,NULL,NULL,NULL,'记录不是已发布态');
INSERT INTO SM_CHECK_DEF (TABLE_ID,CHECK_TYPE,CHECK_ORDER,CHECK_KIND,FIELD_NAME,REF_TABLE,REF_FIELD,EXPECT_VALUE,ERR_MSG) VALUES ('TBLID_BEQPG','DELETE',3,'LOCK_FREE',NULL,NULL,NULL,NULL,'记录已被锁定');
INSERT INTO SM_CHECK_DEF (TABLE_ID,CHECK_TYPE,CHECK_ORDER,CHECK_KIND,FIELD_NAME,REF_TABLE,REF_FIELD,EXPECT_VALUE,ERR_MSG) VALUES ('TBLID_BEQPG','EDITCOMP',1,'NOTNULL','EQPG_ID',NULL,NULL,NULL,'EQPG_ID不能为空');
INSERT INTO SM_CHECK_DEF (TABLE_ID,CHECK_TYPE,CHECK_ORDER,CHECK_KIND,FIELD_NAME,REF_TABLE,REF_FIELD,EXPECT_VALUE,ERR_MSG) VALUES ('TBLID_BEQPG','EDITCOMP',2,'STAT_N',NULL,NULL,NULL,NULL,'记录不是编辑态');
INSERT INTO SM_CHECK_DEF (TABLE_ID,CHECK_TYPE,CHECK_ORDER,CHECK_KIND,FIELD_NAME,REF_TABLE,REF_FIELD,EXPECT_VALUE,ERR_MSG) VALUES ('TBLID_BEQPG','EDITCOMP',3,'LOCK_FREE',NULL,NULL,NULL,NULL,'记录已被锁定');
INSERT INTO SM_CHECK_DEF (TABLE_ID,CHECK_TYPE,CHECK_ORDER,CHECK_KIND,FIELD_NAME,REF_TABLE,REF_FIELD,EXPECT_VALUE,ERR_MSG) VALUES ('TBLID_BEQPG','EDITCOMP',4,'COMP_N',NULL,NULL,NULL,NULL,'记录已编辑完成');
-- Initial data from Initial_Data directory

INSERT INTO BUSER (USER_ID, PASSWD, USER_NAME, USER_DESC, MAIL_ADRESS, USERG_ID1, USERG_ID2, USERG_ID3, USERG_ID4, USERG_ID5, USERG_ID6, USERG_ID7, USERG_ID8, USERG_ID9, USERG_ID10, REL_FLG, CRE_USER) VALUES ('ADMIN', 'admin123', 'Admin', 'System Admin', '', 'ADMIN', '', '', '', '', '', '', '', '', '', 'N', 'SYSTEM');


-- Batch migration: 74 tables

INSERT INTO SM_TABLE_DEF (TABLE_ID,TABLE_NAME,JP_TITLE,US_TITLE,RELEASE_FLAG,DISTRIBUTE_FLAG,PERMISSION_TYPE,SCHEMA_TYPE,HAS_DUMMY,SORT_NO) VALUES ('TBLID_BCARG','BCARG','BCARG','BCARG','Y','N','C','L','N',400);
INSERT INTO SM_FIELD_DEF (TABLE_ID,FIELD_NAME,JP_TITLE,US_TITLE,DB_TYPE,DB_LENGTH,IS_KEY,NOT_BLANK,IS_DUMMY,IS_SEARCH_ITEM,SORT_NO,TREE_LEVEL,SHEET_NO,PAGE_NO,PROPERTY_NO,IS_AUTO,IS_MANDATORY,SYSTEM_READONLY,FIELD_TYPE,FIELD_LENGTH,INPUT_ALPHABET,INPUT_MULTIBYTE,INPUT_NUMERIC,INPUT_SYMBOL,INPUT_UPPERCASE,RETRIEVAL_TABLE,FORMAT,DEFAULT_VALUE,MIN_VALUE,MAX_VALUE,CALENDAR_BUTTON,JUMP_BUTTON,OPEN_BUTTON,REF_TABLE_ID,REF_FIELD_NAME,SPECIAL_BUTTON) VALUES ('TBLID_BCARG','CARG_ID','CARG_ID','CARG_ID','STRING',10,'Y','Y','N','Y',0,0,0,0,0,'N','N','N','STRING',10,'Y',0,'Y','Y','Y','NONE',NULL,NULL,NULL,NULL,'N','N',0,NULL,NULL,0);
INSERT INTO SM_FIELD_DEF (TABLE_ID,FIELD_NAME,JP_TITLE,US_TITLE,DB_TYPE,DB_LENGTH,IS_KEY,NOT_BLANK,IS_DUMMY,IS_SEARCH_ITEM,SORT_NO,TREE_LEVEL,SHEET_NO,PAGE_NO,PROPERTY_NO,IS_AUTO,IS_MANDATORY,SYSTEM_READONLY,FIELD_TYPE,FIELD_LENGTH,INPUT_ALPHABET,INPUT_MULTIBYTE,INPUT_NUMERIC,INPUT_SYMBOL,INPUT_UPPERCASE,RETRIEVAL_TABLE,FORMAT,DEFAULT_VALUE,MIN_VALUE,MAX_VALUE,CALENDAR_BUTTON,JUMP_BUTTON,OPEN_BUTTON,REF_TABLE_ID,REF_FIELD_NAME,SPECIAL_BUTTON) VALUES ('TBLID_BCARG','CARG_NAME','CARG_NAME','CARG_NAME','STRING',40,'N','Y','N','Y',1,-1,0,0,1,'N','N','N','STRING',40,'Y',0,'Y','Y','Y','NONE',NULL,NULL,NULL,NULL,'N','N',0,NULL,NULL,0);
INSERT INTO SM_FIELD_DEF (TABLE_ID,FIELD_NAME,JP_TITLE,US_TITLE,DB_TYPE,DB_LENGTH,IS_KEY,NOT_BLANK,IS_DUMMY,IS_SEARCH_ITEM,SORT_NO,TREE_LEVEL,SHEET_NO,PAGE_NO,PROPERTY_NO,IS_AUTO,IS_MANDATORY,SYSTEM_READONLY,FIELD_TYPE,FIELD_LENGTH,INPUT_ALPHABET,INPUT_MULTIBYTE,INPUT_NUMERIC,INPUT_SYMBOL,INPUT_UPPERCASE,RETRIEVAL_TABLE,FORMAT,DEFAULT_VALUE,MIN_VALUE,MAX_VALUE,CALENDAR_BUTTON,JUMP_BUTTON,OPEN_BUTTON,REF_TABLE_ID,REF_FIELD_NAME,SPECIAL_BUTTON) VALUES ('TBLID_BCARG','CARG_DESC','CARG_DESC','CARG_DESC','STRING',80,'N','Y','N','Y',2,-1,0,0,2,'N','N','N','STRING',80,'Y',0,'Y','Y','Y','NONE',NULL,NULL,NULL,NULL,'N','N',0,NULL,NULL,0);
INSERT INTO SM_FIELD_DEF (TABLE_ID,FIELD_NAME,JP_TITLE,US_TITLE,DB_TYPE,DB_LENGTH,IS_KEY,NOT_BLANK,IS_DUMMY,IS_SEARCH_ITEM,SORT_NO,TREE_LEVEL,SHEET_NO,PAGE_NO,PROPERTY_NO,IS_AUTO,IS_MANDATORY,SYSTEM_READONLY,FIELD_TYPE,FIELD_LENGTH,INPUT_ALPHABET,INPUT_MULTIBYTE,INPUT_NUMERIC,INPUT_SYMBOL,INPUT_UPPERCASE,RETRIEVAL_TABLE,FORMAT,DEFAULT_VALUE,MIN_VALUE,MAX_VALUE,CALENDAR_BUTTON,JUMP_BUTTON,OPEN_BUTTON,REF_TABLE_ID,REF_FIELD_NAME,SPECIAL_BUTTON) VALUES ('TBLID_BCARG','MAX_PM_TIME','MAX_PM_TIME','MAX_PM_TIME','NUMBER',0,'N','Y','N','Y',3,-1,0,0,3,'N','N','N','STRING',0,'Y',0,'Y','Y','Y','NONE',NULL,NULL,NULL,NULL,'N','N',0,NULL,NULL,0);
INSERT INTO SM_FIELD_DEF (TABLE_ID,FIELD_NAME,JP_TITLE,US_TITLE,DB_TYPE,DB_LENGTH,IS_KEY,NOT_BLANK,IS_DUMMY,IS_SEARCH_ITEM,SORT_NO,TREE_LEVEL,SHEET_NO,PAGE_NO,PROPERTY_NO,IS_AUTO,IS_MANDATORY,SYSTEM_READONLY,FIELD_TYPE,FIELD_LENGTH,INPUT_ALPHABET,INPUT_MULTIBYTE,INPUT_NUMERIC,INPUT_SYMBOL,INPUT_UPPERCASE,RETRIEVAL_TABLE,FORMAT,DEFAULT_VALUE,MIN_VALUE,MAX_VALUE,CALENDAR_BUTTON,JUMP_BUTTON,OPEN_BUTTON,REF_TABLE_ID,REF_FIELD_NAME,SPECIAL_BUTTON) VALUES ('TBLID_BCARG','MAX_PM_CNT','MAX_PM_CNT','MAX_PM_CNT','NUMBER',0,'N','Y','N','Y',4,-1,0,0,4,'N','N','N','STRING',0,'Y',0,'Y','Y','Y','NONE',NULL,NULL,NULL,NULL,'N','N',0,NULL,NULL,0);
INSERT INTO SM_FIELD_DEF (TABLE_ID,FIELD_NAME,JP_TITLE,US_TITLE,DB_TYPE,DB_LENGTH,IS_KEY,NOT_BLANK,IS_DUMMY,IS_SEARCH_ITEM,SORT_NO,TREE_LEVEL,SHEET_NO,PAGE_NO,PROPERTY_NO,IS_AUTO,IS_MANDATORY,SYSTEM_READONLY,FIELD_TYPE,FIELD_LENGTH,INPUT_ALPHABET,INPUT_MULTIBYTE,INPUT_NUMERIC,INPUT_SYMBOL,INPUT_UPPERCASE,RETRIEVAL_TABLE,FORMAT,DEFAULT_VALUE,MIN_VALUE,MAX_VALUE,CALENDAR_BUTTON,JUMP_BUTTON,OPEN_BUTTON,REF_TABLE_ID,REF_FIELD_NAME,SPECIAL_BUTTON) VALUES ('TBLID_BCARG','TOTAL_USE_POS_TIME','TOTAL_USE_POS_TIME','TOTAL_USE_POS_TIME','NUMBER',0,'N','Y','N','Y',5,-1,0,0,5,'N','N','N','STRING',0,'Y',0,'Y','Y','Y','NONE',NULL,NULL,NULL,NULL,'N','N',0,NULL,NULL,0);
INSERT INTO SM_FIELD_DEF (TABLE_ID,FIELD_NAME,JP_TITLE,US_TITLE,DB_TYPE,DB_LENGTH,IS_KEY,NOT_BLANK,IS_DUMMY,IS_SEARCH_ITEM,SORT_NO,TREE_LEVEL,SHEET_NO,PAGE_NO,PROPERTY_NO,IS_AUTO,IS_MANDATORY,SYSTEM_READONLY,FIELD_TYPE,FIELD_LENGTH,INPUT_ALPHABET,INPUT_MULTIBYTE,INPUT_NUMERIC,INPUT_SYMBOL,INPUT_UPPERCASE,RETRIEVAL_TABLE,FORMAT,DEFAULT_VALUE,MIN_VALUE,MAX_VALUE,CALENDAR_BUTTON,JUMP_BUTTON,OPEN_BUTTON,REF_TABLE_ID,REF_FIELD_NAME,SPECIAL_BUTTON) VALUES ('TBLID_BCARG','TOTAL_USE_POS_CNT','TOTAL_USE_POS_CNT','TOTAL_USE_POS_CNT','NUMBER',0,'N','Y','N','Y',6,-1,0,0,6,'N','N','N','STRING',0,'Y',0,'Y','Y','Y','NONE',NULL,NULL,NULL,NULL,'N','N',0,NULL,NULL,0);
INSERT INTO SM_CHECK_DEF (TABLE_ID,CHECK_TYPE,CHECK_ORDER,CHECK_KIND,FIELD_NAME,REF_TABLE,REF_FIELD,EXPECT_VALUE,ERR_MSG) VALUES ('TBLID_BCARG','SAVE',1,'NOTNULL','CARG_ID',NULL,NULL,NULL,'CARG_ID required');
INSERT INTO SM_CHECK_DEF (TABLE_ID,CHECK_TYPE,CHECK_ORDER,CHECK_KIND,FIELD_NAME,REF_TABLE,REF_FIELD,EXPECT_VALUE,ERR_MSG) VALUES ('TBLID_BCARG','SAVE',2,'STAT_N',NULL,NULL,NULL,NULL,'Not editable');
INSERT INTO SM_CHECK_DEF (TABLE_ID,CHECK_TYPE,CHECK_ORDER,CHECK_KIND,FIELD_NAME,REF_TABLE,REF_FIELD,EXPECT_VALUE,ERR_MSG) VALUES ('TBLID_BCARG','SAVE',3,'LOCK_FREE',NULL,NULL,NULL,NULL,'Locked');
INSERT INTO SM_CHECK_DEF (TABLE_ID,CHECK_TYPE,CHECK_ORDER,CHECK_KIND,FIELD_NAME,REF_TABLE,REF_FIELD,EXPECT_VALUE,ERR_MSG) VALUES ('TBLID_BCARG','RELEASE',1,'NOTNULL','CARG_ID',NULL,NULL,NULL,'CARG_ID required');
INSERT INTO SM_CHECK_DEF (TABLE_ID,CHECK_TYPE,CHECK_ORDER,CHECK_KIND,FIELD_NAME,REF_TABLE,REF_FIELD,EXPECT_VALUE,ERR_MSG) VALUES ('TBLID_BCARG','RELEASE',2,'STAT_N',NULL,NULL,NULL,NULL,'Not editable');
INSERT INTO SM_CHECK_DEF (TABLE_ID,CHECK_TYPE,CHECK_ORDER,CHECK_KIND,FIELD_NAME,REF_TABLE,REF_FIELD,EXPECT_VALUE,ERR_MSG) VALUES ('TBLID_BCARG','RELEASE',3,'LOCK_FREE',NULL,NULL,NULL,NULL,'Locked');
INSERT INTO SM_CHECK_DEF (TABLE_ID,CHECK_TYPE,CHECK_ORDER,CHECK_KIND,FIELD_NAME,REF_TABLE,REF_FIELD,EXPECT_VALUE,ERR_MSG) VALUES ('TBLID_BCARG','RELEASE',10,'RELEASE_PARAM','CARG_ID','DCARG',NULL,NULL,NULL);
INSERT INTO SM_CHECK_DEF (TABLE_ID,CHECK_TYPE,CHECK_ORDER,CHECK_KIND,FIELD_NAME,REF_TABLE,REF_FIELD,EXPECT_VALUE,ERR_MSG) VALUES ('TBLID_BCARG','DELETE',1,'NOTNULL','CARG_ID',NULL,NULL,NULL,'CARG_ID required');
INSERT INTO SM_CHECK_DEF (TABLE_ID,CHECK_TYPE,CHECK_ORDER,CHECK_KIND,FIELD_NAME,REF_TABLE,REF_FIELD,EXPECT_VALUE,ERR_MSG) VALUES ('TBLID_BCARG','DELETE',2,'STAT_Y',NULL,NULL,NULL,NULL,'Not released');
INSERT INTO SM_CHECK_DEF (TABLE_ID,CHECK_TYPE,CHECK_ORDER,CHECK_KIND,FIELD_NAME,REF_TABLE,REF_FIELD,EXPECT_VALUE,ERR_MSG) VALUES ('TBLID_BCARG','DELETE',3,'LOCK_FREE',NULL,NULL,NULL,NULL,'Locked');
INSERT INTO SM_CHECK_DEF (TABLE_ID,CHECK_TYPE,CHECK_ORDER,CHECK_KIND,FIELD_NAME,REF_TABLE,REF_FIELD,EXPECT_VALUE,ERR_MSG) VALUES ('TBLID_BCARG','EDITCOMP',1,'NOTNULL','CARG_ID',NULL,NULL,NULL,'CARG_ID required');
INSERT INTO SM_CHECK_DEF (TABLE_ID,CHECK_TYPE,CHECK_ORDER,CHECK_KIND,FIELD_NAME,REF_TABLE,REF_FIELD,EXPECT_VALUE,ERR_MSG) VALUES ('TBLID_BCARG','EDITCOMP',2,'STAT_N',NULL,NULL,NULL,NULL,'Not editable');
INSERT INTO SM_CHECK_DEF (TABLE_ID,CHECK_TYPE,CHECK_ORDER,CHECK_KIND,FIELD_NAME,REF_TABLE,REF_FIELD,EXPECT_VALUE,ERR_MSG) VALUES ('TBLID_BCARG','EDITCOMP',3,'LOCK_FREE',NULL,NULL,NULL,NULL,'Locked');
INSERT INTO SM_CHECK_DEF (TABLE_ID,CHECK_TYPE,CHECK_ORDER,CHECK_KIND,FIELD_NAME,REF_TABLE,REF_FIELD,EXPECT_VALUE,ERR_MSG) VALUES ('TBLID_BCARG','EDITCOMP',4,'COMP_N',NULL,NULL,NULL,NULL,'Already complete');

INSERT INTO SM_TABLE_DEF (TABLE_ID,TABLE_NAME,JP_TITLE,US_TITLE,RELEASE_FLAG,DISTRIBUTE_FLAG,PERMISSION_TYPE,SCHEMA_TYPE,HAS_DUMMY,SORT_NO) VALUES ('TBLID_BCARRY_PORT_DEF','BCARRY_PORT_DEF','BCARRY_PORT_DEF','BCARRY_PORT_DEF','Y','N','C','L','N',410);
INSERT INTO SM_FIELD_DEF (TABLE_ID,FIELD_NAME,JP_TITLE,US_TITLE,DB_TYPE,DB_LENGTH,IS_KEY,NOT_BLANK,IS_DUMMY,IS_SEARCH_ITEM,SORT_NO,TREE_LEVEL,SHEET_NO,PAGE_NO,PROPERTY_NO,IS_AUTO,IS_MANDATORY,SYSTEM_READONLY,FIELD_TYPE,FIELD_LENGTH,INPUT_ALPHABET,INPUT_MULTIBYTE,INPUT_NUMERIC,INPUT_SYMBOL,INPUT_UPPERCASE,RETRIEVAL_TABLE,FORMAT,DEFAULT_VALUE,MIN_VALUE,MAX_VALUE,CALENDAR_BUTTON,JUMP_BUTTON,OPEN_BUTTON,REF_TABLE_ID,REF_FIELD_NAME,SPECIAL_BUTTON) VALUES ('TBLID_BCARRY_PORT_DEF','OPE_ID','OPE_ID','OPE_ID','STRING',8,'Y','Y','N','Y',0,0,0,0,0,'N','N','N','STRING',8,'Y',0,'Y','Y','Y','NONE',NULL,NULL,NULL,NULL,'N','N',0,NULL,NULL,0);
INSERT INTO SM_FIELD_DEF (TABLE_ID,FIELD_NAME,JP_TITLE,US_TITLE,DB_TYPE,DB_LENGTH,IS_KEY,NOT_BLANK,IS_DUMMY,IS_SEARCH_ITEM,SORT_NO,TREE_LEVEL,SHEET_NO,PAGE_NO,PROPERTY_NO,IS_AUTO,IS_MANDATORY,SYSTEM_READONLY,FIELD_TYPE,FIELD_LENGTH,INPUT_ALPHABET,INPUT_MULTIBYTE,INPUT_NUMERIC,INPUT_SYMBOL,INPUT_UPPERCASE,RETRIEVAL_TABLE,FORMAT,DEFAULT_VALUE,MIN_VALUE,MAX_VALUE,CALENDAR_BUTTON,JUMP_BUTTON,OPEN_BUTTON,REF_TABLE_ID,REF_FIELD_NAME,SPECIAL_BUTTON) VALUES ('TBLID_BCARRY_PORT_DEF','FAB_ID','FAB_ID','FAB_ID','STRING',10,'N','Y','N','Y',1,-1,0,0,1,'N','N','N','STRING',10,'Y',0,'Y','Y','Y','NONE',NULL,NULL,NULL,NULL,'N','N',0,NULL,NULL,0);
INSERT INTO SM_FIELD_DEF (TABLE_ID,FIELD_NAME,JP_TITLE,US_TITLE,DB_TYPE,DB_LENGTH,IS_KEY,NOT_BLANK,IS_DUMMY,IS_SEARCH_ITEM,SORT_NO,TREE_LEVEL,SHEET_NO,PAGE_NO,PROPERTY_NO,IS_AUTO,IS_MANDATORY,SYSTEM_READONLY,FIELD_TYPE,FIELD_LENGTH,INPUT_ALPHABET,INPUT_MULTIBYTE,INPUT_NUMERIC,INPUT_SYMBOL,INPUT_UPPERCASE,RETRIEVAL_TABLE,FORMAT,DEFAULT_VALUE,MIN_VALUE,MAX_VALUE,CALENDAR_BUTTON,JUMP_BUTTON,OPEN_BUTTON,REF_TABLE_ID,REF_FIELD_NAME,SPECIAL_BUTTON) VALUES ('TBLID_BCARRY_PORT_DEF','SEQ_NO','SEQ_NO','SEQ_NO','NUMBER',0,'N','Y','N','Y',2,-1,0,0,2,'N','N','N','STRING',0,'Y',0,'Y','Y','Y','NONE',NULL,NULL,NULL,NULL,'N','N',0,NULL,NULL,0);
INSERT INTO SM_FIELD_DEF (TABLE_ID,FIELD_NAME,JP_TITLE,US_TITLE,DB_TYPE,DB_LENGTH,IS_KEY,NOT_BLANK,IS_DUMMY,IS_SEARCH_ITEM,SORT_NO,TREE_LEVEL,SHEET_NO,PAGE_NO,PROPERTY_NO,IS_AUTO,IS_MANDATORY,SYSTEM_READONLY,FIELD_TYPE,FIELD_LENGTH,INPUT_ALPHABET,INPUT_MULTIBYTE,INPUT_NUMERIC,INPUT_SYMBOL,INPUT_UPPERCASE,RETRIEVAL_TABLE,FORMAT,DEFAULT_VALUE,MIN_VALUE,MAX_VALUE,CALENDAR_BUTTON,JUMP_BUTTON,OPEN_BUTTON,REF_TABLE_ID,REF_FIELD_NAME,SPECIAL_BUTTON) VALUES ('TBLID_BCARRY_PORT_DEF','CARRY_STK','CARRY_STK','CARRY_STK','STRING',10,'N','Y','N','Y',3,-1,0,0,3,'N','N','N','STRING',10,'Y',0,'Y','Y','Y','NONE',NULL,NULL,NULL,NULL,'N','N',0,NULL,NULL,0);
INSERT INTO SM_FIELD_DEF (TABLE_ID,FIELD_NAME,JP_TITLE,US_TITLE,DB_TYPE,DB_LENGTH,IS_KEY,NOT_BLANK,IS_DUMMY,IS_SEARCH_ITEM,SORT_NO,TREE_LEVEL,SHEET_NO,PAGE_NO,PROPERTY_NO,IS_AUTO,IS_MANDATORY,SYSTEM_READONLY,FIELD_TYPE,FIELD_LENGTH,INPUT_ALPHABET,INPUT_MULTIBYTE,INPUT_NUMERIC,INPUT_SYMBOL,INPUT_UPPERCASE,RETRIEVAL_TABLE,FORMAT,DEFAULT_VALUE,MIN_VALUE,MAX_VALUE,CALENDAR_BUTTON,JUMP_BUTTON,OPEN_BUTTON,REF_TABLE_ID,REF_FIELD_NAME,SPECIAL_BUTTON) VALUES ('TBLID_BCARRY_PORT_DEF','CARRY_PORT','CARRY_PORT','CARRY_PORT','STRING',10,'N','Y','N','Y',4,-1,0,0,4,'N','N','N','STRING',10,'Y',0,'Y','Y','Y','NONE',NULL,NULL,NULL,NULL,'N','N',0,NULL,NULL,0);
INSERT INTO SM_CHECK_DEF (TABLE_ID,CHECK_TYPE,CHECK_ORDER,CHECK_KIND,FIELD_NAME,REF_TABLE,REF_FIELD,EXPECT_VALUE,ERR_MSG) VALUES ('TBLID_BCARRY_PORT_DEF','SAVE',1,'NOTNULL','OPE_ID',NULL,NULL,NULL,'OPE_ID required');
INSERT INTO SM_CHECK_DEF (TABLE_ID,CHECK_TYPE,CHECK_ORDER,CHECK_KIND,FIELD_NAME,REF_TABLE,REF_FIELD,EXPECT_VALUE,ERR_MSG) VALUES ('TBLID_BCARRY_PORT_DEF','SAVE',2,'STAT_N',NULL,NULL,NULL,NULL,'Not editable');
INSERT INTO SM_CHECK_DEF (TABLE_ID,CHECK_TYPE,CHECK_ORDER,CHECK_KIND,FIELD_NAME,REF_TABLE,REF_FIELD,EXPECT_VALUE,ERR_MSG) VALUES ('TBLID_BCARRY_PORT_DEF','SAVE',3,'LOCK_FREE',NULL,NULL,NULL,NULL,'Locked');
INSERT INTO SM_CHECK_DEF (TABLE_ID,CHECK_TYPE,CHECK_ORDER,CHECK_KIND,FIELD_NAME,REF_TABLE,REF_FIELD,EXPECT_VALUE,ERR_MSG) VALUES ('TBLID_BCARRY_PORT_DEF','RELEASE',1,'NOTNULL','OPE_ID',NULL,NULL,NULL,'OPE_ID required');
INSERT INTO SM_CHECK_DEF (TABLE_ID,CHECK_TYPE,CHECK_ORDER,CHECK_KIND,FIELD_NAME,REF_TABLE,REF_FIELD,EXPECT_VALUE,ERR_MSG) VALUES ('TBLID_BCARRY_PORT_DEF','RELEASE',2,'STAT_N',NULL,NULL,NULL,NULL,'Not editable');
INSERT INTO SM_CHECK_DEF (TABLE_ID,CHECK_TYPE,CHECK_ORDER,CHECK_KIND,FIELD_NAME,REF_TABLE,REF_FIELD,EXPECT_VALUE,ERR_MSG) VALUES ('TBLID_BCARRY_PORT_DEF','RELEASE',3,'LOCK_FREE',NULL,NULL,NULL,NULL,'Locked');
INSERT INTO SM_CHECK_DEF (TABLE_ID,CHECK_TYPE,CHECK_ORDER,CHECK_KIND,FIELD_NAME,REF_TABLE,REF_FIELD,EXPECT_VALUE,ERR_MSG) VALUES ('TBLID_BCARRY_PORT_DEF','RELEASE',10,'RELEASE_PARAM','OPE_ID','DCARRY_PORT_DEF',NULL,NULL,NULL);
INSERT INTO SM_CHECK_DEF (TABLE_ID,CHECK_TYPE,CHECK_ORDER,CHECK_KIND,FIELD_NAME,REF_TABLE,REF_FIELD,EXPECT_VALUE,ERR_MSG) VALUES ('TBLID_BCARRY_PORT_DEF','DELETE',1,'NOTNULL','OPE_ID',NULL,NULL,NULL,'OPE_ID required');
INSERT INTO SM_CHECK_DEF (TABLE_ID,CHECK_TYPE,CHECK_ORDER,CHECK_KIND,FIELD_NAME,REF_TABLE,REF_FIELD,EXPECT_VALUE,ERR_MSG) VALUES ('TBLID_BCARRY_PORT_DEF','DELETE',2,'STAT_Y',NULL,NULL,NULL,NULL,'Not released');
INSERT INTO SM_CHECK_DEF (TABLE_ID,CHECK_TYPE,CHECK_ORDER,CHECK_KIND,FIELD_NAME,REF_TABLE,REF_FIELD,EXPECT_VALUE,ERR_MSG) VALUES ('TBLID_BCARRY_PORT_DEF','DELETE',3,'LOCK_FREE',NULL,NULL,NULL,NULL,'Locked');
INSERT INTO SM_CHECK_DEF (TABLE_ID,CHECK_TYPE,CHECK_ORDER,CHECK_KIND,FIELD_NAME,REF_TABLE,REF_FIELD,EXPECT_VALUE,ERR_MSG) VALUES ('TBLID_BCARRY_PORT_DEF','EDITCOMP',1,'NOTNULL','OPE_ID',NULL,NULL,NULL,'OPE_ID required');
INSERT INTO SM_CHECK_DEF (TABLE_ID,CHECK_TYPE,CHECK_ORDER,CHECK_KIND,FIELD_NAME,REF_TABLE,REF_FIELD,EXPECT_VALUE,ERR_MSG) VALUES ('TBLID_BCARRY_PORT_DEF','EDITCOMP',2,'STAT_N',NULL,NULL,NULL,NULL,'Not editable');
INSERT INTO SM_CHECK_DEF (TABLE_ID,CHECK_TYPE,CHECK_ORDER,CHECK_KIND,FIELD_NAME,REF_TABLE,REF_FIELD,EXPECT_VALUE,ERR_MSG) VALUES ('TBLID_BCARRY_PORT_DEF','EDITCOMP',3,'LOCK_FREE',NULL,NULL,NULL,NULL,'Locked');
INSERT INTO SM_CHECK_DEF (TABLE_ID,CHECK_TYPE,CHECK_ORDER,CHECK_KIND,FIELD_NAME,REF_TABLE,REF_FIELD,EXPECT_VALUE,ERR_MSG) VALUES ('TBLID_BCARRY_PORT_DEF','EDITCOMP',4,'COMP_N',NULL,NULL,NULL,NULL,'Already complete');

INSERT INTO SM_TABLE_DEF (TABLE_ID,TABLE_NAME,JP_TITLE,US_TITLE,RELEASE_FLAG,DISTRIBUTE_FLAG,PERMISSION_TYPE,SCHEMA_TYPE,HAS_DUMMY,SORT_NO) VALUES ('TBLID_BCARRY_PORT_DSP_AREA','BCARRY_PORT_DSP_AREA','BCARRY_PORT_DSP_AREA','BCARRY_PORT_DSP_AREA','Y','N','C','L','N',420);
INSERT INTO SM_FIELD_DEF (TABLE_ID,FIELD_NAME,JP_TITLE,US_TITLE,DB_TYPE,DB_LENGTH,IS_KEY,NOT_BLANK,IS_DUMMY,IS_SEARCH_ITEM,SORT_NO,TREE_LEVEL,SHEET_NO,PAGE_NO,PROPERTY_NO,IS_AUTO,IS_MANDATORY,SYSTEM_READONLY,FIELD_TYPE,FIELD_LENGTH,INPUT_ALPHABET,INPUT_MULTIBYTE,INPUT_NUMERIC,INPUT_SYMBOL,INPUT_UPPERCASE,RETRIEVAL_TABLE,FORMAT,DEFAULT_VALUE,MIN_VALUE,MAX_VALUE,CALENDAR_BUTTON,JUMP_BUTTON,OPEN_BUTTON,REF_TABLE_ID,REF_FIELD_NAME,SPECIAL_BUTTON) VALUES ('TBLID_BCARRY_PORT_DSP_AREA','DSP_AREA','DSP_AREA','DSP_AREA','STRING',6,'Y','Y','N','Y',0,0,0,0,0,'N','N','N','STRING',6,'Y',0,'Y','Y','Y','NONE',NULL,NULL,NULL,NULL,'N','N',0,NULL,NULL,0);
INSERT INTO SM_FIELD_DEF (TABLE_ID,FIELD_NAME,JP_TITLE,US_TITLE,DB_TYPE,DB_LENGTH,IS_KEY,NOT_BLANK,IS_DUMMY,IS_SEARCH_ITEM,SORT_NO,TREE_LEVEL,SHEET_NO,PAGE_NO,PROPERTY_NO,IS_AUTO,IS_MANDATORY,SYSTEM_READONLY,FIELD_TYPE,FIELD_LENGTH,INPUT_ALPHABET,INPUT_MULTIBYTE,INPUT_NUMERIC,INPUT_SYMBOL,INPUT_UPPERCASE,RETRIEVAL_TABLE,FORMAT,DEFAULT_VALUE,MIN_VALUE,MAX_VALUE,CALENDAR_BUTTON,JUMP_BUTTON,OPEN_BUTTON,REF_TABLE_ID,REF_FIELD_NAME,SPECIAL_BUTTON) VALUES ('TBLID_BCARRY_PORT_DSP_AREA','CARRY_PORT','CARRY_PORT','CARRY_PORT','STRING',10,'N','Y','N','Y',1,-1,0,0,1,'N','N','N','STRING',10,'Y',0,'Y','Y','Y','NONE',NULL,NULL,NULL,NULL,'N','N',0,NULL,NULL,0);
INSERT INTO SM_FIELD_DEF (TABLE_ID,FIELD_NAME,JP_TITLE,US_TITLE,DB_TYPE,DB_LENGTH,IS_KEY,NOT_BLANK,IS_DUMMY,IS_SEARCH_ITEM,SORT_NO,TREE_LEVEL,SHEET_NO,PAGE_NO,PROPERTY_NO,IS_AUTO,IS_MANDATORY,SYSTEM_READONLY,FIELD_TYPE,FIELD_LENGTH,INPUT_ALPHABET,INPUT_MULTIBYTE,INPUT_NUMERIC,INPUT_SYMBOL,INPUT_UPPERCASE,RETRIEVAL_TABLE,FORMAT,DEFAULT_VALUE,MIN_VALUE,MAX_VALUE,CALENDAR_BUTTON,JUMP_BUTTON,OPEN_BUTTON,REF_TABLE_ID,REF_FIELD_NAME,SPECIAL_BUTTON) VALUES ('TBLID_BCARRY_PORT_DSP_AREA','EMP_CARRY_PORT','EMP_CARRY_PORT','EMP_CARRY_PORT','STRING',10,'N','Y','N','Y',2,-1,0,0,2,'N','N','N','STRING',10,'Y',0,'Y','Y','Y','NONE',NULL,NULL,NULL,NULL,'N','N',0,NULL,NULL,0);
INSERT INTO SM_FIELD_DEF (TABLE_ID,FIELD_NAME,JP_TITLE,US_TITLE,DB_TYPE,DB_LENGTH,IS_KEY,NOT_BLANK,IS_DUMMY,IS_SEARCH_ITEM,SORT_NO,TREE_LEVEL,SHEET_NO,PAGE_NO,PROPERTY_NO,IS_AUTO,IS_MANDATORY,SYSTEM_READONLY,FIELD_TYPE,FIELD_LENGTH,INPUT_ALPHABET,INPUT_MULTIBYTE,INPUT_NUMERIC,INPUT_SYMBOL,INPUT_UPPERCASE,RETRIEVAL_TABLE,FORMAT,DEFAULT_VALUE,MIN_VALUE,MAX_VALUE,CALENDAR_BUTTON,JUMP_BUTTON,OPEN_BUTTON,REF_TABLE_ID,REF_FIELD_NAME,SPECIAL_BUTTON) VALUES ('TBLID_BCARRY_PORT_DSP_AREA','PDC_PORT','PDC_PORT','PDC_PORT','STRING',10,'N','Y','N','Y',3,-1,0,0,3,'N','N','N','STRING',10,'Y',0,'Y','Y','Y','NONE',NULL,NULL,NULL,NULL,'N','N',0,NULL,NULL,0);
INSERT INTO SM_CHECK_DEF (TABLE_ID,CHECK_TYPE,CHECK_ORDER,CHECK_KIND,FIELD_NAME,REF_TABLE,REF_FIELD,EXPECT_VALUE,ERR_MSG) VALUES ('TBLID_BCARRY_PORT_DSP_AREA','SAVE',1,'NOTNULL','DSP_AREA',NULL,NULL,NULL,'DSP_AREA required');
INSERT INTO SM_CHECK_DEF (TABLE_ID,CHECK_TYPE,CHECK_ORDER,CHECK_KIND,FIELD_NAME,REF_TABLE,REF_FIELD,EXPECT_VALUE,ERR_MSG) VALUES ('TBLID_BCARRY_PORT_DSP_AREA','SAVE',2,'STAT_N',NULL,NULL,NULL,NULL,'Not editable');
INSERT INTO SM_CHECK_DEF (TABLE_ID,CHECK_TYPE,CHECK_ORDER,CHECK_KIND,FIELD_NAME,REF_TABLE,REF_FIELD,EXPECT_VALUE,ERR_MSG) VALUES ('TBLID_BCARRY_PORT_DSP_AREA','SAVE',3,'LOCK_FREE',NULL,NULL,NULL,NULL,'Locked');
INSERT INTO SM_CHECK_DEF (TABLE_ID,CHECK_TYPE,CHECK_ORDER,CHECK_KIND,FIELD_NAME,REF_TABLE,REF_FIELD,EXPECT_VALUE,ERR_MSG) VALUES ('TBLID_BCARRY_PORT_DSP_AREA','RELEASE',1,'NOTNULL','DSP_AREA',NULL,NULL,NULL,'DSP_AREA required');
INSERT INTO SM_CHECK_DEF (TABLE_ID,CHECK_TYPE,CHECK_ORDER,CHECK_KIND,FIELD_NAME,REF_TABLE,REF_FIELD,EXPECT_VALUE,ERR_MSG) VALUES ('TBLID_BCARRY_PORT_DSP_AREA','RELEASE',2,'STAT_N',NULL,NULL,NULL,NULL,'Not editable');
INSERT INTO SM_CHECK_DEF (TABLE_ID,CHECK_TYPE,CHECK_ORDER,CHECK_KIND,FIELD_NAME,REF_TABLE,REF_FIELD,EXPECT_VALUE,ERR_MSG) VALUES ('TBLID_BCARRY_PORT_DSP_AREA','RELEASE',3,'LOCK_FREE',NULL,NULL,NULL,NULL,'Locked');
INSERT INTO SM_CHECK_DEF (TABLE_ID,CHECK_TYPE,CHECK_ORDER,CHECK_KIND,FIELD_NAME,REF_TABLE,REF_FIELD,EXPECT_VALUE,ERR_MSG) VALUES ('TBLID_BCARRY_PORT_DSP_AREA','RELEASE',10,'RELEASE_PARAM','DSP_AREA','DCARRY_PORT_DSP_AREA',NULL,NULL,NULL);
INSERT INTO SM_CHECK_DEF (TABLE_ID,CHECK_TYPE,CHECK_ORDER,CHECK_KIND,FIELD_NAME,REF_TABLE,REF_FIELD,EXPECT_VALUE,ERR_MSG) VALUES ('TBLID_BCARRY_PORT_DSP_AREA','DELETE',1,'NOTNULL','DSP_AREA',NULL,NULL,NULL,'DSP_AREA required');
INSERT INTO SM_CHECK_DEF (TABLE_ID,CHECK_TYPE,CHECK_ORDER,CHECK_KIND,FIELD_NAME,REF_TABLE,REF_FIELD,EXPECT_VALUE,ERR_MSG) VALUES ('TBLID_BCARRY_PORT_DSP_AREA','DELETE',2,'STAT_Y',NULL,NULL,NULL,NULL,'Not released');
INSERT INTO SM_CHECK_DEF (TABLE_ID,CHECK_TYPE,CHECK_ORDER,CHECK_KIND,FIELD_NAME,REF_TABLE,REF_FIELD,EXPECT_VALUE,ERR_MSG) VALUES ('TBLID_BCARRY_PORT_DSP_AREA','DELETE',3,'LOCK_FREE',NULL,NULL,NULL,NULL,'Locked');
INSERT INTO SM_CHECK_DEF (TABLE_ID,CHECK_TYPE,CHECK_ORDER,CHECK_KIND,FIELD_NAME,REF_TABLE,REF_FIELD,EXPECT_VALUE,ERR_MSG) VALUES ('TBLID_BCARRY_PORT_DSP_AREA','EDITCOMP',1,'NOTNULL','DSP_AREA',NULL,NULL,NULL,'DSP_AREA required');
INSERT INTO SM_CHECK_DEF (TABLE_ID,CHECK_TYPE,CHECK_ORDER,CHECK_KIND,FIELD_NAME,REF_TABLE,REF_FIELD,EXPECT_VALUE,ERR_MSG) VALUES ('TBLID_BCARRY_PORT_DSP_AREA','EDITCOMP',2,'STAT_N',NULL,NULL,NULL,NULL,'Not editable');
INSERT INTO SM_CHECK_DEF (TABLE_ID,CHECK_TYPE,CHECK_ORDER,CHECK_KIND,FIELD_NAME,REF_TABLE,REF_FIELD,EXPECT_VALUE,ERR_MSG) VALUES ('TBLID_BCARRY_PORT_DSP_AREA','EDITCOMP',3,'LOCK_FREE',NULL,NULL,NULL,NULL,'Locked');
INSERT INTO SM_CHECK_DEF (TABLE_ID,CHECK_TYPE,CHECK_ORDER,CHECK_KIND,FIELD_NAME,REF_TABLE,REF_FIELD,EXPECT_VALUE,ERR_MSG) VALUES ('TBLID_BCARRY_PORT_DSP_AREA','EDITCOMP',4,'COMP_N',NULL,NULL,NULL,NULL,'Already complete');

INSERT INTO SM_TABLE_DEF (TABLE_ID,TABLE_NAME,JP_TITLE,US_TITLE,RELEASE_FLAG,DISTRIBUTE_FLAG,PERMISSION_TYPE,SCHEMA_TYPE,HAS_DUMMY,SORT_NO) VALUES ('TBLID_BCARRY_PORT_EQP','BCARRY_PORT_EQP','BCARRY_PORT_EQP','BCARRY_PORT_EQP','Y','N','C','L','N',430);
INSERT INTO SM_FIELD_DEF (TABLE_ID,FIELD_NAME,JP_TITLE,US_TITLE,DB_TYPE,DB_LENGTH,IS_KEY,NOT_BLANK,IS_DUMMY,IS_SEARCH_ITEM,SORT_NO,TREE_LEVEL,SHEET_NO,PAGE_NO,PROPERTY_NO,IS_AUTO,IS_MANDATORY,SYSTEM_READONLY,FIELD_TYPE,FIELD_LENGTH,INPUT_ALPHABET,INPUT_MULTIBYTE,INPUT_NUMERIC,INPUT_SYMBOL,INPUT_UPPERCASE,RETRIEVAL_TABLE,FORMAT,DEFAULT_VALUE,MIN_VALUE,MAX_VALUE,CALENDAR_BUTTON,JUMP_BUTTON,OPEN_BUTTON,REF_TABLE_ID,REF_FIELD_NAME,SPECIAL_BUTTON) VALUES ('TBLID_BCARRY_PORT_EQP','EQP_ID','EQP_ID','EQP_ID','STRING',10,'Y','Y','N','Y',0,0,0,0,0,'N','N','N','STRING',10,'Y',0,'Y','Y','Y','NONE',NULL,NULL,NULL,NULL,'N','N',0,NULL,NULL,0);
INSERT INTO SM_FIELD_DEF (TABLE_ID,FIELD_NAME,JP_TITLE,US_TITLE,DB_TYPE,DB_LENGTH,IS_KEY,NOT_BLANK,IS_DUMMY,IS_SEARCH_ITEM,SORT_NO,TREE_LEVEL,SHEET_NO,PAGE_NO,PROPERTY_NO,IS_AUTO,IS_MANDATORY,SYSTEM_READONLY,FIELD_TYPE,FIELD_LENGTH,INPUT_ALPHABET,INPUT_MULTIBYTE,INPUT_NUMERIC,INPUT_SYMBOL,INPUT_UPPERCASE,RETRIEVAL_TABLE,FORMAT,DEFAULT_VALUE,MIN_VALUE,MAX_VALUE,CALENDAR_BUTTON,JUMP_BUTTON,OPEN_BUTTON,REF_TABLE_ID,REF_FIELD_NAME,SPECIAL_BUTTON) VALUES ('TBLID_BCARRY_PORT_EQP','FAB_ID','FAB_ID','FAB_ID','STRING',10,'N','Y','N','Y',1,-1,0,0,1,'N','N','N','STRING',10,'Y',0,'Y','Y','Y','NONE',NULL,NULL,NULL,NULL,'N','N',0,NULL,NULL,0);
INSERT INTO SM_FIELD_DEF (TABLE_ID,FIELD_NAME,JP_TITLE,US_TITLE,DB_TYPE,DB_LENGTH,IS_KEY,NOT_BLANK,IS_DUMMY,IS_SEARCH_ITEM,SORT_NO,TREE_LEVEL,SHEET_NO,PAGE_NO,PROPERTY_NO,IS_AUTO,IS_MANDATORY,SYSTEM_READONLY,FIELD_TYPE,FIELD_LENGTH,INPUT_ALPHABET,INPUT_MULTIBYTE,INPUT_NUMERIC,INPUT_SYMBOL,INPUT_UPPERCASE,RETRIEVAL_TABLE,FORMAT,DEFAULT_VALUE,MIN_VALUE,MAX_VALUE,CALENDAR_BUTTON,JUMP_BUTTON,OPEN_BUTTON,REF_TABLE_ID,REF_FIELD_NAME,SPECIAL_BUTTON) VALUES ('TBLID_BCARRY_PORT_EQP','CARRY_STK','CARRY_STK','CARRY_STK','STRING',10,'N','Y','N','Y',2,-1,0,0,2,'N','N','N','STRING',10,'Y',0,'Y','Y','Y','NONE',NULL,NULL,NULL,NULL,'N','N',0,NULL,NULL,0);
INSERT INTO SM_FIELD_DEF (TABLE_ID,FIELD_NAME,JP_TITLE,US_TITLE,DB_TYPE,DB_LENGTH,IS_KEY,NOT_BLANK,IS_DUMMY,IS_SEARCH_ITEM,SORT_NO,TREE_LEVEL,SHEET_NO,PAGE_NO,PROPERTY_NO,IS_AUTO,IS_MANDATORY,SYSTEM_READONLY,FIELD_TYPE,FIELD_LENGTH,INPUT_ALPHABET,INPUT_MULTIBYTE,INPUT_NUMERIC,INPUT_SYMBOL,INPUT_UPPERCASE,RETRIEVAL_TABLE,FORMAT,DEFAULT_VALUE,MIN_VALUE,MAX_VALUE,CALENDAR_BUTTON,JUMP_BUTTON,OPEN_BUTTON,REF_TABLE_ID,REF_FIELD_NAME,SPECIAL_BUTTON) VALUES ('TBLID_BCARRY_PORT_EQP','CARRY_PORT','CARRY_PORT','CARRY_PORT','STRING',10,'N','Y','N','Y',3,-1,0,0,3,'N','N','N','STRING',10,'Y',0,'Y','Y','Y','NONE',NULL,NULL,NULL,NULL,'N','N',0,NULL,NULL,0);
INSERT INTO SM_CHECK_DEF (TABLE_ID,CHECK_TYPE,CHECK_ORDER,CHECK_KIND,FIELD_NAME,REF_TABLE,REF_FIELD,EXPECT_VALUE,ERR_MSG) VALUES ('TBLID_BCARRY_PORT_EQP','SAVE',1,'NOTNULL','EQP_ID',NULL,NULL,NULL,'EQP_ID required');
INSERT INTO SM_CHECK_DEF (TABLE_ID,CHECK_TYPE,CHECK_ORDER,CHECK_KIND,FIELD_NAME,REF_TABLE,REF_FIELD,EXPECT_VALUE,ERR_MSG) VALUES ('TBLID_BCARRY_PORT_EQP','SAVE',2,'STAT_N',NULL,NULL,NULL,NULL,'Not editable');
INSERT INTO SM_CHECK_DEF (TABLE_ID,CHECK_TYPE,CHECK_ORDER,CHECK_KIND,FIELD_NAME,REF_TABLE,REF_FIELD,EXPECT_VALUE,ERR_MSG) VALUES ('TBLID_BCARRY_PORT_EQP','SAVE',3,'LOCK_FREE',NULL,NULL,NULL,NULL,'Locked');
INSERT INTO SM_CHECK_DEF (TABLE_ID,CHECK_TYPE,CHECK_ORDER,CHECK_KIND,FIELD_NAME,REF_TABLE,REF_FIELD,EXPECT_VALUE,ERR_MSG) VALUES ('TBLID_BCARRY_PORT_EQP','RELEASE',1,'NOTNULL','EQP_ID',NULL,NULL,NULL,'EQP_ID required');
INSERT INTO SM_CHECK_DEF (TABLE_ID,CHECK_TYPE,CHECK_ORDER,CHECK_KIND,FIELD_NAME,REF_TABLE,REF_FIELD,EXPECT_VALUE,ERR_MSG) VALUES ('TBLID_BCARRY_PORT_EQP','RELEASE',2,'STAT_N',NULL,NULL,NULL,NULL,'Not editable');
INSERT INTO SM_CHECK_DEF (TABLE_ID,CHECK_TYPE,CHECK_ORDER,CHECK_KIND,FIELD_NAME,REF_TABLE,REF_FIELD,EXPECT_VALUE,ERR_MSG) VALUES ('TBLID_BCARRY_PORT_EQP','RELEASE',3,'LOCK_FREE',NULL,NULL,NULL,NULL,'Locked');
INSERT INTO SM_CHECK_DEF (TABLE_ID,CHECK_TYPE,CHECK_ORDER,CHECK_KIND,FIELD_NAME,REF_TABLE,REF_FIELD,EXPECT_VALUE,ERR_MSG) VALUES ('TBLID_BCARRY_PORT_EQP','RELEASE',10,'RELEASE_PARAM','EQP_ID','DCARRY_PORT_EQP',NULL,NULL,NULL);
INSERT INTO SM_CHECK_DEF (TABLE_ID,CHECK_TYPE,CHECK_ORDER,CHECK_KIND,FIELD_NAME,REF_TABLE,REF_FIELD,EXPECT_VALUE,ERR_MSG) VALUES ('TBLID_BCARRY_PORT_EQP','DELETE',1,'NOTNULL','EQP_ID',NULL,NULL,NULL,'EQP_ID required');
INSERT INTO SM_CHECK_DEF (TABLE_ID,CHECK_TYPE,CHECK_ORDER,CHECK_KIND,FIELD_NAME,REF_TABLE,REF_FIELD,EXPECT_VALUE,ERR_MSG) VALUES ('TBLID_BCARRY_PORT_EQP','DELETE',2,'STAT_Y',NULL,NULL,NULL,NULL,'Not released');
INSERT INTO SM_CHECK_DEF (TABLE_ID,CHECK_TYPE,CHECK_ORDER,CHECK_KIND,FIELD_NAME,REF_TABLE,REF_FIELD,EXPECT_VALUE,ERR_MSG) VALUES ('TBLID_BCARRY_PORT_EQP','DELETE',3,'LOCK_FREE',NULL,NULL,NULL,NULL,'Locked');
INSERT INTO SM_CHECK_DEF (TABLE_ID,CHECK_TYPE,CHECK_ORDER,CHECK_KIND,FIELD_NAME,REF_TABLE,REF_FIELD,EXPECT_VALUE,ERR_MSG) VALUES ('TBLID_BCARRY_PORT_EQP','EDITCOMP',1,'NOTNULL','EQP_ID',NULL,NULL,NULL,'EQP_ID required');
INSERT INTO SM_CHECK_DEF (TABLE_ID,CHECK_TYPE,CHECK_ORDER,CHECK_KIND,FIELD_NAME,REF_TABLE,REF_FIELD,EXPECT_VALUE,ERR_MSG) VALUES ('TBLID_BCARRY_PORT_EQP','EDITCOMP',2,'STAT_N',NULL,NULL,NULL,NULL,'Not editable');
INSERT INTO SM_CHECK_DEF (TABLE_ID,CHECK_TYPE,CHECK_ORDER,CHECK_KIND,FIELD_NAME,REF_TABLE,REF_FIELD,EXPECT_VALUE,ERR_MSG) VALUES ('TBLID_BCARRY_PORT_EQP','EDITCOMP',3,'LOCK_FREE',NULL,NULL,NULL,NULL,'Locked');
INSERT INTO SM_CHECK_DEF (TABLE_ID,CHECK_TYPE,CHECK_ORDER,CHECK_KIND,FIELD_NAME,REF_TABLE,REF_FIELD,EXPECT_VALUE,ERR_MSG) VALUES ('TBLID_BCARRY_PORT_EQP','EDITCOMP',4,'COMP_N',NULL,NULL,NULL,NULL,'Already complete');

INSERT INTO SM_TABLE_DEF (TABLE_ID,TABLE_NAME,JP_TITLE,US_TITLE,RELEASE_FLAG,DISTRIBUTE_FLAG,PERMISSION_TYPE,SCHEMA_TYPE,HAS_DUMMY,SORT_NO) VALUES ('TBLID_BCARTYPE','BCARTYPE','BCARTYPE','BCARTYPE','Y','N','C','L','N',440);
INSERT INTO SM_FIELD_DEF (TABLE_ID,FIELD_NAME,JP_TITLE,US_TITLE,DB_TYPE,DB_LENGTH,IS_KEY,NOT_BLANK,IS_DUMMY,IS_SEARCH_ITEM,SORT_NO,TREE_LEVEL,SHEET_NO,PAGE_NO,PROPERTY_NO,IS_AUTO,IS_MANDATORY,SYSTEM_READONLY,FIELD_TYPE,FIELD_LENGTH,INPUT_ALPHABET,INPUT_MULTIBYTE,INPUT_NUMERIC,INPUT_SYMBOL,INPUT_UPPERCASE,RETRIEVAL_TABLE,FORMAT,DEFAULT_VALUE,MIN_VALUE,MAX_VALUE,CALENDAR_BUTTON,JUMP_BUTTON,OPEN_BUTTON,REF_TABLE_ID,REF_FIELD_NAME,SPECIAL_BUTTON) VALUES ('TBLID_BCARTYPE','CAR_TYPE','CAR_TYPE','CAR_TYPE','STRING',2,'Y','Y','N','Y',0,0,0,0,0,'N','N','N','STRING',2,'Y',0,'Y','Y','Y','NONE',NULL,NULL,NULL,NULL,'N','N',0,NULL,NULL,0);
INSERT INTO SM_FIELD_DEF (TABLE_ID,FIELD_NAME,JP_TITLE,US_TITLE,DB_TYPE,DB_LENGTH,IS_KEY,NOT_BLANK,IS_DUMMY,IS_SEARCH_ITEM,SORT_NO,TREE_LEVEL,SHEET_NO,PAGE_NO,PROPERTY_NO,IS_AUTO,IS_MANDATORY,SYSTEM_READONLY,FIELD_TYPE,FIELD_LENGTH,INPUT_ALPHABET,INPUT_MULTIBYTE,INPUT_NUMERIC,INPUT_SYMBOL,INPUT_UPPERCASE,RETRIEVAL_TABLE,FORMAT,DEFAULT_VALUE,MIN_VALUE,MAX_VALUE,CALENDAR_BUTTON,JUMP_BUTTON,OPEN_BUTTON,REF_TABLE_ID,REF_FIELD_NAME,SPECIAL_BUTTON) VALUES ('TBLID_BCARTYPE','CAR_CATEGORI','CAR_CATEGORI','CAR_CATEGORI','STRING',2,'N','Y','N','Y',1,-1,0,0,1,'N','N','N','STRING',2,'Y',0,'Y','Y','Y','NONE',NULL,NULL,NULL,NULL,'N','N',0,NULL,NULL,0);
INSERT INTO SM_FIELD_DEF (TABLE_ID,FIELD_NAME,JP_TITLE,US_TITLE,DB_TYPE,DB_LENGTH,IS_KEY,NOT_BLANK,IS_DUMMY,IS_SEARCH_ITEM,SORT_NO,TREE_LEVEL,SHEET_NO,PAGE_NO,PROPERTY_NO,IS_AUTO,IS_MANDATORY,SYSTEM_READONLY,FIELD_TYPE,FIELD_LENGTH,INPUT_ALPHABET,INPUT_MULTIBYTE,INPUT_NUMERIC,INPUT_SYMBOL,INPUT_UPPERCASE,RETRIEVAL_TABLE,FORMAT,DEFAULT_VALUE,MIN_VALUE,MAX_VALUE,CALENDAR_BUTTON,JUMP_BUTTON,OPEN_BUTTON,REF_TABLE_ID,REF_FIELD_NAME,SPECIAL_BUTTON) VALUES ('TBLID_BCARTYPE','BOX_CHARGE_NUM','BOX_CHARGE_NUM','BOX_CHARGE_NUM','NUMBER',0,'N','Y','N','Y',2,-1,0,0,2,'N','N','N','STRING',0,'Y',0,'Y','Y','Y','NONE',NULL,NULL,NULL,NULL,'N','N',0,NULL,NULL,0);
INSERT INTO SM_CHECK_DEF (TABLE_ID,CHECK_TYPE,CHECK_ORDER,CHECK_KIND,FIELD_NAME,REF_TABLE,REF_FIELD,EXPECT_VALUE,ERR_MSG) VALUES ('TBLID_BCARTYPE','SAVE',1,'NOTNULL','CAR_TYPE',NULL,NULL,NULL,'CAR_TYPE required');
INSERT INTO SM_CHECK_DEF (TABLE_ID,CHECK_TYPE,CHECK_ORDER,CHECK_KIND,FIELD_NAME,REF_TABLE,REF_FIELD,EXPECT_VALUE,ERR_MSG) VALUES ('TBLID_BCARTYPE','SAVE',2,'STAT_N',NULL,NULL,NULL,NULL,'Not editable');
INSERT INTO SM_CHECK_DEF (TABLE_ID,CHECK_TYPE,CHECK_ORDER,CHECK_KIND,FIELD_NAME,REF_TABLE,REF_FIELD,EXPECT_VALUE,ERR_MSG) VALUES ('TBLID_BCARTYPE','SAVE',3,'LOCK_FREE',NULL,NULL,NULL,NULL,'Locked');
INSERT INTO SM_CHECK_DEF (TABLE_ID,CHECK_TYPE,CHECK_ORDER,CHECK_KIND,FIELD_NAME,REF_TABLE,REF_FIELD,EXPECT_VALUE,ERR_MSG) VALUES ('TBLID_BCARTYPE','RELEASE',1,'NOTNULL','CAR_TYPE',NULL,NULL,NULL,'CAR_TYPE required');
INSERT INTO SM_CHECK_DEF (TABLE_ID,CHECK_TYPE,CHECK_ORDER,CHECK_KIND,FIELD_NAME,REF_TABLE,REF_FIELD,EXPECT_VALUE,ERR_MSG) VALUES ('TBLID_BCARTYPE','RELEASE',2,'STAT_N',NULL,NULL,NULL,NULL,'Not editable');
INSERT INTO SM_CHECK_DEF (TABLE_ID,CHECK_TYPE,CHECK_ORDER,CHECK_KIND,FIELD_NAME,REF_TABLE,REF_FIELD,EXPECT_VALUE,ERR_MSG) VALUES ('TBLID_BCARTYPE','RELEASE',3,'LOCK_FREE',NULL,NULL,NULL,NULL,'Locked');
INSERT INTO SM_CHECK_DEF (TABLE_ID,CHECK_TYPE,CHECK_ORDER,CHECK_KIND,FIELD_NAME,REF_TABLE,REF_FIELD,EXPECT_VALUE,ERR_MSG) VALUES ('TBLID_BCARTYPE','RELEASE',10,'RELEASE_PARAM','CAR_TYPE','DCARTYPE',NULL,NULL,NULL);
INSERT INTO SM_CHECK_DEF (TABLE_ID,CHECK_TYPE,CHECK_ORDER,CHECK_KIND,FIELD_NAME,REF_TABLE,REF_FIELD,EXPECT_VALUE,ERR_MSG) VALUES ('TBLID_BCARTYPE','DELETE',1,'NOTNULL','CAR_TYPE',NULL,NULL,NULL,'CAR_TYPE required');
INSERT INTO SM_CHECK_DEF (TABLE_ID,CHECK_TYPE,CHECK_ORDER,CHECK_KIND,FIELD_NAME,REF_TABLE,REF_FIELD,EXPECT_VALUE,ERR_MSG) VALUES ('TBLID_BCARTYPE','DELETE',2,'STAT_Y',NULL,NULL,NULL,NULL,'Not released');
INSERT INTO SM_CHECK_DEF (TABLE_ID,CHECK_TYPE,CHECK_ORDER,CHECK_KIND,FIELD_NAME,REF_TABLE,REF_FIELD,EXPECT_VALUE,ERR_MSG) VALUES ('TBLID_BCARTYPE','DELETE',3,'LOCK_FREE',NULL,NULL,NULL,NULL,'Locked');
INSERT INTO SM_CHECK_DEF (TABLE_ID,CHECK_TYPE,CHECK_ORDER,CHECK_KIND,FIELD_NAME,REF_TABLE,REF_FIELD,EXPECT_VALUE,ERR_MSG) VALUES ('TBLID_BCARTYPE','EDITCOMP',1,'NOTNULL','CAR_TYPE',NULL,NULL,NULL,'CAR_TYPE required');
INSERT INTO SM_CHECK_DEF (TABLE_ID,CHECK_TYPE,CHECK_ORDER,CHECK_KIND,FIELD_NAME,REF_TABLE,REF_FIELD,EXPECT_VALUE,ERR_MSG) VALUES ('TBLID_BCARTYPE','EDITCOMP',2,'STAT_N',NULL,NULL,NULL,NULL,'Not editable');
INSERT INTO SM_CHECK_DEF (TABLE_ID,CHECK_TYPE,CHECK_ORDER,CHECK_KIND,FIELD_NAME,REF_TABLE,REF_FIELD,EXPECT_VALUE,ERR_MSG) VALUES ('TBLID_BCARTYPE','EDITCOMP',3,'LOCK_FREE',NULL,NULL,NULL,NULL,'Locked');
INSERT INTO SM_CHECK_DEF (TABLE_ID,CHECK_TYPE,CHECK_ORDER,CHECK_KIND,FIELD_NAME,REF_TABLE,REF_FIELD,EXPECT_VALUE,ERR_MSG) VALUES ('TBLID_BCARTYPE','EDITCOMP',4,'COMP_N',NULL,NULL,NULL,NULL,'Already complete');

INSERT INTO SM_TABLE_DEF (TABLE_ID,TABLE_NAME,JP_TITLE,US_TITLE,RELEASE_FLAG,DISTRIBUTE_FLAG,PERMISSION_TYPE,SCHEMA_TYPE,HAS_DUMMY,SORT_NO) VALUES ('TBLID_BCMPL_DEST_CAT','BCMPL_DEST_CAT','BCMPL_DEST_CAT','BCMPL_DEST_CAT','Y','N','C','L','N',450);
INSERT INTO SM_FIELD_DEF (TABLE_ID,FIELD_NAME,JP_TITLE,US_TITLE,DB_TYPE,DB_LENGTH,IS_KEY,NOT_BLANK,IS_DUMMY,IS_SEARCH_ITEM,SORT_NO,TREE_LEVEL,SHEET_NO,PAGE_NO,PROPERTY_NO,IS_AUTO,IS_MANDATORY,SYSTEM_READONLY,FIELD_TYPE,FIELD_LENGTH,INPUT_ALPHABET,INPUT_MULTIBYTE,INPUT_NUMERIC,INPUT_SYMBOL,INPUT_UPPERCASE,RETRIEVAL_TABLE,FORMAT,DEFAULT_VALUE,MIN_VALUE,MAX_VALUE,CALENDAR_BUTTON,JUMP_BUTTON,OPEN_BUTTON,REF_TABLE_ID,REF_FIELD_NAME,SPECIAL_BUTTON) VALUES ('TBLID_BCMPL_DEST_CAT','DEST_TYPE','DEST_TYPE','DEST_TYPE','STRING',10,'Y','Y','N','Y',0,0,0,0,0,'N','N','N','STRING',10,'Y',0,'Y','Y','Y','NONE',NULL,NULL,NULL,NULL,'N','N',0,NULL,NULL,0);
INSERT INTO SM_FIELD_DEF (TABLE_ID,FIELD_NAME,JP_TITLE,US_TITLE,DB_TYPE,DB_LENGTH,IS_KEY,NOT_BLANK,IS_DUMMY,IS_SEARCH_ITEM,SORT_NO,TREE_LEVEL,SHEET_NO,PAGE_NO,PROPERTY_NO,IS_AUTO,IS_MANDATORY,SYSTEM_READONLY,FIELD_TYPE,FIELD_LENGTH,INPUT_ALPHABET,INPUT_MULTIBYTE,INPUT_NUMERIC,INPUT_SYMBOL,INPUT_UPPERCASE,RETRIEVAL_TABLE,FORMAT,DEFAULT_VALUE,MIN_VALUE,MAX_VALUE,CALENDAR_BUTTON,JUMP_BUTTON,OPEN_BUTTON,REF_TABLE_ID,REF_FIELD_NAME,SPECIAL_BUTTON) VALUES ('TBLID_BCMPL_DEST_CAT','WAF_ACTION_CAT','WAF_ACTION_CAT','WAF_ACTION_CAT','STRING',1,'N','Y','N','Y',1,-1,0,0,1,'N','N','N','STRING',1,'Y',0,'Y','Y','Y','NONE',NULL,NULL,NULL,NULL,'N','N',0,NULL,NULL,0);
INSERT INTO SM_CHECK_DEF (TABLE_ID,CHECK_TYPE,CHECK_ORDER,CHECK_KIND,FIELD_NAME,REF_TABLE,REF_FIELD,EXPECT_VALUE,ERR_MSG) VALUES ('TBLID_BCMPL_DEST_CAT','SAVE',1,'NOTNULL','DEST_TYPE',NULL,NULL,NULL,'DEST_TYPE required');
INSERT INTO SM_CHECK_DEF (TABLE_ID,CHECK_TYPE,CHECK_ORDER,CHECK_KIND,FIELD_NAME,REF_TABLE,REF_FIELD,EXPECT_VALUE,ERR_MSG) VALUES ('TBLID_BCMPL_DEST_CAT','SAVE',2,'STAT_N',NULL,NULL,NULL,NULL,'Not editable');
INSERT INTO SM_CHECK_DEF (TABLE_ID,CHECK_TYPE,CHECK_ORDER,CHECK_KIND,FIELD_NAME,REF_TABLE,REF_FIELD,EXPECT_VALUE,ERR_MSG) VALUES ('TBLID_BCMPL_DEST_CAT','SAVE',3,'LOCK_FREE',NULL,NULL,NULL,NULL,'Locked');
INSERT INTO SM_CHECK_DEF (TABLE_ID,CHECK_TYPE,CHECK_ORDER,CHECK_KIND,FIELD_NAME,REF_TABLE,REF_FIELD,EXPECT_VALUE,ERR_MSG) VALUES ('TBLID_BCMPL_DEST_CAT','RELEASE',1,'NOTNULL','DEST_TYPE',NULL,NULL,NULL,'DEST_TYPE required');
INSERT INTO SM_CHECK_DEF (TABLE_ID,CHECK_TYPE,CHECK_ORDER,CHECK_KIND,FIELD_NAME,REF_TABLE,REF_FIELD,EXPECT_VALUE,ERR_MSG) VALUES ('TBLID_BCMPL_DEST_CAT','RELEASE',2,'STAT_N',NULL,NULL,NULL,NULL,'Not editable');
INSERT INTO SM_CHECK_DEF (TABLE_ID,CHECK_TYPE,CHECK_ORDER,CHECK_KIND,FIELD_NAME,REF_TABLE,REF_FIELD,EXPECT_VALUE,ERR_MSG) VALUES ('TBLID_BCMPL_DEST_CAT','RELEASE',3,'LOCK_FREE',NULL,NULL,NULL,NULL,'Locked');
INSERT INTO SM_CHECK_DEF (TABLE_ID,CHECK_TYPE,CHECK_ORDER,CHECK_KIND,FIELD_NAME,REF_TABLE,REF_FIELD,EXPECT_VALUE,ERR_MSG) VALUES ('TBLID_BCMPL_DEST_CAT','RELEASE',10,'RELEASE_PARAM','DEST_TYPE','DCMPL_DEST_CAT',NULL,NULL,NULL);
INSERT INTO SM_CHECK_DEF (TABLE_ID,CHECK_TYPE,CHECK_ORDER,CHECK_KIND,FIELD_NAME,REF_TABLE,REF_FIELD,EXPECT_VALUE,ERR_MSG) VALUES ('TBLID_BCMPL_DEST_CAT','DELETE',1,'NOTNULL','DEST_TYPE',NULL,NULL,NULL,'DEST_TYPE required');
INSERT INTO SM_CHECK_DEF (TABLE_ID,CHECK_TYPE,CHECK_ORDER,CHECK_KIND,FIELD_NAME,REF_TABLE,REF_FIELD,EXPECT_VALUE,ERR_MSG) VALUES ('TBLID_BCMPL_DEST_CAT','DELETE',2,'STAT_Y',NULL,NULL,NULL,NULL,'Not released');
INSERT INTO SM_CHECK_DEF (TABLE_ID,CHECK_TYPE,CHECK_ORDER,CHECK_KIND,FIELD_NAME,REF_TABLE,REF_FIELD,EXPECT_VALUE,ERR_MSG) VALUES ('TBLID_BCMPL_DEST_CAT','DELETE',3,'LOCK_FREE',NULL,NULL,NULL,NULL,'Locked');
INSERT INTO SM_CHECK_DEF (TABLE_ID,CHECK_TYPE,CHECK_ORDER,CHECK_KIND,FIELD_NAME,REF_TABLE,REF_FIELD,EXPECT_VALUE,ERR_MSG) VALUES ('TBLID_BCMPL_DEST_CAT','EDITCOMP',1,'NOTNULL','DEST_TYPE',NULL,NULL,NULL,'DEST_TYPE required');
INSERT INTO SM_CHECK_DEF (TABLE_ID,CHECK_TYPE,CHECK_ORDER,CHECK_KIND,FIELD_NAME,REF_TABLE,REF_FIELD,EXPECT_VALUE,ERR_MSG) VALUES ('TBLID_BCMPL_DEST_CAT','EDITCOMP',2,'STAT_N',NULL,NULL,NULL,NULL,'Not editable');
INSERT INTO SM_CHECK_DEF (TABLE_ID,CHECK_TYPE,CHECK_ORDER,CHECK_KIND,FIELD_NAME,REF_TABLE,REF_FIELD,EXPECT_VALUE,ERR_MSG) VALUES ('TBLID_BCMPL_DEST_CAT','EDITCOMP',3,'LOCK_FREE',NULL,NULL,NULL,NULL,'Locked');
INSERT INTO SM_CHECK_DEF (TABLE_ID,CHECK_TYPE,CHECK_ORDER,CHECK_KIND,FIELD_NAME,REF_TABLE,REF_FIELD,EXPECT_VALUE,ERR_MSG) VALUES ('TBLID_BCMPL_DEST_CAT','EDITCOMP',4,'COMP_N',NULL,NULL,NULL,NULL,'Already complete');

INSERT INTO SM_TABLE_DEF (TABLE_ID,TABLE_NAME,JP_TITLE,US_TITLE,RELEASE_FLAG,DISTRIBUTE_FLAG,PERMISSION_TYPE,SCHEMA_TYPE,HAS_DUMMY,SORT_NO) VALUES ('TBLID_BCMPL_DEST_TYPE','BCMPL_DEST_TYPE','BCMPL_DEST_TYPE','BCMPL_DEST_TYPE','Y','N','C','L','N',460);
INSERT INTO SM_FIELD_DEF (TABLE_ID,FIELD_NAME,JP_TITLE,US_TITLE,DB_TYPE,DB_LENGTH,IS_KEY,NOT_BLANK,IS_DUMMY,IS_SEARCH_ITEM,SORT_NO,TREE_LEVEL,SHEET_NO,PAGE_NO,PROPERTY_NO,IS_AUTO,IS_MANDATORY,SYSTEM_READONLY,FIELD_TYPE,FIELD_LENGTH,INPUT_ALPHABET,INPUT_MULTIBYTE,INPUT_NUMERIC,INPUT_SYMBOL,INPUT_UPPERCASE,RETRIEVAL_TABLE,FORMAT,DEFAULT_VALUE,MIN_VALUE,MAX_VALUE,CALENDAR_BUTTON,JUMP_BUTTON,OPEN_BUTTON,REF_TABLE_ID,REF_FIELD_NAME,SPECIAL_BUTTON) VALUES ('TBLID_BCMPL_DEST_TYPE','DEST_TYPE','DEST_TYPE','DEST_TYPE','STRING',10,'Y','Y','N','Y',0,0,0,0,0,'N','N','N','STRING',10,'Y',0,'Y','Y','Y','NONE',NULL,NULL,NULL,NULL,'N','N',0,NULL,NULL,0);
INSERT INTO SM_FIELD_DEF (TABLE_ID,FIELD_NAME,JP_TITLE,US_TITLE,DB_TYPE,DB_LENGTH,IS_KEY,NOT_BLANK,IS_DUMMY,IS_SEARCH_ITEM,SORT_NO,TREE_LEVEL,SHEET_NO,PAGE_NO,PROPERTY_NO,IS_AUTO,IS_MANDATORY,SYSTEM_READONLY,FIELD_TYPE,FIELD_LENGTH,INPUT_ALPHABET,INPUT_MULTIBYTE,INPUT_NUMERIC,INPUT_SYMBOL,INPUT_UPPERCASE,RETRIEVAL_TABLE,FORMAT,DEFAULT_VALUE,MIN_VALUE,MAX_VALUE,CALENDAR_BUTTON,JUMP_BUTTON,OPEN_BUTTON,REF_TABLE_ID,REF_FIELD_NAME,SPECIAL_BUTTON) VALUES ('TBLID_BCMPL_DEST_TYPE','DEST_TYPE_DESC','DEST_TYPE_DESC','DEST_TYPE_DESC','STRING',80,'N','N','N','Y',1,-1,0,0,1,'N','N','N','STRING',80,'Y',0,'Y','Y','Y','NONE',NULL,NULL,NULL,NULL,'N','N',0,NULL,NULL,0);
INSERT INTO SM_FIELD_DEF (TABLE_ID,FIELD_NAME,JP_TITLE,US_TITLE,DB_TYPE,DB_LENGTH,IS_KEY,NOT_BLANK,IS_DUMMY,IS_SEARCH_ITEM,SORT_NO,TREE_LEVEL,SHEET_NO,PAGE_NO,PROPERTY_NO,IS_AUTO,IS_MANDATORY,SYSTEM_READONLY,FIELD_TYPE,FIELD_LENGTH,INPUT_ALPHABET,INPUT_MULTIBYTE,INPUT_NUMERIC,INPUT_SYMBOL,INPUT_UPPERCASE,RETRIEVAL_TABLE,FORMAT,DEFAULT_VALUE,MIN_VALUE,MAX_VALUE,CALENDAR_BUTTON,JUMP_BUTTON,OPEN_BUTTON,REF_TABLE_ID,REF_FIELD_NAME,SPECIAL_BUTTON) VALUES ('TBLID_BCMPL_DEST_TYPE','CARG_ID','CARG_ID','CARG_ID','STRING',10,'N','N','N','Y',2,-1,0,0,2,'N','N','N','STRING',10,'Y',0,'Y','Y','Y','NONE',NULL,NULL,NULL,NULL,'N','N',0,NULL,NULL,0);
INSERT INTO SM_CHECK_DEF (TABLE_ID,CHECK_TYPE,CHECK_ORDER,CHECK_KIND,FIELD_NAME,REF_TABLE,REF_FIELD,EXPECT_VALUE,ERR_MSG) VALUES ('TBLID_BCMPL_DEST_TYPE','SAVE',1,'NOTNULL','DEST_TYPE',NULL,NULL,NULL,'DEST_TYPE required');
INSERT INTO SM_CHECK_DEF (TABLE_ID,CHECK_TYPE,CHECK_ORDER,CHECK_KIND,FIELD_NAME,REF_TABLE,REF_FIELD,EXPECT_VALUE,ERR_MSG) VALUES ('TBLID_BCMPL_DEST_TYPE','SAVE',2,'STAT_N',NULL,NULL,NULL,NULL,'Not editable');
INSERT INTO SM_CHECK_DEF (TABLE_ID,CHECK_TYPE,CHECK_ORDER,CHECK_KIND,FIELD_NAME,REF_TABLE,REF_FIELD,EXPECT_VALUE,ERR_MSG) VALUES ('TBLID_BCMPL_DEST_TYPE','SAVE',3,'LOCK_FREE',NULL,NULL,NULL,NULL,'Locked');
INSERT INTO SM_CHECK_DEF (TABLE_ID,CHECK_TYPE,CHECK_ORDER,CHECK_KIND,FIELD_NAME,REF_TABLE,REF_FIELD,EXPECT_VALUE,ERR_MSG) VALUES ('TBLID_BCMPL_DEST_TYPE','RELEASE',1,'NOTNULL','DEST_TYPE',NULL,NULL,NULL,'DEST_TYPE required');
INSERT INTO SM_CHECK_DEF (TABLE_ID,CHECK_TYPE,CHECK_ORDER,CHECK_KIND,FIELD_NAME,REF_TABLE,REF_FIELD,EXPECT_VALUE,ERR_MSG) VALUES ('TBLID_BCMPL_DEST_TYPE','RELEASE',2,'STAT_N',NULL,NULL,NULL,NULL,'Not editable');
INSERT INTO SM_CHECK_DEF (TABLE_ID,CHECK_TYPE,CHECK_ORDER,CHECK_KIND,FIELD_NAME,REF_TABLE,REF_FIELD,EXPECT_VALUE,ERR_MSG) VALUES ('TBLID_BCMPL_DEST_TYPE','RELEASE',3,'LOCK_FREE',NULL,NULL,NULL,NULL,'Locked');
INSERT INTO SM_CHECK_DEF (TABLE_ID,CHECK_TYPE,CHECK_ORDER,CHECK_KIND,FIELD_NAME,REF_TABLE,REF_FIELD,EXPECT_VALUE,ERR_MSG) VALUES ('TBLID_BCMPL_DEST_TYPE','RELEASE',10,'RELEASE_PARAM','DEST_TYPE','DCMPL_DEST_TYPE',NULL,NULL,NULL);
INSERT INTO SM_CHECK_DEF (TABLE_ID,CHECK_TYPE,CHECK_ORDER,CHECK_KIND,FIELD_NAME,REF_TABLE,REF_FIELD,EXPECT_VALUE,ERR_MSG) VALUES ('TBLID_BCMPL_DEST_TYPE','DELETE',1,'NOTNULL','DEST_TYPE',NULL,NULL,NULL,'DEST_TYPE required');
INSERT INTO SM_CHECK_DEF (TABLE_ID,CHECK_TYPE,CHECK_ORDER,CHECK_KIND,FIELD_NAME,REF_TABLE,REF_FIELD,EXPECT_VALUE,ERR_MSG) VALUES ('TBLID_BCMPL_DEST_TYPE','DELETE',2,'STAT_Y',NULL,NULL,NULL,NULL,'Not released');
INSERT INTO SM_CHECK_DEF (TABLE_ID,CHECK_TYPE,CHECK_ORDER,CHECK_KIND,FIELD_NAME,REF_TABLE,REF_FIELD,EXPECT_VALUE,ERR_MSG) VALUES ('TBLID_BCMPL_DEST_TYPE','DELETE',3,'LOCK_FREE',NULL,NULL,NULL,NULL,'Locked');
INSERT INTO SM_CHECK_DEF (TABLE_ID,CHECK_TYPE,CHECK_ORDER,CHECK_KIND,FIELD_NAME,REF_TABLE,REF_FIELD,EXPECT_VALUE,ERR_MSG) VALUES ('TBLID_BCMPL_DEST_TYPE','EDITCOMP',1,'NOTNULL','DEST_TYPE',NULL,NULL,NULL,'DEST_TYPE required');
INSERT INTO SM_CHECK_DEF (TABLE_ID,CHECK_TYPE,CHECK_ORDER,CHECK_KIND,FIELD_NAME,REF_TABLE,REF_FIELD,EXPECT_VALUE,ERR_MSG) VALUES ('TBLID_BCMPL_DEST_TYPE','EDITCOMP',2,'STAT_N',NULL,NULL,NULL,NULL,'Not editable');
INSERT INTO SM_CHECK_DEF (TABLE_ID,CHECK_TYPE,CHECK_ORDER,CHECK_KIND,FIELD_NAME,REF_TABLE,REF_FIELD,EXPECT_VALUE,ERR_MSG) VALUES ('TBLID_BCMPL_DEST_TYPE','EDITCOMP',3,'LOCK_FREE',NULL,NULL,NULL,NULL,'Locked');
INSERT INTO SM_CHECK_DEF (TABLE_ID,CHECK_TYPE,CHECK_ORDER,CHECK_KIND,FIELD_NAME,REF_TABLE,REF_FIELD,EXPECT_VALUE,ERR_MSG) VALUES ('TBLID_BCMPL_DEST_TYPE','EDITCOMP',4,'COMP_N',NULL,NULL,NULL,NULL,'Already complete');

INSERT INTO SM_TABLE_DEF (TABLE_ID,TABLE_NAME,JP_TITLE,US_TITLE,RELEASE_FLAG,DISTRIBUTE_FLAG,PERMISSION_TYPE,SCHEMA_TYPE,HAS_DUMMY,SORT_NO) VALUES ('TBLID_BCMPL_MODE','BCMPL_MODE','BCMPL_MODE','BCMPL_MODE','Y','N','C','L','N',470);
INSERT INTO SM_FIELD_DEF (TABLE_ID,FIELD_NAME,JP_TITLE,US_TITLE,DB_TYPE,DB_LENGTH,IS_KEY,NOT_BLANK,IS_DUMMY,IS_SEARCH_ITEM,SORT_NO,TREE_LEVEL,SHEET_NO,PAGE_NO,PROPERTY_NO,IS_AUTO,IS_MANDATORY,SYSTEM_READONLY,FIELD_TYPE,FIELD_LENGTH,INPUT_ALPHABET,INPUT_MULTIBYTE,INPUT_NUMERIC,INPUT_SYMBOL,INPUT_UPPERCASE,RETRIEVAL_TABLE,FORMAT,DEFAULT_VALUE,MIN_VALUE,MAX_VALUE,CALENDAR_BUTTON,JUMP_BUTTON,OPEN_BUTTON,REF_TABLE_ID,REF_FIELD_NAME,SPECIAL_BUTTON) VALUES ('TBLID_BCMPL_MODE','CMPL_MODE','CMPL_MODE','CMPL_MODE','STRING',2,'Y','Y','N','Y',0,0,0,0,0,'N','N','N','STRING',2,'Y',0,'Y','Y','Y','NONE',NULL,NULL,NULL,NULL,'N','N',0,NULL,NULL,0);
INSERT INTO SM_FIELD_DEF (TABLE_ID,FIELD_NAME,JP_TITLE,US_TITLE,DB_TYPE,DB_LENGTH,IS_KEY,NOT_BLANK,IS_DUMMY,IS_SEARCH_ITEM,SORT_NO,TREE_LEVEL,SHEET_NO,PAGE_NO,PROPERTY_NO,IS_AUTO,IS_MANDATORY,SYSTEM_READONLY,FIELD_TYPE,FIELD_LENGTH,INPUT_ALPHABET,INPUT_MULTIBYTE,INPUT_NUMERIC,INPUT_SYMBOL,INPUT_UPPERCASE,RETRIEVAL_TABLE,FORMAT,DEFAULT_VALUE,MIN_VALUE,MAX_VALUE,CALENDAR_BUTTON,JUMP_BUTTON,OPEN_BUTTON,REF_TABLE_ID,REF_FIELD_NAME,SPECIAL_BUTTON) VALUES ('TBLID_BCMPL_MODE','CMPL_MODE_DESC','CMPL_MODE_DESC','CMPL_MODE_DESC','STRING',80,'N','N','N','Y',1,-1,0,0,1,'N','N','N','STRING',80,'Y',0,'Y','Y','Y','NONE',NULL,NULL,NULL,NULL,'N','N',0,NULL,NULL,0);
INSERT INTO SM_CHECK_DEF (TABLE_ID,CHECK_TYPE,CHECK_ORDER,CHECK_KIND,FIELD_NAME,REF_TABLE,REF_FIELD,EXPECT_VALUE,ERR_MSG) VALUES ('TBLID_BCMPL_MODE','SAVE',1,'NOTNULL','CMPL_MODE',NULL,NULL,NULL,'CMPL_MODE required');
INSERT INTO SM_CHECK_DEF (TABLE_ID,CHECK_TYPE,CHECK_ORDER,CHECK_KIND,FIELD_NAME,REF_TABLE,REF_FIELD,EXPECT_VALUE,ERR_MSG) VALUES ('TBLID_BCMPL_MODE','SAVE',2,'STAT_N',NULL,NULL,NULL,NULL,'Not editable');
INSERT INTO SM_CHECK_DEF (TABLE_ID,CHECK_TYPE,CHECK_ORDER,CHECK_KIND,FIELD_NAME,REF_TABLE,REF_FIELD,EXPECT_VALUE,ERR_MSG) VALUES ('TBLID_BCMPL_MODE','SAVE',3,'LOCK_FREE',NULL,NULL,NULL,NULL,'Locked');
INSERT INTO SM_CHECK_DEF (TABLE_ID,CHECK_TYPE,CHECK_ORDER,CHECK_KIND,FIELD_NAME,REF_TABLE,REF_FIELD,EXPECT_VALUE,ERR_MSG) VALUES ('TBLID_BCMPL_MODE','RELEASE',1,'NOTNULL','CMPL_MODE',NULL,NULL,NULL,'CMPL_MODE required');
INSERT INTO SM_CHECK_DEF (TABLE_ID,CHECK_TYPE,CHECK_ORDER,CHECK_KIND,FIELD_NAME,REF_TABLE,REF_FIELD,EXPECT_VALUE,ERR_MSG) VALUES ('TBLID_BCMPL_MODE','RELEASE',2,'STAT_N',NULL,NULL,NULL,NULL,'Not editable');
INSERT INTO SM_CHECK_DEF (TABLE_ID,CHECK_TYPE,CHECK_ORDER,CHECK_KIND,FIELD_NAME,REF_TABLE,REF_FIELD,EXPECT_VALUE,ERR_MSG) VALUES ('TBLID_BCMPL_MODE','RELEASE',3,'LOCK_FREE',NULL,NULL,NULL,NULL,'Locked');
INSERT INTO SM_CHECK_DEF (TABLE_ID,CHECK_TYPE,CHECK_ORDER,CHECK_KIND,FIELD_NAME,REF_TABLE,REF_FIELD,EXPECT_VALUE,ERR_MSG) VALUES ('TBLID_BCMPL_MODE','RELEASE',10,'RELEASE_PARAM','CMPL_MODE','DCMPL_MODE',NULL,NULL,NULL);
INSERT INTO SM_CHECK_DEF (TABLE_ID,CHECK_TYPE,CHECK_ORDER,CHECK_KIND,FIELD_NAME,REF_TABLE,REF_FIELD,EXPECT_VALUE,ERR_MSG) VALUES ('TBLID_BCMPL_MODE','DELETE',1,'NOTNULL','CMPL_MODE',NULL,NULL,NULL,'CMPL_MODE required');
INSERT INTO SM_CHECK_DEF (TABLE_ID,CHECK_TYPE,CHECK_ORDER,CHECK_KIND,FIELD_NAME,REF_TABLE,REF_FIELD,EXPECT_VALUE,ERR_MSG) VALUES ('TBLID_BCMPL_MODE','DELETE',2,'STAT_Y',NULL,NULL,NULL,NULL,'Not released');
INSERT INTO SM_CHECK_DEF (TABLE_ID,CHECK_TYPE,CHECK_ORDER,CHECK_KIND,FIELD_NAME,REF_TABLE,REF_FIELD,EXPECT_VALUE,ERR_MSG) VALUES ('TBLID_BCMPL_MODE','DELETE',3,'LOCK_FREE',NULL,NULL,NULL,NULL,'Locked');
INSERT INTO SM_CHECK_DEF (TABLE_ID,CHECK_TYPE,CHECK_ORDER,CHECK_KIND,FIELD_NAME,REF_TABLE,REF_FIELD,EXPECT_VALUE,ERR_MSG) VALUES ('TBLID_BCMPL_MODE','EDITCOMP',1,'NOTNULL','CMPL_MODE',NULL,NULL,NULL,'CMPL_MODE required');
INSERT INTO SM_CHECK_DEF (TABLE_ID,CHECK_TYPE,CHECK_ORDER,CHECK_KIND,FIELD_NAME,REF_TABLE,REF_FIELD,EXPECT_VALUE,ERR_MSG) VALUES ('TBLID_BCMPL_MODE','EDITCOMP',2,'STAT_N',NULL,NULL,NULL,NULL,'Not editable');
INSERT INTO SM_CHECK_DEF (TABLE_ID,CHECK_TYPE,CHECK_ORDER,CHECK_KIND,FIELD_NAME,REF_TABLE,REF_FIELD,EXPECT_VALUE,ERR_MSG) VALUES ('TBLID_BCMPL_MODE','EDITCOMP',3,'LOCK_FREE',NULL,NULL,NULL,NULL,'Locked');
INSERT INTO SM_CHECK_DEF (TABLE_ID,CHECK_TYPE,CHECK_ORDER,CHECK_KIND,FIELD_NAME,REF_TABLE,REF_FIELD,EXPECT_VALUE,ERR_MSG) VALUES ('TBLID_BCMPL_MODE','EDITCOMP',4,'COMP_N',NULL,NULL,NULL,NULL,'Already complete');

INSERT INTO SM_TABLE_DEF (TABLE_ID,TABLE_NAME,JP_TITLE,US_TITLE,RELEASE_FLAG,DISTRIBUTE_FLAG,PERMISSION_TYPE,SCHEMA_TYPE,HAS_DUMMY,SORT_NO) VALUES ('TBLID_BCOM_BATCH','BCOM_BATCH','BCOM_BATCH','BCOM_BATCH','Y','N','C','L','N',480);
INSERT INTO SM_FIELD_DEF (TABLE_ID,FIELD_NAME,JP_TITLE,US_TITLE,DB_TYPE,DB_LENGTH,IS_KEY,NOT_BLANK,IS_DUMMY,IS_SEARCH_ITEM,SORT_NO,TREE_LEVEL,SHEET_NO,PAGE_NO,PROPERTY_NO,IS_AUTO,IS_MANDATORY,SYSTEM_READONLY,FIELD_TYPE,FIELD_LENGTH,INPUT_ALPHABET,INPUT_MULTIBYTE,INPUT_NUMERIC,INPUT_SYMBOL,INPUT_UPPERCASE,RETRIEVAL_TABLE,FORMAT,DEFAULT_VALUE,MIN_VALUE,MAX_VALUE,CALENDAR_BUTTON,JUMP_BUTTON,OPEN_BUTTON,REF_TABLE_ID,REF_FIELD_NAME,SPECIAL_BUTTON) VALUES ('TBLID_BCOM_BATCH','PROD_ID','PROD_ID','PROD_ID','STRING',20,'Y','Y','N','Y',0,0,0,0,0,'N','N','N','STRING',20,'Y',0,'Y','Y','Y','NONE',NULL,NULL,NULL,NULL,'N','N',0,NULL,NULL,0);
INSERT INTO SM_FIELD_DEF (TABLE_ID,FIELD_NAME,JP_TITLE,US_TITLE,DB_TYPE,DB_LENGTH,IS_KEY,NOT_BLANK,IS_DUMMY,IS_SEARCH_ITEM,SORT_NO,TREE_LEVEL,SHEET_NO,PAGE_NO,PROPERTY_NO,IS_AUTO,IS_MANDATORY,SYSTEM_READONLY,FIELD_TYPE,FIELD_LENGTH,INPUT_ALPHABET,INPUT_MULTIBYTE,INPUT_NUMERIC,INPUT_SYMBOL,INPUT_UPPERCASE,RETRIEVAL_TABLE,FORMAT,DEFAULT_VALUE,MIN_VALUE,MAX_VALUE,CALENDAR_BUTTON,JUMP_BUTTON,OPEN_BUTTON,REF_TABLE_ID,REF_FIELD_NAME,SPECIAL_BUTTON) VALUES ('TBLID_BCOM_BATCH','BAT_CAT','BAT_CAT','BAT_CAT','STRING',2,'N','Y','N','Y',1,-1,0,0,1,'N','N','N','STRING',2,'Y',0,'Y','Y','Y','NONE',NULL,NULL,NULL,NULL,'N','N',0,NULL,NULL,0);
INSERT INTO SM_FIELD_DEF (TABLE_ID,FIELD_NAME,JP_TITLE,US_TITLE,DB_TYPE,DB_LENGTH,IS_KEY,NOT_BLANK,IS_DUMMY,IS_SEARCH_ITEM,SORT_NO,TREE_LEVEL,SHEET_NO,PAGE_NO,PROPERTY_NO,IS_AUTO,IS_MANDATORY,SYSTEM_READONLY,FIELD_TYPE,FIELD_LENGTH,INPUT_ALPHABET,INPUT_MULTIBYTE,INPUT_NUMERIC,INPUT_SYMBOL,INPUT_UPPERCASE,RETRIEVAL_TABLE,FORMAT,DEFAULT_VALUE,MIN_VALUE,MAX_VALUE,CALENDAR_BUTTON,JUMP_BUTTON,OPEN_BUTTON,REF_TABLE_ID,REF_FIELD_NAME,SPECIAL_BUTTON) VALUES ('TBLID_BCOM_BATCH','BAT_LOT_CNT','BAT_LOT_CNT','BAT_LOT_CNT','NUMBER',0,'N','Y','N','Y',2,-1,0,0,2,'N','N','N','STRING',0,'Y',0,'Y','Y','Y','NONE',NULL,NULL,NULL,NULL,'N','N',0,NULL,NULL,0);
INSERT INTO SM_FIELD_DEF (TABLE_ID,FIELD_NAME,JP_TITLE,US_TITLE,DB_TYPE,DB_LENGTH,IS_KEY,NOT_BLANK,IS_DUMMY,IS_SEARCH_ITEM,SORT_NO,TREE_LEVEL,SHEET_NO,PAGE_NO,PROPERTY_NO,IS_AUTO,IS_MANDATORY,SYSTEM_READONLY,FIELD_TYPE,FIELD_LENGTH,INPUT_ALPHABET,INPUT_MULTIBYTE,INPUT_NUMERIC,INPUT_SYMBOL,INPUT_UPPERCASE,RETRIEVAL_TABLE,FORMAT,DEFAULT_VALUE,MIN_VALUE,MAX_VALUE,CALENDAR_BUTTON,JUMP_BUTTON,OPEN_BUTTON,REF_TABLE_ID,REF_FIELD_NAME,SPECIAL_BUTTON) VALUES ('TBLID_BCOM_BATCH','MON_PROD_ID','MON_PROD_ID','MON_PROD_ID','STRING',20,'N','Y','N','Y',3,-1,0,0,3,'N','N','N','STRING',20,'Y',0,'Y','Y','Y','NONE',NULL,NULL,NULL,NULL,'N','N',0,NULL,NULL,0);
INSERT INTO SM_FIELD_DEF (TABLE_ID,FIELD_NAME,JP_TITLE,US_TITLE,DB_TYPE,DB_LENGTH,IS_KEY,NOT_BLANK,IS_DUMMY,IS_SEARCH_ITEM,SORT_NO,TREE_LEVEL,SHEET_NO,PAGE_NO,PROPERTY_NO,IS_AUTO,IS_MANDATORY,SYSTEM_READONLY,FIELD_TYPE,FIELD_LENGTH,INPUT_ALPHABET,INPUT_MULTIBYTE,INPUT_NUMERIC,INPUT_SYMBOL,INPUT_UPPERCASE,RETRIEVAL_TABLE,FORMAT,DEFAULT_VALUE,MIN_VALUE,MAX_VALUE,CALENDAR_BUTTON,JUMP_BUTTON,OPEN_BUTTON,REF_TABLE_ID,REF_FIELD_NAME,SPECIAL_BUTTON) VALUES ('TBLID_BCOM_BATCH','MON_NUM','MON_NUM','MON_NUM','NUMBER',0,'N','Y','N','Y',4,-1,0,0,4,'N','N','N','STRING',0,'Y',0,'Y','Y','Y','NONE',NULL,NULL,NULL,NULL,'N','N',0,NULL,NULL,0);
INSERT INTO SM_CHECK_DEF (TABLE_ID,CHECK_TYPE,CHECK_ORDER,CHECK_KIND,FIELD_NAME,REF_TABLE,REF_FIELD,EXPECT_VALUE,ERR_MSG) VALUES ('TBLID_BCOM_BATCH','SAVE',1,'NOTNULL','PROD_ID',NULL,NULL,NULL,'PROD_ID required');
INSERT INTO SM_CHECK_DEF (TABLE_ID,CHECK_TYPE,CHECK_ORDER,CHECK_KIND,FIELD_NAME,REF_TABLE,REF_FIELD,EXPECT_VALUE,ERR_MSG) VALUES ('TBLID_BCOM_BATCH','SAVE',2,'STAT_N',NULL,NULL,NULL,NULL,'Not editable');
INSERT INTO SM_CHECK_DEF (TABLE_ID,CHECK_TYPE,CHECK_ORDER,CHECK_KIND,FIELD_NAME,REF_TABLE,REF_FIELD,EXPECT_VALUE,ERR_MSG) VALUES ('TBLID_BCOM_BATCH','SAVE',3,'LOCK_FREE',NULL,NULL,NULL,NULL,'Locked');
INSERT INTO SM_CHECK_DEF (TABLE_ID,CHECK_TYPE,CHECK_ORDER,CHECK_KIND,FIELD_NAME,REF_TABLE,REF_FIELD,EXPECT_VALUE,ERR_MSG) VALUES ('TBLID_BCOM_BATCH','RELEASE',1,'NOTNULL','PROD_ID',NULL,NULL,NULL,'PROD_ID required');
INSERT INTO SM_CHECK_DEF (TABLE_ID,CHECK_TYPE,CHECK_ORDER,CHECK_KIND,FIELD_NAME,REF_TABLE,REF_FIELD,EXPECT_VALUE,ERR_MSG) VALUES ('TBLID_BCOM_BATCH','RELEASE',2,'STAT_N',NULL,NULL,NULL,NULL,'Not editable');
INSERT INTO SM_CHECK_DEF (TABLE_ID,CHECK_TYPE,CHECK_ORDER,CHECK_KIND,FIELD_NAME,REF_TABLE,REF_FIELD,EXPECT_VALUE,ERR_MSG) VALUES ('TBLID_BCOM_BATCH','RELEASE',3,'LOCK_FREE',NULL,NULL,NULL,NULL,'Locked');
INSERT INTO SM_CHECK_DEF (TABLE_ID,CHECK_TYPE,CHECK_ORDER,CHECK_KIND,FIELD_NAME,REF_TABLE,REF_FIELD,EXPECT_VALUE,ERR_MSG) VALUES ('TBLID_BCOM_BATCH','RELEASE',10,'RELEASE_PARAM','PROD_ID','DCOM_BATCH',NULL,NULL,NULL);
INSERT INTO SM_CHECK_DEF (TABLE_ID,CHECK_TYPE,CHECK_ORDER,CHECK_KIND,FIELD_NAME,REF_TABLE,REF_FIELD,EXPECT_VALUE,ERR_MSG) VALUES ('TBLID_BCOM_BATCH','DELETE',1,'NOTNULL','PROD_ID',NULL,NULL,NULL,'PROD_ID required');
INSERT INTO SM_CHECK_DEF (TABLE_ID,CHECK_TYPE,CHECK_ORDER,CHECK_KIND,FIELD_NAME,REF_TABLE,REF_FIELD,EXPECT_VALUE,ERR_MSG) VALUES ('TBLID_BCOM_BATCH','DELETE',2,'STAT_Y',NULL,NULL,NULL,NULL,'Not released');
INSERT INTO SM_CHECK_DEF (TABLE_ID,CHECK_TYPE,CHECK_ORDER,CHECK_KIND,FIELD_NAME,REF_TABLE,REF_FIELD,EXPECT_VALUE,ERR_MSG) VALUES ('TBLID_BCOM_BATCH','DELETE',3,'LOCK_FREE',NULL,NULL,NULL,NULL,'Locked');
INSERT INTO SM_CHECK_DEF (TABLE_ID,CHECK_TYPE,CHECK_ORDER,CHECK_KIND,FIELD_NAME,REF_TABLE,REF_FIELD,EXPECT_VALUE,ERR_MSG) VALUES ('TBLID_BCOM_BATCH','EDITCOMP',1,'NOTNULL','PROD_ID',NULL,NULL,NULL,'PROD_ID required');
INSERT INTO SM_CHECK_DEF (TABLE_ID,CHECK_TYPE,CHECK_ORDER,CHECK_KIND,FIELD_NAME,REF_TABLE,REF_FIELD,EXPECT_VALUE,ERR_MSG) VALUES ('TBLID_BCOM_BATCH','EDITCOMP',2,'STAT_N',NULL,NULL,NULL,NULL,'Not editable');
INSERT INTO SM_CHECK_DEF (TABLE_ID,CHECK_TYPE,CHECK_ORDER,CHECK_KIND,FIELD_NAME,REF_TABLE,REF_FIELD,EXPECT_VALUE,ERR_MSG) VALUES ('TBLID_BCOM_BATCH','EDITCOMP',3,'LOCK_FREE',NULL,NULL,NULL,NULL,'Locked');
INSERT INTO SM_CHECK_DEF (TABLE_ID,CHECK_TYPE,CHECK_ORDER,CHECK_KIND,FIELD_NAME,REF_TABLE,REF_FIELD,EXPECT_VALUE,ERR_MSG) VALUES ('TBLID_BCOM_BATCH','EDITCOMP',4,'COMP_N',NULL,NULL,NULL,NULL,'Already complete');

INSERT INTO SM_TABLE_DEF (TABLE_ID,TABLE_NAME,JP_TITLE,US_TITLE,RELEASE_FLAG,DISTRIBUTE_FLAG,PERMISSION_TYPE,SCHEMA_TYPE,HAS_DUMMY,SORT_NO) VALUES ('TBLID_BCOM_MON_BATCH','BCOM_MON_BATCH','BCOM_MON_BATCH','BCOM_MON_BATCH','Y','N','C','L','N',490);
INSERT INTO SM_FIELD_DEF (TABLE_ID,FIELD_NAME,JP_TITLE,US_TITLE,DB_TYPE,DB_LENGTH,IS_KEY,NOT_BLANK,IS_DUMMY,IS_SEARCH_ITEM,SORT_NO,TREE_LEVEL,SHEET_NO,PAGE_NO,PROPERTY_NO,IS_AUTO,IS_MANDATORY,SYSTEM_READONLY,FIELD_TYPE,FIELD_LENGTH,INPUT_ALPHABET,INPUT_MULTIBYTE,INPUT_NUMERIC,INPUT_SYMBOL,INPUT_UPPERCASE,RETRIEVAL_TABLE,FORMAT,DEFAULT_VALUE,MIN_VALUE,MAX_VALUE,CALENDAR_BUTTON,JUMP_BUTTON,OPEN_BUTTON,REF_TABLE_ID,REF_FIELD_NAME,SPECIAL_BUTTON) VALUES ('TBLID_BCOM_MON_BATCH','PROD_ID','PROD_ID','PROD_ID','STRING',20,'Y','Y','N','Y',0,0,0,0,0,'N','N','N','STRING',20,'Y',0,'Y','Y','Y','NONE',NULL,NULL,NULL,NULL,'N','N',0,NULL,NULL,0);
INSERT INTO SM_FIELD_DEF (TABLE_ID,FIELD_NAME,JP_TITLE,US_TITLE,DB_TYPE,DB_LENGTH,IS_KEY,NOT_BLANK,IS_DUMMY,IS_SEARCH_ITEM,SORT_NO,TREE_LEVEL,SHEET_NO,PAGE_NO,PROPERTY_NO,IS_AUTO,IS_MANDATORY,SYSTEM_READONLY,FIELD_TYPE,FIELD_LENGTH,INPUT_ALPHABET,INPUT_MULTIBYTE,INPUT_NUMERIC,INPUT_SYMBOL,INPUT_UPPERCASE,RETRIEVAL_TABLE,FORMAT,DEFAULT_VALUE,MIN_VALUE,MAX_VALUE,CALENDAR_BUTTON,JUMP_BUTTON,OPEN_BUTTON,REF_TABLE_ID,REF_FIELD_NAME,SPECIAL_BUTTON) VALUES ('TBLID_BCOM_MON_BATCH','BAT_CAT','BAT_CAT','BAT_CAT','STRING',2,'N','Y','N','Y',1,-1,0,0,1,'N','N','N','STRING',2,'Y',0,'Y','Y','Y','NONE',NULL,NULL,NULL,NULL,'N','N',0,NULL,NULL,0);
INSERT INTO SM_FIELD_DEF (TABLE_ID,FIELD_NAME,JP_TITLE,US_TITLE,DB_TYPE,DB_LENGTH,IS_KEY,NOT_BLANK,IS_DUMMY,IS_SEARCH_ITEM,SORT_NO,TREE_LEVEL,SHEET_NO,PAGE_NO,PROPERTY_NO,IS_AUTO,IS_MANDATORY,SYSTEM_READONLY,FIELD_TYPE,FIELD_LENGTH,INPUT_ALPHABET,INPUT_MULTIBYTE,INPUT_NUMERIC,INPUT_SYMBOL,INPUT_UPPERCASE,RETRIEVAL_TABLE,FORMAT,DEFAULT_VALUE,MIN_VALUE,MAX_VALUE,CALENDAR_BUTTON,JUMP_BUTTON,OPEN_BUTTON,REF_TABLE_ID,REF_FIELD_NAME,SPECIAL_BUTTON) VALUES ('TBLID_BCOM_MON_BATCH','SLOT_NO','SLOT_NO','SLOT_NO','STRING',3,'N','Y','N','Y',2,-1,0,0,2,'N','N','N','STRING',3,'Y',0,'Y','Y','Y','NONE',NULL,NULL,NULL,NULL,'N','N',0,NULL,NULL,0);
INSERT INTO SM_FIELD_DEF (TABLE_ID,FIELD_NAME,JP_TITLE,US_TITLE,DB_TYPE,DB_LENGTH,IS_KEY,NOT_BLANK,IS_DUMMY,IS_SEARCH_ITEM,SORT_NO,TREE_LEVEL,SHEET_NO,PAGE_NO,PROPERTY_NO,IS_AUTO,IS_MANDATORY,SYSTEM_READONLY,FIELD_TYPE,FIELD_LENGTH,INPUT_ALPHABET,INPUT_MULTIBYTE,INPUT_NUMERIC,INPUT_SYMBOL,INPUT_UPPERCASE,RETRIEVAL_TABLE,FORMAT,DEFAULT_VALUE,MIN_VALUE,MAX_VALUE,CALENDAR_BUTTON,JUMP_BUTTON,OPEN_BUTTON,REF_TABLE_ID,REF_FIELD_NAME,SPECIAL_BUTTON) VALUES ('TBLID_BCOM_MON_BATCH','INSP_USED_ID','INSP_USED_ID','INSP_USED_ID','STRING',12,'N','Y','N','Y',3,-1,0,0,3,'N','N','N','STRING',12,'Y',0,'Y','Y','Y','NONE',NULL,NULL,NULL,NULL,'N','N',0,NULL,NULL,0);
INSERT INTO SM_FIELD_DEF (TABLE_ID,FIELD_NAME,JP_TITLE,US_TITLE,DB_TYPE,DB_LENGTH,IS_KEY,NOT_BLANK,IS_DUMMY,IS_SEARCH_ITEM,SORT_NO,TREE_LEVEL,SHEET_NO,PAGE_NO,PROPERTY_NO,IS_AUTO,IS_MANDATORY,SYSTEM_READONLY,FIELD_TYPE,FIELD_LENGTH,INPUT_ALPHABET,INPUT_MULTIBYTE,INPUT_NUMERIC,INPUT_SYMBOL,INPUT_UPPERCASE,RETRIEVAL_TABLE,FORMAT,DEFAULT_VALUE,MIN_VALUE,MAX_VALUE,CALENDAR_BUTTON,JUMP_BUTTON,OPEN_BUTTON,REF_TABLE_ID,REF_FIELD_NAME,SPECIAL_BUTTON) VALUES ('TBLID_BCOM_MON_BATCH','MON_PROD_ID','MON_PROD_ID','MON_PROD_ID','STRING',20,'N','Y','N','Y',4,-1,0,0,4,'N','N','N','STRING',20,'Y',0,'Y','Y','Y','NONE',NULL,NULL,NULL,NULL,'N','N',0,NULL,NULL,0);
INSERT INTO SM_FIELD_DEF (TABLE_ID,FIELD_NAME,JP_TITLE,US_TITLE,DB_TYPE,DB_LENGTH,IS_KEY,NOT_BLANK,IS_DUMMY,IS_SEARCH_ITEM,SORT_NO,TREE_LEVEL,SHEET_NO,PAGE_NO,PROPERTY_NO,IS_AUTO,IS_MANDATORY,SYSTEM_READONLY,FIELD_TYPE,FIELD_LENGTH,INPUT_ALPHABET,INPUT_MULTIBYTE,INPUT_NUMERIC,INPUT_SYMBOL,INPUT_UPPERCASE,RETRIEVAL_TABLE,FORMAT,DEFAULT_VALUE,MIN_VALUE,MAX_VALUE,CALENDAR_BUTTON,JUMP_BUTTON,OPEN_BUTTON,REF_TABLE_ID,REF_FIELD_NAME,SPECIAL_BUTTON) VALUES ('TBLID_BCOM_MON_BATCH','MON_BOX_INSCYCLE','MON_BOX_INSCYCLE','MON_BOX_INSCYCLE','NUMBER',0,'N','N','N','Y',5,-1,0,0,5,'N','N','N','STRING',0,'Y',0,'Y','Y','Y','NONE',NULL,NULL,NULL,NULL,'N','N',0,NULL,NULL,0);
INSERT INTO SM_CHECK_DEF (TABLE_ID,CHECK_TYPE,CHECK_ORDER,CHECK_KIND,FIELD_NAME,REF_TABLE,REF_FIELD,EXPECT_VALUE,ERR_MSG) VALUES ('TBLID_BCOM_MON_BATCH','SAVE',1,'NOTNULL','PROD_ID',NULL,NULL,NULL,'PROD_ID required');
INSERT INTO SM_CHECK_DEF (TABLE_ID,CHECK_TYPE,CHECK_ORDER,CHECK_KIND,FIELD_NAME,REF_TABLE,REF_FIELD,EXPECT_VALUE,ERR_MSG) VALUES ('TBLID_BCOM_MON_BATCH','SAVE',2,'STAT_N',NULL,NULL,NULL,NULL,'Not editable');
INSERT INTO SM_CHECK_DEF (TABLE_ID,CHECK_TYPE,CHECK_ORDER,CHECK_KIND,FIELD_NAME,REF_TABLE,REF_FIELD,EXPECT_VALUE,ERR_MSG) VALUES ('TBLID_BCOM_MON_BATCH','SAVE',3,'LOCK_FREE',NULL,NULL,NULL,NULL,'Locked');
INSERT INTO SM_CHECK_DEF (TABLE_ID,CHECK_TYPE,CHECK_ORDER,CHECK_KIND,FIELD_NAME,REF_TABLE,REF_FIELD,EXPECT_VALUE,ERR_MSG) VALUES ('TBLID_BCOM_MON_BATCH','RELEASE',1,'NOTNULL','PROD_ID',NULL,NULL,NULL,'PROD_ID required');
INSERT INTO SM_CHECK_DEF (TABLE_ID,CHECK_TYPE,CHECK_ORDER,CHECK_KIND,FIELD_NAME,REF_TABLE,REF_FIELD,EXPECT_VALUE,ERR_MSG) VALUES ('TBLID_BCOM_MON_BATCH','RELEASE',2,'STAT_N',NULL,NULL,NULL,NULL,'Not editable');
INSERT INTO SM_CHECK_DEF (TABLE_ID,CHECK_TYPE,CHECK_ORDER,CHECK_KIND,FIELD_NAME,REF_TABLE,REF_FIELD,EXPECT_VALUE,ERR_MSG) VALUES ('TBLID_BCOM_MON_BATCH','RELEASE',3,'LOCK_FREE',NULL,NULL,NULL,NULL,'Locked');
INSERT INTO SM_CHECK_DEF (TABLE_ID,CHECK_TYPE,CHECK_ORDER,CHECK_KIND,FIELD_NAME,REF_TABLE,REF_FIELD,EXPECT_VALUE,ERR_MSG) VALUES ('TBLID_BCOM_MON_BATCH','RELEASE',10,'RELEASE_PARAM','PROD_ID','DCOM_MON_BATCH',NULL,NULL,NULL);
INSERT INTO SM_CHECK_DEF (TABLE_ID,CHECK_TYPE,CHECK_ORDER,CHECK_KIND,FIELD_NAME,REF_TABLE,REF_FIELD,EXPECT_VALUE,ERR_MSG) VALUES ('TBLID_BCOM_MON_BATCH','DELETE',1,'NOTNULL','PROD_ID',NULL,NULL,NULL,'PROD_ID required');
INSERT INTO SM_CHECK_DEF (TABLE_ID,CHECK_TYPE,CHECK_ORDER,CHECK_KIND,FIELD_NAME,REF_TABLE,REF_FIELD,EXPECT_VALUE,ERR_MSG) VALUES ('TBLID_BCOM_MON_BATCH','DELETE',2,'STAT_Y',NULL,NULL,NULL,NULL,'Not released');
INSERT INTO SM_CHECK_DEF (TABLE_ID,CHECK_TYPE,CHECK_ORDER,CHECK_KIND,FIELD_NAME,REF_TABLE,REF_FIELD,EXPECT_VALUE,ERR_MSG) VALUES ('TBLID_BCOM_MON_BATCH','DELETE',3,'LOCK_FREE',NULL,NULL,NULL,NULL,'Locked');
INSERT INTO SM_CHECK_DEF (TABLE_ID,CHECK_TYPE,CHECK_ORDER,CHECK_KIND,FIELD_NAME,REF_TABLE,REF_FIELD,EXPECT_VALUE,ERR_MSG) VALUES ('TBLID_BCOM_MON_BATCH','EDITCOMP',1,'NOTNULL','PROD_ID',NULL,NULL,NULL,'PROD_ID required');
INSERT INTO SM_CHECK_DEF (TABLE_ID,CHECK_TYPE,CHECK_ORDER,CHECK_KIND,FIELD_NAME,REF_TABLE,REF_FIELD,EXPECT_VALUE,ERR_MSG) VALUES ('TBLID_BCOM_MON_BATCH','EDITCOMP',2,'STAT_N',NULL,NULL,NULL,NULL,'Not editable');
INSERT INTO SM_CHECK_DEF (TABLE_ID,CHECK_TYPE,CHECK_ORDER,CHECK_KIND,FIELD_NAME,REF_TABLE,REF_FIELD,EXPECT_VALUE,ERR_MSG) VALUES ('TBLID_BCOM_MON_BATCH','EDITCOMP',3,'LOCK_FREE',NULL,NULL,NULL,NULL,'Locked');
INSERT INTO SM_CHECK_DEF (TABLE_ID,CHECK_TYPE,CHECK_ORDER,CHECK_KIND,FIELD_NAME,REF_TABLE,REF_FIELD,EXPECT_VALUE,ERR_MSG) VALUES ('TBLID_BCOM_MON_BATCH','EDITCOMP',4,'COMP_N',NULL,NULL,NULL,NULL,'Already complete');

INSERT INTO SM_TABLE_DEF (TABLE_ID,TABLE_NAME,JP_TITLE,US_TITLE,RELEASE_FLAG,DISTRIBUTE_FLAG,PERMISSION_TYPE,SCHEMA_TYPE,HAS_DUMMY,SORT_NO) VALUES ('TBLID_BDUMMY_WAF_SET','BDUMMY_WAF_SET','BDUMMY_WAF_SET','BDUMMY_WAF_SET','Y','N','C','L','N',500);
INSERT INTO SM_FIELD_DEF (TABLE_ID,FIELD_NAME,JP_TITLE,US_TITLE,DB_TYPE,DB_LENGTH,IS_KEY,NOT_BLANK,IS_DUMMY,IS_SEARCH_ITEM,SORT_NO,TREE_LEVEL,SHEET_NO,PAGE_NO,PROPERTY_NO,IS_AUTO,IS_MANDATORY,SYSTEM_READONLY,FIELD_TYPE,FIELD_LENGTH,INPUT_ALPHABET,INPUT_MULTIBYTE,INPUT_NUMERIC,INPUT_SYMBOL,INPUT_UPPERCASE,RETRIEVAL_TABLE,FORMAT,DEFAULT_VALUE,MIN_VALUE,MAX_VALUE,CALENDAR_BUTTON,JUMP_BUTTON,OPEN_BUTTON,REF_TABLE_ID,REF_FIELD_NAME,SPECIAL_BUTTON) VALUES ('TBLID_BDUMMY_WAF_SET','DUMMY_CAT','DUMMY_CAT','DUMMY_CAT','STRING',1,'Y','Y','N','Y',0,0,0,0,0,'N','N','N','STRING',1,'Y',0,'Y','Y','Y','NONE',NULL,NULL,NULL,NULL,'N','N',0,NULL,NULL,0);
INSERT INTO SM_FIELD_DEF (TABLE_ID,FIELD_NAME,JP_TITLE,US_TITLE,DB_TYPE,DB_LENGTH,IS_KEY,NOT_BLANK,IS_DUMMY,IS_SEARCH_ITEM,SORT_NO,TREE_LEVEL,SHEET_NO,PAGE_NO,PROPERTY_NO,IS_AUTO,IS_MANDATORY,SYSTEM_READONLY,FIELD_TYPE,FIELD_LENGTH,INPUT_ALPHABET,INPUT_MULTIBYTE,INPUT_NUMERIC,INPUT_SYMBOL,INPUT_UPPERCASE,RETRIEVAL_TABLE,FORMAT,DEFAULT_VALUE,MIN_VALUE,MAX_VALUE,CALENDAR_BUTTON,JUMP_BUTTON,OPEN_BUTTON,REF_TABLE_ID,REF_FIELD_NAME,SPECIAL_BUTTON) VALUES ('TBLID_BDUMMY_WAF_SET','PROD_ID','PROD_ID','PROD_ID','STRING',20,'N','Y','N','Y',1,-1,0,0,1,'N','N','N','STRING',20,'Y',0,'Y','Y','Y','NONE',NULL,NULL,NULL,NULL,'N','N',0,NULL,NULL,0);
INSERT INTO SM_FIELD_DEF (TABLE_ID,FIELD_NAME,JP_TITLE,US_TITLE,DB_TYPE,DB_LENGTH,IS_KEY,NOT_BLANK,IS_DUMMY,IS_SEARCH_ITEM,SORT_NO,TREE_LEVEL,SHEET_NO,PAGE_NO,PROPERTY_NO,IS_AUTO,IS_MANDATORY,SYSTEM_READONLY,FIELD_TYPE,FIELD_LENGTH,INPUT_ALPHABET,INPUT_MULTIBYTE,INPUT_NUMERIC,INPUT_SYMBOL,INPUT_UPPERCASE,RETRIEVAL_TABLE,FORMAT,DEFAULT_VALUE,MIN_VALUE,MAX_VALUE,CALENDAR_BUTTON,JUMP_BUTTON,OPEN_BUTTON,REF_TABLE_ID,REF_FIELD_NAME,SPECIAL_BUTTON) VALUES ('TBLID_BDUMMY_WAF_SET','EQP_ID','EQP_ID','EQP_ID','STRING',10,'N','Y','N','Y',2,-1,0,0,2,'N','N','N','STRING',10,'Y',0,'Y','Y','Y','NONE',NULL,NULL,NULL,NULL,'N','N',0,NULL,NULL,0);
INSERT INTO SM_FIELD_DEF (TABLE_ID,FIELD_NAME,JP_TITLE,US_TITLE,DB_TYPE,DB_LENGTH,IS_KEY,NOT_BLANK,IS_DUMMY,IS_SEARCH_ITEM,SORT_NO,TREE_LEVEL,SHEET_NO,PAGE_NO,PROPERTY_NO,IS_AUTO,IS_MANDATORY,SYSTEM_READONLY,FIELD_TYPE,FIELD_LENGTH,INPUT_ALPHABET,INPUT_MULTIBYTE,INPUT_NUMERIC,INPUT_SYMBOL,INPUT_UPPERCASE,RETRIEVAL_TABLE,FORMAT,DEFAULT_VALUE,MIN_VALUE,MAX_VALUE,CALENDAR_BUTTON,JUMP_BUTTON,OPEN_BUTTON,REF_TABLE_ID,REF_FIELD_NAME,SPECIAL_BUTTON) VALUES ('TBLID_BDUMMY_WAF_SET','NUM','NUM','NUM','NUMBER',0,'N','Y','N','Y',3,-1,0,0,3,'N','N','N','STRING',0,'Y',0,'Y','Y','Y','NONE',NULL,NULL,NULL,NULL,'N','N',0,NULL,NULL,0);
INSERT INTO SM_CHECK_DEF (TABLE_ID,CHECK_TYPE,CHECK_ORDER,CHECK_KIND,FIELD_NAME,REF_TABLE,REF_FIELD,EXPECT_VALUE,ERR_MSG) VALUES ('TBLID_BDUMMY_WAF_SET','SAVE',1,'NOTNULL','DUMMY_CAT',NULL,NULL,NULL,'DUMMY_CAT required');
INSERT INTO SM_CHECK_DEF (TABLE_ID,CHECK_TYPE,CHECK_ORDER,CHECK_KIND,FIELD_NAME,REF_TABLE,REF_FIELD,EXPECT_VALUE,ERR_MSG) VALUES ('TBLID_BDUMMY_WAF_SET','SAVE',2,'STAT_N',NULL,NULL,NULL,NULL,'Not editable');
INSERT INTO SM_CHECK_DEF (TABLE_ID,CHECK_TYPE,CHECK_ORDER,CHECK_KIND,FIELD_NAME,REF_TABLE,REF_FIELD,EXPECT_VALUE,ERR_MSG) VALUES ('TBLID_BDUMMY_WAF_SET','SAVE',3,'LOCK_FREE',NULL,NULL,NULL,NULL,'Locked');
INSERT INTO SM_CHECK_DEF (TABLE_ID,CHECK_TYPE,CHECK_ORDER,CHECK_KIND,FIELD_NAME,REF_TABLE,REF_FIELD,EXPECT_VALUE,ERR_MSG) VALUES ('TBLID_BDUMMY_WAF_SET','RELEASE',1,'NOTNULL','DUMMY_CAT',NULL,NULL,NULL,'DUMMY_CAT required');
INSERT INTO SM_CHECK_DEF (TABLE_ID,CHECK_TYPE,CHECK_ORDER,CHECK_KIND,FIELD_NAME,REF_TABLE,REF_FIELD,EXPECT_VALUE,ERR_MSG) VALUES ('TBLID_BDUMMY_WAF_SET','RELEASE',2,'STAT_N',NULL,NULL,NULL,NULL,'Not editable');
INSERT INTO SM_CHECK_DEF (TABLE_ID,CHECK_TYPE,CHECK_ORDER,CHECK_KIND,FIELD_NAME,REF_TABLE,REF_FIELD,EXPECT_VALUE,ERR_MSG) VALUES ('TBLID_BDUMMY_WAF_SET','RELEASE',3,'LOCK_FREE',NULL,NULL,NULL,NULL,'Locked');
INSERT INTO SM_CHECK_DEF (TABLE_ID,CHECK_TYPE,CHECK_ORDER,CHECK_KIND,FIELD_NAME,REF_TABLE,REF_FIELD,EXPECT_VALUE,ERR_MSG) VALUES ('TBLID_BDUMMY_WAF_SET','RELEASE',10,'RELEASE_PARAM','DUMMY_CAT','DDUMMY_WAF_SET',NULL,NULL,NULL);
INSERT INTO SM_CHECK_DEF (TABLE_ID,CHECK_TYPE,CHECK_ORDER,CHECK_KIND,FIELD_NAME,REF_TABLE,REF_FIELD,EXPECT_VALUE,ERR_MSG) VALUES ('TBLID_BDUMMY_WAF_SET','DELETE',1,'NOTNULL','DUMMY_CAT',NULL,NULL,NULL,'DUMMY_CAT required');
INSERT INTO SM_CHECK_DEF (TABLE_ID,CHECK_TYPE,CHECK_ORDER,CHECK_KIND,FIELD_NAME,REF_TABLE,REF_FIELD,EXPECT_VALUE,ERR_MSG) VALUES ('TBLID_BDUMMY_WAF_SET','DELETE',2,'STAT_Y',NULL,NULL,NULL,NULL,'Not released');
INSERT INTO SM_CHECK_DEF (TABLE_ID,CHECK_TYPE,CHECK_ORDER,CHECK_KIND,FIELD_NAME,REF_TABLE,REF_FIELD,EXPECT_VALUE,ERR_MSG) VALUES ('TBLID_BDUMMY_WAF_SET','DELETE',3,'LOCK_FREE',NULL,NULL,NULL,NULL,'Locked');
INSERT INTO SM_CHECK_DEF (TABLE_ID,CHECK_TYPE,CHECK_ORDER,CHECK_KIND,FIELD_NAME,REF_TABLE,REF_FIELD,EXPECT_VALUE,ERR_MSG) VALUES ('TBLID_BDUMMY_WAF_SET','EDITCOMP',1,'NOTNULL','DUMMY_CAT',NULL,NULL,NULL,'DUMMY_CAT required');
INSERT INTO SM_CHECK_DEF (TABLE_ID,CHECK_TYPE,CHECK_ORDER,CHECK_KIND,FIELD_NAME,REF_TABLE,REF_FIELD,EXPECT_VALUE,ERR_MSG) VALUES ('TBLID_BDUMMY_WAF_SET','EDITCOMP',2,'STAT_N',NULL,NULL,NULL,NULL,'Not editable');
INSERT INTO SM_CHECK_DEF (TABLE_ID,CHECK_TYPE,CHECK_ORDER,CHECK_KIND,FIELD_NAME,REF_TABLE,REF_FIELD,EXPECT_VALUE,ERR_MSG) VALUES ('TBLID_BDUMMY_WAF_SET','EDITCOMP',3,'LOCK_FREE',NULL,NULL,NULL,NULL,'Locked');
INSERT INTO SM_CHECK_DEF (TABLE_ID,CHECK_TYPE,CHECK_ORDER,CHECK_KIND,FIELD_NAME,REF_TABLE,REF_FIELD,EXPECT_VALUE,ERR_MSG) VALUES ('TBLID_BDUMMY_WAF_SET','EDITCOMP',4,'COMP_N',NULL,NULL,NULL,NULL,'Already complete');

INSERT INTO SM_TABLE_DEF (TABLE_ID,TABLE_NAME,JP_TITLE,US_TITLE,RELEASE_FLAG,DISTRIBUTE_FLAG,PERMISSION_TYPE,SCHEMA_TYPE,HAS_DUMMY,SORT_NO) VALUES ('TBLID_BEMPCAR_SC','BEMPCAR_SC','BEMPCAR_SC','BEMPCAR_SC','Y','N','C','L','N',510);
INSERT INTO SM_FIELD_DEF (TABLE_ID,FIELD_NAME,JP_TITLE,US_TITLE,DB_TYPE,DB_LENGTH,IS_KEY,NOT_BLANK,IS_DUMMY,IS_SEARCH_ITEM,SORT_NO,TREE_LEVEL,SHEET_NO,PAGE_NO,PROPERTY_NO,IS_AUTO,IS_MANDATORY,SYSTEM_READONLY,FIELD_TYPE,FIELD_LENGTH,INPUT_ALPHABET,INPUT_MULTIBYTE,INPUT_NUMERIC,INPUT_SYMBOL,INPUT_UPPERCASE,RETRIEVAL_TABLE,FORMAT,DEFAULT_VALUE,MIN_VALUE,MAX_VALUE,CALENDAR_BUTTON,JUMP_BUTTON,OPEN_BUTTON,REF_TABLE_ID,REF_FIELD_NAME,SPECIAL_BUTTON) VALUES ('TBLID_BEMPCAR_SC','TRAN_FROM_STK_ID','TRAN_FROM_STK_ID','TRAN_FROM_STK_ID','STRING',10,'Y','Y','N','Y',0,0,0,0,0,'N','N','N','STRING',10,'Y',0,'Y','Y','Y','NONE',NULL,NULL,NULL,NULL,'N','N',0,NULL,NULL,0);
INSERT INTO SM_FIELD_DEF (TABLE_ID,FIELD_NAME,JP_TITLE,US_TITLE,DB_TYPE,DB_LENGTH,IS_KEY,NOT_BLANK,IS_DUMMY,IS_SEARCH_ITEM,SORT_NO,TREE_LEVEL,SHEET_NO,PAGE_NO,PROPERTY_NO,IS_AUTO,IS_MANDATORY,SYSTEM_READONLY,FIELD_TYPE,FIELD_LENGTH,INPUT_ALPHABET,INPUT_MULTIBYTE,INPUT_NUMERIC,INPUT_SYMBOL,INPUT_UPPERCASE,RETRIEVAL_TABLE,FORMAT,DEFAULT_VALUE,MIN_VALUE,MAX_VALUE,CALENDAR_BUTTON,JUMP_BUTTON,OPEN_BUTTON,REF_TABLE_ID,REF_FIELD_NAME,SPECIAL_BUTTON) VALUES ('TBLID_BEMPCAR_SC','TRAN_FROM_STK_PORT_ID','TRAN_FROM_STK_PORT_ID','TRAN_FROM_STK_PORT_ID','STRING',10,'N','Y','N','Y',1,-1,0,0,1,'N','N','N','STRING',10,'Y',0,'Y','Y','Y','NONE',NULL,NULL,NULL,NULL,'N','N',0,NULL,NULL,0);
INSERT INTO SM_FIELD_DEF (TABLE_ID,FIELD_NAME,JP_TITLE,US_TITLE,DB_TYPE,DB_LENGTH,IS_KEY,NOT_BLANK,IS_DUMMY,IS_SEARCH_ITEM,SORT_NO,TREE_LEVEL,SHEET_NO,PAGE_NO,PROPERTY_NO,IS_AUTO,IS_MANDATORY,SYSTEM_READONLY,FIELD_TYPE,FIELD_LENGTH,INPUT_ALPHABET,INPUT_MULTIBYTE,INPUT_NUMERIC,INPUT_SYMBOL,INPUT_UPPERCASE,RETRIEVAL_TABLE,FORMAT,DEFAULT_VALUE,MIN_VALUE,MAX_VALUE,CALENDAR_BUTTON,JUMP_BUTTON,OPEN_BUTTON,REF_TABLE_ID,REF_FIELD_NAME,SPECIAL_BUTTON) VALUES ('TBLID_BEMPCAR_SC','TRAN_TO_STK_ID','TRAN_TO_STK_ID','TRAN_TO_STK_ID','STRING',10,'N','Y','N','Y',2,-1,0,0,2,'N','N','N','STRING',10,'Y',0,'Y','Y','Y','NONE',NULL,NULL,NULL,NULL,'N','N',0,NULL,NULL,0);
INSERT INTO SM_FIELD_DEF (TABLE_ID,FIELD_NAME,JP_TITLE,US_TITLE,DB_TYPE,DB_LENGTH,IS_KEY,NOT_BLANK,IS_DUMMY,IS_SEARCH_ITEM,SORT_NO,TREE_LEVEL,SHEET_NO,PAGE_NO,PROPERTY_NO,IS_AUTO,IS_MANDATORY,SYSTEM_READONLY,FIELD_TYPE,FIELD_LENGTH,INPUT_ALPHABET,INPUT_MULTIBYTE,INPUT_NUMERIC,INPUT_SYMBOL,INPUT_UPPERCASE,RETRIEVAL_TABLE,FORMAT,DEFAULT_VALUE,MIN_VALUE,MAX_VALUE,CALENDAR_BUTTON,JUMP_BUTTON,OPEN_BUTTON,REF_TABLE_ID,REF_FIELD_NAME,SPECIAL_BUTTON) VALUES ('TBLID_BEMPCAR_SC','TRAN_TO_STK_PORT_ID','TRAN_TO_STK_PORT_ID','TRAN_TO_STK_PORT_ID','STRING',10,'N','Y','N','Y',3,-1,0,0,3,'N','N','N','STRING',10,'Y',0,'Y','Y','Y','NONE',NULL,NULL,NULL,NULL,'N','N',0,NULL,NULL,0);
INSERT INTO SM_FIELD_DEF (TABLE_ID,FIELD_NAME,JP_TITLE,US_TITLE,DB_TYPE,DB_LENGTH,IS_KEY,NOT_BLANK,IS_DUMMY,IS_SEARCH_ITEM,SORT_NO,TREE_LEVEL,SHEET_NO,PAGE_NO,PROPERTY_NO,IS_AUTO,IS_MANDATORY,SYSTEM_READONLY,FIELD_TYPE,FIELD_LENGTH,INPUT_ALPHABET,INPUT_MULTIBYTE,INPUT_NUMERIC,INPUT_SYMBOL,INPUT_UPPERCASE,RETRIEVAL_TABLE,FORMAT,DEFAULT_VALUE,MIN_VALUE,MAX_VALUE,CALENDAR_BUTTON,JUMP_BUTTON,OPEN_BUTTON,REF_TABLE_ID,REF_FIELD_NAME,SPECIAL_BUTTON) VALUES ('TBLID_BEMPCAR_SC','CARG_ID','CARG_ID','CARG_ID','STRING',10,'N','Y','N','Y',4,-1,0,0,4,'N','N','N','STRING',10,'Y',0,'Y','Y','Y','NONE',NULL,NULL,NULL,NULL,'N','N',0,NULL,NULL,0);
INSERT INTO SM_FIELD_DEF (TABLE_ID,FIELD_NAME,JP_TITLE,US_TITLE,DB_TYPE,DB_LENGTH,IS_KEY,NOT_BLANK,IS_DUMMY,IS_SEARCH_ITEM,SORT_NO,TREE_LEVEL,SHEET_NO,PAGE_NO,PROPERTY_NO,IS_AUTO,IS_MANDATORY,SYSTEM_READONLY,FIELD_TYPE,FIELD_LENGTH,INPUT_ALPHABET,INPUT_MULTIBYTE,INPUT_NUMERIC,INPUT_SYMBOL,INPUT_UPPERCASE,RETRIEVAL_TABLE,FORMAT,DEFAULT_VALUE,MIN_VALUE,MAX_VALUE,CALENDAR_BUTTON,JUMP_BUTTON,OPEN_BUTTON,REF_TABLE_ID,REF_FIELD_NAME,SPECIAL_BUTTON) VALUES ('TBLID_BEMPCAR_SC','SEQ_NO','SEQ_NO','SEQ_NO','NUMBER',0,'N','Y','N','Y',5,-1,0,0,5,'N','N','N','STRING',0,'Y',0,'Y','Y','Y','NONE',NULL,NULL,NULL,NULL,'N','N',0,NULL,NULL,0);
INSERT INTO SM_CHECK_DEF (TABLE_ID,CHECK_TYPE,CHECK_ORDER,CHECK_KIND,FIELD_NAME,REF_TABLE,REF_FIELD,EXPECT_VALUE,ERR_MSG) VALUES ('TBLID_BEMPCAR_SC','SAVE',1,'NOTNULL','TRAN_FROM_STK_ID',NULL,NULL,NULL,'TRAN_FROM_STK_ID required');
INSERT INTO SM_CHECK_DEF (TABLE_ID,CHECK_TYPE,CHECK_ORDER,CHECK_KIND,FIELD_NAME,REF_TABLE,REF_FIELD,EXPECT_VALUE,ERR_MSG) VALUES ('TBLID_BEMPCAR_SC','SAVE',2,'STAT_N',NULL,NULL,NULL,NULL,'Not editable');
INSERT INTO SM_CHECK_DEF (TABLE_ID,CHECK_TYPE,CHECK_ORDER,CHECK_KIND,FIELD_NAME,REF_TABLE,REF_FIELD,EXPECT_VALUE,ERR_MSG) VALUES ('TBLID_BEMPCAR_SC','SAVE',3,'LOCK_FREE',NULL,NULL,NULL,NULL,'Locked');
INSERT INTO SM_CHECK_DEF (TABLE_ID,CHECK_TYPE,CHECK_ORDER,CHECK_KIND,FIELD_NAME,REF_TABLE,REF_FIELD,EXPECT_VALUE,ERR_MSG) VALUES ('TBLID_BEMPCAR_SC','RELEASE',1,'NOTNULL','TRAN_FROM_STK_ID',NULL,NULL,NULL,'TRAN_FROM_STK_ID required');
INSERT INTO SM_CHECK_DEF (TABLE_ID,CHECK_TYPE,CHECK_ORDER,CHECK_KIND,FIELD_NAME,REF_TABLE,REF_FIELD,EXPECT_VALUE,ERR_MSG) VALUES ('TBLID_BEMPCAR_SC','RELEASE',2,'STAT_N',NULL,NULL,NULL,NULL,'Not editable');
INSERT INTO SM_CHECK_DEF (TABLE_ID,CHECK_TYPE,CHECK_ORDER,CHECK_KIND,FIELD_NAME,REF_TABLE,REF_FIELD,EXPECT_VALUE,ERR_MSG) VALUES ('TBLID_BEMPCAR_SC','RELEASE',3,'LOCK_FREE',NULL,NULL,NULL,NULL,'Locked');
INSERT INTO SM_CHECK_DEF (TABLE_ID,CHECK_TYPE,CHECK_ORDER,CHECK_KIND,FIELD_NAME,REF_TABLE,REF_FIELD,EXPECT_VALUE,ERR_MSG) VALUES ('TBLID_BEMPCAR_SC','RELEASE',10,'RELEASE_PARAM','TRAN_FROM_STK_ID','DEMPCAR_SC',NULL,NULL,NULL);
INSERT INTO SM_CHECK_DEF (TABLE_ID,CHECK_TYPE,CHECK_ORDER,CHECK_KIND,FIELD_NAME,REF_TABLE,REF_FIELD,EXPECT_VALUE,ERR_MSG) VALUES ('TBLID_BEMPCAR_SC','DELETE',1,'NOTNULL','TRAN_FROM_STK_ID',NULL,NULL,NULL,'TRAN_FROM_STK_ID required');
INSERT INTO SM_CHECK_DEF (TABLE_ID,CHECK_TYPE,CHECK_ORDER,CHECK_KIND,FIELD_NAME,REF_TABLE,REF_FIELD,EXPECT_VALUE,ERR_MSG) VALUES ('TBLID_BEMPCAR_SC','DELETE',2,'STAT_Y',NULL,NULL,NULL,NULL,'Not released');
INSERT INTO SM_CHECK_DEF (TABLE_ID,CHECK_TYPE,CHECK_ORDER,CHECK_KIND,FIELD_NAME,REF_TABLE,REF_FIELD,EXPECT_VALUE,ERR_MSG) VALUES ('TBLID_BEMPCAR_SC','DELETE',3,'LOCK_FREE',NULL,NULL,NULL,NULL,'Locked');
INSERT INTO SM_CHECK_DEF (TABLE_ID,CHECK_TYPE,CHECK_ORDER,CHECK_KIND,FIELD_NAME,REF_TABLE,REF_FIELD,EXPECT_VALUE,ERR_MSG) VALUES ('TBLID_BEMPCAR_SC','EDITCOMP',1,'NOTNULL','TRAN_FROM_STK_ID',NULL,NULL,NULL,'TRAN_FROM_STK_ID required');
INSERT INTO SM_CHECK_DEF (TABLE_ID,CHECK_TYPE,CHECK_ORDER,CHECK_KIND,FIELD_NAME,REF_TABLE,REF_FIELD,EXPECT_VALUE,ERR_MSG) VALUES ('TBLID_BEMPCAR_SC','EDITCOMP',2,'STAT_N',NULL,NULL,NULL,NULL,'Not editable');
INSERT INTO SM_CHECK_DEF (TABLE_ID,CHECK_TYPE,CHECK_ORDER,CHECK_KIND,FIELD_NAME,REF_TABLE,REF_FIELD,EXPECT_VALUE,ERR_MSG) VALUES ('TBLID_BEMPCAR_SC','EDITCOMP',3,'LOCK_FREE',NULL,NULL,NULL,NULL,'Locked');
INSERT INTO SM_CHECK_DEF (TABLE_ID,CHECK_TYPE,CHECK_ORDER,CHECK_KIND,FIELD_NAME,REF_TABLE,REF_FIELD,EXPECT_VALUE,ERR_MSG) VALUES ('TBLID_BEMPCAR_SC','EDITCOMP',4,'COMP_N',NULL,NULL,NULL,NULL,'Already complete');

INSERT INTO SM_TABLE_DEF (TABLE_ID,TABLE_NAME,JP_TITLE,US_TITLE,RELEASE_FLAG,DISTRIBUTE_FLAG,PERMISSION_TYPE,SCHEMA_TYPE,HAS_DUMMY,SORT_NO) VALUES ('TBLID_BEMP_CARRY_PORT','BEMP_CARRY_PORT','BEMP_CARRY_PORT','BEMP_CARRY_PORT','Y','N','C','L','N',520);
INSERT INTO SM_FIELD_DEF (TABLE_ID,FIELD_NAME,JP_TITLE,US_TITLE,DB_TYPE,DB_LENGTH,IS_KEY,NOT_BLANK,IS_DUMMY,IS_SEARCH_ITEM,SORT_NO,TREE_LEVEL,SHEET_NO,PAGE_NO,PROPERTY_NO,IS_AUTO,IS_MANDATORY,SYSTEM_READONLY,FIELD_TYPE,FIELD_LENGTH,INPUT_ALPHABET,INPUT_MULTIBYTE,INPUT_NUMERIC,INPUT_SYMBOL,INPUT_UPPERCASE,RETRIEVAL_TABLE,FORMAT,DEFAULT_VALUE,MIN_VALUE,MAX_VALUE,CALENDAR_BUTTON,JUMP_BUTTON,OPEN_BUTTON,REF_TABLE_ID,REF_FIELD_NAME,SPECIAL_BUTTON) VALUES ('TBLID_BEMP_CARRY_PORT','CARG_ID','CARG_ID','CARG_ID','STRING',10,'Y','Y','N','Y',0,0,0,0,0,'N','N','N','STRING',10,'Y',0,'Y','Y','Y','NONE',NULL,NULL,NULL,NULL,'N','N',0,NULL,NULL,0);
INSERT INTO SM_FIELD_DEF (TABLE_ID,FIELD_NAME,JP_TITLE,US_TITLE,DB_TYPE,DB_LENGTH,IS_KEY,NOT_BLANK,IS_DUMMY,IS_SEARCH_ITEM,SORT_NO,TREE_LEVEL,SHEET_NO,PAGE_NO,PROPERTY_NO,IS_AUTO,IS_MANDATORY,SYSTEM_READONLY,FIELD_TYPE,FIELD_LENGTH,INPUT_ALPHABET,INPUT_MULTIBYTE,INPUT_NUMERIC,INPUT_SYMBOL,INPUT_UPPERCASE,RETRIEVAL_TABLE,FORMAT,DEFAULT_VALUE,MIN_VALUE,MAX_VALUE,CALENDAR_BUTTON,JUMP_BUTTON,OPEN_BUTTON,REF_TABLE_ID,REF_FIELD_NAME,SPECIAL_BUTTON) VALUES ('TBLID_BEMP_CARRY_PORT','FAB_ID','FAB_ID','FAB_ID','STRING',10,'N','Y','N','Y',1,-1,0,0,1,'N','N','N','STRING',10,'Y',0,'Y','Y','Y','NONE',NULL,NULL,NULL,NULL,'N','N',0,NULL,NULL,0);
INSERT INTO SM_FIELD_DEF (TABLE_ID,FIELD_NAME,JP_TITLE,US_TITLE,DB_TYPE,DB_LENGTH,IS_KEY,NOT_BLANK,IS_DUMMY,IS_SEARCH_ITEM,SORT_NO,TREE_LEVEL,SHEET_NO,PAGE_NO,PROPERTY_NO,IS_AUTO,IS_MANDATORY,SYSTEM_READONLY,FIELD_TYPE,FIELD_LENGTH,INPUT_ALPHABET,INPUT_MULTIBYTE,INPUT_NUMERIC,INPUT_SYMBOL,INPUT_UPPERCASE,RETRIEVAL_TABLE,FORMAT,DEFAULT_VALUE,MIN_VALUE,MAX_VALUE,CALENDAR_BUTTON,JUMP_BUTTON,OPEN_BUTTON,REF_TABLE_ID,REF_FIELD_NAME,SPECIAL_BUTTON) VALUES ('TBLID_BEMP_CARRY_PORT','EQP_ID','EQP_ID','EQP_ID','STRING',10,'N','Y','N','Y',2,-1,0,0,2,'N','N','N','STRING',10,'Y',0,'Y','Y','Y','NONE',NULL,NULL,NULL,NULL,'N','N',0,NULL,NULL,0);
INSERT INTO SM_FIELD_DEF (TABLE_ID,FIELD_NAME,JP_TITLE,US_TITLE,DB_TYPE,DB_LENGTH,IS_KEY,NOT_BLANK,IS_DUMMY,IS_SEARCH_ITEM,SORT_NO,TREE_LEVEL,SHEET_NO,PAGE_NO,PROPERTY_NO,IS_AUTO,IS_MANDATORY,SYSTEM_READONLY,FIELD_TYPE,FIELD_LENGTH,INPUT_ALPHABET,INPUT_MULTIBYTE,INPUT_NUMERIC,INPUT_SYMBOL,INPUT_UPPERCASE,RETRIEVAL_TABLE,FORMAT,DEFAULT_VALUE,MIN_VALUE,MAX_VALUE,CALENDAR_BUTTON,JUMP_BUTTON,OPEN_BUTTON,REF_TABLE_ID,REF_FIELD_NAME,SPECIAL_BUTTON) VALUES ('TBLID_BEMP_CARRY_PORT','CARRY_STK','CARRY_STK','CARRY_STK','STRING',10,'N','Y','N','Y',3,-1,0,0,3,'N','N','N','STRING',10,'Y',0,'Y','Y','Y','NONE',NULL,NULL,NULL,NULL,'N','N',0,NULL,NULL,0);
INSERT INTO SM_FIELD_DEF (TABLE_ID,FIELD_NAME,JP_TITLE,US_TITLE,DB_TYPE,DB_LENGTH,IS_KEY,NOT_BLANK,IS_DUMMY,IS_SEARCH_ITEM,SORT_NO,TREE_LEVEL,SHEET_NO,PAGE_NO,PROPERTY_NO,IS_AUTO,IS_MANDATORY,SYSTEM_READONLY,FIELD_TYPE,FIELD_LENGTH,INPUT_ALPHABET,INPUT_MULTIBYTE,INPUT_NUMERIC,INPUT_SYMBOL,INPUT_UPPERCASE,RETRIEVAL_TABLE,FORMAT,DEFAULT_VALUE,MIN_VALUE,MAX_VALUE,CALENDAR_BUTTON,JUMP_BUTTON,OPEN_BUTTON,REF_TABLE_ID,REF_FIELD_NAME,SPECIAL_BUTTON) VALUES ('TBLID_BEMP_CARRY_PORT','CARRY_PORT','CARRY_PORT','CARRY_PORT','STRING',10,'N','Y','N','Y',4,-1,0,0,4,'N','N','N','STRING',10,'Y',0,'Y','Y','Y','NONE',NULL,NULL,NULL,NULL,'N','N',0,NULL,NULL,0);
INSERT INTO SM_FIELD_DEF (TABLE_ID,FIELD_NAME,JP_TITLE,US_TITLE,DB_TYPE,DB_LENGTH,IS_KEY,NOT_BLANK,IS_DUMMY,IS_SEARCH_ITEM,SORT_NO,TREE_LEVEL,SHEET_NO,PAGE_NO,PROPERTY_NO,IS_AUTO,IS_MANDATORY,SYSTEM_READONLY,FIELD_TYPE,FIELD_LENGTH,INPUT_ALPHABET,INPUT_MULTIBYTE,INPUT_NUMERIC,INPUT_SYMBOL,INPUT_UPPERCASE,RETRIEVAL_TABLE,FORMAT,DEFAULT_VALUE,MIN_VALUE,MAX_VALUE,CALENDAR_BUTTON,JUMP_BUTTON,OPEN_BUTTON,REF_TABLE_ID,REF_FIELD_NAME,SPECIAL_BUTTON) VALUES ('TBLID_BEMP_CARRY_PORT','IN_PORT','IN_PORT','IN_PORT','STRING',10,'N','Y','N','Y',5,-1,0,0,5,'N','N','N','STRING',10,'Y',0,'Y','Y','Y','NONE',NULL,NULL,NULL,NULL,'N','N',0,NULL,NULL,0);
INSERT INTO SM_CHECK_DEF (TABLE_ID,CHECK_TYPE,CHECK_ORDER,CHECK_KIND,FIELD_NAME,REF_TABLE,REF_FIELD,EXPECT_VALUE,ERR_MSG) VALUES ('TBLID_BEMP_CARRY_PORT','SAVE',1,'NOTNULL','CARG_ID',NULL,NULL,NULL,'CARG_ID required');
INSERT INTO SM_CHECK_DEF (TABLE_ID,CHECK_TYPE,CHECK_ORDER,CHECK_KIND,FIELD_NAME,REF_TABLE,REF_FIELD,EXPECT_VALUE,ERR_MSG) VALUES ('TBLID_BEMP_CARRY_PORT','SAVE',2,'STAT_N',NULL,NULL,NULL,NULL,'Not editable');
INSERT INTO SM_CHECK_DEF (TABLE_ID,CHECK_TYPE,CHECK_ORDER,CHECK_KIND,FIELD_NAME,REF_TABLE,REF_FIELD,EXPECT_VALUE,ERR_MSG) VALUES ('TBLID_BEMP_CARRY_PORT','SAVE',3,'LOCK_FREE',NULL,NULL,NULL,NULL,'Locked');
INSERT INTO SM_CHECK_DEF (TABLE_ID,CHECK_TYPE,CHECK_ORDER,CHECK_KIND,FIELD_NAME,REF_TABLE,REF_FIELD,EXPECT_VALUE,ERR_MSG) VALUES ('TBLID_BEMP_CARRY_PORT','RELEASE',1,'NOTNULL','CARG_ID',NULL,NULL,NULL,'CARG_ID required');
INSERT INTO SM_CHECK_DEF (TABLE_ID,CHECK_TYPE,CHECK_ORDER,CHECK_KIND,FIELD_NAME,REF_TABLE,REF_FIELD,EXPECT_VALUE,ERR_MSG) VALUES ('TBLID_BEMP_CARRY_PORT','RELEASE',2,'STAT_N',NULL,NULL,NULL,NULL,'Not editable');
INSERT INTO SM_CHECK_DEF (TABLE_ID,CHECK_TYPE,CHECK_ORDER,CHECK_KIND,FIELD_NAME,REF_TABLE,REF_FIELD,EXPECT_VALUE,ERR_MSG) VALUES ('TBLID_BEMP_CARRY_PORT','RELEASE',3,'LOCK_FREE',NULL,NULL,NULL,NULL,'Locked');
INSERT INTO SM_CHECK_DEF (TABLE_ID,CHECK_TYPE,CHECK_ORDER,CHECK_KIND,FIELD_NAME,REF_TABLE,REF_FIELD,EXPECT_VALUE,ERR_MSG) VALUES ('TBLID_BEMP_CARRY_PORT','RELEASE',10,'RELEASE_PARAM','CARG_ID','DEMP_CARRY_PORT',NULL,NULL,NULL);
INSERT INTO SM_CHECK_DEF (TABLE_ID,CHECK_TYPE,CHECK_ORDER,CHECK_KIND,FIELD_NAME,REF_TABLE,REF_FIELD,EXPECT_VALUE,ERR_MSG) VALUES ('TBLID_BEMP_CARRY_PORT','DELETE',1,'NOTNULL','CARG_ID',NULL,NULL,NULL,'CARG_ID required');
INSERT INTO SM_CHECK_DEF (TABLE_ID,CHECK_TYPE,CHECK_ORDER,CHECK_KIND,FIELD_NAME,REF_TABLE,REF_FIELD,EXPECT_VALUE,ERR_MSG) VALUES ('TBLID_BEMP_CARRY_PORT','DELETE',2,'STAT_Y',NULL,NULL,NULL,NULL,'Not released');
INSERT INTO SM_CHECK_DEF (TABLE_ID,CHECK_TYPE,CHECK_ORDER,CHECK_KIND,FIELD_NAME,REF_TABLE,REF_FIELD,EXPECT_VALUE,ERR_MSG) VALUES ('TBLID_BEMP_CARRY_PORT','DELETE',3,'LOCK_FREE',NULL,NULL,NULL,NULL,'Locked');
INSERT INTO SM_CHECK_DEF (TABLE_ID,CHECK_TYPE,CHECK_ORDER,CHECK_KIND,FIELD_NAME,REF_TABLE,REF_FIELD,EXPECT_VALUE,ERR_MSG) VALUES ('TBLID_BEMP_CARRY_PORT','EDITCOMP',1,'NOTNULL','CARG_ID',NULL,NULL,NULL,'CARG_ID required');
INSERT INTO SM_CHECK_DEF (TABLE_ID,CHECK_TYPE,CHECK_ORDER,CHECK_KIND,FIELD_NAME,REF_TABLE,REF_FIELD,EXPECT_VALUE,ERR_MSG) VALUES ('TBLID_BEMP_CARRY_PORT','EDITCOMP',2,'STAT_N',NULL,NULL,NULL,NULL,'Not editable');
INSERT INTO SM_CHECK_DEF (TABLE_ID,CHECK_TYPE,CHECK_ORDER,CHECK_KIND,FIELD_NAME,REF_TABLE,REF_FIELD,EXPECT_VALUE,ERR_MSG) VALUES ('TBLID_BEMP_CARRY_PORT','EDITCOMP',3,'LOCK_FREE',NULL,NULL,NULL,NULL,'Locked');
INSERT INTO SM_CHECK_DEF (TABLE_ID,CHECK_TYPE,CHECK_ORDER,CHECK_KIND,FIELD_NAME,REF_TABLE,REF_FIELD,EXPECT_VALUE,ERR_MSG) VALUES ('TBLID_BEMP_CARRY_PORT','EDITCOMP',4,'COMP_N',NULL,NULL,NULL,NULL,'Already complete');

INSERT INTO SM_TABLE_DEF (TABLE_ID,TABLE_NAME,JP_TITLE,US_TITLE,RELEASE_FLAG,DISTRIBUTE_FLAG,PERMISSION_TYPE,SCHEMA_TYPE,HAS_DUMMY,SORT_NO) VALUES ('TBLID_BEPMONI','BEPMONI','BEPMONI','BEPMONI','Y','N','C','L','N',530);
INSERT INTO SM_FIELD_DEF (TABLE_ID,FIELD_NAME,JP_TITLE,US_TITLE,DB_TYPE,DB_LENGTH,IS_KEY,NOT_BLANK,IS_DUMMY,IS_SEARCH_ITEM,SORT_NO,TREE_LEVEL,SHEET_NO,PAGE_NO,PROPERTY_NO,IS_AUTO,IS_MANDATORY,SYSTEM_READONLY,FIELD_TYPE,FIELD_LENGTH,INPUT_ALPHABET,INPUT_MULTIBYTE,INPUT_NUMERIC,INPUT_SYMBOL,INPUT_UPPERCASE,RETRIEVAL_TABLE,FORMAT,DEFAULT_VALUE,MIN_VALUE,MAX_VALUE,CALENDAR_BUTTON,JUMP_BUTTON,OPEN_BUTTON,REF_TABLE_ID,REF_FIELD_NAME,SPECIAL_BUTTON) VALUES ('TBLID_BEPMONI','EP_MON_CON_ID','EP_MON_CON_ID','EP_MON_CON_ID','STRING',20,'Y','Y','N','Y',0,0,0,0,0,'N','N','N','STRING',20,'Y',0,'Y','Y','Y','NONE',NULL,NULL,NULL,NULL,'N','N',0,NULL,NULL,0);
INSERT INTO SM_FIELD_DEF (TABLE_ID,FIELD_NAME,JP_TITLE,US_TITLE,DB_TYPE,DB_LENGTH,IS_KEY,NOT_BLANK,IS_DUMMY,IS_SEARCH_ITEM,SORT_NO,TREE_LEVEL,SHEET_NO,PAGE_NO,PROPERTY_NO,IS_AUTO,IS_MANDATORY,SYSTEM_READONLY,FIELD_TYPE,FIELD_LENGTH,INPUT_ALPHABET,INPUT_MULTIBYTE,INPUT_NUMERIC,INPUT_SYMBOL,INPUT_UPPERCASE,RETRIEVAL_TABLE,FORMAT,DEFAULT_VALUE,MIN_VALUE,MAX_VALUE,CALENDAR_BUTTON,JUMP_BUTTON,OPEN_BUTTON,REF_TABLE_ID,REF_FIELD_NAME,SPECIAL_BUTTON) VALUES ('TBLID_BEPMONI','SLOT_NO','SLOT_NO','SLOT_NO','STRING',3,'N','Y','N','Y',1,-1,0,0,1,'N','N','N','STRING',3,'Y',0,'Y','Y','Y','NONE',NULL,NULL,NULL,NULL,'N','N',0,NULL,NULL,0);
INSERT INTO SM_FIELD_DEF (TABLE_ID,FIELD_NAME,JP_TITLE,US_TITLE,DB_TYPE,DB_LENGTH,IS_KEY,NOT_BLANK,IS_DUMMY,IS_SEARCH_ITEM,SORT_NO,TREE_LEVEL,SHEET_NO,PAGE_NO,PROPERTY_NO,IS_AUTO,IS_MANDATORY,SYSTEM_READONLY,FIELD_TYPE,FIELD_LENGTH,INPUT_ALPHABET,INPUT_MULTIBYTE,INPUT_NUMERIC,INPUT_SYMBOL,INPUT_UPPERCASE,RETRIEVAL_TABLE,FORMAT,DEFAULT_VALUE,MIN_VALUE,MAX_VALUE,CALENDAR_BUTTON,JUMP_BUTTON,OPEN_BUTTON,REF_TABLE_ID,REF_FIELD_NAME,SPECIAL_BUTTON) VALUES ('TBLID_BEPMONI','MON_PROD_ID','MON_PROD_ID','MON_PROD_ID','STRING',20,'N','Y','N','Y',2,-1,0,0,2,'N','N','N','STRING',20,'Y',0,'Y','Y','Y','NONE',NULL,NULL,NULL,NULL,'N','N',0,NULL,NULL,0);
INSERT INTO SM_FIELD_DEF (TABLE_ID,FIELD_NAME,JP_TITLE,US_TITLE,DB_TYPE,DB_LENGTH,IS_KEY,NOT_BLANK,IS_DUMMY,IS_SEARCH_ITEM,SORT_NO,TREE_LEVEL,SHEET_NO,PAGE_NO,PROPERTY_NO,IS_AUTO,IS_MANDATORY,SYSTEM_READONLY,FIELD_TYPE,FIELD_LENGTH,INPUT_ALPHABET,INPUT_MULTIBYTE,INPUT_NUMERIC,INPUT_SYMBOL,INPUT_UPPERCASE,RETRIEVAL_TABLE,FORMAT,DEFAULT_VALUE,MIN_VALUE,MAX_VALUE,CALENDAR_BUTTON,JUMP_BUTTON,OPEN_BUTTON,REF_TABLE_ID,REF_FIELD_NAME,SPECIAL_BUTTON) VALUES ('TBLID_BEPMONI','EP_ASS_UNIT_CAT','EP_ASS_UNIT_CAT','EP_ASS_UNIT_CAT','STRING',1,'N','Y','N','Y',3,-1,0,0,3,'N','N','N','STRING',1,'Y',0,'Y','Y','Y','NONE',NULL,NULL,NULL,NULL,'N','N',0,NULL,NULL,0);
INSERT INTO SM_FIELD_DEF (TABLE_ID,FIELD_NAME,JP_TITLE,US_TITLE,DB_TYPE,DB_LENGTH,IS_KEY,NOT_BLANK,IS_DUMMY,IS_SEARCH_ITEM,SORT_NO,TREE_LEVEL,SHEET_NO,PAGE_NO,PROPERTY_NO,IS_AUTO,IS_MANDATORY,SYSTEM_READONLY,FIELD_TYPE,FIELD_LENGTH,INPUT_ALPHABET,INPUT_MULTIBYTE,INPUT_NUMERIC,INPUT_SYMBOL,INPUT_UPPERCASE,RETRIEVAL_TABLE,FORMAT,DEFAULT_VALUE,MIN_VALUE,MAX_VALUE,CALENDAR_BUTTON,JUMP_BUTTON,OPEN_BUTTON,REF_TABLE_ID,REF_FIELD_NAME,SPECIAL_BUTTON) VALUES ('TBLID_BEPMONI','EP_MON_BOX_INSCYCLE','EP_MON_BOX_INSCYCLE','EP_MON_BOX_INSCYCLE','NUMBER',0,'N','Y','N','Y',4,-1,0,0,4,'N','N','N','STRING',0,'Y',0,'Y','Y','Y','NONE',NULL,NULL,NULL,NULL,'N','N',0,NULL,NULL,0);
INSERT INTO SM_FIELD_DEF (TABLE_ID,FIELD_NAME,JP_TITLE,US_TITLE,DB_TYPE,DB_LENGTH,IS_KEY,NOT_BLANK,IS_DUMMY,IS_SEARCH_ITEM,SORT_NO,TREE_LEVEL,SHEET_NO,PAGE_NO,PROPERTY_NO,IS_AUTO,IS_MANDATORY,SYSTEM_READONLY,FIELD_TYPE,FIELD_LENGTH,INPUT_ALPHABET,INPUT_MULTIBYTE,INPUT_NUMERIC,INPUT_SYMBOL,INPUT_UPPERCASE,RETRIEVAL_TABLE,FORMAT,DEFAULT_VALUE,MIN_VALUE,MAX_VALUE,CALENDAR_BUTTON,JUMP_BUTTON,OPEN_BUTTON,REF_TABLE_ID,REF_FIELD_NAME,SPECIAL_BUTTON) VALUES ('TBLID_BEPMONI','INSP_USED_ID','INSP_USED_ID','INSP_USED_ID','STRING',12,'N','Y','N','Y',5,-1,0,0,5,'N','N','N','STRING',12,'Y',0,'Y','Y','Y','NONE',NULL,NULL,NULL,NULL,'N','N',0,NULL,NULL,0);
INSERT INTO SM_CHECK_DEF (TABLE_ID,CHECK_TYPE,CHECK_ORDER,CHECK_KIND,FIELD_NAME,REF_TABLE,REF_FIELD,EXPECT_VALUE,ERR_MSG) VALUES ('TBLID_BEPMONI','SAVE',1,'NOTNULL','EP_MON_CON_ID',NULL,NULL,NULL,'EP_MON_CON_ID required');
INSERT INTO SM_CHECK_DEF (TABLE_ID,CHECK_TYPE,CHECK_ORDER,CHECK_KIND,FIELD_NAME,REF_TABLE,REF_FIELD,EXPECT_VALUE,ERR_MSG) VALUES ('TBLID_BEPMONI','SAVE',2,'STAT_N',NULL,NULL,NULL,NULL,'Not editable');
INSERT INTO SM_CHECK_DEF (TABLE_ID,CHECK_TYPE,CHECK_ORDER,CHECK_KIND,FIELD_NAME,REF_TABLE,REF_FIELD,EXPECT_VALUE,ERR_MSG) VALUES ('TBLID_BEPMONI','SAVE',3,'LOCK_FREE',NULL,NULL,NULL,NULL,'Locked');
INSERT INTO SM_CHECK_DEF (TABLE_ID,CHECK_TYPE,CHECK_ORDER,CHECK_KIND,FIELD_NAME,REF_TABLE,REF_FIELD,EXPECT_VALUE,ERR_MSG) VALUES ('TBLID_BEPMONI','RELEASE',1,'NOTNULL','EP_MON_CON_ID',NULL,NULL,NULL,'EP_MON_CON_ID required');
INSERT INTO SM_CHECK_DEF (TABLE_ID,CHECK_TYPE,CHECK_ORDER,CHECK_KIND,FIELD_NAME,REF_TABLE,REF_FIELD,EXPECT_VALUE,ERR_MSG) VALUES ('TBLID_BEPMONI','RELEASE',2,'STAT_N',NULL,NULL,NULL,NULL,'Not editable');
INSERT INTO SM_CHECK_DEF (TABLE_ID,CHECK_TYPE,CHECK_ORDER,CHECK_KIND,FIELD_NAME,REF_TABLE,REF_FIELD,EXPECT_VALUE,ERR_MSG) VALUES ('TBLID_BEPMONI','RELEASE',3,'LOCK_FREE',NULL,NULL,NULL,NULL,'Locked');
INSERT INTO SM_CHECK_DEF (TABLE_ID,CHECK_TYPE,CHECK_ORDER,CHECK_KIND,FIELD_NAME,REF_TABLE,REF_FIELD,EXPECT_VALUE,ERR_MSG) VALUES ('TBLID_BEPMONI','RELEASE',10,'RELEASE_PARAM','EP_MON_CON_ID','DEPMONI',NULL,NULL,NULL);
INSERT INTO SM_CHECK_DEF (TABLE_ID,CHECK_TYPE,CHECK_ORDER,CHECK_KIND,FIELD_NAME,REF_TABLE,REF_FIELD,EXPECT_VALUE,ERR_MSG) VALUES ('TBLID_BEPMONI','DELETE',1,'NOTNULL','EP_MON_CON_ID',NULL,NULL,NULL,'EP_MON_CON_ID required');
INSERT INTO SM_CHECK_DEF (TABLE_ID,CHECK_TYPE,CHECK_ORDER,CHECK_KIND,FIELD_NAME,REF_TABLE,REF_FIELD,EXPECT_VALUE,ERR_MSG) VALUES ('TBLID_BEPMONI','DELETE',2,'STAT_Y',NULL,NULL,NULL,NULL,'Not released');
INSERT INTO SM_CHECK_DEF (TABLE_ID,CHECK_TYPE,CHECK_ORDER,CHECK_KIND,FIELD_NAME,REF_TABLE,REF_FIELD,EXPECT_VALUE,ERR_MSG) VALUES ('TBLID_BEPMONI','DELETE',3,'LOCK_FREE',NULL,NULL,NULL,NULL,'Locked');
INSERT INTO SM_CHECK_DEF (TABLE_ID,CHECK_TYPE,CHECK_ORDER,CHECK_KIND,FIELD_NAME,REF_TABLE,REF_FIELD,EXPECT_VALUE,ERR_MSG) VALUES ('TBLID_BEPMONI','EDITCOMP',1,'NOTNULL','EP_MON_CON_ID',NULL,NULL,NULL,'EP_MON_CON_ID required');
INSERT INTO SM_CHECK_DEF (TABLE_ID,CHECK_TYPE,CHECK_ORDER,CHECK_KIND,FIELD_NAME,REF_TABLE,REF_FIELD,EXPECT_VALUE,ERR_MSG) VALUES ('TBLID_BEPMONI','EDITCOMP',2,'STAT_N',NULL,NULL,NULL,NULL,'Not editable');
INSERT INTO SM_CHECK_DEF (TABLE_ID,CHECK_TYPE,CHECK_ORDER,CHECK_KIND,FIELD_NAME,REF_TABLE,REF_FIELD,EXPECT_VALUE,ERR_MSG) VALUES ('TBLID_BEPMONI','EDITCOMP',3,'LOCK_FREE',NULL,NULL,NULL,NULL,'Locked');
INSERT INTO SM_CHECK_DEF (TABLE_ID,CHECK_TYPE,CHECK_ORDER,CHECK_KIND,FIELD_NAME,REF_TABLE,REF_FIELD,EXPECT_VALUE,ERR_MSG) VALUES ('TBLID_BEPMONI','EDITCOMP',4,'COMP_N',NULL,NULL,NULL,NULL,'Already complete');

INSERT INTO SM_TABLE_DEF (TABLE_ID,TABLE_NAME,JP_TITLE,US_TITLE,RELEASE_FLAG,DISTRIBUTE_FLAG,PERMISSION_TYPE,SCHEMA_TYPE,HAS_DUMMY,SORT_NO) VALUES ('TBLID_BEP_MEAS_NUM','BEP_MEAS_NUM','BEP_MEAS_NUM','BEP_MEAS_NUM','Y','N','C','L','N',540);
INSERT INTO SM_FIELD_DEF (TABLE_ID,FIELD_NAME,JP_TITLE,US_TITLE,DB_TYPE,DB_LENGTH,IS_KEY,NOT_BLANK,IS_DUMMY,IS_SEARCH_ITEM,SORT_NO,TREE_LEVEL,SHEET_NO,PAGE_NO,PROPERTY_NO,IS_AUTO,IS_MANDATORY,SYSTEM_READONLY,FIELD_TYPE,FIELD_LENGTH,INPUT_ALPHABET,INPUT_MULTIBYTE,INPUT_NUMERIC,INPUT_SYMBOL,INPUT_UPPERCASE,RETRIEVAL_TABLE,FORMAT,DEFAULT_VALUE,MIN_VALUE,MAX_VALUE,CALENDAR_BUTTON,JUMP_BUTTON,OPEN_BUTTON,REF_TABLE_ID,REF_FIELD_NAME,SPECIAL_BUTTON) VALUES ('TBLID_BEP_MEAS_NUM','PROD_ID','PROD_ID','PROD_ID','STRING',20,'Y','Y','N','Y',0,0,0,0,0,'N','N','N','STRING',20,'Y',0,'Y','Y','Y','NONE',NULL,NULL,NULL,NULL,'N','N',0,NULL,NULL,0);
INSERT INTO SM_FIELD_DEF (TABLE_ID,FIELD_NAME,JP_TITLE,US_TITLE,DB_TYPE,DB_LENGTH,IS_KEY,NOT_BLANK,IS_DUMMY,IS_SEARCH_ITEM,SORT_NO,TREE_LEVEL,SHEET_NO,PAGE_NO,PROPERTY_NO,IS_AUTO,IS_MANDATORY,SYSTEM_READONLY,FIELD_TYPE,FIELD_LENGTH,INPUT_ALPHABET,INPUT_MULTIBYTE,INPUT_NUMERIC,INPUT_SYMBOL,INPUT_UPPERCASE,RETRIEVAL_TABLE,FORMAT,DEFAULT_VALUE,MIN_VALUE,MAX_VALUE,CALENDAR_BUTTON,JUMP_BUTTON,OPEN_BUTTON,REF_TABLE_ID,REF_FIELD_NAME,SPECIAL_BUTTON) VALUES ('TBLID_BEP_MEAS_NUM','OPE_ID','OPE_ID','OPE_ID','STRING',8,'N','Y','N','Y',1,-1,0,0,1,'N','N','N','STRING',8,'Y',0,'Y','Y','Y','NONE',NULL,NULL,NULL,NULL,'N','N',0,NULL,NULL,0);
INSERT INTO SM_FIELD_DEF (TABLE_ID,FIELD_NAME,JP_TITLE,US_TITLE,DB_TYPE,DB_LENGTH,IS_KEY,NOT_BLANK,IS_DUMMY,IS_SEARCH_ITEM,SORT_NO,TREE_LEVEL,SHEET_NO,PAGE_NO,PROPERTY_NO,IS_AUTO,IS_MANDATORY,SYSTEM_READONLY,FIELD_TYPE,FIELD_LENGTH,INPUT_ALPHABET,INPUT_MULTIBYTE,INPUT_NUMERIC,INPUT_SYMBOL,INPUT_UPPERCASE,RETRIEVAL_TABLE,FORMAT,DEFAULT_VALUE,MIN_VALUE,MAX_VALUE,CALENDAR_BUTTON,JUMP_BUTTON,OPEN_BUTTON,REF_TABLE_ID,REF_FIELD_NAME,SPECIAL_BUTTON) VALUES ('TBLID_BEP_MEAS_NUM','SKIP_CNT','SKIP_CNT','SKIP_CNT','NUMBER',0,'N','Y','N','Y',2,-1,0,0,2,'N','N','N','STRING',0,'Y',0,'Y','Y','Y','NONE',NULL,NULL,NULL,NULL,'N','N',0,NULL,NULL,0);
INSERT INTO SM_CHECK_DEF (TABLE_ID,CHECK_TYPE,CHECK_ORDER,CHECK_KIND,FIELD_NAME,REF_TABLE,REF_FIELD,EXPECT_VALUE,ERR_MSG) VALUES ('TBLID_BEP_MEAS_NUM','SAVE',1,'NOTNULL','PROD_ID',NULL,NULL,NULL,'PROD_ID required');
INSERT INTO SM_CHECK_DEF (TABLE_ID,CHECK_TYPE,CHECK_ORDER,CHECK_KIND,FIELD_NAME,REF_TABLE,REF_FIELD,EXPECT_VALUE,ERR_MSG) VALUES ('TBLID_BEP_MEAS_NUM','SAVE',2,'STAT_N',NULL,NULL,NULL,NULL,'Not editable');
INSERT INTO SM_CHECK_DEF (TABLE_ID,CHECK_TYPE,CHECK_ORDER,CHECK_KIND,FIELD_NAME,REF_TABLE,REF_FIELD,EXPECT_VALUE,ERR_MSG) VALUES ('TBLID_BEP_MEAS_NUM','SAVE',3,'LOCK_FREE',NULL,NULL,NULL,NULL,'Locked');
INSERT INTO SM_CHECK_DEF (TABLE_ID,CHECK_TYPE,CHECK_ORDER,CHECK_KIND,FIELD_NAME,REF_TABLE,REF_FIELD,EXPECT_VALUE,ERR_MSG) VALUES ('TBLID_BEP_MEAS_NUM','RELEASE',1,'NOTNULL','PROD_ID',NULL,NULL,NULL,'PROD_ID required');
INSERT INTO SM_CHECK_DEF (TABLE_ID,CHECK_TYPE,CHECK_ORDER,CHECK_KIND,FIELD_NAME,REF_TABLE,REF_FIELD,EXPECT_VALUE,ERR_MSG) VALUES ('TBLID_BEP_MEAS_NUM','RELEASE',2,'STAT_N',NULL,NULL,NULL,NULL,'Not editable');
INSERT INTO SM_CHECK_DEF (TABLE_ID,CHECK_TYPE,CHECK_ORDER,CHECK_KIND,FIELD_NAME,REF_TABLE,REF_FIELD,EXPECT_VALUE,ERR_MSG) VALUES ('TBLID_BEP_MEAS_NUM','RELEASE',3,'LOCK_FREE',NULL,NULL,NULL,NULL,'Locked');
INSERT INTO SM_CHECK_DEF (TABLE_ID,CHECK_TYPE,CHECK_ORDER,CHECK_KIND,FIELD_NAME,REF_TABLE,REF_FIELD,EXPECT_VALUE,ERR_MSG) VALUES ('TBLID_BEP_MEAS_NUM','RELEASE',10,'RELEASE_PARAM','PROD_ID','DEP_MEAS_NUM',NULL,NULL,NULL);
INSERT INTO SM_CHECK_DEF (TABLE_ID,CHECK_TYPE,CHECK_ORDER,CHECK_KIND,FIELD_NAME,REF_TABLE,REF_FIELD,EXPECT_VALUE,ERR_MSG) VALUES ('TBLID_BEP_MEAS_NUM','DELETE',1,'NOTNULL','PROD_ID',NULL,NULL,NULL,'PROD_ID required');
INSERT INTO SM_CHECK_DEF (TABLE_ID,CHECK_TYPE,CHECK_ORDER,CHECK_KIND,FIELD_NAME,REF_TABLE,REF_FIELD,EXPECT_VALUE,ERR_MSG) VALUES ('TBLID_BEP_MEAS_NUM','DELETE',2,'STAT_Y',NULL,NULL,NULL,NULL,'Not released');
INSERT INTO SM_CHECK_DEF (TABLE_ID,CHECK_TYPE,CHECK_ORDER,CHECK_KIND,FIELD_NAME,REF_TABLE,REF_FIELD,EXPECT_VALUE,ERR_MSG) VALUES ('TBLID_BEP_MEAS_NUM','DELETE',3,'LOCK_FREE',NULL,NULL,NULL,NULL,'Locked');
INSERT INTO SM_CHECK_DEF (TABLE_ID,CHECK_TYPE,CHECK_ORDER,CHECK_KIND,FIELD_NAME,REF_TABLE,REF_FIELD,EXPECT_VALUE,ERR_MSG) VALUES ('TBLID_BEP_MEAS_NUM','EDITCOMP',1,'NOTNULL','PROD_ID',NULL,NULL,NULL,'PROD_ID required');
INSERT INTO SM_CHECK_DEF (TABLE_ID,CHECK_TYPE,CHECK_ORDER,CHECK_KIND,FIELD_NAME,REF_TABLE,REF_FIELD,EXPECT_VALUE,ERR_MSG) VALUES ('TBLID_BEP_MEAS_NUM','EDITCOMP',2,'STAT_N',NULL,NULL,NULL,NULL,'Not editable');
INSERT INTO SM_CHECK_DEF (TABLE_ID,CHECK_TYPE,CHECK_ORDER,CHECK_KIND,FIELD_NAME,REF_TABLE,REF_FIELD,EXPECT_VALUE,ERR_MSG) VALUES ('TBLID_BEP_MEAS_NUM','EDITCOMP',3,'LOCK_FREE',NULL,NULL,NULL,NULL,'Locked');
INSERT INTO SM_CHECK_DEF (TABLE_ID,CHECK_TYPE,CHECK_ORDER,CHECK_KIND,FIELD_NAME,REF_TABLE,REF_FIELD,EXPECT_VALUE,ERR_MSG) VALUES ('TBLID_BEP_MEAS_NUM','EDITCOMP',4,'COMP_N',NULL,NULL,NULL,NULL,'Already complete');

INSERT INTO SM_TABLE_DEF (TABLE_ID,TABLE_NAME,JP_TITLE,US_TITLE,RELEASE_FLAG,DISTRIBUTE_FLAG,PERMISSION_TYPE,SCHEMA_TYPE,HAS_DUMMY,SORT_NO) VALUES ('TBLID_BEQPG_EQP','BEQPG_EQP','BEQPG_EQP','BEQPG_EQP','Y','N','C','L','N',550);
INSERT INTO SM_FIELD_DEF (TABLE_ID,FIELD_NAME,JP_TITLE,US_TITLE,DB_TYPE,DB_LENGTH,IS_KEY,NOT_BLANK,IS_DUMMY,IS_SEARCH_ITEM,SORT_NO,TREE_LEVEL,SHEET_NO,PAGE_NO,PROPERTY_NO,IS_AUTO,IS_MANDATORY,SYSTEM_READONLY,FIELD_TYPE,FIELD_LENGTH,INPUT_ALPHABET,INPUT_MULTIBYTE,INPUT_NUMERIC,INPUT_SYMBOL,INPUT_UPPERCASE,RETRIEVAL_TABLE,FORMAT,DEFAULT_VALUE,MIN_VALUE,MAX_VALUE,CALENDAR_BUTTON,JUMP_BUTTON,OPEN_BUTTON,REF_TABLE_ID,REF_FIELD_NAME,SPECIAL_BUTTON) VALUES ('TBLID_BEQPG_EQP','EQPG_ID','EQPG_ID','EQPG_ID','STRING',10,'Y','Y','N','Y',0,0,0,0,0,'N','N','N','STRING',10,'Y',0,'Y','Y','Y','NONE',NULL,NULL,NULL,NULL,'N','N',0,NULL,NULL,0);
INSERT INTO SM_FIELD_DEF (TABLE_ID,FIELD_NAME,JP_TITLE,US_TITLE,DB_TYPE,DB_LENGTH,IS_KEY,NOT_BLANK,IS_DUMMY,IS_SEARCH_ITEM,SORT_NO,TREE_LEVEL,SHEET_NO,PAGE_NO,PROPERTY_NO,IS_AUTO,IS_MANDATORY,SYSTEM_READONLY,FIELD_TYPE,FIELD_LENGTH,INPUT_ALPHABET,INPUT_MULTIBYTE,INPUT_NUMERIC,INPUT_SYMBOL,INPUT_UPPERCASE,RETRIEVAL_TABLE,FORMAT,DEFAULT_VALUE,MIN_VALUE,MAX_VALUE,CALENDAR_BUTTON,JUMP_BUTTON,OPEN_BUTTON,REF_TABLE_ID,REF_FIELD_NAME,SPECIAL_BUTTON) VALUES ('TBLID_BEQPG_EQP','EQP_ID','EQP_ID','EQP_ID','STRING',10,'N','Y','N','Y',1,-1,0,0,1,'N','N','N','STRING',10,'Y',0,'Y','Y','Y','NONE',NULL,NULL,NULL,NULL,'N','N',0,NULL,NULL,0);
INSERT INTO SM_FIELD_DEF (TABLE_ID,FIELD_NAME,JP_TITLE,US_TITLE,DB_TYPE,DB_LENGTH,IS_KEY,NOT_BLANK,IS_DUMMY,IS_SEARCH_ITEM,SORT_NO,TREE_LEVEL,SHEET_NO,PAGE_NO,PROPERTY_NO,IS_AUTO,IS_MANDATORY,SYSTEM_READONLY,FIELD_TYPE,FIELD_LENGTH,INPUT_ALPHABET,INPUT_MULTIBYTE,INPUT_NUMERIC,INPUT_SYMBOL,INPUT_UPPERCASE,RETRIEVAL_TABLE,FORMAT,DEFAULT_VALUE,MIN_VALUE,MAX_VALUE,CALENDAR_BUTTON,JUMP_BUTTON,OPEN_BUTTON,REF_TABLE_ID,REF_FIELD_NAME,SPECIAL_BUTTON) VALUES ('TBLID_BEQPG_EQP','ITEM_SEQ_NO','ITEM_SEQ_NO','ITEM_SEQ_NO','NUMBER',0,'N','Y','N','Y',2,-1,0,0,2,'N','N','N','STRING',0,'Y',0,'Y','Y','Y','NONE',NULL,NULL,NULL,NULL,'N','N',0,NULL,NULL,0);
INSERT INTO SM_CHECK_DEF (TABLE_ID,CHECK_TYPE,CHECK_ORDER,CHECK_KIND,FIELD_NAME,REF_TABLE,REF_FIELD,EXPECT_VALUE,ERR_MSG) VALUES ('TBLID_BEQPG_EQP','SAVE',1,'NOTNULL','EQPG_ID',NULL,NULL,NULL,'EQPG_ID required');
INSERT INTO SM_CHECK_DEF (TABLE_ID,CHECK_TYPE,CHECK_ORDER,CHECK_KIND,FIELD_NAME,REF_TABLE,REF_FIELD,EXPECT_VALUE,ERR_MSG) VALUES ('TBLID_BEQPG_EQP','SAVE',2,'STAT_N',NULL,NULL,NULL,NULL,'Not editable');
INSERT INTO SM_CHECK_DEF (TABLE_ID,CHECK_TYPE,CHECK_ORDER,CHECK_KIND,FIELD_NAME,REF_TABLE,REF_FIELD,EXPECT_VALUE,ERR_MSG) VALUES ('TBLID_BEQPG_EQP','SAVE',3,'LOCK_FREE',NULL,NULL,NULL,NULL,'Locked');
INSERT INTO SM_CHECK_DEF (TABLE_ID,CHECK_TYPE,CHECK_ORDER,CHECK_KIND,FIELD_NAME,REF_TABLE,REF_FIELD,EXPECT_VALUE,ERR_MSG) VALUES ('TBLID_BEQPG_EQP','RELEASE',1,'NOTNULL','EQPG_ID',NULL,NULL,NULL,'EQPG_ID required');
INSERT INTO SM_CHECK_DEF (TABLE_ID,CHECK_TYPE,CHECK_ORDER,CHECK_KIND,FIELD_NAME,REF_TABLE,REF_FIELD,EXPECT_VALUE,ERR_MSG) VALUES ('TBLID_BEQPG_EQP','RELEASE',2,'STAT_N',NULL,NULL,NULL,NULL,'Not editable');
INSERT INTO SM_CHECK_DEF (TABLE_ID,CHECK_TYPE,CHECK_ORDER,CHECK_KIND,FIELD_NAME,REF_TABLE,REF_FIELD,EXPECT_VALUE,ERR_MSG) VALUES ('TBLID_BEQPG_EQP','RELEASE',3,'LOCK_FREE',NULL,NULL,NULL,NULL,'Locked');
INSERT INTO SM_CHECK_DEF (TABLE_ID,CHECK_TYPE,CHECK_ORDER,CHECK_KIND,FIELD_NAME,REF_TABLE,REF_FIELD,EXPECT_VALUE,ERR_MSG) VALUES ('TBLID_BEQPG_EQP','RELEASE',10,'RELEASE_PARAM','EQPG_ID','DEQPG_EQP',NULL,NULL,NULL);
INSERT INTO SM_CHECK_DEF (TABLE_ID,CHECK_TYPE,CHECK_ORDER,CHECK_KIND,FIELD_NAME,REF_TABLE,REF_FIELD,EXPECT_VALUE,ERR_MSG) VALUES ('TBLID_BEQPG_EQP','DELETE',1,'NOTNULL','EQPG_ID',NULL,NULL,NULL,'EQPG_ID required');
INSERT INTO SM_CHECK_DEF (TABLE_ID,CHECK_TYPE,CHECK_ORDER,CHECK_KIND,FIELD_NAME,REF_TABLE,REF_FIELD,EXPECT_VALUE,ERR_MSG) VALUES ('TBLID_BEQPG_EQP','DELETE',2,'STAT_Y',NULL,NULL,NULL,NULL,'Not released');
INSERT INTO SM_CHECK_DEF (TABLE_ID,CHECK_TYPE,CHECK_ORDER,CHECK_KIND,FIELD_NAME,REF_TABLE,REF_FIELD,EXPECT_VALUE,ERR_MSG) VALUES ('TBLID_BEQPG_EQP','DELETE',3,'LOCK_FREE',NULL,NULL,NULL,NULL,'Locked');
INSERT INTO SM_CHECK_DEF (TABLE_ID,CHECK_TYPE,CHECK_ORDER,CHECK_KIND,FIELD_NAME,REF_TABLE,REF_FIELD,EXPECT_VALUE,ERR_MSG) VALUES ('TBLID_BEQPG_EQP','EDITCOMP',1,'NOTNULL','EQPG_ID',NULL,NULL,NULL,'EQPG_ID required');
INSERT INTO SM_CHECK_DEF (TABLE_ID,CHECK_TYPE,CHECK_ORDER,CHECK_KIND,FIELD_NAME,REF_TABLE,REF_FIELD,EXPECT_VALUE,ERR_MSG) VALUES ('TBLID_BEQPG_EQP','EDITCOMP',2,'STAT_N',NULL,NULL,NULL,NULL,'Not editable');
INSERT INTO SM_CHECK_DEF (TABLE_ID,CHECK_TYPE,CHECK_ORDER,CHECK_KIND,FIELD_NAME,REF_TABLE,REF_FIELD,EXPECT_VALUE,ERR_MSG) VALUES ('TBLID_BEQPG_EQP','EDITCOMP',3,'LOCK_FREE',NULL,NULL,NULL,NULL,'Locked');
INSERT INTO SM_CHECK_DEF (TABLE_ID,CHECK_TYPE,CHECK_ORDER,CHECK_KIND,FIELD_NAME,REF_TABLE,REF_FIELD,EXPECT_VALUE,ERR_MSG) VALUES ('TBLID_BEQPG_EQP','EDITCOMP',4,'COMP_N',NULL,NULL,NULL,NULL,'Already complete');

INSERT INTO SM_TABLE_DEF (TABLE_ID,TABLE_NAME,JP_TITLE,US_TITLE,RELEASE_FLAG,DISTRIBUTE_FLAG,PERMISSION_TYPE,SCHEMA_TYPE,HAS_DUMMY,SORT_NO) VALUES ('TBLID_BEQPRT','BEQPRT','BEQPRT','BEQPRT','Y','N','C','L','N',560);
INSERT INTO SM_FIELD_DEF (TABLE_ID,FIELD_NAME,JP_TITLE,US_TITLE,DB_TYPE,DB_LENGTH,IS_KEY,NOT_BLANK,IS_DUMMY,IS_SEARCH_ITEM,SORT_NO,TREE_LEVEL,SHEET_NO,PAGE_NO,PROPERTY_NO,IS_AUTO,IS_MANDATORY,SYSTEM_READONLY,FIELD_TYPE,FIELD_LENGTH,INPUT_ALPHABET,INPUT_MULTIBYTE,INPUT_NUMERIC,INPUT_SYMBOL,INPUT_UPPERCASE,RETRIEVAL_TABLE,FORMAT,DEFAULT_VALUE,MIN_VALUE,MAX_VALUE,CALENDAR_BUTTON,JUMP_BUTTON,OPEN_BUTTON,REF_TABLE_ID,REF_FIELD_NAME,SPECIAL_BUTTON) VALUES ('TBLID_BEQPRT','EQP_ID','EQP_ID','EQP_ID','STRING',10,'Y','Y','N','Y',0,0,0,0,0,'N','N','N','STRING',10,'Y',0,'Y','Y','Y','NONE',NULL,NULL,NULL,NULL,'N','N',0,NULL,NULL,0);
INSERT INTO SM_FIELD_DEF (TABLE_ID,FIELD_NAME,JP_TITLE,US_TITLE,DB_TYPE,DB_LENGTH,IS_KEY,NOT_BLANK,IS_DUMMY,IS_SEARCH_ITEM,SORT_NO,TREE_LEVEL,SHEET_NO,PAGE_NO,PROPERTY_NO,IS_AUTO,IS_MANDATORY,SYSTEM_READONLY,FIELD_TYPE,FIELD_LENGTH,INPUT_ALPHABET,INPUT_MULTIBYTE,INPUT_NUMERIC,INPUT_SYMBOL,INPUT_UPPERCASE,RETRIEVAL_TABLE,FORMAT,DEFAULT_VALUE,MIN_VALUE,MAX_VALUE,CALENDAR_BUTTON,JUMP_BUTTON,OPEN_BUTTON,REF_TABLE_ID,REF_FIELD_NAME,SPECIAL_BUTTON) VALUES ('TBLID_BEQPRT','EQP_PORT_ID','EQP_PORT_ID','EQP_PORT_ID','STRING',10,'N','Y','N','Y',1,-1,0,0,1,'N','N','N','STRING',10,'Y',0,'Y','Y','Y','NONE',NULL,NULL,NULL,NULL,'N','N',0,NULL,NULL,0);
INSERT INTO SM_FIELD_DEF (TABLE_ID,FIELD_NAME,JP_TITLE,US_TITLE,DB_TYPE,DB_LENGTH,IS_KEY,NOT_BLANK,IS_DUMMY,IS_SEARCH_ITEM,SORT_NO,TREE_LEVEL,SHEET_NO,PAGE_NO,PROPERTY_NO,IS_AUTO,IS_MANDATORY,SYSTEM_READONLY,FIELD_TYPE,FIELD_LENGTH,INPUT_ALPHABET,INPUT_MULTIBYTE,INPUT_NUMERIC,INPUT_SYMBOL,INPUT_UPPERCASE,RETRIEVAL_TABLE,FORMAT,DEFAULT_VALUE,MIN_VALUE,MAX_VALUE,CALENDAR_BUTTON,JUMP_BUTTON,OPEN_BUTTON,REF_TABLE_ID,REF_FIELD_NAME,SPECIAL_BUTTON) VALUES ('TBLID_BEQPRT','PORT_TYPE','PORT_TYPE','PORT_TYPE','STRING',1,'N','Y','N','Y',2,-1,0,0,2,'N','N','N','STRING',1,'Y',0,'Y','Y','Y','NONE',NULL,NULL,NULL,NULL,'N','N',0,NULL,NULL,0);
INSERT INTO SM_FIELD_DEF (TABLE_ID,FIELD_NAME,JP_TITLE,US_TITLE,DB_TYPE,DB_LENGTH,IS_KEY,NOT_BLANK,IS_DUMMY,IS_SEARCH_ITEM,SORT_NO,TREE_LEVEL,SHEET_NO,PAGE_NO,PROPERTY_NO,IS_AUTO,IS_MANDATORY,SYSTEM_READONLY,FIELD_TYPE,FIELD_LENGTH,INPUT_ALPHABET,INPUT_MULTIBYTE,INPUT_NUMERIC,INPUT_SYMBOL,INPUT_UPPERCASE,RETRIEVAL_TABLE,FORMAT,DEFAULT_VALUE,MIN_VALUE,MAX_VALUE,CALENDAR_BUTTON,JUMP_BUTTON,OPEN_BUTTON,REF_TABLE_ID,REF_FIELD_NAME,SPECIAL_BUTTON) VALUES ('TBLID_BEQPRT','AGV_ID','AGV_ID','AGV_ID','STRING',40,'N','Y','N','Y',3,-1,0,0,3,'N','N','N','STRING',40,'Y',0,'Y','Y','Y','NONE',NULL,NULL,NULL,NULL,'N','N',0,NULL,NULL,0);
INSERT INTO SM_CHECK_DEF (TABLE_ID,CHECK_TYPE,CHECK_ORDER,CHECK_KIND,FIELD_NAME,REF_TABLE,REF_FIELD,EXPECT_VALUE,ERR_MSG) VALUES ('TBLID_BEQPRT','SAVE',1,'NOTNULL','EQP_ID',NULL,NULL,NULL,'EQP_ID required');
INSERT INTO SM_CHECK_DEF (TABLE_ID,CHECK_TYPE,CHECK_ORDER,CHECK_KIND,FIELD_NAME,REF_TABLE,REF_FIELD,EXPECT_VALUE,ERR_MSG) VALUES ('TBLID_BEQPRT','SAVE',2,'STAT_N',NULL,NULL,NULL,NULL,'Not editable');
INSERT INTO SM_CHECK_DEF (TABLE_ID,CHECK_TYPE,CHECK_ORDER,CHECK_KIND,FIELD_NAME,REF_TABLE,REF_FIELD,EXPECT_VALUE,ERR_MSG) VALUES ('TBLID_BEQPRT','SAVE',3,'LOCK_FREE',NULL,NULL,NULL,NULL,'Locked');
INSERT INTO SM_CHECK_DEF (TABLE_ID,CHECK_TYPE,CHECK_ORDER,CHECK_KIND,FIELD_NAME,REF_TABLE,REF_FIELD,EXPECT_VALUE,ERR_MSG) VALUES ('TBLID_BEQPRT','RELEASE',1,'NOTNULL','EQP_ID',NULL,NULL,NULL,'EQP_ID required');
INSERT INTO SM_CHECK_DEF (TABLE_ID,CHECK_TYPE,CHECK_ORDER,CHECK_KIND,FIELD_NAME,REF_TABLE,REF_FIELD,EXPECT_VALUE,ERR_MSG) VALUES ('TBLID_BEQPRT','RELEASE',2,'STAT_N',NULL,NULL,NULL,NULL,'Not editable');
INSERT INTO SM_CHECK_DEF (TABLE_ID,CHECK_TYPE,CHECK_ORDER,CHECK_KIND,FIELD_NAME,REF_TABLE,REF_FIELD,EXPECT_VALUE,ERR_MSG) VALUES ('TBLID_BEQPRT','RELEASE',3,'LOCK_FREE',NULL,NULL,NULL,NULL,'Locked');
INSERT INTO SM_CHECK_DEF (TABLE_ID,CHECK_TYPE,CHECK_ORDER,CHECK_KIND,FIELD_NAME,REF_TABLE,REF_FIELD,EXPECT_VALUE,ERR_MSG) VALUES ('TBLID_BEQPRT','RELEASE',10,'RELEASE_PARAM','EQP_ID','DEQPRT',NULL,NULL,NULL);
INSERT INTO SM_CHECK_DEF (TABLE_ID,CHECK_TYPE,CHECK_ORDER,CHECK_KIND,FIELD_NAME,REF_TABLE,REF_FIELD,EXPECT_VALUE,ERR_MSG) VALUES ('TBLID_BEQPRT','DELETE',1,'NOTNULL','EQP_ID',NULL,NULL,NULL,'EQP_ID required');
INSERT INTO SM_CHECK_DEF (TABLE_ID,CHECK_TYPE,CHECK_ORDER,CHECK_KIND,FIELD_NAME,REF_TABLE,REF_FIELD,EXPECT_VALUE,ERR_MSG) VALUES ('TBLID_BEQPRT','DELETE',2,'STAT_Y',NULL,NULL,NULL,NULL,'Not released');
INSERT INTO SM_CHECK_DEF (TABLE_ID,CHECK_TYPE,CHECK_ORDER,CHECK_KIND,FIELD_NAME,REF_TABLE,REF_FIELD,EXPECT_VALUE,ERR_MSG) VALUES ('TBLID_BEQPRT','DELETE',3,'LOCK_FREE',NULL,NULL,NULL,NULL,'Locked');
INSERT INTO SM_CHECK_DEF (TABLE_ID,CHECK_TYPE,CHECK_ORDER,CHECK_KIND,FIELD_NAME,REF_TABLE,REF_FIELD,EXPECT_VALUE,ERR_MSG) VALUES ('TBLID_BEQPRT','EDITCOMP',1,'NOTNULL','EQP_ID',NULL,NULL,NULL,'EQP_ID required');
INSERT INTO SM_CHECK_DEF (TABLE_ID,CHECK_TYPE,CHECK_ORDER,CHECK_KIND,FIELD_NAME,REF_TABLE,REF_FIELD,EXPECT_VALUE,ERR_MSG) VALUES ('TBLID_BEQPRT','EDITCOMP',2,'STAT_N',NULL,NULL,NULL,NULL,'Not editable');
INSERT INTO SM_CHECK_DEF (TABLE_ID,CHECK_TYPE,CHECK_ORDER,CHECK_KIND,FIELD_NAME,REF_TABLE,REF_FIELD,EXPECT_VALUE,ERR_MSG) VALUES ('TBLID_BEQPRT','EDITCOMP',3,'LOCK_FREE',NULL,NULL,NULL,NULL,'Locked');
INSERT INTO SM_CHECK_DEF (TABLE_ID,CHECK_TYPE,CHECK_ORDER,CHECK_KIND,FIELD_NAME,REF_TABLE,REF_FIELD,EXPECT_VALUE,ERR_MSG) VALUES ('TBLID_BEQPRT','EDITCOMP',4,'COMP_N',NULL,NULL,NULL,NULL,'Already complete');

INSERT INTO SM_TABLE_DEF (TABLE_ID,TABLE_NAME,JP_TITLE,US_TITLE,RELEASE_FLAG,DISTRIBUTE_FLAG,PERMISSION_TYPE,SCHEMA_TYPE,HAS_DUMMY,SORT_NO) VALUES ('TBLID_BEQP_AREA','BEQP_AREA','BEQP_AREA','BEQP_AREA','Y','N','C','L','N',570);
INSERT INTO SM_FIELD_DEF (TABLE_ID,FIELD_NAME,JP_TITLE,US_TITLE,DB_TYPE,DB_LENGTH,IS_KEY,NOT_BLANK,IS_DUMMY,IS_SEARCH_ITEM,SORT_NO,TREE_LEVEL,SHEET_NO,PAGE_NO,PROPERTY_NO,IS_AUTO,IS_MANDATORY,SYSTEM_READONLY,FIELD_TYPE,FIELD_LENGTH,INPUT_ALPHABET,INPUT_MULTIBYTE,INPUT_NUMERIC,INPUT_SYMBOL,INPUT_UPPERCASE,RETRIEVAL_TABLE,FORMAT,DEFAULT_VALUE,MIN_VALUE,MAX_VALUE,CALENDAR_BUTTON,JUMP_BUTTON,OPEN_BUTTON,REF_TABLE_ID,REF_FIELD_NAME,SPECIAL_BUTTON) VALUES ('TBLID_BEQP_AREA','EQP_ID','EQP_ID','EQP_ID','STRING',10,'Y','Y','N','Y',0,0,0,0,0,'N','N','N','STRING',10,'Y',0,'Y','Y','Y','NONE',NULL,NULL,NULL,NULL,'N','N',0,NULL,NULL,0);
INSERT INTO SM_FIELD_DEF (TABLE_ID,FIELD_NAME,JP_TITLE,US_TITLE,DB_TYPE,DB_LENGTH,IS_KEY,NOT_BLANK,IS_DUMMY,IS_SEARCH_ITEM,SORT_NO,TREE_LEVEL,SHEET_NO,PAGE_NO,PROPERTY_NO,IS_AUTO,IS_MANDATORY,SYSTEM_READONLY,FIELD_TYPE,FIELD_LENGTH,INPUT_ALPHABET,INPUT_MULTIBYTE,INPUT_NUMERIC,INPUT_SYMBOL,INPUT_UPPERCASE,RETRIEVAL_TABLE,FORMAT,DEFAULT_VALUE,MIN_VALUE,MAX_VALUE,CALENDAR_BUTTON,JUMP_BUTTON,OPEN_BUTTON,REF_TABLE_ID,REF_FIELD_NAME,SPECIAL_BUTTON) VALUES ('TBLID_BEQP_AREA','AREA_ID','AREA_ID','AREA_ID','STRING',6,'N','Y','N','Y',1,-1,0,0,1,'N','N','N','STRING',6,'Y',0,'Y','Y','Y','NONE',NULL,NULL,NULL,NULL,'N','N',0,NULL,NULL,0);
INSERT INTO SM_FIELD_DEF (TABLE_ID,FIELD_NAME,JP_TITLE,US_TITLE,DB_TYPE,DB_LENGTH,IS_KEY,NOT_BLANK,IS_DUMMY,IS_SEARCH_ITEM,SORT_NO,TREE_LEVEL,SHEET_NO,PAGE_NO,PROPERTY_NO,IS_AUTO,IS_MANDATORY,SYSTEM_READONLY,FIELD_TYPE,FIELD_LENGTH,INPUT_ALPHABET,INPUT_MULTIBYTE,INPUT_NUMERIC,INPUT_SYMBOL,INPUT_UPPERCASE,RETRIEVAL_TABLE,FORMAT,DEFAULT_VALUE,MIN_VALUE,MAX_VALUE,CALENDAR_BUTTON,JUMP_BUTTON,OPEN_BUTTON,REF_TABLE_ID,REF_FIELD_NAME,SPECIAL_BUTTON) VALUES ('TBLID_BEQP_AREA','ITEM_SEQ_NO','ITEM_SEQ_NO','ITEM_SEQ_NO','NUMBER',0,'N','Y','N','Y',2,-1,0,0,2,'N','N','N','STRING',0,'Y',0,'Y','Y','Y','NONE',NULL,NULL,NULL,NULL,'N','N',0,NULL,NULL,0);
INSERT INTO SM_CHECK_DEF (TABLE_ID,CHECK_TYPE,CHECK_ORDER,CHECK_KIND,FIELD_NAME,REF_TABLE,REF_FIELD,EXPECT_VALUE,ERR_MSG) VALUES ('TBLID_BEQP_AREA','SAVE',1,'NOTNULL','EQP_ID',NULL,NULL,NULL,'EQP_ID required');
INSERT INTO SM_CHECK_DEF (TABLE_ID,CHECK_TYPE,CHECK_ORDER,CHECK_KIND,FIELD_NAME,REF_TABLE,REF_FIELD,EXPECT_VALUE,ERR_MSG) VALUES ('TBLID_BEQP_AREA','SAVE',2,'STAT_N',NULL,NULL,NULL,NULL,'Not editable');
INSERT INTO SM_CHECK_DEF (TABLE_ID,CHECK_TYPE,CHECK_ORDER,CHECK_KIND,FIELD_NAME,REF_TABLE,REF_FIELD,EXPECT_VALUE,ERR_MSG) VALUES ('TBLID_BEQP_AREA','SAVE',3,'LOCK_FREE',NULL,NULL,NULL,NULL,'Locked');
INSERT INTO SM_CHECK_DEF (TABLE_ID,CHECK_TYPE,CHECK_ORDER,CHECK_KIND,FIELD_NAME,REF_TABLE,REF_FIELD,EXPECT_VALUE,ERR_MSG) VALUES ('TBLID_BEQP_AREA','RELEASE',1,'NOTNULL','EQP_ID',NULL,NULL,NULL,'EQP_ID required');
INSERT INTO SM_CHECK_DEF (TABLE_ID,CHECK_TYPE,CHECK_ORDER,CHECK_KIND,FIELD_NAME,REF_TABLE,REF_FIELD,EXPECT_VALUE,ERR_MSG) VALUES ('TBLID_BEQP_AREA','RELEASE',2,'STAT_N',NULL,NULL,NULL,NULL,'Not editable');
INSERT INTO SM_CHECK_DEF (TABLE_ID,CHECK_TYPE,CHECK_ORDER,CHECK_KIND,FIELD_NAME,REF_TABLE,REF_FIELD,EXPECT_VALUE,ERR_MSG) VALUES ('TBLID_BEQP_AREA','RELEASE',3,'LOCK_FREE',NULL,NULL,NULL,NULL,'Locked');
INSERT INTO SM_CHECK_DEF (TABLE_ID,CHECK_TYPE,CHECK_ORDER,CHECK_KIND,FIELD_NAME,REF_TABLE,REF_FIELD,EXPECT_VALUE,ERR_MSG) VALUES ('TBLID_BEQP_AREA','RELEASE',10,'RELEASE_PARAM','EQP_ID','DEQP_AREA',NULL,NULL,NULL);
INSERT INTO SM_CHECK_DEF (TABLE_ID,CHECK_TYPE,CHECK_ORDER,CHECK_KIND,FIELD_NAME,REF_TABLE,REF_FIELD,EXPECT_VALUE,ERR_MSG) VALUES ('TBLID_BEQP_AREA','DELETE',1,'NOTNULL','EQP_ID',NULL,NULL,NULL,'EQP_ID required');
INSERT INTO SM_CHECK_DEF (TABLE_ID,CHECK_TYPE,CHECK_ORDER,CHECK_KIND,FIELD_NAME,REF_TABLE,REF_FIELD,EXPECT_VALUE,ERR_MSG) VALUES ('TBLID_BEQP_AREA','DELETE',2,'STAT_Y',NULL,NULL,NULL,NULL,'Not released');
INSERT INTO SM_CHECK_DEF (TABLE_ID,CHECK_TYPE,CHECK_ORDER,CHECK_KIND,FIELD_NAME,REF_TABLE,REF_FIELD,EXPECT_VALUE,ERR_MSG) VALUES ('TBLID_BEQP_AREA','DELETE',3,'LOCK_FREE',NULL,NULL,NULL,NULL,'Locked');
INSERT INTO SM_CHECK_DEF (TABLE_ID,CHECK_TYPE,CHECK_ORDER,CHECK_KIND,FIELD_NAME,REF_TABLE,REF_FIELD,EXPECT_VALUE,ERR_MSG) VALUES ('TBLID_BEQP_AREA','EDITCOMP',1,'NOTNULL','EQP_ID',NULL,NULL,NULL,'EQP_ID required');
INSERT INTO SM_CHECK_DEF (TABLE_ID,CHECK_TYPE,CHECK_ORDER,CHECK_KIND,FIELD_NAME,REF_TABLE,REF_FIELD,EXPECT_VALUE,ERR_MSG) VALUES ('TBLID_BEQP_AREA','EDITCOMP',2,'STAT_N',NULL,NULL,NULL,NULL,'Not editable');
INSERT INTO SM_CHECK_DEF (TABLE_ID,CHECK_TYPE,CHECK_ORDER,CHECK_KIND,FIELD_NAME,REF_TABLE,REF_FIELD,EXPECT_VALUE,ERR_MSG) VALUES ('TBLID_BEQP_AREA','EDITCOMP',3,'LOCK_FREE',NULL,NULL,NULL,NULL,'Locked');
INSERT INTO SM_CHECK_DEF (TABLE_ID,CHECK_TYPE,CHECK_ORDER,CHECK_KIND,FIELD_NAME,REF_TABLE,REF_FIELD,EXPECT_VALUE,ERR_MSG) VALUES ('TBLID_BEQP_AREA','EDITCOMP',4,'COMP_N',NULL,NULL,NULL,NULL,'Already complete');

INSERT INTO SM_TABLE_DEF (TABLE_ID,TABLE_NAME,JP_TITLE,US_TITLE,RELEASE_FLAG,DISTRIBUTE_FLAG,PERMISSION_TYPE,SCHEMA_TYPE,HAS_DUMMY,SORT_NO) VALUES ('TBLID_BEQP_MTL','BEQP_MTL','BEQP_MTL','BEQP_MTL','Y','N','C','L','N',580);
INSERT INTO SM_FIELD_DEF (TABLE_ID,FIELD_NAME,JP_TITLE,US_TITLE,DB_TYPE,DB_LENGTH,IS_KEY,NOT_BLANK,IS_DUMMY,IS_SEARCH_ITEM,SORT_NO,TREE_LEVEL,SHEET_NO,PAGE_NO,PROPERTY_NO,IS_AUTO,IS_MANDATORY,SYSTEM_READONLY,FIELD_TYPE,FIELD_LENGTH,INPUT_ALPHABET,INPUT_MULTIBYTE,INPUT_NUMERIC,INPUT_SYMBOL,INPUT_UPPERCASE,RETRIEVAL_TABLE,FORMAT,DEFAULT_VALUE,MIN_VALUE,MAX_VALUE,CALENDAR_BUTTON,JUMP_BUTTON,OPEN_BUTTON,REF_TABLE_ID,REF_FIELD_NAME,SPECIAL_BUTTON) VALUES ('TBLID_BEQP_MTL','EQP_ID','EQP_ID','EQP_ID','STRING',10,'Y','Y','N','Y',0,0,0,0,0,'N','N','N','STRING',10,'Y',0,'Y','Y','Y','NONE',NULL,NULL,NULL,NULL,'N','N',0,NULL,NULL,0);
INSERT INTO SM_FIELD_DEF (TABLE_ID,FIELD_NAME,JP_TITLE,US_TITLE,DB_TYPE,DB_LENGTH,IS_KEY,NOT_BLANK,IS_DUMMY,IS_SEARCH_ITEM,SORT_NO,TREE_LEVEL,SHEET_NO,PAGE_NO,PROPERTY_NO,IS_AUTO,IS_MANDATORY,SYSTEM_READONLY,FIELD_TYPE,FIELD_LENGTH,INPUT_ALPHABET,INPUT_MULTIBYTE,INPUT_NUMERIC,INPUT_SYMBOL,INPUT_UPPERCASE,RETRIEVAL_TABLE,FORMAT,DEFAULT_VALUE,MIN_VALUE,MAX_VALUE,CALENDAR_BUTTON,JUMP_BUTTON,OPEN_BUTTON,REF_TABLE_ID,REF_FIELD_NAME,SPECIAL_BUTTON) VALUES ('TBLID_BEQP_MTL','MTL_ITEM_ID','MTL_ITEM_ID','MTL_ITEM_ID','STRING',20,'N','Y','N','Y',1,-1,0,0,1,'N','N','N','STRING',20,'Y',0,'Y','Y','Y','NONE',NULL,NULL,NULL,NULL,'N','N',0,NULL,NULL,0);
INSERT INTO SM_CHECK_DEF (TABLE_ID,CHECK_TYPE,CHECK_ORDER,CHECK_KIND,FIELD_NAME,REF_TABLE,REF_FIELD,EXPECT_VALUE,ERR_MSG) VALUES ('TBLID_BEQP_MTL','SAVE',1,'NOTNULL','EQP_ID',NULL,NULL,NULL,'EQP_ID required');
INSERT INTO SM_CHECK_DEF (TABLE_ID,CHECK_TYPE,CHECK_ORDER,CHECK_KIND,FIELD_NAME,REF_TABLE,REF_FIELD,EXPECT_VALUE,ERR_MSG) VALUES ('TBLID_BEQP_MTL','SAVE',2,'STAT_N',NULL,NULL,NULL,NULL,'Not editable');
INSERT INTO SM_CHECK_DEF (TABLE_ID,CHECK_TYPE,CHECK_ORDER,CHECK_KIND,FIELD_NAME,REF_TABLE,REF_FIELD,EXPECT_VALUE,ERR_MSG) VALUES ('TBLID_BEQP_MTL','SAVE',3,'LOCK_FREE',NULL,NULL,NULL,NULL,'Locked');
INSERT INTO SM_CHECK_DEF (TABLE_ID,CHECK_TYPE,CHECK_ORDER,CHECK_KIND,FIELD_NAME,REF_TABLE,REF_FIELD,EXPECT_VALUE,ERR_MSG) VALUES ('TBLID_BEQP_MTL','RELEASE',1,'NOTNULL','EQP_ID',NULL,NULL,NULL,'EQP_ID required');
INSERT INTO SM_CHECK_DEF (TABLE_ID,CHECK_TYPE,CHECK_ORDER,CHECK_KIND,FIELD_NAME,REF_TABLE,REF_FIELD,EXPECT_VALUE,ERR_MSG) VALUES ('TBLID_BEQP_MTL','RELEASE',2,'STAT_N',NULL,NULL,NULL,NULL,'Not editable');
INSERT INTO SM_CHECK_DEF (TABLE_ID,CHECK_TYPE,CHECK_ORDER,CHECK_KIND,FIELD_NAME,REF_TABLE,REF_FIELD,EXPECT_VALUE,ERR_MSG) VALUES ('TBLID_BEQP_MTL','RELEASE',3,'LOCK_FREE',NULL,NULL,NULL,NULL,'Locked');
INSERT INTO SM_CHECK_DEF (TABLE_ID,CHECK_TYPE,CHECK_ORDER,CHECK_KIND,FIELD_NAME,REF_TABLE,REF_FIELD,EXPECT_VALUE,ERR_MSG) VALUES ('TBLID_BEQP_MTL','RELEASE',10,'RELEASE_PARAM','EQP_ID','DEQP_MTL',NULL,NULL,NULL);
INSERT INTO SM_CHECK_DEF (TABLE_ID,CHECK_TYPE,CHECK_ORDER,CHECK_KIND,FIELD_NAME,REF_TABLE,REF_FIELD,EXPECT_VALUE,ERR_MSG) VALUES ('TBLID_BEQP_MTL','DELETE',1,'NOTNULL','EQP_ID',NULL,NULL,NULL,'EQP_ID required');
INSERT INTO SM_CHECK_DEF (TABLE_ID,CHECK_TYPE,CHECK_ORDER,CHECK_KIND,FIELD_NAME,REF_TABLE,REF_FIELD,EXPECT_VALUE,ERR_MSG) VALUES ('TBLID_BEQP_MTL','DELETE',2,'STAT_Y',NULL,NULL,NULL,NULL,'Not released');
INSERT INTO SM_CHECK_DEF (TABLE_ID,CHECK_TYPE,CHECK_ORDER,CHECK_KIND,FIELD_NAME,REF_TABLE,REF_FIELD,EXPECT_VALUE,ERR_MSG) VALUES ('TBLID_BEQP_MTL','DELETE',3,'LOCK_FREE',NULL,NULL,NULL,NULL,'Locked');
INSERT INTO SM_CHECK_DEF (TABLE_ID,CHECK_TYPE,CHECK_ORDER,CHECK_KIND,FIELD_NAME,REF_TABLE,REF_FIELD,EXPECT_VALUE,ERR_MSG) VALUES ('TBLID_BEQP_MTL','EDITCOMP',1,'NOTNULL','EQP_ID',NULL,NULL,NULL,'EQP_ID required');
INSERT INTO SM_CHECK_DEF (TABLE_ID,CHECK_TYPE,CHECK_ORDER,CHECK_KIND,FIELD_NAME,REF_TABLE,REF_FIELD,EXPECT_VALUE,ERR_MSG) VALUES ('TBLID_BEQP_MTL','EDITCOMP',2,'STAT_N',NULL,NULL,NULL,NULL,'Not editable');
INSERT INTO SM_CHECK_DEF (TABLE_ID,CHECK_TYPE,CHECK_ORDER,CHECK_KIND,FIELD_NAME,REF_TABLE,REF_FIELD,EXPECT_VALUE,ERR_MSG) VALUES ('TBLID_BEQP_MTL','EDITCOMP',3,'LOCK_FREE',NULL,NULL,NULL,NULL,'Locked');
INSERT INTO SM_CHECK_DEF (TABLE_ID,CHECK_TYPE,CHECK_ORDER,CHECK_KIND,FIELD_NAME,REF_TABLE,REF_FIELD,EXPECT_VALUE,ERR_MSG) VALUES ('TBLID_BEQP_MTL','EDITCOMP',4,'COMP_N',NULL,NULL,NULL,NULL,'Already complete');

INSERT INTO SM_TABLE_DEF (TABLE_ID,TABLE_NAME,JP_TITLE,US_TITLE,RELEASE_FLAG,DISTRIBUTE_FLAG,PERMISSION_TYPE,SCHEMA_TYPE,HAS_DUMMY,SORT_NO) VALUES ('TBLID_BEQP_RECIP','BEQP_RECIP','BEQP_RECIP','BEQP_RECIP','Y','N','C','L','N',590);
INSERT INTO SM_FIELD_DEF (TABLE_ID,FIELD_NAME,JP_TITLE,US_TITLE,DB_TYPE,DB_LENGTH,IS_KEY,NOT_BLANK,IS_DUMMY,IS_SEARCH_ITEM,SORT_NO,TREE_LEVEL,SHEET_NO,PAGE_NO,PROPERTY_NO,IS_AUTO,IS_MANDATORY,SYSTEM_READONLY,FIELD_TYPE,FIELD_LENGTH,INPUT_ALPHABET,INPUT_MULTIBYTE,INPUT_NUMERIC,INPUT_SYMBOL,INPUT_UPPERCASE,RETRIEVAL_TABLE,FORMAT,DEFAULT_VALUE,MIN_VALUE,MAX_VALUE,CALENDAR_BUTTON,JUMP_BUTTON,OPEN_BUTTON,REF_TABLE_ID,REF_FIELD_NAME,SPECIAL_BUTTON) VALUES ('TBLID_BEQP_RECIP','EQP_ID','EQP_ID','EQP_ID','STRING',10,'Y','Y','N','Y',0,0,0,0,0,'N','N','N','STRING',10,'Y',0,'Y','Y','Y','NONE',NULL,NULL,NULL,NULL,'N','N',0,NULL,NULL,0);
INSERT INTO SM_FIELD_DEF (TABLE_ID,FIELD_NAME,JP_TITLE,US_TITLE,DB_TYPE,DB_LENGTH,IS_KEY,NOT_BLANK,IS_DUMMY,IS_SEARCH_ITEM,SORT_NO,TREE_LEVEL,SHEET_NO,PAGE_NO,PROPERTY_NO,IS_AUTO,IS_MANDATORY,SYSTEM_READONLY,FIELD_TYPE,FIELD_LENGTH,INPUT_ALPHABET,INPUT_MULTIBYTE,INPUT_NUMERIC,INPUT_SYMBOL,INPUT_UPPERCASE,RETRIEVAL_TABLE,FORMAT,DEFAULT_VALUE,MIN_VALUE,MAX_VALUE,CALENDAR_BUTTON,JUMP_BUTTON,OPEN_BUTTON,REF_TABLE_ID,REF_FIELD_NAME,SPECIAL_BUTTON) VALUES ('TBLID_BEQP_RECIP','RECIP_ID','RECIP_ID','RECIP_ID','STRING',20,'N','Y','N','Y',1,-1,0,0,1,'N','N','N','STRING',20,'Y',0,'Y','Y','Y','NONE',NULL,NULL,NULL,NULL,'N','N',0,NULL,NULL,0);
INSERT INTO SM_CHECK_DEF (TABLE_ID,CHECK_TYPE,CHECK_ORDER,CHECK_KIND,FIELD_NAME,REF_TABLE,REF_FIELD,EXPECT_VALUE,ERR_MSG) VALUES ('TBLID_BEQP_RECIP','SAVE',1,'NOTNULL','EQP_ID',NULL,NULL,NULL,'EQP_ID required');
INSERT INTO SM_CHECK_DEF (TABLE_ID,CHECK_TYPE,CHECK_ORDER,CHECK_KIND,FIELD_NAME,REF_TABLE,REF_FIELD,EXPECT_VALUE,ERR_MSG) VALUES ('TBLID_BEQP_RECIP','SAVE',2,'STAT_N',NULL,NULL,NULL,NULL,'Not editable');
INSERT INTO SM_CHECK_DEF (TABLE_ID,CHECK_TYPE,CHECK_ORDER,CHECK_KIND,FIELD_NAME,REF_TABLE,REF_FIELD,EXPECT_VALUE,ERR_MSG) VALUES ('TBLID_BEQP_RECIP','SAVE',3,'LOCK_FREE',NULL,NULL,NULL,NULL,'Locked');
INSERT INTO SM_CHECK_DEF (TABLE_ID,CHECK_TYPE,CHECK_ORDER,CHECK_KIND,FIELD_NAME,REF_TABLE,REF_FIELD,EXPECT_VALUE,ERR_MSG) VALUES ('TBLID_BEQP_RECIP','RELEASE',1,'NOTNULL','EQP_ID',NULL,NULL,NULL,'EQP_ID required');
INSERT INTO SM_CHECK_DEF (TABLE_ID,CHECK_TYPE,CHECK_ORDER,CHECK_KIND,FIELD_NAME,REF_TABLE,REF_FIELD,EXPECT_VALUE,ERR_MSG) VALUES ('TBLID_BEQP_RECIP','RELEASE',2,'STAT_N',NULL,NULL,NULL,NULL,'Not editable');
INSERT INTO SM_CHECK_DEF (TABLE_ID,CHECK_TYPE,CHECK_ORDER,CHECK_KIND,FIELD_NAME,REF_TABLE,REF_FIELD,EXPECT_VALUE,ERR_MSG) VALUES ('TBLID_BEQP_RECIP','RELEASE',3,'LOCK_FREE',NULL,NULL,NULL,NULL,'Locked');
INSERT INTO SM_CHECK_DEF (TABLE_ID,CHECK_TYPE,CHECK_ORDER,CHECK_KIND,FIELD_NAME,REF_TABLE,REF_FIELD,EXPECT_VALUE,ERR_MSG) VALUES ('TBLID_BEQP_RECIP','RELEASE',10,'RELEASE_PARAM','EQP_ID','DEQP_RECIP',NULL,NULL,NULL);
INSERT INTO SM_CHECK_DEF (TABLE_ID,CHECK_TYPE,CHECK_ORDER,CHECK_KIND,FIELD_NAME,REF_TABLE,REF_FIELD,EXPECT_VALUE,ERR_MSG) VALUES ('TBLID_BEQP_RECIP','DELETE',1,'NOTNULL','EQP_ID',NULL,NULL,NULL,'EQP_ID required');
INSERT INTO SM_CHECK_DEF (TABLE_ID,CHECK_TYPE,CHECK_ORDER,CHECK_KIND,FIELD_NAME,REF_TABLE,REF_FIELD,EXPECT_VALUE,ERR_MSG) VALUES ('TBLID_BEQP_RECIP','DELETE',2,'STAT_Y',NULL,NULL,NULL,NULL,'Not released');
INSERT INTO SM_CHECK_DEF (TABLE_ID,CHECK_TYPE,CHECK_ORDER,CHECK_KIND,FIELD_NAME,REF_TABLE,REF_FIELD,EXPECT_VALUE,ERR_MSG) VALUES ('TBLID_BEQP_RECIP','DELETE',3,'LOCK_FREE',NULL,NULL,NULL,NULL,'Locked');
INSERT INTO SM_CHECK_DEF (TABLE_ID,CHECK_TYPE,CHECK_ORDER,CHECK_KIND,FIELD_NAME,REF_TABLE,REF_FIELD,EXPECT_VALUE,ERR_MSG) VALUES ('TBLID_BEQP_RECIP','EDITCOMP',1,'NOTNULL','EQP_ID',NULL,NULL,NULL,'EQP_ID required');
INSERT INTO SM_CHECK_DEF (TABLE_ID,CHECK_TYPE,CHECK_ORDER,CHECK_KIND,FIELD_NAME,REF_TABLE,REF_FIELD,EXPECT_VALUE,ERR_MSG) VALUES ('TBLID_BEQP_RECIP','EDITCOMP',2,'STAT_N',NULL,NULL,NULL,NULL,'Not editable');
INSERT INTO SM_CHECK_DEF (TABLE_ID,CHECK_TYPE,CHECK_ORDER,CHECK_KIND,FIELD_NAME,REF_TABLE,REF_FIELD,EXPECT_VALUE,ERR_MSG) VALUES ('TBLID_BEQP_RECIP','EDITCOMP',3,'LOCK_FREE',NULL,NULL,NULL,NULL,'Locked');
INSERT INTO SM_CHECK_DEF (TABLE_ID,CHECK_TYPE,CHECK_ORDER,CHECK_KIND,FIELD_NAME,REF_TABLE,REF_FIELD,EXPECT_VALUE,ERR_MSG) VALUES ('TBLID_BEQP_RECIP','EDITCOMP',4,'COMP_N',NULL,NULL,NULL,NULL,'Already complete');

INSERT INTO SM_TABLE_DEF (TABLE_ID,TABLE_NAME,JP_TITLE,US_TITLE,RELEASE_FLAG,DISTRIBUTE_FLAG,PERMISSION_TYPE,SCHEMA_TYPE,HAS_DUMMY,SORT_NO) VALUES ('TBLID_BEQP_STAT_CONST','BEQP_STAT_CONST','BEQP_STAT_CONST','BEQP_STAT_CONST','Y','N','C','L','N',600);
INSERT INTO SM_FIELD_DEF (TABLE_ID,FIELD_NAME,JP_TITLE,US_TITLE,DB_TYPE,DB_LENGTH,IS_KEY,NOT_BLANK,IS_DUMMY,IS_SEARCH_ITEM,SORT_NO,TREE_LEVEL,SHEET_NO,PAGE_NO,PROPERTY_NO,IS_AUTO,IS_MANDATORY,SYSTEM_READONLY,FIELD_TYPE,FIELD_LENGTH,INPUT_ALPHABET,INPUT_MULTIBYTE,INPUT_NUMERIC,INPUT_SYMBOL,INPUT_UPPERCASE,RETRIEVAL_TABLE,FORMAT,DEFAULT_VALUE,MIN_VALUE,MAX_VALUE,CALENDAR_BUTTON,JUMP_BUTTON,OPEN_BUTTON,REF_TABLE_ID,REF_FIELD_NAME,SPECIAL_BUTTON) VALUES ('TBLID_BEQP_STAT_CONST','FROM_EQP_STAT','FROM_EQP_STAT','FROM_EQP_STAT','STRING',5,'Y','Y','N','Y',0,0,0,0,0,'N','N','N','STRING',5,'Y',0,'Y','Y','Y','NONE',NULL,NULL,NULL,NULL,'N','N',0,NULL,NULL,0);
INSERT INTO SM_FIELD_DEF (TABLE_ID,FIELD_NAME,JP_TITLE,US_TITLE,DB_TYPE,DB_LENGTH,IS_KEY,NOT_BLANK,IS_DUMMY,IS_SEARCH_ITEM,SORT_NO,TREE_LEVEL,SHEET_NO,PAGE_NO,PROPERTY_NO,IS_AUTO,IS_MANDATORY,SYSTEM_READONLY,FIELD_TYPE,FIELD_LENGTH,INPUT_ALPHABET,INPUT_MULTIBYTE,INPUT_NUMERIC,INPUT_SYMBOL,INPUT_UPPERCASE,RETRIEVAL_TABLE,FORMAT,DEFAULT_VALUE,MIN_VALUE,MAX_VALUE,CALENDAR_BUTTON,JUMP_BUTTON,OPEN_BUTTON,REF_TABLE_ID,REF_FIELD_NAME,SPECIAL_BUTTON) VALUES ('TBLID_BEQP_STAT_CONST','FROM_EQP_SUBSTAT','FROM_EQP_SUBSTAT','FROM_EQP_SUBSTAT','STRING',20,'N','Y','N','Y',1,-1,0,0,1,'N','N','N','STRING',20,'Y',0,'Y','Y','Y','NONE',NULL,NULL,NULL,NULL,'N','N',0,NULL,NULL,0);
INSERT INTO SM_FIELD_DEF (TABLE_ID,FIELD_NAME,JP_TITLE,US_TITLE,DB_TYPE,DB_LENGTH,IS_KEY,NOT_BLANK,IS_DUMMY,IS_SEARCH_ITEM,SORT_NO,TREE_LEVEL,SHEET_NO,PAGE_NO,PROPERTY_NO,IS_AUTO,IS_MANDATORY,SYSTEM_READONLY,FIELD_TYPE,FIELD_LENGTH,INPUT_ALPHABET,INPUT_MULTIBYTE,INPUT_NUMERIC,INPUT_SYMBOL,INPUT_UPPERCASE,RETRIEVAL_TABLE,FORMAT,DEFAULT_VALUE,MIN_VALUE,MAX_VALUE,CALENDAR_BUTTON,JUMP_BUTTON,OPEN_BUTTON,REF_TABLE_ID,REF_FIELD_NAME,SPECIAL_BUTTON) VALUES ('TBLID_BEQP_STAT_CONST','TO_EQP_STAT','TO_EQP_STAT','TO_EQP_STAT','STRING',5,'N','Y','N','Y',2,-1,0,0,2,'N','N','N','STRING',5,'Y',0,'Y','Y','Y','NONE',NULL,NULL,NULL,NULL,'N','N',0,NULL,NULL,0);
INSERT INTO SM_FIELD_DEF (TABLE_ID,FIELD_NAME,JP_TITLE,US_TITLE,DB_TYPE,DB_LENGTH,IS_KEY,NOT_BLANK,IS_DUMMY,IS_SEARCH_ITEM,SORT_NO,TREE_LEVEL,SHEET_NO,PAGE_NO,PROPERTY_NO,IS_AUTO,IS_MANDATORY,SYSTEM_READONLY,FIELD_TYPE,FIELD_LENGTH,INPUT_ALPHABET,INPUT_MULTIBYTE,INPUT_NUMERIC,INPUT_SYMBOL,INPUT_UPPERCASE,RETRIEVAL_TABLE,FORMAT,DEFAULT_VALUE,MIN_VALUE,MAX_VALUE,CALENDAR_BUTTON,JUMP_BUTTON,OPEN_BUTTON,REF_TABLE_ID,REF_FIELD_NAME,SPECIAL_BUTTON) VALUES ('TBLID_BEQP_STAT_CONST','TO_EQP_SUBSTAT','TO_EQP_SUBSTAT','TO_EQP_SUBSTAT','STRING',20,'N','Y','N','Y',3,-1,0,0,3,'N','N','N','STRING',20,'Y',0,'Y','Y','Y','NONE',NULL,NULL,NULL,NULL,'N','N',0,NULL,NULL,0);
INSERT INTO SM_FIELD_DEF (TABLE_ID,FIELD_NAME,JP_TITLE,US_TITLE,DB_TYPE,DB_LENGTH,IS_KEY,NOT_BLANK,IS_DUMMY,IS_SEARCH_ITEM,SORT_NO,TREE_LEVEL,SHEET_NO,PAGE_NO,PROPERTY_NO,IS_AUTO,IS_MANDATORY,SYSTEM_READONLY,FIELD_TYPE,FIELD_LENGTH,INPUT_ALPHABET,INPUT_MULTIBYTE,INPUT_NUMERIC,INPUT_SYMBOL,INPUT_UPPERCASE,RETRIEVAL_TABLE,FORMAT,DEFAULT_VALUE,MIN_VALUE,MAX_VALUE,CALENDAR_BUTTON,JUMP_BUTTON,OPEN_BUTTON,REF_TABLE_ID,REF_FIELD_NAME,SPECIAL_BUTTON) VALUES ('TBLID_BEQP_STAT_CONST','USERG_IDS','USERG_IDS','USERG_IDS','STRING',80,'N','Y','N','Y',4,-1,0,0,4,'N','N','N','STRING',80,'Y',0,'Y','Y','Y','NONE',NULL,NULL,NULL,NULL,'N','N',0,NULL,NULL,0);
INSERT INTO SM_CHECK_DEF (TABLE_ID,CHECK_TYPE,CHECK_ORDER,CHECK_KIND,FIELD_NAME,REF_TABLE,REF_FIELD,EXPECT_VALUE,ERR_MSG) VALUES ('TBLID_BEQP_STAT_CONST','SAVE',1,'NOTNULL','FROM_EQP_STAT',NULL,NULL,NULL,'FROM_EQP_STAT required');
INSERT INTO SM_CHECK_DEF (TABLE_ID,CHECK_TYPE,CHECK_ORDER,CHECK_KIND,FIELD_NAME,REF_TABLE,REF_FIELD,EXPECT_VALUE,ERR_MSG) VALUES ('TBLID_BEQP_STAT_CONST','SAVE',2,'STAT_N',NULL,NULL,NULL,NULL,'Not editable');
INSERT INTO SM_CHECK_DEF (TABLE_ID,CHECK_TYPE,CHECK_ORDER,CHECK_KIND,FIELD_NAME,REF_TABLE,REF_FIELD,EXPECT_VALUE,ERR_MSG) VALUES ('TBLID_BEQP_STAT_CONST','SAVE',3,'LOCK_FREE',NULL,NULL,NULL,NULL,'Locked');
INSERT INTO SM_CHECK_DEF (TABLE_ID,CHECK_TYPE,CHECK_ORDER,CHECK_KIND,FIELD_NAME,REF_TABLE,REF_FIELD,EXPECT_VALUE,ERR_MSG) VALUES ('TBLID_BEQP_STAT_CONST','RELEASE',1,'NOTNULL','FROM_EQP_STAT',NULL,NULL,NULL,'FROM_EQP_STAT required');
INSERT INTO SM_CHECK_DEF (TABLE_ID,CHECK_TYPE,CHECK_ORDER,CHECK_KIND,FIELD_NAME,REF_TABLE,REF_FIELD,EXPECT_VALUE,ERR_MSG) VALUES ('TBLID_BEQP_STAT_CONST','RELEASE',2,'STAT_N',NULL,NULL,NULL,NULL,'Not editable');
INSERT INTO SM_CHECK_DEF (TABLE_ID,CHECK_TYPE,CHECK_ORDER,CHECK_KIND,FIELD_NAME,REF_TABLE,REF_FIELD,EXPECT_VALUE,ERR_MSG) VALUES ('TBLID_BEQP_STAT_CONST','RELEASE',3,'LOCK_FREE',NULL,NULL,NULL,NULL,'Locked');
INSERT INTO SM_CHECK_DEF (TABLE_ID,CHECK_TYPE,CHECK_ORDER,CHECK_KIND,FIELD_NAME,REF_TABLE,REF_FIELD,EXPECT_VALUE,ERR_MSG) VALUES ('TBLID_BEQP_STAT_CONST','RELEASE',10,'RELEASE_PARAM','FROM_EQP_STAT','DEQP_STAT_CONST',NULL,NULL,NULL);
INSERT INTO SM_CHECK_DEF (TABLE_ID,CHECK_TYPE,CHECK_ORDER,CHECK_KIND,FIELD_NAME,REF_TABLE,REF_FIELD,EXPECT_VALUE,ERR_MSG) VALUES ('TBLID_BEQP_STAT_CONST','DELETE',1,'NOTNULL','FROM_EQP_STAT',NULL,NULL,NULL,'FROM_EQP_STAT required');
INSERT INTO SM_CHECK_DEF (TABLE_ID,CHECK_TYPE,CHECK_ORDER,CHECK_KIND,FIELD_NAME,REF_TABLE,REF_FIELD,EXPECT_VALUE,ERR_MSG) VALUES ('TBLID_BEQP_STAT_CONST','DELETE',2,'STAT_Y',NULL,NULL,NULL,NULL,'Not released');
INSERT INTO SM_CHECK_DEF (TABLE_ID,CHECK_TYPE,CHECK_ORDER,CHECK_KIND,FIELD_NAME,REF_TABLE,REF_FIELD,EXPECT_VALUE,ERR_MSG) VALUES ('TBLID_BEQP_STAT_CONST','DELETE',3,'LOCK_FREE',NULL,NULL,NULL,NULL,'Locked');
INSERT INTO SM_CHECK_DEF (TABLE_ID,CHECK_TYPE,CHECK_ORDER,CHECK_KIND,FIELD_NAME,REF_TABLE,REF_FIELD,EXPECT_VALUE,ERR_MSG) VALUES ('TBLID_BEQP_STAT_CONST','EDITCOMP',1,'NOTNULL','FROM_EQP_STAT',NULL,NULL,NULL,'FROM_EQP_STAT required');
INSERT INTO SM_CHECK_DEF (TABLE_ID,CHECK_TYPE,CHECK_ORDER,CHECK_KIND,FIELD_NAME,REF_TABLE,REF_FIELD,EXPECT_VALUE,ERR_MSG) VALUES ('TBLID_BEQP_STAT_CONST','EDITCOMP',2,'STAT_N',NULL,NULL,NULL,NULL,'Not editable');
INSERT INTO SM_CHECK_DEF (TABLE_ID,CHECK_TYPE,CHECK_ORDER,CHECK_KIND,FIELD_NAME,REF_TABLE,REF_FIELD,EXPECT_VALUE,ERR_MSG) VALUES ('TBLID_BEQP_STAT_CONST','EDITCOMP',3,'LOCK_FREE',NULL,NULL,NULL,NULL,'Locked');
INSERT INTO SM_CHECK_DEF (TABLE_ID,CHECK_TYPE,CHECK_ORDER,CHECK_KIND,FIELD_NAME,REF_TABLE,REF_FIELD,EXPECT_VALUE,ERR_MSG) VALUES ('TBLID_BEQP_STAT_CONST','EDITCOMP',4,'COMP_N',NULL,NULL,NULL,NULL,'Already complete');

INSERT INTO SM_TABLE_DEF (TABLE_ID,TABLE_NAME,JP_TITLE,US_TITLE,RELEASE_FLAG,DISTRIBUTE_FLAG,PERMISSION_TYPE,SCHEMA_TYPE,HAS_DUMMY,SORT_NO) VALUES ('TBLID_BEQP_USER','BEQP_USER','BEQP_USER','BEQP_USER','Y','N','C','L','N',610);
INSERT INTO SM_FIELD_DEF (TABLE_ID,FIELD_NAME,JP_TITLE,US_TITLE,DB_TYPE,DB_LENGTH,IS_KEY,NOT_BLANK,IS_DUMMY,IS_SEARCH_ITEM,SORT_NO,TREE_LEVEL,SHEET_NO,PAGE_NO,PROPERTY_NO,IS_AUTO,IS_MANDATORY,SYSTEM_READONLY,FIELD_TYPE,FIELD_LENGTH,INPUT_ALPHABET,INPUT_MULTIBYTE,INPUT_NUMERIC,INPUT_SYMBOL,INPUT_UPPERCASE,RETRIEVAL_TABLE,FORMAT,DEFAULT_VALUE,MIN_VALUE,MAX_VALUE,CALENDAR_BUTTON,JUMP_BUTTON,OPEN_BUTTON,REF_TABLE_ID,REF_FIELD_NAME,SPECIAL_BUTTON) VALUES ('TBLID_BEQP_USER','EQP_USER_ID','EQP_USER_ID','EQP_USER_ID','STRING',20,'Y','Y','N','Y',0,0,0,0,0,'N','N','N','STRING',20,'Y',0,'Y','Y','Y','NONE',NULL,NULL,NULL,NULL,'N','N',0,NULL,NULL,0);
INSERT INTO SM_FIELD_DEF (TABLE_ID,FIELD_NAME,JP_TITLE,US_TITLE,DB_TYPE,DB_LENGTH,IS_KEY,NOT_BLANK,IS_DUMMY,IS_SEARCH_ITEM,SORT_NO,TREE_LEVEL,SHEET_NO,PAGE_NO,PROPERTY_NO,IS_AUTO,IS_MANDATORY,SYSTEM_READONLY,FIELD_TYPE,FIELD_LENGTH,INPUT_ALPHABET,INPUT_MULTIBYTE,INPUT_NUMERIC,INPUT_SYMBOL,INPUT_UPPERCASE,RETRIEVAL_TABLE,FORMAT,DEFAULT_VALUE,MIN_VALUE,MAX_VALUE,CALENDAR_BUTTON,JUMP_BUTTON,OPEN_BUTTON,REF_TABLE_ID,REF_FIELD_NAME,SPECIAL_BUTTON) VALUES ('TBLID_BEQP_USER','EQP_ID','EQP_ID','EQP_ID','STRING',10,'N','Y','N','Y',1,-1,0,0,1,'N','N','N','STRING',10,'Y',0,'Y','Y','Y','NONE',NULL,NULL,NULL,NULL,'N','N',0,NULL,NULL,0);
INSERT INTO SM_CHECK_DEF (TABLE_ID,CHECK_TYPE,CHECK_ORDER,CHECK_KIND,FIELD_NAME,REF_TABLE,REF_FIELD,EXPECT_VALUE,ERR_MSG) VALUES ('TBLID_BEQP_USER','SAVE',1,'NOTNULL','EQP_USER_ID',NULL,NULL,NULL,'EQP_USER_ID required');
INSERT INTO SM_CHECK_DEF (TABLE_ID,CHECK_TYPE,CHECK_ORDER,CHECK_KIND,FIELD_NAME,REF_TABLE,REF_FIELD,EXPECT_VALUE,ERR_MSG) VALUES ('TBLID_BEQP_USER','SAVE',2,'STAT_N',NULL,NULL,NULL,NULL,'Not editable');
INSERT INTO SM_CHECK_DEF (TABLE_ID,CHECK_TYPE,CHECK_ORDER,CHECK_KIND,FIELD_NAME,REF_TABLE,REF_FIELD,EXPECT_VALUE,ERR_MSG) VALUES ('TBLID_BEQP_USER','SAVE',3,'LOCK_FREE',NULL,NULL,NULL,NULL,'Locked');
INSERT INTO SM_CHECK_DEF (TABLE_ID,CHECK_TYPE,CHECK_ORDER,CHECK_KIND,FIELD_NAME,REF_TABLE,REF_FIELD,EXPECT_VALUE,ERR_MSG) VALUES ('TBLID_BEQP_USER','RELEASE',1,'NOTNULL','EQP_USER_ID',NULL,NULL,NULL,'EQP_USER_ID required');
INSERT INTO SM_CHECK_DEF (TABLE_ID,CHECK_TYPE,CHECK_ORDER,CHECK_KIND,FIELD_NAME,REF_TABLE,REF_FIELD,EXPECT_VALUE,ERR_MSG) VALUES ('TBLID_BEQP_USER','RELEASE',2,'STAT_N',NULL,NULL,NULL,NULL,'Not editable');
INSERT INTO SM_CHECK_DEF (TABLE_ID,CHECK_TYPE,CHECK_ORDER,CHECK_KIND,FIELD_NAME,REF_TABLE,REF_FIELD,EXPECT_VALUE,ERR_MSG) VALUES ('TBLID_BEQP_USER','RELEASE',3,'LOCK_FREE',NULL,NULL,NULL,NULL,'Locked');
INSERT INTO SM_CHECK_DEF (TABLE_ID,CHECK_TYPE,CHECK_ORDER,CHECK_KIND,FIELD_NAME,REF_TABLE,REF_FIELD,EXPECT_VALUE,ERR_MSG) VALUES ('TBLID_BEQP_USER','RELEASE',10,'RELEASE_PARAM','EQP_USER_ID','DEQP_USER',NULL,NULL,NULL);
INSERT INTO SM_CHECK_DEF (TABLE_ID,CHECK_TYPE,CHECK_ORDER,CHECK_KIND,FIELD_NAME,REF_TABLE,REF_FIELD,EXPECT_VALUE,ERR_MSG) VALUES ('TBLID_BEQP_USER','DELETE',1,'NOTNULL','EQP_USER_ID',NULL,NULL,NULL,'EQP_USER_ID required');
INSERT INTO SM_CHECK_DEF (TABLE_ID,CHECK_TYPE,CHECK_ORDER,CHECK_KIND,FIELD_NAME,REF_TABLE,REF_FIELD,EXPECT_VALUE,ERR_MSG) VALUES ('TBLID_BEQP_USER','DELETE',2,'STAT_Y',NULL,NULL,NULL,NULL,'Not released');
INSERT INTO SM_CHECK_DEF (TABLE_ID,CHECK_TYPE,CHECK_ORDER,CHECK_KIND,FIELD_NAME,REF_TABLE,REF_FIELD,EXPECT_VALUE,ERR_MSG) VALUES ('TBLID_BEQP_USER','DELETE',3,'LOCK_FREE',NULL,NULL,NULL,NULL,'Locked');
INSERT INTO SM_CHECK_DEF (TABLE_ID,CHECK_TYPE,CHECK_ORDER,CHECK_KIND,FIELD_NAME,REF_TABLE,REF_FIELD,EXPECT_VALUE,ERR_MSG) VALUES ('TBLID_BEQP_USER','EDITCOMP',1,'NOTNULL','EQP_USER_ID',NULL,NULL,NULL,'EQP_USER_ID required');
INSERT INTO SM_CHECK_DEF (TABLE_ID,CHECK_TYPE,CHECK_ORDER,CHECK_KIND,FIELD_NAME,REF_TABLE,REF_FIELD,EXPECT_VALUE,ERR_MSG) VALUES ('TBLID_BEQP_USER','EDITCOMP',2,'STAT_N',NULL,NULL,NULL,NULL,'Not editable');
INSERT INTO SM_CHECK_DEF (TABLE_ID,CHECK_TYPE,CHECK_ORDER,CHECK_KIND,FIELD_NAME,REF_TABLE,REF_FIELD,EXPECT_VALUE,ERR_MSG) VALUES ('TBLID_BEQP_USER','EDITCOMP',3,'LOCK_FREE',NULL,NULL,NULL,NULL,'Locked');
INSERT INTO SM_CHECK_DEF (TABLE_ID,CHECK_TYPE,CHECK_ORDER,CHECK_KIND,FIELD_NAME,REF_TABLE,REF_FIELD,EXPECT_VALUE,ERR_MSG) VALUES ('TBLID_BEQP_USER','EDITCOMP',4,'COMP_N',NULL,NULL,NULL,NULL,'Already complete');

INSERT INTO SM_TABLE_DEF (TABLE_ID,TABLE_NAME,JP_TITLE,US_TITLE,RELEASE_FLAG,DISTRIBUTE_FLAG,PERMISSION_TYPE,SCHEMA_TYPE,HAS_DUMMY,SORT_NO) VALUES ('TBLID_BFTPINFO','BFTPINFO','BFTPINFO','BFTPINFO','Y','N','C','L','N',620);
INSERT INTO SM_FIELD_DEF (TABLE_ID,FIELD_NAME,JP_TITLE,US_TITLE,DB_TYPE,DB_LENGTH,IS_KEY,NOT_BLANK,IS_DUMMY,IS_SEARCH_ITEM,SORT_NO,TREE_LEVEL,SHEET_NO,PAGE_NO,PROPERTY_NO,IS_AUTO,IS_MANDATORY,SYSTEM_READONLY,FIELD_TYPE,FIELD_LENGTH,INPUT_ALPHABET,INPUT_MULTIBYTE,INPUT_NUMERIC,INPUT_SYMBOL,INPUT_UPPERCASE,RETRIEVAL_TABLE,FORMAT,DEFAULT_VALUE,MIN_VALUE,MAX_VALUE,CALENDAR_BUTTON,JUMP_BUTTON,OPEN_BUTTON,REF_TABLE_ID,REF_FIELD_NAME,SPECIAL_BUTTON) VALUES ('TBLID_BFTPINFO','FTP_INFO_ID','FTP_INFO_ID','FTP_INFO_ID','STRING',10,'Y','Y','N','Y',0,0,0,0,0,'N','N','N','STRING',10,'Y',0,'Y','Y','Y','NONE',NULL,NULL,NULL,NULL,'N','N',0,NULL,NULL,0);
INSERT INTO SM_FIELD_DEF (TABLE_ID,FIELD_NAME,JP_TITLE,US_TITLE,DB_TYPE,DB_LENGTH,IS_KEY,NOT_BLANK,IS_DUMMY,IS_SEARCH_ITEM,SORT_NO,TREE_LEVEL,SHEET_NO,PAGE_NO,PROPERTY_NO,IS_AUTO,IS_MANDATORY,SYSTEM_READONLY,FIELD_TYPE,FIELD_LENGTH,INPUT_ALPHABET,INPUT_MULTIBYTE,INPUT_NUMERIC,INPUT_SYMBOL,INPUT_UPPERCASE,RETRIEVAL_TABLE,FORMAT,DEFAULT_VALUE,MIN_VALUE,MAX_VALUE,CALENDAR_BUTTON,JUMP_BUTTON,OPEN_BUTTON,REF_TABLE_ID,REF_FIELD_NAME,SPECIAL_BUTTON) VALUES ('TBLID_BFTPINFO','FTP_INFO_NAME','FTP_INFO_NAME','FTP_INFO_NAME','STRING',40,'N','Y','N','Y',1,-1,0,0,1,'N','N','N','STRING',40,'Y',0,'Y','Y','Y','NONE',NULL,NULL,NULL,NULL,'N','N',0,NULL,NULL,0);
INSERT INTO SM_FIELD_DEF (TABLE_ID,FIELD_NAME,JP_TITLE,US_TITLE,DB_TYPE,DB_LENGTH,IS_KEY,NOT_BLANK,IS_DUMMY,IS_SEARCH_ITEM,SORT_NO,TREE_LEVEL,SHEET_NO,PAGE_NO,PROPERTY_NO,IS_AUTO,IS_MANDATORY,SYSTEM_READONLY,FIELD_TYPE,FIELD_LENGTH,INPUT_ALPHABET,INPUT_MULTIBYTE,INPUT_NUMERIC,INPUT_SYMBOL,INPUT_UPPERCASE,RETRIEVAL_TABLE,FORMAT,DEFAULT_VALUE,MIN_VALUE,MAX_VALUE,CALENDAR_BUTTON,JUMP_BUTTON,OPEN_BUTTON,REF_TABLE_ID,REF_FIELD_NAME,SPECIAL_BUTTON) VALUES ('TBLID_BFTPINFO','SAVE_DIR_1','SAVE_DIR_1','SAVE_DIR_1','STRING',80,'N','Y','N','Y',2,-1,0,0,2,'N','N','N','STRING',80,'Y',0,'Y','Y','Y','NONE',NULL,NULL,NULL,NULL,'N','N',0,NULL,NULL,0);
INSERT INTO SM_FIELD_DEF (TABLE_ID,FIELD_NAME,JP_TITLE,US_TITLE,DB_TYPE,DB_LENGTH,IS_KEY,NOT_BLANK,IS_DUMMY,IS_SEARCH_ITEM,SORT_NO,TREE_LEVEL,SHEET_NO,PAGE_NO,PROPERTY_NO,IS_AUTO,IS_MANDATORY,SYSTEM_READONLY,FIELD_TYPE,FIELD_LENGTH,INPUT_ALPHABET,INPUT_MULTIBYTE,INPUT_NUMERIC,INPUT_SYMBOL,INPUT_UPPERCASE,RETRIEVAL_TABLE,FORMAT,DEFAULT_VALUE,MIN_VALUE,MAX_VALUE,CALENDAR_BUTTON,JUMP_BUTTON,OPEN_BUTTON,REF_TABLE_ID,REF_FIELD_NAME,SPECIAL_BUTTON) VALUES ('TBLID_BFTPINFO','SAVE_DIR_2','SAVE_DIR_2','SAVE_DIR_2','STRING',80,'N','Y','N','Y',3,-1,0,0,3,'N','N','N','STRING',80,'Y',0,'Y','Y','Y','NONE',NULL,NULL,NULL,NULL,'N','N',0,NULL,NULL,0);
INSERT INTO SM_FIELD_DEF (TABLE_ID,FIELD_NAME,JP_TITLE,US_TITLE,DB_TYPE,DB_LENGTH,IS_KEY,NOT_BLANK,IS_DUMMY,IS_SEARCH_ITEM,SORT_NO,TREE_LEVEL,SHEET_NO,PAGE_NO,PROPERTY_NO,IS_AUTO,IS_MANDATORY,SYSTEM_READONLY,FIELD_TYPE,FIELD_LENGTH,INPUT_ALPHABET,INPUT_MULTIBYTE,INPUT_NUMERIC,INPUT_SYMBOL,INPUT_UPPERCASE,RETRIEVAL_TABLE,FORMAT,DEFAULT_VALUE,MIN_VALUE,MAX_VALUE,CALENDAR_BUTTON,JUMP_BUTTON,OPEN_BUTTON,REF_TABLE_ID,REF_FIELD_NAME,SPECIAL_BUTTON) VALUES ('TBLID_BFTPINFO','SAVE_DIR_3','SAVE_DIR_3','SAVE_DIR_3','STRING',80,'N','Y','N','Y',4,-1,0,0,4,'N','N','N','STRING',80,'Y',0,'Y','Y','Y','NONE',NULL,NULL,NULL,NULL,'N','N',0,NULL,NULL,0);
INSERT INTO SM_FIELD_DEF (TABLE_ID,FIELD_NAME,JP_TITLE,US_TITLE,DB_TYPE,DB_LENGTH,IS_KEY,NOT_BLANK,IS_DUMMY,IS_SEARCH_ITEM,SORT_NO,TREE_LEVEL,SHEET_NO,PAGE_NO,PROPERTY_NO,IS_AUTO,IS_MANDATORY,SYSTEM_READONLY,FIELD_TYPE,FIELD_LENGTH,INPUT_ALPHABET,INPUT_MULTIBYTE,INPUT_NUMERIC,INPUT_SYMBOL,INPUT_UPPERCASE,RETRIEVAL_TABLE,FORMAT,DEFAULT_VALUE,MIN_VALUE,MAX_VALUE,CALENDAR_BUTTON,JUMP_BUTTON,OPEN_BUTTON,REF_TABLE_ID,REF_FIELD_NAME,SPECIAL_BUTTON) VALUES ('TBLID_BFTPINFO','SAVE_DIR_4','SAVE_DIR_4','SAVE_DIR_4','STRING',80,'N','Y','N','Y',5,-1,0,0,5,'N','N','N','STRING',80,'Y',0,'Y','Y','Y','NONE',NULL,NULL,NULL,NULL,'N','N',0,NULL,NULL,0);
INSERT INTO SM_FIELD_DEF (TABLE_ID,FIELD_NAME,JP_TITLE,US_TITLE,DB_TYPE,DB_LENGTH,IS_KEY,NOT_BLANK,IS_DUMMY,IS_SEARCH_ITEM,SORT_NO,TREE_LEVEL,SHEET_NO,PAGE_NO,PROPERTY_NO,IS_AUTO,IS_MANDATORY,SYSTEM_READONLY,FIELD_TYPE,FIELD_LENGTH,INPUT_ALPHABET,INPUT_MULTIBYTE,INPUT_NUMERIC,INPUT_SYMBOL,INPUT_UPPERCASE,RETRIEVAL_TABLE,FORMAT,DEFAULT_VALUE,MIN_VALUE,MAX_VALUE,CALENDAR_BUTTON,JUMP_BUTTON,OPEN_BUTTON,REF_TABLE_ID,REF_FIELD_NAME,SPECIAL_BUTTON) VALUES ('TBLID_BFTPINFO','FTP_USER_ID','FTP_USER_ID','FTP_USER_ID','STRING',8,'N','Y','N','Y',6,-1,0,0,6,'N','N','N','STRING',8,'Y',0,'Y','Y','Y','NONE',NULL,NULL,NULL,NULL,'N','N',0,NULL,NULL,0);
INSERT INTO SM_FIELD_DEF (TABLE_ID,FIELD_NAME,JP_TITLE,US_TITLE,DB_TYPE,DB_LENGTH,IS_KEY,NOT_BLANK,IS_DUMMY,IS_SEARCH_ITEM,SORT_NO,TREE_LEVEL,SHEET_NO,PAGE_NO,PROPERTY_NO,IS_AUTO,IS_MANDATORY,SYSTEM_READONLY,FIELD_TYPE,FIELD_LENGTH,INPUT_ALPHABET,INPUT_MULTIBYTE,INPUT_NUMERIC,INPUT_SYMBOL,INPUT_UPPERCASE,RETRIEVAL_TABLE,FORMAT,DEFAULT_VALUE,MIN_VALUE,MAX_VALUE,CALENDAR_BUTTON,JUMP_BUTTON,OPEN_BUTTON,REF_TABLE_ID,REF_FIELD_NAME,SPECIAL_BUTTON) VALUES ('TBLID_BFTPINFO','FTP_PASSWD','FTP_PASSWD','FTP_PASSWD','STRING',8,'N','Y','N','Y',7,-1,0,0,7,'N','N','N','STRING',8,'Y',0,'Y','Y','Y','NONE',NULL,NULL,NULL,NULL,'N','N',0,NULL,NULL,0);
INSERT INTO SM_CHECK_DEF (TABLE_ID,CHECK_TYPE,CHECK_ORDER,CHECK_KIND,FIELD_NAME,REF_TABLE,REF_FIELD,EXPECT_VALUE,ERR_MSG) VALUES ('TBLID_BFTPINFO','SAVE',1,'NOTNULL','FTP_INFO_ID',NULL,NULL,NULL,'FTP_INFO_ID required');
INSERT INTO SM_CHECK_DEF (TABLE_ID,CHECK_TYPE,CHECK_ORDER,CHECK_KIND,FIELD_NAME,REF_TABLE,REF_FIELD,EXPECT_VALUE,ERR_MSG) VALUES ('TBLID_BFTPINFO','SAVE',2,'STAT_N',NULL,NULL,NULL,NULL,'Not editable');
INSERT INTO SM_CHECK_DEF (TABLE_ID,CHECK_TYPE,CHECK_ORDER,CHECK_KIND,FIELD_NAME,REF_TABLE,REF_FIELD,EXPECT_VALUE,ERR_MSG) VALUES ('TBLID_BFTPINFO','SAVE',3,'LOCK_FREE',NULL,NULL,NULL,NULL,'Locked');
INSERT INTO SM_CHECK_DEF (TABLE_ID,CHECK_TYPE,CHECK_ORDER,CHECK_KIND,FIELD_NAME,REF_TABLE,REF_FIELD,EXPECT_VALUE,ERR_MSG) VALUES ('TBLID_BFTPINFO','RELEASE',1,'NOTNULL','FTP_INFO_ID',NULL,NULL,NULL,'FTP_INFO_ID required');
INSERT INTO SM_CHECK_DEF (TABLE_ID,CHECK_TYPE,CHECK_ORDER,CHECK_KIND,FIELD_NAME,REF_TABLE,REF_FIELD,EXPECT_VALUE,ERR_MSG) VALUES ('TBLID_BFTPINFO','RELEASE',2,'STAT_N',NULL,NULL,NULL,NULL,'Not editable');
INSERT INTO SM_CHECK_DEF (TABLE_ID,CHECK_TYPE,CHECK_ORDER,CHECK_KIND,FIELD_NAME,REF_TABLE,REF_FIELD,EXPECT_VALUE,ERR_MSG) VALUES ('TBLID_BFTPINFO','RELEASE',3,'LOCK_FREE',NULL,NULL,NULL,NULL,'Locked');
INSERT INTO SM_CHECK_DEF (TABLE_ID,CHECK_TYPE,CHECK_ORDER,CHECK_KIND,FIELD_NAME,REF_TABLE,REF_FIELD,EXPECT_VALUE,ERR_MSG) VALUES ('TBLID_BFTPINFO','RELEASE',10,'RELEASE_PARAM','FTP_INFO_ID','DFTPINFO',NULL,NULL,NULL);
INSERT INTO SM_CHECK_DEF (TABLE_ID,CHECK_TYPE,CHECK_ORDER,CHECK_KIND,FIELD_NAME,REF_TABLE,REF_FIELD,EXPECT_VALUE,ERR_MSG) VALUES ('TBLID_BFTPINFO','DELETE',1,'NOTNULL','FTP_INFO_ID',NULL,NULL,NULL,'FTP_INFO_ID required');
INSERT INTO SM_CHECK_DEF (TABLE_ID,CHECK_TYPE,CHECK_ORDER,CHECK_KIND,FIELD_NAME,REF_TABLE,REF_FIELD,EXPECT_VALUE,ERR_MSG) VALUES ('TBLID_BFTPINFO','DELETE',2,'STAT_Y',NULL,NULL,NULL,NULL,'Not released');
INSERT INTO SM_CHECK_DEF (TABLE_ID,CHECK_TYPE,CHECK_ORDER,CHECK_KIND,FIELD_NAME,REF_TABLE,REF_FIELD,EXPECT_VALUE,ERR_MSG) VALUES ('TBLID_BFTPINFO','DELETE',3,'LOCK_FREE',NULL,NULL,NULL,NULL,'Locked');
INSERT INTO SM_CHECK_DEF (TABLE_ID,CHECK_TYPE,CHECK_ORDER,CHECK_KIND,FIELD_NAME,REF_TABLE,REF_FIELD,EXPECT_VALUE,ERR_MSG) VALUES ('TBLID_BFTPINFO','EDITCOMP',1,'NOTNULL','FTP_INFO_ID',NULL,NULL,NULL,'FTP_INFO_ID required');
INSERT INTO SM_CHECK_DEF (TABLE_ID,CHECK_TYPE,CHECK_ORDER,CHECK_KIND,FIELD_NAME,REF_TABLE,REF_FIELD,EXPECT_VALUE,ERR_MSG) VALUES ('TBLID_BFTPINFO','EDITCOMP',2,'STAT_N',NULL,NULL,NULL,NULL,'Not editable');
INSERT INTO SM_CHECK_DEF (TABLE_ID,CHECK_TYPE,CHECK_ORDER,CHECK_KIND,FIELD_NAME,REF_TABLE,REF_FIELD,EXPECT_VALUE,ERR_MSG) VALUES ('TBLID_BFTPINFO','EDITCOMP',3,'LOCK_FREE',NULL,NULL,NULL,NULL,'Locked');
INSERT INTO SM_CHECK_DEF (TABLE_ID,CHECK_TYPE,CHECK_ORDER,CHECK_KIND,FIELD_NAME,REF_TABLE,REF_FIELD,EXPECT_VALUE,ERR_MSG) VALUES ('TBLID_BFTPINFO','EDITCOMP',4,'COMP_N',NULL,NULL,NULL,NULL,'Already complete');

INSERT INTO SM_TABLE_DEF (TABLE_ID,TABLE_NAME,JP_TITLE,US_TITLE,RELEASE_FLAG,DISTRIBUTE_FLAG,PERMISSION_TYPE,SCHEMA_TYPE,HAS_DUMMY,SORT_NO) VALUES ('TBLID_BIL_PRE_CTRL','BIL_PRE_CTRL','BIL_PRE_CTRL','BIL_PRE_CTRL','Y','N','C','L','N',630);
INSERT INTO SM_FIELD_DEF (TABLE_ID,FIELD_NAME,JP_TITLE,US_TITLE,DB_TYPE,DB_LENGTH,IS_KEY,NOT_BLANK,IS_DUMMY,IS_SEARCH_ITEM,SORT_NO,TREE_LEVEL,SHEET_NO,PAGE_NO,PROPERTY_NO,IS_AUTO,IS_MANDATORY,SYSTEM_READONLY,FIELD_TYPE,FIELD_LENGTH,INPUT_ALPHABET,INPUT_MULTIBYTE,INPUT_NUMERIC,INPUT_SYMBOL,INPUT_UPPERCASE,RETRIEVAL_TABLE,FORMAT,DEFAULT_VALUE,MIN_VALUE,MAX_VALUE,CALENDAR_BUTTON,JUMP_BUTTON,OPEN_BUTTON,REF_TABLE_ID,REF_FIELD_NAME,SPECIAL_BUTTON) VALUES ('TBLID_BIL_PRE_CTRL','PROD_ID','PROD_ID','PROD_ID','STRING',20,'Y','Y','N','Y',0,0,0,0,0,'N','N','N','STRING',20,'Y',0,'Y','Y','Y','NONE',NULL,NULL,NULL,NULL,'N','N',0,NULL,NULL,0);
INSERT INTO SM_FIELD_DEF (TABLE_ID,FIELD_NAME,JP_TITLE,US_TITLE,DB_TYPE,DB_LENGTH,IS_KEY,NOT_BLANK,IS_DUMMY,IS_SEARCH_ITEM,SORT_NO,TREE_LEVEL,SHEET_NO,PAGE_NO,PROPERTY_NO,IS_AUTO,IS_MANDATORY,SYSTEM_READONLY,FIELD_TYPE,FIELD_LENGTH,INPUT_ALPHABET,INPUT_MULTIBYTE,INPUT_NUMERIC,INPUT_SYMBOL,INPUT_UPPERCASE,RETRIEVAL_TABLE,FORMAT,DEFAULT_VALUE,MIN_VALUE,MAX_VALUE,CALENDAR_BUTTON,JUMP_BUTTON,OPEN_BUTTON,REF_TABLE_ID,REF_FIELD_NAME,SPECIAL_BUTTON) VALUES ('TBLID_BIL_PRE_CTRL','IL_PRE_INSP_CAT','IL_PRE_INSP_CAT','IL_PRE_INSP_CAT','STRING',1,'N','Y','N','Y',1,-1,0,0,1,'N','N','N','STRING',1,'Y',0,'Y','Y','Y','NONE',NULL,NULL,NULL,NULL,'N','N',0,NULL,NULL,0);
INSERT INTO SM_FIELD_DEF (TABLE_ID,FIELD_NAME,JP_TITLE,US_TITLE,DB_TYPE,DB_LENGTH,IS_KEY,NOT_BLANK,IS_DUMMY,IS_SEARCH_ITEM,SORT_NO,TREE_LEVEL,SHEET_NO,PAGE_NO,PROPERTY_NO,IS_AUTO,IS_MANDATORY,SYSTEM_READONLY,FIELD_TYPE,FIELD_LENGTH,INPUT_ALPHABET,INPUT_MULTIBYTE,INPUT_NUMERIC,INPUT_SYMBOL,INPUT_UPPERCASE,RETRIEVAL_TABLE,FORMAT,DEFAULT_VALUE,MIN_VALUE,MAX_VALUE,CALENDAR_BUTTON,JUMP_BUTTON,OPEN_BUTTON,REF_TABLE_ID,REF_FIELD_NAME,SPECIAL_BUTTON) VALUES ('TBLID_BIL_PRE_CTRL','IL_PRE_CAT','IL_PRE_CAT','IL_PRE_CAT','STRING',12,'N','Y','N','Y',2,-1,0,0,2,'N','N','N','STRING',12,'Y',0,'Y','Y','Y','NONE',NULL,NULL,NULL,NULL,'N','N',0,NULL,NULL,0);
INSERT INTO SM_FIELD_DEF (TABLE_ID,FIELD_NAME,JP_TITLE,US_TITLE,DB_TYPE,DB_LENGTH,IS_KEY,NOT_BLANK,IS_DUMMY,IS_SEARCH_ITEM,SORT_NO,TREE_LEVEL,SHEET_NO,PAGE_NO,PROPERTY_NO,IS_AUTO,IS_MANDATORY,SYSTEM_READONLY,FIELD_TYPE,FIELD_LENGTH,INPUT_ALPHABET,INPUT_MULTIBYTE,INPUT_NUMERIC,INPUT_SYMBOL,INPUT_UPPERCASE,RETRIEVAL_TABLE,FORMAT,DEFAULT_VALUE,MIN_VALUE,MAX_VALUE,CALENDAR_BUTTON,JUMP_BUTTON,OPEN_BUTTON,REF_TABLE_ID,REF_FIELD_NAME,SPECIAL_BUTTON) VALUES ('TBLID_BIL_PRE_CTRL','INSPLOT_PROD_ID','INSPLOT_PROD_ID','INSPLOT_PROD_ID','STRING',20,'N','Y','N','Y',3,-1,0,0,3,'N','N','N','STRING',20,'Y',0,'Y','Y','Y','NONE',NULL,NULL,NULL,NULL,'N','N',0,NULL,NULL,0);
INSERT INTO SM_FIELD_DEF (TABLE_ID,FIELD_NAME,JP_TITLE,US_TITLE,DB_TYPE,DB_LENGTH,IS_KEY,NOT_BLANK,IS_DUMMY,IS_SEARCH_ITEM,SORT_NO,TREE_LEVEL,SHEET_NO,PAGE_NO,PROPERTY_NO,IS_AUTO,IS_MANDATORY,SYSTEM_READONLY,FIELD_TYPE,FIELD_LENGTH,INPUT_ALPHABET,INPUT_MULTIBYTE,INPUT_NUMERIC,INPUT_SYMBOL,INPUT_UPPERCASE,RETRIEVAL_TABLE,FORMAT,DEFAULT_VALUE,MIN_VALUE,MAX_VALUE,CALENDAR_BUTTON,JUMP_BUTTON,OPEN_BUTTON,REF_TABLE_ID,REF_FIELD_NAME,SPECIAL_BUTTON) VALUES ('TBLID_BIL_PRE_CTRL','PRE_ENF_FLG','PRE_ENF_FLG','PRE_ENF_FLG','STRING',1,'N','Y','N','Y',4,-1,0,0,4,'N','N','N','STRING',1,'Y',0,'Y','Y','Y','NONE',NULL,NULL,NULL,NULL,'N','N',0,NULL,NULL,0);
INSERT INTO SM_FIELD_DEF (TABLE_ID,FIELD_NAME,JP_TITLE,US_TITLE,DB_TYPE,DB_LENGTH,IS_KEY,NOT_BLANK,IS_DUMMY,IS_SEARCH_ITEM,SORT_NO,TREE_LEVEL,SHEET_NO,PAGE_NO,PROPERTY_NO,IS_AUTO,IS_MANDATORY,SYSTEM_READONLY,FIELD_TYPE,FIELD_LENGTH,INPUT_ALPHABET,INPUT_MULTIBYTE,INPUT_NUMERIC,INPUT_SYMBOL,INPUT_UPPERCASE,RETRIEVAL_TABLE,FORMAT,DEFAULT_VALUE,MIN_VALUE,MAX_VALUE,CALENDAR_BUTTON,JUMP_BUTTON,OPEN_BUTTON,REF_TABLE_ID,REF_FIELD_NAME,SPECIAL_BUTTON) VALUES ('TBLID_BIL_PRE_CTRL','PRE_SMPL_PITCH','PRE_SMPL_PITCH','PRE_SMPL_PITCH','NUMBER',0,'N','Y','N','Y',5,-1,0,0,5,'N','N','N','STRING',0,'Y',0,'Y','Y','Y','NONE',NULL,NULL,NULL,NULL,'N','N',0,NULL,NULL,0);
INSERT INTO SM_CHECK_DEF (TABLE_ID,CHECK_TYPE,CHECK_ORDER,CHECK_KIND,FIELD_NAME,REF_TABLE,REF_FIELD,EXPECT_VALUE,ERR_MSG) VALUES ('TBLID_BIL_PRE_CTRL','SAVE',1,'NOTNULL','PROD_ID',NULL,NULL,NULL,'PROD_ID required');
INSERT INTO SM_CHECK_DEF (TABLE_ID,CHECK_TYPE,CHECK_ORDER,CHECK_KIND,FIELD_NAME,REF_TABLE,REF_FIELD,EXPECT_VALUE,ERR_MSG) VALUES ('TBLID_BIL_PRE_CTRL','SAVE',2,'STAT_N',NULL,NULL,NULL,NULL,'Not editable');
INSERT INTO SM_CHECK_DEF (TABLE_ID,CHECK_TYPE,CHECK_ORDER,CHECK_KIND,FIELD_NAME,REF_TABLE,REF_FIELD,EXPECT_VALUE,ERR_MSG) VALUES ('TBLID_BIL_PRE_CTRL','SAVE',3,'LOCK_FREE',NULL,NULL,NULL,NULL,'Locked');
INSERT INTO SM_CHECK_DEF (TABLE_ID,CHECK_TYPE,CHECK_ORDER,CHECK_KIND,FIELD_NAME,REF_TABLE,REF_FIELD,EXPECT_VALUE,ERR_MSG) VALUES ('TBLID_BIL_PRE_CTRL','RELEASE',1,'NOTNULL','PROD_ID',NULL,NULL,NULL,'PROD_ID required');
INSERT INTO SM_CHECK_DEF (TABLE_ID,CHECK_TYPE,CHECK_ORDER,CHECK_KIND,FIELD_NAME,REF_TABLE,REF_FIELD,EXPECT_VALUE,ERR_MSG) VALUES ('TBLID_BIL_PRE_CTRL','RELEASE',2,'STAT_N',NULL,NULL,NULL,NULL,'Not editable');
INSERT INTO SM_CHECK_DEF (TABLE_ID,CHECK_TYPE,CHECK_ORDER,CHECK_KIND,FIELD_NAME,REF_TABLE,REF_FIELD,EXPECT_VALUE,ERR_MSG) VALUES ('TBLID_BIL_PRE_CTRL','RELEASE',3,'LOCK_FREE',NULL,NULL,NULL,NULL,'Locked');
INSERT INTO SM_CHECK_DEF (TABLE_ID,CHECK_TYPE,CHECK_ORDER,CHECK_KIND,FIELD_NAME,REF_TABLE,REF_FIELD,EXPECT_VALUE,ERR_MSG) VALUES ('TBLID_BIL_PRE_CTRL','RELEASE',10,'RELEASE_PARAM','PROD_ID','DIL_PRE_CTRL',NULL,NULL,NULL);
INSERT INTO SM_CHECK_DEF (TABLE_ID,CHECK_TYPE,CHECK_ORDER,CHECK_KIND,FIELD_NAME,REF_TABLE,REF_FIELD,EXPECT_VALUE,ERR_MSG) VALUES ('TBLID_BIL_PRE_CTRL','DELETE',1,'NOTNULL','PROD_ID',NULL,NULL,NULL,'PROD_ID required');
INSERT INTO SM_CHECK_DEF (TABLE_ID,CHECK_TYPE,CHECK_ORDER,CHECK_KIND,FIELD_NAME,REF_TABLE,REF_FIELD,EXPECT_VALUE,ERR_MSG) VALUES ('TBLID_BIL_PRE_CTRL','DELETE',2,'STAT_Y',NULL,NULL,NULL,NULL,'Not released');
INSERT INTO SM_CHECK_DEF (TABLE_ID,CHECK_TYPE,CHECK_ORDER,CHECK_KIND,FIELD_NAME,REF_TABLE,REF_FIELD,EXPECT_VALUE,ERR_MSG) VALUES ('TBLID_BIL_PRE_CTRL','DELETE',3,'LOCK_FREE',NULL,NULL,NULL,NULL,'Locked');
INSERT INTO SM_CHECK_DEF (TABLE_ID,CHECK_TYPE,CHECK_ORDER,CHECK_KIND,FIELD_NAME,REF_TABLE,REF_FIELD,EXPECT_VALUE,ERR_MSG) VALUES ('TBLID_BIL_PRE_CTRL','EDITCOMP',1,'NOTNULL','PROD_ID',NULL,NULL,NULL,'PROD_ID required');
INSERT INTO SM_CHECK_DEF (TABLE_ID,CHECK_TYPE,CHECK_ORDER,CHECK_KIND,FIELD_NAME,REF_TABLE,REF_FIELD,EXPECT_VALUE,ERR_MSG) VALUES ('TBLID_BIL_PRE_CTRL','EDITCOMP',2,'STAT_N',NULL,NULL,NULL,NULL,'Not editable');
INSERT INTO SM_CHECK_DEF (TABLE_ID,CHECK_TYPE,CHECK_ORDER,CHECK_KIND,FIELD_NAME,REF_TABLE,REF_FIELD,EXPECT_VALUE,ERR_MSG) VALUES ('TBLID_BIL_PRE_CTRL','EDITCOMP',3,'LOCK_FREE',NULL,NULL,NULL,NULL,'Locked');
INSERT INTO SM_CHECK_DEF (TABLE_ID,CHECK_TYPE,CHECK_ORDER,CHECK_KIND,FIELD_NAME,REF_TABLE,REF_FIELD,EXPECT_VALUE,ERR_MSG) VALUES ('TBLID_BIL_PRE_CTRL','EDITCOMP',4,'COMP_N',NULL,NULL,NULL,NULL,'Already complete');

INSERT INTO SM_TABLE_DEF (TABLE_ID,TABLE_NAME,JP_TITLE,US_TITLE,RELEASE_FLAG,DISTRIBUTE_FLAG,PERMISSION_TYPE,SCHEMA_TYPE,HAS_DUMMY,SORT_NO) VALUES ('TBLID_BINSPJDG','BINSPJDG','BINSPJDG','BINSPJDG','Y','N','C','L','N',640);
INSERT INTO SM_FIELD_DEF (TABLE_ID,FIELD_NAME,JP_TITLE,US_TITLE,DB_TYPE,DB_LENGTH,IS_KEY,NOT_BLANK,IS_DUMMY,IS_SEARCH_ITEM,SORT_NO,TREE_LEVEL,SHEET_NO,PAGE_NO,PROPERTY_NO,IS_AUTO,IS_MANDATORY,SYSTEM_READONLY,FIELD_TYPE,FIELD_LENGTH,INPUT_ALPHABET,INPUT_MULTIBYTE,INPUT_NUMERIC,INPUT_SYMBOL,INPUT_UPPERCASE,RETRIEVAL_TABLE,FORMAT,DEFAULT_VALUE,MIN_VALUE,MAX_VALUE,CALENDAR_BUTTON,JUMP_BUTTON,OPEN_BUTTON,REF_TABLE_ID,REF_FIELD_NAME,SPECIAL_BUTTON) VALUES ('TBLID_BINSPJDG','MEAS_ITEM','MEAS_ITEM','MEAS_ITEM','STRING',10,'Y','Y','N','Y',0,0,0,0,0,'N','N','N','STRING',10,'Y',0,'Y','Y','Y','NONE',NULL,NULL,NULL,NULL,'N','N',0,NULL,NULL,0);
INSERT INTO SM_FIELD_DEF (TABLE_ID,FIELD_NAME,JP_TITLE,US_TITLE,DB_TYPE,DB_LENGTH,IS_KEY,NOT_BLANK,IS_DUMMY,IS_SEARCH_ITEM,SORT_NO,TREE_LEVEL,SHEET_NO,PAGE_NO,PROPERTY_NO,IS_AUTO,IS_MANDATORY,SYSTEM_READONLY,FIELD_TYPE,FIELD_LENGTH,INPUT_ALPHABET,INPUT_MULTIBYTE,INPUT_NUMERIC,INPUT_SYMBOL,INPUT_UPPERCASE,RETRIEVAL_TABLE,FORMAT,DEFAULT_VALUE,MIN_VALUE,MAX_VALUE,CALENDAR_BUTTON,JUMP_BUTTON,OPEN_BUTTON,REF_TABLE_ID,REF_FIELD_NAME,SPECIAL_BUTTON) VALUES ('TBLID_BINSPJDG','MEAS_DATA','MEAS_DATA','MEAS_DATA','STRING',40,'N','Y','N','Y',1,-1,0,0,1,'N','N','N','STRING',40,'Y',0,'Y','Y','Y','NONE',NULL,NULL,NULL,NULL,'N','N',0,NULL,NULL,0);
INSERT INTO SM_FIELD_DEF (TABLE_ID,FIELD_NAME,JP_TITLE,US_TITLE,DB_TYPE,DB_LENGTH,IS_KEY,NOT_BLANK,IS_DUMMY,IS_SEARCH_ITEM,SORT_NO,TREE_LEVEL,SHEET_NO,PAGE_NO,PROPERTY_NO,IS_AUTO,IS_MANDATORY,SYSTEM_READONLY,FIELD_TYPE,FIELD_LENGTH,INPUT_ALPHABET,INPUT_MULTIBYTE,INPUT_NUMERIC,INPUT_SYMBOL,INPUT_UPPERCASE,RETRIEVAL_TABLE,FORMAT,DEFAULT_VALUE,MIN_VALUE,MAX_VALUE,CALENDAR_BUTTON,JUMP_BUTTON,OPEN_BUTTON,REF_TABLE_ID,REF_FIELD_NAME,SPECIAL_BUTTON) VALUES ('TBLID_BINSPJDG','WAF_ACTION_CAT','WAF_ACTION_CAT','WAF_ACTION_CAT','STRING',1,'N','Y','N','Y',2,-1,0,0,2,'N','N','N','STRING',1,'Y',0,'Y','Y','Y','NONE',NULL,NULL,NULL,NULL,'N','N',0,NULL,NULL,0);
INSERT INTO SM_FIELD_DEF (TABLE_ID,FIELD_NAME,JP_TITLE,US_TITLE,DB_TYPE,DB_LENGTH,IS_KEY,NOT_BLANK,IS_DUMMY,IS_SEARCH_ITEM,SORT_NO,TREE_LEVEL,SHEET_NO,PAGE_NO,PROPERTY_NO,IS_AUTO,IS_MANDATORY,SYSTEM_READONLY,FIELD_TYPE,FIELD_LENGTH,INPUT_ALPHABET,INPUT_MULTIBYTE,INPUT_NUMERIC,INPUT_SYMBOL,INPUT_UPPERCASE,RETRIEVAL_TABLE,FORMAT,DEFAULT_VALUE,MIN_VALUE,MAX_VALUE,CALENDAR_BUTTON,JUMP_BUTTON,OPEN_BUTTON,REF_TABLE_ID,REF_FIELD_NAME,SPECIAL_BUTTON) VALUES ('TBLID_BINSPJDG','REJRSN_CODE','REJRSN_CODE','REJRSN_CODE','STRING',10,'N','Y','N','Y',3,-1,0,0,3,'N','N','N','STRING',10,'Y',0,'Y','Y','Y','NONE',NULL,NULL,NULL,NULL,'N','N',0,NULL,NULL,0);
INSERT INTO SM_FIELD_DEF (TABLE_ID,FIELD_NAME,JP_TITLE,US_TITLE,DB_TYPE,DB_LENGTH,IS_KEY,NOT_BLANK,IS_DUMMY,IS_SEARCH_ITEM,SORT_NO,TREE_LEVEL,SHEET_NO,PAGE_NO,PROPERTY_NO,IS_AUTO,IS_MANDATORY,SYSTEM_READONLY,FIELD_TYPE,FIELD_LENGTH,INPUT_ALPHABET,INPUT_MULTIBYTE,INPUT_NUMERIC,INPUT_SYMBOL,INPUT_UPPERCASE,RETRIEVAL_TABLE,FORMAT,DEFAULT_VALUE,MIN_VALUE,MAX_VALUE,CALENDAR_BUTTON,JUMP_BUTTON,OPEN_BUTTON,REF_TABLE_ID,REF_FIELD_NAME,SPECIAL_BUTTON) VALUES ('TBLID_BINSPJDG','WAF_QUO_PTN_A_FLG','WAF_QUO_PTN_A_FLG','WAF_QUO_PTN_A_FLG','STRING',1,'N','Y','N','Y',4,-1,0,0,4,'N','N','N','STRING',1,'Y',0,'Y','Y','Y','NONE',NULL,NULL,NULL,NULL,'N','N',0,NULL,NULL,0);
INSERT INTO SM_FIELD_DEF (TABLE_ID,FIELD_NAME,JP_TITLE,US_TITLE,DB_TYPE,DB_LENGTH,IS_KEY,NOT_BLANK,IS_DUMMY,IS_SEARCH_ITEM,SORT_NO,TREE_LEVEL,SHEET_NO,PAGE_NO,PROPERTY_NO,IS_AUTO,IS_MANDATORY,SYSTEM_READONLY,FIELD_TYPE,FIELD_LENGTH,INPUT_ALPHABET,INPUT_MULTIBYTE,INPUT_NUMERIC,INPUT_SYMBOL,INPUT_UPPERCASE,RETRIEVAL_TABLE,FORMAT,DEFAULT_VALUE,MIN_VALUE,MAX_VALUE,CALENDAR_BUTTON,JUMP_BUTTON,OPEN_BUTTON,REF_TABLE_ID,REF_FIELD_NAME,SPECIAL_BUTTON) VALUES ('TBLID_BINSPJDG','WAF_QUO_PTN_B_FLG','WAF_QUO_PTN_B_FLG','WAF_QUO_PTN_B_FLG','STRING',1,'N','Y','N','Y',5,-1,0,0,5,'N','N','N','STRING',1,'Y',0,'Y','Y','Y','NONE',NULL,NULL,NULL,NULL,'N','N',0,NULL,NULL,0);
INSERT INTO SM_FIELD_DEF (TABLE_ID,FIELD_NAME,JP_TITLE,US_TITLE,DB_TYPE,DB_LENGTH,IS_KEY,NOT_BLANK,IS_DUMMY,IS_SEARCH_ITEM,SORT_NO,TREE_LEVEL,SHEET_NO,PAGE_NO,PROPERTY_NO,IS_AUTO,IS_MANDATORY,SYSTEM_READONLY,FIELD_TYPE,FIELD_LENGTH,INPUT_ALPHABET,INPUT_MULTIBYTE,INPUT_NUMERIC,INPUT_SYMBOL,INPUT_UPPERCASE,RETRIEVAL_TABLE,FORMAT,DEFAULT_VALUE,MIN_VALUE,MAX_VALUE,CALENDAR_BUTTON,JUMP_BUTTON,OPEN_BUTTON,REF_TABLE_ID,REF_FIELD_NAME,SPECIAL_BUTTON) VALUES ('TBLID_BINSPJDG','WAF_QUO_PTN_C_FLG','WAF_QUO_PTN_C_FLG','WAF_QUO_PTN_C_FLG','STRING',1,'N','Y','N','Y',6,-1,0,0,6,'N','N','N','STRING',1,'Y',0,'Y','Y','Y','NONE',NULL,NULL,NULL,NULL,'N','N',0,NULL,NULL,0);
INSERT INTO SM_FIELD_DEF (TABLE_ID,FIELD_NAME,JP_TITLE,US_TITLE,DB_TYPE,DB_LENGTH,IS_KEY,NOT_BLANK,IS_DUMMY,IS_SEARCH_ITEM,SORT_NO,TREE_LEVEL,SHEET_NO,PAGE_NO,PROPERTY_NO,IS_AUTO,IS_MANDATORY,SYSTEM_READONLY,FIELD_TYPE,FIELD_LENGTH,INPUT_ALPHABET,INPUT_MULTIBYTE,INPUT_NUMERIC,INPUT_SYMBOL,INPUT_UPPERCASE,RETRIEVAL_TABLE,FORMAT,DEFAULT_VALUE,MIN_VALUE,MAX_VALUE,CALENDAR_BUTTON,JUMP_BUTTON,OPEN_BUTTON,REF_TABLE_ID,REF_FIELD_NAME,SPECIAL_BUTTON) VALUES ('TBLID_BINSPJDG','WAF_QUO_PTN_D_FLG','WAF_QUO_PTN_D_FLG','WAF_QUO_PTN_D_FLG','STRING',1,'N','Y','N','Y',7,-1,0,0,7,'N','N','N','STRING',1,'Y',0,'Y','Y','Y','NONE',NULL,NULL,NULL,NULL,'N','N',0,NULL,NULL,0);
INSERT INTO SM_CHECK_DEF (TABLE_ID,CHECK_TYPE,CHECK_ORDER,CHECK_KIND,FIELD_NAME,REF_TABLE,REF_FIELD,EXPECT_VALUE,ERR_MSG) VALUES ('TBLID_BINSPJDG','SAVE',1,'NOTNULL','MEAS_ITEM',NULL,NULL,NULL,'MEAS_ITEM required');
INSERT INTO SM_CHECK_DEF (TABLE_ID,CHECK_TYPE,CHECK_ORDER,CHECK_KIND,FIELD_NAME,REF_TABLE,REF_FIELD,EXPECT_VALUE,ERR_MSG) VALUES ('TBLID_BINSPJDG','SAVE',2,'STAT_N',NULL,NULL,NULL,NULL,'Not editable');
INSERT INTO SM_CHECK_DEF (TABLE_ID,CHECK_TYPE,CHECK_ORDER,CHECK_KIND,FIELD_NAME,REF_TABLE,REF_FIELD,EXPECT_VALUE,ERR_MSG) VALUES ('TBLID_BINSPJDG','SAVE',3,'LOCK_FREE',NULL,NULL,NULL,NULL,'Locked');
INSERT INTO SM_CHECK_DEF (TABLE_ID,CHECK_TYPE,CHECK_ORDER,CHECK_KIND,FIELD_NAME,REF_TABLE,REF_FIELD,EXPECT_VALUE,ERR_MSG) VALUES ('TBLID_BINSPJDG','RELEASE',1,'NOTNULL','MEAS_ITEM',NULL,NULL,NULL,'MEAS_ITEM required');
INSERT INTO SM_CHECK_DEF (TABLE_ID,CHECK_TYPE,CHECK_ORDER,CHECK_KIND,FIELD_NAME,REF_TABLE,REF_FIELD,EXPECT_VALUE,ERR_MSG) VALUES ('TBLID_BINSPJDG','RELEASE',2,'STAT_N',NULL,NULL,NULL,NULL,'Not editable');
INSERT INTO SM_CHECK_DEF (TABLE_ID,CHECK_TYPE,CHECK_ORDER,CHECK_KIND,FIELD_NAME,REF_TABLE,REF_FIELD,EXPECT_VALUE,ERR_MSG) VALUES ('TBLID_BINSPJDG','RELEASE',3,'LOCK_FREE',NULL,NULL,NULL,NULL,'Locked');
INSERT INTO SM_CHECK_DEF (TABLE_ID,CHECK_TYPE,CHECK_ORDER,CHECK_KIND,FIELD_NAME,REF_TABLE,REF_FIELD,EXPECT_VALUE,ERR_MSG) VALUES ('TBLID_BINSPJDG','RELEASE',10,'RELEASE_PARAM','MEAS_ITEM','DINSPJDG',NULL,NULL,NULL);
INSERT INTO SM_CHECK_DEF (TABLE_ID,CHECK_TYPE,CHECK_ORDER,CHECK_KIND,FIELD_NAME,REF_TABLE,REF_FIELD,EXPECT_VALUE,ERR_MSG) VALUES ('TBLID_BINSPJDG','DELETE',1,'NOTNULL','MEAS_ITEM',NULL,NULL,NULL,'MEAS_ITEM required');
INSERT INTO SM_CHECK_DEF (TABLE_ID,CHECK_TYPE,CHECK_ORDER,CHECK_KIND,FIELD_NAME,REF_TABLE,REF_FIELD,EXPECT_VALUE,ERR_MSG) VALUES ('TBLID_BINSPJDG','DELETE',2,'STAT_Y',NULL,NULL,NULL,NULL,'Not released');
INSERT INTO SM_CHECK_DEF (TABLE_ID,CHECK_TYPE,CHECK_ORDER,CHECK_KIND,FIELD_NAME,REF_TABLE,REF_FIELD,EXPECT_VALUE,ERR_MSG) VALUES ('TBLID_BINSPJDG','DELETE',3,'LOCK_FREE',NULL,NULL,NULL,NULL,'Locked');
INSERT INTO SM_CHECK_DEF (TABLE_ID,CHECK_TYPE,CHECK_ORDER,CHECK_KIND,FIELD_NAME,REF_TABLE,REF_FIELD,EXPECT_VALUE,ERR_MSG) VALUES ('TBLID_BINSPJDG','EDITCOMP',1,'NOTNULL','MEAS_ITEM',NULL,NULL,NULL,'MEAS_ITEM required');
INSERT INTO SM_CHECK_DEF (TABLE_ID,CHECK_TYPE,CHECK_ORDER,CHECK_KIND,FIELD_NAME,REF_TABLE,REF_FIELD,EXPECT_VALUE,ERR_MSG) VALUES ('TBLID_BINSPJDG','EDITCOMP',2,'STAT_N',NULL,NULL,NULL,NULL,'Not editable');
INSERT INTO SM_CHECK_DEF (TABLE_ID,CHECK_TYPE,CHECK_ORDER,CHECK_KIND,FIELD_NAME,REF_TABLE,REF_FIELD,EXPECT_VALUE,ERR_MSG) VALUES ('TBLID_BINSPJDG','EDITCOMP',3,'LOCK_FREE',NULL,NULL,NULL,NULL,'Locked');
INSERT INTO SM_CHECK_DEF (TABLE_ID,CHECK_TYPE,CHECK_ORDER,CHECK_KIND,FIELD_NAME,REF_TABLE,REF_FIELD,EXPECT_VALUE,ERR_MSG) VALUES ('TBLID_BINSPJDG','EDITCOMP',4,'COMP_N',NULL,NULL,NULL,NULL,'Already complete');

INSERT INTO SM_TABLE_DEF (TABLE_ID,TABLE_NAME,JP_TITLE,US_TITLE,RELEASE_FLAG,DISTRIBUTE_FLAG,PERMISSION_TYPE,SCHEMA_TYPE,HAS_DUMMY,SORT_NO) VALUES ('TBLID_BINSPUSED','BINSPUSED','BINSPUSED','BINSPUSED','Y','N','C','L','N',650);
INSERT INTO SM_FIELD_DEF (TABLE_ID,FIELD_NAME,JP_TITLE,US_TITLE,DB_TYPE,DB_LENGTH,IS_KEY,NOT_BLANK,IS_DUMMY,IS_SEARCH_ITEM,SORT_NO,TREE_LEVEL,SHEET_NO,PAGE_NO,PROPERTY_NO,IS_AUTO,IS_MANDATORY,SYSTEM_READONLY,FIELD_TYPE,FIELD_LENGTH,INPUT_ALPHABET,INPUT_MULTIBYTE,INPUT_NUMERIC,INPUT_SYMBOL,INPUT_UPPERCASE,RETRIEVAL_TABLE,FORMAT,DEFAULT_VALUE,MIN_VALUE,MAX_VALUE,CALENDAR_BUTTON,JUMP_BUTTON,OPEN_BUTTON,REF_TABLE_ID,REF_FIELD_NAME,SPECIAL_BUTTON) VALUES ('TBLID_BINSPUSED','INSP_USED_ID','INSP_USED_ID','INSP_USED_ID','STRING',12,'Y','Y','N','Y',0,0,0,0,0,'N','N','N','STRING',12,'Y',0,'Y','Y','Y','NONE',NULL,NULL,NULL,NULL,'N','N',0,NULL,NULL,0);
INSERT INTO SM_FIELD_DEF (TABLE_ID,FIELD_NAME,JP_TITLE,US_TITLE,DB_TYPE,DB_LENGTH,IS_KEY,NOT_BLANK,IS_DUMMY,IS_SEARCH_ITEM,SORT_NO,TREE_LEVEL,SHEET_NO,PAGE_NO,PROPERTY_NO,IS_AUTO,IS_MANDATORY,SYSTEM_READONLY,FIELD_TYPE,FIELD_LENGTH,INPUT_ALPHABET,INPUT_MULTIBYTE,INPUT_NUMERIC,INPUT_SYMBOL,INPUT_UPPERCASE,RETRIEVAL_TABLE,FORMAT,DEFAULT_VALUE,MIN_VALUE,MAX_VALUE,CALENDAR_BUTTON,JUMP_BUTTON,OPEN_BUTTON,REF_TABLE_ID,REF_FIELD_NAME,SPECIAL_BUTTON) VALUES ('TBLID_BINSPUSED','INSP_USED_NAME','INSP_USED_NAME','INSP_USED_NAME','STRING',40,'N','Y','N','Y',1,-1,0,0,1,'N','N','N','STRING',40,'Y',0,'Y','Y','Y','NONE',NULL,NULL,NULL,NULL,'N','N',0,NULL,NULL,0);
INSERT INTO SM_FIELD_DEF (TABLE_ID,FIELD_NAME,JP_TITLE,US_TITLE,DB_TYPE,DB_LENGTH,IS_KEY,NOT_BLANK,IS_DUMMY,IS_SEARCH_ITEM,SORT_NO,TREE_LEVEL,SHEET_NO,PAGE_NO,PROPERTY_NO,IS_AUTO,IS_MANDATORY,SYSTEM_READONLY,FIELD_TYPE,FIELD_LENGTH,INPUT_ALPHABET,INPUT_MULTIBYTE,INPUT_NUMERIC,INPUT_SYMBOL,INPUT_UPPERCASE,RETRIEVAL_TABLE,FORMAT,DEFAULT_VALUE,MIN_VALUE,MAX_VALUE,CALENDAR_BUTTON,JUMP_BUTTON,OPEN_BUTTON,REF_TABLE_ID,REF_FIELD_NAME,SPECIAL_BUTTON) VALUES ('TBLID_BINSPUSED','INSP_USED_DESC','INSP_USED_DESC','INSP_USED_DESC','STRING',80,'N','Y','N','Y',2,-1,0,0,2,'N','N','N','STRING',80,'Y',0,'Y','Y','Y','NONE',NULL,NULL,NULL,NULL,'N','N',0,NULL,NULL,0);
INSERT INTO SM_FIELD_DEF (TABLE_ID,FIELD_NAME,JP_TITLE,US_TITLE,DB_TYPE,DB_LENGTH,IS_KEY,NOT_BLANK,IS_DUMMY,IS_SEARCH_ITEM,SORT_NO,TREE_LEVEL,SHEET_NO,PAGE_NO,PROPERTY_NO,IS_AUTO,IS_MANDATORY,SYSTEM_READONLY,FIELD_TYPE,FIELD_LENGTH,INPUT_ALPHABET,INPUT_MULTIBYTE,INPUT_NUMERIC,INPUT_SYMBOL,INPUT_UPPERCASE,RETRIEVAL_TABLE,FORMAT,DEFAULT_VALUE,MIN_VALUE,MAX_VALUE,CALENDAR_BUTTON,JUMP_BUTTON,OPEN_BUTTON,REF_TABLE_ID,REF_FIELD_NAME,SPECIAL_BUTTON) VALUES ('TBLID_BINSPUSED','DEST_ID','DEST_ID','DEST_ID','STRING',20,'N','Y','N','Y',3,-1,0,0,3,'N','N','N','STRING',20,'Y',0,'Y','Y','Y','NONE',NULL,NULL,NULL,NULL,'N','N',0,NULL,NULL,0);
INSERT INTO SM_FIELD_DEF (TABLE_ID,FIELD_NAME,JP_TITLE,US_TITLE,DB_TYPE,DB_LENGTH,IS_KEY,NOT_BLANK,IS_DUMMY,IS_SEARCH_ITEM,SORT_NO,TREE_LEVEL,SHEET_NO,PAGE_NO,PROPERTY_NO,IS_AUTO,IS_MANDATORY,SYSTEM_READONLY,FIELD_TYPE,FIELD_LENGTH,INPUT_ALPHABET,INPUT_MULTIBYTE,INPUT_NUMERIC,INPUT_SYMBOL,INPUT_UPPERCASE,RETRIEVAL_TABLE,FORMAT,DEFAULT_VALUE,MIN_VALUE,MAX_VALUE,CALENDAR_BUTTON,JUMP_BUTTON,OPEN_BUTTON,REF_TABLE_ID,REF_FIELD_NAME,SPECIAL_BUTTON) VALUES ('TBLID_BINSPUSED','INSP_FLOW','INSP_FLOW','INSP_FLOW','STRING',255,'N','Y','N','Y',4,-1,0,0,4,'N','N','N','STRING',255,'Y',0,'Y','Y','Y','NONE',NULL,NULL,NULL,NULL,'N','N',0,NULL,NULL,0);
INSERT INTO SM_FIELD_DEF (TABLE_ID,FIELD_NAME,JP_TITLE,US_TITLE,DB_TYPE,DB_LENGTH,IS_KEY,NOT_BLANK,IS_DUMMY,IS_SEARCH_ITEM,SORT_NO,TREE_LEVEL,SHEET_NO,PAGE_NO,PROPERTY_NO,IS_AUTO,IS_MANDATORY,SYSTEM_READONLY,FIELD_TYPE,FIELD_LENGTH,INPUT_ALPHABET,INPUT_MULTIBYTE,INPUT_NUMERIC,INPUT_SYMBOL,INPUT_UPPERCASE,RETRIEVAL_TABLE,FORMAT,DEFAULT_VALUE,MIN_VALUE,MAX_VALUE,CALENDAR_BUTTON,JUMP_BUTTON,OPEN_BUTTON,REF_TABLE_ID,REF_FIELD_NAME,SPECIAL_BUTTON) VALUES ('TBLID_BINSPUSED','CAR_TYPE','CAR_TYPE','CAR_TYPE','STRING',2,'N','Y','N','Y',5,-1,0,0,5,'N','N','N','STRING',2,'Y',0,'Y','Y','Y','NONE',NULL,NULL,NULL,NULL,'N','N',0,NULL,NULL,0);
INSERT INTO SM_FIELD_DEF (TABLE_ID,FIELD_NAME,JP_TITLE,US_TITLE,DB_TYPE,DB_LENGTH,IS_KEY,NOT_BLANK,IS_DUMMY,IS_SEARCH_ITEM,SORT_NO,TREE_LEVEL,SHEET_NO,PAGE_NO,PROPERTY_NO,IS_AUTO,IS_MANDATORY,SYSTEM_READONLY,FIELD_TYPE,FIELD_LENGTH,INPUT_ALPHABET,INPUT_MULTIBYTE,INPUT_NUMERIC,INPUT_SYMBOL,INPUT_UPPERCASE,RETRIEVAL_TABLE,FORMAT,DEFAULT_VALUE,MIN_VALUE,MAX_VALUE,CALENDAR_BUTTON,JUMP_BUTTON,OPEN_BUTTON,REF_TABLE_ID,REF_FIELD_NAME,SPECIAL_BUTTON) VALUES ('TBLID_BINSPUSED','ROUTE_ID','ROUTE_ID','ROUTE_ID','STRING',12,'N','Y','N','Y',6,-1,0,0,6,'N','N','N','STRING',12,'Y',0,'Y','Y','Y','NONE',NULL,NULL,NULL,NULL,'N','N',0,NULL,NULL,0);
INSERT INTO SM_FIELD_DEF (TABLE_ID,FIELD_NAME,JP_TITLE,US_TITLE,DB_TYPE,DB_LENGTH,IS_KEY,NOT_BLANK,IS_DUMMY,IS_SEARCH_ITEM,SORT_NO,TREE_LEVEL,SHEET_NO,PAGE_NO,PROPERTY_NO,IS_AUTO,IS_MANDATORY,SYSTEM_READONLY,FIELD_TYPE,FIELD_LENGTH,INPUT_ALPHABET,INPUT_MULTIBYTE,INPUT_NUMERIC,INPUT_SYMBOL,INPUT_UPPERCASE,RETRIEVAL_TABLE,FORMAT,DEFAULT_VALUE,MIN_VALUE,MAX_VALUE,CALENDAR_BUTTON,JUMP_BUTTON,OPEN_BUTTON,REF_TABLE_ID,REF_FIELD_NAME,SPECIAL_BUTTON) VALUES ('TBLID_BINSPUSED','LEAD_TIME','LEAD_TIME','LEAD_TIME','STRING',9,'N','Y','N','Y',7,-1,0,0,7,'N','N','N','STRING',9,'Y',0,'Y','Y','Y','NONE',NULL,NULL,NULL,NULL,'N','N',0,NULL,NULL,0);
INSERT INTO SM_FIELD_DEF (TABLE_ID,FIELD_NAME,JP_TITLE,US_TITLE,DB_TYPE,DB_LENGTH,IS_KEY,NOT_BLANK,IS_DUMMY,IS_SEARCH_ITEM,SORT_NO,TREE_LEVEL,SHEET_NO,PAGE_NO,PROPERTY_NO,IS_AUTO,IS_MANDATORY,SYSTEM_READONLY,FIELD_TYPE,FIELD_LENGTH,INPUT_ALPHABET,INPUT_MULTIBYTE,INPUT_NUMERIC,INPUT_SYMBOL,INPUT_UPPERCASE,RETRIEVAL_TABLE,FORMAT,DEFAULT_VALUE,MIN_VALUE,MAX_VALUE,CALENDAR_BUTTON,JUMP_BUTTON,OPEN_BUTTON,REF_TABLE_ID,REF_FIELD_NAME,SPECIAL_BUTTON) VALUES ('TBLID_BINSPUSED','PICK_CHK_FLG','PICK_CHK_FLG','PICK_CHK_FLG','STRING',1,'N','Y','N','Y',8,-1,0,0,8,'N','N','N','STRING',1,'Y',0,'Y','Y','Y','NONE',NULL,NULL,NULL,NULL,'N','N',0,NULL,NULL,0);
INSERT INTO SM_CHECK_DEF (TABLE_ID,CHECK_TYPE,CHECK_ORDER,CHECK_KIND,FIELD_NAME,REF_TABLE,REF_FIELD,EXPECT_VALUE,ERR_MSG) VALUES ('TBLID_BINSPUSED','SAVE',1,'NOTNULL','INSP_USED_ID',NULL,NULL,NULL,'INSP_USED_ID required');
INSERT INTO SM_CHECK_DEF (TABLE_ID,CHECK_TYPE,CHECK_ORDER,CHECK_KIND,FIELD_NAME,REF_TABLE,REF_FIELD,EXPECT_VALUE,ERR_MSG) VALUES ('TBLID_BINSPUSED','SAVE',2,'STAT_N',NULL,NULL,NULL,NULL,'Not editable');
INSERT INTO SM_CHECK_DEF (TABLE_ID,CHECK_TYPE,CHECK_ORDER,CHECK_KIND,FIELD_NAME,REF_TABLE,REF_FIELD,EXPECT_VALUE,ERR_MSG) VALUES ('TBLID_BINSPUSED','SAVE',3,'LOCK_FREE',NULL,NULL,NULL,NULL,'Locked');
INSERT INTO SM_CHECK_DEF (TABLE_ID,CHECK_TYPE,CHECK_ORDER,CHECK_KIND,FIELD_NAME,REF_TABLE,REF_FIELD,EXPECT_VALUE,ERR_MSG) VALUES ('TBLID_BINSPUSED','RELEASE',1,'NOTNULL','INSP_USED_ID',NULL,NULL,NULL,'INSP_USED_ID required');
INSERT INTO SM_CHECK_DEF (TABLE_ID,CHECK_TYPE,CHECK_ORDER,CHECK_KIND,FIELD_NAME,REF_TABLE,REF_FIELD,EXPECT_VALUE,ERR_MSG) VALUES ('TBLID_BINSPUSED','RELEASE',2,'STAT_N',NULL,NULL,NULL,NULL,'Not editable');
INSERT INTO SM_CHECK_DEF (TABLE_ID,CHECK_TYPE,CHECK_ORDER,CHECK_KIND,FIELD_NAME,REF_TABLE,REF_FIELD,EXPECT_VALUE,ERR_MSG) VALUES ('TBLID_BINSPUSED','RELEASE',3,'LOCK_FREE',NULL,NULL,NULL,NULL,'Locked');
INSERT INTO SM_CHECK_DEF (TABLE_ID,CHECK_TYPE,CHECK_ORDER,CHECK_KIND,FIELD_NAME,REF_TABLE,REF_FIELD,EXPECT_VALUE,ERR_MSG) VALUES ('TBLID_BINSPUSED','RELEASE',10,'RELEASE_PARAM','INSP_USED_ID','DINSPUSED',NULL,NULL,NULL);
INSERT INTO SM_CHECK_DEF (TABLE_ID,CHECK_TYPE,CHECK_ORDER,CHECK_KIND,FIELD_NAME,REF_TABLE,REF_FIELD,EXPECT_VALUE,ERR_MSG) VALUES ('TBLID_BINSPUSED','DELETE',1,'NOTNULL','INSP_USED_ID',NULL,NULL,NULL,'INSP_USED_ID required');
INSERT INTO SM_CHECK_DEF (TABLE_ID,CHECK_TYPE,CHECK_ORDER,CHECK_KIND,FIELD_NAME,REF_TABLE,REF_FIELD,EXPECT_VALUE,ERR_MSG) VALUES ('TBLID_BINSPUSED','DELETE',2,'STAT_Y',NULL,NULL,NULL,NULL,'Not released');
INSERT INTO SM_CHECK_DEF (TABLE_ID,CHECK_TYPE,CHECK_ORDER,CHECK_KIND,FIELD_NAME,REF_TABLE,REF_FIELD,EXPECT_VALUE,ERR_MSG) VALUES ('TBLID_BINSPUSED','DELETE',3,'LOCK_FREE',NULL,NULL,NULL,NULL,'Locked');
INSERT INTO SM_CHECK_DEF (TABLE_ID,CHECK_TYPE,CHECK_ORDER,CHECK_KIND,FIELD_NAME,REF_TABLE,REF_FIELD,EXPECT_VALUE,ERR_MSG) VALUES ('TBLID_BINSPUSED','EDITCOMP',1,'NOTNULL','INSP_USED_ID',NULL,NULL,NULL,'INSP_USED_ID required');
INSERT INTO SM_CHECK_DEF (TABLE_ID,CHECK_TYPE,CHECK_ORDER,CHECK_KIND,FIELD_NAME,REF_TABLE,REF_FIELD,EXPECT_VALUE,ERR_MSG) VALUES ('TBLID_BINSPUSED','EDITCOMP',2,'STAT_N',NULL,NULL,NULL,NULL,'Not editable');
INSERT INTO SM_CHECK_DEF (TABLE_ID,CHECK_TYPE,CHECK_ORDER,CHECK_KIND,FIELD_NAME,REF_TABLE,REF_FIELD,EXPECT_VALUE,ERR_MSG) VALUES ('TBLID_BINSPUSED','EDITCOMP',3,'LOCK_FREE',NULL,NULL,NULL,NULL,'Locked');
INSERT INTO SM_CHECK_DEF (TABLE_ID,CHECK_TYPE,CHECK_ORDER,CHECK_KIND,FIELD_NAME,REF_TABLE,REF_FIELD,EXPECT_VALUE,ERR_MSG) VALUES ('TBLID_BINSPUSED','EDITCOMP',4,'COMP_N',NULL,NULL,NULL,NULL,'Already complete');

INSERT INTO SM_TABLE_DEF (TABLE_ID,TABLE_NAME,JP_TITLE,US_TITLE,RELEASE_FLAG,DISTRIBUTE_FLAG,PERMISSION_TYPE,SCHEMA_TYPE,HAS_DUMMY,SORT_NO) VALUES ('TBLID_BINSP_MEAS_ITEM','BINSP_MEAS_ITEM','BINSP_MEAS_ITEM','BINSP_MEAS_ITEM','Y','N','C','L','N',660);
INSERT INTO SM_FIELD_DEF (TABLE_ID,FIELD_NAME,JP_TITLE,US_TITLE,DB_TYPE,DB_LENGTH,IS_KEY,NOT_BLANK,IS_DUMMY,IS_SEARCH_ITEM,SORT_NO,TREE_LEVEL,SHEET_NO,PAGE_NO,PROPERTY_NO,IS_AUTO,IS_MANDATORY,SYSTEM_READONLY,FIELD_TYPE,FIELD_LENGTH,INPUT_ALPHABET,INPUT_MULTIBYTE,INPUT_NUMERIC,INPUT_SYMBOL,INPUT_UPPERCASE,RETRIEVAL_TABLE,FORMAT,DEFAULT_VALUE,MIN_VALUE,MAX_VALUE,CALENDAR_BUTTON,JUMP_BUTTON,OPEN_BUTTON,REF_TABLE_ID,REF_FIELD_NAME,SPECIAL_BUTTON) VALUES ('TBLID_BINSP_MEAS_ITEM','INSP_USED_ID','INSP_USED_ID','INSP_USED_ID','STRING',12,'Y','Y','N','Y',0,0,0,0,0,'N','N','N','STRING',12,'Y',0,'Y','Y','Y','NONE',NULL,NULL,NULL,NULL,'N','N',0,NULL,NULL,0);
INSERT INTO SM_FIELD_DEF (TABLE_ID,FIELD_NAME,JP_TITLE,US_TITLE,DB_TYPE,DB_LENGTH,IS_KEY,NOT_BLANK,IS_DUMMY,IS_SEARCH_ITEM,SORT_NO,TREE_LEVEL,SHEET_NO,PAGE_NO,PROPERTY_NO,IS_AUTO,IS_MANDATORY,SYSTEM_READONLY,FIELD_TYPE,FIELD_LENGTH,INPUT_ALPHABET,INPUT_MULTIBYTE,INPUT_NUMERIC,INPUT_SYMBOL,INPUT_UPPERCASE,RETRIEVAL_TABLE,FORMAT,DEFAULT_VALUE,MIN_VALUE,MAX_VALUE,CALENDAR_BUTTON,JUMP_BUTTON,OPEN_BUTTON,REF_TABLE_ID,REF_FIELD_NAME,SPECIAL_BUTTON) VALUES ('TBLID_BINSP_MEAS_ITEM','MEAS_ITEM','MEAS_ITEM','MEAS_ITEM','STRING',10,'N','Y','N','Y',1,-1,0,0,1,'N','N','N','STRING',10,'Y',0,'Y','Y','Y','NONE',NULL,NULL,NULL,NULL,'N','N',0,NULL,NULL,0);
INSERT INTO SM_FIELD_DEF (TABLE_ID,FIELD_NAME,JP_TITLE,US_TITLE,DB_TYPE,DB_LENGTH,IS_KEY,NOT_BLANK,IS_DUMMY,IS_SEARCH_ITEM,SORT_NO,TREE_LEVEL,SHEET_NO,PAGE_NO,PROPERTY_NO,IS_AUTO,IS_MANDATORY,SYSTEM_READONLY,FIELD_TYPE,FIELD_LENGTH,INPUT_ALPHABET,INPUT_MULTIBYTE,INPUT_NUMERIC,INPUT_SYMBOL,INPUT_UPPERCASE,RETRIEVAL_TABLE,FORMAT,DEFAULT_VALUE,MIN_VALUE,MAX_VALUE,CALENDAR_BUTTON,JUMP_BUTTON,OPEN_BUTTON,REF_TABLE_ID,REF_FIELD_NAME,SPECIAL_BUTTON) VALUES ('TBLID_BINSP_MEAS_ITEM','ITEM_SEQ_NO','ITEM_SEQ_NO','ITEM_SEQ_NO','NUMBER',0,'N','Y','N','Y',2,-1,0,0,2,'N','N','N','STRING',0,'Y',0,'Y','Y','Y','NONE',NULL,NULL,NULL,NULL,'N','N',0,NULL,NULL,0);
INSERT INTO SM_FIELD_DEF (TABLE_ID,FIELD_NAME,JP_TITLE,US_TITLE,DB_TYPE,DB_LENGTH,IS_KEY,NOT_BLANK,IS_DUMMY,IS_SEARCH_ITEM,SORT_NO,TREE_LEVEL,SHEET_NO,PAGE_NO,PROPERTY_NO,IS_AUTO,IS_MANDATORY,SYSTEM_READONLY,FIELD_TYPE,FIELD_LENGTH,INPUT_ALPHABET,INPUT_MULTIBYTE,INPUT_NUMERIC,INPUT_SYMBOL,INPUT_UPPERCASE,RETRIEVAL_TABLE,FORMAT,DEFAULT_VALUE,MIN_VALUE,MAX_VALUE,CALENDAR_BUTTON,JUMP_BUTTON,OPEN_BUTTON,REF_TABLE_ID,REF_FIELD_NAME,SPECIAL_BUTTON) VALUES ('TBLID_BINSP_MEAS_ITEM','MEAS_DATA_ITEMG','MEAS_DATA_ITEMG','MEAS_DATA_ITEMG','STRING',10,'N','Y','N','Y',3,-1,0,0,3,'N','N','N','STRING',10,'Y',0,'Y','Y','Y','NONE',NULL,NULL,NULL,NULL,'N','N',0,NULL,NULL,0);
INSERT INTO SM_FIELD_DEF (TABLE_ID,FIELD_NAME,JP_TITLE,US_TITLE,DB_TYPE,DB_LENGTH,IS_KEY,NOT_BLANK,IS_DUMMY,IS_SEARCH_ITEM,SORT_NO,TREE_LEVEL,SHEET_NO,PAGE_NO,PROPERTY_NO,IS_AUTO,IS_MANDATORY,SYSTEM_READONLY,FIELD_TYPE,FIELD_LENGTH,INPUT_ALPHABET,INPUT_MULTIBYTE,INPUT_NUMERIC,INPUT_SYMBOL,INPUT_UPPERCASE,RETRIEVAL_TABLE,FORMAT,DEFAULT_VALUE,MIN_VALUE,MAX_VALUE,CALENDAR_BUTTON,JUMP_BUTTON,OPEN_BUTTON,REF_TABLE_ID,REF_FIELD_NAME,SPECIAL_BUTTON) VALUES ('TBLID_BINSP_MEAS_ITEM','MEAS_PNT_CNT','MEAS_PNT_CNT','MEAS_PNT_CNT','NUMBER',0,'N','Y','N','Y',4,-1,0,0,4,'N','N','N','STRING',0,'Y',0,'Y','Y','Y','NONE',NULL,NULL,NULL,NULL,'N','N',0,NULL,NULL,0);
INSERT INTO SM_FIELD_DEF (TABLE_ID,FIELD_NAME,JP_TITLE,US_TITLE,DB_TYPE,DB_LENGTH,IS_KEY,NOT_BLANK,IS_DUMMY,IS_SEARCH_ITEM,SORT_NO,TREE_LEVEL,SHEET_NO,PAGE_NO,PROPERTY_NO,IS_AUTO,IS_MANDATORY,SYSTEM_READONLY,FIELD_TYPE,FIELD_LENGTH,INPUT_ALPHABET,INPUT_MULTIBYTE,INPUT_NUMERIC,INPUT_SYMBOL,INPUT_UPPERCASE,RETRIEVAL_TABLE,FORMAT,DEFAULT_VALUE,MIN_VALUE,MAX_VALUE,CALENDAR_BUTTON,JUMP_BUTTON,OPEN_BUTTON,REF_TABLE_ID,REF_FIELD_NAME,SPECIAL_BUTTON) VALUES ('TBLID_BINSP_MEAS_ITEM','STD_CHK_FLG','STD_CHK_FLG','STD_CHK_FLG','STRING',1,'N','Y','N','Y',5,-1,0,0,5,'N','N','N','STRING',1,'Y',0,'Y','Y','Y','NONE',NULL,NULL,NULL,NULL,'N','N',0,NULL,NULL,0);
INSERT INTO SM_FIELD_DEF (TABLE_ID,FIELD_NAME,JP_TITLE,US_TITLE,DB_TYPE,DB_LENGTH,IS_KEY,NOT_BLANK,IS_DUMMY,IS_SEARCH_ITEM,SORT_NO,TREE_LEVEL,SHEET_NO,PAGE_NO,PROPERTY_NO,IS_AUTO,IS_MANDATORY,SYSTEM_READONLY,FIELD_TYPE,FIELD_LENGTH,INPUT_ALPHABET,INPUT_MULTIBYTE,INPUT_NUMERIC,INPUT_SYMBOL,INPUT_UPPERCASE,RETRIEVAL_TABLE,FORMAT,DEFAULT_VALUE,MIN_VALUE,MAX_VALUE,CALENDAR_BUTTON,JUMP_BUTTON,OPEN_BUTTON,REF_TABLE_ID,REF_FIELD_NAME,SPECIAL_BUTTON) VALUES ('TBLID_BINSP_MEAS_ITEM','INP_MODE','INP_MODE','INP_MODE','STRING',1,'N','Y','N','Y',6,-1,0,0,6,'N','N','N','STRING',1,'Y',0,'Y','Y','Y','NONE',NULL,NULL,NULL,NULL,'N','N',0,NULL,NULL,0);
INSERT INTO SM_FIELD_DEF (TABLE_ID,FIELD_NAME,JP_TITLE,US_TITLE,DB_TYPE,DB_LENGTH,IS_KEY,NOT_BLANK,IS_DUMMY,IS_SEARCH_ITEM,SORT_NO,TREE_LEVEL,SHEET_NO,PAGE_NO,PROPERTY_NO,IS_AUTO,IS_MANDATORY,SYSTEM_READONLY,FIELD_TYPE,FIELD_LENGTH,INPUT_ALPHABET,INPUT_MULTIBYTE,INPUT_NUMERIC,INPUT_SYMBOL,INPUT_UPPERCASE,RETRIEVAL_TABLE,FORMAT,DEFAULT_VALUE,MIN_VALUE,MAX_VALUE,CALENDAR_BUTTON,JUMP_BUTTON,OPEN_BUTTON,REF_TABLE_ID,REF_FIELD_NAME,SPECIAL_BUTTON) VALUES ('TBLID_BINSP_MEAS_ITEM','CALC_CODE','CALC_CODE','CALC_CODE','STRING',10,'N','Y','N','Y',7,-1,0,0,7,'N','N','N','STRING',10,'Y',0,'Y','Y','Y','NONE',NULL,NULL,NULL,NULL,'N','N',0,NULL,NULL,0);
INSERT INTO SM_FIELD_DEF (TABLE_ID,FIELD_NAME,JP_TITLE,US_TITLE,DB_TYPE,DB_LENGTH,IS_KEY,NOT_BLANK,IS_DUMMY,IS_SEARCH_ITEM,SORT_NO,TREE_LEVEL,SHEET_NO,PAGE_NO,PROPERTY_NO,IS_AUTO,IS_MANDATORY,SYSTEM_READONLY,FIELD_TYPE,FIELD_LENGTH,INPUT_ALPHABET,INPUT_MULTIBYTE,INPUT_NUMERIC,INPUT_SYMBOL,INPUT_UPPERCASE,RETRIEVAL_TABLE,FORMAT,DEFAULT_VALUE,MIN_VALUE,MAX_VALUE,CALENDAR_BUTTON,JUMP_BUTTON,OPEN_BUTTON,REF_TABLE_ID,REF_FIELD_NAME,SPECIAL_BUTTON) VALUES ('TBLID_BINSP_MEAS_ITEM','CALC_PARM1','CALC_PARM1','CALC_PARM1','STRING',20,'N','Y','N','Y',8,-1,0,0,8,'N','N','N','STRING',20,'Y',0,'Y','Y','Y','NONE',NULL,NULL,NULL,NULL,'N','N',0,NULL,NULL,0);
INSERT INTO SM_FIELD_DEF (TABLE_ID,FIELD_NAME,JP_TITLE,US_TITLE,DB_TYPE,DB_LENGTH,IS_KEY,NOT_BLANK,IS_DUMMY,IS_SEARCH_ITEM,SORT_NO,TREE_LEVEL,SHEET_NO,PAGE_NO,PROPERTY_NO,IS_AUTO,IS_MANDATORY,SYSTEM_READONLY,FIELD_TYPE,FIELD_LENGTH,INPUT_ALPHABET,INPUT_MULTIBYTE,INPUT_NUMERIC,INPUT_SYMBOL,INPUT_UPPERCASE,RETRIEVAL_TABLE,FORMAT,DEFAULT_VALUE,MIN_VALUE,MAX_VALUE,CALENDAR_BUTTON,JUMP_BUTTON,OPEN_BUTTON,REF_TABLE_ID,REF_FIELD_NAME,SPECIAL_BUTTON) VALUES ('TBLID_BINSP_MEAS_ITEM','CALC_PARM2','CALC_PARM2','CALC_PARM2','STRING',20,'N','Y','N','Y',9,-1,0,0,9,'N','N','N','STRING',20,'Y',0,'Y','Y','Y','NONE',NULL,NULL,NULL,NULL,'N','N',0,NULL,NULL,0);
INSERT INTO SM_FIELD_DEF (TABLE_ID,FIELD_NAME,JP_TITLE,US_TITLE,DB_TYPE,DB_LENGTH,IS_KEY,NOT_BLANK,IS_DUMMY,IS_SEARCH_ITEM,SORT_NO,TREE_LEVEL,SHEET_NO,PAGE_NO,PROPERTY_NO,IS_AUTO,IS_MANDATORY,SYSTEM_READONLY,FIELD_TYPE,FIELD_LENGTH,INPUT_ALPHABET,INPUT_MULTIBYTE,INPUT_NUMERIC,INPUT_SYMBOL,INPUT_UPPERCASE,RETRIEVAL_TABLE,FORMAT,DEFAULT_VALUE,MIN_VALUE,MAX_VALUE,CALENDAR_BUTTON,JUMP_BUTTON,OPEN_BUTTON,REF_TABLE_ID,REF_FIELD_NAME,SPECIAL_BUTTON) VALUES ('TBLID_BINSP_MEAS_ITEM','CALC_PARM3','CALC_PARM3','CALC_PARM3','STRING',20,'N','Y','N','Y',10,-1,0,0,10,'N','N','N','STRING',20,'Y',0,'Y','Y','Y','NONE',NULL,NULL,NULL,NULL,'N','N',0,NULL,NULL,0);
INSERT INTO SM_FIELD_DEF (TABLE_ID,FIELD_NAME,JP_TITLE,US_TITLE,DB_TYPE,DB_LENGTH,IS_KEY,NOT_BLANK,IS_DUMMY,IS_SEARCH_ITEM,SORT_NO,TREE_LEVEL,SHEET_NO,PAGE_NO,PROPERTY_NO,IS_AUTO,IS_MANDATORY,SYSTEM_READONLY,FIELD_TYPE,FIELD_LENGTH,INPUT_ALPHABET,INPUT_MULTIBYTE,INPUT_NUMERIC,INPUT_SYMBOL,INPUT_UPPERCASE,RETRIEVAL_TABLE,FORMAT,DEFAULT_VALUE,MIN_VALUE,MAX_VALUE,CALENDAR_BUTTON,JUMP_BUTTON,OPEN_BUTTON,REF_TABLE_ID,REF_FIELD_NAME,SPECIAL_BUTTON) VALUES ('TBLID_BINSP_MEAS_ITEM','CALC_PARM4','CALC_PARM4','CALC_PARM4','STRING',20,'N','Y','N','Y',11,-1,0,0,11,'N','N','N','STRING',20,'Y',0,'Y','Y','Y','NONE',NULL,NULL,NULL,NULL,'N','N',0,NULL,NULL,0);
INSERT INTO SM_FIELD_DEF (TABLE_ID,FIELD_NAME,JP_TITLE,US_TITLE,DB_TYPE,DB_LENGTH,IS_KEY,NOT_BLANK,IS_DUMMY,IS_SEARCH_ITEM,SORT_NO,TREE_LEVEL,SHEET_NO,PAGE_NO,PROPERTY_NO,IS_AUTO,IS_MANDATORY,SYSTEM_READONLY,FIELD_TYPE,FIELD_LENGTH,INPUT_ALPHABET,INPUT_MULTIBYTE,INPUT_NUMERIC,INPUT_SYMBOL,INPUT_UPPERCASE,RETRIEVAL_TABLE,FORMAT,DEFAULT_VALUE,MIN_VALUE,MAX_VALUE,CALENDAR_BUTTON,JUMP_BUTTON,OPEN_BUTTON,REF_TABLE_ID,REF_FIELD_NAME,SPECIAL_BUTTON) VALUES ('TBLID_BINSP_MEAS_ITEM','CALC_PARM5','CALC_PARM5','CALC_PARM5','STRING',20,'N','Y','N','Y',12,-1,0,0,12,'N','N','N','STRING',20,'Y',0,'Y','Y','Y','NONE',NULL,NULL,NULL,NULL,'N','N',0,NULL,NULL,0);
INSERT INTO SM_FIELD_DEF (TABLE_ID,FIELD_NAME,JP_TITLE,US_TITLE,DB_TYPE,DB_LENGTH,IS_KEY,NOT_BLANK,IS_DUMMY,IS_SEARCH_ITEM,SORT_NO,TREE_LEVEL,SHEET_NO,PAGE_NO,PROPERTY_NO,IS_AUTO,IS_MANDATORY,SYSTEM_READONLY,FIELD_TYPE,FIELD_LENGTH,INPUT_ALPHABET,INPUT_MULTIBYTE,INPUT_NUMERIC,INPUT_SYMBOL,INPUT_UPPERCASE,RETRIEVAL_TABLE,FORMAT,DEFAULT_VALUE,MIN_VALUE,MAX_VALUE,CALENDAR_BUTTON,JUMP_BUTTON,OPEN_BUTTON,REF_TABLE_ID,REF_FIELD_NAME,SPECIAL_BUTTON) VALUES ('TBLID_BINSP_MEAS_ITEM','CALC_PARM6','CALC_PARM6','CALC_PARM6','STRING',20,'N','Y','N','Y',13,-1,0,0,13,'N','N','N','STRING',20,'Y',0,'Y','Y','Y','NONE',NULL,NULL,NULL,NULL,'N','N',0,NULL,NULL,0);
INSERT INTO SM_FIELD_DEF (TABLE_ID,FIELD_NAME,JP_TITLE,US_TITLE,DB_TYPE,DB_LENGTH,IS_KEY,NOT_BLANK,IS_DUMMY,IS_SEARCH_ITEM,SORT_NO,TREE_LEVEL,SHEET_NO,PAGE_NO,PROPERTY_NO,IS_AUTO,IS_MANDATORY,SYSTEM_READONLY,FIELD_TYPE,FIELD_LENGTH,INPUT_ALPHABET,INPUT_MULTIBYTE,INPUT_NUMERIC,INPUT_SYMBOL,INPUT_UPPERCASE,RETRIEVAL_TABLE,FORMAT,DEFAULT_VALUE,MIN_VALUE,MAX_VALUE,CALENDAR_BUTTON,JUMP_BUTTON,OPEN_BUTTON,REF_TABLE_ID,REF_FIELD_NAME,SPECIAL_BUTTON) VALUES ('TBLID_BINSP_MEAS_ITEM','CALC_PARM7','CALC_PARM7','CALC_PARM7','STRING',20,'N','Y','N','Y',14,-1,0,0,14,'N','N','N','STRING',20,'Y',0,'Y','Y','Y','NONE',NULL,NULL,NULL,NULL,'N','N',0,NULL,NULL,0);
INSERT INTO SM_FIELD_DEF (TABLE_ID,FIELD_NAME,JP_TITLE,US_TITLE,DB_TYPE,DB_LENGTH,IS_KEY,NOT_BLANK,IS_DUMMY,IS_SEARCH_ITEM,SORT_NO,TREE_LEVEL,SHEET_NO,PAGE_NO,PROPERTY_NO,IS_AUTO,IS_MANDATORY,SYSTEM_READONLY,FIELD_TYPE,FIELD_LENGTH,INPUT_ALPHABET,INPUT_MULTIBYTE,INPUT_NUMERIC,INPUT_SYMBOL,INPUT_UPPERCASE,RETRIEVAL_TABLE,FORMAT,DEFAULT_VALUE,MIN_VALUE,MAX_VALUE,CALENDAR_BUTTON,JUMP_BUTTON,OPEN_BUTTON,REF_TABLE_ID,REF_FIELD_NAME,SPECIAL_BUTTON) VALUES ('TBLID_BINSP_MEAS_ITEM','CALC_PARM8','CALC_PARM8','CALC_PARM8','STRING',20,'N','Y','N','Y',15,-1,0,0,15,'N','N','N','STRING',20,'Y',0,'Y','Y','Y','NONE',NULL,NULL,NULL,NULL,'N','N',0,NULL,NULL,0);
INSERT INTO SM_FIELD_DEF (TABLE_ID,FIELD_NAME,JP_TITLE,US_TITLE,DB_TYPE,DB_LENGTH,IS_KEY,NOT_BLANK,IS_DUMMY,IS_SEARCH_ITEM,SORT_NO,TREE_LEVEL,SHEET_NO,PAGE_NO,PROPERTY_NO,IS_AUTO,IS_MANDATORY,SYSTEM_READONLY,FIELD_TYPE,FIELD_LENGTH,INPUT_ALPHABET,INPUT_MULTIBYTE,INPUT_NUMERIC,INPUT_SYMBOL,INPUT_UPPERCASE,RETRIEVAL_TABLE,FORMAT,DEFAULT_VALUE,MIN_VALUE,MAX_VALUE,CALENDAR_BUTTON,JUMP_BUTTON,OPEN_BUTTON,REF_TABLE_ID,REF_FIELD_NAME,SPECIAL_BUTTON) VALUES ('TBLID_BINSP_MEAS_ITEM','CALC_PARM9','CALC_PARM9','CALC_PARM9','STRING',20,'N','Y','N','Y',16,-1,0,0,16,'N','N','N','STRING',20,'Y',0,'Y','Y','Y','NONE',NULL,NULL,NULL,NULL,'N','N',0,NULL,NULL,0);
INSERT INTO SM_FIELD_DEF (TABLE_ID,FIELD_NAME,JP_TITLE,US_TITLE,DB_TYPE,DB_LENGTH,IS_KEY,NOT_BLANK,IS_DUMMY,IS_SEARCH_ITEM,SORT_NO,TREE_LEVEL,SHEET_NO,PAGE_NO,PROPERTY_NO,IS_AUTO,IS_MANDATORY,SYSTEM_READONLY,FIELD_TYPE,FIELD_LENGTH,INPUT_ALPHABET,INPUT_MULTIBYTE,INPUT_NUMERIC,INPUT_SYMBOL,INPUT_UPPERCASE,RETRIEVAL_TABLE,FORMAT,DEFAULT_VALUE,MIN_VALUE,MAX_VALUE,CALENDAR_BUTTON,JUMP_BUTTON,OPEN_BUTTON,REF_TABLE_ID,REF_FIELD_NAME,SPECIAL_BUTTON) VALUES ('TBLID_BINSP_MEAS_ITEM','CALC_PARM10','CALC_PARM10','CALC_PARM10','STRING',20,'N','Y','N','Y',17,-1,0,0,17,'N','N','N','STRING',20,'Y',0,'Y','Y','Y','NONE',NULL,NULL,NULL,NULL,'N','N',0,NULL,NULL,0);
INSERT INTO SM_CHECK_DEF (TABLE_ID,CHECK_TYPE,CHECK_ORDER,CHECK_KIND,FIELD_NAME,REF_TABLE,REF_FIELD,EXPECT_VALUE,ERR_MSG) VALUES ('TBLID_BINSP_MEAS_ITEM','SAVE',1,'NOTNULL','INSP_USED_ID',NULL,NULL,NULL,'INSP_USED_ID required');
INSERT INTO SM_CHECK_DEF (TABLE_ID,CHECK_TYPE,CHECK_ORDER,CHECK_KIND,FIELD_NAME,REF_TABLE,REF_FIELD,EXPECT_VALUE,ERR_MSG) VALUES ('TBLID_BINSP_MEAS_ITEM','SAVE',2,'STAT_N',NULL,NULL,NULL,NULL,'Not editable');
INSERT INTO SM_CHECK_DEF (TABLE_ID,CHECK_TYPE,CHECK_ORDER,CHECK_KIND,FIELD_NAME,REF_TABLE,REF_FIELD,EXPECT_VALUE,ERR_MSG) VALUES ('TBLID_BINSP_MEAS_ITEM','SAVE',3,'LOCK_FREE',NULL,NULL,NULL,NULL,'Locked');
INSERT INTO SM_CHECK_DEF (TABLE_ID,CHECK_TYPE,CHECK_ORDER,CHECK_KIND,FIELD_NAME,REF_TABLE,REF_FIELD,EXPECT_VALUE,ERR_MSG) VALUES ('TBLID_BINSP_MEAS_ITEM','RELEASE',1,'NOTNULL','INSP_USED_ID',NULL,NULL,NULL,'INSP_USED_ID required');
INSERT INTO SM_CHECK_DEF (TABLE_ID,CHECK_TYPE,CHECK_ORDER,CHECK_KIND,FIELD_NAME,REF_TABLE,REF_FIELD,EXPECT_VALUE,ERR_MSG) VALUES ('TBLID_BINSP_MEAS_ITEM','RELEASE',2,'STAT_N',NULL,NULL,NULL,NULL,'Not editable');
INSERT INTO SM_CHECK_DEF (TABLE_ID,CHECK_TYPE,CHECK_ORDER,CHECK_KIND,FIELD_NAME,REF_TABLE,REF_FIELD,EXPECT_VALUE,ERR_MSG) VALUES ('TBLID_BINSP_MEAS_ITEM','RELEASE',3,'LOCK_FREE',NULL,NULL,NULL,NULL,'Locked');
INSERT INTO SM_CHECK_DEF (TABLE_ID,CHECK_TYPE,CHECK_ORDER,CHECK_KIND,FIELD_NAME,REF_TABLE,REF_FIELD,EXPECT_VALUE,ERR_MSG) VALUES ('TBLID_BINSP_MEAS_ITEM','RELEASE',10,'RELEASE_PARAM','INSP_USED_ID','DINSP_MEAS_ITEM',NULL,NULL,NULL);
INSERT INTO SM_CHECK_DEF (TABLE_ID,CHECK_TYPE,CHECK_ORDER,CHECK_KIND,FIELD_NAME,REF_TABLE,REF_FIELD,EXPECT_VALUE,ERR_MSG) VALUES ('TBLID_BINSP_MEAS_ITEM','DELETE',1,'NOTNULL','INSP_USED_ID',NULL,NULL,NULL,'INSP_USED_ID required');
INSERT INTO SM_CHECK_DEF (TABLE_ID,CHECK_TYPE,CHECK_ORDER,CHECK_KIND,FIELD_NAME,REF_TABLE,REF_FIELD,EXPECT_VALUE,ERR_MSG) VALUES ('TBLID_BINSP_MEAS_ITEM','DELETE',2,'STAT_Y',NULL,NULL,NULL,NULL,'Not released');
INSERT INTO SM_CHECK_DEF (TABLE_ID,CHECK_TYPE,CHECK_ORDER,CHECK_KIND,FIELD_NAME,REF_TABLE,REF_FIELD,EXPECT_VALUE,ERR_MSG) VALUES ('TBLID_BINSP_MEAS_ITEM','DELETE',3,'LOCK_FREE',NULL,NULL,NULL,NULL,'Locked');
INSERT INTO SM_CHECK_DEF (TABLE_ID,CHECK_TYPE,CHECK_ORDER,CHECK_KIND,FIELD_NAME,REF_TABLE,REF_FIELD,EXPECT_VALUE,ERR_MSG) VALUES ('TBLID_BINSP_MEAS_ITEM','EDITCOMP',1,'NOTNULL','INSP_USED_ID',NULL,NULL,NULL,'INSP_USED_ID required');
INSERT INTO SM_CHECK_DEF (TABLE_ID,CHECK_TYPE,CHECK_ORDER,CHECK_KIND,FIELD_NAME,REF_TABLE,REF_FIELD,EXPECT_VALUE,ERR_MSG) VALUES ('TBLID_BINSP_MEAS_ITEM','EDITCOMP',2,'STAT_N',NULL,NULL,NULL,NULL,'Not editable');
INSERT INTO SM_CHECK_DEF (TABLE_ID,CHECK_TYPE,CHECK_ORDER,CHECK_KIND,FIELD_NAME,REF_TABLE,REF_FIELD,EXPECT_VALUE,ERR_MSG) VALUES ('TBLID_BINSP_MEAS_ITEM','EDITCOMP',3,'LOCK_FREE',NULL,NULL,NULL,NULL,'Locked');
INSERT INTO SM_CHECK_DEF (TABLE_ID,CHECK_TYPE,CHECK_ORDER,CHECK_KIND,FIELD_NAME,REF_TABLE,REF_FIELD,EXPECT_VALUE,ERR_MSG) VALUES ('TBLID_BINSP_MEAS_ITEM','EDITCOMP',4,'COMP_N',NULL,NULL,NULL,NULL,'Already complete');

INSERT INTO SM_TABLE_DEF (TABLE_ID,TABLE_NAME,JP_TITLE,US_TITLE,RELEASE_FLAG,DISTRIBUTE_FLAG,PERMISSION_TYPE,SCHEMA_TYPE,HAS_DUMMY,SORT_NO) VALUES ('TBLID_BLMG','BLMG','BLMG','BLMG','Y','N','C','L','N',670);
INSERT INTO SM_FIELD_DEF (TABLE_ID,FIELD_NAME,JP_TITLE,US_TITLE,DB_TYPE,DB_LENGTH,IS_KEY,NOT_BLANK,IS_DUMMY,IS_SEARCH_ITEM,SORT_NO,TREE_LEVEL,SHEET_NO,PAGE_NO,PROPERTY_NO,IS_AUTO,IS_MANDATORY,SYSTEM_READONLY,FIELD_TYPE,FIELD_LENGTH,INPUT_ALPHABET,INPUT_MULTIBYTE,INPUT_NUMERIC,INPUT_SYMBOL,INPUT_UPPERCASE,RETRIEVAL_TABLE,FORMAT,DEFAULT_VALUE,MIN_VALUE,MAX_VALUE,CALENDAR_BUTTON,JUMP_BUTTON,OPEN_BUTTON,REF_TABLE_ID,REF_FIELD_NAME,SPECIAL_BUTTON) VALUES ('TBLID_BLMG','LMG_ID','LMG_ID','LMG_ID','STRING',10,'Y','Y','N','Y',0,0,0,0,0,'N','N','N','STRING',10,'Y',0,'Y','Y','Y','NONE',NULL,NULL,NULL,NULL,'N','N',0,NULL,NULL,0);
INSERT INTO SM_FIELD_DEF (TABLE_ID,FIELD_NAME,JP_TITLE,US_TITLE,DB_TYPE,DB_LENGTH,IS_KEY,NOT_BLANK,IS_DUMMY,IS_SEARCH_ITEM,SORT_NO,TREE_LEVEL,SHEET_NO,PAGE_NO,PROPERTY_NO,IS_AUTO,IS_MANDATORY,SYSTEM_READONLY,FIELD_TYPE,FIELD_LENGTH,INPUT_ALPHABET,INPUT_MULTIBYTE,INPUT_NUMERIC,INPUT_SYMBOL,INPUT_UPPERCASE,RETRIEVAL_TABLE,FORMAT,DEFAULT_VALUE,MIN_VALUE,MAX_VALUE,CALENDAR_BUTTON,JUMP_BUTTON,OPEN_BUTTON,REF_TABLE_ID,REF_FIELD_NAME,SPECIAL_BUTTON) VALUES ('TBLID_BLMG','LMG_NAME','LMG_NAME','LMG_NAME','STRING',40,'N','Y','N','Y',1,-1,0,0,1,'N','N','N','STRING',40,'Y',0,'Y','Y','Y','NONE',NULL,NULL,NULL,NULL,'N','N',0,NULL,NULL,0);
INSERT INTO SM_FIELD_DEF (TABLE_ID,FIELD_NAME,JP_TITLE,US_TITLE,DB_TYPE,DB_LENGTH,IS_KEY,NOT_BLANK,IS_DUMMY,IS_SEARCH_ITEM,SORT_NO,TREE_LEVEL,SHEET_NO,PAGE_NO,PROPERTY_NO,IS_AUTO,IS_MANDATORY,SYSTEM_READONLY,FIELD_TYPE,FIELD_LENGTH,INPUT_ALPHABET,INPUT_MULTIBYTE,INPUT_NUMERIC,INPUT_SYMBOL,INPUT_UPPERCASE,RETRIEVAL_TABLE,FORMAT,DEFAULT_VALUE,MIN_VALUE,MAX_VALUE,CALENDAR_BUTTON,JUMP_BUTTON,OPEN_BUTTON,REF_TABLE_ID,REF_FIELD_NAME,SPECIAL_BUTTON) VALUES ('TBLID_BLMG','MONTH_CLEAR_FLAG','MONTH_CLEAR_FLAG','MONTH_CLEAR_FLAG','STRING',1,'N','Y','N','Y',2,-1,0,0,2,'N','N','N','STRING',1,'Y',0,'Y','Y','Y','NONE',NULL,NULL,NULL,NULL,'N','N',0,NULL,NULL,0);
INSERT INTO SM_CHECK_DEF (TABLE_ID,CHECK_TYPE,CHECK_ORDER,CHECK_KIND,FIELD_NAME,REF_TABLE,REF_FIELD,EXPECT_VALUE,ERR_MSG) VALUES ('TBLID_BLMG','SAVE',1,'NOTNULL','LMG_ID',NULL,NULL,NULL,'LMG_ID required');
INSERT INTO SM_CHECK_DEF (TABLE_ID,CHECK_TYPE,CHECK_ORDER,CHECK_KIND,FIELD_NAME,REF_TABLE,REF_FIELD,EXPECT_VALUE,ERR_MSG) VALUES ('TBLID_BLMG','SAVE',2,'STAT_N',NULL,NULL,NULL,NULL,'Not editable');
INSERT INTO SM_CHECK_DEF (TABLE_ID,CHECK_TYPE,CHECK_ORDER,CHECK_KIND,FIELD_NAME,REF_TABLE,REF_FIELD,EXPECT_VALUE,ERR_MSG) VALUES ('TBLID_BLMG','SAVE',3,'LOCK_FREE',NULL,NULL,NULL,NULL,'Locked');
INSERT INTO SM_CHECK_DEF (TABLE_ID,CHECK_TYPE,CHECK_ORDER,CHECK_KIND,FIELD_NAME,REF_TABLE,REF_FIELD,EXPECT_VALUE,ERR_MSG) VALUES ('TBLID_BLMG','RELEASE',1,'NOTNULL','LMG_ID',NULL,NULL,NULL,'LMG_ID required');
INSERT INTO SM_CHECK_DEF (TABLE_ID,CHECK_TYPE,CHECK_ORDER,CHECK_KIND,FIELD_NAME,REF_TABLE,REF_FIELD,EXPECT_VALUE,ERR_MSG) VALUES ('TBLID_BLMG','RELEASE',2,'STAT_N',NULL,NULL,NULL,NULL,'Not editable');
INSERT INTO SM_CHECK_DEF (TABLE_ID,CHECK_TYPE,CHECK_ORDER,CHECK_KIND,FIELD_NAME,REF_TABLE,REF_FIELD,EXPECT_VALUE,ERR_MSG) VALUES ('TBLID_BLMG','RELEASE',3,'LOCK_FREE',NULL,NULL,NULL,NULL,'Locked');
INSERT INTO SM_CHECK_DEF (TABLE_ID,CHECK_TYPE,CHECK_ORDER,CHECK_KIND,FIELD_NAME,REF_TABLE,REF_FIELD,EXPECT_VALUE,ERR_MSG) VALUES ('TBLID_BLMG','RELEASE',10,'RELEASE_PARAM','LMG_ID','DLMG',NULL,NULL,NULL);
INSERT INTO SM_CHECK_DEF (TABLE_ID,CHECK_TYPE,CHECK_ORDER,CHECK_KIND,FIELD_NAME,REF_TABLE,REF_FIELD,EXPECT_VALUE,ERR_MSG) VALUES ('TBLID_BLMG','DELETE',1,'NOTNULL','LMG_ID',NULL,NULL,NULL,'LMG_ID required');
INSERT INTO SM_CHECK_DEF (TABLE_ID,CHECK_TYPE,CHECK_ORDER,CHECK_KIND,FIELD_NAME,REF_TABLE,REF_FIELD,EXPECT_VALUE,ERR_MSG) VALUES ('TBLID_BLMG','DELETE',2,'STAT_Y',NULL,NULL,NULL,NULL,'Not released');
INSERT INTO SM_CHECK_DEF (TABLE_ID,CHECK_TYPE,CHECK_ORDER,CHECK_KIND,FIELD_NAME,REF_TABLE,REF_FIELD,EXPECT_VALUE,ERR_MSG) VALUES ('TBLID_BLMG','DELETE',3,'LOCK_FREE',NULL,NULL,NULL,NULL,'Locked');
INSERT INTO SM_CHECK_DEF (TABLE_ID,CHECK_TYPE,CHECK_ORDER,CHECK_KIND,FIELD_NAME,REF_TABLE,REF_FIELD,EXPECT_VALUE,ERR_MSG) VALUES ('TBLID_BLMG','EDITCOMP',1,'NOTNULL','LMG_ID',NULL,NULL,NULL,'LMG_ID required');
INSERT INTO SM_CHECK_DEF (TABLE_ID,CHECK_TYPE,CHECK_ORDER,CHECK_KIND,FIELD_NAME,REF_TABLE,REF_FIELD,EXPECT_VALUE,ERR_MSG) VALUES ('TBLID_BLMG','EDITCOMP',2,'STAT_N',NULL,NULL,NULL,NULL,'Not editable');
INSERT INTO SM_CHECK_DEF (TABLE_ID,CHECK_TYPE,CHECK_ORDER,CHECK_KIND,FIELD_NAME,REF_TABLE,REF_FIELD,EXPECT_VALUE,ERR_MSG) VALUES ('TBLID_BLMG','EDITCOMP',3,'LOCK_FREE',NULL,NULL,NULL,NULL,'Locked');
INSERT INTO SM_CHECK_DEF (TABLE_ID,CHECK_TYPE,CHECK_ORDER,CHECK_KIND,FIELD_NAME,REF_TABLE,REF_FIELD,EXPECT_VALUE,ERR_MSG) VALUES ('TBLID_BLMG','EDITCOMP',4,'COMP_N',NULL,NULL,NULL,NULL,'Already complete');

INSERT INTO SM_TABLE_DEF (TABLE_ID,TABLE_NAME,JP_TITLE,US_TITLE,RELEASE_FLAG,DISTRIBUTE_FLAG,PERMISSION_TYPE,SCHEMA_TYPE,HAS_DUMMY,SORT_NO) VALUES ('TBLID_BLM_PTN','BLM_PTN','BLM_PTN','BLM_PTN','Y','N','C','L','N',680);
INSERT INTO SM_FIELD_DEF (TABLE_ID,FIELD_NAME,JP_TITLE,US_TITLE,DB_TYPE,DB_LENGTH,IS_KEY,NOT_BLANK,IS_DUMMY,IS_SEARCH_ITEM,SORT_NO,TREE_LEVEL,SHEET_NO,PAGE_NO,PROPERTY_NO,IS_AUTO,IS_MANDATORY,SYSTEM_READONLY,FIELD_TYPE,FIELD_LENGTH,INPUT_ALPHABET,INPUT_MULTIBYTE,INPUT_NUMERIC,INPUT_SYMBOL,INPUT_UPPERCASE,RETRIEVAL_TABLE,FORMAT,DEFAULT_VALUE,MIN_VALUE,MAX_VALUE,CALENDAR_BUTTON,JUMP_BUTTON,OPEN_BUTTON,REF_TABLE_ID,REF_FIELD_NAME,SPECIAL_BUTTON) VALUES ('TBLID_BLM_PTN','LMG_ID','LMG_ID','LMG_ID','STRING',10,'Y','Y','N','Y',0,0,0,0,0,'N','N','N','STRING',10,'Y',0,'Y','Y','Y','NONE',NULL,NULL,NULL,NULL,'N','N',0,NULL,NULL,0);
INSERT INTO SM_FIELD_DEF (TABLE_ID,FIELD_NAME,JP_TITLE,US_TITLE,DB_TYPE,DB_LENGTH,IS_KEY,NOT_BLANK,IS_DUMMY,IS_SEARCH_ITEM,SORT_NO,TREE_LEVEL,SHEET_NO,PAGE_NO,PROPERTY_NO,IS_AUTO,IS_MANDATORY,SYSTEM_READONLY,FIELD_TYPE,FIELD_LENGTH,INPUT_ALPHABET,INPUT_MULTIBYTE,INPUT_NUMERIC,INPUT_SYMBOL,INPUT_UPPERCASE,RETRIEVAL_TABLE,FORMAT,DEFAULT_VALUE,MIN_VALUE,MAX_VALUE,CALENDAR_BUTTON,JUMP_BUTTON,OPEN_BUTTON,REF_TABLE_ID,REF_FIELD_NAME,SPECIAL_BUTTON) VALUES ('TBLID_BLM_PTN','SEQ_NO','SEQ_NO','SEQ_NO','NUMBER',0,'N','Y','N','Y',1,-1,0,0,1,'N','N','N','STRING',0,'Y',0,'Y','Y','Y','NONE',NULL,NULL,NULL,NULL,'N','N',0,NULL,NULL,0);
INSERT INTO SM_FIELD_DEF (TABLE_ID,FIELD_NAME,JP_TITLE,US_TITLE,DB_TYPE,DB_LENGTH,IS_KEY,NOT_BLANK,IS_DUMMY,IS_SEARCH_ITEM,SORT_NO,TREE_LEVEL,SHEET_NO,PAGE_NO,PROPERTY_NO,IS_AUTO,IS_MANDATORY,SYSTEM_READONLY,FIELD_TYPE,FIELD_LENGTH,INPUT_ALPHABET,INPUT_MULTIBYTE,INPUT_NUMERIC,INPUT_SYMBOL,INPUT_UPPERCASE,RETRIEVAL_TABLE,FORMAT,DEFAULT_VALUE,MIN_VALUE,MAX_VALUE,CALENDAR_BUTTON,JUMP_BUTTON,OPEN_BUTTON,REF_TABLE_ID,REF_FIELD_NAME,SPECIAL_BUTTON) VALUES ('TBLID_BLM_PTN','NUM_PTN','NUM_PTN','NUM_PTN','STRING',2,'N','Y','N','Y',2,-1,0,0,2,'N','N','N','STRING',2,'Y',0,'Y','Y','Y','NONE',NULL,NULL,NULL,NULL,'N','N',0,NULL,NULL,0);
INSERT INTO SM_FIELD_DEF (TABLE_ID,FIELD_NAME,JP_TITLE,US_TITLE,DB_TYPE,DB_LENGTH,IS_KEY,NOT_BLANK,IS_DUMMY,IS_SEARCH_ITEM,SORT_NO,TREE_LEVEL,SHEET_NO,PAGE_NO,PROPERTY_NO,IS_AUTO,IS_MANDATORY,SYSTEM_READONLY,FIELD_TYPE,FIELD_LENGTH,INPUT_ALPHABET,INPUT_MULTIBYTE,INPUT_NUMERIC,INPUT_SYMBOL,INPUT_UPPERCASE,RETRIEVAL_TABLE,FORMAT,DEFAULT_VALUE,MIN_VALUE,MAX_VALUE,CALENDAR_BUTTON,JUMP_BUTTON,OPEN_BUTTON,REF_TABLE_ID,REF_FIELD_NAME,SPECIAL_BUTTON) VALUES ('TBLID_BLM_PTN','USER_STR','USER_STR','USER_STR','STRING',10,'N','Y','N','Y',3,-1,0,0,3,'N','N','N','STRING',10,'Y',0,'Y','Y','Y','NONE',NULL,NULL,NULL,NULL,'N','N',0,NULL,NULL,0);
INSERT INTO SM_CHECK_DEF (TABLE_ID,CHECK_TYPE,CHECK_ORDER,CHECK_KIND,FIELD_NAME,REF_TABLE,REF_FIELD,EXPECT_VALUE,ERR_MSG) VALUES ('TBLID_BLM_PTN','SAVE',1,'NOTNULL','LMG_ID',NULL,NULL,NULL,'LMG_ID required');
INSERT INTO SM_CHECK_DEF (TABLE_ID,CHECK_TYPE,CHECK_ORDER,CHECK_KIND,FIELD_NAME,REF_TABLE,REF_FIELD,EXPECT_VALUE,ERR_MSG) VALUES ('TBLID_BLM_PTN','SAVE',2,'STAT_N',NULL,NULL,NULL,NULL,'Not editable');
INSERT INTO SM_CHECK_DEF (TABLE_ID,CHECK_TYPE,CHECK_ORDER,CHECK_KIND,FIELD_NAME,REF_TABLE,REF_FIELD,EXPECT_VALUE,ERR_MSG) VALUES ('TBLID_BLM_PTN','SAVE',3,'LOCK_FREE',NULL,NULL,NULL,NULL,'Locked');
INSERT INTO SM_CHECK_DEF (TABLE_ID,CHECK_TYPE,CHECK_ORDER,CHECK_KIND,FIELD_NAME,REF_TABLE,REF_FIELD,EXPECT_VALUE,ERR_MSG) VALUES ('TBLID_BLM_PTN','RELEASE',1,'NOTNULL','LMG_ID',NULL,NULL,NULL,'LMG_ID required');
INSERT INTO SM_CHECK_DEF (TABLE_ID,CHECK_TYPE,CHECK_ORDER,CHECK_KIND,FIELD_NAME,REF_TABLE,REF_FIELD,EXPECT_VALUE,ERR_MSG) VALUES ('TBLID_BLM_PTN','RELEASE',2,'STAT_N',NULL,NULL,NULL,NULL,'Not editable');
INSERT INTO SM_CHECK_DEF (TABLE_ID,CHECK_TYPE,CHECK_ORDER,CHECK_KIND,FIELD_NAME,REF_TABLE,REF_FIELD,EXPECT_VALUE,ERR_MSG) VALUES ('TBLID_BLM_PTN','RELEASE',3,'LOCK_FREE',NULL,NULL,NULL,NULL,'Locked');
INSERT INTO SM_CHECK_DEF (TABLE_ID,CHECK_TYPE,CHECK_ORDER,CHECK_KIND,FIELD_NAME,REF_TABLE,REF_FIELD,EXPECT_VALUE,ERR_MSG) VALUES ('TBLID_BLM_PTN','RELEASE',10,'RELEASE_PARAM','LMG_ID','DLM_PTN',NULL,NULL,NULL);
INSERT INTO SM_CHECK_DEF (TABLE_ID,CHECK_TYPE,CHECK_ORDER,CHECK_KIND,FIELD_NAME,REF_TABLE,REF_FIELD,EXPECT_VALUE,ERR_MSG) VALUES ('TBLID_BLM_PTN','DELETE',1,'NOTNULL','LMG_ID',NULL,NULL,NULL,'LMG_ID required');
INSERT INTO SM_CHECK_DEF (TABLE_ID,CHECK_TYPE,CHECK_ORDER,CHECK_KIND,FIELD_NAME,REF_TABLE,REF_FIELD,EXPECT_VALUE,ERR_MSG) VALUES ('TBLID_BLM_PTN','DELETE',2,'STAT_Y',NULL,NULL,NULL,NULL,'Not released');
INSERT INTO SM_CHECK_DEF (TABLE_ID,CHECK_TYPE,CHECK_ORDER,CHECK_KIND,FIELD_NAME,REF_TABLE,REF_FIELD,EXPECT_VALUE,ERR_MSG) VALUES ('TBLID_BLM_PTN','DELETE',3,'LOCK_FREE',NULL,NULL,NULL,NULL,'Locked');
INSERT INTO SM_CHECK_DEF (TABLE_ID,CHECK_TYPE,CHECK_ORDER,CHECK_KIND,FIELD_NAME,REF_TABLE,REF_FIELD,EXPECT_VALUE,ERR_MSG) VALUES ('TBLID_BLM_PTN','EDITCOMP',1,'NOTNULL','LMG_ID',NULL,NULL,NULL,'LMG_ID required');
INSERT INTO SM_CHECK_DEF (TABLE_ID,CHECK_TYPE,CHECK_ORDER,CHECK_KIND,FIELD_NAME,REF_TABLE,REF_FIELD,EXPECT_VALUE,ERR_MSG) VALUES ('TBLID_BLM_PTN','EDITCOMP',2,'STAT_N',NULL,NULL,NULL,NULL,'Not editable');
INSERT INTO SM_CHECK_DEF (TABLE_ID,CHECK_TYPE,CHECK_ORDER,CHECK_KIND,FIELD_NAME,REF_TABLE,REF_FIELD,EXPECT_VALUE,ERR_MSG) VALUES ('TBLID_BLM_PTN','EDITCOMP',3,'LOCK_FREE',NULL,NULL,NULL,NULL,'Locked');
INSERT INTO SM_CHECK_DEF (TABLE_ID,CHECK_TYPE,CHECK_ORDER,CHECK_KIND,FIELD_NAME,REF_TABLE,REF_FIELD,EXPECT_VALUE,ERR_MSG) VALUES ('TBLID_BLM_PTN','EDITCOMP',4,'COMP_N',NULL,NULL,NULL,NULL,'Already complete');

INSERT INTO SM_TABLE_DEF (TABLE_ID,TABLE_NAME,JP_TITLE,US_TITLE,RELEASE_FLAG,DISTRIBUTE_FLAG,PERMISSION_TYPE,SCHEMA_TYPE,HAS_DUMMY,SORT_NO) VALUES ('TBLID_BMAC_NUM_CONV','BMAC_NUM_CONV','BMAC_NUM_CONV','BMAC_NUM_CONV','Y','N','C','L','N',690);
INSERT INTO SM_FIELD_DEF (TABLE_ID,FIELD_NAME,JP_TITLE,US_TITLE,DB_TYPE,DB_LENGTH,IS_KEY,NOT_BLANK,IS_DUMMY,IS_SEARCH_ITEM,SORT_NO,TREE_LEVEL,SHEET_NO,PAGE_NO,PROPERTY_NO,IS_AUTO,IS_MANDATORY,SYSTEM_READONLY,FIELD_TYPE,FIELD_LENGTH,INPUT_ALPHABET,INPUT_MULTIBYTE,INPUT_NUMERIC,INPUT_SYMBOL,INPUT_UPPERCASE,RETRIEVAL_TABLE,FORMAT,DEFAULT_VALUE,MIN_VALUE,MAX_VALUE,CALENDAR_BUTTON,JUMP_BUTTON,OPEN_BUTTON,REF_TABLE_ID,REF_FIELD_NAME,SPECIAL_BUTTON) VALUES ('TBLID_BMAC_NUM_CONV','CZ_MAC_NO','CZ_MAC_NO','CZ_MAC_NO','STRING',3,'Y','Y','N','Y',0,0,0,0,0,'N','N','N','STRING',3,'Y',0,'Y','Y','Y','NONE',NULL,NULL,NULL,NULL,'N','N',0,NULL,NULL,0);
INSERT INTO SM_FIELD_DEF (TABLE_ID,FIELD_NAME,JP_TITLE,US_TITLE,DB_TYPE,DB_LENGTH,IS_KEY,NOT_BLANK,IS_DUMMY,IS_SEARCH_ITEM,SORT_NO,TREE_LEVEL,SHEET_NO,PAGE_NO,PROPERTY_NO,IS_AUTO,IS_MANDATORY,SYSTEM_READONLY,FIELD_TYPE,FIELD_LENGTH,INPUT_ALPHABET,INPUT_MULTIBYTE,INPUT_NUMERIC,INPUT_SYMBOL,INPUT_UPPERCASE,RETRIEVAL_TABLE,FORMAT,DEFAULT_VALUE,MIN_VALUE,MAX_VALUE,CALENDAR_BUTTON,JUMP_BUTTON,OPEN_BUTTON,REF_TABLE_ID,REF_FIELD_NAME,SPECIAL_BUTTON) VALUES ('TBLID_BMAC_NUM_CONV','LM_MAC_NO','LM_MAC_NO','LM_MAC_NO','STRING',2,'N','Y','N','Y',1,-1,0,0,1,'N','N','N','STRING',2,'Y',0,'Y','Y','Y','NONE',NULL,NULL,NULL,NULL,'N','N',0,NULL,NULL,0);
INSERT INTO SM_CHECK_DEF (TABLE_ID,CHECK_TYPE,CHECK_ORDER,CHECK_KIND,FIELD_NAME,REF_TABLE,REF_FIELD,EXPECT_VALUE,ERR_MSG) VALUES ('TBLID_BMAC_NUM_CONV','SAVE',1,'NOTNULL','CZ_MAC_NO',NULL,NULL,NULL,'CZ_MAC_NO required');
INSERT INTO SM_CHECK_DEF (TABLE_ID,CHECK_TYPE,CHECK_ORDER,CHECK_KIND,FIELD_NAME,REF_TABLE,REF_FIELD,EXPECT_VALUE,ERR_MSG) VALUES ('TBLID_BMAC_NUM_CONV','SAVE',2,'STAT_N',NULL,NULL,NULL,NULL,'Not editable');
INSERT INTO SM_CHECK_DEF (TABLE_ID,CHECK_TYPE,CHECK_ORDER,CHECK_KIND,FIELD_NAME,REF_TABLE,REF_FIELD,EXPECT_VALUE,ERR_MSG) VALUES ('TBLID_BMAC_NUM_CONV','SAVE',3,'LOCK_FREE',NULL,NULL,NULL,NULL,'Locked');
INSERT INTO SM_CHECK_DEF (TABLE_ID,CHECK_TYPE,CHECK_ORDER,CHECK_KIND,FIELD_NAME,REF_TABLE,REF_FIELD,EXPECT_VALUE,ERR_MSG) VALUES ('TBLID_BMAC_NUM_CONV','RELEASE',1,'NOTNULL','CZ_MAC_NO',NULL,NULL,NULL,'CZ_MAC_NO required');
INSERT INTO SM_CHECK_DEF (TABLE_ID,CHECK_TYPE,CHECK_ORDER,CHECK_KIND,FIELD_NAME,REF_TABLE,REF_FIELD,EXPECT_VALUE,ERR_MSG) VALUES ('TBLID_BMAC_NUM_CONV','RELEASE',2,'STAT_N',NULL,NULL,NULL,NULL,'Not editable');
INSERT INTO SM_CHECK_DEF (TABLE_ID,CHECK_TYPE,CHECK_ORDER,CHECK_KIND,FIELD_NAME,REF_TABLE,REF_FIELD,EXPECT_VALUE,ERR_MSG) VALUES ('TBLID_BMAC_NUM_CONV','RELEASE',3,'LOCK_FREE',NULL,NULL,NULL,NULL,'Locked');
INSERT INTO SM_CHECK_DEF (TABLE_ID,CHECK_TYPE,CHECK_ORDER,CHECK_KIND,FIELD_NAME,REF_TABLE,REF_FIELD,EXPECT_VALUE,ERR_MSG) VALUES ('TBLID_BMAC_NUM_CONV','RELEASE',10,'RELEASE_PARAM','CZ_MAC_NO','DMAC_NUM_CONV',NULL,NULL,NULL);
INSERT INTO SM_CHECK_DEF (TABLE_ID,CHECK_TYPE,CHECK_ORDER,CHECK_KIND,FIELD_NAME,REF_TABLE,REF_FIELD,EXPECT_VALUE,ERR_MSG) VALUES ('TBLID_BMAC_NUM_CONV','DELETE',1,'NOTNULL','CZ_MAC_NO',NULL,NULL,NULL,'CZ_MAC_NO required');
INSERT INTO SM_CHECK_DEF (TABLE_ID,CHECK_TYPE,CHECK_ORDER,CHECK_KIND,FIELD_NAME,REF_TABLE,REF_FIELD,EXPECT_VALUE,ERR_MSG) VALUES ('TBLID_BMAC_NUM_CONV','DELETE',2,'STAT_Y',NULL,NULL,NULL,NULL,'Not released');
INSERT INTO SM_CHECK_DEF (TABLE_ID,CHECK_TYPE,CHECK_ORDER,CHECK_KIND,FIELD_NAME,REF_TABLE,REF_FIELD,EXPECT_VALUE,ERR_MSG) VALUES ('TBLID_BMAC_NUM_CONV','DELETE',3,'LOCK_FREE',NULL,NULL,NULL,NULL,'Locked');
INSERT INTO SM_CHECK_DEF (TABLE_ID,CHECK_TYPE,CHECK_ORDER,CHECK_KIND,FIELD_NAME,REF_TABLE,REF_FIELD,EXPECT_VALUE,ERR_MSG) VALUES ('TBLID_BMAC_NUM_CONV','EDITCOMP',1,'NOTNULL','CZ_MAC_NO',NULL,NULL,NULL,'CZ_MAC_NO required');
INSERT INTO SM_CHECK_DEF (TABLE_ID,CHECK_TYPE,CHECK_ORDER,CHECK_KIND,FIELD_NAME,REF_TABLE,REF_FIELD,EXPECT_VALUE,ERR_MSG) VALUES ('TBLID_BMAC_NUM_CONV','EDITCOMP',2,'STAT_N',NULL,NULL,NULL,NULL,'Not editable');
INSERT INTO SM_CHECK_DEF (TABLE_ID,CHECK_TYPE,CHECK_ORDER,CHECK_KIND,FIELD_NAME,REF_TABLE,REF_FIELD,EXPECT_VALUE,ERR_MSG) VALUES ('TBLID_BMAC_NUM_CONV','EDITCOMP',3,'LOCK_FREE',NULL,NULL,NULL,NULL,'Locked');
INSERT INTO SM_CHECK_DEF (TABLE_ID,CHECK_TYPE,CHECK_ORDER,CHECK_KIND,FIELD_NAME,REF_TABLE,REF_FIELD,EXPECT_VALUE,ERR_MSG) VALUES ('TBLID_BMAC_NUM_CONV','EDITCOMP',4,'COMP_N',NULL,NULL,NULL,NULL,'Already complete');

INSERT INTO SM_TABLE_DEF (TABLE_ID,TABLE_NAME,JP_TITLE,US_TITLE,RELEASE_FLAG,DISTRIBUTE_FLAG,PERMISSION_TYPE,SCHEMA_TYPE,HAS_DUMMY,SORT_NO) VALUES ('TBLID_BMEAS_ID','BMEAS_ID','BMEAS_ID','BMEAS_ID','Y','N','C','L','N',700);
INSERT INTO SM_FIELD_DEF (TABLE_ID,FIELD_NAME,JP_TITLE,US_TITLE,DB_TYPE,DB_LENGTH,IS_KEY,NOT_BLANK,IS_DUMMY,IS_SEARCH_ITEM,SORT_NO,TREE_LEVEL,SHEET_NO,PAGE_NO,PROPERTY_NO,IS_AUTO,IS_MANDATORY,SYSTEM_READONLY,FIELD_TYPE,FIELD_LENGTH,INPUT_ALPHABET,INPUT_MULTIBYTE,INPUT_NUMERIC,INPUT_SYMBOL,INPUT_UPPERCASE,RETRIEVAL_TABLE,FORMAT,DEFAULT_VALUE,MIN_VALUE,MAX_VALUE,CALENDAR_BUTTON,JUMP_BUTTON,OPEN_BUTTON,REF_TABLE_ID,REF_FIELD_NAME,SPECIAL_BUTTON) VALUES ('TBLID_BMEAS_ID','MEAS_ID','MEAS_ID','MEAS_ID','STRING',13,'Y','Y','N','Y',0,0,0,0,0,'N','N','N','STRING',13,'Y',0,'Y','Y','Y','NONE',NULL,NULL,NULL,NULL,'N','N',0,NULL,NULL,0);
INSERT INTO SM_FIELD_DEF (TABLE_ID,FIELD_NAME,JP_TITLE,US_TITLE,DB_TYPE,DB_LENGTH,IS_KEY,NOT_BLANK,IS_DUMMY,IS_SEARCH_ITEM,SORT_NO,TREE_LEVEL,SHEET_NO,PAGE_NO,PROPERTY_NO,IS_AUTO,IS_MANDATORY,SYSTEM_READONLY,FIELD_TYPE,FIELD_LENGTH,INPUT_ALPHABET,INPUT_MULTIBYTE,INPUT_NUMERIC,INPUT_SYMBOL,INPUT_UPPERCASE,RETRIEVAL_TABLE,FORMAT,DEFAULT_VALUE,MIN_VALUE,MAX_VALUE,CALENDAR_BUTTON,JUMP_BUTTON,OPEN_BUTTON,REF_TABLE_ID,REF_FIELD_NAME,SPECIAL_BUTTON) VALUES ('TBLID_BMEAS_ID','MEAS_ID_NAME','MEAS_ID_NAME','MEAS_ID_NAME','STRING',40,'N','Y','N','Y',1,-1,0,0,1,'N','N','N','STRING',40,'Y',0,'Y','Y','Y','NONE',NULL,NULL,NULL,NULL,'N','N',0,NULL,NULL,0);
INSERT INTO SM_FIELD_DEF (TABLE_ID,FIELD_NAME,JP_TITLE,US_TITLE,DB_TYPE,DB_LENGTH,IS_KEY,NOT_BLANK,IS_DUMMY,IS_SEARCH_ITEM,SORT_NO,TREE_LEVEL,SHEET_NO,PAGE_NO,PROPERTY_NO,IS_AUTO,IS_MANDATORY,SYSTEM_READONLY,FIELD_TYPE,FIELD_LENGTH,INPUT_ALPHABET,INPUT_MULTIBYTE,INPUT_NUMERIC,INPUT_SYMBOL,INPUT_UPPERCASE,RETRIEVAL_TABLE,FORMAT,DEFAULT_VALUE,MIN_VALUE,MAX_VALUE,CALENDAR_BUTTON,JUMP_BUTTON,OPEN_BUTTON,REF_TABLE_ID,REF_FIELD_NAME,SPECIAL_BUTTON) VALUES ('TBLID_BMEAS_ID','MEAS_ID_DESC','MEAS_ID_DESC','MEAS_ID_DESC','STRING',80,'N','Y','N','Y',2,-1,0,0,2,'N','N','N','STRING',80,'Y',0,'Y','Y','Y','NONE',NULL,NULL,NULL,NULL,'N','N',0,NULL,NULL,0);
INSERT INTO SM_FIELD_DEF (TABLE_ID,FIELD_NAME,JP_TITLE,US_TITLE,DB_TYPE,DB_LENGTH,IS_KEY,NOT_BLANK,IS_DUMMY,IS_SEARCH_ITEM,SORT_NO,TREE_LEVEL,SHEET_NO,PAGE_NO,PROPERTY_NO,IS_AUTO,IS_MANDATORY,SYSTEM_READONLY,FIELD_TYPE,FIELD_LENGTH,INPUT_ALPHABET,INPUT_MULTIBYTE,INPUT_NUMERIC,INPUT_SYMBOL,INPUT_UPPERCASE,RETRIEVAL_TABLE,FORMAT,DEFAULT_VALUE,MIN_VALUE,MAX_VALUE,CALENDAR_BUTTON,JUMP_BUTTON,OPEN_BUTTON,REF_TABLE_ID,REF_FIELD_NAME,SPECIAL_BUTTON) VALUES ('TBLID_BMEAS_ID','PICK_WAF_UNIT','PICK_WAF_UNIT','PICK_WAF_UNIT','STRING',1,'N','Y','N','Y',3,-1,0,0,3,'N','N','N','STRING',1,'Y',0,'Y','Y','Y','NONE',NULL,NULL,NULL,NULL,'N','N',0,NULL,NULL,0);
INSERT INTO SM_FIELD_DEF (TABLE_ID,FIELD_NAME,JP_TITLE,US_TITLE,DB_TYPE,DB_LENGTH,IS_KEY,NOT_BLANK,IS_DUMMY,IS_SEARCH_ITEM,SORT_NO,TREE_LEVEL,SHEET_NO,PAGE_NO,PROPERTY_NO,IS_AUTO,IS_MANDATORY,SYSTEM_READONLY,FIELD_TYPE,FIELD_LENGTH,INPUT_ALPHABET,INPUT_MULTIBYTE,INPUT_NUMERIC,INPUT_SYMBOL,INPUT_UPPERCASE,RETRIEVAL_TABLE,FORMAT,DEFAULT_VALUE,MIN_VALUE,MAX_VALUE,CALENDAR_BUTTON,JUMP_BUTTON,OPEN_BUTTON,REF_TABLE_ID,REF_FIELD_NAME,SPECIAL_BUTTON) VALUES ('TBLID_BMEAS_ID','PICK_POS','PICK_POS','PICK_POS','STRING',1,'N','Y','N','Y',4,-1,0,0,4,'N','N','N','STRING',1,'Y',0,'Y','Y','Y','NONE',NULL,NULL,NULL,NULL,'N','N',0,NULL,NULL,0);
INSERT INTO SM_FIELD_DEF (TABLE_ID,FIELD_NAME,JP_TITLE,US_TITLE,DB_TYPE,DB_LENGTH,IS_KEY,NOT_BLANK,IS_DUMMY,IS_SEARCH_ITEM,SORT_NO,TREE_LEVEL,SHEET_NO,PAGE_NO,PROPERTY_NO,IS_AUTO,IS_MANDATORY,SYSTEM_READONLY,FIELD_TYPE,FIELD_LENGTH,INPUT_ALPHABET,INPUT_MULTIBYTE,INPUT_NUMERIC,INPUT_SYMBOL,INPUT_UPPERCASE,RETRIEVAL_TABLE,FORMAT,DEFAULT_VALUE,MIN_VALUE,MAX_VALUE,CALENDAR_BUTTON,JUMP_BUTTON,OPEN_BUTTON,REF_TABLE_ID,REF_FIELD_NAME,SPECIAL_BUTTON) VALUES ('TBLID_BMEAS_ID','PICK_WAF_CNT','PICK_WAF_CNT','PICK_WAF_CNT','NUMBER',0,'N','Y','N','Y',5,-1,0,0,5,'N','N','N','STRING',0,'Y',0,'Y','Y','Y','NONE',NULL,NULL,NULL,NULL,'N','N',0,NULL,NULL,0);
INSERT INTO SM_FIELD_DEF (TABLE_ID,FIELD_NAME,JP_TITLE,US_TITLE,DB_TYPE,DB_LENGTH,IS_KEY,NOT_BLANK,IS_DUMMY,IS_SEARCH_ITEM,SORT_NO,TREE_LEVEL,SHEET_NO,PAGE_NO,PROPERTY_NO,IS_AUTO,IS_MANDATORY,SYSTEM_READONLY,FIELD_TYPE,FIELD_LENGTH,INPUT_ALPHABET,INPUT_MULTIBYTE,INPUT_NUMERIC,INPUT_SYMBOL,INPUT_UPPERCASE,RETRIEVAL_TABLE,FORMAT,DEFAULT_VALUE,MIN_VALUE,MAX_VALUE,CALENDAR_BUTTON,JUMP_BUTTON,OPEN_BUTTON,REF_TABLE_ID,REF_FIELD_NAME,SPECIAL_BUTTON) VALUES ('TBLID_BMEAS_ID','ASS_CAT','ASS_CAT','ASS_CAT','STRING',1,'N','Y','N','Y',6,-1,0,0,6,'N','N','N','STRING',1,'Y',0,'Y','Y','Y','NONE',NULL,NULL,NULL,NULL,'N','N',0,NULL,NULL,0);
INSERT INTO SM_CHECK_DEF (TABLE_ID,CHECK_TYPE,CHECK_ORDER,CHECK_KIND,FIELD_NAME,REF_TABLE,REF_FIELD,EXPECT_VALUE,ERR_MSG) VALUES ('TBLID_BMEAS_ID','SAVE',1,'NOTNULL','MEAS_ID',NULL,NULL,NULL,'MEAS_ID required');
INSERT INTO SM_CHECK_DEF (TABLE_ID,CHECK_TYPE,CHECK_ORDER,CHECK_KIND,FIELD_NAME,REF_TABLE,REF_FIELD,EXPECT_VALUE,ERR_MSG) VALUES ('TBLID_BMEAS_ID','SAVE',2,'STAT_N',NULL,NULL,NULL,NULL,'Not editable');
INSERT INTO SM_CHECK_DEF (TABLE_ID,CHECK_TYPE,CHECK_ORDER,CHECK_KIND,FIELD_NAME,REF_TABLE,REF_FIELD,EXPECT_VALUE,ERR_MSG) VALUES ('TBLID_BMEAS_ID','SAVE',3,'LOCK_FREE',NULL,NULL,NULL,NULL,'Locked');
INSERT INTO SM_CHECK_DEF (TABLE_ID,CHECK_TYPE,CHECK_ORDER,CHECK_KIND,FIELD_NAME,REF_TABLE,REF_FIELD,EXPECT_VALUE,ERR_MSG) VALUES ('TBLID_BMEAS_ID','RELEASE',1,'NOTNULL','MEAS_ID',NULL,NULL,NULL,'MEAS_ID required');
INSERT INTO SM_CHECK_DEF (TABLE_ID,CHECK_TYPE,CHECK_ORDER,CHECK_KIND,FIELD_NAME,REF_TABLE,REF_FIELD,EXPECT_VALUE,ERR_MSG) VALUES ('TBLID_BMEAS_ID','RELEASE',2,'STAT_N',NULL,NULL,NULL,NULL,'Not editable');
INSERT INTO SM_CHECK_DEF (TABLE_ID,CHECK_TYPE,CHECK_ORDER,CHECK_KIND,FIELD_NAME,REF_TABLE,REF_FIELD,EXPECT_VALUE,ERR_MSG) VALUES ('TBLID_BMEAS_ID','RELEASE',3,'LOCK_FREE',NULL,NULL,NULL,NULL,'Locked');
INSERT INTO SM_CHECK_DEF (TABLE_ID,CHECK_TYPE,CHECK_ORDER,CHECK_KIND,FIELD_NAME,REF_TABLE,REF_FIELD,EXPECT_VALUE,ERR_MSG) VALUES ('TBLID_BMEAS_ID','RELEASE',10,'RELEASE_PARAM','MEAS_ID','DMEAS_ID',NULL,NULL,NULL);
INSERT INTO SM_CHECK_DEF (TABLE_ID,CHECK_TYPE,CHECK_ORDER,CHECK_KIND,FIELD_NAME,REF_TABLE,REF_FIELD,EXPECT_VALUE,ERR_MSG) VALUES ('TBLID_BMEAS_ID','DELETE',1,'NOTNULL','MEAS_ID',NULL,NULL,NULL,'MEAS_ID required');
INSERT INTO SM_CHECK_DEF (TABLE_ID,CHECK_TYPE,CHECK_ORDER,CHECK_KIND,FIELD_NAME,REF_TABLE,REF_FIELD,EXPECT_VALUE,ERR_MSG) VALUES ('TBLID_BMEAS_ID','DELETE',2,'STAT_Y',NULL,NULL,NULL,NULL,'Not released');
INSERT INTO SM_CHECK_DEF (TABLE_ID,CHECK_TYPE,CHECK_ORDER,CHECK_KIND,FIELD_NAME,REF_TABLE,REF_FIELD,EXPECT_VALUE,ERR_MSG) VALUES ('TBLID_BMEAS_ID','DELETE',3,'LOCK_FREE',NULL,NULL,NULL,NULL,'Locked');
INSERT INTO SM_CHECK_DEF (TABLE_ID,CHECK_TYPE,CHECK_ORDER,CHECK_KIND,FIELD_NAME,REF_TABLE,REF_FIELD,EXPECT_VALUE,ERR_MSG) VALUES ('TBLID_BMEAS_ID','EDITCOMP',1,'NOTNULL','MEAS_ID',NULL,NULL,NULL,'MEAS_ID required');
INSERT INTO SM_CHECK_DEF (TABLE_ID,CHECK_TYPE,CHECK_ORDER,CHECK_KIND,FIELD_NAME,REF_TABLE,REF_FIELD,EXPECT_VALUE,ERR_MSG) VALUES ('TBLID_BMEAS_ID','EDITCOMP',2,'STAT_N',NULL,NULL,NULL,NULL,'Not editable');
INSERT INTO SM_CHECK_DEF (TABLE_ID,CHECK_TYPE,CHECK_ORDER,CHECK_KIND,FIELD_NAME,REF_TABLE,REF_FIELD,EXPECT_VALUE,ERR_MSG) VALUES ('TBLID_BMEAS_ID','EDITCOMP',3,'LOCK_FREE',NULL,NULL,NULL,NULL,'Locked');
INSERT INTO SM_CHECK_DEF (TABLE_ID,CHECK_TYPE,CHECK_ORDER,CHECK_KIND,FIELD_NAME,REF_TABLE,REF_FIELD,EXPECT_VALUE,ERR_MSG) VALUES ('TBLID_BMEAS_ID','EDITCOMP',4,'COMP_N',NULL,NULL,NULL,NULL,'Already complete');

INSERT INTO SM_TABLE_DEF (TABLE_ID,TABLE_NAME,JP_TITLE,US_TITLE,RELEASE_FLAG,DISTRIBUTE_FLAG,PERMISSION_TYPE,SCHEMA_TYPE,HAS_DUMMY,SORT_NO) VALUES ('TBLID_BMEAS_ID_ITEM','BMEAS_ID_ITEM','BMEAS_ID_ITEM','BMEAS_ID_ITEM','Y','N','C','L','N',710);
INSERT INTO SM_FIELD_DEF (TABLE_ID,FIELD_NAME,JP_TITLE,US_TITLE,DB_TYPE,DB_LENGTH,IS_KEY,NOT_BLANK,IS_DUMMY,IS_SEARCH_ITEM,SORT_NO,TREE_LEVEL,SHEET_NO,PAGE_NO,PROPERTY_NO,IS_AUTO,IS_MANDATORY,SYSTEM_READONLY,FIELD_TYPE,FIELD_LENGTH,INPUT_ALPHABET,INPUT_MULTIBYTE,INPUT_NUMERIC,INPUT_SYMBOL,INPUT_UPPERCASE,RETRIEVAL_TABLE,FORMAT,DEFAULT_VALUE,MIN_VALUE,MAX_VALUE,CALENDAR_BUTTON,JUMP_BUTTON,OPEN_BUTTON,REF_TABLE_ID,REF_FIELD_NAME,SPECIAL_BUTTON) VALUES ('TBLID_BMEAS_ID_ITEM','MEAS_ID','MEAS_ID','MEAS_ID','STRING',13,'Y','Y','N','Y',0,0,0,0,0,'N','N','N','STRING',13,'Y',0,'Y','Y','Y','NONE',NULL,NULL,NULL,NULL,'N','N',0,NULL,NULL,0);
INSERT INTO SM_FIELD_DEF (TABLE_ID,FIELD_NAME,JP_TITLE,US_TITLE,DB_TYPE,DB_LENGTH,IS_KEY,NOT_BLANK,IS_DUMMY,IS_SEARCH_ITEM,SORT_NO,TREE_LEVEL,SHEET_NO,PAGE_NO,PROPERTY_NO,IS_AUTO,IS_MANDATORY,SYSTEM_READONLY,FIELD_TYPE,FIELD_LENGTH,INPUT_ALPHABET,INPUT_MULTIBYTE,INPUT_NUMERIC,INPUT_SYMBOL,INPUT_UPPERCASE,RETRIEVAL_TABLE,FORMAT,DEFAULT_VALUE,MIN_VALUE,MAX_VALUE,CALENDAR_BUTTON,JUMP_BUTTON,OPEN_BUTTON,REF_TABLE_ID,REF_FIELD_NAME,SPECIAL_BUTTON) VALUES ('TBLID_BMEAS_ID_ITEM','MEAS_ITEM','MEAS_ITEM','MEAS_ITEM','STRING',10,'N','Y','N','Y',1,-1,0,0,1,'N','N','N','STRING',10,'Y',0,'Y','Y','Y','NONE',NULL,NULL,NULL,NULL,'N','N',0,NULL,NULL,0);
INSERT INTO SM_FIELD_DEF (TABLE_ID,FIELD_NAME,JP_TITLE,US_TITLE,DB_TYPE,DB_LENGTH,IS_KEY,NOT_BLANK,IS_DUMMY,IS_SEARCH_ITEM,SORT_NO,TREE_LEVEL,SHEET_NO,PAGE_NO,PROPERTY_NO,IS_AUTO,IS_MANDATORY,SYSTEM_READONLY,FIELD_TYPE,FIELD_LENGTH,INPUT_ALPHABET,INPUT_MULTIBYTE,INPUT_NUMERIC,INPUT_SYMBOL,INPUT_UPPERCASE,RETRIEVAL_TABLE,FORMAT,DEFAULT_VALUE,MIN_VALUE,MAX_VALUE,CALENDAR_BUTTON,JUMP_BUTTON,OPEN_BUTTON,REF_TABLE_ID,REF_FIELD_NAME,SPECIAL_BUTTON) VALUES ('TBLID_BMEAS_ID_ITEM','ITEM_SEQ_NO','ITEM_SEQ_NO','ITEM_SEQ_NO','NUMBER',0,'N','Y','N','Y',2,-1,0,0,2,'N','N','N','STRING',0,'Y',0,'Y','Y','Y','NONE',NULL,NULL,NULL,NULL,'N','N',0,NULL,NULL,0);
INSERT INTO SM_FIELD_DEF (TABLE_ID,FIELD_NAME,JP_TITLE,US_TITLE,DB_TYPE,DB_LENGTH,IS_KEY,NOT_BLANK,IS_DUMMY,IS_SEARCH_ITEM,SORT_NO,TREE_LEVEL,SHEET_NO,PAGE_NO,PROPERTY_NO,IS_AUTO,IS_MANDATORY,SYSTEM_READONLY,FIELD_TYPE,FIELD_LENGTH,INPUT_ALPHABET,INPUT_MULTIBYTE,INPUT_NUMERIC,INPUT_SYMBOL,INPUT_UPPERCASE,RETRIEVAL_TABLE,FORMAT,DEFAULT_VALUE,MIN_VALUE,MAX_VALUE,CALENDAR_BUTTON,JUMP_BUTTON,OPEN_BUTTON,REF_TABLE_ID,REF_FIELD_NAME,SPECIAL_BUTTON) VALUES ('TBLID_BMEAS_ID_ITEM','MEAS_DATA_ITEMG','MEAS_DATA_ITEMG','MEAS_DATA_ITEMG','STRING',10,'N','Y','N','Y',3,-1,0,0,3,'N','N','N','STRING',10,'Y',0,'Y','Y','Y','NONE',NULL,NULL,NULL,NULL,'N','N',0,NULL,NULL,0);
INSERT INTO SM_FIELD_DEF (TABLE_ID,FIELD_NAME,JP_TITLE,US_TITLE,DB_TYPE,DB_LENGTH,IS_KEY,NOT_BLANK,IS_DUMMY,IS_SEARCH_ITEM,SORT_NO,TREE_LEVEL,SHEET_NO,PAGE_NO,PROPERTY_NO,IS_AUTO,IS_MANDATORY,SYSTEM_READONLY,FIELD_TYPE,FIELD_LENGTH,INPUT_ALPHABET,INPUT_MULTIBYTE,INPUT_NUMERIC,INPUT_SYMBOL,INPUT_UPPERCASE,RETRIEVAL_TABLE,FORMAT,DEFAULT_VALUE,MIN_VALUE,MAX_VALUE,CALENDAR_BUTTON,JUMP_BUTTON,OPEN_BUTTON,REF_TABLE_ID,REF_FIELD_NAME,SPECIAL_BUTTON) VALUES ('TBLID_BMEAS_ID_ITEM','MEAS_PNT_CNT','MEAS_PNT_CNT','MEAS_PNT_CNT','NUMBER',0,'N','Y','N','Y',4,-1,0,0,4,'N','N','N','STRING',0,'Y',0,'Y','Y','Y','NONE',NULL,NULL,NULL,NULL,'N','N',0,NULL,NULL,0);
INSERT INTO SM_FIELD_DEF (TABLE_ID,FIELD_NAME,JP_TITLE,US_TITLE,DB_TYPE,DB_LENGTH,IS_KEY,NOT_BLANK,IS_DUMMY,IS_SEARCH_ITEM,SORT_NO,TREE_LEVEL,SHEET_NO,PAGE_NO,PROPERTY_NO,IS_AUTO,IS_MANDATORY,SYSTEM_READONLY,FIELD_TYPE,FIELD_LENGTH,INPUT_ALPHABET,INPUT_MULTIBYTE,INPUT_NUMERIC,INPUT_SYMBOL,INPUT_UPPERCASE,RETRIEVAL_TABLE,FORMAT,DEFAULT_VALUE,MIN_VALUE,MAX_VALUE,CALENDAR_BUTTON,JUMP_BUTTON,OPEN_BUTTON,REF_TABLE_ID,REF_FIELD_NAME,SPECIAL_BUTTON) VALUES ('TBLID_BMEAS_ID_ITEM','STD_CHK_FLG','STD_CHK_FLG','STD_CHK_FLG','STRING',1,'N','Y','N','Y',5,-1,0,0,5,'N','N','N','STRING',1,'Y',0,'Y','Y','Y','NONE',NULL,NULL,NULL,NULL,'N','N',0,NULL,NULL,0);
INSERT INTO SM_FIELD_DEF (TABLE_ID,FIELD_NAME,JP_TITLE,US_TITLE,DB_TYPE,DB_LENGTH,IS_KEY,NOT_BLANK,IS_DUMMY,IS_SEARCH_ITEM,SORT_NO,TREE_LEVEL,SHEET_NO,PAGE_NO,PROPERTY_NO,IS_AUTO,IS_MANDATORY,SYSTEM_READONLY,FIELD_TYPE,FIELD_LENGTH,INPUT_ALPHABET,INPUT_MULTIBYTE,INPUT_NUMERIC,INPUT_SYMBOL,INPUT_UPPERCASE,RETRIEVAL_TABLE,FORMAT,DEFAULT_VALUE,MIN_VALUE,MAX_VALUE,CALENDAR_BUTTON,JUMP_BUTTON,OPEN_BUTTON,REF_TABLE_ID,REF_FIELD_NAME,SPECIAL_BUTTON) VALUES ('TBLID_BMEAS_ID_ITEM','INP_MODE','INP_MODE','INP_MODE','STRING',1,'N','Y','N','Y',6,-1,0,0,6,'N','N','N','STRING',1,'Y',0,'Y','Y','Y','NONE',NULL,NULL,NULL,NULL,'N','N',0,NULL,NULL,0);
INSERT INTO SM_FIELD_DEF (TABLE_ID,FIELD_NAME,JP_TITLE,US_TITLE,DB_TYPE,DB_LENGTH,IS_KEY,NOT_BLANK,IS_DUMMY,IS_SEARCH_ITEM,SORT_NO,TREE_LEVEL,SHEET_NO,PAGE_NO,PROPERTY_NO,IS_AUTO,IS_MANDATORY,SYSTEM_READONLY,FIELD_TYPE,FIELD_LENGTH,INPUT_ALPHABET,INPUT_MULTIBYTE,INPUT_NUMERIC,INPUT_SYMBOL,INPUT_UPPERCASE,RETRIEVAL_TABLE,FORMAT,DEFAULT_VALUE,MIN_VALUE,MAX_VALUE,CALENDAR_BUTTON,JUMP_BUTTON,OPEN_BUTTON,REF_TABLE_ID,REF_FIELD_NAME,SPECIAL_BUTTON) VALUES ('TBLID_BMEAS_ID_ITEM','CALC_CODE','CALC_CODE','CALC_CODE','STRING',10,'N','Y','N','Y',7,-1,0,0,7,'N','N','N','STRING',10,'Y',0,'Y','Y','Y','NONE',NULL,NULL,NULL,NULL,'N','N',0,NULL,NULL,0);
INSERT INTO SM_FIELD_DEF (TABLE_ID,FIELD_NAME,JP_TITLE,US_TITLE,DB_TYPE,DB_LENGTH,IS_KEY,NOT_BLANK,IS_DUMMY,IS_SEARCH_ITEM,SORT_NO,TREE_LEVEL,SHEET_NO,PAGE_NO,PROPERTY_NO,IS_AUTO,IS_MANDATORY,SYSTEM_READONLY,FIELD_TYPE,FIELD_LENGTH,INPUT_ALPHABET,INPUT_MULTIBYTE,INPUT_NUMERIC,INPUT_SYMBOL,INPUT_UPPERCASE,RETRIEVAL_TABLE,FORMAT,DEFAULT_VALUE,MIN_VALUE,MAX_VALUE,CALENDAR_BUTTON,JUMP_BUTTON,OPEN_BUTTON,REF_TABLE_ID,REF_FIELD_NAME,SPECIAL_BUTTON) VALUES ('TBLID_BMEAS_ID_ITEM','CALC_PARM1','CALC_PARM1','CALC_PARM1','STRING',20,'N','Y','N','Y',8,-1,0,0,8,'N','N','N','STRING',20,'Y',0,'Y','Y','Y','NONE',NULL,NULL,NULL,NULL,'N','N',0,NULL,NULL,0);
INSERT INTO SM_FIELD_DEF (TABLE_ID,FIELD_NAME,JP_TITLE,US_TITLE,DB_TYPE,DB_LENGTH,IS_KEY,NOT_BLANK,IS_DUMMY,IS_SEARCH_ITEM,SORT_NO,TREE_LEVEL,SHEET_NO,PAGE_NO,PROPERTY_NO,IS_AUTO,IS_MANDATORY,SYSTEM_READONLY,FIELD_TYPE,FIELD_LENGTH,INPUT_ALPHABET,INPUT_MULTIBYTE,INPUT_NUMERIC,INPUT_SYMBOL,INPUT_UPPERCASE,RETRIEVAL_TABLE,FORMAT,DEFAULT_VALUE,MIN_VALUE,MAX_VALUE,CALENDAR_BUTTON,JUMP_BUTTON,OPEN_BUTTON,REF_TABLE_ID,REF_FIELD_NAME,SPECIAL_BUTTON) VALUES ('TBLID_BMEAS_ID_ITEM','CALC_PARM2','CALC_PARM2','CALC_PARM2','STRING',20,'N','Y','N','Y',9,-1,0,0,9,'N','N','N','STRING',20,'Y',0,'Y','Y','Y','NONE',NULL,NULL,NULL,NULL,'N','N',0,NULL,NULL,0);
INSERT INTO SM_FIELD_DEF (TABLE_ID,FIELD_NAME,JP_TITLE,US_TITLE,DB_TYPE,DB_LENGTH,IS_KEY,NOT_BLANK,IS_DUMMY,IS_SEARCH_ITEM,SORT_NO,TREE_LEVEL,SHEET_NO,PAGE_NO,PROPERTY_NO,IS_AUTO,IS_MANDATORY,SYSTEM_READONLY,FIELD_TYPE,FIELD_LENGTH,INPUT_ALPHABET,INPUT_MULTIBYTE,INPUT_NUMERIC,INPUT_SYMBOL,INPUT_UPPERCASE,RETRIEVAL_TABLE,FORMAT,DEFAULT_VALUE,MIN_VALUE,MAX_VALUE,CALENDAR_BUTTON,JUMP_BUTTON,OPEN_BUTTON,REF_TABLE_ID,REF_FIELD_NAME,SPECIAL_BUTTON) VALUES ('TBLID_BMEAS_ID_ITEM','CALC_PARM3','CALC_PARM3','CALC_PARM3','STRING',20,'N','Y','N','Y',10,-1,0,0,10,'N','N','N','STRING',20,'Y',0,'Y','Y','Y','NONE',NULL,NULL,NULL,NULL,'N','N',0,NULL,NULL,0);
INSERT INTO SM_FIELD_DEF (TABLE_ID,FIELD_NAME,JP_TITLE,US_TITLE,DB_TYPE,DB_LENGTH,IS_KEY,NOT_BLANK,IS_DUMMY,IS_SEARCH_ITEM,SORT_NO,TREE_LEVEL,SHEET_NO,PAGE_NO,PROPERTY_NO,IS_AUTO,IS_MANDATORY,SYSTEM_READONLY,FIELD_TYPE,FIELD_LENGTH,INPUT_ALPHABET,INPUT_MULTIBYTE,INPUT_NUMERIC,INPUT_SYMBOL,INPUT_UPPERCASE,RETRIEVAL_TABLE,FORMAT,DEFAULT_VALUE,MIN_VALUE,MAX_VALUE,CALENDAR_BUTTON,JUMP_BUTTON,OPEN_BUTTON,REF_TABLE_ID,REF_FIELD_NAME,SPECIAL_BUTTON) VALUES ('TBLID_BMEAS_ID_ITEM','CALC_PARM4','CALC_PARM4','CALC_PARM4','STRING',20,'N','Y','N','Y',11,-1,0,0,11,'N','N','N','STRING',20,'Y',0,'Y','Y','Y','NONE',NULL,NULL,NULL,NULL,'N','N',0,NULL,NULL,0);
INSERT INTO SM_FIELD_DEF (TABLE_ID,FIELD_NAME,JP_TITLE,US_TITLE,DB_TYPE,DB_LENGTH,IS_KEY,NOT_BLANK,IS_DUMMY,IS_SEARCH_ITEM,SORT_NO,TREE_LEVEL,SHEET_NO,PAGE_NO,PROPERTY_NO,IS_AUTO,IS_MANDATORY,SYSTEM_READONLY,FIELD_TYPE,FIELD_LENGTH,INPUT_ALPHABET,INPUT_MULTIBYTE,INPUT_NUMERIC,INPUT_SYMBOL,INPUT_UPPERCASE,RETRIEVAL_TABLE,FORMAT,DEFAULT_VALUE,MIN_VALUE,MAX_VALUE,CALENDAR_BUTTON,JUMP_BUTTON,OPEN_BUTTON,REF_TABLE_ID,REF_FIELD_NAME,SPECIAL_BUTTON) VALUES ('TBLID_BMEAS_ID_ITEM','CALC_PARM5','CALC_PARM5','CALC_PARM5','STRING',20,'N','Y','N','Y',12,-1,0,0,12,'N','N','N','STRING',20,'Y',0,'Y','Y','Y','NONE',NULL,NULL,NULL,NULL,'N','N',0,NULL,NULL,0);
INSERT INTO SM_FIELD_DEF (TABLE_ID,FIELD_NAME,JP_TITLE,US_TITLE,DB_TYPE,DB_LENGTH,IS_KEY,NOT_BLANK,IS_DUMMY,IS_SEARCH_ITEM,SORT_NO,TREE_LEVEL,SHEET_NO,PAGE_NO,PROPERTY_NO,IS_AUTO,IS_MANDATORY,SYSTEM_READONLY,FIELD_TYPE,FIELD_LENGTH,INPUT_ALPHABET,INPUT_MULTIBYTE,INPUT_NUMERIC,INPUT_SYMBOL,INPUT_UPPERCASE,RETRIEVAL_TABLE,FORMAT,DEFAULT_VALUE,MIN_VALUE,MAX_VALUE,CALENDAR_BUTTON,JUMP_BUTTON,OPEN_BUTTON,REF_TABLE_ID,REF_FIELD_NAME,SPECIAL_BUTTON) VALUES ('TBLID_BMEAS_ID_ITEM','CALC_PARM6','CALC_PARM6','CALC_PARM6','STRING',20,'N','Y','N','Y',13,-1,0,0,13,'N','N','N','STRING',20,'Y',0,'Y','Y','Y','NONE',NULL,NULL,NULL,NULL,'N','N',0,NULL,NULL,0);
INSERT INTO SM_FIELD_DEF (TABLE_ID,FIELD_NAME,JP_TITLE,US_TITLE,DB_TYPE,DB_LENGTH,IS_KEY,NOT_BLANK,IS_DUMMY,IS_SEARCH_ITEM,SORT_NO,TREE_LEVEL,SHEET_NO,PAGE_NO,PROPERTY_NO,IS_AUTO,IS_MANDATORY,SYSTEM_READONLY,FIELD_TYPE,FIELD_LENGTH,INPUT_ALPHABET,INPUT_MULTIBYTE,INPUT_NUMERIC,INPUT_SYMBOL,INPUT_UPPERCASE,RETRIEVAL_TABLE,FORMAT,DEFAULT_VALUE,MIN_VALUE,MAX_VALUE,CALENDAR_BUTTON,JUMP_BUTTON,OPEN_BUTTON,REF_TABLE_ID,REF_FIELD_NAME,SPECIAL_BUTTON) VALUES ('TBLID_BMEAS_ID_ITEM','CALC_PARM7','CALC_PARM7','CALC_PARM7','STRING',20,'N','Y','N','Y',14,-1,0,0,14,'N','N','N','STRING',20,'Y',0,'Y','Y','Y','NONE',NULL,NULL,NULL,NULL,'N','N',0,NULL,NULL,0);
INSERT INTO SM_FIELD_DEF (TABLE_ID,FIELD_NAME,JP_TITLE,US_TITLE,DB_TYPE,DB_LENGTH,IS_KEY,NOT_BLANK,IS_DUMMY,IS_SEARCH_ITEM,SORT_NO,TREE_LEVEL,SHEET_NO,PAGE_NO,PROPERTY_NO,IS_AUTO,IS_MANDATORY,SYSTEM_READONLY,FIELD_TYPE,FIELD_LENGTH,INPUT_ALPHABET,INPUT_MULTIBYTE,INPUT_NUMERIC,INPUT_SYMBOL,INPUT_UPPERCASE,RETRIEVAL_TABLE,FORMAT,DEFAULT_VALUE,MIN_VALUE,MAX_VALUE,CALENDAR_BUTTON,JUMP_BUTTON,OPEN_BUTTON,REF_TABLE_ID,REF_FIELD_NAME,SPECIAL_BUTTON) VALUES ('TBLID_BMEAS_ID_ITEM','CALC_PARM8','CALC_PARM8','CALC_PARM8','STRING',20,'N','Y','N','Y',15,-1,0,0,15,'N','N','N','STRING',20,'Y',0,'Y','Y','Y','NONE',NULL,NULL,NULL,NULL,'N','N',0,NULL,NULL,0);
INSERT INTO SM_FIELD_DEF (TABLE_ID,FIELD_NAME,JP_TITLE,US_TITLE,DB_TYPE,DB_LENGTH,IS_KEY,NOT_BLANK,IS_DUMMY,IS_SEARCH_ITEM,SORT_NO,TREE_LEVEL,SHEET_NO,PAGE_NO,PROPERTY_NO,IS_AUTO,IS_MANDATORY,SYSTEM_READONLY,FIELD_TYPE,FIELD_LENGTH,INPUT_ALPHABET,INPUT_MULTIBYTE,INPUT_NUMERIC,INPUT_SYMBOL,INPUT_UPPERCASE,RETRIEVAL_TABLE,FORMAT,DEFAULT_VALUE,MIN_VALUE,MAX_VALUE,CALENDAR_BUTTON,JUMP_BUTTON,OPEN_BUTTON,REF_TABLE_ID,REF_FIELD_NAME,SPECIAL_BUTTON) VALUES ('TBLID_BMEAS_ID_ITEM','CALC_PARM9','CALC_PARM9','CALC_PARM9','STRING',20,'N','Y','N','Y',16,-1,0,0,16,'N','N','N','STRING',20,'Y',0,'Y','Y','Y','NONE',NULL,NULL,NULL,NULL,'N','N',0,NULL,NULL,0);
INSERT INTO SM_FIELD_DEF (TABLE_ID,FIELD_NAME,JP_TITLE,US_TITLE,DB_TYPE,DB_LENGTH,IS_KEY,NOT_BLANK,IS_DUMMY,IS_SEARCH_ITEM,SORT_NO,TREE_LEVEL,SHEET_NO,PAGE_NO,PROPERTY_NO,IS_AUTO,IS_MANDATORY,SYSTEM_READONLY,FIELD_TYPE,FIELD_LENGTH,INPUT_ALPHABET,INPUT_MULTIBYTE,INPUT_NUMERIC,INPUT_SYMBOL,INPUT_UPPERCASE,RETRIEVAL_TABLE,FORMAT,DEFAULT_VALUE,MIN_VALUE,MAX_VALUE,CALENDAR_BUTTON,JUMP_BUTTON,OPEN_BUTTON,REF_TABLE_ID,REF_FIELD_NAME,SPECIAL_BUTTON) VALUES ('TBLID_BMEAS_ID_ITEM','CALC_PARM10','CALC_PARM10','CALC_PARM10','STRING',20,'N','Y','N','Y',17,-1,0,0,17,'N','N','N','STRING',20,'Y',0,'Y','Y','Y','NONE',NULL,NULL,NULL,NULL,'N','N',0,NULL,NULL,0);
INSERT INTO SM_FIELD_DEF (TABLE_ID,FIELD_NAME,JP_TITLE,US_TITLE,DB_TYPE,DB_LENGTH,IS_KEY,NOT_BLANK,IS_DUMMY,IS_SEARCH_ITEM,SORT_NO,TREE_LEVEL,SHEET_NO,PAGE_NO,PROPERTY_NO,IS_AUTO,IS_MANDATORY,SYSTEM_READONLY,FIELD_TYPE,FIELD_LENGTH,INPUT_ALPHABET,INPUT_MULTIBYTE,INPUT_NUMERIC,INPUT_SYMBOL,INPUT_UPPERCASE,RETRIEVAL_TABLE,FORMAT,DEFAULT_VALUE,MIN_VALUE,MAX_VALUE,CALENDAR_BUTTON,JUMP_BUTTON,OPEN_BUTTON,REF_TABLE_ID,REF_FIELD_NAME,SPECIAL_BUTTON) VALUES ('TBLID_BMEAS_ID_ITEM','REL_OPE_ID','REL_OPE_ID','REL_OPE_ID','STRING',8,'N','Y','N','Y',18,-1,0,0,18,'N','N','N','STRING',8,'Y',0,'Y','Y','Y','NONE',NULL,NULL,NULL,NULL,'N','N',0,NULL,NULL,0);
INSERT INTO SM_FIELD_DEF (TABLE_ID,FIELD_NAME,JP_TITLE,US_TITLE,DB_TYPE,DB_LENGTH,IS_KEY,NOT_BLANK,IS_DUMMY,IS_SEARCH_ITEM,SORT_NO,TREE_LEVEL,SHEET_NO,PAGE_NO,PROPERTY_NO,IS_AUTO,IS_MANDATORY,SYSTEM_READONLY,FIELD_TYPE,FIELD_LENGTH,INPUT_ALPHABET,INPUT_MULTIBYTE,INPUT_NUMERIC,INPUT_SYMBOL,INPUT_UPPERCASE,RETRIEVAL_TABLE,FORMAT,DEFAULT_VALUE,MIN_VALUE,MAX_VALUE,CALENDAR_BUTTON,JUMP_BUTTON,OPEN_BUTTON,REF_TABLE_ID,REF_FIELD_NAME,SPECIAL_BUTTON) VALUES ('TBLID_BMEAS_ID_ITEM','SHIP_JDG_FLG','SHIP_JDG_FLG','SHIP_JDG_FLG','STRING',1,'N','Y','N','Y',19,-1,0,0,19,'N','N','N','STRING',1,'Y',0,'Y','Y','Y','NONE',NULL,NULL,NULL,NULL,'N','N',0,NULL,NULL,0);
INSERT INTO SM_FIELD_DEF (TABLE_ID,FIELD_NAME,JP_TITLE,US_TITLE,DB_TYPE,DB_LENGTH,IS_KEY,NOT_BLANK,IS_DUMMY,IS_SEARCH_ITEM,SORT_NO,TREE_LEVEL,SHEET_NO,PAGE_NO,PROPERTY_NO,IS_AUTO,IS_MANDATORY,SYSTEM_READONLY,FIELD_TYPE,FIELD_LENGTH,INPUT_ALPHABET,INPUT_MULTIBYTE,INPUT_NUMERIC,INPUT_SYMBOL,INPUT_UPPERCASE,RETRIEVAL_TABLE,FORMAT,DEFAULT_VALUE,MIN_VALUE,MAX_VALUE,CALENDAR_BUTTON,JUMP_BUTTON,OPEN_BUTTON,REF_TABLE_ID,REF_FIELD_NAME,SPECIAL_BUTTON) VALUES ('TBLID_BMEAS_ID_ITEM','CALC_PARM11','CALC_PARM11','CALC_PARM11','STRING',20,'N','Y','N','Y',20,-1,0,0,20,'N','N','N','STRING',20,'Y',0,'Y','Y','Y','NONE',NULL,NULL,NULL,NULL,'N','N',0,NULL,NULL,0);
INSERT INTO SM_FIELD_DEF (TABLE_ID,FIELD_NAME,JP_TITLE,US_TITLE,DB_TYPE,DB_LENGTH,IS_KEY,NOT_BLANK,IS_DUMMY,IS_SEARCH_ITEM,SORT_NO,TREE_LEVEL,SHEET_NO,PAGE_NO,PROPERTY_NO,IS_AUTO,IS_MANDATORY,SYSTEM_READONLY,FIELD_TYPE,FIELD_LENGTH,INPUT_ALPHABET,INPUT_MULTIBYTE,INPUT_NUMERIC,INPUT_SYMBOL,INPUT_UPPERCASE,RETRIEVAL_TABLE,FORMAT,DEFAULT_VALUE,MIN_VALUE,MAX_VALUE,CALENDAR_BUTTON,JUMP_BUTTON,OPEN_BUTTON,REF_TABLE_ID,REF_FIELD_NAME,SPECIAL_BUTTON) VALUES ('TBLID_BMEAS_ID_ITEM','CALC_PARM12','CALC_PARM12','CALC_PARM12','STRING',20,'N','Y','N','Y',21,-1,0,0,21,'N','N','N','STRING',20,'Y',0,'Y','Y','Y','NONE',NULL,NULL,NULL,NULL,'N','N',0,NULL,NULL,0);
INSERT INTO SM_FIELD_DEF (TABLE_ID,FIELD_NAME,JP_TITLE,US_TITLE,DB_TYPE,DB_LENGTH,IS_KEY,NOT_BLANK,IS_DUMMY,IS_SEARCH_ITEM,SORT_NO,TREE_LEVEL,SHEET_NO,PAGE_NO,PROPERTY_NO,IS_AUTO,IS_MANDATORY,SYSTEM_READONLY,FIELD_TYPE,FIELD_LENGTH,INPUT_ALPHABET,INPUT_MULTIBYTE,INPUT_NUMERIC,INPUT_SYMBOL,INPUT_UPPERCASE,RETRIEVAL_TABLE,FORMAT,DEFAULT_VALUE,MIN_VALUE,MAX_VALUE,CALENDAR_BUTTON,JUMP_BUTTON,OPEN_BUTTON,REF_TABLE_ID,REF_FIELD_NAME,SPECIAL_BUTTON) VALUES ('TBLID_BMEAS_ID_ITEM','CALC_PARM13','CALC_PARM13','CALC_PARM13','STRING',20,'N','Y','N','Y',22,-1,0,0,22,'N','N','N','STRING',20,'Y',0,'Y','Y','Y','NONE',NULL,NULL,NULL,NULL,'N','N',0,NULL,NULL,0);
INSERT INTO SM_FIELD_DEF (TABLE_ID,FIELD_NAME,JP_TITLE,US_TITLE,DB_TYPE,DB_LENGTH,IS_KEY,NOT_BLANK,IS_DUMMY,IS_SEARCH_ITEM,SORT_NO,TREE_LEVEL,SHEET_NO,PAGE_NO,PROPERTY_NO,IS_AUTO,IS_MANDATORY,SYSTEM_READONLY,FIELD_TYPE,FIELD_LENGTH,INPUT_ALPHABET,INPUT_MULTIBYTE,INPUT_NUMERIC,INPUT_SYMBOL,INPUT_UPPERCASE,RETRIEVAL_TABLE,FORMAT,DEFAULT_VALUE,MIN_VALUE,MAX_VALUE,CALENDAR_BUTTON,JUMP_BUTTON,OPEN_BUTTON,REF_TABLE_ID,REF_FIELD_NAME,SPECIAL_BUTTON) VALUES ('TBLID_BMEAS_ID_ITEM','CALC_PARM14','CALC_PARM14','CALC_PARM14','STRING',20,'N','Y','N','Y',23,-1,0,0,23,'N','N','N','STRING',20,'Y',0,'Y','Y','Y','NONE',NULL,NULL,NULL,NULL,'N','N',0,NULL,NULL,0);
INSERT INTO SM_FIELD_DEF (TABLE_ID,FIELD_NAME,JP_TITLE,US_TITLE,DB_TYPE,DB_LENGTH,IS_KEY,NOT_BLANK,IS_DUMMY,IS_SEARCH_ITEM,SORT_NO,TREE_LEVEL,SHEET_NO,PAGE_NO,PROPERTY_NO,IS_AUTO,IS_MANDATORY,SYSTEM_READONLY,FIELD_TYPE,FIELD_LENGTH,INPUT_ALPHABET,INPUT_MULTIBYTE,INPUT_NUMERIC,INPUT_SYMBOL,INPUT_UPPERCASE,RETRIEVAL_TABLE,FORMAT,DEFAULT_VALUE,MIN_VALUE,MAX_VALUE,CALENDAR_BUTTON,JUMP_BUTTON,OPEN_BUTTON,REF_TABLE_ID,REF_FIELD_NAME,SPECIAL_BUTTON) VALUES ('TBLID_BMEAS_ID_ITEM','CALC_PARM15','CALC_PARM15','CALC_PARM15','STRING',20,'N','Y','N','Y',24,-1,0,0,24,'N','N','N','STRING',20,'Y',0,'Y','Y','Y','NONE',NULL,NULL,NULL,NULL,'N','N',0,NULL,NULL,0);
INSERT INTO SM_FIELD_DEF (TABLE_ID,FIELD_NAME,JP_TITLE,US_TITLE,DB_TYPE,DB_LENGTH,IS_KEY,NOT_BLANK,IS_DUMMY,IS_SEARCH_ITEM,SORT_NO,TREE_LEVEL,SHEET_NO,PAGE_NO,PROPERTY_NO,IS_AUTO,IS_MANDATORY,SYSTEM_READONLY,FIELD_TYPE,FIELD_LENGTH,INPUT_ALPHABET,INPUT_MULTIBYTE,INPUT_NUMERIC,INPUT_SYMBOL,INPUT_UPPERCASE,RETRIEVAL_TABLE,FORMAT,DEFAULT_VALUE,MIN_VALUE,MAX_VALUE,CALENDAR_BUTTON,JUMP_BUTTON,OPEN_BUTTON,REF_TABLE_ID,REF_FIELD_NAME,SPECIAL_BUTTON) VALUES ('TBLID_BMEAS_ID_ITEM','CALC_PARM16','CALC_PARM16','CALC_PARM16','STRING',20,'N','Y','N','Y',25,-1,0,0,25,'N','N','N','STRING',20,'Y',0,'Y','Y','Y','NONE',NULL,NULL,NULL,NULL,'N','N',0,NULL,NULL,0);
INSERT INTO SM_FIELD_DEF (TABLE_ID,FIELD_NAME,JP_TITLE,US_TITLE,DB_TYPE,DB_LENGTH,IS_KEY,NOT_BLANK,IS_DUMMY,IS_SEARCH_ITEM,SORT_NO,TREE_LEVEL,SHEET_NO,PAGE_NO,PROPERTY_NO,IS_AUTO,IS_MANDATORY,SYSTEM_READONLY,FIELD_TYPE,FIELD_LENGTH,INPUT_ALPHABET,INPUT_MULTIBYTE,INPUT_NUMERIC,INPUT_SYMBOL,INPUT_UPPERCASE,RETRIEVAL_TABLE,FORMAT,DEFAULT_VALUE,MIN_VALUE,MAX_VALUE,CALENDAR_BUTTON,JUMP_BUTTON,OPEN_BUTTON,REF_TABLE_ID,REF_FIELD_NAME,SPECIAL_BUTTON) VALUES ('TBLID_BMEAS_ID_ITEM','CALC_PARM17','CALC_PARM17','CALC_PARM17','STRING',20,'N','Y','N','Y',26,-1,0,0,26,'N','N','N','STRING',20,'Y',0,'Y','Y','Y','NONE',NULL,NULL,NULL,NULL,'N','N',0,NULL,NULL,0);
INSERT INTO SM_FIELD_DEF (TABLE_ID,FIELD_NAME,JP_TITLE,US_TITLE,DB_TYPE,DB_LENGTH,IS_KEY,NOT_BLANK,IS_DUMMY,IS_SEARCH_ITEM,SORT_NO,TREE_LEVEL,SHEET_NO,PAGE_NO,PROPERTY_NO,IS_AUTO,IS_MANDATORY,SYSTEM_READONLY,FIELD_TYPE,FIELD_LENGTH,INPUT_ALPHABET,INPUT_MULTIBYTE,INPUT_NUMERIC,INPUT_SYMBOL,INPUT_UPPERCASE,RETRIEVAL_TABLE,FORMAT,DEFAULT_VALUE,MIN_VALUE,MAX_VALUE,CALENDAR_BUTTON,JUMP_BUTTON,OPEN_BUTTON,REF_TABLE_ID,REF_FIELD_NAME,SPECIAL_BUTTON) VALUES ('TBLID_BMEAS_ID_ITEM','CALC_PARM18','CALC_PARM18','CALC_PARM18','STRING',20,'N','Y','N','Y',27,-1,0,0,27,'N','N','N','STRING',20,'Y',0,'Y','Y','Y','NONE',NULL,NULL,NULL,NULL,'N','N',0,NULL,NULL,0);
INSERT INTO SM_FIELD_DEF (TABLE_ID,FIELD_NAME,JP_TITLE,US_TITLE,DB_TYPE,DB_LENGTH,IS_KEY,NOT_BLANK,IS_DUMMY,IS_SEARCH_ITEM,SORT_NO,TREE_LEVEL,SHEET_NO,PAGE_NO,PROPERTY_NO,IS_AUTO,IS_MANDATORY,SYSTEM_READONLY,FIELD_TYPE,FIELD_LENGTH,INPUT_ALPHABET,INPUT_MULTIBYTE,INPUT_NUMERIC,INPUT_SYMBOL,INPUT_UPPERCASE,RETRIEVAL_TABLE,FORMAT,DEFAULT_VALUE,MIN_VALUE,MAX_VALUE,CALENDAR_BUTTON,JUMP_BUTTON,OPEN_BUTTON,REF_TABLE_ID,REF_FIELD_NAME,SPECIAL_BUTTON) VALUES ('TBLID_BMEAS_ID_ITEM','CALC_PARM19','CALC_PARM19','CALC_PARM19','STRING',20,'N','Y','N','Y',28,-1,0,0,28,'N','N','N','STRING',20,'Y',0,'Y','Y','Y','NONE',NULL,NULL,NULL,NULL,'N','N',0,NULL,NULL,0);
INSERT INTO SM_FIELD_DEF (TABLE_ID,FIELD_NAME,JP_TITLE,US_TITLE,DB_TYPE,DB_LENGTH,IS_KEY,NOT_BLANK,IS_DUMMY,IS_SEARCH_ITEM,SORT_NO,TREE_LEVEL,SHEET_NO,PAGE_NO,PROPERTY_NO,IS_AUTO,IS_MANDATORY,SYSTEM_READONLY,FIELD_TYPE,FIELD_LENGTH,INPUT_ALPHABET,INPUT_MULTIBYTE,INPUT_NUMERIC,INPUT_SYMBOL,INPUT_UPPERCASE,RETRIEVAL_TABLE,FORMAT,DEFAULT_VALUE,MIN_VALUE,MAX_VALUE,CALENDAR_BUTTON,JUMP_BUTTON,OPEN_BUTTON,REF_TABLE_ID,REF_FIELD_NAME,SPECIAL_BUTTON) VALUES ('TBLID_BMEAS_ID_ITEM','CALC_PARM20','CALC_PARM20','CALC_PARM20','STRING',20,'N','Y','N','Y',29,-1,0,0,29,'N','N','N','STRING',20,'Y',0,'Y','Y','Y','NONE',NULL,NULL,NULL,NULL,'N','N',0,NULL,NULL,0);
INSERT INTO SM_FIELD_DEF (TABLE_ID,FIELD_NAME,JP_TITLE,US_TITLE,DB_TYPE,DB_LENGTH,IS_KEY,NOT_BLANK,IS_DUMMY,IS_SEARCH_ITEM,SORT_NO,TREE_LEVEL,SHEET_NO,PAGE_NO,PROPERTY_NO,IS_AUTO,IS_MANDATORY,SYSTEM_READONLY,FIELD_TYPE,FIELD_LENGTH,INPUT_ALPHABET,INPUT_MULTIBYTE,INPUT_NUMERIC,INPUT_SYMBOL,INPUT_UPPERCASE,RETRIEVAL_TABLE,FORMAT,DEFAULT_VALUE,MIN_VALUE,MAX_VALUE,CALENDAR_BUTTON,JUMP_BUTTON,OPEN_BUTTON,REF_TABLE_ID,REF_FIELD_NAME,SPECIAL_BUTTON) VALUES ('TBLID_BMEAS_ID_ITEM','SPC_FLG','SPC_FLG','SPC_FLG','STRING',1,'N','Y','N','Y',30,-1,0,0,30,'N','N','N','STRING',1,'Y',0,'Y','Y','Y','NONE',NULL,NULL,NULL,NULL,'N','N',0,NULL,NULL,0);
INSERT INTO SM_CHECK_DEF (TABLE_ID,CHECK_TYPE,CHECK_ORDER,CHECK_KIND,FIELD_NAME,REF_TABLE,REF_FIELD,EXPECT_VALUE,ERR_MSG) VALUES ('TBLID_BMEAS_ID_ITEM','SAVE',1,'NOTNULL','MEAS_ID',NULL,NULL,NULL,'MEAS_ID required');
INSERT INTO SM_CHECK_DEF (TABLE_ID,CHECK_TYPE,CHECK_ORDER,CHECK_KIND,FIELD_NAME,REF_TABLE,REF_FIELD,EXPECT_VALUE,ERR_MSG) VALUES ('TBLID_BMEAS_ID_ITEM','SAVE',2,'STAT_N',NULL,NULL,NULL,NULL,'Not editable');
INSERT INTO SM_CHECK_DEF (TABLE_ID,CHECK_TYPE,CHECK_ORDER,CHECK_KIND,FIELD_NAME,REF_TABLE,REF_FIELD,EXPECT_VALUE,ERR_MSG) VALUES ('TBLID_BMEAS_ID_ITEM','SAVE',3,'LOCK_FREE',NULL,NULL,NULL,NULL,'Locked');
INSERT INTO SM_CHECK_DEF (TABLE_ID,CHECK_TYPE,CHECK_ORDER,CHECK_KIND,FIELD_NAME,REF_TABLE,REF_FIELD,EXPECT_VALUE,ERR_MSG) VALUES ('TBLID_BMEAS_ID_ITEM','RELEASE',1,'NOTNULL','MEAS_ID',NULL,NULL,NULL,'MEAS_ID required');
INSERT INTO SM_CHECK_DEF (TABLE_ID,CHECK_TYPE,CHECK_ORDER,CHECK_KIND,FIELD_NAME,REF_TABLE,REF_FIELD,EXPECT_VALUE,ERR_MSG) VALUES ('TBLID_BMEAS_ID_ITEM','RELEASE',2,'STAT_N',NULL,NULL,NULL,NULL,'Not editable');
INSERT INTO SM_CHECK_DEF (TABLE_ID,CHECK_TYPE,CHECK_ORDER,CHECK_KIND,FIELD_NAME,REF_TABLE,REF_FIELD,EXPECT_VALUE,ERR_MSG) VALUES ('TBLID_BMEAS_ID_ITEM','RELEASE',3,'LOCK_FREE',NULL,NULL,NULL,NULL,'Locked');
INSERT INTO SM_CHECK_DEF (TABLE_ID,CHECK_TYPE,CHECK_ORDER,CHECK_KIND,FIELD_NAME,REF_TABLE,REF_FIELD,EXPECT_VALUE,ERR_MSG) VALUES ('TBLID_BMEAS_ID_ITEM','RELEASE',10,'RELEASE_PARAM','MEAS_ID','DMEAS_ID_ITEM',NULL,NULL,NULL);
INSERT INTO SM_CHECK_DEF (TABLE_ID,CHECK_TYPE,CHECK_ORDER,CHECK_KIND,FIELD_NAME,REF_TABLE,REF_FIELD,EXPECT_VALUE,ERR_MSG) VALUES ('TBLID_BMEAS_ID_ITEM','DELETE',1,'NOTNULL','MEAS_ID',NULL,NULL,NULL,'MEAS_ID required');
INSERT INTO SM_CHECK_DEF (TABLE_ID,CHECK_TYPE,CHECK_ORDER,CHECK_KIND,FIELD_NAME,REF_TABLE,REF_FIELD,EXPECT_VALUE,ERR_MSG) VALUES ('TBLID_BMEAS_ID_ITEM','DELETE',2,'STAT_Y',NULL,NULL,NULL,NULL,'Not released');
INSERT INTO SM_CHECK_DEF (TABLE_ID,CHECK_TYPE,CHECK_ORDER,CHECK_KIND,FIELD_NAME,REF_TABLE,REF_FIELD,EXPECT_VALUE,ERR_MSG) VALUES ('TBLID_BMEAS_ID_ITEM','DELETE',3,'LOCK_FREE',NULL,NULL,NULL,NULL,'Locked');
INSERT INTO SM_CHECK_DEF (TABLE_ID,CHECK_TYPE,CHECK_ORDER,CHECK_KIND,FIELD_NAME,REF_TABLE,REF_FIELD,EXPECT_VALUE,ERR_MSG) VALUES ('TBLID_BMEAS_ID_ITEM','EDITCOMP',1,'NOTNULL','MEAS_ID',NULL,NULL,NULL,'MEAS_ID required');
INSERT INTO SM_CHECK_DEF (TABLE_ID,CHECK_TYPE,CHECK_ORDER,CHECK_KIND,FIELD_NAME,REF_TABLE,REF_FIELD,EXPECT_VALUE,ERR_MSG) VALUES ('TBLID_BMEAS_ID_ITEM','EDITCOMP',2,'STAT_N',NULL,NULL,NULL,NULL,'Not editable');
INSERT INTO SM_CHECK_DEF (TABLE_ID,CHECK_TYPE,CHECK_ORDER,CHECK_KIND,FIELD_NAME,REF_TABLE,REF_FIELD,EXPECT_VALUE,ERR_MSG) VALUES ('TBLID_BMEAS_ID_ITEM','EDITCOMP',3,'LOCK_FREE',NULL,NULL,NULL,NULL,'Locked');
INSERT INTO SM_CHECK_DEF (TABLE_ID,CHECK_TYPE,CHECK_ORDER,CHECK_KIND,FIELD_NAME,REF_TABLE,REF_FIELD,EXPECT_VALUE,ERR_MSG) VALUES ('TBLID_BMEAS_ID_ITEM','EDITCOMP',4,'COMP_N',NULL,NULL,NULL,NULL,'Already complete');

INSERT INTO SM_TABLE_DEF (TABLE_ID,TABLE_NAME,JP_TITLE,US_TITLE,RELEASE_FLAG,DISTRIBUTE_FLAG,PERMISSION_TYPE,SCHEMA_TYPE,HAS_DUMMY,SORT_NO) VALUES ('TBLID_BMEAS_ITEM','BMEAS_ITEM','BMEAS_ITEM','BMEAS_ITEM','Y','N','C','L','N',720);
INSERT INTO SM_FIELD_DEF (TABLE_ID,FIELD_NAME,JP_TITLE,US_TITLE,DB_TYPE,DB_LENGTH,IS_KEY,NOT_BLANK,IS_DUMMY,IS_SEARCH_ITEM,SORT_NO,TREE_LEVEL,SHEET_NO,PAGE_NO,PROPERTY_NO,IS_AUTO,IS_MANDATORY,SYSTEM_READONLY,FIELD_TYPE,FIELD_LENGTH,INPUT_ALPHABET,INPUT_MULTIBYTE,INPUT_NUMERIC,INPUT_SYMBOL,INPUT_UPPERCASE,RETRIEVAL_TABLE,FORMAT,DEFAULT_VALUE,MIN_VALUE,MAX_VALUE,CALENDAR_BUTTON,JUMP_BUTTON,OPEN_BUTTON,REF_TABLE_ID,REF_FIELD_NAME,SPECIAL_BUTTON) VALUES ('TBLID_BMEAS_ITEM','MEAS_ITEM','MEAS_ITEM','MEAS_ITEM','STRING',10,'Y','Y','N','Y',0,0,0,0,0,'N','N','N','STRING',10,'Y',0,'Y','Y','Y','NONE',NULL,NULL,NULL,NULL,'N','N',0,NULL,NULL,0);
INSERT INTO SM_FIELD_DEF (TABLE_ID,FIELD_NAME,JP_TITLE,US_TITLE,DB_TYPE,DB_LENGTH,IS_KEY,NOT_BLANK,IS_DUMMY,IS_SEARCH_ITEM,SORT_NO,TREE_LEVEL,SHEET_NO,PAGE_NO,PROPERTY_NO,IS_AUTO,IS_MANDATORY,SYSTEM_READONLY,FIELD_TYPE,FIELD_LENGTH,INPUT_ALPHABET,INPUT_MULTIBYTE,INPUT_NUMERIC,INPUT_SYMBOL,INPUT_UPPERCASE,RETRIEVAL_TABLE,FORMAT,DEFAULT_VALUE,MIN_VALUE,MAX_VALUE,CALENDAR_BUTTON,JUMP_BUTTON,OPEN_BUTTON,REF_TABLE_ID,REF_FIELD_NAME,SPECIAL_BUTTON) VALUES ('TBLID_BMEAS_ITEM','MEAS_ITEM_NAME','MEAS_ITEM_NAME','MEAS_ITEM_NAME','STRING',40,'N','Y','N','Y',1,-1,0,0,1,'N','N','N','STRING',40,'Y',0,'Y','Y','Y','NONE',NULL,NULL,NULL,NULL,'N','N',0,NULL,NULL,0);
INSERT INTO SM_FIELD_DEF (TABLE_ID,FIELD_NAME,JP_TITLE,US_TITLE,DB_TYPE,DB_LENGTH,IS_KEY,NOT_BLANK,IS_DUMMY,IS_SEARCH_ITEM,SORT_NO,TREE_LEVEL,SHEET_NO,PAGE_NO,PROPERTY_NO,IS_AUTO,IS_MANDATORY,SYSTEM_READONLY,FIELD_TYPE,FIELD_LENGTH,INPUT_ALPHABET,INPUT_MULTIBYTE,INPUT_NUMERIC,INPUT_SYMBOL,INPUT_UPPERCASE,RETRIEVAL_TABLE,FORMAT,DEFAULT_VALUE,MIN_VALUE,MAX_VALUE,CALENDAR_BUTTON,JUMP_BUTTON,OPEN_BUTTON,REF_TABLE_ID,REF_FIELD_NAME,SPECIAL_BUTTON) VALUES ('TBLID_BMEAS_ITEM','MEAS_ITEM_DESC','MEAS_ITEM_DESC','MEAS_ITEM_DESC','STRING',80,'N','Y','N','Y',2,-1,0,0,2,'N','N','N','STRING',80,'Y',0,'Y','Y','Y','NONE',NULL,NULL,NULL,NULL,'N','N',0,NULL,NULL,0);
INSERT INTO SM_FIELD_DEF (TABLE_ID,FIELD_NAME,JP_TITLE,US_TITLE,DB_TYPE,DB_LENGTH,IS_KEY,NOT_BLANK,IS_DUMMY,IS_SEARCH_ITEM,SORT_NO,TREE_LEVEL,SHEET_NO,PAGE_NO,PROPERTY_NO,IS_AUTO,IS_MANDATORY,SYSTEM_READONLY,FIELD_TYPE,FIELD_LENGTH,INPUT_ALPHABET,INPUT_MULTIBYTE,INPUT_NUMERIC,INPUT_SYMBOL,INPUT_UPPERCASE,RETRIEVAL_TABLE,FORMAT,DEFAULT_VALUE,MIN_VALUE,MAX_VALUE,CALENDAR_BUTTON,JUMP_BUTTON,OPEN_BUTTON,REF_TABLE_ID,REF_FIELD_NAME,SPECIAL_BUTTON) VALUES ('TBLID_BMEAS_ITEM','DATA_TYPE','DATA_TYPE','DATA_TYPE','STRING',1,'N','Y','N','Y',3,-1,0,0,3,'N','N','N','STRING',1,'Y',0,'Y','Y','Y','NONE',NULL,NULL,NULL,NULL,'N','N',0,NULL,NULL,0);
INSERT INTO SM_FIELD_DEF (TABLE_ID,FIELD_NAME,JP_TITLE,US_TITLE,DB_TYPE,DB_LENGTH,IS_KEY,NOT_BLANK,IS_DUMMY,IS_SEARCH_ITEM,SORT_NO,TREE_LEVEL,SHEET_NO,PAGE_NO,PROPERTY_NO,IS_AUTO,IS_MANDATORY,SYSTEM_READONLY,FIELD_TYPE,FIELD_LENGTH,INPUT_ALPHABET,INPUT_MULTIBYTE,INPUT_NUMERIC,INPUT_SYMBOL,INPUT_UPPERCASE,RETRIEVAL_TABLE,FORMAT,DEFAULT_VALUE,MIN_VALUE,MAX_VALUE,CALENDAR_BUTTON,JUMP_BUTTON,OPEN_BUTTON,REF_TABLE_ID,REF_FIELD_NAME,SPECIAL_BUTTON) VALUES ('TBLID_BMEAS_ITEM','MEAS_UNIT','MEAS_UNIT','MEAS_UNIT','STRING',10,'N','Y','N','Y',4,-1,0,0,4,'N','N','N','STRING',10,'Y',0,'Y','Y','Y','NONE',NULL,NULL,NULL,NULL,'N','N',0,NULL,NULL,0);
INSERT INTO SM_FIELD_DEF (TABLE_ID,FIELD_NAME,JP_TITLE,US_TITLE,DB_TYPE,DB_LENGTH,IS_KEY,NOT_BLANK,IS_DUMMY,IS_SEARCH_ITEM,SORT_NO,TREE_LEVEL,SHEET_NO,PAGE_NO,PROPERTY_NO,IS_AUTO,IS_MANDATORY,SYSTEM_READONLY,FIELD_TYPE,FIELD_LENGTH,INPUT_ALPHABET,INPUT_MULTIBYTE,INPUT_NUMERIC,INPUT_SYMBOL,INPUT_UPPERCASE,RETRIEVAL_TABLE,FORMAT,DEFAULT_VALUE,MIN_VALUE,MAX_VALUE,CALENDAR_BUTTON,JUMP_BUTTON,OPEN_BUTTON,REF_TABLE_ID,REF_FIELD_NAME,SPECIAL_BUTTON) VALUES ('TBLID_BMEAS_ITEM','INSP_CAT','INSP_CAT','INSP_CAT','STRING',1,'N','Y','N','Y',5,-1,0,0,5,'N','N','N','STRING',1,'Y',0,'Y','Y','Y','NONE',NULL,NULL,NULL,NULL,'N','N',0,NULL,NULL,0);
INSERT INTO SM_CHECK_DEF (TABLE_ID,CHECK_TYPE,CHECK_ORDER,CHECK_KIND,FIELD_NAME,REF_TABLE,REF_FIELD,EXPECT_VALUE,ERR_MSG) VALUES ('TBLID_BMEAS_ITEM','SAVE',1,'NOTNULL','MEAS_ITEM',NULL,NULL,NULL,'MEAS_ITEM required');
INSERT INTO SM_CHECK_DEF (TABLE_ID,CHECK_TYPE,CHECK_ORDER,CHECK_KIND,FIELD_NAME,REF_TABLE,REF_FIELD,EXPECT_VALUE,ERR_MSG) VALUES ('TBLID_BMEAS_ITEM','SAVE',2,'STAT_N',NULL,NULL,NULL,NULL,'Not editable');
INSERT INTO SM_CHECK_DEF (TABLE_ID,CHECK_TYPE,CHECK_ORDER,CHECK_KIND,FIELD_NAME,REF_TABLE,REF_FIELD,EXPECT_VALUE,ERR_MSG) VALUES ('TBLID_BMEAS_ITEM','SAVE',3,'LOCK_FREE',NULL,NULL,NULL,NULL,'Locked');
INSERT INTO SM_CHECK_DEF (TABLE_ID,CHECK_TYPE,CHECK_ORDER,CHECK_KIND,FIELD_NAME,REF_TABLE,REF_FIELD,EXPECT_VALUE,ERR_MSG) VALUES ('TBLID_BMEAS_ITEM','RELEASE',1,'NOTNULL','MEAS_ITEM',NULL,NULL,NULL,'MEAS_ITEM required');
INSERT INTO SM_CHECK_DEF (TABLE_ID,CHECK_TYPE,CHECK_ORDER,CHECK_KIND,FIELD_NAME,REF_TABLE,REF_FIELD,EXPECT_VALUE,ERR_MSG) VALUES ('TBLID_BMEAS_ITEM','RELEASE',2,'STAT_N',NULL,NULL,NULL,NULL,'Not editable');
INSERT INTO SM_CHECK_DEF (TABLE_ID,CHECK_TYPE,CHECK_ORDER,CHECK_KIND,FIELD_NAME,REF_TABLE,REF_FIELD,EXPECT_VALUE,ERR_MSG) VALUES ('TBLID_BMEAS_ITEM','RELEASE',3,'LOCK_FREE',NULL,NULL,NULL,NULL,'Locked');
INSERT INTO SM_CHECK_DEF (TABLE_ID,CHECK_TYPE,CHECK_ORDER,CHECK_KIND,FIELD_NAME,REF_TABLE,REF_FIELD,EXPECT_VALUE,ERR_MSG) VALUES ('TBLID_BMEAS_ITEM','RELEASE',10,'RELEASE_PARAM','MEAS_ITEM','DMEAS_ITEM',NULL,NULL,NULL);
INSERT INTO SM_CHECK_DEF (TABLE_ID,CHECK_TYPE,CHECK_ORDER,CHECK_KIND,FIELD_NAME,REF_TABLE,REF_FIELD,EXPECT_VALUE,ERR_MSG) VALUES ('TBLID_BMEAS_ITEM','DELETE',1,'NOTNULL','MEAS_ITEM',NULL,NULL,NULL,'MEAS_ITEM required');
INSERT INTO SM_CHECK_DEF (TABLE_ID,CHECK_TYPE,CHECK_ORDER,CHECK_KIND,FIELD_NAME,REF_TABLE,REF_FIELD,EXPECT_VALUE,ERR_MSG) VALUES ('TBLID_BMEAS_ITEM','DELETE',2,'STAT_Y',NULL,NULL,NULL,NULL,'Not released');
INSERT INTO SM_CHECK_DEF (TABLE_ID,CHECK_TYPE,CHECK_ORDER,CHECK_KIND,FIELD_NAME,REF_TABLE,REF_FIELD,EXPECT_VALUE,ERR_MSG) VALUES ('TBLID_BMEAS_ITEM','DELETE',3,'LOCK_FREE',NULL,NULL,NULL,NULL,'Locked');
INSERT INTO SM_CHECK_DEF (TABLE_ID,CHECK_TYPE,CHECK_ORDER,CHECK_KIND,FIELD_NAME,REF_TABLE,REF_FIELD,EXPECT_VALUE,ERR_MSG) VALUES ('TBLID_BMEAS_ITEM','EDITCOMP',1,'NOTNULL','MEAS_ITEM',NULL,NULL,NULL,'MEAS_ITEM required');
INSERT INTO SM_CHECK_DEF (TABLE_ID,CHECK_TYPE,CHECK_ORDER,CHECK_KIND,FIELD_NAME,REF_TABLE,REF_FIELD,EXPECT_VALUE,ERR_MSG) VALUES ('TBLID_BMEAS_ITEM','EDITCOMP',2,'STAT_N',NULL,NULL,NULL,NULL,'Not editable');
INSERT INTO SM_CHECK_DEF (TABLE_ID,CHECK_TYPE,CHECK_ORDER,CHECK_KIND,FIELD_NAME,REF_TABLE,REF_FIELD,EXPECT_VALUE,ERR_MSG) VALUES ('TBLID_BMEAS_ITEM','EDITCOMP',3,'LOCK_FREE',NULL,NULL,NULL,NULL,'Locked');
INSERT INTO SM_CHECK_DEF (TABLE_ID,CHECK_TYPE,CHECK_ORDER,CHECK_KIND,FIELD_NAME,REF_TABLE,REF_FIELD,EXPECT_VALUE,ERR_MSG) VALUES ('TBLID_BMEAS_ITEM','EDITCOMP',4,'COMP_N',NULL,NULL,NULL,NULL,'Already complete');

INSERT INTO SM_TABLE_DEF (TABLE_ID,TABLE_NAME,JP_TITLE,US_TITLE,RELEASE_FLAG,DISTRIBUTE_FLAG,PERMISSION_TYPE,SCHEMA_TYPE,HAS_DUMMY,SORT_NO) VALUES ('TBLID_BMEAS_LOOKUP','BMEAS_LOOKUP','BMEAS_LOOKUP','BMEAS_LOOKUP','Y','N','C','L','N',730);
INSERT INTO SM_FIELD_DEF (TABLE_ID,FIELD_NAME,JP_TITLE,US_TITLE,DB_TYPE,DB_LENGTH,IS_KEY,NOT_BLANK,IS_DUMMY,IS_SEARCH_ITEM,SORT_NO,TREE_LEVEL,SHEET_NO,PAGE_NO,PROPERTY_NO,IS_AUTO,IS_MANDATORY,SYSTEM_READONLY,FIELD_TYPE,FIELD_LENGTH,INPUT_ALPHABET,INPUT_MULTIBYTE,INPUT_NUMERIC,INPUT_SYMBOL,INPUT_UPPERCASE,RETRIEVAL_TABLE,FORMAT,DEFAULT_VALUE,MIN_VALUE,MAX_VALUE,CALENDAR_BUTTON,JUMP_BUTTON,OPEN_BUTTON,REF_TABLE_ID,REF_FIELD_NAME,SPECIAL_BUTTON) VALUES ('TBLID_BMEAS_LOOKUP','ROUTE_ID','ROUTE_ID','ROUTE_ID','STRING',12,'Y','Y','N','Y',0,0,0,0,0,'N','N','N','STRING',12,'Y',0,'Y','Y','Y','NONE',NULL,NULL,NULL,NULL,'N','N',0,NULL,NULL,0);
INSERT INTO SM_FIELD_DEF (TABLE_ID,FIELD_NAME,JP_TITLE,US_TITLE,DB_TYPE,DB_LENGTH,IS_KEY,NOT_BLANK,IS_DUMMY,IS_SEARCH_ITEM,SORT_NO,TREE_LEVEL,SHEET_NO,PAGE_NO,PROPERTY_NO,IS_AUTO,IS_MANDATORY,SYSTEM_READONLY,FIELD_TYPE,FIELD_LENGTH,INPUT_ALPHABET,INPUT_MULTIBYTE,INPUT_NUMERIC,INPUT_SYMBOL,INPUT_UPPERCASE,RETRIEVAL_TABLE,FORMAT,DEFAULT_VALUE,MIN_VALUE,MAX_VALUE,CALENDAR_BUTTON,JUMP_BUTTON,OPEN_BUTTON,REF_TABLE_ID,REF_FIELD_NAME,SPECIAL_BUTTON) VALUES ('TBLID_BMEAS_LOOKUP','ROUTE_VER','ROUTE_VER','ROUTE_VER','STRING',3,'N','Y','N','Y',1,-1,0,0,1,'N','N','N','STRING',3,'Y',0,'Y','Y','Y','NONE',NULL,NULL,NULL,NULL,'N','N',0,NULL,NULL,0);
INSERT INTO SM_FIELD_DEF (TABLE_ID,FIELD_NAME,JP_TITLE,US_TITLE,DB_TYPE,DB_LENGTH,IS_KEY,NOT_BLANK,IS_DUMMY,IS_SEARCH_ITEM,SORT_NO,TREE_LEVEL,SHEET_NO,PAGE_NO,PROPERTY_NO,IS_AUTO,IS_MANDATORY,SYSTEM_READONLY,FIELD_TYPE,FIELD_LENGTH,INPUT_ALPHABET,INPUT_MULTIBYTE,INPUT_NUMERIC,INPUT_SYMBOL,INPUT_UPPERCASE,RETRIEVAL_TABLE,FORMAT,DEFAULT_VALUE,MIN_VALUE,MAX_VALUE,CALENDAR_BUTTON,JUMP_BUTTON,OPEN_BUTTON,REF_TABLE_ID,REF_FIELD_NAME,SPECIAL_BUTTON) VALUES ('TBLID_BMEAS_LOOKUP','OPE_NO','OPE_NO','OPE_NO','STRING',6,'N','Y','N','Y',2,-1,0,0,2,'N','N','N','STRING',6,'Y',0,'Y','Y','Y','NONE',NULL,NULL,NULL,NULL,'N','N',0,NULL,NULL,0);
INSERT INTO SM_FIELD_DEF (TABLE_ID,FIELD_NAME,JP_TITLE,US_TITLE,DB_TYPE,DB_LENGTH,IS_KEY,NOT_BLANK,IS_DUMMY,IS_SEARCH_ITEM,SORT_NO,TREE_LEVEL,SHEET_NO,PAGE_NO,PROPERTY_NO,IS_AUTO,IS_MANDATORY,SYSTEM_READONLY,FIELD_TYPE,FIELD_LENGTH,INPUT_ALPHABET,INPUT_MULTIBYTE,INPUT_NUMERIC,INPUT_SYMBOL,INPUT_UPPERCASE,RETRIEVAL_TABLE,FORMAT,DEFAULT_VALUE,MIN_VALUE,MAX_VALUE,CALENDAR_BUTTON,JUMP_BUTTON,OPEN_BUTTON,REF_TABLE_ID,REF_FIELD_NAME,SPECIAL_BUTTON) VALUES ('TBLID_BMEAS_LOOKUP','PROD_ID','PROD_ID','PROD_ID','STRING',20,'N','Y','N','Y',3,-1,0,0,3,'N','N','N','STRING',20,'Y',0,'Y','Y','Y','NONE',NULL,NULL,NULL,NULL,'N','N',0,NULL,NULL,0);
INSERT INTO SM_FIELD_DEF (TABLE_ID,FIELD_NAME,JP_TITLE,US_TITLE,DB_TYPE,DB_LENGTH,IS_KEY,NOT_BLANK,IS_DUMMY,IS_SEARCH_ITEM,SORT_NO,TREE_LEVEL,SHEET_NO,PAGE_NO,PROPERTY_NO,IS_AUTO,IS_MANDATORY,SYSTEM_READONLY,FIELD_TYPE,FIELD_LENGTH,INPUT_ALPHABET,INPUT_MULTIBYTE,INPUT_NUMERIC,INPUT_SYMBOL,INPUT_UPPERCASE,RETRIEVAL_TABLE,FORMAT,DEFAULT_VALUE,MIN_VALUE,MAX_VALUE,CALENDAR_BUTTON,JUMP_BUTTON,OPEN_BUTTON,REF_TABLE_ID,REF_FIELD_NAME,SPECIAL_BUTTON) VALUES ('TBLID_BMEAS_LOOKUP','EQP_ID','EQP_ID','EQP_ID','STRING',10,'N','Y','N','Y',4,-1,0,0,4,'N','N','N','STRING',10,'Y',0,'Y','Y','Y','NONE',NULL,NULL,NULL,NULL,'N','N',0,NULL,NULL,0);
INSERT INTO SM_FIELD_DEF (TABLE_ID,FIELD_NAME,JP_TITLE,US_TITLE,DB_TYPE,DB_LENGTH,IS_KEY,NOT_BLANK,IS_DUMMY,IS_SEARCH_ITEM,SORT_NO,TREE_LEVEL,SHEET_NO,PAGE_NO,PROPERTY_NO,IS_AUTO,IS_MANDATORY,SYSTEM_READONLY,FIELD_TYPE,FIELD_LENGTH,INPUT_ALPHABET,INPUT_MULTIBYTE,INPUT_NUMERIC,INPUT_SYMBOL,INPUT_UPPERCASE,RETRIEVAL_TABLE,FORMAT,DEFAULT_VALUE,MIN_VALUE,MAX_VALUE,CALENDAR_BUTTON,JUMP_BUTTON,OPEN_BUTTON,REF_TABLE_ID,REF_FIELD_NAME,SPECIAL_BUTTON) VALUES ('TBLID_BMEAS_LOOKUP','MEAS_ID','MEAS_ID','MEAS_ID','STRING',13,'N','Y','N','Y',5,-1,0,0,5,'N','N','N','STRING',13,'Y',0,'Y','Y','Y','NONE',NULL,NULL,NULL,NULL,'N','N',0,NULL,NULL,0);
INSERT INTO SM_CHECK_DEF (TABLE_ID,CHECK_TYPE,CHECK_ORDER,CHECK_KIND,FIELD_NAME,REF_TABLE,REF_FIELD,EXPECT_VALUE,ERR_MSG) VALUES ('TBLID_BMEAS_LOOKUP','SAVE',1,'NOTNULL','ROUTE_ID',NULL,NULL,NULL,'ROUTE_ID required');
INSERT INTO SM_CHECK_DEF (TABLE_ID,CHECK_TYPE,CHECK_ORDER,CHECK_KIND,FIELD_NAME,REF_TABLE,REF_FIELD,EXPECT_VALUE,ERR_MSG) VALUES ('TBLID_BMEAS_LOOKUP','SAVE',2,'STAT_N',NULL,NULL,NULL,NULL,'Not editable');
INSERT INTO SM_CHECK_DEF (TABLE_ID,CHECK_TYPE,CHECK_ORDER,CHECK_KIND,FIELD_NAME,REF_TABLE,REF_FIELD,EXPECT_VALUE,ERR_MSG) VALUES ('TBLID_BMEAS_LOOKUP','SAVE',3,'LOCK_FREE',NULL,NULL,NULL,NULL,'Locked');
INSERT INTO SM_CHECK_DEF (TABLE_ID,CHECK_TYPE,CHECK_ORDER,CHECK_KIND,FIELD_NAME,REF_TABLE,REF_FIELD,EXPECT_VALUE,ERR_MSG) VALUES ('TBLID_BMEAS_LOOKUP','RELEASE',1,'NOTNULL','ROUTE_ID',NULL,NULL,NULL,'ROUTE_ID required');
INSERT INTO SM_CHECK_DEF (TABLE_ID,CHECK_TYPE,CHECK_ORDER,CHECK_KIND,FIELD_NAME,REF_TABLE,REF_FIELD,EXPECT_VALUE,ERR_MSG) VALUES ('TBLID_BMEAS_LOOKUP','RELEASE',2,'STAT_N',NULL,NULL,NULL,NULL,'Not editable');
INSERT INTO SM_CHECK_DEF (TABLE_ID,CHECK_TYPE,CHECK_ORDER,CHECK_KIND,FIELD_NAME,REF_TABLE,REF_FIELD,EXPECT_VALUE,ERR_MSG) VALUES ('TBLID_BMEAS_LOOKUP','RELEASE',3,'LOCK_FREE',NULL,NULL,NULL,NULL,'Locked');
INSERT INTO SM_CHECK_DEF (TABLE_ID,CHECK_TYPE,CHECK_ORDER,CHECK_KIND,FIELD_NAME,REF_TABLE,REF_FIELD,EXPECT_VALUE,ERR_MSG) VALUES ('TBLID_BMEAS_LOOKUP','RELEASE',10,'RELEASE_PARAM','ROUTE_ID','DMEAS_LOOKUP',NULL,NULL,NULL);
INSERT INTO SM_CHECK_DEF (TABLE_ID,CHECK_TYPE,CHECK_ORDER,CHECK_KIND,FIELD_NAME,REF_TABLE,REF_FIELD,EXPECT_VALUE,ERR_MSG) VALUES ('TBLID_BMEAS_LOOKUP','DELETE',1,'NOTNULL','ROUTE_ID',NULL,NULL,NULL,'ROUTE_ID required');
INSERT INTO SM_CHECK_DEF (TABLE_ID,CHECK_TYPE,CHECK_ORDER,CHECK_KIND,FIELD_NAME,REF_TABLE,REF_FIELD,EXPECT_VALUE,ERR_MSG) VALUES ('TBLID_BMEAS_LOOKUP','DELETE',2,'STAT_Y',NULL,NULL,NULL,NULL,'Not released');
INSERT INTO SM_CHECK_DEF (TABLE_ID,CHECK_TYPE,CHECK_ORDER,CHECK_KIND,FIELD_NAME,REF_TABLE,REF_FIELD,EXPECT_VALUE,ERR_MSG) VALUES ('TBLID_BMEAS_LOOKUP','DELETE',3,'LOCK_FREE',NULL,NULL,NULL,NULL,'Locked');
INSERT INTO SM_CHECK_DEF (TABLE_ID,CHECK_TYPE,CHECK_ORDER,CHECK_KIND,FIELD_NAME,REF_TABLE,REF_FIELD,EXPECT_VALUE,ERR_MSG) VALUES ('TBLID_BMEAS_LOOKUP','EDITCOMP',1,'NOTNULL','ROUTE_ID',NULL,NULL,NULL,'ROUTE_ID required');
INSERT INTO SM_CHECK_DEF (TABLE_ID,CHECK_TYPE,CHECK_ORDER,CHECK_KIND,FIELD_NAME,REF_TABLE,REF_FIELD,EXPECT_VALUE,ERR_MSG) VALUES ('TBLID_BMEAS_LOOKUP','EDITCOMP',2,'STAT_N',NULL,NULL,NULL,NULL,'Not editable');
INSERT INTO SM_CHECK_DEF (TABLE_ID,CHECK_TYPE,CHECK_ORDER,CHECK_KIND,FIELD_NAME,REF_TABLE,REF_FIELD,EXPECT_VALUE,ERR_MSG) VALUES ('TBLID_BMEAS_LOOKUP','EDITCOMP',3,'LOCK_FREE',NULL,NULL,NULL,NULL,'Locked');
INSERT INTO SM_CHECK_DEF (TABLE_ID,CHECK_TYPE,CHECK_ORDER,CHECK_KIND,FIELD_NAME,REF_TABLE,REF_FIELD,EXPECT_VALUE,ERR_MSG) VALUES ('TBLID_BMEAS_LOOKUP','EDITCOMP',4,'COMP_N',NULL,NULL,NULL,NULL,'Already complete');

INSERT INTO SM_TABLE_DEF (TABLE_ID,TABLE_NAME,JP_TITLE,US_TITLE,RELEASE_FLAG,DISTRIBUTE_FLAG,PERMISSION_TYPE,SCHEMA_TYPE,HAS_DUMMY,SORT_NO) VALUES ('TBLID_BMEAS_PROD','BMEAS_PROD','BMEAS_PROD','BMEAS_PROD','Y','N','C','L','N',740);
INSERT INTO SM_FIELD_DEF (TABLE_ID,FIELD_NAME,JP_TITLE,US_TITLE,DB_TYPE,DB_LENGTH,IS_KEY,NOT_BLANK,IS_DUMMY,IS_SEARCH_ITEM,SORT_NO,TREE_LEVEL,SHEET_NO,PAGE_NO,PROPERTY_NO,IS_AUTO,IS_MANDATORY,SYSTEM_READONLY,FIELD_TYPE,FIELD_LENGTH,INPUT_ALPHABET,INPUT_MULTIBYTE,INPUT_NUMERIC,INPUT_SYMBOL,INPUT_UPPERCASE,RETRIEVAL_TABLE,FORMAT,DEFAULT_VALUE,MIN_VALUE,MAX_VALUE,CALENDAR_BUTTON,JUMP_BUTTON,OPEN_BUTTON,REF_TABLE_ID,REF_FIELD_NAME,SPECIAL_BUTTON) VALUES ('TBLID_BMEAS_PROD','PROD_ID','PROD_ID','PROD_ID','STRING',20,'Y','Y','N','Y',0,0,0,0,0,'N','N','N','STRING',20,'Y',0,'Y','Y','Y','NONE',NULL,NULL,NULL,NULL,'N','N',0,NULL,NULL,0);
INSERT INTO SM_FIELD_DEF (TABLE_ID,FIELD_NAME,JP_TITLE,US_TITLE,DB_TYPE,DB_LENGTH,IS_KEY,NOT_BLANK,IS_DUMMY,IS_SEARCH_ITEM,SORT_NO,TREE_LEVEL,SHEET_NO,PAGE_NO,PROPERTY_NO,IS_AUTO,IS_MANDATORY,SYSTEM_READONLY,FIELD_TYPE,FIELD_LENGTH,INPUT_ALPHABET,INPUT_MULTIBYTE,INPUT_NUMERIC,INPUT_SYMBOL,INPUT_UPPERCASE,RETRIEVAL_TABLE,FORMAT,DEFAULT_VALUE,MIN_VALUE,MAX_VALUE,CALENDAR_BUTTON,JUMP_BUTTON,OPEN_BUTTON,REF_TABLE_ID,REF_FIELD_NAME,SPECIAL_BUTTON) VALUES ('TBLID_BMEAS_PROD','MEAS_ITEM','MEAS_ITEM','MEAS_ITEM','STRING',10,'N','Y','N','Y',1,-1,0,0,1,'N','N','N','STRING',10,'Y',0,'Y','Y','Y','NONE',NULL,NULL,NULL,NULL,'N','N',0,NULL,NULL,0);
INSERT INTO SM_FIELD_DEF (TABLE_ID,FIELD_NAME,JP_TITLE,US_TITLE,DB_TYPE,DB_LENGTH,IS_KEY,NOT_BLANK,IS_DUMMY,IS_SEARCH_ITEM,SORT_NO,TREE_LEVEL,SHEET_NO,PAGE_NO,PROPERTY_NO,IS_AUTO,IS_MANDATORY,SYSTEM_READONLY,FIELD_TYPE,FIELD_LENGTH,INPUT_ALPHABET,INPUT_MULTIBYTE,INPUT_NUMERIC,INPUT_SYMBOL,INPUT_UPPERCASE,RETRIEVAL_TABLE,FORMAT,DEFAULT_VALUE,MIN_VALUE,MAX_VALUE,CALENDAR_BUTTON,JUMP_BUTTON,OPEN_BUTTON,REF_TABLE_ID,REF_FIELD_NAME,SPECIAL_BUTTON) VALUES ('TBLID_BMEAS_PROD','H_VAL','H_VAL','H_VAL','STRING',10,'N','Y','N','Y',2,-1,0,0,2,'N','N','N','STRING',10,'Y',0,'Y','Y','Y','NONE',NULL,NULL,NULL,NULL,'N','N',0,NULL,NULL,0);
INSERT INTO SM_FIELD_DEF (TABLE_ID,FIELD_NAME,JP_TITLE,US_TITLE,DB_TYPE,DB_LENGTH,IS_KEY,NOT_BLANK,IS_DUMMY,IS_SEARCH_ITEM,SORT_NO,TREE_LEVEL,SHEET_NO,PAGE_NO,PROPERTY_NO,IS_AUTO,IS_MANDATORY,SYSTEM_READONLY,FIELD_TYPE,FIELD_LENGTH,INPUT_ALPHABET,INPUT_MULTIBYTE,INPUT_NUMERIC,INPUT_SYMBOL,INPUT_UPPERCASE,RETRIEVAL_TABLE,FORMAT,DEFAULT_VALUE,MIN_VALUE,MAX_VALUE,CALENDAR_BUTTON,JUMP_BUTTON,OPEN_BUTTON,REF_TABLE_ID,REF_FIELD_NAME,SPECIAL_BUTTON) VALUES ('TBLID_BMEAS_PROD','L_VAL','L_VAL','L_VAL','STRING',10,'N','Y','N','Y',3,-1,0,0,3,'N','N','N','STRING',10,'Y',0,'Y','Y','Y','NONE',NULL,NULL,NULL,NULL,'N','N',0,NULL,NULL,0);
INSERT INTO SM_FIELD_DEF (TABLE_ID,FIELD_NAME,JP_TITLE,US_TITLE,DB_TYPE,DB_LENGTH,IS_KEY,NOT_BLANK,IS_DUMMY,IS_SEARCH_ITEM,SORT_NO,TREE_LEVEL,SHEET_NO,PAGE_NO,PROPERTY_NO,IS_AUTO,IS_MANDATORY,SYSTEM_READONLY,FIELD_TYPE,FIELD_LENGTH,INPUT_ALPHABET,INPUT_MULTIBYTE,INPUT_NUMERIC,INPUT_SYMBOL,INPUT_UPPERCASE,RETRIEVAL_TABLE,FORMAT,DEFAULT_VALUE,MIN_VALUE,MAX_VALUE,CALENDAR_BUTTON,JUMP_BUTTON,OPEN_BUTTON,REF_TABLE_ID,REF_FIELD_NAME,SPECIAL_BUTTON) VALUES ('TBLID_BMEAS_PROD','IRR_H_VAL','IRR_H_VAL','IRR_H_VAL','STRING',10,'N','Y','N','Y',4,-1,0,0,4,'N','N','N','STRING',10,'Y',0,'Y','Y','Y','NONE',NULL,NULL,NULL,NULL,'N','N',0,NULL,NULL,0);
INSERT INTO SM_FIELD_DEF (TABLE_ID,FIELD_NAME,JP_TITLE,US_TITLE,DB_TYPE,DB_LENGTH,IS_KEY,NOT_BLANK,IS_DUMMY,IS_SEARCH_ITEM,SORT_NO,TREE_LEVEL,SHEET_NO,PAGE_NO,PROPERTY_NO,IS_AUTO,IS_MANDATORY,SYSTEM_READONLY,FIELD_TYPE,FIELD_LENGTH,INPUT_ALPHABET,INPUT_MULTIBYTE,INPUT_NUMERIC,INPUT_SYMBOL,INPUT_UPPERCASE,RETRIEVAL_TABLE,FORMAT,DEFAULT_VALUE,MIN_VALUE,MAX_VALUE,CALENDAR_BUTTON,JUMP_BUTTON,OPEN_BUTTON,REF_TABLE_ID,REF_FIELD_NAME,SPECIAL_BUTTON) VALUES ('TBLID_BMEAS_PROD','IRR_L_VAL','IRR_L_VAL','IRR_L_VAL','STRING',10,'N','Y','N','Y',5,-1,0,0,5,'N','N','N','STRING',10,'Y',0,'Y','Y','Y','NONE',NULL,NULL,NULL,NULL,'N','N',0,NULL,NULL,0);
INSERT INTO SM_FIELD_DEF (TABLE_ID,FIELD_NAME,JP_TITLE,US_TITLE,DB_TYPE,DB_LENGTH,IS_KEY,NOT_BLANK,IS_DUMMY,IS_SEARCH_ITEM,SORT_NO,TREE_LEVEL,SHEET_NO,PAGE_NO,PROPERTY_NO,IS_AUTO,IS_MANDATORY,SYSTEM_READONLY,FIELD_TYPE,FIELD_LENGTH,INPUT_ALPHABET,INPUT_MULTIBYTE,INPUT_NUMERIC,INPUT_SYMBOL,INPUT_UPPERCASE,RETRIEVAL_TABLE,FORMAT,DEFAULT_VALUE,MIN_VALUE,MAX_VALUE,CALENDAR_BUTTON,JUMP_BUTTON,OPEN_BUTTON,REF_TABLE_ID,REF_FIELD_NAME,SPECIAL_BUTTON) VALUES ('TBLID_BMEAS_PROD','COFCDATA_FLG','COFCDATA_FLG','COFCDATA_FLG','STRING',1,'N','Y','N','Y',6,-1,0,0,6,'N','N','N','STRING',1,'Y',0,'Y','Y','Y','NONE',NULL,NULL,NULL,NULL,'N','N',0,NULL,NULL,0);
INSERT INTO SM_FIELD_DEF (TABLE_ID,FIELD_NAME,JP_TITLE,US_TITLE,DB_TYPE,DB_LENGTH,IS_KEY,NOT_BLANK,IS_DUMMY,IS_SEARCH_ITEM,SORT_NO,TREE_LEVEL,SHEET_NO,PAGE_NO,PROPERTY_NO,IS_AUTO,IS_MANDATORY,SYSTEM_READONLY,FIELD_TYPE,FIELD_LENGTH,INPUT_ALPHABET,INPUT_MULTIBYTE,INPUT_NUMERIC,INPUT_SYMBOL,INPUT_UPPERCASE,RETRIEVAL_TABLE,FORMAT,DEFAULT_VALUE,MIN_VALUE,MAX_VALUE,CALENDAR_BUTTON,JUMP_BUTTON,OPEN_BUTTON,REF_TABLE_ID,REF_FIELD_NAME,SPECIAL_BUTTON) VALUES ('TBLID_BMEAS_PROD','INSP_RECIP_ID','INSP_RECIP_ID','INSP_RECIP_ID','STRING',20,'N','Y','N','Y',7,-1,0,0,7,'N','N','N','STRING',20,'Y',0,'Y','Y','Y','NONE',NULL,NULL,NULL,NULL,'N','N',0,NULL,NULL,0);
INSERT INTO SM_FIELD_DEF (TABLE_ID,FIELD_NAME,JP_TITLE,US_TITLE,DB_TYPE,DB_LENGTH,IS_KEY,NOT_BLANK,IS_DUMMY,IS_SEARCH_ITEM,SORT_NO,TREE_LEVEL,SHEET_NO,PAGE_NO,PROPERTY_NO,IS_AUTO,IS_MANDATORY,SYSTEM_READONLY,FIELD_TYPE,FIELD_LENGTH,INPUT_ALPHABET,INPUT_MULTIBYTE,INPUT_NUMERIC,INPUT_SYMBOL,INPUT_UPPERCASE,RETRIEVAL_TABLE,FORMAT,DEFAULT_VALUE,MIN_VALUE,MAX_VALUE,CALENDAR_BUTTON,JUMP_BUTTON,OPEN_BUTTON,REF_TABLE_ID,REF_FIELD_NAME,SPECIAL_BUTTON) VALUES ('TBLID_BMEAS_PROD','COFCDATA_MEAS_JDG_FLG','COFCDATA_MEAS_JDG_FLG','COFCDATA_MEAS_JDG_FLG','STRING',1,'N','Y','N','Y',8,-1,0,0,8,'N','N','N','STRING',1,'Y',0,'Y','Y','Y','NONE',NULL,NULL,NULL,NULL,'N','N',0,NULL,NULL,0);
INSERT INTO SM_FIELD_DEF (TABLE_ID,FIELD_NAME,JP_TITLE,US_TITLE,DB_TYPE,DB_LENGTH,IS_KEY,NOT_BLANK,IS_DUMMY,IS_SEARCH_ITEM,SORT_NO,TREE_LEVEL,SHEET_NO,PAGE_NO,PROPERTY_NO,IS_AUTO,IS_MANDATORY,SYSTEM_READONLY,FIELD_TYPE,FIELD_LENGTH,INPUT_ALPHABET,INPUT_MULTIBYTE,INPUT_NUMERIC,INPUT_SYMBOL,INPUT_UPPERCASE,RETRIEVAL_TABLE,FORMAT,DEFAULT_VALUE,MIN_VALUE,MAX_VALUE,CALENDAR_BUTTON,JUMP_BUTTON,OPEN_BUTTON,REF_TABLE_ID,REF_FIELD_NAME,SPECIAL_BUTTON) VALUES ('TBLID_BMEAS_PROD','ACTION_FLG','ACTION_FLG','ACTION_FLG','STRING',30,'N','Y','N','Y',9,-1,0,0,9,'N','N','N','STRING',30,'Y',0,'Y','Y','Y','NONE',NULL,NULL,NULL,NULL,'N','N',0,NULL,NULL,0);
INSERT INTO SM_CHECK_DEF (TABLE_ID,CHECK_TYPE,CHECK_ORDER,CHECK_KIND,FIELD_NAME,REF_TABLE,REF_FIELD,EXPECT_VALUE,ERR_MSG) VALUES ('TBLID_BMEAS_PROD','SAVE',1,'NOTNULL','PROD_ID',NULL,NULL,NULL,'PROD_ID required');
INSERT INTO SM_CHECK_DEF (TABLE_ID,CHECK_TYPE,CHECK_ORDER,CHECK_KIND,FIELD_NAME,REF_TABLE,REF_FIELD,EXPECT_VALUE,ERR_MSG) VALUES ('TBLID_BMEAS_PROD','SAVE',2,'STAT_N',NULL,NULL,NULL,NULL,'Not editable');
INSERT INTO SM_CHECK_DEF (TABLE_ID,CHECK_TYPE,CHECK_ORDER,CHECK_KIND,FIELD_NAME,REF_TABLE,REF_FIELD,EXPECT_VALUE,ERR_MSG) VALUES ('TBLID_BMEAS_PROD','SAVE',3,'LOCK_FREE',NULL,NULL,NULL,NULL,'Locked');
INSERT INTO SM_CHECK_DEF (TABLE_ID,CHECK_TYPE,CHECK_ORDER,CHECK_KIND,FIELD_NAME,REF_TABLE,REF_FIELD,EXPECT_VALUE,ERR_MSG) VALUES ('TBLID_BMEAS_PROD','RELEASE',1,'NOTNULL','PROD_ID',NULL,NULL,NULL,'PROD_ID required');
INSERT INTO SM_CHECK_DEF (TABLE_ID,CHECK_TYPE,CHECK_ORDER,CHECK_KIND,FIELD_NAME,REF_TABLE,REF_FIELD,EXPECT_VALUE,ERR_MSG) VALUES ('TBLID_BMEAS_PROD','RELEASE',2,'STAT_N',NULL,NULL,NULL,NULL,'Not editable');
INSERT INTO SM_CHECK_DEF (TABLE_ID,CHECK_TYPE,CHECK_ORDER,CHECK_KIND,FIELD_NAME,REF_TABLE,REF_FIELD,EXPECT_VALUE,ERR_MSG) VALUES ('TBLID_BMEAS_PROD','RELEASE',3,'LOCK_FREE',NULL,NULL,NULL,NULL,'Locked');
INSERT INTO SM_CHECK_DEF (TABLE_ID,CHECK_TYPE,CHECK_ORDER,CHECK_KIND,FIELD_NAME,REF_TABLE,REF_FIELD,EXPECT_VALUE,ERR_MSG) VALUES ('TBLID_BMEAS_PROD','RELEASE',10,'RELEASE_PARAM','PROD_ID','DMEAS_PROD',NULL,NULL,NULL);
INSERT INTO SM_CHECK_DEF (TABLE_ID,CHECK_TYPE,CHECK_ORDER,CHECK_KIND,FIELD_NAME,REF_TABLE,REF_FIELD,EXPECT_VALUE,ERR_MSG) VALUES ('TBLID_BMEAS_PROD','DELETE',1,'NOTNULL','PROD_ID',NULL,NULL,NULL,'PROD_ID required');
INSERT INTO SM_CHECK_DEF (TABLE_ID,CHECK_TYPE,CHECK_ORDER,CHECK_KIND,FIELD_NAME,REF_TABLE,REF_FIELD,EXPECT_VALUE,ERR_MSG) VALUES ('TBLID_BMEAS_PROD','DELETE',2,'STAT_Y',NULL,NULL,NULL,NULL,'Not released');
INSERT INTO SM_CHECK_DEF (TABLE_ID,CHECK_TYPE,CHECK_ORDER,CHECK_KIND,FIELD_NAME,REF_TABLE,REF_FIELD,EXPECT_VALUE,ERR_MSG) VALUES ('TBLID_BMEAS_PROD','DELETE',3,'LOCK_FREE',NULL,NULL,NULL,NULL,'Locked');
INSERT INTO SM_CHECK_DEF (TABLE_ID,CHECK_TYPE,CHECK_ORDER,CHECK_KIND,FIELD_NAME,REF_TABLE,REF_FIELD,EXPECT_VALUE,ERR_MSG) VALUES ('TBLID_BMEAS_PROD','EDITCOMP',1,'NOTNULL','PROD_ID',NULL,NULL,NULL,'PROD_ID required');
INSERT INTO SM_CHECK_DEF (TABLE_ID,CHECK_TYPE,CHECK_ORDER,CHECK_KIND,FIELD_NAME,REF_TABLE,REF_FIELD,EXPECT_VALUE,ERR_MSG) VALUES ('TBLID_BMEAS_PROD','EDITCOMP',2,'STAT_N',NULL,NULL,NULL,NULL,'Not editable');
INSERT INTO SM_CHECK_DEF (TABLE_ID,CHECK_TYPE,CHECK_ORDER,CHECK_KIND,FIELD_NAME,REF_TABLE,REF_FIELD,EXPECT_VALUE,ERR_MSG) VALUES ('TBLID_BMEAS_PROD','EDITCOMP',3,'LOCK_FREE',NULL,NULL,NULL,NULL,'Locked');
INSERT INTO SM_CHECK_DEF (TABLE_ID,CHECK_TYPE,CHECK_ORDER,CHECK_KIND,FIELD_NAME,REF_TABLE,REF_FIELD,EXPECT_VALUE,ERR_MSG) VALUES ('TBLID_BMEAS_PROD','EDITCOMP',4,'COMP_N',NULL,NULL,NULL,NULL,'Already complete');

INSERT INTO SM_TABLE_DEF (TABLE_ID,TABLE_NAME,JP_TITLE,US_TITLE,RELEASE_FLAG,DISTRIBUTE_FLAG,PERMISSION_TYPE,SCHEMA_TYPE,HAS_DUMMY,SORT_NO) VALUES ('TBLID_BMROUTE','BMROUTE','BMROUTE','BMROUTE','Y','N','C','L','N',750);
INSERT INTO SM_FIELD_DEF (TABLE_ID,FIELD_NAME,JP_TITLE,US_TITLE,DB_TYPE,DB_LENGTH,IS_KEY,NOT_BLANK,IS_DUMMY,IS_SEARCH_ITEM,SORT_NO,TREE_LEVEL,SHEET_NO,PAGE_NO,PROPERTY_NO,IS_AUTO,IS_MANDATORY,SYSTEM_READONLY,FIELD_TYPE,FIELD_LENGTH,INPUT_ALPHABET,INPUT_MULTIBYTE,INPUT_NUMERIC,INPUT_SYMBOL,INPUT_UPPERCASE,RETRIEVAL_TABLE,FORMAT,DEFAULT_VALUE,MIN_VALUE,MAX_VALUE,CALENDAR_BUTTON,JUMP_BUTTON,OPEN_BUTTON,REF_TABLE_ID,REF_FIELD_NAME,SPECIAL_BUTTON) VALUES ('TBLID_BMROUTE','MROUTE_ID','MROUTE_ID','MROUTE_ID','STRING',8,'Y','Y','N','Y',0,0,0,0,0,'N','N','N','STRING',8,'Y',0,'Y','Y','Y','NONE',NULL,NULL,NULL,NULL,'N','N',0,NULL,NULL,0);
INSERT INTO SM_FIELD_DEF (TABLE_ID,FIELD_NAME,JP_TITLE,US_TITLE,DB_TYPE,DB_LENGTH,IS_KEY,NOT_BLANK,IS_DUMMY,IS_SEARCH_ITEM,SORT_NO,TREE_LEVEL,SHEET_NO,PAGE_NO,PROPERTY_NO,IS_AUTO,IS_MANDATORY,SYSTEM_READONLY,FIELD_TYPE,FIELD_LENGTH,INPUT_ALPHABET,INPUT_MULTIBYTE,INPUT_NUMERIC,INPUT_SYMBOL,INPUT_UPPERCASE,RETRIEVAL_TABLE,FORMAT,DEFAULT_VALUE,MIN_VALUE,MAX_VALUE,CALENDAR_BUTTON,JUMP_BUTTON,OPEN_BUTTON,REF_TABLE_ID,REF_FIELD_NAME,SPECIAL_BUTTON) VALUES ('TBLID_BMROUTE','MROUTE_VER','MROUTE_VER','MROUTE_VER','STRING',3,'N','Y','N','Y',1,-1,0,0,1,'N','N','N','STRING',3,'Y',0,'Y','Y','Y','NONE',NULL,NULL,NULL,NULL,'N','N',0,NULL,NULL,0);
INSERT INTO SM_FIELD_DEF (TABLE_ID,FIELD_NAME,JP_TITLE,US_TITLE,DB_TYPE,DB_LENGTH,IS_KEY,NOT_BLANK,IS_DUMMY,IS_SEARCH_ITEM,SORT_NO,TREE_LEVEL,SHEET_NO,PAGE_NO,PROPERTY_NO,IS_AUTO,IS_MANDATORY,SYSTEM_READONLY,FIELD_TYPE,FIELD_LENGTH,INPUT_ALPHABET,INPUT_MULTIBYTE,INPUT_NUMERIC,INPUT_SYMBOL,INPUT_UPPERCASE,RETRIEVAL_TABLE,FORMAT,DEFAULT_VALUE,MIN_VALUE,MAX_VALUE,CALENDAR_BUTTON,JUMP_BUTTON,OPEN_BUTTON,REF_TABLE_ID,REF_FIELD_NAME,SPECIAL_BUTTON) VALUES ('TBLID_BMROUTE','MROUTE_NAME','MROUTE_NAME','MROUTE_NAME','STRING',40,'N','Y','N','Y',2,-1,0,0,2,'N','N','N','STRING',40,'Y',0,'Y','Y','Y','NONE',NULL,NULL,NULL,NULL,'N','N',0,NULL,NULL,0);
INSERT INTO SM_FIELD_DEF (TABLE_ID,FIELD_NAME,JP_TITLE,US_TITLE,DB_TYPE,DB_LENGTH,IS_KEY,NOT_BLANK,IS_DUMMY,IS_SEARCH_ITEM,SORT_NO,TREE_LEVEL,SHEET_NO,PAGE_NO,PROPERTY_NO,IS_AUTO,IS_MANDATORY,SYSTEM_READONLY,FIELD_TYPE,FIELD_LENGTH,INPUT_ALPHABET,INPUT_MULTIBYTE,INPUT_NUMERIC,INPUT_SYMBOL,INPUT_UPPERCASE,RETRIEVAL_TABLE,FORMAT,DEFAULT_VALUE,MIN_VALUE,MAX_VALUE,CALENDAR_BUTTON,JUMP_BUTTON,OPEN_BUTTON,REF_TABLE_ID,REF_FIELD_NAME,SPECIAL_BUTTON) VALUES ('TBLID_BMROUTE','MROUTE_DESC','MROUTE_DESC','MROUTE_DESC','STRING',80,'N','Y','N','Y',3,-1,0,0,3,'N','N','N','STRING',80,'Y',0,'Y','Y','Y','NONE',NULL,NULL,NULL,NULL,'N','N',0,NULL,NULL,0);
INSERT INTO SM_CHECK_DEF (TABLE_ID,CHECK_TYPE,CHECK_ORDER,CHECK_KIND,FIELD_NAME,REF_TABLE,REF_FIELD,EXPECT_VALUE,ERR_MSG) VALUES ('TBLID_BMROUTE','SAVE',1,'NOTNULL','MROUTE_ID',NULL,NULL,NULL,'MROUTE_ID required');
INSERT INTO SM_CHECK_DEF (TABLE_ID,CHECK_TYPE,CHECK_ORDER,CHECK_KIND,FIELD_NAME,REF_TABLE,REF_FIELD,EXPECT_VALUE,ERR_MSG) VALUES ('TBLID_BMROUTE','SAVE',2,'STAT_N',NULL,NULL,NULL,NULL,'Not editable');
INSERT INTO SM_CHECK_DEF (TABLE_ID,CHECK_TYPE,CHECK_ORDER,CHECK_KIND,FIELD_NAME,REF_TABLE,REF_FIELD,EXPECT_VALUE,ERR_MSG) VALUES ('TBLID_BMROUTE','SAVE',3,'LOCK_FREE',NULL,NULL,NULL,NULL,'Locked');
INSERT INTO SM_CHECK_DEF (TABLE_ID,CHECK_TYPE,CHECK_ORDER,CHECK_KIND,FIELD_NAME,REF_TABLE,REF_FIELD,EXPECT_VALUE,ERR_MSG) VALUES ('TBLID_BMROUTE','RELEASE',1,'NOTNULL','MROUTE_ID',NULL,NULL,NULL,'MROUTE_ID required');
INSERT INTO SM_CHECK_DEF (TABLE_ID,CHECK_TYPE,CHECK_ORDER,CHECK_KIND,FIELD_NAME,REF_TABLE,REF_FIELD,EXPECT_VALUE,ERR_MSG) VALUES ('TBLID_BMROUTE','RELEASE',2,'STAT_N',NULL,NULL,NULL,NULL,'Not editable');
INSERT INTO SM_CHECK_DEF (TABLE_ID,CHECK_TYPE,CHECK_ORDER,CHECK_KIND,FIELD_NAME,REF_TABLE,REF_FIELD,EXPECT_VALUE,ERR_MSG) VALUES ('TBLID_BMROUTE','RELEASE',3,'LOCK_FREE',NULL,NULL,NULL,NULL,'Locked');
INSERT INTO SM_CHECK_DEF (TABLE_ID,CHECK_TYPE,CHECK_ORDER,CHECK_KIND,FIELD_NAME,REF_TABLE,REF_FIELD,EXPECT_VALUE,ERR_MSG) VALUES ('TBLID_BMROUTE','RELEASE',10,'RELEASE_PARAM','MROUTE_ID','DMROUTE',NULL,NULL,NULL);
INSERT INTO SM_CHECK_DEF (TABLE_ID,CHECK_TYPE,CHECK_ORDER,CHECK_KIND,FIELD_NAME,REF_TABLE,REF_FIELD,EXPECT_VALUE,ERR_MSG) VALUES ('TBLID_BMROUTE','DELETE',1,'NOTNULL','MROUTE_ID',NULL,NULL,NULL,'MROUTE_ID required');
INSERT INTO SM_CHECK_DEF (TABLE_ID,CHECK_TYPE,CHECK_ORDER,CHECK_KIND,FIELD_NAME,REF_TABLE,REF_FIELD,EXPECT_VALUE,ERR_MSG) VALUES ('TBLID_BMROUTE','DELETE',2,'STAT_Y',NULL,NULL,NULL,NULL,'Not released');
INSERT INTO SM_CHECK_DEF (TABLE_ID,CHECK_TYPE,CHECK_ORDER,CHECK_KIND,FIELD_NAME,REF_TABLE,REF_FIELD,EXPECT_VALUE,ERR_MSG) VALUES ('TBLID_BMROUTE','DELETE',3,'LOCK_FREE',NULL,NULL,NULL,NULL,'Locked');
INSERT INTO SM_CHECK_DEF (TABLE_ID,CHECK_TYPE,CHECK_ORDER,CHECK_KIND,FIELD_NAME,REF_TABLE,REF_FIELD,EXPECT_VALUE,ERR_MSG) VALUES ('TBLID_BMROUTE','EDITCOMP',1,'NOTNULL','MROUTE_ID',NULL,NULL,NULL,'MROUTE_ID required');
INSERT INTO SM_CHECK_DEF (TABLE_ID,CHECK_TYPE,CHECK_ORDER,CHECK_KIND,FIELD_NAME,REF_TABLE,REF_FIELD,EXPECT_VALUE,ERR_MSG) VALUES ('TBLID_BMROUTE','EDITCOMP',2,'STAT_N',NULL,NULL,NULL,NULL,'Not editable');
INSERT INTO SM_CHECK_DEF (TABLE_ID,CHECK_TYPE,CHECK_ORDER,CHECK_KIND,FIELD_NAME,REF_TABLE,REF_FIELD,EXPECT_VALUE,ERR_MSG) VALUES ('TBLID_BMROUTE','EDITCOMP',3,'LOCK_FREE',NULL,NULL,NULL,NULL,'Locked');
INSERT INTO SM_CHECK_DEF (TABLE_ID,CHECK_TYPE,CHECK_ORDER,CHECK_KIND,FIELD_NAME,REF_TABLE,REF_FIELD,EXPECT_VALUE,ERR_MSG) VALUES ('TBLID_BMROUTE','EDITCOMP',4,'COMP_N',NULL,NULL,NULL,NULL,'Already complete');

INSERT INTO SM_TABLE_DEF (TABLE_ID,TABLE_NAME,JP_TITLE,US_TITLE,RELEASE_FLAG,DISTRIBUTE_FLAG,PERMISSION_TYPE,SCHEMA_TYPE,HAS_DUMMY,SORT_NO) VALUES ('TBLID_BMROUTE_OPE','BMROUTE_OPE','BMROUTE_OPE','BMROUTE_OPE','Y','N','C','L','N',760);
INSERT INTO SM_FIELD_DEF (TABLE_ID,FIELD_NAME,JP_TITLE,US_TITLE,DB_TYPE,DB_LENGTH,IS_KEY,NOT_BLANK,IS_DUMMY,IS_SEARCH_ITEM,SORT_NO,TREE_LEVEL,SHEET_NO,PAGE_NO,PROPERTY_NO,IS_AUTO,IS_MANDATORY,SYSTEM_READONLY,FIELD_TYPE,FIELD_LENGTH,INPUT_ALPHABET,INPUT_MULTIBYTE,INPUT_NUMERIC,INPUT_SYMBOL,INPUT_UPPERCASE,RETRIEVAL_TABLE,FORMAT,DEFAULT_VALUE,MIN_VALUE,MAX_VALUE,CALENDAR_BUTTON,JUMP_BUTTON,OPEN_BUTTON,REF_TABLE_ID,REF_FIELD_NAME,SPECIAL_BUTTON) VALUES ('TBLID_BMROUTE_OPE','MROUTE_ID','MROUTE_ID','MROUTE_ID','STRING',8,'Y','Y','N','Y',0,0,0,0,0,'N','N','N','STRING',8,'Y',0,'Y','Y','Y','NONE',NULL,NULL,NULL,NULL,'N','N',0,NULL,NULL,0);
INSERT INTO SM_FIELD_DEF (TABLE_ID,FIELD_NAME,JP_TITLE,US_TITLE,DB_TYPE,DB_LENGTH,IS_KEY,NOT_BLANK,IS_DUMMY,IS_SEARCH_ITEM,SORT_NO,TREE_LEVEL,SHEET_NO,PAGE_NO,PROPERTY_NO,IS_AUTO,IS_MANDATORY,SYSTEM_READONLY,FIELD_TYPE,FIELD_LENGTH,INPUT_ALPHABET,INPUT_MULTIBYTE,INPUT_NUMERIC,INPUT_SYMBOL,INPUT_UPPERCASE,RETRIEVAL_TABLE,FORMAT,DEFAULT_VALUE,MIN_VALUE,MAX_VALUE,CALENDAR_BUTTON,JUMP_BUTTON,OPEN_BUTTON,REF_TABLE_ID,REF_FIELD_NAME,SPECIAL_BUTTON) VALUES ('TBLID_BMROUTE_OPE','MROUTE_VER','MROUTE_VER','MROUTE_VER','STRING',3,'N','Y','N','Y',1,-1,0,0,1,'N','N','N','STRING',3,'Y',0,'Y','Y','Y','NONE',NULL,NULL,NULL,NULL,'N','N',0,NULL,NULL,0);
INSERT INTO SM_FIELD_DEF (TABLE_ID,FIELD_NAME,JP_TITLE,US_TITLE,DB_TYPE,DB_LENGTH,IS_KEY,NOT_BLANK,IS_DUMMY,IS_SEARCH_ITEM,SORT_NO,TREE_LEVEL,SHEET_NO,PAGE_NO,PROPERTY_NO,IS_AUTO,IS_MANDATORY,SYSTEM_READONLY,FIELD_TYPE,FIELD_LENGTH,INPUT_ALPHABET,INPUT_MULTIBYTE,INPUT_NUMERIC,INPUT_SYMBOL,INPUT_UPPERCASE,RETRIEVAL_TABLE,FORMAT,DEFAULT_VALUE,MIN_VALUE,MAX_VALUE,CALENDAR_BUTTON,JUMP_BUTTON,OPEN_BUTTON,REF_TABLE_ID,REF_FIELD_NAME,SPECIAL_BUTTON) VALUES ('TBLID_BMROUTE_OPE','OPE_SEQ_NO','OPE_SEQ_NO','OPE_SEQ_NO','STRING',3,'N','Y','N','Y',2,-1,0,0,2,'N','N','N','STRING',3,'Y',0,'Y','Y','Y','NONE',NULL,NULL,NULL,NULL,'N','N',0,NULL,NULL,0);
INSERT INTO SM_FIELD_DEF (TABLE_ID,FIELD_NAME,JP_TITLE,US_TITLE,DB_TYPE,DB_LENGTH,IS_KEY,NOT_BLANK,IS_DUMMY,IS_SEARCH_ITEM,SORT_NO,TREE_LEVEL,SHEET_NO,PAGE_NO,PROPERTY_NO,IS_AUTO,IS_MANDATORY,SYSTEM_READONLY,FIELD_TYPE,FIELD_LENGTH,INPUT_ALPHABET,INPUT_MULTIBYTE,INPUT_NUMERIC,INPUT_SYMBOL,INPUT_UPPERCASE,RETRIEVAL_TABLE,FORMAT,DEFAULT_VALUE,MIN_VALUE,MAX_VALUE,CALENDAR_BUTTON,JUMP_BUTTON,OPEN_BUTTON,REF_TABLE_ID,REF_FIELD_NAME,SPECIAL_BUTTON) VALUES ('TBLID_BMROUTE_OPE','OPE_ID','OPE_ID','OPE_ID','STRING',8,'N','Y','N','Y',3,-1,0,0,3,'N','N','N','STRING',8,'Y',0,'Y','Y','Y','NONE',NULL,NULL,NULL,NULL,'N','N',0,NULL,NULL,0);
INSERT INTO SM_CHECK_DEF (TABLE_ID,CHECK_TYPE,CHECK_ORDER,CHECK_KIND,FIELD_NAME,REF_TABLE,REF_FIELD,EXPECT_VALUE,ERR_MSG) VALUES ('TBLID_BMROUTE_OPE','SAVE',1,'NOTNULL','MROUTE_ID',NULL,NULL,NULL,'MROUTE_ID required');
INSERT INTO SM_CHECK_DEF (TABLE_ID,CHECK_TYPE,CHECK_ORDER,CHECK_KIND,FIELD_NAME,REF_TABLE,REF_FIELD,EXPECT_VALUE,ERR_MSG) VALUES ('TBLID_BMROUTE_OPE','SAVE',2,'STAT_N',NULL,NULL,NULL,NULL,'Not editable');
INSERT INTO SM_CHECK_DEF (TABLE_ID,CHECK_TYPE,CHECK_ORDER,CHECK_KIND,FIELD_NAME,REF_TABLE,REF_FIELD,EXPECT_VALUE,ERR_MSG) VALUES ('TBLID_BMROUTE_OPE','SAVE',3,'LOCK_FREE',NULL,NULL,NULL,NULL,'Locked');
INSERT INTO SM_CHECK_DEF (TABLE_ID,CHECK_TYPE,CHECK_ORDER,CHECK_KIND,FIELD_NAME,REF_TABLE,REF_FIELD,EXPECT_VALUE,ERR_MSG) VALUES ('TBLID_BMROUTE_OPE','RELEASE',1,'NOTNULL','MROUTE_ID',NULL,NULL,NULL,'MROUTE_ID required');
INSERT INTO SM_CHECK_DEF (TABLE_ID,CHECK_TYPE,CHECK_ORDER,CHECK_KIND,FIELD_NAME,REF_TABLE,REF_FIELD,EXPECT_VALUE,ERR_MSG) VALUES ('TBLID_BMROUTE_OPE','RELEASE',2,'STAT_N',NULL,NULL,NULL,NULL,'Not editable');
INSERT INTO SM_CHECK_DEF (TABLE_ID,CHECK_TYPE,CHECK_ORDER,CHECK_KIND,FIELD_NAME,REF_TABLE,REF_FIELD,EXPECT_VALUE,ERR_MSG) VALUES ('TBLID_BMROUTE_OPE','RELEASE',3,'LOCK_FREE',NULL,NULL,NULL,NULL,'Locked');
INSERT INTO SM_CHECK_DEF (TABLE_ID,CHECK_TYPE,CHECK_ORDER,CHECK_KIND,FIELD_NAME,REF_TABLE,REF_FIELD,EXPECT_VALUE,ERR_MSG) VALUES ('TBLID_BMROUTE_OPE','RELEASE',10,'RELEASE_PARAM','MROUTE_ID','DMROUTE_OPE',NULL,NULL,NULL);
INSERT INTO SM_CHECK_DEF (TABLE_ID,CHECK_TYPE,CHECK_ORDER,CHECK_KIND,FIELD_NAME,REF_TABLE,REF_FIELD,EXPECT_VALUE,ERR_MSG) VALUES ('TBLID_BMROUTE_OPE','DELETE',1,'NOTNULL','MROUTE_ID',NULL,NULL,NULL,'MROUTE_ID required');
INSERT INTO SM_CHECK_DEF (TABLE_ID,CHECK_TYPE,CHECK_ORDER,CHECK_KIND,FIELD_NAME,REF_TABLE,REF_FIELD,EXPECT_VALUE,ERR_MSG) VALUES ('TBLID_BMROUTE_OPE','DELETE',2,'STAT_Y',NULL,NULL,NULL,NULL,'Not released');
INSERT INTO SM_CHECK_DEF (TABLE_ID,CHECK_TYPE,CHECK_ORDER,CHECK_KIND,FIELD_NAME,REF_TABLE,REF_FIELD,EXPECT_VALUE,ERR_MSG) VALUES ('TBLID_BMROUTE_OPE','DELETE',3,'LOCK_FREE',NULL,NULL,NULL,NULL,'Locked');
INSERT INTO SM_CHECK_DEF (TABLE_ID,CHECK_TYPE,CHECK_ORDER,CHECK_KIND,FIELD_NAME,REF_TABLE,REF_FIELD,EXPECT_VALUE,ERR_MSG) VALUES ('TBLID_BMROUTE_OPE','EDITCOMP',1,'NOTNULL','MROUTE_ID',NULL,NULL,NULL,'MROUTE_ID required');
INSERT INTO SM_CHECK_DEF (TABLE_ID,CHECK_TYPE,CHECK_ORDER,CHECK_KIND,FIELD_NAME,REF_TABLE,REF_FIELD,EXPECT_VALUE,ERR_MSG) VALUES ('TBLID_BMROUTE_OPE','EDITCOMP',2,'STAT_N',NULL,NULL,NULL,NULL,'Not editable');
INSERT INTO SM_CHECK_DEF (TABLE_ID,CHECK_TYPE,CHECK_ORDER,CHECK_KIND,FIELD_NAME,REF_TABLE,REF_FIELD,EXPECT_VALUE,ERR_MSG) VALUES ('TBLID_BMROUTE_OPE','EDITCOMP',3,'LOCK_FREE',NULL,NULL,NULL,NULL,'Locked');
INSERT INTO SM_CHECK_DEF (TABLE_ID,CHECK_TYPE,CHECK_ORDER,CHECK_KIND,FIELD_NAME,REF_TABLE,REF_FIELD,EXPECT_VALUE,ERR_MSG) VALUES ('TBLID_BMROUTE_OPE','EDITCOMP',4,'COMP_N',NULL,NULL,NULL,NULL,'Already complete');

INSERT INTO SM_TABLE_DEF (TABLE_ID,TABLE_NAME,JP_TITLE,US_TITLE,RELEASE_FLAG,DISTRIBUTE_FLAG,PERMISSION_TYPE,SCHEMA_TYPE,HAS_DUMMY,SORT_NO) VALUES ('TBLID_BMTL_ITEM','BMTL_ITEM','BMTL_ITEM','BMTL_ITEM','Y','N','C','L','N',770);
INSERT INTO SM_FIELD_DEF (TABLE_ID,FIELD_NAME,JP_TITLE,US_TITLE,DB_TYPE,DB_LENGTH,IS_KEY,NOT_BLANK,IS_DUMMY,IS_SEARCH_ITEM,SORT_NO,TREE_LEVEL,SHEET_NO,PAGE_NO,PROPERTY_NO,IS_AUTO,IS_MANDATORY,SYSTEM_READONLY,FIELD_TYPE,FIELD_LENGTH,INPUT_ALPHABET,INPUT_MULTIBYTE,INPUT_NUMERIC,INPUT_SYMBOL,INPUT_UPPERCASE,RETRIEVAL_TABLE,FORMAT,DEFAULT_VALUE,MIN_VALUE,MAX_VALUE,CALENDAR_BUTTON,JUMP_BUTTON,OPEN_BUTTON,REF_TABLE_ID,REF_FIELD_NAME,SPECIAL_BUTTON) VALUES ('TBLID_BMTL_ITEM','MTL_ITEM_ID','MTL_ITEM_ID','MTL_ITEM_ID','STRING',20,'Y','Y','N','Y',0,0,0,0,0,'N','N','N','STRING',20,'Y',0,'Y','Y','Y','NONE',NULL,NULL,NULL,NULL,'N','N',0,NULL,NULL,0);
INSERT INTO SM_FIELD_DEF (TABLE_ID,FIELD_NAME,JP_TITLE,US_TITLE,DB_TYPE,DB_LENGTH,IS_KEY,NOT_BLANK,IS_DUMMY,IS_SEARCH_ITEM,SORT_NO,TREE_LEVEL,SHEET_NO,PAGE_NO,PROPERTY_NO,IS_AUTO,IS_MANDATORY,SYSTEM_READONLY,FIELD_TYPE,FIELD_LENGTH,INPUT_ALPHABET,INPUT_MULTIBYTE,INPUT_NUMERIC,INPUT_SYMBOL,INPUT_UPPERCASE,RETRIEVAL_TABLE,FORMAT,DEFAULT_VALUE,MIN_VALUE,MAX_VALUE,CALENDAR_BUTTON,JUMP_BUTTON,OPEN_BUTTON,REF_TABLE_ID,REF_FIELD_NAME,SPECIAL_BUTTON) VALUES ('TBLID_BMTL_ITEM','MTL_ITEM_NAME','MTL_ITEM_NAME','MTL_ITEM_NAME','STRING',40,'N','Y','N','Y',1,-1,0,0,1,'N','N','N','STRING',40,'Y',0,'Y','Y','Y','NONE',NULL,NULL,NULL,NULL,'N','N',0,NULL,NULL,0);
INSERT INTO SM_FIELD_DEF (TABLE_ID,FIELD_NAME,JP_TITLE,US_TITLE,DB_TYPE,DB_LENGTH,IS_KEY,NOT_BLANK,IS_DUMMY,IS_SEARCH_ITEM,SORT_NO,TREE_LEVEL,SHEET_NO,PAGE_NO,PROPERTY_NO,IS_AUTO,IS_MANDATORY,SYSTEM_READONLY,FIELD_TYPE,FIELD_LENGTH,INPUT_ALPHABET,INPUT_MULTIBYTE,INPUT_NUMERIC,INPUT_SYMBOL,INPUT_UPPERCASE,RETRIEVAL_TABLE,FORMAT,DEFAULT_VALUE,MIN_VALUE,MAX_VALUE,CALENDAR_BUTTON,JUMP_BUTTON,OPEN_BUTTON,REF_TABLE_ID,REF_FIELD_NAME,SPECIAL_BUTTON) VALUES ('TBLID_BMTL_ITEM','MTL_ITEM_DESC','MTL_ITEM_DESC','MTL_ITEM_DESC','STRING',80,'N','Y','N','Y',2,-1,0,0,2,'N','N','N','STRING',80,'Y',0,'Y','Y','Y','NONE',NULL,NULL,NULL,NULL,'N','N',0,NULL,NULL,0);
INSERT INTO SM_FIELD_DEF (TABLE_ID,FIELD_NAME,JP_TITLE,US_TITLE,DB_TYPE,DB_LENGTH,IS_KEY,NOT_BLANK,IS_DUMMY,IS_SEARCH_ITEM,SORT_NO,TREE_LEVEL,SHEET_NO,PAGE_NO,PROPERTY_NO,IS_AUTO,IS_MANDATORY,SYSTEM_READONLY,FIELD_TYPE,FIELD_LENGTH,INPUT_ALPHABET,INPUT_MULTIBYTE,INPUT_NUMERIC,INPUT_SYMBOL,INPUT_UPPERCASE,RETRIEVAL_TABLE,FORMAT,DEFAULT_VALUE,MIN_VALUE,MAX_VALUE,CALENDAR_BUTTON,JUMP_BUTTON,OPEN_BUTTON,REF_TABLE_ID,REF_FIELD_NAME,SPECIAL_BUTTON) VALUES ('TBLID_BMTL_ITEM','CNT_METHOD','CNT_METHOD','CNT_METHOD','STRING',16,'N','Y','N','Y',3,-1,0,0,3,'N','N','N','STRING',16,'Y',0,'Y','Y','Y','NONE',NULL,NULL,NULL,NULL,'N','N',0,NULL,NULL,0);
INSERT INTO SM_FIELD_DEF (TABLE_ID,FIELD_NAME,JP_TITLE,US_TITLE,DB_TYPE,DB_LENGTH,IS_KEY,NOT_BLANK,IS_DUMMY,IS_SEARCH_ITEM,SORT_NO,TREE_LEVEL,SHEET_NO,PAGE_NO,PROPERTY_NO,IS_AUTO,IS_MANDATORY,SYSTEM_READONLY,FIELD_TYPE,FIELD_LENGTH,INPUT_ALPHABET,INPUT_MULTIBYTE,INPUT_NUMERIC,INPUT_SYMBOL,INPUT_UPPERCASE,RETRIEVAL_TABLE,FORMAT,DEFAULT_VALUE,MIN_VALUE,MAX_VALUE,CALENDAR_BUTTON,JUMP_BUTTON,OPEN_BUTTON,REF_TABLE_ID,REF_FIELD_NAME,SPECIAL_BUTTON) VALUES ('TBLID_BMTL_ITEM','PROCDATA_ITEM','PROCDATA_ITEM','PROCDATA_ITEM','STRING',10,'N','Y','N','Y',4,-1,0,0,4,'N','N','N','STRING',10,'Y',0,'Y','Y','Y','NONE',NULL,NULL,NULL,NULL,'N','N',0,NULL,NULL,0);
INSERT INTO SM_CHECK_DEF (TABLE_ID,CHECK_TYPE,CHECK_ORDER,CHECK_KIND,FIELD_NAME,REF_TABLE,REF_FIELD,EXPECT_VALUE,ERR_MSG) VALUES ('TBLID_BMTL_ITEM','SAVE',1,'NOTNULL','MTL_ITEM_ID',NULL,NULL,NULL,'MTL_ITEM_ID required');
INSERT INTO SM_CHECK_DEF (TABLE_ID,CHECK_TYPE,CHECK_ORDER,CHECK_KIND,FIELD_NAME,REF_TABLE,REF_FIELD,EXPECT_VALUE,ERR_MSG) VALUES ('TBLID_BMTL_ITEM','SAVE',2,'STAT_N',NULL,NULL,NULL,NULL,'Not editable');
INSERT INTO SM_CHECK_DEF (TABLE_ID,CHECK_TYPE,CHECK_ORDER,CHECK_KIND,FIELD_NAME,REF_TABLE,REF_FIELD,EXPECT_VALUE,ERR_MSG) VALUES ('TBLID_BMTL_ITEM','SAVE',3,'LOCK_FREE',NULL,NULL,NULL,NULL,'Locked');
INSERT INTO SM_CHECK_DEF (TABLE_ID,CHECK_TYPE,CHECK_ORDER,CHECK_KIND,FIELD_NAME,REF_TABLE,REF_FIELD,EXPECT_VALUE,ERR_MSG) VALUES ('TBLID_BMTL_ITEM','RELEASE',1,'NOTNULL','MTL_ITEM_ID',NULL,NULL,NULL,'MTL_ITEM_ID required');
INSERT INTO SM_CHECK_DEF (TABLE_ID,CHECK_TYPE,CHECK_ORDER,CHECK_KIND,FIELD_NAME,REF_TABLE,REF_FIELD,EXPECT_VALUE,ERR_MSG) VALUES ('TBLID_BMTL_ITEM','RELEASE',2,'STAT_N',NULL,NULL,NULL,NULL,'Not editable');
INSERT INTO SM_CHECK_DEF (TABLE_ID,CHECK_TYPE,CHECK_ORDER,CHECK_KIND,FIELD_NAME,REF_TABLE,REF_FIELD,EXPECT_VALUE,ERR_MSG) VALUES ('TBLID_BMTL_ITEM','RELEASE',3,'LOCK_FREE',NULL,NULL,NULL,NULL,'Locked');
INSERT INTO SM_CHECK_DEF (TABLE_ID,CHECK_TYPE,CHECK_ORDER,CHECK_KIND,FIELD_NAME,REF_TABLE,REF_FIELD,EXPECT_VALUE,ERR_MSG) VALUES ('TBLID_BMTL_ITEM','RELEASE',10,'RELEASE_PARAM','MTL_ITEM_ID','DMTL_ITEM',NULL,NULL,NULL);
INSERT INTO SM_CHECK_DEF (TABLE_ID,CHECK_TYPE,CHECK_ORDER,CHECK_KIND,FIELD_NAME,REF_TABLE,REF_FIELD,EXPECT_VALUE,ERR_MSG) VALUES ('TBLID_BMTL_ITEM','DELETE',1,'NOTNULL','MTL_ITEM_ID',NULL,NULL,NULL,'MTL_ITEM_ID required');
INSERT INTO SM_CHECK_DEF (TABLE_ID,CHECK_TYPE,CHECK_ORDER,CHECK_KIND,FIELD_NAME,REF_TABLE,REF_FIELD,EXPECT_VALUE,ERR_MSG) VALUES ('TBLID_BMTL_ITEM','DELETE',2,'STAT_Y',NULL,NULL,NULL,NULL,'Not released');
INSERT INTO SM_CHECK_DEF (TABLE_ID,CHECK_TYPE,CHECK_ORDER,CHECK_KIND,FIELD_NAME,REF_TABLE,REF_FIELD,EXPECT_VALUE,ERR_MSG) VALUES ('TBLID_BMTL_ITEM','DELETE',3,'LOCK_FREE',NULL,NULL,NULL,NULL,'Locked');
INSERT INTO SM_CHECK_DEF (TABLE_ID,CHECK_TYPE,CHECK_ORDER,CHECK_KIND,FIELD_NAME,REF_TABLE,REF_FIELD,EXPECT_VALUE,ERR_MSG) VALUES ('TBLID_BMTL_ITEM','EDITCOMP',1,'NOTNULL','MTL_ITEM_ID',NULL,NULL,NULL,'MTL_ITEM_ID required');
INSERT INTO SM_CHECK_DEF (TABLE_ID,CHECK_TYPE,CHECK_ORDER,CHECK_KIND,FIELD_NAME,REF_TABLE,REF_FIELD,EXPECT_VALUE,ERR_MSG) VALUES ('TBLID_BMTL_ITEM','EDITCOMP',2,'STAT_N',NULL,NULL,NULL,NULL,'Not editable');
INSERT INTO SM_CHECK_DEF (TABLE_ID,CHECK_TYPE,CHECK_ORDER,CHECK_KIND,FIELD_NAME,REF_TABLE,REF_FIELD,EXPECT_VALUE,ERR_MSG) VALUES ('TBLID_BMTL_ITEM','EDITCOMP',3,'LOCK_FREE',NULL,NULL,NULL,NULL,'Locked');
INSERT INTO SM_CHECK_DEF (TABLE_ID,CHECK_TYPE,CHECK_ORDER,CHECK_KIND,FIELD_NAME,REF_TABLE,REF_FIELD,EXPECT_VALUE,ERR_MSG) VALUES ('TBLID_BMTL_ITEM','EDITCOMP',4,'COMP_N',NULL,NULL,NULL,NULL,'Already complete');

INSERT INTO SM_TABLE_DEF (TABLE_ID,TABLE_NAME,JP_TITLE,US_TITLE,RELEASE_FLAG,DISTRIBUTE_FLAG,PERMISSION_TYPE,SCHEMA_TYPE,HAS_DUMMY,SORT_NO) VALUES ('TBLID_BMTL_PROD','BMTL_PROD','BMTL_PROD','BMTL_PROD','Y','N','C','L','N',780);
INSERT INTO SM_FIELD_DEF (TABLE_ID,FIELD_NAME,JP_TITLE,US_TITLE,DB_TYPE,DB_LENGTH,IS_KEY,NOT_BLANK,IS_DUMMY,IS_SEARCH_ITEM,SORT_NO,TREE_LEVEL,SHEET_NO,PAGE_NO,PROPERTY_NO,IS_AUTO,IS_MANDATORY,SYSTEM_READONLY,FIELD_TYPE,FIELD_LENGTH,INPUT_ALPHABET,INPUT_MULTIBYTE,INPUT_NUMERIC,INPUT_SYMBOL,INPUT_UPPERCASE,RETRIEVAL_TABLE,FORMAT,DEFAULT_VALUE,MIN_VALUE,MAX_VALUE,CALENDAR_BUTTON,JUMP_BUTTON,OPEN_BUTTON,REF_TABLE_ID,REF_FIELD_NAME,SPECIAL_BUTTON) VALUES ('TBLID_BMTL_PROD','MTL_ITEM_ID','MTL_ITEM_ID','MTL_ITEM_ID','STRING',20,'Y','Y','N','Y',0,0,0,0,0,'N','N','N','STRING',20,'Y',0,'Y','Y','Y','NONE',NULL,NULL,NULL,NULL,'N','N',0,NULL,NULL,0);
INSERT INTO SM_FIELD_DEF (TABLE_ID,FIELD_NAME,JP_TITLE,US_TITLE,DB_TYPE,DB_LENGTH,IS_KEY,NOT_BLANK,IS_DUMMY,IS_SEARCH_ITEM,SORT_NO,TREE_LEVEL,SHEET_NO,PAGE_NO,PROPERTY_NO,IS_AUTO,IS_MANDATORY,SYSTEM_READONLY,FIELD_TYPE,FIELD_LENGTH,INPUT_ALPHABET,INPUT_MULTIBYTE,INPUT_NUMERIC,INPUT_SYMBOL,INPUT_UPPERCASE,RETRIEVAL_TABLE,FORMAT,DEFAULT_VALUE,MIN_VALUE,MAX_VALUE,CALENDAR_BUTTON,JUMP_BUTTON,OPEN_BUTTON,REF_TABLE_ID,REF_FIELD_NAME,SPECIAL_BUTTON) VALUES ('TBLID_BMTL_PROD','PROD_ID','PROD_ID','PROD_ID','STRING',20,'N','Y','N','Y',1,-1,0,0,1,'N','N','N','STRING',20,'Y',0,'Y','Y','Y','NONE',NULL,NULL,NULL,NULL,'N','N',0,NULL,NULL,0);
INSERT INTO SM_FIELD_DEF (TABLE_ID,FIELD_NAME,JP_TITLE,US_TITLE,DB_TYPE,DB_LENGTH,IS_KEY,NOT_BLANK,IS_DUMMY,IS_SEARCH_ITEM,SORT_NO,TREE_LEVEL,SHEET_NO,PAGE_NO,PROPERTY_NO,IS_AUTO,IS_MANDATORY,SYSTEM_READONLY,FIELD_TYPE,FIELD_LENGTH,INPUT_ALPHABET,INPUT_MULTIBYTE,INPUT_NUMERIC,INPUT_SYMBOL,INPUT_UPPERCASE,RETRIEVAL_TABLE,FORMAT,DEFAULT_VALUE,MIN_VALUE,MAX_VALUE,CALENDAR_BUTTON,JUMP_BUTTON,OPEN_BUTTON,REF_TABLE_ID,REF_FIELD_NAME,SPECIAL_BUTTON) VALUES ('TBLID_BMTL_PROD','CHK_CAT','CHK_CAT','CHK_CAT','STRING',1,'N','Y','N','Y',2,-1,0,0,2,'N','N','N','STRING',1,'Y',0,'Y','Y','Y','NONE',NULL,NULL,NULL,NULL,'N','N',0,NULL,NULL,0);
INSERT INTO SM_FIELD_DEF (TABLE_ID,FIELD_NAME,JP_TITLE,US_TITLE,DB_TYPE,DB_LENGTH,IS_KEY,NOT_BLANK,IS_DUMMY,IS_SEARCH_ITEM,SORT_NO,TREE_LEVEL,SHEET_NO,PAGE_NO,PROPERTY_NO,IS_AUTO,IS_MANDATORY,SYSTEM_READONLY,FIELD_TYPE,FIELD_LENGTH,INPUT_ALPHABET,INPUT_MULTIBYTE,INPUT_NUMERIC,INPUT_SYMBOL,INPUT_UPPERCASE,RETRIEVAL_TABLE,FORMAT,DEFAULT_VALUE,MIN_VALUE,MAX_VALUE,CALENDAR_BUTTON,JUMP_BUTTON,OPEN_BUTTON,REF_TABLE_ID,REF_FIELD_NAME,SPECIAL_BUTTON) VALUES ('TBLID_BMTL_PROD','PRODUCT_CAT','PRODUCT_CAT','PRODUCT_CAT','STRING',1,'N','Y','N','Y',3,-1,0,0,3,'N','N','N','STRING',1,'Y',0,'Y','Y','Y','NONE',NULL,NULL,NULL,NULL,'N','N',0,NULL,NULL,0);
INSERT INTO SM_FIELD_DEF (TABLE_ID,FIELD_NAME,JP_TITLE,US_TITLE,DB_TYPE,DB_LENGTH,IS_KEY,NOT_BLANK,IS_DUMMY,IS_SEARCH_ITEM,SORT_NO,TREE_LEVEL,SHEET_NO,PAGE_NO,PROPERTY_NO,IS_AUTO,IS_MANDATORY,SYSTEM_READONLY,FIELD_TYPE,FIELD_LENGTH,INPUT_ALPHABET,INPUT_MULTIBYTE,INPUT_NUMERIC,INPUT_SYMBOL,INPUT_UPPERCASE,RETRIEVAL_TABLE,FORMAT,DEFAULT_VALUE,MIN_VALUE,MAX_VALUE,CALENDAR_BUTTON,JUMP_BUTTON,OPEN_BUTTON,REF_TABLE_ID,REF_FIELD_NAME,SPECIAL_BUTTON) VALUES ('TBLID_BMTL_PROD','LOT_TYPE','LOT_TYPE','LOT_TYPE','STRING',1,'N','Y','N','Y',4,-1,0,0,4,'N','N','N','STRING',1,'Y',0,'Y','Y','Y','NONE',NULL,NULL,NULL,NULL,'N','N',0,NULL,NULL,0);
INSERT INTO SM_FIELD_DEF (TABLE_ID,FIELD_NAME,JP_TITLE,US_TITLE,DB_TYPE,DB_LENGTH,IS_KEY,NOT_BLANK,IS_DUMMY,IS_SEARCH_ITEM,SORT_NO,TREE_LEVEL,SHEET_NO,PAGE_NO,PROPERTY_NO,IS_AUTO,IS_MANDATORY,SYSTEM_READONLY,FIELD_TYPE,FIELD_LENGTH,INPUT_ALPHABET,INPUT_MULTIBYTE,INPUT_NUMERIC,INPUT_SYMBOL,INPUT_UPPERCASE,RETRIEVAL_TABLE,FORMAT,DEFAULT_VALUE,MIN_VALUE,MAX_VALUE,CALENDAR_BUTTON,JUMP_BUTTON,OPEN_BUTTON,REF_TABLE_ID,REF_FIELD_NAME,SPECIAL_BUTTON) VALUES ('TBLID_BMTL_PROD','H_VAL','H_VAL','H_VAL','STRING',10,'N','Y','N','Y',5,-1,0,0,5,'N','N','N','STRING',10,'Y',0,'Y','Y','Y','NONE',NULL,NULL,NULL,NULL,'N','N',0,NULL,NULL,0);
INSERT INTO SM_FIELD_DEF (TABLE_ID,FIELD_NAME,JP_TITLE,US_TITLE,DB_TYPE,DB_LENGTH,IS_KEY,NOT_BLANK,IS_DUMMY,IS_SEARCH_ITEM,SORT_NO,TREE_LEVEL,SHEET_NO,PAGE_NO,PROPERTY_NO,IS_AUTO,IS_MANDATORY,SYSTEM_READONLY,FIELD_TYPE,FIELD_LENGTH,INPUT_ALPHABET,INPUT_MULTIBYTE,INPUT_NUMERIC,INPUT_SYMBOL,INPUT_UPPERCASE,RETRIEVAL_TABLE,FORMAT,DEFAULT_VALUE,MIN_VALUE,MAX_VALUE,CALENDAR_BUTTON,JUMP_BUTTON,OPEN_BUTTON,REF_TABLE_ID,REF_FIELD_NAME,SPECIAL_BUTTON) VALUES ('TBLID_BMTL_PROD','L_VAL','L_VAL','L_VAL','STRING',10,'N','Y','N','Y',6,-1,0,0,6,'N','N','N','STRING',10,'Y',0,'Y','Y','Y','NONE',NULL,NULL,NULL,NULL,'N','N',0,NULL,NULL,0);
INSERT INTO SM_FIELD_DEF (TABLE_ID,FIELD_NAME,JP_TITLE,US_TITLE,DB_TYPE,DB_LENGTH,IS_KEY,NOT_BLANK,IS_DUMMY,IS_SEARCH_ITEM,SORT_NO,TREE_LEVEL,SHEET_NO,PAGE_NO,PROPERTY_NO,IS_AUTO,IS_MANDATORY,SYSTEM_READONLY,FIELD_TYPE,FIELD_LENGTH,INPUT_ALPHABET,INPUT_MULTIBYTE,INPUT_NUMERIC,INPUT_SYMBOL,INPUT_UPPERCASE,RETRIEVAL_TABLE,FORMAT,DEFAULT_VALUE,MIN_VALUE,MAX_VALUE,CALENDAR_BUTTON,JUMP_BUTTON,OPEN_BUTTON,REF_TABLE_ID,REF_FIELD_NAME,SPECIAL_BUTTON) VALUES ('TBLID_BMTL_PROD','A_VAL','A_VAL','A_VAL','STRING',10,'N','Y','N','Y',7,-1,0,0,7,'N','N','N','STRING',10,'Y',0,'Y','Y','Y','NONE',NULL,NULL,NULL,NULL,'N','N',0,NULL,NULL,0);
INSERT INTO SM_FIELD_DEF (TABLE_ID,FIELD_NAME,JP_TITLE,US_TITLE,DB_TYPE,DB_LENGTH,IS_KEY,NOT_BLANK,IS_DUMMY,IS_SEARCH_ITEM,SORT_NO,TREE_LEVEL,SHEET_NO,PAGE_NO,PROPERTY_NO,IS_AUTO,IS_MANDATORY,SYSTEM_READONLY,FIELD_TYPE,FIELD_LENGTH,INPUT_ALPHABET,INPUT_MULTIBYTE,INPUT_NUMERIC,INPUT_SYMBOL,INPUT_UPPERCASE,RETRIEVAL_TABLE,FORMAT,DEFAULT_VALUE,MIN_VALUE,MAX_VALUE,CALENDAR_BUTTON,JUMP_BUTTON,OPEN_BUTTON,REF_TABLE_ID,REF_FIELD_NAME,SPECIAL_BUTTON) VALUES ('TBLID_BMTL_PROD','C_FLG','C_FLG','C_FLG','STRING',1,'N','Y','N','Y',8,-1,0,0,8,'N','N','N','STRING',1,'Y',0,'Y','Y','Y','NONE',NULL,NULL,NULL,NULL,'N','N',0,NULL,NULL,0);
INSERT INTO SM_FIELD_DEF (TABLE_ID,FIELD_NAME,JP_TITLE,US_TITLE,DB_TYPE,DB_LENGTH,IS_KEY,NOT_BLANK,IS_DUMMY,IS_SEARCH_ITEM,SORT_NO,TREE_LEVEL,SHEET_NO,PAGE_NO,PROPERTY_NO,IS_AUTO,IS_MANDATORY,SYSTEM_READONLY,FIELD_TYPE,FIELD_LENGTH,INPUT_ALPHABET,INPUT_MULTIBYTE,INPUT_NUMERIC,INPUT_SYMBOL,INPUT_UPPERCASE,RETRIEVAL_TABLE,FORMAT,DEFAULT_VALUE,MIN_VALUE,MAX_VALUE,CALENDAR_BUTTON,JUMP_BUTTON,OPEN_BUTTON,REF_TABLE_ID,REF_FIELD_NAME,SPECIAL_BUTTON) VALUES ('TBLID_BMTL_PROD','H_VAL1','H_VAL1','H_VAL1','STRING',10,'N','Y','N','Y',9,-1,0,0,9,'N','N','N','STRING',10,'Y',0,'Y','Y','Y','NONE',NULL,NULL,NULL,NULL,'N','N',0,NULL,NULL,0);
INSERT INTO SM_FIELD_DEF (TABLE_ID,FIELD_NAME,JP_TITLE,US_TITLE,DB_TYPE,DB_LENGTH,IS_KEY,NOT_BLANK,IS_DUMMY,IS_SEARCH_ITEM,SORT_NO,TREE_LEVEL,SHEET_NO,PAGE_NO,PROPERTY_NO,IS_AUTO,IS_MANDATORY,SYSTEM_READONLY,FIELD_TYPE,FIELD_LENGTH,INPUT_ALPHABET,INPUT_MULTIBYTE,INPUT_NUMERIC,INPUT_SYMBOL,INPUT_UPPERCASE,RETRIEVAL_TABLE,FORMAT,DEFAULT_VALUE,MIN_VALUE,MAX_VALUE,CALENDAR_BUTTON,JUMP_BUTTON,OPEN_BUTTON,REF_TABLE_ID,REF_FIELD_NAME,SPECIAL_BUTTON) VALUES ('TBLID_BMTL_PROD','L_VAL1','L_VAL1','L_VAL1','STRING',10,'N','Y','N','Y',10,-1,0,0,10,'N','N','N','STRING',10,'Y',0,'Y','Y','Y','NONE',NULL,NULL,NULL,NULL,'N','N',0,NULL,NULL,0);
INSERT INTO SM_CHECK_DEF (TABLE_ID,CHECK_TYPE,CHECK_ORDER,CHECK_KIND,FIELD_NAME,REF_TABLE,REF_FIELD,EXPECT_VALUE,ERR_MSG) VALUES ('TBLID_BMTL_PROD','SAVE',1,'NOTNULL','MTL_ITEM_ID',NULL,NULL,NULL,'MTL_ITEM_ID required');
INSERT INTO SM_CHECK_DEF (TABLE_ID,CHECK_TYPE,CHECK_ORDER,CHECK_KIND,FIELD_NAME,REF_TABLE,REF_FIELD,EXPECT_VALUE,ERR_MSG) VALUES ('TBLID_BMTL_PROD','SAVE',2,'STAT_N',NULL,NULL,NULL,NULL,'Not editable');
INSERT INTO SM_CHECK_DEF (TABLE_ID,CHECK_TYPE,CHECK_ORDER,CHECK_KIND,FIELD_NAME,REF_TABLE,REF_FIELD,EXPECT_VALUE,ERR_MSG) VALUES ('TBLID_BMTL_PROD','SAVE',3,'LOCK_FREE',NULL,NULL,NULL,NULL,'Locked');
INSERT INTO SM_CHECK_DEF (TABLE_ID,CHECK_TYPE,CHECK_ORDER,CHECK_KIND,FIELD_NAME,REF_TABLE,REF_FIELD,EXPECT_VALUE,ERR_MSG) VALUES ('TBLID_BMTL_PROD','RELEASE',1,'NOTNULL','MTL_ITEM_ID',NULL,NULL,NULL,'MTL_ITEM_ID required');
INSERT INTO SM_CHECK_DEF (TABLE_ID,CHECK_TYPE,CHECK_ORDER,CHECK_KIND,FIELD_NAME,REF_TABLE,REF_FIELD,EXPECT_VALUE,ERR_MSG) VALUES ('TBLID_BMTL_PROD','RELEASE',2,'STAT_N',NULL,NULL,NULL,NULL,'Not editable');
INSERT INTO SM_CHECK_DEF (TABLE_ID,CHECK_TYPE,CHECK_ORDER,CHECK_KIND,FIELD_NAME,REF_TABLE,REF_FIELD,EXPECT_VALUE,ERR_MSG) VALUES ('TBLID_BMTL_PROD','RELEASE',3,'LOCK_FREE',NULL,NULL,NULL,NULL,'Locked');
INSERT INTO SM_CHECK_DEF (TABLE_ID,CHECK_TYPE,CHECK_ORDER,CHECK_KIND,FIELD_NAME,REF_TABLE,REF_FIELD,EXPECT_VALUE,ERR_MSG) VALUES ('TBLID_BMTL_PROD','RELEASE',10,'RELEASE_PARAM','MTL_ITEM_ID','DMTL_PROD',NULL,NULL,NULL);
INSERT INTO SM_CHECK_DEF (TABLE_ID,CHECK_TYPE,CHECK_ORDER,CHECK_KIND,FIELD_NAME,REF_TABLE,REF_FIELD,EXPECT_VALUE,ERR_MSG) VALUES ('TBLID_BMTL_PROD','DELETE',1,'NOTNULL','MTL_ITEM_ID',NULL,NULL,NULL,'MTL_ITEM_ID required');
INSERT INTO SM_CHECK_DEF (TABLE_ID,CHECK_TYPE,CHECK_ORDER,CHECK_KIND,FIELD_NAME,REF_TABLE,REF_FIELD,EXPECT_VALUE,ERR_MSG) VALUES ('TBLID_BMTL_PROD','DELETE',2,'STAT_Y',NULL,NULL,NULL,NULL,'Not released');
INSERT INTO SM_CHECK_DEF (TABLE_ID,CHECK_TYPE,CHECK_ORDER,CHECK_KIND,FIELD_NAME,REF_TABLE,REF_FIELD,EXPECT_VALUE,ERR_MSG) VALUES ('TBLID_BMTL_PROD','DELETE',3,'LOCK_FREE',NULL,NULL,NULL,NULL,'Locked');
INSERT INTO SM_CHECK_DEF (TABLE_ID,CHECK_TYPE,CHECK_ORDER,CHECK_KIND,FIELD_NAME,REF_TABLE,REF_FIELD,EXPECT_VALUE,ERR_MSG) VALUES ('TBLID_BMTL_PROD','EDITCOMP',1,'NOTNULL','MTL_ITEM_ID',NULL,NULL,NULL,'MTL_ITEM_ID required');
INSERT INTO SM_CHECK_DEF (TABLE_ID,CHECK_TYPE,CHECK_ORDER,CHECK_KIND,FIELD_NAME,REF_TABLE,REF_FIELD,EXPECT_VALUE,ERR_MSG) VALUES ('TBLID_BMTL_PROD','EDITCOMP',2,'STAT_N',NULL,NULL,NULL,NULL,'Not editable');
INSERT INTO SM_CHECK_DEF (TABLE_ID,CHECK_TYPE,CHECK_ORDER,CHECK_KIND,FIELD_NAME,REF_TABLE,REF_FIELD,EXPECT_VALUE,ERR_MSG) VALUES ('TBLID_BMTL_PROD','EDITCOMP',3,'LOCK_FREE',NULL,NULL,NULL,NULL,'Locked');
INSERT INTO SM_CHECK_DEF (TABLE_ID,CHECK_TYPE,CHECK_ORDER,CHECK_KIND,FIELD_NAME,REF_TABLE,REF_FIELD,EXPECT_VALUE,ERR_MSG) VALUES ('TBLID_BMTL_PROD','EDITCOMP',4,'COMP_N',NULL,NULL,NULL,NULL,'Already complete');

INSERT INTO SM_TABLE_DEF (TABLE_ID,TABLE_NAME,JP_TITLE,US_TITLE,RELEASE_FLAG,DISTRIBUTE_FLAG,PERMISSION_TYPE,SCHEMA_TYPE,HAS_DUMMY,SORT_NO) VALUES ('TBLID_BMTL_PROD_FIT','BMTL_PROD_FIT','BMTL_PROD_FIT','BMTL_PROD_FIT','Y','N','C','L','N',790);
INSERT INTO SM_FIELD_DEF (TABLE_ID,FIELD_NAME,JP_TITLE,US_TITLE,DB_TYPE,DB_LENGTH,IS_KEY,NOT_BLANK,IS_DUMMY,IS_SEARCH_ITEM,SORT_NO,TREE_LEVEL,SHEET_NO,PAGE_NO,PROPERTY_NO,IS_AUTO,IS_MANDATORY,SYSTEM_READONLY,FIELD_TYPE,FIELD_LENGTH,INPUT_ALPHABET,INPUT_MULTIBYTE,INPUT_NUMERIC,INPUT_SYMBOL,INPUT_UPPERCASE,RETRIEVAL_TABLE,FORMAT,DEFAULT_VALUE,MIN_VALUE,MAX_VALUE,CALENDAR_BUTTON,JUMP_BUTTON,OPEN_BUTTON,REF_TABLE_ID,REF_FIELD_NAME,SPECIAL_BUTTON) VALUES ('TBLID_BMTL_PROD_FIT','PROD_ID','PROD_ID','PROD_ID','STRING',20,'Y','Y','N','Y',0,0,0,0,0,'N','N','N','STRING',20,'Y',0,'Y','Y','Y','NONE',NULL,NULL,NULL,NULL,'N','N',0,NULL,NULL,0);
INSERT INTO SM_FIELD_DEF (TABLE_ID,FIELD_NAME,JP_TITLE,US_TITLE,DB_TYPE,DB_LENGTH,IS_KEY,NOT_BLANK,IS_DUMMY,IS_SEARCH_ITEM,SORT_NO,TREE_LEVEL,SHEET_NO,PAGE_NO,PROPERTY_NO,IS_AUTO,IS_MANDATORY,SYSTEM_READONLY,FIELD_TYPE,FIELD_LENGTH,INPUT_ALPHABET,INPUT_MULTIBYTE,INPUT_NUMERIC,INPUT_SYMBOL,INPUT_UPPERCASE,RETRIEVAL_TABLE,FORMAT,DEFAULT_VALUE,MIN_VALUE,MAX_VALUE,CALENDAR_BUTTON,JUMP_BUTTON,OPEN_BUTTON,REF_TABLE_ID,REF_FIELD_NAME,SPECIAL_BUTTON) VALUES ('TBLID_BMTL_PROD_FIT','MTL_ITEM_ID','MTL_ITEM_ID','MTL_ITEM_ID','STRING',20,'N','Y','N','Y',1,-1,0,0,1,'N','N','N','STRING',20,'Y',0,'Y','Y','Y','NONE',NULL,NULL,NULL,NULL,'N','N',0,NULL,NULL,0);
INSERT INTO SM_FIELD_DEF (TABLE_ID,FIELD_NAME,JP_TITLE,US_TITLE,DB_TYPE,DB_LENGTH,IS_KEY,NOT_BLANK,IS_DUMMY,IS_SEARCH_ITEM,SORT_NO,TREE_LEVEL,SHEET_NO,PAGE_NO,PROPERTY_NO,IS_AUTO,IS_MANDATORY,SYSTEM_READONLY,FIELD_TYPE,FIELD_LENGTH,INPUT_ALPHABET,INPUT_MULTIBYTE,INPUT_NUMERIC,INPUT_SYMBOL,INPUT_UPPERCASE,RETRIEVAL_TABLE,FORMAT,DEFAULT_VALUE,MIN_VALUE,MAX_VALUE,CALENDAR_BUTTON,JUMP_BUTTON,OPEN_BUTTON,REF_TABLE_ID,REF_FIELD_NAME,SPECIAL_BUTTON) VALUES ('TBLID_BMTL_PROD_FIT','EQP_PROPERTY','EQP_PROPERTY','EQP_PROPERTY','STRING',10,'N','Y','N','Y',2,-1,0,0,2,'N','N','N','STRING',10,'Y',0,'Y','Y','Y','NONE',NULL,NULL,NULL,NULL,'N','N',0,NULL,NULL,0);
INSERT INTO SM_CHECK_DEF (TABLE_ID,CHECK_TYPE,CHECK_ORDER,CHECK_KIND,FIELD_NAME,REF_TABLE,REF_FIELD,EXPECT_VALUE,ERR_MSG) VALUES ('TBLID_BMTL_PROD_FIT','SAVE',1,'NOTNULL','PROD_ID',NULL,NULL,NULL,'PROD_ID required');
INSERT INTO SM_CHECK_DEF (TABLE_ID,CHECK_TYPE,CHECK_ORDER,CHECK_KIND,FIELD_NAME,REF_TABLE,REF_FIELD,EXPECT_VALUE,ERR_MSG) VALUES ('TBLID_BMTL_PROD_FIT','SAVE',2,'STAT_N',NULL,NULL,NULL,NULL,'Not editable');
INSERT INTO SM_CHECK_DEF (TABLE_ID,CHECK_TYPE,CHECK_ORDER,CHECK_KIND,FIELD_NAME,REF_TABLE,REF_FIELD,EXPECT_VALUE,ERR_MSG) VALUES ('TBLID_BMTL_PROD_FIT','SAVE',3,'LOCK_FREE',NULL,NULL,NULL,NULL,'Locked');
INSERT INTO SM_CHECK_DEF (TABLE_ID,CHECK_TYPE,CHECK_ORDER,CHECK_KIND,FIELD_NAME,REF_TABLE,REF_FIELD,EXPECT_VALUE,ERR_MSG) VALUES ('TBLID_BMTL_PROD_FIT','RELEASE',1,'NOTNULL','PROD_ID',NULL,NULL,NULL,'PROD_ID required');
INSERT INTO SM_CHECK_DEF (TABLE_ID,CHECK_TYPE,CHECK_ORDER,CHECK_KIND,FIELD_NAME,REF_TABLE,REF_FIELD,EXPECT_VALUE,ERR_MSG) VALUES ('TBLID_BMTL_PROD_FIT','RELEASE',2,'STAT_N',NULL,NULL,NULL,NULL,'Not editable');
INSERT INTO SM_CHECK_DEF (TABLE_ID,CHECK_TYPE,CHECK_ORDER,CHECK_KIND,FIELD_NAME,REF_TABLE,REF_FIELD,EXPECT_VALUE,ERR_MSG) VALUES ('TBLID_BMTL_PROD_FIT','RELEASE',3,'LOCK_FREE',NULL,NULL,NULL,NULL,'Locked');
INSERT INTO SM_CHECK_DEF (TABLE_ID,CHECK_TYPE,CHECK_ORDER,CHECK_KIND,FIELD_NAME,REF_TABLE,REF_FIELD,EXPECT_VALUE,ERR_MSG) VALUES ('TBLID_BMTL_PROD_FIT','RELEASE',10,'RELEASE_PARAM','PROD_ID','DMTL_PROD_FIT',NULL,NULL,NULL);
INSERT INTO SM_CHECK_DEF (TABLE_ID,CHECK_TYPE,CHECK_ORDER,CHECK_KIND,FIELD_NAME,REF_TABLE,REF_FIELD,EXPECT_VALUE,ERR_MSG) VALUES ('TBLID_BMTL_PROD_FIT','DELETE',1,'NOTNULL','PROD_ID',NULL,NULL,NULL,'PROD_ID required');
INSERT INTO SM_CHECK_DEF (TABLE_ID,CHECK_TYPE,CHECK_ORDER,CHECK_KIND,FIELD_NAME,REF_TABLE,REF_FIELD,EXPECT_VALUE,ERR_MSG) VALUES ('TBLID_BMTL_PROD_FIT','DELETE',2,'STAT_Y',NULL,NULL,NULL,NULL,'Not released');
INSERT INTO SM_CHECK_DEF (TABLE_ID,CHECK_TYPE,CHECK_ORDER,CHECK_KIND,FIELD_NAME,REF_TABLE,REF_FIELD,EXPECT_VALUE,ERR_MSG) VALUES ('TBLID_BMTL_PROD_FIT','DELETE',3,'LOCK_FREE',NULL,NULL,NULL,NULL,'Locked');
INSERT INTO SM_CHECK_DEF (TABLE_ID,CHECK_TYPE,CHECK_ORDER,CHECK_KIND,FIELD_NAME,REF_TABLE,REF_FIELD,EXPECT_VALUE,ERR_MSG) VALUES ('TBLID_BMTL_PROD_FIT','EDITCOMP',1,'NOTNULL','PROD_ID',NULL,NULL,NULL,'PROD_ID required');
INSERT INTO SM_CHECK_DEF (TABLE_ID,CHECK_TYPE,CHECK_ORDER,CHECK_KIND,FIELD_NAME,REF_TABLE,REF_FIELD,EXPECT_VALUE,ERR_MSG) VALUES ('TBLID_BMTL_PROD_FIT','EDITCOMP',2,'STAT_N',NULL,NULL,NULL,NULL,'Not editable');
INSERT INTO SM_CHECK_DEF (TABLE_ID,CHECK_TYPE,CHECK_ORDER,CHECK_KIND,FIELD_NAME,REF_TABLE,REF_FIELD,EXPECT_VALUE,ERR_MSG) VALUES ('TBLID_BMTL_PROD_FIT','EDITCOMP',3,'LOCK_FREE',NULL,NULL,NULL,NULL,'Locked');
INSERT INTO SM_CHECK_DEF (TABLE_ID,CHECK_TYPE,CHECK_ORDER,CHECK_KIND,FIELD_NAME,REF_TABLE,REF_FIELD,EXPECT_VALUE,ERR_MSG) VALUES ('TBLID_BMTL_PROD_FIT','EDITCOMP',4,'COMP_N',NULL,NULL,NULL,NULL,'Already complete');

INSERT INTO SM_TABLE_DEF (TABLE_ID,TABLE_NAME,JP_TITLE,US_TITLE,RELEASE_FLAG,DISTRIBUTE_FLAG,PERMISSION_TYPE,SCHEMA_TYPE,HAS_DUMMY,SORT_NO) VALUES ('TBLID_BMULTI_RECIP_SET','BMULTI_RECIP_SET','BMULTI_RECIP_SET','BMULTI_RECIP_SET','Y','N','C','L','N',800);
INSERT INTO SM_FIELD_DEF (TABLE_ID,FIELD_NAME,JP_TITLE,US_TITLE,DB_TYPE,DB_LENGTH,IS_KEY,NOT_BLANK,IS_DUMMY,IS_SEARCH_ITEM,SORT_NO,TREE_LEVEL,SHEET_NO,PAGE_NO,PROPERTY_NO,IS_AUTO,IS_MANDATORY,SYSTEM_READONLY,FIELD_TYPE,FIELD_LENGTH,INPUT_ALPHABET,INPUT_MULTIBYTE,INPUT_NUMERIC,INPUT_SYMBOL,INPUT_UPPERCASE,RETRIEVAL_TABLE,FORMAT,DEFAULT_VALUE,MIN_VALUE,MAX_VALUE,CALENDAR_BUTTON,JUMP_BUTTON,OPEN_BUTTON,REF_TABLE_ID,REF_FIELD_NAME,SPECIAL_BUTTON) VALUES ('TBLID_BMULTI_RECIP_SET','ROUTE_ID','ROUTE_ID','ROUTE_ID','STRING',12,'Y','Y','N','Y',0,0,0,0,0,'N','N','N','STRING',12,'Y',0,'Y','Y','Y','NONE',NULL,NULL,NULL,NULL,'N','N',0,NULL,NULL,0);
INSERT INTO SM_FIELD_DEF (TABLE_ID,FIELD_NAME,JP_TITLE,US_TITLE,DB_TYPE,DB_LENGTH,IS_KEY,NOT_BLANK,IS_DUMMY,IS_SEARCH_ITEM,SORT_NO,TREE_LEVEL,SHEET_NO,PAGE_NO,PROPERTY_NO,IS_AUTO,IS_MANDATORY,SYSTEM_READONLY,FIELD_TYPE,FIELD_LENGTH,INPUT_ALPHABET,INPUT_MULTIBYTE,INPUT_NUMERIC,INPUT_SYMBOL,INPUT_UPPERCASE,RETRIEVAL_TABLE,FORMAT,DEFAULT_VALUE,MIN_VALUE,MAX_VALUE,CALENDAR_BUTTON,JUMP_BUTTON,OPEN_BUTTON,REF_TABLE_ID,REF_FIELD_NAME,SPECIAL_BUTTON) VALUES ('TBLID_BMULTI_RECIP_SET','ROUTE_VER','ROUTE_VER','ROUTE_VER','STRING',3,'N','Y','N','Y',1,-1,0,0,1,'N','N','N','STRING',3,'Y',0,'Y','Y','Y','NONE',NULL,NULL,NULL,NULL,'N','N',0,NULL,NULL,0);
INSERT INTO SM_FIELD_DEF (TABLE_ID,FIELD_NAME,JP_TITLE,US_TITLE,DB_TYPE,DB_LENGTH,IS_KEY,NOT_BLANK,IS_DUMMY,IS_SEARCH_ITEM,SORT_NO,TREE_LEVEL,SHEET_NO,PAGE_NO,PROPERTY_NO,IS_AUTO,IS_MANDATORY,SYSTEM_READONLY,FIELD_TYPE,FIELD_LENGTH,INPUT_ALPHABET,INPUT_MULTIBYTE,INPUT_NUMERIC,INPUT_SYMBOL,INPUT_UPPERCASE,RETRIEVAL_TABLE,FORMAT,DEFAULT_VALUE,MIN_VALUE,MAX_VALUE,CALENDAR_BUTTON,JUMP_BUTTON,OPEN_BUTTON,REF_TABLE_ID,REF_FIELD_NAME,SPECIAL_BUTTON) VALUES ('TBLID_BMULTI_RECIP_SET','OPE_NO','OPE_NO','OPE_NO','STRING',6,'N','Y','N','Y',2,-1,0,0,2,'N','N','N','STRING',6,'Y',0,'Y','Y','Y','NONE',NULL,NULL,NULL,NULL,'N','N',0,NULL,NULL,0);
INSERT INTO SM_FIELD_DEF (TABLE_ID,FIELD_NAME,JP_TITLE,US_TITLE,DB_TYPE,DB_LENGTH,IS_KEY,NOT_BLANK,IS_DUMMY,IS_SEARCH_ITEM,SORT_NO,TREE_LEVEL,SHEET_NO,PAGE_NO,PROPERTY_NO,IS_AUTO,IS_MANDATORY,SYSTEM_READONLY,FIELD_TYPE,FIELD_LENGTH,INPUT_ALPHABET,INPUT_MULTIBYTE,INPUT_NUMERIC,INPUT_SYMBOL,INPUT_UPPERCASE,RETRIEVAL_TABLE,FORMAT,DEFAULT_VALUE,MIN_VALUE,MAX_VALUE,CALENDAR_BUTTON,JUMP_BUTTON,OPEN_BUTTON,REF_TABLE_ID,REF_FIELD_NAME,SPECIAL_BUTTON) VALUES ('TBLID_BMULTI_RECIP_SET','PROD_ID','PROD_ID','PROD_ID','STRING',20,'N','Y','N','Y',3,-1,0,0,3,'N','N','N','STRING',20,'Y',0,'Y','Y','Y','NONE',NULL,NULL,NULL,NULL,'N','N',0,NULL,NULL,0);
INSERT INTO SM_FIELD_DEF (TABLE_ID,FIELD_NAME,JP_TITLE,US_TITLE,DB_TYPE,DB_LENGTH,IS_KEY,NOT_BLANK,IS_DUMMY,IS_SEARCH_ITEM,SORT_NO,TREE_LEVEL,SHEET_NO,PAGE_NO,PROPERTY_NO,IS_AUTO,IS_MANDATORY,SYSTEM_READONLY,FIELD_TYPE,FIELD_LENGTH,INPUT_ALPHABET,INPUT_MULTIBYTE,INPUT_NUMERIC,INPUT_SYMBOL,INPUT_UPPERCASE,RETRIEVAL_TABLE,FORMAT,DEFAULT_VALUE,MIN_VALUE,MAX_VALUE,CALENDAR_BUTTON,JUMP_BUTTON,OPEN_BUTTON,REF_TABLE_ID,REF_FIELD_NAME,SPECIAL_BUTTON) VALUES ('TBLID_BMULTI_RECIP_SET','EQP_ID','EQP_ID','EQP_ID','STRING',10,'N','Y','N','Y',4,-1,0,0,4,'N','N','N','STRING',10,'Y',0,'Y','Y','Y','NONE',NULL,NULL,NULL,NULL,'N','N',0,NULL,NULL,0);
INSERT INTO SM_FIELD_DEF (TABLE_ID,FIELD_NAME,JP_TITLE,US_TITLE,DB_TYPE,DB_LENGTH,IS_KEY,NOT_BLANK,IS_DUMMY,IS_SEARCH_ITEM,SORT_NO,TREE_LEVEL,SHEET_NO,PAGE_NO,PROPERTY_NO,IS_AUTO,IS_MANDATORY,SYSTEM_READONLY,FIELD_TYPE,FIELD_LENGTH,INPUT_ALPHABET,INPUT_MULTIBYTE,INPUT_NUMERIC,INPUT_SYMBOL,INPUT_UPPERCASE,RETRIEVAL_TABLE,FORMAT,DEFAULT_VALUE,MIN_VALUE,MAX_VALUE,CALENDAR_BUTTON,JUMP_BUTTON,OPEN_BUTTON,REF_TABLE_ID,REF_FIELD_NAME,SPECIAL_BUTTON) VALUES ('TBLID_BMULTI_RECIP_SET','RECIP_ID1','RECIP_ID1','RECIP_ID1','STRING',20,'N','Y','N','Y',5,-1,0,0,5,'N','N','N','STRING',20,'Y',0,'Y','Y','Y','NONE',NULL,NULL,NULL,NULL,'N','N',0,NULL,NULL,0);
INSERT INTO SM_FIELD_DEF (TABLE_ID,FIELD_NAME,JP_TITLE,US_TITLE,DB_TYPE,DB_LENGTH,IS_KEY,NOT_BLANK,IS_DUMMY,IS_SEARCH_ITEM,SORT_NO,TREE_LEVEL,SHEET_NO,PAGE_NO,PROPERTY_NO,IS_AUTO,IS_MANDATORY,SYSTEM_READONLY,FIELD_TYPE,FIELD_LENGTH,INPUT_ALPHABET,INPUT_MULTIBYTE,INPUT_NUMERIC,INPUT_SYMBOL,INPUT_UPPERCASE,RETRIEVAL_TABLE,FORMAT,DEFAULT_VALUE,MIN_VALUE,MAX_VALUE,CALENDAR_BUTTON,JUMP_BUTTON,OPEN_BUTTON,REF_TABLE_ID,REF_FIELD_NAME,SPECIAL_BUTTON) VALUES ('TBLID_BMULTI_RECIP_SET','RECIP1_CNT','RECIP1_CNT','RECIP1_CNT','NUMBER',0,'N','Y','N','Y',6,-1,0,0,6,'N','N','N','STRING',0,'Y',0,'Y','Y','Y','NONE',NULL,NULL,NULL,NULL,'N','N',0,NULL,NULL,0);
INSERT INTO SM_FIELD_DEF (TABLE_ID,FIELD_NAME,JP_TITLE,US_TITLE,DB_TYPE,DB_LENGTH,IS_KEY,NOT_BLANK,IS_DUMMY,IS_SEARCH_ITEM,SORT_NO,TREE_LEVEL,SHEET_NO,PAGE_NO,PROPERTY_NO,IS_AUTO,IS_MANDATORY,SYSTEM_READONLY,FIELD_TYPE,FIELD_LENGTH,INPUT_ALPHABET,INPUT_MULTIBYTE,INPUT_NUMERIC,INPUT_SYMBOL,INPUT_UPPERCASE,RETRIEVAL_TABLE,FORMAT,DEFAULT_VALUE,MIN_VALUE,MAX_VALUE,CALENDAR_BUTTON,JUMP_BUTTON,OPEN_BUTTON,REF_TABLE_ID,REF_FIELD_NAME,SPECIAL_BUTTON) VALUES ('TBLID_BMULTI_RECIP_SET','RECIP_ID2','RECIP_ID2','RECIP_ID2','STRING',20,'N','Y','N','Y',7,-1,0,0,7,'N','N','N','STRING',20,'Y',0,'Y','Y','Y','NONE',NULL,NULL,NULL,NULL,'N','N',0,NULL,NULL,0);
INSERT INTO SM_FIELD_DEF (TABLE_ID,FIELD_NAME,JP_TITLE,US_TITLE,DB_TYPE,DB_LENGTH,IS_KEY,NOT_BLANK,IS_DUMMY,IS_SEARCH_ITEM,SORT_NO,TREE_LEVEL,SHEET_NO,PAGE_NO,PROPERTY_NO,IS_AUTO,IS_MANDATORY,SYSTEM_READONLY,FIELD_TYPE,FIELD_LENGTH,INPUT_ALPHABET,INPUT_MULTIBYTE,INPUT_NUMERIC,INPUT_SYMBOL,INPUT_UPPERCASE,RETRIEVAL_TABLE,FORMAT,DEFAULT_VALUE,MIN_VALUE,MAX_VALUE,CALENDAR_BUTTON,JUMP_BUTTON,OPEN_BUTTON,REF_TABLE_ID,REF_FIELD_NAME,SPECIAL_BUTTON) VALUES ('TBLID_BMULTI_RECIP_SET','RECIP2_CNT','RECIP2_CNT','RECIP2_CNT','NUMBER',0,'N','Y','N','Y',8,-1,0,0,8,'N','N','N','STRING',0,'Y',0,'Y','Y','Y','NONE',NULL,NULL,NULL,NULL,'N','N',0,NULL,NULL,0);
INSERT INTO SM_CHECK_DEF (TABLE_ID,CHECK_TYPE,CHECK_ORDER,CHECK_KIND,FIELD_NAME,REF_TABLE,REF_FIELD,EXPECT_VALUE,ERR_MSG) VALUES ('TBLID_BMULTI_RECIP_SET','SAVE',1,'NOTNULL','ROUTE_ID',NULL,NULL,NULL,'ROUTE_ID required');
INSERT INTO SM_CHECK_DEF (TABLE_ID,CHECK_TYPE,CHECK_ORDER,CHECK_KIND,FIELD_NAME,REF_TABLE,REF_FIELD,EXPECT_VALUE,ERR_MSG) VALUES ('TBLID_BMULTI_RECIP_SET','SAVE',2,'STAT_N',NULL,NULL,NULL,NULL,'Not editable');
INSERT INTO SM_CHECK_DEF (TABLE_ID,CHECK_TYPE,CHECK_ORDER,CHECK_KIND,FIELD_NAME,REF_TABLE,REF_FIELD,EXPECT_VALUE,ERR_MSG) VALUES ('TBLID_BMULTI_RECIP_SET','SAVE',3,'LOCK_FREE',NULL,NULL,NULL,NULL,'Locked');
INSERT INTO SM_CHECK_DEF (TABLE_ID,CHECK_TYPE,CHECK_ORDER,CHECK_KIND,FIELD_NAME,REF_TABLE,REF_FIELD,EXPECT_VALUE,ERR_MSG) VALUES ('TBLID_BMULTI_RECIP_SET','RELEASE',1,'NOTNULL','ROUTE_ID',NULL,NULL,NULL,'ROUTE_ID required');
INSERT INTO SM_CHECK_DEF (TABLE_ID,CHECK_TYPE,CHECK_ORDER,CHECK_KIND,FIELD_NAME,REF_TABLE,REF_FIELD,EXPECT_VALUE,ERR_MSG) VALUES ('TBLID_BMULTI_RECIP_SET','RELEASE',2,'STAT_N',NULL,NULL,NULL,NULL,'Not editable');
INSERT INTO SM_CHECK_DEF (TABLE_ID,CHECK_TYPE,CHECK_ORDER,CHECK_KIND,FIELD_NAME,REF_TABLE,REF_FIELD,EXPECT_VALUE,ERR_MSG) VALUES ('TBLID_BMULTI_RECIP_SET','RELEASE',3,'LOCK_FREE',NULL,NULL,NULL,NULL,'Locked');
INSERT INTO SM_CHECK_DEF (TABLE_ID,CHECK_TYPE,CHECK_ORDER,CHECK_KIND,FIELD_NAME,REF_TABLE,REF_FIELD,EXPECT_VALUE,ERR_MSG) VALUES ('TBLID_BMULTI_RECIP_SET','RELEASE',10,'RELEASE_PARAM','ROUTE_ID','DMULTI_RECIP_SET',NULL,NULL,NULL);
INSERT INTO SM_CHECK_DEF (TABLE_ID,CHECK_TYPE,CHECK_ORDER,CHECK_KIND,FIELD_NAME,REF_TABLE,REF_FIELD,EXPECT_VALUE,ERR_MSG) VALUES ('TBLID_BMULTI_RECIP_SET','DELETE',1,'NOTNULL','ROUTE_ID',NULL,NULL,NULL,'ROUTE_ID required');
INSERT INTO SM_CHECK_DEF (TABLE_ID,CHECK_TYPE,CHECK_ORDER,CHECK_KIND,FIELD_NAME,REF_TABLE,REF_FIELD,EXPECT_VALUE,ERR_MSG) VALUES ('TBLID_BMULTI_RECIP_SET','DELETE',2,'STAT_Y',NULL,NULL,NULL,NULL,'Not released');
INSERT INTO SM_CHECK_DEF (TABLE_ID,CHECK_TYPE,CHECK_ORDER,CHECK_KIND,FIELD_NAME,REF_TABLE,REF_FIELD,EXPECT_VALUE,ERR_MSG) VALUES ('TBLID_BMULTI_RECIP_SET','DELETE',3,'LOCK_FREE',NULL,NULL,NULL,NULL,'Locked');
INSERT INTO SM_CHECK_DEF (TABLE_ID,CHECK_TYPE,CHECK_ORDER,CHECK_KIND,FIELD_NAME,REF_TABLE,REF_FIELD,EXPECT_VALUE,ERR_MSG) VALUES ('TBLID_BMULTI_RECIP_SET','EDITCOMP',1,'NOTNULL','ROUTE_ID',NULL,NULL,NULL,'ROUTE_ID required');
INSERT INTO SM_CHECK_DEF (TABLE_ID,CHECK_TYPE,CHECK_ORDER,CHECK_KIND,FIELD_NAME,REF_TABLE,REF_FIELD,EXPECT_VALUE,ERR_MSG) VALUES ('TBLID_BMULTI_RECIP_SET','EDITCOMP',2,'STAT_N',NULL,NULL,NULL,NULL,'Not editable');
INSERT INTO SM_CHECK_DEF (TABLE_ID,CHECK_TYPE,CHECK_ORDER,CHECK_KIND,FIELD_NAME,REF_TABLE,REF_FIELD,EXPECT_VALUE,ERR_MSG) VALUES ('TBLID_BMULTI_RECIP_SET','EDITCOMP',3,'LOCK_FREE',NULL,NULL,NULL,NULL,'Locked');
INSERT INTO SM_CHECK_DEF (TABLE_ID,CHECK_TYPE,CHECK_ORDER,CHECK_KIND,FIELD_NAME,REF_TABLE,REF_FIELD,EXPECT_VALUE,ERR_MSG) VALUES ('TBLID_BMULTI_RECIP_SET','EDITCOMP',4,'COMP_N',NULL,NULL,NULL,NULL,'Already complete');

INSERT INTO SM_TABLE_DEF (TABLE_ID,TABLE_NAME,JP_TITLE,US_TITLE,RELEASE_FLAG,DISTRIBUTE_FLAG,PERMISSION_TYPE,SCHEMA_TYPE,HAS_DUMMY,SORT_NO) VALUES ('TBLID_BOPEMONI_INPUT_ADMIN','BOPEMONI_INPUT_ADMIN','BOPEMONI_INPUT_ADMIN','BOPEMONI_INPUT_ADMIN','Y','N','C','L','N',810);
INSERT INTO SM_FIELD_DEF (TABLE_ID,FIELD_NAME,JP_TITLE,US_TITLE,DB_TYPE,DB_LENGTH,IS_KEY,NOT_BLANK,IS_DUMMY,IS_SEARCH_ITEM,SORT_NO,TREE_LEVEL,SHEET_NO,PAGE_NO,PROPERTY_NO,IS_AUTO,IS_MANDATORY,SYSTEM_READONLY,FIELD_TYPE,FIELD_LENGTH,INPUT_ALPHABET,INPUT_MULTIBYTE,INPUT_NUMERIC,INPUT_SYMBOL,INPUT_UPPERCASE,RETRIEVAL_TABLE,FORMAT,DEFAULT_VALUE,MIN_VALUE,MAX_VALUE,CALENDAR_BUTTON,JUMP_BUTTON,OPEN_BUTTON,REF_TABLE_ID,REF_FIELD_NAME,SPECIAL_BUTTON) VALUES ('TBLID_BOPEMONI_INPUT_ADMIN','LOT_CAT','LOT_CAT','LOT_CAT','STRING',1,'Y','Y','N','Y',0,0,0,0,0,'N','N','N','STRING',1,'Y',0,'Y','Y','Y','NONE',NULL,NULL,NULL,NULL,'N','N',0,NULL,NULL,0);
INSERT INTO SM_FIELD_DEF (TABLE_ID,FIELD_NAME,JP_TITLE,US_TITLE,DB_TYPE,DB_LENGTH,IS_KEY,NOT_BLANK,IS_DUMMY,IS_SEARCH_ITEM,SORT_NO,TREE_LEVEL,SHEET_NO,PAGE_NO,PROPERTY_NO,IS_AUTO,IS_MANDATORY,SYSTEM_READONLY,FIELD_TYPE,FIELD_LENGTH,INPUT_ALPHABET,INPUT_MULTIBYTE,INPUT_NUMERIC,INPUT_SYMBOL,INPUT_UPPERCASE,RETRIEVAL_TABLE,FORMAT,DEFAULT_VALUE,MIN_VALUE,MAX_VALUE,CALENDAR_BUTTON,JUMP_BUTTON,OPEN_BUTTON,REF_TABLE_ID,REF_FIELD_NAME,SPECIAL_BUTTON) VALUES ('TBLID_BOPEMONI_INPUT_ADMIN','EQP_ID','EQP_ID','EQP_ID','STRING',10,'N','Y','N','Y',1,-1,0,0,1,'N','N','N','STRING',10,'Y',0,'Y','Y','Y','NONE',NULL,NULL,NULL,NULL,'N','N',0,NULL,NULL,0);
INSERT INTO SM_FIELD_DEF (TABLE_ID,FIELD_NAME,JP_TITLE,US_TITLE,DB_TYPE,DB_LENGTH,IS_KEY,NOT_BLANK,IS_DUMMY,IS_SEARCH_ITEM,SORT_NO,TREE_LEVEL,SHEET_NO,PAGE_NO,PROPERTY_NO,IS_AUTO,IS_MANDATORY,SYSTEM_READONLY,FIELD_TYPE,FIELD_LENGTH,INPUT_ALPHABET,INPUT_MULTIBYTE,INPUT_NUMERIC,INPUT_SYMBOL,INPUT_UPPERCASE,RETRIEVAL_TABLE,FORMAT,DEFAULT_VALUE,MIN_VALUE,MAX_VALUE,CALENDAR_BUTTON,JUMP_BUTTON,OPEN_BUTTON,REF_TABLE_ID,REF_FIELD_NAME,SPECIAL_BUTTON) VALUES ('TBLID_BOPEMONI_INPUT_ADMIN','MON_PROD_ID','MON_PROD_ID','MON_PROD_ID','STRING',20,'N','Y','N','Y',2,-1,0,0,2,'N','N','N','STRING',20,'Y',0,'Y','Y','Y','NONE',NULL,NULL,NULL,NULL,'N','N',0,NULL,NULL,0);
INSERT INTO SM_FIELD_DEF (TABLE_ID,FIELD_NAME,JP_TITLE,US_TITLE,DB_TYPE,DB_LENGTH,IS_KEY,NOT_BLANK,IS_DUMMY,IS_SEARCH_ITEM,SORT_NO,TREE_LEVEL,SHEET_NO,PAGE_NO,PROPERTY_NO,IS_AUTO,IS_MANDATORY,SYSTEM_READONLY,FIELD_TYPE,FIELD_LENGTH,INPUT_ALPHABET,INPUT_MULTIBYTE,INPUT_NUMERIC,INPUT_SYMBOL,INPUT_UPPERCASE,RETRIEVAL_TABLE,FORMAT,DEFAULT_VALUE,MIN_VALUE,MAX_VALUE,CALENDAR_BUTTON,JUMP_BUTTON,OPEN_BUTTON,REF_TABLE_ID,REF_FIELD_NAME,SPECIAL_BUTTON) VALUES ('TBLID_BOPEMONI_INPUT_ADMIN','START_TIME','START_TIME','START_TIME','STRING',5,'N','Y','N','Y',3,-1,0,0,3,'N','N','N','STRING',5,'Y',0,'Y','Y','Y','NONE',NULL,NULL,NULL,NULL,'N','N',0,NULL,NULL,0);
INSERT INTO SM_FIELD_DEF (TABLE_ID,FIELD_NAME,JP_TITLE,US_TITLE,DB_TYPE,DB_LENGTH,IS_KEY,NOT_BLANK,IS_DUMMY,IS_SEARCH_ITEM,SORT_NO,TREE_LEVEL,SHEET_NO,PAGE_NO,PROPERTY_NO,IS_AUTO,IS_MANDATORY,SYSTEM_READONLY,FIELD_TYPE,FIELD_LENGTH,INPUT_ALPHABET,INPUT_MULTIBYTE,INPUT_NUMERIC,INPUT_SYMBOL,INPUT_UPPERCASE,RETRIEVAL_TABLE,FORMAT,DEFAULT_VALUE,MIN_VALUE,MAX_VALUE,CALENDAR_BUTTON,JUMP_BUTTON,OPEN_BUTTON,REF_TABLE_ID,REF_FIELD_NAME,SPECIAL_BUTTON) VALUES ('TBLID_BOPEMONI_INPUT_ADMIN','CYCLE','CYCLE','CYCLE','STRING',1,'N','Y','N','Y',4,-1,0,0,4,'N','N','N','STRING',1,'Y',0,'Y','Y','Y','NONE',NULL,NULL,NULL,NULL,'N','N',0,NULL,NULL,0);
INSERT INTO SM_FIELD_DEF (TABLE_ID,FIELD_NAME,JP_TITLE,US_TITLE,DB_TYPE,DB_LENGTH,IS_KEY,NOT_BLANK,IS_DUMMY,IS_SEARCH_ITEM,SORT_NO,TREE_LEVEL,SHEET_NO,PAGE_NO,PROPERTY_NO,IS_AUTO,IS_MANDATORY,SYSTEM_READONLY,FIELD_TYPE,FIELD_LENGTH,INPUT_ALPHABET,INPUT_MULTIBYTE,INPUT_NUMERIC,INPUT_SYMBOL,INPUT_UPPERCASE,RETRIEVAL_TABLE,FORMAT,DEFAULT_VALUE,MIN_VALUE,MAX_VALUE,CALENDAR_BUTTON,JUMP_BUTTON,OPEN_BUTTON,REF_TABLE_ID,REF_FIELD_NAME,SPECIAL_BUTTON) VALUES ('TBLID_BOPEMONI_INPUT_ADMIN','SUBLOT_CNT','SUBLOT_CNT','SUBLOT_CNT','NUMBER',0,'N','Y','N','Y',5,-1,0,0,5,'N','N','N','STRING',0,'Y',0,'Y','Y','Y','NONE',NULL,NULL,NULL,NULL,'N','N',0,NULL,NULL,0);
INSERT INTO SM_FIELD_DEF (TABLE_ID,FIELD_NAME,JP_TITLE,US_TITLE,DB_TYPE,DB_LENGTH,IS_KEY,NOT_BLANK,IS_DUMMY,IS_SEARCH_ITEM,SORT_NO,TREE_LEVEL,SHEET_NO,PAGE_NO,PROPERTY_NO,IS_AUTO,IS_MANDATORY,SYSTEM_READONLY,FIELD_TYPE,FIELD_LENGTH,INPUT_ALPHABET,INPUT_MULTIBYTE,INPUT_NUMERIC,INPUT_SYMBOL,INPUT_UPPERCASE,RETRIEVAL_TABLE,FORMAT,DEFAULT_VALUE,MIN_VALUE,MAX_VALUE,CALENDAR_BUTTON,JUMP_BUTTON,OPEN_BUTTON,REF_TABLE_ID,REF_FIELD_NAME,SPECIAL_BUTTON) VALUES ('TBLID_BOPEMONI_INPUT_ADMIN','ACTION','ACTION','ACTION','STRING',1,'N','Y','N','Y',6,-1,0,0,6,'N','N','N','STRING',1,'Y',0,'Y','Y','Y','NONE',NULL,NULL,NULL,NULL,'N','N',0,NULL,NULL,0);
INSERT INTO SM_FIELD_DEF (TABLE_ID,FIELD_NAME,JP_TITLE,US_TITLE,DB_TYPE,DB_LENGTH,IS_KEY,NOT_BLANK,IS_DUMMY,IS_SEARCH_ITEM,SORT_NO,TREE_LEVEL,SHEET_NO,PAGE_NO,PROPERTY_NO,IS_AUTO,IS_MANDATORY,SYSTEM_READONLY,FIELD_TYPE,FIELD_LENGTH,INPUT_ALPHABET,INPUT_MULTIBYTE,INPUT_NUMERIC,INPUT_SYMBOL,INPUT_UPPERCASE,RETRIEVAL_TABLE,FORMAT,DEFAULT_VALUE,MIN_VALUE,MAX_VALUE,CALENDAR_BUTTON,JUMP_BUTTON,OPEN_BUTTON,REF_TABLE_ID,REF_FIELD_NAME,SPECIAL_BUTTON) VALUES ('TBLID_BOPEMONI_INPUT_ADMIN','ACTION2','ACTION2','ACTION2','STRING',1,'N','Y','N','Y',7,-1,0,0,7,'N','N','N','STRING',1,'Y',0,'Y','Y','Y','NONE',NULL,NULL,NULL,NULL,'N','N',0,NULL,NULL,0);
INSERT INTO SM_FIELD_DEF (TABLE_ID,FIELD_NAME,JP_TITLE,US_TITLE,DB_TYPE,DB_LENGTH,IS_KEY,NOT_BLANK,IS_DUMMY,IS_SEARCH_ITEM,SORT_NO,TREE_LEVEL,SHEET_NO,PAGE_NO,PROPERTY_NO,IS_AUTO,IS_MANDATORY,SYSTEM_READONLY,FIELD_TYPE,FIELD_LENGTH,INPUT_ALPHABET,INPUT_MULTIBYTE,INPUT_NUMERIC,INPUT_SYMBOL,INPUT_UPPERCASE,RETRIEVAL_TABLE,FORMAT,DEFAULT_VALUE,MIN_VALUE,MAX_VALUE,CALENDAR_BUTTON,JUMP_BUTTON,OPEN_BUTTON,REF_TABLE_ID,REF_FIELD_NAME,SPECIAL_BUTTON) VALUES ('TBLID_BOPEMONI_INPUT_ADMIN','ACTION3','ACTION3','ACTION3','STRING',1,'N','Y','N','Y',8,-1,0,0,8,'N','N','N','STRING',1,'Y',0,'Y','Y','Y','NONE',NULL,NULL,NULL,NULL,'N','N',0,NULL,NULL,0);
INSERT INTO SM_FIELD_DEF (TABLE_ID,FIELD_NAME,JP_TITLE,US_TITLE,DB_TYPE,DB_LENGTH,IS_KEY,NOT_BLANK,IS_DUMMY,IS_SEARCH_ITEM,SORT_NO,TREE_LEVEL,SHEET_NO,PAGE_NO,PROPERTY_NO,IS_AUTO,IS_MANDATORY,SYSTEM_READONLY,FIELD_TYPE,FIELD_LENGTH,INPUT_ALPHABET,INPUT_MULTIBYTE,INPUT_NUMERIC,INPUT_SYMBOL,INPUT_UPPERCASE,RETRIEVAL_TABLE,FORMAT,DEFAULT_VALUE,MIN_VALUE,MAX_VALUE,CALENDAR_BUTTON,JUMP_BUTTON,OPEN_BUTTON,REF_TABLE_ID,REF_FIELD_NAME,SPECIAL_BUTTON) VALUES ('TBLID_BOPEMONI_INPUT_ADMIN','ACTION4','ACTION4','ACTION4','STRING',1,'N','Y','N','Y',9,-1,0,0,9,'N','N','N','STRING',1,'Y',0,'Y','Y','Y','NONE',NULL,NULL,NULL,NULL,'N','N',0,NULL,NULL,0);
INSERT INTO SM_FIELD_DEF (TABLE_ID,FIELD_NAME,JP_TITLE,US_TITLE,DB_TYPE,DB_LENGTH,IS_KEY,NOT_BLANK,IS_DUMMY,IS_SEARCH_ITEM,SORT_NO,TREE_LEVEL,SHEET_NO,PAGE_NO,PROPERTY_NO,IS_AUTO,IS_MANDATORY,SYSTEM_READONLY,FIELD_TYPE,FIELD_LENGTH,INPUT_ALPHABET,INPUT_MULTIBYTE,INPUT_NUMERIC,INPUT_SYMBOL,INPUT_UPPERCASE,RETRIEVAL_TABLE,FORMAT,DEFAULT_VALUE,MIN_VALUE,MAX_VALUE,CALENDAR_BUTTON,JUMP_BUTTON,OPEN_BUTTON,REF_TABLE_ID,REF_FIELD_NAME,SPECIAL_BUTTON) VALUES ('TBLID_BOPEMONI_INPUT_ADMIN','ACTION5','ACTION5','ACTION5','STRING',1,'N','Y','N','Y',10,-1,0,0,10,'N','N','N','STRING',1,'Y',0,'Y','Y','Y','NONE',NULL,NULL,NULL,NULL,'N','N',0,NULL,NULL,0);
INSERT INTO SM_CHECK_DEF (TABLE_ID,CHECK_TYPE,CHECK_ORDER,CHECK_KIND,FIELD_NAME,REF_TABLE,REF_FIELD,EXPECT_VALUE,ERR_MSG) VALUES ('TBLID_BOPEMONI_INPUT_ADMIN','SAVE',1,'NOTNULL','LOT_CAT',NULL,NULL,NULL,'LOT_CAT required');
INSERT INTO SM_CHECK_DEF (TABLE_ID,CHECK_TYPE,CHECK_ORDER,CHECK_KIND,FIELD_NAME,REF_TABLE,REF_FIELD,EXPECT_VALUE,ERR_MSG) VALUES ('TBLID_BOPEMONI_INPUT_ADMIN','SAVE',2,'STAT_N',NULL,NULL,NULL,NULL,'Not editable');
INSERT INTO SM_CHECK_DEF (TABLE_ID,CHECK_TYPE,CHECK_ORDER,CHECK_KIND,FIELD_NAME,REF_TABLE,REF_FIELD,EXPECT_VALUE,ERR_MSG) VALUES ('TBLID_BOPEMONI_INPUT_ADMIN','SAVE',3,'LOCK_FREE',NULL,NULL,NULL,NULL,'Locked');
INSERT INTO SM_CHECK_DEF (TABLE_ID,CHECK_TYPE,CHECK_ORDER,CHECK_KIND,FIELD_NAME,REF_TABLE,REF_FIELD,EXPECT_VALUE,ERR_MSG) VALUES ('TBLID_BOPEMONI_INPUT_ADMIN','RELEASE',1,'NOTNULL','LOT_CAT',NULL,NULL,NULL,'LOT_CAT required');
INSERT INTO SM_CHECK_DEF (TABLE_ID,CHECK_TYPE,CHECK_ORDER,CHECK_KIND,FIELD_NAME,REF_TABLE,REF_FIELD,EXPECT_VALUE,ERR_MSG) VALUES ('TBLID_BOPEMONI_INPUT_ADMIN','RELEASE',2,'STAT_N',NULL,NULL,NULL,NULL,'Not editable');
INSERT INTO SM_CHECK_DEF (TABLE_ID,CHECK_TYPE,CHECK_ORDER,CHECK_KIND,FIELD_NAME,REF_TABLE,REF_FIELD,EXPECT_VALUE,ERR_MSG) VALUES ('TBLID_BOPEMONI_INPUT_ADMIN','RELEASE',3,'LOCK_FREE',NULL,NULL,NULL,NULL,'Locked');
INSERT INTO SM_CHECK_DEF (TABLE_ID,CHECK_TYPE,CHECK_ORDER,CHECK_KIND,FIELD_NAME,REF_TABLE,REF_FIELD,EXPECT_VALUE,ERR_MSG) VALUES ('TBLID_BOPEMONI_INPUT_ADMIN','RELEASE',10,'RELEASE_PARAM','LOT_CAT','DOPEMONI_INPUT_ADMIN',NULL,NULL,NULL);
INSERT INTO SM_CHECK_DEF (TABLE_ID,CHECK_TYPE,CHECK_ORDER,CHECK_KIND,FIELD_NAME,REF_TABLE,REF_FIELD,EXPECT_VALUE,ERR_MSG) VALUES ('TBLID_BOPEMONI_INPUT_ADMIN','DELETE',1,'NOTNULL','LOT_CAT',NULL,NULL,NULL,'LOT_CAT required');
INSERT INTO SM_CHECK_DEF (TABLE_ID,CHECK_TYPE,CHECK_ORDER,CHECK_KIND,FIELD_NAME,REF_TABLE,REF_FIELD,EXPECT_VALUE,ERR_MSG) VALUES ('TBLID_BOPEMONI_INPUT_ADMIN','DELETE',2,'STAT_Y',NULL,NULL,NULL,NULL,'Not released');
INSERT INTO SM_CHECK_DEF (TABLE_ID,CHECK_TYPE,CHECK_ORDER,CHECK_KIND,FIELD_NAME,REF_TABLE,REF_FIELD,EXPECT_VALUE,ERR_MSG) VALUES ('TBLID_BOPEMONI_INPUT_ADMIN','DELETE',3,'LOCK_FREE',NULL,NULL,NULL,NULL,'Locked');
INSERT INTO SM_CHECK_DEF (TABLE_ID,CHECK_TYPE,CHECK_ORDER,CHECK_KIND,FIELD_NAME,REF_TABLE,REF_FIELD,EXPECT_VALUE,ERR_MSG) VALUES ('TBLID_BOPEMONI_INPUT_ADMIN','EDITCOMP',1,'NOTNULL','LOT_CAT',NULL,NULL,NULL,'LOT_CAT required');
INSERT INTO SM_CHECK_DEF (TABLE_ID,CHECK_TYPE,CHECK_ORDER,CHECK_KIND,FIELD_NAME,REF_TABLE,REF_FIELD,EXPECT_VALUE,ERR_MSG) VALUES ('TBLID_BOPEMONI_INPUT_ADMIN','EDITCOMP',2,'STAT_N',NULL,NULL,NULL,NULL,'Not editable');
INSERT INTO SM_CHECK_DEF (TABLE_ID,CHECK_TYPE,CHECK_ORDER,CHECK_KIND,FIELD_NAME,REF_TABLE,REF_FIELD,EXPECT_VALUE,ERR_MSG) VALUES ('TBLID_BOPEMONI_INPUT_ADMIN','EDITCOMP',3,'LOCK_FREE',NULL,NULL,NULL,NULL,'Locked');
INSERT INTO SM_CHECK_DEF (TABLE_ID,CHECK_TYPE,CHECK_ORDER,CHECK_KIND,FIELD_NAME,REF_TABLE,REF_FIELD,EXPECT_VALUE,ERR_MSG) VALUES ('TBLID_BOPEMONI_INPUT_ADMIN','EDITCOMP',4,'COMP_N',NULL,NULL,NULL,NULL,'Already complete');

INSERT INTO SM_TABLE_DEF (TABLE_ID,TABLE_NAME,JP_TITLE,US_TITLE,RELEASE_FLAG,DISTRIBUTE_FLAG,PERMISSION_TYPE,SCHEMA_TYPE,HAS_DUMMY,SORT_NO) VALUES ('TBLID_BPRE_TARGET_MS','BPRE_TARGET_MS','BPRE_TARGET_MS','BPRE_TARGET_MS','Y','N','C','L','N',820);
INSERT INTO SM_FIELD_DEF (TABLE_ID,FIELD_NAME,JP_TITLE,US_TITLE,DB_TYPE,DB_LENGTH,IS_KEY,NOT_BLANK,IS_DUMMY,IS_SEARCH_ITEM,SORT_NO,TREE_LEVEL,SHEET_NO,PAGE_NO,PROPERTY_NO,IS_AUTO,IS_MANDATORY,SYSTEM_READONLY,FIELD_TYPE,FIELD_LENGTH,INPUT_ALPHABET,INPUT_MULTIBYTE,INPUT_NUMERIC,INPUT_SYMBOL,INPUT_UPPERCASE,RETRIEVAL_TABLE,FORMAT,DEFAULT_VALUE,MIN_VALUE,MAX_VALUE,CALENDAR_BUTTON,JUMP_BUTTON,OPEN_BUTTON,REF_TABLE_ID,REF_FIELD_NAME,SPECIAL_BUTTON) VALUES ('TBLID_BPRE_TARGET_MS','PROD_ID','PROD_ID','PROD_ID','STRING',20,'Y','Y','N','Y',0,0,0,0,0,'N','N','N','STRING',20,'Y',0,'Y','Y','Y','NONE',NULL,NULL,NULL,NULL,'N','N',0,NULL,NULL,0);
INSERT INTO SM_FIELD_DEF (TABLE_ID,FIELD_NAME,JP_TITLE,US_TITLE,DB_TYPE,DB_LENGTH,IS_KEY,NOT_BLANK,IS_DUMMY,IS_SEARCH_ITEM,SORT_NO,TREE_LEVEL,SHEET_NO,PAGE_NO,PROPERTY_NO,IS_AUTO,IS_MANDATORY,SYSTEM_READONLY,FIELD_TYPE,FIELD_LENGTH,INPUT_ALPHABET,INPUT_MULTIBYTE,INPUT_NUMERIC,INPUT_SYMBOL,INPUT_UPPERCASE,RETRIEVAL_TABLE,FORMAT,DEFAULT_VALUE,MIN_VALUE,MAX_VALUE,CALENDAR_BUTTON,JUMP_BUTTON,OPEN_BUTTON,REF_TABLE_ID,REF_FIELD_NAME,SPECIAL_BUTTON) VALUES ('TBLID_BPRE_TARGET_MS','MEAS_ID','MEAS_ID','MEAS_ID','STRING',13,'N','Y','N','Y',1,-1,0,0,1,'N','N','N','STRING',13,'Y',0,'Y','Y','Y','NONE',NULL,NULL,NULL,NULL,'N','N',0,NULL,NULL,0);
INSERT INTO SM_FIELD_DEF (TABLE_ID,FIELD_NAME,JP_TITLE,US_TITLE,DB_TYPE,DB_LENGTH,IS_KEY,NOT_BLANK,IS_DUMMY,IS_SEARCH_ITEM,SORT_NO,TREE_LEVEL,SHEET_NO,PAGE_NO,PROPERTY_NO,IS_AUTO,IS_MANDATORY,SYSTEM_READONLY,FIELD_TYPE,FIELD_LENGTH,INPUT_ALPHABET,INPUT_MULTIBYTE,INPUT_NUMERIC,INPUT_SYMBOL,INPUT_UPPERCASE,RETRIEVAL_TABLE,FORMAT,DEFAULT_VALUE,MIN_VALUE,MAX_VALUE,CALENDAR_BUTTON,JUMP_BUTTON,OPEN_BUTTON,REF_TABLE_ID,REF_FIELD_NAME,SPECIAL_BUTTON) VALUES ('TBLID_BPRE_TARGET_MS','IL_PRE_CAT','IL_PRE_CAT','IL_PRE_CAT','STRING',12,'N','Y','N','Y',2,-1,0,0,2,'N','N','N','STRING',12,'Y',0,'Y','Y','Y','NONE',NULL,NULL,NULL,NULL,'N','N',0,NULL,NULL,0);
INSERT INTO SM_CHECK_DEF (TABLE_ID,CHECK_TYPE,CHECK_ORDER,CHECK_KIND,FIELD_NAME,REF_TABLE,REF_FIELD,EXPECT_VALUE,ERR_MSG) VALUES ('TBLID_BPRE_TARGET_MS','SAVE',1,'NOTNULL','PROD_ID',NULL,NULL,NULL,'PROD_ID required');
INSERT INTO SM_CHECK_DEF (TABLE_ID,CHECK_TYPE,CHECK_ORDER,CHECK_KIND,FIELD_NAME,REF_TABLE,REF_FIELD,EXPECT_VALUE,ERR_MSG) VALUES ('TBLID_BPRE_TARGET_MS','SAVE',2,'STAT_N',NULL,NULL,NULL,NULL,'Not editable');
INSERT INTO SM_CHECK_DEF (TABLE_ID,CHECK_TYPE,CHECK_ORDER,CHECK_KIND,FIELD_NAME,REF_TABLE,REF_FIELD,EXPECT_VALUE,ERR_MSG) VALUES ('TBLID_BPRE_TARGET_MS','SAVE',3,'LOCK_FREE',NULL,NULL,NULL,NULL,'Locked');
INSERT INTO SM_CHECK_DEF (TABLE_ID,CHECK_TYPE,CHECK_ORDER,CHECK_KIND,FIELD_NAME,REF_TABLE,REF_FIELD,EXPECT_VALUE,ERR_MSG) VALUES ('TBLID_BPRE_TARGET_MS','RELEASE',1,'NOTNULL','PROD_ID',NULL,NULL,NULL,'PROD_ID required');
INSERT INTO SM_CHECK_DEF (TABLE_ID,CHECK_TYPE,CHECK_ORDER,CHECK_KIND,FIELD_NAME,REF_TABLE,REF_FIELD,EXPECT_VALUE,ERR_MSG) VALUES ('TBLID_BPRE_TARGET_MS','RELEASE',2,'STAT_N',NULL,NULL,NULL,NULL,'Not editable');
INSERT INTO SM_CHECK_DEF (TABLE_ID,CHECK_TYPE,CHECK_ORDER,CHECK_KIND,FIELD_NAME,REF_TABLE,REF_FIELD,EXPECT_VALUE,ERR_MSG) VALUES ('TBLID_BPRE_TARGET_MS','RELEASE',3,'LOCK_FREE',NULL,NULL,NULL,NULL,'Locked');
INSERT INTO SM_CHECK_DEF (TABLE_ID,CHECK_TYPE,CHECK_ORDER,CHECK_KIND,FIELD_NAME,REF_TABLE,REF_FIELD,EXPECT_VALUE,ERR_MSG) VALUES ('TBLID_BPRE_TARGET_MS','RELEASE',10,'RELEASE_PARAM','PROD_ID','DPRE_TARGET_MS',NULL,NULL,NULL);
INSERT INTO SM_CHECK_DEF (TABLE_ID,CHECK_TYPE,CHECK_ORDER,CHECK_KIND,FIELD_NAME,REF_TABLE,REF_FIELD,EXPECT_VALUE,ERR_MSG) VALUES ('TBLID_BPRE_TARGET_MS','DELETE',1,'NOTNULL','PROD_ID',NULL,NULL,NULL,'PROD_ID required');
INSERT INTO SM_CHECK_DEF (TABLE_ID,CHECK_TYPE,CHECK_ORDER,CHECK_KIND,FIELD_NAME,REF_TABLE,REF_FIELD,EXPECT_VALUE,ERR_MSG) VALUES ('TBLID_BPRE_TARGET_MS','DELETE',2,'STAT_Y',NULL,NULL,NULL,NULL,'Not released');
INSERT INTO SM_CHECK_DEF (TABLE_ID,CHECK_TYPE,CHECK_ORDER,CHECK_KIND,FIELD_NAME,REF_TABLE,REF_FIELD,EXPECT_VALUE,ERR_MSG) VALUES ('TBLID_BPRE_TARGET_MS','DELETE',3,'LOCK_FREE',NULL,NULL,NULL,NULL,'Locked');
INSERT INTO SM_CHECK_DEF (TABLE_ID,CHECK_TYPE,CHECK_ORDER,CHECK_KIND,FIELD_NAME,REF_TABLE,REF_FIELD,EXPECT_VALUE,ERR_MSG) VALUES ('TBLID_BPRE_TARGET_MS','EDITCOMP',1,'NOTNULL','PROD_ID',NULL,NULL,NULL,'PROD_ID required');
INSERT INTO SM_CHECK_DEF (TABLE_ID,CHECK_TYPE,CHECK_ORDER,CHECK_KIND,FIELD_NAME,REF_TABLE,REF_FIELD,EXPECT_VALUE,ERR_MSG) VALUES ('TBLID_BPRE_TARGET_MS','EDITCOMP',2,'STAT_N',NULL,NULL,NULL,NULL,'Not editable');
INSERT INTO SM_CHECK_DEF (TABLE_ID,CHECK_TYPE,CHECK_ORDER,CHECK_KIND,FIELD_NAME,REF_TABLE,REF_FIELD,EXPECT_VALUE,ERR_MSG) VALUES ('TBLID_BPRE_TARGET_MS','EDITCOMP',3,'LOCK_FREE',NULL,NULL,NULL,NULL,'Locked');
INSERT INTO SM_CHECK_DEF (TABLE_ID,CHECK_TYPE,CHECK_ORDER,CHECK_KIND,FIELD_NAME,REF_TABLE,REF_FIELD,EXPECT_VALUE,ERR_MSG) VALUES ('TBLID_BPRE_TARGET_MS','EDITCOMP',4,'COMP_N',NULL,NULL,NULL,NULL,'Already complete');

INSERT INTO SM_TABLE_DEF (TABLE_ID,TABLE_NAME,JP_TITLE,US_TITLE,RELEASE_FLAG,DISTRIBUTE_FLAG,PERMISSION_TYPE,SCHEMA_TYPE,HAS_DUMMY,SORT_NO) VALUES ('TBLID_BPROCDATA_ID','BPROCDATA_ID','BPROCDATA_ID','BPROCDATA_ID','Y','N','C','L','N',830);
INSERT INTO SM_FIELD_DEF (TABLE_ID,FIELD_NAME,JP_TITLE,US_TITLE,DB_TYPE,DB_LENGTH,IS_KEY,NOT_BLANK,IS_DUMMY,IS_SEARCH_ITEM,SORT_NO,TREE_LEVEL,SHEET_NO,PAGE_NO,PROPERTY_NO,IS_AUTO,IS_MANDATORY,SYSTEM_READONLY,FIELD_TYPE,FIELD_LENGTH,INPUT_ALPHABET,INPUT_MULTIBYTE,INPUT_NUMERIC,INPUT_SYMBOL,INPUT_UPPERCASE,RETRIEVAL_TABLE,FORMAT,DEFAULT_VALUE,MIN_VALUE,MAX_VALUE,CALENDAR_BUTTON,JUMP_BUTTON,OPEN_BUTTON,REF_TABLE_ID,REF_FIELD_NAME,SPECIAL_BUTTON) VALUES ('TBLID_BPROCDATA_ID','PROCDATA_ID','PROCDATA_ID','PROCDATA_ID','STRING',13,'Y','Y','N','Y',0,0,0,0,0,'N','N','N','STRING',13,'Y',0,'Y','Y','Y','NONE',NULL,NULL,NULL,NULL,'N','N',0,NULL,NULL,0);
INSERT INTO SM_FIELD_DEF (TABLE_ID,FIELD_NAME,JP_TITLE,US_TITLE,DB_TYPE,DB_LENGTH,IS_KEY,NOT_BLANK,IS_DUMMY,IS_SEARCH_ITEM,SORT_NO,TREE_LEVEL,SHEET_NO,PAGE_NO,PROPERTY_NO,IS_AUTO,IS_MANDATORY,SYSTEM_READONLY,FIELD_TYPE,FIELD_LENGTH,INPUT_ALPHABET,INPUT_MULTIBYTE,INPUT_NUMERIC,INPUT_SYMBOL,INPUT_UPPERCASE,RETRIEVAL_TABLE,FORMAT,DEFAULT_VALUE,MIN_VALUE,MAX_VALUE,CALENDAR_BUTTON,JUMP_BUTTON,OPEN_BUTTON,REF_TABLE_ID,REF_FIELD_NAME,SPECIAL_BUTTON) VALUES ('TBLID_BPROCDATA_ID','PROCDATA_ID_NAME','PROCDATA_ID_NAME','PROCDATA_ID_NAME','STRING',40,'N','Y','N','Y',1,-1,0,0,1,'N','N','N','STRING',40,'Y',0,'Y','Y','Y','NONE',NULL,NULL,NULL,NULL,'N','N',0,NULL,NULL,0);
INSERT INTO SM_FIELD_DEF (TABLE_ID,FIELD_NAME,JP_TITLE,US_TITLE,DB_TYPE,DB_LENGTH,IS_KEY,NOT_BLANK,IS_DUMMY,IS_SEARCH_ITEM,SORT_NO,TREE_LEVEL,SHEET_NO,PAGE_NO,PROPERTY_NO,IS_AUTO,IS_MANDATORY,SYSTEM_READONLY,FIELD_TYPE,FIELD_LENGTH,INPUT_ALPHABET,INPUT_MULTIBYTE,INPUT_NUMERIC,INPUT_SYMBOL,INPUT_UPPERCASE,RETRIEVAL_TABLE,FORMAT,DEFAULT_VALUE,MIN_VALUE,MAX_VALUE,CALENDAR_BUTTON,JUMP_BUTTON,OPEN_BUTTON,REF_TABLE_ID,REF_FIELD_NAME,SPECIAL_BUTTON) VALUES ('TBLID_BPROCDATA_ID','PROCDATA_ID_DESC','PROCDATA_ID_DESC','PROCDATA_ID_DESC','STRING',80,'N','Y','N','Y',2,-1,0,0,2,'N','N','N','STRING',80,'Y',0,'Y','Y','Y','NONE',NULL,NULL,NULL,NULL,'N','N',0,NULL,NULL,0);
INSERT INTO SM_CHECK_DEF (TABLE_ID,CHECK_TYPE,CHECK_ORDER,CHECK_KIND,FIELD_NAME,REF_TABLE,REF_FIELD,EXPECT_VALUE,ERR_MSG) VALUES ('TBLID_BPROCDATA_ID','SAVE',1,'NOTNULL','PROCDATA_ID',NULL,NULL,NULL,'PROCDATA_ID required');
INSERT INTO SM_CHECK_DEF (TABLE_ID,CHECK_TYPE,CHECK_ORDER,CHECK_KIND,FIELD_NAME,REF_TABLE,REF_FIELD,EXPECT_VALUE,ERR_MSG) VALUES ('TBLID_BPROCDATA_ID','SAVE',2,'STAT_N',NULL,NULL,NULL,NULL,'Not editable');
INSERT INTO SM_CHECK_DEF (TABLE_ID,CHECK_TYPE,CHECK_ORDER,CHECK_KIND,FIELD_NAME,REF_TABLE,REF_FIELD,EXPECT_VALUE,ERR_MSG) VALUES ('TBLID_BPROCDATA_ID','SAVE',3,'LOCK_FREE',NULL,NULL,NULL,NULL,'Locked');
INSERT INTO SM_CHECK_DEF (TABLE_ID,CHECK_TYPE,CHECK_ORDER,CHECK_KIND,FIELD_NAME,REF_TABLE,REF_FIELD,EXPECT_VALUE,ERR_MSG) VALUES ('TBLID_BPROCDATA_ID','RELEASE',1,'NOTNULL','PROCDATA_ID',NULL,NULL,NULL,'PROCDATA_ID required');
INSERT INTO SM_CHECK_DEF (TABLE_ID,CHECK_TYPE,CHECK_ORDER,CHECK_KIND,FIELD_NAME,REF_TABLE,REF_FIELD,EXPECT_VALUE,ERR_MSG) VALUES ('TBLID_BPROCDATA_ID','RELEASE',2,'STAT_N',NULL,NULL,NULL,NULL,'Not editable');
INSERT INTO SM_CHECK_DEF (TABLE_ID,CHECK_TYPE,CHECK_ORDER,CHECK_KIND,FIELD_NAME,REF_TABLE,REF_FIELD,EXPECT_VALUE,ERR_MSG) VALUES ('TBLID_BPROCDATA_ID','RELEASE',3,'LOCK_FREE',NULL,NULL,NULL,NULL,'Locked');
INSERT INTO SM_CHECK_DEF (TABLE_ID,CHECK_TYPE,CHECK_ORDER,CHECK_KIND,FIELD_NAME,REF_TABLE,REF_FIELD,EXPECT_VALUE,ERR_MSG) VALUES ('TBLID_BPROCDATA_ID','RELEASE',10,'RELEASE_PARAM','PROCDATA_ID','DPROCDATA_ID',NULL,NULL,NULL);
INSERT INTO SM_CHECK_DEF (TABLE_ID,CHECK_TYPE,CHECK_ORDER,CHECK_KIND,FIELD_NAME,REF_TABLE,REF_FIELD,EXPECT_VALUE,ERR_MSG) VALUES ('TBLID_BPROCDATA_ID','DELETE',1,'NOTNULL','PROCDATA_ID',NULL,NULL,NULL,'PROCDATA_ID required');
INSERT INTO SM_CHECK_DEF (TABLE_ID,CHECK_TYPE,CHECK_ORDER,CHECK_KIND,FIELD_NAME,REF_TABLE,REF_FIELD,EXPECT_VALUE,ERR_MSG) VALUES ('TBLID_BPROCDATA_ID','DELETE',2,'STAT_Y',NULL,NULL,NULL,NULL,'Not released');
INSERT INTO SM_CHECK_DEF (TABLE_ID,CHECK_TYPE,CHECK_ORDER,CHECK_KIND,FIELD_NAME,REF_TABLE,REF_FIELD,EXPECT_VALUE,ERR_MSG) VALUES ('TBLID_BPROCDATA_ID','DELETE',3,'LOCK_FREE',NULL,NULL,NULL,NULL,'Locked');
INSERT INTO SM_CHECK_DEF (TABLE_ID,CHECK_TYPE,CHECK_ORDER,CHECK_KIND,FIELD_NAME,REF_TABLE,REF_FIELD,EXPECT_VALUE,ERR_MSG) VALUES ('TBLID_BPROCDATA_ID','EDITCOMP',1,'NOTNULL','PROCDATA_ID',NULL,NULL,NULL,'PROCDATA_ID required');
INSERT INTO SM_CHECK_DEF (TABLE_ID,CHECK_TYPE,CHECK_ORDER,CHECK_KIND,FIELD_NAME,REF_TABLE,REF_FIELD,EXPECT_VALUE,ERR_MSG) VALUES ('TBLID_BPROCDATA_ID','EDITCOMP',2,'STAT_N',NULL,NULL,NULL,NULL,'Not editable');
INSERT INTO SM_CHECK_DEF (TABLE_ID,CHECK_TYPE,CHECK_ORDER,CHECK_KIND,FIELD_NAME,REF_TABLE,REF_FIELD,EXPECT_VALUE,ERR_MSG) VALUES ('TBLID_BPROCDATA_ID','EDITCOMP',3,'LOCK_FREE',NULL,NULL,NULL,NULL,'Locked');
INSERT INTO SM_CHECK_DEF (TABLE_ID,CHECK_TYPE,CHECK_ORDER,CHECK_KIND,FIELD_NAME,REF_TABLE,REF_FIELD,EXPECT_VALUE,ERR_MSG) VALUES ('TBLID_BPROCDATA_ID','EDITCOMP',4,'COMP_N',NULL,NULL,NULL,NULL,'Already complete');

INSERT INTO SM_TABLE_DEF (TABLE_ID,TABLE_NAME,JP_TITLE,US_TITLE,RELEASE_FLAG,DISTRIBUTE_FLAG,PERMISSION_TYPE,SCHEMA_TYPE,HAS_DUMMY,SORT_NO) VALUES ('TBLID_BPROCDATA_ID_ITEM','BPROCDATA_ID_ITEM','BPROCDATA_ID_ITEM','BPROCDATA_ID_ITEM','Y','N','C','L','N',840);
INSERT INTO SM_FIELD_DEF (TABLE_ID,FIELD_NAME,JP_TITLE,US_TITLE,DB_TYPE,DB_LENGTH,IS_KEY,NOT_BLANK,IS_DUMMY,IS_SEARCH_ITEM,SORT_NO,TREE_LEVEL,SHEET_NO,PAGE_NO,PROPERTY_NO,IS_AUTO,IS_MANDATORY,SYSTEM_READONLY,FIELD_TYPE,FIELD_LENGTH,INPUT_ALPHABET,INPUT_MULTIBYTE,INPUT_NUMERIC,INPUT_SYMBOL,INPUT_UPPERCASE,RETRIEVAL_TABLE,FORMAT,DEFAULT_VALUE,MIN_VALUE,MAX_VALUE,CALENDAR_BUTTON,JUMP_BUTTON,OPEN_BUTTON,REF_TABLE_ID,REF_FIELD_NAME,SPECIAL_BUTTON) VALUES ('TBLID_BPROCDATA_ID_ITEM','PROCDATA_ID','PROCDATA_ID','PROCDATA_ID','STRING',13,'Y','Y','N','Y',0,0,0,0,0,'N','N','N','STRING',13,'Y',0,'Y','Y','Y','NONE',NULL,NULL,NULL,NULL,'N','N',0,NULL,NULL,0);
INSERT INTO SM_FIELD_DEF (TABLE_ID,FIELD_NAME,JP_TITLE,US_TITLE,DB_TYPE,DB_LENGTH,IS_KEY,NOT_BLANK,IS_DUMMY,IS_SEARCH_ITEM,SORT_NO,TREE_LEVEL,SHEET_NO,PAGE_NO,PROPERTY_NO,IS_AUTO,IS_MANDATORY,SYSTEM_READONLY,FIELD_TYPE,FIELD_LENGTH,INPUT_ALPHABET,INPUT_MULTIBYTE,INPUT_NUMERIC,INPUT_SYMBOL,INPUT_UPPERCASE,RETRIEVAL_TABLE,FORMAT,DEFAULT_VALUE,MIN_VALUE,MAX_VALUE,CALENDAR_BUTTON,JUMP_BUTTON,OPEN_BUTTON,REF_TABLE_ID,REF_FIELD_NAME,SPECIAL_BUTTON) VALUES ('TBLID_BPROCDATA_ID_ITEM','PROCDATA_ITEM','PROCDATA_ITEM','PROCDATA_ITEM','STRING',10,'N','Y','N','Y',1,-1,0,0,1,'N','N','N','STRING',10,'Y',0,'Y','Y','Y','NONE',NULL,NULL,NULL,NULL,'N','N',0,NULL,NULL,0);
INSERT INTO SM_FIELD_DEF (TABLE_ID,FIELD_NAME,JP_TITLE,US_TITLE,DB_TYPE,DB_LENGTH,IS_KEY,NOT_BLANK,IS_DUMMY,IS_SEARCH_ITEM,SORT_NO,TREE_LEVEL,SHEET_NO,PAGE_NO,PROPERTY_NO,IS_AUTO,IS_MANDATORY,SYSTEM_READONLY,FIELD_TYPE,FIELD_LENGTH,INPUT_ALPHABET,INPUT_MULTIBYTE,INPUT_NUMERIC,INPUT_SYMBOL,INPUT_UPPERCASE,RETRIEVAL_TABLE,FORMAT,DEFAULT_VALUE,MIN_VALUE,MAX_VALUE,CALENDAR_BUTTON,JUMP_BUTTON,OPEN_BUTTON,REF_TABLE_ID,REF_FIELD_NAME,SPECIAL_BUTTON) VALUES ('TBLID_BPROCDATA_ID_ITEM','ITEM_SEQ_NO','ITEM_SEQ_NO','ITEM_SEQ_NO','NUMBER',0,'N','Y','N','Y',2,-1,0,0,2,'N','N','N','STRING',0,'Y',0,'Y','Y','Y','NONE',NULL,NULL,NULL,NULL,'N','N',0,NULL,NULL,0);
INSERT INTO SM_FIELD_DEF (TABLE_ID,FIELD_NAME,JP_TITLE,US_TITLE,DB_TYPE,DB_LENGTH,IS_KEY,NOT_BLANK,IS_DUMMY,IS_SEARCH_ITEM,SORT_NO,TREE_LEVEL,SHEET_NO,PAGE_NO,PROPERTY_NO,IS_AUTO,IS_MANDATORY,SYSTEM_READONLY,FIELD_TYPE,FIELD_LENGTH,INPUT_ALPHABET,INPUT_MULTIBYTE,INPUT_NUMERIC,INPUT_SYMBOL,INPUT_UPPERCASE,RETRIEVAL_TABLE,FORMAT,DEFAULT_VALUE,MIN_VALUE,MAX_VALUE,CALENDAR_BUTTON,JUMP_BUTTON,OPEN_BUTTON,REF_TABLE_ID,REF_FIELD_NAME,SPECIAL_BUTTON) VALUES ('TBLID_BPROCDATA_ID_ITEM','PROC_UNIT','PROC_UNIT','PROC_UNIT','STRING',1,'N','Y','N','Y',3,-1,0,0,3,'N','N','N','STRING',1,'Y',0,'Y','Y','Y','NONE',NULL,NULL,NULL,NULL,'N','N',0,NULL,NULL,0);
INSERT INTO SM_FIELD_DEF (TABLE_ID,FIELD_NAME,JP_TITLE,US_TITLE,DB_TYPE,DB_LENGTH,IS_KEY,NOT_BLANK,IS_DUMMY,IS_SEARCH_ITEM,SORT_NO,TREE_LEVEL,SHEET_NO,PAGE_NO,PROPERTY_NO,IS_AUTO,IS_MANDATORY,SYSTEM_READONLY,FIELD_TYPE,FIELD_LENGTH,INPUT_ALPHABET,INPUT_MULTIBYTE,INPUT_NUMERIC,INPUT_SYMBOL,INPUT_UPPERCASE,RETRIEVAL_TABLE,FORMAT,DEFAULT_VALUE,MIN_VALUE,MAX_VALUE,CALENDAR_BUTTON,JUMP_BUTTON,OPEN_BUTTON,REF_TABLE_ID,REF_FIELD_NAME,SPECIAL_BUTTON) VALUES ('TBLID_BPROCDATA_ID_ITEM','INP_MODE','INP_MODE','INP_MODE','STRING',1,'N','Y','N','Y',4,-1,0,0,4,'N','N','N','STRING',1,'Y',0,'Y','Y','Y','NONE',NULL,NULL,NULL,NULL,'N','N',0,NULL,NULL,0);
INSERT INTO SM_FIELD_DEF (TABLE_ID,FIELD_NAME,JP_TITLE,US_TITLE,DB_TYPE,DB_LENGTH,IS_KEY,NOT_BLANK,IS_DUMMY,IS_SEARCH_ITEM,SORT_NO,TREE_LEVEL,SHEET_NO,PAGE_NO,PROPERTY_NO,IS_AUTO,IS_MANDATORY,SYSTEM_READONLY,FIELD_TYPE,FIELD_LENGTH,INPUT_ALPHABET,INPUT_MULTIBYTE,INPUT_NUMERIC,INPUT_SYMBOL,INPUT_UPPERCASE,RETRIEVAL_TABLE,FORMAT,DEFAULT_VALUE,MIN_VALUE,MAX_VALUE,CALENDAR_BUTTON,JUMP_BUTTON,OPEN_BUTTON,REF_TABLE_ID,REF_FIELD_NAME,SPECIAL_BUTTON) VALUES ('TBLID_BPROCDATA_ID_ITEM','CALC_CODE','CALC_CODE','CALC_CODE','STRING',10,'N','Y','N','Y',5,-1,0,0,5,'N','N','N','STRING',10,'Y',0,'Y','Y','Y','NONE',NULL,NULL,NULL,NULL,'N','N',0,NULL,NULL,0);
INSERT INTO SM_FIELD_DEF (TABLE_ID,FIELD_NAME,JP_TITLE,US_TITLE,DB_TYPE,DB_LENGTH,IS_KEY,NOT_BLANK,IS_DUMMY,IS_SEARCH_ITEM,SORT_NO,TREE_LEVEL,SHEET_NO,PAGE_NO,PROPERTY_NO,IS_AUTO,IS_MANDATORY,SYSTEM_READONLY,FIELD_TYPE,FIELD_LENGTH,INPUT_ALPHABET,INPUT_MULTIBYTE,INPUT_NUMERIC,INPUT_SYMBOL,INPUT_UPPERCASE,RETRIEVAL_TABLE,FORMAT,DEFAULT_VALUE,MIN_VALUE,MAX_VALUE,CALENDAR_BUTTON,JUMP_BUTTON,OPEN_BUTTON,REF_TABLE_ID,REF_FIELD_NAME,SPECIAL_BUTTON) VALUES ('TBLID_BPROCDATA_ID_ITEM','CALC_PARM1','CALC_PARM1','CALC_PARM1','STRING',20,'N','Y','N','Y',6,-1,0,0,6,'N','N','N','STRING',20,'Y',0,'Y','Y','Y','NONE',NULL,NULL,NULL,NULL,'N','N',0,NULL,NULL,0);
INSERT INTO SM_FIELD_DEF (TABLE_ID,FIELD_NAME,JP_TITLE,US_TITLE,DB_TYPE,DB_LENGTH,IS_KEY,NOT_BLANK,IS_DUMMY,IS_SEARCH_ITEM,SORT_NO,TREE_LEVEL,SHEET_NO,PAGE_NO,PROPERTY_NO,IS_AUTO,IS_MANDATORY,SYSTEM_READONLY,FIELD_TYPE,FIELD_LENGTH,INPUT_ALPHABET,INPUT_MULTIBYTE,INPUT_NUMERIC,INPUT_SYMBOL,INPUT_UPPERCASE,RETRIEVAL_TABLE,FORMAT,DEFAULT_VALUE,MIN_VALUE,MAX_VALUE,CALENDAR_BUTTON,JUMP_BUTTON,OPEN_BUTTON,REF_TABLE_ID,REF_FIELD_NAME,SPECIAL_BUTTON) VALUES ('TBLID_BPROCDATA_ID_ITEM','CALC_PARM2','CALC_PARM2','CALC_PARM2','STRING',20,'N','Y','N','Y',7,-1,0,0,7,'N','N','N','STRING',20,'Y',0,'Y','Y','Y','NONE',NULL,NULL,NULL,NULL,'N','N',0,NULL,NULL,0);
INSERT INTO SM_FIELD_DEF (TABLE_ID,FIELD_NAME,JP_TITLE,US_TITLE,DB_TYPE,DB_LENGTH,IS_KEY,NOT_BLANK,IS_DUMMY,IS_SEARCH_ITEM,SORT_NO,TREE_LEVEL,SHEET_NO,PAGE_NO,PROPERTY_NO,IS_AUTO,IS_MANDATORY,SYSTEM_READONLY,FIELD_TYPE,FIELD_LENGTH,INPUT_ALPHABET,INPUT_MULTIBYTE,INPUT_NUMERIC,INPUT_SYMBOL,INPUT_UPPERCASE,RETRIEVAL_TABLE,FORMAT,DEFAULT_VALUE,MIN_VALUE,MAX_VALUE,CALENDAR_BUTTON,JUMP_BUTTON,OPEN_BUTTON,REF_TABLE_ID,REF_FIELD_NAME,SPECIAL_BUTTON) VALUES ('TBLID_BPROCDATA_ID_ITEM','CALC_PARM3','CALC_PARM3','CALC_PARM3','STRING',20,'N','Y','N','Y',8,-1,0,0,8,'N','N','N','STRING',20,'Y',0,'Y','Y','Y','NONE',NULL,NULL,NULL,NULL,'N','N',0,NULL,NULL,0);
INSERT INTO SM_FIELD_DEF (TABLE_ID,FIELD_NAME,JP_TITLE,US_TITLE,DB_TYPE,DB_LENGTH,IS_KEY,NOT_BLANK,IS_DUMMY,IS_SEARCH_ITEM,SORT_NO,TREE_LEVEL,SHEET_NO,PAGE_NO,PROPERTY_NO,IS_AUTO,IS_MANDATORY,SYSTEM_READONLY,FIELD_TYPE,FIELD_LENGTH,INPUT_ALPHABET,INPUT_MULTIBYTE,INPUT_NUMERIC,INPUT_SYMBOL,INPUT_UPPERCASE,RETRIEVAL_TABLE,FORMAT,DEFAULT_VALUE,MIN_VALUE,MAX_VALUE,CALENDAR_BUTTON,JUMP_BUTTON,OPEN_BUTTON,REF_TABLE_ID,REF_FIELD_NAME,SPECIAL_BUTTON) VALUES ('TBLID_BPROCDATA_ID_ITEM','CALC_PARM4','CALC_PARM4','CALC_PARM4','STRING',20,'N','Y','N','Y',9,-1,0,0,9,'N','N','N','STRING',20,'Y',0,'Y','Y','Y','NONE',NULL,NULL,NULL,NULL,'N','N',0,NULL,NULL,0);
INSERT INTO SM_FIELD_DEF (TABLE_ID,FIELD_NAME,JP_TITLE,US_TITLE,DB_TYPE,DB_LENGTH,IS_KEY,NOT_BLANK,IS_DUMMY,IS_SEARCH_ITEM,SORT_NO,TREE_LEVEL,SHEET_NO,PAGE_NO,PROPERTY_NO,IS_AUTO,IS_MANDATORY,SYSTEM_READONLY,FIELD_TYPE,FIELD_LENGTH,INPUT_ALPHABET,INPUT_MULTIBYTE,INPUT_NUMERIC,INPUT_SYMBOL,INPUT_UPPERCASE,RETRIEVAL_TABLE,FORMAT,DEFAULT_VALUE,MIN_VALUE,MAX_VALUE,CALENDAR_BUTTON,JUMP_BUTTON,OPEN_BUTTON,REF_TABLE_ID,REF_FIELD_NAME,SPECIAL_BUTTON) VALUES ('TBLID_BPROCDATA_ID_ITEM','CALC_PARM5','CALC_PARM5','CALC_PARM5','STRING',20,'N','Y','N','Y',10,-1,0,0,10,'N','N','N','STRING',20,'Y',0,'Y','Y','Y','NONE',NULL,NULL,NULL,NULL,'N','N',0,NULL,NULL,0);
INSERT INTO SM_FIELD_DEF (TABLE_ID,FIELD_NAME,JP_TITLE,US_TITLE,DB_TYPE,DB_LENGTH,IS_KEY,NOT_BLANK,IS_DUMMY,IS_SEARCH_ITEM,SORT_NO,TREE_LEVEL,SHEET_NO,PAGE_NO,PROPERTY_NO,IS_AUTO,IS_MANDATORY,SYSTEM_READONLY,FIELD_TYPE,FIELD_LENGTH,INPUT_ALPHABET,INPUT_MULTIBYTE,INPUT_NUMERIC,INPUT_SYMBOL,INPUT_UPPERCASE,RETRIEVAL_TABLE,FORMAT,DEFAULT_VALUE,MIN_VALUE,MAX_VALUE,CALENDAR_BUTTON,JUMP_BUTTON,OPEN_BUTTON,REF_TABLE_ID,REF_FIELD_NAME,SPECIAL_BUTTON) VALUES ('TBLID_BPROCDATA_ID_ITEM','CALC_PARM6','CALC_PARM6','CALC_PARM6','STRING',20,'N','Y','N','Y',11,-1,0,0,11,'N','N','N','STRING',20,'Y',0,'Y','Y','Y','NONE',NULL,NULL,NULL,NULL,'N','N',0,NULL,NULL,0);
INSERT INTO SM_FIELD_DEF (TABLE_ID,FIELD_NAME,JP_TITLE,US_TITLE,DB_TYPE,DB_LENGTH,IS_KEY,NOT_BLANK,IS_DUMMY,IS_SEARCH_ITEM,SORT_NO,TREE_LEVEL,SHEET_NO,PAGE_NO,PROPERTY_NO,IS_AUTO,IS_MANDATORY,SYSTEM_READONLY,FIELD_TYPE,FIELD_LENGTH,INPUT_ALPHABET,INPUT_MULTIBYTE,INPUT_NUMERIC,INPUT_SYMBOL,INPUT_UPPERCASE,RETRIEVAL_TABLE,FORMAT,DEFAULT_VALUE,MIN_VALUE,MAX_VALUE,CALENDAR_BUTTON,JUMP_BUTTON,OPEN_BUTTON,REF_TABLE_ID,REF_FIELD_NAME,SPECIAL_BUTTON) VALUES ('TBLID_BPROCDATA_ID_ITEM','CALC_PARM7','CALC_PARM7','CALC_PARM7','STRING',20,'N','Y','N','Y',12,-1,0,0,12,'N','N','N','STRING',20,'Y',0,'Y','Y','Y','NONE',NULL,NULL,NULL,NULL,'N','N',0,NULL,NULL,0);
INSERT INTO SM_FIELD_DEF (TABLE_ID,FIELD_NAME,JP_TITLE,US_TITLE,DB_TYPE,DB_LENGTH,IS_KEY,NOT_BLANK,IS_DUMMY,IS_SEARCH_ITEM,SORT_NO,TREE_LEVEL,SHEET_NO,PAGE_NO,PROPERTY_NO,IS_AUTO,IS_MANDATORY,SYSTEM_READONLY,FIELD_TYPE,FIELD_LENGTH,INPUT_ALPHABET,INPUT_MULTIBYTE,INPUT_NUMERIC,INPUT_SYMBOL,INPUT_UPPERCASE,RETRIEVAL_TABLE,FORMAT,DEFAULT_VALUE,MIN_VALUE,MAX_VALUE,CALENDAR_BUTTON,JUMP_BUTTON,OPEN_BUTTON,REF_TABLE_ID,REF_FIELD_NAME,SPECIAL_BUTTON) VALUES ('TBLID_BPROCDATA_ID_ITEM','CALC_PARM8','CALC_PARM8','CALC_PARM8','STRING',20,'N','Y','N','Y',13,-1,0,0,13,'N','N','N','STRING',20,'Y',0,'Y','Y','Y','NONE',NULL,NULL,NULL,NULL,'N','N',0,NULL,NULL,0);
INSERT INTO SM_FIELD_DEF (TABLE_ID,FIELD_NAME,JP_TITLE,US_TITLE,DB_TYPE,DB_LENGTH,IS_KEY,NOT_BLANK,IS_DUMMY,IS_SEARCH_ITEM,SORT_NO,TREE_LEVEL,SHEET_NO,PAGE_NO,PROPERTY_NO,IS_AUTO,IS_MANDATORY,SYSTEM_READONLY,FIELD_TYPE,FIELD_LENGTH,INPUT_ALPHABET,INPUT_MULTIBYTE,INPUT_NUMERIC,INPUT_SYMBOL,INPUT_UPPERCASE,RETRIEVAL_TABLE,FORMAT,DEFAULT_VALUE,MIN_VALUE,MAX_VALUE,CALENDAR_BUTTON,JUMP_BUTTON,OPEN_BUTTON,REF_TABLE_ID,REF_FIELD_NAME,SPECIAL_BUTTON) VALUES ('TBLID_BPROCDATA_ID_ITEM','CALC_PARM9','CALC_PARM9','CALC_PARM9','STRING',20,'N','Y','N','Y',14,-1,0,0,14,'N','N','N','STRING',20,'Y',0,'Y','Y','Y','NONE',NULL,NULL,NULL,NULL,'N','N',0,NULL,NULL,0);
INSERT INTO SM_FIELD_DEF (TABLE_ID,FIELD_NAME,JP_TITLE,US_TITLE,DB_TYPE,DB_LENGTH,IS_KEY,NOT_BLANK,IS_DUMMY,IS_SEARCH_ITEM,SORT_NO,TREE_LEVEL,SHEET_NO,PAGE_NO,PROPERTY_NO,IS_AUTO,IS_MANDATORY,SYSTEM_READONLY,FIELD_TYPE,FIELD_LENGTH,INPUT_ALPHABET,INPUT_MULTIBYTE,INPUT_NUMERIC,INPUT_SYMBOL,INPUT_UPPERCASE,RETRIEVAL_TABLE,FORMAT,DEFAULT_VALUE,MIN_VALUE,MAX_VALUE,CALENDAR_BUTTON,JUMP_BUTTON,OPEN_BUTTON,REF_TABLE_ID,REF_FIELD_NAME,SPECIAL_BUTTON) VALUES ('TBLID_BPROCDATA_ID_ITEM','CALC_PARM10','CALC_PARM10','CALC_PARM10','STRING',20,'N','Y','N','Y',15,-1,0,0,15,'N','N','N','STRING',20,'Y',0,'Y','Y','Y','NONE',NULL,NULL,NULL,NULL,'N','N',0,NULL,NULL,0);
INSERT INTO SM_FIELD_DEF (TABLE_ID,FIELD_NAME,JP_TITLE,US_TITLE,DB_TYPE,DB_LENGTH,IS_KEY,NOT_BLANK,IS_DUMMY,IS_SEARCH_ITEM,SORT_NO,TREE_LEVEL,SHEET_NO,PAGE_NO,PROPERTY_NO,IS_AUTO,IS_MANDATORY,SYSTEM_READONLY,FIELD_TYPE,FIELD_LENGTH,INPUT_ALPHABET,INPUT_MULTIBYTE,INPUT_NUMERIC,INPUT_SYMBOL,INPUT_UPPERCASE,RETRIEVAL_TABLE,FORMAT,DEFAULT_VALUE,MIN_VALUE,MAX_VALUE,CALENDAR_BUTTON,JUMP_BUTTON,OPEN_BUTTON,REF_TABLE_ID,REF_FIELD_NAME,SPECIAL_BUTTON) VALUES ('TBLID_BPROCDATA_ID_ITEM','SPC_FLG','SPC_FLG','SPC_FLG','STRING',1,'N','Y','N','Y',16,-1,0,0,16,'N','N','N','STRING',1,'Y',0,'Y','Y','Y','NONE',NULL,NULL,NULL,NULL,'N','N',0,NULL,NULL,0);
INSERT INTO SM_CHECK_DEF (TABLE_ID,CHECK_TYPE,CHECK_ORDER,CHECK_KIND,FIELD_NAME,REF_TABLE,REF_FIELD,EXPECT_VALUE,ERR_MSG) VALUES ('TBLID_BPROCDATA_ID_ITEM','SAVE',1,'NOTNULL','PROCDATA_ID',NULL,NULL,NULL,'PROCDATA_ID required');
INSERT INTO SM_CHECK_DEF (TABLE_ID,CHECK_TYPE,CHECK_ORDER,CHECK_KIND,FIELD_NAME,REF_TABLE,REF_FIELD,EXPECT_VALUE,ERR_MSG) VALUES ('TBLID_BPROCDATA_ID_ITEM','SAVE',2,'STAT_N',NULL,NULL,NULL,NULL,'Not editable');
INSERT INTO SM_CHECK_DEF (TABLE_ID,CHECK_TYPE,CHECK_ORDER,CHECK_KIND,FIELD_NAME,REF_TABLE,REF_FIELD,EXPECT_VALUE,ERR_MSG) VALUES ('TBLID_BPROCDATA_ID_ITEM','SAVE',3,'LOCK_FREE',NULL,NULL,NULL,NULL,'Locked');
INSERT INTO SM_CHECK_DEF (TABLE_ID,CHECK_TYPE,CHECK_ORDER,CHECK_KIND,FIELD_NAME,REF_TABLE,REF_FIELD,EXPECT_VALUE,ERR_MSG) VALUES ('TBLID_BPROCDATA_ID_ITEM','RELEASE',1,'NOTNULL','PROCDATA_ID',NULL,NULL,NULL,'PROCDATA_ID required');
INSERT INTO SM_CHECK_DEF (TABLE_ID,CHECK_TYPE,CHECK_ORDER,CHECK_KIND,FIELD_NAME,REF_TABLE,REF_FIELD,EXPECT_VALUE,ERR_MSG) VALUES ('TBLID_BPROCDATA_ID_ITEM','RELEASE',2,'STAT_N',NULL,NULL,NULL,NULL,'Not editable');
INSERT INTO SM_CHECK_DEF (TABLE_ID,CHECK_TYPE,CHECK_ORDER,CHECK_KIND,FIELD_NAME,REF_TABLE,REF_FIELD,EXPECT_VALUE,ERR_MSG) VALUES ('TBLID_BPROCDATA_ID_ITEM','RELEASE',3,'LOCK_FREE',NULL,NULL,NULL,NULL,'Locked');
INSERT INTO SM_CHECK_DEF (TABLE_ID,CHECK_TYPE,CHECK_ORDER,CHECK_KIND,FIELD_NAME,REF_TABLE,REF_FIELD,EXPECT_VALUE,ERR_MSG) VALUES ('TBLID_BPROCDATA_ID_ITEM','RELEASE',10,'RELEASE_PARAM','PROCDATA_ID','DPROCDATA_ID_ITEM',NULL,NULL,NULL);
INSERT INTO SM_CHECK_DEF (TABLE_ID,CHECK_TYPE,CHECK_ORDER,CHECK_KIND,FIELD_NAME,REF_TABLE,REF_FIELD,EXPECT_VALUE,ERR_MSG) VALUES ('TBLID_BPROCDATA_ID_ITEM','DELETE',1,'NOTNULL','PROCDATA_ID',NULL,NULL,NULL,'PROCDATA_ID required');
INSERT INTO SM_CHECK_DEF (TABLE_ID,CHECK_TYPE,CHECK_ORDER,CHECK_KIND,FIELD_NAME,REF_TABLE,REF_FIELD,EXPECT_VALUE,ERR_MSG) VALUES ('TBLID_BPROCDATA_ID_ITEM','DELETE',2,'STAT_Y',NULL,NULL,NULL,NULL,'Not released');
INSERT INTO SM_CHECK_DEF (TABLE_ID,CHECK_TYPE,CHECK_ORDER,CHECK_KIND,FIELD_NAME,REF_TABLE,REF_FIELD,EXPECT_VALUE,ERR_MSG) VALUES ('TBLID_BPROCDATA_ID_ITEM','DELETE',3,'LOCK_FREE',NULL,NULL,NULL,NULL,'Locked');
INSERT INTO SM_CHECK_DEF (TABLE_ID,CHECK_TYPE,CHECK_ORDER,CHECK_KIND,FIELD_NAME,REF_TABLE,REF_FIELD,EXPECT_VALUE,ERR_MSG) VALUES ('TBLID_BPROCDATA_ID_ITEM','EDITCOMP',1,'NOTNULL','PROCDATA_ID',NULL,NULL,NULL,'PROCDATA_ID required');
INSERT INTO SM_CHECK_DEF (TABLE_ID,CHECK_TYPE,CHECK_ORDER,CHECK_KIND,FIELD_NAME,REF_TABLE,REF_FIELD,EXPECT_VALUE,ERR_MSG) VALUES ('TBLID_BPROCDATA_ID_ITEM','EDITCOMP',2,'STAT_N',NULL,NULL,NULL,NULL,'Not editable');
INSERT INTO SM_CHECK_DEF (TABLE_ID,CHECK_TYPE,CHECK_ORDER,CHECK_KIND,FIELD_NAME,REF_TABLE,REF_FIELD,EXPECT_VALUE,ERR_MSG) VALUES ('TBLID_BPROCDATA_ID_ITEM','EDITCOMP',3,'LOCK_FREE',NULL,NULL,NULL,NULL,'Locked');
INSERT INTO SM_CHECK_DEF (TABLE_ID,CHECK_TYPE,CHECK_ORDER,CHECK_KIND,FIELD_NAME,REF_TABLE,REF_FIELD,EXPECT_VALUE,ERR_MSG) VALUES ('TBLID_BPROCDATA_ID_ITEM','EDITCOMP',4,'COMP_N',NULL,NULL,NULL,NULL,'Already complete');

INSERT INTO SM_TABLE_DEF (TABLE_ID,TABLE_NAME,JP_TITLE,US_TITLE,RELEASE_FLAG,DISTRIBUTE_FLAG,PERMISSION_TYPE,SCHEMA_TYPE,HAS_DUMMY,SORT_NO) VALUES ('TBLID_BPROCDATA_ITEM','BPROCDATA_ITEM','BPROCDATA_ITEM','BPROCDATA_ITEM','Y','N','C','L','N',850);
INSERT INTO SM_FIELD_DEF (TABLE_ID,FIELD_NAME,JP_TITLE,US_TITLE,DB_TYPE,DB_LENGTH,IS_KEY,NOT_BLANK,IS_DUMMY,IS_SEARCH_ITEM,SORT_NO,TREE_LEVEL,SHEET_NO,PAGE_NO,PROPERTY_NO,IS_AUTO,IS_MANDATORY,SYSTEM_READONLY,FIELD_TYPE,FIELD_LENGTH,INPUT_ALPHABET,INPUT_MULTIBYTE,INPUT_NUMERIC,INPUT_SYMBOL,INPUT_UPPERCASE,RETRIEVAL_TABLE,FORMAT,DEFAULT_VALUE,MIN_VALUE,MAX_VALUE,CALENDAR_BUTTON,JUMP_BUTTON,OPEN_BUTTON,REF_TABLE_ID,REF_FIELD_NAME,SPECIAL_BUTTON) VALUES ('TBLID_BPROCDATA_ITEM','PROCDATA_ITEM','PROCDATA_ITEM','PROCDATA_ITEM','STRING',10,'Y','Y','N','Y',0,0,0,0,0,'N','N','N','STRING',10,'Y',0,'Y','Y','Y','NONE',NULL,NULL,NULL,NULL,'N','N',0,NULL,NULL,0);
INSERT INTO SM_FIELD_DEF (TABLE_ID,FIELD_NAME,JP_TITLE,US_TITLE,DB_TYPE,DB_LENGTH,IS_KEY,NOT_BLANK,IS_DUMMY,IS_SEARCH_ITEM,SORT_NO,TREE_LEVEL,SHEET_NO,PAGE_NO,PROPERTY_NO,IS_AUTO,IS_MANDATORY,SYSTEM_READONLY,FIELD_TYPE,FIELD_LENGTH,INPUT_ALPHABET,INPUT_MULTIBYTE,INPUT_NUMERIC,INPUT_SYMBOL,INPUT_UPPERCASE,RETRIEVAL_TABLE,FORMAT,DEFAULT_VALUE,MIN_VALUE,MAX_VALUE,CALENDAR_BUTTON,JUMP_BUTTON,OPEN_BUTTON,REF_TABLE_ID,REF_FIELD_NAME,SPECIAL_BUTTON) VALUES ('TBLID_BPROCDATA_ITEM','PROCDATA_ITEM_NAME','PROCDATA_ITEM_NAME','PROCDATA_ITEM_NAME','STRING',40,'N','Y','N','Y',1,-1,0,0,1,'N','N','N','STRING',40,'Y',0,'Y','Y','Y','NONE',NULL,NULL,NULL,NULL,'N','N',0,NULL,NULL,0);
INSERT INTO SM_FIELD_DEF (TABLE_ID,FIELD_NAME,JP_TITLE,US_TITLE,DB_TYPE,DB_LENGTH,IS_KEY,NOT_BLANK,IS_DUMMY,IS_SEARCH_ITEM,SORT_NO,TREE_LEVEL,SHEET_NO,PAGE_NO,PROPERTY_NO,IS_AUTO,IS_MANDATORY,SYSTEM_READONLY,FIELD_TYPE,FIELD_LENGTH,INPUT_ALPHABET,INPUT_MULTIBYTE,INPUT_NUMERIC,INPUT_SYMBOL,INPUT_UPPERCASE,RETRIEVAL_TABLE,FORMAT,DEFAULT_VALUE,MIN_VALUE,MAX_VALUE,CALENDAR_BUTTON,JUMP_BUTTON,OPEN_BUTTON,REF_TABLE_ID,REF_FIELD_NAME,SPECIAL_BUTTON) VALUES ('TBLID_BPROCDATA_ITEM','PROCDATA_ITEM_DESC','PROCDATA_ITEM_DESC','PROCDATA_ITEM_DESC','STRING',80,'N','Y','N','Y',2,-1,0,0,2,'N','N','N','STRING',80,'Y',0,'Y','Y','Y','NONE',NULL,NULL,NULL,NULL,'N','N',0,NULL,NULL,0);
INSERT INTO SM_FIELD_DEF (TABLE_ID,FIELD_NAME,JP_TITLE,US_TITLE,DB_TYPE,DB_LENGTH,IS_KEY,NOT_BLANK,IS_DUMMY,IS_SEARCH_ITEM,SORT_NO,TREE_LEVEL,SHEET_NO,PAGE_NO,PROPERTY_NO,IS_AUTO,IS_MANDATORY,SYSTEM_READONLY,FIELD_TYPE,FIELD_LENGTH,INPUT_ALPHABET,INPUT_MULTIBYTE,INPUT_NUMERIC,INPUT_SYMBOL,INPUT_UPPERCASE,RETRIEVAL_TABLE,FORMAT,DEFAULT_VALUE,MIN_VALUE,MAX_VALUE,CALENDAR_BUTTON,JUMP_BUTTON,OPEN_BUTTON,REF_TABLE_ID,REF_FIELD_NAME,SPECIAL_BUTTON) VALUES ('TBLID_BPROCDATA_ITEM','DATA_TYPE','DATA_TYPE','DATA_TYPE','STRING',1,'N','Y','N','Y',3,-1,0,0,3,'N','N','N','STRING',1,'Y',0,'Y','Y','Y','NONE',NULL,NULL,NULL,NULL,'N','N',0,NULL,NULL,0);
INSERT INTO SM_FIELD_DEF (TABLE_ID,FIELD_NAME,JP_TITLE,US_TITLE,DB_TYPE,DB_LENGTH,IS_KEY,NOT_BLANK,IS_DUMMY,IS_SEARCH_ITEM,SORT_NO,TREE_LEVEL,SHEET_NO,PAGE_NO,PROPERTY_NO,IS_AUTO,IS_MANDATORY,SYSTEM_READONLY,FIELD_TYPE,FIELD_LENGTH,INPUT_ALPHABET,INPUT_MULTIBYTE,INPUT_NUMERIC,INPUT_SYMBOL,INPUT_UPPERCASE,RETRIEVAL_TABLE,FORMAT,DEFAULT_VALUE,MIN_VALUE,MAX_VALUE,CALENDAR_BUTTON,JUMP_BUTTON,OPEN_BUTTON,REF_TABLE_ID,REF_FIELD_NAME,SPECIAL_BUTTON) VALUES ('TBLID_BPROCDATA_ITEM','MEAS_UNIT','MEAS_UNIT','MEAS_UNIT','STRING',10,'N','Y','N','Y',4,-1,0,0,4,'N','N','N','STRING',10,'Y',0,'Y','Y','Y','NONE',NULL,NULL,NULL,NULL,'N','N',0,NULL,NULL,0);
INSERT INTO SM_CHECK_DEF (TABLE_ID,CHECK_TYPE,CHECK_ORDER,CHECK_KIND,FIELD_NAME,REF_TABLE,REF_FIELD,EXPECT_VALUE,ERR_MSG) VALUES ('TBLID_BPROCDATA_ITEM','SAVE',1,'NOTNULL','PROCDATA_ITEM',NULL,NULL,NULL,'PROCDATA_ITEM required');
INSERT INTO SM_CHECK_DEF (TABLE_ID,CHECK_TYPE,CHECK_ORDER,CHECK_KIND,FIELD_NAME,REF_TABLE,REF_FIELD,EXPECT_VALUE,ERR_MSG) VALUES ('TBLID_BPROCDATA_ITEM','SAVE',2,'STAT_N',NULL,NULL,NULL,NULL,'Not editable');
INSERT INTO SM_CHECK_DEF (TABLE_ID,CHECK_TYPE,CHECK_ORDER,CHECK_KIND,FIELD_NAME,REF_TABLE,REF_FIELD,EXPECT_VALUE,ERR_MSG) VALUES ('TBLID_BPROCDATA_ITEM','SAVE',3,'LOCK_FREE',NULL,NULL,NULL,NULL,'Locked');
INSERT INTO SM_CHECK_DEF (TABLE_ID,CHECK_TYPE,CHECK_ORDER,CHECK_KIND,FIELD_NAME,REF_TABLE,REF_FIELD,EXPECT_VALUE,ERR_MSG) VALUES ('TBLID_BPROCDATA_ITEM','RELEASE',1,'NOTNULL','PROCDATA_ITEM',NULL,NULL,NULL,'PROCDATA_ITEM required');
INSERT INTO SM_CHECK_DEF (TABLE_ID,CHECK_TYPE,CHECK_ORDER,CHECK_KIND,FIELD_NAME,REF_TABLE,REF_FIELD,EXPECT_VALUE,ERR_MSG) VALUES ('TBLID_BPROCDATA_ITEM','RELEASE',2,'STAT_N',NULL,NULL,NULL,NULL,'Not editable');
INSERT INTO SM_CHECK_DEF (TABLE_ID,CHECK_TYPE,CHECK_ORDER,CHECK_KIND,FIELD_NAME,REF_TABLE,REF_FIELD,EXPECT_VALUE,ERR_MSG) VALUES ('TBLID_BPROCDATA_ITEM','RELEASE',3,'LOCK_FREE',NULL,NULL,NULL,NULL,'Locked');
INSERT INTO SM_CHECK_DEF (TABLE_ID,CHECK_TYPE,CHECK_ORDER,CHECK_KIND,FIELD_NAME,REF_TABLE,REF_FIELD,EXPECT_VALUE,ERR_MSG) VALUES ('TBLID_BPROCDATA_ITEM','RELEASE',10,'RELEASE_PARAM','PROCDATA_ITEM','DPROCDATA_ITEM',NULL,NULL,NULL);
INSERT INTO SM_CHECK_DEF (TABLE_ID,CHECK_TYPE,CHECK_ORDER,CHECK_KIND,FIELD_NAME,REF_TABLE,REF_FIELD,EXPECT_VALUE,ERR_MSG) VALUES ('TBLID_BPROCDATA_ITEM','DELETE',1,'NOTNULL','PROCDATA_ITEM',NULL,NULL,NULL,'PROCDATA_ITEM required');
INSERT INTO SM_CHECK_DEF (TABLE_ID,CHECK_TYPE,CHECK_ORDER,CHECK_KIND,FIELD_NAME,REF_TABLE,REF_FIELD,EXPECT_VALUE,ERR_MSG) VALUES ('TBLID_BPROCDATA_ITEM','DELETE',2,'STAT_Y',NULL,NULL,NULL,NULL,'Not released');
INSERT INTO SM_CHECK_DEF (TABLE_ID,CHECK_TYPE,CHECK_ORDER,CHECK_KIND,FIELD_NAME,REF_TABLE,REF_FIELD,EXPECT_VALUE,ERR_MSG) VALUES ('TBLID_BPROCDATA_ITEM','DELETE',3,'LOCK_FREE',NULL,NULL,NULL,NULL,'Locked');
INSERT INTO SM_CHECK_DEF (TABLE_ID,CHECK_TYPE,CHECK_ORDER,CHECK_KIND,FIELD_NAME,REF_TABLE,REF_FIELD,EXPECT_VALUE,ERR_MSG) VALUES ('TBLID_BPROCDATA_ITEM','EDITCOMP',1,'NOTNULL','PROCDATA_ITEM',NULL,NULL,NULL,'PROCDATA_ITEM required');
INSERT INTO SM_CHECK_DEF (TABLE_ID,CHECK_TYPE,CHECK_ORDER,CHECK_KIND,FIELD_NAME,REF_TABLE,REF_FIELD,EXPECT_VALUE,ERR_MSG) VALUES ('TBLID_BPROCDATA_ITEM','EDITCOMP',2,'STAT_N',NULL,NULL,NULL,NULL,'Not editable');
INSERT INTO SM_CHECK_DEF (TABLE_ID,CHECK_TYPE,CHECK_ORDER,CHECK_KIND,FIELD_NAME,REF_TABLE,REF_FIELD,EXPECT_VALUE,ERR_MSG) VALUES ('TBLID_BPROCDATA_ITEM','EDITCOMP',3,'LOCK_FREE',NULL,NULL,NULL,NULL,'Locked');
INSERT INTO SM_CHECK_DEF (TABLE_ID,CHECK_TYPE,CHECK_ORDER,CHECK_KIND,FIELD_NAME,REF_TABLE,REF_FIELD,EXPECT_VALUE,ERR_MSG) VALUES ('TBLID_BPROCDATA_ITEM','EDITCOMP',4,'COMP_N',NULL,NULL,NULL,NULL,'Already complete');

INSERT INTO SM_TABLE_DEF (TABLE_ID,TABLE_NAME,JP_TITLE,US_TITLE,RELEASE_FLAG,DISTRIBUTE_FLAG,PERMISSION_TYPE,SCHEMA_TYPE,HAS_DUMMY,SORT_NO) VALUES ('TBLID_BPROCDATA_LOOKUP','BPROCDATA_LOOKUP','BPROCDATA_LOOKUP','BPROCDATA_LOOKUP','Y','N','C','L','N',860);
INSERT INTO SM_FIELD_DEF (TABLE_ID,FIELD_NAME,JP_TITLE,US_TITLE,DB_TYPE,DB_LENGTH,IS_KEY,NOT_BLANK,IS_DUMMY,IS_SEARCH_ITEM,SORT_NO,TREE_LEVEL,SHEET_NO,PAGE_NO,PROPERTY_NO,IS_AUTO,IS_MANDATORY,SYSTEM_READONLY,FIELD_TYPE,FIELD_LENGTH,INPUT_ALPHABET,INPUT_MULTIBYTE,INPUT_NUMERIC,INPUT_SYMBOL,INPUT_UPPERCASE,RETRIEVAL_TABLE,FORMAT,DEFAULT_VALUE,MIN_VALUE,MAX_VALUE,CALENDAR_BUTTON,JUMP_BUTTON,OPEN_BUTTON,REF_TABLE_ID,REF_FIELD_NAME,SPECIAL_BUTTON) VALUES ('TBLID_BPROCDATA_LOOKUP','ROUTE_ID','ROUTE_ID','ROUTE_ID','STRING',12,'Y','Y','N','Y',0,0,0,0,0,'N','N','N','STRING',12,'Y',0,'Y','Y','Y','NONE',NULL,NULL,NULL,NULL,'N','N',0,NULL,NULL,0);
INSERT INTO SM_FIELD_DEF (TABLE_ID,FIELD_NAME,JP_TITLE,US_TITLE,DB_TYPE,DB_LENGTH,IS_KEY,NOT_BLANK,IS_DUMMY,IS_SEARCH_ITEM,SORT_NO,TREE_LEVEL,SHEET_NO,PAGE_NO,PROPERTY_NO,IS_AUTO,IS_MANDATORY,SYSTEM_READONLY,FIELD_TYPE,FIELD_LENGTH,INPUT_ALPHABET,INPUT_MULTIBYTE,INPUT_NUMERIC,INPUT_SYMBOL,INPUT_UPPERCASE,RETRIEVAL_TABLE,FORMAT,DEFAULT_VALUE,MIN_VALUE,MAX_VALUE,CALENDAR_BUTTON,JUMP_BUTTON,OPEN_BUTTON,REF_TABLE_ID,REF_FIELD_NAME,SPECIAL_BUTTON) VALUES ('TBLID_BPROCDATA_LOOKUP','ROUTE_VER','ROUTE_VER','ROUTE_VER','STRING',3,'N','Y','N','Y',1,-1,0,0,1,'N','N','N','STRING',3,'Y',0,'Y','Y','Y','NONE',NULL,NULL,NULL,NULL,'N','N',0,NULL,NULL,0);
INSERT INTO SM_FIELD_DEF (TABLE_ID,FIELD_NAME,JP_TITLE,US_TITLE,DB_TYPE,DB_LENGTH,IS_KEY,NOT_BLANK,IS_DUMMY,IS_SEARCH_ITEM,SORT_NO,TREE_LEVEL,SHEET_NO,PAGE_NO,PROPERTY_NO,IS_AUTO,IS_MANDATORY,SYSTEM_READONLY,FIELD_TYPE,FIELD_LENGTH,INPUT_ALPHABET,INPUT_MULTIBYTE,INPUT_NUMERIC,INPUT_SYMBOL,INPUT_UPPERCASE,RETRIEVAL_TABLE,FORMAT,DEFAULT_VALUE,MIN_VALUE,MAX_VALUE,CALENDAR_BUTTON,JUMP_BUTTON,OPEN_BUTTON,REF_TABLE_ID,REF_FIELD_NAME,SPECIAL_BUTTON) VALUES ('TBLID_BPROCDATA_LOOKUP','OPE_NO','OPE_NO','OPE_NO','STRING',6,'N','Y','N','Y',2,-1,0,0,2,'N','N','N','STRING',6,'Y',0,'Y','Y','Y','NONE',NULL,NULL,NULL,NULL,'N','N',0,NULL,NULL,0);
INSERT INTO SM_FIELD_DEF (TABLE_ID,FIELD_NAME,JP_TITLE,US_TITLE,DB_TYPE,DB_LENGTH,IS_KEY,NOT_BLANK,IS_DUMMY,IS_SEARCH_ITEM,SORT_NO,TREE_LEVEL,SHEET_NO,PAGE_NO,PROPERTY_NO,IS_AUTO,IS_MANDATORY,SYSTEM_READONLY,FIELD_TYPE,FIELD_LENGTH,INPUT_ALPHABET,INPUT_MULTIBYTE,INPUT_NUMERIC,INPUT_SYMBOL,INPUT_UPPERCASE,RETRIEVAL_TABLE,FORMAT,DEFAULT_VALUE,MIN_VALUE,MAX_VALUE,CALENDAR_BUTTON,JUMP_BUTTON,OPEN_BUTTON,REF_TABLE_ID,REF_FIELD_NAME,SPECIAL_BUTTON) VALUES ('TBLID_BPROCDATA_LOOKUP','PROD_ID','PROD_ID','PROD_ID','STRING',20,'N','Y','N','Y',3,-1,0,0,3,'N','N','N','STRING',20,'Y',0,'Y','Y','Y','NONE',NULL,NULL,NULL,NULL,'N','N',0,NULL,NULL,0);
INSERT INTO SM_FIELD_DEF (TABLE_ID,FIELD_NAME,JP_TITLE,US_TITLE,DB_TYPE,DB_LENGTH,IS_KEY,NOT_BLANK,IS_DUMMY,IS_SEARCH_ITEM,SORT_NO,TREE_LEVEL,SHEET_NO,PAGE_NO,PROPERTY_NO,IS_AUTO,IS_MANDATORY,SYSTEM_READONLY,FIELD_TYPE,FIELD_LENGTH,INPUT_ALPHABET,INPUT_MULTIBYTE,INPUT_NUMERIC,INPUT_SYMBOL,INPUT_UPPERCASE,RETRIEVAL_TABLE,FORMAT,DEFAULT_VALUE,MIN_VALUE,MAX_VALUE,CALENDAR_BUTTON,JUMP_BUTTON,OPEN_BUTTON,REF_TABLE_ID,REF_FIELD_NAME,SPECIAL_BUTTON) VALUES ('TBLID_BPROCDATA_LOOKUP','EQP_ID','EQP_ID','EQP_ID','STRING',10,'N','Y','N','Y',4,-1,0,0,4,'N','N','N','STRING',10,'Y',0,'Y','Y','Y','NONE',NULL,NULL,NULL,NULL,'N','N',0,NULL,NULL,0);
INSERT INTO SM_FIELD_DEF (TABLE_ID,FIELD_NAME,JP_TITLE,US_TITLE,DB_TYPE,DB_LENGTH,IS_KEY,NOT_BLANK,IS_DUMMY,IS_SEARCH_ITEM,SORT_NO,TREE_LEVEL,SHEET_NO,PAGE_NO,PROPERTY_NO,IS_AUTO,IS_MANDATORY,SYSTEM_READONLY,FIELD_TYPE,FIELD_LENGTH,INPUT_ALPHABET,INPUT_MULTIBYTE,INPUT_NUMERIC,INPUT_SYMBOL,INPUT_UPPERCASE,RETRIEVAL_TABLE,FORMAT,DEFAULT_VALUE,MIN_VALUE,MAX_VALUE,CALENDAR_BUTTON,JUMP_BUTTON,OPEN_BUTTON,REF_TABLE_ID,REF_FIELD_NAME,SPECIAL_BUTTON) VALUES ('TBLID_BPROCDATA_LOOKUP','PROCDATA_ID','PROCDATA_ID','PROCDATA_ID','STRING',13,'N','Y','N','Y',5,-1,0,0,5,'N','N','N','STRING',13,'Y',0,'Y','Y','Y','NONE',NULL,NULL,NULL,NULL,'N','N',0,NULL,NULL,0);
INSERT INTO SM_CHECK_DEF (TABLE_ID,CHECK_TYPE,CHECK_ORDER,CHECK_KIND,FIELD_NAME,REF_TABLE,REF_FIELD,EXPECT_VALUE,ERR_MSG) VALUES ('TBLID_BPROCDATA_LOOKUP','SAVE',1,'NOTNULL','ROUTE_ID',NULL,NULL,NULL,'ROUTE_ID required');
INSERT INTO SM_CHECK_DEF (TABLE_ID,CHECK_TYPE,CHECK_ORDER,CHECK_KIND,FIELD_NAME,REF_TABLE,REF_FIELD,EXPECT_VALUE,ERR_MSG) VALUES ('TBLID_BPROCDATA_LOOKUP','SAVE',2,'STAT_N',NULL,NULL,NULL,NULL,'Not editable');
INSERT INTO SM_CHECK_DEF (TABLE_ID,CHECK_TYPE,CHECK_ORDER,CHECK_KIND,FIELD_NAME,REF_TABLE,REF_FIELD,EXPECT_VALUE,ERR_MSG) VALUES ('TBLID_BPROCDATA_LOOKUP','SAVE',3,'LOCK_FREE',NULL,NULL,NULL,NULL,'Locked');
INSERT INTO SM_CHECK_DEF (TABLE_ID,CHECK_TYPE,CHECK_ORDER,CHECK_KIND,FIELD_NAME,REF_TABLE,REF_FIELD,EXPECT_VALUE,ERR_MSG) VALUES ('TBLID_BPROCDATA_LOOKUP','RELEASE',1,'NOTNULL','ROUTE_ID',NULL,NULL,NULL,'ROUTE_ID required');
INSERT INTO SM_CHECK_DEF (TABLE_ID,CHECK_TYPE,CHECK_ORDER,CHECK_KIND,FIELD_NAME,REF_TABLE,REF_FIELD,EXPECT_VALUE,ERR_MSG) VALUES ('TBLID_BPROCDATA_LOOKUP','RELEASE',2,'STAT_N',NULL,NULL,NULL,NULL,'Not editable');
INSERT INTO SM_CHECK_DEF (TABLE_ID,CHECK_TYPE,CHECK_ORDER,CHECK_KIND,FIELD_NAME,REF_TABLE,REF_FIELD,EXPECT_VALUE,ERR_MSG) VALUES ('TBLID_BPROCDATA_LOOKUP','RELEASE',3,'LOCK_FREE',NULL,NULL,NULL,NULL,'Locked');
INSERT INTO SM_CHECK_DEF (TABLE_ID,CHECK_TYPE,CHECK_ORDER,CHECK_KIND,FIELD_NAME,REF_TABLE,REF_FIELD,EXPECT_VALUE,ERR_MSG) VALUES ('TBLID_BPROCDATA_LOOKUP','RELEASE',10,'RELEASE_PARAM','ROUTE_ID','DPROCDATA_LOOKUP',NULL,NULL,NULL);
INSERT INTO SM_CHECK_DEF (TABLE_ID,CHECK_TYPE,CHECK_ORDER,CHECK_KIND,FIELD_NAME,REF_TABLE,REF_FIELD,EXPECT_VALUE,ERR_MSG) VALUES ('TBLID_BPROCDATA_LOOKUP','DELETE',1,'NOTNULL','ROUTE_ID',NULL,NULL,NULL,'ROUTE_ID required');
INSERT INTO SM_CHECK_DEF (TABLE_ID,CHECK_TYPE,CHECK_ORDER,CHECK_KIND,FIELD_NAME,REF_TABLE,REF_FIELD,EXPECT_VALUE,ERR_MSG) VALUES ('TBLID_BPROCDATA_LOOKUP','DELETE',2,'STAT_Y',NULL,NULL,NULL,NULL,'Not released');
INSERT INTO SM_CHECK_DEF (TABLE_ID,CHECK_TYPE,CHECK_ORDER,CHECK_KIND,FIELD_NAME,REF_TABLE,REF_FIELD,EXPECT_VALUE,ERR_MSG) VALUES ('TBLID_BPROCDATA_LOOKUP','DELETE',3,'LOCK_FREE',NULL,NULL,NULL,NULL,'Locked');
INSERT INTO SM_CHECK_DEF (TABLE_ID,CHECK_TYPE,CHECK_ORDER,CHECK_KIND,FIELD_NAME,REF_TABLE,REF_FIELD,EXPECT_VALUE,ERR_MSG) VALUES ('TBLID_BPROCDATA_LOOKUP','EDITCOMP',1,'NOTNULL','ROUTE_ID',NULL,NULL,NULL,'ROUTE_ID required');
INSERT INTO SM_CHECK_DEF (TABLE_ID,CHECK_TYPE,CHECK_ORDER,CHECK_KIND,FIELD_NAME,REF_TABLE,REF_FIELD,EXPECT_VALUE,ERR_MSG) VALUES ('TBLID_BPROCDATA_LOOKUP','EDITCOMP',2,'STAT_N',NULL,NULL,NULL,NULL,'Not editable');
INSERT INTO SM_CHECK_DEF (TABLE_ID,CHECK_TYPE,CHECK_ORDER,CHECK_KIND,FIELD_NAME,REF_TABLE,REF_FIELD,EXPECT_VALUE,ERR_MSG) VALUES ('TBLID_BPROCDATA_LOOKUP','EDITCOMP',3,'LOCK_FREE',NULL,NULL,NULL,NULL,'Locked');
INSERT INTO SM_CHECK_DEF (TABLE_ID,CHECK_TYPE,CHECK_ORDER,CHECK_KIND,FIELD_NAME,REF_TABLE,REF_FIELD,EXPECT_VALUE,ERR_MSG) VALUES ('TBLID_BPROCDATA_LOOKUP','EDITCOMP',4,'COMP_N',NULL,NULL,NULL,NULL,'Already complete');

INSERT INTO SM_TABLE_DEF (TABLE_ID,TABLE_NAME,JP_TITLE,US_TITLE,RELEASE_FLAG,DISTRIBUTE_FLAG,PERMISSION_TYPE,SCHEMA_TYPE,HAS_DUMMY,SORT_NO) VALUES ('TBLID_BPROD_02','BPROD_02','BPROD_02','BPROD_02','Y','N','C','L','N',870);
INSERT INTO SM_FIELD_DEF (TABLE_ID,FIELD_NAME,JP_TITLE,US_TITLE,DB_TYPE,DB_LENGTH,IS_KEY,NOT_BLANK,IS_DUMMY,IS_SEARCH_ITEM,SORT_NO,TREE_LEVEL,SHEET_NO,PAGE_NO,PROPERTY_NO,IS_AUTO,IS_MANDATORY,SYSTEM_READONLY,FIELD_TYPE,FIELD_LENGTH,INPUT_ALPHABET,INPUT_MULTIBYTE,INPUT_NUMERIC,INPUT_SYMBOL,INPUT_UPPERCASE,RETRIEVAL_TABLE,FORMAT,DEFAULT_VALUE,MIN_VALUE,MAX_VALUE,CALENDAR_BUTTON,JUMP_BUTTON,OPEN_BUTTON,REF_TABLE_ID,REF_FIELD_NAME,SPECIAL_BUTTON) VALUES ('TBLID_BPROD_02','PROD_ID','PROD_ID','PROD_ID','STRING',20,'Y','Y','N','Y',0,0,0,0,0,'N','N','N','STRING',20,'Y',0,'Y','Y','Y','NONE',NULL,NULL,NULL,NULL,'N','N',0,NULL,NULL,0);
INSERT INTO SM_FIELD_DEF (TABLE_ID,FIELD_NAME,JP_TITLE,US_TITLE,DB_TYPE,DB_LENGTH,IS_KEY,NOT_BLANK,IS_DUMMY,IS_SEARCH_ITEM,SORT_NO,TREE_LEVEL,SHEET_NO,PAGE_NO,PROPERTY_NO,IS_AUTO,IS_MANDATORY,SYSTEM_READONLY,FIELD_TYPE,FIELD_LENGTH,INPUT_ALPHABET,INPUT_MULTIBYTE,INPUT_NUMERIC,INPUT_SYMBOL,INPUT_UPPERCASE,RETRIEVAL_TABLE,FORMAT,DEFAULT_VALUE,MIN_VALUE,MAX_VALUE,CALENDAR_BUTTON,JUMP_BUTTON,OPEN_BUTTON,REF_TABLE_ID,REF_FIELD_NAME,SPECIAL_BUTTON) VALUES ('TBLID_BPROD_02','DPROD_FIELD','DPROD_FIELD','DPROD_FIELD','STRING',40,'N','Y','N','Y',1,-1,0,0,1,'N','N','N','STRING',40,'Y',0,'Y','Y','Y','NONE',NULL,NULL,NULL,NULL,'N','N',0,NULL,NULL,0);
INSERT INTO SM_FIELD_DEF (TABLE_ID,FIELD_NAME,JP_TITLE,US_TITLE,DB_TYPE,DB_LENGTH,IS_KEY,NOT_BLANK,IS_DUMMY,IS_SEARCH_ITEM,SORT_NO,TREE_LEVEL,SHEET_NO,PAGE_NO,PROPERTY_NO,IS_AUTO,IS_MANDATORY,SYSTEM_READONLY,FIELD_TYPE,FIELD_LENGTH,INPUT_ALPHABET,INPUT_MULTIBYTE,INPUT_NUMERIC,INPUT_SYMBOL,INPUT_UPPERCASE,RETRIEVAL_TABLE,FORMAT,DEFAULT_VALUE,MIN_VALUE,MAX_VALUE,CALENDAR_BUTTON,JUMP_BUTTON,OPEN_BUTTON,REF_TABLE_ID,REF_FIELD_NAME,SPECIAL_BUTTON) VALUES ('TBLID_BPROD_02','ITEM_VAL','ITEM_VAL','ITEM_VAL','STRING',40,'N','Y','N','Y',2,-1,0,0,2,'N','N','N','STRING',40,'Y',0,'Y','Y','Y','NONE',NULL,NULL,NULL,NULL,'N','N',0,NULL,NULL,0);
INSERT INTO SM_FIELD_DEF (TABLE_ID,FIELD_NAME,JP_TITLE,US_TITLE,DB_TYPE,DB_LENGTH,IS_KEY,NOT_BLANK,IS_DUMMY,IS_SEARCH_ITEM,SORT_NO,TREE_LEVEL,SHEET_NO,PAGE_NO,PROPERTY_NO,IS_AUTO,IS_MANDATORY,SYSTEM_READONLY,FIELD_TYPE,FIELD_LENGTH,INPUT_ALPHABET,INPUT_MULTIBYTE,INPUT_NUMERIC,INPUT_SYMBOL,INPUT_UPPERCASE,RETRIEVAL_TABLE,FORMAT,DEFAULT_VALUE,MIN_VALUE,MAX_VALUE,CALENDAR_BUTTON,JUMP_BUTTON,OPEN_BUTTON,REF_TABLE_ID,REF_FIELD_NAME,SPECIAL_BUTTON) VALUES ('TBLID_BPROD_02','SEQ_NO','SEQ_NO','SEQ_NO','NUMBER',0,'N','Y','N','Y',3,-1,0,0,3,'N','N','N','STRING',0,'Y',0,'Y','Y','Y','NONE',NULL,NULL,NULL,NULL,'N','N',0,NULL,NULL,0);
INSERT INTO SM_CHECK_DEF (TABLE_ID,CHECK_TYPE,CHECK_ORDER,CHECK_KIND,FIELD_NAME,REF_TABLE,REF_FIELD,EXPECT_VALUE,ERR_MSG) VALUES ('TBLID_BPROD_02','SAVE',1,'NOTNULL','PROD_ID',NULL,NULL,NULL,'PROD_ID required');
INSERT INTO SM_CHECK_DEF (TABLE_ID,CHECK_TYPE,CHECK_ORDER,CHECK_KIND,FIELD_NAME,REF_TABLE,REF_FIELD,EXPECT_VALUE,ERR_MSG) VALUES ('TBLID_BPROD_02','SAVE',2,'STAT_N',NULL,NULL,NULL,NULL,'Not editable');
INSERT INTO SM_CHECK_DEF (TABLE_ID,CHECK_TYPE,CHECK_ORDER,CHECK_KIND,FIELD_NAME,REF_TABLE,REF_FIELD,EXPECT_VALUE,ERR_MSG) VALUES ('TBLID_BPROD_02','SAVE',3,'LOCK_FREE',NULL,NULL,NULL,NULL,'Locked');
INSERT INTO SM_CHECK_DEF (TABLE_ID,CHECK_TYPE,CHECK_ORDER,CHECK_KIND,FIELD_NAME,REF_TABLE,REF_FIELD,EXPECT_VALUE,ERR_MSG) VALUES ('TBLID_BPROD_02','RELEASE',1,'NOTNULL','PROD_ID',NULL,NULL,NULL,'PROD_ID required');
INSERT INTO SM_CHECK_DEF (TABLE_ID,CHECK_TYPE,CHECK_ORDER,CHECK_KIND,FIELD_NAME,REF_TABLE,REF_FIELD,EXPECT_VALUE,ERR_MSG) VALUES ('TBLID_BPROD_02','RELEASE',2,'STAT_N',NULL,NULL,NULL,NULL,'Not editable');
INSERT INTO SM_CHECK_DEF (TABLE_ID,CHECK_TYPE,CHECK_ORDER,CHECK_KIND,FIELD_NAME,REF_TABLE,REF_FIELD,EXPECT_VALUE,ERR_MSG) VALUES ('TBLID_BPROD_02','RELEASE',3,'LOCK_FREE',NULL,NULL,NULL,NULL,'Locked');
INSERT INTO SM_CHECK_DEF (TABLE_ID,CHECK_TYPE,CHECK_ORDER,CHECK_KIND,FIELD_NAME,REF_TABLE,REF_FIELD,EXPECT_VALUE,ERR_MSG) VALUES ('TBLID_BPROD_02','RELEASE',10,'RELEASE_PARAM','PROD_ID','DPROD_02',NULL,NULL,NULL);
INSERT INTO SM_CHECK_DEF (TABLE_ID,CHECK_TYPE,CHECK_ORDER,CHECK_KIND,FIELD_NAME,REF_TABLE,REF_FIELD,EXPECT_VALUE,ERR_MSG) VALUES ('TBLID_BPROD_02','DELETE',1,'NOTNULL','PROD_ID',NULL,NULL,NULL,'PROD_ID required');
INSERT INTO SM_CHECK_DEF (TABLE_ID,CHECK_TYPE,CHECK_ORDER,CHECK_KIND,FIELD_NAME,REF_TABLE,REF_FIELD,EXPECT_VALUE,ERR_MSG) VALUES ('TBLID_BPROD_02','DELETE',2,'STAT_Y',NULL,NULL,NULL,NULL,'Not released');
INSERT INTO SM_CHECK_DEF (TABLE_ID,CHECK_TYPE,CHECK_ORDER,CHECK_KIND,FIELD_NAME,REF_TABLE,REF_FIELD,EXPECT_VALUE,ERR_MSG) VALUES ('TBLID_BPROD_02','DELETE',3,'LOCK_FREE',NULL,NULL,NULL,NULL,'Locked');
INSERT INTO SM_CHECK_DEF (TABLE_ID,CHECK_TYPE,CHECK_ORDER,CHECK_KIND,FIELD_NAME,REF_TABLE,REF_FIELD,EXPECT_VALUE,ERR_MSG) VALUES ('TBLID_BPROD_02','EDITCOMP',1,'NOTNULL','PROD_ID',NULL,NULL,NULL,'PROD_ID required');
INSERT INTO SM_CHECK_DEF (TABLE_ID,CHECK_TYPE,CHECK_ORDER,CHECK_KIND,FIELD_NAME,REF_TABLE,REF_FIELD,EXPECT_VALUE,ERR_MSG) VALUES ('TBLID_BPROD_02','EDITCOMP',2,'STAT_N',NULL,NULL,NULL,NULL,'Not editable');
INSERT INTO SM_CHECK_DEF (TABLE_ID,CHECK_TYPE,CHECK_ORDER,CHECK_KIND,FIELD_NAME,REF_TABLE,REF_FIELD,EXPECT_VALUE,ERR_MSG) VALUES ('TBLID_BPROD_02','EDITCOMP',3,'LOCK_FREE',NULL,NULL,NULL,NULL,'Locked');
INSERT INTO SM_CHECK_DEF (TABLE_ID,CHECK_TYPE,CHECK_ORDER,CHECK_KIND,FIELD_NAME,REF_TABLE,REF_FIELD,EXPECT_VALUE,ERR_MSG) VALUES ('TBLID_BPROD_02','EDITCOMP',4,'COMP_N',NULL,NULL,NULL,NULL,'Already complete');

INSERT INTO SM_TABLE_DEF (TABLE_ID,TABLE_NAME,JP_TITLE,US_TITLE,RELEASE_FLAG,DISTRIBUTE_FLAG,PERMISSION_TYPE,SCHEMA_TYPE,HAS_DUMMY,SORT_NO) VALUES ('TBLID_BPROD_BINCODE','BPROD_BINCODE','BPROD_BINCODE','BPROD_BINCODE','Y','N','C','L','N',880);
INSERT INTO SM_FIELD_DEF (TABLE_ID,FIELD_NAME,JP_TITLE,US_TITLE,DB_TYPE,DB_LENGTH,IS_KEY,NOT_BLANK,IS_DUMMY,IS_SEARCH_ITEM,SORT_NO,TREE_LEVEL,SHEET_NO,PAGE_NO,PROPERTY_NO,IS_AUTO,IS_MANDATORY,SYSTEM_READONLY,FIELD_TYPE,FIELD_LENGTH,INPUT_ALPHABET,INPUT_MULTIBYTE,INPUT_NUMERIC,INPUT_SYMBOL,INPUT_UPPERCASE,RETRIEVAL_TABLE,FORMAT,DEFAULT_VALUE,MIN_VALUE,MAX_VALUE,CALENDAR_BUTTON,JUMP_BUTTON,OPEN_BUTTON,REF_TABLE_ID,REF_FIELD_NAME,SPECIAL_BUTTON) VALUES ('TBLID_BPROD_BINCODE','PROD_ID','PROD_ID','PROD_ID','STRING',20,'Y','Y','N','Y',0,0,0,0,0,'N','N','N','STRING',20,'Y',0,'Y','Y','Y','NONE',NULL,NULL,NULL,NULL,'N','N',0,NULL,NULL,0);
INSERT INTO SM_FIELD_DEF (TABLE_ID,FIELD_NAME,JP_TITLE,US_TITLE,DB_TYPE,DB_LENGTH,IS_KEY,NOT_BLANK,IS_DUMMY,IS_SEARCH_ITEM,SORT_NO,TREE_LEVEL,SHEET_NO,PAGE_NO,PROPERTY_NO,IS_AUTO,IS_MANDATORY,SYSTEM_READONLY,FIELD_TYPE,FIELD_LENGTH,INPUT_ALPHABET,INPUT_MULTIBYTE,INPUT_NUMERIC,INPUT_SYMBOL,INPUT_UPPERCASE,RETRIEVAL_TABLE,FORMAT,DEFAULT_VALUE,MIN_VALUE,MAX_VALUE,CALENDAR_BUTTON,JUMP_BUTTON,OPEN_BUTTON,REF_TABLE_ID,REF_FIELD_NAME,SPECIAL_BUTTON) VALUES ('TBLID_BPROD_BINCODE','BINCODE','BINCODE','BINCODE','STRING',10,'N','Y','N','Y',1,-1,0,0,1,'N','N','N','STRING',10,'Y',0,'Y','Y','Y','NONE',NULL,NULL,NULL,NULL,'N','N',0,NULL,NULL,0);
INSERT INTO SM_FIELD_DEF (TABLE_ID,FIELD_NAME,JP_TITLE,US_TITLE,DB_TYPE,DB_LENGTH,IS_KEY,NOT_BLANK,IS_DUMMY,IS_SEARCH_ITEM,SORT_NO,TREE_LEVEL,SHEET_NO,PAGE_NO,PROPERTY_NO,IS_AUTO,IS_MANDATORY,SYSTEM_READONLY,FIELD_TYPE,FIELD_LENGTH,INPUT_ALPHABET,INPUT_MULTIBYTE,INPUT_NUMERIC,INPUT_SYMBOL,INPUT_UPPERCASE,RETRIEVAL_TABLE,FORMAT,DEFAULT_VALUE,MIN_VALUE,MAX_VALUE,CALENDAR_BUTTON,JUMP_BUTTON,OPEN_BUTTON,REF_TABLE_ID,REF_FIELD_NAME,SPECIAL_BUTTON) VALUES ('TBLID_BPROD_BINCODE','MEAS_ITEM','MEAS_ITEM','MEAS_ITEM','STRING',10,'N','Y','N','Y',2,-1,0,0,2,'N','N','N','STRING',10,'Y',0,'Y','Y','Y','NONE',NULL,NULL,NULL,NULL,'N','N',0,NULL,NULL,0);
INSERT INTO SM_FIELD_DEF (TABLE_ID,FIELD_NAME,JP_TITLE,US_TITLE,DB_TYPE,DB_LENGTH,IS_KEY,NOT_BLANK,IS_DUMMY,IS_SEARCH_ITEM,SORT_NO,TREE_LEVEL,SHEET_NO,PAGE_NO,PROPERTY_NO,IS_AUTO,IS_MANDATORY,SYSTEM_READONLY,FIELD_TYPE,FIELD_LENGTH,INPUT_ALPHABET,INPUT_MULTIBYTE,INPUT_NUMERIC,INPUT_SYMBOL,INPUT_UPPERCASE,RETRIEVAL_TABLE,FORMAT,DEFAULT_VALUE,MIN_VALUE,MAX_VALUE,CALENDAR_BUTTON,JUMP_BUTTON,OPEN_BUTTON,REF_TABLE_ID,REF_FIELD_NAME,SPECIAL_BUTTON) VALUES ('TBLID_BPROD_BINCODE','CODE_DESC','CODE_DESC','CODE_DESC','STRING',80,'N','Y','N','Y',3,-1,0,0,3,'N','N','N','STRING',80,'Y',0,'Y','Y','Y','NONE',NULL,NULL,NULL,NULL,'N','N',0,NULL,NULL,0);
INSERT INTO SM_CHECK_DEF (TABLE_ID,CHECK_TYPE,CHECK_ORDER,CHECK_KIND,FIELD_NAME,REF_TABLE,REF_FIELD,EXPECT_VALUE,ERR_MSG) VALUES ('TBLID_BPROD_BINCODE','SAVE',1,'NOTNULL','PROD_ID',NULL,NULL,NULL,'PROD_ID required');
INSERT INTO SM_CHECK_DEF (TABLE_ID,CHECK_TYPE,CHECK_ORDER,CHECK_KIND,FIELD_NAME,REF_TABLE,REF_FIELD,EXPECT_VALUE,ERR_MSG) VALUES ('TBLID_BPROD_BINCODE','SAVE',2,'STAT_N',NULL,NULL,NULL,NULL,'Not editable');
INSERT INTO SM_CHECK_DEF (TABLE_ID,CHECK_TYPE,CHECK_ORDER,CHECK_KIND,FIELD_NAME,REF_TABLE,REF_FIELD,EXPECT_VALUE,ERR_MSG) VALUES ('TBLID_BPROD_BINCODE','SAVE',3,'LOCK_FREE',NULL,NULL,NULL,NULL,'Locked');
INSERT INTO SM_CHECK_DEF (TABLE_ID,CHECK_TYPE,CHECK_ORDER,CHECK_KIND,FIELD_NAME,REF_TABLE,REF_FIELD,EXPECT_VALUE,ERR_MSG) VALUES ('TBLID_BPROD_BINCODE','RELEASE',1,'NOTNULL','PROD_ID',NULL,NULL,NULL,'PROD_ID required');
INSERT INTO SM_CHECK_DEF (TABLE_ID,CHECK_TYPE,CHECK_ORDER,CHECK_KIND,FIELD_NAME,REF_TABLE,REF_FIELD,EXPECT_VALUE,ERR_MSG) VALUES ('TBLID_BPROD_BINCODE','RELEASE',2,'STAT_N',NULL,NULL,NULL,NULL,'Not editable');
INSERT INTO SM_CHECK_DEF (TABLE_ID,CHECK_TYPE,CHECK_ORDER,CHECK_KIND,FIELD_NAME,REF_TABLE,REF_FIELD,EXPECT_VALUE,ERR_MSG) VALUES ('TBLID_BPROD_BINCODE','RELEASE',3,'LOCK_FREE',NULL,NULL,NULL,NULL,'Locked');
INSERT INTO SM_CHECK_DEF (TABLE_ID,CHECK_TYPE,CHECK_ORDER,CHECK_KIND,FIELD_NAME,REF_TABLE,REF_FIELD,EXPECT_VALUE,ERR_MSG) VALUES ('TBLID_BPROD_BINCODE','RELEASE',10,'RELEASE_PARAM','PROD_ID','DPROD_BINCODE',NULL,NULL,NULL);
INSERT INTO SM_CHECK_DEF (TABLE_ID,CHECK_TYPE,CHECK_ORDER,CHECK_KIND,FIELD_NAME,REF_TABLE,REF_FIELD,EXPECT_VALUE,ERR_MSG) VALUES ('TBLID_BPROD_BINCODE','DELETE',1,'NOTNULL','PROD_ID',NULL,NULL,NULL,'PROD_ID required');
INSERT INTO SM_CHECK_DEF (TABLE_ID,CHECK_TYPE,CHECK_ORDER,CHECK_KIND,FIELD_NAME,REF_TABLE,REF_FIELD,EXPECT_VALUE,ERR_MSG) VALUES ('TBLID_BPROD_BINCODE','DELETE',2,'STAT_Y',NULL,NULL,NULL,NULL,'Not released');
INSERT INTO SM_CHECK_DEF (TABLE_ID,CHECK_TYPE,CHECK_ORDER,CHECK_KIND,FIELD_NAME,REF_TABLE,REF_FIELD,EXPECT_VALUE,ERR_MSG) VALUES ('TBLID_BPROD_BINCODE','DELETE',3,'LOCK_FREE',NULL,NULL,NULL,NULL,'Locked');
INSERT INTO SM_CHECK_DEF (TABLE_ID,CHECK_TYPE,CHECK_ORDER,CHECK_KIND,FIELD_NAME,REF_TABLE,REF_FIELD,EXPECT_VALUE,ERR_MSG) VALUES ('TBLID_BPROD_BINCODE','EDITCOMP',1,'NOTNULL','PROD_ID',NULL,NULL,NULL,'PROD_ID required');
INSERT INTO SM_CHECK_DEF (TABLE_ID,CHECK_TYPE,CHECK_ORDER,CHECK_KIND,FIELD_NAME,REF_TABLE,REF_FIELD,EXPECT_VALUE,ERR_MSG) VALUES ('TBLID_BPROD_BINCODE','EDITCOMP',2,'STAT_N',NULL,NULL,NULL,NULL,'Not editable');
INSERT INTO SM_CHECK_DEF (TABLE_ID,CHECK_TYPE,CHECK_ORDER,CHECK_KIND,FIELD_NAME,REF_TABLE,REF_FIELD,EXPECT_VALUE,ERR_MSG) VALUES ('TBLID_BPROD_BINCODE','EDITCOMP',3,'LOCK_FREE',NULL,NULL,NULL,NULL,'Locked');
INSERT INTO SM_CHECK_DEF (TABLE_ID,CHECK_TYPE,CHECK_ORDER,CHECK_KIND,FIELD_NAME,REF_TABLE,REF_FIELD,EXPECT_VALUE,ERR_MSG) VALUES ('TBLID_BPROD_BINCODE','EDITCOMP',4,'COMP_N',NULL,NULL,NULL,NULL,'Already complete');

INSERT INTO SM_TABLE_DEF (TABLE_ID,TABLE_NAME,JP_TITLE,US_TITLE,RELEASE_FLAG,DISTRIBUTE_FLAG,PERMISSION_TYPE,SCHEMA_TYPE,HAS_DUMMY,SORT_NO) VALUES ('TBLID_BPROD_CHG_SPEC','BPROD_CHG_SPEC','BPROD_CHG_SPEC','BPROD_CHG_SPEC','Y','N','C','L','N',890);
INSERT INTO SM_FIELD_DEF (TABLE_ID,FIELD_NAME,JP_TITLE,US_TITLE,DB_TYPE,DB_LENGTH,IS_KEY,NOT_BLANK,IS_DUMMY,IS_SEARCH_ITEM,SORT_NO,TREE_LEVEL,SHEET_NO,PAGE_NO,PROPERTY_NO,IS_AUTO,IS_MANDATORY,SYSTEM_READONLY,FIELD_TYPE,FIELD_LENGTH,INPUT_ALPHABET,INPUT_MULTIBYTE,INPUT_NUMERIC,INPUT_SYMBOL,INPUT_UPPERCASE,RETRIEVAL_TABLE,FORMAT,DEFAULT_VALUE,MIN_VALUE,MAX_VALUE,CALENDAR_BUTTON,JUMP_BUTTON,OPEN_BUTTON,REF_TABLE_ID,REF_FIELD_NAME,SPECIAL_BUTTON) VALUES ('TBLID_BPROD_CHG_SPEC','PROD_ID','PROD_ID','PROD_ID','STRING',20,'Y','Y','N','Y',0,0,0,0,0,'N','N','N','STRING',20,'Y',0,'Y','Y','Y','NONE',NULL,NULL,NULL,NULL,'N','N',0,NULL,NULL,0);
INSERT INTO SM_FIELD_DEF (TABLE_ID,FIELD_NAME,JP_TITLE,US_TITLE,DB_TYPE,DB_LENGTH,IS_KEY,NOT_BLANK,IS_DUMMY,IS_SEARCH_ITEM,SORT_NO,TREE_LEVEL,SHEET_NO,PAGE_NO,PROPERTY_NO,IS_AUTO,IS_MANDATORY,SYSTEM_READONLY,FIELD_TYPE,FIELD_LENGTH,INPUT_ALPHABET,INPUT_MULTIBYTE,INPUT_NUMERIC,INPUT_SYMBOL,INPUT_UPPERCASE,RETRIEVAL_TABLE,FORMAT,DEFAULT_VALUE,MIN_VALUE,MAX_VALUE,CALENDAR_BUTTON,JUMP_BUTTON,OPEN_BUTTON,REF_TABLE_ID,REF_FIELD_NAME,SPECIAL_BUTTON) VALUES ('TBLID_BPROD_CHG_SPEC','JUDGE_ITEM','JUDGE_ITEM','JUDGE_ITEM','STRING',10,'N','Y','N','Y',1,-1,0,0,1,'N','N','N','STRING',10,'Y',0,'Y','Y','Y','NONE',NULL,NULL,NULL,NULL,'N','N',0,NULL,NULL,0);
INSERT INTO SM_FIELD_DEF (TABLE_ID,FIELD_NAME,JP_TITLE,US_TITLE,DB_TYPE,DB_LENGTH,IS_KEY,NOT_BLANK,IS_DUMMY,IS_SEARCH_ITEM,SORT_NO,TREE_LEVEL,SHEET_NO,PAGE_NO,PROPERTY_NO,IS_AUTO,IS_MANDATORY,SYSTEM_READONLY,FIELD_TYPE,FIELD_LENGTH,INPUT_ALPHABET,INPUT_MULTIBYTE,INPUT_NUMERIC,INPUT_SYMBOL,INPUT_UPPERCASE,RETRIEVAL_TABLE,FORMAT,DEFAULT_VALUE,MIN_VALUE,MAX_VALUE,CALENDAR_BUTTON,JUMP_BUTTON,OPEN_BUTTON,REF_TABLE_ID,REF_FIELD_NAME,SPECIAL_BUTTON) VALUES ('TBLID_BPROD_CHG_SPEC','MEAS_ITEM','MEAS_ITEM','MEAS_ITEM','STRING',10,'N','Y','N','Y',2,-1,0,0,2,'N','N','N','STRING',10,'Y',0,'Y','Y','Y','NONE',NULL,NULL,NULL,NULL,'N','N',0,NULL,NULL,0);
INSERT INTO SM_FIELD_DEF (TABLE_ID,FIELD_NAME,JP_TITLE,US_TITLE,DB_TYPE,DB_LENGTH,IS_KEY,NOT_BLANK,IS_DUMMY,IS_SEARCH_ITEM,SORT_NO,TREE_LEVEL,SHEET_NO,PAGE_NO,PROPERTY_NO,IS_AUTO,IS_MANDATORY,SYSTEM_READONLY,FIELD_TYPE,FIELD_LENGTH,INPUT_ALPHABET,INPUT_MULTIBYTE,INPUT_NUMERIC,INPUT_SYMBOL,INPUT_UPPERCASE,RETRIEVAL_TABLE,FORMAT,DEFAULT_VALUE,MIN_VALUE,MAX_VALUE,CALENDAR_BUTTON,JUMP_BUTTON,OPEN_BUTTON,REF_TABLE_ID,REF_FIELD_NAME,SPECIAL_BUTTON) VALUES ('TBLID_BPROD_CHG_SPEC','H_VAL','H_VAL','H_VAL','STRING',10,'N','Y','N','Y',3,-1,0,0,3,'N','N','N','STRING',10,'Y',0,'Y','Y','Y','NONE',NULL,NULL,NULL,NULL,'N','N',0,NULL,NULL,0);
INSERT INTO SM_FIELD_DEF (TABLE_ID,FIELD_NAME,JP_TITLE,US_TITLE,DB_TYPE,DB_LENGTH,IS_KEY,NOT_BLANK,IS_DUMMY,IS_SEARCH_ITEM,SORT_NO,TREE_LEVEL,SHEET_NO,PAGE_NO,PROPERTY_NO,IS_AUTO,IS_MANDATORY,SYSTEM_READONLY,FIELD_TYPE,FIELD_LENGTH,INPUT_ALPHABET,INPUT_MULTIBYTE,INPUT_NUMERIC,INPUT_SYMBOL,INPUT_UPPERCASE,RETRIEVAL_TABLE,FORMAT,DEFAULT_VALUE,MIN_VALUE,MAX_VALUE,CALENDAR_BUTTON,JUMP_BUTTON,OPEN_BUTTON,REF_TABLE_ID,REF_FIELD_NAME,SPECIAL_BUTTON) VALUES ('TBLID_BPROD_CHG_SPEC','L_VAL','L_VAL','L_VAL','STRING',10,'N','Y','N','Y',4,-1,0,0,4,'N','N','N','STRING',10,'Y',0,'Y','Y','Y','NONE',NULL,NULL,NULL,NULL,'N','N',0,NULL,NULL,0);
INSERT INTO SM_FIELD_DEF (TABLE_ID,FIELD_NAME,JP_TITLE,US_TITLE,DB_TYPE,DB_LENGTH,IS_KEY,NOT_BLANK,IS_DUMMY,IS_SEARCH_ITEM,SORT_NO,TREE_LEVEL,SHEET_NO,PAGE_NO,PROPERTY_NO,IS_AUTO,IS_MANDATORY,SYSTEM_READONLY,FIELD_TYPE,FIELD_LENGTH,INPUT_ALPHABET,INPUT_MULTIBYTE,INPUT_NUMERIC,INPUT_SYMBOL,INPUT_UPPERCASE,RETRIEVAL_TABLE,FORMAT,DEFAULT_VALUE,MIN_VALUE,MAX_VALUE,CALENDAR_BUTTON,JUMP_BUTTON,OPEN_BUTTON,REF_TABLE_ID,REF_FIELD_NAME,SPECIAL_BUTTON) VALUES ('TBLID_BPROD_CHG_SPEC','ACTION_FLG','ACTION_FLG','ACTION_FLG','STRING',30,'N','Y','N','Y',5,-1,0,0,5,'N','N','N','STRING',30,'Y',0,'Y','Y','Y','NONE',NULL,NULL,NULL,NULL,'N','N',0,NULL,NULL,0);
INSERT INTO SM_CHECK_DEF (TABLE_ID,CHECK_TYPE,CHECK_ORDER,CHECK_KIND,FIELD_NAME,REF_TABLE,REF_FIELD,EXPECT_VALUE,ERR_MSG) VALUES ('TBLID_BPROD_CHG_SPEC','SAVE',1,'NOTNULL','PROD_ID',NULL,NULL,NULL,'PROD_ID required');
INSERT INTO SM_CHECK_DEF (TABLE_ID,CHECK_TYPE,CHECK_ORDER,CHECK_KIND,FIELD_NAME,REF_TABLE,REF_FIELD,EXPECT_VALUE,ERR_MSG) VALUES ('TBLID_BPROD_CHG_SPEC','SAVE',2,'STAT_N',NULL,NULL,NULL,NULL,'Not editable');
INSERT INTO SM_CHECK_DEF (TABLE_ID,CHECK_TYPE,CHECK_ORDER,CHECK_KIND,FIELD_NAME,REF_TABLE,REF_FIELD,EXPECT_VALUE,ERR_MSG) VALUES ('TBLID_BPROD_CHG_SPEC','SAVE',3,'LOCK_FREE',NULL,NULL,NULL,NULL,'Locked');
INSERT INTO SM_CHECK_DEF (TABLE_ID,CHECK_TYPE,CHECK_ORDER,CHECK_KIND,FIELD_NAME,REF_TABLE,REF_FIELD,EXPECT_VALUE,ERR_MSG) VALUES ('TBLID_BPROD_CHG_SPEC','RELEASE',1,'NOTNULL','PROD_ID',NULL,NULL,NULL,'PROD_ID required');
INSERT INTO SM_CHECK_DEF (TABLE_ID,CHECK_TYPE,CHECK_ORDER,CHECK_KIND,FIELD_NAME,REF_TABLE,REF_FIELD,EXPECT_VALUE,ERR_MSG) VALUES ('TBLID_BPROD_CHG_SPEC','RELEASE',2,'STAT_N',NULL,NULL,NULL,NULL,'Not editable');
INSERT INTO SM_CHECK_DEF (TABLE_ID,CHECK_TYPE,CHECK_ORDER,CHECK_KIND,FIELD_NAME,REF_TABLE,REF_FIELD,EXPECT_VALUE,ERR_MSG) VALUES ('TBLID_BPROD_CHG_SPEC','RELEASE',3,'LOCK_FREE',NULL,NULL,NULL,NULL,'Locked');
INSERT INTO SM_CHECK_DEF (TABLE_ID,CHECK_TYPE,CHECK_ORDER,CHECK_KIND,FIELD_NAME,REF_TABLE,REF_FIELD,EXPECT_VALUE,ERR_MSG) VALUES ('TBLID_BPROD_CHG_SPEC','RELEASE',10,'RELEASE_PARAM','PROD_ID','DPROD_CHG_SPEC',NULL,NULL,NULL);
INSERT INTO SM_CHECK_DEF (TABLE_ID,CHECK_TYPE,CHECK_ORDER,CHECK_KIND,FIELD_NAME,REF_TABLE,REF_FIELD,EXPECT_VALUE,ERR_MSG) VALUES ('TBLID_BPROD_CHG_SPEC','DELETE',1,'NOTNULL','PROD_ID',NULL,NULL,NULL,'PROD_ID required');
INSERT INTO SM_CHECK_DEF (TABLE_ID,CHECK_TYPE,CHECK_ORDER,CHECK_KIND,FIELD_NAME,REF_TABLE,REF_FIELD,EXPECT_VALUE,ERR_MSG) VALUES ('TBLID_BPROD_CHG_SPEC','DELETE',2,'STAT_Y',NULL,NULL,NULL,NULL,'Not released');
INSERT INTO SM_CHECK_DEF (TABLE_ID,CHECK_TYPE,CHECK_ORDER,CHECK_KIND,FIELD_NAME,REF_TABLE,REF_FIELD,EXPECT_VALUE,ERR_MSG) VALUES ('TBLID_BPROD_CHG_SPEC','DELETE',3,'LOCK_FREE',NULL,NULL,NULL,NULL,'Locked');
INSERT INTO SM_CHECK_DEF (TABLE_ID,CHECK_TYPE,CHECK_ORDER,CHECK_KIND,FIELD_NAME,REF_TABLE,REF_FIELD,EXPECT_VALUE,ERR_MSG) VALUES ('TBLID_BPROD_CHG_SPEC','EDITCOMP',1,'NOTNULL','PROD_ID',NULL,NULL,NULL,'PROD_ID required');
INSERT INTO SM_CHECK_DEF (TABLE_ID,CHECK_TYPE,CHECK_ORDER,CHECK_KIND,FIELD_NAME,REF_TABLE,REF_FIELD,EXPECT_VALUE,ERR_MSG) VALUES ('TBLID_BPROD_CHG_SPEC','EDITCOMP',2,'STAT_N',NULL,NULL,NULL,NULL,'Not editable');
INSERT INTO SM_CHECK_DEF (TABLE_ID,CHECK_TYPE,CHECK_ORDER,CHECK_KIND,FIELD_NAME,REF_TABLE,REF_FIELD,EXPECT_VALUE,ERR_MSG) VALUES ('TBLID_BPROD_CHG_SPEC','EDITCOMP',3,'LOCK_FREE',NULL,NULL,NULL,NULL,'Locked');
INSERT INTO SM_CHECK_DEF (TABLE_ID,CHECK_TYPE,CHECK_ORDER,CHECK_KIND,FIELD_NAME,REF_TABLE,REF_FIELD,EXPECT_VALUE,ERR_MSG) VALUES ('TBLID_BPROD_CHG_SPEC','EDITCOMP',4,'COMP_N',NULL,NULL,NULL,NULL,'Already complete');

INSERT INTO SM_TABLE_DEF (TABLE_ID,TABLE_NAME,JP_TITLE,US_TITLE,RELEASE_FLAG,DISTRIBUTE_FLAG,PERMISSION_TYPE,SCHEMA_TYPE,HAS_DUMMY,SORT_NO) VALUES ('TBLID_BPROD_DIV_ORG','BPROD_DIV_ORG','BPROD_DIV_ORG','BPROD_DIV_ORG','Y','N','C','L','N',900);
INSERT INTO SM_FIELD_DEF (TABLE_ID,FIELD_NAME,JP_TITLE,US_TITLE,DB_TYPE,DB_LENGTH,IS_KEY,NOT_BLANK,IS_DUMMY,IS_SEARCH_ITEM,SORT_NO,TREE_LEVEL,SHEET_NO,PAGE_NO,PROPERTY_NO,IS_AUTO,IS_MANDATORY,SYSTEM_READONLY,FIELD_TYPE,FIELD_LENGTH,INPUT_ALPHABET,INPUT_MULTIBYTE,INPUT_NUMERIC,INPUT_SYMBOL,INPUT_UPPERCASE,RETRIEVAL_TABLE,FORMAT,DEFAULT_VALUE,MIN_VALUE,MAX_VALUE,CALENDAR_BUTTON,JUMP_BUTTON,OPEN_BUTTON,REF_TABLE_ID,REF_FIELD_NAME,SPECIAL_BUTTON) VALUES ('TBLID_BPROD_DIV_ORG','PROD_ID','PROD_ID','PROD_ID','STRING',20,'Y','Y','N','Y',0,0,0,0,0,'N','N','N','STRING',20,'Y',0,'Y','Y','Y','NONE',NULL,NULL,NULL,NULL,'N','N',0,NULL,NULL,0);
INSERT INTO SM_FIELD_DEF (TABLE_ID,FIELD_NAME,JP_TITLE,US_TITLE,DB_TYPE,DB_LENGTH,IS_KEY,NOT_BLANK,IS_DUMMY,IS_SEARCH_ITEM,SORT_NO,TREE_LEVEL,SHEET_NO,PAGE_NO,PROPERTY_NO,IS_AUTO,IS_MANDATORY,SYSTEM_READONLY,FIELD_TYPE,FIELD_LENGTH,INPUT_ALPHABET,INPUT_MULTIBYTE,INPUT_NUMERIC,INPUT_SYMBOL,INPUT_UPPERCASE,RETRIEVAL_TABLE,FORMAT,DEFAULT_VALUE,MIN_VALUE,MAX_VALUE,CALENDAR_BUTTON,JUMP_BUTTON,OPEN_BUTTON,REF_TABLE_ID,REF_FIELD_NAME,SPECIAL_BUTTON) VALUES ('TBLID_BPROD_DIV_ORG','DIV_ORG_PROD_ID','DIV_ORG_PROD_ID','DIV_ORG_PROD_ID','STRING',20,'N','Y','N','Y',1,-1,0,0,1,'N','N','N','STRING',20,'Y',0,'Y','Y','Y','NONE',NULL,NULL,NULL,NULL,'N','N',0,NULL,NULL,0);
INSERT INTO SM_CHECK_DEF (TABLE_ID,CHECK_TYPE,CHECK_ORDER,CHECK_KIND,FIELD_NAME,REF_TABLE,REF_FIELD,EXPECT_VALUE,ERR_MSG) VALUES ('TBLID_BPROD_DIV_ORG','SAVE',1,'NOTNULL','PROD_ID',NULL,NULL,NULL,'PROD_ID required');
INSERT INTO SM_CHECK_DEF (TABLE_ID,CHECK_TYPE,CHECK_ORDER,CHECK_KIND,FIELD_NAME,REF_TABLE,REF_FIELD,EXPECT_VALUE,ERR_MSG) VALUES ('TBLID_BPROD_DIV_ORG','SAVE',2,'STAT_N',NULL,NULL,NULL,NULL,'Not editable');
INSERT INTO SM_CHECK_DEF (TABLE_ID,CHECK_TYPE,CHECK_ORDER,CHECK_KIND,FIELD_NAME,REF_TABLE,REF_FIELD,EXPECT_VALUE,ERR_MSG) VALUES ('TBLID_BPROD_DIV_ORG','SAVE',3,'LOCK_FREE',NULL,NULL,NULL,NULL,'Locked');
INSERT INTO SM_CHECK_DEF (TABLE_ID,CHECK_TYPE,CHECK_ORDER,CHECK_KIND,FIELD_NAME,REF_TABLE,REF_FIELD,EXPECT_VALUE,ERR_MSG) VALUES ('TBLID_BPROD_DIV_ORG','RELEASE',1,'NOTNULL','PROD_ID',NULL,NULL,NULL,'PROD_ID required');
INSERT INTO SM_CHECK_DEF (TABLE_ID,CHECK_TYPE,CHECK_ORDER,CHECK_KIND,FIELD_NAME,REF_TABLE,REF_FIELD,EXPECT_VALUE,ERR_MSG) VALUES ('TBLID_BPROD_DIV_ORG','RELEASE',2,'STAT_N',NULL,NULL,NULL,NULL,'Not editable');
INSERT INTO SM_CHECK_DEF (TABLE_ID,CHECK_TYPE,CHECK_ORDER,CHECK_KIND,FIELD_NAME,REF_TABLE,REF_FIELD,EXPECT_VALUE,ERR_MSG) VALUES ('TBLID_BPROD_DIV_ORG','RELEASE',3,'LOCK_FREE',NULL,NULL,NULL,NULL,'Locked');
INSERT INTO SM_CHECK_DEF (TABLE_ID,CHECK_TYPE,CHECK_ORDER,CHECK_KIND,FIELD_NAME,REF_TABLE,REF_FIELD,EXPECT_VALUE,ERR_MSG) VALUES ('TBLID_BPROD_DIV_ORG','RELEASE',10,'RELEASE_PARAM','PROD_ID','DPROD_DIV_ORG',NULL,NULL,NULL);
INSERT INTO SM_CHECK_DEF (TABLE_ID,CHECK_TYPE,CHECK_ORDER,CHECK_KIND,FIELD_NAME,REF_TABLE,REF_FIELD,EXPECT_VALUE,ERR_MSG) VALUES ('TBLID_BPROD_DIV_ORG','DELETE',1,'NOTNULL','PROD_ID',NULL,NULL,NULL,'PROD_ID required');
INSERT INTO SM_CHECK_DEF (TABLE_ID,CHECK_TYPE,CHECK_ORDER,CHECK_KIND,FIELD_NAME,REF_TABLE,REF_FIELD,EXPECT_VALUE,ERR_MSG) VALUES ('TBLID_BPROD_DIV_ORG','DELETE',2,'STAT_Y',NULL,NULL,NULL,NULL,'Not released');
INSERT INTO SM_CHECK_DEF (TABLE_ID,CHECK_TYPE,CHECK_ORDER,CHECK_KIND,FIELD_NAME,REF_TABLE,REF_FIELD,EXPECT_VALUE,ERR_MSG) VALUES ('TBLID_BPROD_DIV_ORG','DELETE',3,'LOCK_FREE',NULL,NULL,NULL,NULL,'Locked');
INSERT INTO SM_CHECK_DEF (TABLE_ID,CHECK_TYPE,CHECK_ORDER,CHECK_KIND,FIELD_NAME,REF_TABLE,REF_FIELD,EXPECT_VALUE,ERR_MSG) VALUES ('TBLID_BPROD_DIV_ORG','EDITCOMP',1,'NOTNULL','PROD_ID',NULL,NULL,NULL,'PROD_ID required');
INSERT INTO SM_CHECK_DEF (TABLE_ID,CHECK_TYPE,CHECK_ORDER,CHECK_KIND,FIELD_NAME,REF_TABLE,REF_FIELD,EXPECT_VALUE,ERR_MSG) VALUES ('TBLID_BPROD_DIV_ORG','EDITCOMP',2,'STAT_N',NULL,NULL,NULL,NULL,'Not editable');
INSERT INTO SM_CHECK_DEF (TABLE_ID,CHECK_TYPE,CHECK_ORDER,CHECK_KIND,FIELD_NAME,REF_TABLE,REF_FIELD,EXPECT_VALUE,ERR_MSG) VALUES ('TBLID_BPROD_DIV_ORG','EDITCOMP',3,'LOCK_FREE',NULL,NULL,NULL,NULL,'Locked');
INSERT INTO SM_CHECK_DEF (TABLE_ID,CHECK_TYPE,CHECK_ORDER,CHECK_KIND,FIELD_NAME,REF_TABLE,REF_FIELD,EXPECT_VALUE,ERR_MSG) VALUES ('TBLID_BPROD_DIV_ORG','EDITCOMP',4,'COMP_N',NULL,NULL,NULL,NULL,'Already complete');

INSERT INTO SM_TABLE_DEF (TABLE_ID,TABLE_NAME,JP_TITLE,US_TITLE,RELEASE_FLAG,DISTRIBUTE_FLAG,PERMISSION_TYPE,SCHEMA_TYPE,HAS_DUMMY,SORT_NO) VALUES ('TBLID_BPROD_TST','BPROD_TST','BPROD_TST','BPROD_TST','Y','N','C','L','N',910);
INSERT INTO SM_FIELD_DEF (TABLE_ID,FIELD_NAME,JP_TITLE,US_TITLE,DB_TYPE,DB_LENGTH,IS_KEY,NOT_BLANK,IS_DUMMY,IS_SEARCH_ITEM,SORT_NO,TREE_LEVEL,SHEET_NO,PAGE_NO,PROPERTY_NO,IS_AUTO,IS_MANDATORY,SYSTEM_READONLY,FIELD_TYPE,FIELD_LENGTH,INPUT_ALPHABET,INPUT_MULTIBYTE,INPUT_NUMERIC,INPUT_SYMBOL,INPUT_UPPERCASE,RETRIEVAL_TABLE,FORMAT,DEFAULT_VALUE,MIN_VALUE,MAX_VALUE,CALENDAR_BUTTON,JUMP_BUTTON,OPEN_BUTTON,REF_TABLE_ID,REF_FIELD_NAME,SPECIAL_BUTTON) VALUES ('TBLID_BPROD_TST','PROD_ID','PROD_ID','PROD_ID','STRING',20,'Y','Y','N','Y',0,0,0,0,0,'N','N','N','STRING',20,'Y',0,'Y','Y','Y','NONE',NULL,NULL,NULL,NULL,'N','N',0,NULL,NULL,0);
INSERT INTO SM_FIELD_DEF (TABLE_ID,FIELD_NAME,JP_TITLE,US_TITLE,DB_TYPE,DB_LENGTH,IS_KEY,NOT_BLANK,IS_DUMMY,IS_SEARCH_ITEM,SORT_NO,TREE_LEVEL,SHEET_NO,PAGE_NO,PROPERTY_NO,IS_AUTO,IS_MANDATORY,SYSTEM_READONLY,FIELD_TYPE,FIELD_LENGTH,INPUT_ALPHABET,INPUT_MULTIBYTE,INPUT_NUMERIC,INPUT_SYMBOL,INPUT_UPPERCASE,RETRIEVAL_TABLE,FORMAT,DEFAULT_VALUE,MIN_VALUE,MAX_VALUE,CALENDAR_BUTTON,JUMP_BUTTON,OPEN_BUTTON,REF_TABLE_ID,REF_FIELD_NAME,SPECIAL_BUTTON) VALUES ('TBLID_BPROD_TST','PROD_ID2','PROD_ID2','PROD_ID2','STRING',20,'N','Y','N','Y',1,-1,0,0,1,'N','N','N','STRING',20,'Y',0,'Y','Y','Y','NONE',NULL,NULL,NULL,NULL,'N','N',0,NULL,NULL,0);
INSERT INTO SM_FIELD_DEF (TABLE_ID,FIELD_NAME,JP_TITLE,US_TITLE,DB_TYPE,DB_LENGTH,IS_KEY,NOT_BLANK,IS_DUMMY,IS_SEARCH_ITEM,SORT_NO,TREE_LEVEL,SHEET_NO,PAGE_NO,PROPERTY_NO,IS_AUTO,IS_MANDATORY,SYSTEM_READONLY,FIELD_TYPE,FIELD_LENGTH,INPUT_ALPHABET,INPUT_MULTIBYTE,INPUT_NUMERIC,INPUT_SYMBOL,INPUT_UPPERCASE,RETRIEVAL_TABLE,FORMAT,DEFAULT_VALUE,MIN_VALUE,MAX_VALUE,CALENDAR_BUTTON,JUMP_BUTTON,OPEN_BUTTON,REF_TABLE_ID,REF_FIELD_NAME,SPECIAL_BUTTON) VALUES ('TBLID_BPROD_TST','PROD_NAME','PROD_NAME','PROD_NAME','STRING',40,'N','Y','N','Y',2,-1,0,0,2,'N','N','N','STRING',40,'Y',0,'Y','Y','Y','NONE',NULL,NULL,NULL,NULL,'N','N',0,NULL,NULL,0);
INSERT INTO SM_FIELD_DEF (TABLE_ID,FIELD_NAME,JP_TITLE,US_TITLE,DB_TYPE,DB_LENGTH,IS_KEY,NOT_BLANK,IS_DUMMY,IS_SEARCH_ITEM,SORT_NO,TREE_LEVEL,SHEET_NO,PAGE_NO,PROPERTY_NO,IS_AUTO,IS_MANDATORY,SYSTEM_READONLY,FIELD_TYPE,FIELD_LENGTH,INPUT_ALPHABET,INPUT_MULTIBYTE,INPUT_NUMERIC,INPUT_SYMBOL,INPUT_UPPERCASE,RETRIEVAL_TABLE,FORMAT,DEFAULT_VALUE,MIN_VALUE,MAX_VALUE,CALENDAR_BUTTON,JUMP_BUTTON,OPEN_BUTTON,REF_TABLE_ID,REF_FIELD_NAME,SPECIAL_BUTTON) VALUES ('TBLID_BPROD_TST','PROD_DESC','PROD_DESC','PROD_DESC','STRING',80,'N','Y','N','Y',3,-1,0,0,3,'N','N','N','STRING',80,'Y',0,'Y','Y','Y','NONE',NULL,NULL,NULL,NULL,'N','N',0,NULL,NULL,0);
INSERT INTO SM_FIELD_DEF (TABLE_ID,FIELD_NAME,JP_TITLE,US_TITLE,DB_TYPE,DB_LENGTH,IS_KEY,NOT_BLANK,IS_DUMMY,IS_SEARCH_ITEM,SORT_NO,TREE_LEVEL,SHEET_NO,PAGE_NO,PROPERTY_NO,IS_AUTO,IS_MANDATORY,SYSTEM_READONLY,FIELD_TYPE,FIELD_LENGTH,INPUT_ALPHABET,INPUT_MULTIBYTE,INPUT_NUMERIC,INPUT_SYMBOL,INPUT_UPPERCASE,RETRIEVAL_TABLE,FORMAT,DEFAULT_VALUE,MIN_VALUE,MAX_VALUE,CALENDAR_BUTTON,JUMP_BUTTON,OPEN_BUTTON,REF_TABLE_ID,REF_FIELD_NAME,SPECIAL_BUTTON) VALUES ('TBLID_BPROD_TST','PROD_CAT','PROD_CAT','PROD_CAT','STRING',1,'N','Y','N','Y',4,-1,0,0,4,'N','N','N','STRING',1,'Y',0,'Y','Y','Y','NONE',NULL,NULL,NULL,NULL,'N','N',0,NULL,NULL,0);
INSERT INTO SM_FIELD_DEF (TABLE_ID,FIELD_NAME,JP_TITLE,US_TITLE,DB_TYPE,DB_LENGTH,IS_KEY,NOT_BLANK,IS_DUMMY,IS_SEARCH_ITEM,SORT_NO,TREE_LEVEL,SHEET_NO,PAGE_NO,PROPERTY_NO,IS_AUTO,IS_MANDATORY,SYSTEM_READONLY,FIELD_TYPE,FIELD_LENGTH,INPUT_ALPHABET,INPUT_MULTIBYTE,INPUT_NUMERIC,INPUT_SYMBOL,INPUT_UPPERCASE,RETRIEVAL_TABLE,FORMAT,DEFAULT_VALUE,MIN_VALUE,MAX_VALUE,CALENDAR_BUTTON,JUMP_BUTTON,OPEN_BUTTON,REF_TABLE_ID,REF_FIELD_NAME,SPECIAL_BUTTON) VALUES ('TBLID_BPROD_TST','ROUTE_ID','ROUTE_ID','ROUTE_ID','STRING',12,'N','Y','N','Y',5,-1,0,0,5,'N','N','N','STRING',12,'Y',0,'Y','Y','Y','NONE',NULL,NULL,NULL,NULL,'N','N',0,NULL,NULL,0);
INSERT INTO SM_FIELD_DEF (TABLE_ID,FIELD_NAME,JP_TITLE,US_TITLE,DB_TYPE,DB_LENGTH,IS_KEY,NOT_BLANK,IS_DUMMY,IS_SEARCH_ITEM,SORT_NO,TREE_LEVEL,SHEET_NO,PAGE_NO,PROPERTY_NO,IS_AUTO,IS_MANDATORY,SYSTEM_READONLY,FIELD_TYPE,FIELD_LENGTH,INPUT_ALPHABET,INPUT_MULTIBYTE,INPUT_NUMERIC,INPUT_SYMBOL,INPUT_UPPERCASE,RETRIEVAL_TABLE,FORMAT,DEFAULT_VALUE,MIN_VALUE,MAX_VALUE,CALENDAR_BUTTON,JUMP_BUTTON,OPEN_BUTTON,REF_TABLE_ID,REF_FIELD_NAME,SPECIAL_BUTTON) VALUES ('TBLID_BPROD_TST','ROUTE_VER','ROUTE_VER','ROUTE_VER','STRING',3,'N','Y','N','Y',6,-1,0,0,6,'N','N','N','STRING',3,'Y',0,'Y','Y','Y','NONE',NULL,NULL,NULL,NULL,'N','N',0,NULL,NULL,0);
INSERT INTO SM_FIELD_DEF (TABLE_ID,FIELD_NAME,JP_TITLE,US_TITLE,DB_TYPE,DB_LENGTH,IS_KEY,NOT_BLANK,IS_DUMMY,IS_SEARCH_ITEM,SORT_NO,TREE_LEVEL,SHEET_NO,PAGE_NO,PROPERTY_NO,IS_AUTO,IS_MANDATORY,SYSTEM_READONLY,FIELD_TYPE,FIELD_LENGTH,INPUT_ALPHABET,INPUT_MULTIBYTE,INPUT_NUMERIC,INPUT_SYMBOL,INPUT_UPPERCASE,RETRIEVAL_TABLE,FORMAT,DEFAULT_VALUE,MIN_VALUE,MAX_VALUE,CALENDAR_BUTTON,JUMP_BUTTON,OPEN_BUTTON,REF_TABLE_ID,REF_FIELD_NAME,SPECIAL_BUTTON) VALUES ('TBLID_BPROD_TST','PRODUCT_KIND','PRODUCT_KIND','PRODUCT_KIND','STRING',10,'N','Y','N','Y',7,-1,0,0,7,'N','N','N','STRING',10,'Y',0,'Y','Y','Y','NONE',NULL,NULL,NULL,NULL,'N','N',0,NULL,NULL,0);
INSERT INTO SM_FIELD_DEF (TABLE_ID,FIELD_NAME,JP_TITLE,US_TITLE,DB_TYPE,DB_LENGTH,IS_KEY,NOT_BLANK,IS_DUMMY,IS_SEARCH_ITEM,SORT_NO,TREE_LEVEL,SHEET_NO,PAGE_NO,PROPERTY_NO,IS_AUTO,IS_MANDATORY,SYSTEM_READONLY,FIELD_TYPE,FIELD_LENGTH,INPUT_ALPHABET,INPUT_MULTIBYTE,INPUT_NUMERIC,INPUT_SYMBOL,INPUT_UPPERCASE,RETRIEVAL_TABLE,FORMAT,DEFAULT_VALUE,MIN_VALUE,MAX_VALUE,CALENDAR_BUTTON,JUMP_BUTTON,OPEN_BUTTON,REF_TABLE_ID,REF_FIELD_NAME,SPECIAL_BUTTON) VALUES ('TBLID_BPROD_TST','LASRMARK_CAT','LASRMARK_CAT','LASRMARK_CAT','STRING',10,'N','Y','N','Y',8,-1,0,0,8,'N','N','N','STRING',10,'Y',0,'Y','Y','Y','NONE',NULL,NULL,NULL,NULL,'N','N',0,NULL,NULL,0);
INSERT INTO SM_FIELD_DEF (TABLE_ID,FIELD_NAME,JP_TITLE,US_TITLE,DB_TYPE,DB_LENGTH,IS_KEY,NOT_BLANK,IS_DUMMY,IS_SEARCH_ITEM,SORT_NO,TREE_LEVEL,SHEET_NO,PAGE_NO,PROPERTY_NO,IS_AUTO,IS_MANDATORY,SYSTEM_READONLY,FIELD_TYPE,FIELD_LENGTH,INPUT_ALPHABET,INPUT_MULTIBYTE,INPUT_NUMERIC,INPUT_SYMBOL,INPUT_UPPERCASE,RETRIEVAL_TABLE,FORMAT,DEFAULT_VALUE,MIN_VALUE,MAX_VALUE,CALENDAR_BUTTON,JUMP_BUTTON,OPEN_BUTTON,REF_TABLE_ID,REF_FIELD_NAME,SPECIAL_BUTTON) VALUES ('TBLID_BPROD_TST','LASRMARK_PRINT_PTN1','LASRMARK_PRINT_PTN1','LASRMARK_PRINT_PTN1','STRING',10,'N','Y','N','Y',9,-1,0,0,9,'N','N','N','STRING',10,'Y',0,'Y','Y','Y','NONE',NULL,NULL,NULL,NULL,'N','N',0,NULL,NULL,0);
INSERT INTO SM_FIELD_DEF (TABLE_ID,FIELD_NAME,JP_TITLE,US_TITLE,DB_TYPE,DB_LENGTH,IS_KEY,NOT_BLANK,IS_DUMMY,IS_SEARCH_ITEM,SORT_NO,TREE_LEVEL,SHEET_NO,PAGE_NO,PROPERTY_NO,IS_AUTO,IS_MANDATORY,SYSTEM_READONLY,FIELD_TYPE,FIELD_LENGTH,INPUT_ALPHABET,INPUT_MULTIBYTE,INPUT_NUMERIC,INPUT_SYMBOL,INPUT_UPPERCASE,RETRIEVAL_TABLE,FORMAT,DEFAULT_VALUE,MIN_VALUE,MAX_VALUE,CALENDAR_BUTTON,JUMP_BUTTON,OPEN_BUTTON,REF_TABLE_ID,REF_FIELD_NAME,SPECIAL_BUTTON) VALUES ('TBLID_BPROD_TST','LASRMARK_PRINT_PTN2','LASRMARK_PRINT_PTN2','LASRMARK_PRINT_PTN2','STRING',10,'N','Y','N','Y',10,-1,0,0,10,'N','N','N','STRING',10,'Y',0,'Y','Y','Y','NONE',NULL,NULL,NULL,NULL,'N','N',0,NULL,NULL,0);
INSERT INTO SM_FIELD_DEF (TABLE_ID,FIELD_NAME,JP_TITLE,US_TITLE,DB_TYPE,DB_LENGTH,IS_KEY,NOT_BLANK,IS_DUMMY,IS_SEARCH_ITEM,SORT_NO,TREE_LEVEL,SHEET_NO,PAGE_NO,PROPERTY_NO,IS_AUTO,IS_MANDATORY,SYSTEM_READONLY,FIELD_TYPE,FIELD_LENGTH,INPUT_ALPHABET,INPUT_MULTIBYTE,INPUT_NUMERIC,INPUT_SYMBOL,INPUT_UPPERCASE,RETRIEVAL_TABLE,FORMAT,DEFAULT_VALUE,MIN_VALUE,MAX_VALUE,CALENDAR_BUTTON,JUMP_BUTTON,OPEN_BUTTON,REF_TABLE_ID,REF_FIELD_NAME,SPECIAL_BUTTON) VALUES ('TBLID_BPROD_TST','RFID_WRITE_FLG','RFID_WRITE_FLG','RFID_WRITE_FLG','STRING',1,'N','Y','N','Y',11,-1,0,0,11,'N','N','N','STRING',1,'Y',0,'Y','Y','Y','NONE',NULL,NULL,NULL,NULL,'N','N',0,NULL,NULL,0);
INSERT INTO SM_FIELD_DEF (TABLE_ID,FIELD_NAME,JP_TITLE,US_TITLE,DB_TYPE,DB_LENGTH,IS_KEY,NOT_BLANK,IS_DUMMY,IS_SEARCH_ITEM,SORT_NO,TREE_LEVEL,SHEET_NO,PAGE_NO,PROPERTY_NO,IS_AUTO,IS_MANDATORY,SYSTEM_READONLY,FIELD_TYPE,FIELD_LENGTH,INPUT_ALPHABET,INPUT_MULTIBYTE,INPUT_NUMERIC,INPUT_SYMBOL,INPUT_UPPERCASE,RETRIEVAL_TABLE,FORMAT,DEFAULT_VALUE,MIN_VALUE,MAX_VALUE,CALENDAR_BUTTON,JUMP_BUTTON,OPEN_BUTTON,REF_TABLE_ID,REF_FIELD_NAME,SPECIAL_BUTTON) VALUES ('TBLID_BPROD_TST','INBOX_LM_CHECK_FLG','INBOX_LM_CHECK_FLG','INBOX_LM_CHECK_FLG','STRING',1,'N','Y','N','Y',12,-1,0,0,12,'N','N','N','STRING',1,'Y',0,'Y','Y','Y','NONE',NULL,NULL,NULL,NULL,'N','N',0,NULL,NULL,0);
INSERT INTO SM_FIELD_DEF (TABLE_ID,FIELD_NAME,JP_TITLE,US_TITLE,DB_TYPE,DB_LENGTH,IS_KEY,NOT_BLANK,IS_DUMMY,IS_SEARCH_ITEM,SORT_NO,TREE_LEVEL,SHEET_NO,PAGE_NO,PROPERTY_NO,IS_AUTO,IS_MANDATORY,SYSTEM_READONLY,FIELD_TYPE,FIELD_LENGTH,INPUT_ALPHABET,INPUT_MULTIBYTE,INPUT_NUMERIC,INPUT_SYMBOL,INPUT_UPPERCASE,RETRIEVAL_TABLE,FORMAT,DEFAULT_VALUE,MIN_VALUE,MAX_VALUE,CALENDAR_BUTTON,JUMP_BUTTON,OPEN_BUTTON,REF_TABLE_ID,REF_FIELD_NAME,SPECIAL_BUTTON) VALUES ('TBLID_BPROD_TST','PN_CAT','PN_CAT','PN_CAT','STRING',10,'N','Y','N','Y',13,-1,0,0,13,'N','N','N','STRING',10,'Y',0,'Y','Y','Y','NONE',NULL,NULL,NULL,NULL,'N','N',0,NULL,NULL,0);
INSERT INTO SM_FIELD_DEF (TABLE_ID,FIELD_NAME,JP_TITLE,US_TITLE,DB_TYPE,DB_LENGTH,IS_KEY,NOT_BLANK,IS_DUMMY,IS_SEARCH_ITEM,SORT_NO,TREE_LEVEL,SHEET_NO,PAGE_NO,PROPERTY_NO,IS_AUTO,IS_MANDATORY,SYSTEM_READONLY,FIELD_TYPE,FIELD_LENGTH,INPUT_ALPHABET,INPUT_MULTIBYTE,INPUT_NUMERIC,INPUT_SYMBOL,INPUT_UPPERCASE,RETRIEVAL_TABLE,FORMAT,DEFAULT_VALUE,MIN_VALUE,MAX_VALUE,CALENDAR_BUTTON,JUMP_BUTTON,OPEN_BUTTON,REF_TABLE_ID,REF_FIELD_NAME,SPECIAL_BUTTON) VALUES ('TBLID_BPROD_TST','SHIP_CAR_CODE','SHIP_CAR_CODE','SHIP_CAR_CODE','STRING',10,'N','Y','N','Y',14,-1,0,0,14,'N','N','N','STRING',10,'Y',0,'Y','Y','Y','NONE',NULL,NULL,NULL,NULL,'N','N',0,NULL,NULL,0);
INSERT INTO SM_FIELD_DEF (TABLE_ID,FIELD_NAME,JP_TITLE,US_TITLE,DB_TYPE,DB_LENGTH,IS_KEY,NOT_BLANK,IS_DUMMY,IS_SEARCH_ITEM,SORT_NO,TREE_LEVEL,SHEET_NO,PAGE_NO,PROPERTY_NO,IS_AUTO,IS_MANDATORY,SYSTEM_READONLY,FIELD_TYPE,FIELD_LENGTH,INPUT_ALPHABET,INPUT_MULTIBYTE,INPUT_NUMERIC,INPUT_SYMBOL,INPUT_UPPERCASE,RETRIEVAL_TABLE,FORMAT,DEFAULT_VALUE,MIN_VALUE,MAX_VALUE,CALENDAR_BUTTON,JUMP_BUTTON,OPEN_BUTTON,REF_TABLE_ID,REF_FIELD_NAME,SPECIAL_BUTTON) VALUES ('TBLID_BPROD_TST','SHIP_BOX_FULL_NUM','SHIP_BOX_FULL_NUM','SHIP_BOX_FULL_NUM','NUMBER',0,'N','Y','N','Y',15,-1,0,0,15,'N','N','N','STRING',0,'Y',0,'Y','Y','Y','NONE',NULL,NULL,NULL,NULL,'N','N',0,NULL,NULL,0);
INSERT INTO SM_FIELD_DEF (TABLE_ID,FIELD_NAME,JP_TITLE,US_TITLE,DB_TYPE,DB_LENGTH,IS_KEY,NOT_BLANK,IS_DUMMY,IS_SEARCH_ITEM,SORT_NO,TREE_LEVEL,SHEET_NO,PAGE_NO,PROPERTY_NO,IS_AUTO,IS_MANDATORY,SYSTEM_READONLY,FIELD_TYPE,FIELD_LENGTH,INPUT_ALPHABET,INPUT_MULTIBYTE,INPUT_NUMERIC,INPUT_SYMBOL,INPUT_UPPERCASE,RETRIEVAL_TABLE,FORMAT,DEFAULT_VALUE,MIN_VALUE,MAX_VALUE,CALENDAR_BUTTON,JUMP_BUTTON,OPEN_BUTTON,REF_TABLE_ID,REF_FIELD_NAME,SPECIAL_BUTTON) VALUES ('TBLID_BPROD_TST','SHIP_BOX_NUM','SHIP_BOX_NUM','SHIP_BOX_NUM','NUMBER',0,'N','Y','N','Y',16,-1,0,0,16,'N','N','N','STRING',0,'Y',0,'Y','Y','Y','NONE',NULL,NULL,NULL,NULL,'N','N',0,NULL,NULL,0);
INSERT INTO SM_FIELD_DEF (TABLE_ID,FIELD_NAME,JP_TITLE,US_TITLE,DB_TYPE,DB_LENGTH,IS_KEY,NOT_BLANK,IS_DUMMY,IS_SEARCH_ITEM,SORT_NO,TREE_LEVEL,SHEET_NO,PAGE_NO,PROPERTY_NO,IS_AUTO,IS_MANDATORY,SYSTEM_READONLY,FIELD_TYPE,FIELD_LENGTH,INPUT_ALPHABET,INPUT_MULTIBYTE,INPUT_NUMERIC,INPUT_SYMBOL,INPUT_UPPERCASE,RETRIEVAL_TABLE,FORMAT,DEFAULT_VALUE,MIN_VALUE,MAX_VALUE,CALENDAR_BUTTON,JUMP_BUTTON,OPEN_BUTTON,REF_TABLE_ID,REF_FIELD_NAME,SPECIAL_BUTTON) VALUES ('TBLID_BPROD_TST','SHIP_BOX_PTN','SHIP_BOX_PTN','SHIP_BOX_PTN','STRING',10,'N','Y','N','Y',17,-1,0,0,17,'N','N','N','STRING',10,'Y',0,'Y','Y','Y','NONE',NULL,NULL,NULL,NULL,'N','N',0,NULL,NULL,0);
INSERT INTO SM_FIELD_DEF (TABLE_ID,FIELD_NAME,JP_TITLE,US_TITLE,DB_TYPE,DB_LENGTH,IS_KEY,NOT_BLANK,IS_DUMMY,IS_SEARCH_ITEM,SORT_NO,TREE_LEVEL,SHEET_NO,PAGE_NO,PROPERTY_NO,IS_AUTO,IS_MANDATORY,SYSTEM_READONLY,FIELD_TYPE,FIELD_LENGTH,INPUT_ALPHABET,INPUT_MULTIBYTE,INPUT_NUMERIC,INPUT_SYMBOL,INPUT_UPPERCASE,RETRIEVAL_TABLE,FORMAT,DEFAULT_VALUE,MIN_VALUE,MAX_VALUE,CALENDAR_BUTTON,JUMP_BUTTON,OPEN_BUTTON,REF_TABLE_ID,REF_FIELD_NAME,SPECIAL_BUTTON) VALUES ('TBLID_BPROD_TST','MIX_BOX_CNT','MIX_BOX_CNT','MIX_BOX_CNT','NUMBER',0,'N','Y','N','Y',18,-1,0,0,18,'N','N','N','STRING',0,'Y',0,'Y','Y','Y','NONE',NULL,NULL,NULL,NULL,'N','N',0,NULL,NULL,0);
INSERT INTO SM_FIELD_DEF (TABLE_ID,FIELD_NAME,JP_TITLE,US_TITLE,DB_TYPE,DB_LENGTH,IS_KEY,NOT_BLANK,IS_DUMMY,IS_SEARCH_ITEM,SORT_NO,TREE_LEVEL,SHEET_NO,PAGE_NO,PROPERTY_NO,IS_AUTO,IS_MANDATORY,SYSTEM_READONLY,FIELD_TYPE,FIELD_LENGTH,INPUT_ALPHABET,INPUT_MULTIBYTE,INPUT_NUMERIC,INPUT_SYMBOL,INPUT_UPPERCASE,RETRIEVAL_TABLE,FORMAT,DEFAULT_VALUE,MIN_VALUE,MAX_VALUE,CALENDAR_BUTTON,JUMP_BUTTON,OPEN_BUTTON,REF_TABLE_ID,REF_FIELD_NAME,SPECIAL_BUTTON) VALUES ('TBLID_BPROD_TST','ODD_BOX_SHIP_FLG','ODD_BOX_SHIP_FLG','ODD_BOX_SHIP_FLG','STRING',1,'N','Y','N','Y',19,-1,0,0,19,'N','N','N','STRING',1,'Y',0,'Y','Y','Y','NONE',NULL,NULL,NULL,NULL,'N','N',0,NULL,NULL,0);
INSERT INTO SM_FIELD_DEF (TABLE_ID,FIELD_NAME,JP_TITLE,US_TITLE,DB_TYPE,DB_LENGTH,IS_KEY,NOT_BLANK,IS_DUMMY,IS_SEARCH_ITEM,SORT_NO,TREE_LEVEL,SHEET_NO,PAGE_NO,PROPERTY_NO,IS_AUTO,IS_MANDATORY,SYSTEM_READONLY,FIELD_TYPE,FIELD_LENGTH,INPUT_ALPHABET,INPUT_MULTIBYTE,INPUT_NUMERIC,INPUT_SYMBOL,INPUT_UPPERCASE,RETRIEVAL_TABLE,FORMAT,DEFAULT_VALUE,MIN_VALUE,MAX_VALUE,CALENDAR_BUTTON,JUMP_BUTTON,OPEN_BUTTON,REF_TABLE_ID,REF_FIELD_NAME,SPECIAL_BUTTON) VALUES ('TBLID_BPROD_TST','SHIP_LABEL_PRINT_ID','SHIP_LABEL_PRINT_ID','SHIP_LABEL_PRINT_ID','STRING',30,'N','Y','N','Y',20,-1,0,0,20,'N','N','N','STRING',30,'Y',0,'Y','Y','Y','NONE',NULL,NULL,NULL,NULL,'N','N',0,NULL,NULL,0);
INSERT INTO SM_FIELD_DEF (TABLE_ID,FIELD_NAME,JP_TITLE,US_TITLE,DB_TYPE,DB_LENGTH,IS_KEY,NOT_BLANK,IS_DUMMY,IS_SEARCH_ITEM,SORT_NO,TREE_LEVEL,SHEET_NO,PAGE_NO,PROPERTY_NO,IS_AUTO,IS_MANDATORY,SYSTEM_READONLY,FIELD_TYPE,FIELD_LENGTH,INPUT_ALPHABET,INPUT_MULTIBYTE,INPUT_NUMERIC,INPUT_SYMBOL,INPUT_UPPERCASE,RETRIEVAL_TABLE,FORMAT,DEFAULT_VALUE,MIN_VALUE,MAX_VALUE,CALENDAR_BUTTON,JUMP_BUTTON,OPEN_BUTTON,REF_TABLE_ID,REF_FIELD_NAME,SPECIAL_BUTTON) VALUES ('TBLID_BPROD_TST','SHIP_LABEL_PRINT_NUM','SHIP_LABEL_PRINT_NUM','SHIP_LABEL_PRINT_NUM','NUMBER',0,'N','Y','N','Y',21,-1,0,0,21,'N','N','N','STRING',0,'Y',0,'Y','Y','Y','NONE',NULL,NULL,NULL,NULL,'N','N',0,NULL,NULL,0);
INSERT INTO SM_FIELD_DEF (TABLE_ID,FIELD_NAME,JP_TITLE,US_TITLE,DB_TYPE,DB_LENGTH,IS_KEY,NOT_BLANK,IS_DUMMY,IS_SEARCH_ITEM,SORT_NO,TREE_LEVEL,SHEET_NO,PAGE_NO,PROPERTY_NO,IS_AUTO,IS_MANDATORY,SYSTEM_READONLY,FIELD_TYPE,FIELD_LENGTH,INPUT_ALPHABET,INPUT_MULTIBYTE,INPUT_NUMERIC,INPUT_SYMBOL,INPUT_UPPERCASE,RETRIEVAL_TABLE,FORMAT,DEFAULT_VALUE,MIN_VALUE,MAX_VALUE,CALENDAR_BUTTON,JUMP_BUTTON,OPEN_BUTTON,REF_TABLE_ID,REF_FIELD_NAME,SPECIAL_BUTTON) VALUES ('TBLID_BPROD_TST','EP_MON_CON_ID','EP_MON_CON_ID','EP_MON_CON_ID','STRING',20,'N','Y','N','Y',22,-1,0,0,22,'N','N','N','STRING',20,'Y',0,'Y','Y','Y','NONE',NULL,NULL,NULL,NULL,'N','N',0,NULL,NULL,0);
INSERT INTO SM_FIELD_DEF (TABLE_ID,FIELD_NAME,JP_TITLE,US_TITLE,DB_TYPE,DB_LENGTH,IS_KEY,NOT_BLANK,IS_DUMMY,IS_SEARCH_ITEM,SORT_NO,TREE_LEVEL,SHEET_NO,PAGE_NO,PROPERTY_NO,IS_AUTO,IS_MANDATORY,SYSTEM_READONLY,FIELD_TYPE,FIELD_LENGTH,INPUT_ALPHABET,INPUT_MULTIBYTE,INPUT_NUMERIC,INPUT_SYMBOL,INPUT_UPPERCASE,RETRIEVAL_TABLE,FORMAT,DEFAULT_VALUE,MIN_VALUE,MAX_VALUE,CALENDAR_BUTTON,JUMP_BUTTON,OPEN_BUTTON,REF_TABLE_ID,REF_FIELD_NAME,SPECIAL_BUTTON) VALUES ('TBLID_BPROD_TST','COND_EP_MON_CON_ID','COND_EP_MON_CON_ID','COND_EP_MON_CON_ID','STRING',20,'N','Y','N','Y',23,-1,0,0,23,'N','N','N','STRING',20,'Y',0,'Y','Y','Y','NONE',NULL,NULL,NULL,NULL,'N','N',0,NULL,NULL,0);
INSERT INTO SM_FIELD_DEF (TABLE_ID,FIELD_NAME,JP_TITLE,US_TITLE,DB_TYPE,DB_LENGTH,IS_KEY,NOT_BLANK,IS_DUMMY,IS_SEARCH_ITEM,SORT_NO,TREE_LEVEL,SHEET_NO,PAGE_NO,PROPERTY_NO,IS_AUTO,IS_MANDATORY,SYSTEM_READONLY,FIELD_TYPE,FIELD_LENGTH,INPUT_ALPHABET,INPUT_MULTIBYTE,INPUT_NUMERIC,INPUT_SYMBOL,INPUT_UPPERCASE,RETRIEVAL_TABLE,FORMAT,DEFAULT_VALUE,MIN_VALUE,MAX_VALUE,CALENDAR_BUTTON,JUMP_BUTTON,OPEN_BUTTON,REF_TABLE_ID,REF_FIELD_NAME,SPECIAL_BUTTON) VALUES ('TBLID_BPROD_TST','PW_SMPL_CASET_CON_ID','PW_SMPL_CASET_CON_ID','PW_SMPL_CASET_CON_ID','STRING',20,'N','Y','N','Y',24,-1,0,0,24,'N','N','N','STRING',20,'Y',0,'Y','Y','Y','NONE',NULL,NULL,NULL,NULL,'N','N',0,NULL,NULL,0);
INSERT INTO SM_FIELD_DEF (TABLE_ID,FIELD_NAME,JP_TITLE,US_TITLE,DB_TYPE,DB_LENGTH,IS_KEY,NOT_BLANK,IS_DUMMY,IS_SEARCH_ITEM,SORT_NO,TREE_LEVEL,SHEET_NO,PAGE_NO,PROPERTY_NO,IS_AUTO,IS_MANDATORY,SYSTEM_READONLY,FIELD_TYPE,FIELD_LENGTH,INPUT_ALPHABET,INPUT_MULTIBYTE,INPUT_NUMERIC,INPUT_SYMBOL,INPUT_UPPERCASE,RETRIEVAL_TABLE,FORMAT,DEFAULT_VALUE,MIN_VALUE,MAX_VALUE,CALENDAR_BUTTON,JUMP_BUTTON,OPEN_BUTTON,REF_TABLE_ID,REF_FIELD_NAME,SPECIAL_BUTTON) VALUES ('TBLID_BPROD_TST','EP_SMPL_CASET_CON_ID','EP_SMPL_CASET_CON_ID','EP_SMPL_CASET_CON_ID','STRING',20,'N','Y','N','Y',25,-1,0,0,25,'N','N','N','STRING',20,'Y',0,'Y','Y','Y','NONE',NULL,NULL,NULL,NULL,'N','N',0,NULL,NULL,0);
INSERT INTO SM_FIELD_DEF (TABLE_ID,FIELD_NAME,JP_TITLE,US_TITLE,DB_TYPE,DB_LENGTH,IS_KEY,NOT_BLANK,IS_DUMMY,IS_SEARCH_ITEM,SORT_NO,TREE_LEVEL,SHEET_NO,PAGE_NO,PROPERTY_NO,IS_AUTO,IS_MANDATORY,SYSTEM_READONLY,FIELD_TYPE,FIELD_LENGTH,INPUT_ALPHABET,INPUT_MULTIBYTE,INPUT_NUMERIC,INPUT_SYMBOL,INPUT_UPPERCASE,RETRIEVAL_TABLE,FORMAT,DEFAULT_VALUE,MIN_VALUE,MAX_VALUE,CALENDAR_BUTTON,JUMP_BUTTON,OPEN_BUTTON,REF_TABLE_ID,REF_FIELD_NAME,SPECIAL_BUTTON) VALUES ('TBLID_BPROD_TST','AN_SMPL_CASET_CON_ID','AN_SMPL_CASET_CON_ID','AN_SMPL_CASET_CON_ID','STRING',20,'N','Y','N','Y',26,-1,0,0,26,'N','N','N','STRING',20,'Y',0,'Y','Y','Y','NONE',NULL,NULL,NULL,NULL,'N','N',0,NULL,NULL,0);
INSERT INTO SM_FIELD_DEF (TABLE_ID,FIELD_NAME,JP_TITLE,US_TITLE,DB_TYPE,DB_LENGTH,IS_KEY,NOT_BLANK,IS_DUMMY,IS_SEARCH_ITEM,SORT_NO,TREE_LEVEL,SHEET_NO,PAGE_NO,PROPERTY_NO,IS_AUTO,IS_MANDATORY,SYSTEM_READONLY,FIELD_TYPE,FIELD_LENGTH,INPUT_ALPHABET,INPUT_MULTIBYTE,INPUT_NUMERIC,INPUT_SYMBOL,INPUT_UPPERCASE,RETRIEVAL_TABLE,FORMAT,DEFAULT_VALUE,MIN_VALUE,MAX_VALUE,CALENDAR_BUTTON,JUMP_BUTTON,OPEN_BUTTON,REF_TABLE_ID,REF_FIELD_NAME,SPECIAL_BUTTON) VALUES ('TBLID_BPROD_TST','WHT_FLG','WHT_FLG','WHT_FLG','STRING',10,'N','Y','N','Y',27,-1,0,0,27,'N','N','N','STRING',10,'Y',0,'Y','Y','Y','NONE',NULL,NULL,NULL,NULL,'N','N',0,NULL,NULL,0);
INSERT INTO SM_FIELD_DEF (TABLE_ID,FIELD_NAME,JP_TITLE,US_TITLE,DB_TYPE,DB_LENGTH,IS_KEY,NOT_BLANK,IS_DUMMY,IS_SEARCH_ITEM,SORT_NO,TREE_LEVEL,SHEET_NO,PAGE_NO,PROPERTY_NO,IS_AUTO,IS_MANDATORY,SYSTEM_READONLY,FIELD_TYPE,FIELD_LENGTH,INPUT_ALPHABET,INPUT_MULTIBYTE,INPUT_NUMERIC,INPUT_SYMBOL,INPUT_UPPERCASE,RETRIEVAL_TABLE,FORMAT,DEFAULT_VALUE,MIN_VALUE,MAX_VALUE,CALENDAR_BUTTON,JUMP_BUTTON,OPEN_BUTTON,REF_TABLE_ID,REF_FIELD_NAME,SPECIAL_BUTTON) VALUES ('TBLID_BPROD_TST','EG_FLG','EG_FLG','EG_FLG','STRING',10,'N','Y','N','Y',28,-1,0,0,28,'N','N','N','STRING',10,'Y',0,'Y','Y','Y','NONE',NULL,NULL,NULL,NULL,'N','N',0,NULL,NULL,0);
INSERT INTO SM_FIELD_DEF (TABLE_ID,FIELD_NAME,JP_TITLE,US_TITLE,DB_TYPE,DB_LENGTH,IS_KEY,NOT_BLANK,IS_DUMMY,IS_SEARCH_ITEM,SORT_NO,TREE_LEVEL,SHEET_NO,PAGE_NO,PROPERTY_NO,IS_AUTO,IS_MANDATORY,SYSTEM_READONLY,FIELD_TYPE,FIELD_LENGTH,INPUT_ALPHABET,INPUT_MULTIBYTE,INPUT_NUMERIC,INPUT_SYMBOL,INPUT_UPPERCASE,RETRIEVAL_TABLE,FORMAT,DEFAULT_VALUE,MIN_VALUE,MAX_VALUE,CALENDAR_BUTTON,JUMP_BUTTON,OPEN_BUTTON,REF_TABLE_ID,REF_FIELD_NAME,SPECIAL_BUTTON) VALUES ('TBLID_BPROD_TST','CVD_FLG','CVD_FLG','CVD_FLG','STRING',10,'N','Y','N','Y',29,-1,0,0,29,'N','N','N','STRING',10,'Y',0,'Y','Y','Y','NONE',NULL,NULL,NULL,NULL,'N','N',0,NULL,NULL,0);
INSERT INTO SM_FIELD_DEF (TABLE_ID,FIELD_NAME,JP_TITLE,US_TITLE,DB_TYPE,DB_LENGTH,IS_KEY,NOT_BLANK,IS_DUMMY,IS_SEARCH_ITEM,SORT_NO,TREE_LEVEL,SHEET_NO,PAGE_NO,PROPERTY_NO,IS_AUTO,IS_MANDATORY,SYSTEM_READONLY,FIELD_TYPE,FIELD_LENGTH,INPUT_ALPHABET,INPUT_MULTIBYTE,INPUT_NUMERIC,INPUT_SYMBOL,INPUT_UPPERCASE,RETRIEVAL_TABLE,FORMAT,DEFAULT_VALUE,MIN_VALUE,MAX_VALUE,CALENDAR_BUTTON,JUMP_BUTTON,OPEN_BUTTON,REF_TABLE_ID,REF_FIELD_NAME,SPECIAL_BUTTON) VALUES ('TBLID_BPROD_TST','SLICE_WIRE_PITCH','SLICE_WIRE_PITCH','SLICE_WIRE_PITCH','DOUBLE',0,'N','Y','N','Y',30,-1,0,0,30,'N','N','N','STRING',0,'Y',0,'Y','Y','Y','NONE',NULL,NULL,NULL,NULL,'N','N',0,NULL,NULL,0);
INSERT INTO SM_FIELD_DEF (TABLE_ID,FIELD_NAME,JP_TITLE,US_TITLE,DB_TYPE,DB_LENGTH,IS_KEY,NOT_BLANK,IS_DUMMY,IS_SEARCH_ITEM,SORT_NO,TREE_LEVEL,SHEET_NO,PAGE_NO,PROPERTY_NO,IS_AUTO,IS_MANDATORY,SYSTEM_READONLY,FIELD_TYPE,FIELD_LENGTH,INPUT_ALPHABET,INPUT_MULTIBYTE,INPUT_NUMERIC,INPUT_SYMBOL,INPUT_UPPERCASE,RETRIEVAL_TABLE,FORMAT,DEFAULT_VALUE,MIN_VALUE,MAX_VALUE,CALENDAR_BUTTON,JUMP_BUTTON,OPEN_BUTTON,REF_TABLE_ID,REF_FIELD_NAME,SPECIAL_BUTTON) VALUES ('TBLID_BPROD_TST','CIR_WHEEL_STD','CIR_WHEEL_STD','CIR_WHEEL_STD','NUMBER',0,'N','Y','N','Y',31,-1,0,0,31,'N','N','N','STRING',0,'Y',0,'Y','Y','Y','NONE',NULL,NULL,NULL,NULL,'N','N',0,NULL,NULL,0);
INSERT INTO SM_FIELD_DEF (TABLE_ID,FIELD_NAME,JP_TITLE,US_TITLE,DB_TYPE,DB_LENGTH,IS_KEY,NOT_BLANK,IS_DUMMY,IS_SEARCH_ITEM,SORT_NO,TREE_LEVEL,SHEET_NO,PAGE_NO,PROPERTY_NO,IS_AUTO,IS_MANDATORY,SYSTEM_READONLY,FIELD_TYPE,FIELD_LENGTH,INPUT_ALPHABET,INPUT_MULTIBYTE,INPUT_NUMERIC,INPUT_SYMBOL,INPUT_UPPERCASE,RETRIEVAL_TABLE,FORMAT,DEFAULT_VALUE,MIN_VALUE,MAX_VALUE,CALENDAR_BUTTON,JUMP_BUTTON,OPEN_BUTTON,REF_TABLE_ID,REF_FIELD_NAME,SPECIAL_BUTTON) VALUES ('TBLID_BPROD_TST','NOTCH_WHEEL_STD','NOTCH_WHEEL_STD','NOTCH_WHEEL_STD','NUMBER',0,'N','Y','N','Y',32,-1,0,0,32,'N','N','N','STRING',0,'Y',0,'Y','Y','Y','NONE',NULL,NULL,NULL,NULL,'N','N',0,NULL,NULL,0);
INSERT INTO SM_FIELD_DEF (TABLE_ID,FIELD_NAME,JP_TITLE,US_TITLE,DB_TYPE,DB_LENGTH,IS_KEY,NOT_BLANK,IS_DUMMY,IS_SEARCH_ITEM,SORT_NO,TREE_LEVEL,SHEET_NO,PAGE_NO,PROPERTY_NO,IS_AUTO,IS_MANDATORY,SYSTEM_READONLY,FIELD_TYPE,FIELD_LENGTH,INPUT_ALPHABET,INPUT_MULTIBYTE,INPUT_NUMERIC,INPUT_SYMBOL,INPUT_UPPERCASE,RETRIEVAL_TABLE,FORMAT,DEFAULT_VALUE,MIN_VALUE,MAX_VALUE,CALENDAR_BUTTON,JUMP_BUTTON,OPEN_BUTTON,REF_TABLE_ID,REF_FIELD_NAME,SPECIAL_BUTTON) VALUES ('TBLID_BPROD_TST','FLT_GRIND_COUNT','FLT_GRIND_COUNT','FLT_GRIND_COUNT','NUMBER',0,'N','Y','N','Y',33,-1,0,0,33,'N','N','N','STRING',0,'Y',0,'Y','Y','Y','NONE',NULL,NULL,NULL,NULL,'N','N',0,NULL,NULL,0);
INSERT INTO SM_FIELD_DEF (TABLE_ID,FIELD_NAME,JP_TITLE,US_TITLE,DB_TYPE,DB_LENGTH,IS_KEY,NOT_BLANK,IS_DUMMY,IS_SEARCH_ITEM,SORT_NO,TREE_LEVEL,SHEET_NO,PAGE_NO,PROPERTY_NO,IS_AUTO,IS_MANDATORY,SYSTEM_READONLY,FIELD_TYPE,FIELD_LENGTH,INPUT_ALPHABET,INPUT_MULTIBYTE,INPUT_NUMERIC,INPUT_SYMBOL,INPUT_UPPERCASE,RETRIEVAL_TABLE,FORMAT,DEFAULT_VALUE,MIN_VALUE,MAX_VALUE,CALENDAR_BUTTON,JUMP_BUTTON,OPEN_BUTTON,REF_TABLE_ID,REF_FIELD_NAME,SPECIAL_BUTTON) VALUES ('TBLID_BPROD_TST','FIN_GRIND_COUNT','FIN_GRIND_COUNT','FIN_GRIND_COUNT','NUMBER',0,'N','Y','N','Y',34,-1,0,0,34,'N','N','N','STRING',0,'Y',0,'Y','Y','Y','NONE',NULL,NULL,NULL,NULL,'N','N',0,NULL,NULL,0);
INSERT INTO SM_FIELD_DEF (TABLE_ID,FIELD_NAME,JP_TITLE,US_TITLE,DB_TYPE,DB_LENGTH,IS_KEY,NOT_BLANK,IS_DUMMY,IS_SEARCH_ITEM,SORT_NO,TREE_LEVEL,SHEET_NO,PAGE_NO,PROPERTY_NO,IS_AUTO,IS_MANDATORY,SYSTEM_READONLY,FIELD_TYPE,FIELD_LENGTH,INPUT_ALPHABET,INPUT_MULTIBYTE,INPUT_NUMERIC,INPUT_SYMBOL,INPUT_UPPERCASE,RETRIEVAL_TABLE,FORMAT,DEFAULT_VALUE,MIN_VALUE,MAX_VALUE,CALENDAR_BUTTON,JUMP_BUTTON,OPEN_BUTTON,REF_TABLE_ID,REF_FIELD_NAME,SPECIAL_BUTTON) VALUES ('TBLID_BPROD_TST','LM_FACE_SPECIFIED_FLG','LM_FACE_SPECIFIED_FLG','LM_FACE_SPECIFIED_FLG','NUMBER',0,'N','Y','N','Y',35,-1,0,0,35,'N','N','N','STRING',0,'Y',0,'Y','Y','Y','NONE',NULL,NULL,NULL,NULL,'N','N',0,NULL,NULL,0);
INSERT INTO SM_FIELD_DEF (TABLE_ID,FIELD_NAME,JP_TITLE,US_TITLE,DB_TYPE,DB_LENGTH,IS_KEY,NOT_BLANK,IS_DUMMY,IS_SEARCH_ITEM,SORT_NO,TREE_LEVEL,SHEET_NO,PAGE_NO,PROPERTY_NO,IS_AUTO,IS_MANDATORY,SYSTEM_READONLY,FIELD_TYPE,FIELD_LENGTH,INPUT_ALPHABET,INPUT_MULTIBYTE,INPUT_NUMERIC,INPUT_SYMBOL,INPUT_UPPERCASE,RETRIEVAL_TABLE,FORMAT,DEFAULT_VALUE,MIN_VALUE,MAX_VALUE,CALENDAR_BUTTON,JUMP_BUTTON,OPEN_BUTTON,REF_TABLE_ID,REF_FIELD_NAME,SPECIAL_BUTTON) VALUES ('TBLID_BPROD_TST','EDGING_REMOVE','EDGING_REMOVE','EDGING_REMOVE','NUMBER',0,'N','Y','N','Y',36,-1,0,0,36,'N','N','N','STRING',0,'Y',0,'Y','Y','Y','NONE',NULL,NULL,NULL,NULL,'N','N',0,NULL,NULL,0);
INSERT INTO SM_FIELD_DEF (TABLE_ID,FIELD_NAME,JP_TITLE,US_TITLE,DB_TYPE,DB_LENGTH,IS_KEY,NOT_BLANK,IS_DUMMY,IS_SEARCH_ITEM,SORT_NO,TREE_LEVEL,SHEET_NO,PAGE_NO,PROPERTY_NO,IS_AUTO,IS_MANDATORY,SYSTEM_READONLY,FIELD_TYPE,FIELD_LENGTH,INPUT_ALPHABET,INPUT_MULTIBYTE,INPUT_NUMERIC,INPUT_SYMBOL,INPUT_UPPERCASE,RETRIEVAL_TABLE,FORMAT,DEFAULT_VALUE,MIN_VALUE,MAX_VALUE,CALENDAR_BUTTON,JUMP_BUTTON,OPEN_BUTTON,REF_TABLE_ID,REF_FIELD_NAME,SPECIAL_BUTTON) VALUES ('TBLID_BPROD_TST','POLISH_KIND','POLISH_KIND','POLISH_KIND','NUMBER',0,'N','Y','N','Y',37,-1,0,0,37,'N','N','N','STRING',0,'Y',0,'Y','Y','Y','NONE',NULL,NULL,NULL,NULL,'N','N',0,NULL,NULL,0);
INSERT INTO SM_FIELD_DEF (TABLE_ID,FIELD_NAME,JP_TITLE,US_TITLE,DB_TYPE,DB_LENGTH,IS_KEY,NOT_BLANK,IS_DUMMY,IS_SEARCH_ITEM,SORT_NO,TREE_LEVEL,SHEET_NO,PAGE_NO,PROPERTY_NO,IS_AUTO,IS_MANDATORY,SYSTEM_READONLY,FIELD_TYPE,FIELD_LENGTH,INPUT_ALPHABET,INPUT_MULTIBYTE,INPUT_NUMERIC,INPUT_SYMBOL,INPUT_UPPERCASE,RETRIEVAL_TABLE,FORMAT,DEFAULT_VALUE,MIN_VALUE,MAX_VALUE,CALENDAR_BUTTON,JUMP_BUTTON,OPEN_BUTTON,REF_TABLE_ID,REF_FIELD_NAME,SPECIAL_BUTTON) VALUES ('TBLID_BPROD_TST','FLATNESS_RANK','FLATNESS_RANK','FLATNESS_RANK','STRING',1,'N','Y','N','Y',38,-1,0,0,38,'N','N','N','STRING',1,'Y',0,'Y','Y','Y','NONE',NULL,NULL,NULL,NULL,'N','N',0,NULL,NULL,0);
INSERT INTO SM_FIELD_DEF (TABLE_ID,FIELD_NAME,JP_TITLE,US_TITLE,DB_TYPE,DB_LENGTH,IS_KEY,NOT_BLANK,IS_DUMMY,IS_SEARCH_ITEM,SORT_NO,TREE_LEVEL,SHEET_NO,PAGE_NO,PROPERTY_NO,IS_AUTO,IS_MANDATORY,SYSTEM_READONLY,FIELD_TYPE,FIELD_LENGTH,INPUT_ALPHABET,INPUT_MULTIBYTE,INPUT_NUMERIC,INPUT_SYMBOL,INPUT_UPPERCASE,RETRIEVAL_TABLE,FORMAT,DEFAULT_VALUE,MIN_VALUE,MAX_VALUE,CALENDAR_BUTTON,JUMP_BUTTON,OPEN_BUTTON,REF_TABLE_ID,REF_FIELD_NAME,SPECIAL_BUTTON) VALUES ('TBLID_BPROD_TST','FLT_POLISH_CROSS_LIFE_STD','FLT_POLISH_CROSS_LIFE_STD','FLT_POLISH_CROSS_LIFE_STD','STRING',40,'N','Y','N','Y',39,-1,0,0,39,'N','N','N','STRING',40,'Y',0,'Y','Y','Y','NONE',NULL,NULL,NULL,NULL,'N','N',0,NULL,NULL,0);
INSERT INTO SM_FIELD_DEF (TABLE_ID,FIELD_NAME,JP_TITLE,US_TITLE,DB_TYPE,DB_LENGTH,IS_KEY,NOT_BLANK,IS_DUMMY,IS_SEARCH_ITEM,SORT_NO,TREE_LEVEL,SHEET_NO,PAGE_NO,PROPERTY_NO,IS_AUTO,IS_MANDATORY,SYSTEM_READONLY,FIELD_TYPE,FIELD_LENGTH,INPUT_ALPHABET,INPUT_MULTIBYTE,INPUT_NUMERIC,INPUT_SYMBOL,INPUT_UPPERCASE,RETRIEVAL_TABLE,FORMAT,DEFAULT_VALUE,MIN_VALUE,MAX_VALUE,CALENDAR_BUTTON,JUMP_BUTTON,OPEN_BUTTON,REF_TABLE_ID,REF_FIELD_NAME,SPECIAL_BUTTON) VALUES ('TBLID_BPROD_TST','MIRROR_GRIND_GRAVITY','MIRROR_GRIND_GRAVITY','MIRROR_GRIND_GRAVITY','STRING',1,'N','Y','N','Y',40,-1,0,0,40,'N','N','N','STRING',1,'Y',0,'Y','Y','Y','NONE',NULL,NULL,NULL,NULL,'N','N',0,NULL,NULL,0);
INSERT INTO SM_FIELD_DEF (TABLE_ID,FIELD_NAME,JP_TITLE,US_TITLE,DB_TYPE,DB_LENGTH,IS_KEY,NOT_BLANK,IS_DUMMY,IS_SEARCH_ITEM,SORT_NO,TREE_LEVEL,SHEET_NO,PAGE_NO,PROPERTY_NO,IS_AUTO,IS_MANDATORY,SYSTEM_READONLY,FIELD_TYPE,FIELD_LENGTH,INPUT_ALPHABET,INPUT_MULTIBYTE,INPUT_NUMERIC,INPUT_SYMBOL,INPUT_UPPERCASE,RETRIEVAL_TABLE,FORMAT,DEFAULT_VALUE,MIN_VALUE,MAX_VALUE,CALENDAR_BUTTON,JUMP_BUTTON,OPEN_BUTTON,REF_TABLE_ID,REF_FIELD_NAME,SPECIAL_BUTTON) VALUES ('TBLID_BPROD_TST','FIN_POLISH_CROSS_LIFE_STD','FIN_POLISH_CROSS_LIFE_STD','FIN_POLISH_CROSS_LIFE_STD','STRING',40,'N','Y','N','Y',41,-1,0,0,41,'N','N','N','STRING',40,'Y',0,'Y','Y','Y','NONE',NULL,NULL,NULL,NULL,'N','N',0,NULL,NULL,0);
INSERT INTO SM_FIELD_DEF (TABLE_ID,FIELD_NAME,JP_TITLE,US_TITLE,DB_TYPE,DB_LENGTH,IS_KEY,NOT_BLANK,IS_DUMMY,IS_SEARCH_ITEM,SORT_NO,TREE_LEVEL,SHEET_NO,PAGE_NO,PROPERTY_NO,IS_AUTO,IS_MANDATORY,SYSTEM_READONLY,FIELD_TYPE,FIELD_LENGTH,INPUT_ALPHABET,INPUT_MULTIBYTE,INPUT_NUMERIC,INPUT_SYMBOL,INPUT_UPPERCASE,RETRIEVAL_TABLE,FORMAT,DEFAULT_VALUE,MIN_VALUE,MAX_VALUE,CALENDAR_BUTTON,JUMP_BUTTON,OPEN_BUTTON,REF_TABLE_ID,REF_FIELD_NAME,SPECIAL_BUTTON) VALUES ('TBLID_BPROD_TST','FOSB_INFOPAD_PLUG_POS','FOSB_INFOPAD_PLUG_POS','FOSB_INFOPAD_PLUG_POS','STRING',40,'N','Y','N','Y',42,-1,0,0,42,'N','N','N','STRING',40,'Y',0,'Y','Y','Y','NONE',NULL,NULL,NULL,NULL,'N','N',0,NULL,NULL,0);
INSERT INTO SM_FIELD_DEF (TABLE_ID,FIELD_NAME,JP_TITLE,US_TITLE,DB_TYPE,DB_LENGTH,IS_KEY,NOT_BLANK,IS_DUMMY,IS_SEARCH_ITEM,SORT_NO,TREE_LEVEL,SHEET_NO,PAGE_NO,PROPERTY_NO,IS_AUTO,IS_MANDATORY,SYSTEM_READONLY,FIELD_TYPE,FIELD_LENGTH,INPUT_ALPHABET,INPUT_MULTIBYTE,INPUT_NUMERIC,INPUT_SYMBOL,INPUT_UPPERCASE,RETRIEVAL_TABLE,FORMAT,DEFAULT_VALUE,MIN_VALUE,MAX_VALUE,CALENDAR_BUTTON,JUMP_BUTTON,OPEN_BUTTON,REF_TABLE_ID,REF_FIELD_NAME,SPECIAL_BUTTON) VALUES ('TBLID_BPROD_TST','SENTER_RITENER_EXIST','SENTER_RITENER_EXIST','SENTER_RITENER_EXIST','NUMBER',0,'N','Y','N','Y',43,-1,0,0,43,'N','N','N','STRING',0,'Y',0,'Y','Y','Y','NONE',NULL,NULL,NULL,NULL,'N','N',0,NULL,NULL,0);
INSERT INTO SM_FIELD_DEF (TABLE_ID,FIELD_NAME,JP_TITLE,US_TITLE,DB_TYPE,DB_LENGTH,IS_KEY,NOT_BLANK,IS_DUMMY,IS_SEARCH_ITEM,SORT_NO,TREE_LEVEL,SHEET_NO,PAGE_NO,PROPERTY_NO,IS_AUTO,IS_MANDATORY,SYSTEM_READONLY,FIELD_TYPE,FIELD_LENGTH,INPUT_ALPHABET,INPUT_MULTIBYTE,INPUT_NUMERIC,INPUT_SYMBOL,INPUT_UPPERCASE,RETRIEVAL_TABLE,FORMAT,DEFAULT_VALUE,MIN_VALUE,MAX_VALUE,CALENDAR_BUTTON,JUMP_BUTTON,OPEN_BUTTON,REF_TABLE_ID,REF_FIELD_NAME,SPECIAL_BUTTON) VALUES ('TBLID_BPROD_TST','SHIP_LABEL_POS1','SHIP_LABEL_POS1','SHIP_LABEL_POS1','STRING',20,'N','Y','N','Y',44,-1,0,0,44,'N','N','N','STRING',20,'Y',0,'Y','Y','Y','NONE',NULL,NULL,NULL,NULL,'N','N',0,NULL,NULL,0);
INSERT INTO SM_FIELD_DEF (TABLE_ID,FIELD_NAME,JP_TITLE,US_TITLE,DB_TYPE,DB_LENGTH,IS_KEY,NOT_BLANK,IS_DUMMY,IS_SEARCH_ITEM,SORT_NO,TREE_LEVEL,SHEET_NO,PAGE_NO,PROPERTY_NO,IS_AUTO,IS_MANDATORY,SYSTEM_READONLY,FIELD_TYPE,FIELD_LENGTH,INPUT_ALPHABET,INPUT_MULTIBYTE,INPUT_NUMERIC,INPUT_SYMBOL,INPUT_UPPERCASE,RETRIEVAL_TABLE,FORMAT,DEFAULT_VALUE,MIN_VALUE,MAX_VALUE,CALENDAR_BUTTON,JUMP_BUTTON,OPEN_BUTTON,REF_TABLE_ID,REF_FIELD_NAME,SPECIAL_BUTTON) VALUES ('TBLID_BPROD_TST','SHIP_LABEL_POS2','SHIP_LABEL_POS2','SHIP_LABEL_POS2','STRING',20,'N','Y','N','Y',45,-1,0,0,45,'N','N','N','STRING',20,'Y',0,'Y','Y','Y','NONE',NULL,NULL,NULL,NULL,'N','N',0,NULL,NULL,0);
INSERT INTO SM_FIELD_DEF (TABLE_ID,FIELD_NAME,JP_TITLE,US_TITLE,DB_TYPE,DB_LENGTH,IS_KEY,NOT_BLANK,IS_DUMMY,IS_SEARCH_ITEM,SORT_NO,TREE_LEVEL,SHEET_NO,PAGE_NO,PROPERTY_NO,IS_AUTO,IS_MANDATORY,SYSTEM_READONLY,FIELD_TYPE,FIELD_LENGTH,INPUT_ALPHABET,INPUT_MULTIBYTE,INPUT_NUMERIC,INPUT_SYMBOL,INPUT_UPPERCASE,RETRIEVAL_TABLE,FORMAT,DEFAULT_VALUE,MIN_VALUE,MAX_VALUE,CALENDAR_BUTTON,JUMP_BUTTON,OPEN_BUTTON,REF_TABLE_ID,REF_FIELD_NAME,SPECIAL_BUTTON) VALUES ('TBLID_BPROD_TST','SHIP_LABEL_POS3','SHIP_LABEL_POS3','SHIP_LABEL_POS3','STRING',20,'N','Y','N','Y',46,-1,0,0,46,'N','N','N','STRING',20,'Y',0,'Y','Y','Y','NONE',NULL,NULL,NULL,NULL,'N','N',0,NULL,NULL,0);
INSERT INTO SM_FIELD_DEF (TABLE_ID,FIELD_NAME,JP_TITLE,US_TITLE,DB_TYPE,DB_LENGTH,IS_KEY,NOT_BLANK,IS_DUMMY,IS_SEARCH_ITEM,SORT_NO,TREE_LEVEL,SHEET_NO,PAGE_NO,PROPERTY_NO,IS_AUTO,IS_MANDATORY,SYSTEM_READONLY,FIELD_TYPE,FIELD_LENGTH,INPUT_ALPHABET,INPUT_MULTIBYTE,INPUT_NUMERIC,INPUT_SYMBOL,INPUT_UPPERCASE,RETRIEVAL_TABLE,FORMAT,DEFAULT_VALUE,MIN_VALUE,MAX_VALUE,CALENDAR_BUTTON,JUMP_BUTTON,OPEN_BUTTON,REF_TABLE_ID,REF_FIELD_NAME,SPECIAL_BUTTON) VALUES ('TBLID_BPROD_TST','DESICCANT_EXIST','DESICCANT_EXIST','DESICCANT_EXIST','NUMBER',0,'N','Y','N','Y',47,-1,0,0,47,'N','N','N','STRING',0,'Y',0,'Y','Y','Y','NONE',NULL,NULL,NULL,NULL,'N','N',0,NULL,NULL,0);
INSERT INTO SM_FIELD_DEF (TABLE_ID,FIELD_NAME,JP_TITLE,US_TITLE,DB_TYPE,DB_LENGTH,IS_KEY,NOT_BLANK,IS_DUMMY,IS_SEARCH_ITEM,SORT_NO,TREE_LEVEL,SHEET_NO,PAGE_NO,PROPERTY_NO,IS_AUTO,IS_MANDATORY,SYSTEM_READONLY,FIELD_TYPE,FIELD_LENGTH,INPUT_ALPHABET,INPUT_MULTIBYTE,INPUT_NUMERIC,INPUT_SYMBOL,INPUT_UPPERCASE,RETRIEVAL_TABLE,FORMAT,DEFAULT_VALUE,MIN_VALUE,MAX_VALUE,CALENDAR_BUTTON,JUMP_BUTTON,OPEN_BUTTON,REF_TABLE_ID,REF_FIELD_NAME,SPECIAL_BUTTON) VALUES ('TBLID_BPROD_TST','DESICCANT_POS','DESICCANT_POS','DESICCANT_POS','STRING',20,'N','Y','N','Y',48,-1,0,0,48,'N','N','N','STRING',20,'Y',0,'Y','Y','Y','NONE',NULL,NULL,NULL,NULL,'N','N',0,NULL,NULL,0);
INSERT INTO SM_FIELD_DEF (TABLE_ID,FIELD_NAME,JP_TITLE,US_TITLE,DB_TYPE,DB_LENGTH,IS_KEY,NOT_BLANK,IS_DUMMY,IS_SEARCH_ITEM,SORT_NO,TREE_LEVEL,SHEET_NO,PAGE_NO,PROPERTY_NO,IS_AUTO,IS_MANDATORY,SYSTEM_READONLY,FIELD_TYPE,FIELD_LENGTH,INPUT_ALPHABET,INPUT_MULTIBYTE,INPUT_NUMERIC,INPUT_SYMBOL,INPUT_UPPERCASE,RETRIEVAL_TABLE,FORMAT,DEFAULT_VALUE,MIN_VALUE,MAX_VALUE,CALENDAR_BUTTON,JUMP_BUTTON,OPEN_BUTTON,REF_TABLE_ID,REF_FIELD_NAME,SPECIAL_BUTTON) VALUES ('TBLID_BPROD_TST','KEM_PW_PROD_CODE','KEM_PW_PROD_CODE','KEM_PW_PROD_CODE','STRING',20,'N','Y','N','Y',49,-1,0,0,49,'N','N','N','STRING',20,'Y',0,'Y','Y','Y','NONE',NULL,NULL,NULL,NULL,'N','N',0,NULL,NULL,0);
INSERT INTO SM_FIELD_DEF (TABLE_ID,FIELD_NAME,JP_TITLE,US_TITLE,DB_TYPE,DB_LENGTH,IS_KEY,NOT_BLANK,IS_DUMMY,IS_SEARCH_ITEM,SORT_NO,TREE_LEVEL,SHEET_NO,PAGE_NO,PROPERTY_NO,IS_AUTO,IS_MANDATORY,SYSTEM_READONLY,FIELD_TYPE,FIELD_LENGTH,INPUT_ALPHABET,INPUT_MULTIBYTE,INPUT_NUMERIC,INPUT_SYMBOL,INPUT_UPPERCASE,RETRIEVAL_TABLE,FORMAT,DEFAULT_VALUE,MIN_VALUE,MAX_VALUE,CALENDAR_BUTTON,JUMP_BUTTON,OPEN_BUTTON,REF_TABLE_ID,REF_FIELD_NAME,SPECIAL_BUTTON) VALUES ('TBLID_BPROD_TST','KEM_EP_PROD_CODE','KEM_EP_PROD_CODE','KEM_EP_PROD_CODE','STRING',20,'N','Y','N','Y',50,-1,0,0,50,'N','N','N','STRING',20,'Y',0,'Y','Y','Y','NONE',NULL,NULL,NULL,NULL,'N','N',0,NULL,NULL,0);
INSERT INTO SM_FIELD_DEF (TABLE_ID,FIELD_NAME,JP_TITLE,US_TITLE,DB_TYPE,DB_LENGTH,IS_KEY,NOT_BLANK,IS_DUMMY,IS_SEARCH_ITEM,SORT_NO,TREE_LEVEL,SHEET_NO,PAGE_NO,PROPERTY_NO,IS_AUTO,IS_MANDATORY,SYSTEM_READONLY,FIELD_TYPE,FIELD_LENGTH,INPUT_ALPHABET,INPUT_MULTIBYTE,INPUT_NUMERIC,INPUT_SYMBOL,INPUT_UPPERCASE,RETRIEVAL_TABLE,FORMAT,DEFAULT_VALUE,MIN_VALUE,MAX_VALUE,CALENDAR_BUTTON,JUMP_BUTTON,OPEN_BUTTON,REF_TABLE_ID,REF_FIELD_NAME,SPECIAL_BUTTON) VALUES ('TBLID_BPROD_TST','KEM_AR_PROD_CODE','KEM_AR_PROD_CODE','KEM_AR_PROD_CODE','STRING',20,'N','Y','N','Y',51,-1,0,0,51,'N','N','N','STRING',20,'Y',0,'Y','Y','Y','NONE',NULL,NULL,NULL,NULL,'N','N',0,NULL,NULL,0);
INSERT INTO SM_FIELD_DEF (TABLE_ID,FIELD_NAME,JP_TITLE,US_TITLE,DB_TYPE,DB_LENGTH,IS_KEY,NOT_BLANK,IS_DUMMY,IS_SEARCH_ITEM,SORT_NO,TREE_LEVEL,SHEET_NO,PAGE_NO,PROPERTY_NO,IS_AUTO,IS_MANDATORY,SYSTEM_READONLY,FIELD_TYPE,FIELD_LENGTH,INPUT_ALPHABET,INPUT_MULTIBYTE,INPUT_NUMERIC,INPUT_SYMBOL,INPUT_UPPERCASE,RETRIEVAL_TABLE,FORMAT,DEFAULT_VALUE,MIN_VALUE,MAX_VALUE,CALENDAR_BUTTON,JUMP_BUTTON,OPEN_BUTTON,REF_TABLE_ID,REF_FIELD_NAME,SPECIAL_BUTTON) VALUES ('TBLID_BPROD_TST','NOTCH_TOP_DEGREE','NOTCH_TOP_DEGREE','NOTCH_TOP_DEGREE','NUMBER',0,'N','Y','N','Y',52,-1,0,0,52,'N','N','N','STRING',0,'Y',0,'Y','Y','Y','NONE',NULL,NULL,NULL,NULL,'N','N',0,NULL,NULL,0);
INSERT INTO SM_FIELD_DEF (TABLE_ID,FIELD_NAME,JP_TITLE,US_TITLE,DB_TYPE,DB_LENGTH,IS_KEY,NOT_BLANK,IS_DUMMY,IS_SEARCH_ITEM,SORT_NO,TREE_LEVEL,SHEET_NO,PAGE_NO,PROPERTY_NO,IS_AUTO,IS_MANDATORY,SYSTEM_READONLY,FIELD_TYPE,FIELD_LENGTH,INPUT_ALPHABET,INPUT_MULTIBYTE,INPUT_NUMERIC,INPUT_SYMBOL,INPUT_UPPERCASE,RETRIEVAL_TABLE,FORMAT,DEFAULT_VALUE,MIN_VALUE,MAX_VALUE,CALENDAR_BUTTON,JUMP_BUTTON,OPEN_BUTTON,REF_TABLE_ID,REF_FIELD_NAME,SPECIAL_BUTTON) VALUES ('TBLID_BPROD_TST','NOTCH_TOP_ARCMIN','NOTCH_TOP_ARCMIN','NOTCH_TOP_ARCMIN','NUMBER',0,'N','Y','N','Y',53,-1,0,0,53,'N','N','N','STRING',0,'Y',0,'Y','Y','Y','NONE',NULL,NULL,NULL,NULL,'N','N',0,NULL,NULL,0);
INSERT INTO SM_FIELD_DEF (TABLE_ID,FIELD_NAME,JP_TITLE,US_TITLE,DB_TYPE,DB_LENGTH,IS_KEY,NOT_BLANK,IS_DUMMY,IS_SEARCH_ITEM,SORT_NO,TREE_LEVEL,SHEET_NO,PAGE_NO,PROPERTY_NO,IS_AUTO,IS_MANDATORY,SYSTEM_READONLY,FIELD_TYPE,FIELD_LENGTH,INPUT_ALPHABET,INPUT_MULTIBYTE,INPUT_NUMERIC,INPUT_SYMBOL,INPUT_UPPERCASE,RETRIEVAL_TABLE,FORMAT,DEFAULT_VALUE,MIN_VALUE,MAX_VALUE,CALENDAR_BUTTON,JUMP_BUTTON,OPEN_BUTTON,REF_TABLE_ID,REF_FIELD_NAME,SPECIAL_BUTTON) VALUES ('TBLID_BPROD_TST','NOTCH_TOP_ARCSEC','NOTCH_TOP_ARCSEC','NOTCH_TOP_ARCSEC','NUMBER',0,'N','Y','N','Y',54,-1,0,0,54,'N','N','N','STRING',0,'Y',0,'Y','Y','Y','NONE',NULL,NULL,NULL,NULL,'N','N',0,NULL,NULL,0);
INSERT INTO SM_FIELD_DEF (TABLE_ID,FIELD_NAME,JP_TITLE,US_TITLE,DB_TYPE,DB_LENGTH,IS_KEY,NOT_BLANK,IS_DUMMY,IS_SEARCH_ITEM,SORT_NO,TREE_LEVEL,SHEET_NO,PAGE_NO,PROPERTY_NO,IS_AUTO,IS_MANDATORY,SYSTEM_READONLY,FIELD_TYPE,FIELD_LENGTH,INPUT_ALPHABET,INPUT_MULTIBYTE,INPUT_NUMERIC,INPUT_SYMBOL,INPUT_UPPERCASE,RETRIEVAL_TABLE,FORMAT,DEFAULT_VALUE,MIN_VALUE,MAX_VALUE,CALENDAR_BUTTON,JUMP_BUTTON,OPEN_BUTTON,REF_TABLE_ID,REF_FIELD_NAME,SPECIAL_BUTTON) VALUES ('TBLID_BPROD_TST','NOTCH_LEFT_DEGREE','NOTCH_LEFT_DEGREE','NOTCH_LEFT_DEGREE','NUMBER',0,'N','Y','N','Y',55,-1,0,0,55,'N','N','N','STRING',0,'Y',0,'Y','Y','Y','NONE',NULL,NULL,NULL,NULL,'N','N',0,NULL,NULL,0);
INSERT INTO SM_FIELD_DEF (TABLE_ID,FIELD_NAME,JP_TITLE,US_TITLE,DB_TYPE,DB_LENGTH,IS_KEY,NOT_BLANK,IS_DUMMY,IS_SEARCH_ITEM,SORT_NO,TREE_LEVEL,SHEET_NO,PAGE_NO,PROPERTY_NO,IS_AUTO,IS_MANDATORY,SYSTEM_READONLY,FIELD_TYPE,FIELD_LENGTH,INPUT_ALPHABET,INPUT_MULTIBYTE,INPUT_NUMERIC,INPUT_SYMBOL,INPUT_UPPERCASE,RETRIEVAL_TABLE,FORMAT,DEFAULT_VALUE,MIN_VALUE,MAX_VALUE,CALENDAR_BUTTON,JUMP_BUTTON,OPEN_BUTTON,REF_TABLE_ID,REF_FIELD_NAME,SPECIAL_BUTTON) VALUES ('TBLID_BPROD_TST','NOTCH_LEFT_ARCMIN','NOTCH_LEFT_ARCMIN','NOTCH_LEFT_ARCMIN','NUMBER',0,'N','Y','N','Y',56,-1,0,0,56,'N','N','N','STRING',0,'Y',0,'Y','Y','Y','NONE',NULL,NULL,NULL,NULL,'N','N',0,NULL,NULL,0);
INSERT INTO SM_FIELD_DEF (TABLE_ID,FIELD_NAME,JP_TITLE,US_TITLE,DB_TYPE,DB_LENGTH,IS_KEY,NOT_BLANK,IS_DUMMY,IS_SEARCH_ITEM,SORT_NO,TREE_LEVEL,SHEET_NO,PAGE_NO,PROPERTY_NO,IS_AUTO,IS_MANDATORY,SYSTEM_READONLY,FIELD_TYPE,FIELD_LENGTH,INPUT_ALPHABET,INPUT_MULTIBYTE,INPUT_NUMERIC,INPUT_SYMBOL,INPUT_UPPERCASE,RETRIEVAL_TABLE,FORMAT,DEFAULT_VALUE,MIN_VALUE,MAX_VALUE,CALENDAR_BUTTON,JUMP_BUTTON,OPEN_BUTTON,REF_TABLE_ID,REF_FIELD_NAME,SPECIAL_BUTTON) VALUES ('TBLID_BPROD_TST','NOTCH_LEFT_ARCSEC','NOTCH_LEFT_ARCSEC','NOTCH_LEFT_ARCSEC','NUMBER',0,'N','Y','N','Y',57,-1,0,0,57,'N','N','N','STRING',0,'Y',0,'Y','Y','Y','NONE',NULL,NULL,NULL,NULL,'N','N',0,NULL,NULL,0);
INSERT INTO SM_FIELD_DEF (TABLE_ID,FIELD_NAME,JP_TITLE,US_TITLE,DB_TYPE,DB_LENGTH,IS_KEY,NOT_BLANK,IS_DUMMY,IS_SEARCH_ITEM,SORT_NO,TREE_LEVEL,SHEET_NO,PAGE_NO,PROPERTY_NO,IS_AUTO,IS_MANDATORY,SYSTEM_READONLY,FIELD_TYPE,FIELD_LENGTH,INPUT_ALPHABET,INPUT_MULTIBYTE,INPUT_NUMERIC,INPUT_SYMBOL,INPUT_UPPERCASE,RETRIEVAL_TABLE,FORMAT,DEFAULT_VALUE,MIN_VALUE,MAX_VALUE,CALENDAR_BUTTON,JUMP_BUTTON,OPEN_BUTTON,REF_TABLE_ID,REF_FIELD_NAME,SPECIAL_BUTTON) VALUES ('TBLID_BPROD_TST','SHIP_LABEL_PRINT_EXIST','SHIP_LABEL_PRINT_EXIST','SHIP_LABEL_PRINT_EXIST','NUMBER',0,'N','Y','N','Y',58,-1,0,0,58,'N','N','N','STRING',0,'Y',0,'Y','Y','Y','NONE',NULL,NULL,NULL,NULL,'N','N',0,NULL,NULL,0);
INSERT INTO SM_FIELD_DEF (TABLE_ID,FIELD_NAME,JP_TITLE,US_TITLE,DB_TYPE,DB_LENGTH,IS_KEY,NOT_BLANK,IS_DUMMY,IS_SEARCH_ITEM,SORT_NO,TREE_LEVEL,SHEET_NO,PAGE_NO,PROPERTY_NO,IS_AUTO,IS_MANDATORY,SYSTEM_READONLY,FIELD_TYPE,FIELD_LENGTH,INPUT_ALPHABET,INPUT_MULTIBYTE,INPUT_NUMERIC,INPUT_SYMBOL,INPUT_UPPERCASE,RETRIEVAL_TABLE,FORMAT,DEFAULT_VALUE,MIN_VALUE,MAX_VALUE,CALENDAR_BUTTON,JUMP_BUTTON,OPEN_BUTTON,REF_TABLE_ID,REF_FIELD_NAME,SPECIAL_BUTTON) VALUES ('TBLID_BPROD_TST','RESERVE01','RESERVE01','RESERVE01','STRING',20,'N','Y','N','Y',59,-1,0,0,59,'N','N','N','STRING',20,'Y',0,'Y','Y','Y','NONE',NULL,NULL,NULL,NULL,'N','N',0,NULL,NULL,0);
INSERT INTO SM_FIELD_DEF (TABLE_ID,FIELD_NAME,JP_TITLE,US_TITLE,DB_TYPE,DB_LENGTH,IS_KEY,NOT_BLANK,IS_DUMMY,IS_SEARCH_ITEM,SORT_NO,TREE_LEVEL,SHEET_NO,PAGE_NO,PROPERTY_NO,IS_AUTO,IS_MANDATORY,SYSTEM_READONLY,FIELD_TYPE,FIELD_LENGTH,INPUT_ALPHABET,INPUT_MULTIBYTE,INPUT_NUMERIC,INPUT_SYMBOL,INPUT_UPPERCASE,RETRIEVAL_TABLE,FORMAT,DEFAULT_VALUE,MIN_VALUE,MAX_VALUE,CALENDAR_BUTTON,JUMP_BUTTON,OPEN_BUTTON,REF_TABLE_ID,REF_FIELD_NAME,SPECIAL_BUTTON) VALUES ('TBLID_BPROD_TST','RESERVE02','RESERVE02','RESERVE02','STRING',20,'N','Y','N','Y',60,-1,0,0,60,'N','N','N','STRING',20,'Y',0,'Y','Y','Y','NONE',NULL,NULL,NULL,NULL,'N','N',0,NULL,NULL,0);
INSERT INTO SM_FIELD_DEF (TABLE_ID,FIELD_NAME,JP_TITLE,US_TITLE,DB_TYPE,DB_LENGTH,IS_KEY,NOT_BLANK,IS_DUMMY,IS_SEARCH_ITEM,SORT_NO,TREE_LEVEL,SHEET_NO,PAGE_NO,PROPERTY_NO,IS_AUTO,IS_MANDATORY,SYSTEM_READONLY,FIELD_TYPE,FIELD_LENGTH,INPUT_ALPHABET,INPUT_MULTIBYTE,INPUT_NUMERIC,INPUT_SYMBOL,INPUT_UPPERCASE,RETRIEVAL_TABLE,FORMAT,DEFAULT_VALUE,MIN_VALUE,MAX_VALUE,CALENDAR_BUTTON,JUMP_BUTTON,OPEN_BUTTON,REF_TABLE_ID,REF_FIELD_NAME,SPECIAL_BUTTON) VALUES ('TBLID_BPROD_TST','RESERVE03','RESERVE03','RESERVE03','STRING',20,'N','Y','N','Y',61,-1,0,0,61,'N','N','N','STRING',20,'Y',0,'Y','Y','Y','NONE',NULL,NULL,NULL,NULL,'N','N',0,NULL,NULL,0);
INSERT INTO SM_FIELD_DEF (TABLE_ID,FIELD_NAME,JP_TITLE,US_TITLE,DB_TYPE,DB_LENGTH,IS_KEY,NOT_BLANK,IS_DUMMY,IS_SEARCH_ITEM,SORT_NO,TREE_LEVEL,SHEET_NO,PAGE_NO,PROPERTY_NO,IS_AUTO,IS_MANDATORY,SYSTEM_READONLY,FIELD_TYPE,FIELD_LENGTH,INPUT_ALPHABET,INPUT_MULTIBYTE,INPUT_NUMERIC,INPUT_SYMBOL,INPUT_UPPERCASE,RETRIEVAL_TABLE,FORMAT,DEFAULT_VALUE,MIN_VALUE,MAX_VALUE,CALENDAR_BUTTON,JUMP_BUTTON,OPEN_BUTTON,REF_TABLE_ID,REF_FIELD_NAME,SPECIAL_BUTTON) VALUES ('TBLID_BPROD_TST','RESERVE04','RESERVE04','RESERVE04','STRING',20,'N','Y','N','Y',62,-1,0,0,62,'N','N','N','STRING',20,'Y',0,'Y','Y','Y','NONE',NULL,NULL,NULL,NULL,'N','N',0,NULL,NULL,0);
INSERT INTO SM_FIELD_DEF (TABLE_ID,FIELD_NAME,JP_TITLE,US_TITLE,DB_TYPE,DB_LENGTH,IS_KEY,NOT_BLANK,IS_DUMMY,IS_SEARCH_ITEM,SORT_NO,TREE_LEVEL,SHEET_NO,PAGE_NO,PROPERTY_NO,IS_AUTO,IS_MANDATORY,SYSTEM_READONLY,FIELD_TYPE,FIELD_LENGTH,INPUT_ALPHABET,INPUT_MULTIBYTE,INPUT_NUMERIC,INPUT_SYMBOL,INPUT_UPPERCASE,RETRIEVAL_TABLE,FORMAT,DEFAULT_VALUE,MIN_VALUE,MAX_VALUE,CALENDAR_BUTTON,JUMP_BUTTON,OPEN_BUTTON,REF_TABLE_ID,REF_FIELD_NAME,SPECIAL_BUTTON) VALUES ('TBLID_BPROD_TST','RESERVE05','RESERVE05','RESERVE05','STRING',20,'N','Y','N','Y',63,-1,0,0,63,'N','N','N','STRING',20,'Y',0,'Y','Y','Y','NONE',NULL,NULL,NULL,NULL,'N','N',0,NULL,NULL,0);
INSERT INTO SM_FIELD_DEF (TABLE_ID,FIELD_NAME,JP_TITLE,US_TITLE,DB_TYPE,DB_LENGTH,IS_KEY,NOT_BLANK,IS_DUMMY,IS_SEARCH_ITEM,SORT_NO,TREE_LEVEL,SHEET_NO,PAGE_NO,PROPERTY_NO,IS_AUTO,IS_MANDATORY,SYSTEM_READONLY,FIELD_TYPE,FIELD_LENGTH,INPUT_ALPHABET,INPUT_MULTIBYTE,INPUT_NUMERIC,INPUT_SYMBOL,INPUT_UPPERCASE,RETRIEVAL_TABLE,FORMAT,DEFAULT_VALUE,MIN_VALUE,MAX_VALUE,CALENDAR_BUTTON,JUMP_BUTTON,OPEN_BUTTON,REF_TABLE_ID,REF_FIELD_NAME,SPECIAL_BUTTON) VALUES ('TBLID_BPROD_TST','RESERVE06','RESERVE06','RESERVE06','STRING',20,'N','Y','N','Y',64,-1,0,0,64,'N','N','N','STRING',20,'Y',0,'Y','Y','Y','NONE',NULL,NULL,NULL,NULL,'N','N',0,NULL,NULL,0);
INSERT INTO SM_FIELD_DEF (TABLE_ID,FIELD_NAME,JP_TITLE,US_TITLE,DB_TYPE,DB_LENGTH,IS_KEY,NOT_BLANK,IS_DUMMY,IS_SEARCH_ITEM,SORT_NO,TREE_LEVEL,SHEET_NO,PAGE_NO,PROPERTY_NO,IS_AUTO,IS_MANDATORY,SYSTEM_READONLY,FIELD_TYPE,FIELD_LENGTH,INPUT_ALPHABET,INPUT_MULTIBYTE,INPUT_NUMERIC,INPUT_SYMBOL,INPUT_UPPERCASE,RETRIEVAL_TABLE,FORMAT,DEFAULT_VALUE,MIN_VALUE,MAX_VALUE,CALENDAR_BUTTON,JUMP_BUTTON,OPEN_BUTTON,REF_TABLE_ID,REF_FIELD_NAME,SPECIAL_BUTTON) VALUES ('TBLID_BPROD_TST','RESERVE07','RESERVE07','RESERVE07','STRING',20,'N','Y','N','Y',65,-1,0,0,65,'N','N','N','STRING',20,'Y',0,'Y','Y','Y','NONE',NULL,NULL,NULL,NULL,'N','N',0,NULL,NULL,0);
INSERT INTO SM_FIELD_DEF (TABLE_ID,FIELD_NAME,JP_TITLE,US_TITLE,DB_TYPE,DB_LENGTH,IS_KEY,NOT_BLANK,IS_DUMMY,IS_SEARCH_ITEM,SORT_NO,TREE_LEVEL,SHEET_NO,PAGE_NO,PROPERTY_NO,IS_AUTO,IS_MANDATORY,SYSTEM_READONLY,FIELD_TYPE,FIELD_LENGTH,INPUT_ALPHABET,INPUT_MULTIBYTE,INPUT_NUMERIC,INPUT_SYMBOL,INPUT_UPPERCASE,RETRIEVAL_TABLE,FORMAT,DEFAULT_VALUE,MIN_VALUE,MAX_VALUE,CALENDAR_BUTTON,JUMP_BUTTON,OPEN_BUTTON,REF_TABLE_ID,REF_FIELD_NAME,SPECIAL_BUTTON) VALUES ('TBLID_BPROD_TST','RESERVE08','RESERVE08','RESERVE08','STRING',20,'N','Y','N','Y',66,-1,0,0,66,'N','N','N','STRING',20,'Y',0,'Y','Y','Y','NONE',NULL,NULL,NULL,NULL,'N','N',0,NULL,NULL,0);
INSERT INTO SM_FIELD_DEF (TABLE_ID,FIELD_NAME,JP_TITLE,US_TITLE,DB_TYPE,DB_LENGTH,IS_KEY,NOT_BLANK,IS_DUMMY,IS_SEARCH_ITEM,SORT_NO,TREE_LEVEL,SHEET_NO,PAGE_NO,PROPERTY_NO,IS_AUTO,IS_MANDATORY,SYSTEM_READONLY,FIELD_TYPE,FIELD_LENGTH,INPUT_ALPHABET,INPUT_MULTIBYTE,INPUT_NUMERIC,INPUT_SYMBOL,INPUT_UPPERCASE,RETRIEVAL_TABLE,FORMAT,DEFAULT_VALUE,MIN_VALUE,MAX_VALUE,CALENDAR_BUTTON,JUMP_BUTTON,OPEN_BUTTON,REF_TABLE_ID,REF_FIELD_NAME,SPECIAL_BUTTON) VALUES ('TBLID_BPROD_TST','RESERVE09','RESERVE09','RESERVE09','STRING',20,'N','Y','N','Y',67,-1,0,0,67,'N','N','N','STRING',20,'Y',0,'Y','Y','Y','NONE',NULL,NULL,NULL,NULL,'N','N',0,NULL,NULL,0);
INSERT INTO SM_FIELD_DEF (TABLE_ID,FIELD_NAME,JP_TITLE,US_TITLE,DB_TYPE,DB_LENGTH,IS_KEY,NOT_BLANK,IS_DUMMY,IS_SEARCH_ITEM,SORT_NO,TREE_LEVEL,SHEET_NO,PAGE_NO,PROPERTY_NO,IS_AUTO,IS_MANDATORY,SYSTEM_READONLY,FIELD_TYPE,FIELD_LENGTH,INPUT_ALPHABET,INPUT_MULTIBYTE,INPUT_NUMERIC,INPUT_SYMBOL,INPUT_UPPERCASE,RETRIEVAL_TABLE,FORMAT,DEFAULT_VALUE,MIN_VALUE,MAX_VALUE,CALENDAR_BUTTON,JUMP_BUTTON,OPEN_BUTTON,REF_TABLE_ID,REF_FIELD_NAME,SPECIAL_BUTTON) VALUES ('TBLID_BPROD_TST','RESERVE10','RESERVE10','RESERVE10','STRING',20,'N','Y','N','Y',68,-1,0,0,68,'N','N','N','STRING',20,'Y',0,'Y','Y','Y','NONE',NULL,NULL,NULL,NULL,'N','N',0,NULL,NULL,0);
INSERT INTO SM_FIELD_DEF (TABLE_ID,FIELD_NAME,JP_TITLE,US_TITLE,DB_TYPE,DB_LENGTH,IS_KEY,NOT_BLANK,IS_DUMMY,IS_SEARCH_ITEM,SORT_NO,TREE_LEVEL,SHEET_NO,PAGE_NO,PROPERTY_NO,IS_AUTO,IS_MANDATORY,SYSTEM_READONLY,FIELD_TYPE,FIELD_LENGTH,INPUT_ALPHABET,INPUT_MULTIBYTE,INPUT_NUMERIC,INPUT_SYMBOL,INPUT_UPPERCASE,RETRIEVAL_TABLE,FORMAT,DEFAULT_VALUE,MIN_VALUE,MAX_VALUE,CALENDAR_BUTTON,JUMP_BUTTON,OPEN_BUTTON,REF_TABLE_ID,REF_FIELD_NAME,SPECIAL_BUTTON) VALUES ('TBLID_BPROD_TST','RESERVE11','RESERVE11','RESERVE11','STRING',20,'N','Y','N','Y',69,-1,0,0,69,'N','N','N','STRING',20,'Y',0,'Y','Y','Y','NONE',NULL,NULL,NULL,NULL,'N','N',0,NULL,NULL,0);
INSERT INTO SM_FIELD_DEF (TABLE_ID,FIELD_NAME,JP_TITLE,US_TITLE,DB_TYPE,DB_LENGTH,IS_KEY,NOT_BLANK,IS_DUMMY,IS_SEARCH_ITEM,SORT_NO,TREE_LEVEL,SHEET_NO,PAGE_NO,PROPERTY_NO,IS_AUTO,IS_MANDATORY,SYSTEM_READONLY,FIELD_TYPE,FIELD_LENGTH,INPUT_ALPHABET,INPUT_MULTIBYTE,INPUT_NUMERIC,INPUT_SYMBOL,INPUT_UPPERCASE,RETRIEVAL_TABLE,FORMAT,DEFAULT_VALUE,MIN_VALUE,MAX_VALUE,CALENDAR_BUTTON,JUMP_BUTTON,OPEN_BUTTON,REF_TABLE_ID,REF_FIELD_NAME,SPECIAL_BUTTON) VALUES ('TBLID_BPROD_TST','RESERVE12','RESERVE12','RESERVE12','STRING',20,'N','Y','N','Y',70,-1,0,0,70,'N','N','N','STRING',20,'Y',0,'Y','Y','Y','NONE',NULL,NULL,NULL,NULL,'N','N',0,NULL,NULL,0);
INSERT INTO SM_FIELD_DEF (TABLE_ID,FIELD_NAME,JP_TITLE,US_TITLE,DB_TYPE,DB_LENGTH,IS_KEY,NOT_BLANK,IS_DUMMY,IS_SEARCH_ITEM,SORT_NO,TREE_LEVEL,SHEET_NO,PAGE_NO,PROPERTY_NO,IS_AUTO,IS_MANDATORY,SYSTEM_READONLY,FIELD_TYPE,FIELD_LENGTH,INPUT_ALPHABET,INPUT_MULTIBYTE,INPUT_NUMERIC,INPUT_SYMBOL,INPUT_UPPERCASE,RETRIEVAL_TABLE,FORMAT,DEFAULT_VALUE,MIN_VALUE,MAX_VALUE,CALENDAR_BUTTON,JUMP_BUTTON,OPEN_BUTTON,REF_TABLE_ID,REF_FIELD_NAME,SPECIAL_BUTTON) VALUES ('TBLID_BPROD_TST','RESERVE13','RESERVE13','RESERVE13','STRING',20,'N','Y','N','Y',71,-1,0,0,71,'N','N','N','STRING',20,'Y',0,'Y','Y','Y','NONE',NULL,NULL,NULL,NULL,'N','N',0,NULL,NULL,0);
INSERT INTO SM_FIELD_DEF (TABLE_ID,FIELD_NAME,JP_TITLE,US_TITLE,DB_TYPE,DB_LENGTH,IS_KEY,NOT_BLANK,IS_DUMMY,IS_SEARCH_ITEM,SORT_NO,TREE_LEVEL,SHEET_NO,PAGE_NO,PROPERTY_NO,IS_AUTO,IS_MANDATORY,SYSTEM_READONLY,FIELD_TYPE,FIELD_LENGTH,INPUT_ALPHABET,INPUT_MULTIBYTE,INPUT_NUMERIC,INPUT_SYMBOL,INPUT_UPPERCASE,RETRIEVAL_TABLE,FORMAT,DEFAULT_VALUE,MIN_VALUE,MAX_VALUE,CALENDAR_BUTTON,JUMP_BUTTON,OPEN_BUTTON,REF_TABLE_ID,REF_FIELD_NAME,SPECIAL_BUTTON) VALUES ('TBLID_BPROD_TST','RESERVE14','RESERVE14','RESERVE14','STRING',20,'N','Y','N','Y',72,-1,0,0,72,'N','N','N','STRING',20,'Y',0,'Y','Y','Y','NONE',NULL,NULL,NULL,NULL,'N','N',0,NULL,NULL,0);
INSERT INTO SM_FIELD_DEF (TABLE_ID,FIELD_NAME,JP_TITLE,US_TITLE,DB_TYPE,DB_LENGTH,IS_KEY,NOT_BLANK,IS_DUMMY,IS_SEARCH_ITEM,SORT_NO,TREE_LEVEL,SHEET_NO,PAGE_NO,PROPERTY_NO,IS_AUTO,IS_MANDATORY,SYSTEM_READONLY,FIELD_TYPE,FIELD_LENGTH,INPUT_ALPHABET,INPUT_MULTIBYTE,INPUT_NUMERIC,INPUT_SYMBOL,INPUT_UPPERCASE,RETRIEVAL_TABLE,FORMAT,DEFAULT_VALUE,MIN_VALUE,MAX_VALUE,CALENDAR_BUTTON,JUMP_BUTTON,OPEN_BUTTON,REF_TABLE_ID,REF_FIELD_NAME,SPECIAL_BUTTON) VALUES ('TBLID_BPROD_TST','RESERVE15','RESERVE15','RESERVE15','STRING',20,'N','Y','N','Y',73,-1,0,0,73,'N','N','N','STRING',20,'Y',0,'Y','Y','Y','NONE',NULL,NULL,NULL,NULL,'N','N',0,NULL,NULL,0);
INSERT INTO SM_FIELD_DEF (TABLE_ID,FIELD_NAME,JP_TITLE,US_TITLE,DB_TYPE,DB_LENGTH,IS_KEY,NOT_BLANK,IS_DUMMY,IS_SEARCH_ITEM,SORT_NO,TREE_LEVEL,SHEET_NO,PAGE_NO,PROPERTY_NO,IS_AUTO,IS_MANDATORY,SYSTEM_READONLY,FIELD_TYPE,FIELD_LENGTH,INPUT_ALPHABET,INPUT_MULTIBYTE,INPUT_NUMERIC,INPUT_SYMBOL,INPUT_UPPERCASE,RETRIEVAL_TABLE,FORMAT,DEFAULT_VALUE,MIN_VALUE,MAX_VALUE,CALENDAR_BUTTON,JUMP_BUTTON,OPEN_BUTTON,REF_TABLE_ID,REF_FIELD_NAME,SPECIAL_BUTTON) VALUES ('TBLID_BPROD_TST','RESERVE16','RESERVE16','RESERVE16','STRING',20,'N','Y','N','Y',74,-1,0,0,74,'N','N','N','STRING',20,'Y',0,'Y','Y','Y','NONE',NULL,NULL,NULL,NULL,'N','N',0,NULL,NULL,0);
INSERT INTO SM_FIELD_DEF (TABLE_ID,FIELD_NAME,JP_TITLE,US_TITLE,DB_TYPE,DB_LENGTH,IS_KEY,NOT_BLANK,IS_DUMMY,IS_SEARCH_ITEM,SORT_NO,TREE_LEVEL,SHEET_NO,PAGE_NO,PROPERTY_NO,IS_AUTO,IS_MANDATORY,SYSTEM_READONLY,FIELD_TYPE,FIELD_LENGTH,INPUT_ALPHABET,INPUT_MULTIBYTE,INPUT_NUMERIC,INPUT_SYMBOL,INPUT_UPPERCASE,RETRIEVAL_TABLE,FORMAT,DEFAULT_VALUE,MIN_VALUE,MAX_VALUE,CALENDAR_BUTTON,JUMP_BUTTON,OPEN_BUTTON,REF_TABLE_ID,REF_FIELD_NAME,SPECIAL_BUTTON) VALUES ('TBLID_BPROD_TST','RESERVE17','RESERVE17','RESERVE17','STRING',20,'N','Y','N','Y',75,-1,0,0,75,'N','N','N','STRING',20,'Y',0,'Y','Y','Y','NONE',NULL,NULL,NULL,NULL,'N','N',0,NULL,NULL,0);
INSERT INTO SM_FIELD_DEF (TABLE_ID,FIELD_NAME,JP_TITLE,US_TITLE,DB_TYPE,DB_LENGTH,IS_KEY,NOT_BLANK,IS_DUMMY,IS_SEARCH_ITEM,SORT_NO,TREE_LEVEL,SHEET_NO,PAGE_NO,PROPERTY_NO,IS_AUTO,IS_MANDATORY,SYSTEM_READONLY,FIELD_TYPE,FIELD_LENGTH,INPUT_ALPHABET,INPUT_MULTIBYTE,INPUT_NUMERIC,INPUT_SYMBOL,INPUT_UPPERCASE,RETRIEVAL_TABLE,FORMAT,DEFAULT_VALUE,MIN_VALUE,MAX_VALUE,CALENDAR_BUTTON,JUMP_BUTTON,OPEN_BUTTON,REF_TABLE_ID,REF_FIELD_NAME,SPECIAL_BUTTON) VALUES ('TBLID_BPROD_TST','RESERVE18','RESERVE18','RESERVE18','STRING',20,'N','Y','N','Y',76,-1,0,0,76,'N','N','N','STRING',20,'Y',0,'Y','Y','Y','NONE',NULL,NULL,NULL,NULL,'N','N',0,NULL,NULL,0);
INSERT INTO SM_FIELD_DEF (TABLE_ID,FIELD_NAME,JP_TITLE,US_TITLE,DB_TYPE,DB_LENGTH,IS_KEY,NOT_BLANK,IS_DUMMY,IS_SEARCH_ITEM,SORT_NO,TREE_LEVEL,SHEET_NO,PAGE_NO,PROPERTY_NO,IS_AUTO,IS_MANDATORY,SYSTEM_READONLY,FIELD_TYPE,FIELD_LENGTH,INPUT_ALPHABET,INPUT_MULTIBYTE,INPUT_NUMERIC,INPUT_SYMBOL,INPUT_UPPERCASE,RETRIEVAL_TABLE,FORMAT,DEFAULT_VALUE,MIN_VALUE,MAX_VALUE,CALENDAR_BUTTON,JUMP_BUTTON,OPEN_BUTTON,REF_TABLE_ID,REF_FIELD_NAME,SPECIAL_BUTTON) VALUES ('TBLID_BPROD_TST','RESERVE19','RESERVE19','RESERVE19','STRING',20,'N','Y','N','Y',77,-1,0,0,77,'N','N','N','STRING',20,'Y',0,'Y','Y','Y','NONE',NULL,NULL,NULL,NULL,'N','N',0,NULL,NULL,0);
INSERT INTO SM_FIELD_DEF (TABLE_ID,FIELD_NAME,JP_TITLE,US_TITLE,DB_TYPE,DB_LENGTH,IS_KEY,NOT_BLANK,IS_DUMMY,IS_SEARCH_ITEM,SORT_NO,TREE_LEVEL,SHEET_NO,PAGE_NO,PROPERTY_NO,IS_AUTO,IS_MANDATORY,SYSTEM_READONLY,FIELD_TYPE,FIELD_LENGTH,INPUT_ALPHABET,INPUT_MULTIBYTE,INPUT_NUMERIC,INPUT_SYMBOL,INPUT_UPPERCASE,RETRIEVAL_TABLE,FORMAT,DEFAULT_VALUE,MIN_VALUE,MAX_VALUE,CALENDAR_BUTTON,JUMP_BUTTON,OPEN_BUTTON,REF_TABLE_ID,REF_FIELD_NAME,SPECIAL_BUTTON) VALUES ('TBLID_BPROD_TST','RESERVE20','RESERVE20','RESERVE20','STRING',20,'N','Y','N','Y',78,-1,0,0,78,'N','N','N','STRING',20,'Y',0,'Y','Y','Y','NONE',NULL,NULL,NULL,NULL,'N','N',0,NULL,NULL,0);
INSERT INTO SM_FIELD_DEF (TABLE_ID,FIELD_NAME,JP_TITLE,US_TITLE,DB_TYPE,DB_LENGTH,IS_KEY,NOT_BLANK,IS_DUMMY,IS_SEARCH_ITEM,SORT_NO,TREE_LEVEL,SHEET_NO,PAGE_NO,PROPERTY_NO,IS_AUTO,IS_MANDATORY,SYSTEM_READONLY,FIELD_TYPE,FIELD_LENGTH,INPUT_ALPHABET,INPUT_MULTIBYTE,INPUT_NUMERIC,INPUT_SYMBOL,INPUT_UPPERCASE,RETRIEVAL_TABLE,FORMAT,DEFAULT_VALUE,MIN_VALUE,MAX_VALUE,CALENDAR_BUTTON,JUMP_BUTTON,OPEN_BUTTON,REF_TABLE_ID,REF_FIELD_NAME,SPECIAL_BUTTON) VALUES ('TBLID_BPROD_TST','RESERVE21','RESERVE21','RESERVE21','STRING',20,'N','Y','N','Y',79,-1,0,0,79,'N','N','N','STRING',20,'Y',0,'Y','Y','Y','NONE',NULL,NULL,NULL,NULL,'N','N',0,NULL,NULL,0);
INSERT INTO SM_FIELD_DEF (TABLE_ID,FIELD_NAME,JP_TITLE,US_TITLE,DB_TYPE,DB_LENGTH,IS_KEY,NOT_BLANK,IS_DUMMY,IS_SEARCH_ITEM,SORT_NO,TREE_LEVEL,SHEET_NO,PAGE_NO,PROPERTY_NO,IS_AUTO,IS_MANDATORY,SYSTEM_READONLY,FIELD_TYPE,FIELD_LENGTH,INPUT_ALPHABET,INPUT_MULTIBYTE,INPUT_NUMERIC,INPUT_SYMBOL,INPUT_UPPERCASE,RETRIEVAL_TABLE,FORMAT,DEFAULT_VALUE,MIN_VALUE,MAX_VALUE,CALENDAR_BUTTON,JUMP_BUTTON,OPEN_BUTTON,REF_TABLE_ID,REF_FIELD_NAME,SPECIAL_BUTTON) VALUES ('TBLID_BPROD_TST','RESERVE22','RESERVE22','RESERVE22','STRING',20,'N','Y','N','Y',80,-1,0,0,80,'N','N','N','STRING',20,'Y',0,'Y','Y','Y','NONE',NULL,NULL,NULL,NULL,'N','N',0,NULL,NULL,0);
INSERT INTO SM_FIELD_DEF (TABLE_ID,FIELD_NAME,JP_TITLE,US_TITLE,DB_TYPE,DB_LENGTH,IS_KEY,NOT_BLANK,IS_DUMMY,IS_SEARCH_ITEM,SORT_NO,TREE_LEVEL,SHEET_NO,PAGE_NO,PROPERTY_NO,IS_AUTO,IS_MANDATORY,SYSTEM_READONLY,FIELD_TYPE,FIELD_LENGTH,INPUT_ALPHABET,INPUT_MULTIBYTE,INPUT_NUMERIC,INPUT_SYMBOL,INPUT_UPPERCASE,RETRIEVAL_TABLE,FORMAT,DEFAULT_VALUE,MIN_VALUE,MAX_VALUE,CALENDAR_BUTTON,JUMP_BUTTON,OPEN_BUTTON,REF_TABLE_ID,REF_FIELD_NAME,SPECIAL_BUTTON) VALUES ('TBLID_BPROD_TST','RESERVE23','RESERVE23','RESERVE23','STRING',20,'N','Y','N','Y',81,-1,0,0,81,'N','N','N','STRING',20,'Y',0,'Y','Y','Y','NONE',NULL,NULL,NULL,NULL,'N','N',0,NULL,NULL,0);
INSERT INTO SM_FIELD_DEF (TABLE_ID,FIELD_NAME,JP_TITLE,US_TITLE,DB_TYPE,DB_LENGTH,IS_KEY,NOT_BLANK,IS_DUMMY,IS_SEARCH_ITEM,SORT_NO,TREE_LEVEL,SHEET_NO,PAGE_NO,PROPERTY_NO,IS_AUTO,IS_MANDATORY,SYSTEM_READONLY,FIELD_TYPE,FIELD_LENGTH,INPUT_ALPHABET,INPUT_MULTIBYTE,INPUT_NUMERIC,INPUT_SYMBOL,INPUT_UPPERCASE,RETRIEVAL_TABLE,FORMAT,DEFAULT_VALUE,MIN_VALUE,MAX_VALUE,CALENDAR_BUTTON,JUMP_BUTTON,OPEN_BUTTON,REF_TABLE_ID,REF_FIELD_NAME,SPECIAL_BUTTON) VALUES ('TBLID_BPROD_TST','RESERVE24','RESERVE24','RESERVE24','STRING',20,'N','Y','N','Y',82,-1,0,0,82,'N','N','N','STRING',20,'Y',0,'Y','Y','Y','NONE',NULL,NULL,NULL,NULL,'N','N',0,NULL,NULL,0);
INSERT INTO SM_FIELD_DEF (TABLE_ID,FIELD_NAME,JP_TITLE,US_TITLE,DB_TYPE,DB_LENGTH,IS_KEY,NOT_BLANK,IS_DUMMY,IS_SEARCH_ITEM,SORT_NO,TREE_LEVEL,SHEET_NO,PAGE_NO,PROPERTY_NO,IS_AUTO,IS_MANDATORY,SYSTEM_READONLY,FIELD_TYPE,FIELD_LENGTH,INPUT_ALPHABET,INPUT_MULTIBYTE,INPUT_NUMERIC,INPUT_SYMBOL,INPUT_UPPERCASE,RETRIEVAL_TABLE,FORMAT,DEFAULT_VALUE,MIN_VALUE,MAX_VALUE,CALENDAR_BUTTON,JUMP_BUTTON,OPEN_BUTTON,REF_TABLE_ID,REF_FIELD_NAME,SPECIAL_BUTTON) VALUES ('TBLID_BPROD_TST','RESERVE25','RESERVE25','RESERVE25','STRING',20,'N','Y','N','Y',83,-1,0,0,83,'N','N','N','STRING',20,'Y',0,'Y','Y','Y','NONE',NULL,NULL,NULL,NULL,'N','N',0,NULL,NULL,0);
INSERT INTO SM_FIELD_DEF (TABLE_ID,FIELD_NAME,JP_TITLE,US_TITLE,DB_TYPE,DB_LENGTH,IS_KEY,NOT_BLANK,IS_DUMMY,IS_SEARCH_ITEM,SORT_NO,TREE_LEVEL,SHEET_NO,PAGE_NO,PROPERTY_NO,IS_AUTO,IS_MANDATORY,SYSTEM_READONLY,FIELD_TYPE,FIELD_LENGTH,INPUT_ALPHABET,INPUT_MULTIBYTE,INPUT_NUMERIC,INPUT_SYMBOL,INPUT_UPPERCASE,RETRIEVAL_TABLE,FORMAT,DEFAULT_VALUE,MIN_VALUE,MAX_VALUE,CALENDAR_BUTTON,JUMP_BUTTON,OPEN_BUTTON,REF_TABLE_ID,REF_FIELD_NAME,SPECIAL_BUTTON) VALUES ('TBLID_BPROD_TST','RESERVE26','RESERVE26','RESERVE26','STRING',20,'N','Y','N','Y',84,-1,0,0,84,'N','N','N','STRING',20,'Y',0,'Y','Y','Y','NONE',NULL,NULL,NULL,NULL,'N','N',0,NULL,NULL,0);
INSERT INTO SM_FIELD_DEF (TABLE_ID,FIELD_NAME,JP_TITLE,US_TITLE,DB_TYPE,DB_LENGTH,IS_KEY,NOT_BLANK,IS_DUMMY,IS_SEARCH_ITEM,SORT_NO,TREE_LEVEL,SHEET_NO,PAGE_NO,PROPERTY_NO,IS_AUTO,IS_MANDATORY,SYSTEM_READONLY,FIELD_TYPE,FIELD_LENGTH,INPUT_ALPHABET,INPUT_MULTIBYTE,INPUT_NUMERIC,INPUT_SYMBOL,INPUT_UPPERCASE,RETRIEVAL_TABLE,FORMAT,DEFAULT_VALUE,MIN_VALUE,MAX_VALUE,CALENDAR_BUTTON,JUMP_BUTTON,OPEN_BUTTON,REF_TABLE_ID,REF_FIELD_NAME,SPECIAL_BUTTON) VALUES ('TBLID_BPROD_TST','RESERVE27','RESERVE27','RESERVE27','STRING',20,'N','Y','N','Y',85,-1,0,0,85,'N','N','N','STRING',20,'Y',0,'Y','Y','Y','NONE',NULL,NULL,NULL,NULL,'N','N',0,NULL,NULL,0);
INSERT INTO SM_FIELD_DEF (TABLE_ID,FIELD_NAME,JP_TITLE,US_TITLE,DB_TYPE,DB_LENGTH,IS_KEY,NOT_BLANK,IS_DUMMY,IS_SEARCH_ITEM,SORT_NO,TREE_LEVEL,SHEET_NO,PAGE_NO,PROPERTY_NO,IS_AUTO,IS_MANDATORY,SYSTEM_READONLY,FIELD_TYPE,FIELD_LENGTH,INPUT_ALPHABET,INPUT_MULTIBYTE,INPUT_NUMERIC,INPUT_SYMBOL,INPUT_UPPERCASE,RETRIEVAL_TABLE,FORMAT,DEFAULT_VALUE,MIN_VALUE,MAX_VALUE,CALENDAR_BUTTON,JUMP_BUTTON,OPEN_BUTTON,REF_TABLE_ID,REF_FIELD_NAME,SPECIAL_BUTTON) VALUES ('TBLID_BPROD_TST','RESERVE28','RESERVE28','RESERVE28','STRING',20,'N','Y','N','Y',86,-1,0,0,86,'N','N','N','STRING',20,'Y',0,'Y','Y','Y','NONE',NULL,NULL,NULL,NULL,'N','N',0,NULL,NULL,0);
INSERT INTO SM_FIELD_DEF (TABLE_ID,FIELD_NAME,JP_TITLE,US_TITLE,DB_TYPE,DB_LENGTH,IS_KEY,NOT_BLANK,IS_DUMMY,IS_SEARCH_ITEM,SORT_NO,TREE_LEVEL,SHEET_NO,PAGE_NO,PROPERTY_NO,IS_AUTO,IS_MANDATORY,SYSTEM_READONLY,FIELD_TYPE,FIELD_LENGTH,INPUT_ALPHABET,INPUT_MULTIBYTE,INPUT_NUMERIC,INPUT_SYMBOL,INPUT_UPPERCASE,RETRIEVAL_TABLE,FORMAT,DEFAULT_VALUE,MIN_VALUE,MAX_VALUE,CALENDAR_BUTTON,JUMP_BUTTON,OPEN_BUTTON,REF_TABLE_ID,REF_FIELD_NAME,SPECIAL_BUTTON) VALUES ('TBLID_BPROD_TST','RESERVE29','RESERVE29','RESERVE29','STRING',20,'N','Y','N','Y',87,-1,0,0,87,'N','N','N','STRING',20,'Y',0,'Y','Y','Y','NONE',NULL,NULL,NULL,NULL,'N','N',0,NULL,NULL,0);
INSERT INTO SM_FIELD_DEF (TABLE_ID,FIELD_NAME,JP_TITLE,US_TITLE,DB_TYPE,DB_LENGTH,IS_KEY,NOT_BLANK,IS_DUMMY,IS_SEARCH_ITEM,SORT_NO,TREE_LEVEL,SHEET_NO,PAGE_NO,PROPERTY_NO,IS_AUTO,IS_MANDATORY,SYSTEM_READONLY,FIELD_TYPE,FIELD_LENGTH,INPUT_ALPHABET,INPUT_MULTIBYTE,INPUT_NUMERIC,INPUT_SYMBOL,INPUT_UPPERCASE,RETRIEVAL_TABLE,FORMAT,DEFAULT_VALUE,MIN_VALUE,MAX_VALUE,CALENDAR_BUTTON,JUMP_BUTTON,OPEN_BUTTON,REF_TABLE_ID,REF_FIELD_NAME,SPECIAL_BUTTON) VALUES ('TBLID_BPROD_TST','RESERVE30','RESERVE30','RESERVE30','STRING',20,'N','Y','N','Y',88,-1,0,0,88,'N','N','N','STRING',20,'Y',0,'Y','Y','Y','NONE',NULL,NULL,NULL,NULL,'N','N',0,NULL,NULL,0);
INSERT INTO SM_FIELD_DEF (TABLE_ID,FIELD_NAME,JP_TITLE,US_TITLE,DB_TYPE,DB_LENGTH,IS_KEY,NOT_BLANK,IS_DUMMY,IS_SEARCH_ITEM,SORT_NO,TREE_LEVEL,SHEET_NO,PAGE_NO,PROPERTY_NO,IS_AUTO,IS_MANDATORY,SYSTEM_READONLY,FIELD_TYPE,FIELD_LENGTH,INPUT_ALPHABET,INPUT_MULTIBYTE,INPUT_NUMERIC,INPUT_SYMBOL,INPUT_UPPERCASE,RETRIEVAL_TABLE,FORMAT,DEFAULT_VALUE,MIN_VALUE,MAX_VALUE,CALENDAR_BUTTON,JUMP_BUTTON,OPEN_BUTTON,REF_TABLE_ID,REF_FIELD_NAME,SPECIAL_BUTTON) VALUES ('TBLID_BPROD_TST','RESERVE31','RESERVE31','RESERVE31','STRING',20,'N','Y','N','Y',89,-1,0,0,89,'N','N','N','STRING',20,'Y',0,'Y','Y','Y','NONE',NULL,NULL,NULL,NULL,'N','N',0,NULL,NULL,0);
INSERT INTO SM_FIELD_DEF (TABLE_ID,FIELD_NAME,JP_TITLE,US_TITLE,DB_TYPE,DB_LENGTH,IS_KEY,NOT_BLANK,IS_DUMMY,IS_SEARCH_ITEM,SORT_NO,TREE_LEVEL,SHEET_NO,PAGE_NO,PROPERTY_NO,IS_AUTO,IS_MANDATORY,SYSTEM_READONLY,FIELD_TYPE,FIELD_LENGTH,INPUT_ALPHABET,INPUT_MULTIBYTE,INPUT_NUMERIC,INPUT_SYMBOL,INPUT_UPPERCASE,RETRIEVAL_TABLE,FORMAT,DEFAULT_VALUE,MIN_VALUE,MAX_VALUE,CALENDAR_BUTTON,JUMP_BUTTON,OPEN_BUTTON,REF_TABLE_ID,REF_FIELD_NAME,SPECIAL_BUTTON) VALUES ('TBLID_BPROD_TST','RESERVE32','RESERVE32','RESERVE32','STRING',20,'N','Y','N','Y',90,-1,0,0,90,'N','N','N','STRING',20,'Y',0,'Y','Y','Y','NONE',NULL,NULL,NULL,NULL,'N','N',0,NULL,NULL,0);
INSERT INTO SM_FIELD_DEF (TABLE_ID,FIELD_NAME,JP_TITLE,US_TITLE,DB_TYPE,DB_LENGTH,IS_KEY,NOT_BLANK,IS_DUMMY,IS_SEARCH_ITEM,SORT_NO,TREE_LEVEL,SHEET_NO,PAGE_NO,PROPERTY_NO,IS_AUTO,IS_MANDATORY,SYSTEM_READONLY,FIELD_TYPE,FIELD_LENGTH,INPUT_ALPHABET,INPUT_MULTIBYTE,INPUT_NUMERIC,INPUT_SYMBOL,INPUT_UPPERCASE,RETRIEVAL_TABLE,FORMAT,DEFAULT_VALUE,MIN_VALUE,MAX_VALUE,CALENDAR_BUTTON,JUMP_BUTTON,OPEN_BUTTON,REF_TABLE_ID,REF_FIELD_NAME,SPECIAL_BUTTON) VALUES ('TBLID_BPROD_TST','RESERVE33','RESERVE33','RESERVE33','STRING',20,'N','Y','N','Y',91,-1,0,0,91,'N','N','N','STRING',20,'Y',0,'Y','Y','Y','NONE',NULL,NULL,NULL,NULL,'N','N',0,NULL,NULL,0);
INSERT INTO SM_FIELD_DEF (TABLE_ID,FIELD_NAME,JP_TITLE,US_TITLE,DB_TYPE,DB_LENGTH,IS_KEY,NOT_BLANK,IS_DUMMY,IS_SEARCH_ITEM,SORT_NO,TREE_LEVEL,SHEET_NO,PAGE_NO,PROPERTY_NO,IS_AUTO,IS_MANDATORY,SYSTEM_READONLY,FIELD_TYPE,FIELD_LENGTH,INPUT_ALPHABET,INPUT_MULTIBYTE,INPUT_NUMERIC,INPUT_SYMBOL,INPUT_UPPERCASE,RETRIEVAL_TABLE,FORMAT,DEFAULT_VALUE,MIN_VALUE,MAX_VALUE,CALENDAR_BUTTON,JUMP_BUTTON,OPEN_BUTTON,REF_TABLE_ID,REF_FIELD_NAME,SPECIAL_BUTTON) VALUES ('TBLID_BPROD_TST','RESERVE34','RESERVE34','RESERVE34','STRING',20,'N','Y','N','Y',92,-1,0,0,92,'N','N','N','STRING',20,'Y',0,'Y','Y','Y','NONE',NULL,NULL,NULL,NULL,'N','N',0,NULL,NULL,0);
INSERT INTO SM_FIELD_DEF (TABLE_ID,FIELD_NAME,JP_TITLE,US_TITLE,DB_TYPE,DB_LENGTH,IS_KEY,NOT_BLANK,IS_DUMMY,IS_SEARCH_ITEM,SORT_NO,TREE_LEVEL,SHEET_NO,PAGE_NO,PROPERTY_NO,IS_AUTO,IS_MANDATORY,SYSTEM_READONLY,FIELD_TYPE,FIELD_LENGTH,INPUT_ALPHABET,INPUT_MULTIBYTE,INPUT_NUMERIC,INPUT_SYMBOL,INPUT_UPPERCASE,RETRIEVAL_TABLE,FORMAT,DEFAULT_VALUE,MIN_VALUE,MAX_VALUE,CALENDAR_BUTTON,JUMP_BUTTON,OPEN_BUTTON,REF_TABLE_ID,REF_FIELD_NAME,SPECIAL_BUTTON) VALUES ('TBLID_BPROD_TST','RESERVE35','RESERVE35','RESERVE35','STRING',20,'N','Y','N','Y',93,-1,0,0,93,'N','N','N','STRING',20,'Y',0,'Y','Y','Y','NONE',NULL,NULL,NULL,NULL,'N','N',0,NULL,NULL,0);
INSERT INTO SM_FIELD_DEF (TABLE_ID,FIELD_NAME,JP_TITLE,US_TITLE,DB_TYPE,DB_LENGTH,IS_KEY,NOT_BLANK,IS_DUMMY,IS_SEARCH_ITEM,SORT_NO,TREE_LEVEL,SHEET_NO,PAGE_NO,PROPERTY_NO,IS_AUTO,IS_MANDATORY,SYSTEM_READONLY,FIELD_TYPE,FIELD_LENGTH,INPUT_ALPHABET,INPUT_MULTIBYTE,INPUT_NUMERIC,INPUT_SYMBOL,INPUT_UPPERCASE,RETRIEVAL_TABLE,FORMAT,DEFAULT_VALUE,MIN_VALUE,MAX_VALUE,CALENDAR_BUTTON,JUMP_BUTTON,OPEN_BUTTON,REF_TABLE_ID,REF_FIELD_NAME,SPECIAL_BUTTON) VALUES ('TBLID_BPROD_TST','RESERVE36','RESERVE36','RESERVE36','STRING',20,'N','Y','N','Y',94,-1,0,0,94,'N','N','N','STRING',20,'Y',0,'Y','Y','Y','NONE',NULL,NULL,NULL,NULL,'N','N',0,NULL,NULL,0);
INSERT INTO SM_FIELD_DEF (TABLE_ID,FIELD_NAME,JP_TITLE,US_TITLE,DB_TYPE,DB_LENGTH,IS_KEY,NOT_BLANK,IS_DUMMY,IS_SEARCH_ITEM,SORT_NO,TREE_LEVEL,SHEET_NO,PAGE_NO,PROPERTY_NO,IS_AUTO,IS_MANDATORY,SYSTEM_READONLY,FIELD_TYPE,FIELD_LENGTH,INPUT_ALPHABET,INPUT_MULTIBYTE,INPUT_NUMERIC,INPUT_SYMBOL,INPUT_UPPERCASE,RETRIEVAL_TABLE,FORMAT,DEFAULT_VALUE,MIN_VALUE,MAX_VALUE,CALENDAR_BUTTON,JUMP_BUTTON,OPEN_BUTTON,REF_TABLE_ID,REF_FIELD_NAME,SPECIAL_BUTTON) VALUES ('TBLID_BPROD_TST','RESERVE37','RESERVE37','RESERVE37','STRING',20,'N','Y','N','Y',95,-1,0,0,95,'N','N','N','STRING',20,'Y',0,'Y','Y','Y','NONE',NULL,NULL,NULL,NULL,'N','N',0,NULL,NULL,0);
INSERT INTO SM_FIELD_DEF (TABLE_ID,FIELD_NAME,JP_TITLE,US_TITLE,DB_TYPE,DB_LENGTH,IS_KEY,NOT_BLANK,IS_DUMMY,IS_SEARCH_ITEM,SORT_NO,TREE_LEVEL,SHEET_NO,PAGE_NO,PROPERTY_NO,IS_AUTO,IS_MANDATORY,SYSTEM_READONLY,FIELD_TYPE,FIELD_LENGTH,INPUT_ALPHABET,INPUT_MULTIBYTE,INPUT_NUMERIC,INPUT_SYMBOL,INPUT_UPPERCASE,RETRIEVAL_TABLE,FORMAT,DEFAULT_VALUE,MIN_VALUE,MAX_VALUE,CALENDAR_BUTTON,JUMP_BUTTON,OPEN_BUTTON,REF_TABLE_ID,REF_FIELD_NAME,SPECIAL_BUTTON) VALUES ('TBLID_BPROD_TST','RESERVE38','RESERVE38','RESERVE38','STRING',20,'N','Y','N','Y',96,-1,0,0,96,'N','N','N','STRING',20,'Y',0,'Y','Y','Y','NONE',NULL,NULL,NULL,NULL,'N','N',0,NULL,NULL,0);
INSERT INTO SM_FIELD_DEF (TABLE_ID,FIELD_NAME,JP_TITLE,US_TITLE,DB_TYPE,DB_LENGTH,IS_KEY,NOT_BLANK,IS_DUMMY,IS_SEARCH_ITEM,SORT_NO,TREE_LEVEL,SHEET_NO,PAGE_NO,PROPERTY_NO,IS_AUTO,IS_MANDATORY,SYSTEM_READONLY,FIELD_TYPE,FIELD_LENGTH,INPUT_ALPHABET,INPUT_MULTIBYTE,INPUT_NUMERIC,INPUT_SYMBOL,INPUT_UPPERCASE,RETRIEVAL_TABLE,FORMAT,DEFAULT_VALUE,MIN_VALUE,MAX_VALUE,CALENDAR_BUTTON,JUMP_BUTTON,OPEN_BUTTON,REF_TABLE_ID,REF_FIELD_NAME,SPECIAL_BUTTON) VALUES ('TBLID_BPROD_TST','RESERVE39','RESERVE39','RESERVE39','STRING',20,'N','Y','N','Y',97,-1,0,0,97,'N','N','N','STRING',20,'Y',0,'Y','Y','Y','NONE',NULL,NULL,NULL,NULL,'N','N',0,NULL,NULL,0);
INSERT INTO SM_FIELD_DEF (TABLE_ID,FIELD_NAME,JP_TITLE,US_TITLE,DB_TYPE,DB_LENGTH,IS_KEY,NOT_BLANK,IS_DUMMY,IS_SEARCH_ITEM,SORT_NO,TREE_LEVEL,SHEET_NO,PAGE_NO,PROPERTY_NO,IS_AUTO,IS_MANDATORY,SYSTEM_READONLY,FIELD_TYPE,FIELD_LENGTH,INPUT_ALPHABET,INPUT_MULTIBYTE,INPUT_NUMERIC,INPUT_SYMBOL,INPUT_UPPERCASE,RETRIEVAL_TABLE,FORMAT,DEFAULT_VALUE,MIN_VALUE,MAX_VALUE,CALENDAR_BUTTON,JUMP_BUTTON,OPEN_BUTTON,REF_TABLE_ID,REF_FIELD_NAME,SPECIAL_BUTTON) VALUES ('TBLID_BPROD_TST','RESERVE40','RESERVE40','RESERVE40','STRING',20,'N','Y','N','Y',98,-1,0,0,98,'N','N','N','STRING',20,'Y',0,'Y','Y','Y','NONE',NULL,NULL,NULL,NULL,'N','N',0,NULL,NULL,0);
INSERT INTO SM_FIELD_DEF (TABLE_ID,FIELD_NAME,JP_TITLE,US_TITLE,DB_TYPE,DB_LENGTH,IS_KEY,NOT_BLANK,IS_DUMMY,IS_SEARCH_ITEM,SORT_NO,TREE_LEVEL,SHEET_NO,PAGE_NO,PROPERTY_NO,IS_AUTO,IS_MANDATORY,SYSTEM_READONLY,FIELD_TYPE,FIELD_LENGTH,INPUT_ALPHABET,INPUT_MULTIBYTE,INPUT_NUMERIC,INPUT_SYMBOL,INPUT_UPPERCASE,RETRIEVAL_TABLE,FORMAT,DEFAULT_VALUE,MIN_VALUE,MAX_VALUE,CALENDAR_BUTTON,JUMP_BUTTON,OPEN_BUTTON,REF_TABLE_ID,REF_FIELD_NAME,SPECIAL_BUTTON) VALUES ('TBLID_BPROD_TST','RESERVE41','RESERVE41','RESERVE41','STRING',20,'N','Y','N','Y',99,-1,0,0,99,'N','N','N','STRING',20,'Y',0,'Y','Y','Y','NONE',NULL,NULL,NULL,NULL,'N','N',0,NULL,NULL,0);
INSERT INTO SM_FIELD_DEF (TABLE_ID,FIELD_NAME,JP_TITLE,US_TITLE,DB_TYPE,DB_LENGTH,IS_KEY,NOT_BLANK,IS_DUMMY,IS_SEARCH_ITEM,SORT_NO,TREE_LEVEL,SHEET_NO,PAGE_NO,PROPERTY_NO,IS_AUTO,IS_MANDATORY,SYSTEM_READONLY,FIELD_TYPE,FIELD_LENGTH,INPUT_ALPHABET,INPUT_MULTIBYTE,INPUT_NUMERIC,INPUT_SYMBOL,INPUT_UPPERCASE,RETRIEVAL_TABLE,FORMAT,DEFAULT_VALUE,MIN_VALUE,MAX_VALUE,CALENDAR_BUTTON,JUMP_BUTTON,OPEN_BUTTON,REF_TABLE_ID,REF_FIELD_NAME,SPECIAL_BUTTON) VALUES ('TBLID_BPROD_TST','RESERVE42','RESERVE42','RESERVE42','STRING',20,'N','Y','N','Y',100,-1,0,0,100,'N','N','N','STRING',20,'Y',0,'Y','Y','Y','NONE',NULL,NULL,NULL,NULL,'N','N',0,NULL,NULL,0);
INSERT INTO SM_FIELD_DEF (TABLE_ID,FIELD_NAME,JP_TITLE,US_TITLE,DB_TYPE,DB_LENGTH,IS_KEY,NOT_BLANK,IS_DUMMY,IS_SEARCH_ITEM,SORT_NO,TREE_LEVEL,SHEET_NO,PAGE_NO,PROPERTY_NO,IS_AUTO,IS_MANDATORY,SYSTEM_READONLY,FIELD_TYPE,FIELD_LENGTH,INPUT_ALPHABET,INPUT_MULTIBYTE,INPUT_NUMERIC,INPUT_SYMBOL,INPUT_UPPERCASE,RETRIEVAL_TABLE,FORMAT,DEFAULT_VALUE,MIN_VALUE,MAX_VALUE,CALENDAR_BUTTON,JUMP_BUTTON,OPEN_BUTTON,REF_TABLE_ID,REF_FIELD_NAME,SPECIAL_BUTTON) VALUES ('TBLID_BPROD_TST','RESERVE43','RESERVE43','RESERVE43','STRING',20,'N','Y','N','Y',101,-1,0,0,101,'N','N','N','STRING',20,'Y',0,'Y','Y','Y','NONE',NULL,NULL,NULL,NULL,'N','N',0,NULL,NULL,0);
INSERT INTO SM_FIELD_DEF (TABLE_ID,FIELD_NAME,JP_TITLE,US_TITLE,DB_TYPE,DB_LENGTH,IS_KEY,NOT_BLANK,IS_DUMMY,IS_SEARCH_ITEM,SORT_NO,TREE_LEVEL,SHEET_NO,PAGE_NO,PROPERTY_NO,IS_AUTO,IS_MANDATORY,SYSTEM_READONLY,FIELD_TYPE,FIELD_LENGTH,INPUT_ALPHABET,INPUT_MULTIBYTE,INPUT_NUMERIC,INPUT_SYMBOL,INPUT_UPPERCASE,RETRIEVAL_TABLE,FORMAT,DEFAULT_VALUE,MIN_VALUE,MAX_VALUE,CALENDAR_BUTTON,JUMP_BUTTON,OPEN_BUTTON,REF_TABLE_ID,REF_FIELD_NAME,SPECIAL_BUTTON) VALUES ('TBLID_BPROD_TST','RESERVE44','RESERVE44','RESERVE44','STRING',20,'N','Y','N','Y',102,-1,0,0,102,'N','N','N','STRING',20,'Y',0,'Y','Y','Y','NONE',NULL,NULL,NULL,NULL,'N','N',0,NULL,NULL,0);
INSERT INTO SM_FIELD_DEF (TABLE_ID,FIELD_NAME,JP_TITLE,US_TITLE,DB_TYPE,DB_LENGTH,IS_KEY,NOT_BLANK,IS_DUMMY,IS_SEARCH_ITEM,SORT_NO,TREE_LEVEL,SHEET_NO,PAGE_NO,PROPERTY_NO,IS_AUTO,IS_MANDATORY,SYSTEM_READONLY,FIELD_TYPE,FIELD_LENGTH,INPUT_ALPHABET,INPUT_MULTIBYTE,INPUT_NUMERIC,INPUT_SYMBOL,INPUT_UPPERCASE,RETRIEVAL_TABLE,FORMAT,DEFAULT_VALUE,MIN_VALUE,MAX_VALUE,CALENDAR_BUTTON,JUMP_BUTTON,OPEN_BUTTON,REF_TABLE_ID,REF_FIELD_NAME,SPECIAL_BUTTON) VALUES ('TBLID_BPROD_TST','RESERVE45','RESERVE45','RESERVE45','STRING',20,'N','Y','N','Y',103,-1,0,0,103,'N','N','N','STRING',20,'Y',0,'Y','Y','Y','NONE',NULL,NULL,NULL,NULL,'N','N',0,NULL,NULL,0);
INSERT INTO SM_FIELD_DEF (TABLE_ID,FIELD_NAME,JP_TITLE,US_TITLE,DB_TYPE,DB_LENGTH,IS_KEY,NOT_BLANK,IS_DUMMY,IS_SEARCH_ITEM,SORT_NO,TREE_LEVEL,SHEET_NO,PAGE_NO,PROPERTY_NO,IS_AUTO,IS_MANDATORY,SYSTEM_READONLY,FIELD_TYPE,FIELD_LENGTH,INPUT_ALPHABET,INPUT_MULTIBYTE,INPUT_NUMERIC,INPUT_SYMBOL,INPUT_UPPERCASE,RETRIEVAL_TABLE,FORMAT,DEFAULT_VALUE,MIN_VALUE,MAX_VALUE,CALENDAR_BUTTON,JUMP_BUTTON,OPEN_BUTTON,REF_TABLE_ID,REF_FIELD_NAME,SPECIAL_BUTTON) VALUES ('TBLID_BPROD_TST','RESERVE46','RESERVE46','RESERVE46','STRING',20,'N','Y','N','Y',104,-1,0,0,104,'N','N','N','STRING',20,'Y',0,'Y','Y','Y','NONE',NULL,NULL,NULL,NULL,'N','N',0,NULL,NULL,0);
INSERT INTO SM_FIELD_DEF (TABLE_ID,FIELD_NAME,JP_TITLE,US_TITLE,DB_TYPE,DB_LENGTH,IS_KEY,NOT_BLANK,IS_DUMMY,IS_SEARCH_ITEM,SORT_NO,TREE_LEVEL,SHEET_NO,PAGE_NO,PROPERTY_NO,IS_AUTO,IS_MANDATORY,SYSTEM_READONLY,FIELD_TYPE,FIELD_LENGTH,INPUT_ALPHABET,INPUT_MULTIBYTE,INPUT_NUMERIC,INPUT_SYMBOL,INPUT_UPPERCASE,RETRIEVAL_TABLE,FORMAT,DEFAULT_VALUE,MIN_VALUE,MAX_VALUE,CALENDAR_BUTTON,JUMP_BUTTON,OPEN_BUTTON,REF_TABLE_ID,REF_FIELD_NAME,SPECIAL_BUTTON) VALUES ('TBLID_BPROD_TST','RESERVE47','RESERVE47','RESERVE47','STRING',20,'N','Y','N','Y',105,-1,0,0,105,'N','N','N','STRING',20,'Y',0,'Y','Y','Y','NONE',NULL,NULL,NULL,NULL,'N','N',0,NULL,NULL,0);
INSERT INTO SM_FIELD_DEF (TABLE_ID,FIELD_NAME,JP_TITLE,US_TITLE,DB_TYPE,DB_LENGTH,IS_KEY,NOT_BLANK,IS_DUMMY,IS_SEARCH_ITEM,SORT_NO,TREE_LEVEL,SHEET_NO,PAGE_NO,PROPERTY_NO,IS_AUTO,IS_MANDATORY,SYSTEM_READONLY,FIELD_TYPE,FIELD_LENGTH,INPUT_ALPHABET,INPUT_MULTIBYTE,INPUT_NUMERIC,INPUT_SYMBOL,INPUT_UPPERCASE,RETRIEVAL_TABLE,FORMAT,DEFAULT_VALUE,MIN_VALUE,MAX_VALUE,CALENDAR_BUTTON,JUMP_BUTTON,OPEN_BUTTON,REF_TABLE_ID,REF_FIELD_NAME,SPECIAL_BUTTON) VALUES ('TBLID_BPROD_TST','RESERVE48','RESERVE48','RESERVE48','STRING',20,'N','Y','N','Y',106,-1,0,0,106,'N','N','N','STRING',20,'Y',0,'Y','Y','Y','NONE',NULL,NULL,NULL,NULL,'N','N',0,NULL,NULL,0);
INSERT INTO SM_FIELD_DEF (TABLE_ID,FIELD_NAME,JP_TITLE,US_TITLE,DB_TYPE,DB_LENGTH,IS_KEY,NOT_BLANK,IS_DUMMY,IS_SEARCH_ITEM,SORT_NO,TREE_LEVEL,SHEET_NO,PAGE_NO,PROPERTY_NO,IS_AUTO,IS_MANDATORY,SYSTEM_READONLY,FIELD_TYPE,FIELD_LENGTH,INPUT_ALPHABET,INPUT_MULTIBYTE,INPUT_NUMERIC,INPUT_SYMBOL,INPUT_UPPERCASE,RETRIEVAL_TABLE,FORMAT,DEFAULT_VALUE,MIN_VALUE,MAX_VALUE,CALENDAR_BUTTON,JUMP_BUTTON,OPEN_BUTTON,REF_TABLE_ID,REF_FIELD_NAME,SPECIAL_BUTTON) VALUES ('TBLID_BPROD_TST','RESERVE49','RESERVE49','RESERVE49','STRING',20,'N','Y','N','Y',107,-1,0,0,107,'N','N','N','STRING',20,'Y',0,'Y','Y','Y','NONE',NULL,NULL,NULL,NULL,'N','N',0,NULL,NULL,0);
INSERT INTO SM_FIELD_DEF (TABLE_ID,FIELD_NAME,JP_TITLE,US_TITLE,DB_TYPE,DB_LENGTH,IS_KEY,NOT_BLANK,IS_DUMMY,IS_SEARCH_ITEM,SORT_NO,TREE_LEVEL,SHEET_NO,PAGE_NO,PROPERTY_NO,IS_AUTO,IS_MANDATORY,SYSTEM_READONLY,FIELD_TYPE,FIELD_LENGTH,INPUT_ALPHABET,INPUT_MULTIBYTE,INPUT_NUMERIC,INPUT_SYMBOL,INPUT_UPPERCASE,RETRIEVAL_TABLE,FORMAT,DEFAULT_VALUE,MIN_VALUE,MAX_VALUE,CALENDAR_BUTTON,JUMP_BUTTON,OPEN_BUTTON,REF_TABLE_ID,REF_FIELD_NAME,SPECIAL_BUTTON) VALUES ('TBLID_BPROD_TST','RESERVE50','RESERVE50','RESERVE50','STRING',20,'N','Y','N','Y',108,-1,0,0,108,'N','N','N','STRING',20,'Y',0,'Y','Y','Y','NONE',NULL,NULL,NULL,NULL,'N','N',0,NULL,NULL,0);
INSERT INTO SM_FIELD_DEF (TABLE_ID,FIELD_NAME,JP_TITLE,US_TITLE,DB_TYPE,DB_LENGTH,IS_KEY,NOT_BLANK,IS_DUMMY,IS_SEARCH_ITEM,SORT_NO,TREE_LEVEL,SHEET_NO,PAGE_NO,PROPERTY_NO,IS_AUTO,IS_MANDATORY,SYSTEM_READONLY,FIELD_TYPE,FIELD_LENGTH,INPUT_ALPHABET,INPUT_MULTIBYTE,INPUT_NUMERIC,INPUT_SYMBOL,INPUT_UPPERCASE,RETRIEVAL_TABLE,FORMAT,DEFAULT_VALUE,MIN_VALUE,MAX_VALUE,CALENDAR_BUTTON,JUMP_BUTTON,OPEN_BUTTON,REF_TABLE_ID,REF_FIELD_NAME,SPECIAL_BUTTON) VALUES ('TBLID_BPROD_TST','PLANT_CAT','PLANT_CAT','PLANT_CAT','STRING',1,'N','Y','N','Y',109,-1,0,0,109,'N','N','N','STRING',1,'Y',0,'Y','Y','Y','NONE',NULL,NULL,NULL,NULL,'N','N',0,NULL,NULL,0);
INSERT INTO SM_FIELD_DEF (TABLE_ID,FIELD_NAME,JP_TITLE,US_TITLE,DB_TYPE,DB_LENGTH,IS_KEY,NOT_BLANK,IS_DUMMY,IS_SEARCH_ITEM,SORT_NO,TREE_LEVEL,SHEET_NO,PAGE_NO,PROPERTY_NO,IS_AUTO,IS_MANDATORY,SYSTEM_READONLY,FIELD_TYPE,FIELD_LENGTH,INPUT_ALPHABET,INPUT_MULTIBYTE,INPUT_NUMERIC,INPUT_SYMBOL,INPUT_UPPERCASE,RETRIEVAL_TABLE,FORMAT,DEFAULT_VALUE,MIN_VALUE,MAX_VALUE,CALENDAR_BUTTON,JUMP_BUTTON,OPEN_BUTTON,REF_TABLE_ID,REF_FIELD_NAME,SPECIAL_BUTTON) VALUES ('TBLID_BPROD_TST','WRK_PLATE_TYPE','WRK_PLATE_TYPE','WRK_PLATE_TYPE','STRING',2,'N','Y','N','Y',110,-1,0,0,110,'N','N','N','STRING',2,'Y',0,'Y','Y','Y','NONE',NULL,NULL,NULL,NULL,'N','N',0,NULL,NULL,0);
INSERT INTO SM_FIELD_DEF (TABLE_ID,FIELD_NAME,JP_TITLE,US_TITLE,DB_TYPE,DB_LENGTH,IS_KEY,NOT_BLANK,IS_DUMMY,IS_SEARCH_ITEM,SORT_NO,TREE_LEVEL,SHEET_NO,PAGE_NO,PROPERTY_NO,IS_AUTO,IS_MANDATORY,SYSTEM_READONLY,FIELD_TYPE,FIELD_LENGTH,INPUT_ALPHABET,INPUT_MULTIBYTE,INPUT_NUMERIC,INPUT_SYMBOL,INPUT_UPPERCASE,RETRIEVAL_TABLE,FORMAT,DEFAULT_VALUE,MIN_VALUE,MAX_VALUE,CALENDAR_BUTTON,JUMP_BUTTON,OPEN_BUTTON,REF_TABLE_ID,REF_FIELD_NAME,SPECIAL_BUTTON) VALUES ('TBLID_BPROD_TST','SMPL_FLG','SMPL_FLG','SMPL_FLG','STRING',1,'N','Y','N','Y',111,-1,0,0,111,'N','N','N','STRING',1,'Y',0,'Y','Y','Y','NONE',NULL,NULL,NULL,NULL,'N','N',0,NULL,NULL,0);
INSERT INTO SM_FIELD_DEF (TABLE_ID,FIELD_NAME,JP_TITLE,US_TITLE,DB_TYPE,DB_LENGTH,IS_KEY,NOT_BLANK,IS_DUMMY,IS_SEARCH_ITEM,SORT_NO,TREE_LEVEL,SHEET_NO,PAGE_NO,PROPERTY_NO,IS_AUTO,IS_MANDATORY,SYSTEM_READONLY,FIELD_TYPE,FIELD_LENGTH,INPUT_ALPHABET,INPUT_MULTIBYTE,INPUT_NUMERIC,INPUT_SYMBOL,INPUT_UPPERCASE,RETRIEVAL_TABLE,FORMAT,DEFAULT_VALUE,MIN_VALUE,MAX_VALUE,CALENDAR_BUTTON,JUMP_BUTTON,OPEN_BUTTON,REF_TABLE_ID,REF_FIELD_NAME,SPECIAL_BUTTON) VALUES ('TBLID_BPROD_TST','RESIST_PER_CAT','RESIST_PER_CAT','RESIST_PER_CAT','STRING',10,'N','Y','N','Y',112,-1,0,0,112,'N','N','N','STRING',10,'Y',0,'Y','Y','Y','NONE',NULL,NULL,NULL,NULL,'N','N',0,NULL,NULL,0);
INSERT INTO SM_FIELD_DEF (TABLE_ID,FIELD_NAME,JP_TITLE,US_TITLE,DB_TYPE,DB_LENGTH,IS_KEY,NOT_BLANK,IS_DUMMY,IS_SEARCH_ITEM,SORT_NO,TREE_LEVEL,SHEET_NO,PAGE_NO,PROPERTY_NO,IS_AUTO,IS_MANDATORY,SYSTEM_READONLY,FIELD_TYPE,FIELD_LENGTH,INPUT_ALPHABET,INPUT_MULTIBYTE,INPUT_NUMERIC,INPUT_SYMBOL,INPUT_UPPERCASE,RETRIEVAL_TABLE,FORMAT,DEFAULT_VALUE,MIN_VALUE,MAX_VALUE,CALENDAR_BUTTON,JUMP_BUTTON,OPEN_BUTTON,REF_TABLE_ID,REF_FIELD_NAME,SPECIAL_BUTTON) VALUES ('TBLID_BPROD_TST','DOPE_CAT_CZ','DOPE_CAT_CZ','DOPE_CAT_CZ','STRING',10,'N','Y','N','Y',113,-1,0,0,113,'N','N','N','STRING',10,'Y',0,'Y','Y','Y','NONE',NULL,NULL,NULL,NULL,'N','N',0,NULL,NULL,0);
INSERT INTO SM_FIELD_DEF (TABLE_ID,FIELD_NAME,JP_TITLE,US_TITLE,DB_TYPE,DB_LENGTH,IS_KEY,NOT_BLANK,IS_DUMMY,IS_SEARCH_ITEM,SORT_NO,TREE_LEVEL,SHEET_NO,PAGE_NO,PROPERTY_NO,IS_AUTO,IS_MANDATORY,SYSTEM_READONLY,FIELD_TYPE,FIELD_LENGTH,INPUT_ALPHABET,INPUT_MULTIBYTE,INPUT_NUMERIC,INPUT_SYMBOL,INPUT_UPPERCASE,RETRIEVAL_TABLE,FORMAT,DEFAULT_VALUE,MIN_VALUE,MAX_VALUE,CALENDAR_BUTTON,JUMP_BUTTON,OPEN_BUTTON,REF_TABLE_ID,REF_FIELD_NAME,SPECIAL_BUTTON) VALUES ('TBLID_BPROD_TST','DOPE_CAT_EP','DOPE_CAT_EP','DOPE_CAT_EP','STRING',10,'N','Y','N','Y',114,-1,0,0,114,'N','N','N','STRING',10,'Y',0,'Y','Y','Y','NONE',NULL,NULL,NULL,NULL,'N','N',0,NULL,NULL,0);
INSERT INTO SM_FIELD_DEF (TABLE_ID,FIELD_NAME,JP_TITLE,US_TITLE,DB_TYPE,DB_LENGTH,IS_KEY,NOT_BLANK,IS_DUMMY,IS_SEARCH_ITEM,SORT_NO,TREE_LEVEL,SHEET_NO,PAGE_NO,PROPERTY_NO,IS_AUTO,IS_MANDATORY,SYSTEM_READONLY,FIELD_TYPE,FIELD_LENGTH,INPUT_ALPHABET,INPUT_MULTIBYTE,INPUT_NUMERIC,INPUT_SYMBOL,INPUT_UPPERCASE,RETRIEVAL_TABLE,FORMAT,DEFAULT_VALUE,MIN_VALUE,MAX_VALUE,CALENDAR_BUTTON,JUMP_BUTTON,OPEN_BUTTON,REF_TABLE_ID,REF_FIELD_NAME,SPECIAL_BUTTON) VALUES ('TBLID_BPROD_TST','AXIS_CAT','AXIS_CAT','AXIS_CAT','STRING',10,'N','Y','N','Y',115,-1,0,0,115,'N','N','N','STRING',10,'Y',0,'Y','Y','Y','NONE',NULL,NULL,NULL,NULL,'N','N',0,NULL,NULL,0);
INSERT INTO SM_FIELD_DEF (TABLE_ID,FIELD_NAME,JP_TITLE,US_TITLE,DB_TYPE,DB_LENGTH,IS_KEY,NOT_BLANK,IS_DUMMY,IS_SEARCH_ITEM,SORT_NO,TREE_LEVEL,SHEET_NO,PAGE_NO,PROPERTY_NO,IS_AUTO,IS_MANDATORY,SYSTEM_READONLY,FIELD_TYPE,FIELD_LENGTH,INPUT_ALPHABET,INPUT_MULTIBYTE,INPUT_NUMERIC,INPUT_SYMBOL,INPUT_UPPERCASE,RETRIEVAL_TABLE,FORMAT,DEFAULT_VALUE,MIN_VALUE,MAX_VALUE,CALENDAR_BUTTON,JUMP_BUTTON,OPEN_BUTTON,REF_TABLE_ID,REF_FIELD_NAME,SPECIAL_BUTTON) VALUES ('TBLID_BPROD_TST','PW_STD_RESIST_H','PW_STD_RESIST_H','PW_STD_RESIST_H','DOUBLE',0,'N','Y','N','Y',116,-1,0,0,116,'N','N','N','STRING',0,'Y',0,'Y','Y','Y','NONE',NULL,NULL,NULL,NULL,'N','N',0,NULL,NULL,0);
INSERT INTO SM_FIELD_DEF (TABLE_ID,FIELD_NAME,JP_TITLE,US_TITLE,DB_TYPE,DB_LENGTH,IS_KEY,NOT_BLANK,IS_DUMMY,IS_SEARCH_ITEM,SORT_NO,TREE_LEVEL,SHEET_NO,PAGE_NO,PROPERTY_NO,IS_AUTO,IS_MANDATORY,SYSTEM_READONLY,FIELD_TYPE,FIELD_LENGTH,INPUT_ALPHABET,INPUT_MULTIBYTE,INPUT_NUMERIC,INPUT_SYMBOL,INPUT_UPPERCASE,RETRIEVAL_TABLE,FORMAT,DEFAULT_VALUE,MIN_VALUE,MAX_VALUE,CALENDAR_BUTTON,JUMP_BUTTON,OPEN_BUTTON,REF_TABLE_ID,REF_FIELD_NAME,SPECIAL_BUTTON) VALUES ('TBLID_BPROD_TST','PW_STD_RESIST_L','PW_STD_RESIST_L','PW_STD_RESIST_L','DOUBLE',0,'N','Y','N','Y',117,-1,0,0,117,'N','N','N','STRING',0,'Y',0,'Y','Y','Y','NONE',NULL,NULL,NULL,NULL,'N','N',0,NULL,NULL,0);
INSERT INTO SM_FIELD_DEF (TABLE_ID,FIELD_NAME,JP_TITLE,US_TITLE,DB_TYPE,DB_LENGTH,IS_KEY,NOT_BLANK,IS_DUMMY,IS_SEARCH_ITEM,SORT_NO,TREE_LEVEL,SHEET_NO,PAGE_NO,PROPERTY_NO,IS_AUTO,IS_MANDATORY,SYSTEM_READONLY,FIELD_TYPE,FIELD_LENGTH,INPUT_ALPHABET,INPUT_MULTIBYTE,INPUT_NUMERIC,INPUT_SYMBOL,INPUT_UPPERCASE,RETRIEVAL_TABLE,FORMAT,DEFAULT_VALUE,MIN_VALUE,MAX_VALUE,CALENDAR_BUTTON,JUMP_BUTTON,OPEN_BUTTON,REF_TABLE_ID,REF_FIELD_NAME,SPECIAL_BUTTON) VALUES ('TBLID_BPROD_TST','EP_STD_THIK_H','EP_STD_THIK_H','EP_STD_THIK_H','DOUBLE',0,'N','Y','N','Y',118,-1,0,0,118,'N','N','N','STRING',0,'Y',0,'Y','Y','Y','NONE',NULL,NULL,NULL,NULL,'N','N',0,NULL,NULL,0);
INSERT INTO SM_FIELD_DEF (TABLE_ID,FIELD_NAME,JP_TITLE,US_TITLE,DB_TYPE,DB_LENGTH,IS_KEY,NOT_BLANK,IS_DUMMY,IS_SEARCH_ITEM,SORT_NO,TREE_LEVEL,SHEET_NO,PAGE_NO,PROPERTY_NO,IS_AUTO,IS_MANDATORY,SYSTEM_READONLY,FIELD_TYPE,FIELD_LENGTH,INPUT_ALPHABET,INPUT_MULTIBYTE,INPUT_NUMERIC,INPUT_SYMBOL,INPUT_UPPERCASE,RETRIEVAL_TABLE,FORMAT,DEFAULT_VALUE,MIN_VALUE,MAX_VALUE,CALENDAR_BUTTON,JUMP_BUTTON,OPEN_BUTTON,REF_TABLE_ID,REF_FIELD_NAME,SPECIAL_BUTTON) VALUES ('TBLID_BPROD_TST','EP_STD_THIK_L','EP_STD_THIK_L','EP_STD_THIK_L','DOUBLE',0,'N','Y','N','Y',119,-1,0,0,119,'N','N','N','STRING',0,'Y',0,'Y','Y','Y','NONE',NULL,NULL,NULL,NULL,'N','N',0,NULL,NULL,0);
INSERT INTO SM_FIELD_DEF (TABLE_ID,FIELD_NAME,JP_TITLE,US_TITLE,DB_TYPE,DB_LENGTH,IS_KEY,NOT_BLANK,IS_DUMMY,IS_SEARCH_ITEM,SORT_NO,TREE_LEVEL,SHEET_NO,PAGE_NO,PROPERTY_NO,IS_AUTO,IS_MANDATORY,SYSTEM_READONLY,FIELD_TYPE,FIELD_LENGTH,INPUT_ALPHABET,INPUT_MULTIBYTE,INPUT_NUMERIC,INPUT_SYMBOL,INPUT_UPPERCASE,RETRIEVAL_TABLE,FORMAT,DEFAULT_VALUE,MIN_VALUE,MAX_VALUE,CALENDAR_BUTTON,JUMP_BUTTON,OPEN_BUTTON,REF_TABLE_ID,REF_FIELD_NAME,SPECIAL_BUTTON) VALUES ('TBLID_BPROD_TST','EP_STD_RESIST_H','EP_STD_RESIST_H','EP_STD_RESIST_H','DOUBLE',0,'N','Y','N','Y',120,-1,0,0,120,'N','N','N','STRING',0,'Y',0,'Y','Y','Y','NONE',NULL,NULL,NULL,NULL,'N','N',0,NULL,NULL,0);
INSERT INTO SM_FIELD_DEF (TABLE_ID,FIELD_NAME,JP_TITLE,US_TITLE,DB_TYPE,DB_LENGTH,IS_KEY,NOT_BLANK,IS_DUMMY,IS_SEARCH_ITEM,SORT_NO,TREE_LEVEL,SHEET_NO,PAGE_NO,PROPERTY_NO,IS_AUTO,IS_MANDATORY,SYSTEM_READONLY,FIELD_TYPE,FIELD_LENGTH,INPUT_ALPHABET,INPUT_MULTIBYTE,INPUT_NUMERIC,INPUT_SYMBOL,INPUT_UPPERCASE,RETRIEVAL_TABLE,FORMAT,DEFAULT_VALUE,MIN_VALUE,MAX_VALUE,CALENDAR_BUTTON,JUMP_BUTTON,OPEN_BUTTON,REF_TABLE_ID,REF_FIELD_NAME,SPECIAL_BUTTON) VALUES ('TBLID_BPROD_TST','EP_STD_RESIST_L','EP_STD_RESIST_L','EP_STD_RESIST_L','DOUBLE',0,'N','Y','N','Y',121,-1,0,0,121,'N','N','N','STRING',0,'Y',0,'Y','Y','Y','NONE',NULL,NULL,NULL,NULL,'N','N',0,NULL,NULL,0);
INSERT INTO SM_FIELD_DEF (TABLE_ID,FIELD_NAME,JP_TITLE,US_TITLE,DB_TYPE,DB_LENGTH,IS_KEY,NOT_BLANK,IS_DUMMY,IS_SEARCH_ITEM,SORT_NO,TREE_LEVEL,SHEET_NO,PAGE_NO,PROPERTY_NO,IS_AUTO,IS_MANDATORY,SYSTEM_READONLY,FIELD_TYPE,FIELD_LENGTH,INPUT_ALPHABET,INPUT_MULTIBYTE,INPUT_NUMERIC,INPUT_SYMBOL,INPUT_UPPERCASE,RETRIEVAL_TABLE,FORMAT,DEFAULT_VALUE,MIN_VALUE,MAX_VALUE,CALENDAR_BUTTON,JUMP_BUTTON,OPEN_BUTTON,REF_TABLE_ID,REF_FIELD_NAME,SPECIAL_BUTTON) VALUES ('TBLID_BPROD_TST','MIX_CAT','MIX_CAT','MIX_CAT','STRING',1,'N','Y','N','Y',122,-1,0,0,122,'N','N','N','STRING',1,'Y',0,'Y','Y','Y','NONE',NULL,NULL,NULL,NULL,'N','N',0,NULL,NULL,0);
INSERT INTO SM_FIELD_DEF (TABLE_ID,FIELD_NAME,JP_TITLE,US_TITLE,DB_TYPE,DB_LENGTH,IS_KEY,NOT_BLANK,IS_DUMMY,IS_SEARCH_ITEM,SORT_NO,TREE_LEVEL,SHEET_NO,PAGE_NO,PROPERTY_NO,IS_AUTO,IS_MANDATORY,SYSTEM_READONLY,FIELD_TYPE,FIELD_LENGTH,INPUT_ALPHABET,INPUT_MULTIBYTE,INPUT_NUMERIC,INPUT_SYMBOL,INPUT_UPPERCASE,RETRIEVAL_TABLE,FORMAT,DEFAULT_VALUE,MIN_VALUE,MAX_VALUE,CALENDAR_BUTTON,JUMP_BUTTON,OPEN_BUTTON,REF_TABLE_ID,REF_FIELD_NAME,SPECIAL_BUTTON) VALUES ('TBLID_BPROD_TST','SHIP_LOT_ID_NUM_CAT','SHIP_LOT_ID_NUM_CAT','SHIP_LOT_ID_NUM_CAT','STRING',1,'N','Y','N','Y',123,-1,0,0,123,'N','N','N','STRING',1,'Y',0,'Y','Y','Y','NONE',NULL,NULL,NULL,NULL,'N','N',0,NULL,NULL,0);
INSERT INTO SM_FIELD_DEF (TABLE_ID,FIELD_NAME,JP_TITLE,US_TITLE,DB_TYPE,DB_LENGTH,IS_KEY,NOT_BLANK,IS_DUMMY,IS_SEARCH_ITEM,SORT_NO,TREE_LEVEL,SHEET_NO,PAGE_NO,PROPERTY_NO,IS_AUTO,IS_MANDATORY,SYSTEM_READONLY,FIELD_TYPE,FIELD_LENGTH,INPUT_ALPHABET,INPUT_MULTIBYTE,INPUT_NUMERIC,INPUT_SYMBOL,INPUT_UPPERCASE,RETRIEVAL_TABLE,FORMAT,DEFAULT_VALUE,MIN_VALUE,MAX_VALUE,CALENDAR_BUTTON,JUMP_BUTTON,OPEN_BUTTON,REF_TABLE_ID,REF_FIELD_NAME,SPECIAL_BUTTON) VALUES ('TBLID_BPROD_TST','SHIP_LABEL_PROD_NO','SHIP_LABEL_PROD_NO','SHIP_LABEL_PROD_NO','STRING',30,'N','Y','N','Y',124,-1,0,0,124,'N','N','N','STRING',30,'Y',0,'Y','Y','Y','NONE',NULL,NULL,NULL,NULL,'N','N',0,NULL,NULL,0);
INSERT INTO SM_FIELD_DEF (TABLE_ID,FIELD_NAME,JP_TITLE,US_TITLE,DB_TYPE,DB_LENGTH,IS_KEY,NOT_BLANK,IS_DUMMY,IS_SEARCH_ITEM,SORT_NO,TREE_LEVEL,SHEET_NO,PAGE_NO,PROPERTY_NO,IS_AUTO,IS_MANDATORY,SYSTEM_READONLY,FIELD_TYPE,FIELD_LENGTH,INPUT_ALPHABET,INPUT_MULTIBYTE,INPUT_NUMERIC,INPUT_SYMBOL,INPUT_UPPERCASE,RETRIEVAL_TABLE,FORMAT,DEFAULT_VALUE,MIN_VALUE,MAX_VALUE,CALENDAR_BUTTON,JUMP_BUTTON,OPEN_BUTTON,REF_TABLE_ID,REF_FIELD_NAME,SPECIAL_BUTTON) VALUES ('TBLID_BPROD_TST','SHIP_LABEL_PART_NO','SHIP_LABEL_PART_NO','SHIP_LABEL_PART_NO','STRING',30,'N','Y','N','Y',125,-1,0,0,125,'N','N','N','STRING',30,'Y',0,'Y','Y','Y','NONE',NULL,NULL,NULL,NULL,'N','N',0,NULL,NULL,0);
INSERT INTO SM_FIELD_DEF (TABLE_ID,FIELD_NAME,JP_TITLE,US_TITLE,DB_TYPE,DB_LENGTH,IS_KEY,NOT_BLANK,IS_DUMMY,IS_SEARCH_ITEM,SORT_NO,TREE_LEVEL,SHEET_NO,PAGE_NO,PROPERTY_NO,IS_AUTO,IS_MANDATORY,SYSTEM_READONLY,FIELD_TYPE,FIELD_LENGTH,INPUT_ALPHABET,INPUT_MULTIBYTE,INPUT_NUMERIC,INPUT_SYMBOL,INPUT_UPPERCASE,RETRIEVAL_TABLE,FORMAT,DEFAULT_VALUE,MIN_VALUE,MAX_VALUE,CALENDAR_BUTTON,JUMP_BUTTON,OPEN_BUTTON,REF_TABLE_ID,REF_FIELD_NAME,SPECIAL_BUTTON) VALUES ('TBLID_BPROD_TST','SHIP_LABEL_EC_NO','SHIP_LABEL_EC_NO','SHIP_LABEL_EC_NO','STRING',30,'N','Y','N','Y',126,-1,0,0,126,'N','N','N','STRING',30,'Y',0,'Y','Y','Y','NONE',NULL,NULL,NULL,NULL,'N','N',0,NULL,NULL,0);
INSERT INTO SM_FIELD_DEF (TABLE_ID,FIELD_NAME,JP_TITLE,US_TITLE,DB_TYPE,DB_LENGTH,IS_KEY,NOT_BLANK,IS_DUMMY,IS_SEARCH_ITEM,SORT_NO,TREE_LEVEL,SHEET_NO,PAGE_NO,PROPERTY_NO,IS_AUTO,IS_MANDATORY,SYSTEM_READONLY,FIELD_TYPE,FIELD_LENGTH,INPUT_ALPHABET,INPUT_MULTIBYTE,INPUT_NUMERIC,INPUT_SYMBOL,INPUT_UPPERCASE,RETRIEVAL_TABLE,FORMAT,DEFAULT_VALUE,MIN_VALUE,MAX_VALUE,CALENDAR_BUTTON,JUMP_BUTTON,OPEN_BUTTON,REF_TABLE_ID,REF_FIELD_NAME,SPECIAL_BUTTON) VALUES ('TBLID_BPROD_TST','SHIP_LABEL_PROD_ID','SHIP_LABEL_PROD_ID','SHIP_LABEL_PROD_ID','STRING',30,'N','Y','N','Y',127,-1,0,0,127,'N','N','N','STRING',30,'Y',0,'Y','Y','Y','NONE',NULL,NULL,NULL,NULL,'N','N',0,NULL,NULL,0);
INSERT INTO SM_FIELD_DEF (TABLE_ID,FIELD_NAME,JP_TITLE,US_TITLE,DB_TYPE,DB_LENGTH,IS_KEY,NOT_BLANK,IS_DUMMY,IS_SEARCH_ITEM,SORT_NO,TREE_LEVEL,SHEET_NO,PAGE_NO,PROPERTY_NO,IS_AUTO,IS_MANDATORY,SYSTEM_READONLY,FIELD_TYPE,FIELD_LENGTH,INPUT_ALPHABET,INPUT_MULTIBYTE,INPUT_NUMERIC,INPUT_SYMBOL,INPUT_UPPERCASE,RETRIEVAL_TABLE,FORMAT,DEFAULT_VALUE,MIN_VALUE,MAX_VALUE,CALENDAR_BUTTON,JUMP_BUTTON,OPEN_BUTTON,REF_TABLE_ID,REF_FIELD_NAME,SPECIAL_BUTTON) VALUES ('TBLID_BPROD_TST','SHIP_LABEL_CUSTOMER','SHIP_LABEL_CUSTOMER','SHIP_LABEL_CUSTOMER','STRING',40,'N','Y','N','Y',128,-1,0,0,128,'N','N','N','STRING',40,'Y',0,'Y','Y','Y','NONE',NULL,NULL,NULL,NULL,'N','N',0,NULL,NULL,0);
INSERT INTO SM_FIELD_DEF (TABLE_ID,FIELD_NAME,JP_TITLE,US_TITLE,DB_TYPE,DB_LENGTH,IS_KEY,NOT_BLANK,IS_DUMMY,IS_SEARCH_ITEM,SORT_NO,TREE_LEVEL,SHEET_NO,PAGE_NO,PROPERTY_NO,IS_AUTO,IS_MANDATORY,SYSTEM_READONLY,FIELD_TYPE,FIELD_LENGTH,INPUT_ALPHABET,INPUT_MULTIBYTE,INPUT_NUMERIC,INPUT_SYMBOL,INPUT_UPPERCASE,RETRIEVAL_TABLE,FORMAT,DEFAULT_VALUE,MIN_VALUE,MAX_VALUE,CALENDAR_BUTTON,JUMP_BUTTON,OPEN_BUTTON,REF_TABLE_ID,REF_FIELD_NAME,SPECIAL_BUTTON) VALUES ('TBLID_BPROD_TST','STD_DIAMETER_C','STD_DIAMETER_C','STD_DIAMETER_C','STRING',10,'N','Y','N','Y',129,-1,0,0,129,'N','N','N','STRING',10,'Y',0,'Y','Y','Y','NONE',NULL,NULL,NULL,NULL,'N','N',0,NULL,NULL,0);
INSERT INTO SM_FIELD_DEF (TABLE_ID,FIELD_NAME,JP_TITLE,US_TITLE,DB_TYPE,DB_LENGTH,IS_KEY,NOT_BLANK,IS_DUMMY,IS_SEARCH_ITEM,SORT_NO,TREE_LEVEL,SHEET_NO,PAGE_NO,PROPERTY_NO,IS_AUTO,IS_MANDATORY,SYSTEM_READONLY,FIELD_TYPE,FIELD_LENGTH,INPUT_ALPHABET,INPUT_MULTIBYTE,INPUT_NUMERIC,INPUT_SYMBOL,INPUT_UPPERCASE,RETRIEVAL_TABLE,FORMAT,DEFAULT_VALUE,MIN_VALUE,MAX_VALUE,CALENDAR_BUTTON,JUMP_BUTTON,OPEN_BUTTON,REF_TABLE_ID,REF_FIELD_NAME,SPECIAL_BUTTON) VALUES ('TBLID_BPROD_TST','STD_DIAMETER_H','STD_DIAMETER_H','STD_DIAMETER_H','DOUBLE',0,'N','Y','N','Y',130,-1,0,0,130,'N','N','N','STRING',0,'Y',0,'Y','Y','Y','NONE',NULL,NULL,NULL,NULL,'N','N',0,NULL,NULL,0);
INSERT INTO SM_FIELD_DEF (TABLE_ID,FIELD_NAME,JP_TITLE,US_TITLE,DB_TYPE,DB_LENGTH,IS_KEY,NOT_BLANK,IS_DUMMY,IS_SEARCH_ITEM,SORT_NO,TREE_LEVEL,SHEET_NO,PAGE_NO,PROPERTY_NO,IS_AUTO,IS_MANDATORY,SYSTEM_READONLY,FIELD_TYPE,FIELD_LENGTH,INPUT_ALPHABET,INPUT_MULTIBYTE,INPUT_NUMERIC,INPUT_SYMBOL,INPUT_UPPERCASE,RETRIEVAL_TABLE,FORMAT,DEFAULT_VALUE,MIN_VALUE,MAX_VALUE,CALENDAR_BUTTON,JUMP_BUTTON,OPEN_BUTTON,REF_TABLE_ID,REF_FIELD_NAME,SPECIAL_BUTTON) VALUES ('TBLID_BPROD_TST','STD_DIAMETER_L','STD_DIAMETER_L','STD_DIAMETER_L','DOUBLE',0,'N','Y','N','Y',131,-1,0,0,131,'N','N','N','STRING',0,'Y',0,'Y','Y','Y','NONE',NULL,NULL,NULL,NULL,'N','N',0,NULL,NULL,0);
INSERT INTO SM_FIELD_DEF (TABLE_ID,FIELD_NAME,JP_TITLE,US_TITLE,DB_TYPE,DB_LENGTH,IS_KEY,NOT_BLANK,IS_DUMMY,IS_SEARCH_ITEM,SORT_NO,TREE_LEVEL,SHEET_NO,PAGE_NO,PROPERTY_NO,IS_AUTO,IS_MANDATORY,SYSTEM_READONLY,FIELD_TYPE,FIELD_LENGTH,INPUT_ALPHABET,INPUT_MULTIBYTE,INPUT_NUMERIC,INPUT_SYMBOL,INPUT_UPPERCASE,RETRIEVAL_TABLE,FORMAT,DEFAULT_VALUE,MIN_VALUE,MAX_VALUE,CALENDAR_BUTTON,JUMP_BUTTON,OPEN_BUTTON,REF_TABLE_ID,REF_FIELD_NAME,SPECIAL_BUTTON) VALUES ('TBLID_BPROD_TST','STD_THIK_C','STD_THIK_C','STD_THIK_C','STRING',10,'N','Y','N','Y',132,-1,0,0,132,'N','N','N','STRING',10,'Y',0,'Y','Y','Y','NONE',NULL,NULL,NULL,NULL,'N','N',0,NULL,NULL,0);
INSERT INTO SM_FIELD_DEF (TABLE_ID,FIELD_NAME,JP_TITLE,US_TITLE,DB_TYPE,DB_LENGTH,IS_KEY,NOT_BLANK,IS_DUMMY,IS_SEARCH_ITEM,SORT_NO,TREE_LEVEL,SHEET_NO,PAGE_NO,PROPERTY_NO,IS_AUTO,IS_MANDATORY,SYSTEM_READONLY,FIELD_TYPE,FIELD_LENGTH,INPUT_ALPHABET,INPUT_MULTIBYTE,INPUT_NUMERIC,INPUT_SYMBOL,INPUT_UPPERCASE,RETRIEVAL_TABLE,FORMAT,DEFAULT_VALUE,MIN_VALUE,MAX_VALUE,CALENDAR_BUTTON,JUMP_BUTTON,OPEN_BUTTON,REF_TABLE_ID,REF_FIELD_NAME,SPECIAL_BUTTON) VALUES ('TBLID_BPROD_TST','STD_THIK_H','STD_THIK_H','STD_THIK_H','DOUBLE',0,'N','Y','N','Y',133,-1,0,0,133,'N','N','N','STRING',0,'Y',0,'Y','Y','Y','NONE',NULL,NULL,NULL,NULL,'N','N',0,NULL,NULL,0);
INSERT INTO SM_FIELD_DEF (TABLE_ID,FIELD_NAME,JP_TITLE,US_TITLE,DB_TYPE,DB_LENGTH,IS_KEY,NOT_BLANK,IS_DUMMY,IS_SEARCH_ITEM,SORT_NO,TREE_LEVEL,SHEET_NO,PAGE_NO,PROPERTY_NO,IS_AUTO,IS_MANDATORY,SYSTEM_READONLY,FIELD_TYPE,FIELD_LENGTH,INPUT_ALPHABET,INPUT_MULTIBYTE,INPUT_NUMERIC,INPUT_SYMBOL,INPUT_UPPERCASE,RETRIEVAL_TABLE,FORMAT,DEFAULT_VALUE,MIN_VALUE,MAX_VALUE,CALENDAR_BUTTON,JUMP_BUTTON,OPEN_BUTTON,REF_TABLE_ID,REF_FIELD_NAME,SPECIAL_BUTTON) VALUES ('TBLID_BPROD_TST','STD_THIK_L','STD_THIK_L','STD_THIK_L','DOUBLE',0,'N','Y','N','Y',134,-1,0,0,134,'N','N','N','STRING',0,'Y',0,'Y','Y','Y','NONE',NULL,NULL,NULL,NULL,'N','N',0,NULL,NULL,0);
INSERT INTO SM_FIELD_DEF (TABLE_ID,FIELD_NAME,JP_TITLE,US_TITLE,DB_TYPE,DB_LENGTH,IS_KEY,NOT_BLANK,IS_DUMMY,IS_SEARCH_ITEM,SORT_NO,TREE_LEVEL,SHEET_NO,PAGE_NO,PROPERTY_NO,IS_AUTO,IS_MANDATORY,SYSTEM_READONLY,FIELD_TYPE,FIELD_LENGTH,INPUT_ALPHABET,INPUT_MULTIBYTE,INPUT_NUMERIC,INPUT_SYMBOL,INPUT_UPPERCASE,RETRIEVAL_TABLE,FORMAT,DEFAULT_VALUE,MIN_VALUE,MAX_VALUE,CALENDAR_BUTTON,JUMP_BUTTON,OPEN_BUTTON,REF_TABLE_ID,REF_FIELD_NAME,SPECIAL_BUTTON) VALUES ('TBLID_BPROD_TST','WAFER_FINISH','WAFER_FINISH','WAFER_FINISH','STRING',10,'N','Y','N','Y',135,-1,0,0,135,'N','N','N','STRING',10,'Y',0,'Y','Y','Y','NONE',NULL,NULL,NULL,NULL,'N','N',0,NULL,NULL,0);
INSERT INTO SM_FIELD_DEF (TABLE_ID,FIELD_NAME,JP_TITLE,US_TITLE,DB_TYPE,DB_LENGTH,IS_KEY,NOT_BLANK,IS_DUMMY,IS_SEARCH_ITEM,SORT_NO,TREE_LEVEL,SHEET_NO,PAGE_NO,PROPERTY_NO,IS_AUTO,IS_MANDATORY,SYSTEM_READONLY,FIELD_TYPE,FIELD_LENGTH,INPUT_ALPHABET,INPUT_MULTIBYTE,INPUT_NUMERIC,INPUT_SYMBOL,INPUT_UPPERCASE,RETRIEVAL_TABLE,FORMAT,DEFAULT_VALUE,MIN_VALUE,MAX_VALUE,CALENDAR_BUTTON,JUMP_BUTTON,OPEN_BUTTON,REF_TABLE_ID,REF_FIELD_NAME,SPECIAL_BUTTON) VALUES ('TBLID_BPROD_TST','STD_EDGE_PIT','STD_EDGE_PIT','STD_EDGE_PIT','STRING',10,'N','Y','N','Y',136,-1,0,0,136,'N','N','N','STRING',10,'Y',0,'Y','Y','Y','NONE',NULL,NULL,NULL,NULL,'N','N',0,NULL,NULL,0);
INSERT INTO SM_FIELD_DEF (TABLE_ID,FIELD_NAME,JP_TITLE,US_TITLE,DB_TYPE,DB_LENGTH,IS_KEY,NOT_BLANK,IS_DUMMY,IS_SEARCH_ITEM,SORT_NO,TREE_LEVEL,SHEET_NO,PAGE_NO,PROPERTY_NO,IS_AUTO,IS_MANDATORY,SYSTEM_READONLY,FIELD_TYPE,FIELD_LENGTH,INPUT_ALPHABET,INPUT_MULTIBYTE,INPUT_NUMERIC,INPUT_SYMBOL,INPUT_UPPERCASE,RETRIEVAL_TABLE,FORMAT,DEFAULT_VALUE,MIN_VALUE,MAX_VALUE,CALENDAR_BUTTON,JUMP_BUTTON,OPEN_BUTTON,REF_TABLE_ID,REF_FIELD_NAME,SPECIAL_BUTTON) VALUES ('TBLID_BPROD_TST','STD_LIFE_TIME','STD_LIFE_TIME','STD_LIFE_TIME','STRING',10,'N','Y','N','Y',137,-1,0,0,137,'N','N','N','STRING',10,'Y',0,'Y','Y','Y','NONE',NULL,NULL,NULL,NULL,'N','N',0,NULL,NULL,0);
INSERT INTO SM_FIELD_DEF (TABLE_ID,FIELD_NAME,JP_TITLE,US_TITLE,DB_TYPE,DB_LENGTH,IS_KEY,NOT_BLANK,IS_DUMMY,IS_SEARCH_ITEM,SORT_NO,TREE_LEVEL,SHEET_NO,PAGE_NO,PROPERTY_NO,IS_AUTO,IS_MANDATORY,SYSTEM_READONLY,FIELD_TYPE,FIELD_LENGTH,INPUT_ALPHABET,INPUT_MULTIBYTE,INPUT_NUMERIC,INPUT_SYMBOL,INPUT_UPPERCASE,RETRIEVAL_TABLE,FORMAT,DEFAULT_VALUE,MIN_VALUE,MAX_VALUE,CALENDAR_BUTTON,JUMP_BUTTON,OPEN_BUTTON,REF_TABLE_ID,REF_FIELD_NAME,SPECIAL_BUTTON) VALUES ('TBLID_BPROD_TST','AXIS_CAT_TOLERANCE','AXIS_CAT_TOLERANCE','AXIS_CAT_TOLERANCE','STRING',20,'N','Y','N','Y',138,-1,0,0,138,'N','N','N','STRING',20,'Y',0,'Y','Y','Y','NONE',NULL,NULL,NULL,NULL,'N','N',0,NULL,NULL,0);
INSERT INTO SM_FIELD_DEF (TABLE_ID,FIELD_NAME,JP_TITLE,US_TITLE,DB_TYPE,DB_LENGTH,IS_KEY,NOT_BLANK,IS_DUMMY,IS_SEARCH_ITEM,SORT_NO,TREE_LEVEL,SHEET_NO,PAGE_NO,PROPERTY_NO,IS_AUTO,IS_MANDATORY,SYSTEM_READONLY,FIELD_TYPE,FIELD_LENGTH,INPUT_ALPHABET,INPUT_MULTIBYTE,INPUT_NUMERIC,INPUT_SYMBOL,INPUT_UPPERCASE,RETRIEVAL_TABLE,FORMAT,DEFAULT_VALUE,MIN_VALUE,MAX_VALUE,CALENDAR_BUTTON,JUMP_BUTTON,OPEN_BUTTON,REF_TABLE_ID,REF_FIELD_NAME,SPECIAL_BUTTON) VALUES ('TBLID_BPROD_TST','SHIP_LABEL_REMARKS','SHIP_LABEL_REMARKS','SHIP_LABEL_REMARKS','STRING',30,'N','Y','N','Y',139,-1,0,0,139,'N','N','N','STRING',30,'Y',0,'Y','Y','Y','NONE',NULL,NULL,NULL,NULL,'N','N',0,NULL,NULL,0);
INSERT INTO SM_FIELD_DEF (TABLE_ID,FIELD_NAME,JP_TITLE,US_TITLE,DB_TYPE,DB_LENGTH,IS_KEY,NOT_BLANK,IS_DUMMY,IS_SEARCH_ITEM,SORT_NO,TREE_LEVEL,SHEET_NO,PAGE_NO,PROPERTY_NO,IS_AUTO,IS_MANDATORY,SYSTEM_READONLY,FIELD_TYPE,FIELD_LENGTH,INPUT_ALPHABET,INPUT_MULTIBYTE,INPUT_NUMERIC,INPUT_SYMBOL,INPUT_UPPERCASE,RETRIEVAL_TABLE,FORMAT,DEFAULT_VALUE,MIN_VALUE,MAX_VALUE,CALENDAR_BUTTON,JUMP_BUTTON,OPEN_BUTTON,REF_TABLE_ID,REF_FIELD_NAME,SPECIAL_BUTTON) VALUES ('TBLID_BPROD_TST','CUSTOMER_PROD_ID','CUSTOMER_PROD_ID','CUSTOMER_PROD_ID','STRING',10,'N','Y','N','Y',140,-1,0,0,140,'N','N','N','STRING',10,'Y',0,'Y','Y','Y','NONE',NULL,NULL,NULL,NULL,'N','N',0,NULL,NULL,0);
INSERT INTO SM_FIELD_DEF (TABLE_ID,FIELD_NAME,JP_TITLE,US_TITLE,DB_TYPE,DB_LENGTH,IS_KEY,NOT_BLANK,IS_DUMMY,IS_SEARCH_ITEM,SORT_NO,TREE_LEVEL,SHEET_NO,PAGE_NO,PROPERTY_NO,IS_AUTO,IS_MANDATORY,SYSTEM_READONLY,FIELD_TYPE,FIELD_LENGTH,INPUT_ALPHABET,INPUT_MULTIBYTE,INPUT_NUMERIC,INPUT_SYMBOL,INPUT_UPPERCASE,RETRIEVAL_TABLE,FORMAT,DEFAULT_VALUE,MIN_VALUE,MAX_VALUE,CALENDAR_BUTTON,JUMP_BUTTON,OPEN_BUTTON,REF_TABLE_ID,REF_FIELD_NAME,SPECIAL_BUTTON) VALUES ('TBLID_BPROD_TST','EP_TYPE','EP_TYPE','EP_TYPE','STRING',10,'N','Y','N','Y',141,-1,0,0,141,'N','N','N','STRING',10,'Y',0,'Y','Y','Y','NONE',NULL,NULL,NULL,NULL,'N','N',0,NULL,NULL,0);
INSERT INTO SM_FIELD_DEF (TABLE_ID,FIELD_NAME,JP_TITLE,US_TITLE,DB_TYPE,DB_LENGTH,IS_KEY,NOT_BLANK,IS_DUMMY,IS_SEARCH_ITEM,SORT_NO,TREE_LEVEL,SHEET_NO,PAGE_NO,PROPERTY_NO,IS_AUTO,IS_MANDATORY,SYSTEM_READONLY,FIELD_TYPE,FIELD_LENGTH,INPUT_ALPHABET,INPUT_MULTIBYTE,INPUT_NUMERIC,INPUT_SYMBOL,INPUT_UPPERCASE,RETRIEVAL_TABLE,FORMAT,DEFAULT_VALUE,MIN_VALUE,MAX_VALUE,CALENDAR_BUTTON,JUMP_BUTTON,OPEN_BUTTON,REF_TABLE_ID,REF_FIELD_NAME,SPECIAL_BUTTON) VALUES ('TBLID_BPROD_TST','EPSUB_TYPE','EPSUB_TYPE','EPSUB_TYPE','STRING',10,'N','Y','N','Y',142,-1,0,0,142,'N','N','N','STRING',10,'Y',0,'Y','Y','Y','NONE',NULL,NULL,NULL,NULL,'N','N',0,NULL,NULL,0);
INSERT INTO SM_FIELD_DEF (TABLE_ID,FIELD_NAME,JP_TITLE,US_TITLE,DB_TYPE,DB_LENGTH,IS_KEY,NOT_BLANK,IS_DUMMY,IS_SEARCH_ITEM,SORT_NO,TREE_LEVEL,SHEET_NO,PAGE_NO,PROPERTY_NO,IS_AUTO,IS_MANDATORY,SYSTEM_READONLY,FIELD_TYPE,FIELD_LENGTH,INPUT_ALPHABET,INPUT_MULTIBYTE,INPUT_NUMERIC,INPUT_SYMBOL,INPUT_UPPERCASE,RETRIEVAL_TABLE,FORMAT,DEFAULT_VALUE,MIN_VALUE,MAX_VALUE,CALENDAR_BUTTON,JUMP_BUTTON,OPEN_BUTTON,REF_TABLE_ID,REF_FIELD_NAME,SPECIAL_BUTTON) VALUES ('TBLID_BPROD_TST','EPSUB_STD_THIK_H','EPSUB_STD_THIK_H','EPSUB_STD_THIK_H','DOUBLE',0,'N','Y','N','Y',143,-1,0,0,143,'N','N','N','STRING',0,'Y',0,'Y','Y','Y','NONE',NULL,NULL,NULL,NULL,'N','N',0,NULL,NULL,0);
INSERT INTO SM_FIELD_DEF (TABLE_ID,FIELD_NAME,JP_TITLE,US_TITLE,DB_TYPE,DB_LENGTH,IS_KEY,NOT_BLANK,IS_DUMMY,IS_SEARCH_ITEM,SORT_NO,TREE_LEVEL,SHEET_NO,PAGE_NO,PROPERTY_NO,IS_AUTO,IS_MANDATORY,SYSTEM_READONLY,FIELD_TYPE,FIELD_LENGTH,INPUT_ALPHABET,INPUT_MULTIBYTE,INPUT_NUMERIC,INPUT_SYMBOL,INPUT_UPPERCASE,RETRIEVAL_TABLE,FORMAT,DEFAULT_VALUE,MIN_VALUE,MAX_VALUE,CALENDAR_BUTTON,JUMP_BUTTON,OPEN_BUTTON,REF_TABLE_ID,REF_FIELD_NAME,SPECIAL_BUTTON) VALUES ('TBLID_BPROD_TST','EPSUB_STD_THIK_L','EPSUB_STD_THIK_L','EPSUB_STD_THIK_L','DOUBLE',0,'N','Y','N','Y',144,-1,0,0,144,'N','N','N','STRING',0,'Y',0,'Y','Y','Y','NONE',NULL,NULL,NULL,NULL,'N','N',0,NULL,NULL,0);
INSERT INTO SM_FIELD_DEF (TABLE_ID,FIELD_NAME,JP_TITLE,US_TITLE,DB_TYPE,DB_LENGTH,IS_KEY,NOT_BLANK,IS_DUMMY,IS_SEARCH_ITEM,SORT_NO,TREE_LEVEL,SHEET_NO,PAGE_NO,PROPERTY_NO,IS_AUTO,IS_MANDATORY,SYSTEM_READONLY,FIELD_TYPE,FIELD_LENGTH,INPUT_ALPHABET,INPUT_MULTIBYTE,INPUT_NUMERIC,INPUT_SYMBOL,INPUT_UPPERCASE,RETRIEVAL_TABLE,FORMAT,DEFAULT_VALUE,MIN_VALUE,MAX_VALUE,CALENDAR_BUTTON,JUMP_BUTTON,OPEN_BUTTON,REF_TABLE_ID,REF_FIELD_NAME,SPECIAL_BUTTON) VALUES ('TBLID_BPROD_TST','EPSUB_STD_RESIST_H','EPSUB_STD_RESIST_H','EPSUB_STD_RESIST_H','DOUBLE',0,'N','Y','N','Y',145,-1,0,0,145,'N','N','N','STRING',0,'Y',0,'Y','Y','Y','NONE',NULL,NULL,NULL,NULL,'N','N',0,NULL,NULL,0);
INSERT INTO SM_FIELD_DEF (TABLE_ID,FIELD_NAME,JP_TITLE,US_TITLE,DB_TYPE,DB_LENGTH,IS_KEY,NOT_BLANK,IS_DUMMY,IS_SEARCH_ITEM,SORT_NO,TREE_LEVEL,SHEET_NO,PAGE_NO,PROPERTY_NO,IS_AUTO,IS_MANDATORY,SYSTEM_READONLY,FIELD_TYPE,FIELD_LENGTH,INPUT_ALPHABET,INPUT_MULTIBYTE,INPUT_NUMERIC,INPUT_SYMBOL,INPUT_UPPERCASE,RETRIEVAL_TABLE,FORMAT,DEFAULT_VALUE,MIN_VALUE,MAX_VALUE,CALENDAR_BUTTON,JUMP_BUTTON,OPEN_BUTTON,REF_TABLE_ID,REF_FIELD_NAME,SPECIAL_BUTTON) VALUES ('TBLID_BPROD_TST','EPSUB_STD_RESIST_L','EPSUB_STD_RESIST_L','EPSUB_STD_RESIST_L','DOUBLE',0,'N','Y','N','Y',146,-1,0,0,146,'N','N','N','STRING',0,'Y',0,'Y','Y','Y','NONE',NULL,NULL,NULL,NULL,'N','N',0,NULL,NULL,0);
INSERT INTO SM_FIELD_DEF (TABLE_ID,FIELD_NAME,JP_TITLE,US_TITLE,DB_TYPE,DB_LENGTH,IS_KEY,NOT_BLANK,IS_DUMMY,IS_SEARCH_ITEM,SORT_NO,TREE_LEVEL,SHEET_NO,PAGE_NO,PROPERTY_NO,IS_AUTO,IS_MANDATORY,SYSTEM_READONLY,FIELD_TYPE,FIELD_LENGTH,INPUT_ALPHABET,INPUT_MULTIBYTE,INPUT_NUMERIC,INPUT_SYMBOL,INPUT_UPPERCASE,RETRIEVAL_TABLE,FORMAT,DEFAULT_VALUE,MIN_VALUE,MAX_VALUE,CALENDAR_BUTTON,JUMP_BUTTON,OPEN_BUTTON,REF_TABLE_ID,REF_FIELD_NAME,SPECIAL_BUTTON) VALUES ('TBLID_BPROD_TST','SHIP_LABEL_METHOD','SHIP_LABEL_METHOD','SHIP_LABEL_METHOD','STRING',10,'N','Y','N','Y',147,-1,0,0,147,'N','N','N','STRING',10,'Y',0,'Y','Y','Y','NONE',NULL,NULL,NULL,NULL,'N','N',0,NULL,NULL,0);
INSERT INTO SM_FIELD_DEF (TABLE_ID,FIELD_NAME,JP_TITLE,US_TITLE,DB_TYPE,DB_LENGTH,IS_KEY,NOT_BLANK,IS_DUMMY,IS_SEARCH_ITEM,SORT_NO,TREE_LEVEL,SHEET_NO,PAGE_NO,PROPERTY_NO,IS_AUTO,IS_MANDATORY,SYSTEM_READONLY,FIELD_TYPE,FIELD_LENGTH,INPUT_ALPHABET,INPUT_MULTIBYTE,INPUT_NUMERIC,INPUT_SYMBOL,INPUT_UPPERCASE,RETRIEVAL_TABLE,FORMAT,DEFAULT_VALUE,MIN_VALUE,MAX_VALUE,CALENDAR_BUTTON,JUMP_BUTTON,OPEN_BUTTON,REF_TABLE_ID,REF_FIELD_NAME,SPECIAL_BUTTON) VALUES ('TBLID_BPROD_TST','IMPURITY_DENSITY','IMPURITY_DENSITY','IMPURITY_DENSITY','STRING',10,'N','Y','N','Y',148,-1,0,0,148,'N','N','N','STRING',10,'Y',0,'Y','Y','Y','NONE',NULL,NULL,NULL,NULL,'N','N',0,NULL,NULL,0);
INSERT INTO SM_FIELD_DEF (TABLE_ID,FIELD_NAME,JP_TITLE,US_TITLE,DB_TYPE,DB_LENGTH,IS_KEY,NOT_BLANK,IS_DUMMY,IS_SEARCH_ITEM,SORT_NO,TREE_LEVEL,SHEET_NO,PAGE_NO,PROPERTY_NO,IS_AUTO,IS_MANDATORY,SYSTEM_READONLY,FIELD_TYPE,FIELD_LENGTH,INPUT_ALPHABET,INPUT_MULTIBYTE,INPUT_NUMERIC,INPUT_SYMBOL,INPUT_UPPERCASE,RETRIEVAL_TABLE,FORMAT,DEFAULT_VALUE,MIN_VALUE,MAX_VALUE,CALENDAR_BUTTON,JUMP_BUTTON,OPEN_BUTTON,REF_TABLE_ID,REF_FIELD_NAME,SPECIAL_BUTTON) VALUES ('TBLID_BPROD_TST','SPC_CAT1','SPC_CAT1','SPC_CAT1','STRING',10,'N','Y','N','Y',149,-1,0,0,149,'N','N','N','STRING',10,'Y',0,'Y','Y','Y','NONE',NULL,NULL,NULL,NULL,'N','N',0,NULL,NULL,0);
INSERT INTO SM_FIELD_DEF (TABLE_ID,FIELD_NAME,JP_TITLE,US_TITLE,DB_TYPE,DB_LENGTH,IS_KEY,NOT_BLANK,IS_DUMMY,IS_SEARCH_ITEM,SORT_NO,TREE_LEVEL,SHEET_NO,PAGE_NO,PROPERTY_NO,IS_AUTO,IS_MANDATORY,SYSTEM_READONLY,FIELD_TYPE,FIELD_LENGTH,INPUT_ALPHABET,INPUT_MULTIBYTE,INPUT_NUMERIC,INPUT_SYMBOL,INPUT_UPPERCASE,RETRIEVAL_TABLE,FORMAT,DEFAULT_VALUE,MIN_VALUE,MAX_VALUE,CALENDAR_BUTTON,JUMP_BUTTON,OPEN_BUTTON,REF_TABLE_ID,REF_FIELD_NAME,SPECIAL_BUTTON) VALUES ('TBLID_BPROD_TST','SPC_CAT2','SPC_CAT2','SPC_CAT2','STRING',10,'N','Y','N','Y',150,-1,0,0,150,'N','N','N','STRING',10,'Y',0,'Y','Y','Y','NONE',NULL,NULL,NULL,NULL,'N','N',0,NULL,NULL,0);
INSERT INTO SM_FIELD_DEF (TABLE_ID,FIELD_NAME,JP_TITLE,US_TITLE,DB_TYPE,DB_LENGTH,IS_KEY,NOT_BLANK,IS_DUMMY,IS_SEARCH_ITEM,SORT_NO,TREE_LEVEL,SHEET_NO,PAGE_NO,PROPERTY_NO,IS_AUTO,IS_MANDATORY,SYSTEM_READONLY,FIELD_TYPE,FIELD_LENGTH,INPUT_ALPHABET,INPUT_MULTIBYTE,INPUT_NUMERIC,INPUT_SYMBOL,INPUT_UPPERCASE,RETRIEVAL_TABLE,FORMAT,DEFAULT_VALUE,MIN_VALUE,MAX_VALUE,CALENDAR_BUTTON,JUMP_BUTTON,OPEN_BUTTON,REF_TABLE_ID,REF_FIELD_NAME,SPECIAL_BUTTON) VALUES ('TBLID_BPROD_TST','SPC_CAT3','SPC_CAT3','SPC_CAT3','STRING',10,'N','Y','N','Y',151,-1,0,0,151,'N','N','N','STRING',10,'Y',0,'Y','Y','Y','NONE',NULL,NULL,NULL,NULL,'N','N',0,NULL,NULL,0);
INSERT INTO SM_FIELD_DEF (TABLE_ID,FIELD_NAME,JP_TITLE,US_TITLE,DB_TYPE,DB_LENGTH,IS_KEY,NOT_BLANK,IS_DUMMY,IS_SEARCH_ITEM,SORT_NO,TREE_LEVEL,SHEET_NO,PAGE_NO,PROPERTY_NO,IS_AUTO,IS_MANDATORY,SYSTEM_READONLY,FIELD_TYPE,FIELD_LENGTH,INPUT_ALPHABET,INPUT_MULTIBYTE,INPUT_NUMERIC,INPUT_SYMBOL,INPUT_UPPERCASE,RETRIEVAL_TABLE,FORMAT,DEFAULT_VALUE,MIN_VALUE,MAX_VALUE,CALENDAR_BUTTON,JUMP_BUTTON,OPEN_BUTTON,REF_TABLE_ID,REF_FIELD_NAME,SPECIAL_BUTTON) VALUES ('TBLID_BPROD_TST','SPC_CAT4','SPC_CAT4','SPC_CAT4','STRING',10,'N','Y','N','Y',152,-1,0,0,152,'N','N','N','STRING',10,'Y',0,'Y','Y','Y','NONE',NULL,NULL,NULL,NULL,'N','N',0,NULL,NULL,0);
INSERT INTO SM_FIELD_DEF (TABLE_ID,FIELD_NAME,JP_TITLE,US_TITLE,DB_TYPE,DB_LENGTH,IS_KEY,NOT_BLANK,IS_DUMMY,IS_SEARCH_ITEM,SORT_NO,TREE_LEVEL,SHEET_NO,PAGE_NO,PROPERTY_NO,IS_AUTO,IS_MANDATORY,SYSTEM_READONLY,FIELD_TYPE,FIELD_LENGTH,INPUT_ALPHABET,INPUT_MULTIBYTE,INPUT_NUMERIC,INPUT_SYMBOL,INPUT_UPPERCASE,RETRIEVAL_TABLE,FORMAT,DEFAULT_VALUE,MIN_VALUE,MAX_VALUE,CALENDAR_BUTTON,JUMP_BUTTON,OPEN_BUTTON,REF_TABLE_ID,REF_FIELD_NAME,SPECIAL_BUTTON) VALUES ('TBLID_BPROD_TST','SPC_CAT5','SPC_CAT5','SPC_CAT5','STRING',10,'N','Y','N','Y',153,-1,0,0,153,'N','N','N','STRING',10,'Y',0,'Y','Y','Y','NONE',NULL,NULL,NULL,NULL,'N','N',0,NULL,NULL,0);
INSERT INTO SM_FIELD_DEF (TABLE_ID,FIELD_NAME,JP_TITLE,US_TITLE,DB_TYPE,DB_LENGTH,IS_KEY,NOT_BLANK,IS_DUMMY,IS_SEARCH_ITEM,SORT_NO,TREE_LEVEL,SHEET_NO,PAGE_NO,PROPERTY_NO,IS_AUTO,IS_MANDATORY,SYSTEM_READONLY,FIELD_TYPE,FIELD_LENGTH,INPUT_ALPHABET,INPUT_MULTIBYTE,INPUT_NUMERIC,INPUT_SYMBOL,INPUT_UPPERCASE,RETRIEVAL_TABLE,FORMAT,DEFAULT_VALUE,MIN_VALUE,MAX_VALUE,CALENDAR_BUTTON,JUMP_BUTTON,OPEN_BUTTON,REF_TABLE_ID,REF_FIELD_NAME,SPECIAL_BUTTON) VALUES ('TBLID_BPROD_TST','SPC_CAT6','SPC_CAT6','SPC_CAT6','STRING',10,'N','Y','N','Y',154,-1,0,0,154,'N','N','N','STRING',10,'Y',0,'Y','Y','Y','NONE',NULL,NULL,NULL,NULL,'N','N',0,NULL,NULL,0);
INSERT INTO SM_FIELD_DEF (TABLE_ID,FIELD_NAME,JP_TITLE,US_TITLE,DB_TYPE,DB_LENGTH,IS_KEY,NOT_BLANK,IS_DUMMY,IS_SEARCH_ITEM,SORT_NO,TREE_LEVEL,SHEET_NO,PAGE_NO,PROPERTY_NO,IS_AUTO,IS_MANDATORY,SYSTEM_READONLY,FIELD_TYPE,FIELD_LENGTH,INPUT_ALPHABET,INPUT_MULTIBYTE,INPUT_NUMERIC,INPUT_SYMBOL,INPUT_UPPERCASE,RETRIEVAL_TABLE,FORMAT,DEFAULT_VALUE,MIN_VALUE,MAX_VALUE,CALENDAR_BUTTON,JUMP_BUTTON,OPEN_BUTTON,REF_TABLE_ID,REF_FIELD_NAME,SPECIAL_BUTTON) VALUES ('TBLID_BPROD_TST','SPC_CAT7','SPC_CAT7','SPC_CAT7','STRING',10,'N','Y','N','Y',155,-1,0,0,155,'N','N','N','STRING',10,'Y',0,'Y','Y','Y','NONE',NULL,NULL,NULL,NULL,'N','N',0,NULL,NULL,0);
INSERT INTO SM_FIELD_DEF (TABLE_ID,FIELD_NAME,JP_TITLE,US_TITLE,DB_TYPE,DB_LENGTH,IS_KEY,NOT_BLANK,IS_DUMMY,IS_SEARCH_ITEM,SORT_NO,TREE_LEVEL,SHEET_NO,PAGE_NO,PROPERTY_NO,IS_AUTO,IS_MANDATORY,SYSTEM_READONLY,FIELD_TYPE,FIELD_LENGTH,INPUT_ALPHABET,INPUT_MULTIBYTE,INPUT_NUMERIC,INPUT_SYMBOL,INPUT_UPPERCASE,RETRIEVAL_TABLE,FORMAT,DEFAULT_VALUE,MIN_VALUE,MAX_VALUE,CALENDAR_BUTTON,JUMP_BUTTON,OPEN_BUTTON,REF_TABLE_ID,REF_FIELD_NAME,SPECIAL_BUTTON) VALUES ('TBLID_BPROD_TST','SPC_CAT8','SPC_CAT8','SPC_CAT8','STRING',10,'N','Y','N','Y',156,-1,0,0,156,'N','N','N','STRING',10,'Y',0,'Y','Y','Y','NONE',NULL,NULL,NULL,NULL,'N','N',0,NULL,NULL,0);
INSERT INTO SM_FIELD_DEF (TABLE_ID,FIELD_NAME,JP_TITLE,US_TITLE,DB_TYPE,DB_LENGTH,IS_KEY,NOT_BLANK,IS_DUMMY,IS_SEARCH_ITEM,SORT_NO,TREE_LEVEL,SHEET_NO,PAGE_NO,PROPERTY_NO,IS_AUTO,IS_MANDATORY,SYSTEM_READONLY,FIELD_TYPE,FIELD_LENGTH,INPUT_ALPHABET,INPUT_MULTIBYTE,INPUT_NUMERIC,INPUT_SYMBOL,INPUT_UPPERCASE,RETRIEVAL_TABLE,FORMAT,DEFAULT_VALUE,MIN_VALUE,MAX_VALUE,CALENDAR_BUTTON,JUMP_BUTTON,OPEN_BUTTON,REF_TABLE_ID,REF_FIELD_NAME,SPECIAL_BUTTON) VALUES ('TBLID_BPROD_TST','SPC_CAT9','SPC_CAT9','SPC_CAT9','STRING',10,'N','Y','N','Y',157,-1,0,0,157,'N','N','N','STRING',10,'Y',0,'Y','Y','Y','NONE',NULL,NULL,NULL,NULL,'N','N',0,NULL,NULL,0);
INSERT INTO SM_FIELD_DEF (TABLE_ID,FIELD_NAME,JP_TITLE,US_TITLE,DB_TYPE,DB_LENGTH,IS_KEY,NOT_BLANK,IS_DUMMY,IS_SEARCH_ITEM,SORT_NO,TREE_LEVEL,SHEET_NO,PAGE_NO,PROPERTY_NO,IS_AUTO,IS_MANDATORY,SYSTEM_READONLY,FIELD_TYPE,FIELD_LENGTH,INPUT_ALPHABET,INPUT_MULTIBYTE,INPUT_NUMERIC,INPUT_SYMBOL,INPUT_UPPERCASE,RETRIEVAL_TABLE,FORMAT,DEFAULT_VALUE,MIN_VALUE,MAX_VALUE,CALENDAR_BUTTON,JUMP_BUTTON,OPEN_BUTTON,REF_TABLE_ID,REF_FIELD_NAME,SPECIAL_BUTTON) VALUES ('TBLID_BPROD_TST','SPC_CAT10','SPC_CAT10','SPC_CAT10','STRING',10,'N','Y','N','Y',158,-1,0,0,158,'N','N','N','STRING',10,'Y',0,'Y','Y','Y','NONE',NULL,NULL,NULL,NULL,'N','N',0,NULL,NULL,0);
INSERT INTO SM_FIELD_DEF (TABLE_ID,FIELD_NAME,JP_TITLE,US_TITLE,DB_TYPE,DB_LENGTH,IS_KEY,NOT_BLANK,IS_DUMMY,IS_SEARCH_ITEM,SORT_NO,TREE_LEVEL,SHEET_NO,PAGE_NO,PROPERTY_NO,IS_AUTO,IS_MANDATORY,SYSTEM_READONLY,FIELD_TYPE,FIELD_LENGTH,INPUT_ALPHABET,INPUT_MULTIBYTE,INPUT_NUMERIC,INPUT_SYMBOL,INPUT_UPPERCASE,RETRIEVAL_TABLE,FORMAT,DEFAULT_VALUE,MIN_VALUE,MAX_VALUE,CALENDAR_BUTTON,JUMP_BUTTON,OPEN_BUTTON,REF_TABLE_ID,REF_FIELD_NAME,SPECIAL_BUTTON) VALUES ('TBLID_BPROD_TST','CUSTOMER_ID','CUSTOMER_ID','CUSTOMER_ID','STRING',20,'N','Y','N','Y',159,-1,0,0,159,'N','N','N','STRING',20,'Y',0,'Y','Y','Y','NONE',NULL,NULL,NULL,NULL,'N','N',0,NULL,NULL,0);
INSERT INTO SM_FIELD_DEF (TABLE_ID,FIELD_NAME,JP_TITLE,US_TITLE,DB_TYPE,DB_LENGTH,IS_KEY,NOT_BLANK,IS_DUMMY,IS_SEARCH_ITEM,SORT_NO,TREE_LEVEL,SHEET_NO,PAGE_NO,PROPERTY_NO,IS_AUTO,IS_MANDATORY,SYSTEM_READONLY,FIELD_TYPE,FIELD_LENGTH,INPUT_ALPHABET,INPUT_MULTIBYTE,INPUT_NUMERIC,INPUT_SYMBOL,INPUT_UPPERCASE,RETRIEVAL_TABLE,FORMAT,DEFAULT_VALUE,MIN_VALUE,MAX_VALUE,CALENDAR_BUTTON,JUMP_BUTTON,OPEN_BUTTON,REF_TABLE_ID,REF_FIELD_NAME,SPECIAL_BUTTON) VALUES ('TBLID_BPROD_TST','CUSTOMER_NAME','CUSTOMER_NAME','CUSTOMER_NAME','STRING',120,'N','Y','N','Y',160,-1,0,0,160,'N','N','N','STRING',120,'Y',0,'Y','Y','Y','NONE',NULL,NULL,NULL,NULL,'N','N',0,NULL,NULL,0);
INSERT INTO SM_FIELD_DEF (TABLE_ID,FIELD_NAME,JP_TITLE,US_TITLE,DB_TYPE,DB_LENGTH,IS_KEY,NOT_BLANK,IS_DUMMY,IS_SEARCH_ITEM,SORT_NO,TREE_LEVEL,SHEET_NO,PAGE_NO,PROPERTY_NO,IS_AUTO,IS_MANDATORY,SYSTEM_READONLY,FIELD_TYPE,FIELD_LENGTH,INPUT_ALPHABET,INPUT_MULTIBYTE,INPUT_NUMERIC,INPUT_SYMBOL,INPUT_UPPERCASE,RETRIEVAL_TABLE,FORMAT,DEFAULT_VALUE,MIN_VALUE,MAX_VALUE,CALENDAR_BUTTON,JUMP_BUTTON,OPEN_BUTTON,REF_TABLE_ID,REF_FIELD_NAME,SPECIAL_BUTTON) VALUES ('TBLID_BPROD_TST','CUSTOMER_NAME_VER','CUSTOMER_NAME_VER','CUSTOMER_NAME_VER','STRING',120,'N','Y','N','Y',161,-1,0,0,161,'N','N','N','STRING',120,'Y',0,'Y','Y','Y','NONE',NULL,NULL,NULL,NULL,'N','N',0,NULL,NULL,0);
INSERT INTO SM_FIELD_DEF (TABLE_ID,FIELD_NAME,JP_TITLE,US_TITLE,DB_TYPE,DB_LENGTH,IS_KEY,NOT_BLANK,IS_DUMMY,IS_SEARCH_ITEM,SORT_NO,TREE_LEVEL,SHEET_NO,PAGE_NO,PROPERTY_NO,IS_AUTO,IS_MANDATORY,SYSTEM_READONLY,FIELD_TYPE,FIELD_LENGTH,INPUT_ALPHABET,INPUT_MULTIBYTE,INPUT_NUMERIC,INPUT_SYMBOL,INPUT_UPPERCASE,RETRIEVAL_TABLE,FORMAT,DEFAULT_VALUE,MIN_VALUE,MAX_VALUE,CALENDAR_BUTTON,JUMP_BUTTON,OPEN_BUTTON,REF_TABLE_ID,REF_FIELD_NAME,SPECIAL_BUTTON) VALUES ('TBLID_BPROD_TST','USER_NAME','USER_NAME','USER_NAME','STRING',120,'N','Y','N','Y',162,-1,0,0,162,'N','N','N','STRING',120,'Y',0,'Y','Y','Y','NONE',NULL,NULL,NULL,NULL,'N','N',0,NULL,NULL,0);
INSERT INTO SM_FIELD_DEF (TABLE_ID,FIELD_NAME,JP_TITLE,US_TITLE,DB_TYPE,DB_LENGTH,IS_KEY,NOT_BLANK,IS_DUMMY,IS_SEARCH_ITEM,SORT_NO,TREE_LEVEL,SHEET_NO,PAGE_NO,PROPERTY_NO,IS_AUTO,IS_MANDATORY,SYSTEM_READONLY,FIELD_TYPE,FIELD_LENGTH,INPUT_ALPHABET,INPUT_MULTIBYTE,INPUT_NUMERIC,INPUT_SYMBOL,INPUT_UPPERCASE,RETRIEVAL_TABLE,FORMAT,DEFAULT_VALUE,MIN_VALUE,MAX_VALUE,CALENDAR_BUTTON,JUMP_BUTTON,OPEN_BUTTON,REF_TABLE_ID,REF_FIELD_NAME,SPECIAL_BUTTON) VALUES ('TBLID_BPROD_TST','STD_DIAMETER','STD_DIAMETER','STD_DIAMETER','STRING',120,'N','Y','N','Y',163,-1,0,0,163,'N','N','N','STRING',120,'Y',0,'Y','Y','Y','NONE',NULL,NULL,NULL,NULL,'N','N',0,NULL,NULL,0);
INSERT INTO SM_FIELD_DEF (TABLE_ID,FIELD_NAME,JP_TITLE,US_TITLE,DB_TYPE,DB_LENGTH,IS_KEY,NOT_BLANK,IS_DUMMY,IS_SEARCH_ITEM,SORT_NO,TREE_LEVEL,SHEET_NO,PAGE_NO,PROPERTY_NO,IS_AUTO,IS_MANDATORY,SYSTEM_READONLY,FIELD_TYPE,FIELD_LENGTH,INPUT_ALPHABET,INPUT_MULTIBYTE,INPUT_NUMERIC,INPUT_SYMBOL,INPUT_UPPERCASE,RETRIEVAL_TABLE,FORMAT,DEFAULT_VALUE,MIN_VALUE,MAX_VALUE,CALENDAR_BUTTON,JUMP_BUTTON,OPEN_BUTTON,REF_TABLE_ID,REF_FIELD_NAME,SPECIAL_BUTTON) VALUES ('TBLID_BPROD_TST','STD_PULL_METHOD','STD_PULL_METHOD','STD_PULL_METHOD','STRING',120,'N','Y','N','Y',164,-1,0,0,164,'N','N','N','STRING',120,'Y',0,'Y','Y','Y','NONE',NULL,NULL,NULL,NULL,'N','N',0,NULL,NULL,0);
INSERT INTO SM_FIELD_DEF (TABLE_ID,FIELD_NAME,JP_TITLE,US_TITLE,DB_TYPE,DB_LENGTH,IS_KEY,NOT_BLANK,IS_DUMMY,IS_SEARCH_ITEM,SORT_NO,TREE_LEVEL,SHEET_NO,PAGE_NO,PROPERTY_NO,IS_AUTO,IS_MANDATORY,SYSTEM_READONLY,FIELD_TYPE,FIELD_LENGTH,INPUT_ALPHABET,INPUT_MULTIBYTE,INPUT_NUMERIC,INPUT_SYMBOL,INPUT_UPPERCASE,RETRIEVAL_TABLE,FORMAT,DEFAULT_VALUE,MIN_VALUE,MAX_VALUE,CALENDAR_BUTTON,JUMP_BUTTON,OPEN_BUTTON,REF_TABLE_ID,REF_FIELD_NAME,SPECIAL_BUTTON) VALUES ('TBLID_BPROD_TST','STD_POLISH_TYPE','STD_POLISH_TYPE','STD_POLISH_TYPE','STRING',120,'N','Y','N','Y',165,-1,0,0,165,'N','N','N','STRING',120,'Y',0,'Y','Y','Y','NONE',NULL,NULL,NULL,NULL,'N','N',0,NULL,NULL,0);
INSERT INTO SM_FIELD_DEF (TABLE_ID,FIELD_NAME,JP_TITLE,US_TITLE,DB_TYPE,DB_LENGTH,IS_KEY,NOT_BLANK,IS_DUMMY,IS_SEARCH_ITEM,SORT_NO,TREE_LEVEL,SHEET_NO,PAGE_NO,PROPERTY_NO,IS_AUTO,IS_MANDATORY,SYSTEM_READONLY,FIELD_TYPE,FIELD_LENGTH,INPUT_ALPHABET,INPUT_MULTIBYTE,INPUT_NUMERIC,INPUT_SYMBOL,INPUT_UPPERCASE,RETRIEVAL_TABLE,FORMAT,DEFAULT_VALUE,MIN_VALUE,MAX_VALUE,CALENDAR_BUTTON,JUMP_BUTTON,OPEN_BUTTON,REF_TABLE_ID,REF_FIELD_NAME,SPECIAL_BUTTON) VALUES ('TBLID_BPROD_TST','STD_CRY_DIR','STD_CRY_DIR','STD_CRY_DIR','STRING',120,'N','Y','N','Y',166,-1,0,0,166,'N','N','N','STRING',120,'Y',0,'Y','Y','Y','NONE',NULL,NULL,NULL,NULL,'N','N',0,NULL,NULL,0);
INSERT INTO SM_FIELD_DEF (TABLE_ID,FIELD_NAME,JP_TITLE,US_TITLE,DB_TYPE,DB_LENGTH,IS_KEY,NOT_BLANK,IS_DUMMY,IS_SEARCH_ITEM,SORT_NO,TREE_LEVEL,SHEET_NO,PAGE_NO,PROPERTY_NO,IS_AUTO,IS_MANDATORY,SYSTEM_READONLY,FIELD_TYPE,FIELD_LENGTH,INPUT_ALPHABET,INPUT_MULTIBYTE,INPUT_NUMERIC,INPUT_SYMBOL,INPUT_UPPERCASE,RETRIEVAL_TABLE,FORMAT,DEFAULT_VALUE,MIN_VALUE,MAX_VALUE,CALENDAR_BUTTON,JUMP_BUTTON,OPEN_BUTTON,REF_TABLE_ID,REF_FIELD_NAME,SPECIAL_BUTTON) VALUES ('TBLID_BPROD_TST','STD_DOPANT','STD_DOPANT','STD_DOPANT','STRING',120,'N','Y','N','Y',167,-1,0,0,167,'N','N','N','STRING',120,'Y',0,'Y','Y','Y','NONE',NULL,NULL,NULL,NULL,'N','N',0,NULL,NULL,0);
INSERT INTO SM_FIELD_DEF (TABLE_ID,FIELD_NAME,JP_TITLE,US_TITLE,DB_TYPE,DB_LENGTH,IS_KEY,NOT_BLANK,IS_DUMMY,IS_SEARCH_ITEM,SORT_NO,TREE_LEVEL,SHEET_NO,PAGE_NO,PROPERTY_NO,IS_AUTO,IS_MANDATORY,SYSTEM_READONLY,FIELD_TYPE,FIELD_LENGTH,INPUT_ALPHABET,INPUT_MULTIBYTE,INPUT_NUMERIC,INPUT_SYMBOL,INPUT_UPPERCASE,RETRIEVAL_TABLE,FORMAT,DEFAULT_VALUE,MIN_VALUE,MAX_VALUE,CALENDAR_BUTTON,JUMP_BUTTON,OPEN_BUTTON,REF_TABLE_ID,REF_FIELD_NAME,SPECIAL_BUTTON) VALUES ('TBLID_BPROD_TST','STD_BACK_SHIELD','STD_BACK_SHIELD','STD_BACK_SHIELD','STRING',120,'N','Y','N','Y',168,-1,0,0,168,'N','N','N','STRING',120,'Y',0,'Y','Y','Y','NONE',NULL,NULL,NULL,NULL,'N','N',0,NULL,NULL,0);
INSERT INTO SM_FIELD_DEF (TABLE_ID,FIELD_NAME,JP_TITLE,US_TITLE,DB_TYPE,DB_LENGTH,IS_KEY,NOT_BLANK,IS_DUMMY,IS_SEARCH_ITEM,SORT_NO,TREE_LEVEL,SHEET_NO,PAGE_NO,PROPERTY_NO,IS_AUTO,IS_MANDATORY,SYSTEM_READONLY,FIELD_TYPE,FIELD_LENGTH,INPUT_ALPHABET,INPUT_MULTIBYTE,INPUT_NUMERIC,INPUT_SYMBOL,INPUT_UPPERCASE,RETRIEVAL_TABLE,FORMAT,DEFAULT_VALUE,MIN_VALUE,MAX_VALUE,CALENDAR_BUTTON,JUMP_BUTTON,OPEN_BUTTON,REF_TABLE_ID,REF_FIELD_NAME,SPECIAL_BUTTON) VALUES ('TBLID_BPROD_TST','STD_NO_EDGECUT','STD_NO_EDGECUT','STD_NO_EDGECUT','STRING',120,'N','Y','N','Y',169,-1,0,0,169,'N','N','N','STRING',120,'Y',0,'Y','Y','Y','NONE',NULL,NULL,NULL,NULL,'N','N',0,NULL,NULL,0);
INSERT INTO SM_FIELD_DEF (TABLE_ID,FIELD_NAME,JP_TITLE,US_TITLE,DB_TYPE,DB_LENGTH,IS_KEY,NOT_BLANK,IS_DUMMY,IS_SEARCH_ITEM,SORT_NO,TREE_LEVEL,SHEET_NO,PAGE_NO,PROPERTY_NO,IS_AUTO,IS_MANDATORY,SYSTEM_READONLY,FIELD_TYPE,FIELD_LENGTH,INPUT_ALPHABET,INPUT_MULTIBYTE,INPUT_NUMERIC,INPUT_SYMBOL,INPUT_UPPERCASE,RETRIEVAL_TABLE,FORMAT,DEFAULT_VALUE,MIN_VALUE,MAX_VALUE,CALENDAR_BUTTON,JUMP_BUTTON,OPEN_BUTTON,REF_TABLE_ID,REF_FIELD_NAME,SPECIAL_BUTTON) VALUES ('TBLID_BPROD_TST','STD_THICKNESS','STD_THICKNESS','STD_THICKNESS','STRING',120,'N','Y','N','Y',170,-1,0,0,170,'N','N','N','STRING',120,'Y',0,'Y','Y','Y','NONE',NULL,NULL,NULL,NULL,'N','N',0,NULL,NULL,0);
INSERT INTO SM_FIELD_DEF (TABLE_ID,FIELD_NAME,JP_TITLE,US_TITLE,DB_TYPE,DB_LENGTH,IS_KEY,NOT_BLANK,IS_DUMMY,IS_SEARCH_ITEM,SORT_NO,TREE_LEVEL,SHEET_NO,PAGE_NO,PROPERTY_NO,IS_AUTO,IS_MANDATORY,SYSTEM_READONLY,FIELD_TYPE,FIELD_LENGTH,INPUT_ALPHABET,INPUT_MULTIBYTE,INPUT_NUMERIC,INPUT_SYMBOL,INPUT_UPPERCASE,RETRIEVAL_TABLE,FORMAT,DEFAULT_VALUE,MIN_VALUE,MAX_VALUE,CALENDAR_BUTTON,JUMP_BUTTON,OPEN_BUTTON,REF_TABLE_ID,REF_FIELD_NAME,SPECIAL_BUTTON) VALUES ('TBLID_BPROD_TST','STD_RESISTIVITY','STD_RESISTIVITY','STD_RESISTIVITY','STRING',120,'N','Y','N','Y',171,-1,0,0,171,'N','N','N','STRING',120,'Y',0,'Y','Y','Y','NONE',NULL,NULL,NULL,NULL,'N','N',0,NULL,NULL,0);
INSERT INTO SM_FIELD_DEF (TABLE_ID,FIELD_NAME,JP_TITLE,US_TITLE,DB_TYPE,DB_LENGTH,IS_KEY,NOT_BLANK,IS_DUMMY,IS_SEARCH_ITEM,SORT_NO,TREE_LEVEL,SHEET_NO,PAGE_NO,PROPERTY_NO,IS_AUTO,IS_MANDATORY,SYSTEM_READONLY,FIELD_TYPE,FIELD_LENGTH,INPUT_ALPHABET,INPUT_MULTIBYTE,INPUT_NUMERIC,INPUT_SYMBOL,INPUT_UPPERCASE,RETRIEVAL_TABLE,FORMAT,DEFAULT_VALUE,MIN_VALUE,MAX_VALUE,CALENDAR_BUTTON,JUMP_BUTTON,OPEN_BUTTON,REF_TABLE_ID,REF_FIELD_NAME,SPECIAL_BUTTON) VALUES ('TBLID_BPROD_TST','SUPPLIER','SUPPLIER','SUPPLIER','STRING',120,'N','Y','N','Y',172,-1,0,0,172,'N','N','N','STRING',120,'Y',0,'Y','Y','Y','NONE',NULL,NULL,NULL,NULL,'N','N',0,NULL,NULL,0);
INSERT INTO SM_FIELD_DEF (TABLE_ID,FIELD_NAME,JP_TITLE,US_TITLE,DB_TYPE,DB_LENGTH,IS_KEY,NOT_BLANK,IS_DUMMY,IS_SEARCH_ITEM,SORT_NO,TREE_LEVEL,SHEET_NO,PAGE_NO,PROPERTY_NO,IS_AUTO,IS_MANDATORY,SYSTEM_READONLY,FIELD_TYPE,FIELD_LENGTH,INPUT_ALPHABET,INPUT_MULTIBYTE,INPUT_NUMERIC,INPUT_SYMBOL,INPUT_UPPERCASE,RETRIEVAL_TABLE,FORMAT,DEFAULT_VALUE,MIN_VALUE,MAX_VALUE,CALENDAR_BUTTON,JUMP_BUTTON,OPEN_BUTTON,REF_TABLE_ID,REF_FIELD_NAME,SPECIAL_BUTTON) VALUES ('TBLID_BPROD_TST','PRODUCT_MAKER','PRODUCT_MAKER','PRODUCT_MAKER','STRING',120,'N','Y','N','Y',173,-1,0,0,173,'N','N','N','STRING',120,'Y',0,'Y','Y','Y','NONE',NULL,NULL,NULL,NULL,'N','N',0,NULL,NULL,0);
INSERT INTO SM_FIELD_DEF (TABLE_ID,FIELD_NAME,JP_TITLE,US_TITLE,DB_TYPE,DB_LENGTH,IS_KEY,NOT_BLANK,IS_DUMMY,IS_SEARCH_ITEM,SORT_NO,TREE_LEVEL,SHEET_NO,PAGE_NO,PROPERTY_NO,IS_AUTO,IS_MANDATORY,SYSTEM_READONLY,FIELD_TYPE,FIELD_LENGTH,INPUT_ALPHABET,INPUT_MULTIBYTE,INPUT_NUMERIC,INPUT_SYMBOL,INPUT_UPPERCASE,RETRIEVAL_TABLE,FORMAT,DEFAULT_VALUE,MIN_VALUE,MAX_VALUE,CALENDAR_BUTTON,JUMP_BUTTON,OPEN_BUTTON,REF_TABLE_ID,REF_FIELD_NAME,SPECIAL_BUTTON) VALUES ('TBLID_BPROD_TST','PRODUCT_ADRESS','PRODUCT_ADRESS','PRODUCT_ADRESS','STRING',120,'N','Y','N','Y',174,-1,0,0,174,'N','N','N','STRING',120,'Y',0,'Y','Y','Y','NONE',NULL,NULL,NULL,NULL,'N','N',0,NULL,NULL,0);
INSERT INTO SM_FIELD_DEF (TABLE_ID,FIELD_NAME,JP_TITLE,US_TITLE,DB_TYPE,DB_LENGTH,IS_KEY,NOT_BLANK,IS_DUMMY,IS_SEARCH_ITEM,SORT_NO,TREE_LEVEL,SHEET_NO,PAGE_NO,PROPERTY_NO,IS_AUTO,IS_MANDATORY,SYSTEM_READONLY,FIELD_TYPE,FIELD_LENGTH,INPUT_ALPHABET,INPUT_MULTIBYTE,INPUT_NUMERIC,INPUT_SYMBOL,INPUT_UPPERCASE,RETRIEVAL_TABLE,FORMAT,DEFAULT_VALUE,MIN_VALUE,MAX_VALUE,CALENDAR_BUTTON,JUMP_BUTTON,OPEN_BUTTON,REF_TABLE_ID,REF_FIELD_NAME,SPECIAL_BUTTON) VALUES ('TBLID_BPROD_TST','ROHS_FLG','ROHS_FLG','ROHS_FLG','STRING',120,'N','Y','N','Y',175,-1,0,0,175,'N','N','N','STRING',120,'Y',0,'Y','Y','Y','NONE',NULL,NULL,NULL,NULL,'N','N',0,NULL,NULL,0);
INSERT INTO SM_FIELD_DEF (TABLE_ID,FIELD_NAME,JP_TITLE,US_TITLE,DB_TYPE,DB_LENGTH,IS_KEY,NOT_BLANK,IS_DUMMY,IS_SEARCH_ITEM,SORT_NO,TREE_LEVEL,SHEET_NO,PAGE_NO,PROPERTY_NO,IS_AUTO,IS_MANDATORY,SYSTEM_READONLY,FIELD_TYPE,FIELD_LENGTH,INPUT_ALPHABET,INPUT_MULTIBYTE,INPUT_NUMERIC,INPUT_SYMBOL,INPUT_UPPERCASE,RETRIEVAL_TABLE,FORMAT,DEFAULT_VALUE,MIN_VALUE,MAX_VALUE,CALENDAR_BUTTON,JUMP_BUTTON,OPEN_BUTTON,REF_TABLE_ID,REF_FIELD_NAME,SPECIAL_BUTTON) VALUES ('TBLID_BPROD_TST','CUSTOMER_STD','CUSTOMER_STD','CUSTOMER_STD','STRING',120,'N','Y','N','Y',176,-1,0,0,176,'N','N','N','STRING',120,'Y',0,'Y','Y','Y','NONE',NULL,NULL,NULL,NULL,'N','N',0,NULL,NULL,0);
INSERT INTO SM_FIELD_DEF (TABLE_ID,FIELD_NAME,JP_TITLE,US_TITLE,DB_TYPE,DB_LENGTH,IS_KEY,NOT_BLANK,IS_DUMMY,IS_SEARCH_ITEM,SORT_NO,TREE_LEVEL,SHEET_NO,PAGE_NO,PROPERTY_NO,IS_AUTO,IS_MANDATORY,SYSTEM_READONLY,FIELD_TYPE,FIELD_LENGTH,INPUT_ALPHABET,INPUT_MULTIBYTE,INPUT_NUMERIC,INPUT_SYMBOL,INPUT_UPPERCASE,RETRIEVAL_TABLE,FORMAT,DEFAULT_VALUE,MIN_VALUE,MAX_VALUE,CALENDAR_BUTTON,JUMP_BUTTON,OPEN_BUTTON,REF_TABLE_ID,REF_FIELD_NAME,SPECIAL_BUTTON) VALUES ('TBLID_BPROD_TST','OXY_INCLUDE','OXY_INCLUDE','OXY_INCLUDE','STRING',120,'N','Y','N','Y',177,-1,0,0,177,'N','N','N','STRING',120,'Y',0,'Y','Y','Y','NONE',NULL,NULL,NULL,NULL,'N','N',0,NULL,NULL,0);
INSERT INTO SM_FIELD_DEF (TABLE_ID,FIELD_NAME,JP_TITLE,US_TITLE,DB_TYPE,DB_LENGTH,IS_KEY,NOT_BLANK,IS_DUMMY,IS_SEARCH_ITEM,SORT_NO,TREE_LEVEL,SHEET_NO,PAGE_NO,PROPERTY_NO,IS_AUTO,IS_MANDATORY,SYSTEM_READONLY,FIELD_TYPE,FIELD_LENGTH,INPUT_ALPHABET,INPUT_MULTIBYTE,INPUT_NUMERIC,INPUT_SYMBOL,INPUT_UPPERCASE,RETRIEVAL_TABLE,FORMAT,DEFAULT_VALUE,MIN_VALUE,MAX_VALUE,CALENDAR_BUTTON,JUMP_BUTTON,OPEN_BUTTON,REF_TABLE_ID,REF_FIELD_NAME,SPECIAL_BUTTON) VALUES ('TBLID_BPROD_TST','PLANT_CODE','PLANT_CODE','PLANT_CODE','STRING',120,'N','Y','N','Y',178,-1,0,0,178,'N','N','N','STRING',120,'Y',0,'Y','Y','Y','NONE',NULL,NULL,NULL,NULL,'N','N',0,NULL,NULL,0);
INSERT INTO SM_FIELD_DEF (TABLE_ID,FIELD_NAME,JP_TITLE,US_TITLE,DB_TYPE,DB_LENGTH,IS_KEY,NOT_BLANK,IS_DUMMY,IS_SEARCH_ITEM,SORT_NO,TREE_LEVEL,SHEET_NO,PAGE_NO,PROPERTY_NO,IS_AUTO,IS_MANDATORY,SYSTEM_READONLY,FIELD_TYPE,FIELD_LENGTH,INPUT_ALPHABET,INPUT_MULTIBYTE,INPUT_NUMERIC,INPUT_SYMBOL,INPUT_UPPERCASE,RETRIEVAL_TABLE,FORMAT,DEFAULT_VALUE,MIN_VALUE,MAX_VALUE,CALENDAR_BUTTON,JUMP_BUTTON,OPEN_BUTTON,REF_TABLE_ID,REF_FIELD_NAME,SPECIAL_BUTTON) VALUES ('TBLID_BPROD_TST','MESSAGE','MESSAGE','MESSAGE','STRING',120,'N','Y','N','Y',179,-1,0,0,179,'N','N','N','STRING',120,'Y',0,'Y','Y','Y','NONE',NULL,NULL,NULL,NULL,'N','N',0,NULL,NULL,0);
INSERT INTO SM_FIELD_DEF (TABLE_ID,FIELD_NAME,JP_TITLE,US_TITLE,DB_TYPE,DB_LENGTH,IS_KEY,NOT_BLANK,IS_DUMMY,IS_SEARCH_ITEM,SORT_NO,TREE_LEVEL,SHEET_NO,PAGE_NO,PROPERTY_NO,IS_AUTO,IS_MANDATORY,SYSTEM_READONLY,FIELD_TYPE,FIELD_LENGTH,INPUT_ALPHABET,INPUT_MULTIBYTE,INPUT_NUMERIC,INPUT_SYMBOL,INPUT_UPPERCASE,RETRIEVAL_TABLE,FORMAT,DEFAULT_VALUE,MIN_VALUE,MAX_VALUE,CALENDAR_BUTTON,JUMP_BUTTON,OPEN_BUTTON,REF_TABLE_ID,REF_FIELD_NAME,SPECIAL_BUTTON) VALUES ('TBLID_BPROD_TST','ASS_TERM','ASS_TERM','ASS_TERM','STRING',120,'N','Y','N','Y',180,-1,0,0,180,'N','N','N','STRING',120,'Y',0,'Y','Y','Y','NONE',NULL,NULL,NULL,NULL,'N','N',0,NULL,NULL,0);
INSERT INTO SM_FIELD_DEF (TABLE_ID,FIELD_NAME,JP_TITLE,US_TITLE,DB_TYPE,DB_LENGTH,IS_KEY,NOT_BLANK,IS_DUMMY,IS_SEARCH_ITEM,SORT_NO,TREE_LEVEL,SHEET_NO,PAGE_NO,PROPERTY_NO,IS_AUTO,IS_MANDATORY,SYSTEM_READONLY,FIELD_TYPE,FIELD_LENGTH,INPUT_ALPHABET,INPUT_MULTIBYTE,INPUT_NUMERIC,INPUT_SYMBOL,INPUT_UPPERCASE,RETRIEVAL_TABLE,FORMAT,DEFAULT_VALUE,MIN_VALUE,MAX_VALUE,CALENDAR_BUTTON,JUMP_BUTTON,OPEN_BUTTON,REF_TABLE_ID,REF_FIELD_NAME,SPECIAL_BUTTON) VALUES ('TBLID_BPROD_TST','PARTICLE','PARTICLE','PARTICLE','STRING',120,'N','Y','N','Y',181,-1,0,0,181,'N','N','N','STRING',120,'Y',0,'Y','Y','Y','NONE',NULL,NULL,NULL,NULL,'N','N',0,NULL,NULL,0);
INSERT INTO SM_FIELD_DEF (TABLE_ID,FIELD_NAME,JP_TITLE,US_TITLE,DB_TYPE,DB_LENGTH,IS_KEY,NOT_BLANK,IS_DUMMY,IS_SEARCH_ITEM,SORT_NO,TREE_LEVEL,SHEET_NO,PAGE_NO,PROPERTY_NO,IS_AUTO,IS_MANDATORY,SYSTEM_READONLY,FIELD_TYPE,FIELD_LENGTH,INPUT_ALPHABET,INPUT_MULTIBYTE,INPUT_NUMERIC,INPUT_SYMBOL,INPUT_UPPERCASE,RETRIEVAL_TABLE,FORMAT,DEFAULT_VALUE,MIN_VALUE,MAX_VALUE,CALENDAR_BUTTON,JUMP_BUTTON,OPEN_BUTTON,REF_TABLE_ID,REF_FIELD_NAME,SPECIAL_BUTTON) VALUES ('TBLID_BPROD_TST','BOW','BOW','BOW','STRING',120,'N','Y','N','Y',182,-1,0,0,182,'N','N','N','STRING',120,'Y',0,'Y','Y','Y','NONE',NULL,NULL,NULL,NULL,'N','N',0,NULL,NULL,0);
INSERT INTO SM_FIELD_DEF (TABLE_ID,FIELD_NAME,JP_TITLE,US_TITLE,DB_TYPE,DB_LENGTH,IS_KEY,NOT_BLANK,IS_DUMMY,IS_SEARCH_ITEM,SORT_NO,TREE_LEVEL,SHEET_NO,PAGE_NO,PROPERTY_NO,IS_AUTO,IS_MANDATORY,SYSTEM_READONLY,FIELD_TYPE,FIELD_LENGTH,INPUT_ALPHABET,INPUT_MULTIBYTE,INPUT_NUMERIC,INPUT_SYMBOL,INPUT_UPPERCASE,RETRIEVAL_TABLE,FORMAT,DEFAULT_VALUE,MIN_VALUE,MAX_VALUE,CALENDAR_BUTTON,JUMP_BUTTON,OPEN_BUTTON,REF_TABLE_ID,REF_FIELD_NAME,SPECIAL_BUTTON) VALUES ('TBLID_BPROD_TST','WARP','WARP','WARP','STRING',120,'N','Y','N','Y',183,-1,0,0,183,'N','N','N','STRING',120,'Y',0,'Y','Y','Y','NONE',NULL,NULL,NULL,NULL,'N','N',0,NULL,NULL,0);
INSERT INTO SM_FIELD_DEF (TABLE_ID,FIELD_NAME,JP_TITLE,US_TITLE,DB_TYPE,DB_LENGTH,IS_KEY,NOT_BLANK,IS_DUMMY,IS_SEARCH_ITEM,SORT_NO,TREE_LEVEL,SHEET_NO,PAGE_NO,PROPERTY_NO,IS_AUTO,IS_MANDATORY,SYSTEM_READONLY,FIELD_TYPE,FIELD_LENGTH,INPUT_ALPHABET,INPUT_MULTIBYTE,INPUT_NUMERIC,INPUT_SYMBOL,INPUT_UPPERCASE,RETRIEVAL_TABLE,FORMAT,DEFAULT_VALUE,MIN_VALUE,MAX_VALUE,CALENDAR_BUTTON,JUMP_BUTTON,OPEN_BUTTON,REF_TABLE_ID,REF_FIELD_NAME,SPECIAL_BUTTON) VALUES ('TBLID_BPROD_TST','TTV','TTV','TTV','STRING',120,'N','Y','N','Y',184,-1,0,0,184,'N','N','N','STRING',120,'Y',0,'Y','Y','Y','NONE',NULL,NULL,NULL,NULL,'N','N',0,NULL,NULL,0);
INSERT INTO SM_FIELD_DEF (TABLE_ID,FIELD_NAME,JP_TITLE,US_TITLE,DB_TYPE,DB_LENGTH,IS_KEY,NOT_BLANK,IS_DUMMY,IS_SEARCH_ITEM,SORT_NO,TREE_LEVEL,SHEET_NO,PAGE_NO,PROPERTY_NO,IS_AUTO,IS_MANDATORY,SYSTEM_READONLY,FIELD_TYPE,FIELD_LENGTH,INPUT_ALPHABET,INPUT_MULTIBYTE,INPUT_NUMERIC,INPUT_SYMBOL,INPUT_UPPERCASE,RETRIEVAL_TABLE,FORMAT,DEFAULT_VALUE,MIN_VALUE,MAX_VALUE,CALENDAR_BUTTON,JUMP_BUTTON,OPEN_BUTTON,REF_TABLE_ID,REF_FIELD_NAME,SPECIAL_BUTTON) VALUES ('TBLID_BPROD_TST','SUPPLIER_SPEC','SUPPLIER_SPEC','SUPPLIER_SPEC','STRING',120,'N','Y','N','Y',185,-1,0,0,185,'N','N','N','STRING',120,'Y',0,'Y','Y','Y','NONE',NULL,NULL,NULL,NULL,'N','N',0,NULL,NULL,0);
INSERT INTO SM_FIELD_DEF (TABLE_ID,FIELD_NAME,JP_TITLE,US_TITLE,DB_TYPE,DB_LENGTH,IS_KEY,NOT_BLANK,IS_DUMMY,IS_SEARCH_ITEM,SORT_NO,TREE_LEVEL,SHEET_NO,PAGE_NO,PROPERTY_NO,IS_AUTO,IS_MANDATORY,SYSTEM_READONLY,FIELD_TYPE,FIELD_LENGTH,INPUT_ALPHABET,INPUT_MULTIBYTE,INPUT_NUMERIC,INPUT_SYMBOL,INPUT_UPPERCASE,RETRIEVAL_TABLE,FORMAT,DEFAULT_VALUE,MIN_VALUE,MAX_VALUE,CALENDAR_BUTTON,JUMP_BUTTON,OPEN_BUTTON,REF_TABLE_ID,REF_FIELD_NAME,SPECIAL_BUTTON) VALUES ('TBLID_BPROD_TST','SUPPLIER_PART','SUPPLIER_PART','SUPPLIER_PART','STRING',120,'N','Y','N','Y',186,-1,0,0,186,'N','N','N','STRING',120,'Y',0,'Y','Y','Y','NONE',NULL,NULL,NULL,NULL,'N','N',0,NULL,NULL,0);
INSERT INTO SM_FIELD_DEF (TABLE_ID,FIELD_NAME,JP_TITLE,US_TITLE,DB_TYPE,DB_LENGTH,IS_KEY,NOT_BLANK,IS_DUMMY,IS_SEARCH_ITEM,SORT_NO,TREE_LEVEL,SHEET_NO,PAGE_NO,PROPERTY_NO,IS_AUTO,IS_MANDATORY,SYSTEM_READONLY,FIELD_TYPE,FIELD_LENGTH,INPUT_ALPHABET,INPUT_MULTIBYTE,INPUT_NUMERIC,INPUT_SYMBOL,INPUT_UPPERCASE,RETRIEVAL_TABLE,FORMAT,DEFAULT_VALUE,MIN_VALUE,MAX_VALUE,CALENDAR_BUTTON,JUMP_BUTTON,OPEN_BUTTON,REF_TABLE_ID,REF_FIELD_NAME,SPECIAL_BUTTON) VALUES ('TBLID_BPROD_TST','CUSTOMER_NAME_EN','CUSTOMER_NAME_EN','CUSTOMER_NAME_EN','STRING',120,'N','Y','N','Y',187,-1,0,0,187,'N','N','N','STRING',120,'Y',0,'Y','Y','Y','NONE',NULL,NULL,NULL,NULL,'N','N',0,NULL,NULL,0);
INSERT INTO SM_FIELD_DEF (TABLE_ID,FIELD_NAME,JP_TITLE,US_TITLE,DB_TYPE,DB_LENGTH,IS_KEY,NOT_BLANK,IS_DUMMY,IS_SEARCH_ITEM,SORT_NO,TREE_LEVEL,SHEET_NO,PAGE_NO,PROPERTY_NO,IS_AUTO,IS_MANDATORY,SYSTEM_READONLY,FIELD_TYPE,FIELD_LENGTH,INPUT_ALPHABET,INPUT_MULTIBYTE,INPUT_NUMERIC,INPUT_SYMBOL,INPUT_UPPERCASE,RETRIEVAL_TABLE,FORMAT,DEFAULT_VALUE,MIN_VALUE,MAX_VALUE,CALENDAR_BUTTON,JUMP_BUTTON,OPEN_BUTTON,REF_TABLE_ID,REF_FIELD_NAME,SPECIAL_BUTTON) VALUES ('TBLID_BPROD_TST','MATERIAL_ID','MATERIAL_ID','MATERIAL_ID','STRING',120,'N','Y','N','Y',188,-1,0,0,188,'N','N','N','STRING',120,'Y',0,'Y','Y','Y','NONE',NULL,NULL,NULL,NULL,'N','N',0,NULL,NULL,0);
INSERT INTO SM_FIELD_DEF (TABLE_ID,FIELD_NAME,JP_TITLE,US_TITLE,DB_TYPE,DB_LENGTH,IS_KEY,NOT_BLANK,IS_DUMMY,IS_SEARCH_ITEM,SORT_NO,TREE_LEVEL,SHEET_NO,PAGE_NO,PROPERTY_NO,IS_AUTO,IS_MANDATORY,SYSTEM_READONLY,FIELD_TYPE,FIELD_LENGTH,INPUT_ALPHABET,INPUT_MULTIBYTE,INPUT_NUMERIC,INPUT_SYMBOL,INPUT_UPPERCASE,RETRIEVAL_TABLE,FORMAT,DEFAULT_VALUE,MIN_VALUE,MAX_VALUE,CALENDAR_BUTTON,JUMP_BUTTON,OPEN_BUTTON,REF_TABLE_ID,REF_FIELD_NAME,SPECIAL_BUTTON) VALUES ('TBLID_BPROD_TST','SELF_DEF_01','SELF_DEF_01','SELF_DEF_01','STRING',120,'N','Y','N','Y',189,-1,0,0,189,'N','N','N','STRING',120,'Y',0,'Y','Y','Y','NONE',NULL,NULL,NULL,NULL,'N','N',0,NULL,NULL,0);
INSERT INTO SM_FIELD_DEF (TABLE_ID,FIELD_NAME,JP_TITLE,US_TITLE,DB_TYPE,DB_LENGTH,IS_KEY,NOT_BLANK,IS_DUMMY,IS_SEARCH_ITEM,SORT_NO,TREE_LEVEL,SHEET_NO,PAGE_NO,PROPERTY_NO,IS_AUTO,IS_MANDATORY,SYSTEM_READONLY,FIELD_TYPE,FIELD_LENGTH,INPUT_ALPHABET,INPUT_MULTIBYTE,INPUT_NUMERIC,INPUT_SYMBOL,INPUT_UPPERCASE,RETRIEVAL_TABLE,FORMAT,DEFAULT_VALUE,MIN_VALUE,MAX_VALUE,CALENDAR_BUTTON,JUMP_BUTTON,OPEN_BUTTON,REF_TABLE_ID,REF_FIELD_NAME,SPECIAL_BUTTON) VALUES ('TBLID_BPROD_TST','SELF_DEF_02','SELF_DEF_02','SELF_DEF_02','STRING',120,'N','Y','N','Y',190,-1,0,0,190,'N','N','N','STRING',120,'Y',0,'Y','Y','Y','NONE',NULL,NULL,NULL,NULL,'N','N',0,NULL,NULL,0);
INSERT INTO SM_FIELD_DEF (TABLE_ID,FIELD_NAME,JP_TITLE,US_TITLE,DB_TYPE,DB_LENGTH,IS_KEY,NOT_BLANK,IS_DUMMY,IS_SEARCH_ITEM,SORT_NO,TREE_LEVEL,SHEET_NO,PAGE_NO,PROPERTY_NO,IS_AUTO,IS_MANDATORY,SYSTEM_READONLY,FIELD_TYPE,FIELD_LENGTH,INPUT_ALPHABET,INPUT_MULTIBYTE,INPUT_NUMERIC,INPUT_SYMBOL,INPUT_UPPERCASE,RETRIEVAL_TABLE,FORMAT,DEFAULT_VALUE,MIN_VALUE,MAX_VALUE,CALENDAR_BUTTON,JUMP_BUTTON,OPEN_BUTTON,REF_TABLE_ID,REF_FIELD_NAME,SPECIAL_BUTTON) VALUES ('TBLID_BPROD_TST','SELF_DEF_03','SELF_DEF_03','SELF_DEF_03','STRING',120,'N','Y','N','Y',191,-1,0,0,191,'N','N','N','STRING',120,'Y',0,'Y','Y','Y','NONE',NULL,NULL,NULL,NULL,'N','N',0,NULL,NULL,0);
INSERT INTO SM_FIELD_DEF (TABLE_ID,FIELD_NAME,JP_TITLE,US_TITLE,DB_TYPE,DB_LENGTH,IS_KEY,NOT_BLANK,IS_DUMMY,IS_SEARCH_ITEM,SORT_NO,TREE_LEVEL,SHEET_NO,PAGE_NO,PROPERTY_NO,IS_AUTO,IS_MANDATORY,SYSTEM_READONLY,FIELD_TYPE,FIELD_LENGTH,INPUT_ALPHABET,INPUT_MULTIBYTE,INPUT_NUMERIC,INPUT_SYMBOL,INPUT_UPPERCASE,RETRIEVAL_TABLE,FORMAT,DEFAULT_VALUE,MIN_VALUE,MAX_VALUE,CALENDAR_BUTTON,JUMP_BUTTON,OPEN_BUTTON,REF_TABLE_ID,REF_FIELD_NAME,SPECIAL_BUTTON) VALUES ('TBLID_BPROD_TST','SELF_DEF_04','SELF_DEF_04','SELF_DEF_04','STRING',120,'N','Y','N','Y',192,-1,0,0,192,'N','N','N','STRING',120,'Y',0,'Y','Y','Y','NONE',NULL,NULL,NULL,NULL,'N','N',0,NULL,NULL,0);
INSERT INTO SM_FIELD_DEF (TABLE_ID,FIELD_NAME,JP_TITLE,US_TITLE,DB_TYPE,DB_LENGTH,IS_KEY,NOT_BLANK,IS_DUMMY,IS_SEARCH_ITEM,SORT_NO,TREE_LEVEL,SHEET_NO,PAGE_NO,PROPERTY_NO,IS_AUTO,IS_MANDATORY,SYSTEM_READONLY,FIELD_TYPE,FIELD_LENGTH,INPUT_ALPHABET,INPUT_MULTIBYTE,INPUT_NUMERIC,INPUT_SYMBOL,INPUT_UPPERCASE,RETRIEVAL_TABLE,FORMAT,DEFAULT_VALUE,MIN_VALUE,MAX_VALUE,CALENDAR_BUTTON,JUMP_BUTTON,OPEN_BUTTON,REF_TABLE_ID,REF_FIELD_NAME,SPECIAL_BUTTON) VALUES ('TBLID_BPROD_TST','SELF_DEF_05','SELF_DEF_05','SELF_DEF_05','STRING',120,'N','Y','N','Y',193,-1,0,0,193,'N','N','N','STRING',120,'Y',0,'Y','Y','Y','NONE',NULL,NULL,NULL,NULL,'N','N',0,NULL,NULL,0);
INSERT INTO SM_FIELD_DEF (TABLE_ID,FIELD_NAME,JP_TITLE,US_TITLE,DB_TYPE,DB_LENGTH,IS_KEY,NOT_BLANK,IS_DUMMY,IS_SEARCH_ITEM,SORT_NO,TREE_LEVEL,SHEET_NO,PAGE_NO,PROPERTY_NO,IS_AUTO,IS_MANDATORY,SYSTEM_READONLY,FIELD_TYPE,FIELD_LENGTH,INPUT_ALPHABET,INPUT_MULTIBYTE,INPUT_NUMERIC,INPUT_SYMBOL,INPUT_UPPERCASE,RETRIEVAL_TABLE,FORMAT,DEFAULT_VALUE,MIN_VALUE,MAX_VALUE,CALENDAR_BUTTON,JUMP_BUTTON,OPEN_BUTTON,REF_TABLE_ID,REF_FIELD_NAME,SPECIAL_BUTTON) VALUES ('TBLID_BPROD_TST','SELF_DEF_06','SELF_DEF_06','SELF_DEF_06','STRING',120,'N','Y','N','Y',194,-1,0,0,194,'N','N','N','STRING',120,'Y',0,'Y','Y','Y','NONE',NULL,NULL,NULL,NULL,'N','N',0,NULL,NULL,0);
INSERT INTO SM_FIELD_DEF (TABLE_ID,FIELD_NAME,JP_TITLE,US_TITLE,DB_TYPE,DB_LENGTH,IS_KEY,NOT_BLANK,IS_DUMMY,IS_SEARCH_ITEM,SORT_NO,TREE_LEVEL,SHEET_NO,PAGE_NO,PROPERTY_NO,IS_AUTO,IS_MANDATORY,SYSTEM_READONLY,FIELD_TYPE,FIELD_LENGTH,INPUT_ALPHABET,INPUT_MULTIBYTE,INPUT_NUMERIC,INPUT_SYMBOL,INPUT_UPPERCASE,RETRIEVAL_TABLE,FORMAT,DEFAULT_VALUE,MIN_VALUE,MAX_VALUE,CALENDAR_BUTTON,JUMP_BUTTON,OPEN_BUTTON,REF_TABLE_ID,REF_FIELD_NAME,SPECIAL_BUTTON) VALUES ('TBLID_BPROD_TST','SELF_DEF_07','SELF_DEF_07','SELF_DEF_07','STRING',120,'N','Y','N','Y',195,-1,0,0,195,'N','N','N','STRING',120,'Y',0,'Y','Y','Y','NONE',NULL,NULL,NULL,NULL,'N','N',0,NULL,NULL,0);
INSERT INTO SM_FIELD_DEF (TABLE_ID,FIELD_NAME,JP_TITLE,US_TITLE,DB_TYPE,DB_LENGTH,IS_KEY,NOT_BLANK,IS_DUMMY,IS_SEARCH_ITEM,SORT_NO,TREE_LEVEL,SHEET_NO,PAGE_NO,PROPERTY_NO,IS_AUTO,IS_MANDATORY,SYSTEM_READONLY,FIELD_TYPE,FIELD_LENGTH,INPUT_ALPHABET,INPUT_MULTIBYTE,INPUT_NUMERIC,INPUT_SYMBOL,INPUT_UPPERCASE,RETRIEVAL_TABLE,FORMAT,DEFAULT_VALUE,MIN_VALUE,MAX_VALUE,CALENDAR_BUTTON,JUMP_BUTTON,OPEN_BUTTON,REF_TABLE_ID,REF_FIELD_NAME,SPECIAL_BUTTON) VALUES ('TBLID_BPROD_TST','SELF_DEF_08','SELF_DEF_08','SELF_DEF_08','STRING',120,'N','Y','N','Y',196,-1,0,0,196,'N','N','N','STRING',120,'Y',0,'Y','Y','Y','NONE',NULL,NULL,NULL,NULL,'N','N',0,NULL,NULL,0);
INSERT INTO SM_FIELD_DEF (TABLE_ID,FIELD_NAME,JP_TITLE,US_TITLE,DB_TYPE,DB_LENGTH,IS_KEY,NOT_BLANK,IS_DUMMY,IS_SEARCH_ITEM,SORT_NO,TREE_LEVEL,SHEET_NO,PAGE_NO,PROPERTY_NO,IS_AUTO,IS_MANDATORY,SYSTEM_READONLY,FIELD_TYPE,FIELD_LENGTH,INPUT_ALPHABET,INPUT_MULTIBYTE,INPUT_NUMERIC,INPUT_SYMBOL,INPUT_UPPERCASE,RETRIEVAL_TABLE,FORMAT,DEFAULT_VALUE,MIN_VALUE,MAX_VALUE,CALENDAR_BUTTON,JUMP_BUTTON,OPEN_BUTTON,REF_TABLE_ID,REF_FIELD_NAME,SPECIAL_BUTTON) VALUES ('TBLID_BPROD_TST','SELF_DEF_09','SELF_DEF_09','SELF_DEF_09','STRING',120,'N','Y','N','Y',197,-1,0,0,197,'N','N','N','STRING',120,'Y',0,'Y','Y','Y','NONE',NULL,NULL,NULL,NULL,'N','N',0,NULL,NULL,0);
INSERT INTO SM_FIELD_DEF (TABLE_ID,FIELD_NAME,JP_TITLE,US_TITLE,DB_TYPE,DB_LENGTH,IS_KEY,NOT_BLANK,IS_DUMMY,IS_SEARCH_ITEM,SORT_NO,TREE_LEVEL,SHEET_NO,PAGE_NO,PROPERTY_NO,IS_AUTO,IS_MANDATORY,SYSTEM_READONLY,FIELD_TYPE,FIELD_LENGTH,INPUT_ALPHABET,INPUT_MULTIBYTE,INPUT_NUMERIC,INPUT_SYMBOL,INPUT_UPPERCASE,RETRIEVAL_TABLE,FORMAT,DEFAULT_VALUE,MIN_VALUE,MAX_VALUE,CALENDAR_BUTTON,JUMP_BUTTON,OPEN_BUTTON,REF_TABLE_ID,REF_FIELD_NAME,SPECIAL_BUTTON) VALUES ('TBLID_BPROD_TST','SELF_DEF_10','SELF_DEF_10','SELF_DEF_10','STRING',120,'N','Y','N','Y',198,-1,0,0,198,'N','N','N','STRING',120,'Y',0,'Y','Y','Y','NONE',NULL,NULL,NULL,NULL,'N','N',0,NULL,NULL,0);
INSERT INTO SM_FIELD_DEF (TABLE_ID,FIELD_NAME,JP_TITLE,US_TITLE,DB_TYPE,DB_LENGTH,IS_KEY,NOT_BLANK,IS_DUMMY,IS_SEARCH_ITEM,SORT_NO,TREE_LEVEL,SHEET_NO,PAGE_NO,PROPERTY_NO,IS_AUTO,IS_MANDATORY,SYSTEM_READONLY,FIELD_TYPE,FIELD_LENGTH,INPUT_ALPHABET,INPUT_MULTIBYTE,INPUT_NUMERIC,INPUT_SYMBOL,INPUT_UPPERCASE,RETRIEVAL_TABLE,FORMAT,DEFAULT_VALUE,MIN_VALUE,MAX_VALUE,CALENDAR_BUTTON,JUMP_BUTTON,OPEN_BUTTON,REF_TABLE_ID,REF_FIELD_NAME,SPECIAL_BUTTON) VALUES ('TBLID_BPROD_TST','SELF_DEF_11','SELF_DEF_11','SELF_DEF_11','STRING',120,'N','Y','N','Y',199,-1,0,0,199,'N','N','N','STRING',120,'Y',0,'Y','Y','Y','NONE',NULL,NULL,NULL,NULL,'N','N',0,NULL,NULL,0);
INSERT INTO SM_FIELD_DEF (TABLE_ID,FIELD_NAME,JP_TITLE,US_TITLE,DB_TYPE,DB_LENGTH,IS_KEY,NOT_BLANK,IS_DUMMY,IS_SEARCH_ITEM,SORT_NO,TREE_LEVEL,SHEET_NO,PAGE_NO,PROPERTY_NO,IS_AUTO,IS_MANDATORY,SYSTEM_READONLY,FIELD_TYPE,FIELD_LENGTH,INPUT_ALPHABET,INPUT_MULTIBYTE,INPUT_NUMERIC,INPUT_SYMBOL,INPUT_UPPERCASE,RETRIEVAL_TABLE,FORMAT,DEFAULT_VALUE,MIN_VALUE,MAX_VALUE,CALENDAR_BUTTON,JUMP_BUTTON,OPEN_BUTTON,REF_TABLE_ID,REF_FIELD_NAME,SPECIAL_BUTTON) VALUES ('TBLID_BPROD_TST','SELF_DEF_12','SELF_DEF_12','SELF_DEF_12','STRING',120,'N','Y','N','Y',200,-1,0,0,200,'N','N','N','STRING',120,'Y',0,'Y','Y','Y','NONE',NULL,NULL,NULL,NULL,'N','N',0,NULL,NULL,0);
INSERT INTO SM_FIELD_DEF (TABLE_ID,FIELD_NAME,JP_TITLE,US_TITLE,DB_TYPE,DB_LENGTH,IS_KEY,NOT_BLANK,IS_DUMMY,IS_SEARCH_ITEM,SORT_NO,TREE_LEVEL,SHEET_NO,PAGE_NO,PROPERTY_NO,IS_AUTO,IS_MANDATORY,SYSTEM_READONLY,FIELD_TYPE,FIELD_LENGTH,INPUT_ALPHABET,INPUT_MULTIBYTE,INPUT_NUMERIC,INPUT_SYMBOL,INPUT_UPPERCASE,RETRIEVAL_TABLE,FORMAT,DEFAULT_VALUE,MIN_VALUE,MAX_VALUE,CALENDAR_BUTTON,JUMP_BUTTON,OPEN_BUTTON,REF_TABLE_ID,REF_FIELD_NAME,SPECIAL_BUTTON) VALUES ('TBLID_BPROD_TST','SELF_DEF_13','SELF_DEF_13','SELF_DEF_13','STRING',120,'N','Y','N','Y',201,-1,0,0,201,'N','N','N','STRING',120,'Y',0,'Y','Y','Y','NONE',NULL,NULL,NULL,NULL,'N','N',0,NULL,NULL,0);
INSERT INTO SM_FIELD_DEF (TABLE_ID,FIELD_NAME,JP_TITLE,US_TITLE,DB_TYPE,DB_LENGTH,IS_KEY,NOT_BLANK,IS_DUMMY,IS_SEARCH_ITEM,SORT_NO,TREE_LEVEL,SHEET_NO,PAGE_NO,PROPERTY_NO,IS_AUTO,IS_MANDATORY,SYSTEM_READONLY,FIELD_TYPE,FIELD_LENGTH,INPUT_ALPHABET,INPUT_MULTIBYTE,INPUT_NUMERIC,INPUT_SYMBOL,INPUT_UPPERCASE,RETRIEVAL_TABLE,FORMAT,DEFAULT_VALUE,MIN_VALUE,MAX_VALUE,CALENDAR_BUTTON,JUMP_BUTTON,OPEN_BUTTON,REF_TABLE_ID,REF_FIELD_NAME,SPECIAL_BUTTON) VALUES ('TBLID_BPROD_TST','SELF_DEF_14','SELF_DEF_14','SELF_DEF_14','STRING',120,'N','Y','N','Y',202,-1,0,0,202,'N','N','N','STRING',120,'Y',0,'Y','Y','Y','NONE',NULL,NULL,NULL,NULL,'N','N',0,NULL,NULL,0);
INSERT INTO SM_FIELD_DEF (TABLE_ID,FIELD_NAME,JP_TITLE,US_TITLE,DB_TYPE,DB_LENGTH,IS_KEY,NOT_BLANK,IS_DUMMY,IS_SEARCH_ITEM,SORT_NO,TREE_LEVEL,SHEET_NO,PAGE_NO,PROPERTY_NO,IS_AUTO,IS_MANDATORY,SYSTEM_READONLY,FIELD_TYPE,FIELD_LENGTH,INPUT_ALPHABET,INPUT_MULTIBYTE,INPUT_NUMERIC,INPUT_SYMBOL,INPUT_UPPERCASE,RETRIEVAL_TABLE,FORMAT,DEFAULT_VALUE,MIN_VALUE,MAX_VALUE,CALENDAR_BUTTON,JUMP_BUTTON,OPEN_BUTTON,REF_TABLE_ID,REF_FIELD_NAME,SPECIAL_BUTTON) VALUES ('TBLID_BPROD_TST','SELF_DEF_15','SELF_DEF_15','SELF_DEF_15','STRING',120,'N','Y','N','Y',203,-1,0,0,203,'N','N','N','STRING',120,'Y',0,'Y','Y','Y','NONE',NULL,NULL,NULL,NULL,'N','N',0,NULL,NULL,0);
INSERT INTO SM_FIELD_DEF (TABLE_ID,FIELD_NAME,JP_TITLE,US_TITLE,DB_TYPE,DB_LENGTH,IS_KEY,NOT_BLANK,IS_DUMMY,IS_SEARCH_ITEM,SORT_NO,TREE_LEVEL,SHEET_NO,PAGE_NO,PROPERTY_NO,IS_AUTO,IS_MANDATORY,SYSTEM_READONLY,FIELD_TYPE,FIELD_LENGTH,INPUT_ALPHABET,INPUT_MULTIBYTE,INPUT_NUMERIC,INPUT_SYMBOL,INPUT_UPPERCASE,RETRIEVAL_TABLE,FORMAT,DEFAULT_VALUE,MIN_VALUE,MAX_VALUE,CALENDAR_BUTTON,JUMP_BUTTON,OPEN_BUTTON,REF_TABLE_ID,REF_FIELD_NAME,SPECIAL_BUTTON) VALUES ('TBLID_BPROD_TST','SELF_DEF_16','SELF_DEF_16','SELF_DEF_16','STRING',120,'N','Y','N','Y',204,-1,0,0,204,'N','N','N','STRING',120,'Y',0,'Y','Y','Y','NONE',NULL,NULL,NULL,NULL,'N','N',0,NULL,NULL,0);
INSERT INTO SM_FIELD_DEF (TABLE_ID,FIELD_NAME,JP_TITLE,US_TITLE,DB_TYPE,DB_LENGTH,IS_KEY,NOT_BLANK,IS_DUMMY,IS_SEARCH_ITEM,SORT_NO,TREE_LEVEL,SHEET_NO,PAGE_NO,PROPERTY_NO,IS_AUTO,IS_MANDATORY,SYSTEM_READONLY,FIELD_TYPE,FIELD_LENGTH,INPUT_ALPHABET,INPUT_MULTIBYTE,INPUT_NUMERIC,INPUT_SYMBOL,INPUT_UPPERCASE,RETRIEVAL_TABLE,FORMAT,DEFAULT_VALUE,MIN_VALUE,MAX_VALUE,CALENDAR_BUTTON,JUMP_BUTTON,OPEN_BUTTON,REF_TABLE_ID,REF_FIELD_NAME,SPECIAL_BUTTON) VALUES ('TBLID_BPROD_TST','SELF_DEF_17','SELF_DEF_17','SELF_DEF_17','STRING',120,'N','Y','N','Y',205,-1,0,0,205,'N','N','N','STRING',120,'Y',0,'Y','Y','Y','NONE',NULL,NULL,NULL,NULL,'N','N',0,NULL,NULL,0);
INSERT INTO SM_FIELD_DEF (TABLE_ID,FIELD_NAME,JP_TITLE,US_TITLE,DB_TYPE,DB_LENGTH,IS_KEY,NOT_BLANK,IS_DUMMY,IS_SEARCH_ITEM,SORT_NO,TREE_LEVEL,SHEET_NO,PAGE_NO,PROPERTY_NO,IS_AUTO,IS_MANDATORY,SYSTEM_READONLY,FIELD_TYPE,FIELD_LENGTH,INPUT_ALPHABET,INPUT_MULTIBYTE,INPUT_NUMERIC,INPUT_SYMBOL,INPUT_UPPERCASE,RETRIEVAL_TABLE,FORMAT,DEFAULT_VALUE,MIN_VALUE,MAX_VALUE,CALENDAR_BUTTON,JUMP_BUTTON,OPEN_BUTTON,REF_TABLE_ID,REF_FIELD_NAME,SPECIAL_BUTTON) VALUES ('TBLID_BPROD_TST','SELF_DEF_18','SELF_DEF_18','SELF_DEF_18','STRING',120,'N','Y','N','Y',206,-1,0,0,206,'N','N','N','STRING',120,'Y',0,'Y','Y','Y','NONE',NULL,NULL,NULL,NULL,'N','N',0,NULL,NULL,0);
INSERT INTO SM_FIELD_DEF (TABLE_ID,FIELD_NAME,JP_TITLE,US_TITLE,DB_TYPE,DB_LENGTH,IS_KEY,NOT_BLANK,IS_DUMMY,IS_SEARCH_ITEM,SORT_NO,TREE_LEVEL,SHEET_NO,PAGE_NO,PROPERTY_NO,IS_AUTO,IS_MANDATORY,SYSTEM_READONLY,FIELD_TYPE,FIELD_LENGTH,INPUT_ALPHABET,INPUT_MULTIBYTE,INPUT_NUMERIC,INPUT_SYMBOL,INPUT_UPPERCASE,RETRIEVAL_TABLE,FORMAT,DEFAULT_VALUE,MIN_VALUE,MAX_VALUE,CALENDAR_BUTTON,JUMP_BUTTON,OPEN_BUTTON,REF_TABLE_ID,REF_FIELD_NAME,SPECIAL_BUTTON) VALUES ('TBLID_BPROD_TST','SELF_DEF_19','SELF_DEF_19','SELF_DEF_19','STRING',120,'N','Y','N','Y',207,-1,0,0,207,'N','N','N','STRING',120,'Y',0,'Y','Y','Y','NONE',NULL,NULL,NULL,NULL,'N','N',0,NULL,NULL,0);
INSERT INTO SM_FIELD_DEF (TABLE_ID,FIELD_NAME,JP_TITLE,US_TITLE,DB_TYPE,DB_LENGTH,IS_KEY,NOT_BLANK,IS_DUMMY,IS_SEARCH_ITEM,SORT_NO,TREE_LEVEL,SHEET_NO,PAGE_NO,PROPERTY_NO,IS_AUTO,IS_MANDATORY,SYSTEM_READONLY,FIELD_TYPE,FIELD_LENGTH,INPUT_ALPHABET,INPUT_MULTIBYTE,INPUT_NUMERIC,INPUT_SYMBOL,INPUT_UPPERCASE,RETRIEVAL_TABLE,FORMAT,DEFAULT_VALUE,MIN_VALUE,MAX_VALUE,CALENDAR_BUTTON,JUMP_BUTTON,OPEN_BUTTON,REF_TABLE_ID,REF_FIELD_NAME,SPECIAL_BUTTON) VALUES ('TBLID_BPROD_TST','SELF_DEF_20','SELF_DEF_20','SELF_DEF_20','STRING',120,'N','Y','N','Y',208,-1,0,0,208,'N','N','N','STRING',120,'Y',0,'Y','Y','Y','NONE',NULL,NULL,NULL,NULL,'N','N',0,NULL,NULL,0);
INSERT INTO SM_FIELD_DEF (TABLE_ID,FIELD_NAME,JP_TITLE,US_TITLE,DB_TYPE,DB_LENGTH,IS_KEY,NOT_BLANK,IS_DUMMY,IS_SEARCH_ITEM,SORT_NO,TREE_LEVEL,SHEET_NO,PAGE_NO,PROPERTY_NO,IS_AUTO,IS_MANDATORY,SYSTEM_READONLY,FIELD_TYPE,FIELD_LENGTH,INPUT_ALPHABET,INPUT_MULTIBYTE,INPUT_NUMERIC,INPUT_SYMBOL,INPUT_UPPERCASE,RETRIEVAL_TABLE,FORMAT,DEFAULT_VALUE,MIN_VALUE,MAX_VALUE,CALENDAR_BUTTON,JUMP_BUTTON,OPEN_BUTTON,REF_TABLE_ID,REF_FIELD_NAME,SPECIAL_BUTTON) VALUES ('TBLID_BPROD_TST','SELF_DEF_21','SELF_DEF_21','SELF_DEF_21','STRING',120,'N','Y','N','Y',209,-1,0,0,209,'N','N','N','STRING',120,'Y',0,'Y','Y','Y','NONE',NULL,NULL,NULL,NULL,'N','N',0,NULL,NULL,0);
INSERT INTO SM_FIELD_DEF (TABLE_ID,FIELD_NAME,JP_TITLE,US_TITLE,DB_TYPE,DB_LENGTH,IS_KEY,NOT_BLANK,IS_DUMMY,IS_SEARCH_ITEM,SORT_NO,TREE_LEVEL,SHEET_NO,PAGE_NO,PROPERTY_NO,IS_AUTO,IS_MANDATORY,SYSTEM_READONLY,FIELD_TYPE,FIELD_LENGTH,INPUT_ALPHABET,INPUT_MULTIBYTE,INPUT_NUMERIC,INPUT_SYMBOL,INPUT_UPPERCASE,RETRIEVAL_TABLE,FORMAT,DEFAULT_VALUE,MIN_VALUE,MAX_VALUE,CALENDAR_BUTTON,JUMP_BUTTON,OPEN_BUTTON,REF_TABLE_ID,REF_FIELD_NAME,SPECIAL_BUTTON) VALUES ('TBLID_BPROD_TST','SELF_DEF_22','SELF_DEF_22','SELF_DEF_22','STRING',120,'N','Y','N','Y',210,-1,0,0,210,'N','N','N','STRING',120,'Y',0,'Y','Y','Y','NONE',NULL,NULL,NULL,NULL,'N','N',0,NULL,NULL,0);
INSERT INTO SM_FIELD_DEF (TABLE_ID,FIELD_NAME,JP_TITLE,US_TITLE,DB_TYPE,DB_LENGTH,IS_KEY,NOT_BLANK,IS_DUMMY,IS_SEARCH_ITEM,SORT_NO,TREE_LEVEL,SHEET_NO,PAGE_NO,PROPERTY_NO,IS_AUTO,IS_MANDATORY,SYSTEM_READONLY,FIELD_TYPE,FIELD_LENGTH,INPUT_ALPHABET,INPUT_MULTIBYTE,INPUT_NUMERIC,INPUT_SYMBOL,INPUT_UPPERCASE,RETRIEVAL_TABLE,FORMAT,DEFAULT_VALUE,MIN_VALUE,MAX_VALUE,CALENDAR_BUTTON,JUMP_BUTTON,OPEN_BUTTON,REF_TABLE_ID,REF_FIELD_NAME,SPECIAL_BUTTON) VALUES ('TBLID_BPROD_TST','SELF_DEF_23','SELF_DEF_23','SELF_DEF_23','STRING',120,'N','Y','N','Y',211,-1,0,0,211,'N','N','N','STRING',120,'Y',0,'Y','Y','Y','NONE',NULL,NULL,NULL,NULL,'N','N',0,NULL,NULL,0);
INSERT INTO SM_FIELD_DEF (TABLE_ID,FIELD_NAME,JP_TITLE,US_TITLE,DB_TYPE,DB_LENGTH,IS_KEY,NOT_BLANK,IS_DUMMY,IS_SEARCH_ITEM,SORT_NO,TREE_LEVEL,SHEET_NO,PAGE_NO,PROPERTY_NO,IS_AUTO,IS_MANDATORY,SYSTEM_READONLY,FIELD_TYPE,FIELD_LENGTH,INPUT_ALPHABET,INPUT_MULTIBYTE,INPUT_NUMERIC,INPUT_SYMBOL,INPUT_UPPERCASE,RETRIEVAL_TABLE,FORMAT,DEFAULT_VALUE,MIN_VALUE,MAX_VALUE,CALENDAR_BUTTON,JUMP_BUTTON,OPEN_BUTTON,REF_TABLE_ID,REF_FIELD_NAME,SPECIAL_BUTTON) VALUES ('TBLID_BPROD_TST','SELF_DEF_24','SELF_DEF_24','SELF_DEF_24','STRING',120,'N','Y','N','Y',212,-1,0,0,212,'N','N','N','STRING',120,'Y',0,'Y','Y','Y','NONE',NULL,NULL,NULL,NULL,'N','N',0,NULL,NULL,0);
INSERT INTO SM_FIELD_DEF (TABLE_ID,FIELD_NAME,JP_TITLE,US_TITLE,DB_TYPE,DB_LENGTH,IS_KEY,NOT_BLANK,IS_DUMMY,IS_SEARCH_ITEM,SORT_NO,TREE_LEVEL,SHEET_NO,PAGE_NO,PROPERTY_NO,IS_AUTO,IS_MANDATORY,SYSTEM_READONLY,FIELD_TYPE,FIELD_LENGTH,INPUT_ALPHABET,INPUT_MULTIBYTE,INPUT_NUMERIC,INPUT_SYMBOL,INPUT_UPPERCASE,RETRIEVAL_TABLE,FORMAT,DEFAULT_VALUE,MIN_VALUE,MAX_VALUE,CALENDAR_BUTTON,JUMP_BUTTON,OPEN_BUTTON,REF_TABLE_ID,REF_FIELD_NAME,SPECIAL_BUTTON) VALUES ('TBLID_BPROD_TST','SELF_DEF_25','SELF_DEF_25','SELF_DEF_25','STRING',120,'N','Y','N','Y',213,-1,0,0,213,'N','N','N','STRING',120,'Y',0,'Y','Y','Y','NONE',NULL,NULL,NULL,NULL,'N','N',0,NULL,NULL,0);
INSERT INTO SM_FIELD_DEF (TABLE_ID,FIELD_NAME,JP_TITLE,US_TITLE,DB_TYPE,DB_LENGTH,IS_KEY,NOT_BLANK,IS_DUMMY,IS_SEARCH_ITEM,SORT_NO,TREE_LEVEL,SHEET_NO,PAGE_NO,PROPERTY_NO,IS_AUTO,IS_MANDATORY,SYSTEM_READONLY,FIELD_TYPE,FIELD_LENGTH,INPUT_ALPHABET,INPUT_MULTIBYTE,INPUT_NUMERIC,INPUT_SYMBOL,INPUT_UPPERCASE,RETRIEVAL_TABLE,FORMAT,DEFAULT_VALUE,MIN_VALUE,MAX_VALUE,CALENDAR_BUTTON,JUMP_BUTTON,OPEN_BUTTON,REF_TABLE_ID,REF_FIELD_NAME,SPECIAL_BUTTON) VALUES ('TBLID_BPROD_TST','SELF_DEF_26','SELF_DEF_26','SELF_DEF_26','STRING',120,'N','Y','N','Y',214,-1,0,0,214,'N','N','N','STRING',120,'Y',0,'Y','Y','Y','NONE',NULL,NULL,NULL,NULL,'N','N',0,NULL,NULL,0);
INSERT INTO SM_FIELD_DEF (TABLE_ID,FIELD_NAME,JP_TITLE,US_TITLE,DB_TYPE,DB_LENGTH,IS_KEY,NOT_BLANK,IS_DUMMY,IS_SEARCH_ITEM,SORT_NO,TREE_LEVEL,SHEET_NO,PAGE_NO,PROPERTY_NO,IS_AUTO,IS_MANDATORY,SYSTEM_READONLY,FIELD_TYPE,FIELD_LENGTH,INPUT_ALPHABET,INPUT_MULTIBYTE,INPUT_NUMERIC,INPUT_SYMBOL,INPUT_UPPERCASE,RETRIEVAL_TABLE,FORMAT,DEFAULT_VALUE,MIN_VALUE,MAX_VALUE,CALENDAR_BUTTON,JUMP_BUTTON,OPEN_BUTTON,REF_TABLE_ID,REF_FIELD_NAME,SPECIAL_BUTTON) VALUES ('TBLID_BPROD_TST','SELF_DEF_27','SELF_DEF_27','SELF_DEF_27','STRING',120,'N','Y','N','Y',215,-1,0,0,215,'N','N','N','STRING',120,'Y',0,'Y','Y','Y','NONE',NULL,NULL,NULL,NULL,'N','N',0,NULL,NULL,0);
INSERT INTO SM_FIELD_DEF (TABLE_ID,FIELD_NAME,JP_TITLE,US_TITLE,DB_TYPE,DB_LENGTH,IS_KEY,NOT_BLANK,IS_DUMMY,IS_SEARCH_ITEM,SORT_NO,TREE_LEVEL,SHEET_NO,PAGE_NO,PROPERTY_NO,IS_AUTO,IS_MANDATORY,SYSTEM_READONLY,FIELD_TYPE,FIELD_LENGTH,INPUT_ALPHABET,INPUT_MULTIBYTE,INPUT_NUMERIC,INPUT_SYMBOL,INPUT_UPPERCASE,RETRIEVAL_TABLE,FORMAT,DEFAULT_VALUE,MIN_VALUE,MAX_VALUE,CALENDAR_BUTTON,JUMP_BUTTON,OPEN_BUTTON,REF_TABLE_ID,REF_FIELD_NAME,SPECIAL_BUTTON) VALUES ('TBLID_BPROD_TST','SELF_DEF_28','SELF_DEF_28','SELF_DEF_28','STRING',120,'N','Y','N','Y',216,-1,0,0,216,'N','N','N','STRING',120,'Y',0,'Y','Y','Y','NONE',NULL,NULL,NULL,NULL,'N','N',0,NULL,NULL,0);
INSERT INTO SM_FIELD_DEF (TABLE_ID,FIELD_NAME,JP_TITLE,US_TITLE,DB_TYPE,DB_LENGTH,IS_KEY,NOT_BLANK,IS_DUMMY,IS_SEARCH_ITEM,SORT_NO,TREE_LEVEL,SHEET_NO,PAGE_NO,PROPERTY_NO,IS_AUTO,IS_MANDATORY,SYSTEM_READONLY,FIELD_TYPE,FIELD_LENGTH,INPUT_ALPHABET,INPUT_MULTIBYTE,INPUT_NUMERIC,INPUT_SYMBOL,INPUT_UPPERCASE,RETRIEVAL_TABLE,FORMAT,DEFAULT_VALUE,MIN_VALUE,MAX_VALUE,CALENDAR_BUTTON,JUMP_BUTTON,OPEN_BUTTON,REF_TABLE_ID,REF_FIELD_NAME,SPECIAL_BUTTON) VALUES ('TBLID_BPROD_TST','SELF_DEF_29','SELF_DEF_29','SELF_DEF_29','STRING',120,'N','Y','N','Y',217,-1,0,0,217,'N','N','N','STRING',120,'Y',0,'Y','Y','Y','NONE',NULL,NULL,NULL,NULL,'N','N',0,NULL,NULL,0);
INSERT INTO SM_FIELD_DEF (TABLE_ID,FIELD_NAME,JP_TITLE,US_TITLE,DB_TYPE,DB_LENGTH,IS_KEY,NOT_BLANK,IS_DUMMY,IS_SEARCH_ITEM,SORT_NO,TREE_LEVEL,SHEET_NO,PAGE_NO,PROPERTY_NO,IS_AUTO,IS_MANDATORY,SYSTEM_READONLY,FIELD_TYPE,FIELD_LENGTH,INPUT_ALPHABET,INPUT_MULTIBYTE,INPUT_NUMERIC,INPUT_SYMBOL,INPUT_UPPERCASE,RETRIEVAL_TABLE,FORMAT,DEFAULT_VALUE,MIN_VALUE,MAX_VALUE,CALENDAR_BUTTON,JUMP_BUTTON,OPEN_BUTTON,REF_TABLE_ID,REF_FIELD_NAME,SPECIAL_BUTTON) VALUES ('TBLID_BPROD_TST','SELF_DEF_30','SELF_DEF_30','SELF_DEF_30','STRING',120,'N','Y','N','Y',218,-1,0,0,218,'N','N','N','STRING',120,'Y',0,'Y','Y','Y','NONE',NULL,NULL,NULL,NULL,'N','N',0,NULL,NULL,0);
INSERT INTO SM_CHECK_DEF (TABLE_ID,CHECK_TYPE,CHECK_ORDER,CHECK_KIND,FIELD_NAME,REF_TABLE,REF_FIELD,EXPECT_VALUE,ERR_MSG) VALUES ('TBLID_BPROD_TST','SAVE',1,'NOTNULL','PROD_ID',NULL,NULL,NULL,'PROD_ID required');
INSERT INTO SM_CHECK_DEF (TABLE_ID,CHECK_TYPE,CHECK_ORDER,CHECK_KIND,FIELD_NAME,REF_TABLE,REF_FIELD,EXPECT_VALUE,ERR_MSG) VALUES ('TBLID_BPROD_TST','SAVE',2,'STAT_N',NULL,NULL,NULL,NULL,'Not editable');
INSERT INTO SM_CHECK_DEF (TABLE_ID,CHECK_TYPE,CHECK_ORDER,CHECK_KIND,FIELD_NAME,REF_TABLE,REF_FIELD,EXPECT_VALUE,ERR_MSG) VALUES ('TBLID_BPROD_TST','SAVE',3,'LOCK_FREE',NULL,NULL,NULL,NULL,'Locked');
INSERT INTO SM_CHECK_DEF (TABLE_ID,CHECK_TYPE,CHECK_ORDER,CHECK_KIND,FIELD_NAME,REF_TABLE,REF_FIELD,EXPECT_VALUE,ERR_MSG) VALUES ('TBLID_BPROD_TST','RELEASE',1,'NOTNULL','PROD_ID',NULL,NULL,NULL,'PROD_ID required');
INSERT INTO SM_CHECK_DEF (TABLE_ID,CHECK_TYPE,CHECK_ORDER,CHECK_KIND,FIELD_NAME,REF_TABLE,REF_FIELD,EXPECT_VALUE,ERR_MSG) VALUES ('TBLID_BPROD_TST','RELEASE',2,'STAT_N',NULL,NULL,NULL,NULL,'Not editable');
INSERT INTO SM_CHECK_DEF (TABLE_ID,CHECK_TYPE,CHECK_ORDER,CHECK_KIND,FIELD_NAME,REF_TABLE,REF_FIELD,EXPECT_VALUE,ERR_MSG) VALUES ('TBLID_BPROD_TST','RELEASE',3,'LOCK_FREE',NULL,NULL,NULL,NULL,'Locked');
INSERT INTO SM_CHECK_DEF (TABLE_ID,CHECK_TYPE,CHECK_ORDER,CHECK_KIND,FIELD_NAME,REF_TABLE,REF_FIELD,EXPECT_VALUE,ERR_MSG) VALUES ('TBLID_BPROD_TST','RELEASE',10,'RELEASE_PARAM','PROD_ID','DPROD_TST',NULL,NULL,NULL);
INSERT INTO SM_CHECK_DEF (TABLE_ID,CHECK_TYPE,CHECK_ORDER,CHECK_KIND,FIELD_NAME,REF_TABLE,REF_FIELD,EXPECT_VALUE,ERR_MSG) VALUES ('TBLID_BPROD_TST','DELETE',1,'NOTNULL','PROD_ID',NULL,NULL,NULL,'PROD_ID required');
INSERT INTO SM_CHECK_DEF (TABLE_ID,CHECK_TYPE,CHECK_ORDER,CHECK_KIND,FIELD_NAME,REF_TABLE,REF_FIELD,EXPECT_VALUE,ERR_MSG) VALUES ('TBLID_BPROD_TST','DELETE',2,'STAT_Y',NULL,NULL,NULL,NULL,'Not released');
INSERT INTO SM_CHECK_DEF (TABLE_ID,CHECK_TYPE,CHECK_ORDER,CHECK_KIND,FIELD_NAME,REF_TABLE,REF_FIELD,EXPECT_VALUE,ERR_MSG) VALUES ('TBLID_BPROD_TST','DELETE',3,'LOCK_FREE',NULL,NULL,NULL,NULL,'Locked');
INSERT INTO SM_CHECK_DEF (TABLE_ID,CHECK_TYPE,CHECK_ORDER,CHECK_KIND,FIELD_NAME,REF_TABLE,REF_FIELD,EXPECT_VALUE,ERR_MSG) VALUES ('TBLID_BPROD_TST','EDITCOMP',1,'NOTNULL','PROD_ID',NULL,NULL,NULL,'PROD_ID required');
INSERT INTO SM_CHECK_DEF (TABLE_ID,CHECK_TYPE,CHECK_ORDER,CHECK_KIND,FIELD_NAME,REF_TABLE,REF_FIELD,EXPECT_VALUE,ERR_MSG) VALUES ('TBLID_BPROD_TST','EDITCOMP',2,'STAT_N',NULL,NULL,NULL,NULL,'Not editable');
INSERT INTO SM_CHECK_DEF (TABLE_ID,CHECK_TYPE,CHECK_ORDER,CHECK_KIND,FIELD_NAME,REF_TABLE,REF_FIELD,EXPECT_VALUE,ERR_MSG) VALUES ('TBLID_BPROD_TST','EDITCOMP',3,'LOCK_FREE',NULL,NULL,NULL,NULL,'Locked');
INSERT INTO SM_CHECK_DEF (TABLE_ID,CHECK_TYPE,CHECK_ORDER,CHECK_KIND,FIELD_NAME,REF_TABLE,REF_FIELD,EXPECT_VALUE,ERR_MSG) VALUES ('TBLID_BPROD_TST','EDITCOMP',4,'COMP_N',NULL,NULL,NULL,NULL,'Already complete');

INSERT INTO SM_TABLE_DEF (TABLE_ID,TABLE_NAME,JP_TITLE,US_TITLE,RELEASE_FLAG,DISTRIBUTE_FLAG,PERMISSION_TYPE,SCHEMA_TYPE,HAS_DUMMY,SORT_NO) VALUES ('TBLID_BPROD_X','BPROD_X','BPROD_X','BPROD_X','Y','N','C','L','N',920);
INSERT INTO SM_FIELD_DEF (TABLE_ID,FIELD_NAME,JP_TITLE,US_TITLE,DB_TYPE,DB_LENGTH,IS_KEY,NOT_BLANK,IS_DUMMY,IS_SEARCH_ITEM,SORT_NO,TREE_LEVEL,SHEET_NO,PAGE_NO,PROPERTY_NO,IS_AUTO,IS_MANDATORY,SYSTEM_READONLY,FIELD_TYPE,FIELD_LENGTH,INPUT_ALPHABET,INPUT_MULTIBYTE,INPUT_NUMERIC,INPUT_SYMBOL,INPUT_UPPERCASE,RETRIEVAL_TABLE,FORMAT,DEFAULT_VALUE,MIN_VALUE,MAX_VALUE,CALENDAR_BUTTON,JUMP_BUTTON,OPEN_BUTTON,REF_TABLE_ID,REF_FIELD_NAME,SPECIAL_BUTTON) VALUES ('TBLID_BPROD_X','PROD_ID','PROD_ID','PROD_ID','STRING',20,'Y','Y','N','Y',0,0,0,0,0,'N','N','N','STRING',20,'Y',0,'Y','Y','Y','NONE',NULL,NULL,NULL,NULL,'N','N',0,NULL,NULL,0);
INSERT INTO SM_FIELD_DEF (TABLE_ID,FIELD_NAME,JP_TITLE,US_TITLE,DB_TYPE,DB_LENGTH,IS_KEY,NOT_BLANK,IS_DUMMY,IS_SEARCH_ITEM,SORT_NO,TREE_LEVEL,SHEET_NO,PAGE_NO,PROPERTY_NO,IS_AUTO,IS_MANDATORY,SYSTEM_READONLY,FIELD_TYPE,FIELD_LENGTH,INPUT_ALPHABET,INPUT_MULTIBYTE,INPUT_NUMERIC,INPUT_SYMBOL,INPUT_UPPERCASE,RETRIEVAL_TABLE,FORMAT,DEFAULT_VALUE,MIN_VALUE,MAX_VALUE,CALENDAR_BUTTON,JUMP_BUTTON,OPEN_BUTTON,REF_TABLE_ID,REF_FIELD_NAME,SPECIAL_BUTTON) VALUES ('TBLID_BPROD_X','PROD_ID2','PROD_ID2','PROD_ID2','STRING',20,'N','Y','N','Y',1,-1,0,0,1,'N','N','N','STRING',20,'Y',0,'Y','Y','Y','NONE',NULL,NULL,NULL,NULL,'N','N',0,NULL,NULL,0);
INSERT INTO SM_FIELD_DEF (TABLE_ID,FIELD_NAME,JP_TITLE,US_TITLE,DB_TYPE,DB_LENGTH,IS_KEY,NOT_BLANK,IS_DUMMY,IS_SEARCH_ITEM,SORT_NO,TREE_LEVEL,SHEET_NO,PAGE_NO,PROPERTY_NO,IS_AUTO,IS_MANDATORY,SYSTEM_READONLY,FIELD_TYPE,FIELD_LENGTH,INPUT_ALPHABET,INPUT_MULTIBYTE,INPUT_NUMERIC,INPUT_SYMBOL,INPUT_UPPERCASE,RETRIEVAL_TABLE,FORMAT,DEFAULT_VALUE,MIN_VALUE,MAX_VALUE,CALENDAR_BUTTON,JUMP_BUTTON,OPEN_BUTTON,REF_TABLE_ID,REF_FIELD_NAME,SPECIAL_BUTTON) VALUES ('TBLID_BPROD_X','PROD_NAME','PROD_NAME','PROD_NAME','STRING',40,'N','Y','N','Y',2,-1,0,0,2,'N','N','N','STRING',40,'Y',0,'Y','Y','Y','NONE',NULL,NULL,NULL,NULL,'N','N',0,NULL,NULL,0);
INSERT INTO SM_FIELD_DEF (TABLE_ID,FIELD_NAME,JP_TITLE,US_TITLE,DB_TYPE,DB_LENGTH,IS_KEY,NOT_BLANK,IS_DUMMY,IS_SEARCH_ITEM,SORT_NO,TREE_LEVEL,SHEET_NO,PAGE_NO,PROPERTY_NO,IS_AUTO,IS_MANDATORY,SYSTEM_READONLY,FIELD_TYPE,FIELD_LENGTH,INPUT_ALPHABET,INPUT_MULTIBYTE,INPUT_NUMERIC,INPUT_SYMBOL,INPUT_UPPERCASE,RETRIEVAL_TABLE,FORMAT,DEFAULT_VALUE,MIN_VALUE,MAX_VALUE,CALENDAR_BUTTON,JUMP_BUTTON,OPEN_BUTTON,REF_TABLE_ID,REF_FIELD_NAME,SPECIAL_BUTTON) VALUES ('TBLID_BPROD_X','PROD_DESC','PROD_DESC','PROD_DESC','STRING',80,'N','Y','N','Y',3,-1,0,0,3,'N','N','N','STRING',80,'Y',0,'Y','Y','Y','NONE',NULL,NULL,NULL,NULL,'N','N',0,NULL,NULL,0);
INSERT INTO SM_FIELD_DEF (TABLE_ID,FIELD_NAME,JP_TITLE,US_TITLE,DB_TYPE,DB_LENGTH,IS_KEY,NOT_BLANK,IS_DUMMY,IS_SEARCH_ITEM,SORT_NO,TREE_LEVEL,SHEET_NO,PAGE_NO,PROPERTY_NO,IS_AUTO,IS_MANDATORY,SYSTEM_READONLY,FIELD_TYPE,FIELD_LENGTH,INPUT_ALPHABET,INPUT_MULTIBYTE,INPUT_NUMERIC,INPUT_SYMBOL,INPUT_UPPERCASE,RETRIEVAL_TABLE,FORMAT,DEFAULT_VALUE,MIN_VALUE,MAX_VALUE,CALENDAR_BUTTON,JUMP_BUTTON,OPEN_BUTTON,REF_TABLE_ID,REF_FIELD_NAME,SPECIAL_BUTTON) VALUES ('TBLID_BPROD_X','PROD_CAT','PROD_CAT','PROD_CAT','STRING',1,'N','Y','N','Y',4,-1,0,0,4,'N','N','N','STRING',1,'Y',0,'Y','Y','Y','NONE',NULL,NULL,NULL,NULL,'N','N',0,NULL,NULL,0);
INSERT INTO SM_FIELD_DEF (TABLE_ID,FIELD_NAME,JP_TITLE,US_TITLE,DB_TYPE,DB_LENGTH,IS_KEY,NOT_BLANK,IS_DUMMY,IS_SEARCH_ITEM,SORT_NO,TREE_LEVEL,SHEET_NO,PAGE_NO,PROPERTY_NO,IS_AUTO,IS_MANDATORY,SYSTEM_READONLY,FIELD_TYPE,FIELD_LENGTH,INPUT_ALPHABET,INPUT_MULTIBYTE,INPUT_NUMERIC,INPUT_SYMBOL,INPUT_UPPERCASE,RETRIEVAL_TABLE,FORMAT,DEFAULT_VALUE,MIN_VALUE,MAX_VALUE,CALENDAR_BUTTON,JUMP_BUTTON,OPEN_BUTTON,REF_TABLE_ID,REF_FIELD_NAME,SPECIAL_BUTTON) VALUES ('TBLID_BPROD_X','ROUTE_ID','ROUTE_ID','ROUTE_ID','STRING',12,'N','Y','N','Y',5,-1,0,0,5,'N','N','N','STRING',12,'Y',0,'Y','Y','Y','NONE',NULL,NULL,NULL,NULL,'N','N',0,NULL,NULL,0);
INSERT INTO SM_FIELD_DEF (TABLE_ID,FIELD_NAME,JP_TITLE,US_TITLE,DB_TYPE,DB_LENGTH,IS_KEY,NOT_BLANK,IS_DUMMY,IS_SEARCH_ITEM,SORT_NO,TREE_LEVEL,SHEET_NO,PAGE_NO,PROPERTY_NO,IS_AUTO,IS_MANDATORY,SYSTEM_READONLY,FIELD_TYPE,FIELD_LENGTH,INPUT_ALPHABET,INPUT_MULTIBYTE,INPUT_NUMERIC,INPUT_SYMBOL,INPUT_UPPERCASE,RETRIEVAL_TABLE,FORMAT,DEFAULT_VALUE,MIN_VALUE,MAX_VALUE,CALENDAR_BUTTON,JUMP_BUTTON,OPEN_BUTTON,REF_TABLE_ID,REF_FIELD_NAME,SPECIAL_BUTTON) VALUES ('TBLID_BPROD_X','ROUTE_VER','ROUTE_VER','ROUTE_VER','STRING',3,'N','Y','N','Y',6,-1,0,0,6,'N','N','N','STRING',3,'Y',0,'Y','Y','Y','NONE',NULL,NULL,NULL,NULL,'N','N',0,NULL,NULL,0);
INSERT INTO SM_FIELD_DEF (TABLE_ID,FIELD_NAME,JP_TITLE,US_TITLE,DB_TYPE,DB_LENGTH,IS_KEY,NOT_BLANK,IS_DUMMY,IS_SEARCH_ITEM,SORT_NO,TREE_LEVEL,SHEET_NO,PAGE_NO,PROPERTY_NO,IS_AUTO,IS_MANDATORY,SYSTEM_READONLY,FIELD_TYPE,FIELD_LENGTH,INPUT_ALPHABET,INPUT_MULTIBYTE,INPUT_NUMERIC,INPUT_SYMBOL,INPUT_UPPERCASE,RETRIEVAL_TABLE,FORMAT,DEFAULT_VALUE,MIN_VALUE,MAX_VALUE,CALENDAR_BUTTON,JUMP_BUTTON,OPEN_BUTTON,REF_TABLE_ID,REF_FIELD_NAME,SPECIAL_BUTTON) VALUES ('TBLID_BPROD_X','PRODUCT_KIND','PRODUCT_KIND','PRODUCT_KIND','STRING',10,'N','Y','N','Y',7,-1,0,0,7,'N','N','N','STRING',10,'Y',0,'Y','Y','Y','NONE',NULL,NULL,NULL,NULL,'N','N',0,NULL,NULL,0);
INSERT INTO SM_FIELD_DEF (TABLE_ID,FIELD_NAME,JP_TITLE,US_TITLE,DB_TYPE,DB_LENGTH,IS_KEY,NOT_BLANK,IS_DUMMY,IS_SEARCH_ITEM,SORT_NO,TREE_LEVEL,SHEET_NO,PAGE_NO,PROPERTY_NO,IS_AUTO,IS_MANDATORY,SYSTEM_READONLY,FIELD_TYPE,FIELD_LENGTH,INPUT_ALPHABET,INPUT_MULTIBYTE,INPUT_NUMERIC,INPUT_SYMBOL,INPUT_UPPERCASE,RETRIEVAL_TABLE,FORMAT,DEFAULT_VALUE,MIN_VALUE,MAX_VALUE,CALENDAR_BUTTON,JUMP_BUTTON,OPEN_BUTTON,REF_TABLE_ID,REF_FIELD_NAME,SPECIAL_BUTTON) VALUES ('TBLID_BPROD_X','WHT_FLG','WHT_FLG','WHT_FLG','STRING',10,'N','Y','N','Y',8,-1,0,0,8,'N','N','N','STRING',10,'Y',0,'Y','Y','Y','NONE',NULL,NULL,NULL,NULL,'N','N',0,NULL,NULL,0);
INSERT INTO SM_FIELD_DEF (TABLE_ID,FIELD_NAME,JP_TITLE,US_TITLE,DB_TYPE,DB_LENGTH,IS_KEY,NOT_BLANK,IS_DUMMY,IS_SEARCH_ITEM,SORT_NO,TREE_LEVEL,SHEET_NO,PAGE_NO,PROPERTY_NO,IS_AUTO,IS_MANDATORY,SYSTEM_READONLY,FIELD_TYPE,FIELD_LENGTH,INPUT_ALPHABET,INPUT_MULTIBYTE,INPUT_NUMERIC,INPUT_SYMBOL,INPUT_UPPERCASE,RETRIEVAL_TABLE,FORMAT,DEFAULT_VALUE,MIN_VALUE,MAX_VALUE,CALENDAR_BUTTON,JUMP_BUTTON,OPEN_BUTTON,REF_TABLE_ID,REF_FIELD_NAME,SPECIAL_BUTTON) VALUES ('TBLID_BPROD_X','EG_FLG','EG_FLG','EG_FLG','STRING',10,'N','Y','N','Y',9,-1,0,0,9,'N','N','N','STRING',10,'Y',0,'Y','Y','Y','NONE',NULL,NULL,NULL,NULL,'N','N',0,NULL,NULL,0);
INSERT INTO SM_FIELD_DEF (TABLE_ID,FIELD_NAME,JP_TITLE,US_TITLE,DB_TYPE,DB_LENGTH,IS_KEY,NOT_BLANK,IS_DUMMY,IS_SEARCH_ITEM,SORT_NO,TREE_LEVEL,SHEET_NO,PAGE_NO,PROPERTY_NO,IS_AUTO,IS_MANDATORY,SYSTEM_READONLY,FIELD_TYPE,FIELD_LENGTH,INPUT_ALPHABET,INPUT_MULTIBYTE,INPUT_NUMERIC,INPUT_SYMBOL,INPUT_UPPERCASE,RETRIEVAL_TABLE,FORMAT,DEFAULT_VALUE,MIN_VALUE,MAX_VALUE,CALENDAR_BUTTON,JUMP_BUTTON,OPEN_BUTTON,REF_TABLE_ID,REF_FIELD_NAME,SPECIAL_BUTTON) VALUES ('TBLID_BPROD_X','CVD_FLG','CVD_FLG','CVD_FLG','STRING',10,'N','Y','N','Y',10,-1,0,0,10,'N','N','N','STRING',10,'Y',0,'Y','Y','Y','NONE',NULL,NULL,NULL,NULL,'N','N',0,NULL,NULL,0);
INSERT INTO SM_FIELD_DEF (TABLE_ID,FIELD_NAME,JP_TITLE,US_TITLE,DB_TYPE,DB_LENGTH,IS_KEY,NOT_BLANK,IS_DUMMY,IS_SEARCH_ITEM,SORT_NO,TREE_LEVEL,SHEET_NO,PAGE_NO,PROPERTY_NO,IS_AUTO,IS_MANDATORY,SYSTEM_READONLY,FIELD_TYPE,FIELD_LENGTH,INPUT_ALPHABET,INPUT_MULTIBYTE,INPUT_NUMERIC,INPUT_SYMBOL,INPUT_UPPERCASE,RETRIEVAL_TABLE,FORMAT,DEFAULT_VALUE,MIN_VALUE,MAX_VALUE,CALENDAR_BUTTON,JUMP_BUTTON,OPEN_BUTTON,REF_TABLE_ID,REF_FIELD_NAME,SPECIAL_BUTTON) VALUES ('TBLID_BPROD_X','SLICE_WIRE_PITCH','SLICE_WIRE_PITCH','SLICE_WIRE_PITCH','DOUBLE',0,'N','Y','N','Y',11,-1,0,0,11,'N','N','N','STRING',0,'Y',0,'Y','Y','Y','NONE',NULL,NULL,NULL,NULL,'N','N',0,NULL,NULL,0);
INSERT INTO SM_FIELD_DEF (TABLE_ID,FIELD_NAME,JP_TITLE,US_TITLE,DB_TYPE,DB_LENGTH,IS_KEY,NOT_BLANK,IS_DUMMY,IS_SEARCH_ITEM,SORT_NO,TREE_LEVEL,SHEET_NO,PAGE_NO,PROPERTY_NO,IS_AUTO,IS_MANDATORY,SYSTEM_READONLY,FIELD_TYPE,FIELD_LENGTH,INPUT_ALPHABET,INPUT_MULTIBYTE,INPUT_NUMERIC,INPUT_SYMBOL,INPUT_UPPERCASE,RETRIEVAL_TABLE,FORMAT,DEFAULT_VALUE,MIN_VALUE,MAX_VALUE,CALENDAR_BUTTON,JUMP_BUTTON,OPEN_BUTTON,REF_TABLE_ID,REF_FIELD_NAME,SPECIAL_BUTTON) VALUES ('TBLID_BPROD_X','CIR_WHEEL_STD','CIR_WHEEL_STD','CIR_WHEEL_STD','NUMBER',0,'N','Y','N','Y',12,-1,0,0,12,'N','N','N','STRING',0,'Y',0,'Y','Y','Y','NONE',NULL,NULL,NULL,NULL,'N','N',0,NULL,NULL,0);
INSERT INTO SM_FIELD_DEF (TABLE_ID,FIELD_NAME,JP_TITLE,US_TITLE,DB_TYPE,DB_LENGTH,IS_KEY,NOT_BLANK,IS_DUMMY,IS_SEARCH_ITEM,SORT_NO,TREE_LEVEL,SHEET_NO,PAGE_NO,PROPERTY_NO,IS_AUTO,IS_MANDATORY,SYSTEM_READONLY,FIELD_TYPE,FIELD_LENGTH,INPUT_ALPHABET,INPUT_MULTIBYTE,INPUT_NUMERIC,INPUT_SYMBOL,INPUT_UPPERCASE,RETRIEVAL_TABLE,FORMAT,DEFAULT_VALUE,MIN_VALUE,MAX_VALUE,CALENDAR_BUTTON,JUMP_BUTTON,OPEN_BUTTON,REF_TABLE_ID,REF_FIELD_NAME,SPECIAL_BUTTON) VALUES ('TBLID_BPROD_X','NOTCH_WHEEL_STD','NOTCH_WHEEL_STD','NOTCH_WHEEL_STD','NUMBER',0,'N','Y','N','Y',13,-1,0,0,13,'N','N','N','STRING',0,'Y',0,'Y','Y','Y','NONE',NULL,NULL,NULL,NULL,'N','N',0,NULL,NULL,0);
INSERT INTO SM_FIELD_DEF (TABLE_ID,FIELD_NAME,JP_TITLE,US_TITLE,DB_TYPE,DB_LENGTH,IS_KEY,NOT_BLANK,IS_DUMMY,IS_SEARCH_ITEM,SORT_NO,TREE_LEVEL,SHEET_NO,PAGE_NO,PROPERTY_NO,IS_AUTO,IS_MANDATORY,SYSTEM_READONLY,FIELD_TYPE,FIELD_LENGTH,INPUT_ALPHABET,INPUT_MULTIBYTE,INPUT_NUMERIC,INPUT_SYMBOL,INPUT_UPPERCASE,RETRIEVAL_TABLE,FORMAT,DEFAULT_VALUE,MIN_VALUE,MAX_VALUE,CALENDAR_BUTTON,JUMP_BUTTON,OPEN_BUTTON,REF_TABLE_ID,REF_FIELD_NAME,SPECIAL_BUTTON) VALUES ('TBLID_BPROD_X','FLT_GRIND_COUNT','FLT_GRIND_COUNT','FLT_GRIND_COUNT','NUMBER',0,'N','Y','N','Y',14,-1,0,0,14,'N','N','N','STRING',0,'Y',0,'Y','Y','Y','NONE',NULL,NULL,NULL,NULL,'N','N',0,NULL,NULL,0);
INSERT INTO SM_FIELD_DEF (TABLE_ID,FIELD_NAME,JP_TITLE,US_TITLE,DB_TYPE,DB_LENGTH,IS_KEY,NOT_BLANK,IS_DUMMY,IS_SEARCH_ITEM,SORT_NO,TREE_LEVEL,SHEET_NO,PAGE_NO,PROPERTY_NO,IS_AUTO,IS_MANDATORY,SYSTEM_READONLY,FIELD_TYPE,FIELD_LENGTH,INPUT_ALPHABET,INPUT_MULTIBYTE,INPUT_NUMERIC,INPUT_SYMBOL,INPUT_UPPERCASE,RETRIEVAL_TABLE,FORMAT,DEFAULT_VALUE,MIN_VALUE,MAX_VALUE,CALENDAR_BUTTON,JUMP_BUTTON,OPEN_BUTTON,REF_TABLE_ID,REF_FIELD_NAME,SPECIAL_BUTTON) VALUES ('TBLID_BPROD_X','FIN_GRIND_COUNT','FIN_GRIND_COUNT','FIN_GRIND_COUNT','NUMBER',0,'N','Y','N','Y',15,-1,0,0,15,'N','N','N','STRING',0,'Y',0,'Y','Y','Y','NONE',NULL,NULL,NULL,NULL,'N','N',0,NULL,NULL,0);
INSERT INTO SM_FIELD_DEF (TABLE_ID,FIELD_NAME,JP_TITLE,US_TITLE,DB_TYPE,DB_LENGTH,IS_KEY,NOT_BLANK,IS_DUMMY,IS_SEARCH_ITEM,SORT_NO,TREE_LEVEL,SHEET_NO,PAGE_NO,PROPERTY_NO,IS_AUTO,IS_MANDATORY,SYSTEM_READONLY,FIELD_TYPE,FIELD_LENGTH,INPUT_ALPHABET,INPUT_MULTIBYTE,INPUT_NUMERIC,INPUT_SYMBOL,INPUT_UPPERCASE,RETRIEVAL_TABLE,FORMAT,DEFAULT_VALUE,MIN_VALUE,MAX_VALUE,CALENDAR_BUTTON,JUMP_BUTTON,OPEN_BUTTON,REF_TABLE_ID,REF_FIELD_NAME,SPECIAL_BUTTON) VALUES ('TBLID_BPROD_X','LM_FACE_SPECIFIED_FLG','LM_FACE_SPECIFIED_FLG','LM_FACE_SPECIFIED_FLG','NUMBER',0,'N','Y','N','Y',16,-1,0,0,16,'N','N','N','STRING',0,'Y',0,'Y','Y','Y','NONE',NULL,NULL,NULL,NULL,'N','N',0,NULL,NULL,0);
INSERT INTO SM_FIELD_DEF (TABLE_ID,FIELD_NAME,JP_TITLE,US_TITLE,DB_TYPE,DB_LENGTH,IS_KEY,NOT_BLANK,IS_DUMMY,IS_SEARCH_ITEM,SORT_NO,TREE_LEVEL,SHEET_NO,PAGE_NO,PROPERTY_NO,IS_AUTO,IS_MANDATORY,SYSTEM_READONLY,FIELD_TYPE,FIELD_LENGTH,INPUT_ALPHABET,INPUT_MULTIBYTE,INPUT_NUMERIC,INPUT_SYMBOL,INPUT_UPPERCASE,RETRIEVAL_TABLE,FORMAT,DEFAULT_VALUE,MIN_VALUE,MAX_VALUE,CALENDAR_BUTTON,JUMP_BUTTON,OPEN_BUTTON,REF_TABLE_ID,REF_FIELD_NAME,SPECIAL_BUTTON) VALUES ('TBLID_BPROD_X','LASRMARK_CAT','LASRMARK_CAT','LASRMARK_CAT','STRING',10,'N','Y','N','Y',17,-1,0,0,17,'N','N','N','STRING',10,'Y',0,'Y','Y','Y','NONE',NULL,NULL,NULL,NULL,'N','N',0,NULL,NULL,0);
INSERT INTO SM_FIELD_DEF (TABLE_ID,FIELD_NAME,JP_TITLE,US_TITLE,DB_TYPE,DB_LENGTH,IS_KEY,NOT_BLANK,IS_DUMMY,IS_SEARCH_ITEM,SORT_NO,TREE_LEVEL,SHEET_NO,PAGE_NO,PROPERTY_NO,IS_AUTO,IS_MANDATORY,SYSTEM_READONLY,FIELD_TYPE,FIELD_LENGTH,INPUT_ALPHABET,INPUT_MULTIBYTE,INPUT_NUMERIC,INPUT_SYMBOL,INPUT_UPPERCASE,RETRIEVAL_TABLE,FORMAT,DEFAULT_VALUE,MIN_VALUE,MAX_VALUE,CALENDAR_BUTTON,JUMP_BUTTON,OPEN_BUTTON,REF_TABLE_ID,REF_FIELD_NAME,SPECIAL_BUTTON) VALUES ('TBLID_BPROD_X','LASRMARK_PRINT_PTN1','LASRMARK_PRINT_PTN1','LASRMARK_PRINT_PTN1','STRING',10,'N','Y','N','Y',18,-1,0,0,18,'N','N','N','STRING',10,'Y',0,'Y','Y','Y','NONE',NULL,NULL,NULL,NULL,'N','N',0,NULL,NULL,0);
INSERT INTO SM_FIELD_DEF (TABLE_ID,FIELD_NAME,JP_TITLE,US_TITLE,DB_TYPE,DB_LENGTH,IS_KEY,NOT_BLANK,IS_DUMMY,IS_SEARCH_ITEM,SORT_NO,TREE_LEVEL,SHEET_NO,PAGE_NO,PROPERTY_NO,IS_AUTO,IS_MANDATORY,SYSTEM_READONLY,FIELD_TYPE,FIELD_LENGTH,INPUT_ALPHABET,INPUT_MULTIBYTE,INPUT_NUMERIC,INPUT_SYMBOL,INPUT_UPPERCASE,RETRIEVAL_TABLE,FORMAT,DEFAULT_VALUE,MIN_VALUE,MAX_VALUE,CALENDAR_BUTTON,JUMP_BUTTON,OPEN_BUTTON,REF_TABLE_ID,REF_FIELD_NAME,SPECIAL_BUTTON) VALUES ('TBLID_BPROD_X','LASRMARK_PRINT_PTN2','LASRMARK_PRINT_PTN2','LASRMARK_PRINT_PTN2','STRING',10,'N','Y','N','Y',19,-1,0,0,19,'N','N','N','STRING',10,'Y',0,'Y','Y','Y','NONE',NULL,NULL,NULL,NULL,'N','N',0,NULL,NULL,0);
INSERT INTO SM_FIELD_DEF (TABLE_ID,FIELD_NAME,JP_TITLE,US_TITLE,DB_TYPE,DB_LENGTH,IS_KEY,NOT_BLANK,IS_DUMMY,IS_SEARCH_ITEM,SORT_NO,TREE_LEVEL,SHEET_NO,PAGE_NO,PROPERTY_NO,IS_AUTO,IS_MANDATORY,SYSTEM_READONLY,FIELD_TYPE,FIELD_LENGTH,INPUT_ALPHABET,INPUT_MULTIBYTE,INPUT_NUMERIC,INPUT_SYMBOL,INPUT_UPPERCASE,RETRIEVAL_TABLE,FORMAT,DEFAULT_VALUE,MIN_VALUE,MAX_VALUE,CALENDAR_BUTTON,JUMP_BUTTON,OPEN_BUTTON,REF_TABLE_ID,REF_FIELD_NAME,SPECIAL_BUTTON) VALUES ('TBLID_BPROD_X','EDGING_REMOVE','EDGING_REMOVE','EDGING_REMOVE','NUMBER',0,'N','Y','N','Y',20,-1,0,0,20,'N','N','N','STRING',0,'Y',0,'Y','Y','Y','NONE',NULL,NULL,NULL,NULL,'N','N',0,NULL,NULL,0);
INSERT INTO SM_FIELD_DEF (TABLE_ID,FIELD_NAME,JP_TITLE,US_TITLE,DB_TYPE,DB_LENGTH,IS_KEY,NOT_BLANK,IS_DUMMY,IS_SEARCH_ITEM,SORT_NO,TREE_LEVEL,SHEET_NO,PAGE_NO,PROPERTY_NO,IS_AUTO,IS_MANDATORY,SYSTEM_READONLY,FIELD_TYPE,FIELD_LENGTH,INPUT_ALPHABET,INPUT_MULTIBYTE,INPUT_NUMERIC,INPUT_SYMBOL,INPUT_UPPERCASE,RETRIEVAL_TABLE,FORMAT,DEFAULT_VALUE,MIN_VALUE,MAX_VALUE,CALENDAR_BUTTON,JUMP_BUTTON,OPEN_BUTTON,REF_TABLE_ID,REF_FIELD_NAME,SPECIAL_BUTTON) VALUES ('TBLID_BPROD_X','POLISH_KIND','POLISH_KIND','POLISH_KIND','NUMBER',0,'N','Y','N','Y',21,-1,0,0,21,'N','N','N','STRING',0,'Y',0,'Y','Y','Y','NONE',NULL,NULL,NULL,NULL,'N','N',0,NULL,NULL,0);
INSERT INTO SM_FIELD_DEF (TABLE_ID,FIELD_NAME,JP_TITLE,US_TITLE,DB_TYPE,DB_LENGTH,IS_KEY,NOT_BLANK,IS_DUMMY,IS_SEARCH_ITEM,SORT_NO,TREE_LEVEL,SHEET_NO,PAGE_NO,PROPERTY_NO,IS_AUTO,IS_MANDATORY,SYSTEM_READONLY,FIELD_TYPE,FIELD_LENGTH,INPUT_ALPHABET,INPUT_MULTIBYTE,INPUT_NUMERIC,INPUT_SYMBOL,INPUT_UPPERCASE,RETRIEVAL_TABLE,FORMAT,DEFAULT_VALUE,MIN_VALUE,MAX_VALUE,CALENDAR_BUTTON,JUMP_BUTTON,OPEN_BUTTON,REF_TABLE_ID,REF_FIELD_NAME,SPECIAL_BUTTON) VALUES ('TBLID_BPROD_X','FLATNESS_RANK','FLATNESS_RANK','FLATNESS_RANK','STRING',1,'N','Y','N','Y',22,-1,0,0,22,'N','N','N','STRING',1,'Y',0,'Y','Y','Y','NONE',NULL,NULL,NULL,NULL,'N','N',0,NULL,NULL,0);
INSERT INTO SM_FIELD_DEF (TABLE_ID,FIELD_NAME,JP_TITLE,US_TITLE,DB_TYPE,DB_LENGTH,IS_KEY,NOT_BLANK,IS_DUMMY,IS_SEARCH_ITEM,SORT_NO,TREE_LEVEL,SHEET_NO,PAGE_NO,PROPERTY_NO,IS_AUTO,IS_MANDATORY,SYSTEM_READONLY,FIELD_TYPE,FIELD_LENGTH,INPUT_ALPHABET,INPUT_MULTIBYTE,INPUT_NUMERIC,INPUT_SYMBOL,INPUT_UPPERCASE,RETRIEVAL_TABLE,FORMAT,DEFAULT_VALUE,MIN_VALUE,MAX_VALUE,CALENDAR_BUTTON,JUMP_BUTTON,OPEN_BUTTON,REF_TABLE_ID,REF_FIELD_NAME,SPECIAL_BUTTON) VALUES ('TBLID_BPROD_X','FLT_POLISH_CROSS_LIFE_STD','FLT_POLISH_CROSS_LIFE_STD','FLT_POLISH_CROSS_LIFE_STD','STRING',40,'N','Y','N','Y',23,-1,0,0,23,'N','N','N','STRING',40,'Y',0,'Y','Y','Y','NONE',NULL,NULL,NULL,NULL,'N','N',0,NULL,NULL,0);
INSERT INTO SM_FIELD_DEF (TABLE_ID,FIELD_NAME,JP_TITLE,US_TITLE,DB_TYPE,DB_LENGTH,IS_KEY,NOT_BLANK,IS_DUMMY,IS_SEARCH_ITEM,SORT_NO,TREE_LEVEL,SHEET_NO,PAGE_NO,PROPERTY_NO,IS_AUTO,IS_MANDATORY,SYSTEM_READONLY,FIELD_TYPE,FIELD_LENGTH,INPUT_ALPHABET,INPUT_MULTIBYTE,INPUT_NUMERIC,INPUT_SYMBOL,INPUT_UPPERCASE,RETRIEVAL_TABLE,FORMAT,DEFAULT_VALUE,MIN_VALUE,MAX_VALUE,CALENDAR_BUTTON,JUMP_BUTTON,OPEN_BUTTON,REF_TABLE_ID,REF_FIELD_NAME,SPECIAL_BUTTON) VALUES ('TBLID_BPROD_X','MIRROR_GRIND_GRAVITY','MIRROR_GRIND_GRAVITY','MIRROR_GRIND_GRAVITY','STRING',1,'N','Y','N','Y',24,-1,0,0,24,'N','N','N','STRING',1,'Y',0,'Y','Y','Y','NONE',NULL,NULL,NULL,NULL,'N','N',0,NULL,NULL,0);
INSERT INTO SM_FIELD_DEF (TABLE_ID,FIELD_NAME,JP_TITLE,US_TITLE,DB_TYPE,DB_LENGTH,IS_KEY,NOT_BLANK,IS_DUMMY,IS_SEARCH_ITEM,SORT_NO,TREE_LEVEL,SHEET_NO,PAGE_NO,PROPERTY_NO,IS_AUTO,IS_MANDATORY,SYSTEM_READONLY,FIELD_TYPE,FIELD_LENGTH,INPUT_ALPHABET,INPUT_MULTIBYTE,INPUT_NUMERIC,INPUT_SYMBOL,INPUT_UPPERCASE,RETRIEVAL_TABLE,FORMAT,DEFAULT_VALUE,MIN_VALUE,MAX_VALUE,CALENDAR_BUTTON,JUMP_BUTTON,OPEN_BUTTON,REF_TABLE_ID,REF_FIELD_NAME,SPECIAL_BUTTON) VALUES ('TBLID_BPROD_X','FIN_POLISH_CROSS_LIFE_STD','FIN_POLISH_CROSS_LIFE_STD','FIN_POLISH_CROSS_LIFE_STD','STRING',40,'N','Y','N','Y',25,-1,0,0,25,'N','N','N','STRING',40,'Y',0,'Y','Y','Y','NONE',NULL,NULL,NULL,NULL,'N','N',0,NULL,NULL,0);
INSERT INTO SM_FIELD_DEF (TABLE_ID,FIELD_NAME,JP_TITLE,US_TITLE,DB_TYPE,DB_LENGTH,IS_KEY,NOT_BLANK,IS_DUMMY,IS_SEARCH_ITEM,SORT_NO,TREE_LEVEL,SHEET_NO,PAGE_NO,PROPERTY_NO,IS_AUTO,IS_MANDATORY,SYSTEM_READONLY,FIELD_TYPE,FIELD_LENGTH,INPUT_ALPHABET,INPUT_MULTIBYTE,INPUT_NUMERIC,INPUT_SYMBOL,INPUT_UPPERCASE,RETRIEVAL_TABLE,FORMAT,DEFAULT_VALUE,MIN_VALUE,MAX_VALUE,CALENDAR_BUTTON,JUMP_BUTTON,OPEN_BUTTON,REF_TABLE_ID,REF_FIELD_NAME,SPECIAL_BUTTON) VALUES ('TBLID_BPROD_X','FOSB_INFOPAD_PLUG_POS','FOSB_INFOPAD_PLUG_POS','FOSB_INFOPAD_PLUG_POS','STRING',40,'N','Y','N','Y',26,-1,0,0,26,'N','N','N','STRING',40,'Y',0,'Y','Y','Y','NONE',NULL,NULL,NULL,NULL,'N','N',0,NULL,NULL,0);
INSERT INTO SM_FIELD_DEF (TABLE_ID,FIELD_NAME,JP_TITLE,US_TITLE,DB_TYPE,DB_LENGTH,IS_KEY,NOT_BLANK,IS_DUMMY,IS_SEARCH_ITEM,SORT_NO,TREE_LEVEL,SHEET_NO,PAGE_NO,PROPERTY_NO,IS_AUTO,IS_MANDATORY,SYSTEM_READONLY,FIELD_TYPE,FIELD_LENGTH,INPUT_ALPHABET,INPUT_MULTIBYTE,INPUT_NUMERIC,INPUT_SYMBOL,INPUT_UPPERCASE,RETRIEVAL_TABLE,FORMAT,DEFAULT_VALUE,MIN_VALUE,MAX_VALUE,CALENDAR_BUTTON,JUMP_BUTTON,OPEN_BUTTON,REF_TABLE_ID,REF_FIELD_NAME,SPECIAL_BUTTON) VALUES ('TBLID_BPROD_X','SENTER_RITENER_EXIST','SENTER_RITENER_EXIST','SENTER_RITENER_EXIST','NUMBER',0,'N','Y','N','Y',27,-1,0,0,27,'N','N','N','STRING',0,'Y',0,'Y','Y','Y','NONE',NULL,NULL,NULL,NULL,'N','N',0,NULL,NULL,0);
INSERT INTO SM_FIELD_DEF (TABLE_ID,FIELD_NAME,JP_TITLE,US_TITLE,DB_TYPE,DB_LENGTH,IS_KEY,NOT_BLANK,IS_DUMMY,IS_SEARCH_ITEM,SORT_NO,TREE_LEVEL,SHEET_NO,PAGE_NO,PROPERTY_NO,IS_AUTO,IS_MANDATORY,SYSTEM_READONLY,FIELD_TYPE,FIELD_LENGTH,INPUT_ALPHABET,INPUT_MULTIBYTE,INPUT_NUMERIC,INPUT_SYMBOL,INPUT_UPPERCASE,RETRIEVAL_TABLE,FORMAT,DEFAULT_VALUE,MIN_VALUE,MAX_VALUE,CALENDAR_BUTTON,JUMP_BUTTON,OPEN_BUTTON,REF_TABLE_ID,REF_FIELD_NAME,SPECIAL_BUTTON) VALUES ('TBLID_BPROD_X','SHIP_LABEL_POS1','SHIP_LABEL_POS1','SHIP_LABEL_POS1','STRING',20,'N','Y','N','Y',28,-1,0,0,28,'N','N','N','STRING',20,'Y',0,'Y','Y','Y','NONE',NULL,NULL,NULL,NULL,'N','N',0,NULL,NULL,0);
INSERT INTO SM_FIELD_DEF (TABLE_ID,FIELD_NAME,JP_TITLE,US_TITLE,DB_TYPE,DB_LENGTH,IS_KEY,NOT_BLANK,IS_DUMMY,IS_SEARCH_ITEM,SORT_NO,TREE_LEVEL,SHEET_NO,PAGE_NO,PROPERTY_NO,IS_AUTO,IS_MANDATORY,SYSTEM_READONLY,FIELD_TYPE,FIELD_LENGTH,INPUT_ALPHABET,INPUT_MULTIBYTE,INPUT_NUMERIC,INPUT_SYMBOL,INPUT_UPPERCASE,RETRIEVAL_TABLE,FORMAT,DEFAULT_VALUE,MIN_VALUE,MAX_VALUE,CALENDAR_BUTTON,JUMP_BUTTON,OPEN_BUTTON,REF_TABLE_ID,REF_FIELD_NAME,SPECIAL_BUTTON) VALUES ('TBLID_BPROD_X','SHIP_LABEL_POS2','SHIP_LABEL_POS2','SHIP_LABEL_POS2','STRING',20,'N','Y','N','Y',29,-1,0,0,29,'N','N','N','STRING',20,'Y',0,'Y','Y','Y','NONE',NULL,NULL,NULL,NULL,'N','N',0,NULL,NULL,0);
INSERT INTO SM_FIELD_DEF (TABLE_ID,FIELD_NAME,JP_TITLE,US_TITLE,DB_TYPE,DB_LENGTH,IS_KEY,NOT_BLANK,IS_DUMMY,IS_SEARCH_ITEM,SORT_NO,TREE_LEVEL,SHEET_NO,PAGE_NO,PROPERTY_NO,IS_AUTO,IS_MANDATORY,SYSTEM_READONLY,FIELD_TYPE,FIELD_LENGTH,INPUT_ALPHABET,INPUT_MULTIBYTE,INPUT_NUMERIC,INPUT_SYMBOL,INPUT_UPPERCASE,RETRIEVAL_TABLE,FORMAT,DEFAULT_VALUE,MIN_VALUE,MAX_VALUE,CALENDAR_BUTTON,JUMP_BUTTON,OPEN_BUTTON,REF_TABLE_ID,REF_FIELD_NAME,SPECIAL_BUTTON) VALUES ('TBLID_BPROD_X','SHIP_LABEL_POS3','SHIP_LABEL_POS3','SHIP_LABEL_POS3','STRING',20,'N','Y','N','Y',30,-1,0,0,30,'N','N','N','STRING',20,'Y',0,'Y','Y','Y','NONE',NULL,NULL,NULL,NULL,'N','N',0,NULL,NULL,0);
INSERT INTO SM_FIELD_DEF (TABLE_ID,FIELD_NAME,JP_TITLE,US_TITLE,DB_TYPE,DB_LENGTH,IS_KEY,NOT_BLANK,IS_DUMMY,IS_SEARCH_ITEM,SORT_NO,TREE_LEVEL,SHEET_NO,PAGE_NO,PROPERTY_NO,IS_AUTO,IS_MANDATORY,SYSTEM_READONLY,FIELD_TYPE,FIELD_LENGTH,INPUT_ALPHABET,INPUT_MULTIBYTE,INPUT_NUMERIC,INPUT_SYMBOL,INPUT_UPPERCASE,RETRIEVAL_TABLE,FORMAT,DEFAULT_VALUE,MIN_VALUE,MAX_VALUE,CALENDAR_BUTTON,JUMP_BUTTON,OPEN_BUTTON,REF_TABLE_ID,REF_FIELD_NAME,SPECIAL_BUTTON) VALUES ('TBLID_BPROD_X','DESICCANT_EXIST','DESICCANT_EXIST','DESICCANT_EXIST','NUMBER',0,'N','Y','N','Y',31,-1,0,0,31,'N','N','N','STRING',0,'Y',0,'Y','Y','Y','NONE',NULL,NULL,NULL,NULL,'N','N',0,NULL,NULL,0);
INSERT INTO SM_FIELD_DEF (TABLE_ID,FIELD_NAME,JP_TITLE,US_TITLE,DB_TYPE,DB_LENGTH,IS_KEY,NOT_BLANK,IS_DUMMY,IS_SEARCH_ITEM,SORT_NO,TREE_LEVEL,SHEET_NO,PAGE_NO,PROPERTY_NO,IS_AUTO,IS_MANDATORY,SYSTEM_READONLY,FIELD_TYPE,FIELD_LENGTH,INPUT_ALPHABET,INPUT_MULTIBYTE,INPUT_NUMERIC,INPUT_SYMBOL,INPUT_UPPERCASE,RETRIEVAL_TABLE,FORMAT,DEFAULT_VALUE,MIN_VALUE,MAX_VALUE,CALENDAR_BUTTON,JUMP_BUTTON,OPEN_BUTTON,REF_TABLE_ID,REF_FIELD_NAME,SPECIAL_BUTTON) VALUES ('TBLID_BPROD_X','DESICCANT_POS','DESICCANT_POS','DESICCANT_POS','STRING',20,'N','Y','N','Y',32,-1,0,0,32,'N','N','N','STRING',20,'Y',0,'Y','Y','Y','NONE',NULL,NULL,NULL,NULL,'N','N',0,NULL,NULL,0);
INSERT INTO SM_FIELD_DEF (TABLE_ID,FIELD_NAME,JP_TITLE,US_TITLE,DB_TYPE,DB_LENGTH,IS_KEY,NOT_BLANK,IS_DUMMY,IS_SEARCH_ITEM,SORT_NO,TREE_LEVEL,SHEET_NO,PAGE_NO,PROPERTY_NO,IS_AUTO,IS_MANDATORY,SYSTEM_READONLY,FIELD_TYPE,FIELD_LENGTH,INPUT_ALPHABET,INPUT_MULTIBYTE,INPUT_NUMERIC,INPUT_SYMBOL,INPUT_UPPERCASE,RETRIEVAL_TABLE,FORMAT,DEFAULT_VALUE,MIN_VALUE,MAX_VALUE,CALENDAR_BUTTON,JUMP_BUTTON,OPEN_BUTTON,REF_TABLE_ID,REF_FIELD_NAME,SPECIAL_BUTTON) VALUES ('TBLID_BPROD_X','KEM_PW_PROD_CODE','KEM_PW_PROD_CODE','KEM_PW_PROD_CODE','STRING',20,'N','Y','N','Y',33,-1,0,0,33,'N','N','N','STRING',20,'Y',0,'Y','Y','Y','NONE',NULL,NULL,NULL,NULL,'N','N',0,NULL,NULL,0);
INSERT INTO SM_FIELD_DEF (TABLE_ID,FIELD_NAME,JP_TITLE,US_TITLE,DB_TYPE,DB_LENGTH,IS_KEY,NOT_BLANK,IS_DUMMY,IS_SEARCH_ITEM,SORT_NO,TREE_LEVEL,SHEET_NO,PAGE_NO,PROPERTY_NO,IS_AUTO,IS_MANDATORY,SYSTEM_READONLY,FIELD_TYPE,FIELD_LENGTH,INPUT_ALPHABET,INPUT_MULTIBYTE,INPUT_NUMERIC,INPUT_SYMBOL,INPUT_UPPERCASE,RETRIEVAL_TABLE,FORMAT,DEFAULT_VALUE,MIN_VALUE,MAX_VALUE,CALENDAR_BUTTON,JUMP_BUTTON,OPEN_BUTTON,REF_TABLE_ID,REF_FIELD_NAME,SPECIAL_BUTTON) VALUES ('TBLID_BPROD_X','KEM_EP_PROD_CODE','KEM_EP_PROD_CODE','KEM_EP_PROD_CODE','STRING',20,'N','Y','N','Y',34,-1,0,0,34,'N','N','N','STRING',20,'Y',0,'Y','Y','Y','NONE',NULL,NULL,NULL,NULL,'N','N',0,NULL,NULL,0);
INSERT INTO SM_FIELD_DEF (TABLE_ID,FIELD_NAME,JP_TITLE,US_TITLE,DB_TYPE,DB_LENGTH,IS_KEY,NOT_BLANK,IS_DUMMY,IS_SEARCH_ITEM,SORT_NO,TREE_LEVEL,SHEET_NO,PAGE_NO,PROPERTY_NO,IS_AUTO,IS_MANDATORY,SYSTEM_READONLY,FIELD_TYPE,FIELD_LENGTH,INPUT_ALPHABET,INPUT_MULTIBYTE,INPUT_NUMERIC,INPUT_SYMBOL,INPUT_UPPERCASE,RETRIEVAL_TABLE,FORMAT,DEFAULT_VALUE,MIN_VALUE,MAX_VALUE,CALENDAR_BUTTON,JUMP_BUTTON,OPEN_BUTTON,REF_TABLE_ID,REF_FIELD_NAME,SPECIAL_BUTTON) VALUES ('TBLID_BPROD_X','KEM_AR_PROD_CODE','KEM_AR_PROD_CODE','KEM_AR_PROD_CODE','STRING',20,'N','Y','N','Y',35,-1,0,0,35,'N','N','N','STRING',20,'Y',0,'Y','Y','Y','NONE',NULL,NULL,NULL,NULL,'N','N',0,NULL,NULL,0);
INSERT INTO SM_FIELD_DEF (TABLE_ID,FIELD_NAME,JP_TITLE,US_TITLE,DB_TYPE,DB_LENGTH,IS_KEY,NOT_BLANK,IS_DUMMY,IS_SEARCH_ITEM,SORT_NO,TREE_LEVEL,SHEET_NO,PAGE_NO,PROPERTY_NO,IS_AUTO,IS_MANDATORY,SYSTEM_READONLY,FIELD_TYPE,FIELD_LENGTH,INPUT_ALPHABET,INPUT_MULTIBYTE,INPUT_NUMERIC,INPUT_SYMBOL,INPUT_UPPERCASE,RETRIEVAL_TABLE,FORMAT,DEFAULT_VALUE,MIN_VALUE,MAX_VALUE,CALENDAR_BUTTON,JUMP_BUTTON,OPEN_BUTTON,REF_TABLE_ID,REF_FIELD_NAME,SPECIAL_BUTTON) VALUES ('TBLID_BPROD_X','NOTCH_TOP_DEGREE','NOTCH_TOP_DEGREE','NOTCH_TOP_DEGREE','NUMBER',0,'N','Y','N','Y',36,-1,0,0,36,'N','N','N','STRING',0,'Y',0,'Y','Y','Y','NONE',NULL,NULL,NULL,NULL,'N','N',0,NULL,NULL,0);
INSERT INTO SM_FIELD_DEF (TABLE_ID,FIELD_NAME,JP_TITLE,US_TITLE,DB_TYPE,DB_LENGTH,IS_KEY,NOT_BLANK,IS_DUMMY,IS_SEARCH_ITEM,SORT_NO,TREE_LEVEL,SHEET_NO,PAGE_NO,PROPERTY_NO,IS_AUTO,IS_MANDATORY,SYSTEM_READONLY,FIELD_TYPE,FIELD_LENGTH,INPUT_ALPHABET,INPUT_MULTIBYTE,INPUT_NUMERIC,INPUT_SYMBOL,INPUT_UPPERCASE,RETRIEVAL_TABLE,FORMAT,DEFAULT_VALUE,MIN_VALUE,MAX_VALUE,CALENDAR_BUTTON,JUMP_BUTTON,OPEN_BUTTON,REF_TABLE_ID,REF_FIELD_NAME,SPECIAL_BUTTON) VALUES ('TBLID_BPROD_X','NOTCH_TOP_ARCMIN','NOTCH_TOP_ARCMIN','NOTCH_TOP_ARCMIN','NUMBER',0,'N','Y','N','Y',37,-1,0,0,37,'N','N','N','STRING',0,'Y',0,'Y','Y','Y','NONE',NULL,NULL,NULL,NULL,'N','N',0,NULL,NULL,0);
INSERT INTO SM_FIELD_DEF (TABLE_ID,FIELD_NAME,JP_TITLE,US_TITLE,DB_TYPE,DB_LENGTH,IS_KEY,NOT_BLANK,IS_DUMMY,IS_SEARCH_ITEM,SORT_NO,TREE_LEVEL,SHEET_NO,PAGE_NO,PROPERTY_NO,IS_AUTO,IS_MANDATORY,SYSTEM_READONLY,FIELD_TYPE,FIELD_LENGTH,INPUT_ALPHABET,INPUT_MULTIBYTE,INPUT_NUMERIC,INPUT_SYMBOL,INPUT_UPPERCASE,RETRIEVAL_TABLE,FORMAT,DEFAULT_VALUE,MIN_VALUE,MAX_VALUE,CALENDAR_BUTTON,JUMP_BUTTON,OPEN_BUTTON,REF_TABLE_ID,REF_FIELD_NAME,SPECIAL_BUTTON) VALUES ('TBLID_BPROD_X','NOTCH_TOP_ARCSEC','NOTCH_TOP_ARCSEC','NOTCH_TOP_ARCSEC','NUMBER',0,'N','Y','N','Y',38,-1,0,0,38,'N','N','N','STRING',0,'Y',0,'Y','Y','Y','NONE',NULL,NULL,NULL,NULL,'N','N',0,NULL,NULL,0);
INSERT INTO SM_FIELD_DEF (TABLE_ID,FIELD_NAME,JP_TITLE,US_TITLE,DB_TYPE,DB_LENGTH,IS_KEY,NOT_BLANK,IS_DUMMY,IS_SEARCH_ITEM,SORT_NO,TREE_LEVEL,SHEET_NO,PAGE_NO,PROPERTY_NO,IS_AUTO,IS_MANDATORY,SYSTEM_READONLY,FIELD_TYPE,FIELD_LENGTH,INPUT_ALPHABET,INPUT_MULTIBYTE,INPUT_NUMERIC,INPUT_SYMBOL,INPUT_UPPERCASE,RETRIEVAL_TABLE,FORMAT,DEFAULT_VALUE,MIN_VALUE,MAX_VALUE,CALENDAR_BUTTON,JUMP_BUTTON,OPEN_BUTTON,REF_TABLE_ID,REF_FIELD_NAME,SPECIAL_BUTTON) VALUES ('TBLID_BPROD_X','NOTCH_LEFT_DEGREE','NOTCH_LEFT_DEGREE','NOTCH_LEFT_DEGREE','NUMBER',0,'N','Y','N','Y',39,-1,0,0,39,'N','N','N','STRING',0,'Y',0,'Y','Y','Y','NONE',NULL,NULL,NULL,NULL,'N','N',0,NULL,NULL,0);
INSERT INTO SM_FIELD_DEF (TABLE_ID,FIELD_NAME,JP_TITLE,US_TITLE,DB_TYPE,DB_LENGTH,IS_KEY,NOT_BLANK,IS_DUMMY,IS_SEARCH_ITEM,SORT_NO,TREE_LEVEL,SHEET_NO,PAGE_NO,PROPERTY_NO,IS_AUTO,IS_MANDATORY,SYSTEM_READONLY,FIELD_TYPE,FIELD_LENGTH,INPUT_ALPHABET,INPUT_MULTIBYTE,INPUT_NUMERIC,INPUT_SYMBOL,INPUT_UPPERCASE,RETRIEVAL_TABLE,FORMAT,DEFAULT_VALUE,MIN_VALUE,MAX_VALUE,CALENDAR_BUTTON,JUMP_BUTTON,OPEN_BUTTON,REF_TABLE_ID,REF_FIELD_NAME,SPECIAL_BUTTON) VALUES ('TBLID_BPROD_X','NOTCH_LEFT_ARCMIN','NOTCH_LEFT_ARCMIN','NOTCH_LEFT_ARCMIN','NUMBER',0,'N','Y','N','Y',40,-1,0,0,40,'N','N','N','STRING',0,'Y',0,'Y','Y','Y','NONE',NULL,NULL,NULL,NULL,'N','N',0,NULL,NULL,0);
INSERT INTO SM_FIELD_DEF (TABLE_ID,FIELD_NAME,JP_TITLE,US_TITLE,DB_TYPE,DB_LENGTH,IS_KEY,NOT_BLANK,IS_DUMMY,IS_SEARCH_ITEM,SORT_NO,TREE_LEVEL,SHEET_NO,PAGE_NO,PROPERTY_NO,IS_AUTO,IS_MANDATORY,SYSTEM_READONLY,FIELD_TYPE,FIELD_LENGTH,INPUT_ALPHABET,INPUT_MULTIBYTE,INPUT_NUMERIC,INPUT_SYMBOL,INPUT_UPPERCASE,RETRIEVAL_TABLE,FORMAT,DEFAULT_VALUE,MIN_VALUE,MAX_VALUE,CALENDAR_BUTTON,JUMP_BUTTON,OPEN_BUTTON,REF_TABLE_ID,REF_FIELD_NAME,SPECIAL_BUTTON) VALUES ('TBLID_BPROD_X','NOTCH_LEFT_ARCSEC','NOTCH_LEFT_ARCSEC','NOTCH_LEFT_ARCSEC','NUMBER',0,'N','Y','N','Y',41,-1,0,0,41,'N','N','N','STRING',0,'Y',0,'Y','Y','Y','NONE',NULL,NULL,NULL,NULL,'N','N',0,NULL,NULL,0);
INSERT INTO SM_FIELD_DEF (TABLE_ID,FIELD_NAME,JP_TITLE,US_TITLE,DB_TYPE,DB_LENGTH,IS_KEY,NOT_BLANK,IS_DUMMY,IS_SEARCH_ITEM,SORT_NO,TREE_LEVEL,SHEET_NO,PAGE_NO,PROPERTY_NO,IS_AUTO,IS_MANDATORY,SYSTEM_READONLY,FIELD_TYPE,FIELD_LENGTH,INPUT_ALPHABET,INPUT_MULTIBYTE,INPUT_NUMERIC,INPUT_SYMBOL,INPUT_UPPERCASE,RETRIEVAL_TABLE,FORMAT,DEFAULT_VALUE,MIN_VALUE,MAX_VALUE,CALENDAR_BUTTON,JUMP_BUTTON,OPEN_BUTTON,REF_TABLE_ID,REF_FIELD_NAME,SPECIAL_BUTTON) VALUES ('TBLID_BPROD_X','SHIP_LABEL_PRINT_EXIST','SHIP_LABEL_PRINT_EXIST','SHIP_LABEL_PRINT_EXIST','NUMBER',0,'N','Y','N','Y',42,-1,0,0,42,'N','N','N','STRING',0,'Y',0,'Y','Y','Y','NONE',NULL,NULL,NULL,NULL,'N','N',0,NULL,NULL,0);
INSERT INTO SM_FIELD_DEF (TABLE_ID,FIELD_NAME,JP_TITLE,US_TITLE,DB_TYPE,DB_LENGTH,IS_KEY,NOT_BLANK,IS_DUMMY,IS_SEARCH_ITEM,SORT_NO,TREE_LEVEL,SHEET_NO,PAGE_NO,PROPERTY_NO,IS_AUTO,IS_MANDATORY,SYSTEM_READONLY,FIELD_TYPE,FIELD_LENGTH,INPUT_ALPHABET,INPUT_MULTIBYTE,INPUT_NUMERIC,INPUT_SYMBOL,INPUT_UPPERCASE,RETRIEVAL_TABLE,FORMAT,DEFAULT_VALUE,MIN_VALUE,MAX_VALUE,CALENDAR_BUTTON,JUMP_BUTTON,OPEN_BUTTON,REF_TABLE_ID,REF_FIELD_NAME,SPECIAL_BUTTON) VALUES ('TBLID_BPROD_X','RESERVE01','RESERVE01','RESERVE01','STRING',20,'N','Y','N','Y',43,-1,0,0,43,'N','N','N','STRING',20,'Y',0,'Y','Y','Y','NONE',NULL,NULL,NULL,NULL,'N','N',0,NULL,NULL,0);
INSERT INTO SM_FIELD_DEF (TABLE_ID,FIELD_NAME,JP_TITLE,US_TITLE,DB_TYPE,DB_LENGTH,IS_KEY,NOT_BLANK,IS_DUMMY,IS_SEARCH_ITEM,SORT_NO,TREE_LEVEL,SHEET_NO,PAGE_NO,PROPERTY_NO,IS_AUTO,IS_MANDATORY,SYSTEM_READONLY,FIELD_TYPE,FIELD_LENGTH,INPUT_ALPHABET,INPUT_MULTIBYTE,INPUT_NUMERIC,INPUT_SYMBOL,INPUT_UPPERCASE,RETRIEVAL_TABLE,FORMAT,DEFAULT_VALUE,MIN_VALUE,MAX_VALUE,CALENDAR_BUTTON,JUMP_BUTTON,OPEN_BUTTON,REF_TABLE_ID,REF_FIELD_NAME,SPECIAL_BUTTON) VALUES ('TBLID_BPROD_X','RESERVE02','RESERVE02','RESERVE02','STRING',20,'N','Y','N','Y',44,-1,0,0,44,'N','N','N','STRING',20,'Y',0,'Y','Y','Y','NONE',NULL,NULL,NULL,NULL,'N','N',0,NULL,NULL,0);
INSERT INTO SM_FIELD_DEF (TABLE_ID,FIELD_NAME,JP_TITLE,US_TITLE,DB_TYPE,DB_LENGTH,IS_KEY,NOT_BLANK,IS_DUMMY,IS_SEARCH_ITEM,SORT_NO,TREE_LEVEL,SHEET_NO,PAGE_NO,PROPERTY_NO,IS_AUTO,IS_MANDATORY,SYSTEM_READONLY,FIELD_TYPE,FIELD_LENGTH,INPUT_ALPHABET,INPUT_MULTIBYTE,INPUT_NUMERIC,INPUT_SYMBOL,INPUT_UPPERCASE,RETRIEVAL_TABLE,FORMAT,DEFAULT_VALUE,MIN_VALUE,MAX_VALUE,CALENDAR_BUTTON,JUMP_BUTTON,OPEN_BUTTON,REF_TABLE_ID,REF_FIELD_NAME,SPECIAL_BUTTON) VALUES ('TBLID_BPROD_X','RESERVE03','RESERVE03','RESERVE03','STRING',20,'N','Y','N','Y',45,-1,0,0,45,'N','N','N','STRING',20,'Y',0,'Y','Y','Y','NONE',NULL,NULL,NULL,NULL,'N','N',0,NULL,NULL,0);
INSERT INTO SM_FIELD_DEF (TABLE_ID,FIELD_NAME,JP_TITLE,US_TITLE,DB_TYPE,DB_LENGTH,IS_KEY,NOT_BLANK,IS_DUMMY,IS_SEARCH_ITEM,SORT_NO,TREE_LEVEL,SHEET_NO,PAGE_NO,PROPERTY_NO,IS_AUTO,IS_MANDATORY,SYSTEM_READONLY,FIELD_TYPE,FIELD_LENGTH,INPUT_ALPHABET,INPUT_MULTIBYTE,INPUT_NUMERIC,INPUT_SYMBOL,INPUT_UPPERCASE,RETRIEVAL_TABLE,FORMAT,DEFAULT_VALUE,MIN_VALUE,MAX_VALUE,CALENDAR_BUTTON,JUMP_BUTTON,OPEN_BUTTON,REF_TABLE_ID,REF_FIELD_NAME,SPECIAL_BUTTON) VALUES ('TBLID_BPROD_X','RESERVE04','RESERVE04','RESERVE04','STRING',20,'N','Y','N','Y',46,-1,0,0,46,'N','N','N','STRING',20,'Y',0,'Y','Y','Y','NONE',NULL,NULL,NULL,NULL,'N','N',0,NULL,NULL,0);
INSERT INTO SM_FIELD_DEF (TABLE_ID,FIELD_NAME,JP_TITLE,US_TITLE,DB_TYPE,DB_LENGTH,IS_KEY,NOT_BLANK,IS_DUMMY,IS_SEARCH_ITEM,SORT_NO,TREE_LEVEL,SHEET_NO,PAGE_NO,PROPERTY_NO,IS_AUTO,IS_MANDATORY,SYSTEM_READONLY,FIELD_TYPE,FIELD_LENGTH,INPUT_ALPHABET,INPUT_MULTIBYTE,INPUT_NUMERIC,INPUT_SYMBOL,INPUT_UPPERCASE,RETRIEVAL_TABLE,FORMAT,DEFAULT_VALUE,MIN_VALUE,MAX_VALUE,CALENDAR_BUTTON,JUMP_BUTTON,OPEN_BUTTON,REF_TABLE_ID,REF_FIELD_NAME,SPECIAL_BUTTON) VALUES ('TBLID_BPROD_X','RESERVE05','RESERVE05','RESERVE05','STRING',20,'N','Y','N','Y',47,-1,0,0,47,'N','N','N','STRING',20,'Y',0,'Y','Y','Y','NONE',NULL,NULL,NULL,NULL,'N','N',0,NULL,NULL,0);
INSERT INTO SM_FIELD_DEF (TABLE_ID,FIELD_NAME,JP_TITLE,US_TITLE,DB_TYPE,DB_LENGTH,IS_KEY,NOT_BLANK,IS_DUMMY,IS_SEARCH_ITEM,SORT_NO,TREE_LEVEL,SHEET_NO,PAGE_NO,PROPERTY_NO,IS_AUTO,IS_MANDATORY,SYSTEM_READONLY,FIELD_TYPE,FIELD_LENGTH,INPUT_ALPHABET,INPUT_MULTIBYTE,INPUT_NUMERIC,INPUT_SYMBOL,INPUT_UPPERCASE,RETRIEVAL_TABLE,FORMAT,DEFAULT_VALUE,MIN_VALUE,MAX_VALUE,CALENDAR_BUTTON,JUMP_BUTTON,OPEN_BUTTON,REF_TABLE_ID,REF_FIELD_NAME,SPECIAL_BUTTON) VALUES ('TBLID_BPROD_X','RESERVE06','RESERVE06','RESERVE06','STRING',20,'N','Y','N','Y',48,-1,0,0,48,'N','N','N','STRING',20,'Y',0,'Y','Y','Y','NONE',NULL,NULL,NULL,NULL,'N','N',0,NULL,NULL,0);
INSERT INTO SM_FIELD_DEF (TABLE_ID,FIELD_NAME,JP_TITLE,US_TITLE,DB_TYPE,DB_LENGTH,IS_KEY,NOT_BLANK,IS_DUMMY,IS_SEARCH_ITEM,SORT_NO,TREE_LEVEL,SHEET_NO,PAGE_NO,PROPERTY_NO,IS_AUTO,IS_MANDATORY,SYSTEM_READONLY,FIELD_TYPE,FIELD_LENGTH,INPUT_ALPHABET,INPUT_MULTIBYTE,INPUT_NUMERIC,INPUT_SYMBOL,INPUT_UPPERCASE,RETRIEVAL_TABLE,FORMAT,DEFAULT_VALUE,MIN_VALUE,MAX_VALUE,CALENDAR_BUTTON,JUMP_BUTTON,OPEN_BUTTON,REF_TABLE_ID,REF_FIELD_NAME,SPECIAL_BUTTON) VALUES ('TBLID_BPROD_X','RESERVE07','RESERVE07','RESERVE07','STRING',20,'N','Y','N','Y',49,-1,0,0,49,'N','N','N','STRING',20,'Y',0,'Y','Y','Y','NONE',NULL,NULL,NULL,NULL,'N','N',0,NULL,NULL,0);
INSERT INTO SM_FIELD_DEF (TABLE_ID,FIELD_NAME,JP_TITLE,US_TITLE,DB_TYPE,DB_LENGTH,IS_KEY,NOT_BLANK,IS_DUMMY,IS_SEARCH_ITEM,SORT_NO,TREE_LEVEL,SHEET_NO,PAGE_NO,PROPERTY_NO,IS_AUTO,IS_MANDATORY,SYSTEM_READONLY,FIELD_TYPE,FIELD_LENGTH,INPUT_ALPHABET,INPUT_MULTIBYTE,INPUT_NUMERIC,INPUT_SYMBOL,INPUT_UPPERCASE,RETRIEVAL_TABLE,FORMAT,DEFAULT_VALUE,MIN_VALUE,MAX_VALUE,CALENDAR_BUTTON,JUMP_BUTTON,OPEN_BUTTON,REF_TABLE_ID,REF_FIELD_NAME,SPECIAL_BUTTON) VALUES ('TBLID_BPROD_X','RESERVE08','RESERVE08','RESERVE08','STRING',20,'N','Y','N','Y',50,-1,0,0,50,'N','N','N','STRING',20,'Y',0,'Y','Y','Y','NONE',NULL,NULL,NULL,NULL,'N','N',0,NULL,NULL,0);
INSERT INTO SM_FIELD_DEF (TABLE_ID,FIELD_NAME,JP_TITLE,US_TITLE,DB_TYPE,DB_LENGTH,IS_KEY,NOT_BLANK,IS_DUMMY,IS_SEARCH_ITEM,SORT_NO,TREE_LEVEL,SHEET_NO,PAGE_NO,PROPERTY_NO,IS_AUTO,IS_MANDATORY,SYSTEM_READONLY,FIELD_TYPE,FIELD_LENGTH,INPUT_ALPHABET,INPUT_MULTIBYTE,INPUT_NUMERIC,INPUT_SYMBOL,INPUT_UPPERCASE,RETRIEVAL_TABLE,FORMAT,DEFAULT_VALUE,MIN_VALUE,MAX_VALUE,CALENDAR_BUTTON,JUMP_BUTTON,OPEN_BUTTON,REF_TABLE_ID,REF_FIELD_NAME,SPECIAL_BUTTON) VALUES ('TBLID_BPROD_X','RESERVE09','RESERVE09','RESERVE09','STRING',20,'N','Y','N','Y',51,-1,0,0,51,'N','N','N','STRING',20,'Y',0,'Y','Y','Y','NONE',NULL,NULL,NULL,NULL,'N','N',0,NULL,NULL,0);
INSERT INTO SM_FIELD_DEF (TABLE_ID,FIELD_NAME,JP_TITLE,US_TITLE,DB_TYPE,DB_LENGTH,IS_KEY,NOT_BLANK,IS_DUMMY,IS_SEARCH_ITEM,SORT_NO,TREE_LEVEL,SHEET_NO,PAGE_NO,PROPERTY_NO,IS_AUTO,IS_MANDATORY,SYSTEM_READONLY,FIELD_TYPE,FIELD_LENGTH,INPUT_ALPHABET,INPUT_MULTIBYTE,INPUT_NUMERIC,INPUT_SYMBOL,INPUT_UPPERCASE,RETRIEVAL_TABLE,FORMAT,DEFAULT_VALUE,MIN_VALUE,MAX_VALUE,CALENDAR_BUTTON,JUMP_BUTTON,OPEN_BUTTON,REF_TABLE_ID,REF_FIELD_NAME,SPECIAL_BUTTON) VALUES ('TBLID_BPROD_X','RESERVE10','RESERVE10','RESERVE10','STRING',20,'N','Y','N','Y',52,-1,0,0,52,'N','N','N','STRING',20,'Y',0,'Y','Y','Y','NONE',NULL,NULL,NULL,NULL,'N','N',0,NULL,NULL,0);
INSERT INTO SM_FIELD_DEF (TABLE_ID,FIELD_NAME,JP_TITLE,US_TITLE,DB_TYPE,DB_LENGTH,IS_KEY,NOT_BLANK,IS_DUMMY,IS_SEARCH_ITEM,SORT_NO,TREE_LEVEL,SHEET_NO,PAGE_NO,PROPERTY_NO,IS_AUTO,IS_MANDATORY,SYSTEM_READONLY,FIELD_TYPE,FIELD_LENGTH,INPUT_ALPHABET,INPUT_MULTIBYTE,INPUT_NUMERIC,INPUT_SYMBOL,INPUT_UPPERCASE,RETRIEVAL_TABLE,FORMAT,DEFAULT_VALUE,MIN_VALUE,MAX_VALUE,CALENDAR_BUTTON,JUMP_BUTTON,OPEN_BUTTON,REF_TABLE_ID,REF_FIELD_NAME,SPECIAL_BUTTON) VALUES ('TBLID_BPROD_X','RESERVE11','RESERVE11','RESERVE11','STRING',20,'N','Y','N','Y',53,-1,0,0,53,'N','N','N','STRING',20,'Y',0,'Y','Y','Y','NONE',NULL,NULL,NULL,NULL,'N','N',0,NULL,NULL,0);
INSERT INTO SM_FIELD_DEF (TABLE_ID,FIELD_NAME,JP_TITLE,US_TITLE,DB_TYPE,DB_LENGTH,IS_KEY,NOT_BLANK,IS_DUMMY,IS_SEARCH_ITEM,SORT_NO,TREE_LEVEL,SHEET_NO,PAGE_NO,PROPERTY_NO,IS_AUTO,IS_MANDATORY,SYSTEM_READONLY,FIELD_TYPE,FIELD_LENGTH,INPUT_ALPHABET,INPUT_MULTIBYTE,INPUT_NUMERIC,INPUT_SYMBOL,INPUT_UPPERCASE,RETRIEVAL_TABLE,FORMAT,DEFAULT_VALUE,MIN_VALUE,MAX_VALUE,CALENDAR_BUTTON,JUMP_BUTTON,OPEN_BUTTON,REF_TABLE_ID,REF_FIELD_NAME,SPECIAL_BUTTON) VALUES ('TBLID_BPROD_X','RESERVE12','RESERVE12','RESERVE12','STRING',20,'N','Y','N','Y',54,-1,0,0,54,'N','N','N','STRING',20,'Y',0,'Y','Y','Y','NONE',NULL,NULL,NULL,NULL,'N','N',0,NULL,NULL,0);
INSERT INTO SM_FIELD_DEF (TABLE_ID,FIELD_NAME,JP_TITLE,US_TITLE,DB_TYPE,DB_LENGTH,IS_KEY,NOT_BLANK,IS_DUMMY,IS_SEARCH_ITEM,SORT_NO,TREE_LEVEL,SHEET_NO,PAGE_NO,PROPERTY_NO,IS_AUTO,IS_MANDATORY,SYSTEM_READONLY,FIELD_TYPE,FIELD_LENGTH,INPUT_ALPHABET,INPUT_MULTIBYTE,INPUT_NUMERIC,INPUT_SYMBOL,INPUT_UPPERCASE,RETRIEVAL_TABLE,FORMAT,DEFAULT_VALUE,MIN_VALUE,MAX_VALUE,CALENDAR_BUTTON,JUMP_BUTTON,OPEN_BUTTON,REF_TABLE_ID,REF_FIELD_NAME,SPECIAL_BUTTON) VALUES ('TBLID_BPROD_X','RESERVE13','RESERVE13','RESERVE13','STRING',20,'N','Y','N','Y',55,-1,0,0,55,'N','N','N','STRING',20,'Y',0,'Y','Y','Y','NONE',NULL,NULL,NULL,NULL,'N','N',0,NULL,NULL,0);
INSERT INTO SM_FIELD_DEF (TABLE_ID,FIELD_NAME,JP_TITLE,US_TITLE,DB_TYPE,DB_LENGTH,IS_KEY,NOT_BLANK,IS_DUMMY,IS_SEARCH_ITEM,SORT_NO,TREE_LEVEL,SHEET_NO,PAGE_NO,PROPERTY_NO,IS_AUTO,IS_MANDATORY,SYSTEM_READONLY,FIELD_TYPE,FIELD_LENGTH,INPUT_ALPHABET,INPUT_MULTIBYTE,INPUT_NUMERIC,INPUT_SYMBOL,INPUT_UPPERCASE,RETRIEVAL_TABLE,FORMAT,DEFAULT_VALUE,MIN_VALUE,MAX_VALUE,CALENDAR_BUTTON,JUMP_BUTTON,OPEN_BUTTON,REF_TABLE_ID,REF_FIELD_NAME,SPECIAL_BUTTON) VALUES ('TBLID_BPROD_X','RESERVE14','RESERVE14','RESERVE14','STRING',20,'N','Y','N','Y',56,-1,0,0,56,'N','N','N','STRING',20,'Y',0,'Y','Y','Y','NONE',NULL,NULL,NULL,NULL,'N','N',0,NULL,NULL,0);
INSERT INTO SM_FIELD_DEF (TABLE_ID,FIELD_NAME,JP_TITLE,US_TITLE,DB_TYPE,DB_LENGTH,IS_KEY,NOT_BLANK,IS_DUMMY,IS_SEARCH_ITEM,SORT_NO,TREE_LEVEL,SHEET_NO,PAGE_NO,PROPERTY_NO,IS_AUTO,IS_MANDATORY,SYSTEM_READONLY,FIELD_TYPE,FIELD_LENGTH,INPUT_ALPHABET,INPUT_MULTIBYTE,INPUT_NUMERIC,INPUT_SYMBOL,INPUT_UPPERCASE,RETRIEVAL_TABLE,FORMAT,DEFAULT_VALUE,MIN_VALUE,MAX_VALUE,CALENDAR_BUTTON,JUMP_BUTTON,OPEN_BUTTON,REF_TABLE_ID,REF_FIELD_NAME,SPECIAL_BUTTON) VALUES ('TBLID_BPROD_X','RESERVE15','RESERVE15','RESERVE15','STRING',20,'N','Y','N','Y',57,-1,0,0,57,'N','N','N','STRING',20,'Y',0,'Y','Y','Y','NONE',NULL,NULL,NULL,NULL,'N','N',0,NULL,NULL,0);
INSERT INTO SM_FIELD_DEF (TABLE_ID,FIELD_NAME,JP_TITLE,US_TITLE,DB_TYPE,DB_LENGTH,IS_KEY,NOT_BLANK,IS_DUMMY,IS_SEARCH_ITEM,SORT_NO,TREE_LEVEL,SHEET_NO,PAGE_NO,PROPERTY_NO,IS_AUTO,IS_MANDATORY,SYSTEM_READONLY,FIELD_TYPE,FIELD_LENGTH,INPUT_ALPHABET,INPUT_MULTIBYTE,INPUT_NUMERIC,INPUT_SYMBOL,INPUT_UPPERCASE,RETRIEVAL_TABLE,FORMAT,DEFAULT_VALUE,MIN_VALUE,MAX_VALUE,CALENDAR_BUTTON,JUMP_BUTTON,OPEN_BUTTON,REF_TABLE_ID,REF_FIELD_NAME,SPECIAL_BUTTON) VALUES ('TBLID_BPROD_X','RESERVE16','RESERVE16','RESERVE16','STRING',20,'N','Y','N','Y',58,-1,0,0,58,'N','N','N','STRING',20,'Y',0,'Y','Y','Y','NONE',NULL,NULL,NULL,NULL,'N','N',0,NULL,NULL,0);
INSERT INTO SM_FIELD_DEF (TABLE_ID,FIELD_NAME,JP_TITLE,US_TITLE,DB_TYPE,DB_LENGTH,IS_KEY,NOT_BLANK,IS_DUMMY,IS_SEARCH_ITEM,SORT_NO,TREE_LEVEL,SHEET_NO,PAGE_NO,PROPERTY_NO,IS_AUTO,IS_MANDATORY,SYSTEM_READONLY,FIELD_TYPE,FIELD_LENGTH,INPUT_ALPHABET,INPUT_MULTIBYTE,INPUT_NUMERIC,INPUT_SYMBOL,INPUT_UPPERCASE,RETRIEVAL_TABLE,FORMAT,DEFAULT_VALUE,MIN_VALUE,MAX_VALUE,CALENDAR_BUTTON,JUMP_BUTTON,OPEN_BUTTON,REF_TABLE_ID,REF_FIELD_NAME,SPECIAL_BUTTON) VALUES ('TBLID_BPROD_X','RESERVE17','RESERVE17','RESERVE17','STRING',20,'N','Y','N','Y',59,-1,0,0,59,'N','N','N','STRING',20,'Y',0,'Y','Y','Y','NONE',NULL,NULL,NULL,NULL,'N','N',0,NULL,NULL,0);
INSERT INTO SM_FIELD_DEF (TABLE_ID,FIELD_NAME,JP_TITLE,US_TITLE,DB_TYPE,DB_LENGTH,IS_KEY,NOT_BLANK,IS_DUMMY,IS_SEARCH_ITEM,SORT_NO,TREE_LEVEL,SHEET_NO,PAGE_NO,PROPERTY_NO,IS_AUTO,IS_MANDATORY,SYSTEM_READONLY,FIELD_TYPE,FIELD_LENGTH,INPUT_ALPHABET,INPUT_MULTIBYTE,INPUT_NUMERIC,INPUT_SYMBOL,INPUT_UPPERCASE,RETRIEVAL_TABLE,FORMAT,DEFAULT_VALUE,MIN_VALUE,MAX_VALUE,CALENDAR_BUTTON,JUMP_BUTTON,OPEN_BUTTON,REF_TABLE_ID,REF_FIELD_NAME,SPECIAL_BUTTON) VALUES ('TBLID_BPROD_X','RESERVE18','RESERVE18','RESERVE18','STRING',20,'N','Y','N','Y',60,-1,0,0,60,'N','N','N','STRING',20,'Y',0,'Y','Y','Y','NONE',NULL,NULL,NULL,NULL,'N','N',0,NULL,NULL,0);
INSERT INTO SM_FIELD_DEF (TABLE_ID,FIELD_NAME,JP_TITLE,US_TITLE,DB_TYPE,DB_LENGTH,IS_KEY,NOT_BLANK,IS_DUMMY,IS_SEARCH_ITEM,SORT_NO,TREE_LEVEL,SHEET_NO,PAGE_NO,PROPERTY_NO,IS_AUTO,IS_MANDATORY,SYSTEM_READONLY,FIELD_TYPE,FIELD_LENGTH,INPUT_ALPHABET,INPUT_MULTIBYTE,INPUT_NUMERIC,INPUT_SYMBOL,INPUT_UPPERCASE,RETRIEVAL_TABLE,FORMAT,DEFAULT_VALUE,MIN_VALUE,MAX_VALUE,CALENDAR_BUTTON,JUMP_BUTTON,OPEN_BUTTON,REF_TABLE_ID,REF_FIELD_NAME,SPECIAL_BUTTON) VALUES ('TBLID_BPROD_X','RESERVE19','RESERVE19','RESERVE19','STRING',20,'N','Y','N','Y',61,-1,0,0,61,'N','N','N','STRING',20,'Y',0,'Y','Y','Y','NONE',NULL,NULL,NULL,NULL,'N','N',0,NULL,NULL,0);
INSERT INTO SM_FIELD_DEF (TABLE_ID,FIELD_NAME,JP_TITLE,US_TITLE,DB_TYPE,DB_LENGTH,IS_KEY,NOT_BLANK,IS_DUMMY,IS_SEARCH_ITEM,SORT_NO,TREE_LEVEL,SHEET_NO,PAGE_NO,PROPERTY_NO,IS_AUTO,IS_MANDATORY,SYSTEM_READONLY,FIELD_TYPE,FIELD_LENGTH,INPUT_ALPHABET,INPUT_MULTIBYTE,INPUT_NUMERIC,INPUT_SYMBOL,INPUT_UPPERCASE,RETRIEVAL_TABLE,FORMAT,DEFAULT_VALUE,MIN_VALUE,MAX_VALUE,CALENDAR_BUTTON,JUMP_BUTTON,OPEN_BUTTON,REF_TABLE_ID,REF_FIELD_NAME,SPECIAL_BUTTON) VALUES ('TBLID_BPROD_X','RESERVE20','RESERVE20','RESERVE20','STRING',20,'N','Y','N','Y',62,-1,0,0,62,'N','N','N','STRING',20,'Y',0,'Y','Y','Y','NONE',NULL,NULL,NULL,NULL,'N','N',0,NULL,NULL,0);
INSERT INTO SM_FIELD_DEF (TABLE_ID,FIELD_NAME,JP_TITLE,US_TITLE,DB_TYPE,DB_LENGTH,IS_KEY,NOT_BLANK,IS_DUMMY,IS_SEARCH_ITEM,SORT_NO,TREE_LEVEL,SHEET_NO,PAGE_NO,PROPERTY_NO,IS_AUTO,IS_MANDATORY,SYSTEM_READONLY,FIELD_TYPE,FIELD_LENGTH,INPUT_ALPHABET,INPUT_MULTIBYTE,INPUT_NUMERIC,INPUT_SYMBOL,INPUT_UPPERCASE,RETRIEVAL_TABLE,FORMAT,DEFAULT_VALUE,MIN_VALUE,MAX_VALUE,CALENDAR_BUTTON,JUMP_BUTTON,OPEN_BUTTON,REF_TABLE_ID,REF_FIELD_NAME,SPECIAL_BUTTON) VALUES ('TBLID_BPROD_X','RESERVE21','RESERVE21','RESERVE21','STRING',20,'N','Y','N','Y',63,-1,0,0,63,'N','N','N','STRING',20,'Y',0,'Y','Y','Y','NONE',NULL,NULL,NULL,NULL,'N','N',0,NULL,NULL,0);
INSERT INTO SM_FIELD_DEF (TABLE_ID,FIELD_NAME,JP_TITLE,US_TITLE,DB_TYPE,DB_LENGTH,IS_KEY,NOT_BLANK,IS_DUMMY,IS_SEARCH_ITEM,SORT_NO,TREE_LEVEL,SHEET_NO,PAGE_NO,PROPERTY_NO,IS_AUTO,IS_MANDATORY,SYSTEM_READONLY,FIELD_TYPE,FIELD_LENGTH,INPUT_ALPHABET,INPUT_MULTIBYTE,INPUT_NUMERIC,INPUT_SYMBOL,INPUT_UPPERCASE,RETRIEVAL_TABLE,FORMAT,DEFAULT_VALUE,MIN_VALUE,MAX_VALUE,CALENDAR_BUTTON,JUMP_BUTTON,OPEN_BUTTON,REF_TABLE_ID,REF_FIELD_NAME,SPECIAL_BUTTON) VALUES ('TBLID_BPROD_X','RESERVE22','RESERVE22','RESERVE22','STRING',20,'N','Y','N','Y',64,-1,0,0,64,'N','N','N','STRING',20,'Y',0,'Y','Y','Y','NONE',NULL,NULL,NULL,NULL,'N','N',0,NULL,NULL,0);
INSERT INTO SM_FIELD_DEF (TABLE_ID,FIELD_NAME,JP_TITLE,US_TITLE,DB_TYPE,DB_LENGTH,IS_KEY,NOT_BLANK,IS_DUMMY,IS_SEARCH_ITEM,SORT_NO,TREE_LEVEL,SHEET_NO,PAGE_NO,PROPERTY_NO,IS_AUTO,IS_MANDATORY,SYSTEM_READONLY,FIELD_TYPE,FIELD_LENGTH,INPUT_ALPHABET,INPUT_MULTIBYTE,INPUT_NUMERIC,INPUT_SYMBOL,INPUT_UPPERCASE,RETRIEVAL_TABLE,FORMAT,DEFAULT_VALUE,MIN_VALUE,MAX_VALUE,CALENDAR_BUTTON,JUMP_BUTTON,OPEN_BUTTON,REF_TABLE_ID,REF_FIELD_NAME,SPECIAL_BUTTON) VALUES ('TBLID_BPROD_X','RESERVE23','RESERVE23','RESERVE23','STRING',20,'N','Y','N','Y',65,-1,0,0,65,'N','N','N','STRING',20,'Y',0,'Y','Y','Y','NONE',NULL,NULL,NULL,NULL,'N','N',0,NULL,NULL,0);
INSERT INTO SM_FIELD_DEF (TABLE_ID,FIELD_NAME,JP_TITLE,US_TITLE,DB_TYPE,DB_LENGTH,IS_KEY,NOT_BLANK,IS_DUMMY,IS_SEARCH_ITEM,SORT_NO,TREE_LEVEL,SHEET_NO,PAGE_NO,PROPERTY_NO,IS_AUTO,IS_MANDATORY,SYSTEM_READONLY,FIELD_TYPE,FIELD_LENGTH,INPUT_ALPHABET,INPUT_MULTIBYTE,INPUT_NUMERIC,INPUT_SYMBOL,INPUT_UPPERCASE,RETRIEVAL_TABLE,FORMAT,DEFAULT_VALUE,MIN_VALUE,MAX_VALUE,CALENDAR_BUTTON,JUMP_BUTTON,OPEN_BUTTON,REF_TABLE_ID,REF_FIELD_NAME,SPECIAL_BUTTON) VALUES ('TBLID_BPROD_X','RESERVE24','RESERVE24','RESERVE24','STRING',20,'N','Y','N','Y',66,-1,0,0,66,'N','N','N','STRING',20,'Y',0,'Y','Y','Y','NONE',NULL,NULL,NULL,NULL,'N','N',0,NULL,NULL,0);
INSERT INTO SM_FIELD_DEF (TABLE_ID,FIELD_NAME,JP_TITLE,US_TITLE,DB_TYPE,DB_LENGTH,IS_KEY,NOT_BLANK,IS_DUMMY,IS_SEARCH_ITEM,SORT_NO,TREE_LEVEL,SHEET_NO,PAGE_NO,PROPERTY_NO,IS_AUTO,IS_MANDATORY,SYSTEM_READONLY,FIELD_TYPE,FIELD_LENGTH,INPUT_ALPHABET,INPUT_MULTIBYTE,INPUT_NUMERIC,INPUT_SYMBOL,INPUT_UPPERCASE,RETRIEVAL_TABLE,FORMAT,DEFAULT_VALUE,MIN_VALUE,MAX_VALUE,CALENDAR_BUTTON,JUMP_BUTTON,OPEN_BUTTON,REF_TABLE_ID,REF_FIELD_NAME,SPECIAL_BUTTON) VALUES ('TBLID_BPROD_X','RESERVE25','RESERVE25','RESERVE25','STRING',20,'N','Y','N','Y',67,-1,0,0,67,'N','N','N','STRING',20,'Y',0,'Y','Y','Y','NONE',NULL,NULL,NULL,NULL,'N','N',0,NULL,NULL,0);
INSERT INTO SM_FIELD_DEF (TABLE_ID,FIELD_NAME,JP_TITLE,US_TITLE,DB_TYPE,DB_LENGTH,IS_KEY,NOT_BLANK,IS_DUMMY,IS_SEARCH_ITEM,SORT_NO,TREE_LEVEL,SHEET_NO,PAGE_NO,PROPERTY_NO,IS_AUTO,IS_MANDATORY,SYSTEM_READONLY,FIELD_TYPE,FIELD_LENGTH,INPUT_ALPHABET,INPUT_MULTIBYTE,INPUT_NUMERIC,INPUT_SYMBOL,INPUT_UPPERCASE,RETRIEVAL_TABLE,FORMAT,DEFAULT_VALUE,MIN_VALUE,MAX_VALUE,CALENDAR_BUTTON,JUMP_BUTTON,OPEN_BUTTON,REF_TABLE_ID,REF_FIELD_NAME,SPECIAL_BUTTON) VALUES ('TBLID_BPROD_X','RESERVE26','RESERVE26','RESERVE26','STRING',20,'N','Y','N','Y',68,-1,0,0,68,'N','N','N','STRING',20,'Y',0,'Y','Y','Y','NONE',NULL,NULL,NULL,NULL,'N','N',0,NULL,NULL,0);
INSERT INTO SM_FIELD_DEF (TABLE_ID,FIELD_NAME,JP_TITLE,US_TITLE,DB_TYPE,DB_LENGTH,IS_KEY,NOT_BLANK,IS_DUMMY,IS_SEARCH_ITEM,SORT_NO,TREE_LEVEL,SHEET_NO,PAGE_NO,PROPERTY_NO,IS_AUTO,IS_MANDATORY,SYSTEM_READONLY,FIELD_TYPE,FIELD_LENGTH,INPUT_ALPHABET,INPUT_MULTIBYTE,INPUT_NUMERIC,INPUT_SYMBOL,INPUT_UPPERCASE,RETRIEVAL_TABLE,FORMAT,DEFAULT_VALUE,MIN_VALUE,MAX_VALUE,CALENDAR_BUTTON,JUMP_BUTTON,OPEN_BUTTON,REF_TABLE_ID,REF_FIELD_NAME,SPECIAL_BUTTON) VALUES ('TBLID_BPROD_X','RESERVE27','RESERVE27','RESERVE27','STRING',20,'N','Y','N','Y',69,-1,0,0,69,'N','N','N','STRING',20,'Y',0,'Y','Y','Y','NONE',NULL,NULL,NULL,NULL,'N','N',0,NULL,NULL,0);
INSERT INTO SM_FIELD_DEF (TABLE_ID,FIELD_NAME,JP_TITLE,US_TITLE,DB_TYPE,DB_LENGTH,IS_KEY,NOT_BLANK,IS_DUMMY,IS_SEARCH_ITEM,SORT_NO,TREE_LEVEL,SHEET_NO,PAGE_NO,PROPERTY_NO,IS_AUTO,IS_MANDATORY,SYSTEM_READONLY,FIELD_TYPE,FIELD_LENGTH,INPUT_ALPHABET,INPUT_MULTIBYTE,INPUT_NUMERIC,INPUT_SYMBOL,INPUT_UPPERCASE,RETRIEVAL_TABLE,FORMAT,DEFAULT_VALUE,MIN_VALUE,MAX_VALUE,CALENDAR_BUTTON,JUMP_BUTTON,OPEN_BUTTON,REF_TABLE_ID,REF_FIELD_NAME,SPECIAL_BUTTON) VALUES ('TBLID_BPROD_X','RESERVE28','RESERVE28','RESERVE28','STRING',20,'N','Y','N','Y',70,-1,0,0,70,'N','N','N','STRING',20,'Y',0,'Y','Y','Y','NONE',NULL,NULL,NULL,NULL,'N','N',0,NULL,NULL,0);
INSERT INTO SM_FIELD_DEF (TABLE_ID,FIELD_NAME,JP_TITLE,US_TITLE,DB_TYPE,DB_LENGTH,IS_KEY,NOT_BLANK,IS_DUMMY,IS_SEARCH_ITEM,SORT_NO,TREE_LEVEL,SHEET_NO,PAGE_NO,PROPERTY_NO,IS_AUTO,IS_MANDATORY,SYSTEM_READONLY,FIELD_TYPE,FIELD_LENGTH,INPUT_ALPHABET,INPUT_MULTIBYTE,INPUT_NUMERIC,INPUT_SYMBOL,INPUT_UPPERCASE,RETRIEVAL_TABLE,FORMAT,DEFAULT_VALUE,MIN_VALUE,MAX_VALUE,CALENDAR_BUTTON,JUMP_BUTTON,OPEN_BUTTON,REF_TABLE_ID,REF_FIELD_NAME,SPECIAL_BUTTON) VALUES ('TBLID_BPROD_X','RESERVE29','RESERVE29','RESERVE29','STRING',20,'N','Y','N','Y',71,-1,0,0,71,'N','N','N','STRING',20,'Y',0,'Y','Y','Y','NONE',NULL,NULL,NULL,NULL,'N','N',0,NULL,NULL,0);
INSERT INTO SM_FIELD_DEF (TABLE_ID,FIELD_NAME,JP_TITLE,US_TITLE,DB_TYPE,DB_LENGTH,IS_KEY,NOT_BLANK,IS_DUMMY,IS_SEARCH_ITEM,SORT_NO,TREE_LEVEL,SHEET_NO,PAGE_NO,PROPERTY_NO,IS_AUTO,IS_MANDATORY,SYSTEM_READONLY,FIELD_TYPE,FIELD_LENGTH,INPUT_ALPHABET,INPUT_MULTIBYTE,INPUT_NUMERIC,INPUT_SYMBOL,INPUT_UPPERCASE,RETRIEVAL_TABLE,FORMAT,DEFAULT_VALUE,MIN_VALUE,MAX_VALUE,CALENDAR_BUTTON,JUMP_BUTTON,OPEN_BUTTON,REF_TABLE_ID,REF_FIELD_NAME,SPECIAL_BUTTON) VALUES ('TBLID_BPROD_X','RESERVE30','RESERVE30','RESERVE30','STRING',20,'N','Y','N','Y',72,-1,0,0,72,'N','N','N','STRING',20,'Y',0,'Y','Y','Y','NONE',NULL,NULL,NULL,NULL,'N','N',0,NULL,NULL,0);
INSERT INTO SM_FIELD_DEF (TABLE_ID,FIELD_NAME,JP_TITLE,US_TITLE,DB_TYPE,DB_LENGTH,IS_KEY,NOT_BLANK,IS_DUMMY,IS_SEARCH_ITEM,SORT_NO,TREE_LEVEL,SHEET_NO,PAGE_NO,PROPERTY_NO,IS_AUTO,IS_MANDATORY,SYSTEM_READONLY,FIELD_TYPE,FIELD_LENGTH,INPUT_ALPHABET,INPUT_MULTIBYTE,INPUT_NUMERIC,INPUT_SYMBOL,INPUT_UPPERCASE,RETRIEVAL_TABLE,FORMAT,DEFAULT_VALUE,MIN_VALUE,MAX_VALUE,CALENDAR_BUTTON,JUMP_BUTTON,OPEN_BUTTON,REF_TABLE_ID,REF_FIELD_NAME,SPECIAL_BUTTON) VALUES ('TBLID_BPROD_X','RESERVE31','RESERVE31','RESERVE31','STRING',20,'N','Y','N','Y',73,-1,0,0,73,'N','N','N','STRING',20,'Y',0,'Y','Y','Y','NONE',NULL,NULL,NULL,NULL,'N','N',0,NULL,NULL,0);
INSERT INTO SM_FIELD_DEF (TABLE_ID,FIELD_NAME,JP_TITLE,US_TITLE,DB_TYPE,DB_LENGTH,IS_KEY,NOT_BLANK,IS_DUMMY,IS_SEARCH_ITEM,SORT_NO,TREE_LEVEL,SHEET_NO,PAGE_NO,PROPERTY_NO,IS_AUTO,IS_MANDATORY,SYSTEM_READONLY,FIELD_TYPE,FIELD_LENGTH,INPUT_ALPHABET,INPUT_MULTIBYTE,INPUT_NUMERIC,INPUT_SYMBOL,INPUT_UPPERCASE,RETRIEVAL_TABLE,FORMAT,DEFAULT_VALUE,MIN_VALUE,MAX_VALUE,CALENDAR_BUTTON,JUMP_BUTTON,OPEN_BUTTON,REF_TABLE_ID,REF_FIELD_NAME,SPECIAL_BUTTON) VALUES ('TBLID_BPROD_X','RESERVE32','RESERVE32','RESERVE32','STRING',20,'N','Y','N','Y',74,-1,0,0,74,'N','N','N','STRING',20,'Y',0,'Y','Y','Y','NONE',NULL,NULL,NULL,NULL,'N','N',0,NULL,NULL,0);
INSERT INTO SM_FIELD_DEF (TABLE_ID,FIELD_NAME,JP_TITLE,US_TITLE,DB_TYPE,DB_LENGTH,IS_KEY,NOT_BLANK,IS_DUMMY,IS_SEARCH_ITEM,SORT_NO,TREE_LEVEL,SHEET_NO,PAGE_NO,PROPERTY_NO,IS_AUTO,IS_MANDATORY,SYSTEM_READONLY,FIELD_TYPE,FIELD_LENGTH,INPUT_ALPHABET,INPUT_MULTIBYTE,INPUT_NUMERIC,INPUT_SYMBOL,INPUT_UPPERCASE,RETRIEVAL_TABLE,FORMAT,DEFAULT_VALUE,MIN_VALUE,MAX_VALUE,CALENDAR_BUTTON,JUMP_BUTTON,OPEN_BUTTON,REF_TABLE_ID,REF_FIELD_NAME,SPECIAL_BUTTON) VALUES ('TBLID_BPROD_X','RESERVE33','RESERVE33','RESERVE33','STRING',20,'N','Y','N','Y',75,-1,0,0,75,'N','N','N','STRING',20,'Y',0,'Y','Y','Y','NONE',NULL,NULL,NULL,NULL,'N','N',0,NULL,NULL,0);
INSERT INTO SM_FIELD_DEF (TABLE_ID,FIELD_NAME,JP_TITLE,US_TITLE,DB_TYPE,DB_LENGTH,IS_KEY,NOT_BLANK,IS_DUMMY,IS_SEARCH_ITEM,SORT_NO,TREE_LEVEL,SHEET_NO,PAGE_NO,PROPERTY_NO,IS_AUTO,IS_MANDATORY,SYSTEM_READONLY,FIELD_TYPE,FIELD_LENGTH,INPUT_ALPHABET,INPUT_MULTIBYTE,INPUT_NUMERIC,INPUT_SYMBOL,INPUT_UPPERCASE,RETRIEVAL_TABLE,FORMAT,DEFAULT_VALUE,MIN_VALUE,MAX_VALUE,CALENDAR_BUTTON,JUMP_BUTTON,OPEN_BUTTON,REF_TABLE_ID,REF_FIELD_NAME,SPECIAL_BUTTON) VALUES ('TBLID_BPROD_X','RESERVE34','RESERVE34','RESERVE34','STRING',20,'N','Y','N','Y',76,-1,0,0,76,'N','N','N','STRING',20,'Y',0,'Y','Y','Y','NONE',NULL,NULL,NULL,NULL,'N','N',0,NULL,NULL,0);
INSERT INTO SM_FIELD_DEF (TABLE_ID,FIELD_NAME,JP_TITLE,US_TITLE,DB_TYPE,DB_LENGTH,IS_KEY,NOT_BLANK,IS_DUMMY,IS_SEARCH_ITEM,SORT_NO,TREE_LEVEL,SHEET_NO,PAGE_NO,PROPERTY_NO,IS_AUTO,IS_MANDATORY,SYSTEM_READONLY,FIELD_TYPE,FIELD_LENGTH,INPUT_ALPHABET,INPUT_MULTIBYTE,INPUT_NUMERIC,INPUT_SYMBOL,INPUT_UPPERCASE,RETRIEVAL_TABLE,FORMAT,DEFAULT_VALUE,MIN_VALUE,MAX_VALUE,CALENDAR_BUTTON,JUMP_BUTTON,OPEN_BUTTON,REF_TABLE_ID,REF_FIELD_NAME,SPECIAL_BUTTON) VALUES ('TBLID_BPROD_X','RESERVE35','RESERVE35','RESERVE35','STRING',20,'N','Y','N','Y',77,-1,0,0,77,'N','N','N','STRING',20,'Y',0,'Y','Y','Y','NONE',NULL,NULL,NULL,NULL,'N','N',0,NULL,NULL,0);
INSERT INTO SM_FIELD_DEF (TABLE_ID,FIELD_NAME,JP_TITLE,US_TITLE,DB_TYPE,DB_LENGTH,IS_KEY,NOT_BLANK,IS_DUMMY,IS_SEARCH_ITEM,SORT_NO,TREE_LEVEL,SHEET_NO,PAGE_NO,PROPERTY_NO,IS_AUTO,IS_MANDATORY,SYSTEM_READONLY,FIELD_TYPE,FIELD_LENGTH,INPUT_ALPHABET,INPUT_MULTIBYTE,INPUT_NUMERIC,INPUT_SYMBOL,INPUT_UPPERCASE,RETRIEVAL_TABLE,FORMAT,DEFAULT_VALUE,MIN_VALUE,MAX_VALUE,CALENDAR_BUTTON,JUMP_BUTTON,OPEN_BUTTON,REF_TABLE_ID,REF_FIELD_NAME,SPECIAL_BUTTON) VALUES ('TBLID_BPROD_X','RESERVE36','RESERVE36','RESERVE36','STRING',20,'N','Y','N','Y',78,-1,0,0,78,'N','N','N','STRING',20,'Y',0,'Y','Y','Y','NONE',NULL,NULL,NULL,NULL,'N','N',0,NULL,NULL,0);
INSERT INTO SM_FIELD_DEF (TABLE_ID,FIELD_NAME,JP_TITLE,US_TITLE,DB_TYPE,DB_LENGTH,IS_KEY,NOT_BLANK,IS_DUMMY,IS_SEARCH_ITEM,SORT_NO,TREE_LEVEL,SHEET_NO,PAGE_NO,PROPERTY_NO,IS_AUTO,IS_MANDATORY,SYSTEM_READONLY,FIELD_TYPE,FIELD_LENGTH,INPUT_ALPHABET,INPUT_MULTIBYTE,INPUT_NUMERIC,INPUT_SYMBOL,INPUT_UPPERCASE,RETRIEVAL_TABLE,FORMAT,DEFAULT_VALUE,MIN_VALUE,MAX_VALUE,CALENDAR_BUTTON,JUMP_BUTTON,OPEN_BUTTON,REF_TABLE_ID,REF_FIELD_NAME,SPECIAL_BUTTON) VALUES ('TBLID_BPROD_X','RESERVE37','RESERVE37','RESERVE37','STRING',20,'N','Y','N','Y',79,-1,0,0,79,'N','N','N','STRING',20,'Y',0,'Y','Y','Y','NONE',NULL,NULL,NULL,NULL,'N','N',0,NULL,NULL,0);
INSERT INTO SM_FIELD_DEF (TABLE_ID,FIELD_NAME,JP_TITLE,US_TITLE,DB_TYPE,DB_LENGTH,IS_KEY,NOT_BLANK,IS_DUMMY,IS_SEARCH_ITEM,SORT_NO,TREE_LEVEL,SHEET_NO,PAGE_NO,PROPERTY_NO,IS_AUTO,IS_MANDATORY,SYSTEM_READONLY,FIELD_TYPE,FIELD_LENGTH,INPUT_ALPHABET,INPUT_MULTIBYTE,INPUT_NUMERIC,INPUT_SYMBOL,INPUT_UPPERCASE,RETRIEVAL_TABLE,FORMAT,DEFAULT_VALUE,MIN_VALUE,MAX_VALUE,CALENDAR_BUTTON,JUMP_BUTTON,OPEN_BUTTON,REF_TABLE_ID,REF_FIELD_NAME,SPECIAL_BUTTON) VALUES ('TBLID_BPROD_X','RESERVE38','RESERVE38','RESERVE38','STRING',20,'N','Y','N','Y',80,-1,0,0,80,'N','N','N','STRING',20,'Y',0,'Y','Y','Y','NONE',NULL,NULL,NULL,NULL,'N','N',0,NULL,NULL,0);
INSERT INTO SM_FIELD_DEF (TABLE_ID,FIELD_NAME,JP_TITLE,US_TITLE,DB_TYPE,DB_LENGTH,IS_KEY,NOT_BLANK,IS_DUMMY,IS_SEARCH_ITEM,SORT_NO,TREE_LEVEL,SHEET_NO,PAGE_NO,PROPERTY_NO,IS_AUTO,IS_MANDATORY,SYSTEM_READONLY,FIELD_TYPE,FIELD_LENGTH,INPUT_ALPHABET,INPUT_MULTIBYTE,INPUT_NUMERIC,INPUT_SYMBOL,INPUT_UPPERCASE,RETRIEVAL_TABLE,FORMAT,DEFAULT_VALUE,MIN_VALUE,MAX_VALUE,CALENDAR_BUTTON,JUMP_BUTTON,OPEN_BUTTON,REF_TABLE_ID,REF_FIELD_NAME,SPECIAL_BUTTON) VALUES ('TBLID_BPROD_X','RESERVE39','RESERVE39','RESERVE39','STRING',20,'N','Y','N','Y',81,-1,0,0,81,'N','N','N','STRING',20,'Y',0,'Y','Y','Y','NONE',NULL,NULL,NULL,NULL,'N','N',0,NULL,NULL,0);
INSERT INTO SM_FIELD_DEF (TABLE_ID,FIELD_NAME,JP_TITLE,US_TITLE,DB_TYPE,DB_LENGTH,IS_KEY,NOT_BLANK,IS_DUMMY,IS_SEARCH_ITEM,SORT_NO,TREE_LEVEL,SHEET_NO,PAGE_NO,PROPERTY_NO,IS_AUTO,IS_MANDATORY,SYSTEM_READONLY,FIELD_TYPE,FIELD_LENGTH,INPUT_ALPHABET,INPUT_MULTIBYTE,INPUT_NUMERIC,INPUT_SYMBOL,INPUT_UPPERCASE,RETRIEVAL_TABLE,FORMAT,DEFAULT_VALUE,MIN_VALUE,MAX_VALUE,CALENDAR_BUTTON,JUMP_BUTTON,OPEN_BUTTON,REF_TABLE_ID,REF_FIELD_NAME,SPECIAL_BUTTON) VALUES ('TBLID_BPROD_X','RESERVE40','RESERVE40','RESERVE40','STRING',20,'N','Y','N','Y',82,-1,0,0,82,'N','N','N','STRING',20,'Y',0,'Y','Y','Y','NONE',NULL,NULL,NULL,NULL,'N','N',0,NULL,NULL,0);
INSERT INTO SM_FIELD_DEF (TABLE_ID,FIELD_NAME,JP_TITLE,US_TITLE,DB_TYPE,DB_LENGTH,IS_KEY,NOT_BLANK,IS_DUMMY,IS_SEARCH_ITEM,SORT_NO,TREE_LEVEL,SHEET_NO,PAGE_NO,PROPERTY_NO,IS_AUTO,IS_MANDATORY,SYSTEM_READONLY,FIELD_TYPE,FIELD_LENGTH,INPUT_ALPHABET,INPUT_MULTIBYTE,INPUT_NUMERIC,INPUT_SYMBOL,INPUT_UPPERCASE,RETRIEVAL_TABLE,FORMAT,DEFAULT_VALUE,MIN_VALUE,MAX_VALUE,CALENDAR_BUTTON,JUMP_BUTTON,OPEN_BUTTON,REF_TABLE_ID,REF_FIELD_NAME,SPECIAL_BUTTON) VALUES ('TBLID_BPROD_X','RESERVE41','RESERVE41','RESERVE41','STRING',20,'N','Y','N','Y',83,-1,0,0,83,'N','N','N','STRING',20,'Y',0,'Y','Y','Y','NONE',NULL,NULL,NULL,NULL,'N','N',0,NULL,NULL,0);
INSERT INTO SM_FIELD_DEF (TABLE_ID,FIELD_NAME,JP_TITLE,US_TITLE,DB_TYPE,DB_LENGTH,IS_KEY,NOT_BLANK,IS_DUMMY,IS_SEARCH_ITEM,SORT_NO,TREE_LEVEL,SHEET_NO,PAGE_NO,PROPERTY_NO,IS_AUTO,IS_MANDATORY,SYSTEM_READONLY,FIELD_TYPE,FIELD_LENGTH,INPUT_ALPHABET,INPUT_MULTIBYTE,INPUT_NUMERIC,INPUT_SYMBOL,INPUT_UPPERCASE,RETRIEVAL_TABLE,FORMAT,DEFAULT_VALUE,MIN_VALUE,MAX_VALUE,CALENDAR_BUTTON,JUMP_BUTTON,OPEN_BUTTON,REF_TABLE_ID,REF_FIELD_NAME,SPECIAL_BUTTON) VALUES ('TBLID_BPROD_X','RESERVE42','RESERVE42','RESERVE42','STRING',20,'N','Y','N','Y',84,-1,0,0,84,'N','N','N','STRING',20,'Y',0,'Y','Y','Y','NONE',NULL,NULL,NULL,NULL,'N','N',0,NULL,NULL,0);
INSERT INTO SM_FIELD_DEF (TABLE_ID,FIELD_NAME,JP_TITLE,US_TITLE,DB_TYPE,DB_LENGTH,IS_KEY,NOT_BLANK,IS_DUMMY,IS_SEARCH_ITEM,SORT_NO,TREE_LEVEL,SHEET_NO,PAGE_NO,PROPERTY_NO,IS_AUTO,IS_MANDATORY,SYSTEM_READONLY,FIELD_TYPE,FIELD_LENGTH,INPUT_ALPHABET,INPUT_MULTIBYTE,INPUT_NUMERIC,INPUT_SYMBOL,INPUT_UPPERCASE,RETRIEVAL_TABLE,FORMAT,DEFAULT_VALUE,MIN_VALUE,MAX_VALUE,CALENDAR_BUTTON,JUMP_BUTTON,OPEN_BUTTON,REF_TABLE_ID,REF_FIELD_NAME,SPECIAL_BUTTON) VALUES ('TBLID_BPROD_X','RESERVE43','RESERVE43','RESERVE43','STRING',20,'N','Y','N','Y',85,-1,0,0,85,'N','N','N','STRING',20,'Y',0,'Y','Y','Y','NONE',NULL,NULL,NULL,NULL,'N','N',0,NULL,NULL,0);
INSERT INTO SM_FIELD_DEF (TABLE_ID,FIELD_NAME,JP_TITLE,US_TITLE,DB_TYPE,DB_LENGTH,IS_KEY,NOT_BLANK,IS_DUMMY,IS_SEARCH_ITEM,SORT_NO,TREE_LEVEL,SHEET_NO,PAGE_NO,PROPERTY_NO,IS_AUTO,IS_MANDATORY,SYSTEM_READONLY,FIELD_TYPE,FIELD_LENGTH,INPUT_ALPHABET,INPUT_MULTIBYTE,INPUT_NUMERIC,INPUT_SYMBOL,INPUT_UPPERCASE,RETRIEVAL_TABLE,FORMAT,DEFAULT_VALUE,MIN_VALUE,MAX_VALUE,CALENDAR_BUTTON,JUMP_BUTTON,OPEN_BUTTON,REF_TABLE_ID,REF_FIELD_NAME,SPECIAL_BUTTON) VALUES ('TBLID_BPROD_X','RESERVE44','RESERVE44','RESERVE44','STRING',20,'N','Y','N','Y',86,-1,0,0,86,'N','N','N','STRING',20,'Y',0,'Y','Y','Y','NONE',NULL,NULL,NULL,NULL,'N','N',0,NULL,NULL,0);
INSERT INTO SM_FIELD_DEF (TABLE_ID,FIELD_NAME,JP_TITLE,US_TITLE,DB_TYPE,DB_LENGTH,IS_KEY,NOT_BLANK,IS_DUMMY,IS_SEARCH_ITEM,SORT_NO,TREE_LEVEL,SHEET_NO,PAGE_NO,PROPERTY_NO,IS_AUTO,IS_MANDATORY,SYSTEM_READONLY,FIELD_TYPE,FIELD_LENGTH,INPUT_ALPHABET,INPUT_MULTIBYTE,INPUT_NUMERIC,INPUT_SYMBOL,INPUT_UPPERCASE,RETRIEVAL_TABLE,FORMAT,DEFAULT_VALUE,MIN_VALUE,MAX_VALUE,CALENDAR_BUTTON,JUMP_BUTTON,OPEN_BUTTON,REF_TABLE_ID,REF_FIELD_NAME,SPECIAL_BUTTON) VALUES ('TBLID_BPROD_X','RESERVE45','RESERVE45','RESERVE45','STRING',20,'N','Y','N','Y',87,-1,0,0,87,'N','N','N','STRING',20,'Y',0,'Y','Y','Y','NONE',NULL,NULL,NULL,NULL,'N','N',0,NULL,NULL,0);
INSERT INTO SM_FIELD_DEF (TABLE_ID,FIELD_NAME,JP_TITLE,US_TITLE,DB_TYPE,DB_LENGTH,IS_KEY,NOT_BLANK,IS_DUMMY,IS_SEARCH_ITEM,SORT_NO,TREE_LEVEL,SHEET_NO,PAGE_NO,PROPERTY_NO,IS_AUTO,IS_MANDATORY,SYSTEM_READONLY,FIELD_TYPE,FIELD_LENGTH,INPUT_ALPHABET,INPUT_MULTIBYTE,INPUT_NUMERIC,INPUT_SYMBOL,INPUT_UPPERCASE,RETRIEVAL_TABLE,FORMAT,DEFAULT_VALUE,MIN_VALUE,MAX_VALUE,CALENDAR_BUTTON,JUMP_BUTTON,OPEN_BUTTON,REF_TABLE_ID,REF_FIELD_NAME,SPECIAL_BUTTON) VALUES ('TBLID_BPROD_X','RESERVE46','RESERVE46','RESERVE46','STRING',20,'N','Y','N','Y',88,-1,0,0,88,'N','N','N','STRING',20,'Y',0,'Y','Y','Y','NONE',NULL,NULL,NULL,NULL,'N','N',0,NULL,NULL,0);
INSERT INTO SM_FIELD_DEF (TABLE_ID,FIELD_NAME,JP_TITLE,US_TITLE,DB_TYPE,DB_LENGTH,IS_KEY,NOT_BLANK,IS_DUMMY,IS_SEARCH_ITEM,SORT_NO,TREE_LEVEL,SHEET_NO,PAGE_NO,PROPERTY_NO,IS_AUTO,IS_MANDATORY,SYSTEM_READONLY,FIELD_TYPE,FIELD_LENGTH,INPUT_ALPHABET,INPUT_MULTIBYTE,INPUT_NUMERIC,INPUT_SYMBOL,INPUT_UPPERCASE,RETRIEVAL_TABLE,FORMAT,DEFAULT_VALUE,MIN_VALUE,MAX_VALUE,CALENDAR_BUTTON,JUMP_BUTTON,OPEN_BUTTON,REF_TABLE_ID,REF_FIELD_NAME,SPECIAL_BUTTON) VALUES ('TBLID_BPROD_X','RESERVE47','RESERVE47','RESERVE47','STRING',20,'N','Y','N','Y',89,-1,0,0,89,'N','N','N','STRING',20,'Y',0,'Y','Y','Y','NONE',NULL,NULL,NULL,NULL,'N','N',0,NULL,NULL,0);
INSERT INTO SM_FIELD_DEF (TABLE_ID,FIELD_NAME,JP_TITLE,US_TITLE,DB_TYPE,DB_LENGTH,IS_KEY,NOT_BLANK,IS_DUMMY,IS_SEARCH_ITEM,SORT_NO,TREE_LEVEL,SHEET_NO,PAGE_NO,PROPERTY_NO,IS_AUTO,IS_MANDATORY,SYSTEM_READONLY,FIELD_TYPE,FIELD_LENGTH,INPUT_ALPHABET,INPUT_MULTIBYTE,INPUT_NUMERIC,INPUT_SYMBOL,INPUT_UPPERCASE,RETRIEVAL_TABLE,FORMAT,DEFAULT_VALUE,MIN_VALUE,MAX_VALUE,CALENDAR_BUTTON,JUMP_BUTTON,OPEN_BUTTON,REF_TABLE_ID,REF_FIELD_NAME,SPECIAL_BUTTON) VALUES ('TBLID_BPROD_X','RESERVE48','RESERVE48','RESERVE48','STRING',20,'N','Y','N','Y',90,-1,0,0,90,'N','N','N','STRING',20,'Y',0,'Y','Y','Y','NONE',NULL,NULL,NULL,NULL,'N','N',0,NULL,NULL,0);
INSERT INTO SM_FIELD_DEF (TABLE_ID,FIELD_NAME,JP_TITLE,US_TITLE,DB_TYPE,DB_LENGTH,IS_KEY,NOT_BLANK,IS_DUMMY,IS_SEARCH_ITEM,SORT_NO,TREE_LEVEL,SHEET_NO,PAGE_NO,PROPERTY_NO,IS_AUTO,IS_MANDATORY,SYSTEM_READONLY,FIELD_TYPE,FIELD_LENGTH,INPUT_ALPHABET,INPUT_MULTIBYTE,INPUT_NUMERIC,INPUT_SYMBOL,INPUT_UPPERCASE,RETRIEVAL_TABLE,FORMAT,DEFAULT_VALUE,MIN_VALUE,MAX_VALUE,CALENDAR_BUTTON,JUMP_BUTTON,OPEN_BUTTON,REF_TABLE_ID,REF_FIELD_NAME,SPECIAL_BUTTON) VALUES ('TBLID_BPROD_X','RESERVE49','RESERVE49','RESERVE49','STRING',20,'N','Y','N','Y',91,-1,0,0,91,'N','N','N','STRING',20,'Y',0,'Y','Y','Y','NONE',NULL,NULL,NULL,NULL,'N','N',0,NULL,NULL,0);
INSERT INTO SM_FIELD_DEF (TABLE_ID,FIELD_NAME,JP_TITLE,US_TITLE,DB_TYPE,DB_LENGTH,IS_KEY,NOT_BLANK,IS_DUMMY,IS_SEARCH_ITEM,SORT_NO,TREE_LEVEL,SHEET_NO,PAGE_NO,PROPERTY_NO,IS_AUTO,IS_MANDATORY,SYSTEM_READONLY,FIELD_TYPE,FIELD_LENGTH,INPUT_ALPHABET,INPUT_MULTIBYTE,INPUT_NUMERIC,INPUT_SYMBOL,INPUT_UPPERCASE,RETRIEVAL_TABLE,FORMAT,DEFAULT_VALUE,MIN_VALUE,MAX_VALUE,CALENDAR_BUTTON,JUMP_BUTTON,OPEN_BUTTON,REF_TABLE_ID,REF_FIELD_NAME,SPECIAL_BUTTON) VALUES ('TBLID_BPROD_X','RESERVE50','RESERVE50','RESERVE50','STRING',20,'N','Y','N','Y',92,-1,0,0,92,'N','N','N','STRING',20,'Y',0,'Y','Y','Y','NONE',NULL,NULL,NULL,NULL,'N','N',0,NULL,NULL,0);
INSERT INTO SM_FIELD_DEF (TABLE_ID,FIELD_NAME,JP_TITLE,US_TITLE,DB_TYPE,DB_LENGTH,IS_KEY,NOT_BLANK,IS_DUMMY,IS_SEARCH_ITEM,SORT_NO,TREE_LEVEL,SHEET_NO,PAGE_NO,PROPERTY_NO,IS_AUTO,IS_MANDATORY,SYSTEM_READONLY,FIELD_TYPE,FIELD_LENGTH,INPUT_ALPHABET,INPUT_MULTIBYTE,INPUT_NUMERIC,INPUT_SYMBOL,INPUT_UPPERCASE,RETRIEVAL_TABLE,FORMAT,DEFAULT_VALUE,MIN_VALUE,MAX_VALUE,CALENDAR_BUTTON,JUMP_BUTTON,OPEN_BUTTON,REF_TABLE_ID,REF_FIELD_NAME,SPECIAL_BUTTON) VALUES ('TBLID_BPROD_X','CUSTOMER_ID','CUSTOMER_ID','CUSTOMER_ID','STRING',20,'N','Y','N','Y',93,-1,0,0,93,'N','N','N','STRING',20,'Y',0,'Y','Y','Y','NONE',NULL,NULL,NULL,NULL,'N','N',0,NULL,NULL,0);
INSERT INTO SM_FIELD_DEF (TABLE_ID,FIELD_NAME,JP_TITLE,US_TITLE,DB_TYPE,DB_LENGTH,IS_KEY,NOT_BLANK,IS_DUMMY,IS_SEARCH_ITEM,SORT_NO,TREE_LEVEL,SHEET_NO,PAGE_NO,PROPERTY_NO,IS_AUTO,IS_MANDATORY,SYSTEM_READONLY,FIELD_TYPE,FIELD_LENGTH,INPUT_ALPHABET,INPUT_MULTIBYTE,INPUT_NUMERIC,INPUT_SYMBOL,INPUT_UPPERCASE,RETRIEVAL_TABLE,FORMAT,DEFAULT_VALUE,MIN_VALUE,MAX_VALUE,CALENDAR_BUTTON,JUMP_BUTTON,OPEN_BUTTON,REF_TABLE_ID,REF_FIELD_NAME,SPECIAL_BUTTON) VALUES ('TBLID_BPROD_X','RFID_WRITE_FLG','RFID_WRITE_FLG','RFID_WRITE_FLG','STRING',1,'N','Y','N','Y',94,-1,0,0,94,'N','N','N','STRING',1,'Y',0,'Y','Y','Y','NONE',NULL,NULL,NULL,NULL,'N','N',0,NULL,NULL,0);
INSERT INTO SM_FIELD_DEF (TABLE_ID,FIELD_NAME,JP_TITLE,US_TITLE,DB_TYPE,DB_LENGTH,IS_KEY,NOT_BLANK,IS_DUMMY,IS_SEARCH_ITEM,SORT_NO,TREE_LEVEL,SHEET_NO,PAGE_NO,PROPERTY_NO,IS_AUTO,IS_MANDATORY,SYSTEM_READONLY,FIELD_TYPE,FIELD_LENGTH,INPUT_ALPHABET,INPUT_MULTIBYTE,INPUT_NUMERIC,INPUT_SYMBOL,INPUT_UPPERCASE,RETRIEVAL_TABLE,FORMAT,DEFAULT_VALUE,MIN_VALUE,MAX_VALUE,CALENDAR_BUTTON,JUMP_BUTTON,OPEN_BUTTON,REF_TABLE_ID,REF_FIELD_NAME,SPECIAL_BUTTON) VALUES ('TBLID_BPROD_X','INBOX_LM_CHECK_FLG','INBOX_LM_CHECK_FLG','INBOX_LM_CHECK_FLG','STRING',1,'N','Y','N','Y',95,-1,0,0,95,'N','N','N','STRING',1,'Y',0,'Y','Y','Y','NONE',NULL,NULL,NULL,NULL,'N','N',0,NULL,NULL,0);
INSERT INTO SM_FIELD_DEF (TABLE_ID,FIELD_NAME,JP_TITLE,US_TITLE,DB_TYPE,DB_LENGTH,IS_KEY,NOT_BLANK,IS_DUMMY,IS_SEARCH_ITEM,SORT_NO,TREE_LEVEL,SHEET_NO,PAGE_NO,PROPERTY_NO,IS_AUTO,IS_MANDATORY,SYSTEM_READONLY,FIELD_TYPE,FIELD_LENGTH,INPUT_ALPHABET,INPUT_MULTIBYTE,INPUT_NUMERIC,INPUT_SYMBOL,INPUT_UPPERCASE,RETRIEVAL_TABLE,FORMAT,DEFAULT_VALUE,MIN_VALUE,MAX_VALUE,CALENDAR_BUTTON,JUMP_BUTTON,OPEN_BUTTON,REF_TABLE_ID,REF_FIELD_NAME,SPECIAL_BUTTON) VALUES ('TBLID_BPROD_X','PLANT_CAT','PLANT_CAT','PLANT_CAT','STRING',1,'N','Y','N','Y',96,-1,0,0,96,'N','N','N','STRING',1,'Y',0,'Y','Y','Y','NONE',NULL,NULL,NULL,NULL,'N','N',0,NULL,NULL,0);
INSERT INTO SM_FIELD_DEF (TABLE_ID,FIELD_NAME,JP_TITLE,US_TITLE,DB_TYPE,DB_LENGTH,IS_KEY,NOT_BLANK,IS_DUMMY,IS_SEARCH_ITEM,SORT_NO,TREE_LEVEL,SHEET_NO,PAGE_NO,PROPERTY_NO,IS_AUTO,IS_MANDATORY,SYSTEM_READONLY,FIELD_TYPE,FIELD_LENGTH,INPUT_ALPHABET,INPUT_MULTIBYTE,INPUT_NUMERIC,INPUT_SYMBOL,INPUT_UPPERCASE,RETRIEVAL_TABLE,FORMAT,DEFAULT_VALUE,MIN_VALUE,MAX_VALUE,CALENDAR_BUTTON,JUMP_BUTTON,OPEN_BUTTON,REF_TABLE_ID,REF_FIELD_NAME,SPECIAL_BUTTON) VALUES ('TBLID_BPROD_X','SMPL_FLG','SMPL_FLG','SMPL_FLG','STRING',1,'N','Y','N','Y',97,-1,0,0,97,'N','N','N','STRING',1,'Y',0,'Y','Y','Y','NONE',NULL,NULL,NULL,NULL,'N','N',0,NULL,NULL,0);
INSERT INTO SM_FIELD_DEF (TABLE_ID,FIELD_NAME,JP_TITLE,US_TITLE,DB_TYPE,DB_LENGTH,IS_KEY,NOT_BLANK,IS_DUMMY,IS_SEARCH_ITEM,SORT_NO,TREE_LEVEL,SHEET_NO,PAGE_NO,PROPERTY_NO,IS_AUTO,IS_MANDATORY,SYSTEM_READONLY,FIELD_TYPE,FIELD_LENGTH,INPUT_ALPHABET,INPUT_MULTIBYTE,INPUT_NUMERIC,INPUT_SYMBOL,INPUT_UPPERCASE,RETRIEVAL_TABLE,FORMAT,DEFAULT_VALUE,MIN_VALUE,MAX_VALUE,CALENDAR_BUTTON,JUMP_BUTTON,OPEN_BUTTON,REF_TABLE_ID,REF_FIELD_NAME,SPECIAL_BUTTON) VALUES ('TBLID_BPROD_X','PN_CAT','PN_CAT','PN_CAT','STRING',10,'N','Y','N','Y',98,-1,0,0,98,'N','N','N','STRING',10,'Y',0,'Y','Y','Y','NONE',NULL,NULL,NULL,NULL,'N','N',0,NULL,NULL,0);
INSERT INTO SM_FIELD_DEF (TABLE_ID,FIELD_NAME,JP_TITLE,US_TITLE,DB_TYPE,DB_LENGTH,IS_KEY,NOT_BLANK,IS_DUMMY,IS_SEARCH_ITEM,SORT_NO,TREE_LEVEL,SHEET_NO,PAGE_NO,PROPERTY_NO,IS_AUTO,IS_MANDATORY,SYSTEM_READONLY,FIELD_TYPE,FIELD_LENGTH,INPUT_ALPHABET,INPUT_MULTIBYTE,INPUT_NUMERIC,INPUT_SYMBOL,INPUT_UPPERCASE,RETRIEVAL_TABLE,FORMAT,DEFAULT_VALUE,MIN_VALUE,MAX_VALUE,CALENDAR_BUTTON,JUMP_BUTTON,OPEN_BUTTON,REF_TABLE_ID,REF_FIELD_NAME,SPECIAL_BUTTON) VALUES ('TBLID_BPROD_X','WRK_PLATE_TYPE','WRK_PLATE_TYPE','WRK_PLATE_TYPE','STRING',2,'N','Y','N','Y',99,-1,0,0,99,'N','N','N','STRING',2,'Y',0,'Y','Y','Y','NONE',NULL,NULL,NULL,NULL,'N','N',0,NULL,NULL,0);
INSERT INTO SM_FIELD_DEF (TABLE_ID,FIELD_NAME,JP_TITLE,US_TITLE,DB_TYPE,DB_LENGTH,IS_KEY,NOT_BLANK,IS_DUMMY,IS_SEARCH_ITEM,SORT_NO,TREE_LEVEL,SHEET_NO,PAGE_NO,PROPERTY_NO,IS_AUTO,IS_MANDATORY,SYSTEM_READONLY,FIELD_TYPE,FIELD_LENGTH,INPUT_ALPHABET,INPUT_MULTIBYTE,INPUT_NUMERIC,INPUT_SYMBOL,INPUT_UPPERCASE,RETRIEVAL_TABLE,FORMAT,DEFAULT_VALUE,MIN_VALUE,MAX_VALUE,CALENDAR_BUTTON,JUMP_BUTTON,OPEN_BUTTON,REF_TABLE_ID,REF_FIELD_NAME,SPECIAL_BUTTON) VALUES ('TBLID_BPROD_X','RESIST_PER_CAT','RESIST_PER_CAT','RESIST_PER_CAT','STRING',10,'N','Y','N','Y',100,-1,0,0,100,'N','N','N','STRING',10,'Y',0,'Y','Y','Y','NONE',NULL,NULL,NULL,NULL,'N','N',0,NULL,NULL,0);
INSERT INTO SM_FIELD_DEF (TABLE_ID,FIELD_NAME,JP_TITLE,US_TITLE,DB_TYPE,DB_LENGTH,IS_KEY,NOT_BLANK,IS_DUMMY,IS_SEARCH_ITEM,SORT_NO,TREE_LEVEL,SHEET_NO,PAGE_NO,PROPERTY_NO,IS_AUTO,IS_MANDATORY,SYSTEM_READONLY,FIELD_TYPE,FIELD_LENGTH,INPUT_ALPHABET,INPUT_MULTIBYTE,INPUT_NUMERIC,INPUT_SYMBOL,INPUT_UPPERCASE,RETRIEVAL_TABLE,FORMAT,DEFAULT_VALUE,MIN_VALUE,MAX_VALUE,CALENDAR_BUTTON,JUMP_BUTTON,OPEN_BUTTON,REF_TABLE_ID,REF_FIELD_NAME,SPECIAL_BUTTON) VALUES ('TBLID_BPROD_X','DOPE_CAT_CZ','DOPE_CAT_CZ','DOPE_CAT_CZ','STRING',10,'N','Y','N','Y',101,-1,0,0,101,'N','N','N','STRING',10,'Y',0,'Y','Y','Y','NONE',NULL,NULL,NULL,NULL,'N','N',0,NULL,NULL,0);
INSERT INTO SM_FIELD_DEF (TABLE_ID,FIELD_NAME,JP_TITLE,US_TITLE,DB_TYPE,DB_LENGTH,IS_KEY,NOT_BLANK,IS_DUMMY,IS_SEARCH_ITEM,SORT_NO,TREE_LEVEL,SHEET_NO,PAGE_NO,PROPERTY_NO,IS_AUTO,IS_MANDATORY,SYSTEM_READONLY,FIELD_TYPE,FIELD_LENGTH,INPUT_ALPHABET,INPUT_MULTIBYTE,INPUT_NUMERIC,INPUT_SYMBOL,INPUT_UPPERCASE,RETRIEVAL_TABLE,FORMAT,DEFAULT_VALUE,MIN_VALUE,MAX_VALUE,CALENDAR_BUTTON,JUMP_BUTTON,OPEN_BUTTON,REF_TABLE_ID,REF_FIELD_NAME,SPECIAL_BUTTON) VALUES ('TBLID_BPROD_X','DOPE_CAT_EP','DOPE_CAT_EP','DOPE_CAT_EP','STRING',10,'N','Y','N','Y',102,-1,0,0,102,'N','N','N','STRING',10,'Y',0,'Y','Y','Y','NONE',NULL,NULL,NULL,NULL,'N','N',0,NULL,NULL,0);
INSERT INTO SM_FIELD_DEF (TABLE_ID,FIELD_NAME,JP_TITLE,US_TITLE,DB_TYPE,DB_LENGTH,IS_KEY,NOT_BLANK,IS_DUMMY,IS_SEARCH_ITEM,SORT_NO,TREE_LEVEL,SHEET_NO,PAGE_NO,PROPERTY_NO,IS_AUTO,IS_MANDATORY,SYSTEM_READONLY,FIELD_TYPE,FIELD_LENGTH,INPUT_ALPHABET,INPUT_MULTIBYTE,INPUT_NUMERIC,INPUT_SYMBOL,INPUT_UPPERCASE,RETRIEVAL_TABLE,FORMAT,DEFAULT_VALUE,MIN_VALUE,MAX_VALUE,CALENDAR_BUTTON,JUMP_BUTTON,OPEN_BUTTON,REF_TABLE_ID,REF_FIELD_NAME,SPECIAL_BUTTON) VALUES ('TBLID_BPROD_X','AXIS_CAT','AXIS_CAT','AXIS_CAT','STRING',10,'N','Y','N','Y',103,-1,0,0,103,'N','N','N','STRING',10,'Y',0,'Y','Y','Y','NONE',NULL,NULL,NULL,NULL,'N','N',0,NULL,NULL,0);
INSERT INTO SM_FIELD_DEF (TABLE_ID,FIELD_NAME,JP_TITLE,US_TITLE,DB_TYPE,DB_LENGTH,IS_KEY,NOT_BLANK,IS_DUMMY,IS_SEARCH_ITEM,SORT_NO,TREE_LEVEL,SHEET_NO,PAGE_NO,PROPERTY_NO,IS_AUTO,IS_MANDATORY,SYSTEM_READONLY,FIELD_TYPE,FIELD_LENGTH,INPUT_ALPHABET,INPUT_MULTIBYTE,INPUT_NUMERIC,INPUT_SYMBOL,INPUT_UPPERCASE,RETRIEVAL_TABLE,FORMAT,DEFAULT_VALUE,MIN_VALUE,MAX_VALUE,CALENDAR_BUTTON,JUMP_BUTTON,OPEN_BUTTON,REF_TABLE_ID,REF_FIELD_NAME,SPECIAL_BUTTON) VALUES ('TBLID_BPROD_X','PW_STD_RESIST_H','PW_STD_RESIST_H','PW_STD_RESIST_H','DOUBLE',0,'N','Y','N','Y',104,-1,0,0,104,'N','N','N','STRING',0,'Y',0,'Y','Y','Y','NONE',NULL,NULL,NULL,NULL,'N','N',0,NULL,NULL,0);
INSERT INTO SM_FIELD_DEF (TABLE_ID,FIELD_NAME,JP_TITLE,US_TITLE,DB_TYPE,DB_LENGTH,IS_KEY,NOT_BLANK,IS_DUMMY,IS_SEARCH_ITEM,SORT_NO,TREE_LEVEL,SHEET_NO,PAGE_NO,PROPERTY_NO,IS_AUTO,IS_MANDATORY,SYSTEM_READONLY,FIELD_TYPE,FIELD_LENGTH,INPUT_ALPHABET,INPUT_MULTIBYTE,INPUT_NUMERIC,INPUT_SYMBOL,INPUT_UPPERCASE,RETRIEVAL_TABLE,FORMAT,DEFAULT_VALUE,MIN_VALUE,MAX_VALUE,CALENDAR_BUTTON,JUMP_BUTTON,OPEN_BUTTON,REF_TABLE_ID,REF_FIELD_NAME,SPECIAL_BUTTON) VALUES ('TBLID_BPROD_X','PW_STD_RESIST_L','PW_STD_RESIST_L','PW_STD_RESIST_L','DOUBLE',0,'N','Y','N','Y',105,-1,0,0,105,'N','N','N','STRING',0,'Y',0,'Y','Y','Y','NONE',NULL,NULL,NULL,NULL,'N','N',0,NULL,NULL,0);
INSERT INTO SM_FIELD_DEF (TABLE_ID,FIELD_NAME,JP_TITLE,US_TITLE,DB_TYPE,DB_LENGTH,IS_KEY,NOT_BLANK,IS_DUMMY,IS_SEARCH_ITEM,SORT_NO,TREE_LEVEL,SHEET_NO,PAGE_NO,PROPERTY_NO,IS_AUTO,IS_MANDATORY,SYSTEM_READONLY,FIELD_TYPE,FIELD_LENGTH,INPUT_ALPHABET,INPUT_MULTIBYTE,INPUT_NUMERIC,INPUT_SYMBOL,INPUT_UPPERCASE,RETRIEVAL_TABLE,FORMAT,DEFAULT_VALUE,MIN_VALUE,MAX_VALUE,CALENDAR_BUTTON,JUMP_BUTTON,OPEN_BUTTON,REF_TABLE_ID,REF_FIELD_NAME,SPECIAL_BUTTON) VALUES ('TBLID_BPROD_X','EP_STD_THIK_H','EP_STD_THIK_H','EP_STD_THIK_H','DOUBLE',0,'N','Y','N','Y',106,-1,0,0,106,'N','N','N','STRING',0,'Y',0,'Y','Y','Y','NONE',NULL,NULL,NULL,NULL,'N','N',0,NULL,NULL,0);
INSERT INTO SM_FIELD_DEF (TABLE_ID,FIELD_NAME,JP_TITLE,US_TITLE,DB_TYPE,DB_LENGTH,IS_KEY,NOT_BLANK,IS_DUMMY,IS_SEARCH_ITEM,SORT_NO,TREE_LEVEL,SHEET_NO,PAGE_NO,PROPERTY_NO,IS_AUTO,IS_MANDATORY,SYSTEM_READONLY,FIELD_TYPE,FIELD_LENGTH,INPUT_ALPHABET,INPUT_MULTIBYTE,INPUT_NUMERIC,INPUT_SYMBOL,INPUT_UPPERCASE,RETRIEVAL_TABLE,FORMAT,DEFAULT_VALUE,MIN_VALUE,MAX_VALUE,CALENDAR_BUTTON,JUMP_BUTTON,OPEN_BUTTON,REF_TABLE_ID,REF_FIELD_NAME,SPECIAL_BUTTON) VALUES ('TBLID_BPROD_X','EP_STD_THIK_L','EP_STD_THIK_L','EP_STD_THIK_L','DOUBLE',0,'N','Y','N','Y',107,-1,0,0,107,'N','N','N','STRING',0,'Y',0,'Y','Y','Y','NONE',NULL,NULL,NULL,NULL,'N','N',0,NULL,NULL,0);
INSERT INTO SM_FIELD_DEF (TABLE_ID,FIELD_NAME,JP_TITLE,US_TITLE,DB_TYPE,DB_LENGTH,IS_KEY,NOT_BLANK,IS_DUMMY,IS_SEARCH_ITEM,SORT_NO,TREE_LEVEL,SHEET_NO,PAGE_NO,PROPERTY_NO,IS_AUTO,IS_MANDATORY,SYSTEM_READONLY,FIELD_TYPE,FIELD_LENGTH,INPUT_ALPHABET,INPUT_MULTIBYTE,INPUT_NUMERIC,INPUT_SYMBOL,INPUT_UPPERCASE,RETRIEVAL_TABLE,FORMAT,DEFAULT_VALUE,MIN_VALUE,MAX_VALUE,CALENDAR_BUTTON,JUMP_BUTTON,OPEN_BUTTON,REF_TABLE_ID,REF_FIELD_NAME,SPECIAL_BUTTON) VALUES ('TBLID_BPROD_X','EP_STD_RESIST_H','EP_STD_RESIST_H','EP_STD_RESIST_H','DOUBLE',0,'N','Y','N','Y',108,-1,0,0,108,'N','N','N','STRING',0,'Y',0,'Y','Y','Y','NONE',NULL,NULL,NULL,NULL,'N','N',0,NULL,NULL,0);
INSERT INTO SM_FIELD_DEF (TABLE_ID,FIELD_NAME,JP_TITLE,US_TITLE,DB_TYPE,DB_LENGTH,IS_KEY,NOT_BLANK,IS_DUMMY,IS_SEARCH_ITEM,SORT_NO,TREE_LEVEL,SHEET_NO,PAGE_NO,PROPERTY_NO,IS_AUTO,IS_MANDATORY,SYSTEM_READONLY,FIELD_TYPE,FIELD_LENGTH,INPUT_ALPHABET,INPUT_MULTIBYTE,INPUT_NUMERIC,INPUT_SYMBOL,INPUT_UPPERCASE,RETRIEVAL_TABLE,FORMAT,DEFAULT_VALUE,MIN_VALUE,MAX_VALUE,CALENDAR_BUTTON,JUMP_BUTTON,OPEN_BUTTON,REF_TABLE_ID,REF_FIELD_NAME,SPECIAL_BUTTON) VALUES ('TBLID_BPROD_X','EP_STD_RESIST_L','EP_STD_RESIST_L','EP_STD_RESIST_L','DOUBLE',0,'N','Y','N','Y',109,-1,0,0,109,'N','N','N','STRING',0,'Y',0,'Y','Y','Y','NONE',NULL,NULL,NULL,NULL,'N','N',0,NULL,NULL,0);
INSERT INTO SM_FIELD_DEF (TABLE_ID,FIELD_NAME,JP_TITLE,US_TITLE,DB_TYPE,DB_LENGTH,IS_KEY,NOT_BLANK,IS_DUMMY,IS_SEARCH_ITEM,SORT_NO,TREE_LEVEL,SHEET_NO,PAGE_NO,PROPERTY_NO,IS_AUTO,IS_MANDATORY,SYSTEM_READONLY,FIELD_TYPE,FIELD_LENGTH,INPUT_ALPHABET,INPUT_MULTIBYTE,INPUT_NUMERIC,INPUT_SYMBOL,INPUT_UPPERCASE,RETRIEVAL_TABLE,FORMAT,DEFAULT_VALUE,MIN_VALUE,MAX_VALUE,CALENDAR_BUTTON,JUMP_BUTTON,OPEN_BUTTON,REF_TABLE_ID,REF_FIELD_NAME,SPECIAL_BUTTON) VALUES ('TBLID_BPROD_X','MIX_CAT','MIX_CAT','MIX_CAT','STRING',1,'N','Y','N','Y',110,-1,0,0,110,'N','N','N','STRING',1,'Y',0,'Y','Y','Y','NONE',NULL,NULL,NULL,NULL,'N','N',0,NULL,NULL,0);
INSERT INTO SM_FIELD_DEF (TABLE_ID,FIELD_NAME,JP_TITLE,US_TITLE,DB_TYPE,DB_LENGTH,IS_KEY,NOT_BLANK,IS_DUMMY,IS_SEARCH_ITEM,SORT_NO,TREE_LEVEL,SHEET_NO,PAGE_NO,PROPERTY_NO,IS_AUTO,IS_MANDATORY,SYSTEM_READONLY,FIELD_TYPE,FIELD_LENGTH,INPUT_ALPHABET,INPUT_MULTIBYTE,INPUT_NUMERIC,INPUT_SYMBOL,INPUT_UPPERCASE,RETRIEVAL_TABLE,FORMAT,DEFAULT_VALUE,MIN_VALUE,MAX_VALUE,CALENDAR_BUTTON,JUMP_BUTTON,OPEN_BUTTON,REF_TABLE_ID,REF_FIELD_NAME,SPECIAL_BUTTON) VALUES ('TBLID_BPROD_X','SHIP_CAR_CODE','SHIP_CAR_CODE','SHIP_CAR_CODE','STRING',10,'N','Y','N','Y',111,-1,0,0,111,'N','N','N','STRING',10,'Y',0,'Y','Y','Y','NONE',NULL,NULL,NULL,NULL,'N','N',0,NULL,NULL,0);
INSERT INTO SM_FIELD_DEF (TABLE_ID,FIELD_NAME,JP_TITLE,US_TITLE,DB_TYPE,DB_LENGTH,IS_KEY,NOT_BLANK,IS_DUMMY,IS_SEARCH_ITEM,SORT_NO,TREE_LEVEL,SHEET_NO,PAGE_NO,PROPERTY_NO,IS_AUTO,IS_MANDATORY,SYSTEM_READONLY,FIELD_TYPE,FIELD_LENGTH,INPUT_ALPHABET,INPUT_MULTIBYTE,INPUT_NUMERIC,INPUT_SYMBOL,INPUT_UPPERCASE,RETRIEVAL_TABLE,FORMAT,DEFAULT_VALUE,MIN_VALUE,MAX_VALUE,CALENDAR_BUTTON,JUMP_BUTTON,OPEN_BUTTON,REF_TABLE_ID,REF_FIELD_NAME,SPECIAL_BUTTON) VALUES ('TBLID_BPROD_X','SHIP_BOX_FULL_NUM','SHIP_BOX_FULL_NUM','SHIP_BOX_FULL_NUM','NUMBER',0,'N','Y','N','Y',112,-1,0,0,112,'N','N','N','STRING',0,'Y',0,'Y','Y','Y','NONE',NULL,NULL,NULL,NULL,'N','N',0,NULL,NULL,0);
INSERT INTO SM_FIELD_DEF (TABLE_ID,FIELD_NAME,JP_TITLE,US_TITLE,DB_TYPE,DB_LENGTH,IS_KEY,NOT_BLANK,IS_DUMMY,IS_SEARCH_ITEM,SORT_NO,TREE_LEVEL,SHEET_NO,PAGE_NO,PROPERTY_NO,IS_AUTO,IS_MANDATORY,SYSTEM_READONLY,FIELD_TYPE,FIELD_LENGTH,INPUT_ALPHABET,INPUT_MULTIBYTE,INPUT_NUMERIC,INPUT_SYMBOL,INPUT_UPPERCASE,RETRIEVAL_TABLE,FORMAT,DEFAULT_VALUE,MIN_VALUE,MAX_VALUE,CALENDAR_BUTTON,JUMP_BUTTON,OPEN_BUTTON,REF_TABLE_ID,REF_FIELD_NAME,SPECIAL_BUTTON) VALUES ('TBLID_BPROD_X','SHIP_BOX_NUM','SHIP_BOX_NUM','SHIP_BOX_NUM','NUMBER',0,'N','Y','N','Y',113,-1,0,0,113,'N','N','N','STRING',0,'Y',0,'Y','Y','Y','NONE',NULL,NULL,NULL,NULL,'N','N',0,NULL,NULL,0);
INSERT INTO SM_FIELD_DEF (TABLE_ID,FIELD_NAME,JP_TITLE,US_TITLE,DB_TYPE,DB_LENGTH,IS_KEY,NOT_BLANK,IS_DUMMY,IS_SEARCH_ITEM,SORT_NO,TREE_LEVEL,SHEET_NO,PAGE_NO,PROPERTY_NO,IS_AUTO,IS_MANDATORY,SYSTEM_READONLY,FIELD_TYPE,FIELD_LENGTH,INPUT_ALPHABET,INPUT_MULTIBYTE,INPUT_NUMERIC,INPUT_SYMBOL,INPUT_UPPERCASE,RETRIEVAL_TABLE,FORMAT,DEFAULT_VALUE,MIN_VALUE,MAX_VALUE,CALENDAR_BUTTON,JUMP_BUTTON,OPEN_BUTTON,REF_TABLE_ID,REF_FIELD_NAME,SPECIAL_BUTTON) VALUES ('TBLID_BPROD_X','SHIP_BOX_PTN','SHIP_BOX_PTN','SHIP_BOX_PTN','STRING',10,'N','Y','N','Y',114,-1,0,0,114,'N','N','N','STRING',10,'Y',0,'Y','Y','Y','NONE',NULL,NULL,NULL,NULL,'N','N',0,NULL,NULL,0);
INSERT INTO SM_FIELD_DEF (TABLE_ID,FIELD_NAME,JP_TITLE,US_TITLE,DB_TYPE,DB_LENGTH,IS_KEY,NOT_BLANK,IS_DUMMY,IS_SEARCH_ITEM,SORT_NO,TREE_LEVEL,SHEET_NO,PAGE_NO,PROPERTY_NO,IS_AUTO,IS_MANDATORY,SYSTEM_READONLY,FIELD_TYPE,FIELD_LENGTH,INPUT_ALPHABET,INPUT_MULTIBYTE,INPUT_NUMERIC,INPUT_SYMBOL,INPUT_UPPERCASE,RETRIEVAL_TABLE,FORMAT,DEFAULT_VALUE,MIN_VALUE,MAX_VALUE,CALENDAR_BUTTON,JUMP_BUTTON,OPEN_BUTTON,REF_TABLE_ID,REF_FIELD_NAME,SPECIAL_BUTTON) VALUES ('TBLID_BPROD_X','SHIP_LOT_ID_NUM_CAT','SHIP_LOT_ID_NUM_CAT','SHIP_LOT_ID_NUM_CAT','STRING',1,'N','Y','N','Y',115,-1,0,0,115,'N','N','N','STRING',1,'Y',0,'Y','Y','Y','NONE',NULL,NULL,NULL,NULL,'N','N',0,NULL,NULL,0);
INSERT INTO SM_FIELD_DEF (TABLE_ID,FIELD_NAME,JP_TITLE,US_TITLE,DB_TYPE,DB_LENGTH,IS_KEY,NOT_BLANK,IS_DUMMY,IS_SEARCH_ITEM,SORT_NO,TREE_LEVEL,SHEET_NO,PAGE_NO,PROPERTY_NO,IS_AUTO,IS_MANDATORY,SYSTEM_READONLY,FIELD_TYPE,FIELD_LENGTH,INPUT_ALPHABET,INPUT_MULTIBYTE,INPUT_NUMERIC,INPUT_SYMBOL,INPUT_UPPERCASE,RETRIEVAL_TABLE,FORMAT,DEFAULT_VALUE,MIN_VALUE,MAX_VALUE,CALENDAR_BUTTON,JUMP_BUTTON,OPEN_BUTTON,REF_TABLE_ID,REF_FIELD_NAME,SPECIAL_BUTTON) VALUES ('TBLID_BPROD_X','MIX_BOX_CNT','MIX_BOX_CNT','MIX_BOX_CNT','NUMBER',0,'N','Y','N','Y',116,-1,0,0,116,'N','N','N','STRING',0,'Y',0,'Y','Y','Y','NONE',NULL,NULL,NULL,NULL,'N','N',0,NULL,NULL,0);
INSERT INTO SM_FIELD_DEF (TABLE_ID,FIELD_NAME,JP_TITLE,US_TITLE,DB_TYPE,DB_LENGTH,IS_KEY,NOT_BLANK,IS_DUMMY,IS_SEARCH_ITEM,SORT_NO,TREE_LEVEL,SHEET_NO,PAGE_NO,PROPERTY_NO,IS_AUTO,IS_MANDATORY,SYSTEM_READONLY,FIELD_TYPE,FIELD_LENGTH,INPUT_ALPHABET,INPUT_MULTIBYTE,INPUT_NUMERIC,INPUT_SYMBOL,INPUT_UPPERCASE,RETRIEVAL_TABLE,FORMAT,DEFAULT_VALUE,MIN_VALUE,MAX_VALUE,CALENDAR_BUTTON,JUMP_BUTTON,OPEN_BUTTON,REF_TABLE_ID,REF_FIELD_NAME,SPECIAL_BUTTON) VALUES ('TBLID_BPROD_X','ODD_BOX_SHIP_FLG','ODD_BOX_SHIP_FLG','ODD_BOX_SHIP_FLG','STRING',1,'N','Y','N','Y',117,-1,0,0,117,'N','N','N','STRING',1,'Y',0,'Y','Y','Y','NONE',NULL,NULL,NULL,NULL,'N','N',0,NULL,NULL,0);
INSERT INTO SM_FIELD_DEF (TABLE_ID,FIELD_NAME,JP_TITLE,US_TITLE,DB_TYPE,DB_LENGTH,IS_KEY,NOT_BLANK,IS_DUMMY,IS_SEARCH_ITEM,SORT_NO,TREE_LEVEL,SHEET_NO,PAGE_NO,PROPERTY_NO,IS_AUTO,IS_MANDATORY,SYSTEM_READONLY,FIELD_TYPE,FIELD_LENGTH,INPUT_ALPHABET,INPUT_MULTIBYTE,INPUT_NUMERIC,INPUT_SYMBOL,INPUT_UPPERCASE,RETRIEVAL_TABLE,FORMAT,DEFAULT_VALUE,MIN_VALUE,MAX_VALUE,CALENDAR_BUTTON,JUMP_BUTTON,OPEN_BUTTON,REF_TABLE_ID,REF_FIELD_NAME,SPECIAL_BUTTON) VALUES ('TBLID_BPROD_X','SHIP_LABEL_PRINT_ID','SHIP_LABEL_PRINT_ID','SHIP_LABEL_PRINT_ID','STRING',30,'N','Y','N','Y',118,-1,0,0,118,'N','N','N','STRING',30,'Y',0,'Y','Y','Y','NONE',NULL,NULL,NULL,NULL,'N','N',0,NULL,NULL,0);
INSERT INTO SM_FIELD_DEF (TABLE_ID,FIELD_NAME,JP_TITLE,US_TITLE,DB_TYPE,DB_LENGTH,IS_KEY,NOT_BLANK,IS_DUMMY,IS_SEARCH_ITEM,SORT_NO,TREE_LEVEL,SHEET_NO,PAGE_NO,PROPERTY_NO,IS_AUTO,IS_MANDATORY,SYSTEM_READONLY,FIELD_TYPE,FIELD_LENGTH,INPUT_ALPHABET,INPUT_MULTIBYTE,INPUT_NUMERIC,INPUT_SYMBOL,INPUT_UPPERCASE,RETRIEVAL_TABLE,FORMAT,DEFAULT_VALUE,MIN_VALUE,MAX_VALUE,CALENDAR_BUTTON,JUMP_BUTTON,OPEN_BUTTON,REF_TABLE_ID,REF_FIELD_NAME,SPECIAL_BUTTON) VALUES ('TBLID_BPROD_X','SHIP_LABEL_PRINT_NUM','SHIP_LABEL_PRINT_NUM','SHIP_LABEL_PRINT_NUM','NUMBER',0,'N','Y','N','Y',119,-1,0,0,119,'N','N','N','STRING',0,'Y',0,'Y','Y','Y','NONE',NULL,NULL,NULL,NULL,'N','N',0,NULL,NULL,0);
INSERT INTO SM_FIELD_DEF (TABLE_ID,FIELD_NAME,JP_TITLE,US_TITLE,DB_TYPE,DB_LENGTH,IS_KEY,NOT_BLANK,IS_DUMMY,IS_SEARCH_ITEM,SORT_NO,TREE_LEVEL,SHEET_NO,PAGE_NO,PROPERTY_NO,IS_AUTO,IS_MANDATORY,SYSTEM_READONLY,FIELD_TYPE,FIELD_LENGTH,INPUT_ALPHABET,INPUT_MULTIBYTE,INPUT_NUMERIC,INPUT_SYMBOL,INPUT_UPPERCASE,RETRIEVAL_TABLE,FORMAT,DEFAULT_VALUE,MIN_VALUE,MAX_VALUE,CALENDAR_BUTTON,JUMP_BUTTON,OPEN_BUTTON,REF_TABLE_ID,REF_FIELD_NAME,SPECIAL_BUTTON) VALUES ('TBLID_BPROD_X','SHIP_LABEL_PROD_NO','SHIP_LABEL_PROD_NO','SHIP_LABEL_PROD_NO','STRING',30,'N','Y','N','Y',120,-1,0,0,120,'N','N','N','STRING',30,'Y',0,'Y','Y','Y','NONE',NULL,NULL,NULL,NULL,'N','N',0,NULL,NULL,0);
INSERT INTO SM_FIELD_DEF (TABLE_ID,FIELD_NAME,JP_TITLE,US_TITLE,DB_TYPE,DB_LENGTH,IS_KEY,NOT_BLANK,IS_DUMMY,IS_SEARCH_ITEM,SORT_NO,TREE_LEVEL,SHEET_NO,PAGE_NO,PROPERTY_NO,IS_AUTO,IS_MANDATORY,SYSTEM_READONLY,FIELD_TYPE,FIELD_LENGTH,INPUT_ALPHABET,INPUT_MULTIBYTE,INPUT_NUMERIC,INPUT_SYMBOL,INPUT_UPPERCASE,RETRIEVAL_TABLE,FORMAT,DEFAULT_VALUE,MIN_VALUE,MAX_VALUE,CALENDAR_BUTTON,JUMP_BUTTON,OPEN_BUTTON,REF_TABLE_ID,REF_FIELD_NAME,SPECIAL_BUTTON) VALUES ('TBLID_BPROD_X','SHIP_LABEL_PART_NO','SHIP_LABEL_PART_NO','SHIP_LABEL_PART_NO','STRING',30,'N','Y','N','Y',121,-1,0,0,121,'N','N','N','STRING',30,'Y',0,'Y','Y','Y','NONE',NULL,NULL,NULL,NULL,'N','N',0,NULL,NULL,0);
INSERT INTO SM_FIELD_DEF (TABLE_ID,FIELD_NAME,JP_TITLE,US_TITLE,DB_TYPE,DB_LENGTH,IS_KEY,NOT_BLANK,IS_DUMMY,IS_SEARCH_ITEM,SORT_NO,TREE_LEVEL,SHEET_NO,PAGE_NO,PROPERTY_NO,IS_AUTO,IS_MANDATORY,SYSTEM_READONLY,FIELD_TYPE,FIELD_LENGTH,INPUT_ALPHABET,INPUT_MULTIBYTE,INPUT_NUMERIC,INPUT_SYMBOL,INPUT_UPPERCASE,RETRIEVAL_TABLE,FORMAT,DEFAULT_VALUE,MIN_VALUE,MAX_VALUE,CALENDAR_BUTTON,JUMP_BUTTON,OPEN_BUTTON,REF_TABLE_ID,REF_FIELD_NAME,SPECIAL_BUTTON) VALUES ('TBLID_BPROD_X','SHIP_LABEL_EC_NO','SHIP_LABEL_EC_NO','SHIP_LABEL_EC_NO','STRING',30,'N','Y','N','Y',122,-1,0,0,122,'N','N','N','STRING',30,'Y',0,'Y','Y','Y','NONE',NULL,NULL,NULL,NULL,'N','N',0,NULL,NULL,0);
INSERT INTO SM_FIELD_DEF (TABLE_ID,FIELD_NAME,JP_TITLE,US_TITLE,DB_TYPE,DB_LENGTH,IS_KEY,NOT_BLANK,IS_DUMMY,IS_SEARCH_ITEM,SORT_NO,TREE_LEVEL,SHEET_NO,PAGE_NO,PROPERTY_NO,IS_AUTO,IS_MANDATORY,SYSTEM_READONLY,FIELD_TYPE,FIELD_LENGTH,INPUT_ALPHABET,INPUT_MULTIBYTE,INPUT_NUMERIC,INPUT_SYMBOL,INPUT_UPPERCASE,RETRIEVAL_TABLE,FORMAT,DEFAULT_VALUE,MIN_VALUE,MAX_VALUE,CALENDAR_BUTTON,JUMP_BUTTON,OPEN_BUTTON,REF_TABLE_ID,REF_FIELD_NAME,SPECIAL_BUTTON) VALUES ('TBLID_BPROD_X','SHIP_LABEL_PROD_ID','SHIP_LABEL_PROD_ID','SHIP_LABEL_PROD_ID','STRING',30,'N','Y','N','Y',123,-1,0,0,123,'N','N','N','STRING',30,'Y',0,'Y','Y','Y','NONE',NULL,NULL,NULL,NULL,'N','N',0,NULL,NULL,0);
INSERT INTO SM_FIELD_DEF (TABLE_ID,FIELD_NAME,JP_TITLE,US_TITLE,DB_TYPE,DB_LENGTH,IS_KEY,NOT_BLANK,IS_DUMMY,IS_SEARCH_ITEM,SORT_NO,TREE_LEVEL,SHEET_NO,PAGE_NO,PROPERTY_NO,IS_AUTO,IS_MANDATORY,SYSTEM_READONLY,FIELD_TYPE,FIELD_LENGTH,INPUT_ALPHABET,INPUT_MULTIBYTE,INPUT_NUMERIC,INPUT_SYMBOL,INPUT_UPPERCASE,RETRIEVAL_TABLE,FORMAT,DEFAULT_VALUE,MIN_VALUE,MAX_VALUE,CALENDAR_BUTTON,JUMP_BUTTON,OPEN_BUTTON,REF_TABLE_ID,REF_FIELD_NAME,SPECIAL_BUTTON) VALUES ('TBLID_BPROD_X','SHIP_LABEL_CUSTOMER','SHIP_LABEL_CUSTOMER','SHIP_LABEL_CUSTOMER','STRING',40,'N','Y','N','Y',124,-1,0,0,124,'N','N','N','STRING',40,'Y',0,'Y','Y','Y','NONE',NULL,NULL,NULL,NULL,'N','N',0,NULL,NULL,0);
INSERT INTO SM_FIELD_DEF (TABLE_ID,FIELD_NAME,JP_TITLE,US_TITLE,DB_TYPE,DB_LENGTH,IS_KEY,NOT_BLANK,IS_DUMMY,IS_SEARCH_ITEM,SORT_NO,TREE_LEVEL,SHEET_NO,PAGE_NO,PROPERTY_NO,IS_AUTO,IS_MANDATORY,SYSTEM_READONLY,FIELD_TYPE,FIELD_LENGTH,INPUT_ALPHABET,INPUT_MULTIBYTE,INPUT_NUMERIC,INPUT_SYMBOL,INPUT_UPPERCASE,RETRIEVAL_TABLE,FORMAT,DEFAULT_VALUE,MIN_VALUE,MAX_VALUE,CALENDAR_BUTTON,JUMP_BUTTON,OPEN_BUTTON,REF_TABLE_ID,REF_FIELD_NAME,SPECIAL_BUTTON) VALUES ('TBLID_BPROD_X','STD_DIAMETER_C','STD_DIAMETER_C','STD_DIAMETER_C','STRING',10,'N','Y','N','Y',125,-1,0,0,125,'N','N','N','STRING',10,'Y',0,'Y','Y','Y','NONE',NULL,NULL,NULL,NULL,'N','N',0,NULL,NULL,0);
INSERT INTO SM_FIELD_DEF (TABLE_ID,FIELD_NAME,JP_TITLE,US_TITLE,DB_TYPE,DB_LENGTH,IS_KEY,NOT_BLANK,IS_DUMMY,IS_SEARCH_ITEM,SORT_NO,TREE_LEVEL,SHEET_NO,PAGE_NO,PROPERTY_NO,IS_AUTO,IS_MANDATORY,SYSTEM_READONLY,FIELD_TYPE,FIELD_LENGTH,INPUT_ALPHABET,INPUT_MULTIBYTE,INPUT_NUMERIC,INPUT_SYMBOL,INPUT_UPPERCASE,RETRIEVAL_TABLE,FORMAT,DEFAULT_VALUE,MIN_VALUE,MAX_VALUE,CALENDAR_BUTTON,JUMP_BUTTON,OPEN_BUTTON,REF_TABLE_ID,REF_FIELD_NAME,SPECIAL_BUTTON) VALUES ('TBLID_BPROD_X','STD_DIAMETER_H','STD_DIAMETER_H','STD_DIAMETER_H','DOUBLE',0,'N','Y','N','Y',126,-1,0,0,126,'N','N','N','STRING',0,'Y',0,'Y','Y','Y','NONE',NULL,NULL,NULL,NULL,'N','N',0,NULL,NULL,0);
INSERT INTO SM_FIELD_DEF (TABLE_ID,FIELD_NAME,JP_TITLE,US_TITLE,DB_TYPE,DB_LENGTH,IS_KEY,NOT_BLANK,IS_DUMMY,IS_SEARCH_ITEM,SORT_NO,TREE_LEVEL,SHEET_NO,PAGE_NO,PROPERTY_NO,IS_AUTO,IS_MANDATORY,SYSTEM_READONLY,FIELD_TYPE,FIELD_LENGTH,INPUT_ALPHABET,INPUT_MULTIBYTE,INPUT_NUMERIC,INPUT_SYMBOL,INPUT_UPPERCASE,RETRIEVAL_TABLE,FORMAT,DEFAULT_VALUE,MIN_VALUE,MAX_VALUE,CALENDAR_BUTTON,JUMP_BUTTON,OPEN_BUTTON,REF_TABLE_ID,REF_FIELD_NAME,SPECIAL_BUTTON) VALUES ('TBLID_BPROD_X','STD_DIAMETER_L','STD_DIAMETER_L','STD_DIAMETER_L','DOUBLE',0,'N','Y','N','Y',127,-1,0,0,127,'N','N','N','STRING',0,'Y',0,'Y','Y','Y','NONE',NULL,NULL,NULL,NULL,'N','N',0,NULL,NULL,0);
INSERT INTO SM_FIELD_DEF (TABLE_ID,FIELD_NAME,JP_TITLE,US_TITLE,DB_TYPE,DB_LENGTH,IS_KEY,NOT_BLANK,IS_DUMMY,IS_SEARCH_ITEM,SORT_NO,TREE_LEVEL,SHEET_NO,PAGE_NO,PROPERTY_NO,IS_AUTO,IS_MANDATORY,SYSTEM_READONLY,FIELD_TYPE,FIELD_LENGTH,INPUT_ALPHABET,INPUT_MULTIBYTE,INPUT_NUMERIC,INPUT_SYMBOL,INPUT_UPPERCASE,RETRIEVAL_TABLE,FORMAT,DEFAULT_VALUE,MIN_VALUE,MAX_VALUE,CALENDAR_BUTTON,JUMP_BUTTON,OPEN_BUTTON,REF_TABLE_ID,REF_FIELD_NAME,SPECIAL_BUTTON) VALUES ('TBLID_BPROD_X','STD_THIK_C','STD_THIK_C','STD_THIK_C','STRING',10,'N','Y','N','Y',128,-1,0,0,128,'N','N','N','STRING',10,'Y',0,'Y','Y','Y','NONE',NULL,NULL,NULL,NULL,'N','N',0,NULL,NULL,0);
INSERT INTO SM_FIELD_DEF (TABLE_ID,FIELD_NAME,JP_TITLE,US_TITLE,DB_TYPE,DB_LENGTH,IS_KEY,NOT_BLANK,IS_DUMMY,IS_SEARCH_ITEM,SORT_NO,TREE_LEVEL,SHEET_NO,PAGE_NO,PROPERTY_NO,IS_AUTO,IS_MANDATORY,SYSTEM_READONLY,FIELD_TYPE,FIELD_LENGTH,INPUT_ALPHABET,INPUT_MULTIBYTE,INPUT_NUMERIC,INPUT_SYMBOL,INPUT_UPPERCASE,RETRIEVAL_TABLE,FORMAT,DEFAULT_VALUE,MIN_VALUE,MAX_VALUE,CALENDAR_BUTTON,JUMP_BUTTON,OPEN_BUTTON,REF_TABLE_ID,REF_FIELD_NAME,SPECIAL_BUTTON) VALUES ('TBLID_BPROD_X','STD_THIK_H','STD_THIK_H','STD_THIK_H','DOUBLE',0,'N','Y','N','Y',129,-1,0,0,129,'N','N','N','STRING',0,'Y',0,'Y','Y','Y','NONE',NULL,NULL,NULL,NULL,'N','N',0,NULL,NULL,0);
INSERT INTO SM_FIELD_DEF (TABLE_ID,FIELD_NAME,JP_TITLE,US_TITLE,DB_TYPE,DB_LENGTH,IS_KEY,NOT_BLANK,IS_DUMMY,IS_SEARCH_ITEM,SORT_NO,TREE_LEVEL,SHEET_NO,PAGE_NO,PROPERTY_NO,IS_AUTO,IS_MANDATORY,SYSTEM_READONLY,FIELD_TYPE,FIELD_LENGTH,INPUT_ALPHABET,INPUT_MULTIBYTE,INPUT_NUMERIC,INPUT_SYMBOL,INPUT_UPPERCASE,RETRIEVAL_TABLE,FORMAT,DEFAULT_VALUE,MIN_VALUE,MAX_VALUE,CALENDAR_BUTTON,JUMP_BUTTON,OPEN_BUTTON,REF_TABLE_ID,REF_FIELD_NAME,SPECIAL_BUTTON) VALUES ('TBLID_BPROD_X','STD_THIK_L','STD_THIK_L','STD_THIK_L','DOUBLE',0,'N','Y','N','Y',130,-1,0,0,130,'N','N','N','STRING',0,'Y',0,'Y','Y','Y','NONE',NULL,NULL,NULL,NULL,'N','N',0,NULL,NULL,0);
INSERT INTO SM_FIELD_DEF (TABLE_ID,FIELD_NAME,JP_TITLE,US_TITLE,DB_TYPE,DB_LENGTH,IS_KEY,NOT_BLANK,IS_DUMMY,IS_SEARCH_ITEM,SORT_NO,TREE_LEVEL,SHEET_NO,PAGE_NO,PROPERTY_NO,IS_AUTO,IS_MANDATORY,SYSTEM_READONLY,FIELD_TYPE,FIELD_LENGTH,INPUT_ALPHABET,INPUT_MULTIBYTE,INPUT_NUMERIC,INPUT_SYMBOL,INPUT_UPPERCASE,RETRIEVAL_TABLE,FORMAT,DEFAULT_VALUE,MIN_VALUE,MAX_VALUE,CALENDAR_BUTTON,JUMP_BUTTON,OPEN_BUTTON,REF_TABLE_ID,REF_FIELD_NAME,SPECIAL_BUTTON) VALUES ('TBLID_BPROD_X','WAFER_FINISH','WAFER_FINISH','WAFER_FINISH','STRING',10,'N','Y','N','Y',131,-1,0,0,131,'N','N','N','STRING',10,'Y',0,'Y','Y','Y','NONE',NULL,NULL,NULL,NULL,'N','N',0,NULL,NULL,0);
INSERT INTO SM_FIELD_DEF (TABLE_ID,FIELD_NAME,JP_TITLE,US_TITLE,DB_TYPE,DB_LENGTH,IS_KEY,NOT_BLANK,IS_DUMMY,IS_SEARCH_ITEM,SORT_NO,TREE_LEVEL,SHEET_NO,PAGE_NO,PROPERTY_NO,IS_AUTO,IS_MANDATORY,SYSTEM_READONLY,FIELD_TYPE,FIELD_LENGTH,INPUT_ALPHABET,INPUT_MULTIBYTE,INPUT_NUMERIC,INPUT_SYMBOL,INPUT_UPPERCASE,RETRIEVAL_TABLE,FORMAT,DEFAULT_VALUE,MIN_VALUE,MAX_VALUE,CALENDAR_BUTTON,JUMP_BUTTON,OPEN_BUTTON,REF_TABLE_ID,REF_FIELD_NAME,SPECIAL_BUTTON) VALUES ('TBLID_BPROD_X','STD_EDGE_PIT','STD_EDGE_PIT','STD_EDGE_PIT','STRING',10,'N','Y','N','Y',132,-1,0,0,132,'N','N','N','STRING',10,'Y',0,'Y','Y','Y','NONE',NULL,NULL,NULL,NULL,'N','N',0,NULL,NULL,0);
INSERT INTO SM_FIELD_DEF (TABLE_ID,FIELD_NAME,JP_TITLE,US_TITLE,DB_TYPE,DB_LENGTH,IS_KEY,NOT_BLANK,IS_DUMMY,IS_SEARCH_ITEM,SORT_NO,TREE_LEVEL,SHEET_NO,PAGE_NO,PROPERTY_NO,IS_AUTO,IS_MANDATORY,SYSTEM_READONLY,FIELD_TYPE,FIELD_LENGTH,INPUT_ALPHABET,INPUT_MULTIBYTE,INPUT_NUMERIC,INPUT_SYMBOL,INPUT_UPPERCASE,RETRIEVAL_TABLE,FORMAT,DEFAULT_VALUE,MIN_VALUE,MAX_VALUE,CALENDAR_BUTTON,JUMP_BUTTON,OPEN_BUTTON,REF_TABLE_ID,REF_FIELD_NAME,SPECIAL_BUTTON) VALUES ('TBLID_BPROD_X','STD_LIFE_TIME','STD_LIFE_TIME','STD_LIFE_TIME','STRING',10,'N','Y','N','Y',133,-1,0,0,133,'N','N','N','STRING',10,'Y',0,'Y','Y','Y','NONE',NULL,NULL,NULL,NULL,'N','N',0,NULL,NULL,0);
INSERT INTO SM_FIELD_DEF (TABLE_ID,FIELD_NAME,JP_TITLE,US_TITLE,DB_TYPE,DB_LENGTH,IS_KEY,NOT_BLANK,IS_DUMMY,IS_SEARCH_ITEM,SORT_NO,TREE_LEVEL,SHEET_NO,PAGE_NO,PROPERTY_NO,IS_AUTO,IS_MANDATORY,SYSTEM_READONLY,FIELD_TYPE,FIELD_LENGTH,INPUT_ALPHABET,INPUT_MULTIBYTE,INPUT_NUMERIC,INPUT_SYMBOL,INPUT_UPPERCASE,RETRIEVAL_TABLE,FORMAT,DEFAULT_VALUE,MIN_VALUE,MAX_VALUE,CALENDAR_BUTTON,JUMP_BUTTON,OPEN_BUTTON,REF_TABLE_ID,REF_FIELD_NAME,SPECIAL_BUTTON) VALUES ('TBLID_BPROD_X','AXIS_CAT_TOLERANCE','AXIS_CAT_TOLERANCE','AXIS_CAT_TOLERANCE','STRING',20,'N','Y','N','Y',134,-1,0,0,134,'N','N','N','STRING',20,'Y',0,'Y','Y','Y','NONE',NULL,NULL,NULL,NULL,'N','N',0,NULL,NULL,0);
INSERT INTO SM_FIELD_DEF (TABLE_ID,FIELD_NAME,JP_TITLE,US_TITLE,DB_TYPE,DB_LENGTH,IS_KEY,NOT_BLANK,IS_DUMMY,IS_SEARCH_ITEM,SORT_NO,TREE_LEVEL,SHEET_NO,PAGE_NO,PROPERTY_NO,IS_AUTO,IS_MANDATORY,SYSTEM_READONLY,FIELD_TYPE,FIELD_LENGTH,INPUT_ALPHABET,INPUT_MULTIBYTE,INPUT_NUMERIC,INPUT_SYMBOL,INPUT_UPPERCASE,RETRIEVAL_TABLE,FORMAT,DEFAULT_VALUE,MIN_VALUE,MAX_VALUE,CALENDAR_BUTTON,JUMP_BUTTON,OPEN_BUTTON,REF_TABLE_ID,REF_FIELD_NAME,SPECIAL_BUTTON) VALUES ('TBLID_BPROD_X','SHIP_LABEL_REMARKS','SHIP_LABEL_REMARKS','SHIP_LABEL_REMARKS','STRING',30,'N','Y','N','Y',135,-1,0,0,135,'N','N','N','STRING',30,'Y',0,'Y','Y','Y','NONE',NULL,NULL,NULL,NULL,'N','N',0,NULL,NULL,0);
INSERT INTO SM_FIELD_DEF (TABLE_ID,FIELD_NAME,JP_TITLE,US_TITLE,DB_TYPE,DB_LENGTH,IS_KEY,NOT_BLANK,IS_DUMMY,IS_SEARCH_ITEM,SORT_NO,TREE_LEVEL,SHEET_NO,PAGE_NO,PROPERTY_NO,IS_AUTO,IS_MANDATORY,SYSTEM_READONLY,FIELD_TYPE,FIELD_LENGTH,INPUT_ALPHABET,INPUT_MULTIBYTE,INPUT_NUMERIC,INPUT_SYMBOL,INPUT_UPPERCASE,RETRIEVAL_TABLE,FORMAT,DEFAULT_VALUE,MIN_VALUE,MAX_VALUE,CALENDAR_BUTTON,JUMP_BUTTON,OPEN_BUTTON,REF_TABLE_ID,REF_FIELD_NAME,SPECIAL_BUTTON) VALUES ('TBLID_BPROD_X','CUSTOMER_PROD_ID','CUSTOMER_PROD_ID','CUSTOMER_PROD_ID','STRING',10,'N','Y','N','Y',136,-1,0,0,136,'N','N','N','STRING',10,'Y',0,'Y','Y','Y','NONE',NULL,NULL,NULL,NULL,'N','N',0,NULL,NULL,0);
INSERT INTO SM_FIELD_DEF (TABLE_ID,FIELD_NAME,JP_TITLE,US_TITLE,DB_TYPE,DB_LENGTH,IS_KEY,NOT_BLANK,IS_DUMMY,IS_SEARCH_ITEM,SORT_NO,TREE_LEVEL,SHEET_NO,PAGE_NO,PROPERTY_NO,IS_AUTO,IS_MANDATORY,SYSTEM_READONLY,FIELD_TYPE,FIELD_LENGTH,INPUT_ALPHABET,INPUT_MULTIBYTE,INPUT_NUMERIC,INPUT_SYMBOL,INPUT_UPPERCASE,RETRIEVAL_TABLE,FORMAT,DEFAULT_VALUE,MIN_VALUE,MAX_VALUE,CALENDAR_BUTTON,JUMP_BUTTON,OPEN_BUTTON,REF_TABLE_ID,REF_FIELD_NAME,SPECIAL_BUTTON) VALUES ('TBLID_BPROD_X','EP_TYPE','EP_TYPE','EP_TYPE','STRING',10,'N','Y','N','Y',137,-1,0,0,137,'N','N','N','STRING',10,'Y',0,'Y','Y','Y','NONE',NULL,NULL,NULL,NULL,'N','N',0,NULL,NULL,0);
INSERT INTO SM_FIELD_DEF (TABLE_ID,FIELD_NAME,JP_TITLE,US_TITLE,DB_TYPE,DB_LENGTH,IS_KEY,NOT_BLANK,IS_DUMMY,IS_SEARCH_ITEM,SORT_NO,TREE_LEVEL,SHEET_NO,PAGE_NO,PROPERTY_NO,IS_AUTO,IS_MANDATORY,SYSTEM_READONLY,FIELD_TYPE,FIELD_LENGTH,INPUT_ALPHABET,INPUT_MULTIBYTE,INPUT_NUMERIC,INPUT_SYMBOL,INPUT_UPPERCASE,RETRIEVAL_TABLE,FORMAT,DEFAULT_VALUE,MIN_VALUE,MAX_VALUE,CALENDAR_BUTTON,JUMP_BUTTON,OPEN_BUTTON,REF_TABLE_ID,REF_FIELD_NAME,SPECIAL_BUTTON) VALUES ('TBLID_BPROD_X','EPSUB_TYPE','EPSUB_TYPE','EPSUB_TYPE','STRING',10,'N','Y','N','Y',138,-1,0,0,138,'N','N','N','STRING',10,'Y',0,'Y','Y','Y','NONE',NULL,NULL,NULL,NULL,'N','N',0,NULL,NULL,0);
INSERT INTO SM_FIELD_DEF (TABLE_ID,FIELD_NAME,JP_TITLE,US_TITLE,DB_TYPE,DB_LENGTH,IS_KEY,NOT_BLANK,IS_DUMMY,IS_SEARCH_ITEM,SORT_NO,TREE_LEVEL,SHEET_NO,PAGE_NO,PROPERTY_NO,IS_AUTO,IS_MANDATORY,SYSTEM_READONLY,FIELD_TYPE,FIELD_LENGTH,INPUT_ALPHABET,INPUT_MULTIBYTE,INPUT_NUMERIC,INPUT_SYMBOL,INPUT_UPPERCASE,RETRIEVAL_TABLE,FORMAT,DEFAULT_VALUE,MIN_VALUE,MAX_VALUE,CALENDAR_BUTTON,JUMP_BUTTON,OPEN_BUTTON,REF_TABLE_ID,REF_FIELD_NAME,SPECIAL_BUTTON) VALUES ('TBLID_BPROD_X','EPSUB_STD_THIK_H','EPSUB_STD_THIK_H','EPSUB_STD_THIK_H','DOUBLE',0,'N','Y','N','Y',139,-1,0,0,139,'N','N','N','STRING',0,'Y',0,'Y','Y','Y','NONE',NULL,NULL,NULL,NULL,'N','N',0,NULL,NULL,0);
INSERT INTO SM_FIELD_DEF (TABLE_ID,FIELD_NAME,JP_TITLE,US_TITLE,DB_TYPE,DB_LENGTH,IS_KEY,NOT_BLANK,IS_DUMMY,IS_SEARCH_ITEM,SORT_NO,TREE_LEVEL,SHEET_NO,PAGE_NO,PROPERTY_NO,IS_AUTO,IS_MANDATORY,SYSTEM_READONLY,FIELD_TYPE,FIELD_LENGTH,INPUT_ALPHABET,INPUT_MULTIBYTE,INPUT_NUMERIC,INPUT_SYMBOL,INPUT_UPPERCASE,RETRIEVAL_TABLE,FORMAT,DEFAULT_VALUE,MIN_VALUE,MAX_VALUE,CALENDAR_BUTTON,JUMP_BUTTON,OPEN_BUTTON,REF_TABLE_ID,REF_FIELD_NAME,SPECIAL_BUTTON) VALUES ('TBLID_BPROD_X','EPSUB_STD_THIK_L','EPSUB_STD_THIK_L','EPSUB_STD_THIK_L','DOUBLE',0,'N','Y','N','Y',140,-1,0,0,140,'N','N','N','STRING',0,'Y',0,'Y','Y','Y','NONE',NULL,NULL,NULL,NULL,'N','N',0,NULL,NULL,0);
INSERT INTO SM_FIELD_DEF (TABLE_ID,FIELD_NAME,JP_TITLE,US_TITLE,DB_TYPE,DB_LENGTH,IS_KEY,NOT_BLANK,IS_DUMMY,IS_SEARCH_ITEM,SORT_NO,TREE_LEVEL,SHEET_NO,PAGE_NO,PROPERTY_NO,IS_AUTO,IS_MANDATORY,SYSTEM_READONLY,FIELD_TYPE,FIELD_LENGTH,INPUT_ALPHABET,INPUT_MULTIBYTE,INPUT_NUMERIC,INPUT_SYMBOL,INPUT_UPPERCASE,RETRIEVAL_TABLE,FORMAT,DEFAULT_VALUE,MIN_VALUE,MAX_VALUE,CALENDAR_BUTTON,JUMP_BUTTON,OPEN_BUTTON,REF_TABLE_ID,REF_FIELD_NAME,SPECIAL_BUTTON) VALUES ('TBLID_BPROD_X','EPSUB_STD_RESIST_H','EPSUB_STD_RESIST_H','EPSUB_STD_RESIST_H','DOUBLE',0,'N','Y','N','Y',141,-1,0,0,141,'N','N','N','STRING',0,'Y',0,'Y','Y','Y','NONE',NULL,NULL,NULL,NULL,'N','N',0,NULL,NULL,0);
INSERT INTO SM_FIELD_DEF (TABLE_ID,FIELD_NAME,JP_TITLE,US_TITLE,DB_TYPE,DB_LENGTH,IS_KEY,NOT_BLANK,IS_DUMMY,IS_SEARCH_ITEM,SORT_NO,TREE_LEVEL,SHEET_NO,PAGE_NO,PROPERTY_NO,IS_AUTO,IS_MANDATORY,SYSTEM_READONLY,FIELD_TYPE,FIELD_LENGTH,INPUT_ALPHABET,INPUT_MULTIBYTE,INPUT_NUMERIC,INPUT_SYMBOL,INPUT_UPPERCASE,RETRIEVAL_TABLE,FORMAT,DEFAULT_VALUE,MIN_VALUE,MAX_VALUE,CALENDAR_BUTTON,JUMP_BUTTON,OPEN_BUTTON,REF_TABLE_ID,REF_FIELD_NAME,SPECIAL_BUTTON) VALUES ('TBLID_BPROD_X','EPSUB_STD_RESIST_L','EPSUB_STD_RESIST_L','EPSUB_STD_RESIST_L','DOUBLE',0,'N','Y','N','Y',142,-1,0,0,142,'N','N','N','STRING',0,'Y',0,'Y','Y','Y','NONE',NULL,NULL,NULL,NULL,'N','N',0,NULL,NULL,0);
INSERT INTO SM_FIELD_DEF (TABLE_ID,FIELD_NAME,JP_TITLE,US_TITLE,DB_TYPE,DB_LENGTH,IS_KEY,NOT_BLANK,IS_DUMMY,IS_SEARCH_ITEM,SORT_NO,TREE_LEVEL,SHEET_NO,PAGE_NO,PROPERTY_NO,IS_AUTO,IS_MANDATORY,SYSTEM_READONLY,FIELD_TYPE,FIELD_LENGTH,INPUT_ALPHABET,INPUT_MULTIBYTE,INPUT_NUMERIC,INPUT_SYMBOL,INPUT_UPPERCASE,RETRIEVAL_TABLE,FORMAT,DEFAULT_VALUE,MIN_VALUE,MAX_VALUE,CALENDAR_BUTTON,JUMP_BUTTON,OPEN_BUTTON,REF_TABLE_ID,REF_FIELD_NAME,SPECIAL_BUTTON) VALUES ('TBLID_BPROD_X','SHIP_LABEL_METHOD','SHIP_LABEL_METHOD','SHIP_LABEL_METHOD','STRING',10,'N','Y','N','Y',143,-1,0,0,143,'N','N','N','STRING',10,'Y',0,'Y','Y','Y','NONE',NULL,NULL,NULL,NULL,'N','N',0,NULL,NULL,0);
INSERT INTO SM_FIELD_DEF (TABLE_ID,FIELD_NAME,JP_TITLE,US_TITLE,DB_TYPE,DB_LENGTH,IS_KEY,NOT_BLANK,IS_DUMMY,IS_SEARCH_ITEM,SORT_NO,TREE_LEVEL,SHEET_NO,PAGE_NO,PROPERTY_NO,IS_AUTO,IS_MANDATORY,SYSTEM_READONLY,FIELD_TYPE,FIELD_LENGTH,INPUT_ALPHABET,INPUT_MULTIBYTE,INPUT_NUMERIC,INPUT_SYMBOL,INPUT_UPPERCASE,RETRIEVAL_TABLE,FORMAT,DEFAULT_VALUE,MIN_VALUE,MAX_VALUE,CALENDAR_BUTTON,JUMP_BUTTON,OPEN_BUTTON,REF_TABLE_ID,REF_FIELD_NAME,SPECIAL_BUTTON) VALUES ('TBLID_BPROD_X','IMPURITY_DENSITY','IMPURITY_DENSITY','IMPURITY_DENSITY','STRING',10,'N','Y','N','Y',144,-1,0,0,144,'N','N','N','STRING',10,'Y',0,'Y','Y','Y','NONE',NULL,NULL,NULL,NULL,'N','N',0,NULL,NULL,0);
INSERT INTO SM_FIELD_DEF (TABLE_ID,FIELD_NAME,JP_TITLE,US_TITLE,DB_TYPE,DB_LENGTH,IS_KEY,NOT_BLANK,IS_DUMMY,IS_SEARCH_ITEM,SORT_NO,TREE_LEVEL,SHEET_NO,PAGE_NO,PROPERTY_NO,IS_AUTO,IS_MANDATORY,SYSTEM_READONLY,FIELD_TYPE,FIELD_LENGTH,INPUT_ALPHABET,INPUT_MULTIBYTE,INPUT_NUMERIC,INPUT_SYMBOL,INPUT_UPPERCASE,RETRIEVAL_TABLE,FORMAT,DEFAULT_VALUE,MIN_VALUE,MAX_VALUE,CALENDAR_BUTTON,JUMP_BUTTON,OPEN_BUTTON,REF_TABLE_ID,REF_FIELD_NAME,SPECIAL_BUTTON) VALUES ('TBLID_BPROD_X','EP_MON_CON_ID','EP_MON_CON_ID','EP_MON_CON_ID','STRING',20,'N','Y','N','Y',145,-1,0,0,145,'N','N','N','STRING',20,'Y',0,'Y','Y','Y','NONE',NULL,NULL,NULL,NULL,'N','N',0,NULL,NULL,0);
INSERT INTO SM_FIELD_DEF (TABLE_ID,FIELD_NAME,JP_TITLE,US_TITLE,DB_TYPE,DB_LENGTH,IS_KEY,NOT_BLANK,IS_DUMMY,IS_SEARCH_ITEM,SORT_NO,TREE_LEVEL,SHEET_NO,PAGE_NO,PROPERTY_NO,IS_AUTO,IS_MANDATORY,SYSTEM_READONLY,FIELD_TYPE,FIELD_LENGTH,INPUT_ALPHABET,INPUT_MULTIBYTE,INPUT_NUMERIC,INPUT_SYMBOL,INPUT_UPPERCASE,RETRIEVAL_TABLE,FORMAT,DEFAULT_VALUE,MIN_VALUE,MAX_VALUE,CALENDAR_BUTTON,JUMP_BUTTON,OPEN_BUTTON,REF_TABLE_ID,REF_FIELD_NAME,SPECIAL_BUTTON) VALUES ('TBLID_BPROD_X','PW_SMPL_CASET_CON_ID','PW_SMPL_CASET_CON_ID','PW_SMPL_CASET_CON_ID','STRING',20,'N','Y','N','Y',146,-1,0,0,146,'N','N','N','STRING',20,'Y',0,'Y','Y','Y','NONE',NULL,NULL,NULL,NULL,'N','N',0,NULL,NULL,0);
INSERT INTO SM_FIELD_DEF (TABLE_ID,FIELD_NAME,JP_TITLE,US_TITLE,DB_TYPE,DB_LENGTH,IS_KEY,NOT_BLANK,IS_DUMMY,IS_SEARCH_ITEM,SORT_NO,TREE_LEVEL,SHEET_NO,PAGE_NO,PROPERTY_NO,IS_AUTO,IS_MANDATORY,SYSTEM_READONLY,FIELD_TYPE,FIELD_LENGTH,INPUT_ALPHABET,INPUT_MULTIBYTE,INPUT_NUMERIC,INPUT_SYMBOL,INPUT_UPPERCASE,RETRIEVAL_TABLE,FORMAT,DEFAULT_VALUE,MIN_VALUE,MAX_VALUE,CALENDAR_BUTTON,JUMP_BUTTON,OPEN_BUTTON,REF_TABLE_ID,REF_FIELD_NAME,SPECIAL_BUTTON) VALUES ('TBLID_BPROD_X','EP_SMPL_CASET_CON_ID','EP_SMPL_CASET_CON_ID','EP_SMPL_CASET_CON_ID','STRING',20,'N','Y','N','Y',147,-1,0,0,147,'N','N','N','STRING',20,'Y',0,'Y','Y','Y','NONE',NULL,NULL,NULL,NULL,'N','N',0,NULL,NULL,0);
INSERT INTO SM_FIELD_DEF (TABLE_ID,FIELD_NAME,JP_TITLE,US_TITLE,DB_TYPE,DB_LENGTH,IS_KEY,NOT_BLANK,IS_DUMMY,IS_SEARCH_ITEM,SORT_NO,TREE_LEVEL,SHEET_NO,PAGE_NO,PROPERTY_NO,IS_AUTO,IS_MANDATORY,SYSTEM_READONLY,FIELD_TYPE,FIELD_LENGTH,INPUT_ALPHABET,INPUT_MULTIBYTE,INPUT_NUMERIC,INPUT_SYMBOL,INPUT_UPPERCASE,RETRIEVAL_TABLE,FORMAT,DEFAULT_VALUE,MIN_VALUE,MAX_VALUE,CALENDAR_BUTTON,JUMP_BUTTON,OPEN_BUTTON,REF_TABLE_ID,REF_FIELD_NAME,SPECIAL_BUTTON) VALUES ('TBLID_BPROD_X','AN_SMPL_CASET_CON_ID','AN_SMPL_CASET_CON_ID','AN_SMPL_CASET_CON_ID','STRING',20,'N','Y','N','Y',148,-1,0,0,148,'N','N','N','STRING',20,'Y',0,'Y','Y','Y','NONE',NULL,NULL,NULL,NULL,'N','N',0,NULL,NULL,0);
INSERT INTO SM_FIELD_DEF (TABLE_ID,FIELD_NAME,JP_TITLE,US_TITLE,DB_TYPE,DB_LENGTH,IS_KEY,NOT_BLANK,IS_DUMMY,IS_SEARCH_ITEM,SORT_NO,TREE_LEVEL,SHEET_NO,PAGE_NO,PROPERTY_NO,IS_AUTO,IS_MANDATORY,SYSTEM_READONLY,FIELD_TYPE,FIELD_LENGTH,INPUT_ALPHABET,INPUT_MULTIBYTE,INPUT_NUMERIC,INPUT_SYMBOL,INPUT_UPPERCASE,RETRIEVAL_TABLE,FORMAT,DEFAULT_VALUE,MIN_VALUE,MAX_VALUE,CALENDAR_BUTTON,JUMP_BUTTON,OPEN_BUTTON,REF_TABLE_ID,REF_FIELD_NAME,SPECIAL_BUTTON) VALUES ('TBLID_BPROD_X','SPC_CAT1','SPC_CAT1','SPC_CAT1','STRING',10,'N','Y','N','Y',149,-1,0,0,149,'N','N','N','STRING',10,'Y',0,'Y','Y','Y','NONE',NULL,NULL,NULL,NULL,'N','N',0,NULL,NULL,0);
INSERT INTO SM_FIELD_DEF (TABLE_ID,FIELD_NAME,JP_TITLE,US_TITLE,DB_TYPE,DB_LENGTH,IS_KEY,NOT_BLANK,IS_DUMMY,IS_SEARCH_ITEM,SORT_NO,TREE_LEVEL,SHEET_NO,PAGE_NO,PROPERTY_NO,IS_AUTO,IS_MANDATORY,SYSTEM_READONLY,FIELD_TYPE,FIELD_LENGTH,INPUT_ALPHABET,INPUT_MULTIBYTE,INPUT_NUMERIC,INPUT_SYMBOL,INPUT_UPPERCASE,RETRIEVAL_TABLE,FORMAT,DEFAULT_VALUE,MIN_VALUE,MAX_VALUE,CALENDAR_BUTTON,JUMP_BUTTON,OPEN_BUTTON,REF_TABLE_ID,REF_FIELD_NAME,SPECIAL_BUTTON) VALUES ('TBLID_BPROD_X','SPC_CAT2','SPC_CAT2','SPC_CAT2','STRING',10,'N','Y','N','Y',150,-1,0,0,150,'N','N','N','STRING',10,'Y',0,'Y','Y','Y','NONE',NULL,NULL,NULL,NULL,'N','N',0,NULL,NULL,0);
INSERT INTO SM_FIELD_DEF (TABLE_ID,FIELD_NAME,JP_TITLE,US_TITLE,DB_TYPE,DB_LENGTH,IS_KEY,NOT_BLANK,IS_DUMMY,IS_SEARCH_ITEM,SORT_NO,TREE_LEVEL,SHEET_NO,PAGE_NO,PROPERTY_NO,IS_AUTO,IS_MANDATORY,SYSTEM_READONLY,FIELD_TYPE,FIELD_LENGTH,INPUT_ALPHABET,INPUT_MULTIBYTE,INPUT_NUMERIC,INPUT_SYMBOL,INPUT_UPPERCASE,RETRIEVAL_TABLE,FORMAT,DEFAULT_VALUE,MIN_VALUE,MAX_VALUE,CALENDAR_BUTTON,JUMP_BUTTON,OPEN_BUTTON,REF_TABLE_ID,REF_FIELD_NAME,SPECIAL_BUTTON) VALUES ('TBLID_BPROD_X','SPC_CAT3','SPC_CAT3','SPC_CAT3','STRING',10,'N','Y','N','Y',151,-1,0,0,151,'N','N','N','STRING',10,'Y',0,'Y','Y','Y','NONE',NULL,NULL,NULL,NULL,'N','N',0,NULL,NULL,0);
INSERT INTO SM_CHECK_DEF (TABLE_ID,CHECK_TYPE,CHECK_ORDER,CHECK_KIND,FIELD_NAME,REF_TABLE,REF_FIELD,EXPECT_VALUE,ERR_MSG) VALUES ('TBLID_BPROD_X','SAVE',1,'NOTNULL','PROD_ID',NULL,NULL,NULL,'PROD_ID required');
INSERT INTO SM_CHECK_DEF (TABLE_ID,CHECK_TYPE,CHECK_ORDER,CHECK_KIND,FIELD_NAME,REF_TABLE,REF_FIELD,EXPECT_VALUE,ERR_MSG) VALUES ('TBLID_BPROD_X','SAVE',2,'STAT_N',NULL,NULL,NULL,NULL,'Not editable');
INSERT INTO SM_CHECK_DEF (TABLE_ID,CHECK_TYPE,CHECK_ORDER,CHECK_KIND,FIELD_NAME,REF_TABLE,REF_FIELD,EXPECT_VALUE,ERR_MSG) VALUES ('TBLID_BPROD_X','SAVE',3,'LOCK_FREE',NULL,NULL,NULL,NULL,'Locked');
INSERT INTO SM_CHECK_DEF (TABLE_ID,CHECK_TYPE,CHECK_ORDER,CHECK_KIND,FIELD_NAME,REF_TABLE,REF_FIELD,EXPECT_VALUE,ERR_MSG) VALUES ('TBLID_BPROD_X','RELEASE',1,'NOTNULL','PROD_ID',NULL,NULL,NULL,'PROD_ID required');
INSERT INTO SM_CHECK_DEF (TABLE_ID,CHECK_TYPE,CHECK_ORDER,CHECK_KIND,FIELD_NAME,REF_TABLE,REF_FIELD,EXPECT_VALUE,ERR_MSG) VALUES ('TBLID_BPROD_X','RELEASE',2,'STAT_N',NULL,NULL,NULL,NULL,'Not editable');
INSERT INTO SM_CHECK_DEF (TABLE_ID,CHECK_TYPE,CHECK_ORDER,CHECK_KIND,FIELD_NAME,REF_TABLE,REF_FIELD,EXPECT_VALUE,ERR_MSG) VALUES ('TBLID_BPROD_X','RELEASE',3,'LOCK_FREE',NULL,NULL,NULL,NULL,'Locked');
INSERT INTO SM_CHECK_DEF (TABLE_ID,CHECK_TYPE,CHECK_ORDER,CHECK_KIND,FIELD_NAME,REF_TABLE,REF_FIELD,EXPECT_VALUE,ERR_MSG) VALUES ('TBLID_BPROD_X','RELEASE',10,'RELEASE_PARAM','PROD_ID','DPROD_X',NULL,NULL,NULL);
INSERT INTO SM_CHECK_DEF (TABLE_ID,CHECK_TYPE,CHECK_ORDER,CHECK_KIND,FIELD_NAME,REF_TABLE,REF_FIELD,EXPECT_VALUE,ERR_MSG) VALUES ('TBLID_BPROD_X','DELETE',1,'NOTNULL','PROD_ID',NULL,NULL,NULL,'PROD_ID required');
INSERT INTO SM_CHECK_DEF (TABLE_ID,CHECK_TYPE,CHECK_ORDER,CHECK_KIND,FIELD_NAME,REF_TABLE,REF_FIELD,EXPECT_VALUE,ERR_MSG) VALUES ('TBLID_BPROD_X','DELETE',2,'STAT_Y',NULL,NULL,NULL,NULL,'Not released');
INSERT INTO SM_CHECK_DEF (TABLE_ID,CHECK_TYPE,CHECK_ORDER,CHECK_KIND,FIELD_NAME,REF_TABLE,REF_FIELD,EXPECT_VALUE,ERR_MSG) VALUES ('TBLID_BPROD_X','DELETE',3,'LOCK_FREE',NULL,NULL,NULL,NULL,'Locked');
INSERT INTO SM_CHECK_DEF (TABLE_ID,CHECK_TYPE,CHECK_ORDER,CHECK_KIND,FIELD_NAME,REF_TABLE,REF_FIELD,EXPECT_VALUE,ERR_MSG) VALUES ('TBLID_BPROD_X','EDITCOMP',1,'NOTNULL','PROD_ID',NULL,NULL,NULL,'PROD_ID required');
INSERT INTO SM_CHECK_DEF (TABLE_ID,CHECK_TYPE,CHECK_ORDER,CHECK_KIND,FIELD_NAME,REF_TABLE,REF_FIELD,EXPECT_VALUE,ERR_MSG) VALUES ('TBLID_BPROD_X','EDITCOMP',2,'STAT_N',NULL,NULL,NULL,NULL,'Not editable');
INSERT INTO SM_CHECK_DEF (TABLE_ID,CHECK_TYPE,CHECK_ORDER,CHECK_KIND,FIELD_NAME,REF_TABLE,REF_FIELD,EXPECT_VALUE,ERR_MSG) VALUES ('TBLID_BPROD_X','EDITCOMP',3,'LOCK_FREE',NULL,NULL,NULL,NULL,'Locked');
INSERT INTO SM_CHECK_DEF (TABLE_ID,CHECK_TYPE,CHECK_ORDER,CHECK_KIND,FIELD_NAME,REF_TABLE,REF_FIELD,EXPECT_VALUE,ERR_MSG) VALUES ('TBLID_BPROD_X','EDITCOMP',4,'COMP_N',NULL,NULL,NULL,NULL,'Already complete');

INSERT INTO SM_TABLE_DEF (TABLE_ID,TABLE_NAME,JP_TITLE,US_TITLE,RELEASE_FLAG,DISTRIBUTE_FLAG,PERMISSION_TYPE,SCHEMA_TYPE,HAS_DUMMY,SORT_NO) VALUES ('TBLID_BPWSMPLCASETCON','BPWSMPLCASETCON','BPWSMPLCASETCON','BPWSMPLCASETCON','Y','N','C','L','N',930);
INSERT INTO SM_FIELD_DEF (TABLE_ID,FIELD_NAME,JP_TITLE,US_TITLE,DB_TYPE,DB_LENGTH,IS_KEY,NOT_BLANK,IS_DUMMY,IS_SEARCH_ITEM,SORT_NO,TREE_LEVEL,SHEET_NO,PAGE_NO,PROPERTY_NO,IS_AUTO,IS_MANDATORY,SYSTEM_READONLY,FIELD_TYPE,FIELD_LENGTH,INPUT_ALPHABET,INPUT_MULTIBYTE,INPUT_NUMERIC,INPUT_SYMBOL,INPUT_UPPERCASE,RETRIEVAL_TABLE,FORMAT,DEFAULT_VALUE,MIN_VALUE,MAX_VALUE,CALENDAR_BUTTON,JUMP_BUTTON,OPEN_BUTTON,REF_TABLE_ID,REF_FIELD_NAME,SPECIAL_BUTTON) VALUES ('TBLID_BPWSMPLCASETCON','SMPL_CASET_CON_ID','SMPL_CASET_CON_ID','SMPL_CASET_CON_ID','STRING',20,'Y','Y','N','Y',0,0,0,0,0,'N','N','N','STRING',20,'Y',0,'Y','Y','Y','NONE',NULL,NULL,NULL,NULL,'N','N',0,NULL,NULL,0);
INSERT INTO SM_FIELD_DEF (TABLE_ID,FIELD_NAME,JP_TITLE,US_TITLE,DB_TYPE,DB_LENGTH,IS_KEY,NOT_BLANK,IS_DUMMY,IS_SEARCH_ITEM,SORT_NO,TREE_LEVEL,SHEET_NO,PAGE_NO,PROPERTY_NO,IS_AUTO,IS_MANDATORY,SYSTEM_READONLY,FIELD_TYPE,FIELD_LENGTH,INPUT_ALPHABET,INPUT_MULTIBYTE,INPUT_NUMERIC,INPUT_SYMBOL,INPUT_UPPERCASE,RETRIEVAL_TABLE,FORMAT,DEFAULT_VALUE,MIN_VALUE,MAX_VALUE,CALENDAR_BUTTON,JUMP_BUTTON,OPEN_BUTTON,REF_TABLE_ID,REF_FIELD_NAME,SPECIAL_BUTTON) VALUES ('TBLID_BPWSMPLCASETCON','SEQ_NO','SEQ_NO','SEQ_NO','NUMBER',0,'N','Y','N','Y',1,-1,0,0,1,'N','N','N','STRING',0,'Y',0,'Y','Y','Y','NONE',NULL,NULL,NULL,NULL,'N','N',0,NULL,NULL,0);
INSERT INTO SM_FIELD_DEF (TABLE_ID,FIELD_NAME,JP_TITLE,US_TITLE,DB_TYPE,DB_LENGTH,IS_KEY,NOT_BLANK,IS_DUMMY,IS_SEARCH_ITEM,SORT_NO,TREE_LEVEL,SHEET_NO,PAGE_NO,PROPERTY_NO,IS_AUTO,IS_MANDATORY,SYSTEM_READONLY,FIELD_TYPE,FIELD_LENGTH,INPUT_ALPHABET,INPUT_MULTIBYTE,INPUT_NUMERIC,INPUT_SYMBOL,INPUT_UPPERCASE,RETRIEVAL_TABLE,FORMAT,DEFAULT_VALUE,MIN_VALUE,MAX_VALUE,CALENDAR_BUTTON,JUMP_BUTTON,OPEN_BUTTON,REF_TABLE_ID,REF_FIELD_NAME,SPECIAL_BUTTON) VALUES ('TBLID_BPWSMPLCASETCON','WAF_QUO_PTN','WAF_QUO_PTN','WAF_QUO_PTN','STRING',1,'N','Y','N','Y',2,-1,0,0,2,'N','N','N','STRING',1,'Y',0,'Y','Y','Y','NONE',NULL,NULL,NULL,NULL,'N','N',0,NULL,NULL,0);
INSERT INTO SM_FIELD_DEF (TABLE_ID,FIELD_NAME,JP_TITLE,US_TITLE,DB_TYPE,DB_LENGTH,IS_KEY,NOT_BLANK,IS_DUMMY,IS_SEARCH_ITEM,SORT_NO,TREE_LEVEL,SHEET_NO,PAGE_NO,PROPERTY_NO,IS_AUTO,IS_MANDATORY,SYSTEM_READONLY,FIELD_TYPE,FIELD_LENGTH,INPUT_ALPHABET,INPUT_MULTIBYTE,INPUT_NUMERIC,INPUT_SYMBOL,INPUT_UPPERCASE,RETRIEVAL_TABLE,FORMAT,DEFAULT_VALUE,MIN_VALUE,MAX_VALUE,CALENDAR_BUTTON,JUMP_BUTTON,OPEN_BUTTON,REF_TABLE_ID,REF_FIELD_NAME,SPECIAL_BUTTON) VALUES ('TBLID_BPWSMPLCASETCON','SMPL_CAT','SMPL_CAT','SMPL_CAT','STRING',1,'N','Y','N','Y',3,-1,0,0,3,'N','N','N','STRING',1,'Y',0,'Y','Y','Y','NONE',NULL,NULL,NULL,NULL,'N','N',0,NULL,NULL,0);
INSERT INTO SM_FIELD_DEF (TABLE_ID,FIELD_NAME,JP_TITLE,US_TITLE,DB_TYPE,DB_LENGTH,IS_KEY,NOT_BLANK,IS_DUMMY,IS_SEARCH_ITEM,SORT_NO,TREE_LEVEL,SHEET_NO,PAGE_NO,PROPERTY_NO,IS_AUTO,IS_MANDATORY,SYSTEM_READONLY,FIELD_TYPE,FIELD_LENGTH,INPUT_ALPHABET,INPUT_MULTIBYTE,INPUT_NUMERIC,INPUT_SYMBOL,INPUT_UPPERCASE,RETRIEVAL_TABLE,FORMAT,DEFAULT_VALUE,MIN_VALUE,MAX_VALUE,CALENDAR_BUTTON,JUMP_BUTTON,OPEN_BUTTON,REF_TABLE_ID,REF_FIELD_NAME,SPECIAL_BUTTON) VALUES ('TBLID_BPWSMPLCASETCON','SMPL_POS','SMPL_POS','SMPL_POS','NUMBER',0,'N','Y','N','Y',4,-1,0,0,4,'N','N','N','STRING',0,'Y',0,'Y','Y','Y','NONE',NULL,NULL,NULL,NULL,'N','N',0,NULL,NULL,0);
INSERT INTO SM_FIELD_DEF (TABLE_ID,FIELD_NAME,JP_TITLE,US_TITLE,DB_TYPE,DB_LENGTH,IS_KEY,NOT_BLANK,IS_DUMMY,IS_SEARCH_ITEM,SORT_NO,TREE_LEVEL,SHEET_NO,PAGE_NO,PROPERTY_NO,IS_AUTO,IS_MANDATORY,SYSTEM_READONLY,FIELD_TYPE,FIELD_LENGTH,INPUT_ALPHABET,INPUT_MULTIBYTE,INPUT_NUMERIC,INPUT_SYMBOL,INPUT_UPPERCASE,RETRIEVAL_TABLE,FORMAT,DEFAULT_VALUE,MIN_VALUE,MAX_VALUE,CALENDAR_BUTTON,JUMP_BUTTON,OPEN_BUTTON,REF_TABLE_ID,REF_FIELD_NAME,SPECIAL_BUTTON) VALUES ('TBLID_BPWSMPLCASETCON','INSP_USED_ID','INSP_USED_ID','INSP_USED_ID','STRING',12,'N','Y','N','Y',5,-1,0,0,5,'N','N','N','STRING',12,'Y',0,'Y','Y','Y','NONE',NULL,NULL,NULL,NULL,'N','N',0,NULL,NULL,0);
INSERT INTO SM_FIELD_DEF (TABLE_ID,FIELD_NAME,JP_TITLE,US_TITLE,DB_TYPE,DB_LENGTH,IS_KEY,NOT_BLANK,IS_DUMMY,IS_SEARCH_ITEM,SORT_NO,TREE_LEVEL,SHEET_NO,PAGE_NO,PROPERTY_NO,IS_AUTO,IS_MANDATORY,SYSTEM_READONLY,FIELD_TYPE,FIELD_LENGTH,INPUT_ALPHABET,INPUT_MULTIBYTE,INPUT_NUMERIC,INPUT_SYMBOL,INPUT_UPPERCASE,RETRIEVAL_TABLE,FORMAT,DEFAULT_VALUE,MIN_VALUE,MAX_VALUE,CALENDAR_BUTTON,JUMP_BUTTON,OPEN_BUTTON,REF_TABLE_ID,REF_FIELD_NAME,SPECIAL_BUTTON) VALUES ('TBLID_BPWSMPLCASETCON','ITEM1','ITEM1','ITEM1','STRING',10,'N','Y','N','Y',6,-1,0,0,6,'N','N','N','STRING',10,'Y',0,'Y','Y','Y','NONE',NULL,NULL,NULL,NULL,'N','N',0,NULL,NULL,0);
INSERT INTO SM_FIELD_DEF (TABLE_ID,FIELD_NAME,JP_TITLE,US_TITLE,DB_TYPE,DB_LENGTH,IS_KEY,NOT_BLANK,IS_DUMMY,IS_SEARCH_ITEM,SORT_NO,TREE_LEVEL,SHEET_NO,PAGE_NO,PROPERTY_NO,IS_AUTO,IS_MANDATORY,SYSTEM_READONLY,FIELD_TYPE,FIELD_LENGTH,INPUT_ALPHABET,INPUT_MULTIBYTE,INPUT_NUMERIC,INPUT_SYMBOL,INPUT_UPPERCASE,RETRIEVAL_TABLE,FORMAT,DEFAULT_VALUE,MIN_VALUE,MAX_VALUE,CALENDAR_BUTTON,JUMP_BUTTON,OPEN_BUTTON,REF_TABLE_ID,REF_FIELD_NAME,SPECIAL_BUTTON) VALUES ('TBLID_BPWSMPLCASETCON','ITEM_DATA1','ITEM_DATA1','ITEM_DATA1','STRING',40,'N','Y','N','Y',7,-1,0,0,7,'N','N','N','STRING',40,'Y',0,'Y','Y','Y','NONE',NULL,NULL,NULL,NULL,'N','N',0,NULL,NULL,0);
INSERT INTO SM_CHECK_DEF (TABLE_ID,CHECK_TYPE,CHECK_ORDER,CHECK_KIND,FIELD_NAME,REF_TABLE,REF_FIELD,EXPECT_VALUE,ERR_MSG) VALUES ('TBLID_BPWSMPLCASETCON','SAVE',1,'NOTNULL','SMPL_CASET_CON_ID',NULL,NULL,NULL,'SMPL_CASET_CON_ID required');
INSERT INTO SM_CHECK_DEF (TABLE_ID,CHECK_TYPE,CHECK_ORDER,CHECK_KIND,FIELD_NAME,REF_TABLE,REF_FIELD,EXPECT_VALUE,ERR_MSG) VALUES ('TBLID_BPWSMPLCASETCON','SAVE',2,'STAT_N',NULL,NULL,NULL,NULL,'Not editable');
INSERT INTO SM_CHECK_DEF (TABLE_ID,CHECK_TYPE,CHECK_ORDER,CHECK_KIND,FIELD_NAME,REF_TABLE,REF_FIELD,EXPECT_VALUE,ERR_MSG) VALUES ('TBLID_BPWSMPLCASETCON','SAVE',3,'LOCK_FREE',NULL,NULL,NULL,NULL,'Locked');
INSERT INTO SM_CHECK_DEF (TABLE_ID,CHECK_TYPE,CHECK_ORDER,CHECK_KIND,FIELD_NAME,REF_TABLE,REF_FIELD,EXPECT_VALUE,ERR_MSG) VALUES ('TBLID_BPWSMPLCASETCON','RELEASE',1,'NOTNULL','SMPL_CASET_CON_ID',NULL,NULL,NULL,'SMPL_CASET_CON_ID required');
INSERT INTO SM_CHECK_DEF (TABLE_ID,CHECK_TYPE,CHECK_ORDER,CHECK_KIND,FIELD_NAME,REF_TABLE,REF_FIELD,EXPECT_VALUE,ERR_MSG) VALUES ('TBLID_BPWSMPLCASETCON','RELEASE',2,'STAT_N',NULL,NULL,NULL,NULL,'Not editable');
INSERT INTO SM_CHECK_DEF (TABLE_ID,CHECK_TYPE,CHECK_ORDER,CHECK_KIND,FIELD_NAME,REF_TABLE,REF_FIELD,EXPECT_VALUE,ERR_MSG) VALUES ('TBLID_BPWSMPLCASETCON','RELEASE',3,'LOCK_FREE',NULL,NULL,NULL,NULL,'Locked');
INSERT INTO SM_CHECK_DEF (TABLE_ID,CHECK_TYPE,CHECK_ORDER,CHECK_KIND,FIELD_NAME,REF_TABLE,REF_FIELD,EXPECT_VALUE,ERR_MSG) VALUES ('TBLID_BPWSMPLCASETCON','RELEASE',10,'RELEASE_PARAM','SMPL_CASET_CON_ID','DPWSMPLCASETCON',NULL,NULL,NULL);
INSERT INTO SM_CHECK_DEF (TABLE_ID,CHECK_TYPE,CHECK_ORDER,CHECK_KIND,FIELD_NAME,REF_TABLE,REF_FIELD,EXPECT_VALUE,ERR_MSG) VALUES ('TBLID_BPWSMPLCASETCON','DELETE',1,'NOTNULL','SMPL_CASET_CON_ID',NULL,NULL,NULL,'SMPL_CASET_CON_ID required');
INSERT INTO SM_CHECK_DEF (TABLE_ID,CHECK_TYPE,CHECK_ORDER,CHECK_KIND,FIELD_NAME,REF_TABLE,REF_FIELD,EXPECT_VALUE,ERR_MSG) VALUES ('TBLID_BPWSMPLCASETCON','DELETE',2,'STAT_Y',NULL,NULL,NULL,NULL,'Not released');
INSERT INTO SM_CHECK_DEF (TABLE_ID,CHECK_TYPE,CHECK_ORDER,CHECK_KIND,FIELD_NAME,REF_TABLE,REF_FIELD,EXPECT_VALUE,ERR_MSG) VALUES ('TBLID_BPWSMPLCASETCON','DELETE',3,'LOCK_FREE',NULL,NULL,NULL,NULL,'Locked');
INSERT INTO SM_CHECK_DEF (TABLE_ID,CHECK_TYPE,CHECK_ORDER,CHECK_KIND,FIELD_NAME,REF_TABLE,REF_FIELD,EXPECT_VALUE,ERR_MSG) VALUES ('TBLID_BPWSMPLCASETCON','EDITCOMP',1,'NOTNULL','SMPL_CASET_CON_ID',NULL,NULL,NULL,'SMPL_CASET_CON_ID required');
INSERT INTO SM_CHECK_DEF (TABLE_ID,CHECK_TYPE,CHECK_ORDER,CHECK_KIND,FIELD_NAME,REF_TABLE,REF_FIELD,EXPECT_VALUE,ERR_MSG) VALUES ('TBLID_BPWSMPLCASETCON','EDITCOMP',2,'STAT_N',NULL,NULL,NULL,NULL,'Not editable');
INSERT INTO SM_CHECK_DEF (TABLE_ID,CHECK_TYPE,CHECK_ORDER,CHECK_KIND,FIELD_NAME,REF_TABLE,REF_FIELD,EXPECT_VALUE,ERR_MSG) VALUES ('TBLID_BPWSMPLCASETCON','EDITCOMP',3,'LOCK_FREE',NULL,NULL,NULL,NULL,'Locked');
INSERT INTO SM_CHECK_DEF (TABLE_ID,CHECK_TYPE,CHECK_ORDER,CHECK_KIND,FIELD_NAME,REF_TABLE,REF_FIELD,EXPECT_VALUE,ERR_MSG) VALUES ('TBLID_BPWSMPLCASETCON','EDITCOMP',4,'COMP_N',NULL,NULL,NULL,NULL,'Already complete');

INSERT INTO SM_TABLE_DEF (TABLE_ID,TABLE_NAME,JP_TITLE,US_TITLE,RELEASE_FLAG,DISTRIBUTE_FLAG,PERMISSION_TYPE,SCHEMA_TYPE,HAS_DUMMY,SORT_NO) VALUES ('TBLID_BQTIME','BQTIME','BQTIME','BQTIME','Y','N','C','L','N',940);
INSERT INTO SM_FIELD_DEF (TABLE_ID,FIELD_NAME,JP_TITLE,US_TITLE,DB_TYPE,DB_LENGTH,IS_KEY,NOT_BLANK,IS_DUMMY,IS_SEARCH_ITEM,SORT_NO,TREE_LEVEL,SHEET_NO,PAGE_NO,PROPERTY_NO,IS_AUTO,IS_MANDATORY,SYSTEM_READONLY,FIELD_TYPE,FIELD_LENGTH,INPUT_ALPHABET,INPUT_MULTIBYTE,INPUT_NUMERIC,INPUT_SYMBOL,INPUT_UPPERCASE,RETRIEVAL_TABLE,FORMAT,DEFAULT_VALUE,MIN_VALUE,MAX_VALUE,CALENDAR_BUTTON,JUMP_BUTTON,OPEN_BUTTON,REF_TABLE_ID,REF_FIELD_NAME,SPECIAL_BUTTON) VALUES ('TBLID_BQTIME','ROUTE_ID','ROUTE_ID','ROUTE_ID','STRING',12,'Y','Y','N','Y',0,0,0,0,0,'N','N','N','STRING',12,'Y',0,'Y','Y','Y','NONE',NULL,NULL,NULL,NULL,'N','N',0,NULL,NULL,0);
INSERT INTO SM_FIELD_DEF (TABLE_ID,FIELD_NAME,JP_TITLE,US_TITLE,DB_TYPE,DB_LENGTH,IS_KEY,NOT_BLANK,IS_DUMMY,IS_SEARCH_ITEM,SORT_NO,TREE_LEVEL,SHEET_NO,PAGE_NO,PROPERTY_NO,IS_AUTO,IS_MANDATORY,SYSTEM_READONLY,FIELD_TYPE,FIELD_LENGTH,INPUT_ALPHABET,INPUT_MULTIBYTE,INPUT_NUMERIC,INPUT_SYMBOL,INPUT_UPPERCASE,RETRIEVAL_TABLE,FORMAT,DEFAULT_VALUE,MIN_VALUE,MAX_VALUE,CALENDAR_BUTTON,JUMP_BUTTON,OPEN_BUTTON,REF_TABLE_ID,REF_FIELD_NAME,SPECIAL_BUTTON) VALUES ('TBLID_BQTIME','ROUTE_VER','ROUTE_VER','ROUTE_VER','STRING',3,'N','Y','N','Y',1,-1,0,0,1,'N','N','N','STRING',3,'Y',0,'Y','Y','Y','NONE',NULL,NULL,NULL,NULL,'N','N',0,NULL,NULL,0);
INSERT INTO SM_FIELD_DEF (TABLE_ID,FIELD_NAME,JP_TITLE,US_TITLE,DB_TYPE,DB_LENGTH,IS_KEY,NOT_BLANK,IS_DUMMY,IS_SEARCH_ITEM,SORT_NO,TREE_LEVEL,SHEET_NO,PAGE_NO,PROPERTY_NO,IS_AUTO,IS_MANDATORY,SYSTEM_READONLY,FIELD_TYPE,FIELD_LENGTH,INPUT_ALPHABET,INPUT_MULTIBYTE,INPUT_NUMERIC,INPUT_SYMBOL,INPUT_UPPERCASE,RETRIEVAL_TABLE,FORMAT,DEFAULT_VALUE,MIN_VALUE,MAX_VALUE,CALENDAR_BUTTON,JUMP_BUTTON,OPEN_BUTTON,REF_TABLE_ID,REF_FIELD_NAME,SPECIAL_BUTTON) VALUES ('TBLID_BQTIME','OPE_NO','OPE_NO','OPE_NO','STRING',6,'N','Y','N','Y',2,-1,0,0,2,'N','N','N','STRING',6,'Y',0,'Y','Y','Y','NONE',NULL,NULL,NULL,NULL,'N','N',0,NULL,NULL,0);
INSERT INTO SM_FIELD_DEF (TABLE_ID,FIELD_NAME,JP_TITLE,US_TITLE,DB_TYPE,DB_LENGTH,IS_KEY,NOT_BLANK,IS_DUMMY,IS_SEARCH_ITEM,SORT_NO,TREE_LEVEL,SHEET_NO,PAGE_NO,PROPERTY_NO,IS_AUTO,IS_MANDATORY,SYSTEM_READONLY,FIELD_TYPE,FIELD_LENGTH,INPUT_ALPHABET,INPUT_MULTIBYTE,INPUT_NUMERIC,INPUT_SYMBOL,INPUT_UPPERCASE,RETRIEVAL_TABLE,FORMAT,DEFAULT_VALUE,MIN_VALUE,MAX_VALUE,CALENDAR_BUTTON,JUMP_BUTTON,OPEN_BUTTON,REF_TABLE_ID,REF_FIELD_NAME,SPECIAL_BUTTON) VALUES ('TBLID_BQTIME','TARGET_OPE_NO','TARGET_OPE_NO','TARGET_OPE_NO','STRING',6,'N','Y','N','Y',3,-1,0,0,3,'N','N','N','STRING',6,'Y',0,'Y','Y','Y','NONE',NULL,NULL,NULL,NULL,'N','N',0,NULL,NULL,0);
INSERT INTO SM_FIELD_DEF (TABLE_ID,FIELD_NAME,JP_TITLE,US_TITLE,DB_TYPE,DB_LENGTH,IS_KEY,NOT_BLANK,IS_DUMMY,IS_SEARCH_ITEM,SORT_NO,TREE_LEVEL,SHEET_NO,PAGE_NO,PROPERTY_NO,IS_AUTO,IS_MANDATORY,SYSTEM_READONLY,FIELD_TYPE,FIELD_LENGTH,INPUT_ALPHABET,INPUT_MULTIBYTE,INPUT_NUMERIC,INPUT_SYMBOL,INPUT_UPPERCASE,RETRIEVAL_TABLE,FORMAT,DEFAULT_VALUE,MIN_VALUE,MAX_VALUE,CALENDAR_BUTTON,JUMP_BUTTON,OPEN_BUTTON,REF_TABLE_ID,REF_FIELD_NAME,SPECIAL_BUTTON) VALUES ('TBLID_BQTIME','QTIME_CAT','QTIME_CAT','QTIME_CAT','STRING',1,'N','Y','N','Y',4,-1,0,0,4,'N','N','N','STRING',1,'Y',0,'Y','Y','Y','NONE',NULL,NULL,NULL,NULL,'N','N',0,NULL,NULL,0);
INSERT INTO SM_FIELD_DEF (TABLE_ID,FIELD_NAME,JP_TITLE,US_TITLE,DB_TYPE,DB_LENGTH,IS_KEY,NOT_BLANK,IS_DUMMY,IS_SEARCH_ITEM,SORT_NO,TREE_LEVEL,SHEET_NO,PAGE_NO,PROPERTY_NO,IS_AUTO,IS_MANDATORY,SYSTEM_READONLY,FIELD_TYPE,FIELD_LENGTH,INPUT_ALPHABET,INPUT_MULTIBYTE,INPUT_NUMERIC,INPUT_SYMBOL,INPUT_UPPERCASE,RETRIEVAL_TABLE,FORMAT,DEFAULT_VALUE,MIN_VALUE,MAX_VALUE,CALENDAR_BUTTON,JUMP_BUTTON,OPEN_BUTTON,REF_TABLE_ID,REF_FIELD_NAME,SPECIAL_BUTTON) VALUES ('TBLID_BQTIME','TIME','TIME','TIME','STRING',9,'N','Y','N','Y',5,-1,0,0,5,'N','N','N','STRING',9,'Y',0,'Y','Y','Y','NONE',NULL,NULL,NULL,NULL,'N','N',0,NULL,NULL,0);
INSERT INTO SM_CHECK_DEF (TABLE_ID,CHECK_TYPE,CHECK_ORDER,CHECK_KIND,FIELD_NAME,REF_TABLE,REF_FIELD,EXPECT_VALUE,ERR_MSG) VALUES ('TBLID_BQTIME','SAVE',1,'NOTNULL','ROUTE_ID',NULL,NULL,NULL,'ROUTE_ID required');
INSERT INTO SM_CHECK_DEF (TABLE_ID,CHECK_TYPE,CHECK_ORDER,CHECK_KIND,FIELD_NAME,REF_TABLE,REF_FIELD,EXPECT_VALUE,ERR_MSG) VALUES ('TBLID_BQTIME','SAVE',2,'STAT_N',NULL,NULL,NULL,NULL,'Not editable');
INSERT INTO SM_CHECK_DEF (TABLE_ID,CHECK_TYPE,CHECK_ORDER,CHECK_KIND,FIELD_NAME,REF_TABLE,REF_FIELD,EXPECT_VALUE,ERR_MSG) VALUES ('TBLID_BQTIME','SAVE',3,'LOCK_FREE',NULL,NULL,NULL,NULL,'Locked');
INSERT INTO SM_CHECK_DEF (TABLE_ID,CHECK_TYPE,CHECK_ORDER,CHECK_KIND,FIELD_NAME,REF_TABLE,REF_FIELD,EXPECT_VALUE,ERR_MSG) VALUES ('TBLID_BQTIME','RELEASE',1,'NOTNULL','ROUTE_ID',NULL,NULL,NULL,'ROUTE_ID required');
INSERT INTO SM_CHECK_DEF (TABLE_ID,CHECK_TYPE,CHECK_ORDER,CHECK_KIND,FIELD_NAME,REF_TABLE,REF_FIELD,EXPECT_VALUE,ERR_MSG) VALUES ('TBLID_BQTIME','RELEASE',2,'STAT_N',NULL,NULL,NULL,NULL,'Not editable');
INSERT INTO SM_CHECK_DEF (TABLE_ID,CHECK_TYPE,CHECK_ORDER,CHECK_KIND,FIELD_NAME,REF_TABLE,REF_FIELD,EXPECT_VALUE,ERR_MSG) VALUES ('TBLID_BQTIME','RELEASE',3,'LOCK_FREE',NULL,NULL,NULL,NULL,'Locked');
INSERT INTO SM_CHECK_DEF (TABLE_ID,CHECK_TYPE,CHECK_ORDER,CHECK_KIND,FIELD_NAME,REF_TABLE,REF_FIELD,EXPECT_VALUE,ERR_MSG) VALUES ('TBLID_BQTIME','RELEASE',10,'RELEASE_PARAM','ROUTE_ID','DQTIME',NULL,NULL,NULL);
INSERT INTO SM_CHECK_DEF (TABLE_ID,CHECK_TYPE,CHECK_ORDER,CHECK_KIND,FIELD_NAME,REF_TABLE,REF_FIELD,EXPECT_VALUE,ERR_MSG) VALUES ('TBLID_BQTIME','DELETE',1,'NOTNULL','ROUTE_ID',NULL,NULL,NULL,'ROUTE_ID required');
INSERT INTO SM_CHECK_DEF (TABLE_ID,CHECK_TYPE,CHECK_ORDER,CHECK_KIND,FIELD_NAME,REF_TABLE,REF_FIELD,EXPECT_VALUE,ERR_MSG) VALUES ('TBLID_BQTIME','DELETE',2,'STAT_Y',NULL,NULL,NULL,NULL,'Not released');
INSERT INTO SM_CHECK_DEF (TABLE_ID,CHECK_TYPE,CHECK_ORDER,CHECK_KIND,FIELD_NAME,REF_TABLE,REF_FIELD,EXPECT_VALUE,ERR_MSG) VALUES ('TBLID_BQTIME','DELETE',3,'LOCK_FREE',NULL,NULL,NULL,NULL,'Locked');
INSERT INTO SM_CHECK_DEF (TABLE_ID,CHECK_TYPE,CHECK_ORDER,CHECK_KIND,FIELD_NAME,REF_TABLE,REF_FIELD,EXPECT_VALUE,ERR_MSG) VALUES ('TBLID_BQTIME','EDITCOMP',1,'NOTNULL','ROUTE_ID',NULL,NULL,NULL,'ROUTE_ID required');
INSERT INTO SM_CHECK_DEF (TABLE_ID,CHECK_TYPE,CHECK_ORDER,CHECK_KIND,FIELD_NAME,REF_TABLE,REF_FIELD,EXPECT_VALUE,ERR_MSG) VALUES ('TBLID_BQTIME','EDITCOMP',2,'STAT_N',NULL,NULL,NULL,NULL,'Not editable');
INSERT INTO SM_CHECK_DEF (TABLE_ID,CHECK_TYPE,CHECK_ORDER,CHECK_KIND,FIELD_NAME,REF_TABLE,REF_FIELD,EXPECT_VALUE,ERR_MSG) VALUES ('TBLID_BQTIME','EDITCOMP',3,'LOCK_FREE',NULL,NULL,NULL,NULL,'Locked');
INSERT INTO SM_CHECK_DEF (TABLE_ID,CHECK_TYPE,CHECK_ORDER,CHECK_KIND,FIELD_NAME,REF_TABLE,REF_FIELD,EXPECT_VALUE,ERR_MSG) VALUES ('TBLID_BQTIME','EDITCOMP',4,'COMP_N',NULL,NULL,NULL,NULL,'Already complete');

INSERT INTO SM_TABLE_DEF (TABLE_ID,TABLE_NAME,JP_TITLE,US_TITLE,RELEASE_FLAG,DISTRIBUTE_FLAG,PERMISSION_TYPE,SCHEMA_TYPE,HAS_DUMMY,SORT_NO) VALUES ('TBLID_BRECIP_LOOKUP','BRECIP_LOOKUP','BRECIP_LOOKUP','BRECIP_LOOKUP','Y','N','C','L','N',950);
INSERT INTO SM_FIELD_DEF (TABLE_ID,FIELD_NAME,JP_TITLE,US_TITLE,DB_TYPE,DB_LENGTH,IS_KEY,NOT_BLANK,IS_DUMMY,IS_SEARCH_ITEM,SORT_NO,TREE_LEVEL,SHEET_NO,PAGE_NO,PROPERTY_NO,IS_AUTO,IS_MANDATORY,SYSTEM_READONLY,FIELD_TYPE,FIELD_LENGTH,INPUT_ALPHABET,INPUT_MULTIBYTE,INPUT_NUMERIC,INPUT_SYMBOL,INPUT_UPPERCASE,RETRIEVAL_TABLE,FORMAT,DEFAULT_VALUE,MIN_VALUE,MAX_VALUE,CALENDAR_BUTTON,JUMP_BUTTON,OPEN_BUTTON,REF_TABLE_ID,REF_FIELD_NAME,SPECIAL_BUTTON) VALUES ('TBLID_BRECIP_LOOKUP','ROUTE_ID','ROUTE_ID','ROUTE_ID','STRING',12,'Y','Y','N','Y',0,0,0,0,0,'N','N','N','STRING',12,'Y',0,'Y','Y','Y','NONE',NULL,NULL,NULL,NULL,'N','N',0,NULL,NULL,0);
INSERT INTO SM_FIELD_DEF (TABLE_ID,FIELD_NAME,JP_TITLE,US_TITLE,DB_TYPE,DB_LENGTH,IS_KEY,NOT_BLANK,IS_DUMMY,IS_SEARCH_ITEM,SORT_NO,TREE_LEVEL,SHEET_NO,PAGE_NO,PROPERTY_NO,IS_AUTO,IS_MANDATORY,SYSTEM_READONLY,FIELD_TYPE,FIELD_LENGTH,INPUT_ALPHABET,INPUT_MULTIBYTE,INPUT_NUMERIC,INPUT_SYMBOL,INPUT_UPPERCASE,RETRIEVAL_TABLE,FORMAT,DEFAULT_VALUE,MIN_VALUE,MAX_VALUE,CALENDAR_BUTTON,JUMP_BUTTON,OPEN_BUTTON,REF_TABLE_ID,REF_FIELD_NAME,SPECIAL_BUTTON) VALUES ('TBLID_BRECIP_LOOKUP','ROUTE_VER','ROUTE_VER','ROUTE_VER','STRING',3,'N','Y','N','Y',1,-1,0,0,1,'N','N','N','STRING',3,'Y',0,'Y','Y','Y','NONE',NULL,NULL,NULL,NULL,'N','N',0,NULL,NULL,0);
INSERT INTO SM_FIELD_DEF (TABLE_ID,FIELD_NAME,JP_TITLE,US_TITLE,DB_TYPE,DB_LENGTH,IS_KEY,NOT_BLANK,IS_DUMMY,IS_SEARCH_ITEM,SORT_NO,TREE_LEVEL,SHEET_NO,PAGE_NO,PROPERTY_NO,IS_AUTO,IS_MANDATORY,SYSTEM_READONLY,FIELD_TYPE,FIELD_LENGTH,INPUT_ALPHABET,INPUT_MULTIBYTE,INPUT_NUMERIC,INPUT_SYMBOL,INPUT_UPPERCASE,RETRIEVAL_TABLE,FORMAT,DEFAULT_VALUE,MIN_VALUE,MAX_VALUE,CALENDAR_BUTTON,JUMP_BUTTON,OPEN_BUTTON,REF_TABLE_ID,REF_FIELD_NAME,SPECIAL_BUTTON) VALUES ('TBLID_BRECIP_LOOKUP','OPE_NO','OPE_NO','OPE_NO','STRING',6,'N','Y','N','Y',2,-1,0,0,2,'N','N','N','STRING',6,'Y',0,'Y','Y','Y','NONE',NULL,NULL,NULL,NULL,'N','N',0,NULL,NULL,0);
INSERT INTO SM_FIELD_DEF (TABLE_ID,FIELD_NAME,JP_TITLE,US_TITLE,DB_TYPE,DB_LENGTH,IS_KEY,NOT_BLANK,IS_DUMMY,IS_SEARCH_ITEM,SORT_NO,TREE_LEVEL,SHEET_NO,PAGE_NO,PROPERTY_NO,IS_AUTO,IS_MANDATORY,SYSTEM_READONLY,FIELD_TYPE,FIELD_LENGTH,INPUT_ALPHABET,INPUT_MULTIBYTE,INPUT_NUMERIC,INPUT_SYMBOL,INPUT_UPPERCASE,RETRIEVAL_TABLE,FORMAT,DEFAULT_VALUE,MIN_VALUE,MAX_VALUE,CALENDAR_BUTTON,JUMP_BUTTON,OPEN_BUTTON,REF_TABLE_ID,REF_FIELD_NAME,SPECIAL_BUTTON) VALUES ('TBLID_BRECIP_LOOKUP','PROD_ID','PROD_ID','PROD_ID','STRING',20,'N','Y','N','Y',3,-1,0,0,3,'N','N','N','STRING',20,'Y',0,'Y','Y','Y','NONE',NULL,NULL,NULL,NULL,'N','N',0,NULL,NULL,0);
INSERT INTO SM_FIELD_DEF (TABLE_ID,FIELD_NAME,JP_TITLE,US_TITLE,DB_TYPE,DB_LENGTH,IS_KEY,NOT_BLANK,IS_DUMMY,IS_SEARCH_ITEM,SORT_NO,TREE_LEVEL,SHEET_NO,PAGE_NO,PROPERTY_NO,IS_AUTO,IS_MANDATORY,SYSTEM_READONLY,FIELD_TYPE,FIELD_LENGTH,INPUT_ALPHABET,INPUT_MULTIBYTE,INPUT_NUMERIC,INPUT_SYMBOL,INPUT_UPPERCASE,RETRIEVAL_TABLE,FORMAT,DEFAULT_VALUE,MIN_VALUE,MAX_VALUE,CALENDAR_BUTTON,JUMP_BUTTON,OPEN_BUTTON,REF_TABLE_ID,REF_FIELD_NAME,SPECIAL_BUTTON) VALUES ('TBLID_BRECIP_LOOKUP','EQP_ID','EQP_ID','EQP_ID','STRING',10,'N','Y','N','Y',4,-1,0,0,4,'N','N','N','STRING',10,'Y',0,'Y','Y','Y','NONE',NULL,NULL,NULL,NULL,'N','N',0,NULL,NULL,0);
INSERT INTO SM_FIELD_DEF (TABLE_ID,FIELD_NAME,JP_TITLE,US_TITLE,DB_TYPE,DB_LENGTH,IS_KEY,NOT_BLANK,IS_DUMMY,IS_SEARCH_ITEM,SORT_NO,TREE_LEVEL,SHEET_NO,PAGE_NO,PROPERTY_NO,IS_AUTO,IS_MANDATORY,SYSTEM_READONLY,FIELD_TYPE,FIELD_LENGTH,INPUT_ALPHABET,INPUT_MULTIBYTE,INPUT_NUMERIC,INPUT_SYMBOL,INPUT_UPPERCASE,RETRIEVAL_TABLE,FORMAT,DEFAULT_VALUE,MIN_VALUE,MAX_VALUE,CALENDAR_BUTTON,JUMP_BUTTON,OPEN_BUTTON,REF_TABLE_ID,REF_FIELD_NAME,SPECIAL_BUTTON) VALUES ('TBLID_BRECIP_LOOKUP','RECIP_ID','RECIP_ID','RECIP_ID','STRING',20,'N','Y','N','Y',5,-1,0,0,5,'N','N','N','STRING',20,'Y',0,'Y','Y','Y','NONE',NULL,NULL,NULL,NULL,'N','N',0,NULL,NULL,0);
INSERT INTO SM_CHECK_DEF (TABLE_ID,CHECK_TYPE,CHECK_ORDER,CHECK_KIND,FIELD_NAME,REF_TABLE,REF_FIELD,EXPECT_VALUE,ERR_MSG) VALUES ('TBLID_BRECIP_LOOKUP','SAVE',1,'NOTNULL','ROUTE_ID',NULL,NULL,NULL,'ROUTE_ID required');
INSERT INTO SM_CHECK_DEF (TABLE_ID,CHECK_TYPE,CHECK_ORDER,CHECK_KIND,FIELD_NAME,REF_TABLE,REF_FIELD,EXPECT_VALUE,ERR_MSG) VALUES ('TBLID_BRECIP_LOOKUP','SAVE',2,'STAT_N',NULL,NULL,NULL,NULL,'Not editable');
INSERT INTO SM_CHECK_DEF (TABLE_ID,CHECK_TYPE,CHECK_ORDER,CHECK_KIND,FIELD_NAME,REF_TABLE,REF_FIELD,EXPECT_VALUE,ERR_MSG) VALUES ('TBLID_BRECIP_LOOKUP','SAVE',3,'LOCK_FREE',NULL,NULL,NULL,NULL,'Locked');
INSERT INTO SM_CHECK_DEF (TABLE_ID,CHECK_TYPE,CHECK_ORDER,CHECK_KIND,FIELD_NAME,REF_TABLE,REF_FIELD,EXPECT_VALUE,ERR_MSG) VALUES ('TBLID_BRECIP_LOOKUP','RELEASE',1,'NOTNULL','ROUTE_ID',NULL,NULL,NULL,'ROUTE_ID required');
INSERT INTO SM_CHECK_DEF (TABLE_ID,CHECK_TYPE,CHECK_ORDER,CHECK_KIND,FIELD_NAME,REF_TABLE,REF_FIELD,EXPECT_VALUE,ERR_MSG) VALUES ('TBLID_BRECIP_LOOKUP','RELEASE',2,'STAT_N',NULL,NULL,NULL,NULL,'Not editable');
INSERT INTO SM_CHECK_DEF (TABLE_ID,CHECK_TYPE,CHECK_ORDER,CHECK_KIND,FIELD_NAME,REF_TABLE,REF_FIELD,EXPECT_VALUE,ERR_MSG) VALUES ('TBLID_BRECIP_LOOKUP','RELEASE',3,'LOCK_FREE',NULL,NULL,NULL,NULL,'Locked');
INSERT INTO SM_CHECK_DEF (TABLE_ID,CHECK_TYPE,CHECK_ORDER,CHECK_KIND,FIELD_NAME,REF_TABLE,REF_FIELD,EXPECT_VALUE,ERR_MSG) VALUES ('TBLID_BRECIP_LOOKUP','RELEASE',10,'RELEASE_PARAM','ROUTE_ID','DRECIP_LOOKUP',NULL,NULL,NULL);
INSERT INTO SM_CHECK_DEF (TABLE_ID,CHECK_TYPE,CHECK_ORDER,CHECK_KIND,FIELD_NAME,REF_TABLE,REF_FIELD,EXPECT_VALUE,ERR_MSG) VALUES ('TBLID_BRECIP_LOOKUP','DELETE',1,'NOTNULL','ROUTE_ID',NULL,NULL,NULL,'ROUTE_ID required');
INSERT INTO SM_CHECK_DEF (TABLE_ID,CHECK_TYPE,CHECK_ORDER,CHECK_KIND,FIELD_NAME,REF_TABLE,REF_FIELD,EXPECT_VALUE,ERR_MSG) VALUES ('TBLID_BRECIP_LOOKUP','DELETE',2,'STAT_Y',NULL,NULL,NULL,NULL,'Not released');
INSERT INTO SM_CHECK_DEF (TABLE_ID,CHECK_TYPE,CHECK_ORDER,CHECK_KIND,FIELD_NAME,REF_TABLE,REF_FIELD,EXPECT_VALUE,ERR_MSG) VALUES ('TBLID_BRECIP_LOOKUP','DELETE',3,'LOCK_FREE',NULL,NULL,NULL,NULL,'Locked');
INSERT INTO SM_CHECK_DEF (TABLE_ID,CHECK_TYPE,CHECK_ORDER,CHECK_KIND,FIELD_NAME,REF_TABLE,REF_FIELD,EXPECT_VALUE,ERR_MSG) VALUES ('TBLID_BRECIP_LOOKUP','EDITCOMP',1,'NOTNULL','ROUTE_ID',NULL,NULL,NULL,'ROUTE_ID required');
INSERT INTO SM_CHECK_DEF (TABLE_ID,CHECK_TYPE,CHECK_ORDER,CHECK_KIND,FIELD_NAME,REF_TABLE,REF_FIELD,EXPECT_VALUE,ERR_MSG) VALUES ('TBLID_BRECIP_LOOKUP','EDITCOMP',2,'STAT_N',NULL,NULL,NULL,NULL,'Not editable');
INSERT INTO SM_CHECK_DEF (TABLE_ID,CHECK_TYPE,CHECK_ORDER,CHECK_KIND,FIELD_NAME,REF_TABLE,REF_FIELD,EXPECT_VALUE,ERR_MSG) VALUES ('TBLID_BRECIP_LOOKUP','EDITCOMP',3,'LOCK_FREE',NULL,NULL,NULL,NULL,'Locked');
INSERT INTO SM_CHECK_DEF (TABLE_ID,CHECK_TYPE,CHECK_ORDER,CHECK_KIND,FIELD_NAME,REF_TABLE,REF_FIELD,EXPECT_VALUE,ERR_MSG) VALUES ('TBLID_BRECIP_LOOKUP','EDITCOMP',4,'COMP_N',NULL,NULL,NULL,NULL,'Already complete');

INSERT INTO SM_TABLE_DEF (TABLE_ID,TABLE_NAME,JP_TITLE,US_TITLE,RELEASE_FLAG,DISTRIBUTE_FLAG,PERMISSION_TYPE,SCHEMA_TYPE,HAS_DUMMY,SORT_NO) VALUES ('TBLID_BRECIP_PRAM','BRECIP_PRAM','BRECIP_PRAM','BRECIP_PRAM','Y','N','C','L','N',960);
INSERT INTO SM_FIELD_DEF (TABLE_ID,FIELD_NAME,JP_TITLE,US_TITLE,DB_TYPE,DB_LENGTH,IS_KEY,NOT_BLANK,IS_DUMMY,IS_SEARCH_ITEM,SORT_NO,TREE_LEVEL,SHEET_NO,PAGE_NO,PROPERTY_NO,IS_AUTO,IS_MANDATORY,SYSTEM_READONLY,FIELD_TYPE,FIELD_LENGTH,INPUT_ALPHABET,INPUT_MULTIBYTE,INPUT_NUMERIC,INPUT_SYMBOL,INPUT_UPPERCASE,RETRIEVAL_TABLE,FORMAT,DEFAULT_VALUE,MIN_VALUE,MAX_VALUE,CALENDAR_BUTTON,JUMP_BUTTON,OPEN_BUTTON,REF_TABLE_ID,REF_FIELD_NAME,SPECIAL_BUTTON) VALUES ('TBLID_BRECIP_PRAM','EQP_ID','EQP_ID','EQP_ID','STRING',10,'Y','Y','N','Y',0,0,0,0,0,'N','N','N','STRING',10,'Y',0,'Y','Y','Y','NONE',NULL,NULL,NULL,NULL,'N','N',0,NULL,NULL,0);
INSERT INTO SM_FIELD_DEF (TABLE_ID,FIELD_NAME,JP_TITLE,US_TITLE,DB_TYPE,DB_LENGTH,IS_KEY,NOT_BLANK,IS_DUMMY,IS_SEARCH_ITEM,SORT_NO,TREE_LEVEL,SHEET_NO,PAGE_NO,PROPERTY_NO,IS_AUTO,IS_MANDATORY,SYSTEM_READONLY,FIELD_TYPE,FIELD_LENGTH,INPUT_ALPHABET,INPUT_MULTIBYTE,INPUT_NUMERIC,INPUT_SYMBOL,INPUT_UPPERCASE,RETRIEVAL_TABLE,FORMAT,DEFAULT_VALUE,MIN_VALUE,MAX_VALUE,CALENDAR_BUTTON,JUMP_BUTTON,OPEN_BUTTON,REF_TABLE_ID,REF_FIELD_NAME,SPECIAL_BUTTON) VALUES ('TBLID_BRECIP_PRAM','RECIP_ID','RECIP_ID','RECIP_ID','STRING',20,'N','Y','N','Y',1,-1,0,0,1,'N','N','N','STRING',20,'Y',0,'Y','Y','Y','NONE',NULL,NULL,NULL,NULL,'N','N',0,NULL,NULL,0);
INSERT INTO SM_FIELD_DEF (TABLE_ID,FIELD_NAME,JP_TITLE,US_TITLE,DB_TYPE,DB_LENGTH,IS_KEY,NOT_BLANK,IS_DUMMY,IS_SEARCH_ITEM,SORT_NO,TREE_LEVEL,SHEET_NO,PAGE_NO,PROPERTY_NO,IS_AUTO,IS_MANDATORY,SYSTEM_READONLY,FIELD_TYPE,FIELD_LENGTH,INPUT_ALPHABET,INPUT_MULTIBYTE,INPUT_NUMERIC,INPUT_SYMBOL,INPUT_UPPERCASE,RETRIEVAL_TABLE,FORMAT,DEFAULT_VALUE,MIN_VALUE,MAX_VALUE,CALENDAR_BUTTON,JUMP_BUTTON,OPEN_BUTTON,REF_TABLE_ID,REF_FIELD_NAME,SPECIAL_BUTTON) VALUES ('TBLID_BRECIP_PRAM','RECIP_PRAM_ID','RECIP_PRAM_ID','RECIP_PRAM_ID','STRING',10,'N','Y','N','Y',2,-1,0,0,2,'N','N','N','STRING',10,'Y',0,'Y','Y','Y','NONE',NULL,NULL,NULL,NULL,'N','N',0,NULL,NULL,0);
INSERT INTO SM_FIELD_DEF (TABLE_ID,FIELD_NAME,JP_TITLE,US_TITLE,DB_TYPE,DB_LENGTH,IS_KEY,NOT_BLANK,IS_DUMMY,IS_SEARCH_ITEM,SORT_NO,TREE_LEVEL,SHEET_NO,PAGE_NO,PROPERTY_NO,IS_AUTO,IS_MANDATORY,SYSTEM_READONLY,FIELD_TYPE,FIELD_LENGTH,INPUT_ALPHABET,INPUT_MULTIBYTE,INPUT_NUMERIC,INPUT_SYMBOL,INPUT_UPPERCASE,RETRIEVAL_TABLE,FORMAT,DEFAULT_VALUE,MIN_VALUE,MAX_VALUE,CALENDAR_BUTTON,JUMP_BUTTON,OPEN_BUTTON,REF_TABLE_ID,REF_FIELD_NAME,SPECIAL_BUTTON) VALUES ('TBLID_BRECIP_PRAM','RECIP_PRAM_NAME','RECIP_PRAM_NAME','RECIP_PRAM_NAME','STRING',40,'N','Y','N','Y',3,-1,0,0,3,'N','N','N','STRING',40,'Y',0,'Y','Y','Y','NONE',NULL,NULL,NULL,NULL,'N','N',0,NULL,NULL,0);
INSERT INTO SM_FIELD_DEF (TABLE_ID,FIELD_NAME,JP_TITLE,US_TITLE,DB_TYPE,DB_LENGTH,IS_KEY,NOT_BLANK,IS_DUMMY,IS_SEARCH_ITEM,SORT_NO,TREE_LEVEL,SHEET_NO,PAGE_NO,PROPERTY_NO,IS_AUTO,IS_MANDATORY,SYSTEM_READONLY,FIELD_TYPE,FIELD_LENGTH,INPUT_ALPHABET,INPUT_MULTIBYTE,INPUT_NUMERIC,INPUT_SYMBOL,INPUT_UPPERCASE,RETRIEVAL_TABLE,FORMAT,DEFAULT_VALUE,MIN_VALUE,MAX_VALUE,CALENDAR_BUTTON,JUMP_BUTTON,OPEN_BUTTON,REF_TABLE_ID,REF_FIELD_NAME,SPECIAL_BUTTON) VALUES ('TBLID_BRECIP_PRAM','RECIP_PRAM_DESC','RECIP_PRAM_DESC','RECIP_PRAM_DESC','STRING',80,'N','Y','N','Y',4,-1,0,0,4,'N','N','N','STRING',80,'Y',0,'Y','Y','Y','NONE',NULL,NULL,NULL,NULL,'N','N',0,NULL,NULL,0);
INSERT INTO SM_FIELD_DEF (TABLE_ID,FIELD_NAME,JP_TITLE,US_TITLE,DB_TYPE,DB_LENGTH,IS_KEY,NOT_BLANK,IS_DUMMY,IS_SEARCH_ITEM,SORT_NO,TREE_LEVEL,SHEET_NO,PAGE_NO,PROPERTY_NO,IS_AUTO,IS_MANDATORY,SYSTEM_READONLY,FIELD_TYPE,FIELD_LENGTH,INPUT_ALPHABET,INPUT_MULTIBYTE,INPUT_NUMERIC,INPUT_SYMBOL,INPUT_UPPERCASE,RETRIEVAL_TABLE,FORMAT,DEFAULT_VALUE,MIN_VALUE,MAX_VALUE,CALENDAR_BUTTON,JUMP_BUTTON,OPEN_BUTTON,REF_TABLE_ID,REF_FIELD_NAME,SPECIAL_BUTTON) VALUES ('TBLID_BRECIP_PRAM','STD_VAL','STD_VAL','STD_VAL','STRING',10,'N','Y','N','Y',5,-1,0,0,5,'N','N','N','STRING',10,'Y',0,'Y','Y','Y','NONE',NULL,NULL,NULL,NULL,'N','N',0,NULL,NULL,0);
INSERT INTO SM_FIELD_DEF (TABLE_ID,FIELD_NAME,JP_TITLE,US_TITLE,DB_TYPE,DB_LENGTH,IS_KEY,NOT_BLANK,IS_DUMMY,IS_SEARCH_ITEM,SORT_NO,TREE_LEVEL,SHEET_NO,PAGE_NO,PROPERTY_NO,IS_AUTO,IS_MANDATORY,SYSTEM_READONLY,FIELD_TYPE,FIELD_LENGTH,INPUT_ALPHABET,INPUT_MULTIBYTE,INPUT_NUMERIC,INPUT_SYMBOL,INPUT_UPPERCASE,RETRIEVAL_TABLE,FORMAT,DEFAULT_VALUE,MIN_VALUE,MAX_VALUE,CALENDAR_BUTTON,JUMP_BUTTON,OPEN_BUTTON,REF_TABLE_ID,REF_FIELD_NAME,SPECIAL_BUTTON) VALUES ('TBLID_BRECIP_PRAM','H_VAL','H_VAL','H_VAL','STRING',10,'N','Y','N','Y',6,-1,0,0,6,'N','N','N','STRING',10,'Y',0,'Y','Y','Y','NONE',NULL,NULL,NULL,NULL,'N','N',0,NULL,NULL,0);
INSERT INTO SM_FIELD_DEF (TABLE_ID,FIELD_NAME,JP_TITLE,US_TITLE,DB_TYPE,DB_LENGTH,IS_KEY,NOT_BLANK,IS_DUMMY,IS_SEARCH_ITEM,SORT_NO,TREE_LEVEL,SHEET_NO,PAGE_NO,PROPERTY_NO,IS_AUTO,IS_MANDATORY,SYSTEM_READONLY,FIELD_TYPE,FIELD_LENGTH,INPUT_ALPHABET,INPUT_MULTIBYTE,INPUT_NUMERIC,INPUT_SYMBOL,INPUT_UPPERCASE,RETRIEVAL_TABLE,FORMAT,DEFAULT_VALUE,MIN_VALUE,MAX_VALUE,CALENDAR_BUTTON,JUMP_BUTTON,OPEN_BUTTON,REF_TABLE_ID,REF_FIELD_NAME,SPECIAL_BUTTON) VALUES ('TBLID_BRECIP_PRAM','L_VAL','L_VAL','L_VAL','STRING',10,'N','Y','N','Y',7,-1,0,0,7,'N','N','N','STRING',10,'Y',0,'Y','Y','Y','NONE',NULL,NULL,NULL,NULL,'N','N',0,NULL,NULL,0);
INSERT INTO SM_FIELD_DEF (TABLE_ID,FIELD_NAME,JP_TITLE,US_TITLE,DB_TYPE,DB_LENGTH,IS_KEY,NOT_BLANK,IS_DUMMY,IS_SEARCH_ITEM,SORT_NO,TREE_LEVEL,SHEET_NO,PAGE_NO,PROPERTY_NO,IS_AUTO,IS_MANDATORY,SYSTEM_READONLY,FIELD_TYPE,FIELD_LENGTH,INPUT_ALPHABET,INPUT_MULTIBYTE,INPUT_NUMERIC,INPUT_SYMBOL,INPUT_UPPERCASE,RETRIEVAL_TABLE,FORMAT,DEFAULT_VALUE,MIN_VALUE,MAX_VALUE,CALENDAR_BUTTON,JUMP_BUTTON,OPEN_BUTTON,REF_TABLE_ID,REF_FIELD_NAME,SPECIAL_BUTTON) VALUES ('TBLID_BRECIP_PRAM','MEAS_UNIT','MEAS_UNIT','MEAS_UNIT','STRING',10,'N','Y','N','Y',8,-1,0,0,8,'N','N','N','STRING',10,'Y',0,'Y','Y','Y','NONE',NULL,NULL,NULL,NULL,'N','N',0,NULL,NULL,0);
INSERT INTO SM_CHECK_DEF (TABLE_ID,CHECK_TYPE,CHECK_ORDER,CHECK_KIND,FIELD_NAME,REF_TABLE,REF_FIELD,EXPECT_VALUE,ERR_MSG) VALUES ('TBLID_BRECIP_PRAM','SAVE',1,'NOTNULL','EQP_ID',NULL,NULL,NULL,'EQP_ID required');
INSERT INTO SM_CHECK_DEF (TABLE_ID,CHECK_TYPE,CHECK_ORDER,CHECK_KIND,FIELD_NAME,REF_TABLE,REF_FIELD,EXPECT_VALUE,ERR_MSG) VALUES ('TBLID_BRECIP_PRAM','SAVE',2,'STAT_N',NULL,NULL,NULL,NULL,'Not editable');
INSERT INTO SM_CHECK_DEF (TABLE_ID,CHECK_TYPE,CHECK_ORDER,CHECK_KIND,FIELD_NAME,REF_TABLE,REF_FIELD,EXPECT_VALUE,ERR_MSG) VALUES ('TBLID_BRECIP_PRAM','SAVE',3,'LOCK_FREE',NULL,NULL,NULL,NULL,'Locked');
INSERT INTO SM_CHECK_DEF (TABLE_ID,CHECK_TYPE,CHECK_ORDER,CHECK_KIND,FIELD_NAME,REF_TABLE,REF_FIELD,EXPECT_VALUE,ERR_MSG) VALUES ('TBLID_BRECIP_PRAM','RELEASE',1,'NOTNULL','EQP_ID',NULL,NULL,NULL,'EQP_ID required');
INSERT INTO SM_CHECK_DEF (TABLE_ID,CHECK_TYPE,CHECK_ORDER,CHECK_KIND,FIELD_NAME,REF_TABLE,REF_FIELD,EXPECT_VALUE,ERR_MSG) VALUES ('TBLID_BRECIP_PRAM','RELEASE',2,'STAT_N',NULL,NULL,NULL,NULL,'Not editable');
INSERT INTO SM_CHECK_DEF (TABLE_ID,CHECK_TYPE,CHECK_ORDER,CHECK_KIND,FIELD_NAME,REF_TABLE,REF_FIELD,EXPECT_VALUE,ERR_MSG) VALUES ('TBLID_BRECIP_PRAM','RELEASE',3,'LOCK_FREE',NULL,NULL,NULL,NULL,'Locked');
INSERT INTO SM_CHECK_DEF (TABLE_ID,CHECK_TYPE,CHECK_ORDER,CHECK_KIND,FIELD_NAME,REF_TABLE,REF_FIELD,EXPECT_VALUE,ERR_MSG) VALUES ('TBLID_BRECIP_PRAM','RELEASE',10,'RELEASE_PARAM','EQP_ID','DRECIP_PRAM',NULL,NULL,NULL);
INSERT INTO SM_CHECK_DEF (TABLE_ID,CHECK_TYPE,CHECK_ORDER,CHECK_KIND,FIELD_NAME,REF_TABLE,REF_FIELD,EXPECT_VALUE,ERR_MSG) VALUES ('TBLID_BRECIP_PRAM','DELETE',1,'NOTNULL','EQP_ID',NULL,NULL,NULL,'EQP_ID required');
INSERT INTO SM_CHECK_DEF (TABLE_ID,CHECK_TYPE,CHECK_ORDER,CHECK_KIND,FIELD_NAME,REF_TABLE,REF_FIELD,EXPECT_VALUE,ERR_MSG) VALUES ('TBLID_BRECIP_PRAM','DELETE',2,'STAT_Y',NULL,NULL,NULL,NULL,'Not released');
INSERT INTO SM_CHECK_DEF (TABLE_ID,CHECK_TYPE,CHECK_ORDER,CHECK_KIND,FIELD_NAME,REF_TABLE,REF_FIELD,EXPECT_VALUE,ERR_MSG) VALUES ('TBLID_BRECIP_PRAM','DELETE',3,'LOCK_FREE',NULL,NULL,NULL,NULL,'Locked');
INSERT INTO SM_CHECK_DEF (TABLE_ID,CHECK_TYPE,CHECK_ORDER,CHECK_KIND,FIELD_NAME,REF_TABLE,REF_FIELD,EXPECT_VALUE,ERR_MSG) VALUES ('TBLID_BRECIP_PRAM','EDITCOMP',1,'NOTNULL','EQP_ID',NULL,NULL,NULL,'EQP_ID required');
INSERT INTO SM_CHECK_DEF (TABLE_ID,CHECK_TYPE,CHECK_ORDER,CHECK_KIND,FIELD_NAME,REF_TABLE,REF_FIELD,EXPECT_VALUE,ERR_MSG) VALUES ('TBLID_BRECIP_PRAM','EDITCOMP',2,'STAT_N',NULL,NULL,NULL,NULL,'Not editable');
INSERT INTO SM_CHECK_DEF (TABLE_ID,CHECK_TYPE,CHECK_ORDER,CHECK_KIND,FIELD_NAME,REF_TABLE,REF_FIELD,EXPECT_VALUE,ERR_MSG) VALUES ('TBLID_BRECIP_PRAM','EDITCOMP',3,'LOCK_FREE',NULL,NULL,NULL,NULL,'Locked');
INSERT INTO SM_CHECK_DEF (TABLE_ID,CHECK_TYPE,CHECK_ORDER,CHECK_KIND,FIELD_NAME,REF_TABLE,REF_FIELD,EXPECT_VALUE,ERR_MSG) VALUES ('TBLID_BRECIP_PRAM','EDITCOMP',4,'COMP_N',NULL,NULL,NULL,NULL,'Already complete');

INSERT INTO SM_TABLE_DEF (TABLE_ID,TABLE_NAME,JP_TITLE,US_TITLE,RELEASE_FLAG,DISTRIBUTE_FLAG,PERMISSION_TYPE,SCHEMA_TYPE,HAS_DUMMY,SORT_NO) VALUES ('TBLID_BREJECTCODE_STGG','BREJECTCODE_STGG','BREJECTCODE_STGG','BREJECTCODE_STGG','Y','N','C','L','N',970);
INSERT INTO SM_FIELD_DEF (TABLE_ID,FIELD_NAME,JP_TITLE,US_TITLE,DB_TYPE,DB_LENGTH,IS_KEY,NOT_BLANK,IS_DUMMY,IS_SEARCH_ITEM,SORT_NO,TREE_LEVEL,SHEET_NO,PAGE_NO,PROPERTY_NO,IS_AUTO,IS_MANDATORY,SYSTEM_READONLY,FIELD_TYPE,FIELD_LENGTH,INPUT_ALPHABET,INPUT_MULTIBYTE,INPUT_NUMERIC,INPUT_SYMBOL,INPUT_UPPERCASE,RETRIEVAL_TABLE,FORMAT,DEFAULT_VALUE,MIN_VALUE,MAX_VALUE,CALENDAR_BUTTON,JUMP_BUTTON,OPEN_BUTTON,REF_TABLE_ID,REF_FIELD_NAME,SPECIAL_BUTTON) VALUES ('TBLID_BREJECTCODE_STGG','REJRSN_CODE_STGG_ID','REJRSN_CODE_STGG_ID','REJRSN_CODE_STGG_ID','STRING',12,'Y','Y','N','Y',0,0,0,0,0,'N','N','N','STRING',12,'Y',0,'Y','Y','Y','NONE',NULL,NULL,NULL,NULL,'N','N',0,NULL,NULL,0);
INSERT INTO SM_FIELD_DEF (TABLE_ID,FIELD_NAME,JP_TITLE,US_TITLE,DB_TYPE,DB_LENGTH,IS_KEY,NOT_BLANK,IS_DUMMY,IS_SEARCH_ITEM,SORT_NO,TREE_LEVEL,SHEET_NO,PAGE_NO,PROPERTY_NO,IS_AUTO,IS_MANDATORY,SYSTEM_READONLY,FIELD_TYPE,FIELD_LENGTH,INPUT_ALPHABET,INPUT_MULTIBYTE,INPUT_NUMERIC,INPUT_SYMBOL,INPUT_UPPERCASE,RETRIEVAL_TABLE,FORMAT,DEFAULT_VALUE,MIN_VALUE,MAX_VALUE,CALENDAR_BUTTON,JUMP_BUTTON,OPEN_BUTTON,REF_TABLE_ID,REF_FIELD_NAME,SPECIAL_BUTTON) VALUES ('TBLID_BREJECTCODE_STGG','REJRSN_CODE_STGG_NAME','REJRSN_CODE_STGG_NAME','REJRSN_CODE_STGG_NAME','STRING',40,'N','Y','N','Y',1,-1,0,0,1,'N','N','N','STRING',40,'Y',0,'Y','Y','Y','NONE',NULL,NULL,NULL,NULL,'N','N',0,NULL,NULL,0);
INSERT INTO SM_FIELD_DEF (TABLE_ID,FIELD_NAME,JP_TITLE,US_TITLE,DB_TYPE,DB_LENGTH,IS_KEY,NOT_BLANK,IS_DUMMY,IS_SEARCH_ITEM,SORT_NO,TREE_LEVEL,SHEET_NO,PAGE_NO,PROPERTY_NO,IS_AUTO,IS_MANDATORY,SYSTEM_READONLY,FIELD_TYPE,FIELD_LENGTH,INPUT_ALPHABET,INPUT_MULTIBYTE,INPUT_NUMERIC,INPUT_SYMBOL,INPUT_UPPERCASE,RETRIEVAL_TABLE,FORMAT,DEFAULT_VALUE,MIN_VALUE,MAX_VALUE,CALENDAR_BUTTON,JUMP_BUTTON,OPEN_BUTTON,REF_TABLE_ID,REF_FIELD_NAME,SPECIAL_BUTTON) VALUES ('TBLID_BREJECTCODE_STGG','REJRSN_CODE_STGG_DESC','REJRSN_CODE_STGG_DESC','REJRSN_CODE_STGG_DESC','STRING',80,'N','Y','N','Y',2,-1,0,0,2,'N','N','N','STRING',80,'Y',0,'Y','Y','Y','NONE',NULL,NULL,NULL,NULL,'N','N',0,NULL,NULL,0);
INSERT INTO SM_FIELD_DEF (TABLE_ID,FIELD_NAME,JP_TITLE,US_TITLE,DB_TYPE,DB_LENGTH,IS_KEY,NOT_BLANK,IS_DUMMY,IS_SEARCH_ITEM,SORT_NO,TREE_LEVEL,SHEET_NO,PAGE_NO,PROPERTY_NO,IS_AUTO,IS_MANDATORY,SYSTEM_READONLY,FIELD_TYPE,FIELD_LENGTH,INPUT_ALPHABET,INPUT_MULTIBYTE,INPUT_NUMERIC,INPUT_SYMBOL,INPUT_UPPERCASE,RETRIEVAL_TABLE,FORMAT,DEFAULT_VALUE,MIN_VALUE,MAX_VALUE,CALENDAR_BUTTON,JUMP_BUTTON,OPEN_BUTTON,REF_TABLE_ID,REF_FIELD_NAME,SPECIAL_BUTTON) VALUES ('TBLID_BREJECTCODE_STGG','REJRSN_CODE_STGG_CAT','REJRSN_CODE_STGG_CAT','REJRSN_CODE_STGG_CAT','STRING',10,'N','Y','N','Y',3,-1,0,0,3,'N','N','N','STRING',10,'Y',0,'Y','Y','Y','NONE',NULL,NULL,NULL,NULL,'N','N',0,NULL,NULL,0);
INSERT INTO SM_FIELD_DEF (TABLE_ID,FIELD_NAME,JP_TITLE,US_TITLE,DB_TYPE,DB_LENGTH,IS_KEY,NOT_BLANK,IS_DUMMY,IS_SEARCH_ITEM,SORT_NO,TREE_LEVEL,SHEET_NO,PAGE_NO,PROPERTY_NO,IS_AUTO,IS_MANDATORY,SYSTEM_READONLY,FIELD_TYPE,FIELD_LENGTH,INPUT_ALPHABET,INPUT_MULTIBYTE,INPUT_NUMERIC,INPUT_SYMBOL,INPUT_UPPERCASE,RETRIEVAL_TABLE,FORMAT,DEFAULT_VALUE,MIN_VALUE,MAX_VALUE,CALENDAR_BUTTON,JUMP_BUTTON,OPEN_BUTTON,REF_TABLE_ID,REF_FIELD_NAME,SPECIAL_BUTTON) VALUES ('TBLID_BREJECTCODE_STGG','STGG_INCAT_SEQ_NO','STGG_INCAT_SEQ_NO','STGG_INCAT_SEQ_NO','NUMBER',0,'N','Y','N','Y',4,-1,0,0,4,'N','N','N','STRING',0,'Y',0,'Y','Y','Y','NONE',NULL,NULL,NULL,NULL,'N','N',0,NULL,NULL,0);
INSERT INTO SM_CHECK_DEF (TABLE_ID,CHECK_TYPE,CHECK_ORDER,CHECK_KIND,FIELD_NAME,REF_TABLE,REF_FIELD,EXPECT_VALUE,ERR_MSG) VALUES ('TBLID_BREJECTCODE_STGG','SAVE',1,'NOTNULL','REJRSN_CODE_STGG_ID',NULL,NULL,NULL,'REJRSN_CODE_STGG_ID required');
INSERT INTO SM_CHECK_DEF (TABLE_ID,CHECK_TYPE,CHECK_ORDER,CHECK_KIND,FIELD_NAME,REF_TABLE,REF_FIELD,EXPECT_VALUE,ERR_MSG) VALUES ('TBLID_BREJECTCODE_STGG','SAVE',2,'STAT_N',NULL,NULL,NULL,NULL,'Not editable');
INSERT INTO SM_CHECK_DEF (TABLE_ID,CHECK_TYPE,CHECK_ORDER,CHECK_KIND,FIELD_NAME,REF_TABLE,REF_FIELD,EXPECT_VALUE,ERR_MSG) VALUES ('TBLID_BREJECTCODE_STGG','SAVE',3,'LOCK_FREE',NULL,NULL,NULL,NULL,'Locked');
INSERT INTO SM_CHECK_DEF (TABLE_ID,CHECK_TYPE,CHECK_ORDER,CHECK_KIND,FIELD_NAME,REF_TABLE,REF_FIELD,EXPECT_VALUE,ERR_MSG) VALUES ('TBLID_BREJECTCODE_STGG','RELEASE',1,'NOTNULL','REJRSN_CODE_STGG_ID',NULL,NULL,NULL,'REJRSN_CODE_STGG_ID required');
INSERT INTO SM_CHECK_DEF (TABLE_ID,CHECK_TYPE,CHECK_ORDER,CHECK_KIND,FIELD_NAME,REF_TABLE,REF_FIELD,EXPECT_VALUE,ERR_MSG) VALUES ('TBLID_BREJECTCODE_STGG','RELEASE',2,'STAT_N',NULL,NULL,NULL,NULL,'Not editable');
INSERT INTO SM_CHECK_DEF (TABLE_ID,CHECK_TYPE,CHECK_ORDER,CHECK_KIND,FIELD_NAME,REF_TABLE,REF_FIELD,EXPECT_VALUE,ERR_MSG) VALUES ('TBLID_BREJECTCODE_STGG','RELEASE',3,'LOCK_FREE',NULL,NULL,NULL,NULL,'Locked');
INSERT INTO SM_CHECK_DEF (TABLE_ID,CHECK_TYPE,CHECK_ORDER,CHECK_KIND,FIELD_NAME,REF_TABLE,REF_FIELD,EXPECT_VALUE,ERR_MSG) VALUES ('TBLID_BREJECTCODE_STGG','RELEASE',10,'RELEASE_PARAM','REJRSN_CODE_STGG_ID','DREJECTCODE_STGG',NULL,NULL,NULL);
INSERT INTO SM_CHECK_DEF (TABLE_ID,CHECK_TYPE,CHECK_ORDER,CHECK_KIND,FIELD_NAME,REF_TABLE,REF_FIELD,EXPECT_VALUE,ERR_MSG) VALUES ('TBLID_BREJECTCODE_STGG','DELETE',1,'NOTNULL','REJRSN_CODE_STGG_ID',NULL,NULL,NULL,'REJRSN_CODE_STGG_ID required');
INSERT INTO SM_CHECK_DEF (TABLE_ID,CHECK_TYPE,CHECK_ORDER,CHECK_KIND,FIELD_NAME,REF_TABLE,REF_FIELD,EXPECT_VALUE,ERR_MSG) VALUES ('TBLID_BREJECTCODE_STGG','DELETE',2,'STAT_Y',NULL,NULL,NULL,NULL,'Not released');
INSERT INTO SM_CHECK_DEF (TABLE_ID,CHECK_TYPE,CHECK_ORDER,CHECK_KIND,FIELD_NAME,REF_TABLE,REF_FIELD,EXPECT_VALUE,ERR_MSG) VALUES ('TBLID_BREJECTCODE_STGG','DELETE',3,'LOCK_FREE',NULL,NULL,NULL,NULL,'Locked');
INSERT INTO SM_CHECK_DEF (TABLE_ID,CHECK_TYPE,CHECK_ORDER,CHECK_KIND,FIELD_NAME,REF_TABLE,REF_FIELD,EXPECT_VALUE,ERR_MSG) VALUES ('TBLID_BREJECTCODE_STGG','EDITCOMP',1,'NOTNULL','REJRSN_CODE_STGG_ID',NULL,NULL,NULL,'REJRSN_CODE_STGG_ID required');
INSERT INTO SM_CHECK_DEF (TABLE_ID,CHECK_TYPE,CHECK_ORDER,CHECK_KIND,FIELD_NAME,REF_TABLE,REF_FIELD,EXPECT_VALUE,ERR_MSG) VALUES ('TBLID_BREJECTCODE_STGG','EDITCOMP',2,'STAT_N',NULL,NULL,NULL,NULL,'Not editable');
INSERT INTO SM_CHECK_DEF (TABLE_ID,CHECK_TYPE,CHECK_ORDER,CHECK_KIND,FIELD_NAME,REF_TABLE,REF_FIELD,EXPECT_VALUE,ERR_MSG) VALUES ('TBLID_BREJECTCODE_STGG','EDITCOMP',3,'LOCK_FREE',NULL,NULL,NULL,NULL,'Locked');
INSERT INTO SM_CHECK_DEF (TABLE_ID,CHECK_TYPE,CHECK_ORDER,CHECK_KIND,FIELD_NAME,REF_TABLE,REF_FIELD,EXPECT_VALUE,ERR_MSG) VALUES ('TBLID_BREJECTCODE_STGG','EDITCOMP',4,'COMP_N',NULL,NULL,NULL,NULL,'Already complete');

INSERT INTO SM_TABLE_DEF (TABLE_ID,TABLE_NAME,JP_TITLE,US_TITLE,RELEASE_FLAG,DISTRIBUTE_FLAG,PERMISSION_TYPE,SCHEMA_TYPE,HAS_DUMMY,SORT_NO) VALUES ('TBLID_BREJECTCODE_STGG_STG','BREJECTCODE_STGG_STG','BREJECTCODE_STGG_STG','BREJECTCODE_STGG_STG','Y','N','C','L','N',980);
INSERT INTO SM_FIELD_DEF (TABLE_ID,FIELD_NAME,JP_TITLE,US_TITLE,DB_TYPE,DB_LENGTH,IS_KEY,NOT_BLANK,IS_DUMMY,IS_SEARCH_ITEM,SORT_NO,TREE_LEVEL,SHEET_NO,PAGE_NO,PROPERTY_NO,IS_AUTO,IS_MANDATORY,SYSTEM_READONLY,FIELD_TYPE,FIELD_LENGTH,INPUT_ALPHABET,INPUT_MULTIBYTE,INPUT_NUMERIC,INPUT_SYMBOL,INPUT_UPPERCASE,RETRIEVAL_TABLE,FORMAT,DEFAULT_VALUE,MIN_VALUE,MAX_VALUE,CALENDAR_BUTTON,JUMP_BUTTON,OPEN_BUTTON,REF_TABLE_ID,REF_FIELD_NAME,SPECIAL_BUTTON) VALUES ('TBLID_BREJECTCODE_STGG_STG','REJRSN_CODE_STGG_ID','REJRSN_CODE_STGG_ID','REJRSN_CODE_STGG_ID','STRING',12,'Y','Y','N','Y',0,0,0,0,0,'N','N','N','STRING',12,'Y',0,'Y','Y','Y','NONE',NULL,NULL,NULL,NULL,'N','N',0,NULL,NULL,0);
INSERT INTO SM_FIELD_DEF (TABLE_ID,FIELD_NAME,JP_TITLE,US_TITLE,DB_TYPE,DB_LENGTH,IS_KEY,NOT_BLANK,IS_DUMMY,IS_SEARCH_ITEM,SORT_NO,TREE_LEVEL,SHEET_NO,PAGE_NO,PROPERTY_NO,IS_AUTO,IS_MANDATORY,SYSTEM_READONLY,FIELD_TYPE,FIELD_LENGTH,INPUT_ALPHABET,INPUT_MULTIBYTE,INPUT_NUMERIC,INPUT_SYMBOL,INPUT_UPPERCASE,RETRIEVAL_TABLE,FORMAT,DEFAULT_VALUE,MIN_VALUE,MAX_VALUE,CALENDAR_BUTTON,JUMP_BUTTON,OPEN_BUTTON,REF_TABLE_ID,REF_FIELD_NAME,SPECIAL_BUTTON) VALUES ('TBLID_BREJECTCODE_STGG_STG','REJRSN_CODE_STG_ID','REJRSN_CODE_STG_ID','REJRSN_CODE_STG_ID','STRING',12,'N','Y','N','Y',1,-1,0,0,1,'N','N','N','STRING',12,'Y',0,'Y','Y','Y','NONE',NULL,NULL,NULL,NULL,'N','N',0,NULL,NULL,0);
INSERT INTO SM_FIELD_DEF (TABLE_ID,FIELD_NAME,JP_TITLE,US_TITLE,DB_TYPE,DB_LENGTH,IS_KEY,NOT_BLANK,IS_DUMMY,IS_SEARCH_ITEM,SORT_NO,TREE_LEVEL,SHEET_NO,PAGE_NO,PROPERTY_NO,IS_AUTO,IS_MANDATORY,SYSTEM_READONLY,FIELD_TYPE,FIELD_LENGTH,INPUT_ALPHABET,INPUT_MULTIBYTE,INPUT_NUMERIC,INPUT_SYMBOL,INPUT_UPPERCASE,RETRIEVAL_TABLE,FORMAT,DEFAULT_VALUE,MIN_VALUE,MAX_VALUE,CALENDAR_BUTTON,JUMP_BUTTON,OPEN_BUTTON,REF_TABLE_ID,REF_FIELD_NAME,SPECIAL_BUTTON) VALUES ('TBLID_BREJECTCODE_STGG_STG','ITEM_SEQ_NO','ITEM_SEQ_NO','ITEM_SEQ_NO','NUMBER',0,'N','Y','N','Y',2,-1,0,0,2,'N','N','N','STRING',0,'Y',0,'Y','Y','Y','NONE',NULL,NULL,NULL,NULL,'N','N',0,NULL,NULL,0);
INSERT INTO SM_CHECK_DEF (TABLE_ID,CHECK_TYPE,CHECK_ORDER,CHECK_KIND,FIELD_NAME,REF_TABLE,REF_FIELD,EXPECT_VALUE,ERR_MSG) VALUES ('TBLID_BREJECTCODE_STGG_STG','SAVE',1,'NOTNULL','REJRSN_CODE_STGG_ID',NULL,NULL,NULL,'REJRSN_CODE_STGG_ID required');
INSERT INTO SM_CHECK_DEF (TABLE_ID,CHECK_TYPE,CHECK_ORDER,CHECK_KIND,FIELD_NAME,REF_TABLE,REF_FIELD,EXPECT_VALUE,ERR_MSG) VALUES ('TBLID_BREJECTCODE_STGG_STG','SAVE',2,'STAT_N',NULL,NULL,NULL,NULL,'Not editable');
INSERT INTO SM_CHECK_DEF (TABLE_ID,CHECK_TYPE,CHECK_ORDER,CHECK_KIND,FIELD_NAME,REF_TABLE,REF_FIELD,EXPECT_VALUE,ERR_MSG) VALUES ('TBLID_BREJECTCODE_STGG_STG','SAVE',3,'LOCK_FREE',NULL,NULL,NULL,NULL,'Locked');
INSERT INTO SM_CHECK_DEF (TABLE_ID,CHECK_TYPE,CHECK_ORDER,CHECK_KIND,FIELD_NAME,REF_TABLE,REF_FIELD,EXPECT_VALUE,ERR_MSG) VALUES ('TBLID_BREJECTCODE_STGG_STG','RELEASE',1,'NOTNULL','REJRSN_CODE_STGG_ID',NULL,NULL,NULL,'REJRSN_CODE_STGG_ID required');
INSERT INTO SM_CHECK_DEF (TABLE_ID,CHECK_TYPE,CHECK_ORDER,CHECK_KIND,FIELD_NAME,REF_TABLE,REF_FIELD,EXPECT_VALUE,ERR_MSG) VALUES ('TBLID_BREJECTCODE_STGG_STG','RELEASE',2,'STAT_N',NULL,NULL,NULL,NULL,'Not editable');
INSERT INTO SM_CHECK_DEF (TABLE_ID,CHECK_TYPE,CHECK_ORDER,CHECK_KIND,FIELD_NAME,REF_TABLE,REF_FIELD,EXPECT_VALUE,ERR_MSG) VALUES ('TBLID_BREJECTCODE_STGG_STG','RELEASE',3,'LOCK_FREE',NULL,NULL,NULL,NULL,'Locked');
INSERT INTO SM_CHECK_DEF (TABLE_ID,CHECK_TYPE,CHECK_ORDER,CHECK_KIND,FIELD_NAME,REF_TABLE,REF_FIELD,EXPECT_VALUE,ERR_MSG) VALUES ('TBLID_BREJECTCODE_STGG_STG','RELEASE',10,'RELEASE_PARAM','REJRSN_CODE_STGG_ID','DREJECTCODE_STGG_STG',NULL,NULL,NULL);
INSERT INTO SM_CHECK_DEF (TABLE_ID,CHECK_TYPE,CHECK_ORDER,CHECK_KIND,FIELD_NAME,REF_TABLE,REF_FIELD,EXPECT_VALUE,ERR_MSG) VALUES ('TBLID_BREJECTCODE_STGG_STG','DELETE',1,'NOTNULL','REJRSN_CODE_STGG_ID',NULL,NULL,NULL,'REJRSN_CODE_STGG_ID required');
INSERT INTO SM_CHECK_DEF (TABLE_ID,CHECK_TYPE,CHECK_ORDER,CHECK_KIND,FIELD_NAME,REF_TABLE,REF_FIELD,EXPECT_VALUE,ERR_MSG) VALUES ('TBLID_BREJECTCODE_STGG_STG','DELETE',2,'STAT_Y',NULL,NULL,NULL,NULL,'Not released');
INSERT INTO SM_CHECK_DEF (TABLE_ID,CHECK_TYPE,CHECK_ORDER,CHECK_KIND,FIELD_NAME,REF_TABLE,REF_FIELD,EXPECT_VALUE,ERR_MSG) VALUES ('TBLID_BREJECTCODE_STGG_STG','DELETE',3,'LOCK_FREE',NULL,NULL,NULL,NULL,'Locked');
INSERT INTO SM_CHECK_DEF (TABLE_ID,CHECK_TYPE,CHECK_ORDER,CHECK_KIND,FIELD_NAME,REF_TABLE,REF_FIELD,EXPECT_VALUE,ERR_MSG) VALUES ('TBLID_BREJECTCODE_STGG_STG','EDITCOMP',1,'NOTNULL','REJRSN_CODE_STGG_ID',NULL,NULL,NULL,'REJRSN_CODE_STGG_ID required');
INSERT INTO SM_CHECK_DEF (TABLE_ID,CHECK_TYPE,CHECK_ORDER,CHECK_KIND,FIELD_NAME,REF_TABLE,REF_FIELD,EXPECT_VALUE,ERR_MSG) VALUES ('TBLID_BREJECTCODE_STGG_STG','EDITCOMP',2,'STAT_N',NULL,NULL,NULL,NULL,'Not editable');
INSERT INTO SM_CHECK_DEF (TABLE_ID,CHECK_TYPE,CHECK_ORDER,CHECK_KIND,FIELD_NAME,REF_TABLE,REF_FIELD,EXPECT_VALUE,ERR_MSG) VALUES ('TBLID_BREJECTCODE_STGG_STG','EDITCOMP',3,'LOCK_FREE',NULL,NULL,NULL,NULL,'Locked');
INSERT INTO SM_CHECK_DEF (TABLE_ID,CHECK_TYPE,CHECK_ORDER,CHECK_KIND,FIELD_NAME,REF_TABLE,REF_FIELD,EXPECT_VALUE,ERR_MSG) VALUES ('TBLID_BREJECTCODE_STGG_STG','EDITCOMP',4,'COMP_N',NULL,NULL,NULL,NULL,'Already complete');

INSERT INTO SM_TABLE_DEF (TABLE_ID,TABLE_NAME,JP_TITLE,US_TITLE,RELEASE_FLAG,DISTRIBUTE_FLAG,PERMISSION_TYPE,SCHEMA_TYPE,HAS_DUMMY,SORT_NO) VALUES ('TBLID_BROUTECNCT','BROUTECNCT','BROUTECNCT','BROUTECNCT','Y','N','C','L','N',990);
INSERT INTO SM_FIELD_DEF (TABLE_ID,FIELD_NAME,JP_TITLE,US_TITLE,DB_TYPE,DB_LENGTH,IS_KEY,NOT_BLANK,IS_DUMMY,IS_SEARCH_ITEM,SORT_NO,TREE_LEVEL,SHEET_NO,PAGE_NO,PROPERTY_NO,IS_AUTO,IS_MANDATORY,SYSTEM_READONLY,FIELD_TYPE,FIELD_LENGTH,INPUT_ALPHABET,INPUT_MULTIBYTE,INPUT_NUMERIC,INPUT_SYMBOL,INPUT_UPPERCASE,RETRIEVAL_TABLE,FORMAT,DEFAULT_VALUE,MIN_VALUE,MAX_VALUE,CALENDAR_BUTTON,JUMP_BUTTON,OPEN_BUTTON,REF_TABLE_ID,REF_FIELD_NAME,SPECIAL_BUTTON) VALUES ('TBLID_BROUTECNCT','SUB_ROUTE_ID','SUB_ROUTE_ID','SUB_ROUTE_ID','STRING',12,'Y','Y','N','Y',0,0,0,0,0,'N','N','N','STRING',12,'Y',0,'Y','Y','Y','NONE',NULL,NULL,NULL,NULL,'N','N',0,NULL,NULL,0);
INSERT INTO SM_FIELD_DEF (TABLE_ID,FIELD_NAME,JP_TITLE,US_TITLE,DB_TYPE,DB_LENGTH,IS_KEY,NOT_BLANK,IS_DUMMY,IS_SEARCH_ITEM,SORT_NO,TREE_LEVEL,SHEET_NO,PAGE_NO,PROPERTY_NO,IS_AUTO,IS_MANDATORY,SYSTEM_READONLY,FIELD_TYPE,FIELD_LENGTH,INPUT_ALPHABET,INPUT_MULTIBYTE,INPUT_NUMERIC,INPUT_SYMBOL,INPUT_UPPERCASE,RETRIEVAL_TABLE,FORMAT,DEFAULT_VALUE,MIN_VALUE,MAX_VALUE,CALENDAR_BUTTON,JUMP_BUTTON,OPEN_BUTTON,REF_TABLE_ID,REF_FIELD_NAME,SPECIAL_BUTTON) VALUES ('TBLID_BROUTECNCT','SUB_ROUTE_VER','SUB_ROUTE_VER','SUB_ROUTE_VER','STRING',3,'N','Y','N','Y',1,-1,0,0,1,'N','N','N','STRING',3,'Y',0,'Y','Y','Y','NONE',NULL,NULL,NULL,NULL,'N','N',0,NULL,NULL,0);
INSERT INTO SM_FIELD_DEF (TABLE_ID,FIELD_NAME,JP_TITLE,US_TITLE,DB_TYPE,DB_LENGTH,IS_KEY,NOT_BLANK,IS_DUMMY,IS_SEARCH_ITEM,SORT_NO,TREE_LEVEL,SHEET_NO,PAGE_NO,PROPERTY_NO,IS_AUTO,IS_MANDATORY,SYSTEM_READONLY,FIELD_TYPE,FIELD_LENGTH,INPUT_ALPHABET,INPUT_MULTIBYTE,INPUT_NUMERIC,INPUT_SYMBOL,INPUT_UPPERCASE,RETRIEVAL_TABLE,FORMAT,DEFAULT_VALUE,MIN_VALUE,MAX_VALUE,CALENDAR_BUTTON,JUMP_BUTTON,OPEN_BUTTON,REF_TABLE_ID,REF_FIELD_NAME,SPECIAL_BUTTON) VALUES ('TBLID_BROUTECNCT','SPLIT_ROUTE_ID','SPLIT_ROUTE_ID','SPLIT_ROUTE_ID','STRING',12,'N','Y','N','Y',2,-1,0,0,2,'N','N','N','STRING',12,'Y',0,'Y','Y','Y','NONE',NULL,NULL,NULL,NULL,'N','N',0,NULL,NULL,0);
INSERT INTO SM_FIELD_DEF (TABLE_ID,FIELD_NAME,JP_TITLE,US_TITLE,DB_TYPE,DB_LENGTH,IS_KEY,NOT_BLANK,IS_DUMMY,IS_SEARCH_ITEM,SORT_NO,TREE_LEVEL,SHEET_NO,PAGE_NO,PROPERTY_NO,IS_AUTO,IS_MANDATORY,SYSTEM_READONLY,FIELD_TYPE,FIELD_LENGTH,INPUT_ALPHABET,INPUT_MULTIBYTE,INPUT_NUMERIC,INPUT_SYMBOL,INPUT_UPPERCASE,RETRIEVAL_TABLE,FORMAT,DEFAULT_VALUE,MIN_VALUE,MAX_VALUE,CALENDAR_BUTTON,JUMP_BUTTON,OPEN_BUTTON,REF_TABLE_ID,REF_FIELD_NAME,SPECIAL_BUTTON) VALUES ('TBLID_BROUTECNCT','SPLIT_ROUTE_VER','SPLIT_ROUTE_VER','SPLIT_ROUTE_VER','STRING',3,'N','Y','N','Y',3,-1,0,0,3,'N','N','N','STRING',3,'Y',0,'Y','Y','Y','NONE',NULL,NULL,NULL,NULL,'N','N',0,NULL,NULL,0);
INSERT INTO SM_FIELD_DEF (TABLE_ID,FIELD_NAME,JP_TITLE,US_TITLE,DB_TYPE,DB_LENGTH,IS_KEY,NOT_BLANK,IS_DUMMY,IS_SEARCH_ITEM,SORT_NO,TREE_LEVEL,SHEET_NO,PAGE_NO,PROPERTY_NO,IS_AUTO,IS_MANDATORY,SYSTEM_READONLY,FIELD_TYPE,FIELD_LENGTH,INPUT_ALPHABET,INPUT_MULTIBYTE,INPUT_NUMERIC,INPUT_SYMBOL,INPUT_UPPERCASE,RETRIEVAL_TABLE,FORMAT,DEFAULT_VALUE,MIN_VALUE,MAX_VALUE,CALENDAR_BUTTON,JUMP_BUTTON,OPEN_BUTTON,REF_TABLE_ID,REF_FIELD_NAME,SPECIAL_BUTTON) VALUES ('TBLID_BROUTECNCT','SPLIT_OPE_NO','SPLIT_OPE_NO','SPLIT_OPE_NO','STRING',6,'N','Y','N','Y',4,-1,0,0,4,'N','N','N','STRING',6,'Y',0,'Y','Y','Y','NONE',NULL,NULL,NULL,NULL,'N','N',0,NULL,NULL,0);
INSERT INTO SM_FIELD_DEF (TABLE_ID,FIELD_NAME,JP_TITLE,US_TITLE,DB_TYPE,DB_LENGTH,IS_KEY,NOT_BLANK,IS_DUMMY,IS_SEARCH_ITEM,SORT_NO,TREE_LEVEL,SHEET_NO,PAGE_NO,PROPERTY_NO,IS_AUTO,IS_MANDATORY,SYSTEM_READONLY,FIELD_TYPE,FIELD_LENGTH,INPUT_ALPHABET,INPUT_MULTIBYTE,INPUT_NUMERIC,INPUT_SYMBOL,INPUT_UPPERCASE,RETRIEVAL_TABLE,FORMAT,DEFAULT_VALUE,MIN_VALUE,MAX_VALUE,CALENDAR_BUTTON,JUMP_BUTTON,OPEN_BUTTON,REF_TABLE_ID,REF_FIELD_NAME,SPECIAL_BUTTON) VALUES ('TBLID_BROUTECNCT','RET_ROUTE_ID','RET_ROUTE_ID','RET_ROUTE_ID','STRING',12,'N','Y','N','Y',5,-1,0,0,5,'N','N','N','STRING',12,'Y',0,'Y','Y','Y','NONE',NULL,NULL,NULL,NULL,'N','N',0,NULL,NULL,0);
INSERT INTO SM_FIELD_DEF (TABLE_ID,FIELD_NAME,JP_TITLE,US_TITLE,DB_TYPE,DB_LENGTH,IS_KEY,NOT_BLANK,IS_DUMMY,IS_SEARCH_ITEM,SORT_NO,TREE_LEVEL,SHEET_NO,PAGE_NO,PROPERTY_NO,IS_AUTO,IS_MANDATORY,SYSTEM_READONLY,FIELD_TYPE,FIELD_LENGTH,INPUT_ALPHABET,INPUT_MULTIBYTE,INPUT_NUMERIC,INPUT_SYMBOL,INPUT_UPPERCASE,RETRIEVAL_TABLE,FORMAT,DEFAULT_VALUE,MIN_VALUE,MAX_VALUE,CALENDAR_BUTTON,JUMP_BUTTON,OPEN_BUTTON,REF_TABLE_ID,REF_FIELD_NAME,SPECIAL_BUTTON) VALUES ('TBLID_BROUTECNCT','RET_ROUTE_VER','RET_ROUTE_VER','RET_ROUTE_VER','STRING',3,'N','Y','N','Y',6,-1,0,0,6,'N','N','N','STRING',3,'Y',0,'Y','Y','Y','NONE',NULL,NULL,NULL,NULL,'N','N',0,NULL,NULL,0);
INSERT INTO SM_FIELD_DEF (TABLE_ID,FIELD_NAME,JP_TITLE,US_TITLE,DB_TYPE,DB_LENGTH,IS_KEY,NOT_BLANK,IS_DUMMY,IS_SEARCH_ITEM,SORT_NO,TREE_LEVEL,SHEET_NO,PAGE_NO,PROPERTY_NO,IS_AUTO,IS_MANDATORY,SYSTEM_READONLY,FIELD_TYPE,FIELD_LENGTH,INPUT_ALPHABET,INPUT_MULTIBYTE,INPUT_NUMERIC,INPUT_SYMBOL,INPUT_UPPERCASE,RETRIEVAL_TABLE,FORMAT,DEFAULT_VALUE,MIN_VALUE,MAX_VALUE,CALENDAR_BUTTON,JUMP_BUTTON,OPEN_BUTTON,REF_TABLE_ID,REF_FIELD_NAME,SPECIAL_BUTTON) VALUES ('TBLID_BROUTECNCT','RET_OPE_NO','RET_OPE_NO','RET_OPE_NO','STRING',6,'N','Y','N','Y',7,-1,0,0,7,'N','N','N','STRING',6,'Y',0,'Y','Y','Y','NONE',NULL,NULL,NULL,NULL,'N','N',0,NULL,NULL,0);
INSERT INTO SM_FIELD_DEF (TABLE_ID,FIELD_NAME,JP_TITLE,US_TITLE,DB_TYPE,DB_LENGTH,IS_KEY,NOT_BLANK,IS_DUMMY,IS_SEARCH_ITEM,SORT_NO,TREE_LEVEL,SHEET_NO,PAGE_NO,PROPERTY_NO,IS_AUTO,IS_MANDATORY,SYSTEM_READONLY,FIELD_TYPE,FIELD_LENGTH,INPUT_ALPHABET,INPUT_MULTIBYTE,INPUT_NUMERIC,INPUT_SYMBOL,INPUT_UPPERCASE,RETRIEVAL_TABLE,FORMAT,DEFAULT_VALUE,MIN_VALUE,MAX_VALUE,CALENDAR_BUTTON,JUMP_BUTTON,OPEN_BUTTON,REF_TABLE_ID,REF_FIELD_NAME,SPECIAL_BUTTON) VALUES ('TBLID_BROUTECNCT','ROUTE_CNCT_NAME','ROUTE_CNCT_NAME','ROUTE_CNCT_NAME','STRING',40,'N','Y','N','Y',8,-1,0,0,8,'N','N','N','STRING',40,'Y',0,'Y','Y','Y','NONE',NULL,NULL,NULL,NULL,'N','N',0,NULL,NULL,0);
INSERT INTO SM_FIELD_DEF (TABLE_ID,FIELD_NAME,JP_TITLE,US_TITLE,DB_TYPE,DB_LENGTH,IS_KEY,NOT_BLANK,IS_DUMMY,IS_SEARCH_ITEM,SORT_NO,TREE_LEVEL,SHEET_NO,PAGE_NO,PROPERTY_NO,IS_AUTO,IS_MANDATORY,SYSTEM_READONLY,FIELD_TYPE,FIELD_LENGTH,INPUT_ALPHABET,INPUT_MULTIBYTE,INPUT_NUMERIC,INPUT_SYMBOL,INPUT_UPPERCASE,RETRIEVAL_TABLE,FORMAT,DEFAULT_VALUE,MIN_VALUE,MAX_VALUE,CALENDAR_BUTTON,JUMP_BUTTON,OPEN_BUTTON,REF_TABLE_ID,REF_FIELD_NAME,SPECIAL_BUTTON) VALUES ('TBLID_BROUTECNCT','ROUTE_CNCT_DESC','ROUTE_CNCT_DESC','ROUTE_CNCT_DESC','STRING',80,'N','Y','N','Y',9,-1,0,0,9,'N','N','N','STRING',80,'Y',0,'Y','Y','Y','NONE',NULL,NULL,NULL,NULL,'N','N',0,NULL,NULL,0);
INSERT INTO SM_CHECK_DEF (TABLE_ID,CHECK_TYPE,CHECK_ORDER,CHECK_KIND,FIELD_NAME,REF_TABLE,REF_FIELD,EXPECT_VALUE,ERR_MSG) VALUES ('TBLID_BROUTECNCT','SAVE',1,'NOTNULL','SUB_ROUTE_ID',NULL,NULL,NULL,'SUB_ROUTE_ID required');
INSERT INTO SM_CHECK_DEF (TABLE_ID,CHECK_TYPE,CHECK_ORDER,CHECK_KIND,FIELD_NAME,REF_TABLE,REF_FIELD,EXPECT_VALUE,ERR_MSG) VALUES ('TBLID_BROUTECNCT','SAVE',2,'STAT_N',NULL,NULL,NULL,NULL,'Not editable');
INSERT INTO SM_CHECK_DEF (TABLE_ID,CHECK_TYPE,CHECK_ORDER,CHECK_KIND,FIELD_NAME,REF_TABLE,REF_FIELD,EXPECT_VALUE,ERR_MSG) VALUES ('TBLID_BROUTECNCT','SAVE',3,'LOCK_FREE',NULL,NULL,NULL,NULL,'Locked');
INSERT INTO SM_CHECK_DEF (TABLE_ID,CHECK_TYPE,CHECK_ORDER,CHECK_KIND,FIELD_NAME,REF_TABLE,REF_FIELD,EXPECT_VALUE,ERR_MSG) VALUES ('TBLID_BROUTECNCT','RELEASE',1,'NOTNULL','SUB_ROUTE_ID',NULL,NULL,NULL,'SUB_ROUTE_ID required');
INSERT INTO SM_CHECK_DEF (TABLE_ID,CHECK_TYPE,CHECK_ORDER,CHECK_KIND,FIELD_NAME,REF_TABLE,REF_FIELD,EXPECT_VALUE,ERR_MSG) VALUES ('TBLID_BROUTECNCT','RELEASE',2,'STAT_N',NULL,NULL,NULL,NULL,'Not editable');
INSERT INTO SM_CHECK_DEF (TABLE_ID,CHECK_TYPE,CHECK_ORDER,CHECK_KIND,FIELD_NAME,REF_TABLE,REF_FIELD,EXPECT_VALUE,ERR_MSG) VALUES ('TBLID_BROUTECNCT','RELEASE',3,'LOCK_FREE',NULL,NULL,NULL,NULL,'Locked');
INSERT INTO SM_CHECK_DEF (TABLE_ID,CHECK_TYPE,CHECK_ORDER,CHECK_KIND,FIELD_NAME,REF_TABLE,REF_FIELD,EXPECT_VALUE,ERR_MSG) VALUES ('TBLID_BROUTECNCT','RELEASE',10,'RELEASE_PARAM','SUB_ROUTE_ID','DROUTECNCT',NULL,NULL,NULL);
INSERT INTO SM_CHECK_DEF (TABLE_ID,CHECK_TYPE,CHECK_ORDER,CHECK_KIND,FIELD_NAME,REF_TABLE,REF_FIELD,EXPECT_VALUE,ERR_MSG) VALUES ('TBLID_BROUTECNCT','DELETE',1,'NOTNULL','SUB_ROUTE_ID',NULL,NULL,NULL,'SUB_ROUTE_ID required');
INSERT INTO SM_CHECK_DEF (TABLE_ID,CHECK_TYPE,CHECK_ORDER,CHECK_KIND,FIELD_NAME,REF_TABLE,REF_FIELD,EXPECT_VALUE,ERR_MSG) VALUES ('TBLID_BROUTECNCT','DELETE',2,'STAT_Y',NULL,NULL,NULL,NULL,'Not released');
INSERT INTO SM_CHECK_DEF (TABLE_ID,CHECK_TYPE,CHECK_ORDER,CHECK_KIND,FIELD_NAME,REF_TABLE,REF_FIELD,EXPECT_VALUE,ERR_MSG) VALUES ('TBLID_BROUTECNCT','DELETE',3,'LOCK_FREE',NULL,NULL,NULL,NULL,'Locked');
INSERT INTO SM_CHECK_DEF (TABLE_ID,CHECK_TYPE,CHECK_ORDER,CHECK_KIND,FIELD_NAME,REF_TABLE,REF_FIELD,EXPECT_VALUE,ERR_MSG) VALUES ('TBLID_BROUTECNCT','EDITCOMP',1,'NOTNULL','SUB_ROUTE_ID',NULL,NULL,NULL,'SUB_ROUTE_ID required');
INSERT INTO SM_CHECK_DEF (TABLE_ID,CHECK_TYPE,CHECK_ORDER,CHECK_KIND,FIELD_NAME,REF_TABLE,REF_FIELD,EXPECT_VALUE,ERR_MSG) VALUES ('TBLID_BROUTECNCT','EDITCOMP',2,'STAT_N',NULL,NULL,NULL,NULL,'Not editable');
INSERT INTO SM_CHECK_DEF (TABLE_ID,CHECK_TYPE,CHECK_ORDER,CHECK_KIND,FIELD_NAME,REF_TABLE,REF_FIELD,EXPECT_VALUE,ERR_MSG) VALUES ('TBLID_BROUTECNCT','EDITCOMP',3,'LOCK_FREE',NULL,NULL,NULL,NULL,'Locked');
INSERT INTO SM_CHECK_DEF (TABLE_ID,CHECK_TYPE,CHECK_ORDER,CHECK_KIND,FIELD_NAME,REF_TABLE,REF_FIELD,EXPECT_VALUE,ERR_MSG) VALUES ('TBLID_BROUTECNCT','EDITCOMP',4,'COMP_N',NULL,NULL,NULL,NULL,'Already complete');

INSERT INTO SM_TABLE_DEF (TABLE_ID,TABLE_NAME,JP_TITLE,US_TITLE,RELEASE_FLAG,DISTRIBUTE_FLAG,PERMISSION_TYPE,SCHEMA_TYPE,HAS_DUMMY,SORT_NO) VALUES ('TBLID_BROUTE_MROUTE','BROUTE_MROUTE','BROUTE_MROUTE','BROUTE_MROUTE','Y','N','C','L','N',1000);
INSERT INTO SM_FIELD_DEF (TABLE_ID,FIELD_NAME,JP_TITLE,US_TITLE,DB_TYPE,DB_LENGTH,IS_KEY,NOT_BLANK,IS_DUMMY,IS_SEARCH_ITEM,SORT_NO,TREE_LEVEL,SHEET_NO,PAGE_NO,PROPERTY_NO,IS_AUTO,IS_MANDATORY,SYSTEM_READONLY,FIELD_TYPE,FIELD_LENGTH,INPUT_ALPHABET,INPUT_MULTIBYTE,INPUT_NUMERIC,INPUT_SYMBOL,INPUT_UPPERCASE,RETRIEVAL_TABLE,FORMAT,DEFAULT_VALUE,MIN_VALUE,MAX_VALUE,CALENDAR_BUTTON,JUMP_BUTTON,OPEN_BUTTON,REF_TABLE_ID,REF_FIELD_NAME,SPECIAL_BUTTON) VALUES ('TBLID_BROUTE_MROUTE','ROUTE_ID','ROUTE_ID','ROUTE_ID','STRING',12,'Y','Y','N','Y',0,0,0,0,0,'N','N','N','STRING',12,'Y',0,'Y','Y','Y','NONE',NULL,NULL,NULL,NULL,'N','N',0,NULL,NULL,0);
INSERT INTO SM_FIELD_DEF (TABLE_ID,FIELD_NAME,JP_TITLE,US_TITLE,DB_TYPE,DB_LENGTH,IS_KEY,NOT_BLANK,IS_DUMMY,IS_SEARCH_ITEM,SORT_NO,TREE_LEVEL,SHEET_NO,PAGE_NO,PROPERTY_NO,IS_AUTO,IS_MANDATORY,SYSTEM_READONLY,FIELD_TYPE,FIELD_LENGTH,INPUT_ALPHABET,INPUT_MULTIBYTE,INPUT_NUMERIC,INPUT_SYMBOL,INPUT_UPPERCASE,RETRIEVAL_TABLE,FORMAT,DEFAULT_VALUE,MIN_VALUE,MAX_VALUE,CALENDAR_BUTTON,JUMP_BUTTON,OPEN_BUTTON,REF_TABLE_ID,REF_FIELD_NAME,SPECIAL_BUTTON) VALUES ('TBLID_BROUTE_MROUTE','ROUTE_VER','ROUTE_VER','ROUTE_VER','STRING',3,'N','Y','N','Y',1,-1,0,0,1,'N','N','N','STRING',3,'Y',0,'Y','Y','Y','NONE',NULL,NULL,NULL,NULL,'N','N',0,NULL,NULL,0);
INSERT INTO SM_FIELD_DEF (TABLE_ID,FIELD_NAME,JP_TITLE,US_TITLE,DB_TYPE,DB_LENGTH,IS_KEY,NOT_BLANK,IS_DUMMY,IS_SEARCH_ITEM,SORT_NO,TREE_LEVEL,SHEET_NO,PAGE_NO,PROPERTY_NO,IS_AUTO,IS_MANDATORY,SYSTEM_READONLY,FIELD_TYPE,FIELD_LENGTH,INPUT_ALPHABET,INPUT_MULTIBYTE,INPUT_NUMERIC,INPUT_SYMBOL,INPUT_UPPERCASE,RETRIEVAL_TABLE,FORMAT,DEFAULT_VALUE,MIN_VALUE,MAX_VALUE,CALENDAR_BUTTON,JUMP_BUTTON,OPEN_BUTTON,REF_TABLE_ID,REF_FIELD_NAME,SPECIAL_BUTTON) VALUES ('TBLID_BROUTE_MROUTE','MROUTE_SEQ_NO','MROUTE_SEQ_NO','MROUTE_SEQ_NO','STRING',3,'N','Y','N','Y',2,-1,0,0,2,'N','N','N','STRING',3,'Y',0,'Y','Y','Y','NONE',NULL,NULL,NULL,NULL,'N','N',0,NULL,NULL,0);
INSERT INTO SM_FIELD_DEF (TABLE_ID,FIELD_NAME,JP_TITLE,US_TITLE,DB_TYPE,DB_LENGTH,IS_KEY,NOT_BLANK,IS_DUMMY,IS_SEARCH_ITEM,SORT_NO,TREE_LEVEL,SHEET_NO,PAGE_NO,PROPERTY_NO,IS_AUTO,IS_MANDATORY,SYSTEM_READONLY,FIELD_TYPE,FIELD_LENGTH,INPUT_ALPHABET,INPUT_MULTIBYTE,INPUT_NUMERIC,INPUT_SYMBOL,INPUT_UPPERCASE,RETRIEVAL_TABLE,FORMAT,DEFAULT_VALUE,MIN_VALUE,MAX_VALUE,CALENDAR_BUTTON,JUMP_BUTTON,OPEN_BUTTON,REF_TABLE_ID,REF_FIELD_NAME,SPECIAL_BUTTON) VALUES ('TBLID_BROUTE_MROUTE','MROUTE_ID','MROUTE_ID','MROUTE_ID','STRING',8,'N','Y','N','Y',3,-1,0,0,3,'N','N','N','STRING',8,'Y',0,'Y','Y','Y','NONE',NULL,NULL,NULL,NULL,'N','N',0,NULL,NULL,0);
INSERT INTO SM_FIELD_DEF (TABLE_ID,FIELD_NAME,JP_TITLE,US_TITLE,DB_TYPE,DB_LENGTH,IS_KEY,NOT_BLANK,IS_DUMMY,IS_SEARCH_ITEM,SORT_NO,TREE_LEVEL,SHEET_NO,PAGE_NO,PROPERTY_NO,IS_AUTO,IS_MANDATORY,SYSTEM_READONLY,FIELD_TYPE,FIELD_LENGTH,INPUT_ALPHABET,INPUT_MULTIBYTE,INPUT_NUMERIC,INPUT_SYMBOL,INPUT_UPPERCASE,RETRIEVAL_TABLE,FORMAT,DEFAULT_VALUE,MIN_VALUE,MAX_VALUE,CALENDAR_BUTTON,JUMP_BUTTON,OPEN_BUTTON,REF_TABLE_ID,REF_FIELD_NAME,SPECIAL_BUTTON) VALUES ('TBLID_BROUTE_MROUTE','MROUTE_VER','MROUTE_VER','MROUTE_VER','STRING',3,'N','Y','N','Y',4,-1,0,0,4,'N','N','N','STRING',3,'Y',0,'Y','Y','Y','NONE',NULL,NULL,NULL,NULL,'N','N',0,NULL,NULL,0);
INSERT INTO SM_FIELD_DEF (TABLE_ID,FIELD_NAME,JP_TITLE,US_TITLE,DB_TYPE,DB_LENGTH,IS_KEY,NOT_BLANK,IS_DUMMY,IS_SEARCH_ITEM,SORT_NO,TREE_LEVEL,SHEET_NO,PAGE_NO,PROPERTY_NO,IS_AUTO,IS_MANDATORY,SYSTEM_READONLY,FIELD_TYPE,FIELD_LENGTH,INPUT_ALPHABET,INPUT_MULTIBYTE,INPUT_NUMERIC,INPUT_SYMBOL,INPUT_UPPERCASE,RETRIEVAL_TABLE,FORMAT,DEFAULT_VALUE,MIN_VALUE,MAX_VALUE,CALENDAR_BUTTON,JUMP_BUTTON,OPEN_BUTTON,REF_TABLE_ID,REF_FIELD_NAME,SPECIAL_BUTTON) VALUES ('TBLID_BROUTE_MROUTE','STG_ID','STG_ID','STG_ID','STRING',12,'N','Y','N','Y',5,-1,0,0,5,'N','N','N','STRING',12,'Y',0,'Y','Y','Y','NONE',NULL,NULL,NULL,NULL,'N','N',0,NULL,NULL,0);
INSERT INTO SM_CHECK_DEF (TABLE_ID,CHECK_TYPE,CHECK_ORDER,CHECK_KIND,FIELD_NAME,REF_TABLE,REF_FIELD,EXPECT_VALUE,ERR_MSG) VALUES ('TBLID_BROUTE_MROUTE','SAVE',1,'NOTNULL','ROUTE_ID',NULL,NULL,NULL,'ROUTE_ID required');
INSERT INTO SM_CHECK_DEF (TABLE_ID,CHECK_TYPE,CHECK_ORDER,CHECK_KIND,FIELD_NAME,REF_TABLE,REF_FIELD,EXPECT_VALUE,ERR_MSG) VALUES ('TBLID_BROUTE_MROUTE','SAVE',2,'STAT_N',NULL,NULL,NULL,NULL,'Not editable');
INSERT INTO SM_CHECK_DEF (TABLE_ID,CHECK_TYPE,CHECK_ORDER,CHECK_KIND,FIELD_NAME,REF_TABLE,REF_FIELD,EXPECT_VALUE,ERR_MSG) VALUES ('TBLID_BROUTE_MROUTE','SAVE',3,'LOCK_FREE',NULL,NULL,NULL,NULL,'Locked');
INSERT INTO SM_CHECK_DEF (TABLE_ID,CHECK_TYPE,CHECK_ORDER,CHECK_KIND,FIELD_NAME,REF_TABLE,REF_FIELD,EXPECT_VALUE,ERR_MSG) VALUES ('TBLID_BROUTE_MROUTE','RELEASE',1,'NOTNULL','ROUTE_ID',NULL,NULL,NULL,'ROUTE_ID required');
INSERT INTO SM_CHECK_DEF (TABLE_ID,CHECK_TYPE,CHECK_ORDER,CHECK_KIND,FIELD_NAME,REF_TABLE,REF_FIELD,EXPECT_VALUE,ERR_MSG) VALUES ('TBLID_BROUTE_MROUTE','RELEASE',2,'STAT_N',NULL,NULL,NULL,NULL,'Not editable');
INSERT INTO SM_CHECK_DEF (TABLE_ID,CHECK_TYPE,CHECK_ORDER,CHECK_KIND,FIELD_NAME,REF_TABLE,REF_FIELD,EXPECT_VALUE,ERR_MSG) VALUES ('TBLID_BROUTE_MROUTE','RELEASE',3,'LOCK_FREE',NULL,NULL,NULL,NULL,'Locked');
INSERT INTO SM_CHECK_DEF (TABLE_ID,CHECK_TYPE,CHECK_ORDER,CHECK_KIND,FIELD_NAME,REF_TABLE,REF_FIELD,EXPECT_VALUE,ERR_MSG) VALUES ('TBLID_BROUTE_MROUTE','RELEASE',10,'RELEASE_PARAM','ROUTE_ID','DROUTE_MROUTE',NULL,NULL,NULL);
INSERT INTO SM_CHECK_DEF (TABLE_ID,CHECK_TYPE,CHECK_ORDER,CHECK_KIND,FIELD_NAME,REF_TABLE,REF_FIELD,EXPECT_VALUE,ERR_MSG) VALUES ('TBLID_BROUTE_MROUTE','DELETE',1,'NOTNULL','ROUTE_ID',NULL,NULL,NULL,'ROUTE_ID required');
INSERT INTO SM_CHECK_DEF (TABLE_ID,CHECK_TYPE,CHECK_ORDER,CHECK_KIND,FIELD_NAME,REF_TABLE,REF_FIELD,EXPECT_VALUE,ERR_MSG) VALUES ('TBLID_BROUTE_MROUTE','DELETE',2,'STAT_Y',NULL,NULL,NULL,NULL,'Not released');
INSERT INTO SM_CHECK_DEF (TABLE_ID,CHECK_TYPE,CHECK_ORDER,CHECK_KIND,FIELD_NAME,REF_TABLE,REF_FIELD,EXPECT_VALUE,ERR_MSG) VALUES ('TBLID_BROUTE_MROUTE','DELETE',3,'LOCK_FREE',NULL,NULL,NULL,NULL,'Locked');
INSERT INTO SM_CHECK_DEF (TABLE_ID,CHECK_TYPE,CHECK_ORDER,CHECK_KIND,FIELD_NAME,REF_TABLE,REF_FIELD,EXPECT_VALUE,ERR_MSG) VALUES ('TBLID_BROUTE_MROUTE','EDITCOMP',1,'NOTNULL','ROUTE_ID',NULL,NULL,NULL,'ROUTE_ID required');
INSERT INTO SM_CHECK_DEF (TABLE_ID,CHECK_TYPE,CHECK_ORDER,CHECK_KIND,FIELD_NAME,REF_TABLE,REF_FIELD,EXPECT_VALUE,ERR_MSG) VALUES ('TBLID_BROUTE_MROUTE','EDITCOMP',2,'STAT_N',NULL,NULL,NULL,NULL,'Not editable');
INSERT INTO SM_CHECK_DEF (TABLE_ID,CHECK_TYPE,CHECK_ORDER,CHECK_KIND,FIELD_NAME,REF_TABLE,REF_FIELD,EXPECT_VALUE,ERR_MSG) VALUES ('TBLID_BROUTE_MROUTE','EDITCOMP',3,'LOCK_FREE',NULL,NULL,NULL,NULL,'Locked');
INSERT INTO SM_CHECK_DEF (TABLE_ID,CHECK_TYPE,CHECK_ORDER,CHECK_KIND,FIELD_NAME,REF_TABLE,REF_FIELD,EXPECT_VALUE,ERR_MSG) VALUES ('TBLID_BROUTE_MROUTE','EDITCOMP',4,'COMP_N',NULL,NULL,NULL,NULL,'Already complete');

INSERT INTO SM_TABLE_DEF (TABLE_ID,TABLE_NAME,JP_TITLE,US_TITLE,RELEASE_FLAG,DISTRIBUTE_FLAG,PERMISSION_TYPE,SCHEMA_TYPE,HAS_DUMMY,SORT_NO) VALUES ('TBLID_BRP_INSP_USED','BRP_INSP_USED','BRP_INSP_USED','BRP_INSP_USED','Y','N','C','L','N',1010);
INSERT INTO SM_FIELD_DEF (TABLE_ID,FIELD_NAME,JP_TITLE,US_TITLE,DB_TYPE,DB_LENGTH,IS_KEY,NOT_BLANK,IS_DUMMY,IS_SEARCH_ITEM,SORT_NO,TREE_LEVEL,SHEET_NO,PAGE_NO,PROPERTY_NO,IS_AUTO,IS_MANDATORY,SYSTEM_READONLY,FIELD_TYPE,FIELD_LENGTH,INPUT_ALPHABET,INPUT_MULTIBYTE,INPUT_NUMERIC,INPUT_SYMBOL,INPUT_UPPERCASE,RETRIEVAL_TABLE,FORMAT,DEFAULT_VALUE,MIN_VALUE,MAX_VALUE,CALENDAR_BUTTON,JUMP_BUTTON,OPEN_BUTTON,REF_TABLE_ID,REF_FIELD_NAME,SPECIAL_BUTTON) VALUES ('TBLID_BRP_INSP_USED','PROD_ID','PROD_ID','PROD_ID','STRING',20,'Y','Y','N','Y',0,0,0,0,0,'N','N','N','STRING',20,'Y',0,'Y','Y','Y','NONE',NULL,NULL,NULL,NULL,'N','N',0,NULL,NULL,0);
INSERT INTO SM_FIELD_DEF (TABLE_ID,FIELD_NAME,JP_TITLE,US_TITLE,DB_TYPE,DB_LENGTH,IS_KEY,NOT_BLANK,IS_DUMMY,IS_SEARCH_ITEM,SORT_NO,TREE_LEVEL,SHEET_NO,PAGE_NO,PROPERTY_NO,IS_AUTO,IS_MANDATORY,SYSTEM_READONLY,FIELD_TYPE,FIELD_LENGTH,INPUT_ALPHABET,INPUT_MULTIBYTE,INPUT_NUMERIC,INPUT_SYMBOL,INPUT_UPPERCASE,RETRIEVAL_TABLE,FORMAT,DEFAULT_VALUE,MIN_VALUE,MAX_VALUE,CALENDAR_BUTTON,JUMP_BUTTON,OPEN_BUTTON,REF_TABLE_ID,REF_FIELD_NAME,SPECIAL_BUTTON) VALUES ('TBLID_BRP_INSP_USED','INSP_USED_ID','INSP_USED_ID','INSP_USED_ID','STRING',12,'N','Y','N','Y',1,-1,0,0,1,'N','N','N','STRING',12,'Y',0,'Y','Y','Y','NONE',NULL,NULL,NULL,NULL,'N','N',0,NULL,NULL,0);
INSERT INTO SM_FIELD_DEF (TABLE_ID,FIELD_NAME,JP_TITLE,US_TITLE,DB_TYPE,DB_LENGTH,IS_KEY,NOT_BLANK,IS_DUMMY,IS_SEARCH_ITEM,SORT_NO,TREE_LEVEL,SHEET_NO,PAGE_NO,PROPERTY_NO,IS_AUTO,IS_MANDATORY,SYSTEM_READONLY,FIELD_TYPE,FIELD_LENGTH,INPUT_ALPHABET,INPUT_MULTIBYTE,INPUT_NUMERIC,INPUT_SYMBOL,INPUT_UPPERCASE,RETRIEVAL_TABLE,FORMAT,DEFAULT_VALUE,MIN_VALUE,MAX_VALUE,CALENDAR_BUTTON,JUMP_BUTTON,OPEN_BUTTON,REF_TABLE_ID,REF_FIELD_NAME,SPECIAL_BUTTON) VALUES ('TBLID_BRP_INSP_USED','SP_INSP_CAT','SP_INSP_CAT','SP_INSP_CAT','STRING',1,'N','Y','N','Y',2,-1,0,0,2,'N','N','N','STRING',1,'Y',0,'Y','Y','Y','NONE',NULL,NULL,NULL,NULL,'N','N',0,NULL,NULL,0);
INSERT INTO SM_FIELD_DEF (TABLE_ID,FIELD_NAME,JP_TITLE,US_TITLE,DB_TYPE,DB_LENGTH,IS_KEY,NOT_BLANK,IS_DUMMY,IS_SEARCH_ITEM,SORT_NO,TREE_LEVEL,SHEET_NO,PAGE_NO,PROPERTY_NO,IS_AUTO,IS_MANDATORY,SYSTEM_READONLY,FIELD_TYPE,FIELD_LENGTH,INPUT_ALPHABET,INPUT_MULTIBYTE,INPUT_NUMERIC,INPUT_SYMBOL,INPUT_UPPERCASE,RETRIEVAL_TABLE,FORMAT,DEFAULT_VALUE,MIN_VALUE,MAX_VALUE,CALENDAR_BUTTON,JUMP_BUTTON,OPEN_BUTTON,REF_TABLE_ID,REF_FIELD_NAME,SPECIAL_BUTTON) VALUES ('TBLID_BRP_INSP_USED','SEQ_NO','SEQ_NO','SEQ_NO','NUMBER',0,'N','Y','N','Y',3,-1,0,0,3,'N','N','N','STRING',0,'Y',0,'Y','Y','Y','NONE',NULL,NULL,NULL,NULL,'N','N',0,NULL,NULL,0);
INSERT INTO SM_FIELD_DEF (TABLE_ID,FIELD_NAME,JP_TITLE,US_TITLE,DB_TYPE,DB_LENGTH,IS_KEY,NOT_BLANK,IS_DUMMY,IS_SEARCH_ITEM,SORT_NO,TREE_LEVEL,SHEET_NO,PAGE_NO,PROPERTY_NO,IS_AUTO,IS_MANDATORY,SYSTEM_READONLY,FIELD_TYPE,FIELD_LENGTH,INPUT_ALPHABET,INPUT_MULTIBYTE,INPUT_NUMERIC,INPUT_SYMBOL,INPUT_UPPERCASE,RETRIEVAL_TABLE,FORMAT,DEFAULT_VALUE,MIN_VALUE,MAX_VALUE,CALENDAR_BUTTON,JUMP_BUTTON,OPEN_BUTTON,REF_TABLE_ID,REF_FIELD_NAME,SPECIAL_BUTTON) VALUES ('TBLID_BRP_INSP_USED','RW_SMPL_FLG','RW_SMPL_FLG','RW_SMPL_FLG','STRING',1,'N','N','N','Y',4,-1,0,0,4,'N','N','N','STRING',1,'Y',0,'Y','Y','Y','NONE',NULL,NULL,NULL,NULL,'N','N',0,NULL,NULL,0);
INSERT INTO SM_FIELD_DEF (TABLE_ID,FIELD_NAME,JP_TITLE,US_TITLE,DB_TYPE,DB_LENGTH,IS_KEY,NOT_BLANK,IS_DUMMY,IS_SEARCH_ITEM,SORT_NO,TREE_LEVEL,SHEET_NO,PAGE_NO,PROPERTY_NO,IS_AUTO,IS_MANDATORY,SYSTEM_READONLY,FIELD_TYPE,FIELD_LENGTH,INPUT_ALPHABET,INPUT_MULTIBYTE,INPUT_NUMERIC,INPUT_SYMBOL,INPUT_UPPERCASE,RETRIEVAL_TABLE,FORMAT,DEFAULT_VALUE,MIN_VALUE,MAX_VALUE,CALENDAR_BUTTON,JUMP_BUTTON,OPEN_BUTTON,REF_TABLE_ID,REF_FIELD_NAME,SPECIAL_BUTTON) VALUES ('TBLID_BRP_INSP_USED','RJCT_ALL_SMPL_FLG','RJCT_ALL_SMPL_FLG','RJCT_ALL_SMPL_FLG','STRING',1,'N','N','N','Y',5,-1,0,0,5,'N','N','N','STRING',1,'Y',0,'Y','Y','Y','NONE',NULL,NULL,NULL,NULL,'N','N',0,NULL,NULL,0);
INSERT INTO SM_FIELD_DEF (TABLE_ID,FIELD_NAME,JP_TITLE,US_TITLE,DB_TYPE,DB_LENGTH,IS_KEY,NOT_BLANK,IS_DUMMY,IS_SEARCH_ITEM,SORT_NO,TREE_LEVEL,SHEET_NO,PAGE_NO,PROPERTY_NO,IS_AUTO,IS_MANDATORY,SYSTEM_READONLY,FIELD_TYPE,FIELD_LENGTH,INPUT_ALPHABET,INPUT_MULTIBYTE,INPUT_NUMERIC,INPUT_SYMBOL,INPUT_UPPERCASE,RETRIEVAL_TABLE,FORMAT,DEFAULT_VALUE,MIN_VALUE,MAX_VALUE,CALENDAR_BUTTON,JUMP_BUTTON,OPEN_BUTTON,REF_TABLE_ID,REF_FIELD_NAME,SPECIAL_BUTTON) VALUES ('TBLID_BRP_INSP_USED','SWP_BC_SMPL_FLG','SWP_BC_SMPL_FLG','SWP_BC_SMPL_FLG','STRING',1,'N','N','N','Y',6,-1,0,0,6,'N','N','N','STRING',1,'Y',0,'Y','Y','Y','NONE',NULL,NULL,NULL,NULL,'N','N',0,NULL,NULL,0);
INSERT INTO SM_FIELD_DEF (TABLE_ID,FIELD_NAME,JP_TITLE,US_TITLE,DB_TYPE,DB_LENGTH,IS_KEY,NOT_BLANK,IS_DUMMY,IS_SEARCH_ITEM,SORT_NO,TREE_LEVEL,SHEET_NO,PAGE_NO,PROPERTY_NO,IS_AUTO,IS_MANDATORY,SYSTEM_READONLY,FIELD_TYPE,FIELD_LENGTH,INPUT_ALPHABET,INPUT_MULTIBYTE,INPUT_NUMERIC,INPUT_SYMBOL,INPUT_UPPERCASE,RETRIEVAL_TABLE,FORMAT,DEFAULT_VALUE,MIN_VALUE,MAX_VALUE,CALENDAR_BUTTON,JUMP_BUTTON,OPEN_BUTTON,REF_TABLE_ID,REF_FIELD_NAME,SPECIAL_BUTTON) VALUES ('TBLID_BRP_INSP_USED','SWP_FC_SMPL_FLG','SWP_FC_SMPL_FLG','SWP_FC_SMPL_FLG','STRING',1,'N','N','N','Y',7,-1,0,0,7,'N','N','N','STRING',1,'Y',0,'Y','Y','Y','NONE',NULL,NULL,NULL,NULL,'N','N',0,NULL,NULL,0);
INSERT INTO SM_FIELD_DEF (TABLE_ID,FIELD_NAME,JP_TITLE,US_TITLE,DB_TYPE,DB_LENGTH,IS_KEY,NOT_BLANK,IS_DUMMY,IS_SEARCH_ITEM,SORT_NO,TREE_LEVEL,SHEET_NO,PAGE_NO,PROPERTY_NO,IS_AUTO,IS_MANDATORY,SYSTEM_READONLY,FIELD_TYPE,FIELD_LENGTH,INPUT_ALPHABET,INPUT_MULTIBYTE,INPUT_NUMERIC,INPUT_SYMBOL,INPUT_UPPERCASE,RETRIEVAL_TABLE,FORMAT,DEFAULT_VALUE,MIN_VALUE,MAX_VALUE,CALENDAR_BUTTON,JUMP_BUTTON,OPEN_BUTTON,REF_TABLE_ID,REF_FIELD_NAME,SPECIAL_BUTTON) VALUES ('TBLID_BRP_INSP_USED','DSP_SMPL_FLG','DSP_SMPL_FLG','DSP_SMPL_FLG','STRING',1,'N','N','N','Y',8,-1,0,0,8,'N','N','N','STRING',1,'Y',0,'Y','Y','Y','NONE',NULL,NULL,NULL,NULL,'N','N',0,NULL,NULL,0);
INSERT INTO SM_FIELD_DEF (TABLE_ID,FIELD_NAME,JP_TITLE,US_TITLE,DB_TYPE,DB_LENGTH,IS_KEY,NOT_BLANK,IS_DUMMY,IS_SEARCH_ITEM,SORT_NO,TREE_LEVEL,SHEET_NO,PAGE_NO,PROPERTY_NO,IS_AUTO,IS_MANDATORY,SYSTEM_READONLY,FIELD_TYPE,FIELD_LENGTH,INPUT_ALPHABET,INPUT_MULTIBYTE,INPUT_NUMERIC,INPUT_SYMBOL,INPUT_UPPERCASE,RETRIEVAL_TABLE,FORMAT,DEFAULT_VALUE,MIN_VALUE,MAX_VALUE,CALENDAR_BUTTON,JUMP_BUTTON,OPEN_BUTTON,REF_TABLE_ID,REF_FIELD_NAME,SPECIAL_BUTTON) VALUES ('TBLID_BRP_INSP_USED','MEP_SMPL_FLG','MEP_SMPL_FLG','MEP_SMPL_FLG','STRING',1,'N','N','N','Y',9,-1,0,0,9,'N','N','N','STRING',1,'Y',0,'Y','Y','Y','NONE',NULL,NULL,NULL,NULL,'N','N',0,NULL,NULL,0);
INSERT INTO SM_FIELD_DEF (TABLE_ID,FIELD_NAME,JP_TITLE,US_TITLE,DB_TYPE,DB_LENGTH,IS_KEY,NOT_BLANK,IS_DUMMY,IS_SEARCH_ITEM,SORT_NO,TREE_LEVEL,SHEET_NO,PAGE_NO,PROPERTY_NO,IS_AUTO,IS_MANDATORY,SYSTEM_READONLY,FIELD_TYPE,FIELD_LENGTH,INPUT_ALPHABET,INPUT_MULTIBYTE,INPUT_NUMERIC,INPUT_SYMBOL,INPUT_UPPERCASE,RETRIEVAL_TABLE,FORMAT,DEFAULT_VALUE,MIN_VALUE,MAX_VALUE,CALENDAR_BUTTON,JUMP_BUTTON,OPEN_BUTTON,REF_TABLE_ID,REF_FIELD_NAME,SPECIAL_BUTTON) VALUES ('TBLID_BRP_INSP_USED','RJCT_DIVERT_SMPL_FLG','RJCT_DIVERT_SMPL_FLG','RJCT_DIVERT_SMPL_FLG','STRING',1,'N','N','N','Y',10,-1,0,0,10,'N','N','N','STRING',1,'Y',0,'Y','Y','Y','NONE',NULL,NULL,NULL,NULL,'N','N',0,NULL,NULL,0);
INSERT INTO SM_CHECK_DEF (TABLE_ID,CHECK_TYPE,CHECK_ORDER,CHECK_KIND,FIELD_NAME,REF_TABLE,REF_FIELD,EXPECT_VALUE,ERR_MSG) VALUES ('TBLID_BRP_INSP_USED','SAVE',1,'NOTNULL','PROD_ID',NULL,NULL,NULL,'PROD_ID required');
INSERT INTO SM_CHECK_DEF (TABLE_ID,CHECK_TYPE,CHECK_ORDER,CHECK_KIND,FIELD_NAME,REF_TABLE,REF_FIELD,EXPECT_VALUE,ERR_MSG) VALUES ('TBLID_BRP_INSP_USED','SAVE',2,'STAT_N',NULL,NULL,NULL,NULL,'Not editable');
INSERT INTO SM_CHECK_DEF (TABLE_ID,CHECK_TYPE,CHECK_ORDER,CHECK_KIND,FIELD_NAME,REF_TABLE,REF_FIELD,EXPECT_VALUE,ERR_MSG) VALUES ('TBLID_BRP_INSP_USED','SAVE',3,'LOCK_FREE',NULL,NULL,NULL,NULL,'Locked');
INSERT INTO SM_CHECK_DEF (TABLE_ID,CHECK_TYPE,CHECK_ORDER,CHECK_KIND,FIELD_NAME,REF_TABLE,REF_FIELD,EXPECT_VALUE,ERR_MSG) VALUES ('TBLID_BRP_INSP_USED','RELEASE',1,'NOTNULL','PROD_ID',NULL,NULL,NULL,'PROD_ID required');
INSERT INTO SM_CHECK_DEF (TABLE_ID,CHECK_TYPE,CHECK_ORDER,CHECK_KIND,FIELD_NAME,REF_TABLE,REF_FIELD,EXPECT_VALUE,ERR_MSG) VALUES ('TBLID_BRP_INSP_USED','RELEASE',2,'STAT_N',NULL,NULL,NULL,NULL,'Not editable');
INSERT INTO SM_CHECK_DEF (TABLE_ID,CHECK_TYPE,CHECK_ORDER,CHECK_KIND,FIELD_NAME,REF_TABLE,REF_FIELD,EXPECT_VALUE,ERR_MSG) VALUES ('TBLID_BRP_INSP_USED','RELEASE',3,'LOCK_FREE',NULL,NULL,NULL,NULL,'Locked');
INSERT INTO SM_CHECK_DEF (TABLE_ID,CHECK_TYPE,CHECK_ORDER,CHECK_KIND,FIELD_NAME,REF_TABLE,REF_FIELD,EXPECT_VALUE,ERR_MSG) VALUES ('TBLID_BRP_INSP_USED','RELEASE',10,'RELEASE_PARAM','PROD_ID','DRP_INSP_USED',NULL,NULL,NULL);
INSERT INTO SM_CHECK_DEF (TABLE_ID,CHECK_TYPE,CHECK_ORDER,CHECK_KIND,FIELD_NAME,REF_TABLE,REF_FIELD,EXPECT_VALUE,ERR_MSG) VALUES ('TBLID_BRP_INSP_USED','DELETE',1,'NOTNULL','PROD_ID',NULL,NULL,NULL,'PROD_ID required');
INSERT INTO SM_CHECK_DEF (TABLE_ID,CHECK_TYPE,CHECK_ORDER,CHECK_KIND,FIELD_NAME,REF_TABLE,REF_FIELD,EXPECT_VALUE,ERR_MSG) VALUES ('TBLID_BRP_INSP_USED','DELETE',2,'STAT_Y',NULL,NULL,NULL,NULL,'Not released');
INSERT INTO SM_CHECK_DEF (TABLE_ID,CHECK_TYPE,CHECK_ORDER,CHECK_KIND,FIELD_NAME,REF_TABLE,REF_FIELD,EXPECT_VALUE,ERR_MSG) VALUES ('TBLID_BRP_INSP_USED','DELETE',3,'LOCK_FREE',NULL,NULL,NULL,NULL,'Locked');
INSERT INTO SM_CHECK_DEF (TABLE_ID,CHECK_TYPE,CHECK_ORDER,CHECK_KIND,FIELD_NAME,REF_TABLE,REF_FIELD,EXPECT_VALUE,ERR_MSG) VALUES ('TBLID_BRP_INSP_USED','EDITCOMP',1,'NOTNULL','PROD_ID',NULL,NULL,NULL,'PROD_ID required');
INSERT INTO SM_CHECK_DEF (TABLE_ID,CHECK_TYPE,CHECK_ORDER,CHECK_KIND,FIELD_NAME,REF_TABLE,REF_FIELD,EXPECT_VALUE,ERR_MSG) VALUES ('TBLID_BRP_INSP_USED','EDITCOMP',2,'STAT_N',NULL,NULL,NULL,NULL,'Not editable');
INSERT INTO SM_CHECK_DEF (TABLE_ID,CHECK_TYPE,CHECK_ORDER,CHECK_KIND,FIELD_NAME,REF_TABLE,REF_FIELD,EXPECT_VALUE,ERR_MSG) VALUES ('TBLID_BRP_INSP_USED','EDITCOMP',3,'LOCK_FREE',NULL,NULL,NULL,NULL,'Locked');
INSERT INTO SM_CHECK_DEF (TABLE_ID,CHECK_TYPE,CHECK_ORDER,CHECK_KIND,FIELD_NAME,REF_TABLE,REF_FIELD,EXPECT_VALUE,ERR_MSG) VALUES ('TBLID_BRP_INSP_USED','EDITCOMP',4,'COMP_N',NULL,NULL,NULL,NULL,'Already complete');

INSERT INTO SM_TABLE_DEF (TABLE_ID,TABLE_NAME,JP_TITLE,US_TITLE,RELEASE_FLAG,DISTRIBUTE_FLAG,PERMISSION_TYPE,SCHEMA_TYPE,HAS_DUMMY,SORT_NO) VALUES ('TBLID_BSTG','BSTG','BSTG','BSTG','Y','N','C','L','N',1020);
INSERT INTO SM_FIELD_DEF (TABLE_ID,FIELD_NAME,JP_TITLE,US_TITLE,DB_TYPE,DB_LENGTH,IS_KEY,NOT_BLANK,IS_DUMMY,IS_SEARCH_ITEM,SORT_NO,TREE_LEVEL,SHEET_NO,PAGE_NO,PROPERTY_NO,IS_AUTO,IS_MANDATORY,SYSTEM_READONLY,FIELD_TYPE,FIELD_LENGTH,INPUT_ALPHABET,INPUT_MULTIBYTE,INPUT_NUMERIC,INPUT_SYMBOL,INPUT_UPPERCASE,RETRIEVAL_TABLE,FORMAT,DEFAULT_VALUE,MIN_VALUE,MAX_VALUE,CALENDAR_BUTTON,JUMP_BUTTON,OPEN_BUTTON,REF_TABLE_ID,REF_FIELD_NAME,SPECIAL_BUTTON) VALUES ('TBLID_BSTG','STG_ID','STG_ID','STG_ID','STRING',12,'Y','Y','N','Y',0,0,0,0,0,'N','N','N','STRING',12,'Y',0,'Y','Y','Y','NONE',NULL,NULL,NULL,NULL,'N','N',0,NULL,NULL,0);
INSERT INTO SM_FIELD_DEF (TABLE_ID,FIELD_NAME,JP_TITLE,US_TITLE,DB_TYPE,DB_LENGTH,IS_KEY,NOT_BLANK,IS_DUMMY,IS_SEARCH_ITEM,SORT_NO,TREE_LEVEL,SHEET_NO,PAGE_NO,PROPERTY_NO,IS_AUTO,IS_MANDATORY,SYSTEM_READONLY,FIELD_TYPE,FIELD_LENGTH,INPUT_ALPHABET,INPUT_MULTIBYTE,INPUT_NUMERIC,INPUT_SYMBOL,INPUT_UPPERCASE,RETRIEVAL_TABLE,FORMAT,DEFAULT_VALUE,MIN_VALUE,MAX_VALUE,CALENDAR_BUTTON,JUMP_BUTTON,OPEN_BUTTON,REF_TABLE_ID,REF_FIELD_NAME,SPECIAL_BUTTON) VALUES ('TBLID_BSTG','STG_NAME','STG_NAME','STG_NAME','STRING',40,'N','Y','N','Y',1,-1,0,0,1,'N','N','N','STRING',40,'Y',0,'Y','Y','Y','NONE',NULL,NULL,NULL,NULL,'N','N',0,NULL,NULL,0);
INSERT INTO SM_FIELD_DEF (TABLE_ID,FIELD_NAME,JP_TITLE,US_TITLE,DB_TYPE,DB_LENGTH,IS_KEY,NOT_BLANK,IS_DUMMY,IS_SEARCH_ITEM,SORT_NO,TREE_LEVEL,SHEET_NO,PAGE_NO,PROPERTY_NO,IS_AUTO,IS_MANDATORY,SYSTEM_READONLY,FIELD_TYPE,FIELD_LENGTH,INPUT_ALPHABET,INPUT_MULTIBYTE,INPUT_NUMERIC,INPUT_SYMBOL,INPUT_UPPERCASE,RETRIEVAL_TABLE,FORMAT,DEFAULT_VALUE,MIN_VALUE,MAX_VALUE,CALENDAR_BUTTON,JUMP_BUTTON,OPEN_BUTTON,REF_TABLE_ID,REF_FIELD_NAME,SPECIAL_BUTTON) VALUES ('TBLID_BSTG','STG_DESC','STG_DESC','STG_DESC','STRING',80,'N','Y','N','Y',2,-1,0,0,2,'N','N','N','STRING',80,'Y',0,'Y','Y','Y','NONE',NULL,NULL,NULL,NULL,'N','N',0,NULL,NULL,0);
INSERT INTO SM_FIELD_DEF (TABLE_ID,FIELD_NAME,JP_TITLE,US_TITLE,DB_TYPE,DB_LENGTH,IS_KEY,NOT_BLANK,IS_DUMMY,IS_SEARCH_ITEM,SORT_NO,TREE_LEVEL,SHEET_NO,PAGE_NO,PROPERTY_NO,IS_AUTO,IS_MANDATORY,SYSTEM_READONLY,FIELD_TYPE,FIELD_LENGTH,INPUT_ALPHABET,INPUT_MULTIBYTE,INPUT_NUMERIC,INPUT_SYMBOL,INPUT_UPPERCASE,RETRIEVAL_TABLE,FORMAT,DEFAULT_VALUE,MIN_VALUE,MAX_VALUE,CALENDAR_BUTTON,JUMP_BUTTON,OPEN_BUTTON,REF_TABLE_ID,REF_FIELD_NAME,SPECIAL_BUTTON) VALUES ('TBLID_BSTG','STG_PROPERTY','STG_PROPERTY','STG_PROPERTY','STRING',10,'N','Y','N','Y',3,-1,0,0,3,'N','N','N','STRING',10,'Y',0,'Y','Y','Y','NONE',NULL,NULL,NULL,NULL,'N','N',0,NULL,NULL,0);
INSERT INTO SM_CHECK_DEF (TABLE_ID,CHECK_TYPE,CHECK_ORDER,CHECK_KIND,FIELD_NAME,REF_TABLE,REF_FIELD,EXPECT_VALUE,ERR_MSG) VALUES ('TBLID_BSTG','SAVE',1,'NOTNULL','STG_ID',NULL,NULL,NULL,'STG_ID required');
INSERT INTO SM_CHECK_DEF (TABLE_ID,CHECK_TYPE,CHECK_ORDER,CHECK_KIND,FIELD_NAME,REF_TABLE,REF_FIELD,EXPECT_VALUE,ERR_MSG) VALUES ('TBLID_BSTG','SAVE',2,'STAT_N',NULL,NULL,NULL,NULL,'Not editable');
INSERT INTO SM_CHECK_DEF (TABLE_ID,CHECK_TYPE,CHECK_ORDER,CHECK_KIND,FIELD_NAME,REF_TABLE,REF_FIELD,EXPECT_VALUE,ERR_MSG) VALUES ('TBLID_BSTG','SAVE',3,'LOCK_FREE',NULL,NULL,NULL,NULL,'Locked');
INSERT INTO SM_CHECK_DEF (TABLE_ID,CHECK_TYPE,CHECK_ORDER,CHECK_KIND,FIELD_NAME,REF_TABLE,REF_FIELD,EXPECT_VALUE,ERR_MSG) VALUES ('TBLID_BSTG','RELEASE',1,'NOTNULL','STG_ID',NULL,NULL,NULL,'STG_ID required');
INSERT INTO SM_CHECK_DEF (TABLE_ID,CHECK_TYPE,CHECK_ORDER,CHECK_KIND,FIELD_NAME,REF_TABLE,REF_FIELD,EXPECT_VALUE,ERR_MSG) VALUES ('TBLID_BSTG','RELEASE',2,'STAT_N',NULL,NULL,NULL,NULL,'Not editable');
INSERT INTO SM_CHECK_DEF (TABLE_ID,CHECK_TYPE,CHECK_ORDER,CHECK_KIND,FIELD_NAME,REF_TABLE,REF_FIELD,EXPECT_VALUE,ERR_MSG) VALUES ('TBLID_BSTG','RELEASE',3,'LOCK_FREE',NULL,NULL,NULL,NULL,'Locked');
INSERT INTO SM_CHECK_DEF (TABLE_ID,CHECK_TYPE,CHECK_ORDER,CHECK_KIND,FIELD_NAME,REF_TABLE,REF_FIELD,EXPECT_VALUE,ERR_MSG) VALUES ('TBLID_BSTG','RELEASE',10,'RELEASE_PARAM','STG_ID','DSTG',NULL,NULL,NULL);
INSERT INTO SM_CHECK_DEF (TABLE_ID,CHECK_TYPE,CHECK_ORDER,CHECK_KIND,FIELD_NAME,REF_TABLE,REF_FIELD,EXPECT_VALUE,ERR_MSG) VALUES ('TBLID_BSTG','DELETE',1,'NOTNULL','STG_ID',NULL,NULL,NULL,'STG_ID required');
INSERT INTO SM_CHECK_DEF (TABLE_ID,CHECK_TYPE,CHECK_ORDER,CHECK_KIND,FIELD_NAME,REF_TABLE,REF_FIELD,EXPECT_VALUE,ERR_MSG) VALUES ('TBLID_BSTG','DELETE',2,'STAT_Y',NULL,NULL,NULL,NULL,'Not released');
INSERT INTO SM_CHECK_DEF (TABLE_ID,CHECK_TYPE,CHECK_ORDER,CHECK_KIND,FIELD_NAME,REF_TABLE,REF_FIELD,EXPECT_VALUE,ERR_MSG) VALUES ('TBLID_BSTG','DELETE',3,'LOCK_FREE',NULL,NULL,NULL,NULL,'Locked');
INSERT INTO SM_CHECK_DEF (TABLE_ID,CHECK_TYPE,CHECK_ORDER,CHECK_KIND,FIELD_NAME,REF_TABLE,REF_FIELD,EXPECT_VALUE,ERR_MSG) VALUES ('TBLID_BSTG','EDITCOMP',1,'NOTNULL','STG_ID',NULL,NULL,NULL,'STG_ID required');
INSERT INTO SM_CHECK_DEF (TABLE_ID,CHECK_TYPE,CHECK_ORDER,CHECK_KIND,FIELD_NAME,REF_TABLE,REF_FIELD,EXPECT_VALUE,ERR_MSG) VALUES ('TBLID_BSTG','EDITCOMP',2,'STAT_N',NULL,NULL,NULL,NULL,'Not editable');
INSERT INTO SM_CHECK_DEF (TABLE_ID,CHECK_TYPE,CHECK_ORDER,CHECK_KIND,FIELD_NAME,REF_TABLE,REF_FIELD,EXPECT_VALUE,ERR_MSG) VALUES ('TBLID_BSTG','EDITCOMP',3,'LOCK_FREE',NULL,NULL,NULL,NULL,'Locked');
INSERT INTO SM_CHECK_DEF (TABLE_ID,CHECK_TYPE,CHECK_ORDER,CHECK_KIND,FIELD_NAME,REF_TABLE,REF_FIELD,EXPECT_VALUE,ERR_MSG) VALUES ('TBLID_BSTG','EDITCOMP',4,'COMP_N',NULL,NULL,NULL,NULL,'Already complete');

INSERT INTO SM_TABLE_DEF (TABLE_ID,TABLE_NAME,JP_TITLE,US_TITLE,RELEASE_FLAG,DISTRIBUTE_FLAG,PERMISSION_TYPE,SCHEMA_TYPE,HAS_DUMMY,SORT_NO) VALUES ('TBLID_BSTGG','BSTGG','BSTGG','BSTGG','Y','N','C','L','N',1030);
INSERT INTO SM_FIELD_DEF (TABLE_ID,FIELD_NAME,JP_TITLE,US_TITLE,DB_TYPE,DB_LENGTH,IS_KEY,NOT_BLANK,IS_DUMMY,IS_SEARCH_ITEM,SORT_NO,TREE_LEVEL,SHEET_NO,PAGE_NO,PROPERTY_NO,IS_AUTO,IS_MANDATORY,SYSTEM_READONLY,FIELD_TYPE,FIELD_LENGTH,INPUT_ALPHABET,INPUT_MULTIBYTE,INPUT_NUMERIC,INPUT_SYMBOL,INPUT_UPPERCASE,RETRIEVAL_TABLE,FORMAT,DEFAULT_VALUE,MIN_VALUE,MAX_VALUE,CALENDAR_BUTTON,JUMP_BUTTON,OPEN_BUTTON,REF_TABLE_ID,REF_FIELD_NAME,SPECIAL_BUTTON) VALUES ('TBLID_BSTGG','STGG_ID','STGG_ID','STGG_ID','STRING',12,'Y','Y','N','Y',0,0,0,0,0,'N','N','N','STRING',12,'Y',0,'Y','Y','Y','NONE',NULL,NULL,NULL,NULL,'N','N',0,NULL,NULL,0);
INSERT INTO SM_FIELD_DEF (TABLE_ID,FIELD_NAME,JP_TITLE,US_TITLE,DB_TYPE,DB_LENGTH,IS_KEY,NOT_BLANK,IS_DUMMY,IS_SEARCH_ITEM,SORT_NO,TREE_LEVEL,SHEET_NO,PAGE_NO,PROPERTY_NO,IS_AUTO,IS_MANDATORY,SYSTEM_READONLY,FIELD_TYPE,FIELD_LENGTH,INPUT_ALPHABET,INPUT_MULTIBYTE,INPUT_NUMERIC,INPUT_SYMBOL,INPUT_UPPERCASE,RETRIEVAL_TABLE,FORMAT,DEFAULT_VALUE,MIN_VALUE,MAX_VALUE,CALENDAR_BUTTON,JUMP_BUTTON,OPEN_BUTTON,REF_TABLE_ID,REF_FIELD_NAME,SPECIAL_BUTTON) VALUES ('TBLID_BSTGG','STGG_NAME','STGG_NAME','STGG_NAME','STRING',40,'N','Y','N','Y',1,-1,0,0,1,'N','N','N','STRING',40,'Y',0,'Y','Y','Y','NONE',NULL,NULL,NULL,NULL,'N','N',0,NULL,NULL,0);
INSERT INTO SM_FIELD_DEF (TABLE_ID,FIELD_NAME,JP_TITLE,US_TITLE,DB_TYPE,DB_LENGTH,IS_KEY,NOT_BLANK,IS_DUMMY,IS_SEARCH_ITEM,SORT_NO,TREE_LEVEL,SHEET_NO,PAGE_NO,PROPERTY_NO,IS_AUTO,IS_MANDATORY,SYSTEM_READONLY,FIELD_TYPE,FIELD_LENGTH,INPUT_ALPHABET,INPUT_MULTIBYTE,INPUT_NUMERIC,INPUT_SYMBOL,INPUT_UPPERCASE,RETRIEVAL_TABLE,FORMAT,DEFAULT_VALUE,MIN_VALUE,MAX_VALUE,CALENDAR_BUTTON,JUMP_BUTTON,OPEN_BUTTON,REF_TABLE_ID,REF_FIELD_NAME,SPECIAL_BUTTON) VALUES ('TBLID_BSTGG','STGG_DESC','STGG_DESC','STGG_DESC','STRING',80,'N','Y','N','Y',2,-1,0,0,2,'N','N','N','STRING',80,'Y',0,'Y','Y','Y','NONE',NULL,NULL,NULL,NULL,'N','N',0,NULL,NULL,0);
INSERT INTO SM_FIELD_DEF (TABLE_ID,FIELD_NAME,JP_TITLE,US_TITLE,DB_TYPE,DB_LENGTH,IS_KEY,NOT_BLANK,IS_DUMMY,IS_SEARCH_ITEM,SORT_NO,TREE_LEVEL,SHEET_NO,PAGE_NO,PROPERTY_NO,IS_AUTO,IS_MANDATORY,SYSTEM_READONLY,FIELD_TYPE,FIELD_LENGTH,INPUT_ALPHABET,INPUT_MULTIBYTE,INPUT_NUMERIC,INPUT_SYMBOL,INPUT_UPPERCASE,RETRIEVAL_TABLE,FORMAT,DEFAULT_VALUE,MIN_VALUE,MAX_VALUE,CALENDAR_BUTTON,JUMP_BUTTON,OPEN_BUTTON,REF_TABLE_ID,REF_FIELD_NAME,SPECIAL_BUTTON) VALUES ('TBLID_BSTGG','STGG_CAT','STGG_CAT','STGG_CAT','STRING',10,'N','Y','N','Y',3,-1,0,0,3,'N','N','N','STRING',10,'Y',0,'Y','Y','Y','NONE',NULL,NULL,NULL,NULL,'N','N',0,NULL,NULL,0);
INSERT INTO SM_FIELD_DEF (TABLE_ID,FIELD_NAME,JP_TITLE,US_TITLE,DB_TYPE,DB_LENGTH,IS_KEY,NOT_BLANK,IS_DUMMY,IS_SEARCH_ITEM,SORT_NO,TREE_LEVEL,SHEET_NO,PAGE_NO,PROPERTY_NO,IS_AUTO,IS_MANDATORY,SYSTEM_READONLY,FIELD_TYPE,FIELD_LENGTH,INPUT_ALPHABET,INPUT_MULTIBYTE,INPUT_NUMERIC,INPUT_SYMBOL,INPUT_UPPERCASE,RETRIEVAL_TABLE,FORMAT,DEFAULT_VALUE,MIN_VALUE,MAX_VALUE,CALENDAR_BUTTON,JUMP_BUTTON,OPEN_BUTTON,REF_TABLE_ID,REF_FIELD_NAME,SPECIAL_BUTTON) VALUES ('TBLID_BSTGG','STGG_INCAT_SEQ_NO','STGG_INCAT_SEQ_NO','STGG_INCAT_SEQ_NO','NUMBER',0,'N','Y','N','Y',4,-1,0,0,4,'N','N','N','STRING',0,'Y',0,'Y','Y','Y','NONE',NULL,NULL,NULL,NULL,'N','N',0,NULL,NULL,0);
INSERT INTO SM_CHECK_DEF (TABLE_ID,CHECK_TYPE,CHECK_ORDER,CHECK_KIND,FIELD_NAME,REF_TABLE,REF_FIELD,EXPECT_VALUE,ERR_MSG) VALUES ('TBLID_BSTGG','SAVE',1,'NOTNULL','STGG_ID',NULL,NULL,NULL,'STGG_ID required');
INSERT INTO SM_CHECK_DEF (TABLE_ID,CHECK_TYPE,CHECK_ORDER,CHECK_KIND,FIELD_NAME,REF_TABLE,REF_FIELD,EXPECT_VALUE,ERR_MSG) VALUES ('TBLID_BSTGG','SAVE',2,'STAT_N',NULL,NULL,NULL,NULL,'Not editable');
INSERT INTO SM_CHECK_DEF (TABLE_ID,CHECK_TYPE,CHECK_ORDER,CHECK_KIND,FIELD_NAME,REF_TABLE,REF_FIELD,EXPECT_VALUE,ERR_MSG) VALUES ('TBLID_BSTGG','SAVE',3,'LOCK_FREE',NULL,NULL,NULL,NULL,'Locked');
INSERT INTO SM_CHECK_DEF (TABLE_ID,CHECK_TYPE,CHECK_ORDER,CHECK_KIND,FIELD_NAME,REF_TABLE,REF_FIELD,EXPECT_VALUE,ERR_MSG) VALUES ('TBLID_BSTGG','RELEASE',1,'NOTNULL','STGG_ID',NULL,NULL,NULL,'STGG_ID required');
INSERT INTO SM_CHECK_DEF (TABLE_ID,CHECK_TYPE,CHECK_ORDER,CHECK_KIND,FIELD_NAME,REF_TABLE,REF_FIELD,EXPECT_VALUE,ERR_MSG) VALUES ('TBLID_BSTGG','RELEASE',2,'STAT_N',NULL,NULL,NULL,NULL,'Not editable');
INSERT INTO SM_CHECK_DEF (TABLE_ID,CHECK_TYPE,CHECK_ORDER,CHECK_KIND,FIELD_NAME,REF_TABLE,REF_FIELD,EXPECT_VALUE,ERR_MSG) VALUES ('TBLID_BSTGG','RELEASE',3,'LOCK_FREE',NULL,NULL,NULL,NULL,'Locked');
INSERT INTO SM_CHECK_DEF (TABLE_ID,CHECK_TYPE,CHECK_ORDER,CHECK_KIND,FIELD_NAME,REF_TABLE,REF_FIELD,EXPECT_VALUE,ERR_MSG) VALUES ('TBLID_BSTGG','RELEASE',10,'RELEASE_PARAM','STGG_ID','DSTGG',NULL,NULL,NULL);
INSERT INTO SM_CHECK_DEF (TABLE_ID,CHECK_TYPE,CHECK_ORDER,CHECK_KIND,FIELD_NAME,REF_TABLE,REF_FIELD,EXPECT_VALUE,ERR_MSG) VALUES ('TBLID_BSTGG','DELETE',1,'NOTNULL','STGG_ID',NULL,NULL,NULL,'STGG_ID required');
INSERT INTO SM_CHECK_DEF (TABLE_ID,CHECK_TYPE,CHECK_ORDER,CHECK_KIND,FIELD_NAME,REF_TABLE,REF_FIELD,EXPECT_VALUE,ERR_MSG) VALUES ('TBLID_BSTGG','DELETE',2,'STAT_Y',NULL,NULL,NULL,NULL,'Not released');
INSERT INTO SM_CHECK_DEF (TABLE_ID,CHECK_TYPE,CHECK_ORDER,CHECK_KIND,FIELD_NAME,REF_TABLE,REF_FIELD,EXPECT_VALUE,ERR_MSG) VALUES ('TBLID_BSTGG','DELETE',3,'LOCK_FREE',NULL,NULL,NULL,NULL,'Locked');
INSERT INTO SM_CHECK_DEF (TABLE_ID,CHECK_TYPE,CHECK_ORDER,CHECK_KIND,FIELD_NAME,REF_TABLE,REF_FIELD,EXPECT_VALUE,ERR_MSG) VALUES ('TBLID_BSTGG','EDITCOMP',1,'NOTNULL','STGG_ID',NULL,NULL,NULL,'STGG_ID required');
INSERT INTO SM_CHECK_DEF (TABLE_ID,CHECK_TYPE,CHECK_ORDER,CHECK_KIND,FIELD_NAME,REF_TABLE,REF_FIELD,EXPECT_VALUE,ERR_MSG) VALUES ('TBLID_BSTGG','EDITCOMP',2,'STAT_N',NULL,NULL,NULL,NULL,'Not editable');
INSERT INTO SM_CHECK_DEF (TABLE_ID,CHECK_TYPE,CHECK_ORDER,CHECK_KIND,FIELD_NAME,REF_TABLE,REF_FIELD,EXPECT_VALUE,ERR_MSG) VALUES ('TBLID_BSTGG','EDITCOMP',3,'LOCK_FREE',NULL,NULL,NULL,NULL,'Locked');
INSERT INTO SM_CHECK_DEF (TABLE_ID,CHECK_TYPE,CHECK_ORDER,CHECK_KIND,FIELD_NAME,REF_TABLE,REF_FIELD,EXPECT_VALUE,ERR_MSG) VALUES ('TBLID_BSTGG','EDITCOMP',4,'COMP_N',NULL,NULL,NULL,NULL,'Already complete');

INSERT INTO SM_TABLE_DEF (TABLE_ID,TABLE_NAME,JP_TITLE,US_TITLE,RELEASE_FLAG,DISTRIBUTE_FLAG,PERMISSION_TYPE,SCHEMA_TYPE,HAS_DUMMY,SORT_NO) VALUES ('TBLID_BSTGG_STG','BSTGG_STG','BSTGG_STG','BSTGG_STG','Y','N','C','L','N',1040);
INSERT INTO SM_FIELD_DEF (TABLE_ID,FIELD_NAME,JP_TITLE,US_TITLE,DB_TYPE,DB_LENGTH,IS_KEY,NOT_BLANK,IS_DUMMY,IS_SEARCH_ITEM,SORT_NO,TREE_LEVEL,SHEET_NO,PAGE_NO,PROPERTY_NO,IS_AUTO,IS_MANDATORY,SYSTEM_READONLY,FIELD_TYPE,FIELD_LENGTH,INPUT_ALPHABET,INPUT_MULTIBYTE,INPUT_NUMERIC,INPUT_SYMBOL,INPUT_UPPERCASE,RETRIEVAL_TABLE,FORMAT,DEFAULT_VALUE,MIN_VALUE,MAX_VALUE,CALENDAR_BUTTON,JUMP_BUTTON,OPEN_BUTTON,REF_TABLE_ID,REF_FIELD_NAME,SPECIAL_BUTTON) VALUES ('TBLID_BSTGG_STG','STGG_ID','STGG_ID','STGG_ID','STRING',12,'Y','Y','N','Y',0,0,0,0,0,'N','N','N','STRING',12,'Y',0,'Y','Y','Y','NONE',NULL,NULL,NULL,NULL,'N','N',0,NULL,NULL,0);
INSERT INTO SM_FIELD_DEF (TABLE_ID,FIELD_NAME,JP_TITLE,US_TITLE,DB_TYPE,DB_LENGTH,IS_KEY,NOT_BLANK,IS_DUMMY,IS_SEARCH_ITEM,SORT_NO,TREE_LEVEL,SHEET_NO,PAGE_NO,PROPERTY_NO,IS_AUTO,IS_MANDATORY,SYSTEM_READONLY,FIELD_TYPE,FIELD_LENGTH,INPUT_ALPHABET,INPUT_MULTIBYTE,INPUT_NUMERIC,INPUT_SYMBOL,INPUT_UPPERCASE,RETRIEVAL_TABLE,FORMAT,DEFAULT_VALUE,MIN_VALUE,MAX_VALUE,CALENDAR_BUTTON,JUMP_BUTTON,OPEN_BUTTON,REF_TABLE_ID,REF_FIELD_NAME,SPECIAL_BUTTON) VALUES ('TBLID_BSTGG_STG','STG_ID','STG_ID','STG_ID','STRING',12,'N','Y','N','Y',1,-1,0,0,1,'N','N','N','STRING',12,'Y',0,'Y','Y','Y','NONE',NULL,NULL,NULL,NULL,'N','N',0,NULL,NULL,0);
INSERT INTO SM_FIELD_DEF (TABLE_ID,FIELD_NAME,JP_TITLE,US_TITLE,DB_TYPE,DB_LENGTH,IS_KEY,NOT_BLANK,IS_DUMMY,IS_SEARCH_ITEM,SORT_NO,TREE_LEVEL,SHEET_NO,PAGE_NO,PROPERTY_NO,IS_AUTO,IS_MANDATORY,SYSTEM_READONLY,FIELD_TYPE,FIELD_LENGTH,INPUT_ALPHABET,INPUT_MULTIBYTE,INPUT_NUMERIC,INPUT_SYMBOL,INPUT_UPPERCASE,RETRIEVAL_TABLE,FORMAT,DEFAULT_VALUE,MIN_VALUE,MAX_VALUE,CALENDAR_BUTTON,JUMP_BUTTON,OPEN_BUTTON,REF_TABLE_ID,REF_FIELD_NAME,SPECIAL_BUTTON) VALUES ('TBLID_BSTGG_STG','ITEM_SEQ_NO','ITEM_SEQ_NO','ITEM_SEQ_NO','NUMBER',0,'N','Y','N','Y',2,-1,0,0,2,'N','N','N','STRING',0,'Y',0,'Y','Y','Y','NONE',NULL,NULL,NULL,NULL,'N','N',0,NULL,NULL,0);
INSERT INTO SM_CHECK_DEF (TABLE_ID,CHECK_TYPE,CHECK_ORDER,CHECK_KIND,FIELD_NAME,REF_TABLE,REF_FIELD,EXPECT_VALUE,ERR_MSG) VALUES ('TBLID_BSTGG_STG','SAVE',1,'NOTNULL','STGG_ID',NULL,NULL,NULL,'STGG_ID required');
INSERT INTO SM_CHECK_DEF (TABLE_ID,CHECK_TYPE,CHECK_ORDER,CHECK_KIND,FIELD_NAME,REF_TABLE,REF_FIELD,EXPECT_VALUE,ERR_MSG) VALUES ('TBLID_BSTGG_STG','SAVE',2,'STAT_N',NULL,NULL,NULL,NULL,'Not editable');
INSERT INTO SM_CHECK_DEF (TABLE_ID,CHECK_TYPE,CHECK_ORDER,CHECK_KIND,FIELD_NAME,REF_TABLE,REF_FIELD,EXPECT_VALUE,ERR_MSG) VALUES ('TBLID_BSTGG_STG','SAVE',3,'LOCK_FREE',NULL,NULL,NULL,NULL,'Locked');
INSERT INTO SM_CHECK_DEF (TABLE_ID,CHECK_TYPE,CHECK_ORDER,CHECK_KIND,FIELD_NAME,REF_TABLE,REF_FIELD,EXPECT_VALUE,ERR_MSG) VALUES ('TBLID_BSTGG_STG','RELEASE',1,'NOTNULL','STGG_ID',NULL,NULL,NULL,'STGG_ID required');
INSERT INTO SM_CHECK_DEF (TABLE_ID,CHECK_TYPE,CHECK_ORDER,CHECK_KIND,FIELD_NAME,REF_TABLE,REF_FIELD,EXPECT_VALUE,ERR_MSG) VALUES ('TBLID_BSTGG_STG','RELEASE',2,'STAT_N',NULL,NULL,NULL,NULL,'Not editable');
INSERT INTO SM_CHECK_DEF (TABLE_ID,CHECK_TYPE,CHECK_ORDER,CHECK_KIND,FIELD_NAME,REF_TABLE,REF_FIELD,EXPECT_VALUE,ERR_MSG) VALUES ('TBLID_BSTGG_STG','RELEASE',3,'LOCK_FREE',NULL,NULL,NULL,NULL,'Locked');
INSERT INTO SM_CHECK_DEF (TABLE_ID,CHECK_TYPE,CHECK_ORDER,CHECK_KIND,FIELD_NAME,REF_TABLE,REF_FIELD,EXPECT_VALUE,ERR_MSG) VALUES ('TBLID_BSTGG_STG','RELEASE',10,'RELEASE_PARAM','STGG_ID','DSTGG_STG',NULL,NULL,NULL);
INSERT INTO SM_CHECK_DEF (TABLE_ID,CHECK_TYPE,CHECK_ORDER,CHECK_KIND,FIELD_NAME,REF_TABLE,REF_FIELD,EXPECT_VALUE,ERR_MSG) VALUES ('TBLID_BSTGG_STG','DELETE',1,'NOTNULL','STGG_ID',NULL,NULL,NULL,'STGG_ID required');
INSERT INTO SM_CHECK_DEF (TABLE_ID,CHECK_TYPE,CHECK_ORDER,CHECK_KIND,FIELD_NAME,REF_TABLE,REF_FIELD,EXPECT_VALUE,ERR_MSG) VALUES ('TBLID_BSTGG_STG','DELETE',2,'STAT_Y',NULL,NULL,NULL,NULL,'Not released');
INSERT INTO SM_CHECK_DEF (TABLE_ID,CHECK_TYPE,CHECK_ORDER,CHECK_KIND,FIELD_NAME,REF_TABLE,REF_FIELD,EXPECT_VALUE,ERR_MSG) VALUES ('TBLID_BSTGG_STG','DELETE',3,'LOCK_FREE',NULL,NULL,NULL,NULL,'Locked');
INSERT INTO SM_CHECK_DEF (TABLE_ID,CHECK_TYPE,CHECK_ORDER,CHECK_KIND,FIELD_NAME,REF_TABLE,REF_FIELD,EXPECT_VALUE,ERR_MSG) VALUES ('TBLID_BSTGG_STG','EDITCOMP',1,'NOTNULL','STGG_ID',NULL,NULL,NULL,'STGG_ID required');
INSERT INTO SM_CHECK_DEF (TABLE_ID,CHECK_TYPE,CHECK_ORDER,CHECK_KIND,FIELD_NAME,REF_TABLE,REF_FIELD,EXPECT_VALUE,ERR_MSG) VALUES ('TBLID_BSTGG_STG','EDITCOMP',2,'STAT_N',NULL,NULL,NULL,NULL,'Not editable');
INSERT INTO SM_CHECK_DEF (TABLE_ID,CHECK_TYPE,CHECK_ORDER,CHECK_KIND,FIELD_NAME,REF_TABLE,REF_FIELD,EXPECT_VALUE,ERR_MSG) VALUES ('TBLID_BSTGG_STG','EDITCOMP',3,'LOCK_FREE',NULL,NULL,NULL,NULL,'Locked');
INSERT INTO SM_CHECK_DEF (TABLE_ID,CHECK_TYPE,CHECK_ORDER,CHECK_KIND,FIELD_NAME,REF_TABLE,REF_FIELD,EXPECT_VALUE,ERR_MSG) VALUES ('TBLID_BSTGG_STG','EDITCOMP',4,'COMP_N',NULL,NULL,NULL,NULL,'Already complete');

INSERT INTO SM_TABLE_DEF (TABLE_ID,TABLE_NAME,JP_TITLE,US_TITLE,RELEASE_FLAG,DISTRIBUTE_FLAG,PERMISSION_TYPE,SCHEMA_TYPE,HAS_DUMMY,SORT_NO) VALUES ('TBLID_BSTK','BSTK','BSTK','BSTK','Y','N','C','L','N',1050);
INSERT INTO SM_FIELD_DEF (TABLE_ID,FIELD_NAME,JP_TITLE,US_TITLE,DB_TYPE,DB_LENGTH,IS_KEY,NOT_BLANK,IS_DUMMY,IS_SEARCH_ITEM,SORT_NO,TREE_LEVEL,SHEET_NO,PAGE_NO,PROPERTY_NO,IS_AUTO,IS_MANDATORY,SYSTEM_READONLY,FIELD_TYPE,FIELD_LENGTH,INPUT_ALPHABET,INPUT_MULTIBYTE,INPUT_NUMERIC,INPUT_SYMBOL,INPUT_UPPERCASE,RETRIEVAL_TABLE,FORMAT,DEFAULT_VALUE,MIN_VALUE,MAX_VALUE,CALENDAR_BUTTON,JUMP_BUTTON,OPEN_BUTTON,REF_TABLE_ID,REF_FIELD_NAME,SPECIAL_BUTTON) VALUES ('TBLID_BSTK','STK_ID','STK_ID','STK_ID','STRING',10,'Y','Y','N','Y',0,0,0,0,0,'N','N','N','STRING',10,'Y',0,'Y','Y','Y','NONE',NULL,NULL,NULL,NULL,'N','N',0,NULL,NULL,0);
INSERT INTO SM_FIELD_DEF (TABLE_ID,FIELD_NAME,JP_TITLE,US_TITLE,DB_TYPE,DB_LENGTH,IS_KEY,NOT_BLANK,IS_DUMMY,IS_SEARCH_ITEM,SORT_NO,TREE_LEVEL,SHEET_NO,PAGE_NO,PROPERTY_NO,IS_AUTO,IS_MANDATORY,SYSTEM_READONLY,FIELD_TYPE,FIELD_LENGTH,INPUT_ALPHABET,INPUT_MULTIBYTE,INPUT_NUMERIC,INPUT_SYMBOL,INPUT_UPPERCASE,RETRIEVAL_TABLE,FORMAT,DEFAULT_VALUE,MIN_VALUE,MAX_VALUE,CALENDAR_BUTTON,JUMP_BUTTON,OPEN_BUTTON,REF_TABLE_ID,REF_FIELD_NAME,SPECIAL_BUTTON) VALUES ('TBLID_BSTK','STK_NAME','STK_NAME','STK_NAME','STRING',40,'N','Y','N','Y',1,-1,0,0,1,'N','N','N','STRING',40,'Y',0,'Y','Y','Y','NONE',NULL,NULL,NULL,NULL,'N','N',0,NULL,NULL,0);
INSERT INTO SM_FIELD_DEF (TABLE_ID,FIELD_NAME,JP_TITLE,US_TITLE,DB_TYPE,DB_LENGTH,IS_KEY,NOT_BLANK,IS_DUMMY,IS_SEARCH_ITEM,SORT_NO,TREE_LEVEL,SHEET_NO,PAGE_NO,PROPERTY_NO,IS_AUTO,IS_MANDATORY,SYSTEM_READONLY,FIELD_TYPE,FIELD_LENGTH,INPUT_ALPHABET,INPUT_MULTIBYTE,INPUT_NUMERIC,INPUT_SYMBOL,INPUT_UPPERCASE,RETRIEVAL_TABLE,FORMAT,DEFAULT_VALUE,MIN_VALUE,MAX_VALUE,CALENDAR_BUTTON,JUMP_BUTTON,OPEN_BUTTON,REF_TABLE_ID,REF_FIELD_NAME,SPECIAL_BUTTON) VALUES ('TBLID_BSTK','STK_DESC','STK_DESC','STK_DESC','STRING',80,'N','Y','N','Y',2,-1,0,0,2,'N','N','N','STRING',80,'Y',0,'Y','Y','Y','NONE',NULL,NULL,NULL,NULL,'N','N',0,NULL,NULL,0);
INSERT INTO SM_FIELD_DEF (TABLE_ID,FIELD_NAME,JP_TITLE,US_TITLE,DB_TYPE,DB_LENGTH,IS_KEY,NOT_BLANK,IS_DUMMY,IS_SEARCH_ITEM,SORT_NO,TREE_LEVEL,SHEET_NO,PAGE_NO,PROPERTY_NO,IS_AUTO,IS_MANDATORY,SYSTEM_READONLY,FIELD_TYPE,FIELD_LENGTH,INPUT_ALPHABET,INPUT_MULTIBYTE,INPUT_NUMERIC,INPUT_SYMBOL,INPUT_UPPERCASE,RETRIEVAL_TABLE,FORMAT,DEFAULT_VALUE,MIN_VALUE,MAX_VALUE,CALENDAR_BUTTON,JUMP_BUTTON,OPEN_BUTTON,REF_TABLE_ID,REF_FIELD_NAME,SPECIAL_BUTTON) VALUES ('TBLID_BSTK','CAR_TYPE','CAR_TYPE','CAR_TYPE','STRING',2,'N','Y','N','Y',3,-1,0,0,3,'N','N','N','STRING',2,'Y',0,'Y','Y','Y','NONE',NULL,NULL,NULL,NULL,'N','N',0,NULL,NULL,0);
INSERT INTO SM_FIELD_DEF (TABLE_ID,FIELD_NAME,JP_TITLE,US_TITLE,DB_TYPE,DB_LENGTH,IS_KEY,NOT_BLANK,IS_DUMMY,IS_SEARCH_ITEM,SORT_NO,TREE_LEVEL,SHEET_NO,PAGE_NO,PROPERTY_NO,IS_AUTO,IS_MANDATORY,SYSTEM_READONLY,FIELD_TYPE,FIELD_LENGTH,INPUT_ALPHABET,INPUT_MULTIBYTE,INPUT_NUMERIC,INPUT_SYMBOL,INPUT_UPPERCASE,RETRIEVAL_TABLE,FORMAT,DEFAULT_VALUE,MIN_VALUE,MAX_VALUE,CALENDAR_BUTTON,JUMP_BUTTON,OPEN_BUTTON,REF_TABLE_ID,REF_FIELD_NAME,SPECIAL_BUTTON) VALUES ('TBLID_BSTK','TOTAL_CELL_CNT','TOTAL_CELL_CNT','TOTAL_CELL_CNT','NUMBER',0,'N','Y','N','Y',4,-1,0,0,4,'N','N','N','STRING',0,'Y',0,'Y','Y','Y','NONE',NULL,NULL,NULL,NULL,'N','N',0,NULL,NULL,0);
INSERT INTO SM_FIELD_DEF (TABLE_ID,FIELD_NAME,JP_TITLE,US_TITLE,DB_TYPE,DB_LENGTH,IS_KEY,NOT_BLANK,IS_DUMMY,IS_SEARCH_ITEM,SORT_NO,TREE_LEVEL,SHEET_NO,PAGE_NO,PROPERTY_NO,IS_AUTO,IS_MANDATORY,SYSTEM_READONLY,FIELD_TYPE,FIELD_LENGTH,INPUT_ALPHABET,INPUT_MULTIBYTE,INPUT_NUMERIC,INPUT_SYMBOL,INPUT_UPPERCASE,RETRIEVAL_TABLE,FORMAT,DEFAULT_VALUE,MIN_VALUE,MAX_VALUE,CALENDAR_BUTTON,JUMP_BUTTON,OPEN_BUTTON,REF_TABLE_ID,REF_FIELD_NAME,SPECIAL_BUTTON) VALUES ('TBLID_BSTK','CAPA_LIMIT','CAPA_LIMIT','CAPA_LIMIT','NUMBER',0,'N','Y','N','Y',5,-1,0,0,5,'N','N','N','STRING',0,'Y',0,'Y','Y','Y','NONE',NULL,NULL,NULL,NULL,'N','N',0,NULL,NULL,0);
INSERT INTO SM_FIELD_DEF (TABLE_ID,FIELD_NAME,JP_TITLE,US_TITLE,DB_TYPE,DB_LENGTH,IS_KEY,NOT_BLANK,IS_DUMMY,IS_SEARCH_ITEM,SORT_NO,TREE_LEVEL,SHEET_NO,PAGE_NO,PROPERTY_NO,IS_AUTO,IS_MANDATORY,SYSTEM_READONLY,FIELD_TYPE,FIELD_LENGTH,INPUT_ALPHABET,INPUT_MULTIBYTE,INPUT_NUMERIC,INPUT_SYMBOL,INPUT_UPPERCASE,RETRIEVAL_TABLE,FORMAT,DEFAULT_VALUE,MIN_VALUE,MAX_VALUE,CALENDAR_BUTTON,JUMP_BUTTON,OPEN_BUTTON,REF_TABLE_ID,REF_FIELD_NAME,SPECIAL_BUTTON) VALUES ('TBLID_BSTK','MCS_RESRC_NAME','MCS_RESRC_NAME','MCS_RESRC_NAME','STRING',40,'N','Y','N','Y',6,-1,0,0,6,'N','N','N','STRING',40,'Y',0,'Y','Y','Y','NONE',NULL,NULL,NULL,NULL,'N','N',0,NULL,NULL,0);
INSERT INTO SM_FIELD_DEF (TABLE_ID,FIELD_NAME,JP_TITLE,US_TITLE,DB_TYPE,DB_LENGTH,IS_KEY,NOT_BLANK,IS_DUMMY,IS_SEARCH_ITEM,SORT_NO,TREE_LEVEL,SHEET_NO,PAGE_NO,PROPERTY_NO,IS_AUTO,IS_MANDATORY,SYSTEM_READONLY,FIELD_TYPE,FIELD_LENGTH,INPUT_ALPHABET,INPUT_MULTIBYTE,INPUT_NUMERIC,INPUT_SYMBOL,INPUT_UPPERCASE,RETRIEVAL_TABLE,FORMAT,DEFAULT_VALUE,MIN_VALUE,MAX_VALUE,CALENDAR_BUTTON,JUMP_BUTTON,OPEN_BUTTON,REF_TABLE_ID,REF_FIELD_NAME,SPECIAL_BUTTON) VALUES ('TBLID_BSTK','FAB_ID','FAB_ID','FAB_ID','STRING',10,'N','Y','N','Y',7,-1,0,0,7,'N','N','N','STRING',10,'Y',0,'Y','Y','Y','NONE',NULL,NULL,NULL,NULL,'N','N',0,NULL,NULL,0);
INSERT INTO SM_FIELD_DEF (TABLE_ID,FIELD_NAME,JP_TITLE,US_TITLE,DB_TYPE,DB_LENGTH,IS_KEY,NOT_BLANK,IS_DUMMY,IS_SEARCH_ITEM,SORT_NO,TREE_LEVEL,SHEET_NO,PAGE_NO,PROPERTY_NO,IS_AUTO,IS_MANDATORY,SYSTEM_READONLY,FIELD_TYPE,FIELD_LENGTH,INPUT_ALPHABET,INPUT_MULTIBYTE,INPUT_NUMERIC,INPUT_SYMBOL,INPUT_UPPERCASE,RETRIEVAL_TABLE,FORMAT,DEFAULT_VALUE,MIN_VALUE,MAX_VALUE,CALENDAR_BUTTON,JUMP_BUTTON,OPEN_BUTTON,REF_TABLE_ID,REF_FIELD_NAME,SPECIAL_BUTTON) VALUES ('TBLID_BSTK','EMPTY_CAR_MIN_STOCNT','EMPTY_CAR_MIN_STOCNT','EMPTY_CAR_MIN_STOCNT','NUMBER',0,'N','Y','N','Y',8,-1,0,0,8,'N','N','N','STRING',0,'Y',0,'Y','Y','Y','NONE',NULL,NULL,NULL,NULL,'N','N',0,NULL,NULL,0);
INSERT INTO SM_FIELD_DEF (TABLE_ID,FIELD_NAME,JP_TITLE,US_TITLE,DB_TYPE,DB_LENGTH,IS_KEY,NOT_BLANK,IS_DUMMY,IS_SEARCH_ITEM,SORT_NO,TREE_LEVEL,SHEET_NO,PAGE_NO,PROPERTY_NO,IS_AUTO,IS_MANDATORY,SYSTEM_READONLY,FIELD_TYPE,FIELD_LENGTH,INPUT_ALPHABET,INPUT_MULTIBYTE,INPUT_NUMERIC,INPUT_SYMBOL,INPUT_UPPERCASE,RETRIEVAL_TABLE,FORMAT,DEFAULT_VALUE,MIN_VALUE,MAX_VALUE,CALENDAR_BUTTON,JUMP_BUTTON,OPEN_BUTTON,REF_TABLE_ID,REF_FIELD_NAME,SPECIAL_BUTTON) VALUES ('TBLID_BSTK','EMPTY_CAR_STD_STOCNT','EMPTY_CAR_STD_STOCNT','EMPTY_CAR_STD_STOCNT','NUMBER',0,'N','Y','N','Y',9,-1,0,0,9,'N','N','N','STRING',0,'Y',0,'Y','Y','Y','NONE',NULL,NULL,NULL,NULL,'N','N',0,NULL,NULL,0);
INSERT INTO SM_FIELD_DEF (TABLE_ID,FIELD_NAME,JP_TITLE,US_TITLE,DB_TYPE,DB_LENGTH,IS_KEY,NOT_BLANK,IS_DUMMY,IS_SEARCH_ITEM,SORT_NO,TREE_LEVEL,SHEET_NO,PAGE_NO,PROPERTY_NO,IS_AUTO,IS_MANDATORY,SYSTEM_READONLY,FIELD_TYPE,FIELD_LENGTH,INPUT_ALPHABET,INPUT_MULTIBYTE,INPUT_NUMERIC,INPUT_SYMBOL,INPUT_UPPERCASE,RETRIEVAL_TABLE,FORMAT,DEFAULT_VALUE,MIN_VALUE,MAX_VALUE,CALENDAR_BUTTON,JUMP_BUTTON,OPEN_BUTTON,REF_TABLE_ID,REF_FIELD_NAME,SPECIAL_BUTTON) VALUES ('TBLID_BSTK','EMPTY_CAR_REQ_RECNT','EMPTY_CAR_REQ_RECNT','EMPTY_CAR_REQ_RECNT','NUMBER',0,'N','Y','N','Y',10,-1,0,0,10,'N','N','N','STRING',0,'Y',0,'Y','Y','Y','NONE',NULL,NULL,NULL,NULL,'N','N',0,NULL,NULL,0);
INSERT INTO SM_FIELD_DEF (TABLE_ID,FIELD_NAME,JP_TITLE,US_TITLE,DB_TYPE,DB_LENGTH,IS_KEY,NOT_BLANK,IS_DUMMY,IS_SEARCH_ITEM,SORT_NO,TREE_LEVEL,SHEET_NO,PAGE_NO,PROPERTY_NO,IS_AUTO,IS_MANDATORY,SYSTEM_READONLY,FIELD_TYPE,FIELD_LENGTH,INPUT_ALPHABET,INPUT_MULTIBYTE,INPUT_NUMERIC,INPUT_SYMBOL,INPUT_UPPERCASE,RETRIEVAL_TABLE,FORMAT,DEFAULT_VALUE,MIN_VALUE,MAX_VALUE,CALENDAR_BUTTON,JUMP_BUTTON,OPEN_BUTTON,REF_TABLE_ID,REF_FIELD_NAME,SPECIAL_BUTTON) VALUES ('TBLID_BSTK','DSP_AREA','DSP_AREA','DSP_AREA','STRING',6,'N','Y','N','Y',11,-1,0,0,11,'N','N','N','STRING',6,'Y',0,'Y','Y','Y','NONE',NULL,NULL,NULL,NULL,'N','N',0,NULL,NULL,0);
INSERT INTO SM_FIELD_DEF (TABLE_ID,FIELD_NAME,JP_TITLE,US_TITLE,DB_TYPE,DB_LENGTH,IS_KEY,NOT_BLANK,IS_DUMMY,IS_SEARCH_ITEM,SORT_NO,TREE_LEVEL,SHEET_NO,PAGE_NO,PROPERTY_NO,IS_AUTO,IS_MANDATORY,SYSTEM_READONLY,FIELD_TYPE,FIELD_LENGTH,INPUT_ALPHABET,INPUT_MULTIBYTE,INPUT_NUMERIC,INPUT_SYMBOL,INPUT_UPPERCASE,RETRIEVAL_TABLE,FORMAT,DEFAULT_VALUE,MIN_VALUE,MAX_VALUE,CALENDAR_BUTTON,JUMP_BUTTON,OPEN_BUTTON,REF_TABLE_ID,REF_FIELD_NAME,SPECIAL_BUTTON) VALUES ('TBLID_BSTK','STK_PROPERTY','STK_PROPERTY','STK_PROPERTY','STRING',10,'N','Y','N','Y',12,-1,0,0,12,'N','N','N','STRING',10,'Y',0,'Y','Y','Y','NONE',NULL,NULL,NULL,NULL,'N','N',0,NULL,NULL,0);
INSERT INTO SM_CHECK_DEF (TABLE_ID,CHECK_TYPE,CHECK_ORDER,CHECK_KIND,FIELD_NAME,REF_TABLE,REF_FIELD,EXPECT_VALUE,ERR_MSG) VALUES ('TBLID_BSTK','SAVE',1,'NOTNULL','STK_ID',NULL,NULL,NULL,'STK_ID required');
INSERT INTO SM_CHECK_DEF (TABLE_ID,CHECK_TYPE,CHECK_ORDER,CHECK_KIND,FIELD_NAME,REF_TABLE,REF_FIELD,EXPECT_VALUE,ERR_MSG) VALUES ('TBLID_BSTK','SAVE',2,'STAT_N',NULL,NULL,NULL,NULL,'Not editable');
INSERT INTO SM_CHECK_DEF (TABLE_ID,CHECK_TYPE,CHECK_ORDER,CHECK_KIND,FIELD_NAME,REF_TABLE,REF_FIELD,EXPECT_VALUE,ERR_MSG) VALUES ('TBLID_BSTK','SAVE',3,'LOCK_FREE',NULL,NULL,NULL,NULL,'Locked');
INSERT INTO SM_CHECK_DEF (TABLE_ID,CHECK_TYPE,CHECK_ORDER,CHECK_KIND,FIELD_NAME,REF_TABLE,REF_FIELD,EXPECT_VALUE,ERR_MSG) VALUES ('TBLID_BSTK','RELEASE',1,'NOTNULL','STK_ID',NULL,NULL,NULL,'STK_ID required');
INSERT INTO SM_CHECK_DEF (TABLE_ID,CHECK_TYPE,CHECK_ORDER,CHECK_KIND,FIELD_NAME,REF_TABLE,REF_FIELD,EXPECT_VALUE,ERR_MSG) VALUES ('TBLID_BSTK','RELEASE',2,'STAT_N',NULL,NULL,NULL,NULL,'Not editable');
INSERT INTO SM_CHECK_DEF (TABLE_ID,CHECK_TYPE,CHECK_ORDER,CHECK_KIND,FIELD_NAME,REF_TABLE,REF_FIELD,EXPECT_VALUE,ERR_MSG) VALUES ('TBLID_BSTK','RELEASE',3,'LOCK_FREE',NULL,NULL,NULL,NULL,'Locked');
INSERT INTO SM_CHECK_DEF (TABLE_ID,CHECK_TYPE,CHECK_ORDER,CHECK_KIND,FIELD_NAME,REF_TABLE,REF_FIELD,EXPECT_VALUE,ERR_MSG) VALUES ('TBLID_BSTK','RELEASE',10,'RELEASE_PARAM','STK_ID','DSTK',NULL,NULL,NULL);
INSERT INTO SM_CHECK_DEF (TABLE_ID,CHECK_TYPE,CHECK_ORDER,CHECK_KIND,FIELD_NAME,REF_TABLE,REF_FIELD,EXPECT_VALUE,ERR_MSG) VALUES ('TBLID_BSTK','DELETE',1,'NOTNULL','STK_ID',NULL,NULL,NULL,'STK_ID required');
INSERT INTO SM_CHECK_DEF (TABLE_ID,CHECK_TYPE,CHECK_ORDER,CHECK_KIND,FIELD_NAME,REF_TABLE,REF_FIELD,EXPECT_VALUE,ERR_MSG) VALUES ('TBLID_BSTK','DELETE',2,'STAT_Y',NULL,NULL,NULL,NULL,'Not released');
INSERT INTO SM_CHECK_DEF (TABLE_ID,CHECK_TYPE,CHECK_ORDER,CHECK_KIND,FIELD_NAME,REF_TABLE,REF_FIELD,EXPECT_VALUE,ERR_MSG) VALUES ('TBLID_BSTK','DELETE',3,'LOCK_FREE',NULL,NULL,NULL,NULL,'Locked');
INSERT INTO SM_CHECK_DEF (TABLE_ID,CHECK_TYPE,CHECK_ORDER,CHECK_KIND,FIELD_NAME,REF_TABLE,REF_FIELD,EXPECT_VALUE,ERR_MSG) VALUES ('TBLID_BSTK','EDITCOMP',1,'NOTNULL','STK_ID',NULL,NULL,NULL,'STK_ID required');
INSERT INTO SM_CHECK_DEF (TABLE_ID,CHECK_TYPE,CHECK_ORDER,CHECK_KIND,FIELD_NAME,REF_TABLE,REF_FIELD,EXPECT_VALUE,ERR_MSG) VALUES ('TBLID_BSTK','EDITCOMP',2,'STAT_N',NULL,NULL,NULL,NULL,'Not editable');
INSERT INTO SM_CHECK_DEF (TABLE_ID,CHECK_TYPE,CHECK_ORDER,CHECK_KIND,FIELD_NAME,REF_TABLE,REF_FIELD,EXPECT_VALUE,ERR_MSG) VALUES ('TBLID_BSTK','EDITCOMP',3,'LOCK_FREE',NULL,NULL,NULL,NULL,'Locked');
INSERT INTO SM_CHECK_DEF (TABLE_ID,CHECK_TYPE,CHECK_ORDER,CHECK_KIND,FIELD_NAME,REF_TABLE,REF_FIELD,EXPECT_VALUE,ERR_MSG) VALUES ('TBLID_BSTK','EDITCOMP',4,'COMP_N',NULL,NULL,NULL,NULL,'Already complete');

INSERT INTO SM_TABLE_DEF (TABLE_ID,TABLE_NAME,JP_TITLE,US_TITLE,RELEASE_FLAG,DISTRIBUTE_FLAG,PERMISSION_TYPE,SCHEMA_TYPE,HAS_DUMMY,SORT_NO) VALUES ('TBLID_BSTKOUTLET','BSTKOUTLET','BSTKOUTLET','BSTKOUTLET','Y','N','C','L','N',1060);
INSERT INTO SM_FIELD_DEF (TABLE_ID,FIELD_NAME,JP_TITLE,US_TITLE,DB_TYPE,DB_LENGTH,IS_KEY,NOT_BLANK,IS_DUMMY,IS_SEARCH_ITEM,SORT_NO,TREE_LEVEL,SHEET_NO,PAGE_NO,PROPERTY_NO,IS_AUTO,IS_MANDATORY,SYSTEM_READONLY,FIELD_TYPE,FIELD_LENGTH,INPUT_ALPHABET,INPUT_MULTIBYTE,INPUT_NUMERIC,INPUT_SYMBOL,INPUT_UPPERCASE,RETRIEVAL_TABLE,FORMAT,DEFAULT_VALUE,MIN_VALUE,MAX_VALUE,CALENDAR_BUTTON,JUMP_BUTTON,OPEN_BUTTON,REF_TABLE_ID,REF_FIELD_NAME,SPECIAL_BUTTON) VALUES ('TBLID_BSTKOUTLET','STK_ID','STK_ID','STK_ID','STRING',10,'Y','Y','N','Y',0,0,0,0,0,'N','N','N','STRING',10,'Y',0,'Y','Y','Y','NONE',NULL,NULL,NULL,NULL,'N','N',0,NULL,NULL,0);
INSERT INTO SM_FIELD_DEF (TABLE_ID,FIELD_NAME,JP_TITLE,US_TITLE,DB_TYPE,DB_LENGTH,IS_KEY,NOT_BLANK,IS_DUMMY,IS_SEARCH_ITEM,SORT_NO,TREE_LEVEL,SHEET_NO,PAGE_NO,PROPERTY_NO,IS_AUTO,IS_MANDATORY,SYSTEM_READONLY,FIELD_TYPE,FIELD_LENGTH,INPUT_ALPHABET,INPUT_MULTIBYTE,INPUT_NUMERIC,INPUT_SYMBOL,INPUT_UPPERCASE,RETRIEVAL_TABLE,FORMAT,DEFAULT_VALUE,MIN_VALUE,MAX_VALUE,CALENDAR_BUTTON,JUMP_BUTTON,OPEN_BUTTON,REF_TABLE_ID,REF_FIELD_NAME,SPECIAL_BUTTON) VALUES ('TBLID_BSTKOUTLET','OUTLET_ID','OUTLET_ID','OUTLET_ID','STRING',10,'N','Y','N','Y',1,-1,0,0,1,'N','N','N','STRING',10,'Y',0,'Y','Y','Y','NONE',NULL,NULL,NULL,NULL,'N','N',0,NULL,NULL,0);
INSERT INTO SM_FIELD_DEF (TABLE_ID,FIELD_NAME,JP_TITLE,US_TITLE,DB_TYPE,DB_LENGTH,IS_KEY,NOT_BLANK,IS_DUMMY,IS_SEARCH_ITEM,SORT_NO,TREE_LEVEL,SHEET_NO,PAGE_NO,PROPERTY_NO,IS_AUTO,IS_MANDATORY,SYSTEM_READONLY,FIELD_TYPE,FIELD_LENGTH,INPUT_ALPHABET,INPUT_MULTIBYTE,INPUT_NUMERIC,INPUT_SYMBOL,INPUT_UPPERCASE,RETRIEVAL_TABLE,FORMAT,DEFAULT_VALUE,MIN_VALUE,MAX_VALUE,CALENDAR_BUTTON,JUMP_BUTTON,OPEN_BUTTON,REF_TABLE_ID,REF_FIELD_NAME,SPECIAL_BUTTON) VALUES ('TBLID_BSTKOUTLET','SEQ_NO','SEQ_NO','SEQ_NO','NUMBER',0,'N','Y','N','Y',2,-1,0,0,2,'N','N','N','STRING',0,'Y',0,'Y','Y','Y','NONE',NULL,NULL,NULL,NULL,'N','N',0,NULL,NULL,0);
INSERT INTO SM_FIELD_DEF (TABLE_ID,FIELD_NAME,JP_TITLE,US_TITLE,DB_TYPE,DB_LENGTH,IS_KEY,NOT_BLANK,IS_DUMMY,IS_SEARCH_ITEM,SORT_NO,TREE_LEVEL,SHEET_NO,PAGE_NO,PROPERTY_NO,IS_AUTO,IS_MANDATORY,SYSTEM_READONLY,FIELD_TYPE,FIELD_LENGTH,INPUT_ALPHABET,INPUT_MULTIBYTE,INPUT_NUMERIC,INPUT_SYMBOL,INPUT_UPPERCASE,RETRIEVAL_TABLE,FORMAT,DEFAULT_VALUE,MIN_VALUE,MAX_VALUE,CALENDAR_BUTTON,JUMP_BUTTON,OPEN_BUTTON,REF_TABLE_ID,REF_FIELD_NAME,SPECIAL_BUTTON) VALUES ('TBLID_BSTKOUTLET','OUTLET_NAME','OUTLET_NAME','OUTLET_NAME','STRING',40,'N','Y','N','Y',3,-1,0,0,3,'N','N','N','STRING',40,'Y',0,'Y','Y','Y','NONE',NULL,NULL,NULL,NULL,'N','N',0,NULL,NULL,0);
INSERT INTO SM_FIELD_DEF (TABLE_ID,FIELD_NAME,JP_TITLE,US_TITLE,DB_TYPE,DB_LENGTH,IS_KEY,NOT_BLANK,IS_DUMMY,IS_SEARCH_ITEM,SORT_NO,TREE_LEVEL,SHEET_NO,PAGE_NO,PROPERTY_NO,IS_AUTO,IS_MANDATORY,SYSTEM_READONLY,FIELD_TYPE,FIELD_LENGTH,INPUT_ALPHABET,INPUT_MULTIBYTE,INPUT_NUMERIC,INPUT_SYMBOL,INPUT_UPPERCASE,RETRIEVAL_TABLE,FORMAT,DEFAULT_VALUE,MIN_VALUE,MAX_VALUE,CALENDAR_BUTTON,JUMP_BUTTON,OPEN_BUTTON,REF_TABLE_ID,REF_FIELD_NAME,SPECIAL_BUTTON) VALUES ('TBLID_BSTKOUTLET','OUTLET_TYPE','OUTLET_TYPE','OUTLET_TYPE','STRING',1,'N','Y','N','Y',4,-1,0,0,4,'N','N','N','STRING',1,'Y',0,'Y','Y','Y','NONE',NULL,NULL,NULL,NULL,'N','N',0,NULL,NULL,0);
INSERT INTO SM_FIELD_DEF (TABLE_ID,FIELD_NAME,JP_TITLE,US_TITLE,DB_TYPE,DB_LENGTH,IS_KEY,NOT_BLANK,IS_DUMMY,IS_SEARCH_ITEM,SORT_NO,TREE_LEVEL,SHEET_NO,PAGE_NO,PROPERTY_NO,IS_AUTO,IS_MANDATORY,SYSTEM_READONLY,FIELD_TYPE,FIELD_LENGTH,INPUT_ALPHABET,INPUT_MULTIBYTE,INPUT_NUMERIC,INPUT_SYMBOL,INPUT_UPPERCASE,RETRIEVAL_TABLE,FORMAT,DEFAULT_VALUE,MIN_VALUE,MAX_VALUE,CALENDAR_BUTTON,JUMP_BUTTON,OPEN_BUTTON,REF_TABLE_ID,REF_FIELD_NAME,SPECIAL_BUTTON) VALUES ('TBLID_BSTKOUTLET','OUTLET_MODE','OUTLET_MODE','OUTLET_MODE','STRING',1,'N','Y','N','Y',5,-1,0,0,5,'N','N','N','STRING',1,'Y',0,'Y','Y','Y','NONE',NULL,NULL,NULL,NULL,'N','N',0,NULL,NULL,0);
INSERT INTO SM_FIELD_DEF (TABLE_ID,FIELD_NAME,JP_TITLE,US_TITLE,DB_TYPE,DB_LENGTH,IS_KEY,NOT_BLANK,IS_DUMMY,IS_SEARCH_ITEM,SORT_NO,TREE_LEVEL,SHEET_NO,PAGE_NO,PROPERTY_NO,IS_AUTO,IS_MANDATORY,SYSTEM_READONLY,FIELD_TYPE,FIELD_LENGTH,INPUT_ALPHABET,INPUT_MULTIBYTE,INPUT_NUMERIC,INPUT_SYMBOL,INPUT_UPPERCASE,RETRIEVAL_TABLE,FORMAT,DEFAULT_VALUE,MIN_VALUE,MAX_VALUE,CALENDAR_BUTTON,JUMP_BUTTON,OPEN_BUTTON,REF_TABLE_ID,REF_FIELD_NAME,SPECIAL_BUTTON) VALUES ('TBLID_BSTKOUTLET','AGV_ID','AGV_ID','AGV_ID','STRING',40,'N','Y','N','Y',6,-1,0,0,6,'N','N','N','STRING',40,'Y',0,'Y','Y','Y','NONE',NULL,NULL,NULL,NULL,'N','N',0,NULL,NULL,0);
INSERT INTO SM_CHECK_DEF (TABLE_ID,CHECK_TYPE,CHECK_ORDER,CHECK_KIND,FIELD_NAME,REF_TABLE,REF_FIELD,EXPECT_VALUE,ERR_MSG) VALUES ('TBLID_BSTKOUTLET','SAVE',1,'NOTNULL','STK_ID',NULL,NULL,NULL,'STK_ID required');
INSERT INTO SM_CHECK_DEF (TABLE_ID,CHECK_TYPE,CHECK_ORDER,CHECK_KIND,FIELD_NAME,REF_TABLE,REF_FIELD,EXPECT_VALUE,ERR_MSG) VALUES ('TBLID_BSTKOUTLET','SAVE',2,'STAT_N',NULL,NULL,NULL,NULL,'Not editable');
INSERT INTO SM_CHECK_DEF (TABLE_ID,CHECK_TYPE,CHECK_ORDER,CHECK_KIND,FIELD_NAME,REF_TABLE,REF_FIELD,EXPECT_VALUE,ERR_MSG) VALUES ('TBLID_BSTKOUTLET','SAVE',3,'LOCK_FREE',NULL,NULL,NULL,NULL,'Locked');
INSERT INTO SM_CHECK_DEF (TABLE_ID,CHECK_TYPE,CHECK_ORDER,CHECK_KIND,FIELD_NAME,REF_TABLE,REF_FIELD,EXPECT_VALUE,ERR_MSG) VALUES ('TBLID_BSTKOUTLET','RELEASE',1,'NOTNULL','STK_ID',NULL,NULL,NULL,'STK_ID required');
INSERT INTO SM_CHECK_DEF (TABLE_ID,CHECK_TYPE,CHECK_ORDER,CHECK_KIND,FIELD_NAME,REF_TABLE,REF_FIELD,EXPECT_VALUE,ERR_MSG) VALUES ('TBLID_BSTKOUTLET','RELEASE',2,'STAT_N',NULL,NULL,NULL,NULL,'Not editable');
INSERT INTO SM_CHECK_DEF (TABLE_ID,CHECK_TYPE,CHECK_ORDER,CHECK_KIND,FIELD_NAME,REF_TABLE,REF_FIELD,EXPECT_VALUE,ERR_MSG) VALUES ('TBLID_BSTKOUTLET','RELEASE',3,'LOCK_FREE',NULL,NULL,NULL,NULL,'Locked');
INSERT INTO SM_CHECK_DEF (TABLE_ID,CHECK_TYPE,CHECK_ORDER,CHECK_KIND,FIELD_NAME,REF_TABLE,REF_FIELD,EXPECT_VALUE,ERR_MSG) VALUES ('TBLID_BSTKOUTLET','RELEASE',10,'RELEASE_PARAM','STK_ID','DSTKOUTLET',NULL,NULL,NULL);
INSERT INTO SM_CHECK_DEF (TABLE_ID,CHECK_TYPE,CHECK_ORDER,CHECK_KIND,FIELD_NAME,REF_TABLE,REF_FIELD,EXPECT_VALUE,ERR_MSG) VALUES ('TBLID_BSTKOUTLET','DELETE',1,'NOTNULL','STK_ID',NULL,NULL,NULL,'STK_ID required');
INSERT INTO SM_CHECK_DEF (TABLE_ID,CHECK_TYPE,CHECK_ORDER,CHECK_KIND,FIELD_NAME,REF_TABLE,REF_FIELD,EXPECT_VALUE,ERR_MSG) VALUES ('TBLID_BSTKOUTLET','DELETE',2,'STAT_Y',NULL,NULL,NULL,NULL,'Not released');
INSERT INTO SM_CHECK_DEF (TABLE_ID,CHECK_TYPE,CHECK_ORDER,CHECK_KIND,FIELD_NAME,REF_TABLE,REF_FIELD,EXPECT_VALUE,ERR_MSG) VALUES ('TBLID_BSTKOUTLET','DELETE',3,'LOCK_FREE',NULL,NULL,NULL,NULL,'Locked');
INSERT INTO SM_CHECK_DEF (TABLE_ID,CHECK_TYPE,CHECK_ORDER,CHECK_KIND,FIELD_NAME,REF_TABLE,REF_FIELD,EXPECT_VALUE,ERR_MSG) VALUES ('TBLID_BSTKOUTLET','EDITCOMP',1,'NOTNULL','STK_ID',NULL,NULL,NULL,'STK_ID required');
INSERT INTO SM_CHECK_DEF (TABLE_ID,CHECK_TYPE,CHECK_ORDER,CHECK_KIND,FIELD_NAME,REF_TABLE,REF_FIELD,EXPECT_VALUE,ERR_MSG) VALUES ('TBLID_BSTKOUTLET','EDITCOMP',2,'STAT_N',NULL,NULL,NULL,NULL,'Not editable');
INSERT INTO SM_CHECK_DEF (TABLE_ID,CHECK_TYPE,CHECK_ORDER,CHECK_KIND,FIELD_NAME,REF_TABLE,REF_FIELD,EXPECT_VALUE,ERR_MSG) VALUES ('TBLID_BSTKOUTLET','EDITCOMP',3,'LOCK_FREE',NULL,NULL,NULL,NULL,'Locked');
INSERT INTO SM_CHECK_DEF (TABLE_ID,CHECK_TYPE,CHECK_ORDER,CHECK_KIND,FIELD_NAME,REF_TABLE,REF_FIELD,EXPECT_VALUE,ERR_MSG) VALUES ('TBLID_BSTKOUTLET','EDITCOMP',4,'COMP_N',NULL,NULL,NULL,NULL,'Already complete');

INSERT INTO SM_TABLE_DEF (TABLE_ID,TABLE_NAME,JP_TITLE,US_TITLE,RELEASE_FLAG,DISTRIBUTE_FLAG,PERMISSION_TYPE,SCHEMA_TYPE,HAS_DUMMY,SORT_NO) VALUES ('TBLID_BSTK_AREA','BSTK_AREA','BSTK_AREA','BSTK_AREA','Y','N','C','L','N',1070);
INSERT INTO SM_FIELD_DEF (TABLE_ID,FIELD_NAME,JP_TITLE,US_TITLE,DB_TYPE,DB_LENGTH,IS_KEY,NOT_BLANK,IS_DUMMY,IS_SEARCH_ITEM,SORT_NO,TREE_LEVEL,SHEET_NO,PAGE_NO,PROPERTY_NO,IS_AUTO,IS_MANDATORY,SYSTEM_READONLY,FIELD_TYPE,FIELD_LENGTH,INPUT_ALPHABET,INPUT_MULTIBYTE,INPUT_NUMERIC,INPUT_SYMBOL,INPUT_UPPERCASE,RETRIEVAL_TABLE,FORMAT,DEFAULT_VALUE,MIN_VALUE,MAX_VALUE,CALENDAR_BUTTON,JUMP_BUTTON,OPEN_BUTTON,REF_TABLE_ID,REF_FIELD_NAME,SPECIAL_BUTTON) VALUES ('TBLID_BSTK_AREA','STK_ID','STK_ID','STK_ID','STRING',10,'Y','Y','N','Y',0,0,0,0,0,'N','N','N','STRING',10,'Y',0,'Y','Y','Y','NONE',NULL,NULL,NULL,NULL,'N','N',0,NULL,NULL,0);
INSERT INTO SM_FIELD_DEF (TABLE_ID,FIELD_NAME,JP_TITLE,US_TITLE,DB_TYPE,DB_LENGTH,IS_KEY,NOT_BLANK,IS_DUMMY,IS_SEARCH_ITEM,SORT_NO,TREE_LEVEL,SHEET_NO,PAGE_NO,PROPERTY_NO,IS_AUTO,IS_MANDATORY,SYSTEM_READONLY,FIELD_TYPE,FIELD_LENGTH,INPUT_ALPHABET,INPUT_MULTIBYTE,INPUT_NUMERIC,INPUT_SYMBOL,INPUT_UPPERCASE,RETRIEVAL_TABLE,FORMAT,DEFAULT_VALUE,MIN_VALUE,MAX_VALUE,CALENDAR_BUTTON,JUMP_BUTTON,OPEN_BUTTON,REF_TABLE_ID,REF_FIELD_NAME,SPECIAL_BUTTON) VALUES ('TBLID_BSTK_AREA','AREA_ID','AREA_ID','AREA_ID','STRING',6,'N','Y','N','Y',1,-1,0,0,1,'N','N','N','STRING',6,'Y',0,'Y','Y','Y','NONE',NULL,NULL,NULL,NULL,'N','N',0,NULL,NULL,0);
INSERT INTO SM_FIELD_DEF (TABLE_ID,FIELD_NAME,JP_TITLE,US_TITLE,DB_TYPE,DB_LENGTH,IS_KEY,NOT_BLANK,IS_DUMMY,IS_SEARCH_ITEM,SORT_NO,TREE_LEVEL,SHEET_NO,PAGE_NO,PROPERTY_NO,IS_AUTO,IS_MANDATORY,SYSTEM_READONLY,FIELD_TYPE,FIELD_LENGTH,INPUT_ALPHABET,INPUT_MULTIBYTE,INPUT_NUMERIC,INPUT_SYMBOL,INPUT_UPPERCASE,RETRIEVAL_TABLE,FORMAT,DEFAULT_VALUE,MIN_VALUE,MAX_VALUE,CALENDAR_BUTTON,JUMP_BUTTON,OPEN_BUTTON,REF_TABLE_ID,REF_FIELD_NAME,SPECIAL_BUTTON) VALUES ('TBLID_BSTK_AREA','ITEM_SEQ_NO','ITEM_SEQ_NO','ITEM_SEQ_NO','NUMBER',0,'N','Y','N','Y',2,-1,0,0,2,'N','N','N','STRING',0,'Y',0,'Y','Y','Y','NONE',NULL,NULL,NULL,NULL,'N','N',0,NULL,NULL,0);
INSERT INTO SM_CHECK_DEF (TABLE_ID,CHECK_TYPE,CHECK_ORDER,CHECK_KIND,FIELD_NAME,REF_TABLE,REF_FIELD,EXPECT_VALUE,ERR_MSG) VALUES ('TBLID_BSTK_AREA','SAVE',1,'NOTNULL','STK_ID',NULL,NULL,NULL,'STK_ID required');
INSERT INTO SM_CHECK_DEF (TABLE_ID,CHECK_TYPE,CHECK_ORDER,CHECK_KIND,FIELD_NAME,REF_TABLE,REF_FIELD,EXPECT_VALUE,ERR_MSG) VALUES ('TBLID_BSTK_AREA','SAVE',2,'STAT_N',NULL,NULL,NULL,NULL,'Not editable');
INSERT INTO SM_CHECK_DEF (TABLE_ID,CHECK_TYPE,CHECK_ORDER,CHECK_KIND,FIELD_NAME,REF_TABLE,REF_FIELD,EXPECT_VALUE,ERR_MSG) VALUES ('TBLID_BSTK_AREA','SAVE',3,'LOCK_FREE',NULL,NULL,NULL,NULL,'Locked');
INSERT INTO SM_CHECK_DEF (TABLE_ID,CHECK_TYPE,CHECK_ORDER,CHECK_KIND,FIELD_NAME,REF_TABLE,REF_FIELD,EXPECT_VALUE,ERR_MSG) VALUES ('TBLID_BSTK_AREA','RELEASE',1,'NOTNULL','STK_ID',NULL,NULL,NULL,'STK_ID required');
INSERT INTO SM_CHECK_DEF (TABLE_ID,CHECK_TYPE,CHECK_ORDER,CHECK_KIND,FIELD_NAME,REF_TABLE,REF_FIELD,EXPECT_VALUE,ERR_MSG) VALUES ('TBLID_BSTK_AREA','RELEASE',2,'STAT_N',NULL,NULL,NULL,NULL,'Not editable');
INSERT INTO SM_CHECK_DEF (TABLE_ID,CHECK_TYPE,CHECK_ORDER,CHECK_KIND,FIELD_NAME,REF_TABLE,REF_FIELD,EXPECT_VALUE,ERR_MSG) VALUES ('TBLID_BSTK_AREA','RELEASE',3,'LOCK_FREE',NULL,NULL,NULL,NULL,'Locked');
INSERT INTO SM_CHECK_DEF (TABLE_ID,CHECK_TYPE,CHECK_ORDER,CHECK_KIND,FIELD_NAME,REF_TABLE,REF_FIELD,EXPECT_VALUE,ERR_MSG) VALUES ('TBLID_BSTK_AREA','RELEASE',10,'RELEASE_PARAM','STK_ID','DSTK_AREA',NULL,NULL,NULL);
INSERT INTO SM_CHECK_DEF (TABLE_ID,CHECK_TYPE,CHECK_ORDER,CHECK_KIND,FIELD_NAME,REF_TABLE,REF_FIELD,EXPECT_VALUE,ERR_MSG) VALUES ('TBLID_BSTK_AREA','DELETE',1,'NOTNULL','STK_ID',NULL,NULL,NULL,'STK_ID required');
INSERT INTO SM_CHECK_DEF (TABLE_ID,CHECK_TYPE,CHECK_ORDER,CHECK_KIND,FIELD_NAME,REF_TABLE,REF_FIELD,EXPECT_VALUE,ERR_MSG) VALUES ('TBLID_BSTK_AREA','DELETE',2,'STAT_Y',NULL,NULL,NULL,NULL,'Not released');
INSERT INTO SM_CHECK_DEF (TABLE_ID,CHECK_TYPE,CHECK_ORDER,CHECK_KIND,FIELD_NAME,REF_TABLE,REF_FIELD,EXPECT_VALUE,ERR_MSG) VALUES ('TBLID_BSTK_AREA','DELETE',3,'LOCK_FREE',NULL,NULL,NULL,NULL,'Locked');
INSERT INTO SM_CHECK_DEF (TABLE_ID,CHECK_TYPE,CHECK_ORDER,CHECK_KIND,FIELD_NAME,REF_TABLE,REF_FIELD,EXPECT_VALUE,ERR_MSG) VALUES ('TBLID_BSTK_AREA','EDITCOMP',1,'NOTNULL','STK_ID',NULL,NULL,NULL,'STK_ID required');
INSERT INTO SM_CHECK_DEF (TABLE_ID,CHECK_TYPE,CHECK_ORDER,CHECK_KIND,FIELD_NAME,REF_TABLE,REF_FIELD,EXPECT_VALUE,ERR_MSG) VALUES ('TBLID_BSTK_AREA','EDITCOMP',2,'STAT_N',NULL,NULL,NULL,NULL,'Not editable');
INSERT INTO SM_CHECK_DEF (TABLE_ID,CHECK_TYPE,CHECK_ORDER,CHECK_KIND,FIELD_NAME,REF_TABLE,REF_FIELD,EXPECT_VALUE,ERR_MSG) VALUES ('TBLID_BSTK_AREA','EDITCOMP',3,'LOCK_FREE',NULL,NULL,NULL,NULL,'Locked');
INSERT INTO SM_CHECK_DEF (TABLE_ID,CHECK_TYPE,CHECK_ORDER,CHECK_KIND,FIELD_NAME,REF_TABLE,REF_FIELD,EXPECT_VALUE,ERR_MSG) VALUES ('TBLID_BSTK_AREA','EDITCOMP',4,'COMP_N',NULL,NULL,NULL,NULL,'Already complete');

INSERT INTO SM_TABLE_DEF (TABLE_ID,TABLE_NAME,JP_TITLE,US_TITLE,RELEASE_FLAG,DISTRIBUTE_FLAG,PERMISSION_TYPE,SCHEMA_TYPE,HAS_DUMMY,SORT_NO) VALUES ('TBLID_BSTK_CARG','BSTK_CARG','BSTK_CARG','BSTK_CARG','Y','N','C','L','N',1080);
INSERT INTO SM_FIELD_DEF (TABLE_ID,FIELD_NAME,JP_TITLE,US_TITLE,DB_TYPE,DB_LENGTH,IS_KEY,NOT_BLANK,IS_DUMMY,IS_SEARCH_ITEM,SORT_NO,TREE_LEVEL,SHEET_NO,PAGE_NO,PROPERTY_NO,IS_AUTO,IS_MANDATORY,SYSTEM_READONLY,FIELD_TYPE,FIELD_LENGTH,INPUT_ALPHABET,INPUT_MULTIBYTE,INPUT_NUMERIC,INPUT_SYMBOL,INPUT_UPPERCASE,RETRIEVAL_TABLE,FORMAT,DEFAULT_VALUE,MIN_VALUE,MAX_VALUE,CALENDAR_BUTTON,JUMP_BUTTON,OPEN_BUTTON,REF_TABLE_ID,REF_FIELD_NAME,SPECIAL_BUTTON) VALUES ('TBLID_BSTK_CARG','STK_ID','STK_ID','STK_ID','STRING',10,'Y','Y','N','Y',0,0,0,0,0,'N','N','N','STRING',10,'Y',0,'Y','Y','Y','NONE',NULL,NULL,NULL,NULL,'N','N',0,NULL,NULL,0);
INSERT INTO SM_FIELD_DEF (TABLE_ID,FIELD_NAME,JP_TITLE,US_TITLE,DB_TYPE,DB_LENGTH,IS_KEY,NOT_BLANK,IS_DUMMY,IS_SEARCH_ITEM,SORT_NO,TREE_LEVEL,SHEET_NO,PAGE_NO,PROPERTY_NO,IS_AUTO,IS_MANDATORY,SYSTEM_READONLY,FIELD_TYPE,FIELD_LENGTH,INPUT_ALPHABET,INPUT_MULTIBYTE,INPUT_NUMERIC,INPUT_SYMBOL,INPUT_UPPERCASE,RETRIEVAL_TABLE,FORMAT,DEFAULT_VALUE,MIN_VALUE,MAX_VALUE,CALENDAR_BUTTON,JUMP_BUTTON,OPEN_BUTTON,REF_TABLE_ID,REF_FIELD_NAME,SPECIAL_BUTTON) VALUES ('TBLID_BSTK_CARG','CARG_ID','CARG_ID','CARG_ID','STRING',10,'N','Y','N','Y',1,-1,0,0,1,'N','N','N','STRING',10,'Y',0,'Y','Y','Y','NONE',NULL,NULL,NULL,NULL,'N','N',0,NULL,NULL,0);
INSERT INTO SM_FIELD_DEF (TABLE_ID,FIELD_NAME,JP_TITLE,US_TITLE,DB_TYPE,DB_LENGTH,IS_KEY,NOT_BLANK,IS_DUMMY,IS_SEARCH_ITEM,SORT_NO,TREE_LEVEL,SHEET_NO,PAGE_NO,PROPERTY_NO,IS_AUTO,IS_MANDATORY,SYSTEM_READONLY,FIELD_TYPE,FIELD_LENGTH,INPUT_ALPHABET,INPUT_MULTIBYTE,INPUT_NUMERIC,INPUT_SYMBOL,INPUT_UPPERCASE,RETRIEVAL_TABLE,FORMAT,DEFAULT_VALUE,MIN_VALUE,MAX_VALUE,CALENDAR_BUTTON,JUMP_BUTTON,OPEN_BUTTON,REF_TABLE_ID,REF_FIELD_NAME,SPECIAL_BUTTON) VALUES ('TBLID_BSTK_CARG','EMPTY_CAR_ALM_STOCNT','EMPTY_CAR_ALM_STOCNT','EMPTY_CAR_ALM_STOCNT','NUMBER',0,'N','Y','N','Y',2,-1,0,0,2,'N','N','N','STRING',0,'Y',0,'Y','Y','Y','NONE',NULL,NULL,NULL,NULL,'N','N',0,NULL,NULL,0);
INSERT INTO SM_FIELD_DEF (TABLE_ID,FIELD_NAME,JP_TITLE,US_TITLE,DB_TYPE,DB_LENGTH,IS_KEY,NOT_BLANK,IS_DUMMY,IS_SEARCH_ITEM,SORT_NO,TREE_LEVEL,SHEET_NO,PAGE_NO,PROPERTY_NO,IS_AUTO,IS_MANDATORY,SYSTEM_READONLY,FIELD_TYPE,FIELD_LENGTH,INPUT_ALPHABET,INPUT_MULTIBYTE,INPUT_NUMERIC,INPUT_SYMBOL,INPUT_UPPERCASE,RETRIEVAL_TABLE,FORMAT,DEFAULT_VALUE,MIN_VALUE,MAX_VALUE,CALENDAR_BUTTON,JUMP_BUTTON,OPEN_BUTTON,REF_TABLE_ID,REF_FIELD_NAME,SPECIAL_BUTTON) VALUES ('TBLID_BSTK_CARG','EMPTY_CAR_MIN_STOCNT','EMPTY_CAR_MIN_STOCNT','EMPTY_CAR_MIN_STOCNT','NUMBER',0,'N','Y','N','Y',3,-1,0,0,3,'N','N','N','STRING',0,'Y',0,'Y','Y','Y','NONE',NULL,NULL,NULL,NULL,'N','N',0,NULL,NULL,0);
INSERT INTO SM_FIELD_DEF (TABLE_ID,FIELD_NAME,JP_TITLE,US_TITLE,DB_TYPE,DB_LENGTH,IS_KEY,NOT_BLANK,IS_DUMMY,IS_SEARCH_ITEM,SORT_NO,TREE_LEVEL,SHEET_NO,PAGE_NO,PROPERTY_NO,IS_AUTO,IS_MANDATORY,SYSTEM_READONLY,FIELD_TYPE,FIELD_LENGTH,INPUT_ALPHABET,INPUT_MULTIBYTE,INPUT_NUMERIC,INPUT_SYMBOL,INPUT_UPPERCASE,RETRIEVAL_TABLE,FORMAT,DEFAULT_VALUE,MIN_VALUE,MAX_VALUE,CALENDAR_BUTTON,JUMP_BUTTON,OPEN_BUTTON,REF_TABLE_ID,REF_FIELD_NAME,SPECIAL_BUTTON) VALUES ('TBLID_BSTK_CARG','EMPTY_CAR_STD_STOCNT','EMPTY_CAR_STD_STOCNT','EMPTY_CAR_STD_STOCNT','NUMBER',0,'N','Y','N','Y',4,-1,0,0,4,'N','N','N','STRING',0,'Y',0,'Y','Y','Y','NONE',NULL,NULL,NULL,NULL,'N','N',0,NULL,NULL,0);
INSERT INTO SM_FIELD_DEF (TABLE_ID,FIELD_NAME,JP_TITLE,US_TITLE,DB_TYPE,DB_LENGTH,IS_KEY,NOT_BLANK,IS_DUMMY,IS_SEARCH_ITEM,SORT_NO,TREE_LEVEL,SHEET_NO,PAGE_NO,PROPERTY_NO,IS_AUTO,IS_MANDATORY,SYSTEM_READONLY,FIELD_TYPE,FIELD_LENGTH,INPUT_ALPHABET,INPUT_MULTIBYTE,INPUT_NUMERIC,INPUT_SYMBOL,INPUT_UPPERCASE,RETRIEVAL_TABLE,FORMAT,DEFAULT_VALUE,MIN_VALUE,MAX_VALUE,CALENDAR_BUTTON,JUMP_BUTTON,OPEN_BUTTON,REF_TABLE_ID,REF_FIELD_NAME,SPECIAL_BUTTON) VALUES ('TBLID_BSTK_CARG','EMPTY_CAR_REQ_RECNT','EMPTY_CAR_REQ_RECNT','EMPTY_CAR_REQ_RECNT','NUMBER',0,'N','Y','N','Y',5,-1,0,0,5,'N','N','N','STRING',0,'Y',0,'Y','Y','Y','NONE',NULL,NULL,NULL,NULL,'N','N',0,NULL,NULL,0);
INSERT INTO SM_CHECK_DEF (TABLE_ID,CHECK_TYPE,CHECK_ORDER,CHECK_KIND,FIELD_NAME,REF_TABLE,REF_FIELD,EXPECT_VALUE,ERR_MSG) VALUES ('TBLID_BSTK_CARG','SAVE',1,'NOTNULL','STK_ID',NULL,NULL,NULL,'STK_ID required');
INSERT INTO SM_CHECK_DEF (TABLE_ID,CHECK_TYPE,CHECK_ORDER,CHECK_KIND,FIELD_NAME,REF_TABLE,REF_FIELD,EXPECT_VALUE,ERR_MSG) VALUES ('TBLID_BSTK_CARG','SAVE',2,'STAT_N',NULL,NULL,NULL,NULL,'Not editable');
INSERT INTO SM_CHECK_DEF (TABLE_ID,CHECK_TYPE,CHECK_ORDER,CHECK_KIND,FIELD_NAME,REF_TABLE,REF_FIELD,EXPECT_VALUE,ERR_MSG) VALUES ('TBLID_BSTK_CARG','SAVE',3,'LOCK_FREE',NULL,NULL,NULL,NULL,'Locked');
INSERT INTO SM_CHECK_DEF (TABLE_ID,CHECK_TYPE,CHECK_ORDER,CHECK_KIND,FIELD_NAME,REF_TABLE,REF_FIELD,EXPECT_VALUE,ERR_MSG) VALUES ('TBLID_BSTK_CARG','RELEASE',1,'NOTNULL','STK_ID',NULL,NULL,NULL,'STK_ID required');
INSERT INTO SM_CHECK_DEF (TABLE_ID,CHECK_TYPE,CHECK_ORDER,CHECK_KIND,FIELD_NAME,REF_TABLE,REF_FIELD,EXPECT_VALUE,ERR_MSG) VALUES ('TBLID_BSTK_CARG','RELEASE',2,'STAT_N',NULL,NULL,NULL,NULL,'Not editable');
INSERT INTO SM_CHECK_DEF (TABLE_ID,CHECK_TYPE,CHECK_ORDER,CHECK_KIND,FIELD_NAME,REF_TABLE,REF_FIELD,EXPECT_VALUE,ERR_MSG) VALUES ('TBLID_BSTK_CARG','RELEASE',3,'LOCK_FREE',NULL,NULL,NULL,NULL,'Locked');
INSERT INTO SM_CHECK_DEF (TABLE_ID,CHECK_TYPE,CHECK_ORDER,CHECK_KIND,FIELD_NAME,REF_TABLE,REF_FIELD,EXPECT_VALUE,ERR_MSG) VALUES ('TBLID_BSTK_CARG','RELEASE',10,'RELEASE_PARAM','STK_ID','DSTK_CARG',NULL,NULL,NULL);
INSERT INTO SM_CHECK_DEF (TABLE_ID,CHECK_TYPE,CHECK_ORDER,CHECK_KIND,FIELD_NAME,REF_TABLE,REF_FIELD,EXPECT_VALUE,ERR_MSG) VALUES ('TBLID_BSTK_CARG','DELETE',1,'NOTNULL','STK_ID',NULL,NULL,NULL,'STK_ID required');
INSERT INTO SM_CHECK_DEF (TABLE_ID,CHECK_TYPE,CHECK_ORDER,CHECK_KIND,FIELD_NAME,REF_TABLE,REF_FIELD,EXPECT_VALUE,ERR_MSG) VALUES ('TBLID_BSTK_CARG','DELETE',2,'STAT_Y',NULL,NULL,NULL,NULL,'Not released');
INSERT INTO SM_CHECK_DEF (TABLE_ID,CHECK_TYPE,CHECK_ORDER,CHECK_KIND,FIELD_NAME,REF_TABLE,REF_FIELD,EXPECT_VALUE,ERR_MSG) VALUES ('TBLID_BSTK_CARG','DELETE',3,'LOCK_FREE',NULL,NULL,NULL,NULL,'Locked');
INSERT INTO SM_CHECK_DEF (TABLE_ID,CHECK_TYPE,CHECK_ORDER,CHECK_KIND,FIELD_NAME,REF_TABLE,REF_FIELD,EXPECT_VALUE,ERR_MSG) VALUES ('TBLID_BSTK_CARG','EDITCOMP',1,'NOTNULL','STK_ID',NULL,NULL,NULL,'STK_ID required');
INSERT INTO SM_CHECK_DEF (TABLE_ID,CHECK_TYPE,CHECK_ORDER,CHECK_KIND,FIELD_NAME,REF_TABLE,REF_FIELD,EXPECT_VALUE,ERR_MSG) VALUES ('TBLID_BSTK_CARG','EDITCOMP',2,'STAT_N',NULL,NULL,NULL,NULL,'Not editable');
INSERT INTO SM_CHECK_DEF (TABLE_ID,CHECK_TYPE,CHECK_ORDER,CHECK_KIND,FIELD_NAME,REF_TABLE,REF_FIELD,EXPECT_VALUE,ERR_MSG) VALUES ('TBLID_BSTK_CARG','EDITCOMP',3,'LOCK_FREE',NULL,NULL,NULL,NULL,'Locked');
INSERT INTO SM_CHECK_DEF (TABLE_ID,CHECK_TYPE,CHECK_ORDER,CHECK_KIND,FIELD_NAME,REF_TABLE,REF_FIELD,EXPECT_VALUE,ERR_MSG) VALUES ('TBLID_BSTK_CARG','EDITCOMP',4,'COMP_N',NULL,NULL,NULL,NULL,'Already complete');

INSERT INTO SM_TABLE_DEF (TABLE_ID,TABLE_NAME,JP_TITLE,US_TITLE,RELEASE_FLAG,DISTRIBUTE_FLAG,PERMISSION_TYPE,SCHEMA_TYPE,HAS_DUMMY,SORT_NO) VALUES ('TBLID_BSYSTEM_DEF','BSYSTEM_DEF','BSYSTEM_DEF','BSYSTEM_DEF','Y','N','C','L','N',1090);
INSERT INTO SM_FIELD_DEF (TABLE_ID,FIELD_NAME,JP_TITLE,US_TITLE,DB_TYPE,DB_LENGTH,IS_KEY,NOT_BLANK,IS_DUMMY,IS_SEARCH_ITEM,SORT_NO,TREE_LEVEL,SHEET_NO,PAGE_NO,PROPERTY_NO,IS_AUTO,IS_MANDATORY,SYSTEM_READONLY,FIELD_TYPE,FIELD_LENGTH,INPUT_ALPHABET,INPUT_MULTIBYTE,INPUT_NUMERIC,INPUT_SYMBOL,INPUT_UPPERCASE,RETRIEVAL_TABLE,FORMAT,DEFAULT_VALUE,MIN_VALUE,MAX_VALUE,CALENDAR_BUTTON,JUMP_BUTTON,OPEN_BUTTON,REF_TABLE_ID,REF_FIELD_NAME,SPECIAL_BUTTON) VALUES ('TBLID_BSYSTEM_DEF','SYSTEM_DEF_ID','SYSTEM_DEF_ID','SYSTEM_DEF_ID','STRING',2,'Y','Y','N','Y',0,0,0,0,0,'N','N','N','STRING',2,'Y',0,'Y','Y','Y','NONE',NULL,NULL,NULL,NULL,'N','N',0,NULL,NULL,0);
INSERT INTO SM_FIELD_DEF (TABLE_ID,FIELD_NAME,JP_TITLE,US_TITLE,DB_TYPE,DB_LENGTH,IS_KEY,NOT_BLANK,IS_DUMMY,IS_SEARCH_ITEM,SORT_NO,TREE_LEVEL,SHEET_NO,PAGE_NO,PROPERTY_NO,IS_AUTO,IS_MANDATORY,SYSTEM_READONLY,FIELD_TYPE,FIELD_LENGTH,INPUT_ALPHABET,INPUT_MULTIBYTE,INPUT_NUMERIC,INPUT_SYMBOL,INPUT_UPPERCASE,RETRIEVAL_TABLE,FORMAT,DEFAULT_VALUE,MIN_VALUE,MAX_VALUE,CALENDAR_BUTTON,JUMP_BUTTON,OPEN_BUTTON,REF_TABLE_ID,REF_FIELD_NAME,SPECIAL_BUTTON) VALUES ('TBLID_BSYSTEM_DEF','SYSTEM_PRAM','SYSTEM_PRAM','SYSTEM_PRAM','STRING',30,'N','Y','N','Y',1,-1,0,0,1,'N','N','N','STRING',30,'Y',0,'Y','Y','Y','NONE',NULL,NULL,NULL,NULL,'N','N',0,NULL,NULL,0);
INSERT INTO SM_CHECK_DEF (TABLE_ID,CHECK_TYPE,CHECK_ORDER,CHECK_KIND,FIELD_NAME,REF_TABLE,REF_FIELD,EXPECT_VALUE,ERR_MSG) VALUES ('TBLID_BSYSTEM_DEF','SAVE',1,'NOTNULL','SYSTEM_DEF_ID',NULL,NULL,NULL,'SYSTEM_DEF_ID required');
INSERT INTO SM_CHECK_DEF (TABLE_ID,CHECK_TYPE,CHECK_ORDER,CHECK_KIND,FIELD_NAME,REF_TABLE,REF_FIELD,EXPECT_VALUE,ERR_MSG) VALUES ('TBLID_BSYSTEM_DEF','SAVE',2,'STAT_N',NULL,NULL,NULL,NULL,'Not editable');
INSERT INTO SM_CHECK_DEF (TABLE_ID,CHECK_TYPE,CHECK_ORDER,CHECK_KIND,FIELD_NAME,REF_TABLE,REF_FIELD,EXPECT_VALUE,ERR_MSG) VALUES ('TBLID_BSYSTEM_DEF','SAVE',3,'LOCK_FREE',NULL,NULL,NULL,NULL,'Locked');
INSERT INTO SM_CHECK_DEF (TABLE_ID,CHECK_TYPE,CHECK_ORDER,CHECK_KIND,FIELD_NAME,REF_TABLE,REF_FIELD,EXPECT_VALUE,ERR_MSG) VALUES ('TBLID_BSYSTEM_DEF','RELEASE',1,'NOTNULL','SYSTEM_DEF_ID',NULL,NULL,NULL,'SYSTEM_DEF_ID required');
INSERT INTO SM_CHECK_DEF (TABLE_ID,CHECK_TYPE,CHECK_ORDER,CHECK_KIND,FIELD_NAME,REF_TABLE,REF_FIELD,EXPECT_VALUE,ERR_MSG) VALUES ('TBLID_BSYSTEM_DEF','RELEASE',2,'STAT_N',NULL,NULL,NULL,NULL,'Not editable');
INSERT INTO SM_CHECK_DEF (TABLE_ID,CHECK_TYPE,CHECK_ORDER,CHECK_KIND,FIELD_NAME,REF_TABLE,REF_FIELD,EXPECT_VALUE,ERR_MSG) VALUES ('TBLID_BSYSTEM_DEF','RELEASE',3,'LOCK_FREE',NULL,NULL,NULL,NULL,'Locked');
INSERT INTO SM_CHECK_DEF (TABLE_ID,CHECK_TYPE,CHECK_ORDER,CHECK_KIND,FIELD_NAME,REF_TABLE,REF_FIELD,EXPECT_VALUE,ERR_MSG) VALUES ('TBLID_BSYSTEM_DEF','RELEASE',10,'RELEASE_PARAM','SYSTEM_DEF_ID','DSYSTEM_DEF',NULL,NULL,NULL);
INSERT INTO SM_CHECK_DEF (TABLE_ID,CHECK_TYPE,CHECK_ORDER,CHECK_KIND,FIELD_NAME,REF_TABLE,REF_FIELD,EXPECT_VALUE,ERR_MSG) VALUES ('TBLID_BSYSTEM_DEF','DELETE',1,'NOTNULL','SYSTEM_DEF_ID',NULL,NULL,NULL,'SYSTEM_DEF_ID required');
INSERT INTO SM_CHECK_DEF (TABLE_ID,CHECK_TYPE,CHECK_ORDER,CHECK_KIND,FIELD_NAME,REF_TABLE,REF_FIELD,EXPECT_VALUE,ERR_MSG) VALUES ('TBLID_BSYSTEM_DEF','DELETE',2,'STAT_Y',NULL,NULL,NULL,NULL,'Not released');
INSERT INTO SM_CHECK_DEF (TABLE_ID,CHECK_TYPE,CHECK_ORDER,CHECK_KIND,FIELD_NAME,REF_TABLE,REF_FIELD,EXPECT_VALUE,ERR_MSG) VALUES ('TBLID_BSYSTEM_DEF','DELETE',3,'LOCK_FREE',NULL,NULL,NULL,NULL,'Locked');
INSERT INTO SM_CHECK_DEF (TABLE_ID,CHECK_TYPE,CHECK_ORDER,CHECK_KIND,FIELD_NAME,REF_TABLE,REF_FIELD,EXPECT_VALUE,ERR_MSG) VALUES ('TBLID_BSYSTEM_DEF','EDITCOMP',1,'NOTNULL','SYSTEM_DEF_ID',NULL,NULL,NULL,'SYSTEM_DEF_ID required');
INSERT INTO SM_CHECK_DEF (TABLE_ID,CHECK_TYPE,CHECK_ORDER,CHECK_KIND,FIELD_NAME,REF_TABLE,REF_FIELD,EXPECT_VALUE,ERR_MSG) VALUES ('TBLID_BSYSTEM_DEF','EDITCOMP',2,'STAT_N',NULL,NULL,NULL,NULL,'Not editable');
INSERT INTO SM_CHECK_DEF (TABLE_ID,CHECK_TYPE,CHECK_ORDER,CHECK_KIND,FIELD_NAME,REF_TABLE,REF_FIELD,EXPECT_VALUE,ERR_MSG) VALUES ('TBLID_BSYSTEM_DEF','EDITCOMP',3,'LOCK_FREE',NULL,NULL,NULL,NULL,'Locked');
INSERT INTO SM_CHECK_DEF (TABLE_ID,CHECK_TYPE,CHECK_ORDER,CHECK_KIND,FIELD_NAME,REF_TABLE,REF_FIELD,EXPECT_VALUE,ERR_MSG) VALUES ('TBLID_BSYSTEM_DEF','EDITCOMP',4,'COMP_N',NULL,NULL,NULL,NULL,'Already complete');

INSERT INTO SM_TABLE_DEF (TABLE_ID,TABLE_NAME,JP_TITLE,US_TITLE,RELEASE_FLAG,DISTRIBUTE_FLAG,PERMISSION_TYPE,SCHEMA_TYPE,HAS_DUMMY,SORT_NO) VALUES ('TBLID_BSYSTEM_INI_TBL','BSYSTEM_INI_TBL','BSYSTEM_INI_TBL','BSYSTEM_INI_TBL','Y','N','C','L','N',1100);
INSERT INTO SM_FIELD_DEF (TABLE_ID,FIELD_NAME,JP_TITLE,US_TITLE,DB_TYPE,DB_LENGTH,IS_KEY,NOT_BLANK,IS_DUMMY,IS_SEARCH_ITEM,SORT_NO,TREE_LEVEL,SHEET_NO,PAGE_NO,PROPERTY_NO,IS_AUTO,IS_MANDATORY,SYSTEM_READONLY,FIELD_TYPE,FIELD_LENGTH,INPUT_ALPHABET,INPUT_MULTIBYTE,INPUT_NUMERIC,INPUT_SYMBOL,INPUT_UPPERCASE,RETRIEVAL_TABLE,FORMAT,DEFAULT_VALUE,MIN_VALUE,MAX_VALUE,CALENDAR_BUTTON,JUMP_BUTTON,OPEN_BUTTON,REF_TABLE_ID,REF_FIELD_NAME,SPECIAL_BUTTON) VALUES ('TBLID_BSYSTEM_INI_TBL','MODULE_CAT','MODULE_CAT','MODULE_CAT','STRING',10,'Y','Y','N','Y',0,0,0,0,0,'N','N','N','STRING',10,'Y',0,'Y','Y','Y','NONE',NULL,NULL,NULL,NULL,'N','N',0,NULL,NULL,0);
INSERT INTO SM_FIELD_DEF (TABLE_ID,FIELD_NAME,JP_TITLE,US_TITLE,DB_TYPE,DB_LENGTH,IS_KEY,NOT_BLANK,IS_DUMMY,IS_SEARCH_ITEM,SORT_NO,TREE_LEVEL,SHEET_NO,PAGE_NO,PROPERTY_NO,IS_AUTO,IS_MANDATORY,SYSTEM_READONLY,FIELD_TYPE,FIELD_LENGTH,INPUT_ALPHABET,INPUT_MULTIBYTE,INPUT_NUMERIC,INPUT_SYMBOL,INPUT_UPPERCASE,RETRIEVAL_TABLE,FORMAT,DEFAULT_VALUE,MIN_VALUE,MAX_VALUE,CALENDAR_BUTTON,JUMP_BUTTON,OPEN_BUTTON,REF_TABLE_ID,REF_FIELD_NAME,SPECIAL_BUTTON) VALUES ('TBLID_BSYSTEM_INI_TBL','ITEM_CAT','ITEM_CAT','ITEM_CAT','STRING',40,'N','Y','N','Y',1,-1,0,0,1,'N','N','N','STRING',40,'Y',0,'Y','Y','Y','NONE',NULL,NULL,NULL,NULL,'N','N',0,NULL,NULL,0);
INSERT INTO SM_FIELD_DEF (TABLE_ID,FIELD_NAME,JP_TITLE,US_TITLE,DB_TYPE,DB_LENGTH,IS_KEY,NOT_BLANK,IS_DUMMY,IS_SEARCH_ITEM,SORT_NO,TREE_LEVEL,SHEET_NO,PAGE_NO,PROPERTY_NO,IS_AUTO,IS_MANDATORY,SYSTEM_READONLY,FIELD_TYPE,FIELD_LENGTH,INPUT_ALPHABET,INPUT_MULTIBYTE,INPUT_NUMERIC,INPUT_SYMBOL,INPUT_UPPERCASE,RETRIEVAL_TABLE,FORMAT,DEFAULT_VALUE,MIN_VALUE,MAX_VALUE,CALENDAR_BUTTON,JUMP_BUTTON,OPEN_BUTTON,REF_TABLE_ID,REF_FIELD_NAME,SPECIAL_BUTTON) VALUES ('TBLID_BSYSTEM_INI_TBL','ITEM_CODE','ITEM_CODE','ITEM_CODE','STRING',40,'N','Y','N','Y',2,-1,0,0,2,'N','N','N','STRING',40,'Y',0,'Y','Y','Y','NONE',NULL,NULL,NULL,NULL,'N','N',0,NULL,NULL,0);
INSERT INTO SM_FIELD_DEF (TABLE_ID,FIELD_NAME,JP_TITLE,US_TITLE,DB_TYPE,DB_LENGTH,IS_KEY,NOT_BLANK,IS_DUMMY,IS_SEARCH_ITEM,SORT_NO,TREE_LEVEL,SHEET_NO,PAGE_NO,PROPERTY_NO,IS_AUTO,IS_MANDATORY,SYSTEM_READONLY,FIELD_TYPE,FIELD_LENGTH,INPUT_ALPHABET,INPUT_MULTIBYTE,INPUT_NUMERIC,INPUT_SYMBOL,INPUT_UPPERCASE,RETRIEVAL_TABLE,FORMAT,DEFAULT_VALUE,MIN_VALUE,MAX_VALUE,CALENDAR_BUTTON,JUMP_BUTTON,OPEN_BUTTON,REF_TABLE_ID,REF_FIELD_NAME,SPECIAL_BUTTON) VALUES ('TBLID_BSYSTEM_INI_TBL','SEQ_NO','SEQ_NO','SEQ_NO','NUMBER',0,'N','Y','N','Y',3,-1,0,0,3,'N','N','N','STRING',0,'Y',0,'Y','Y','Y','NONE',NULL,NULL,NULL,NULL,'N','N',0,NULL,NULL,0);
INSERT INTO SM_FIELD_DEF (TABLE_ID,FIELD_NAME,JP_TITLE,US_TITLE,DB_TYPE,DB_LENGTH,IS_KEY,NOT_BLANK,IS_DUMMY,IS_SEARCH_ITEM,SORT_NO,TREE_LEVEL,SHEET_NO,PAGE_NO,PROPERTY_NO,IS_AUTO,IS_MANDATORY,SYSTEM_READONLY,FIELD_TYPE,FIELD_LENGTH,INPUT_ALPHABET,INPUT_MULTIBYTE,INPUT_NUMERIC,INPUT_SYMBOL,INPUT_UPPERCASE,RETRIEVAL_TABLE,FORMAT,DEFAULT_VALUE,MIN_VALUE,MAX_VALUE,CALENDAR_BUTTON,JUMP_BUTTON,OPEN_BUTTON,REF_TABLE_ID,REF_FIELD_NAME,SPECIAL_BUTTON) VALUES ('TBLID_BSYSTEM_INI_TBL','ITEM_DATA','ITEM_DATA','ITEM_DATA','STRING',128,'N','Y','N','Y',4,-1,0,0,4,'N','N','N','STRING',128,'Y',0,'Y','Y','Y','NONE',NULL,NULL,NULL,NULL,'N','N',0,NULL,NULL,0);
INSERT INTO SM_FIELD_DEF (TABLE_ID,FIELD_NAME,JP_TITLE,US_TITLE,DB_TYPE,DB_LENGTH,IS_KEY,NOT_BLANK,IS_DUMMY,IS_SEARCH_ITEM,SORT_NO,TREE_LEVEL,SHEET_NO,PAGE_NO,PROPERTY_NO,IS_AUTO,IS_MANDATORY,SYSTEM_READONLY,FIELD_TYPE,FIELD_LENGTH,INPUT_ALPHABET,INPUT_MULTIBYTE,INPUT_NUMERIC,INPUT_SYMBOL,INPUT_UPPERCASE,RETRIEVAL_TABLE,FORMAT,DEFAULT_VALUE,MIN_VALUE,MAX_VALUE,CALENDAR_BUTTON,JUMP_BUTTON,OPEN_BUTTON,REF_TABLE_ID,REF_FIELD_NAME,SPECIAL_BUTTON) VALUES ('TBLID_BSYSTEM_INI_TBL','ITEM_DATA_DESC','ITEM_DATA_DESC','ITEM_DATA_DESC','STRING',80,'N','Y','N','Y',5,-1,0,0,5,'N','N','N','STRING',80,'Y',0,'Y','Y','Y','NONE',NULL,NULL,NULL,NULL,'N','N',0,NULL,NULL,0);
INSERT INTO SM_CHECK_DEF (TABLE_ID,CHECK_TYPE,CHECK_ORDER,CHECK_KIND,FIELD_NAME,REF_TABLE,REF_FIELD,EXPECT_VALUE,ERR_MSG) VALUES ('TBLID_BSYSTEM_INI_TBL','SAVE',1,'NOTNULL','MODULE_CAT',NULL,NULL,NULL,'MODULE_CAT required');
INSERT INTO SM_CHECK_DEF (TABLE_ID,CHECK_TYPE,CHECK_ORDER,CHECK_KIND,FIELD_NAME,REF_TABLE,REF_FIELD,EXPECT_VALUE,ERR_MSG) VALUES ('TBLID_BSYSTEM_INI_TBL','SAVE',2,'STAT_N',NULL,NULL,NULL,NULL,'Not editable');
INSERT INTO SM_CHECK_DEF (TABLE_ID,CHECK_TYPE,CHECK_ORDER,CHECK_KIND,FIELD_NAME,REF_TABLE,REF_FIELD,EXPECT_VALUE,ERR_MSG) VALUES ('TBLID_BSYSTEM_INI_TBL','SAVE',3,'LOCK_FREE',NULL,NULL,NULL,NULL,'Locked');
INSERT INTO SM_CHECK_DEF (TABLE_ID,CHECK_TYPE,CHECK_ORDER,CHECK_KIND,FIELD_NAME,REF_TABLE,REF_FIELD,EXPECT_VALUE,ERR_MSG) VALUES ('TBLID_BSYSTEM_INI_TBL','RELEASE',1,'NOTNULL','MODULE_CAT',NULL,NULL,NULL,'MODULE_CAT required');
INSERT INTO SM_CHECK_DEF (TABLE_ID,CHECK_TYPE,CHECK_ORDER,CHECK_KIND,FIELD_NAME,REF_TABLE,REF_FIELD,EXPECT_VALUE,ERR_MSG) VALUES ('TBLID_BSYSTEM_INI_TBL','RELEASE',2,'STAT_N',NULL,NULL,NULL,NULL,'Not editable');
INSERT INTO SM_CHECK_DEF (TABLE_ID,CHECK_TYPE,CHECK_ORDER,CHECK_KIND,FIELD_NAME,REF_TABLE,REF_FIELD,EXPECT_VALUE,ERR_MSG) VALUES ('TBLID_BSYSTEM_INI_TBL','RELEASE',3,'LOCK_FREE',NULL,NULL,NULL,NULL,'Locked');
INSERT INTO SM_CHECK_DEF (TABLE_ID,CHECK_TYPE,CHECK_ORDER,CHECK_KIND,FIELD_NAME,REF_TABLE,REF_FIELD,EXPECT_VALUE,ERR_MSG) VALUES ('TBLID_BSYSTEM_INI_TBL','RELEASE',10,'RELEASE_PARAM','MODULE_CAT','DSYSTEM_INI_TBL',NULL,NULL,NULL);
INSERT INTO SM_CHECK_DEF (TABLE_ID,CHECK_TYPE,CHECK_ORDER,CHECK_KIND,FIELD_NAME,REF_TABLE,REF_FIELD,EXPECT_VALUE,ERR_MSG) VALUES ('TBLID_BSYSTEM_INI_TBL','DELETE',1,'NOTNULL','MODULE_CAT',NULL,NULL,NULL,'MODULE_CAT required');
INSERT INTO SM_CHECK_DEF (TABLE_ID,CHECK_TYPE,CHECK_ORDER,CHECK_KIND,FIELD_NAME,REF_TABLE,REF_FIELD,EXPECT_VALUE,ERR_MSG) VALUES ('TBLID_BSYSTEM_INI_TBL','DELETE',2,'STAT_Y',NULL,NULL,NULL,NULL,'Not released');
INSERT INTO SM_CHECK_DEF (TABLE_ID,CHECK_TYPE,CHECK_ORDER,CHECK_KIND,FIELD_NAME,REF_TABLE,REF_FIELD,EXPECT_VALUE,ERR_MSG) VALUES ('TBLID_BSYSTEM_INI_TBL','DELETE',3,'LOCK_FREE',NULL,NULL,NULL,NULL,'Locked');
INSERT INTO SM_CHECK_DEF (TABLE_ID,CHECK_TYPE,CHECK_ORDER,CHECK_KIND,FIELD_NAME,REF_TABLE,REF_FIELD,EXPECT_VALUE,ERR_MSG) VALUES ('TBLID_BSYSTEM_INI_TBL','EDITCOMP',1,'NOTNULL','MODULE_CAT',NULL,NULL,NULL,'MODULE_CAT required');
INSERT INTO SM_CHECK_DEF (TABLE_ID,CHECK_TYPE,CHECK_ORDER,CHECK_KIND,FIELD_NAME,REF_TABLE,REF_FIELD,EXPECT_VALUE,ERR_MSG) VALUES ('TBLID_BSYSTEM_INI_TBL','EDITCOMP',2,'STAT_N',NULL,NULL,NULL,NULL,'Not editable');
INSERT INTO SM_CHECK_DEF (TABLE_ID,CHECK_TYPE,CHECK_ORDER,CHECK_KIND,FIELD_NAME,REF_TABLE,REF_FIELD,EXPECT_VALUE,ERR_MSG) VALUES ('TBLID_BSYSTEM_INI_TBL','EDITCOMP',3,'LOCK_FREE',NULL,NULL,NULL,NULL,'Locked');
INSERT INTO SM_CHECK_DEF (TABLE_ID,CHECK_TYPE,CHECK_ORDER,CHECK_KIND,FIELD_NAME,REF_TABLE,REF_FIELD,EXPECT_VALUE,ERR_MSG) VALUES ('TBLID_BSYSTEM_INI_TBL','EDITCOMP',4,'COMP_N',NULL,NULL,NULL,NULL,'Already complete');


-- MENU_GROUP configuration
UPDATE SM_TABLE_DEF SET MENU_GROUP = 'Route' WHERE TABLE_ID IN ('TBLID_BROUTE','TBLID_BMROUTE','TBLID_BOPE','TBLID_BROUTECNCT');
UPDATE SM_TABLE_DEF SET MENU_GROUP = 'Product' WHERE TABLE_ID IN ('TBLID_BPROD','TBLID_BPRODCODE','TBLID_BLABEL_PRINTER','TBLID_BPRINT_TYPE','TBLID_BRECIP_LOOKUP','TBLID_BRECIP_PRAM','TBLID_BIL_PRE_CTRL','TBLID_BCOM_BATCH','TBLID_BCOM_MON_BATCH','TBLID_BPRE_TARGET_MS','TBLID_BPROD_02','TBLID_BEP_MEAS_NUM','TBLID_BPROD_DIV_ORG','TBLID_BMULTI_RECIP_SET','TBLID_BPROD_CHG_SPEC','TBLID_BPROD_BINCODE');
UPDATE SM_TABLE_DEF SET MENU_GROUP = 'Measurement' WHERE TABLE_ID IN ('TBLID_BMEAS_LOOKUP','TBLID_BMEAS_ID','TBLID_BMEAS_ITEM','TBLID_BMEAS_PROD');
UPDATE SM_TABLE_DEF SET MENU_GROUP = 'ProcessData' WHERE TABLE_ID IN ('TBLID_BPROCDATA_LOOKUP','TBLID_BPROCDATA_ID','TBLID_BPROCDATA_ITEM');
UPDATE SM_TABLE_DEF SET MENU_GROUP = 'Equipment' WHERE TABLE_ID IN ('TBLID_BEQPG','TBLID_BEQP','TBLID_BAREA','TBLID_BEQP_RECIP','TBLID_BMTL_PROD','TBLID_BMTL_ITEM','TBLID_BEQP_MTL','TBLID_BEQPRT','TBLID_BOPEMONI_INPUT_ADMIN','TBLID_BEQP_USER','TBLID_BMTL_PROD_FIT','TBLID_BCARRY_PORT_DSP_AREA','TBLID_BEQP_STAT_CONST');
UPDATE SM_TABLE_DEF SET MENU_GROUP = 'Stocker' WHERE TABLE_ID IN ('TBLID_BSTKOUTLET','TBLID_BSTK','TBLID_BEMPCAR_SC','TBLID_BEMP_CARRY_PORT','TBLID_BSTK_CARG');
UPDATE SM_TABLE_DEF SET MENU_GROUP = 'Cassette' WHERE TABLE_ID IN ('TBLID_BCARG','TBLID_BCARTYPE');
UPDATE SM_TABLE_DEF SET MENU_GROUP = 'User' WHERE TABLE_ID IN ('TBLID_BUSER','TBLID_BEQP_MAILADRESS','TBLID_BUSERG','TBLID_BUSERG_FUNC');
UPDATE SM_TABLE_DEF SET MENU_GROUP = 'Stage' WHERE TABLE_ID IN ('TBLID_BSTGG','TBLID_BSTG');
UPDATE SM_TABLE_DEF SET MENU_GROUP = 'Compile' WHERE TABLE_ID IN ('TBLID_BCMPL_MODE','TBLID_BCMPL_DEST_TYPE','TBLID_BCMPL_DEST_CAT');
UPDATE SM_TABLE_DEF SET MENU_GROUP = 'Others' WHERE TABLE_ID IN ('TBLID_BCODE','TBLID_BCALND','TBLID_BHOLDCODE','TBLID_BREJECTCODE','TBLID_BREJECTCODE_STGG','TBLID_BREJECTCODE_STG','TBLID_BINSPJDG','TBLID_BQTIME','TBLID_BEPMONI','TBLID_BPWSMPLCASETCON','TBLID_BINSP_MEAS_ITEM','TBLID_BSYSTEM_DEF','TBLID_BSYSTEM_INI_TBL','TBLID_BINSPUSED','TBLID_BMAC_NUM_CONV','TBLID_BLMG','TBLID_BLM_PTN','TBLID_BFTPINFO','TBLID_BRP_INSP_USED','TBLID_BCARRY_PORT_DEF','TBLID_BDUMMY_WAF_SET','TBLID_BCARRY_PORT_EQP');

-- SM_DRILL_DEF config
INSERT INTO SM_DRILL_DEF (SOURCE_TABLE_ID, TARGET_TABLE_ID, LABEL, SORT_NO) VALUES
('TBLID_BROUTE', 'TBLID_BROUTE_MROUTE', 'Module Route', 1),
('TBLID_BROUTE', 'TBLID_BROUTECNCT', 'Route Connect', 2),
('TBLID_BROUTE', 'TBLID_BQTIME', 'Qtime', 3),
('TBLID_BOPE', 'TBLID_BMROUTE_OPE', 'Module Route Ope', 1),
('TBLID_BEQP', 'TBLID_BEQP_RECIP', 'Eqp Recipe', 1);
UPDATE SM_TABLE_DEF SET MENU_GROUP = 'Product' WHERE TABLE_ID = 'TBLID_BPROD';
UPDATE SM_TABLE_DEF SET MENU_GROUP = 'Others' WHERE TABLE_ID = 'TBLID_BCALND';
UPDATE SM_TABLE_DEF SET MENU_GROUP = 'User' WHERE TABLE_ID = 'TBLID_BUSERG';
UPDATE SM_TABLE_DEF SET MENU_GROUP = 'Others' WHERE TABLE_ID = 'TBLID_BCODE';
UPDATE SM_TABLE_DEF SET MENU_GROUP = 'Equipment' WHERE TABLE_ID = 'TBLID_BEQPG_EQP';
UPDATE SM_TABLE_DEF SET MENU_GROUP = 'Route' WHERE TABLE_ID = 'TBLID_BROUTE_MROUTE';
UPDATE SM_TABLE_DEF SET MENU_GROUP = 'Route' WHERE TABLE_ID = 'TBLID_BMROUTE_OPE';
UPDATE SM_TABLE_DEF SET MENU_GROUP = 'Stage' WHERE TABLE_ID = 'TBLID_BSTGG_STG';
UPDATE SM_TABLE_DEF SET MENU_GROUP = 'Stocker' WHERE TABLE_ID = 'TBLID_BSTK_AREA';
UPDATE SM_TABLE_DEF SET MENU_GROUP = 'ProcessData' WHERE TABLE_ID = 'TBLID_BPROCDATA_ID_ITEM';
UPDATE SM_TABLE_DEF SET MENU_GROUP = 'Measurement' WHERE TABLE_ID = 'TBLID_BMEAS_ID_ITEM';
UPDATE SM_TABLE_DEF SET MENU_GROUP = 'Product' WHERE TABLE_ID = 'TBLID_BPROD_X';
UPDATE SM_TABLE_DEF SET MENU_GROUP = 'Product' WHERE TABLE_ID = 'TBLID_BPROD_TST';
-- Fix composite keys: BROUTE(ROUTE_ID+ROUTE_VER), BOPE(OPE_ID), etc.
UPDATE SM_FIELD_DEF SET IS_KEY = 'Y' WHERE TABLE_ID = 'TBLID_BROUTE' AND FIELD_NAME = 'ROUTE_VER';
UPDATE SM_FIELD_DEF SET IS_KEY = 'Y' WHERE TABLE_ID = 'TBLID_BROUTE_MROUTE' AND FIELD_NAME = 'MROUTE_ID';

-- Fix composite primary keys


UPDATE SM_FIELD_DEF SET IS_KEY = 'Y' WHERE TABLE_ID = 'TBLID_BROUTE' AND FIELD_NAME = 'ROUTE_ID';
UPDATE SM_FIELD_DEF SET IS_KEY = 'Y' WHERE TABLE_ID = 'TBLID_BROUTE' AND FIELD_NAME = 'ROUTE_VER';
UPDATE SM_FIELD_DEF SET IS_KEY = 'Y' WHERE TABLE_ID = 'TBLID_BROUTE_MROUTE' AND FIELD_NAME = 'ROUTE_ID';
UPDATE SM_FIELD_DEF SET IS_KEY = 'Y' WHERE TABLE_ID = 'TBLID_BROUTE_MROUTE' AND FIELD_NAME = 'ROUTE_VER';
UPDATE SM_FIELD_DEF SET IS_KEY = 'Y' WHERE TABLE_ID = 'TBLID_BROUTE_MROUTE' AND FIELD_NAME = 'MROUTE_SEQ_NO';
UPDATE SM_FIELD_DEF SET IS_KEY = 'Y' WHERE TABLE_ID = 'TBLID_BMROUTE' AND FIELD_NAME = 'MROUTE_ID';
UPDATE SM_FIELD_DEF SET IS_KEY = 'Y' WHERE TABLE_ID = 'TBLID_BMROUTE' AND FIELD_NAME = 'MROUTE_VER';
UPDATE SM_FIELD_DEF SET IS_KEY = 'Y' WHERE TABLE_ID = 'TBLID_BMROUTE_OPE' AND FIELD_NAME = 'MROUTE_ID';
UPDATE SM_FIELD_DEF SET IS_KEY = 'Y' WHERE TABLE_ID = 'TBLID_BMROUTE_OPE' AND FIELD_NAME = 'MROUTE_VER';
UPDATE SM_FIELD_DEF SET IS_KEY = 'Y' WHERE TABLE_ID = 'TBLID_BMROUTE_OPE' AND FIELD_NAME = 'OPE_SEQ_NO';
UPDATE SM_FIELD_DEF SET IS_KEY = 'Y' WHERE TABLE_ID = 'TBLID_BROUTECNCT' AND FIELD_NAME = 'SUB_ROUTE_ID';
UPDATE SM_FIELD_DEF SET IS_KEY = 'Y' WHERE TABLE_ID = 'TBLID_BROUTECNCT' AND FIELD_NAME = 'SUB_ROUTE_VER';
UPDATE SM_FIELD_DEF SET IS_KEY = 'Y' WHERE TABLE_ID = 'TBLID_BROUTECNCT' AND FIELD_NAME = 'SPLIT_ROUTE_ID';
UPDATE SM_FIELD_DEF SET IS_KEY = 'Y' WHERE TABLE_ID = 'TBLID_BROUTECNCT' AND FIELD_NAME = 'SPLIT_ROUTE_VER';
UPDATE SM_FIELD_DEF SET IS_KEY = 'Y' WHERE TABLE_ID = 'TBLID_BROUTECNCT' AND FIELD_NAME = 'SPLIT_OPE_NO';
UPDATE SM_FIELD_DEF SET IS_KEY = 'Y' WHERE TABLE_ID = 'TBLID_BROUTECNCT' AND FIELD_NAME = 'RET_ROUTE_ID';
UPDATE SM_FIELD_DEF SET IS_KEY = 'Y' WHERE TABLE_ID = 'TBLID_BROUTECNCT' AND FIELD_NAME = 'RET_ROUTE_VER';
UPDATE SM_FIELD_DEF SET IS_KEY = 'Y' WHERE TABLE_ID = 'TBLID_BROUTECNCT' AND FIELD_NAME = 'RET_OPE_NO';
UPDATE SM_FIELD_DEF SET IS_KEY = 'Y' WHERE TABLE_ID = 'TBLID_BPRODCODE' AND FIELD_NAME = 'PROD_CODE_CAT';
UPDATE SM_FIELD_DEF SET IS_KEY = 'Y' WHERE TABLE_ID = 'TBLID_BPRODCODE' AND FIELD_NAME = 'PROD_CODE_ID';
UPDATE SM_FIELD_DEF SET IS_KEY = 'Y' WHERE TABLE_ID = 'TBLID_BRECIP_LOOKUP' AND FIELD_NAME = 'ROUTE_ID';
UPDATE SM_FIELD_DEF SET IS_KEY = 'Y' WHERE TABLE_ID = 'TBLID_BRECIP_LOOKUP' AND FIELD_NAME = 'ROUTE_VER';
UPDATE SM_FIELD_DEF SET IS_KEY = 'Y' WHERE TABLE_ID = 'TBLID_BRECIP_LOOKUP' AND FIELD_NAME = 'OPE_NO';
UPDATE SM_FIELD_DEF SET IS_KEY = 'Y' WHERE TABLE_ID = 'TBLID_BRECIP_LOOKUP' AND FIELD_NAME = 'PROD_ID';
UPDATE SM_FIELD_DEF SET IS_KEY = 'Y' WHERE TABLE_ID = 'TBLID_BRECIP_LOOKUP' AND FIELD_NAME = 'EQP_ID';
UPDATE SM_FIELD_DEF SET IS_KEY = 'Y' WHERE TABLE_ID = 'TBLID_BRECIP_PRAM' AND FIELD_NAME = 'EQP_ID';
UPDATE SM_FIELD_DEF SET IS_KEY = 'Y' WHERE TABLE_ID = 'TBLID_BRECIP_PRAM' AND FIELD_NAME = 'RECIP_ID';
UPDATE SM_FIELD_DEF SET IS_KEY = 'Y' WHERE TABLE_ID = 'TBLID_BRECIP_PRAM' AND FIELD_NAME = 'RECIP_PRAM_ID';
UPDATE SM_FIELD_DEF SET IS_KEY = 'Y' WHERE TABLE_ID = 'TBLID_BEQP_RECIP' AND FIELD_NAME = 'EQP_ID';
UPDATE SM_FIELD_DEF SET IS_KEY = 'Y' WHERE TABLE_ID = 'TBLID_BEQP_RECIP' AND FIELD_NAME = 'RECIP_ID';
UPDATE SM_FIELD_DEF SET IS_KEY = 'Y' WHERE TABLE_ID = 'TBLID_BMEAS_LOOKUP' AND FIELD_NAME = 'ROUTE_ID';
UPDATE SM_FIELD_DEF SET IS_KEY = 'Y' WHERE TABLE_ID = 'TBLID_BMEAS_LOOKUP' AND FIELD_NAME = 'ROUTE_VER';
UPDATE SM_FIELD_DEF SET IS_KEY = 'Y' WHERE TABLE_ID = 'TBLID_BMEAS_LOOKUP' AND FIELD_NAME = 'OPE_NO';
UPDATE SM_FIELD_DEF SET IS_KEY = 'Y' WHERE TABLE_ID = 'TBLID_BMEAS_LOOKUP' AND FIELD_NAME = 'PROD_ID';
UPDATE SM_FIELD_DEF SET IS_KEY = 'Y' WHERE TABLE_ID = 'TBLID_BMEAS_LOOKUP' AND FIELD_NAME = 'EQP_ID';
UPDATE SM_FIELD_DEF SET IS_KEY = 'Y' WHERE TABLE_ID = 'TBLID_BPROCDATA_LOOKUP' AND FIELD_NAME = 'ROUTE_ID';
UPDATE SM_FIELD_DEF SET IS_KEY = 'Y' WHERE TABLE_ID = 'TBLID_BPROCDATA_LOOKUP' AND FIELD_NAME = 'ROUTE_VER';
UPDATE SM_FIELD_DEF SET IS_KEY = 'Y' WHERE TABLE_ID = 'TBLID_BPROCDATA_LOOKUP' AND FIELD_NAME = 'OPE_NO';
UPDATE SM_FIELD_DEF SET IS_KEY = 'Y' WHERE TABLE_ID = 'TBLID_BPROCDATA_LOOKUP' AND FIELD_NAME = 'PROD_ID';
UPDATE SM_FIELD_DEF SET IS_KEY = 'Y' WHERE TABLE_ID = 'TBLID_BPROCDATA_LOOKUP' AND FIELD_NAME = 'EQP_ID';
UPDATE SM_FIELD_DEF SET IS_KEY = 'Y' WHERE TABLE_ID = 'TBLID_BPROCDATA_ID' AND FIELD_NAME = 'PROCDATA_ID';
UPDATE SM_FIELD_DEF SET IS_KEY = 'Y' WHERE TABLE_ID = 'TBLID_BPROCDATA_ITEM' AND FIELD_NAME = 'PROCDATA_ITEM';
UPDATE SM_FIELD_DEF SET IS_KEY = 'Y' WHERE TABLE_ID = 'TBLID_BEQPG' AND FIELD_NAME = 'EQPG_ID';
UPDATE SM_FIELD_DEF SET IS_KEY = 'Y' WHERE TABLE_ID = 'TBLID_BEQPG_EQP' AND FIELD_NAME = 'EQPG_ID';
UPDATE SM_FIELD_DEF SET IS_KEY = 'Y' WHERE TABLE_ID = 'TBLID_BEQPG_EQP' AND FIELD_NAME = 'EQP_ID';
UPDATE SM_FIELD_DEF SET IS_KEY = 'Y' WHERE TABLE_ID = 'TBLID_BEQP_AREA' AND FIELD_NAME = 'EQP_ID';
UPDATE SM_FIELD_DEF SET IS_KEY = 'Y' WHERE TABLE_ID = 'TBLID_BEQP_AREA' AND FIELD_NAME = 'AREA_ID';
UPDATE SM_FIELD_DEF SET IS_KEY = 'Y' WHERE TABLE_ID = 'TBLID_BSTK_AREA' AND FIELD_NAME = 'STK_ID';
UPDATE SM_FIELD_DEF SET IS_KEY = 'Y' WHERE TABLE_ID = 'TBLID_BSTK_AREA' AND FIELD_NAME = 'AREA_ID';
UPDATE SM_FIELD_DEF SET IS_KEY = 'Y' WHERE TABLE_ID = 'TBLID_BSTKOUTLET' AND FIELD_NAME = 'STK_ID';
UPDATE SM_FIELD_DEF SET IS_KEY = 'Y' WHERE TABLE_ID = 'TBLID_BSTKOUTLET' AND FIELD_NAME = 'OUTLET_ID';
UPDATE SM_FIELD_DEF SET IS_KEY = 'Y' WHERE TABLE_ID = 'TBLID_BCARG' AND FIELD_NAME = 'CARG_ID';
UPDATE SM_FIELD_DEF SET IS_KEY = 'Y' WHERE TABLE_ID = 'TBLID_BCARTYPE' AND FIELD_NAME = 'CAR_TYPE';
UPDATE SM_FIELD_DEF SET IS_KEY = 'Y' WHERE TABLE_ID = 'TBLID_BUSER' AND FIELD_NAME = 'USER_ID';
UPDATE SM_FIELD_DEF SET IS_KEY = 'Y' WHERE TABLE_ID = 'TBLID_BCODE' AND FIELD_NAME = 'CODE_CAT';
UPDATE SM_FIELD_DEF SET IS_KEY = 'Y' WHERE TABLE_ID = 'TBLID_BCODE' AND FIELD_NAME = 'CODE_ID';
UPDATE SM_FIELD_DEF SET IS_KEY = 'Y' WHERE TABLE_ID = 'TBLID_BHOLDCODE' AND FIELD_NAME = 'HOLD_TYPE';
UPDATE SM_FIELD_DEF SET IS_KEY = 'Y' WHERE TABLE_ID = 'TBLID_BHOLDCODE' AND FIELD_NAME = 'HOLD_RSN_CODE';
UPDATE SM_FIELD_DEF SET IS_KEY = 'Y' WHERE TABLE_ID = 'TBLID_BREJECTCODE' AND FIELD_NAME = 'OPE_ID';
UPDATE SM_FIELD_DEF SET IS_KEY = 'Y' WHERE TABLE_ID = 'TBLID_BREJECTCODE' AND FIELD_NAME = 'REJRSN_CODE_CAT';
UPDATE SM_FIELD_DEF SET IS_KEY = 'Y' WHERE TABLE_ID = 'TBLID_BREJECTCODE' AND FIELD_NAME = 'REJRSN_CODE';
UPDATE SM_FIELD_DEF SET IS_KEY = 'Y' WHERE TABLE_ID = 'TBLID_BREJECTCODE_STGG' AND FIELD_NAME = 'REJRSN_CODE_STGG_ID';
UPDATE SM_FIELD_DEF SET IS_KEY = 'Y' WHERE TABLE_ID = 'TBLID_BREJECTCODE_STGG_STG' AND FIELD_NAME = 'REJRSN_CODE_STGG_ID';
UPDATE SM_FIELD_DEF SET IS_KEY = 'Y' WHERE TABLE_ID = 'TBLID_BREJECTCODE_STGG_STG' AND FIELD_NAME = 'REJRSN_CODE_STG_ID';
UPDATE SM_FIELD_DEF SET IS_KEY = 'Y' WHERE TABLE_ID = 'TBLID_BREJECTCODE_STG' AND FIELD_NAME = 'REJRSN_CODE_STG_ID';
UPDATE SM_FIELD_DEF SET IS_KEY = 'Y' WHERE TABLE_ID = 'TBLID_BCALND' AND FIELD_NAME = 'DATE';
UPDATE SM_FIELD_DEF SET IS_KEY = 'Y' WHERE TABLE_ID = 'TBLID_BINSPJDG' AND FIELD_NAME = 'MEAS_ITEM';
UPDATE SM_FIELD_DEF SET IS_KEY = 'Y' WHERE TABLE_ID = 'TBLID_BINSPJDG' AND FIELD_NAME = 'MEAS_DATA';
UPDATE SM_FIELD_DEF SET IS_KEY = 'Y' WHERE TABLE_ID = 'TBLID_BQTIME' AND FIELD_NAME = 'ROUTE_ID';
UPDATE SM_FIELD_DEF SET IS_KEY = 'Y' WHERE TABLE_ID = 'TBLID_BQTIME' AND FIELD_NAME = 'ROUTE_VER';
UPDATE SM_FIELD_DEF SET IS_KEY = 'Y' WHERE TABLE_ID = 'TBLID_BQTIME' AND FIELD_NAME = 'OPE_NO';
UPDATE SM_FIELD_DEF SET IS_KEY = 'Y' WHERE TABLE_ID = 'TBLID_BQTIME' AND FIELD_NAME = 'TARGET_OPE_NO';
UPDATE SM_FIELD_DEF SET IS_KEY = 'Y' WHERE TABLE_ID = 'TBLID_BSTGG' AND FIELD_NAME = 'STGG_ID';
UPDATE SM_FIELD_DEF SET IS_KEY = 'Y' WHERE TABLE_ID = 'TBLID_BSTGG_STG' AND FIELD_NAME = 'STGG_ID';
UPDATE SM_FIELD_DEF SET IS_KEY = 'Y' WHERE TABLE_ID = 'TBLID_BSTGG_STG' AND FIELD_NAME = 'STG_ID';
UPDATE SM_FIELD_DEF SET IS_KEY = 'Y' WHERE TABLE_ID = 'TBLID_BSTG' AND FIELD_NAME = 'STG_ID';
UPDATE SM_FIELD_DEF SET IS_KEY = 'Y' WHERE TABLE_ID = 'TBLID_BEPMONI' AND FIELD_NAME = 'EP_MON_CON_ID';
UPDATE SM_FIELD_DEF SET IS_KEY = 'Y' WHERE TABLE_ID = 'TBLID_BEPMONI' AND FIELD_NAME = 'SLOT_NO';
UPDATE SM_FIELD_DEF SET IS_KEY = 'Y' WHERE TABLE_ID = 'TBLID_BINSP_MEAS_ITEM' AND FIELD_NAME = 'INSP_USED_ID';
UPDATE SM_FIELD_DEF SET IS_KEY = 'Y' WHERE TABLE_ID = 'TBLID_BINSP_MEAS_ITEM' AND FIELD_NAME = 'MEAS_ITEM';
UPDATE SM_FIELD_DEF SET IS_KEY = 'Y' WHERE TABLE_ID = 'TBLID_BSYSTEM_DEF' AND FIELD_NAME = 'SYSTEM_DEF_ID';
UPDATE SM_FIELD_DEF SET IS_KEY = 'Y' WHERE TABLE_ID = 'TBLID_BIL_PRE_CTRL' AND FIELD_NAME = 'PROD_ID';
UPDATE SM_FIELD_DEF SET IS_KEY = 'Y' WHERE TABLE_ID = 'TBLID_BIL_PRE_CTRL' AND FIELD_NAME = 'IL_PRE_INSP_CAT';
UPDATE SM_FIELD_DEF SET IS_KEY = 'Y' WHERE TABLE_ID = 'TBLID_BIL_PRE_CTRL' AND FIELD_NAME = 'IL_PRE_CAT';
UPDATE SM_FIELD_DEF SET IS_KEY = 'Y' WHERE TABLE_ID = 'TBLID_BCOM_BATCH' AND FIELD_NAME = 'PROD_ID';
UPDATE SM_FIELD_DEF SET IS_KEY = 'Y' WHERE TABLE_ID = 'TBLID_BCOM_BATCH' AND FIELD_NAME = 'BAT_CAT';
UPDATE SM_FIELD_DEF SET IS_KEY = 'Y' WHERE TABLE_ID = 'TBLID_BMTL_ITEM' AND FIELD_NAME = 'MTL_ITEM_ID';
UPDATE SM_FIELD_DEF SET IS_KEY = 'Y' WHERE TABLE_ID = 'TBLID_BEQP_MTL' AND FIELD_NAME = 'EQP_ID';
UPDATE SM_FIELD_DEF SET IS_KEY = 'Y' WHERE TABLE_ID = 'TBLID_BEQP_MTL' AND FIELD_NAME = 'MTL_ITEM_ID';
UPDATE SM_FIELD_DEF SET IS_KEY = 'Y' WHERE TABLE_ID = 'TBLID_BMAC_NUM_CONV' AND FIELD_NAME = 'CZ_MAC_NO';
UPDATE SM_FIELD_DEF SET IS_KEY = 'Y' WHERE TABLE_ID = 'TBLID_BLM_PTN' AND FIELD_NAME = 'LMG_ID';
UPDATE SM_FIELD_DEF SET IS_KEY = 'Y' WHERE TABLE_ID = 'TBLID_BLM_PTN' AND FIELD_NAME = 'SEQ_NO';
UPDATE SM_FIELD_DEF SET IS_KEY = 'Y' WHERE TABLE_ID = 'TBLID_BFTPINFO' AND FIELD_NAME = 'FTP_INFO_ID';
UPDATE SM_FIELD_DEF SET IS_KEY = 'Y' WHERE TABLE_ID = 'TBLID_BPRE_TARGET_MS' AND FIELD_NAME = 'PROD_ID';
UPDATE SM_FIELD_DEF SET IS_KEY = 'Y' WHERE TABLE_ID = 'TBLID_BPRE_TARGET_MS' AND FIELD_NAME = 'MEAS_ID';
UPDATE SM_FIELD_DEF SET IS_KEY = 'Y' WHERE TABLE_ID = 'TBLID_BUSERG' AND FIELD_NAME = 'USERG_ID';
UPDATE SM_FIELD_DEF SET IS_KEY = 'Y' WHERE TABLE_ID = 'TBLID_BMEAS_ITEM' AND FIELD_NAME = 'MEAS_ITEM';
UPDATE SM_FIELD_DEF SET IS_KEY = 'Y' WHERE TABLE_ID = 'TBLID_BLMG' AND FIELD_NAME = 'LMG_ID';
UPDATE SM_FIELD_DEF SET IS_KEY = 'Y' WHERE TABLE_ID = 'TBLID_BPROD_X' AND FIELD_NAME = 'PROD_ID';
UPDATE SM_FIELD_DEF SET IS_KEY = 'Y' WHERE TABLE_ID = 'TBLID_BMEAS_ID' AND FIELD_NAME = 'MEAS_ID';
UPDATE SM_FIELD_DEF SET IS_KEY = 'Y' WHERE TABLE_ID = 'TBLID_BMEAS_PROD' AND FIELD_NAME = 'PROD_ID';
UPDATE SM_FIELD_DEF SET IS_KEY = 'Y' WHERE TABLE_ID = 'TBLID_BMEAS_PROD' AND FIELD_NAME = 'MEAS_ITEM';
UPDATE SM_FIELD_DEF SET IS_KEY = 'Y' WHERE TABLE_ID = 'TBLID_BPWSMPLCASETCON' AND FIELD_NAME = 'SMPL_CASET_CON_ID';
UPDATE SM_FIELD_DEF SET IS_KEY = 'Y' WHERE TABLE_ID = 'TBLID_BPWSMPLCASETCON' AND FIELD_NAME = 'SEQ_NO';
UPDATE SM_FIELD_DEF SET IS_KEY = 'Y' WHERE TABLE_ID = 'TBLID_BSTK_CARG' AND FIELD_NAME = 'STK_ID';
UPDATE SM_FIELD_DEF SET IS_KEY = 'Y' WHERE TABLE_ID = 'TBLID_BSTK_CARG' AND FIELD_NAME = 'CARG_ID';
UPDATE SM_FIELD_DEF SET IS_KEY = 'Y' WHERE TABLE_ID = 'TBLID_BEMPCAR_SC' AND FIELD_NAME = 'TRAN_FROM_STK_ID';
UPDATE SM_FIELD_DEF SET IS_KEY = 'Y' WHERE TABLE_ID = 'TBLID_BEMPCAR_SC' AND FIELD_NAME = 'TRAN_FROM_STK_PORT_ID';
UPDATE SM_FIELD_DEF SET IS_KEY = 'Y' WHERE TABLE_ID = 'TBLID_BEMPCAR_SC' AND FIELD_NAME = 'TRAN_TO_STK_ID';
UPDATE SM_FIELD_DEF SET IS_KEY = 'Y' WHERE TABLE_ID = 'TBLID_BEMPCAR_SC' AND FIELD_NAME = 'TRAN_TO_STK_PORT_ID';
UPDATE SM_FIELD_DEF SET IS_KEY = 'Y' WHERE TABLE_ID = 'TBLID_BEMPCAR_SC' AND FIELD_NAME = 'CARG_ID';
UPDATE SM_FIELD_DEF SET IS_KEY = 'Y' WHERE TABLE_ID = 'TBLID_BEQPRT' AND FIELD_NAME = 'EQP_ID';
UPDATE SM_FIELD_DEF SET IS_KEY = 'Y' WHERE TABLE_ID = 'TBLID_BEQPRT' AND FIELD_NAME = 'EQP_PORT_ID';
UPDATE SM_FIELD_DEF SET IS_KEY = 'Y' WHERE TABLE_ID = 'TBLID_BOPEMONI_INPUT_ADMIN' AND FIELD_NAME = 'LOT_CAT';
UPDATE SM_FIELD_DEF SET IS_KEY = 'Y' WHERE TABLE_ID = 'TBLID_BOPEMONI_INPUT_ADMIN' AND FIELD_NAME = 'EQP_ID';
UPDATE SM_FIELD_DEF SET IS_KEY = 'Y' WHERE TABLE_ID = 'TBLID_BOPEMONI_INPUT_ADMIN' AND FIELD_NAME = 'MON_PROD_ID';
UPDATE SM_FIELD_DEF SET IS_KEY = 'Y' WHERE TABLE_ID = 'TBLID_BOPEMONI_INPUT_ADMIN' AND FIELD_NAME = 'START_TIME';
UPDATE SM_FIELD_DEF SET IS_KEY = 'Y' WHERE TABLE_ID = 'TBLID_BDUMMY_WAF_SET' AND FIELD_NAME = 'DUMMY_CAT';
UPDATE SM_FIELD_DEF SET IS_KEY = 'Y' WHERE TABLE_ID = 'TBLID_BDUMMY_WAF_SET' AND FIELD_NAME = 'PROD_ID';
UPDATE SM_FIELD_DEF SET IS_KEY = 'Y' WHERE TABLE_ID = 'TBLID_BDUMMY_WAF_SET' AND FIELD_NAME = 'EQP_ID';
UPDATE SM_FIELD_DEF SET IS_KEY = 'Y' WHERE TABLE_ID = 'TBLID_BEQP_USER' AND FIELD_NAME = 'EQP_USER_ID';
UPDATE SM_FIELD_DEF SET IS_KEY = 'Y' WHERE TABLE_ID = 'TBLID_BAREA' AND FIELD_NAME = 'AREA_ID';
UPDATE SM_FIELD_DEF SET IS_KEY = 'Y' WHERE TABLE_ID = 'TBLID_BINSPUSED' AND FIELD_NAME = 'INSP_USED_ID';
UPDATE SM_FIELD_DEF SET IS_KEY = 'Y' WHERE TABLE_ID = 'TBLID_BLABEL_PRINTER' AND FIELD_NAME = 'OUT_ADRESS';
UPDATE SM_FIELD_DEF SET IS_KEY = 'Y' WHERE TABLE_ID = 'TBLID_BLABEL_PRINTER' AND FIELD_NAME = 'FAB_ID';
UPDATE SM_FIELD_DEF SET IS_KEY = 'Y' WHERE TABLE_ID = 'TBLID_BPRINT_TYPE' AND FIELD_NAME = 'LABEL_PRINT_ID';
UPDATE SM_FIELD_DEF SET IS_KEY = 'Y' WHERE TABLE_ID = 'TBLID_BPRINT_TYPE' AND FIELD_NAME = 'FAB_ID';
UPDATE SM_FIELD_DEF SET IS_KEY = 'Y' WHERE TABLE_ID = 'TBLID_BRP_INSP_USED' AND FIELD_NAME = 'PROD_ID';
UPDATE SM_FIELD_DEF SET IS_KEY = 'Y' WHERE TABLE_ID = 'TBLID_BRP_INSP_USED' AND FIELD_NAME = 'INSP_USED_ID';
UPDATE SM_FIELD_DEF SET IS_KEY = 'Y' WHERE TABLE_ID = 'TBLID_BRP_INSP_USED' AND FIELD_NAME = 'SP_INSP_CAT';
UPDATE SM_FIELD_DEF SET IS_KEY = 'Y' WHERE TABLE_ID = 'TBLID_BRP_INSP_USED' AND FIELD_NAME = 'SEQ_NO';
UPDATE SM_FIELD_DEF SET IS_KEY = 'Y' WHERE TABLE_ID = 'TBLID_BOPE' AND FIELD_NAME = 'OPE_ID';
UPDATE SM_FIELD_DEF SET IS_KEY = 'Y' WHERE TABLE_ID = 'TBLID_BSTK' AND FIELD_NAME = 'STK_ID';
UPDATE SM_FIELD_DEF SET IS_KEY = 'Y' WHERE TABLE_ID = 'TBLID_BMTL_PROD_FIT' AND FIELD_NAME = 'PROD_ID';
UPDATE SM_FIELD_DEF SET IS_KEY = 'Y' WHERE TABLE_ID = 'TBLID_BMTL_PROD_FIT' AND FIELD_NAME = 'MTL_ITEM_ID';
UPDATE SM_FIELD_DEF SET IS_KEY = 'Y' WHERE TABLE_ID = 'TBLID_BMTL_PROD_FIT' AND FIELD_NAME = 'EQP_PROPERTY';
UPDATE SM_FIELD_DEF SET IS_KEY = 'Y' WHERE TABLE_ID = 'TBLID_BPROD_02' AND FIELD_NAME = 'PROD_ID';
UPDATE SM_FIELD_DEF SET IS_KEY = 'Y' WHERE TABLE_ID = 'TBLID_BPROD_02' AND FIELD_NAME = 'DPROD_FIELD';
UPDATE SM_FIELD_DEF SET IS_KEY = 'Y' WHERE TABLE_ID = 'TBLID_BCARRY_PORT_DSP_AREA' AND FIELD_NAME = 'DSP_AREA';
UPDATE SM_FIELD_DEF SET IS_KEY = 'Y' WHERE TABLE_ID = 'TBLID_BCOM_MON_BATCH' AND FIELD_NAME = 'PROD_ID';
UPDATE SM_FIELD_DEF SET IS_KEY = 'Y' WHERE TABLE_ID = 'TBLID_BCOM_MON_BATCH' AND FIELD_NAME = 'BAT_CAT';
UPDATE SM_FIELD_DEF SET IS_KEY = 'Y' WHERE TABLE_ID = 'TBLID_BCOM_MON_BATCH' AND FIELD_NAME = 'SLOT_NO';
UPDATE SM_FIELD_DEF SET IS_KEY = 'Y' WHERE TABLE_ID = 'TBLID_BCOM_MON_BATCH' AND FIELD_NAME = 'INSP_USED_ID';
UPDATE SM_FIELD_DEF SET IS_KEY = 'Y' WHERE TABLE_ID = 'TBLID_BEP_MEAS_NUM' AND FIELD_NAME = 'PROD_ID';
UPDATE SM_FIELD_DEF SET IS_KEY = 'Y' WHERE TABLE_ID = 'TBLID_BEP_MEAS_NUM' AND FIELD_NAME = 'OPE_ID';
UPDATE SM_FIELD_DEF SET IS_KEY = 'Y' WHERE TABLE_ID = 'TBLID_BEMP_CARRY_PORT' AND FIELD_NAME = 'CARG_ID';
UPDATE SM_FIELD_DEF SET IS_KEY = 'Y' WHERE TABLE_ID = 'TBLID_BEMP_CARRY_PORT' AND FIELD_NAME = 'FAB_ID';
UPDATE SM_FIELD_DEF SET IS_KEY = 'Y' WHERE TABLE_ID = 'TBLID_BEMP_CARRY_PORT' AND FIELD_NAME = 'EQP_ID';
UPDATE SM_FIELD_DEF SET IS_KEY = 'Y' WHERE TABLE_ID = 'TBLID_BEQP' AND FIELD_NAME = 'EQP_ID';
UPDATE SM_FIELD_DEF SET IS_KEY = 'Y' WHERE TABLE_ID = 'TBLID_BPROD_DIV_ORG' AND FIELD_NAME = 'PROD_ID';
UPDATE SM_FIELD_DEF SET IS_KEY = 'Y' WHERE TABLE_ID = 'TBLID_BPROD_DIV_ORG' AND FIELD_NAME = 'DIV_ORG_PROD_ID';
UPDATE SM_FIELD_DEF SET IS_KEY = 'Y' WHERE TABLE_ID = 'TBLID_BMULTI_RECIP_SET' AND FIELD_NAME = 'ROUTE_ID';
UPDATE SM_FIELD_DEF SET IS_KEY = 'Y' WHERE TABLE_ID = 'TBLID_BMULTI_RECIP_SET' AND FIELD_NAME = 'ROUTE_VER';
UPDATE SM_FIELD_DEF SET IS_KEY = 'Y' WHERE TABLE_ID = 'TBLID_BMULTI_RECIP_SET' AND FIELD_NAME = 'OPE_NO';
UPDATE SM_FIELD_DEF SET IS_KEY = 'Y' WHERE TABLE_ID = 'TBLID_BMULTI_RECIP_SET' AND FIELD_NAME = 'PROD_ID';
UPDATE SM_FIELD_DEF SET IS_KEY = 'Y' WHERE TABLE_ID = 'TBLID_BMULTI_RECIP_SET' AND FIELD_NAME = 'EQP_ID';
UPDATE SM_FIELD_DEF SET IS_KEY = 'Y' WHERE TABLE_ID = 'TBLID_BPROCDATA_ID_ITEM' AND FIELD_NAME = 'PROCDATA_ID';
UPDATE SM_FIELD_DEF SET IS_KEY = 'Y' WHERE TABLE_ID = 'TBLID_BPROCDATA_ID_ITEM' AND FIELD_NAME = 'PROCDATA_ITEM';
UPDATE SM_FIELD_DEF SET IS_KEY = 'Y' WHERE TABLE_ID = 'TBLID_BMEAS_ID_ITEM' AND FIELD_NAME = 'MEAS_ID';
UPDATE SM_FIELD_DEF SET IS_KEY = 'Y' WHERE TABLE_ID = 'TBLID_BMEAS_ID_ITEM' AND FIELD_NAME = 'MEAS_ITEM';
UPDATE SM_FIELD_DEF SET IS_KEY = 'Y' WHERE TABLE_ID = 'TBLID_BSYSTEM_INI_TBL' AND FIELD_NAME = 'MODULE_CAT';
UPDATE SM_FIELD_DEF SET IS_KEY = 'Y' WHERE TABLE_ID = 'TBLID_BSYSTEM_INI_TBL' AND FIELD_NAME = 'ITEM_CAT';
UPDATE SM_FIELD_DEF SET IS_KEY = 'Y' WHERE TABLE_ID = 'TBLID_BSYSTEM_INI_TBL' AND FIELD_NAME = 'ITEM_CODE';
UPDATE SM_FIELD_DEF SET IS_KEY = 'Y' WHERE TABLE_ID = 'TBLID_BSYSTEM_INI_TBL' AND FIELD_NAME = 'SEQ_NO';
UPDATE SM_FIELD_DEF SET IS_KEY = 'Y' WHERE TABLE_ID = 'TBLID_BUSERG_FUNC' AND FIELD_NAME = 'USERG_ID';
UPDATE SM_FIELD_DEF SET IS_KEY = 'Y' WHERE TABLE_ID = 'TBLID_BUSERG_FUNC' AND FIELD_NAME = 'SUB_SYS_ID';
UPDATE SM_FIELD_DEF SET IS_KEY = 'Y' WHERE TABLE_ID = 'TBLID_BUSERG_FUNC' AND FIELD_NAME = 'FUNCTION_ID';
UPDATE SM_FIELD_DEF SET IS_KEY = 'Y' WHERE TABLE_ID = 'TBLID_BCARRY_PORT_EQP' AND FIELD_NAME = 'EQP_ID';
UPDATE SM_FIELD_DEF SET IS_KEY = 'Y' WHERE TABLE_ID = 'TBLID_BCARRY_PORT_EQP' AND FIELD_NAME = 'FAB_ID';
UPDATE SM_FIELD_DEF SET IS_KEY = 'Y' WHERE TABLE_ID = 'TBLID_BCMPL_DEST_CAT' AND FIELD_NAME = 'DEST_TYPE';
UPDATE SM_FIELD_DEF SET IS_KEY = 'Y' WHERE TABLE_ID = 'TBLID_BCMPL_DEST_CAT' AND FIELD_NAME = 'WAF_ACTION_CAT';
UPDATE SM_FIELD_DEF SET IS_KEY = 'Y' WHERE TABLE_ID = 'TBLID_BCMPL_DEST_TYPE' AND FIELD_NAME = 'DEST_TYPE';
UPDATE SM_FIELD_DEF SET IS_KEY = 'Y' WHERE TABLE_ID = 'TBLID_BCMPL_MODE' AND FIELD_NAME = 'CMPL_MODE';
UPDATE SM_FIELD_DEF SET IS_KEY = 'Y' WHERE TABLE_ID = 'TBLID_BPROD_TST' AND FIELD_NAME = 'PROD_ID';
UPDATE SM_FIELD_DEF SET IS_KEY = 'Y' WHERE TABLE_ID = 'TBLID_BPROD' AND FIELD_NAME = 'PROD_ID';
UPDATE SM_FIELD_DEF SET IS_KEY = 'Y' WHERE TABLE_ID = 'TBLID_BCARRY_PORT_DEF' AND FIELD_NAME = 'OPE_ID';
UPDATE SM_FIELD_DEF SET IS_KEY = 'Y' WHERE TABLE_ID = 'TBLID_BCARRY_PORT_DEF' AND FIELD_NAME = 'FAB_ID';
UPDATE SM_FIELD_DEF SET IS_KEY = 'Y' WHERE TABLE_ID = 'TBLID_BCARRY_PORT_DEF' AND FIELD_NAME = 'SEQ_NO';
UPDATE SM_FIELD_DEF SET IS_KEY = 'Y' WHERE TABLE_ID = 'TBLID_BPROD_CHG_SPEC' AND FIELD_NAME = 'PROD_ID';
UPDATE SM_FIELD_DEF SET IS_KEY = 'Y' WHERE TABLE_ID = 'TBLID_BPROD_CHG_SPEC' AND FIELD_NAME = 'JUDGE_ITEM';
UPDATE SM_FIELD_DEF SET IS_KEY = 'Y' WHERE TABLE_ID = 'TBLID_BPROD_CHG_SPEC' AND FIELD_NAME = 'MEAS_ITEM';
UPDATE SM_FIELD_DEF SET IS_KEY = 'Y' WHERE TABLE_ID = 'TBLID_BPROD_BINCODE' AND FIELD_NAME = 'PROD_ID';
UPDATE SM_FIELD_DEF SET IS_KEY = 'Y' WHERE TABLE_ID = 'TBLID_BPROD_BINCODE' AND FIELD_NAME = 'BINCODE';
UPDATE SM_FIELD_DEF SET IS_KEY = 'Y' WHERE TABLE_ID = 'TBLID_BMTL_PROD' AND FIELD_NAME = 'MTL_ITEM_ID';
UPDATE SM_FIELD_DEF SET IS_KEY = 'Y' WHERE TABLE_ID = 'TBLID_BMTL_PROD' AND FIELD_NAME = 'PROD_ID';
UPDATE SM_FIELD_DEF SET IS_KEY = 'Y' WHERE TABLE_ID = 'TBLID_BMTL_PROD' AND FIELD_NAME = 'CHK_CAT';
UPDATE SM_FIELD_DEF SET IS_KEY = 'Y' WHERE TABLE_ID = 'TBLID_BMTL_PROD' AND FIELD_NAME = 'PRODUCT_CAT';
UPDATE SM_FIELD_DEF SET IS_KEY = 'Y' WHERE TABLE_ID = 'TBLID_BMTL_PROD' AND FIELD_NAME = 'LOT_TYPE';
UPDATE SM_FIELD_DEF SET IS_KEY = 'Y' WHERE TABLE_ID = 'TBLID_BEQP_STAT_CONST' AND FIELD_NAME = 'FROM_EQP_STAT';
UPDATE SM_FIELD_DEF SET IS_KEY = 'Y' WHERE TABLE_ID = 'TBLID_BEQP_STAT_CONST' AND FIELD_NAME = 'FROM_EQP_SUBSTAT';
UPDATE SM_FIELD_DEF SET IS_KEY = 'Y' WHERE TABLE_ID = 'TBLID_BEQP_STAT_CONST' AND FIELD_NAME = 'TO_EQP_STAT';
UPDATE SM_FIELD_DEF SET IS_KEY = 'Y' WHERE TABLE_ID = 'TBLID_BEQP_STAT_CONST' AND FIELD_NAME = 'TO_EQP_SUBSTAT';
UPDATE SM_FIELD_DEF SET JP_TITLE = '{"ﾀｲﾄﾙ', US_TITLE = '英語名' WHERE TABLE_ID = 'TBLID_BDIL_PRE_CTRL' AND FIELD_NAME = 'ﾌｨｰﾙﾄﾞ名';
UPDATE SM_FIELD_DEF SET JP_TITLE = '{"--------------------', US_TITLE = '--------------------------------------------------------' WHERE TABLE_ID = 'TBLID_BDIL_PRE_CTRL' AND FIELD_NAME = '--------------------';
UPDATE SM_FIELD_DEF SET JP_TITLE = '製品ｺｰﾄﾞID', US_TITLE = 'PROD_ID' WHERE TABLE_ID = 'TBLID_BDIL_PRE_CTRL' AND FIELD_NAME = 'prod_id';
UPDATE SM_FIELD_DEF SET JP_TITLE = 'IL/先行評価検査区分', US_TITLE = 'IL_PRE_INSP_CAT' WHERE TABLE_ID = 'TBLID_BDIL_PRE_CTRL' AND FIELD_NAME = 'il_pre_insp_cat';
UPDATE SM_FIELD_DEF SET JP_TITLE = 'IL/先行評価区分', US_TITLE = 'IL_PRE_CAT' WHERE TABLE_ID = 'TBLID_BDIL_PRE_CTRL' AND FIELD_NAME = 'il_pre_cat';
UPDATE SM_FIELD_DEF SET JP_TITLE = '検査用ﾛｯﾄ製品ｺｰﾄﾞID', US_TITLE = 'INSPLOT_PROD_ID' WHERE TABLE_ID = 'TBLID_BDIL_PRE_CTRL' AND FIELD_NAME = 'insplot_prod_id';
UPDATE SM_FIELD_DEF SET JP_TITLE = '先行評価実施ﾌﾗｸﾞ', US_TITLE = 'PRE_ENF_FLG' WHERE TABLE_ID = 'TBLID_BDIL_PRE_CTRL' AND FIELD_NAME = 'pre_enf_flg';
UPDATE SM_FIELD_DEF SET JP_TITLE = '先行評価抜取りﾋﾟｯﾁ', US_TITLE = 'PRE_SMPL_PITCH' WHERE TABLE_ID = 'TBLID_BDIL_PRE_CTRL' AND FIELD_NAME = 'pre_smpl_pitch';
UPDATE SM_FIELD_DEF SET JP_TITLE = '{NULL', US_TITLE = 'NULL' WHERE TABLE_ID = 'TBLID_BDIL_PRE_CTRL' AND FIELD_NAME = 'NULL';
UPDATE SM_FIELD_DEF SET JP_TITLE = '{"ﾀｲﾄﾙ', US_TITLE = '英語名' WHERE TABLE_ID = 'TBLID_BCOM_BATCH' AND FIELD_NAME = 'ﾌｨｰﾙﾄﾞ名';
UPDATE SM_FIELD_DEF SET JP_TITLE = '{"--------------------', US_TITLE = '--------------------------------------------------------' WHERE TABLE_ID = 'TBLID_BCOM_BATCH' AND FIELD_NAME = '--------------------';
UPDATE SM_FIELD_DEF SET JP_TITLE = '製品ｺｰﾄﾞID', US_TITLE = 'PROD_ID' WHERE TABLE_ID = 'TBLID_BCOM_BATCH' AND FIELD_NAME = 'prod_id';
UPDATE SM_FIELD_DEF SET JP_TITLE = 'ﾊﾞｯﾁ区分', US_TITLE = 'BAT_CAT' WHERE TABLE_ID = 'TBLID_BCOM_BATCH' AND FIELD_NAME = 'bat_cat';
UPDATE SM_FIELD_DEF SET JP_TITLE = 'ﾊﾞｯﾁﾛｯﾄ数', US_TITLE = 'BAT_LOT_CNT' WHERE TABLE_ID = 'TBLID_BCOM_BATCH' AND FIELD_NAME = 'bat_lot_cnt';
UPDATE SM_FIELD_DEF SET JP_TITLE = 'ﾓﾆﾀ製品ｺｰﾄﾞID', US_TITLE = 'MON_PROD_ID' WHERE TABLE_ID = 'TBLID_BCOM_BATCH' AND FIELD_NAME = 'mon_prod_id';
UPDATE SM_FIELD_DEF SET JP_TITLE = 'ﾓﾆﾀ枚数', US_TITLE = 'MON_NUM' WHERE TABLE_ID = 'TBLID_BCOM_BATCH' AND FIELD_NAME = 'mon_num';
UPDATE SM_FIELD_DEF SET JP_TITLE = '一般ﾊﾞｯﾁﾓﾆﾀ編成ﾃｰﾌﾞﾙ', US_TITLE = 'Com_MonBat' WHERE TABLE_ID = 'TBLID_BCOM_BATCH' AND FIELD_NAME = 'dummy';
UPDATE SM_FIELD_DEF SET JP_TITLE = '{NULL', US_TITLE = 'NULL' WHERE TABLE_ID = 'TBLID_BCOM_BATCH' AND FIELD_NAME = 'NULL';
UPDATE SM_FIELD_DEF SET JP_TITLE = '{"ﾀｲﾄﾙ', US_TITLE = '英語名' WHERE TABLE_ID = 'TBLID_BMTL_PROD' AND FIELD_NAME = 'ﾌｨｰﾙﾄﾞ名';
UPDATE SM_FIELD_DEF SET JP_TITLE = '{"--------------------', US_TITLE = '--------------------------------------------------------' WHERE TABLE_ID = 'TBLID_BMTL_PROD' AND FIELD_NAME = '--------------------';
UPDATE SM_FIELD_DEF SET JP_TITLE = 'ﾏﾃﾘｱﾙ項目ID', US_TITLE = 'MTL_ITEM_ID' WHERE TABLE_ID = 'TBLID_BMTL_PROD' AND FIELD_NAME = 'mtl_item_id';
UPDATE SM_FIELD_DEF SET JP_TITLE = '製品ｺｰﾄﾞID', US_TITLE = 'PROD_ID' WHERE TABLE_ID = 'TBLID_BMTL_PROD' AND FIELD_NAME = 'prod_id';
UPDATE SM_FIELD_DEF SET JP_TITLE = '機能区分', US_TITLE = 'CHK_CAT' WHERE TABLE_ID = 'TBLID_BMTL_PROD' AND FIELD_NAME = 'chk_cat';
UPDATE SM_FIELD_DEF SET JP_TITLE = '製品区分', US_TITLE = 'PRODUCT_CAT' WHERE TABLE_ID = 'TBLID_BMTL_PROD' AND FIELD_NAME = 'product_cat';
UPDATE SM_FIELD_DEF SET JP_TITLE = '批次类型', US_TITLE = 'LOT_TYPE' WHERE TABLE_ID = 'TBLID_BMTL_PROD' AND FIELD_NAME = 'lot_type';
UPDATE SM_FIELD_DEF SET JP_TITLE = '上限値', US_TITLE = 'H_VAL' WHERE TABLE_ID = 'TBLID_BMTL_PROD' AND FIELD_NAME = 'h_val';
UPDATE SM_FIELD_DEF SET JP_TITLE = '下限値', US_TITLE = 'L_VAL' WHERE TABLE_ID = 'TBLID_BMTL_PROD' AND FIELD_NAME = 'l_val';
UPDATE SM_FIELD_DEF SET JP_TITLE = '警戒线', US_TITLE = 'A_VAL' WHERE TABLE_ID = 'TBLID_BMTL_PROD' AND FIELD_NAME = 'a_val';
UPDATE SM_FIELD_DEF SET JP_TITLE = '控制标记', US_TITLE = 'C_FLG' WHERE TABLE_ID = 'TBLID_BMTL_PROD' AND FIELD_NAME = 'c_flg';
UPDATE SM_FIELD_DEF SET JP_TITLE = '上限制1', US_TITLE = 'H_VAL1' WHERE TABLE_ID = 'TBLID_BMTL_PROD' AND FIELD_NAME = 'h_val1';
UPDATE SM_FIELD_DEF SET JP_TITLE = '下限值1', US_TITLE = 'L_VAL1' WHERE TABLE_ID = 'TBLID_BMTL_PROD' AND FIELD_NAME = 'l_val1';
UPDATE SM_FIELD_DEF SET JP_TITLE = '{NULL', US_TITLE = 'NULL' WHERE TABLE_ID = 'TBLID_BMTL_PROD' AND FIELD_NAME = 'NULL';
UPDATE SM_FIELD_DEF SET JP_TITLE = '{"ﾀｲﾄﾙ', US_TITLE = '英語名' WHERE TABLE_ID = 'TBLID_BMTL_ITEM' AND FIELD_NAME = 'ﾌｨｰﾙﾄﾞ名';
UPDATE SM_FIELD_DEF SET JP_TITLE = '{"--------------------', US_TITLE = '--------------------------------------------------------' WHERE TABLE_ID = 'TBLID_BMTL_ITEM' AND FIELD_NAME = '--------------------';
UPDATE SM_FIELD_DEF SET JP_TITLE = 'ﾏﾃﾘｱﾙ項目ID', US_TITLE = 'MTL_ITEM_ID' WHERE TABLE_ID = 'TBLID_BMTL_ITEM' AND FIELD_NAME = 'mtl_item_id';
UPDATE SM_FIELD_DEF SET JP_TITLE = 'ﾏﾃﾘｱﾙ項目名称', US_TITLE = 'MTL_ITEM_NAME' WHERE TABLE_ID = 'TBLID_BMTL_ITEM' AND FIELD_NAME = 'mtl_item_name';
UPDATE SM_FIELD_DEF SET JP_TITLE = 'ﾏﾃﾘｱﾙ項目詳細', US_TITLE = 'MTL_ITEM_DESC' WHERE TABLE_ID = 'TBLID_BMTL_ITEM' AND FIELD_NAME = 'mtl_item_desc';
UPDATE SM_FIELD_DEF SET JP_TITLE = '{"ｶｳﾝﾄ方法', US_TITLE = 'CNT_METHOD' WHERE TABLE_ID = 'TBLID_BMTL_ITEM' AND FIELD_NAME = 'cnt_method';
UPDATE SM_FIELD_DEF SET JP_TITLE = 'ｶｳﾝﾄ方法', US_TITLE = 'CNT_METHOD' WHERE TABLE_ID = 'TBLID_BMTL_ITEM' AND FIELD_NAME = 'cnt_method';
UPDATE SM_FIELD_DEF SET JP_TITLE = 'ﾌﾟﾛｾｽﾃﾞｰﾀ項目', US_TITLE = 'PROCDATA_ITEM' WHERE TABLE_ID = 'TBLID_BMTL_ITEM' AND FIELD_NAME = 'procdata_item';
UPDATE SM_FIELD_DEF SET JP_TITLE = '{"製品ｺｰﾄﾞ別ﾏﾃﾘｱﾙﾃｰﾌﾞﾙ', US_TITLE = 'Mtl_Prod' WHERE TABLE_ID = 'TBLID_BMTL_ITEM' AND FIELD_NAME = 'dummy';
UPDATE SM_FIELD_DEF SET JP_TITLE = '製品ｺｰﾄﾞ別ﾏﾃﾘｱﾙﾃｰﾌﾞﾙ', US_TITLE = 'MtrlRestrictProd' WHERE TABLE_ID = 'TBLID_BMTL_ITEM' AND FIELD_NAME = 'dummy';
UPDATE SM_FIELD_DEF SET JP_TITLE = '{NULL', US_TITLE = 'NULL' WHERE TABLE_ID = 'TBLID_BMTL_ITEM' AND FIELD_NAME = 'NULL';
UPDATE SM_FIELD_DEF SET JP_TITLE = '{"ﾀｲﾄﾙ', US_TITLE = '英語名' WHERE TABLE_ID = 'TBLID_BEQP_MTL' AND FIELD_NAME = 'ﾌｨｰﾙﾄﾞ名';
UPDATE SM_FIELD_DEF SET JP_TITLE = '{"--------------------', US_TITLE = '--------------------------------------------------------' WHERE TABLE_ID = 'TBLID_BEQP_MTL' AND FIELD_NAME = '--------------------';
UPDATE SM_FIELD_DEF SET JP_TITLE = '装置ID', US_TITLE = 'EQP_ID' WHERE TABLE_ID = 'TBLID_BEQP_MTL' AND FIELD_NAME = 'eqp_id';
UPDATE SM_FIELD_DEF SET JP_TITLE = 'ﾏﾃﾘｱﾙ項目ID', US_TITLE = 'MTL_ITEM_ID' WHERE TABLE_ID = 'TBLID_BEQP_MTL' AND FIELD_NAME = 'mtl_item_id';
UPDATE SM_FIELD_DEF SET JP_TITLE = '{NULL', US_TITLE = 'NULL' WHERE TABLE_ID = 'TBLID_BEQP_MTL' AND FIELD_NAME = 'NULL';
UPDATE SM_FIELD_DEF SET JP_TITLE = '{"ﾀｲﾄﾙ', US_TITLE = '英語名' WHERE TABLE_ID = 'TBLID_BCARTYPE' AND FIELD_NAME = 'ﾌｨｰﾙﾄﾞ名';
UPDATE SM_FIELD_DEF SET JP_TITLE = '{"--------------------', US_TITLE = '--------------------------------------------------------' WHERE TABLE_ID = 'TBLID_BCARTYPE' AND FIELD_NAME = '--------------------';
UPDATE SM_FIELD_DEF SET JP_TITLE = 'ｶｾｯﾄﾀｲﾌﾟ', US_TITLE = 'CAR_TYPE' WHERE TABLE_ID = 'TBLID_BCARTYPE' AND FIELD_NAME = 'car_type';
UPDATE SM_FIELD_DEF SET JP_TITLE = '{"ｶｾｯﾄｶﾃｺﾞﾘ', US_TITLE = 'CAR_CATEGORI' WHERE TABLE_ID = 'TBLID_BCARTYPE' AND FIELD_NAME = 'car_categori';
UPDATE SM_FIELD_DEF SET JP_TITLE = 'ｶｾｯﾄｶﾃｺﾞﾘ', US_TITLE = 'CAR_CATEGORI' WHERE TABLE_ID = 'TBLID_BCARTYPE' AND FIELD_NAME = 'car_categori';
UPDATE SM_FIELD_DEF SET JP_TITLE = '装填枚数', US_TITLE = 'BOX_CHARGE_NUM' WHERE TABLE_ID = 'TBLID_BCARTYPE' AND FIELD_NAME = 'box_charge_num';
UPDATE SM_FIELD_DEF SET JP_TITLE = '{NULL', US_TITLE = 'NULL' WHERE TABLE_ID = 'TBLID_BCARTYPE' AND FIELD_NAME = 'NULL';
UPDATE SM_FIELD_DEF SET JP_TITLE = '{"ﾀｲﾄﾙ', US_TITLE = '英語名' WHERE TABLE_ID = 'TBLID_BINSPUSED' AND FIELD_NAME = 'ﾌｨｰﾙﾄﾞ名';
UPDATE SM_FIELD_DEF SET JP_TITLE = '{"--------------------', US_TITLE = '--------------------------------------------------------' WHERE TABLE_ID = 'TBLID_BINSPUSED' AND FIELD_NAME = '--------------------';
UPDATE SM_FIELD_DEF SET JP_TITLE = '検査用途ID', US_TITLE = 'INSP_USED_ID' WHERE TABLE_ID = 'TBLID_BINSPUSED' AND FIELD_NAME = 'insp_used_id';
UPDATE SM_FIELD_DEF SET JP_TITLE = '検査用途名称', US_TITLE = 'INSP_USED_NAME' WHERE TABLE_ID = 'TBLID_BINSPUSED' AND FIELD_NAME = 'insp_used_name';
UPDATE SM_FIELD_DEF SET JP_TITLE = '検査用途詳細', US_TITLE = 'INSP_USED_DESC' WHERE TABLE_ID = 'TBLID_BINSPUSED' AND FIELD_NAME = 'insp_used_desc';
UPDATE SM_FIELD_DEF SET JP_TITLE = '行先ID', US_TITLE = 'DEST_ID' WHERE TABLE_ID = 'TBLID_BINSPUSED' AND FIELD_NAME = 'dest_id';
UPDATE SM_FIELD_DEF SET JP_TITLE = '検査ﾌﾛｰ', US_TITLE = 'INSP_FLOW' WHERE TABLE_ID = 'TBLID_BINSPUSED' AND FIELD_NAME = 'insp_flow';
UPDATE SM_FIELD_DEF SET JP_TITLE = 'ｶｾｯﾄﾀｲﾌﾟ', US_TITLE = 'CAR_TYPE' WHERE TABLE_ID = 'TBLID_BINSPUSED' AND FIELD_NAME = 'car_type';
UPDATE SM_FIELD_DEF SET JP_TITLE = 'ﾙｰﾄID', US_TITLE = 'ROUTE_ID' WHERE TABLE_ID = 'TBLID_BINSPUSED' AND FIELD_NAME = 'route_id';
UPDATE SM_FIELD_DEF SET JP_TITLE = 'ﾘｰﾄﾞﾀｲﾑ', US_TITLE = 'LEAD_TIME' WHERE TABLE_ID = 'TBLID_BINSPUSED' AND FIELD_NAME = 'lead_time';
UPDATE SM_FIELD_DEF SET JP_TITLE = '特定検査用途抜取ﾁｪｯｸﾌﾗｸﾞ', US_TITLE = 'PICK_CHK_FLG' WHERE TABLE_ID = 'TBLID_BINSPUSED' AND FIELD_NAME = 'pick_chk_flg';
UPDATE SM_FIELD_DEF SET JP_TITLE = '{NULL', US_TITLE = 'NULL' WHERE TABLE_ID = 'TBLID_BINSPUSED' AND FIELD_NAME = 'NULL';
UPDATE SM_FIELD_DEF SET JP_TITLE = '{"ﾀｲﾄﾙ', US_TITLE = '英語名' WHERE TABLE_ID = 'TBLID_BMAC_NUM_CONV' AND FIELD_NAME = 'ﾌｨｰﾙﾄﾞ名';
UPDATE SM_FIELD_DEF SET JP_TITLE = '{"--------------------', US_TITLE = '--------------------------------------------------------' WHERE TABLE_ID = 'TBLID_BMAC_NUM_CONV' AND FIELD_NAME = '--------------------';
UPDATE SM_FIELD_DEF SET JP_TITLE = 'CZ号機番号', US_TITLE = 'CZ_MAC_NO' WHERE TABLE_ID = 'TBLID_BMAC_NUM_CONV' AND FIELD_NAME = 'cz_mac_no';
UPDATE SM_FIELD_DEF SET JP_TITLE = 'LM用号機番号', US_TITLE = 'LM_MAC_NO' WHERE TABLE_ID = 'TBLID_BMAC_NUM_CONV' AND FIELD_NAME = 'lm_mac_no';
UPDATE SM_FIELD_DEF SET JP_TITLE = '{NULL', US_TITLE = 'NULL' WHERE TABLE_ID = 'TBLID_BMAC_NUM_CONV' AND FIELD_NAME = 'NULL';
UPDATE SM_FIELD_DEF SET JP_TITLE = '{"ﾀｲﾄﾙ', US_TITLE = '英語名' WHERE TABLE_ID = 'TBLID_BLMG' AND FIELD_NAME = 'ﾌｨｰﾙﾄﾞ名';
UPDATE SM_FIELD_DEF SET JP_TITLE = '{"--------------------', US_TITLE = '--------------------------------------------------------' WHERE TABLE_ID = 'TBLID_BLMG' AND FIELD_NAME = '--------------------';
UPDATE SM_FIELD_DEF SET JP_TITLE = 'LMｸﾞﾙｰﾌﾟID', US_TITLE = 'LMG_ID' WHERE TABLE_ID = 'TBLID_BLMG' AND FIELD_NAME = 'lmg_id';
UPDATE SM_FIELD_DEF SET JP_TITLE = 'ｸﾞﾙｰﾌﾟ名', US_TITLE = 'LMG_NAME' WHERE TABLE_ID = 'TBLID_BLMG' AND FIELD_NAME = 'lmg_name';
UPDATE SM_FIELD_DEF SET JP_TITLE = '月度ｸﾘｱﾌﾗｸﾞ', US_TITLE = 'MONTH_CLEAR_FLAG' WHERE TABLE_ID = 'TBLID_BLMG' AND FIELD_NAME = 'month_clear_flag';
UPDATE SM_FIELD_DEF SET JP_TITLE = 'LM採番ﾊﾟﾀｰﾝﾃｰﾌﾞﾙ', US_TITLE = 'Lm_Ptn' WHERE TABLE_ID = 'TBLID_BLMG' AND FIELD_NAME = 'dummy';
UPDATE SM_FIELD_DEF SET JP_TITLE = '{NULL', US_TITLE = 'NULL' WHERE TABLE_ID = 'TBLID_BLMG' AND FIELD_NAME = 'NULL';
UPDATE SM_FIELD_DEF SET JP_TITLE = '{"ﾀｲﾄﾙ', US_TITLE = '英語名' WHERE TABLE_ID = 'TBLID_BLM_PTN' AND FIELD_NAME = 'ﾌｨｰﾙﾄﾞ名';
UPDATE SM_FIELD_DEF SET JP_TITLE = '{"--------------------', US_TITLE = '--------------------------------------------------------' WHERE TABLE_ID = 'TBLID_BLM_PTN' AND FIELD_NAME = '--------------------';
UPDATE SM_FIELD_DEF SET JP_TITLE = 'LMｸﾞﾙｰﾌﾟID', US_TITLE = 'LMG_ID' WHERE TABLE_ID = 'TBLID_BLM_PTN' AND FIELD_NAME = 'lmg_id';
UPDATE SM_FIELD_DEF SET JP_TITLE = 'ｼｰｹﾝｽ番号', US_TITLE = 'SEQ_NO' WHERE TABLE_ID = 'TBLID_BLM_PTN' AND FIELD_NAME = 'seq_no';
UPDATE SM_FIELD_DEF SET JP_TITLE = '採番ﾊﾟﾀｰﾝ', US_TITLE = 'NUM_PTN' WHERE TABLE_ID = 'TBLID_BLM_PTN' AND FIELD_NAME = 'num_ptn';
UPDATE SM_FIELD_DEF SET JP_TITLE = '文字列', US_TITLE = 'USER_STR' WHERE TABLE_ID = 'TBLID_BLM_PTN' AND FIELD_NAME = 'user_str';
UPDATE SM_FIELD_DEF SET JP_TITLE = '{NULL', US_TITLE = 'NULL' WHERE TABLE_ID = 'TBLID_BLM_PTN' AND FIELD_NAME = 'NULL';
UPDATE SM_FIELD_DEF SET JP_TITLE = '{"ﾀｲﾄﾙ', US_TITLE = '英語名' WHERE TABLE_ID = 'TBLID_BFTPINFO' AND FIELD_NAME = 'ﾌｨｰﾙﾄﾞ名';
UPDATE SM_FIELD_DEF SET JP_TITLE = '{"--------------------', US_TITLE = '--------------------------------------------------------' WHERE TABLE_ID = 'TBLID_BFTPINFO' AND FIELD_NAME = '--------------------';
UPDATE SM_FIELD_DEF SET JP_TITLE = '{"FTP情報ID', US_TITLE = 'FTP_INFO_ID' WHERE TABLE_ID = 'TBLID_BFTPINFO' AND FIELD_NAME = 'ftp_info_id';
UPDATE SM_FIELD_DEF SET JP_TITLE = 'FTP情報ID', US_TITLE = 'FTP_INFO_ID' WHERE TABLE_ID = 'TBLID_BFTPINFO' AND FIELD_NAME = 'ftp_info_id';
UPDATE SM_FIELD_DEF SET JP_TITLE = 'FTP情報名称', US_TITLE = 'FTP_INFO_NAME' WHERE TABLE_ID = 'TBLID_BFTPINFO' AND FIELD_NAME = 'ftp_info_name';
UPDATE SM_FIELD_DEF SET JP_TITLE = '保存ﾃﾞｨﾚｸﾄﾘ1', US_TITLE = 'SAVE_DIR_1' WHERE TABLE_ID = 'TBLID_BFTPINFO' AND FIELD_NAME = 'save_dir_1';
UPDATE SM_FIELD_DEF SET JP_TITLE = '保存ﾃﾞｨﾚｸﾄﾘ2', US_TITLE = 'SAVE_DIR_2' WHERE TABLE_ID = 'TBLID_BFTPINFO' AND FIELD_NAME = 'save_dir_2';
UPDATE SM_FIELD_DEF SET JP_TITLE = '保存ﾃﾞｨﾚｸﾄﾘ3', US_TITLE = 'SAVE_DIR_3' WHERE TABLE_ID = 'TBLID_BFTPINFO' AND FIELD_NAME = 'save_dir_3';
UPDATE SM_FIELD_DEF SET JP_TITLE = '保存ﾃﾞｨﾚｸﾄﾘ4', US_TITLE = 'SAVE_DIR_4' WHERE TABLE_ID = 'TBLID_BFTPINFO' AND FIELD_NAME = 'save_dir_4';
UPDATE SM_FIELD_DEF SET JP_TITLE = 'FTPﾕｰｻﾞｰID', US_TITLE = 'FTP_USER_ID' WHERE TABLE_ID = 'TBLID_BFTPINFO' AND FIELD_NAME = 'ftp_user_id';
UPDATE SM_FIELD_DEF SET JP_TITLE = 'FTPﾊﾟｽﾜｰﾄﾞ', US_TITLE = 'FTP_PASSWD' WHERE TABLE_ID = 'TBLID_BFTPINFO' AND FIELD_NAME = 'ftp_passwd';
UPDATE SM_FIELD_DEF SET JP_TITLE = '{NULL', US_TITLE = 'NULL' WHERE TABLE_ID = 'TBLID_BFTPINFO' AND FIELD_NAME = 'NULL';
UPDATE SM_FIELD_DEF SET JP_TITLE = '{"ﾀｲﾄﾙ', US_TITLE = '英語名' WHERE TABLE_ID = 'TBLID_BCOM_MON_BATCH' AND FIELD_NAME = 'ﾌｨｰﾙﾄﾞ名';
UPDATE SM_FIELD_DEF SET JP_TITLE = '{"--------------------', US_TITLE = '--------------------------------------------------------' WHERE TABLE_ID = 'TBLID_BCOM_MON_BATCH' AND FIELD_NAME = '--------------------';
UPDATE SM_FIELD_DEF SET JP_TITLE = '製品ｺｰﾄﾞID', US_TITLE = 'PROD_ID' WHERE TABLE_ID = 'TBLID_BCOM_MON_BATCH' AND FIELD_NAME = 'prod_id';
UPDATE SM_FIELD_DEF SET JP_TITLE = 'ﾊﾞｯﾁ区分', US_TITLE = 'BAT_CAT' WHERE TABLE_ID = 'TBLID_BCOM_MON_BATCH' AND FIELD_NAME = 'bat_cat';
UPDATE SM_FIELD_DEF SET JP_TITLE = 'ｽﾛｯﾄ番号', US_TITLE = 'SLOT_NO' WHERE TABLE_ID = 'TBLID_BCOM_MON_BATCH' AND FIELD_NAME = 'slot_no';
UPDATE SM_FIELD_DEF SET JP_TITLE = '{"検査用途ID', US_TITLE = 'INSP_USED_ID' WHERE TABLE_ID = 'TBLID_BCOM_MON_BATCH' AND FIELD_NAME = 'insp_used_id';
UPDATE SM_FIELD_DEF SET JP_TITLE = '検査用途ID', US_TITLE = 'INSP_USED_ID' WHERE TABLE_ID = 'TBLID_BCOM_MON_BATCH' AND FIELD_NAME = 'insp_used_id';
UPDATE SM_FIELD_DEF SET JP_TITLE = 'ﾓﾆﾀ製品ｺｰﾄﾞID', US_TITLE = 'MON_PROD_ID' WHERE TABLE_ID = 'TBLID_BCOM_MON_BATCH' AND FIELD_NAME = 'mon_prod_id';
UPDATE SM_FIELD_DEF SET JP_TITLE = 'ﾓﾆﾀﾎﾞｯｸｽ投入周期', US_TITLE = 'MON_BOX_INSCYCLE' WHERE TABLE_ID = 'TBLID_BCOM_MON_BATCH' AND FIELD_NAME = 'mon_box_inscycle';
UPDATE SM_FIELD_DEF SET JP_TITLE = '{NULL', US_TITLE = 'NULL' WHERE TABLE_ID = 'TBLID_BCOM_MON_BATCH' AND FIELD_NAME = 'NULL';
UPDATE SM_FIELD_DEF SET JP_TITLE = '{"ﾀｲﾄﾙ', US_TITLE = '英語名' WHERE TABLE_ID = 'TBLID_BPRE_TARGET_MS' AND FIELD_NAME = 'ﾌｨｰﾙﾄﾞ名';
UPDATE SM_FIELD_DEF SET JP_TITLE = '{"--------------------', US_TITLE = '--------------------------------------------------------' WHERE TABLE_ID = 'TBLID_BPRE_TARGET_MS' AND FIELD_NAME = '--------------------';
UPDATE SM_FIELD_DEF SET JP_TITLE = '製品ｺｰﾄﾞID', US_TITLE = 'PROD_ID' WHERE TABLE_ID = 'TBLID_BPRE_TARGET_MS' AND FIELD_NAME = 'prod_id';
UPDATE SM_FIELD_DEF SET JP_TITLE = '{"測定ID', US_TITLE = 'MEAS_ID' WHERE TABLE_ID = 'TBLID_BPRE_TARGET_MS' AND FIELD_NAME = 'meas_id';
UPDATE SM_FIELD_DEF SET JP_TITLE = '測定ID', US_TITLE = 'MEAS_ID' WHERE TABLE_ID = 'TBLID_BPRE_TARGET_MS' AND FIELD_NAME = 'meas_id';
UPDATE SM_FIELD_DEF SET JP_TITLE = 'IL/先行評価区分', US_TITLE = 'IL_PRE_CAT' WHERE TABLE_ID = 'TBLID_BPRE_TARGET_MS' AND FIELD_NAME = 'il_pre_cat';
UPDATE SM_FIELD_DEF SET JP_TITLE = '{NULL', US_TITLE = 'NULL' WHERE TABLE_ID = 'TBLID_BPRE_TARGET_MS' AND FIELD_NAME = 'NULL';
UPDATE SM_FIELD_DEF SET JP_TITLE = '{"ﾀｲﾄﾙ', US_TITLE = '英語名' WHERE TABLE_ID = 'TBLID_BUSERG_FUNC' AND FIELD_NAME = 'ﾌｨｰﾙﾄﾞ名';
UPDATE SM_FIELD_DEF SET JP_TITLE = '{"--------------------', US_TITLE = '--------------------------------------------------------' WHERE TABLE_ID = 'TBLID_BUSERG_FUNC' AND FIELD_NAME = '--------------------';
UPDATE SM_FIELD_DEF SET JP_TITLE = '業務ｸﾞﾙｰﾌﾟID', US_TITLE = 'USERG_ID' WHERE TABLE_ID = 'TBLID_BUSERG_FUNC' AND FIELD_NAME = 'userg_id';
UPDATE SM_FIELD_DEF SET JP_TITLE = 'ｻﾌﾞｼｽﾃﾑID', US_TITLE = 'SUB_SYS_ID' WHERE TABLE_ID = 'TBLID_BUSERG_FUNC' AND FIELD_NAME = 'sub_sys_id';
UPDATE SM_FIELD_DEF SET JP_TITLE = '関数ID', US_TITLE = 'FUNCTION_ID' WHERE TABLE_ID = 'TBLID_BUSERG_FUNC' AND FIELD_NAME = 'function_id';
UPDATE SM_FIELD_DEF SET JP_TITLE = '関数詳細', US_TITLE = 'FUNCTION_DESC' WHERE TABLE_ID = 'TBLID_BUSERG_FUNC' AND FIELD_NAME = 'function_desc';
UPDATE SM_FIELD_DEF SET JP_TITLE = 'ｱｸｾｽID', US_TITLE = 'ACCESS_ID' WHERE TABLE_ID = 'TBLID_BUSERG_FUNC' AND FIELD_NAME = 'access_id';
UPDATE SM_FIELD_DEF SET JP_TITLE = '{NULL', US_TITLE = 'NULL' WHERE TABLE_ID = 'TBLID_BUSERG_FUNC' AND FIELD_NAME = 'NULL';
UPDATE SM_FIELD_DEF SET JP_TITLE = '{"ﾀｲﾄﾙ', US_TITLE = '英語名' WHERE TABLE_ID = 'TBLID_BOPE' AND FIELD_NAME = 'ﾌｨｰﾙﾄﾞ名';
UPDATE SM_FIELD_DEF SET JP_TITLE = '{"--------------------', US_TITLE = '--------------------------------------------------------' WHERE TABLE_ID = 'TBLID_BOPE' AND FIELD_NAME = '--------------------';
UPDATE SM_FIELD_DEF SET JP_TITLE = '工程ID', US_TITLE = 'OPE_ID' WHERE TABLE_ID = 'TBLID_BOPE' AND FIELD_NAME = 'ope_id';
UPDATE SM_FIELD_DEF SET JP_TITLE = '{"工程ﾌﾟﾛﾊﾟﾃｨ', US_TITLE = 'ope_property' WHERE TABLE_ID = 'TBLID_BOPE' AND FIELD_NAME = 'ope_property';
UPDATE SM_FIELD_DEF SET JP_TITLE = '{"工程区分', US_TITLE = 'ope_cat' WHERE TABLE_ID = 'TBLID_BOPE' AND FIELD_NAME = 'ope_cat';
UPDATE SM_FIELD_DEF SET JP_TITLE = '工程名称', US_TITLE = 'OPE_NAME' WHERE TABLE_ID = 'TBLID_BOPE' AND FIELD_NAME = 'ope_name';
UPDATE SM_FIELD_DEF SET JP_TITLE = '工程詳細', US_TITLE = 'OPE_DESC' WHERE TABLE_ID = 'TBLID_BOPE' AND FIELD_NAME = 'ope_desc';
UPDATE SM_FIELD_DEF SET JP_TITLE = '工程ﾌﾟﾛﾊﾟﾃｨ', US_TITLE = 'OPE_PROPERTY' WHERE TABLE_ID = 'TBLID_BOPE' AND FIELD_NAME = 'ope_property';
UPDATE SM_FIELD_DEF SET JP_TITLE = '工程区分ID', US_TITLE = 'OPE_CAT_ID' WHERE TABLE_ID = 'TBLID_BOPE' AND FIELD_NAME = 'ope_cat_id';
UPDATE SM_FIELD_DEF SET JP_TITLE = '装置ID', US_TITLE = 'EQP_ID' WHERE TABLE_ID = 'TBLID_BOPE' AND FIELD_NAME = 'eqp_id';
UPDATE SM_FIELD_DEF SET JP_TITLE = 'ﾚｼﾋﾟID', US_TITLE = 'RECIP_ID' WHERE TABLE_ID = 'TBLID_BOPE' AND FIELD_NAME = 'recip_id';
UPDATE SM_FIELD_DEF SET JP_TITLE = 'ﾌﾟﾛｾｽﾃﾞｰﾀID', US_TITLE = 'PROCDATA_ID' WHERE TABLE_ID = 'TBLID_BOPE' AND FIELD_NAME = 'procdata_id';
UPDATE SM_FIELD_DEF SET JP_TITLE = '測定ID', US_TITLE = 'MEAS_ID' WHERE TABLE_ID = 'TBLID_BOPE' AND FIELD_NAME = 'meas_id';
UPDATE SM_FIELD_DEF SET JP_TITLE = '{"出力ｽﾄｯｶｰID', US_TITLE = 'out_stk_id' WHERE TABLE_ID = 'TBLID_BOPE' AND FIELD_NAME = 'out_stk_id';
UPDATE SM_FIELD_DEF SET JP_TITLE = '{"格納後操作', US_TITLE = 'stock_act' WHERE TABLE_ID = 'TBLID_BOPE' AND FIELD_NAME = 'stock_act';
UPDATE SM_FIELD_DEF SET JP_TITLE = '{"ｽﾄｯｸｱｳﾄ単位', US_TITLE = 'stot_unit' WHERE TABLE_ID = 'TBLID_BOPE' AND FIELD_NAME = 'stot_unit';
UPDATE SM_FIELD_DEF SET JP_TITLE = '{"次ｽﾄｯｶｰID', US_TITLE = 'next_stk_id' WHERE TABLE_ID = 'TBLID_BOPE' AND FIELD_NAME = 'next_stk_id';
UPDATE SM_FIELD_DEF SET JP_TITLE = 'ﾌｧﾐﾘﾛｯﾄﾎｰﾙﾄﾞﾌﾗｸﾞ', US_TITLE = 'FAM_LOT_HOLD_FLG' WHERE TABLE_ID = 'TBLID_BOPE' AND FIELD_NAME = 'fam_lot_hold_flg';
UPDATE SM_FIELD_DEF SET JP_TITLE = '{"ｶｾｯﾄｸﾞﾙｰﾌﾟ', US_TITLE = 'carg_unload' WHERE TABLE_ID = 'TBLID_BOPE' AND FIELD_NAME = 'carg_unload';
UPDATE SM_FIELD_DEF SET JP_TITLE = 'ｶｾｯﾄｸﾞﾙｰﾌﾟ', US_TITLE = 'CARG_UNLOAD' WHERE TABLE_ID = 'TBLID_BOPE' AND FIELD_NAME = 'carg_unload';
UPDATE SM_FIELD_DEF SET JP_TITLE = 'ｶｾｯﾄｸﾞﾙｰﾌﾟ2', US_TITLE = 'CARG_UNLOAD2' WHERE TABLE_ID = 'TBLID_BOPE' AND FIELD_NAME = 'carg_unload2';
UPDATE SM_FIELD_DEF SET JP_TITLE = 'ｶｾｯﾄｸﾞﾙｰﾌﾟ3', US_TITLE = 'CARG_UNLOAD3' WHERE TABLE_ID = 'TBLID_BOPE' AND FIELD_NAME = 'carg_unload3';
UPDATE SM_FIELD_DEF SET JP_TITLE = 'ｶｾｯﾄｸﾞﾙｰﾌﾟ4', US_TITLE = 'CARG_UNLOAD4' WHERE TABLE_ID = 'TBLID_BOPE' AND FIELD_NAME = 'carg_unload4';
UPDATE SM_FIELD_DEF SET JP_TITLE = 'ｶｾｯﾄｸﾞﾙｰﾌﾟ5', US_TITLE = 'CARG_UNLOAD5' WHERE TABLE_ID = 'TBLID_BOPE' AND FIELD_NAME = 'carg_unload5';
UPDATE SM_FIELD_DEF SET JP_TITLE = 'ｶｾｯﾄｸﾞﾙｰﾌﾟ6', US_TITLE = 'CARG_UNLOAD6' WHERE TABLE_ID = 'TBLID_BOPE' AND FIELD_NAME = 'carg_unload6';
UPDATE SM_FIELD_DEF SET JP_TITLE = 'ｶｾｯﾄｸﾞﾙｰﾌﾟ7', US_TITLE = 'CARG_UNLOAD7' WHERE TABLE_ID = 'TBLID_BOPE' AND FIELD_NAME = 'carg_unload7';
UPDATE SM_FIELD_DEF SET JP_TITLE = 'ｶｾｯﾄｸﾞﾙｰﾌﾟ8', US_TITLE = 'CARG_UNLOAD8' WHERE TABLE_ID = 'TBLID_BOPE' AND FIELD_NAME = 'carg_unload8';
UPDATE SM_FIELD_DEF SET JP_TITLE = 'ｶｾｯﾄｸﾞﾙｰﾌﾟ9', US_TITLE = 'CARG_UNLOAD9' WHERE TABLE_ID = 'TBLID_BOPE' AND FIELD_NAME = 'carg_unload9';
UPDATE SM_FIELD_DEF SET JP_TITLE = 'ｶｾｯﾄｸﾞﾙｰﾌﾟ10', US_TITLE = 'CARG_UNLOAD10' WHERE TABLE_ID = 'TBLID_BOPE' AND FIELD_NAME = 'carg_unload10';
UPDATE SM_FIELD_DEF SET JP_TITLE = 'ｶｾｯﾄｸﾞﾙｰﾌﾟ11', US_TITLE = 'CARG_UNLOAD11' WHERE TABLE_ID = 'TBLID_BOPE' AND FIELD_NAME = 'carg_unload11';
UPDATE SM_FIELD_DEF SET JP_TITLE = 'ｶｾｯﾄｸﾞﾙｰﾌﾟ12', US_TITLE = 'CARG_UNLOAD12' WHERE TABLE_ID = 'TBLID_BOPE' AND FIELD_NAME = 'carg_unload12';
UPDATE SM_FIELD_DEF SET JP_TITLE = 'ｶｾｯﾄｸﾞﾙｰﾌﾟ13', US_TITLE = 'CARG_UNLOAD13' WHERE TABLE_ID = 'TBLID_BOPE' AND FIELD_NAME = 'carg_unload13';
UPDATE SM_FIELD_DEF SET JP_TITLE = 'ｶｾｯﾄｸﾞﾙｰﾌﾟ14', US_TITLE = 'CARG_UNLOAD14' WHERE TABLE_ID = 'TBLID_BOPE' AND FIELD_NAME = 'carg_unload14';
UPDATE SM_FIELD_DEF SET JP_TITLE = 'ｶｾｯﾄｸﾞﾙｰﾌﾟ15', US_TITLE = 'CARG_UNLOAD15' WHERE TABLE_ID = 'TBLID_BOPE' AND FIELD_NAME = 'carg_unload15';
UPDATE SM_FIELD_DEF SET JP_TITLE = 'ｶｾｯﾄｸﾞﾙｰﾌﾟ16', US_TITLE = 'CARG_UNLOAD16' WHERE TABLE_ID = 'TBLID_BOPE' AND FIELD_NAME = 'carg_unload16';
UPDATE SM_FIELD_DEF SET JP_TITLE = 'ｶｾｯﾄｸﾞﾙｰﾌﾟ17', US_TITLE = 'CARG_UNLOAD17' WHERE TABLE_ID = 'TBLID_BOPE' AND FIELD_NAME = 'carg_unload17';
UPDATE SM_FIELD_DEF SET JP_TITLE = 'ｶｾｯﾄｸﾞﾙｰﾌﾟ18', US_TITLE = 'CARG_UNLOAD18' WHERE TABLE_ID = 'TBLID_BOPE' AND FIELD_NAME = 'carg_unload18';
UPDATE SM_FIELD_DEF SET JP_TITLE = 'ｶｾｯﾄｸﾞﾙｰﾌﾟ19', US_TITLE = 'CARG_UNLOAD19' WHERE TABLE_ID = 'TBLID_BOPE' AND FIELD_NAME = 'carg_unload19';
UPDATE SM_FIELD_DEF SET JP_TITLE = 'ｶｾｯﾄｸﾞﾙｰﾌﾟ20', US_TITLE = 'CARG_UNLOAD20' WHERE TABLE_ID = 'TBLID_BOPE' AND FIELD_NAME = 'carg_unload20';
UPDATE SM_FIELD_DEF SET JP_TITLE = 'ｶｾｯﾄｸﾞﾙｰﾌﾟ21', US_TITLE = 'CARG_UNLOAD21' WHERE TABLE_ID = 'TBLID_BOPE' AND FIELD_NAME = 'carg_unload21';
UPDATE SM_FIELD_DEF SET JP_TITLE = 'ｶｾｯﾄｸﾞﾙｰﾌﾟ22', US_TITLE = 'CARG_UNLOAD22' WHERE TABLE_ID = 'TBLID_BOPE' AND FIELD_NAME = 'carg_unload22';
UPDATE SM_FIELD_DEF SET JP_TITLE = 'ｶｾｯﾄｸﾞﾙｰﾌﾟ23', US_TITLE = 'CARG_UNLOAD23' WHERE TABLE_ID = 'TBLID_BOPE' AND FIELD_NAME = 'carg_unload23';
UPDATE SM_FIELD_DEF SET JP_TITLE = 'ｶｾｯﾄｸﾞﾙｰﾌﾟ24', US_TITLE = 'CARG_UNLOAD24' WHERE TABLE_ID = 'TBLID_BOPE' AND FIELD_NAME = 'carg_unload24';
UPDATE SM_FIELD_DEF SET JP_TITLE = 'ｶｾｯﾄｸﾞﾙｰﾌﾟ25', US_TITLE = 'CARG_UNLOAD25' WHERE TABLE_ID = 'TBLID_BOPE' AND FIELD_NAME = 'carg_unload25';
UPDATE SM_FIELD_DEF SET JP_TITLE = 'ｶｾｯﾄｸﾞﾙｰﾌﾟ26', US_TITLE = 'CARG_UNLOAD26' WHERE TABLE_ID = 'TBLID_BOPE' AND FIELD_NAME = 'carg_unload26';
UPDATE SM_FIELD_DEF SET JP_TITLE = 'ｶｾｯﾄｸﾞﾙｰﾌﾟ27', US_TITLE = 'CARG_UNLOAD27' WHERE TABLE_ID = 'TBLID_BOPE' AND FIELD_NAME = 'carg_unload27';
UPDATE SM_FIELD_DEF SET JP_TITLE = 'ｶｾｯﾄｸﾞﾙｰﾌﾟ28', US_TITLE = 'CARG_UNLOAD28' WHERE TABLE_ID = 'TBLID_BOPE' AND FIELD_NAME = 'carg_unload28';
UPDATE SM_FIELD_DEF SET JP_TITLE = 'ｶｾｯﾄｸﾞﾙｰﾌﾟ29', US_TITLE = 'CARG_UNLOAD29' WHERE TABLE_ID = 'TBLID_BOPE' AND FIELD_NAME = 'carg_unload29';
UPDATE SM_FIELD_DEF SET JP_TITLE = 'ｶｾｯﾄｸﾞﾙｰﾌﾟ30', US_TITLE = 'CARG_UNLOAD30' WHERE TABLE_ID = 'TBLID_BOPE' AND FIELD_NAME = 'carg_unload30';
UPDATE SM_FIELD_DEF SET JP_TITLE = 'ｶｾｯﾄﾀｲﾌﾟ', US_TITLE = 'CAR_TYPE' WHERE TABLE_ID = 'TBLID_BOPE' AND FIELD_NAME = 'car_type';
UPDATE SM_FIELD_DEF SET JP_TITLE = 'ｶｾｯﾄﾓｰﾄﾞ', US_TITLE = 'CAR_MODE' WHERE TABLE_ID = 'TBLID_BOPE' AND FIELD_NAME = 'car_mode';
UPDATE SM_FIELD_DEF SET JP_TITLE = 'ﾛｯﾄ混在区分', US_TITLE = 'LOT_MIX_CAT' WHERE TABLE_ID = 'TBLID_BOPE' AND FIELD_NAME = 'lot_mix_cat';
UPDATE SM_FIELD_DEF SET JP_TITLE = 'ﾛｯﾄまとめ区分', US_TITLE = 'LOT_COLLECT_FLG' WHERE TABLE_ID = 'TBLID_BOPE' AND FIELD_NAME = 'lot_collect_flg';
UPDATE SM_FIELD_DEF SET JP_TITLE = '工程内検査ﾌﾗｸﾞ', US_TITLE = 'OPE_INSP_FLG' WHERE TABLE_ID = 'TBLID_BOPE' AND FIELD_NAME = 'ope_insp_flg';
UPDATE SM_FIELD_DEF SET JP_TITLE = '工程内検査規定値(同一ｶｾｯﾄ)', US_TITLE = 'OPE_INSP_REG_CAR' WHERE TABLE_ID = 'TBLID_BOPE' AND FIELD_NAME = 'ope_insp_reg_car';
UPDATE SM_FIELD_DEF SET JP_TITLE = '工程内検査規定値(同一ﾛｯﾄ)', US_TITLE = 'OPE_INSP_REG_LOT' WHERE TABLE_ID = 'TBLID_BOPE' AND FIELD_NAME = 'ope_insp_reg_lot';
UPDATE SM_FIELD_DEF SET JP_TITLE = '{"工程内検査規定値(同一製品ｺｰﾄﾞ)', US_TITLE = 'ope_insp_reg_prod' WHERE TABLE_ID = 'TBLID_BOPE' AND FIELD_NAME = 'ope_insp_reg_prod';
UPDATE SM_FIELD_DEF SET JP_TITLE = '工程内検査規定値(同一ﾌｧﾐﾘｰﾛｯﾄ)', US_TITLE = 'OPE_INSP_REG_PROD' WHERE TABLE_ID = 'TBLID_BOPE' AND FIELD_NAME = 'ope_insp_reg_prod';
UPDATE SM_FIELD_DEF SET JP_TITLE = '工程内検査規定値(同一ﾚｼﾋﾟ)', US_TITLE = 'OPE_INSP_REG_RECIP' WHERE TABLE_ID = 'TBLID_BOPE' AND FIELD_NAME = 'ope_insp_reg_recip';
UPDATE SM_FIELD_DEF SET JP_TITLE = '工程内検査実施ｳｪｰﾊ枚数', US_TITLE = 'OPE_INSP_ENF_WAF_NUM' WHERE TABLE_ID = 'TBLID_BOPE' AND FIELD_NAME = 'ope_insp_enf_waf_num';
UPDATE SM_FIELD_DEF SET JP_TITLE = 'ﾌﾟﾛｾｽ単位', US_TITLE = 'PROC_UNIT' WHERE TABLE_ID = 'TBLID_BOPE' AND FIELD_NAME = 'proc_unit';
UPDATE SM_FIELD_DEF SET JP_TITLE = 'ﾌﾟﾛｾｽ時間', US_TITLE = 'PROC_TIME' WHERE TABLE_ID = 'TBLID_BOPE' AND FIELD_NAME = 'proc_time';
UPDATE SM_FIELD_DEF SET JP_TITLE = 'ﾌﾟﾛｾｽQﾀｲﾑ', US_TITLE = 'PROC_QTIME' WHERE TABLE_ID = 'TBLID_BOPE' AND FIELD_NAME = 'proc_qtime';
UPDATE SM_FIELD_DEF SET JP_TITLE = 'ﾊﾝﾄﾞﾘﾝｸﾞ時間', US_TITLE = 'HANDL_TIME' WHERE TABLE_ID = 'TBLID_BOPE' AND FIELD_NAME = 'handl_time';
UPDATE SM_FIELD_DEF SET JP_TITLE = '搬送ﾎﾟｰﾄ', US_TITLE = 'CARRY_PORT' WHERE TABLE_ID = 'TBLID_BOPE' AND FIELD_NAME = 'carry_port';
UPDATE SM_FIELD_DEF SET JP_TITLE = 'ﾛｯﾄ追従ﾌﾗｸﾞ', US_TITLE = 'LOT_FOLLOW_FLG' WHERE TABLE_ID = 'TBLID_BOPE' AND FIELD_NAME = 'lot_follow_flg';
UPDATE SM_FIELD_DEF SET JP_TITLE = 'ﾙｰﾄ接続', US_TITLE = 'RouteConnect' WHERE TABLE_ID = 'TBLID_BOPE' AND FIELD_NAME = 'dummy';
UPDATE SM_FIELD_DEF SET JP_TITLE = 'Qﾀｲﾑ', US_TITLE = 'Q-Time' WHERE TABLE_ID = 'TBLID_BOPE' AND FIELD_NAME = 'dummy2';
UPDATE SM_FIELD_DEF SET JP_TITLE = 'ﾚｼﾋﾟﾙｯｸｱｯﾌﾟ', US_TITLE = 'RecipLookup' WHERE TABLE_ID = 'TBLID_BOPE' AND FIELD_NAME = 'dummy3';
UPDATE SM_FIELD_DEF SET JP_TITLE = 'ﾌﾟﾛｾｽﾙｯｸｱｯﾌﾟ', US_TITLE = 'ProcDCLookup' WHERE TABLE_ID = 'TBLID_BOPE' AND FIELD_NAME = 'dummy4';
UPDATE SM_FIELD_DEF SET JP_TITLE = '測定ﾙｯｸｱｯﾌﾟ', US_TITLE = 'MeasDCLookup' WHERE TABLE_ID = 'TBLID_BOPE' AND FIELD_NAME = 'dummy5';
UPDATE SM_FIELD_DEF SET JP_TITLE = 'ﾙｰﾄID', US_TITLE = 'ROUTE_ID' WHERE TABLE_ID = 'TBLID_BOPE' AND FIELD_NAME = 'route_id';
UPDATE SM_FIELD_DEF SET JP_TITLE = '{"ﾙｰﾄID', US_TITLE = 'ROUTE_ID' WHERE TABLE_ID = 'TBLID_BOPE' AND FIELD_NAME = 'route_id';
UPDATE SM_FIELD_DEF SET JP_TITLE = 'ﾙｰﾄﾊﾞｰｼﾞｮﾝ', US_TITLE = 'ROUTE_VER' WHERE TABLE_ID = 'TBLID_BOPE' AND FIELD_NAME = 'route_ver';
UPDATE SM_FIELD_DEF SET JP_TITLE = '作業番号', US_TITLE = 'OPE_NO' WHERE TABLE_ID = 'TBLID_BOPE' AND FIELD_NAME = 'ope_no';
UPDATE SM_FIELD_DEF SET JP_TITLE = 'BPRODCODEへのｼﾞｬﾝﾌﾟ用ﾀﾞﾐｰ', US_TITLE = 'L' WHERE TABLE_ID = 'TBLID_BOPE' AND FIELD_NAME = 'prod_code_cat';
UPDATE SM_FIELD_DEF SET JP_TITLE = 'BCODEへのｼﾞｬﾝﾌﾟ用ﾀﾞﾐｰ', US_TITLE = 'L' WHERE TABLE_ID = 'TBLID_BOPE' AND FIELD_NAME = 'code_cat';
UPDATE SM_FIELD_DEF SET JP_TITLE = '{NULL', US_TITLE = 'NULL' WHERE TABLE_ID = 'TBLID_BOPE' AND FIELD_NAME = 'NULL';
UPDATE SM_FIELD_DEF SET JP_TITLE = '{"ﾀｲﾄﾙ', US_TITLE = '英語名' WHERE TABLE_ID = 'TBLID_BPROD' AND FIELD_NAME = 'ﾌｨｰﾙﾄﾞ名';
UPDATE SM_FIELD_DEF SET JP_TITLE = '{"--------------------', US_TITLE = '--------------------------------------------------------' WHERE TABLE_ID = 'TBLID_BPROD' AND FIELD_NAME = '--------------------';
UPDATE SM_FIELD_DEF SET JP_TITLE = '製品ｺｰﾄﾞID', US_TITLE = 'PROD_ID' WHERE TABLE_ID = 'TBLID_BPROD' AND FIELD_NAME = 'prod_id';
UPDATE SM_FIELD_DEF SET JP_TITLE = '製品ｺｰﾄﾞID2', US_TITLE = 'PROD_ID2' WHERE TABLE_ID = 'TBLID_BPROD' AND FIELD_NAME = 'prod_id2';
UPDATE SM_FIELD_DEF SET JP_TITLE = '製品ｺｰﾄﾞ名称', US_TITLE = 'PROD_NAME' WHERE TABLE_ID = 'TBLID_BPROD' AND FIELD_NAME = 'prod_name';
UPDATE SM_FIELD_DEF SET JP_TITLE = '製品ｺｰﾄﾞ詳細', US_TITLE = 'PROD_DESC' WHERE TABLE_ID = 'TBLID_BPROD' AND FIELD_NAME = 'prod_desc';
UPDATE SM_FIELD_DEF SET JP_TITLE = '製品ｺｰﾄﾞ区分', US_TITLE = 'PROD_CAT' WHERE TABLE_ID = 'TBLID_BPROD' AND FIELD_NAME = 'prod_cat';
UPDATE SM_FIELD_DEF SET JP_TITLE = '{"ﾙｰﾄID', US_TITLE = 'ROUTE_ID' WHERE TABLE_ID = 'TBLID_BPROD' AND FIELD_NAME = 'route_id';
UPDATE SM_FIELD_DEF SET JP_TITLE = '{"ﾙｰﾄﾊﾞｰｼﾞｮﾝ', US_TITLE = 'ROUTE_VER' WHERE TABLE_ID = 'TBLID_BPROD' AND FIELD_NAME = 'route_ver';
UPDATE SM_FIELD_DEF SET JP_TITLE = 'ﾙｰﾄID', US_TITLE = 'ROUTE_ID' WHERE TABLE_ID = 'TBLID_BPROD' AND FIELD_NAME = 'route_id';
UPDATE SM_FIELD_DEF SET JP_TITLE = 'ﾙｰﾄﾊﾞｰｼﾞｮﾝ', US_TITLE = 'ROUTE_VER' WHERE TABLE_ID = 'TBLID_BPROD' AND FIELD_NAME = 'route_ver';
UPDATE SM_FIELD_DEF SET JP_TITLE = '{"製品種別', US_TITLE = 'PRODUCT_KIND' WHERE TABLE_ID = 'TBLID_BPROD' AND FIELD_NAME = 'product_kind';
UPDATE SM_FIELD_DEF SET JP_TITLE = '製品種別', US_TITLE = 'PRODUCT_KIND' WHERE TABLE_ID = 'TBLID_BPROD' AND FIELD_NAME = 'product_kind';
UPDATE SM_FIELD_DEF SET JP_TITLE = '熱処理', US_TITLE = 'WHT_FLG' WHERE TABLE_ID = 'TBLID_BPROD' AND FIELD_NAME = 'wht_flg';
UPDATE SM_FIELD_DEF SET JP_TITLE = 'EG', US_TITLE = 'EG_FLG' WHERE TABLE_ID = 'TBLID_BPROD' AND FIELD_NAME = 'eg_flg';
UPDATE SM_FIELD_DEF SET JP_TITLE = 'CVD', US_TITLE = 'CVD_FLG' WHERE TABLE_ID = 'TBLID_BPROD' AND FIELD_NAME = 'cvd_flg';
UPDATE SM_FIELD_DEF SET JP_TITLE = 'ｽﾗｲｽ溝ﾋﾟｯﾁ規格', US_TITLE = 'SLICE_WIRE_PITCH' WHERE TABLE_ID = 'TBLID_BPROD' AND FIELD_NAME = 'slice_wire_pitch';
UPDATE SM_FIELD_DEF SET JP_TITLE = '外周面取ﾎｲｰﾙ規格', US_TITLE = 'CIR_WHEEL_STD' WHERE TABLE_ID = 'TBLID_BPROD' AND FIELD_NAME = 'cir_wheel_std';
UPDATE SM_FIELD_DEF SET JP_TITLE = 'ﾉｯﾁ面取ﾎｲｰﾙ規格', US_TITLE = 'NOTCH_WHEEL_STD' WHERE TABLE_ID = 'TBLID_BPROD' AND FIELD_NAME = 'notch_wheel_std';
UPDATE SM_FIELD_DEF SET JP_TITLE = '{"粗研磨砥粒番手', US_TITLE = 'FLT_GRIND_COUNT' WHERE TABLE_ID = 'TBLID_BPROD' AND FIELD_NAME = 'flt_grind_count';
UPDATE SM_FIELD_DEF SET JP_TITLE = '粗研削砥粒番手', US_TITLE = 'FLT_GRIND_COUNT' WHERE TABLE_ID = 'TBLID_BPROD' AND FIELD_NAME = 'flt_grind_count';
UPDATE SM_FIELD_DEF SET JP_TITLE = '仕上研削砥粒番手', US_TITLE = 'FIN_GRIND_COUNT' WHERE TABLE_ID = 'TBLID_BPROD' AND FIELD_NAME = 'fin_grind_count';
UPDATE SM_FIELD_DEF SET JP_TITLE = 'ﾚｰｻﾞｰﾏｰｸ面指定', US_TITLE = 'LM_FACE_SPECIFIED_FLG' WHERE TABLE_ID = 'TBLID_BPROD' AND FIELD_NAME = 'lm_face_specified_flg';
UPDATE SM_FIELD_DEF SET JP_TITLE = 'ﾚｰｻﾞｰﾏｰｸ区分', US_TITLE = 'LASRMARK_CAT' WHERE TABLE_ID = 'TBLID_BPROD' AND FIELD_NAME = 'lasrmark_cat';
UPDATE SM_FIELD_DEF SET JP_TITLE = 'LMｸﾞﾙｰﾌﾟNo.1', US_TITLE = 'LASRMARK_PRINT_PTN1' WHERE TABLE_ID = 'TBLID_BPROD' AND FIELD_NAME = 'lasrmark_print_ptn1';
UPDATE SM_FIELD_DEF SET JP_TITLE = 'LMｸﾞﾙｰﾌﾟNo.2', US_TITLE = 'LASRMARK_PRINT_PTN2' WHERE TABLE_ID = 'TBLID_BPROD' AND FIELD_NAME = 'lasrmark_print_ptn2';
UPDATE SM_FIELD_DEF SET JP_TITLE = 'ｴｯﾁﾝｸﾞ取代', US_TITLE = 'EDGING_REMOVE' WHERE TABLE_ID = 'TBLID_BPROD' AND FIELD_NAME = 'edging_remove';
UPDATE SM_FIELD_DEF SET JP_TITLE = '研磨種類', US_TITLE = 'POLISH_KIND' WHERE TABLE_ID = 'TBLID_BPROD' AND FIELD_NAME = 'polish_kind';
UPDATE SM_FIELD_DEF SET JP_TITLE = '平坦度ﾗﾝｸ', US_TITLE = 'FLATNESS_RANK' WHERE TABLE_ID = 'TBLID_BPROD' AND FIELD_NAME = 'flatness_rank';
UPDATE SM_FIELD_DEF SET JP_TITLE = '粗研磨ｸﾛｽﾗｲﾌ規格', US_TITLE = 'FLT_POLISH_CROSS_LIFE_STD' WHERE TABLE_ID = 'TBLID_BPROD' AND FIELD_NAME = 'flt_polish_cross_life_std';
UPDATE SM_FIELD_DEF SET JP_TITLE = '鏡面面取砥粒比重', US_TITLE = 'MIRROR_GRIND_GRAVITY' WHERE TABLE_ID = 'TBLID_BPROD' AND FIELD_NAME = 'mirror_grind_gravity';
UPDATE SM_FIELD_DEF SET JP_TITLE = '仕上研磨ｸﾛｽﾗｲﾌ規格', US_TITLE = 'FIN_POLISH_CROSS_LIFE_STD' WHERE TABLE_ID = 'TBLID_BPROD' AND FIELD_NAME = 'fin_polish_cross_life_std';
UPDATE SM_FIELD_DEF SET JP_TITLE = 'Fosb InfoPadﾌﾟﾗｸﾞ位置', US_TITLE = 'FOSB_INFOPAD_PLUG_POS' WHERE TABLE_ID = 'TBLID_BPROD' AND FIELD_NAME = 'fosb_infopad_plug_pos';
UPDATE SM_FIELD_DEF SET JP_TITLE = 'ｾﾝﾀｰﾘﾃｰﾅｰ有無', US_TITLE = 'SENTER_RITENER_EXIST' WHERE TABLE_ID = 'TBLID_BPROD' AND FIELD_NAME = 'senter_ritener_exist';
UPDATE SM_FIELD_DEF SET JP_TITLE = '出荷ﾗﾍﾞﾙ位置1', US_TITLE = 'SHIP_LABEL_POS1' WHERE TABLE_ID = 'TBLID_BPROD' AND FIELD_NAME = 'ship_label_pos1';
UPDATE SM_FIELD_DEF SET JP_TITLE = '出荷ﾗﾍﾞﾙ位置2', US_TITLE = 'SHIP_LABEL_POS2' WHERE TABLE_ID = 'TBLID_BPROD' AND FIELD_NAME = 'ship_label_pos2';
UPDATE SM_FIELD_DEF SET JP_TITLE = '出荷ﾗﾍﾞﾙ位置3', US_TITLE = 'SHIP_LABEL_POS3' WHERE TABLE_ID = 'TBLID_BPROD' AND FIELD_NAME = 'ship_label_pos3';
UPDATE SM_FIELD_DEF SET JP_TITLE = '乾燥剤有無', US_TITLE = 'DESICCANT_EXIST' WHERE TABLE_ID = 'TBLID_BPROD' AND FIELD_NAME = 'desiccant_exist';
UPDATE SM_FIELD_DEF SET JP_TITLE = '乾燥剤位置', US_TITLE = 'DESICCANT_POS' WHERE TABLE_ID = 'TBLID_BPROD' AND FIELD_NAME = 'desiccant_pos';
UPDATE SM_FIELD_DEF SET JP_TITLE = 'KEM PW製品ｺｰﾄﾞ', US_TITLE = 'KEM_PW_PROD_CODE' WHERE TABLE_ID = 'TBLID_BPROD' AND FIELD_NAME = 'kem_pw_prod_code';
UPDATE SM_FIELD_DEF SET JP_TITLE = 'KEM EP製品ｺｰﾄﾞ', US_TITLE = 'KEM_EP_PROD_CODE' WHERE TABLE_ID = 'TBLID_BPROD' AND FIELD_NAME = 'kem_ep_prod_code';
UPDATE SM_FIELD_DEF SET JP_TITLE = 'KEM Anneal製品ｺｰﾄﾞ', US_TITLE = 'KEM_AR_PROD_CODE' WHERE TABLE_ID = 'TBLID_BPROD' AND FIELD_NAME = 'kem_ar_prod_code';
UPDATE SM_FIELD_DEF SET JP_TITLE = '{"切断角度ﾉｯﾁ上(X･符号)度', US_TITLE = 'NOTCH_TOP_DEGREE' WHERE TABLE_ID = 'TBLID_BPROD' AND FIELD_NAME = 'notch_top_degree';
UPDATE SM_FIELD_DEF SET JP_TITLE = '{"切断角度ﾉｯﾁ上(X)分', US_TITLE = 'NOTCH_TOP_ARCMIN' WHERE TABLE_ID = 'TBLID_BPROD' AND FIELD_NAME = 'notch_top_arcmin';
UPDATE SM_FIELD_DEF SET JP_TITLE = '{"切断角度ﾉｯﾁ上(X)秒', US_TITLE = 'NOTCH_TOP_ARCSEC' WHERE TABLE_ID = 'TBLID_BPROD' AND FIELD_NAME = 'notch_top_arcsec';
UPDATE SM_FIELD_DEF SET JP_TITLE = '{"切断角度ﾉｯﾁ左(Y･符号)度', US_TITLE = 'NOTCH_LEFT_DEGREE' WHERE TABLE_ID = 'TBLID_BPROD' AND FIELD_NAME = 'notch_left_degree';
UPDATE SM_FIELD_DEF SET JP_TITLE = '{"切断角度ﾉｯﾁ左(Y)分', US_TITLE = 'NOTCH_LEFT_ARCMIN' WHERE TABLE_ID = 'TBLID_BPROD' AND FIELD_NAME = 'notch_left_arcmin';
UPDATE SM_FIELD_DEF SET JP_TITLE = '{"切断角度ﾉｯﾁ左(Y)秒', US_TITLE = 'NOTCH_LEFT_ARCSEC' WHERE TABLE_ID = 'TBLID_BPROD' AND FIELD_NAME = 'notch_left_arcsec';
UPDATE SM_FIELD_DEF SET JP_TITLE = '切断角度ﾉｯﾁ上(X･符号)度', US_TITLE = 'NOTCH_TOP_DEGREE' WHERE TABLE_ID = 'TBLID_BPROD' AND FIELD_NAME = 'notch_top_degree';
UPDATE SM_FIELD_DEF SET JP_TITLE = '切断角度ﾉｯﾁ上(X)分', US_TITLE = 'NOTCH_TOP_ARCMIN' WHERE TABLE_ID = 'TBLID_BPROD' AND FIELD_NAME = 'notch_top_arcmin';
UPDATE SM_FIELD_DEF SET JP_TITLE = '切断角度ﾉｯﾁ上(X)秒', US_TITLE = 'NOTCH_TOP_ARCSEC' WHERE TABLE_ID = 'TBLID_BPROD' AND FIELD_NAME = 'notch_top_arcsec';
UPDATE SM_FIELD_DEF SET JP_TITLE = '切断角度ﾉｯﾁ左(Y･符号)度', US_TITLE = 'NOTCH_LEFT_DEGREE' WHERE TABLE_ID = 'TBLID_BPROD' AND FIELD_NAME = 'notch_left_degree';
UPDATE SM_FIELD_DEF SET JP_TITLE = '切断角度ﾉｯﾁ左(Y)分', US_TITLE = 'NOTCH_LEFT_ARCMIN' WHERE TABLE_ID = 'TBLID_BPROD' AND FIELD_NAME = 'notch_left_arcmin';
UPDATE SM_FIELD_DEF SET JP_TITLE = '切断角度ﾉｯﾁ左(Y)秒', US_TITLE = 'NOTCH_LEFT_ARCSEC' WHERE TABLE_ID = 'TBLID_BPROD' AND FIELD_NAME = 'notch_left_arcsec';
UPDATE SM_FIELD_DEF SET JP_TITLE = '出荷ﾗﾍﾞﾙ印刷有無', US_TITLE = 'SHIP_LABEL_PRINT_EXIST' WHERE TABLE_ID = 'TBLID_BPROD' AND FIELD_NAME = 'ship_label_print_exist';
UPDATE SM_FIELD_DEF SET JP_TITLE = '予備1', US_TITLE = 'RESERVE01' WHERE TABLE_ID = 'TBLID_BPROD' AND FIELD_NAME = 'reserve01';
UPDATE SM_FIELD_DEF SET JP_TITLE = '{"予備2', US_TITLE = 'RESERVE02' WHERE TABLE_ID = 'TBLID_BPROD' AND FIELD_NAME = 'reserve02';
UPDATE SM_FIELD_DEF SET JP_TITLE = '{"WS装置グループ', US_TITLE = 'RESERVE02' WHERE TABLE_ID = 'TBLID_BPROD' AND FIELD_NAME = 'reserve02';
UPDATE SM_FIELD_DEF SET JP_TITLE = '{"予備3', US_TITLE = 'RESERVE03' WHERE TABLE_ID = 'TBLID_BPROD' AND FIELD_NAME = 'reserve03';
UPDATE SM_FIELD_DEF SET JP_TITLE = '{"予備4', US_TITLE = 'RESERVE04' WHERE TABLE_ID = 'TBLID_BPROD' AND FIELD_NAME = 'reserve04';
UPDATE SM_FIELD_DEF SET JP_TITLE = '{"LM2ヶ月混成', US_TITLE = 'RESERVE03' WHERE TABLE_ID = 'TBLID_BPROD' AND FIELD_NAME = 'reserve03';
UPDATE SM_FIELD_DEF SET JP_TITLE = '{"出荷容器ﾘﾕｰｽ', US_TITLE = 'RESERVE04' WHERE TABLE_ID = 'TBLID_BPROD' AND FIELD_NAME = 'reserve04';
UPDATE SM_FIELD_DEF SET JP_TITLE = '{"号機指定区分', US_TITLE = 'RESERVE05' WHERE TABLE_ID = 'TBLID_BPROD' AND FIELD_NAME = 'reserve05';
UPDATE SM_FIELD_DEF SET JP_TITLE = '{"装置ｸﾞﾙｰﾌﾟID', US_TITLE = 'RESERVE06' WHERE TABLE_ID = 'TBLID_BPROD' AND FIELD_NAME = 'reserve06';
UPDATE SM_FIELD_DEF SET JP_TITLE = '{"予備5', US_TITLE = 'RESERVE05' WHERE TABLE_ID = 'TBLID_BPROD' AND FIELD_NAME = 'reserve05';
UPDATE SM_FIELD_DEF SET JP_TITLE = '{"予備6', US_TITLE = 'RESERVE06' WHERE TABLE_ID = 'TBLID_BPROD' AND FIELD_NAME = 'reserve06';
UPDATE SM_FIELD_DEF SET JP_TITLE = '{"予備7', US_TITLE = 'RESERVE07' WHERE TABLE_ID = 'TBLID_BPROD' AND FIELD_NAME = 'reserve07';
UPDATE SM_FIELD_DEF SET JP_TITLE = '{"予備8', US_TITLE = 'RESERVE08' WHERE TABLE_ID = 'TBLID_BPROD' AND FIELD_NAME = 'reserve08';
UPDATE SM_FIELD_DEF SET JP_TITLE = '{"予備9', US_TITLE = 'RESERVE09' WHERE TABLE_ID = 'TBLID_BPROD' AND FIELD_NAME = 'reserve09';
UPDATE SM_FIELD_DEF SET JP_TITLE = '{"予備10', US_TITLE = 'RESERVE10' WHERE TABLE_ID = 'TBLID_BPROD' AND FIELD_NAME = 'reserve10';
UPDATE SM_FIELD_DEF SET JP_TITLE = '{"予備11', US_TITLE = 'RESERVE11' WHERE TABLE_ID = 'TBLID_BPROD' AND FIELD_NAME = 'reserve11';
UPDATE SM_FIELD_DEF SET JP_TITLE = '{"予備12', US_TITLE = 'RESERVE12' WHERE TABLE_ID = 'TBLID_BPROD' AND FIELD_NAME = 'reserve12';
UPDATE SM_FIELD_DEF SET JP_TITLE = '{"面取狙い形状A寸法', US_TITLE = 'RESERVE07' WHERE TABLE_ID = 'TBLID_BPROD' AND FIELD_NAME = 'reserve07';
UPDATE SM_FIELD_DEF SET JP_TITLE = '{"面取狙い形状BC寸法', US_TITLE = 'RESERVE08' WHERE TABLE_ID = 'TBLID_BPROD' AND FIELD_NAME = 'reserve08';
UPDATE SM_FIELD_DEF SET JP_TITLE = '{"面取狙い形状θ', US_TITLE = 'RESERVE09' WHERE TABLE_ID = 'TBLID_BPROD' AND FIELD_NAME = 'reserve09';
UPDATE SM_FIELD_DEF SET JP_TITLE = '{"平坦度SFQR MAX', US_TITLE = 'RESERVE10' WHERE TABLE_ID = 'TBLID_BPROD' AND FIELD_NAME = 'reserve10';
UPDATE SM_FIELD_DEF SET JP_TITLE = '{"平坦度SFQR PUA', US_TITLE = 'RESERVE11' WHERE TABLE_ID = 'TBLID_BPROD' AND FIELD_NAME = 'reserve11';
UPDATE SM_FIELD_DEF SET JP_TITLE = '{"平坦度CELLSIZE', US_TITLE = 'RESERVE12' WHERE TABLE_ID = 'TBLID_BPROD' AND FIELD_NAME = 'reserve12';
UPDATE SM_FIELD_DEF SET JP_TITLE = '{"予備13', US_TITLE = 'RESERVE13' WHERE TABLE_ID = 'TBLID_BPROD' AND FIELD_NAME = 'reserve13';
UPDATE SM_FIELD_DEF SET JP_TITLE = '{"平坦度GBIR', US_TITLE = 'RESERVE13' WHERE TABLE_ID = 'TBLID_BPROD' AND FIELD_NAME = 'reserve13';
UPDATE SM_FIELD_DEF SET JP_TITLE = '{"予備14', US_TITLE = 'RESERVE14' WHERE TABLE_ID = 'TBLID_BPROD' AND FIELD_NAME = 'reserve14';
UPDATE SM_FIELD_DEF SET JP_TITLE = '{"予備15', US_TITLE = 'RESERVE15' WHERE TABLE_ID = 'TBLID_BPROD' AND FIELD_NAME = 'reserve15';
UPDATE SM_FIELD_DEF SET JP_TITLE = '{"予備16', US_TITLE = 'RESERVE16' WHERE TABLE_ID = 'TBLID_BPROD' AND FIELD_NAME = 'reserve16';
UPDATE SM_FIELD_DEF SET JP_TITLE = '{"予備17', US_TITLE = 'RESERVE17' WHERE TABLE_ID = 'TBLID_BPROD' AND FIELD_NAME = 'reserve17';
UPDATE SM_FIELD_DEF SET JP_TITLE = '{"予備18', US_TITLE = 'RESERVE18' WHERE TABLE_ID = 'TBLID_BPROD' AND FIELD_NAME = 'reserve18';
UPDATE SM_FIELD_DEF SET JP_TITLE = '{"容器洗浄区分', US_TITLE = 'RESERVE14' WHERE TABLE_ID = 'TBLID_BPROD' AND FIELD_NAME = 'reserve14';
UPDATE SM_FIELD_DEF SET JP_TITLE = '{"ｽﾗｲｽ溝ﾋﾟｯﾁ規格2', US_TITLE = 'RESERVE15' WHERE TABLE_ID = 'TBLID_BPROD' AND FIELD_NAME = 'reserve15';
UPDATE SM_FIELD_DEF SET JP_TITLE = '{"ｽﾗｲｽ溝ﾋﾟｯﾁ規格3', US_TITLE = 'RESERVE16' WHERE TABLE_ID = 'TBLID_BPROD' AND FIELD_NAME = 'reserve16';
UPDATE SM_FIELD_DEF SET JP_TITLE = '{"ｽﾗｲｽ溝ﾋﾟｯﾁ規格4', US_TITLE = 'RESERVE17' WHERE TABLE_ID = 'TBLID_BPROD' AND FIELD_NAME = 'reserve17';
UPDATE SM_FIELD_DEF SET JP_TITLE = '{"ｽﾗｲｽ溝ﾋﾟｯﾁ規格5', US_TITLE = 'RESERVE18' WHERE TABLE_ID = 'TBLID_BPROD' AND FIELD_NAME = 'reserve18';
UPDATE SM_FIELD_DEF SET JP_TITLE = '{"予備19', US_TITLE = 'RESERVE19' WHERE TABLE_ID = 'TBLID_BPROD' AND FIELD_NAME = 'reserve19';
UPDATE SM_FIELD_DEF SET JP_TITLE = '{"OPI表示有無', US_TITLE = 'RESERVE19' WHERE TABLE_ID = 'TBLID_BPROD' AND FIELD_NAME = 'reserve19';
UPDATE SM_FIELD_DEF SET JP_TITLE = '{"予備20', US_TITLE = 'RESERVE20' WHERE TABLE_ID = 'TBLID_BPROD' AND FIELD_NAME = 'reserve20';
UPDATE SM_FIELD_DEF SET JP_TITLE = '{"予備21', US_TITLE = 'RESERVE21' WHERE TABLE_ID = 'TBLID_BPROD' AND FIELD_NAME = 'reserve21';
UPDATE SM_FIELD_DEF SET JP_TITLE = '{"ｻﾌﾞ用ｶｾｯﾄ内ｳｪｰﾊ充填枚数', US_TITLE = 'RESERVE20' WHERE TABLE_ID = 'TBLID_BPROD' AND FIELD_NAME = 'reserve20';
UPDATE SM_FIELD_DEF SET JP_TITLE = '{"ｻﾌﾞ用装填ﾊﾟﾀｰﾝ', US_TITLE = 'RESERVE21' WHERE TABLE_ID = 'TBLID_BPROD' AND FIELD_NAME = 'reserve21';
UPDATE SM_FIELD_DEF SET JP_TITLE = '{"予備22', US_TITLE = 'RESERVE22' WHERE TABLE_ID = 'TBLID_BPROD' AND FIELD_NAME = 'reserve22';
UPDATE SM_FIELD_DEF SET JP_TITLE = '{"Bulk Metal抜取', US_TITLE = 'RESERVE22' WHERE TABLE_ID = 'TBLID_BPROD' AND FIELD_NAME = 'reserve22';
UPDATE SM_FIELD_DEF SET JP_TITLE = '{"予備23', US_TITLE = 'RESERVE23' WHERE TABLE_ID = 'TBLID_BPROD' AND FIELD_NAME = 'reserve23';
UPDATE SM_FIELD_DEF SET JP_TITLE = '{"予備24', US_TITLE = 'RESERVE24' WHERE TABLE_ID = 'TBLID_BPROD' AND FIELD_NAME = 'reserve24';
UPDATE SM_FIELD_DEF SET JP_TITLE = '{"予備25', US_TITLE = 'RESERVE25' WHERE TABLE_ID = 'TBLID_BPROD' AND FIELD_NAME = 'reserve25';
UPDATE SM_FIELD_DEF SET JP_TITLE = '{"予備26', US_TITLE = 'RESERVE26' WHERE TABLE_ID = 'TBLID_BPROD' AND FIELD_NAME = 'reserve26';
UPDATE SM_FIELD_DEF SET JP_TITLE = '{"予備27', US_TITLE = 'RESERVE27' WHERE TABLE_ID = 'TBLID_BPROD' AND FIELD_NAME = 'reserve27';
UPDATE SM_FIELD_DEF SET JP_TITLE = '{"RP後FAB区分', US_TITLE = 'RESERVE23' WHERE TABLE_ID = 'TBLID_BPROD' AND FIELD_NAME = 'reserve23';
UPDATE SM_FIELD_DEF SET JP_TITLE = '{"ｻｲﾄﾞﾀﾞﾐｰ製品ｺｰﾄﾞ', US_TITLE = 'RESERVE24' WHERE TABLE_ID = 'TBLID_BPROD' AND FIELD_NAME = 'reserve24';
UPDATE SM_FIELD_DEF SET JP_TITLE = '{"EP事前ﾓﾆﾀ製品ｺｰﾄﾞ(SPV)', US_TITLE = 'RESERVE25' WHERE TABLE_ID = 'TBLID_BPROD' AND FIELD_NAME = 'reserve25';
UPDATE SM_FIELD_DEF SET JP_TITLE = '{"EP事前ﾓﾆﾀ製品ｺｰﾄﾞ(ρt)', US_TITLE = 'RESERVE26' WHERE TABLE_ID = 'TBLID_BPROD' AND FIELD_NAME = 'reserve26';
UPDATE SM_FIELD_DEF SET JP_TITLE = '{"EP事前ﾓﾆﾀ製品ｺｰﾄﾞ(slip)', US_TITLE = 'RESERVE27' WHERE TABLE_ID = 'TBLID_BPROD' AND FIELD_NAME = 'reserve27';
UPDATE SM_FIELD_DEF SET JP_TITLE = '{"予備28', US_TITLE = 'RESERVE28' WHERE TABLE_ID = 'TBLID_BPROD' AND FIELD_NAME = 'reserve28';
UPDATE SM_FIELD_DEF SET JP_TITLE = '{"ノッチ位置', US_TITLE = 'RESERVE28' WHERE TABLE_ID = 'TBLID_BPROD' AND FIELD_NAME = 'reserve28';
UPDATE SM_FIELD_DEF SET JP_TITLE = '{"予備29', US_TITLE = 'RESERVE29' WHERE TABLE_ID = 'TBLID_BPROD' AND FIELD_NAME = 'reserve29';
UPDATE SM_FIELD_DEF SET JP_TITLE = '{"EPサセプター', US_TITLE = 'RESERVE29' WHERE TABLE_ID = 'TBLID_BPROD' AND FIELD_NAME = 'reserve29';
UPDATE SM_FIELD_DEF SET JP_TITLE = '{"予備30', US_TITLE = 'RESERVE30' WHERE TABLE_ID = 'TBLID_BPROD' AND FIELD_NAME = 'reserve30';
UPDATE SM_FIELD_DEF SET JP_TITLE = '{"予備31', US_TITLE = 'RESERVE31' WHERE TABLE_ID = 'TBLID_BPROD' AND FIELD_NAME = 'reserve31';
UPDATE SM_FIELD_DEF SET JP_TITLE = '{"予備32', US_TITLE = 'RESERVE32' WHERE TABLE_ID = 'TBLID_BPROD' AND FIELD_NAME = 'reserve32';
UPDATE SM_FIELD_DEF SET JP_TITLE = '{"EP ForeCaster品種', US_TITLE = 'RESERVE30' WHERE TABLE_ID = 'TBLID_BPROD' AND FIELD_NAME = 'reserve30';
UPDATE SM_FIELD_DEF SET JP_TITLE = '{"自動MAP判定(SEMI/AUTO)', US_TITLE = 'RESERVE31' WHERE TABLE_ID = 'TBLID_BPROD' AND FIELD_NAME = 'reserve31';
UPDATE SM_FIELD_DEF SET JP_TITLE = '{"結晶品番', US_TITLE = 'RESERVE32' WHERE TABLE_ID = 'TBLID_BPROD' AND FIELD_NAME = 'reserve32';
UPDATE SM_FIELD_DEF SET JP_TITLE = '{"予備33', US_TITLE = 'RESERVE33' WHERE TABLE_ID = 'TBLID_BPROD' AND FIELD_NAME = 'reserve33';
UPDATE SM_FIELD_DEF SET JP_TITLE = '{"予備34', US_TITLE = 'RESERVE34' WHERE TABLE_ID = 'TBLID_BPROD' AND FIELD_NAME = 'reserve34';
UPDATE SM_FIELD_DEF SET JP_TITLE = '{"結晶ﾎﾞﾄﾑ区分', US_TITLE = 'RESERVE33' WHERE TABLE_ID = 'TBLID_BPROD' AND FIELD_NAME = 'reserve33';
UPDATE SM_FIELD_DEF SET JP_TITLE = '{"Fallout区分', US_TITLE = 'RESERVE34' WHERE TABLE_ID = 'TBLID_BPROD' AND FIELD_NAME = 'reserve34';
UPDATE SM_FIELD_DEF SET JP_TITLE = '{"予備35', US_TITLE = 'RESERVE35' WHERE TABLE_ID = 'TBLID_BPROD' AND FIELD_NAME = 'reserve35';
UPDATE SM_FIELD_DEF SET JP_TITLE = '{"予備36', US_TITLE = 'RESERVE36' WHERE TABLE_ID = 'TBLID_BPROD' AND FIELD_NAME = 'reserve36';
UPDATE SM_FIELD_DEF SET JP_TITLE = '{"面取形状', US_TITLE = 'RESERVE35' WHERE TABLE_ID = 'TBLID_BPROD' AND FIELD_NAME = 'reserve35';
UPDATE SM_FIELD_DEF SET JP_TITLE = '{"面取測定条件', US_TITLE = 'RESERVE36' WHERE TABLE_ID = 'TBLID_BPROD' AND FIELD_NAME = 'reserve36';
UPDATE SM_FIELD_DEF SET JP_TITLE = 'WS装置グループ', US_TITLE = 'WS_EQPG' WHERE TABLE_ID = 'TBLID_BPROD' AND FIELD_NAME = 'reserve02';
UPDATE SM_FIELD_DEF SET JP_TITLE = 'LM2ヶ月混成', US_TITLE = 'LM_2MON_MIX' WHERE TABLE_ID = 'TBLID_BPROD' AND FIELD_NAME = 'reserve03';
UPDATE SM_FIELD_DEF SET JP_TITLE = '出荷容器ﾘﾕｰｽ', US_TITLE = 'SHIP_CONTAINER' WHERE TABLE_ID = 'TBLID_BPROD' AND FIELD_NAME = 'reserve04';
UPDATE SM_FIELD_DEF SET JP_TITLE = '号機指定区分', US_TITLE = 'MAC_CAT' WHERE TABLE_ID = 'TBLID_BPROD' AND FIELD_NAME = 'reserve05';
UPDATE SM_FIELD_DEF SET JP_TITLE = '装置ｸﾞﾙｰﾌﾟID', US_TITLE = 'EQPG_ID' WHERE TABLE_ID = 'TBLID_BPROD' AND FIELD_NAME = 'reserve06';
UPDATE SM_FIELD_DEF SET JP_TITLE = '面取狙い形状A寸法', US_TITLE = 'WHEEL_SHIP_A-DIM' WHERE TABLE_ID = 'TBLID_BPROD' AND FIELD_NAME = 'reserve07';
UPDATE SM_FIELD_DEF SET JP_TITLE = '面取狙い形状BC寸法', US_TITLE = 'WHEEL_SHIP_BC-DIM' WHERE TABLE_ID = 'TBLID_BPROD' AND FIELD_NAME = 'reserve08';
UPDATE SM_FIELD_DEF SET JP_TITLE = '面取狙い形状θ', US_TITLE = 'WHEEL_SHIP_THETA' WHERE TABLE_ID = 'TBLID_BPROD' AND FIELD_NAME = 'reserve09';
UPDATE SM_FIELD_DEF SET JP_TITLE = '平坦度SFQR MAX', US_TITLE = 'FLATNESS_SFQR_MAX' WHERE TABLE_ID = 'TBLID_BPROD' AND FIELD_NAME = 'reserve10';
UPDATE SM_FIELD_DEF SET JP_TITLE = '平坦度SFQR PUA', US_TITLE = 'FLATNESS_SFQR_PUA' WHERE TABLE_ID = 'TBLID_BPROD' AND FIELD_NAME = 'reserve11';
UPDATE SM_FIELD_DEF SET JP_TITLE = '平坦度CELLSIZE', US_TITLE = 'FLATNESS_CELLSIZE' WHERE TABLE_ID = 'TBLID_BPROD' AND FIELD_NAME = 'reserve12';
UPDATE SM_FIELD_DEF SET JP_TITLE = '平坦度GBIR', US_TITLE = 'FLATNESS_GBIR' WHERE TABLE_ID = 'TBLID_BPROD' AND FIELD_NAME = 'reserve13';
UPDATE SM_FIELD_DEF SET JP_TITLE = '容器洗浄区分', US_TITLE = 'CONTAINER_WASH_CAT' WHERE TABLE_ID = 'TBLID_BPROD' AND FIELD_NAME = 'reserve14';
UPDATE SM_FIELD_DEF SET JP_TITLE = 'ｽﾗｲｽ溝ﾋﾟｯﾁ規格2', US_TITLE = 'SLICE_WIRE_PITCH2' WHERE TABLE_ID = 'TBLID_BPROD' AND FIELD_NAME = 'reserve15';
UPDATE SM_FIELD_DEF SET JP_TITLE = 'ｽﾗｲｽ溝ﾋﾟｯﾁ規格3', US_TITLE = 'SLICE_WIRE_PITCH3' WHERE TABLE_ID = 'TBLID_BPROD' AND FIELD_NAME = 'reserve16';
UPDATE SM_FIELD_DEF SET JP_TITLE = 'ｽﾗｲｽ溝ﾋﾟｯﾁ規格4', US_TITLE = 'SLICE_WIRE_PITCH4' WHERE TABLE_ID = 'TBLID_BPROD' AND FIELD_NAME = 'reserve17';
UPDATE SM_FIELD_DEF SET JP_TITLE = 'ｽﾗｲｽ溝ﾋﾟｯﾁ規格5', US_TITLE = 'SLICE_WIRE_PITCH5' WHERE TABLE_ID = 'TBLID_BPROD' AND FIELD_NAME = 'reserve18';
UPDATE SM_FIELD_DEF SET JP_TITLE = 'OPI表示有無', US_TITLE = 'OPI_EXIST' WHERE TABLE_ID = 'TBLID_BPROD' AND FIELD_NAME = 'reserve19';
UPDATE SM_FIELD_DEF SET JP_TITLE = 'ｻﾌﾞ用ｶｾｯﾄ内ｳｪｰﾊ充填枚数', US_TITLE = 'SUB-CAR_BOX_NUM' WHERE TABLE_ID = 'TBLID_BPROD' AND FIELD_NAME = 'reserve20';
UPDATE SM_FIELD_DEF SET JP_TITLE = 'ｻﾌﾞ用装填ﾊﾟﾀｰﾝ', US_TITLE = 'SUB-CAR_BOX_PIN' WHERE TABLE_ID = 'TBLID_BPROD' AND FIELD_NAME = 'reserve21';
UPDATE SM_FIELD_DEF SET JP_TITLE = 'Bulk Metal抜取', US_TITLE = 'BULK_METAL_PICK' WHERE TABLE_ID = 'TBLID_BPROD' AND FIELD_NAME = 'reserve22';
UPDATE SM_FIELD_DEF SET JP_TITLE = 'RP後FAB区分', US_TITLE = 'RP_FAB_CAT' WHERE TABLE_ID = 'TBLID_BPROD' AND FIELD_NAME = 'reserve23';
UPDATE SM_FIELD_DEF SET JP_TITLE = 'ｻｲﾄﾞﾀﾞﾐｰ製品ｺｰﾄﾞ', US_TITLE = 'DUMMY_PRODUCTCODE' WHERE TABLE_ID = 'TBLID_BPROD' AND FIELD_NAME = 'reserve24';
UPDATE SM_FIELD_DEF SET JP_TITLE = '予備25', US_TITLE = 'RESERVE25' WHERE TABLE_ID = 'TBLID_BPROD' AND FIELD_NAME = 'reserve25';
UPDATE SM_FIELD_DEF SET JP_TITLE = '予備26', US_TITLE = 'RESERVE26' WHERE TABLE_ID = 'TBLID_BPROD' AND FIELD_NAME = 'reserve26';
UPDATE SM_FIELD_DEF SET JP_TITLE = '予備27', US_TITLE = 'RESERVE27' WHERE TABLE_ID = 'TBLID_BPROD' AND FIELD_NAME = 'reserve27';
UPDATE SM_FIELD_DEF SET JP_TITLE = 'ノッチ位置', US_TITLE = 'NOTCH_POSITION' WHERE TABLE_ID = 'TBLID_BPROD' AND FIELD_NAME = 'reserve28';
UPDATE SM_FIELD_DEF SET JP_TITLE = 'EPサセプター', US_TITLE = 'EP_SUSCEPTO' WHERE TABLE_ID = 'TBLID_BPROD' AND FIELD_NAME = 'reserve29';
UPDATE SM_FIELD_DEF SET JP_TITLE = 'EP ForeCaster品種', US_TITLE = 'EP_FORECASTER' WHERE TABLE_ID = 'TBLID_BPROD' AND FIELD_NAME = 'reserve30';
UPDATE SM_FIELD_DEF SET JP_TITLE = '自動MAP判定(SEMI/AUTO)', US_TITLE = 'AUTO_MAP_JUDGE(SEMI/AUTO)' WHERE TABLE_ID = 'TBLID_BPROD' AND FIELD_NAME = 'reserve31';
UPDATE SM_FIELD_DEF SET JP_TITLE = '結晶品番', US_TITLE = 'CRYSTALLIZED_PRODUCTCODE' WHERE TABLE_ID = 'TBLID_BPROD' AND FIELD_NAME = 'reserve32';
UPDATE SM_FIELD_DEF SET JP_TITLE = '結晶ﾎﾞﾄﾑ区分', US_TITLE = 'CRYSTALLIZED_CAT' WHERE TABLE_ID = 'TBLID_BPROD' AND FIELD_NAME = 'reserve33';
UPDATE SM_FIELD_DEF SET JP_TITLE = 'Fallout区分', US_TITLE = 'FALLOUT_CAT' WHERE TABLE_ID = 'TBLID_BPROD' AND FIELD_NAME = 'reserve34';
UPDATE SM_FIELD_DEF SET JP_TITLE = '面取形状', US_TITLE = 'WHEEL_SHIP' WHERE TABLE_ID = 'TBLID_BPROD' AND FIELD_NAME = 'reserve35';
UPDATE SM_FIELD_DEF SET JP_TITLE = '面取測定条件', US_TITLE = 'WHEEL_MEAS_CONDITION' WHERE TABLE_ID = 'TBLID_BPROD' AND FIELD_NAME = 'reserve36';
UPDATE SM_FIELD_DEF SET JP_TITLE = '予備37', US_TITLE = 'RESERVE37' WHERE TABLE_ID = 'TBLID_BPROD' AND FIELD_NAME = 'reserve37';
UPDATE SM_FIELD_DEF SET JP_TITLE = '予備38', US_TITLE = 'RESERVE38' WHERE TABLE_ID = 'TBLID_BPROD' AND FIELD_NAME = 'reserve38';
UPDATE SM_FIELD_DEF SET JP_TITLE = '予備39', US_TITLE = 'RESERVE39' WHERE TABLE_ID = 'TBLID_BPROD' AND FIELD_NAME = 'reserve39';
UPDATE SM_FIELD_DEF SET JP_TITLE = '予備40', US_TITLE = 'RESERVE40' WHERE TABLE_ID = 'TBLID_BPROD' AND FIELD_NAME = 'reserve40';
UPDATE SM_FIELD_DEF SET JP_TITLE = '予備41', US_TITLE = 'RESERVE41' WHERE TABLE_ID = 'TBLID_BPROD' AND FIELD_NAME = 'reserve41';
UPDATE SM_FIELD_DEF SET JP_TITLE = '予備42', US_TITLE = 'RESERVE42' WHERE TABLE_ID = 'TBLID_BPROD' AND FIELD_NAME = 'reserve42';
UPDATE SM_FIELD_DEF SET JP_TITLE = '予備43', US_TITLE = 'RESERVE43' WHERE TABLE_ID = 'TBLID_BPROD' AND FIELD_NAME = 'reserve43';
UPDATE SM_FIELD_DEF SET JP_TITLE = '予備44', US_TITLE = 'RESERVE44' WHERE TABLE_ID = 'TBLID_BPROD' AND FIELD_NAME = 'reserve44';
UPDATE SM_FIELD_DEF SET JP_TITLE = '予備45', US_TITLE = 'RESERVE45' WHERE TABLE_ID = 'TBLID_BPROD' AND FIELD_NAME = 'reserve45';
UPDATE SM_FIELD_DEF SET JP_TITLE = '予備46', US_TITLE = 'RESERVE46' WHERE TABLE_ID = 'TBLID_BPROD' AND FIELD_NAME = 'reserve46';
UPDATE SM_FIELD_DEF SET JP_TITLE = '予備47', US_TITLE = 'RESERVE47' WHERE TABLE_ID = 'TBLID_BPROD' AND FIELD_NAME = 'reserve47';
UPDATE SM_FIELD_DEF SET JP_TITLE = '予備48', US_TITLE = 'RESERVE48' WHERE TABLE_ID = 'TBLID_BPROD' AND FIELD_NAME = 'reserve48';
UPDATE SM_FIELD_DEF SET JP_TITLE = '予備49', US_TITLE = 'RESERVE49' WHERE TABLE_ID = 'TBLID_BPROD' AND FIELD_NAME = 'reserve49';
UPDATE SM_FIELD_DEF SET JP_TITLE = '予備50', US_TITLE = 'RESERVE50' WHERE TABLE_ID = 'TBLID_BPROD' AND FIELD_NAME = 'reserve50';
UPDATE SM_FIELD_DEF SET JP_TITLE = '{"客先ID', US_TITLE = 'CUSTOMER_ID' WHERE TABLE_ID = 'TBLID_BPROD' AND FIELD_NAME = 'customer_id';
UPDATE SM_FIELD_DEF SET JP_TITLE = '客先ID', US_TITLE = 'CUSTOMER_ID' WHERE TABLE_ID = 'TBLID_BPROD' AND FIELD_NAME = 'customer_id';
UPDATE SM_FIELD_DEF SET JP_TITLE = 'RFID書込みﾌﾗｸﾞ', US_TITLE = 'RFID_WRITE_FLG' WHERE TABLE_ID = 'TBLID_BPROD' AND FIELD_NAME = 'rfid_write_flg';
UPDATE SM_FIELD_DEF SET JP_TITLE = 'BOX内LM重複ﾁｪｯｸﾌﾗｸﾞ', US_TITLE = 'INBOX_LM_CHECK_FLG' WHERE TABLE_ID = 'TBLID_BPROD' AND FIELD_NAME = 'inbox_lm_check_flg';
UPDATE SM_FIELD_DEF SET JP_TITLE = '加工工場区分', US_TITLE = 'PLANT_CAT' WHERE TABLE_ID = 'TBLID_BPROD' AND FIELD_NAME = 'plant_cat';
UPDATE SM_FIELD_DEF SET JP_TITLE = 'PN区分', US_TITLE = 'PN_CAT' WHERE TABLE_ID = 'TBLID_BPROD' AND FIELD_NAME = 'pn_cat';
UPDATE SM_FIELD_DEF SET JP_TITLE = 'ﾜｰｸﾌﾟﾚｰﾄﾀｲﾌﾟ', US_TITLE = 'WRK_PLATE_TYPE' WHERE TABLE_ID = 'TBLID_BPROD' AND FIELD_NAME = 'plate_type';
UPDATE SM_FIELD_DEF SET JP_TITLE = 'ｻﾝﾌﾟﾙ品ﾌﾗｸﾞ', US_TITLE = 'SMPL_FLG' WHERE TABLE_ID = 'TBLID_BPROD' AND FIELD_NAME = 'smpl_flg';
UPDATE SM_FIELD_DEF SET JP_TITLE = '抵抗率区分', US_TITLE = 'RESIST_PER_CAT' WHERE TABLE_ID = 'TBLID_BPROD' AND FIELD_NAME = 'resist_per_cat';
UPDATE SM_FIELD_DEF SET JP_TITLE = 'ﾄﾞｰﾊﾟﾝﾄCZ', US_TITLE = 'DOPE_CAT_CZ' WHERE TABLE_ID = 'TBLID_BPROD' AND FIELD_NAME = 'dope_cat_cz';
UPDATE SM_FIELD_DEF SET JP_TITLE = 'ﾄﾞｰﾊﾟﾝﾄEP', US_TITLE = 'DOPE_CAT_EP' WHERE TABLE_ID = 'TBLID_BPROD' AND FIELD_NAME = 'dope_cat_ep';
UPDATE SM_FIELD_DEF SET JP_TITLE = '軸区分', US_TITLE = 'AXIS_CAT' WHERE TABLE_ID = 'TBLID_BPROD' AND FIELD_NAME = 'axis_cat';
UPDATE SM_FIELD_DEF SET JP_TITLE = 'PWﾕｰｻﾞｰ規格　抵抗上限', US_TITLE = 'PW_STD_RESIST_H' WHERE TABLE_ID = 'TBLID_BPROD' AND FIELD_NAME = 'pw_std_resist_h';
UPDATE SM_FIELD_DEF SET JP_TITLE = 'PWﾕｰｻﾞｰ規格　抵抗下限', US_TITLE = 'PW_STD_RESIST_L' WHERE TABLE_ID = 'TBLID_BPROD' AND FIELD_NAME = 'pw_std_resist_l';
UPDATE SM_FIELD_DEF SET JP_TITLE = 'EPﾕｰｻﾞｰ規格　EP厚さ上限', US_TITLE = 'EP_STD_THIK_H' WHERE TABLE_ID = 'TBLID_BPROD' AND FIELD_NAME = 'ep_std_thik_h';
UPDATE SM_FIELD_DEF SET JP_TITLE = 'EPﾕｰｻﾞｰ規格　EP厚さ下限', US_TITLE = 'EP_STD_THIK_L' WHERE TABLE_ID = 'TBLID_BPROD' AND FIELD_NAME = 'ep_std_thik_l';
UPDATE SM_FIELD_DEF SET JP_TITLE = 'EPﾕｰｻﾞｰ規格　EP抵抗上限', US_TITLE = 'EP_STD_RESIST_H' WHERE TABLE_ID = 'TBLID_BPROD' AND FIELD_NAME = 'ep_std_resist_h';
UPDATE SM_FIELD_DEF SET JP_TITLE = 'EPﾕｰｻﾞｰ規格　EP抵抗下限', US_TITLE = 'EP_STD_RESIST_L' WHERE TABLE_ID = 'TBLID_BPROD' AND FIELD_NAME = 'ep_std_resist_l';
UPDATE SM_FIELD_DEF SET JP_TITLE = '混成区分', US_TITLE = 'MIX_CAT' WHERE TABLE_ID = 'TBLID_BPROD' AND FIELD_NAME = 'mix_cat';
UPDATE SM_FIELD_DEF SET JP_TITLE = '出荷ｶｾｯﾄｺｰﾄﾞ', US_TITLE = 'SHIP_CAR_CODE' WHERE TABLE_ID = 'TBLID_BPROD' AND FIELD_NAME = 'ship_car_code';
UPDATE SM_FIELD_DEF SET JP_TITLE = '出荷ｶｾｯﾄ最大収納枚数', US_TITLE = 'SHIP_BOX_FULL_NUM' WHERE TABLE_ID = 'TBLID_BPROD' AND FIELD_NAME = 'ship_box_full_num';
UPDATE SM_FIELD_DEF SET JP_TITLE = '出荷ｶｾｯﾄ内ｳｪｰﾊ充填枚数', US_TITLE = 'SHIP_BOX_NUM' WHERE TABLE_ID = 'TBLID_BPROD' AND FIELD_NAME = 'ship_box_num';
UPDATE SM_FIELD_DEF SET JP_TITLE = '出荷装填ﾊﾟﾀｰﾝ', US_TITLE = 'SHIP_BOX_PTN' WHERE TABLE_ID = 'TBLID_BPROD' AND FIELD_NAME = 'ship_box_ptn';
UPDATE SM_FIELD_DEF SET JP_TITLE = '出荷ﾛｯﾄID採番区分', US_TITLE = 'SHIP_LOT_ID_NUM_CAT' WHERE TABLE_ID = 'TBLID_BPROD' AND FIELD_NAME = 'ship_lot_ptn_cat';
UPDATE SM_FIELD_DEF SET JP_TITLE = 'MIXBOX数', US_TITLE = 'MIX_BOX_CNT' WHERE TABLE_ID = 'TBLID_BPROD' AND FIELD_NAME = 'mix_box_cnt';
UPDATE SM_FIELD_DEF SET JP_TITLE = '端数出荷可否ﾌﾗｸﾞ', US_TITLE = 'ODD_BOX_SHIP_FLG' WHERE TABLE_ID = 'TBLID_BPROD' AND FIELD_NAME = 'odd_box_ship_flg';
UPDATE SM_FIELD_DEF SET JP_TITLE = '出荷ﾗﾍﾞﾙ印字ﾌｫｰﾏｯﾄID', US_TITLE = 'SHIP_LABEL_PRINT_ID' WHERE TABLE_ID = 'TBLID_BPROD' AND FIELD_NAME = 'ship_label_print_id';
UPDATE SM_FIELD_DEF SET JP_TITLE = '出荷ﾗﾍﾞﾙ印刷枚数', US_TITLE = 'SHIP_LABEL_PRINT_NUM' WHERE TABLE_ID = 'TBLID_BPROD' AND FIELD_NAME = 'ship_label_print_num';
UPDATE SM_FIELD_DEF SET JP_TITLE = '{"Spec No.', US_TITLE = 'SHIP_LABEL_PROD_NO' WHERE TABLE_ID = 'TBLID_BPROD' AND FIELD_NAME = 'ship_label_prod_no';
UPDATE SM_FIELD_DEF SET JP_TITLE = '{"Part No.', US_TITLE = 'SHIP_LABEL_PART_NO' WHERE TABLE_ID = 'TBLID_BPROD' AND FIELD_NAME = 'ship_label_part_no';
UPDATE SM_FIELD_DEF SET JP_TITLE = '{"EC No.', US_TITLE = 'SHIP_LABEL_EC_NO' WHERE TABLE_ID = 'TBLID_BPROD' AND FIELD_NAME = 'ship_label_ec_no';
UPDATE SM_FIELD_DEF SET JP_TITLE = '{"出荷ﾗﾍﾞﾙ印字 製品ｺｰﾄﾞID', US_TITLE = 'SHIP_LABEL_PROD_ID' WHERE TABLE_ID = 'TBLID_BPROD' AND FIELD_NAME = 'ship_label_prod_id';
UPDATE SM_FIELD_DEF SET JP_TITLE = 'Spec No.', US_TITLE = 'SHIP_LABEL_PROD_NO' WHERE TABLE_ID = 'TBLID_BPROD' AND FIELD_NAME = 'ship_label_prod_no';
UPDATE SM_FIELD_DEF SET JP_TITLE = '{"Part No.', US_TITLE = 'SHIP_LABEL_PART_NO' WHERE TABLE_ID = 'TBLID_BPROD' AND FIELD_NAME = 'ship_label_part_no';
UPDATE SM_FIELD_DEF SET JP_TITLE = 'Part No.', US_TITLE = 'SHIP_LABEL_PART_NO' WHERE TABLE_ID = 'TBLID_BPROD' AND FIELD_NAME = 'ship_label_part_no';
UPDATE SM_FIELD_DEF SET JP_TITLE = 'EC No.', US_TITLE = 'SHIP_LABEL_EC_NO' WHERE TABLE_ID = 'TBLID_BPROD' AND FIELD_NAME = 'ship_label_ec_no';
UPDATE SM_FIELD_DEF SET JP_TITLE = '出荷ﾗﾍﾞﾙ印字 製品ｺｰﾄﾞID', US_TITLE = 'SHIP_LABEL_PROD_ID' WHERE TABLE_ID = 'TBLID_BPROD' AND FIELD_NAME = 'ship_label_prod_id';
UPDATE SM_FIELD_DEF SET JP_TITLE = '出荷ﾗﾍﾞﾙ客先名称', US_TITLE = 'SHIP_LABEL_CUSTOMER' WHERE TABLE_ID = 'TBLID_BPROD' AND FIELD_NAME = 'ship_label_customer';
UPDATE SM_FIELD_DEF SET JP_TITLE = '{"直径ﾕｰｻﾞｰ規格 中心値', US_TITLE = 'STD_DIAMETER_C' WHERE TABLE_ID = 'TBLID_BPROD' AND FIELD_NAME = 'std_diameter_c';
UPDATE SM_FIELD_DEF SET JP_TITLE = '直径ﾕｰｻﾞｰ規格 中心値', US_TITLE = 'STD_DIAMETER_C' WHERE TABLE_ID = 'TBLID_BPROD' AND FIELD_NAME = 'std_diameter_c';
UPDATE SM_FIELD_DEF SET JP_TITLE = '直径ﾕｰｻﾞｰ規格 上限', US_TITLE = 'STD_DIAMETER_H' WHERE TABLE_ID = 'TBLID_BPROD' AND FIELD_NAME = 'std_diameter_h';
UPDATE SM_FIELD_DEF SET JP_TITLE = '直径ﾕｰｻﾞｰ規格 下限', US_TITLE = 'STD_DIAMETER_L' WHERE TABLE_ID = 'TBLID_BPROD' AND FIELD_NAME = 'std_diameter_l';
UPDATE SM_FIELD_DEF SET JP_TITLE = '{"厚みﾕｰｻﾞｰ規格 中心値', US_TITLE = 'STD_THIK_C' WHERE TABLE_ID = 'TBLID_BPROD' AND FIELD_NAME = 'std_thik_c';
UPDATE SM_FIELD_DEF SET JP_TITLE = '厚みﾕｰｻﾞｰ規格 中心値', US_TITLE = 'STD_THIK_C' WHERE TABLE_ID = 'TBLID_BPROD' AND FIELD_NAME = 'std_thik_c';
UPDATE SM_FIELD_DEF SET JP_TITLE = '厚みﾕｰｻﾞｰ規格 上限', US_TITLE = 'STD_THIK_H' WHERE TABLE_ID = 'TBLID_BPROD' AND FIELD_NAME = 'std_thik_h';
UPDATE SM_FIELD_DEF SET JP_TITLE = '厚みﾕｰｻﾞｰ規格 下限', US_TITLE = 'STD_THIK_L' WHERE TABLE_ID = 'TBLID_BPROD' AND FIELD_NAME = 'std_thick_l';
UPDATE SM_FIELD_DEF SET JP_TITLE = '{"ｳｪｰﾊ仕上げ', US_TITLE = 'WAFER_FINISH' WHERE TABLE_ID = 'TBLID_BPROD' AND FIELD_NAME = 'wafer_finish';
UPDATE SM_FIELD_DEF SET JP_TITLE = '{"ｴｯｼﾞﾋﾟｯﾄ規格', US_TITLE = 'STD_EDGE_PIT' WHERE TABLE_ID = 'TBLID_BPROD' AND FIELD_NAME = 'sdt_edge_pit';
UPDATE SM_FIELD_DEF SET JP_TITLE = '{"ﾗｲﾌﾀｲﾑ規格', US_TITLE = 'STD_LIFE_TIME' WHERE TABLE_ID = 'TBLID_BPROD' AND FIELD_NAME = 'std_life_time';
UPDATE SM_FIELD_DEF SET JP_TITLE = '{"結晶軸区分･公差', US_TITLE = 'AXIS_CAT_TOLERANCE' WHERE TABLE_ID = 'TBLID_BPROD' AND FIELD_NAME = 'axis_cat_tolerance';
UPDATE SM_FIELD_DEF SET JP_TITLE = '{"Remarks', US_TITLE = 'SHIP_LABEL_REMARKS' WHERE TABLE_ID = 'TBLID_BPROD' AND FIELD_NAME = 'ship_label_remarks';
UPDATE SM_FIELD_DEF SET JP_TITLE = '{"客先品番', US_TITLE = 'CUSTOMER_PROD_ID' WHERE TABLE_ID = 'TBLID_BPROD' AND FIELD_NAME = 'customer_prod_id';
UPDATE SM_FIELD_DEF SET JP_TITLE = '{"EPﾀｲﾌﾟ', US_TITLE = 'EP_TYPE' WHERE TABLE_ID = 'TBLID_BPROD' AND FIELD_NAME = 'ep_type';
UPDATE SM_FIELD_DEF SET JP_TITLE = '{"EPsubﾀｲﾌﾟ', US_TITLE = 'EPSUB_TYPE' WHERE TABLE_ID = 'TBLID_BPROD' AND FIELD_NAME = 'epsub_type';
UPDATE SM_FIELD_DEF SET JP_TITLE = 'ｳｪｰﾊ仕上げ', US_TITLE = 'WAFER_FINISH' WHERE TABLE_ID = 'TBLID_BPROD' AND FIELD_NAME = 'wafer_finish';
UPDATE SM_FIELD_DEF SET JP_TITLE = 'ｴｯｼﾞﾋﾟｯﾄ規格', US_TITLE = 'STD_EDGE_PIT' WHERE TABLE_ID = 'TBLID_BPROD' AND FIELD_NAME = 'sdt_edge_pit';
UPDATE SM_FIELD_DEF SET JP_TITLE = 'ﾗｲﾌﾀｲﾑ規格', US_TITLE = 'STD_LIFE_TIME' WHERE TABLE_ID = 'TBLID_BPROD' AND FIELD_NAME = 'std_life_time';
UPDATE SM_FIELD_DEF SET JP_TITLE = '結晶軸区分･公差', US_TITLE = 'AXIS_CAT_TOLERANCE' WHERE TABLE_ID = 'TBLID_BPROD' AND FIELD_NAME = 'axis_cat_tolerance';
UPDATE SM_FIELD_DEF SET JP_TITLE = 'Remarks', US_TITLE = 'SHIP_LABEL_REMARKS' WHERE TABLE_ID = 'TBLID_BPROD' AND FIELD_NAME = 'ship_label_remarks';
UPDATE SM_FIELD_DEF SET JP_TITLE = '客先品番', US_TITLE = 'CUSTOMER_PROD_ID' WHERE TABLE_ID = 'TBLID_BPROD' AND FIELD_NAME = 'customer_prod_id';
UPDATE SM_FIELD_DEF SET JP_TITLE = 'EPﾀｲﾌﾟ', US_TITLE = 'EP_TYPE' WHERE TABLE_ID = 'TBLID_BPROD' AND FIELD_NAME = 'ep_type';
UPDATE SM_FIELD_DEF SET JP_TITLE = 'EPsubﾀｲﾌﾟ', US_TITLE = 'EPSUB_TYPE' WHERE TABLE_ID = 'TBLID_BPROD' AND FIELD_NAME = 'epsub_type';
UPDATE SM_FIELD_DEF SET JP_TITLE = 'EPsub 厚み規格 上限', US_TITLE = 'EPSUB_STD_THIK_H' WHERE TABLE_ID = 'TBLID_BPROD' AND FIELD_NAME = 'epsub_std_thik_h';
UPDATE SM_FIELD_DEF SET JP_TITLE = 'EPsub 厚み規格 下限', US_TITLE = 'EPSUB_STD_THIK_L' WHERE TABLE_ID = 'TBLID_BPROD' AND FIELD_NAME = 'epsub_std_thik_l';
UPDATE SM_FIELD_DEF SET JP_TITLE = 'EPsub 抵抗規格 上限', US_TITLE = 'EPSUB_STD_RESIST_H' WHERE TABLE_ID = 'TBLID_BPROD' AND FIELD_NAME = 'epsub_std_resist_h';
UPDATE SM_FIELD_DEF SET JP_TITLE = 'EPsub 抵抗規格 下限', US_TITLE = 'EPSUB_STD_RESIST_L' WHERE TABLE_ID = 'TBLID_BPROD' AND FIELD_NAME = 'epsub_std_resist_l';
UPDATE SM_FIELD_DEF SET JP_TITLE = '{"Method', US_TITLE = 'SHIP_LABEL_METHOD' WHERE TABLE_ID = 'TBLID_BPROD' AND FIELD_NAME = 'ship_label_method';
UPDATE SM_FIELD_DEF SET JP_TITLE = '{"Ｅｐρ規格(不純物濃度)', US_TITLE = 'IMPURITY_DENSITY' WHERE TABLE_ID = 'TBLID_BPROD' AND FIELD_NAME = 'impurity_density';
UPDATE SM_FIELD_DEF SET JP_TITLE = 'Method', US_TITLE = 'SHIP_LABEL_METHOD' WHERE TABLE_ID = 'TBLID_BPROD' AND FIELD_NAME = 'ship_label_method';
UPDATE SM_FIELD_DEF SET JP_TITLE = 'Ｅｐρ規格(不純物濃度)', US_TITLE = 'IMPURITY_DENSITY' WHERE TABLE_ID = 'TBLID_BPROD' AND FIELD_NAME = 'impurity_density';
UPDATE SM_FIELD_DEF SET JP_TITLE = 'EPﾓﾆﾀ検査ｽﾍﾟｯｸID', US_TITLE = 'EP_MON_CON_ID' WHERE TABLE_ID = 'TBLID_BPROD' AND FIELD_NAME = 'ep_mon_con_id';
UPDATE SM_FIELD_DEF SET JP_TITLE = '条件出しEPﾓﾆﾀ検査ｽﾍﾟｯｸID', US_TITLE = 'COND_EP_MON_CON_ID' WHERE TABLE_ID = 'TBLID_BPROD' AND FIELD_NAME = 'cond_ep_mon_con_id';
UPDATE SM_FIELD_DEF SET JP_TITLE = 'PW検査試料構成ID', US_TITLE = 'PW_SMPL_CASET_CON_ID' WHERE TABLE_ID = 'TBLID_BPROD' AND FIELD_NAME = 'pw_smpl_caset_con_id';
UPDATE SM_FIELD_DEF SET JP_TITLE = '{"EP検査試料構成ID', US_TITLE = 'EP_SMPL_CASET_CON_ID' WHERE TABLE_ID = 'TBLID_BPROD' AND FIELD_NAME = 'ep_smpl_caset_con_id';
UPDATE SM_FIELD_DEF SET JP_TITLE = '{"ｱﾆｰﾙ検査試料構成ID', US_TITLE = 'AN_SMPL_CASET_CON_ID' WHERE TABLE_ID = 'TBLID_BPROD' AND FIELD_NAME = 'an_smpl_caset_con_id';
UPDATE SM_FIELD_DEF SET JP_TITLE = 'EP検査試料構成ID', US_TITLE = 'EP_SMPL_CASET_CON_ID' WHERE TABLE_ID = 'TBLID_BPROD' AND FIELD_NAME = 'ep_smpl_caset_con_id';
UPDATE SM_FIELD_DEF SET JP_TITLE = 'ｱﾆｰﾙ検査試料構成ID', US_TITLE = 'AN_SMPL_CASET_CON_ID' WHERE TABLE_ID = 'TBLID_BPROD' AND FIELD_NAME = 'an_smpl_caset_con_id';
UPDATE SM_FIELD_DEF SET JP_TITLE = 'SPC区分1', US_TITLE = 'SPC_CAT1' WHERE TABLE_ID = 'TBLID_BPROD' AND FIELD_NAME = 'spc_cat1';
UPDATE SM_FIELD_DEF SET JP_TITLE = 'SPC区分2', US_TITLE = 'SPC_CAT2' WHERE TABLE_ID = 'TBLID_BPROD' AND FIELD_NAME = 'spc_cat2';
UPDATE SM_FIELD_DEF SET JP_TITLE = 'SPC区分3', US_TITLE = 'SPC_CAT3' WHERE TABLE_ID = 'TBLID_BPROD' AND FIELD_NAME = 'spc_cat3';
UPDATE SM_FIELD_DEF SET JP_TITLE = '{"ﾀｲﾄﾙ', US_TITLE = '英語名' WHERE TABLE_ID = 'TBLID_BPROD' AND FIELD_NAME = 'ﾌｨｰﾙﾄﾞ名';
UPDATE SM_FIELD_DEF SET JP_TITLE = '{"-----------------------------', US_TITLE = '--------------------------------------------------------' WHERE TABLE_ID = 'TBLID_BPROD' AND FIELD_NAME = '----------------------------';
UPDATE SM_FIELD_DEF SET JP_TITLE = '製品ｺｰﾄﾞID', US_TITLE = 'PROD_ID' WHERE TABLE_ID = 'TBLID_BPROD' AND FIELD_NAME = 'prod_id';
UPDATE SM_FIELD_DEF SET JP_TITLE = '製品ｺｰﾄﾞID2', US_TITLE = 'PROD_ID2' WHERE TABLE_ID = 'TBLID_BPROD' AND FIELD_NAME = 'prod_id2';
UPDATE SM_FIELD_DEF SET JP_TITLE = '製品ｺｰﾄﾞ名称', US_TITLE = 'PROD_NAME' WHERE TABLE_ID = 'TBLID_BPROD' AND FIELD_NAME = 'prod_name';
UPDATE SM_FIELD_DEF SET JP_TITLE = '製品ｺｰﾄﾞ詳細', US_TITLE = 'PROD_DESC' WHERE TABLE_ID = 'TBLID_BPROD' AND FIELD_NAME = 'prod_desc';
UPDATE SM_FIELD_DEF SET JP_TITLE = '製品ｺｰﾄﾞ区分', US_TITLE = 'PROD_CAT' WHERE TABLE_ID = 'TBLID_BPROD' AND FIELD_NAME = 'prod_cat';
UPDATE SM_FIELD_DEF SET JP_TITLE = 'ﾙｰﾄID', US_TITLE = 'ROUTE_ID' WHERE TABLE_ID = 'TBLID_BPROD' AND FIELD_NAME = 'route_id';
UPDATE SM_FIELD_DEF SET JP_TITLE = 'ﾙｰﾄﾊﾞｰｼﾞｮﾝ', US_TITLE = 'ROUTE_VER' WHERE TABLE_ID = 'TBLID_BPROD' AND FIELD_NAME = 'route_ver';
UPDATE SM_FIELD_DEF SET JP_TITLE = '製品種別', US_TITLE = 'PRODUCT_KIND' WHERE TABLE_ID = 'TBLID_BPROD' AND FIELD_NAME = 'product_kind';
UPDATE SM_FIELD_DEF SET JP_TITLE = 'ﾚｰｻﾞｰﾏｰｸ区分', US_TITLE = 'LASRMARK_CAT' WHERE TABLE_ID = 'TBLID_BPROD' AND FIELD_NAME = 'lasrmark_cat';
UPDATE SM_FIELD_DEF SET JP_TITLE = 'LMｸﾞﾙｰﾌﾟNo.1', US_TITLE = 'LASRMARK_PRINT_PTN1' WHERE TABLE_ID = 'TBLID_BPROD' AND FIELD_NAME = 'lasrmark_print_ptn1';
UPDATE SM_FIELD_DEF SET JP_TITLE = 'LMｸﾞﾙｰﾌﾟNo.2', US_TITLE = 'LASRMARK_PRINT_PTN2' WHERE TABLE_ID = 'TBLID_BPROD' AND FIELD_NAME = 'lasrmark_print_ptn2';
UPDATE SM_FIELD_DEF SET JP_TITLE = 'RFID書込みﾌﾗｸﾞ', US_TITLE = 'RFID_WRITE_FLG' WHERE TABLE_ID = 'TBLID_BPROD' AND FIELD_NAME = 'rfid_write_flg';
UPDATE SM_FIELD_DEF SET JP_TITLE = 'BOX内LM重複ﾁｪｯｸﾌﾗｸﾞ', US_TITLE = 'INBOX_LM_CHECK_FLG' WHERE TABLE_ID = 'TBLID_BPROD' AND FIELD_NAME = 'inbox_lm_check_flg';
UPDATE SM_FIELD_DEF SET JP_TITLE = 'PN区分', US_TITLE = 'PN_CAT' WHERE TABLE_ID = 'TBLID_BPROD' AND FIELD_NAME = 'pn_cat';
UPDATE SM_FIELD_DEF SET JP_TITLE = '出荷ｶｾｯﾄｺｰﾄﾞ', US_TITLE = 'SHIP_CAR_CODE' WHERE TABLE_ID = 'TBLID_BPROD' AND FIELD_NAME = 'ship_car_code';
UPDATE SM_FIELD_DEF SET JP_TITLE = '出荷ｶｾｯﾄ最大収納枚数', US_TITLE = 'SHIP_BOX_FULL_NUM' WHERE TABLE_ID = 'TBLID_BPROD' AND FIELD_NAME = 'ship_box_full_num';
UPDATE SM_FIELD_DEF SET JP_TITLE = '出荷ｶｾｯﾄ内ｳｪｰﾊ充填枚数', US_TITLE = 'SHIP_BOX_NUM' WHERE TABLE_ID = 'TBLID_BPROD' AND FIELD_NAME = 'ship_box_num';
UPDATE SM_FIELD_DEF SET JP_TITLE = '出荷装填ﾊﾟﾀｰﾝ', US_TITLE = 'SHIP_BOX_PTN' WHERE TABLE_ID = 'TBLID_BPROD' AND FIELD_NAME = 'ship_box_ptn';
UPDATE SM_FIELD_DEF SET JP_TITLE = 'MIXBOX数', US_TITLE = 'MIX_BOX_CNT' WHERE TABLE_ID = 'TBLID_BPROD' AND FIELD_NAME = 'mix_box_cnt';
UPDATE SM_FIELD_DEF SET JP_TITLE = '端数出荷可否ﾌﾗｸﾞ', US_TITLE = 'ODD_BOX_SHIP_FLG' WHERE TABLE_ID = 'TBLID_BPROD' AND FIELD_NAME = 'odd_box_ship_flg';
UPDATE SM_FIELD_DEF SET JP_TITLE = '出荷ﾗﾍﾞﾙ印字ﾌｫｰﾏｯﾄID', US_TITLE = 'SHIP_LABEL_PRINT_ID' WHERE TABLE_ID = 'TBLID_BPROD' AND FIELD_NAME = 'ship_label_print_id';
UPDATE SM_FIELD_DEF SET JP_TITLE = '出荷ﾗﾍﾞﾙ印刷枚数', US_TITLE = 'SHIP_LABEL_PRINT_NUM' WHERE TABLE_ID = 'TBLID_BPROD' AND FIELD_NAME = 'ship_label_print_num';
UPDATE SM_FIELD_DEF SET JP_TITLE = 'EPﾓﾆﾀ検査ｽﾍﾟｯｸID', US_TITLE = 'EP_MON_CON_ID' WHERE TABLE_ID = 'TBLID_BPROD' AND FIELD_NAME = 'ep_mon_con_id';
UPDATE SM_FIELD_DEF SET JP_TITLE = '条件出しEPﾓﾆﾀ検査ｽﾍﾟｯｸID', US_TITLE = 'COND_EP_MON_CON_ID' WHERE TABLE_ID = 'TBLID_BPROD' AND FIELD_NAME = 'cond_ep_mon_con_id';
UPDATE SM_FIELD_DEF SET JP_TITLE = 'PW検査試料構成ID', US_TITLE = 'PW_SMPL_CASET_CON_ID' WHERE TABLE_ID = 'TBLID_BPROD' AND FIELD_NAME = 'pw_smpl_caset_con_id';
UPDATE SM_FIELD_DEF SET JP_TITLE = 'EP検査試料構成ID', US_TITLE = 'EP_SMPL_CASET_CON_ID' WHERE TABLE_ID = 'TBLID_BPROD' AND FIELD_NAME = 'ep_smpl_caset_con_id';
UPDATE SM_FIELD_DEF SET JP_TITLE = 'ｱﾆｰﾙ検査試料構成ID', US_TITLE = 'AN_SMPL_CASET_CON_ID' WHERE TABLE_ID = 'TBLID_BPROD' AND FIELD_NAME = 'an_smpl_caset_con_id';
UPDATE SM_FIELD_DEF SET JP_TITLE = '熱処理', US_TITLE = 'WHT_FLG' WHERE TABLE_ID = 'TBLID_BPROD' AND FIELD_NAME = 'wht_flg';
UPDATE SM_FIELD_DEF SET JP_TITLE = 'EG', US_TITLE = 'EG_FLG' WHERE TABLE_ID = 'TBLID_BPROD' AND FIELD_NAME = 'eg_flg';
UPDATE SM_FIELD_DEF SET JP_TITLE = 'CVD', US_TITLE = 'CVD_FLG' WHERE TABLE_ID = 'TBLID_BPROD' AND FIELD_NAME = 'cvd_flg';
UPDATE SM_FIELD_DEF SET JP_TITLE = 'CVD', US_TITLE = 'CVD_FLG' WHERE TABLE_ID = 'TBLID_BPROD' AND FIELD_NAME = 'cvd_flg';
UPDATE SM_FIELD_DEF SET JP_TITLE = 'ｽﾗｲｽ溝ﾋﾟｯﾁ規格', US_TITLE = 'SLICE_WIRE_PITCH' WHERE TABLE_ID = 'TBLID_BPROD' AND FIELD_NAME = 'slice_wire_pitch';
UPDATE SM_FIELD_DEF SET JP_TITLE = '外周面取ﾎｲｰﾙ規格', US_TITLE = 'CIR_WHEEL_STD' WHERE TABLE_ID = 'TBLID_BPROD' AND FIELD_NAME = 'cir_wheel_std';
UPDATE SM_FIELD_DEF SET JP_TITLE = 'ﾉｯﾁ面取ﾎｲｰﾙ規格', US_TITLE = 'NOTCH_WHEEL_STD' WHERE TABLE_ID = 'TBLID_BPROD' AND FIELD_NAME = 'notch_wheel_std';
UPDATE SM_FIELD_DEF SET JP_TITLE = '粗研削砥粒番手', US_TITLE = 'FLT_GRIND_COUNT' WHERE TABLE_ID = 'TBLID_BPROD' AND FIELD_NAME = 'flt_grind_count';
UPDATE SM_FIELD_DEF SET JP_TITLE = '仕上研削砥粒番手', US_TITLE = 'FIN_GRIND_COUNT' WHERE TABLE_ID = 'TBLID_BPROD' AND FIELD_NAME = 'fin_grind_count';
UPDATE SM_FIELD_DEF SET JP_TITLE = 'ﾚｰｻﾞｰﾏｰｸ面指定', US_TITLE = 'LM_FACE_SPECIFIED_FLG' WHERE TABLE_ID = 'TBLID_BPROD' AND FIELD_NAME = 'lm_face_specified_flg';
UPDATE SM_FIELD_DEF SET JP_TITLE = 'ｴｯﾁﾝｸﾞ取代', US_TITLE = 'EDGING_REMOVE' WHERE TABLE_ID = 'TBLID_BPROD' AND FIELD_NAME = 'edging_remove';
UPDATE SM_FIELD_DEF SET JP_TITLE = '研磨種類', US_TITLE = 'POLISH_KIND' WHERE TABLE_ID = 'TBLID_BPROD' AND FIELD_NAME = 'polish_kind';
UPDATE SM_FIELD_DEF SET JP_TITLE = '平坦度ﾗﾝｸ', US_TITLE = 'FLATNESS_RANK' WHERE TABLE_ID = 'TBLID_BPROD' AND FIELD_NAME = 'flatness_rank';
UPDATE SM_FIELD_DEF SET JP_TITLE = '粗研磨ｸﾛｽﾗｲﾌ規格', US_TITLE = 'FLT_POLISH_CROSS_LIFE_STD' WHERE TABLE_ID = 'TBLID_BPROD' AND FIELD_NAME = 'flt_polish_cross_life_std';
UPDATE SM_FIELD_DEF SET JP_TITLE = '鏡面面取砥粒比重', US_TITLE = 'MIRROR_GRIND_GRAVITY' WHERE TABLE_ID = 'TBLID_BPROD' AND FIELD_NAME = 'mirror_grind_gravity';
UPDATE SM_FIELD_DEF SET JP_TITLE = '仕上研磨ｸﾛｽﾗｲﾌ規格', US_TITLE = 'FIN_POLISH_CROSS_LIFE_STD' WHERE TABLE_ID = 'TBLID_BPROD' AND FIELD_NAME = 'fin_polish_cross_life_std';
UPDATE SM_FIELD_DEF SET JP_TITLE = 'Fosb InfoPadﾌﾟﾗｸﾞ位置', US_TITLE = 'FOSB_INFOPAD_PLUG_POS' WHERE TABLE_ID = 'TBLID_BPROD' AND FIELD_NAME = 'fosb_infopad_plug_pos';
UPDATE SM_FIELD_DEF SET JP_TITLE = 'ｾﾝﾀｰﾘﾃｰﾅｰ有無', US_TITLE = 'SENTER_RITENER_EXIST' WHERE TABLE_ID = 'TBLID_BPROD' AND FIELD_NAME = 'senter_ritener_exist';
UPDATE SM_FIELD_DEF SET JP_TITLE = '出荷ﾗﾍﾞﾙ位置1', US_TITLE = 'SHIP_LABEL_POS1' WHERE TABLE_ID = 'TBLID_BPROD' AND FIELD_NAME = 'ship_label_pos1';
UPDATE SM_FIELD_DEF SET JP_TITLE = '出荷ﾗﾍﾞﾙ位置2', US_TITLE = 'SHIP_LABEL_POS2' WHERE TABLE_ID = 'TBLID_BPROD' AND FIELD_NAME = 'ship_label_pos2';
UPDATE SM_FIELD_DEF SET JP_TITLE = '出荷ﾗﾍﾞﾙ位置3', US_TITLE = 'SHIP_LABEL_POS3' WHERE TABLE_ID = 'TBLID_BPROD' AND FIELD_NAME = 'ship_label_pos3';
UPDATE SM_FIELD_DEF SET JP_TITLE = '乾燥剤有無', US_TITLE = 'DESICCANT_EXIST' WHERE TABLE_ID = 'TBLID_BPROD' AND FIELD_NAME = 'desiccant_exist';
UPDATE SM_FIELD_DEF SET JP_TITLE = '乾燥剤位置', US_TITLE = 'DESICCANT_POS' WHERE TABLE_ID = 'TBLID_BPROD' AND FIELD_NAME = 'desiccant_pos';
UPDATE SM_FIELD_DEF SET JP_TITLE = 'KEM PW製品ｺｰﾄﾞ', US_TITLE = 'KEM_PW_PROD_CODE' WHERE TABLE_ID = 'TBLID_BPROD' AND FIELD_NAME = 'kem_pw_prod_code';
UPDATE SM_FIELD_DEF SET JP_TITLE = '先行片检查项目构成ID', US_TITLE = 'LD_SMPL_CASET_CON_ID' WHERE TABLE_ID = 'TBLID_BPROD' AND FIELD_NAME = 'kem_pw_prod_code';
UPDATE SM_FIELD_DEF SET JP_TITLE = 'KEM EP製品ｺｰﾄﾞ', US_TITLE = 'KEM_EP_PROD_CODE' WHERE TABLE_ID = 'TBLID_BPROD' AND FIELD_NAME = 'kem_ep_prod_code';
UPDATE SM_FIELD_DEF SET JP_TITLE = 'KEM Anneal製品ｺｰﾄﾞ', US_TITLE = 'KEM_AR_PROD_CODE' WHERE TABLE_ID = 'TBLID_BPROD' AND FIELD_NAME = 'kem_ar_prod_code';
UPDATE SM_FIELD_DEF SET JP_TITLE = '切断角度ﾉｯﾁ上(X･符号)度', US_TITLE = 'NOTCH_TOP_DEGREE' WHERE TABLE_ID = 'TBLID_BPROD' AND FIELD_NAME = 'notch_top_degree';
UPDATE SM_FIELD_DEF SET JP_TITLE = '切断角度ﾉｯﾁ上(X)分', US_TITLE = 'NOTCH_TOP_ARCMIN' WHERE TABLE_ID = 'TBLID_BPROD' AND FIELD_NAME = 'notch_top_arcmin';
UPDATE SM_FIELD_DEF SET JP_TITLE = '切断角度ﾉｯﾁ上(X)秒', US_TITLE = 'NOTCH_TOP_ARCSEC' WHERE TABLE_ID = 'TBLID_BPROD' AND FIELD_NAME = 'notch_top_arcsec';
UPDATE SM_FIELD_DEF SET JP_TITLE = '切断角度ﾉｯﾁ左(Y･符号)度', US_TITLE = 'NOTCH_LEFT_DEGREE' WHERE TABLE_ID = 'TBLID_BPROD' AND FIELD_NAME = 'notch_left_degree';
UPDATE SM_FIELD_DEF SET JP_TITLE = '切断角度ﾉｯﾁ左(Y)分', US_TITLE = 'NOTCH_LEFT_ARCMIN' WHERE TABLE_ID = 'TBLID_BPROD' AND FIELD_NAME = 'notch_left_arcmin';
UPDATE SM_FIELD_DEF SET JP_TITLE = '切断角度ﾉｯﾁ左(Y)秒', US_TITLE = 'NOTCH_LEFT_ARCSEC' WHERE TABLE_ID = 'TBLID_BPROD' AND FIELD_NAME = 'notch_left_arcsec';
UPDATE SM_FIELD_DEF SET JP_TITLE = '出荷ﾗﾍﾞﾙ印刷有無', US_TITLE = 'SHIP_LABEL_PRINT_EXIST' WHERE TABLE_ID = 'TBLID_BPROD' AND FIELD_NAME = 'ship_label_print_exist';
UPDATE SM_FIELD_DEF SET JP_TITLE = '予備1', US_TITLE = '外延片盒子类型' WHERE TABLE_ID = 'TBLID_BPROD' AND FIELD_NAME = 'reserve01';
UPDATE SM_FIELD_DEF SET JP_TITLE = 'WS装置グループ', US_TITLE = 'WS_EQPG' WHERE TABLE_ID = 'TBLID_BPROD' AND FIELD_NAME = 'reserve02';
UPDATE SM_FIELD_DEF SET JP_TITLE = 'LM2ヶ月混成', US_TITLE = 'LM_2MON_MIX' WHERE TABLE_ID = 'TBLID_BPROD' AND FIELD_NAME = 'reserve03';
UPDATE SM_FIELD_DEF SET JP_TITLE = '出荷容器ﾘﾕｰｽ', US_TITLE = 'SHIP_CONTAINER' WHERE TABLE_ID = 'TBLID_BPROD' AND FIELD_NAME = 'reserve04';
UPDATE SM_FIELD_DEF SET JP_TITLE = '号機指定区分', US_TITLE = 'MAC_CAT' WHERE TABLE_ID = 'TBLID_BPROD' AND FIELD_NAME = 'reserve05';
UPDATE SM_FIELD_DEF SET JP_TITLE = '装置ｸﾞﾙｰﾌﾟID', US_TITLE = 'EQPG_ID' WHERE TABLE_ID = 'TBLID_BPROD' AND FIELD_NAME = 'reserve06';
UPDATE SM_FIELD_DEF SET JP_TITLE = '面取狙い形状A寸法', US_TITLE = 'WHEEL_SHIP_A-DIM' WHERE TABLE_ID = 'TBLID_BPROD' AND FIELD_NAME = 'reserve07';
UPDATE SM_FIELD_DEF SET JP_TITLE = '面取狙い形状BC寸法', US_TITLE = 'WHEEL_SHIP_BC-DIM' WHERE TABLE_ID = 'TBLID_BPROD' AND FIELD_NAME = 'reserve08';
UPDATE SM_FIELD_DEF SET JP_TITLE = '面取狙い形状θ', US_TITLE = '不可反TD' WHERE TABLE_ID = 'TBLID_BPROD' AND FIELD_NAME = 'reserve09';
UPDATE SM_FIELD_DEF SET JP_TITLE = '平坦度SFQR MAX', US_TITLE = 'FLATNESS_SFQR_MAX' WHERE TABLE_ID = 'TBLID_BPROD' AND FIELD_NAME = 'reserve10';
UPDATE SM_FIELD_DEF SET JP_TITLE = '平坦度SFQR PUA', US_TITLE = 'FLATNESS_SFQR_PUA' WHERE TABLE_ID = 'TBLID_BPROD' AND FIELD_NAME = 'reserve11';
UPDATE SM_FIELD_DEF SET JP_TITLE = '平坦度CELLSIZE', US_TITLE = 'FLATNESS_CELLSIZE' WHERE TABLE_ID = 'TBLID_BPROD' AND FIELD_NAME = 'reserve12';
UPDATE SM_FIELD_DEF SET JP_TITLE = '平坦度GBIR', US_TITLE = 'FLATNESS_GBIR' WHERE TABLE_ID = 'TBLID_BPROD' AND FIELD_NAME = 'reserve13';
UPDATE SM_FIELD_DEF SET JP_TITLE = '容器洗浄区分', US_TITLE = 'CONTAINER_WASH_CAT' WHERE TABLE_ID = 'TBLID_BPROD' AND FIELD_NAME = 'reserve14';
UPDATE SM_FIELD_DEF SET JP_TITLE = 'ｽﾗｲｽ溝ﾋﾟｯﾁ規格2', US_TITLE = 'SLICE_WIRE_PITCH2' WHERE TABLE_ID = 'TBLID_BPROD' AND FIELD_NAME = 'reserve15';
UPDATE SM_FIELD_DEF SET JP_TITLE = 'ｽﾗｲｽ溝ﾋﾟｯﾁ規格3', US_TITLE = 'SLICE_WIRE_PITCH3' WHERE TABLE_ID = 'TBLID_BPROD' AND FIELD_NAME = 'reserve16';
UPDATE SM_FIELD_DEF SET JP_TITLE = 'ｽﾗｲｽ溝ﾋﾟｯﾁ規格4', US_TITLE = 'SLICE_WIRE_PITCH4' WHERE TABLE_ID = 'TBLID_BPROD' AND FIELD_NAME = 'reserve17';
UPDATE SM_FIELD_DEF SET JP_TITLE = 'ｽﾗｲｽ溝ﾋﾟｯﾁ規格5', US_TITLE = 'SLICE_WIRE_PITCH5' WHERE TABLE_ID = 'TBLID_BPROD' AND FIELD_NAME = 'reserve18';
UPDATE SM_FIELD_DEF SET JP_TITLE = 'OPI表示有無', US_TITLE = 'OPI_EXIST' WHERE TABLE_ID = 'TBLID_BPROD' AND FIELD_NAME = 'reserve19';
UPDATE SM_FIELD_DEF SET JP_TITLE = 'ｻﾌﾞ用ｶｾｯﾄ内ｳｪｰﾊ充填枚数', US_TITLE = 'SUB-CAR_BOX_NUM' WHERE TABLE_ID = 'TBLID_BPROD' AND FIELD_NAME = 'reserve20';
UPDATE SM_FIELD_DEF SET JP_TITLE = 'ｻﾌﾞ用装填ﾊﾟﾀｰﾝ', US_TITLE = 'SUB-CAR_BOX_PIN' WHERE TABLE_ID = 'TBLID_BPROD' AND FIELD_NAME = 'reserve21';
UPDATE SM_FIELD_DEF SET JP_TITLE = 'Bulk Metal抜取', US_TITLE = 'BULK_METAL_PICK' WHERE TABLE_ID = 'TBLID_BPROD' AND FIELD_NAME = 'reserve22';
UPDATE SM_FIELD_DEF SET JP_TITLE = 'RP後FAB区分', US_TITLE = 'RP_FAB_CAT' WHERE TABLE_ID = 'TBLID_BPROD' AND FIELD_NAME = 'reserve23';
UPDATE SM_FIELD_DEF SET JP_TITLE = 'ｻｲﾄﾞﾀﾞﾐｰ製品ｺｰﾄﾞ', US_TITLE = 'DUMMY_PRODUCTCODE' WHERE TABLE_ID = 'TBLID_BPROD' AND FIELD_NAME = 'reserve24';
UPDATE SM_FIELD_DEF SET JP_TITLE = '予備25', US_TITLE = 'RESERVE25' WHERE TABLE_ID = 'TBLID_BPROD' AND FIELD_NAME = 'reserve25';
UPDATE SM_FIELD_DEF SET JP_TITLE = '予備26', US_TITLE = 'RESERVE26' WHERE TABLE_ID = 'TBLID_BPROD' AND FIELD_NAME = 'reserve26';
UPDATE SM_FIELD_DEF SET JP_TITLE = '予備27', US_TITLE = 'RESERVE27' WHERE TABLE_ID = 'TBLID_BPROD' AND FIELD_NAME = 'reserve27';
UPDATE SM_FIELD_DEF SET JP_TITLE = 'ノッチ位置', US_TITLE = 'NOTCH_POSITION' WHERE TABLE_ID = 'TBLID_BPROD' AND FIELD_NAME = 'reserve28';
UPDATE SM_FIELD_DEF SET JP_TITLE = 'EPサセプター', US_TITLE = 'EP_SUSCEPTO' WHERE TABLE_ID = 'TBLID_BPROD' AND FIELD_NAME = 'reserve29';
UPDATE SM_FIELD_DEF SET JP_TITLE = 'EP ForeCaster品種', US_TITLE = 'EP_FORECASTER' WHERE TABLE_ID = 'TBLID_BPROD' AND FIELD_NAME = 'reserve30';
UPDATE SM_FIELD_DEF SET JP_TITLE = '自動MAP判定(SEMI/AUTO)', US_TITLE = 'AUTO_MAP_JUDGE(SEMI/AUTO)' WHERE TABLE_ID = 'TBLID_BPROD' AND FIELD_NAME = 'reserve31';
UPDATE SM_FIELD_DEF SET JP_TITLE = '結晶品番', US_TITLE = 'CRYSTALLIZED_PRODUCTCODE' WHERE TABLE_ID = 'TBLID_BPROD' AND FIELD_NAME = 'reserve32';
UPDATE SM_FIELD_DEF SET JP_TITLE = '結晶ﾎﾞﾄﾑ区分', US_TITLE = 'CRYSTALLIZED_CAT' WHERE TABLE_ID = 'TBLID_BPROD' AND FIELD_NAME = 'reserve33';
UPDATE SM_FIELD_DEF SET JP_TITLE = 'Fallout区分', US_TITLE = 'FALLOUT_CAT' WHERE TABLE_ID = 'TBLID_BPROD' AND FIELD_NAME = 'reserve34';
UPDATE SM_FIELD_DEF SET JP_TITLE = '面取形状', US_TITLE = 'WHEEL_SHIP' WHERE TABLE_ID = 'TBLID_BPROD' AND FIELD_NAME = 'reserve35';
UPDATE SM_FIELD_DEF SET JP_TITLE = '面取測定条件', US_TITLE = 'WHEEL_MEAS_CONDITION' WHERE TABLE_ID = 'TBLID_BPROD' AND FIELD_NAME = 'reserve36';
UPDATE SM_FIELD_DEF SET JP_TITLE = '予備37', US_TITLE = 'RESERVE37' WHERE TABLE_ID = 'TBLID_BPROD' AND FIELD_NAME = 'reserve37';
UPDATE SM_FIELD_DEF SET JP_TITLE = '予備37', US_TITLE = '分选等待指示' WHERE TABLE_ID = 'TBLID_BPROD' AND FIELD_NAME = 'reserve37';
UPDATE SM_FIELD_DEF SET JP_TITLE = '予備38', US_TITLE = '刻字码导入指示' WHERE TABLE_ID = 'TBLID_BPROD' AND FIELD_NAME = 'reserve38';
UPDATE SM_FIELD_DEF SET JP_TITLE = '予備38', US_TITLE = '刻字码导入指示' WHERE TABLE_ID = 'TBLID_BPROD' AND FIELD_NAME = 'reserve38';
UPDATE SM_FIELD_DEF SET JP_TITLE = '予備39', US_TITLE = 'RESERVE39' WHERE TABLE_ID = 'TBLID_BPROD' AND FIELD_NAME = 'reserve39';
UPDATE SM_FIELD_DEF SET JP_TITLE = '予備40', US_TITLE = '面方位' WHERE TABLE_ID = 'TBLID_BPROD' AND FIELD_NAME = 'reserve40';
UPDATE SM_FIELD_DEF SET JP_TITLE = '予備41', US_TITLE = '参杂剂' WHERE TABLE_ID = 'TBLID_BPROD' AND FIELD_NAME = 'reserve41';
UPDATE SM_FIELD_DEF SET JP_TITLE = '予備42', US_TITLE = 'RESERVE42' WHERE TABLE_ID = 'TBLID_BPROD' AND FIELD_NAME = 'reserve42';
UPDATE SM_FIELD_DEF SET JP_TITLE = '予備43', US_TITLE = '电阻率理论值' WHERE TABLE_ID = 'TBLID_BPROD' AND FIELD_NAME = 'reserve43';
UPDATE SM_FIELD_DEF SET JP_TITLE = '予備44', US_TITLE = 'RESERVE44' WHERE TABLE_ID = 'TBLID_BPROD' AND FIELD_NAME = 'reserve44';
UPDATE SM_FIELD_DEF SET JP_TITLE = '予備44', US_TITLE = '分选REDSP良品端数拼接指示' WHERE TABLE_ID = 'TBLID_BPROD' AND FIELD_NAME = 'reserve44';
UPDATE SM_FIELD_DEF SET JP_TITLE = '予備45', US_TITLE = 'RESERVE45' WHERE TABLE_ID = 'TBLID_BPROD' AND FIELD_NAME = 'reserve45';
UPDATE SM_FIELD_DEF SET JP_TITLE = '予備45', US_TITLE = '刻字规则使用指示' WHERE TABLE_ID = 'TBLID_BPROD' AND FIELD_NAME = 'reserve45';
UPDATE SM_FIELD_DEF SET JP_TITLE = '予備46', US_TITLE = 'DSP使用次数' WHERE TABLE_ID = 'TBLID_BPROD' AND FIELD_NAME = 'reserve46';
UPDATE SM_FIELD_DEF SET JP_TITLE = '予備47', US_TITLE = 'CMP使用次数' WHERE TABLE_ID = 'TBLID_BPROD' AND FIELD_NAME = 'reserve47';
UPDATE SM_FIELD_DEF SET JP_TITLE = '予備48', US_TITLE = '最终洗净使用次数' WHERE TABLE_ID = 'TBLID_BPROD' AND FIELD_NAME = 'reserve48';
UPDATE SM_FIELD_DEF SET JP_TITLE = '予備49', US_TITLE = 'RESERVE49' WHERE TABLE_ID = 'TBLID_BPROD' AND FIELD_NAME = 'reserve49';
UPDATE SM_FIELD_DEF SET JP_TITLE = '予備50', US_TITLE = 'RESERVE50' WHERE TABLE_ID = 'TBLID_BPROD' AND FIELD_NAME = 'reserve50';
UPDATE SM_FIELD_DEF SET JP_TITLE = '加工工場区分', US_TITLE = 'PLANT_CAT' WHERE TABLE_ID = 'TBLID_BPROD' AND FIELD_NAME = 'plant_cat';
UPDATE SM_FIELD_DEF SET JP_TITLE = 'ﾜｰｸﾌﾟﾚｰﾄﾀｲﾌﾟ', US_TITLE = 'WRK_PLATE_TYPE' WHERE TABLE_ID = 'TBLID_BPROD' AND FIELD_NAME = 'plate_type';
UPDATE SM_FIELD_DEF SET JP_TITLE = 'ｻﾝﾌﾟﾙ品ﾌﾗｸﾞ', US_TITLE = 'SMPL_FLG' WHERE TABLE_ID = 'TBLID_BPROD' AND FIELD_NAME = 'smpl_flg';
UPDATE SM_FIELD_DEF SET JP_TITLE = '抵抗率区分', US_TITLE = 'RESIST_PER_CAT' WHERE TABLE_ID = 'TBLID_BPROD' AND FIELD_NAME = 'resist_per_cat';
UPDATE SM_FIELD_DEF SET JP_TITLE = 'ﾄﾞｰﾊﾟﾝﾄCZ', US_TITLE = 'DOPE_CAT_CZ' WHERE TABLE_ID = 'TBLID_BPROD' AND FIELD_NAME = 'dope_cat_cz';
UPDATE SM_FIELD_DEF SET JP_TITLE = 'ﾄﾞｰﾊﾟﾝﾄEP', US_TITLE = 'DOPE_CAT_EP' WHERE TABLE_ID = 'TBLID_BPROD' AND FIELD_NAME = 'dope_cat_ep';
UPDATE SM_FIELD_DEF SET JP_TITLE = '軸区分', US_TITLE = 'AXIS_CAT' WHERE TABLE_ID = 'TBLID_BPROD' AND FIELD_NAME = 'axis_cat';
UPDATE SM_FIELD_DEF SET JP_TITLE = 'PWﾕｰｻﾞｰ規格  抵抗上限', US_TITLE = 'PW_STD_RESIST_H' WHERE TABLE_ID = 'TBLID_BPROD' AND FIELD_NAME = 'pw_std_resist_h';
UPDATE SM_FIELD_DEF SET JP_TITLE = 'PWﾕｰｻﾞｰ規格  抵抗下限', US_TITLE = 'PW_STD_RESIST_L' WHERE TABLE_ID = 'TBLID_BPROD' AND FIELD_NAME = 'pw_std_resist_l';
UPDATE SM_FIELD_DEF SET JP_TITLE = 'EPﾕｰｻﾞｰ規格  EP厚さ上限', US_TITLE = 'EP_STD_THIK_H' WHERE TABLE_ID = 'TBLID_BPROD' AND FIELD_NAME = 'ep_std_thik_h';
UPDATE SM_FIELD_DEF SET JP_TITLE = 'EPﾕｰｻﾞｰ規格  EP厚さ下限', US_TITLE = 'EP_STD_THIK_L' WHERE TABLE_ID = 'TBLID_BPROD' AND FIELD_NAME = 'ep_std_thik_l';
UPDATE SM_FIELD_DEF SET JP_TITLE = 'EPﾕｰｻﾞｰ規格  EP抵抗上限', US_TITLE = 'EP_STD_RESIST_H' WHERE TABLE_ID = 'TBLID_BPROD' AND FIELD_NAME = 'ep_std_resist_h';
UPDATE SM_FIELD_DEF SET JP_TITLE = 'EPﾕｰｻﾞｰ規格  EP抵抗下限', US_TITLE = 'EP_STD_RESIST_L' WHERE TABLE_ID = 'TBLID_BPROD' AND FIELD_NAME = 'ep_std_resist_l';
UPDATE SM_FIELD_DEF SET JP_TITLE = '混成区分', US_TITLE = 'MIX_CAT' WHERE TABLE_ID = 'TBLID_BPROD' AND FIELD_NAME = 'mix_cat';
UPDATE SM_FIELD_DEF SET JP_TITLE = '出荷ﾛｯﾄID採番区分', US_TITLE = 'SHIP_LOT_ID_NUM_CAT' WHERE TABLE_ID = 'TBLID_BPROD' AND FIELD_NAME = 'ship_lot_ptn_cat';
UPDATE SM_FIELD_DEF SET JP_TITLE = 'Spec No.', US_TITLE = 'SHIP_LABEL_PROD_NO' WHERE TABLE_ID = 'TBLID_BPROD' AND FIELD_NAME = 'ship_label_prod_no';
UPDATE SM_FIELD_DEF SET JP_TITLE = 'Part No.', US_TITLE = 'SHIP_LABEL_PART_NO' WHERE TABLE_ID = 'TBLID_BPROD' AND FIELD_NAME = 'ship_label_part_no';
UPDATE SM_FIELD_DEF SET JP_TITLE = 'EC No.', US_TITLE = 'SHIP_LABEL_EC_NO' WHERE TABLE_ID = 'TBLID_BPROD' AND FIELD_NAME = 'ship_label_ec_no';
UPDATE SM_FIELD_DEF SET JP_TITLE = '出荷ﾗﾍﾞﾙ印字 製品ｺｰﾄﾞID', US_TITLE = 'SHIP_LABEL_PROD_ID' WHERE TABLE_ID = 'TBLID_BPROD' AND FIELD_NAME = 'ship_label_prod_id';
UPDATE SM_FIELD_DEF SET JP_TITLE = '出荷ﾗﾍﾞﾙ客先名称', US_TITLE = 'SHIP_LABEL_CUSTOMER' WHERE TABLE_ID = 'TBLID_BPROD' AND FIELD_NAME = 'ship_label_customer';
UPDATE SM_FIELD_DEF SET JP_TITLE = '直径ﾕｰｻﾞｰ規格 中心値', US_TITLE = 'STD_DIAMETER_C' WHERE TABLE_ID = 'TBLID_BPROD' AND FIELD_NAME = 'std_diameter_c';
UPDATE SM_FIELD_DEF SET JP_TITLE = '直径ﾕｰｻﾞｰ規格 上限', US_TITLE = 'STD_DIAMETER_H' WHERE TABLE_ID = 'TBLID_BPROD' AND FIELD_NAME = 'std_diameter_h';
UPDATE SM_FIELD_DEF SET JP_TITLE = '直径ﾕｰｻﾞｰ規格 下限', US_TITLE = 'STD_DIAMETER_L' WHERE TABLE_ID = 'TBLID_BPROD' AND FIELD_NAME = 'std_diameter_l';
UPDATE SM_FIELD_DEF SET JP_TITLE = '厚みﾕｰｻﾞｰ規格 中心値', US_TITLE = 'STD_THIK_C' WHERE TABLE_ID = 'TBLID_BPROD' AND FIELD_NAME = 'std_thik_c';
UPDATE SM_FIELD_DEF SET JP_TITLE = '厚みﾕｰｻﾞｰ規格 上限', US_TITLE = 'STD_THIK_H' WHERE TABLE_ID = 'TBLID_BPROD' AND FIELD_NAME = 'std_thik_h';
UPDATE SM_FIELD_DEF SET JP_TITLE = '厚みﾕｰｻﾞｰ規格 下限', US_TITLE = 'STD_THIK_L' WHERE TABLE_ID = 'TBLID_BPROD' AND FIELD_NAME = 'std_thick_l';
UPDATE SM_FIELD_DEF SET JP_TITLE = 'ｳｪｰﾊ仕上げ', US_TITLE = 'WAFER_FINISH' WHERE TABLE_ID = 'TBLID_BPROD' AND FIELD_NAME = 'wafer_finish';
UPDATE SM_FIELD_DEF SET JP_TITLE = 'ｴｯｼﾞﾋﾟｯﾄ規格', US_TITLE = 'STD_EDGE_PIT' WHERE TABLE_ID = 'TBLID_BPROD' AND FIELD_NAME = 'sdt_edge_pit';
UPDATE SM_FIELD_DEF SET JP_TITLE = 'ﾗｲﾌﾀｲﾑ規格', US_TITLE = 'STD_LIFE_TIME' WHERE TABLE_ID = 'TBLID_BPROD' AND FIELD_NAME = 'std_life_time';
UPDATE SM_FIELD_DEF SET JP_TITLE = '結晶軸区分･公差', US_TITLE = 'AXIS_CAT_TOLERANCE' WHERE TABLE_ID = 'TBLID_BPROD' AND FIELD_NAME = 'axis_cat_tolerance';
UPDATE SM_FIELD_DEF SET JP_TITLE = 'Remarks', US_TITLE = 'SHIP_LABEL_REMARKS' WHERE TABLE_ID = 'TBLID_BPROD' AND FIELD_NAME = 'ship_label_remarks';
UPDATE SM_FIELD_DEF SET JP_TITLE = '客先品番', US_TITLE = 'CUSTOMER_PROD_ID' WHERE TABLE_ID = 'TBLID_BPROD' AND FIELD_NAME = 'customer_prod_id';
UPDATE SM_FIELD_DEF SET JP_TITLE = 'EPﾀｲﾌﾟ', US_TITLE = 'EP_TYPE' WHERE TABLE_ID = 'TBLID_BPROD' AND FIELD_NAME = 'ep_type';
UPDATE SM_FIELD_DEF SET JP_TITLE = 'EPsubﾀｲﾌﾟ', US_TITLE = 'EPSUB_TYPE' WHERE TABLE_ID = 'TBLID_BPROD' AND FIELD_NAME = 'epsub_type';
UPDATE SM_FIELD_DEF SET JP_TITLE = 'EPsub 厚み規格 上限', US_TITLE = 'EPSUB_STD_THIK_H' WHERE TABLE_ID = 'TBLID_BPROD' AND FIELD_NAME = 'epsub_std_thik_h';
UPDATE SM_FIELD_DEF SET JP_TITLE = 'EPsub 厚み規格 下限', US_TITLE = 'EPSUB_STD_THIK_L' WHERE TABLE_ID = 'TBLID_BPROD' AND FIELD_NAME = 'epsub_std_thik_l';
UPDATE SM_FIELD_DEF SET JP_TITLE = 'EPsub 抵抗規格 上限', US_TITLE = 'EPSUB_STD_RESIST_H' WHERE TABLE_ID = 'TBLID_BPROD' AND FIELD_NAME = 'epsub_std_resist_h';
UPDATE SM_FIELD_DEF SET JP_TITLE = 'EPsub 抵抗規格 下限', US_TITLE = 'EPSUB_STD_RESIST_L' WHERE TABLE_ID = 'TBLID_BPROD' AND FIELD_NAME = 'epsub_std_resist_l';
UPDATE SM_FIELD_DEF SET JP_TITLE = 'Method', US_TITLE = 'SHIP_LABEL_METHOD' WHERE TABLE_ID = 'TBLID_BPROD' AND FIELD_NAME = 'ship_label_method';
UPDATE SM_FIELD_DEF SET JP_TITLE = 'Ｅｐρ規格(不純物濃度)', US_TITLE = 'IMPURITY_DENSITY' WHERE TABLE_ID = 'TBLID_BPROD' AND FIELD_NAME = 'impurity_density';
UPDATE SM_FIELD_DEF SET JP_TITLE = 'SPC区分1', US_TITLE = 'SPC 区分1' WHERE TABLE_ID = 'TBLID_BPROD' AND FIELD_NAME = 'spc_cat1';
UPDATE SM_FIELD_DEF SET JP_TITLE = 'SPC区分2', US_TITLE = 'SPC 区分2' WHERE TABLE_ID = 'TBLID_BPROD' AND FIELD_NAME = 'spc_cat2';
UPDATE SM_FIELD_DEF SET JP_TITLE = 'SPC区分3', US_TITLE = 'SPC 区分3' WHERE TABLE_ID = 'TBLID_BPROD' AND FIELD_NAME = 'spc_cat3';
UPDATE SM_FIELD_DEF SET JP_TITLE = 'SPC区分4', US_TITLE = 'SPC 区分4' WHERE TABLE_ID = 'TBLID_BPROD' AND FIELD_NAME = 'spc_cat4';
UPDATE SM_FIELD_DEF SET JP_TITLE = 'SPC区分5', US_TITLE = 'SPC 区分5' WHERE TABLE_ID = 'TBLID_BPROD' AND FIELD_NAME = 'spc_cat5';
UPDATE SM_FIELD_DEF SET JP_TITLE = 'SPC区分6', US_TITLE = 'SPC 区分6' WHERE TABLE_ID = 'TBLID_BPROD' AND FIELD_NAME = 'spc_cat6';
UPDATE SM_FIELD_DEF SET JP_TITLE = 'SPC区分7', US_TITLE = 'SPC 区分7' WHERE TABLE_ID = 'TBLID_BPROD' AND FIELD_NAME = 'spc_cat7';
UPDATE SM_FIELD_DEF SET JP_TITLE = 'SPC区分8', US_TITLE = 'SPC 区分8' WHERE TABLE_ID = 'TBLID_BPROD' AND FIELD_NAME = 'spc_cat8';
UPDATE SM_FIELD_DEF SET JP_TITLE = 'SPC区分9', US_TITLE = 'SPC 区分9' WHERE TABLE_ID = 'TBLID_BPROD' AND FIELD_NAME = 'spc_cat9';
UPDATE SM_FIELD_DEF SET JP_TITLE = 'SPC区分10', US_TITLE = 'SPC 区分10' WHERE TABLE_ID = 'TBLID_BPROD' AND FIELD_NAME = 'spc_cat10';
UPDATE SM_FIELD_DEF SET JP_TITLE = '客先ID', US_TITLE = '客户ID' WHERE TABLE_ID = 'TBLID_BPROD' AND FIELD_NAME = 'customer_id';
UPDATE SM_FIELD_DEF SET JP_TITLE = '客先品名', US_TITLE = '客户品名' WHERE TABLE_ID = 'TBLID_BPROD' AND FIELD_NAME = 'customer_name';
UPDATE SM_FIELD_DEF SET JP_TITLE = '客先品名ﾊﾞｰｼﾞｮﾝ番号', US_TITLE = '客户品名版本号' WHERE TABLE_ID = 'TBLID_BPROD' AND FIELD_NAME = 'customer_name_ver';
UPDATE SM_FIELD_DEF SET JP_TITLE = '客先名称', US_TITLE = '客户名称' WHERE TABLE_ID = 'TBLID_BPROD' AND FIELD_NAME = 'user_name';
UPDATE SM_FIELD_DEF SET JP_TITLE = '規格：直径', US_TITLE = '规格：直径' WHERE TABLE_ID = 'TBLID_BPROD' AND FIELD_NAME = 'std_diameter';
UPDATE SM_FIELD_DEF SET JP_TITLE = '規格：引き上げ方法', US_TITLE = '规格：拉晶方法' WHERE TABLE_ID = 'TBLID_BPROD' AND FIELD_NAME = 'std_pull_method';
UPDATE SM_FIELD_DEF SET JP_TITLE = '規格：POLISHﾀｲﾌﾟ', US_TITLE = '规格：抛光类型' WHERE TABLE_ID = 'TBLID_BPROD' AND FIELD_NAME = 'std_polish_type';
UPDATE SM_FIELD_DEF SET JP_TITLE = '規格：結晶方向', US_TITLE = '规格：晶向' WHERE TABLE_ID = 'TBLID_BPROD' AND FIELD_NAME = 'std_cry_dir';
UPDATE SM_FIELD_DEF SET JP_TITLE = '規格：ﾄﾞｰﾊﾟﾝﾄ', US_TITLE = '规格：掺杂剂' WHERE TABLE_ID = 'TBLID_BPROD' AND FIELD_NAME = 'std_dopant';
UPDATE SM_FIELD_DEF SET JP_TITLE = '規格：ﾊﾞｯｸシールド', US_TITLE = '规格：背封' WHERE TABLE_ID = 'TBLID_BPROD' AND FIELD_NAME = 'std_back_shield';
UPDATE SM_FIELD_DEF SET JP_TITLE = '規格：ｴｯｼﾞｶｯﾄなし', US_TITLE = '规格：不去边' WHERE TABLE_ID = 'TBLID_BPROD' AND FIELD_NAME = 'std_no_edgecut';
UPDATE SM_FIELD_DEF SET JP_TITLE = '規格：厚み', US_TITLE = '规格：厚度' WHERE TABLE_ID = 'TBLID_BPROD' AND FIELD_NAME = 'std_thickness';
UPDATE SM_FIELD_DEF SET JP_TITLE = '規格：抵抗率範囲', US_TITLE = '规格：电阻率范围' WHERE TABLE_ID = 'TBLID_BPROD' AND FIELD_NAME = 'std_resistivity';
UPDATE SM_FIELD_DEF SET JP_TITLE = 'ｻﾌﾟﾗｲﾔｰ', US_TITLE = '供应商' WHERE TABLE_ID = 'TBLID_BPROD' AND FIELD_NAME = 'supplier';
UPDATE SM_FIELD_DEF SET JP_TITLE = '製造ﾒｰｶｰ', US_TITLE = '制造商' WHERE TABLE_ID = 'TBLID_BPROD' AND FIELD_NAME = 'product_maker';
UPDATE SM_FIELD_DEF SET JP_TITLE = '製造住所', US_TITLE = '制造地址' WHERE TABLE_ID = 'TBLID_BPROD' AND FIELD_NAME = 'product_adress';
UPDATE SM_FIELD_DEF SET JP_TITLE = 'ROHSﾌﾗｸﾞ', US_TITLE = 'ROHS标识' WHERE TABLE_ID = 'TBLID_BPROD' AND FIELD_NAME = 'rohs_flg';
UPDATE SM_FIELD_DEF SET JP_TITLE = '客先規格', US_TITLE = '客户规格' WHERE TABLE_ID = 'TBLID_BPROD' AND FIELD_NAME = 'customer_std';
UPDATE SM_FIELD_DEF SET JP_TITLE = '酸素含有量', US_TITLE = '氧含量' WHERE TABLE_ID = 'TBLID_BPROD' AND FIELD_NAME = 'oxy_include';
UPDATE SM_FIELD_DEF SET JP_TITLE = '工場ｺｰﾄﾞ', US_TITLE = '工厂代码' WHERE TABLE_ID = 'TBLID_BPROD' AND FIELD_NAME = 'plant_code';
UPDATE SM_FIELD_DEF SET JP_TITLE = '提示ﾒｯｾｰｼﾞ', US_TITLE = '提示信息' WHERE TABLE_ID = 'TBLID_BPROD' AND FIELD_NAME = 'message';
UPDATE SM_FIELD_DEF SET JP_TITLE = '保障期間(月)', US_TITLE = '有效期(月)' WHERE TABLE_ID = 'TBLID_BPROD' AND FIELD_NAME = 'ass_term';
UPDATE SM_FIELD_DEF SET JP_TITLE = 'Particle', US_TITLE = 'PARTICLE' WHERE TABLE_ID = 'TBLID_BPROD' AND FIELD_NAME = 'particle';
UPDATE SM_FIELD_DEF SET JP_TITLE = 'Bow', US_TITLE = 'Bow' WHERE TABLE_ID = 'TBLID_BPROD' AND FIELD_NAME = 'bow';
UPDATE SM_FIELD_DEF SET JP_TITLE = 'Warp', US_TITLE = 'Warp' WHERE TABLE_ID = 'TBLID_BPROD' AND FIELD_NAME = 'warp';
UPDATE SM_FIELD_DEF SET JP_TITLE = 'TTV', US_TITLE = 'TTV' WHERE TABLE_ID = 'TBLID_BPROD' AND FIELD_NAME = 'ttv';
UPDATE SM_FIELD_DEF SET JP_TITLE = 'Supplier Spec', US_TITLE = 'Supplier Spec' WHERE TABLE_ID = 'TBLID_BPROD' AND FIELD_NAME = 'supplier_spec';
UPDATE SM_FIELD_DEF SET JP_TITLE = 'Supplier Part', US_TITLE = 'Supplier Part' WHERE TABLE_ID = 'TBLID_BPROD' AND FIELD_NAME = 'supplier_part';
UPDATE SM_FIELD_DEF SET JP_TITLE = '客先名称(英語)', US_TITLE = '客户英文名称' WHERE TABLE_ID = 'TBLID_BPROD' AND FIELD_NAME = 'customer_name_en';
UPDATE SM_FIELD_DEF SET JP_TITLE = 'ﾏﾃﾘｱﾙID', US_TITLE = '物料编码' WHERE TABLE_ID = 'TBLID_BPROD' AND FIELD_NAME = 'material_id';
UPDATE SM_FIELD_DEF SET JP_TITLE = '自定義組合01', US_TITLE = '自定义组合01' WHERE TABLE_ID = 'TBLID_BPROD' AND FIELD_NAME = 'self_def_01';
UPDATE SM_FIELD_DEF SET JP_TITLE = '自定義組合02', US_TITLE = '自定义组合02' WHERE TABLE_ID = 'TBLID_BPROD' AND FIELD_NAME = 'self_def_02';
UPDATE SM_FIELD_DEF SET JP_TITLE = '自定義組合03', US_TITLE = '自定义组合03' WHERE TABLE_ID = 'TBLID_BPROD' AND FIELD_NAME = 'self_def_03';
UPDATE SM_FIELD_DEF SET JP_TITLE = '自定義組合04', US_TITLE = '自定义组合04' WHERE TABLE_ID = 'TBLID_BPROD' AND FIELD_NAME = 'self_def_04';
UPDATE SM_FIELD_DEF SET JP_TITLE = '自定義組合05', US_TITLE = '自定义组合05' WHERE TABLE_ID = 'TBLID_BPROD' AND FIELD_NAME = 'self_def_05';
UPDATE SM_FIELD_DEF SET JP_TITLE = '自定義組合06', US_TITLE = '自定义组合06' WHERE TABLE_ID = 'TBLID_BPROD' AND FIELD_NAME = 'self_def_06';
UPDATE SM_FIELD_DEF SET JP_TITLE = '自定義組合07', US_TITLE = '自定义组合07' WHERE TABLE_ID = 'TBLID_BPROD' AND FIELD_NAME = 'self_def_07';
UPDATE SM_FIELD_DEF SET JP_TITLE = '自定義組合08', US_TITLE = '自定义组合08' WHERE TABLE_ID = 'TBLID_BPROD' AND FIELD_NAME = 'self_def_08';
UPDATE SM_FIELD_DEF SET JP_TITLE = '自定義組合09', US_TITLE = '自定义组合09' WHERE TABLE_ID = 'TBLID_BPROD' AND FIELD_NAME = 'self_def_09';
UPDATE SM_FIELD_DEF SET JP_TITLE = '自定義組合10', US_TITLE = '自定义组合10' WHERE TABLE_ID = 'TBLID_BPROD' AND FIELD_NAME = 'self_def_10';
UPDATE SM_FIELD_DEF SET JP_TITLE = '自定義組合11', US_TITLE = '自定义组合11' WHERE TABLE_ID = 'TBLID_BPROD' AND FIELD_NAME = 'self_def_11';
UPDATE SM_FIELD_DEF SET JP_TITLE = '自定義組合12', US_TITLE = '自定义组合12' WHERE TABLE_ID = 'TBLID_BPROD' AND FIELD_NAME = 'self_def_12';
UPDATE SM_FIELD_DEF SET JP_TITLE = '自定義組合13', US_TITLE = '自定义组合13' WHERE TABLE_ID = 'TBLID_BPROD' AND FIELD_NAME = 'self_def_13';
UPDATE SM_FIELD_DEF SET JP_TITLE = '自定義組合14', US_TITLE = '自定义组合14' WHERE TABLE_ID = 'TBLID_BPROD' AND FIELD_NAME = 'self_def_14';
UPDATE SM_FIELD_DEF SET JP_TITLE = '自定義組合15', US_TITLE = '自定义组合15' WHERE TABLE_ID = 'TBLID_BPROD' AND FIELD_NAME = 'self_def_15';
UPDATE SM_FIELD_DEF SET JP_TITLE = '自定義組合16', US_TITLE = '自定义组合16' WHERE TABLE_ID = 'TBLID_BPROD' AND FIELD_NAME = 'self_def_16';
UPDATE SM_FIELD_DEF SET JP_TITLE = '自定義組合17', US_TITLE = '自定义组合17' WHERE TABLE_ID = 'TBLID_BPROD' AND FIELD_NAME = 'self_def_17';
UPDATE SM_FIELD_DEF SET JP_TITLE = '自定義組合18', US_TITLE = '自定义组合18' WHERE TABLE_ID = 'TBLID_BPROD' AND FIELD_NAME = 'self_def_18';
UPDATE SM_FIELD_DEF SET JP_TITLE = '自定義組合19', US_TITLE = '自定义组合19' WHERE TABLE_ID = 'TBLID_BPROD' AND FIELD_NAME = 'self_def_19';
UPDATE SM_FIELD_DEF SET JP_TITLE = '自定義組合20', US_TITLE = '自定义组合20' WHERE TABLE_ID = 'TBLID_BPROD' AND FIELD_NAME = 'self_def_20';
UPDATE SM_FIELD_DEF SET JP_TITLE = '自定義組合21', US_TITLE = '自定义组合21' WHERE TABLE_ID = 'TBLID_BPROD' AND FIELD_NAME = 'self_def_21';
UPDATE SM_FIELD_DEF SET JP_TITLE = '自定義組合22', US_TITLE = '自定义组合22' WHERE TABLE_ID = 'TBLID_BPROD' AND FIELD_NAME = 'self_def_22';
UPDATE SM_FIELD_DEF SET JP_TITLE = '自定義組合23', US_TITLE = '自定义组合23' WHERE TABLE_ID = 'TBLID_BPROD' AND FIELD_NAME = 'self_def_23';
UPDATE SM_FIELD_DEF SET JP_TITLE = '自定義組合24', US_TITLE = '自定义组合24' WHERE TABLE_ID = 'TBLID_BPROD' AND FIELD_NAME = 'self_def_24';
UPDATE SM_FIELD_DEF SET JP_TITLE = '自定義組合25', US_TITLE = '自定义组合25' WHERE TABLE_ID = 'TBLID_BPROD' AND FIELD_NAME = 'self_def_25';
UPDATE SM_FIELD_DEF SET JP_TITLE = '自定義組合26', US_TITLE = '自定义组合26' WHERE TABLE_ID = 'TBLID_BPROD' AND FIELD_NAME = 'self_def_26';
UPDATE SM_FIELD_DEF SET JP_TITLE = '自定義組合27', US_TITLE = '自定义组合27' WHERE TABLE_ID = 'TBLID_BPROD' AND FIELD_NAME = 'self_def_27';
UPDATE SM_FIELD_DEF SET JP_TITLE = '自定義組合28', US_TITLE = '自定义组合28' WHERE TABLE_ID = 'TBLID_BPROD' AND FIELD_NAME = 'self_def_28';
UPDATE SM_FIELD_DEF SET JP_TITLE = '自定義組合29', US_TITLE = '自定义组合29' WHERE TABLE_ID = 'TBLID_BPROD' AND FIELD_NAME = 'self_def_29';
UPDATE SM_FIELD_DEF SET JP_TITLE = '自定義組合30', US_TITLE = '自定义组合30' WHERE TABLE_ID = 'TBLID_BPROD' AND FIELD_NAME = 'self_def_30';
UPDATE SM_FIELD_DEF SET JP_TITLE = 'ｲﾝﾗｲﾝ/先行評価ﾛｯﾄ管理', US_TITLE = 'Il_pre_ctrl' WHERE TABLE_ID = 'TBLID_BPROD' AND FIELD_NAME = 'dummy';
UPDATE SM_FIELD_DEF SET JP_TITLE = '一般ﾊﾞｯﾁ編成', US_TITLE = 'Com_Batch' WHERE TABLE_ID = 'TBLID_BPROD' AND FIELD_NAME = 'dummy2';
UPDATE SM_FIELD_DEF SET JP_TITLE = 'BPRODCODEへのｼﾞｬﾝﾌﾟ用ﾀﾞﾐｰ', US_TITLE = 'L' WHERE TABLE_ID = 'TBLID_BPROD' AND FIELD_NAME = 'prod_code_cat';
UPDATE SM_FIELD_DEF SET JP_TITLE = 'BCODEへのｼﾞｬﾝﾌﾟ用ﾀﾞﾐｰ', US_TITLE = 'L' WHERE TABLE_ID = 'TBLID_BPROD' AND FIELD_NAME = 'code_cat';
UPDATE SM_FIELD_DEF SET JP_TITLE = '{NULL', US_TITLE = 'NULL' WHERE TABLE_ID = 'TBLID_BPROD' AND FIELD_NAME = 'NULL';
UPDATE SM_FIELD_DEF SET JP_TITLE = '{"ﾀｲﾄﾙ', US_TITLE = '英語名' WHERE TABLE_ID = 'TBLID_BPRODCODE' AND FIELD_NAME = 'ﾌｨｰﾙﾄﾞ名';
UPDATE SM_FIELD_DEF SET JP_TITLE = '{"--------------------', US_TITLE = '--------------------------------------------------------' WHERE TABLE_ID = 'TBLID_BPRODCODE' AND FIELD_NAME = '--------------------';
UPDATE SM_FIELD_DEF SET JP_TITLE = '製品ｺｰﾄﾞ･ｺｰﾄﾞ区分', US_TITLE = 'PROD_CODE_CAT' WHERE TABLE_ID = 'TBLID_BPRODCODE' AND FIELD_NAME = 'prod_code_cat';
UPDATE SM_FIELD_DEF SET JP_TITLE = '製品ｺｰﾄﾞ･ｺｰﾄﾞID', US_TITLE = 'PROD_CODE_ID' WHERE TABLE_ID = 'TBLID_BPRODCODE' AND FIELD_NAME = 'prod_code_id';
UPDATE SM_FIELD_DEF SET JP_TITLE = '製品ｺｰﾄﾞ･ｺｰﾄﾞ名称', US_TITLE = 'PROD_CODE_NAME' WHERE TABLE_ID = 'TBLID_BPRODCODE' AND FIELD_NAME = 'prod_code_name';
UPDATE SM_FIELD_DEF SET JP_TITLE = '製品ｺｰﾄﾞ･ｺｰﾄﾞ詳細', US_TITLE = 'PROD_CODE_DESC' WHERE TABLE_ID = 'TBLID_BPRODCODE' AND FIELD_NAME = 'prod_code_desc';
UPDATE SM_FIELD_DEF SET JP_TITLE = '{NULL', US_TITLE = 'NULL' WHERE TABLE_ID = 'TBLID_BPRODCODE' AND FIELD_NAME = 'NULL';
UPDATE SM_FIELD_DEF SET JP_TITLE = '{"ﾀｲﾄﾙ', US_TITLE = '英語名' WHERE TABLE_ID = 'TBLID_BRECIP_LOOKUP' AND FIELD_NAME = 'ﾌｨｰﾙﾄﾞ名';
UPDATE SM_FIELD_DEF SET JP_TITLE = '{"--------------------', US_TITLE = '--------------------------------------------------------' WHERE TABLE_ID = 'TBLID_BRECIP_LOOKUP' AND FIELD_NAME = '--------------------';
UPDATE SM_FIELD_DEF SET JP_TITLE = 'ﾙｰﾄID', US_TITLE = 'ROUTE_ID' WHERE TABLE_ID = 'TBLID_BRECIP_LOOKUP' AND FIELD_NAME = 'route_id';
UPDATE SM_FIELD_DEF SET JP_TITLE = 'ﾙｰﾄﾊﾞｰｼﾞｮﾝ', US_TITLE = 'ROUTE_VER' WHERE TABLE_ID = 'TBLID_BRECIP_LOOKUP' AND FIELD_NAME = 'route_ver';
UPDATE SM_FIELD_DEF SET JP_TITLE = '作業番号', US_TITLE = 'OPE_NO' WHERE TABLE_ID = 'TBLID_BRECIP_LOOKUP' AND FIELD_NAME = 'ope_no';
UPDATE SM_FIELD_DEF SET JP_TITLE = '製品ｺｰﾄﾞID', US_TITLE = 'PROD_ID' WHERE TABLE_ID = 'TBLID_BRECIP_LOOKUP' AND FIELD_NAME = 'prod_id';
UPDATE SM_FIELD_DEF SET JP_TITLE = '装置ID', US_TITLE = 'EQP_ID' WHERE TABLE_ID = 'TBLID_BRECIP_LOOKUP' AND FIELD_NAME = 'eqp_id';
UPDATE SM_FIELD_DEF SET JP_TITLE = '{"ﾚｼﾋﾟID', US_TITLE = 'Recip ID' WHERE TABLE_ID = 'TBLID_BRECIP_LOOKUP' AND FIELD_NAME = 'recip_id';
UPDATE SM_FIELD_DEF SET JP_TITLE = 'ﾚｼﾋﾟID', US_TITLE = 'RECIP_ID' WHERE TABLE_ID = 'TBLID_BRECIP_LOOKUP' AND FIELD_NAME = 'recip_id';
UPDATE SM_FIELD_DEF SET JP_TITLE = 'ﾏﾙﾁﾚｼﾋﾟ設定ﾃｰﾌﾞﾙ', US_TITLE = 'MultiRecip' WHERE TABLE_ID = 'TBLID_BRECIP_LOOKUP' AND FIELD_NAME = 'dummy';
UPDATE SM_FIELD_DEF SET JP_TITLE = '{NULL', US_TITLE = 'NULL' WHERE TABLE_ID = 'TBLID_BRECIP_LOOKUP' AND FIELD_NAME = 'NULL';
UPDATE SM_FIELD_DEF SET JP_TITLE = '{"ﾀｲﾄﾙ', US_TITLE = '英語名' WHERE TABLE_ID = 'TBLID_BRECIP_PRAM' AND FIELD_NAME = 'ﾌｨｰﾙﾄﾞ名';
UPDATE SM_FIELD_DEF SET JP_TITLE = '{"--------------------', US_TITLE = '--------------------------------------------------------' WHERE TABLE_ID = 'TBLID_BRECIP_PRAM' AND FIELD_NAME = '--------------------';
UPDATE SM_FIELD_DEF SET JP_TITLE = '装置ID', US_TITLE = 'EQP_ID' WHERE TABLE_ID = 'TBLID_BRECIP_PRAM' AND FIELD_NAME = 'eqp_id';
UPDATE SM_FIELD_DEF SET JP_TITLE = 'ﾚｼﾋﾟID', US_TITLE = 'RECIP_ID' WHERE TABLE_ID = 'TBLID_BRECIP_PRAM' AND FIELD_NAME = 'recip_id';
UPDATE SM_FIELD_DEF SET JP_TITLE = 'ﾚｼﾋﾟﾊﾟﾗﾒｰﾀID', US_TITLE = 'RECIP_PRAM_ID' WHERE TABLE_ID = 'TBLID_BRECIP_PRAM' AND FIELD_NAME = 'recip_pram_id';
UPDATE SM_FIELD_DEF SET JP_TITLE = 'ﾚｼﾋﾟﾊﾟﾗﾒｰﾀ名称', US_TITLE = 'RECIP_PRAM_NAME' WHERE TABLE_ID = 'TBLID_BRECIP_PRAM' AND FIELD_NAME = 'recip_pram_name';
UPDATE SM_FIELD_DEF SET JP_TITLE = 'ﾚｼﾋﾟﾊﾟﾗﾒｰﾀ詳細', US_TITLE = 'RECIP_PRAM_DESC' WHERE TABLE_ID = 'TBLID_BRECIP_PRAM' AND FIELD_NAME = 'recip_pram_desc';
UPDATE SM_FIELD_DEF SET JP_TITLE = '標準値', US_TITLE = 'STD_VAL' WHERE TABLE_ID = 'TBLID_BRECIP_PRAM' AND FIELD_NAME = 'std_val';
UPDATE SM_FIELD_DEF SET JP_TITLE = '上限値', US_TITLE = 'H_VAL' WHERE TABLE_ID = 'TBLID_BRECIP_PRAM' AND FIELD_NAME = 'h_val';
UPDATE SM_FIELD_DEF SET JP_TITLE = '下限値', US_TITLE = 'L_VAL' WHERE TABLE_ID = 'TBLID_BRECIP_PRAM' AND FIELD_NAME = 'l_val';
UPDATE SM_FIELD_DEF SET JP_TITLE = '測定単位', US_TITLE = 'MEAS_UNIT' WHERE TABLE_ID = 'TBLID_BRECIP_PRAM' AND FIELD_NAME = 'meas_unit';
UPDATE SM_FIELD_DEF SET JP_TITLE = 'BPRODCODEへのｼﾞｬﾝﾌﾟ用ﾀﾞﾐｰ', US_TITLE = 'L' WHERE TABLE_ID = 'TBLID_BRECIP_PRAM' AND FIELD_NAME = 'prod_code_cat';
UPDATE SM_FIELD_DEF SET JP_TITLE = 'BCODEへのｼﾞｬﾝﾌﾟ用ﾀﾞﾐｰ', US_TITLE = 'L' WHERE TABLE_ID = 'TBLID_BRECIP_PRAM' AND FIELD_NAME = 'code_cat';
UPDATE SM_FIELD_DEF SET JP_TITLE = '{NULL', US_TITLE = 'NULL' WHERE TABLE_ID = 'TBLID_BRECIP_PRAM' AND FIELD_NAME = 'NULL';
UPDATE SM_FIELD_DEF SET JP_TITLE = '{"ﾀｲﾄﾙ', US_TITLE = '英語名' WHERE TABLE_ID = 'TBLID_BMEAS_LOOKUP' AND FIELD_NAME = 'ﾌｨｰﾙﾄﾞ名';
UPDATE SM_FIELD_DEF SET JP_TITLE = '{"--------------------', US_TITLE = '--------------------------------------------------------' WHERE TABLE_ID = 'TBLID_BMEAS_LOOKUP' AND FIELD_NAME = '--------------------';
UPDATE SM_FIELD_DEF SET JP_TITLE = 'ﾙｰﾄID', US_TITLE = 'ROUTE_ID' WHERE TABLE_ID = 'TBLID_BMEAS_LOOKUP' AND FIELD_NAME = 'route_id';
UPDATE SM_FIELD_DEF SET JP_TITLE = 'ﾙｰﾄﾊﾞｰｼﾞｮﾝ', US_TITLE = 'ROUTE_VER' WHERE TABLE_ID = 'TBLID_BMEAS_LOOKUP' AND FIELD_NAME = 'route_ver';
UPDATE SM_FIELD_DEF SET JP_TITLE = '作業番号', US_TITLE = 'OPE_NO' WHERE TABLE_ID = 'TBLID_BMEAS_LOOKUP' AND FIELD_NAME = 'ope_no';
UPDATE SM_FIELD_DEF SET JP_TITLE = '製品ｺｰﾄﾞID', US_TITLE = 'PROD_ID' WHERE TABLE_ID = 'TBLID_BMEAS_LOOKUP' AND FIELD_NAME = 'prod_id';
UPDATE SM_FIELD_DEF SET JP_TITLE = '装置ID', US_TITLE = 'EQP_ID' WHERE TABLE_ID = 'TBLID_BMEAS_LOOKUP' AND FIELD_NAME = 'eqp_id';
UPDATE SM_FIELD_DEF SET JP_TITLE = '{"測定ID', US_TITLE = 'MEAS_ID' WHERE TABLE_ID = 'TBLID_BMEAS_LOOKUP' AND FIELD_NAME = 'meas_id';
UPDATE SM_FIELD_DEF SET JP_TITLE = '測定ID', US_TITLE = 'MEAS_ID' WHERE TABLE_ID = 'TBLID_BMEAS_LOOKUP' AND FIELD_NAME = 'meas_id';
UPDATE SM_FIELD_DEF SET JP_TITLE = '{NULL', US_TITLE = 'NULL' WHERE TABLE_ID = 'TBLID_BMEAS_LOOKUP' AND FIELD_NAME = 'NULL';
UPDATE SM_FIELD_DEF SET JP_TITLE = '{"ﾀｲﾄﾙ', US_TITLE = '英語名' WHERE TABLE_ID = 'TBLID_BMEAS_ID_ITEM' AND FIELD_NAME = 'ﾌｨｰﾙﾄﾞ名';
UPDATE SM_FIELD_DEF SET JP_TITLE = '{"--------------------', US_TITLE = '--------------------------------------------------------' WHERE TABLE_ID = 'TBLID_BMEAS_ID_ITEM' AND FIELD_NAME = '--------------------';
UPDATE SM_FIELD_DEF SET JP_TITLE = '測定ID', US_TITLE = 'MEAS_ID' WHERE TABLE_ID = 'TBLID_BMEAS_ID_ITEM' AND FIELD_NAME = 'meas_id';
UPDATE SM_FIELD_DEF SET JP_TITLE = '測定項目', US_TITLE = 'MEAS_ITEM' WHERE TABLE_ID = 'TBLID_BMEAS_ID_ITEM' AND FIELD_NAME = 'meas_item';
UPDATE SM_FIELD_DEF SET JP_TITLE = '項目ｼｰｹﾝｽ番号', US_TITLE = 'ITEM_SEQ_NO' WHERE TABLE_ID = 'TBLID_BMEAS_ID_ITEM' AND FIELD_NAME = 'item_seq_no';
UPDATE SM_FIELD_DEF SET JP_TITLE = '測定ﾃﾞｰﾀ項目ｸﾞﾙｰﾌﾟ', US_TITLE = 'MEAS_DATA_ITEMG' WHERE TABLE_ID = 'TBLID_BMEAS_ID_ITEM' AND FIELD_NAME = 'meas_data_itemg';
UPDATE SM_FIELD_DEF SET JP_TITLE = '{"測定ﾎﾟｲﾝﾄ数', US_TITLE = 'MEAS_PNT_CNT' WHERE TABLE_ID = 'TBLID_BMEAS_ID_ITEM' AND FIELD_NAME = 'meas_pnt_cnt';
UPDATE SM_FIELD_DEF SET JP_TITLE = '測定ﾎﾟｲﾝﾄ数', US_TITLE = 'MEAS_PNT_CNT' WHERE TABLE_ID = 'TBLID_BMEAS_ID_ITEM' AND FIELD_NAME = 'meas_pnt_cnt';
UPDATE SM_FIELD_DEF SET JP_TITLE = '規格ﾁｪｯｸﾌﾗｸﾞ', US_TITLE = 'STD_CHK_FLG' WHERE TABLE_ID = 'TBLID_BMEAS_ID_ITEM' AND FIELD_NAME = 'std_chk_flg';
UPDATE SM_FIELD_DEF SET JP_TITLE = '入力ﾓｰﾄﾞ', US_TITLE = 'INP_MODE' WHERE TABLE_ID = 'TBLID_BMEAS_ID_ITEM' AND FIELD_NAME = 'inp_mode';
UPDATE SM_FIELD_DEF SET JP_TITLE = '式ｺｰﾄﾞ', US_TITLE = 'CALC_CODE' WHERE TABLE_ID = 'TBLID_BMEAS_ID_ITEM' AND FIELD_NAME = 'calc_code';
UPDATE SM_FIELD_DEF SET JP_TITLE = '式ﾊﾟﾗﾒｰﾀ1', US_TITLE = 'CALC_PARM1' WHERE TABLE_ID = 'TBLID_BMEAS_ID_ITEM' AND FIELD_NAME = 'calc_parm1';
UPDATE SM_FIELD_DEF SET JP_TITLE = '式ﾊﾟﾗﾒｰﾀ2', US_TITLE = 'CALC_PARM2' WHERE TABLE_ID = 'TBLID_BMEAS_ID_ITEM' AND FIELD_NAME = 'calc_parm2';
UPDATE SM_FIELD_DEF SET JP_TITLE = '式ﾊﾟﾗﾒｰﾀ3', US_TITLE = 'CALC_PARM3' WHERE TABLE_ID = 'TBLID_BMEAS_ID_ITEM' AND FIELD_NAME = 'calc_parm3';
UPDATE SM_FIELD_DEF SET JP_TITLE = '式ﾊﾟﾗﾒｰﾀ4', US_TITLE = 'CALC_PARM4' WHERE TABLE_ID = 'TBLID_BMEAS_ID_ITEM' AND FIELD_NAME = 'calc_parm4';
UPDATE SM_FIELD_DEF SET JP_TITLE = '式ﾊﾟﾗﾒｰﾀ5', US_TITLE = 'CALC_PARM5' WHERE TABLE_ID = 'TBLID_BMEAS_ID_ITEM' AND FIELD_NAME = 'calc_parm5';
UPDATE SM_FIELD_DEF SET JP_TITLE = '式ﾊﾟﾗﾒｰﾀ6', US_TITLE = 'CALC_PARM6' WHERE TABLE_ID = 'TBLID_BMEAS_ID_ITEM' AND FIELD_NAME = 'calc_parm6';
UPDATE SM_FIELD_DEF SET JP_TITLE = '式ﾊﾟﾗﾒｰﾀ7', US_TITLE = 'CALC_PARM7' WHERE TABLE_ID = 'TBLID_BMEAS_ID_ITEM' AND FIELD_NAME = 'calc_parm7';
UPDATE SM_FIELD_DEF SET JP_TITLE = '式ﾊﾟﾗﾒｰﾀ8', US_TITLE = 'CALC_PARM8' WHERE TABLE_ID = 'TBLID_BMEAS_ID_ITEM' AND FIELD_NAME = 'calc_parm8';
UPDATE SM_FIELD_DEF SET JP_TITLE = '式ﾊﾟﾗﾒｰﾀ9', US_TITLE = 'CALC_PARM9' WHERE TABLE_ID = 'TBLID_BMEAS_ID_ITEM' AND FIELD_NAME = 'calc_parm9';
UPDATE SM_FIELD_DEF SET JP_TITLE = '{"式ﾊﾟﾗﾒｰﾀ10', US_TITLE = 'CALC_PARM10' WHERE TABLE_ID = 'TBLID_BMEAS_ID_ITEM' AND FIELD_NAME = 'calc_parm10';
UPDATE SM_FIELD_DEF SET JP_TITLE = '{"SPC送信ﾌﾗｸﾞ', US_TITLE = 'CALC_PARM10' WHERE TABLE_ID = 'TBLID_BMEAS_ID_ITEM' AND FIELD_NAME = 'calc_parm10';
UPDATE SM_FIELD_DEF SET JP_TITLE = '式ﾊﾟﾗﾒｰﾀ10', US_TITLE = 'CALC_PARM10' WHERE TABLE_ID = 'TBLID_BMEAS_ID_ITEM' AND FIELD_NAME = 'calc_parm10';
UPDATE SM_FIELD_DEF SET JP_TITLE = '関連工程ID', US_TITLE = 'REL_OPE_ID' WHERE TABLE_ID = 'TBLID_BMEAS_ID_ITEM' AND FIELD_NAME = 'rel_ope_id';
UPDATE SM_FIELD_DEF SET JP_TITLE = '総合判定対象ﾌﾗｸﾞ', US_TITLE = 'SHIP_JDG_FLG' WHERE TABLE_ID = 'TBLID_BMEAS_ID_ITEM' AND FIELD_NAME = 'ship_jdg_flg';
UPDATE SM_FIELD_DEF SET JP_TITLE = '式ﾊﾟﾗﾒｰﾀ11', US_TITLE = 'CALC_PARM11' WHERE TABLE_ID = 'TBLID_BMEAS_ID_ITEM' AND FIELD_NAME = 'calc_parm11';
UPDATE SM_FIELD_DEF SET JP_TITLE = '式ﾊﾟﾗﾒｰﾀ12', US_TITLE = 'CALC_PARM12' WHERE TABLE_ID = 'TBLID_BMEAS_ID_ITEM' AND FIELD_NAME = 'calc_parm12';
UPDATE SM_FIELD_DEF SET JP_TITLE = '式ﾊﾟﾗﾒｰﾀ13', US_TITLE = 'CALC_PARM13' WHERE TABLE_ID = 'TBLID_BMEAS_ID_ITEM' AND FIELD_NAME = 'calc_parm13';
UPDATE SM_FIELD_DEF SET JP_TITLE = '式ﾊﾟﾗﾒｰﾀ14', US_TITLE = 'CALC_PARM14' WHERE TABLE_ID = 'TBLID_BMEAS_ID_ITEM' AND FIELD_NAME = 'calc_parm14';
UPDATE SM_FIELD_DEF SET JP_TITLE = '式ﾊﾟﾗﾒｰﾀ15', US_TITLE = 'CALC_PARM15' WHERE TABLE_ID = 'TBLID_BMEAS_ID_ITEM' AND FIELD_NAME = 'calc_parm15';
UPDATE SM_FIELD_DEF SET JP_TITLE = '式ﾊﾟﾗﾒｰﾀ16', US_TITLE = 'CALC_PARM16' WHERE TABLE_ID = 'TBLID_BMEAS_ID_ITEM' AND FIELD_NAME = 'calc_parm16';
UPDATE SM_FIELD_DEF SET JP_TITLE = '式ﾊﾟﾗﾒｰﾀ17', US_TITLE = 'CALC_PARM17' WHERE TABLE_ID = 'TBLID_BMEAS_ID_ITEM' AND FIELD_NAME = 'calc_parm17';
UPDATE SM_FIELD_DEF SET JP_TITLE = '式ﾊﾟﾗﾒｰﾀ18', US_TITLE = 'CALC_PARM18' WHERE TABLE_ID = 'TBLID_BMEAS_ID_ITEM' AND FIELD_NAME = 'calc_parm18';
UPDATE SM_FIELD_DEF SET JP_TITLE = '式ﾊﾟﾗﾒｰﾀ19', US_TITLE = 'CALC_PARM19' WHERE TABLE_ID = 'TBLID_BMEAS_ID_ITEM' AND FIELD_NAME = 'calc_parm19';
UPDATE SM_FIELD_DEF SET JP_TITLE = '式ﾊﾟﾗﾒｰﾀ20', US_TITLE = 'CALC_PARM20' WHERE TABLE_ID = 'TBLID_BMEAS_ID_ITEM' AND FIELD_NAME = 'calc_parm20';
UPDATE SM_FIELD_DEF SET JP_TITLE = '{"SPC送信ﾌﾗｸﾞ', US_TITLE = 'SPC_FLG' WHERE TABLE_ID = 'TBLID_BMEAS_ID_ITEM' AND FIELD_NAME = 'spc_flg';
UPDATE SM_FIELD_DEF SET JP_TITLE = 'SPC送信ﾌﾗｸﾞ', US_TITLE = 'SPC_FLG' WHERE TABLE_ID = 'TBLID_BMEAS_ID_ITEM' AND FIELD_NAME = 'spc_flg';
UPDATE SM_FIELD_DEF SET JP_TITLE = 'BPRODCODEへのｼﾞｬﾝﾌﾟ用ﾀﾞﾐｰ', US_TITLE = 'L' WHERE TABLE_ID = 'TBLID_BMEAS_ID_ITEM' AND FIELD_NAME = 'prod_code_cat';
UPDATE SM_FIELD_DEF SET JP_TITLE = 'BCODEへのｼﾞｬﾝﾌﾟ用ﾀﾞﾐｰ', US_TITLE = 'L' WHERE TABLE_ID = 'TBLID_BMEAS_ID_ITEM' AND FIELD_NAME = 'code_cat';
UPDATE SM_FIELD_DEF SET JP_TITLE = '{NULL', US_TITLE = 'NULL' WHERE TABLE_ID = 'TBLID_BMEAS_ID_ITEM' AND FIELD_NAME = 'NULL';
UPDATE SM_FIELD_DEF SET JP_TITLE = '{"ﾀｲﾄﾙ', US_TITLE = '英語名' WHERE TABLE_ID = 'TBLID_BMEAS_PROD' AND FIELD_NAME = 'ﾌｨｰﾙﾄﾞ名';
UPDATE SM_FIELD_DEF SET JP_TITLE = '{"--------------------', US_TITLE = '--------------------------------------------------------' WHERE TABLE_ID = 'TBLID_BMEAS_PROD' AND FIELD_NAME = '--------------------';
UPDATE SM_FIELD_DEF SET JP_TITLE = '製品ｺｰﾄﾞID', US_TITLE = 'PROD_ID' WHERE TABLE_ID = 'TBLID_BMEAS_PROD' AND FIELD_NAME = 'prod_id';
UPDATE SM_FIELD_DEF SET JP_TITLE = '測定項目编码', US_TITLE = 'MEAS_ITEM_ID' WHERE TABLE_ID = 'TBLID_BMEAS_PROD' AND FIELD_NAME = 'meas_item_id';
UPDATE SM_FIELD_DEF SET JP_TITLE = '測定項目', US_TITLE = 'MEAS_ITEM' WHERE TABLE_ID = 'TBLID_BMEAS_PROD' AND FIELD_NAME = 'meas_item';
UPDATE SM_FIELD_DEF SET JP_TITLE = '测量项目备注', US_TITLE = 'MEAS_ITEM_COMMENT' WHERE TABLE_ID = 'TBLID_BMEAS_PROD' AND FIELD_NAME = 'meas_item_comment';
UPDATE SM_FIELD_DEF SET JP_TITLE = '下限値', US_TITLE = 'L_VAL' WHERE TABLE_ID = 'TBLID_BMEAS_PROD' AND FIELD_NAME = 'l_val';
UPDATE SM_FIELD_DEF SET JP_TITLE = '上限値', US_TITLE = 'H_VAL' WHERE TABLE_ID = 'TBLID_BMEAS_PROD' AND FIELD_NAME = 'h_val';
UPDATE SM_FIELD_DEF SET JP_TITLE = '異常下限値', US_TITLE = 'IRR_ L_VAL' WHERE TABLE_ID = 'TBLID_BMEAS_PROD' AND FIELD_NAME = 'irr_l_val';
UPDATE SM_FIELD_DEF SET JP_TITLE = '異常上限値', US_TITLE = 'IRR_ H_VAL' WHERE TABLE_ID = 'TBLID_BMEAS_PROD' AND FIELD_NAME = 'irr_h_val';
UPDATE SM_FIELD_DEF SET JP_TITLE = 'CofCﾃﾞｰﾀﾌﾗｸﾞ', US_TITLE = 'COFCDATA_FLG' WHERE TABLE_ID = 'TBLID_BMEAS_PROD' AND FIELD_NAME = 'cofcdata_flg';
UPDATE SM_FIELD_DEF SET JP_TITLE = '検査ﾚｼﾋﾟID', US_TITLE = 'INSP_RECIP_ID' WHERE TABLE_ID = 'TBLID_BMEAS_PROD' AND FIELD_NAME = 'insp_recip_id';
UPDATE SM_FIELD_DEF SET JP_TITLE = 'CofCﾃﾞｰﾀ工程内検査ﾌﾗｸﾞ', US_TITLE = 'COFCDATA_MEAS_JDG_FLG' WHERE TABLE_ID = 'TBLID_BMEAS_PROD' AND FIELD_NAME = 'cofcdata_meas_jdg_flg';
UPDATE SM_FIELD_DEF SET JP_TITLE = 'ｱｸｼｮﾝ区分', US_TITLE = 'ACTION_FLG' WHERE TABLE_ID = 'TBLID_BMEAS_PROD' AND FIELD_NAME = 'action_flg';
UPDATE SM_FIELD_DEF SET JP_TITLE = 'ﾒｰﾙ', US_TITLE = 'MAIL' WHERE TABLE_ID = 'TBLID_BMEAS_PROD' AND FIELD_NAME = 'action_flg1';
UPDATE SM_FIELD_DEF SET JP_TITLE = 'ﾛｯﾄﾎｰﾙﾄﾞ', US_TITLE = 'Lot Hold' WHERE TABLE_ID = 'TBLID_BMEAS_PROD' AND FIELD_NAME = 'action_flg2';
UPDATE SM_FIELD_DEF SET JP_TITLE = '装置ﾎｰﾙﾄﾞ', US_TITLE = 'Equipment Hold' WHERE TABLE_ID = 'TBLID_BMEAS_PROD' AND FIELD_NAME = 'action_flg3';
UPDATE SM_FIELD_DEF SET JP_TITLE = 'ｱｸｼｮﾝﾌﾗｸﾞ4', US_TITLE = 'ACTION FLG 4' WHERE TABLE_ID = 'TBLID_BMEAS_PROD' AND FIELD_NAME = 'action_flg4';
UPDATE SM_FIELD_DEF SET JP_TITLE = 'ｱｸｼｮﾝﾌﾗｸﾞ5', US_TITLE = 'ACTION FLG 5' WHERE TABLE_ID = 'TBLID_BMEAS_PROD' AND FIELD_NAME = 'action_flg5';
UPDATE SM_FIELD_DEF SET JP_TITLE = 'ｱｸｼｮﾝﾌﾗｸﾞ6', US_TITLE = 'ACTION FLG 6' WHERE TABLE_ID = 'TBLID_BMEAS_PROD' AND FIELD_NAME = 'action_flg6';
UPDATE SM_FIELD_DEF SET JP_TITLE = 'ｱｸｼｮﾝﾌﾗｸﾞ7', US_TITLE = 'ACTION FLG 7' WHERE TABLE_ID = 'TBLID_BMEAS_PROD' AND FIELD_NAME = 'action_flg7';
UPDATE SM_FIELD_DEF SET JP_TITLE = 'ｱｸｼｮﾝﾌﾗｸﾞ8', US_TITLE = 'ACTION FLG 8' WHERE TABLE_ID = 'TBLID_BMEAS_PROD' AND FIELD_NAME = 'action_flg8';
UPDATE SM_FIELD_DEF SET JP_TITLE = 'ｱｸｼｮﾝﾌﾗｸﾞ9', US_TITLE = 'ACTION FLG 9' WHERE TABLE_ID = 'TBLID_BMEAS_PROD' AND FIELD_NAME = 'action_flg9';
UPDATE SM_FIELD_DEF SET JP_TITLE = 'ｱｸｼｮﾝﾌﾗｸﾞ10', US_TITLE = 'ACTION FLG 10' WHERE TABLE_ID = 'TBLID_BMEAS_PROD' AND FIELD_NAME = 'action_flg10';
UPDATE SM_FIELD_DEF SET JP_TITLE = 'ｱｸｼｮﾝﾌﾗｸﾞ11', US_TITLE = 'ACTION FLG 11' WHERE TABLE_ID = 'TBLID_BMEAS_PROD' AND FIELD_NAME = 'action_flg11';
UPDATE SM_FIELD_DEF SET JP_TITLE = 'ｱｸｼｮﾝﾌﾗｸﾞ12', US_TITLE = 'ACTION FLG 12' WHERE TABLE_ID = 'TBLID_BMEAS_PROD' AND FIELD_NAME = 'action_flg12';
UPDATE SM_FIELD_DEF SET JP_TITLE = 'ｱｸｼｮﾝﾌﾗｸﾞ13', US_TITLE = 'ACTION FLG 13' WHERE TABLE_ID = 'TBLID_BMEAS_PROD' AND FIELD_NAME = 'action_flg13';
UPDATE SM_FIELD_DEF SET JP_TITLE = 'ｱｸｼｮﾝﾌﾗｸﾞ14', US_TITLE = 'ACTION FLG 14' WHERE TABLE_ID = 'TBLID_BMEAS_PROD' AND FIELD_NAME = 'action_flg14';
UPDATE SM_FIELD_DEF SET JP_TITLE = 'ｱｸｼｮﾝﾌﾗｸﾞ15', US_TITLE = 'ACTION FLG 15' WHERE TABLE_ID = 'TBLID_BMEAS_PROD' AND FIELD_NAME = 'action_flg15';
UPDATE SM_FIELD_DEF SET JP_TITLE = 'ｱｸｼｮﾝﾌﾗｸﾞ16', US_TITLE = 'ACTION FLG 16' WHERE TABLE_ID = 'TBLID_BMEAS_PROD' AND FIELD_NAME = 'action_flg16';
UPDATE SM_FIELD_DEF SET JP_TITLE = 'ｱｸｼｮﾝﾌﾗｸﾞ17', US_TITLE = 'ACTION FLG 17' WHERE TABLE_ID = 'TBLID_BMEAS_PROD' AND FIELD_NAME = 'action_flg17';
UPDATE SM_FIELD_DEF SET JP_TITLE = 'ｱｸｼｮﾝﾌﾗｸﾞ18', US_TITLE = 'ACTION FLG 18' WHERE TABLE_ID = 'TBLID_BMEAS_PROD' AND FIELD_NAME = 'action_flg18';
UPDATE SM_FIELD_DEF SET JP_TITLE = 'ｱｸｼｮﾝﾌﾗｸﾞ19', US_TITLE = 'ACTION FLG 19' WHERE TABLE_ID = 'TBLID_BMEAS_PROD' AND FIELD_NAME = 'action_flg19';
UPDATE SM_FIELD_DEF SET JP_TITLE = 'ｱｸｼｮﾝﾌﾗｸﾞ20', US_TITLE = 'ACTION FLG 20' WHERE TABLE_ID = 'TBLID_BMEAS_PROD' AND FIELD_NAME = 'action_flg20';
UPDATE SM_FIELD_DEF SET JP_TITLE = 'ｱｸｼｮﾝﾌﾗｸﾞ21', US_TITLE = 'ACTION FLG 21' WHERE TABLE_ID = 'TBLID_BMEAS_PROD' AND FIELD_NAME = 'action_flg21';
UPDATE SM_FIELD_DEF SET JP_TITLE = 'ｱｸｼｮﾝﾌﾗｸﾞ22', US_TITLE = 'ACTION FLG 22' WHERE TABLE_ID = 'TBLID_BMEAS_PROD' AND FIELD_NAME = 'action_flg22';
UPDATE SM_FIELD_DEF SET JP_TITLE = 'ｱｸｼｮﾝﾌﾗｸﾞ23', US_TITLE = 'ACTION FLG 23' WHERE TABLE_ID = 'TBLID_BMEAS_PROD' AND FIELD_NAME = 'action_flg23';
UPDATE SM_FIELD_DEF SET JP_TITLE = 'ｱｸｼｮﾝﾌﾗｸﾞ24', US_TITLE = 'ACTION FLG 24' WHERE TABLE_ID = 'TBLID_BMEAS_PROD' AND FIELD_NAME = 'action_flg24';
UPDATE SM_FIELD_DEF SET JP_TITLE = 'ｱｸｼｮﾝﾌﾗｸﾞ25', US_TITLE = 'ACTION FLG 25' WHERE TABLE_ID = 'TBLID_BMEAS_PROD' AND FIELD_NAME = 'action_flg25';
UPDATE SM_FIELD_DEF SET JP_TITLE = 'ｱｸｼｮﾝﾌﾗｸﾞ26', US_TITLE = 'ACTION FLG 26' WHERE TABLE_ID = 'TBLID_BMEAS_PROD' AND FIELD_NAME = 'action_flg26';
UPDATE SM_FIELD_DEF SET JP_TITLE = 'ｱｸｼｮﾝﾌﾗｸﾞ27', US_TITLE = 'ACTION FLG 27' WHERE TABLE_ID = 'TBLID_BMEAS_PROD' AND FIELD_NAME = 'action_flg27';
UPDATE SM_FIELD_DEF SET JP_TITLE = 'ｱｸｼｮﾝﾌﾗｸﾞ28', US_TITLE = 'ACTION FLG 28' WHERE TABLE_ID = 'TBLID_BMEAS_PROD' AND FIELD_NAME = 'action_flg28';
UPDATE SM_FIELD_DEF SET JP_TITLE = 'ｱｸｼｮﾝﾌﾗｸﾞ29', US_TITLE = 'ACTION FLG 29' WHERE TABLE_ID = 'TBLID_BMEAS_PROD' AND FIELD_NAME = 'action_flg29';
UPDATE SM_FIELD_DEF SET JP_TITLE = 'ｱｸｼｮﾝﾌﾗｸﾞ30', US_TITLE = 'ACTION FLG 30' WHERE TABLE_ID = 'TBLID_BMEAS_PROD' AND FIELD_NAME = 'action_flg30';
UPDATE SM_FIELD_DEF SET JP_TITLE = '{NULL', US_TITLE = 'NULL' WHERE TABLE_ID = 'TBLID_BMEAS_PROD' AND FIELD_NAME = 'NULL';
UPDATE SM_FIELD_DEF SET JP_TITLE = '{"ﾀｲﾄﾙ', US_TITLE = '英語名' WHERE TABLE_ID = 'TBLID_BPROCDATA_LOOKUP' AND FIELD_NAME = 'ﾌｨｰﾙﾄﾞ名';
UPDATE SM_FIELD_DEF SET JP_TITLE = '{"--------------------', US_TITLE = '--------------------------------------------------------' WHERE TABLE_ID = 'TBLID_BPROCDATA_LOOKUP' AND FIELD_NAME = '--------------------';
UPDATE SM_FIELD_DEF SET JP_TITLE = 'ﾙｰﾄID', US_TITLE = 'ROUTE_ID' WHERE TABLE_ID = 'TBLID_BPROCDATA_LOOKUP' AND FIELD_NAME = 'route_id';
UPDATE SM_FIELD_DEF SET JP_TITLE = 'ﾙｰﾄﾊﾞｰｼﾞｮﾝ', US_TITLE = 'ROUTE_VER' WHERE TABLE_ID = 'TBLID_BPROCDATA_LOOKUP' AND FIELD_NAME = 'route_ver';
UPDATE SM_FIELD_DEF SET JP_TITLE = '作業番号', US_TITLE = 'OPE_NO' WHERE TABLE_ID = 'TBLID_BPROCDATA_LOOKUP' AND FIELD_NAME = 'ope_no';
UPDATE SM_FIELD_DEF SET JP_TITLE = '製品ｺｰﾄﾞID', US_TITLE = 'PROD_ID' WHERE TABLE_ID = 'TBLID_BPROCDATA_LOOKUP' AND FIELD_NAME = 'prod_id';
UPDATE SM_FIELD_DEF SET JP_TITLE = '装置ID', US_TITLE = 'EQP_ID' WHERE TABLE_ID = 'TBLID_BPROCDATA_LOOKUP' AND FIELD_NAME = 'eqp_id';
UPDATE SM_FIELD_DEF SET JP_TITLE = 'ﾌﾟﾛｾｽﾃﾞｰﾀID', US_TITLE = 'PROCDATA_ID' WHERE TABLE_ID = 'TBLID_BPROCDATA_LOOKUP' AND FIELD_NAME = 'procdata_id';
UPDATE SM_FIELD_DEF SET JP_TITLE = '{NULL', US_TITLE = 'NULL' WHERE TABLE_ID = 'TBLID_BPROCDATA_LOOKUP' AND FIELD_NAME = 'NULL';
UPDATE SM_FIELD_DEF SET JP_TITLE = '{"ﾀｲﾄﾙ', US_TITLE = '英語名' WHERE TABLE_ID = 'TBLID_BPROCDATA_ID_ITEM' AND FIELD_NAME = 'ﾌｨｰﾙﾄﾞ名';
UPDATE SM_FIELD_DEF SET JP_TITLE = '{"--------------------', US_TITLE = '--------------------------------------------------------' WHERE TABLE_ID = 'TBLID_BPROCDATA_ID_ITEM' AND FIELD_NAME = '--------------------';
UPDATE SM_FIELD_DEF SET JP_TITLE = 'ﾌﾟﾛｾｽﾃﾞｰﾀID', US_TITLE = 'PROCDATA_ID' WHERE TABLE_ID = 'TBLID_BPROCDATA_ID_ITEM' AND FIELD_NAME = 'procdata_id';
UPDATE SM_FIELD_DEF SET JP_TITLE = 'ﾌﾟﾛｾｽﾃﾞｰﾀ項目', US_TITLE = 'PROCDATA_ITEM' WHERE TABLE_ID = 'TBLID_BPROCDATA_ID_ITEM' AND FIELD_NAME = 'procdata_item';
UPDATE SM_FIELD_DEF SET JP_TITLE = '項目ｼｰｹﾝｽ番号', US_TITLE = 'ITEM_SEQ_NO' WHERE TABLE_ID = 'TBLID_BPROCDATA_ID_ITEM' AND FIELD_NAME = 'item_seq_no';
UPDATE SM_FIELD_DEF SET JP_TITLE = 'ﾌﾟﾛｾｽ単位', US_TITLE = 'PROC_UNIT' WHERE TABLE_ID = 'TBLID_BPROCDATA_ID_ITEM' AND FIELD_NAME = 'proc_unit';
UPDATE SM_FIELD_DEF SET JP_TITLE = '入力ﾓｰﾄﾞ', US_TITLE = 'INP_MODE' WHERE TABLE_ID = 'TBLID_BPROCDATA_ID_ITEM' AND FIELD_NAME = 'inp_mode';
UPDATE SM_FIELD_DEF SET JP_TITLE = '式ｺｰﾄﾞ', US_TITLE = 'CALC_CODE' WHERE TABLE_ID = 'TBLID_BPROCDATA_ID_ITEM' AND FIELD_NAME = 'calc_code';
UPDATE SM_FIELD_DEF SET JP_TITLE = '式ﾊﾟﾗﾒｰﾀ1', US_TITLE = 'CALC_PARM1' WHERE TABLE_ID = 'TBLID_BPROCDATA_ID_ITEM' AND FIELD_NAME = 'calc_parm1';
UPDATE SM_FIELD_DEF SET JP_TITLE = '式ﾊﾟﾗﾒｰﾀ2', US_TITLE = 'CALC_PARM2' WHERE TABLE_ID = 'TBLID_BPROCDATA_ID_ITEM' AND FIELD_NAME = 'calc_parm2';
UPDATE SM_FIELD_DEF SET JP_TITLE = '式ﾊﾟﾗﾒｰﾀ3', US_TITLE = 'CALC_PARM3' WHERE TABLE_ID = 'TBLID_BPROCDATA_ID_ITEM' AND FIELD_NAME = 'calc_parm3';
UPDATE SM_FIELD_DEF SET JP_TITLE = '式ﾊﾟﾗﾒｰﾀ4', US_TITLE = 'CALC_PARM4' WHERE TABLE_ID = 'TBLID_BPROCDATA_ID_ITEM' AND FIELD_NAME = 'calc_parm4';
UPDATE SM_FIELD_DEF SET JP_TITLE = '式ﾊﾟﾗﾒｰﾀ5', US_TITLE = 'CALC_PARM5' WHERE TABLE_ID = 'TBLID_BPROCDATA_ID_ITEM' AND FIELD_NAME = 'calc_parm5';
UPDATE SM_FIELD_DEF SET JP_TITLE = '式ﾊﾟﾗﾒｰﾀ6', US_TITLE = 'CALC_PARM6' WHERE TABLE_ID = 'TBLID_BPROCDATA_ID_ITEM' AND FIELD_NAME = 'calc_parm6';
UPDATE SM_FIELD_DEF SET JP_TITLE = '式ﾊﾟﾗﾒｰﾀ7', US_TITLE = 'CALC_PARM7' WHERE TABLE_ID = 'TBLID_BPROCDATA_ID_ITEM' AND FIELD_NAME = 'calc_parm7';
UPDATE SM_FIELD_DEF SET JP_TITLE = '式ﾊﾟﾗﾒｰﾀ8', US_TITLE = 'CALC_PARM8' WHERE TABLE_ID = 'TBLID_BPROCDATA_ID_ITEM' AND FIELD_NAME = 'calc_parm8';
UPDATE SM_FIELD_DEF SET JP_TITLE = '式ﾊﾟﾗﾒｰﾀ9', US_TITLE = 'CALC_PARM9' WHERE TABLE_ID = 'TBLID_BPROCDATA_ID_ITEM' AND FIELD_NAME = 'calc_parm9';
UPDATE SM_FIELD_DEF SET JP_TITLE = '{"式ﾊﾟﾗﾒｰﾀ10', US_TITLE = 'CALC_PARM10' WHERE TABLE_ID = 'TBLID_BPROCDATA_ID_ITEM' AND FIELD_NAME = 'calc_parm10';
UPDATE SM_FIELD_DEF SET JP_TITLE = '{"SPC送信ﾌﾗｸﾞ', US_TITLE = 'CALC_PARM10' WHERE TABLE_ID = 'TBLID_BPROCDATA_ID_ITEM' AND FIELD_NAME = 'calc_parm10';
UPDATE SM_FIELD_DEF SET JP_TITLE = '式ﾊﾟﾗﾒｰﾀ10', US_TITLE = 'CALC_PARM10' WHERE TABLE_ID = 'TBLID_BPROCDATA_ID_ITEM' AND FIELD_NAME = 'calc_parm10';
UPDATE SM_FIELD_DEF SET JP_TITLE = '{"SPC送信ﾌﾗｸﾞ', US_TITLE = 'SPC_FLG' WHERE TABLE_ID = 'TBLID_BPROCDATA_ID_ITEM' AND FIELD_NAME = 'spc_flg';
UPDATE SM_FIELD_DEF SET JP_TITLE = 'SPC送信ﾌﾗｸﾞ', US_TITLE = 'SPC_FLG' WHERE TABLE_ID = 'TBLID_BPROCDATA_ID_ITEM' AND FIELD_NAME = 'spc_flg';
UPDATE SM_FIELD_DEF SET JP_TITLE = '{NULL', US_TITLE = 'NULL' WHERE TABLE_ID = 'TBLID_BPROCDATA_ID_ITEM' AND FIELD_NAME = 'NULL';
UPDATE SM_FIELD_DEF SET JP_TITLE = '{"ﾀｲﾄﾙ', US_TITLE = '英語名' WHERE TABLE_ID = 'TBLID_BEQP' AND FIELD_NAME = 'ﾌｨｰﾙﾄﾞ名';
UPDATE SM_FIELD_DEF SET JP_TITLE = '{"--------------------', US_TITLE = '--------------------------------------------------------' WHERE TABLE_ID = 'TBLID_BEQP' AND FIELD_NAME = '--------------------';
UPDATE SM_FIELD_DEF SET JP_TITLE = '装置ID', US_TITLE = 'EQP_ID' WHERE TABLE_ID = 'TBLID_BEQP' AND FIELD_NAME = 'eqp_id';
UPDATE SM_FIELD_DEF SET JP_TITLE = '装置名称', US_TITLE = 'EQP_NAME' WHERE TABLE_ID = 'TBLID_BEQP' AND FIELD_NAME = 'eqp_name';
UPDATE SM_FIELD_DEF SET JP_TITLE = '装置詳細', US_TITLE = 'EQP_DESC' WHERE TABLE_ID = 'TBLID_BEQP' AND FIELD_NAME = 'eqp_desc';
UPDATE SM_FIELD_DEF SET JP_TITLE = '装置区分', US_TITLE = 'EQP_CAT' WHERE TABLE_ID = 'TBLID_BEQP' AND FIELD_NAME = 'eqp_cat';
UPDATE SM_FIELD_DEF SET JP_TITLE = '装置ﾌﾟﾛﾊﾟﾃｨ', US_TITLE = 'EQP_PROPERTY' WHERE TABLE_ID = 'TBLID_BEQP' AND FIELD_NAME = 'eqp_property';
UPDATE SM_FIELD_DEF SET JP_TITLE = '装置ﾓｰﾄﾞ1', US_TITLE = 'EQP_MODE1' WHERE TABLE_ID = 'TBLID_BEQP' AND FIELD_NAME = 'eqp_mode1';
UPDATE SM_FIELD_DEF SET JP_TITLE = '装置ﾓｰﾄﾞ2', US_TITLE = 'EQP_MODE2' WHERE TABLE_ID = 'TBLID_BEQP' AND FIELD_NAME = 'eqp_mode2';
UPDATE SM_FIELD_DEF SET JP_TITLE = '装置ﾓｰﾄﾞ3', US_TITLE = 'EQP_MODE3' WHERE TABLE_ID = 'TBLID_BEQP' AND FIELD_NAME = 'eqp_mode3';
UPDATE SM_FIELD_DEF SET JP_TITLE = '装置ﾓｰﾄﾞ4', US_TITLE = 'EQP_MODE4' WHERE TABLE_ID = 'TBLID_BEQP' AND FIELD_NAME = 'eqp_mode4';
UPDATE SM_FIELD_DEF SET JP_TITLE = '装置ﾓｰﾄﾞ5', US_TITLE = 'EQP_MODE5' WHERE TABLE_ID = 'TBLID_BEQP' AND FIELD_NAME = 'eqp_mode5';
UPDATE SM_FIELD_DEF SET JP_TITLE = '装置ﾓｰﾄﾞ6', US_TITLE = 'EQP_MODE6' WHERE TABLE_ID = 'TBLID_BEQP' AND FIELD_NAME = 'eqp_mode6';
UPDATE SM_FIELD_DEF SET JP_TITLE = '装置ﾓｰﾄﾞ7', US_TITLE = 'EQP_MODE7' WHERE TABLE_ID = 'TBLID_BEQP' AND FIELD_NAME = 'eqp_mode7';
UPDATE SM_FIELD_DEF SET JP_TITLE = '装置ﾓｰﾄﾞ8', US_TITLE = 'EQP_MODE8' WHERE TABLE_ID = 'TBLID_BEQP' AND FIELD_NAME = 'eqp_mode8';
UPDATE SM_FIELD_DEF SET JP_TITLE = '装置ﾓｰﾄﾞ9', US_TITLE = 'EQP_MODE9' WHERE TABLE_ID = 'TBLID_BEQP' AND FIELD_NAME = 'eqp_mode9';
UPDATE SM_FIELD_DEF SET JP_TITLE = '装置ﾓｰﾄﾞ10', US_TITLE = 'EQP_MODE10' WHERE TABLE_ID = 'TBLID_BEQP' AND FIELD_NAME = 'eqp_mode10';
UPDATE SM_FIELD_DEF SET JP_TITLE = '手動ﾛｯﾄ選択ﾓｰﾄﾞ', US_TITLE = 'WHAT_NEXT_MODE' WHERE TABLE_ID = 'TBLID_BEQP' AND FIELD_NAME = 'what_next_mode';
UPDATE SM_FIELD_DEF SET JP_TITLE = 'ECSﾘｿｰｽ名称', US_TITLE = 'ECS_RESRC_NAME' WHERE TABLE_ID = 'TBLID_BEQP' AND FIELD_NAME = 'ecs_resrc_name';
UPDATE SM_FIELD_DEF SET JP_TITLE = 'ﾛｯﾄ選択規則1', US_TITLE = 'LOT_SEL_RULE1' WHERE TABLE_ID = 'TBLID_BEQP' AND FIELD_NAME = 'lot_sel_rule1';
UPDATE SM_FIELD_DEF SET JP_TITLE = 'ﾛｯﾄ選択規則2', US_TITLE = 'LOT_SEL_RULE2' WHERE TABLE_ID = 'TBLID_BEQP' AND FIELD_NAME = 'lot_sel_rule2';
UPDATE SM_FIELD_DEF SET JP_TITLE = 'ﾛｯﾄ選択規則3', US_TITLE = 'LOT_SEL_RULE3' WHERE TABLE_ID = 'TBLID_BEQP' AND FIELD_NAME = 'lot_sel_rule3';
UPDATE SM_FIELD_DEF SET JP_TITLE = 'ﾛｯﾄ選択規則4', US_TITLE = 'LOT_SEL_RULE4' WHERE TABLE_ID = 'TBLID_BEQP' AND FIELD_NAME = 'lot_sel_rule4';
UPDATE SM_FIELD_DEF SET JP_TITLE = 'ｷｬﾘｱ使用回数更新ﾌﾗｸﾞ', US_TITLE = 'PM_FLG' WHERE TABLE_ID = 'TBLID_BEQP' AND FIELD_NAME = 'pm_flg';
UPDATE SM_FIELD_DEF SET JP_TITLE = 'FabID', US_TITLE = 'FAB_ID' WHERE TABLE_ID = 'TBLID_BEQP' AND FIELD_NAME = 'fab_id';
UPDATE SM_FIELD_DEF SET JP_TITLE = 'ﾗｲﾝID', US_TITLE = 'LINE_ID' WHERE TABLE_ID = 'TBLID_BEQP' AND FIELD_NAME = 'line_id';
UPDATE SM_FIELD_DEF SET JP_TITLE = 'ﾜｰｸﾌﾟﾚｰﾄﾀｲﾌﾟ', US_TITLE = 'WRK_PLATE_TYPE' WHERE TABLE_ID = 'TBLID_BEQP' AND FIELD_NAME = 'wrk_plate_type';
UPDATE SM_FIELD_DEF SET JP_TITLE = '砥粒装置', US_TITLE = 'GRAND_EQP' WHERE TABLE_ID = 'TBLID_BEQP' AND FIELD_NAME = 'grand_eqp';
UPDATE SM_FIELD_DEF SET JP_TITLE = 'DSPｴﾘｱID', US_TITLE = 'DSP_AREA' WHERE TABLE_ID = 'TBLID_BEQP' AND FIELD_NAME = 'dsp_area';
UPDATE SM_FIELD_DEF SET JP_TITLE = '{"装置･ﾏﾃﾘｱﾙ関連ﾃｰﾌﾞﾙ', US_TITLE = 'Eqp_Mtl' WHERE TABLE_ID = 'TBLID_BEQP' AND FIELD_NAME = 'dummy';
UPDATE SM_FIELD_DEF SET JP_TITLE = '不良割合(枚数)', US_TITLE = 'RP_RATE' WHERE TABLE_ID = 'TBLID_BEQP' AND FIELD_NAME = 'rp_rate';
UPDATE SM_FIELD_DEF SET JP_TITLE = '装置･ﾏﾃﾘｱﾙ関連ﾃｰﾌﾞﾙ', US_TITLE = 'Eqp_Mtl' WHERE TABLE_ID = 'TBLID_BEQP' AND FIELD_NAME = 'dummy';
UPDATE SM_FIELD_DEF SET JP_TITLE = 'ﾗｲﾝ数', US_TITLE = 'LINE_CNT' WHERE TABLE_ID = 'TBLID_BEQP' AND FIELD_NAME = 'line_cnt';
UPDATE SM_FIELD_DEF SET JP_TITLE = 'ﾕﾆｯﾄ数', US_TITLE = 'UNIT_CNT' WHERE TABLE_ID = 'TBLID_BEQP' AND FIELD_NAME = 'unit_cnt';
UPDATE SM_FIELD_DEF SET JP_TITLE = 'MCSﾘｿｰｽ名称', US_TITLE = 'MCS_RESRC_NAME' WHERE TABLE_ID = 'TBLID_BEQP' AND FIELD_NAME = 'mcs_resrc_name';
UPDATE SM_FIELD_DEF SET JP_TITLE = 'ULRQ待ち時間', US_TITLE = 'ULRQ_WAIT_TIME' WHERE TABLE_ID = 'TBLID_BEQP' AND FIELD_NAME = 'ulrq_wait_time';
UPDATE SM_FIELD_DEF SET JP_TITLE = '{NULL', US_TITLE = 'NULL' WHERE TABLE_ID = 'TBLID_BEQP' AND FIELD_NAME = 'NULL';
UPDATE SM_FIELD_DEF SET JP_TITLE = '{"ﾀｲﾄﾙ', US_TITLE = '英語名' WHERE TABLE_ID = 'TBLID_BSTK' AND FIELD_NAME = 'ﾌｨｰﾙﾄﾞ名';
UPDATE SM_FIELD_DEF SET JP_TITLE = '{"--------------------', US_TITLE = '--------------------------------------------------------' WHERE TABLE_ID = 'TBLID_BSTK' AND FIELD_NAME = '--------------------';
UPDATE SM_FIELD_DEF SET JP_TITLE = 'ｽﾄｯｶｰID', US_TITLE = 'STK_ID' WHERE TABLE_ID = 'TBLID_BSTK' AND FIELD_NAME = 'stk_id';
UPDATE SM_FIELD_DEF SET JP_TITLE = 'ｽﾄｯｶｰ名称', US_TITLE = 'STK_NAME' WHERE TABLE_ID = 'TBLID_BSTK' AND FIELD_NAME = 'stk_name';
UPDATE SM_FIELD_DEF SET JP_TITLE = 'ｽﾄｯｶｰ詳細', US_TITLE = 'STK_DESC' WHERE TABLE_ID = 'TBLID_BSTK' AND FIELD_NAME = 'stk_desc';
UPDATE SM_FIELD_DEF SET JP_TITLE = 'ｶｾｯﾄﾀｲﾌﾟ', US_TITLE = 'CAR_TYPE' WHERE TABLE_ID = 'TBLID_BSTK' AND FIELD_NAME = 'car_type';
UPDATE SM_FIELD_DEF SET JP_TITLE = '{"総棚数', US_TITLE = 'TOTAL_CELL_CNT' WHERE TABLE_ID = 'TBLID_BSTK' AND FIELD_NAME = 'total_cell_cnt';
UPDATE SM_FIELD_DEF SET JP_TITLE = '{"容量限度', US_TITLE = 'CAPA_LIMIT' WHERE TABLE_ID = 'TBLID_BSTK' AND FIELD_NAME = 'capa_limit';
UPDATE SM_FIELD_DEF SET JP_TITLE = '総棚数', US_TITLE = 'TOTAL_CELL_CNT' WHERE TABLE_ID = 'TBLID_BSTK' AND FIELD_NAME = 'total_cell_cnt';
UPDATE SM_FIELD_DEF SET JP_TITLE = '容量限度', US_TITLE = 'CAPA_LIMIT' WHERE TABLE_ID = 'TBLID_BSTK' AND FIELD_NAME = 'capa_limit';
UPDATE SM_FIELD_DEF SET JP_TITLE = '{"空ｷｬﾘｱ最低保有数', US_TITLE = 'EMPTY_CAR_MIN_STOCNT' WHERE TABLE_ID = 'TBLID_BSTK' AND FIELD_NAME = 'empty_car_min_stocnt';
UPDATE SM_FIELD_DEF SET JP_TITLE = '{"空ｷｬﾘｱ標準保有数', US_TITLE = 'EMPTY_CAR_STD_STOCNT' WHERE TABLE_ID = 'TBLID_BSTK' AND FIELD_NAME = 'empty_car_std_stocnt';
UPDATE SM_FIELD_DEF SET JP_TITLE = '{"空ｷｬﾘｱ要求拒否数', US_TITLE = 'EMPTY_CAR_REQ_RECNT' WHERE TABLE_ID = 'TBLID_BSTK' AND FIELD_NAME = 'empty_car_req_recnt';
UPDATE SM_FIELD_DEF SET JP_TITLE = 'MCSﾘｿｰｽ名称', US_TITLE = 'MCS_RESRC_NAME' WHERE TABLE_ID = 'TBLID_BSTK' AND FIELD_NAME = 'mcs_resrc_name';
UPDATE SM_FIELD_DEF SET JP_TITLE = 'FabID', US_TITLE = 'FAB_ID' WHERE TABLE_ID = 'TBLID_BSTK' AND FIELD_NAME = 'fab_id';
UPDATE SM_FIELD_DEF SET JP_TITLE = '{"空ｶｾｯﾄ最低保有数', US_TITLE = 'EMPTY_CAR_MIN_STOCNT' WHERE TABLE_ID = 'TBLID_BSTK' AND FIELD_NAME = 'empty_car_min_stocnt';
UPDATE SM_FIELD_DEF SET JP_TITLE = '{"空ｶｾｯﾄ標準保有数', US_TITLE = 'EMPTY_CAR_STD_STOCNT' WHERE TABLE_ID = 'TBLID_BSTK' AND FIELD_NAME = 'empty_car_std_stocnt';
UPDATE SM_FIELD_DEF SET JP_TITLE = '{"空ｶｾｯﾄ要求拒否数', US_TITLE = 'EMPTY_CAR_REQ_RECNT' WHERE TABLE_ID = 'TBLID_BSTK' AND FIELD_NAME = 'empty_car_req_recnt';
UPDATE SM_FIELD_DEF SET JP_TITLE = '空ｶｾｯﾄ最低保有数', US_TITLE = 'EMPTY_CAR_MIN_STOCNT' WHERE TABLE_ID = 'TBLID_BSTK' AND FIELD_NAME = 'empty_car_min_stocnt';
UPDATE SM_FIELD_DEF SET JP_TITLE = '空ｶｾｯﾄ標準保有数', US_TITLE = 'EMPTY_CAR_STD_STOCNT' WHERE TABLE_ID = 'TBLID_BSTK' AND FIELD_NAME = 'empty_car_std_stocnt';
UPDATE SM_FIELD_DEF SET JP_TITLE = '空ｶｾｯﾄ要求拒否数', US_TITLE = 'EMPTY_CAR_REQ_RECNT' WHERE TABLE_ID = 'TBLID_BSTK' AND FIELD_NAME = 'empty_car_req_recnt';
UPDATE SM_FIELD_DEF SET JP_TITLE = 'DSPｴﾘｱID', US_TITLE = 'DSP_AREA_ID' WHERE TABLE_ID = 'TBLID_BSTK' AND FIELD_NAME = 'dsp_area';
UPDATE SM_FIELD_DEF SET JP_TITLE = 'ｽﾄｯｶｰﾌﾟﾛﾊﾟﾃｨ', US_TITLE = 'STK_PROPERTY' WHERE TABLE_ID = 'TBLID_BSTK' AND FIELD_NAME = 'stk_property';
UPDATE SM_FIELD_DEF SET JP_TITLE = '{NULL', US_TITLE = 'NULL' WHERE TABLE_ID = 'TBLID_BSTK' AND FIELD_NAME = 'NULL';
UPDATE SM_FIELD_DEF SET JP_TITLE = '{"ﾀｲﾄﾙ', US_TITLE = '英語名' WHERE TABLE_ID = 'TBLID_BCARG' AND FIELD_NAME = 'ﾌｨｰﾙﾄﾞ名';
UPDATE SM_FIELD_DEF SET JP_TITLE = '{"--------------------', US_TITLE = '--------------------------------------------------------' WHERE TABLE_ID = 'TBLID_BCARG' AND FIELD_NAME = '--------------------';
UPDATE SM_FIELD_DEF SET JP_TITLE = 'ｶｾｯﾄｸﾞﾙｰﾌﾟID', US_TITLE = 'CARG_ID' WHERE TABLE_ID = 'TBLID_BCARG' AND FIELD_NAME = 'carg_id';
UPDATE SM_FIELD_DEF SET JP_TITLE = 'ｶｾｯﾄｸﾞﾙｰﾌﾟ名称', US_TITLE = 'CARG_NAME' WHERE TABLE_ID = 'TBLID_BCARG' AND FIELD_NAME = 'carg_name';
UPDATE SM_FIELD_DEF SET JP_TITLE = 'ｶｾｯﾄｸﾞﾙｰﾌﾟ詳細', US_TITLE = 'CARG_DESC' WHERE TABLE_ID = 'TBLID_BCARG' AND FIELD_NAME = 'carg_desc';
UPDATE SM_FIELD_DEF SET JP_TITLE = '{"使用可能時間', US_TITLE = 'MAX_PM_TIME' WHERE TABLE_ID = 'TBLID_BCARG' AND FIELD_NAME = 'max_pm_time';
UPDATE SM_FIELD_DEF SET JP_TITLE = '使用可能日数', US_TITLE = 'MAX_PM_TIME' WHERE TABLE_ID = 'TBLID_BCARG' AND FIELD_NAME = 'max_pm_time';
UPDATE SM_FIELD_DEF SET JP_TITLE = '使用可能回数', US_TITLE = 'MAX_PM_CNT' WHERE TABLE_ID = 'TBLID_BCARG' AND FIELD_NAME = 'max_pm_cnt';
UPDATE SM_FIELD_DEF SET JP_TITLE = '{"累計使用可能時間', US_TITLE = 'TOTAL_USE_POS_TIME' WHERE TABLE_ID = 'TBLID_BCARG' AND FIELD_NAME = 'total_use_pos_time';
UPDATE SM_FIELD_DEF SET JP_TITLE = '{"累計使用可能日数', US_TITLE = 'TOTAL_USE_POS_TIME' WHERE TABLE_ID = 'TBLID_BCARG' AND FIELD_NAME = 'total_use_pos_time';
UPDATE SM_FIELD_DEF SET JP_TITLE = '冶具交換後使用可能日数', US_TITLE = 'TOTAL_USE_POS_TIME' WHERE TABLE_ID = 'TBLID_BCARG' AND FIELD_NAME = 'total_use_pos_time';
UPDATE SM_FIELD_DEF SET JP_TITLE = '{"累計使用可能回数', US_TITLE = 'TOTAL_USE_POS_CNT' WHERE TABLE_ID = 'TBLID_BCARG' AND FIELD_NAME = 'total_use_pos_cnt';
UPDATE SM_FIELD_DEF SET JP_TITLE = '冶具交換後使用可能回数', US_TITLE = 'TOTAL_USE_POS_CNT' WHERE TABLE_ID = 'TBLID_BCARG' AND FIELD_NAME = 'total_use_pos_cnt';
UPDATE SM_FIELD_DEF SET JP_TITLE = '{NULL', US_TITLE = 'NULL' WHERE TABLE_ID = 'TBLID_BCARG' AND FIELD_NAME = 'NULL';
UPDATE SM_FIELD_DEF SET JP_TITLE = '{"ﾀｲﾄﾙ', US_TITLE = '英語名' WHERE TABLE_ID = 'TBLID_BUSER' AND FIELD_NAME = 'ﾌｨｰﾙﾄﾞ名';
UPDATE SM_FIELD_DEF SET JP_TITLE = '{"--------------------', US_TITLE = '--------------------------------------------------------' WHERE TABLE_ID = 'TBLID_BUSER' AND FIELD_NAME = '--------------------';
UPDATE SM_FIELD_DEF SET JP_TITLE = '{"作業者ID', US_TITLE = 'USER_ID' WHERE TABLE_ID = 'TBLID_BUSER' AND FIELD_NAME = 'user_id';
UPDATE SM_FIELD_DEF SET JP_TITLE = '作業者ID', US_TITLE = 'USER_ID' WHERE TABLE_ID = 'TBLID_BUSER' AND FIELD_NAME = 'user_id';
UPDATE SM_FIELD_DEF SET JP_TITLE = 'ﾊﾟｽﾜｰﾄﾞ', US_TITLE = 'PASSWD' WHERE TABLE_ID = 'TBLID_BUSER' AND FIELD_NAME = 'passwd';
UPDATE SM_FIELD_DEF SET JP_TITLE = '作業者名称', US_TITLE = 'USER_NAME' WHERE TABLE_ID = 'TBLID_BUSER' AND FIELD_NAME = 'user_name';
UPDATE SM_FIELD_DEF SET JP_TITLE = '作業者詳細', US_TITLE = 'USER_DESC' WHERE TABLE_ID = 'TBLID_BUSER' AND FIELD_NAME = 'user_desc';
UPDATE SM_FIELD_DEF SET JP_TITLE = 'ﾒｰﾙｱﾄﾞﾚｽ', US_TITLE = 'MAIL_ADRESS' WHERE TABLE_ID = 'TBLID_BUSER' AND FIELD_NAME = 'mail_adress';
UPDATE SM_FIELD_DEF SET JP_TITLE = '{"業務ｸﾞﾙｰﾌﾟID1', US_TITLE = 'USERG_ID1' WHERE TABLE_ID = 'TBLID_BUSER' AND FIELD_NAME = 'userg_id1';
UPDATE SM_FIELD_DEF SET JP_TITLE = '{"業務ｸﾞﾙｰﾌﾟID2', US_TITLE = 'USERG_ID2' WHERE TABLE_ID = 'TBLID_BUSER' AND FIELD_NAME = 'userg_id2';
UPDATE SM_FIELD_DEF SET JP_TITLE = '{"業務ｸﾞﾙｰﾌﾟID3', US_TITLE = 'USERG_ID3' WHERE TABLE_ID = 'TBLID_BUSER' AND FIELD_NAME = 'userg_id3';
UPDATE SM_FIELD_DEF SET JP_TITLE = '{"業務ｸﾞﾙｰﾌﾟID4', US_TITLE = 'USERG_ID4' WHERE TABLE_ID = 'TBLID_BUSER' AND FIELD_NAME = 'userg_id4';
UPDATE SM_FIELD_DEF SET JP_TITLE = '{"業務ｸﾞﾙｰﾌﾟID5', US_TITLE = 'USERG_ID5' WHERE TABLE_ID = 'TBLID_BUSER' AND FIELD_NAME = 'userg_id5';
UPDATE SM_FIELD_DEF SET JP_TITLE = '{"業務ｸﾞﾙｰﾌﾟID6', US_TITLE = 'USERG_ID6' WHERE TABLE_ID = 'TBLID_BUSER' AND FIELD_NAME = 'userg_id6';
UPDATE SM_FIELD_DEF SET JP_TITLE = '{"業務ｸﾞﾙｰﾌﾟID7', US_TITLE = 'USERG_ID7' WHERE TABLE_ID = 'TBLID_BUSER' AND FIELD_NAME = 'userg_id7';
UPDATE SM_FIELD_DEF SET JP_TITLE = '{"業務ｸﾞﾙｰﾌﾟID8', US_TITLE = 'USERG_ID8' WHERE TABLE_ID = 'TBLID_BUSER' AND FIELD_NAME = 'userg_id8';
UPDATE SM_FIELD_DEF SET JP_TITLE = '{"業務ｸﾞﾙｰﾌﾟID9', US_TITLE = 'USERG_ID9' WHERE TABLE_ID = 'TBLID_BUSER' AND FIELD_NAME = 'userg_id9';
UPDATE SM_FIELD_DEF SET JP_TITLE = '{"業務ｸﾞﾙｰﾌﾟID10', US_TITLE = 'USERG_ID10' WHERE TABLE_ID = 'TBLID_BUSER' AND FIELD_NAME = 'userg_id10';
UPDATE SM_FIELD_DEF SET JP_TITLE = '業務ｸﾞﾙｰﾌﾟID1', US_TITLE = 'USERG_ID1' WHERE TABLE_ID = 'TBLID_BUSER' AND FIELD_NAME = 'userg_id1';
UPDATE SM_FIELD_DEF SET JP_TITLE = '業務ｸﾞﾙｰﾌﾟID2', US_TITLE = 'USERG_ID2' WHERE TABLE_ID = 'TBLID_BUSER' AND FIELD_NAME = 'userg_id2';
UPDATE SM_FIELD_DEF SET JP_TITLE = '業務ｸﾞﾙｰﾌﾟID3', US_TITLE = 'USERG_ID3' WHERE TABLE_ID = 'TBLID_BUSER' AND FIELD_NAME = 'userg_id3';
UPDATE SM_FIELD_DEF SET JP_TITLE = '業務ｸﾞﾙｰﾌﾟID4', US_TITLE = 'USERG_ID4' WHERE TABLE_ID = 'TBLID_BUSER' AND FIELD_NAME = 'userg_id4';
UPDATE SM_FIELD_DEF SET JP_TITLE = '業務ｸﾞﾙｰﾌﾟID5', US_TITLE = 'USERG_ID5' WHERE TABLE_ID = 'TBLID_BUSER' AND FIELD_NAME = 'userg_id5';
UPDATE SM_FIELD_DEF SET JP_TITLE = '業務ｸﾞﾙｰﾌﾟID6', US_TITLE = 'USERG_ID6' WHERE TABLE_ID = 'TBLID_BUSER' AND FIELD_NAME = 'userg_id6';
UPDATE SM_FIELD_DEF SET JP_TITLE = '業務ｸﾞﾙｰﾌﾟID7', US_TITLE = 'USERG_ID7' WHERE TABLE_ID = 'TBLID_BUSER' AND FIELD_NAME = 'userg_id7';
UPDATE SM_FIELD_DEF SET JP_TITLE = '業務ｸﾞﾙｰﾌﾟID8', US_TITLE = 'USERG_ID8' WHERE TABLE_ID = 'TBLID_BUSER' AND FIELD_NAME = 'userg_id8';
UPDATE SM_FIELD_DEF SET JP_TITLE = '業務ｸﾞﾙｰﾌﾟID9', US_TITLE = 'USERG_ID9' WHERE TABLE_ID = 'TBLID_BUSER' AND FIELD_NAME = 'userg_id9';
UPDATE SM_FIELD_DEF SET JP_TITLE = 'EQPの状態 チャングループID', US_TITLE = 'EQP_STAT_GROUP_ID' WHERE TABLE_ID = 'TBLID_BUSER' AND FIELD_NAME = 'userg_id10';
UPDATE SM_FIELD_DEF SET JP_TITLE = 'BPRODCODEへのｼﾞｬﾝﾌﾟ用ﾀﾞﾐｰ', US_TITLE = 'L' WHERE TABLE_ID = 'TBLID_BUSER' AND FIELD_NAME = 'prod_code_cat';
UPDATE SM_FIELD_DEF SET JP_TITLE = 'BCODEへのｼﾞｬﾝﾌﾟ用ﾀﾞﾐｰ', US_TITLE = 'L' WHERE TABLE_ID = 'TBLID_BUSER' AND FIELD_NAME = 'code_cat';
UPDATE SM_FIELD_DEF SET JP_TITLE = '{NULL', US_TITLE = 'NULL' WHERE TABLE_ID = 'TBLID_BUSER' AND FIELD_NAME = 'NULL';
UPDATE SM_FIELD_DEF SET JP_TITLE = '{"ﾀｲﾄﾙ', US_TITLE = '英語名' WHERE TABLE_ID = 'TBLID_BEPMONI' AND FIELD_NAME = 'ﾌｨｰﾙﾄﾞ名';
UPDATE SM_FIELD_DEF SET JP_TITLE = '{"--------------------', US_TITLE = '--------------------------------------------------------' WHERE TABLE_ID = 'TBLID_BEPMONI' AND FIELD_NAME = '--------------------';
UPDATE SM_FIELD_DEF SET JP_TITLE = '{"EPﾓﾆﾀ検査製品ｺｰﾄﾞID', US_TITLE = 'EP_MONI_INSP_PROD_ID' WHERE TABLE_ID = 'TBLID_BEPMONI' AND FIELD_NAME = 'ep_moni_insp_prod_id';
UPDATE SM_FIELD_DEF SET JP_TITLE = 'EPﾓﾆﾀ検査製品ｺｰﾄﾞID', US_TITLE = 'EP_MON_CON_ID' WHERE TABLE_ID = 'TBLID_BEPMONI' AND FIELD_NAME = 'ep_mon_con_id';
UPDATE SM_FIELD_DEF SET JP_TITLE = 'ｽﾛｯﾄ番号', US_TITLE = 'SLOT_NO' WHERE TABLE_ID = 'TBLID_BEPMONI' AND FIELD_NAME = 'slot_no';
UPDATE SM_FIELD_DEF SET JP_TITLE = 'ﾓﾆﾀ製品ｺｰﾄﾞＩＤ', US_TITLE = 'MON_PROD_ID' WHERE TABLE_ID = 'TBLID_BEPMONI' AND FIELD_NAME = 'mon_prod_id';
UPDATE SM_FIELD_DEF SET JP_TITLE = 'EPﾓﾆﾀ保証単位区分', US_TITLE = 'EP_ASS_UNIT_CAT' WHERE TABLE_ID = 'TBLID_BEPMONI' AND FIELD_NAME = 'ep_ass_unit_cat';
UPDATE SM_FIELD_DEF SET JP_TITLE = 'EPﾓﾆﾀﾎﾞｯｸｽ投入周期', US_TITLE = 'EP_MON_BOX_INSCYCLE' WHERE TABLE_ID = 'TBLID_BEPMONI' AND FIELD_NAME = 'ep_mon_box_inscycle';
UPDATE SM_FIELD_DEF SET JP_TITLE = '検査用途ID', US_TITLE = 'INSP_USED_ID' WHERE TABLE_ID = 'TBLID_BEPMONI' AND FIELD_NAME = 'insp_used_id';
UPDATE SM_FIELD_DEF SET JP_TITLE = '{NULL', US_TITLE = 'NULL' WHERE TABLE_ID = 'TBLID_BEPMONI' AND FIELD_NAME = 'NULL';
UPDATE SM_FIELD_DEF SET JP_TITLE = '{"ﾀｲﾄﾙ', US_TITLE = '英語名' WHERE TABLE_ID = 'TBLID_BPWSMPLCASETCON' AND FIELD_NAME = 'ﾌｨｰﾙﾄﾞ名';
UPDATE SM_FIELD_DEF SET JP_TITLE = '{"--------------------', US_TITLE = '--------------------------------------------------------' WHERE TABLE_ID = 'TBLID_BPWSMPLCASETCON' AND FIELD_NAME = '--------------------';
UPDATE SM_FIELD_DEF SET JP_TITLE = '検査試料構成ID', US_TITLE = 'SMPL_CASET_CON_ID' WHERE TABLE_ID = 'TBLID_BPWSMPLCASETCON' AND FIELD_NAME = 'smpl_caset_con_id';
UPDATE SM_FIELD_DEF SET JP_TITLE = 'ｼｰｹﾝｽ番号', US_TITLE = 'SEQ_NO' WHERE TABLE_ID = 'TBLID_BPWSMPLCASETCON' AND FIELD_NAME = 'seq_no';
UPDATE SM_FIELD_DEF SET JP_TITLE = 'ｳｪｰﾊ品質ﾊﾟﾀｰﾝ', US_TITLE = 'WAF_QUO_PTN' WHERE TABLE_ID = 'TBLID_BPWSMPLCASETCON' AND FIELD_NAME = 'waf_quo_ptn';
UPDATE SM_FIELD_DEF SET JP_TITLE = '検査試料区分', US_TITLE = 'SMPL_CAT' WHERE TABLE_ID = 'TBLID_BPWSMPLCASETCON' AND FIELD_NAME = 'smpl_cat';
UPDATE SM_FIELD_DEF SET JP_TITLE = '検査試料抜き取り位置', US_TITLE = 'SMPL_POS' WHERE TABLE_ID = 'TBLID_BPWSMPLCASETCON' AND FIELD_NAME = 'smpl_pos';
UPDATE SM_FIELD_DEF SET JP_TITLE = '検査用途ID', US_TITLE = 'INSP_USED_ID' WHERE TABLE_ID = 'TBLID_BPWSMPLCASETCON' AND FIELD_NAME = 'insp_used_id';
UPDATE SM_FIELD_DEF SET JP_TITLE = '項目1', US_TITLE = 'BEFORE CNT' WHERE TABLE_ID = 'TBLID_BPWSMPLCASETCON' AND FIELD_NAME = 'item1';
UPDATE SM_FIELD_DEF SET JP_TITLE = '項目データ1', US_TITLE = 'AFTER CNT' WHERE TABLE_ID = 'TBLID_BPWSMPLCASETCON' AND FIELD_NAME = 'item_data1';
UPDATE SM_FIELD_DEF SET JP_TITLE = '項目1', US_TITLE = 'ITEM1' WHERE TABLE_ID = 'TBLID_BPWSMPLCASETCON' AND FIELD_NAME = 'item1';
UPDATE SM_FIELD_DEF SET JP_TITLE = '項目データ1', US_TITLE = 'ITEM_DATA1' WHERE TABLE_ID = 'TBLID_BPWSMPLCASETCON' AND FIELD_NAME = 'item_data1';
UPDATE SM_FIELD_DEF SET JP_TITLE = '検査用途･測定項目ﾃｰﾌﾞﾙ', US_TITLE = 'Insp_Meas_Item' WHERE TABLE_ID = 'TBLID_BPWSMPLCASETCON' AND FIELD_NAME = 'dummy';
UPDATE SM_FIELD_DEF SET JP_TITLE = '{NULL', US_TITLE = 'NULL' WHERE TABLE_ID = 'TBLID_BPWSMPLCASETCON' AND FIELD_NAME = 'NULL';
UPDATE SM_FIELD_DEF SET JP_TITLE = '{"ﾀｲﾄﾙ', US_TITLE = '英語名' WHERE TABLE_ID = 'TBLID_BINSP_MEAS_ITEM' AND FIELD_NAME = 'ﾌｨｰﾙﾄﾞ名';
UPDATE SM_FIELD_DEF SET JP_TITLE = '{"--------------------', US_TITLE = '--------------------------------------------------------' WHERE TABLE_ID = 'TBLID_BINSP_MEAS_ITEM' AND FIELD_NAME = '--------------------';
UPDATE SM_FIELD_DEF SET JP_TITLE = '検査用途ID', US_TITLE = 'INSP_USED_ID' WHERE TABLE_ID = 'TBLID_BINSP_MEAS_ITEM' AND FIELD_NAME = 'insp_used_id';
UPDATE SM_FIELD_DEF SET JP_TITLE = '測定項目', US_TITLE = 'MEAS_ITEM' WHERE TABLE_ID = 'TBLID_BINSP_MEAS_ITEM' AND FIELD_NAME = 'meas_item';
UPDATE SM_FIELD_DEF SET JP_TITLE = '項目ｼｰｹﾝｽ番号', US_TITLE = 'ITEM_SEQ_NO' WHERE TABLE_ID = 'TBLID_BINSP_MEAS_ITEM' AND FIELD_NAME = 'item_seq_no';
UPDATE SM_FIELD_DEF SET JP_TITLE = '測定ﾃﾞｰﾀ項目ｸﾞﾙｰﾌﾟ', US_TITLE = 'MEAS_DATA_ITEMG' WHERE TABLE_ID = 'TBLID_BINSP_MEAS_ITEM' AND FIELD_NAME = 'meas_data_itemg';
UPDATE SM_FIELD_DEF SET JP_TITLE = '測定ﾎﾟｲﾝﾄ数', US_TITLE = 'MEAS_PNT_CNT' WHERE TABLE_ID = 'TBLID_BINSP_MEAS_ITEM' AND FIELD_NAME = 'meas_pnt_cnt';
UPDATE SM_FIELD_DEF SET JP_TITLE = '規格ﾁｪｯｸﾌﾗｸﾞ', US_TITLE = 'STD_CHK_FLG' WHERE TABLE_ID = 'TBLID_BINSP_MEAS_ITEM' AND FIELD_NAME = 'std_chk_flg';
UPDATE SM_FIELD_DEF SET JP_TITLE = '入力ﾓｰﾄﾞ', US_TITLE = 'INP_MODE' WHERE TABLE_ID = 'TBLID_BINSP_MEAS_ITEM' AND FIELD_NAME = 'inp_mode';
UPDATE SM_FIELD_DEF SET JP_TITLE = '式ｺｰﾄﾞﾞ', US_TITLE = 'CALC_CODE' WHERE TABLE_ID = 'TBLID_BINSP_MEAS_ITEM' AND FIELD_NAME = 'calc_code';
UPDATE SM_FIELD_DEF SET JP_TITLE = '式ﾊﾟﾗﾒｰﾀ1', US_TITLE = 'CALC_PARM1' WHERE TABLE_ID = 'TBLID_BINSP_MEAS_ITEM' AND FIELD_NAME = 'calc_parm1';
UPDATE SM_FIELD_DEF SET JP_TITLE = '式ﾊﾟﾗﾒｰﾀ2', US_TITLE = 'CALC_PARM2' WHERE TABLE_ID = 'TBLID_BINSP_MEAS_ITEM' AND FIELD_NAME = 'calc_parm2';
UPDATE SM_FIELD_DEF SET JP_TITLE = '式ﾊﾟﾗﾒｰﾀ3', US_TITLE = 'CALC_PARM3' WHERE TABLE_ID = 'TBLID_BINSP_MEAS_ITEM' AND FIELD_NAME = 'calc_parm3';
UPDATE SM_FIELD_DEF SET JP_TITLE = '式ﾊﾟﾗﾒｰﾀ4', US_TITLE = 'CALC_PARM4' WHERE TABLE_ID = 'TBLID_BINSP_MEAS_ITEM' AND FIELD_NAME = 'calc_parm4';
UPDATE SM_FIELD_DEF SET JP_TITLE = '式ﾊﾟﾗﾒｰﾀ5', US_TITLE = 'CALC_PARM5' WHERE TABLE_ID = 'TBLID_BINSP_MEAS_ITEM' AND FIELD_NAME = 'calc_parm5';
UPDATE SM_FIELD_DEF SET JP_TITLE = '式ﾊﾟﾗﾒｰﾀ6', US_TITLE = 'CALC_PARM6' WHERE TABLE_ID = 'TBLID_BINSP_MEAS_ITEM' AND FIELD_NAME = 'calc_parm6';
UPDATE SM_FIELD_DEF SET JP_TITLE = '式ﾊﾟﾗﾒｰﾀ7', US_TITLE = 'CALC_PARM7' WHERE TABLE_ID = 'TBLID_BINSP_MEAS_ITEM' AND FIELD_NAME = 'calc_parm7';
UPDATE SM_FIELD_DEF SET JP_TITLE = '式ﾊﾟﾗﾒｰﾀ8', US_TITLE = 'CALC_PARM8' WHERE TABLE_ID = 'TBLID_BINSP_MEAS_ITEM' AND FIELD_NAME = 'calc_parm8';
UPDATE SM_FIELD_DEF SET JP_TITLE = '式ﾊﾟﾗﾒｰﾀ9', US_TITLE = 'CALC_PARM9' WHERE TABLE_ID = 'TBLID_BINSP_MEAS_ITEM' AND FIELD_NAME = 'calc_parm9';
UPDATE SM_FIELD_DEF SET JP_TITLE = '{"式ﾊﾟﾗﾒｰﾀ10', US_TITLE = 'CALC_PARM10' WHERE TABLE_ID = 'TBLID_BINSP_MEAS_ITEM' AND FIELD_NAME = 'calc_parm10';
UPDATE SM_FIELD_DEF SET JP_TITLE = 'SPC送信ﾌﾗｸﾞ', US_TITLE = 'CALC_PARM10' WHERE TABLE_ID = 'TBLID_BINSP_MEAS_ITEM' AND FIELD_NAME = 'calc_parm10';
UPDATE SM_FIELD_DEF SET JP_TITLE = '{NULL', US_TITLE = 'NULL' WHERE TABLE_ID = 'TBLID_BINSP_MEAS_ITEM' AND FIELD_NAME = 'NULL';
UPDATE SM_FIELD_DEF SET JP_TITLE = '{"ﾀｲﾄﾙ', US_TITLE = '英語名' WHERE TABLE_ID = 'TBLID_BRL_MEAS_PROD' AND FIELD_NAME = 'ﾌｨｰﾙﾄﾞ名';
UPDATE SM_FIELD_DEF SET JP_TITLE = '{"--------------------', US_TITLE = '--------------------------------------------------------' WHERE TABLE_ID = 'TBLID_BRL_MEAS_PROD' AND FIELD_NAME = '--------------------';
UPDATE SM_FIELD_DEF SET JP_TITLE = '製品ｺｰﾄﾞID', US_TITLE = 'PROD_ID' WHERE TABLE_ID = 'TBLID_BRL_MEAS_PROD' AND FIELD_NAME = 'prod_id';
UPDATE SM_FIELD_DEF SET JP_TITLE = '測定項目', US_TITLE = 'MEAS_ITEM' WHERE TABLE_ID = 'TBLID_BRL_MEAS_PROD' AND FIELD_NAME = 'meas_item';
UPDATE SM_FIELD_DEF SET JP_TITLE = '測定項目名称', US_TITLE = 'MEAS_ITEM_NAME' WHERE TABLE_ID = 'TBLID_BRL_MEAS_PROD' AND FIELD_NAME = 'meas_item_name';
UPDATE SM_FIELD_DEF SET JP_TITLE = '測定項目詳細', US_TITLE = 'MEAS_ITEM_DESC' WHERE TABLE_ID = 'TBLID_BRL_MEAS_PROD' AND FIELD_NAME = 'meas_item_desc';
UPDATE SM_FIELD_DEF SET JP_TITLE = '上限値', US_TITLE = 'H_VAL' WHERE TABLE_ID = 'TBLID_BRL_MEAS_PROD' AND FIELD_NAME = 'h_val';
UPDATE SM_FIELD_DEF SET JP_TITLE = '下限値', US_TITLE = 'L_VAL' WHERE TABLE_ID = 'TBLID_BRL_MEAS_PROD' AND FIELD_NAME = 'l_val';
UPDATE SM_FIELD_DEF SET JP_TITLE = '異常上限値', US_TITLE = 'IRR_ H_VAL' WHERE TABLE_ID = 'TBLID_BRL_MEAS_PROD' AND FIELD_NAME = 'irr_h_val';
UPDATE SM_FIELD_DEF SET JP_TITLE = '異常下限値', US_TITLE = 'IRR_ L_VAL' WHERE TABLE_ID = 'TBLID_BRL_MEAS_PROD' AND FIELD_NAME = 'irr_l_val';
UPDATE SM_FIELD_DEF SET JP_TITLE = 'CofCﾃﾞｰﾀﾌﾗｸﾞ', US_TITLE = 'COFCDATA_FLG' WHERE TABLE_ID = 'TBLID_BRL_MEAS_PROD' AND FIELD_NAME = 'cofcdata_flg';
UPDATE SM_FIELD_DEF SET JP_TITLE = '検査ﾚｼﾋﾟID', US_TITLE = 'INSP_RECIP_ID' WHERE TABLE_ID = 'TBLID_BRL_MEAS_PROD' AND FIELD_NAME = 'insp_recip_id';
UPDATE SM_FIELD_DEF SET JP_TITLE = 'CofCﾃﾞｰﾀ工程内検査ﾌﾗｸﾞ', US_TITLE = 'COFCDATA_MEAS_JDG_FLG' WHERE TABLE_ID = 'TBLID_BRL_MEAS_PROD' AND FIELD_NAME = 'cofcdata_meas_jdg_flg';
UPDATE SM_FIELD_DEF SET JP_TITLE = '{NULL', US_TITLE = 'NULL' WHERE TABLE_ID = 'TBLID_BRL_MEAS_PROD' AND FIELD_NAME = 'NULL';
UPDATE SM_FIELD_DEF SET JP_TITLE = '{"标题', US_TITLE = '英語名' WHERE TABLE_ID = 'TBLID_BPROD_CHG_SPEC' AND FIELD_NAME = '字段名称';
UPDATE SM_FIELD_DEF SET JP_TITLE = '{"--------------------', US_TITLE = '--------------------------------------------------------' WHERE TABLE_ID = 'TBLID_BPROD_CHG_SPEC' AND FIELD_NAME = '--------------------';
UPDATE SM_FIELD_DEF SET JP_TITLE = '製品ｺｰﾄﾞID', US_TITLE = 'PROD_ID' WHERE TABLE_ID = 'TBLID_BPROD_CHG_SPEC' AND FIELD_NAME = 'prod_id';
UPDATE SM_FIELD_DEF SET JP_TITLE = 'JUDGE_ITEM', US_TITLE = 'JUDGE_ITEM' WHERE TABLE_ID = 'TBLID_BPROD_CHG_SPEC' AND FIELD_NAME = 'judge_item';
UPDATE SM_FIELD_DEF SET JP_TITLE = 'MEAS_ITEM', US_TITLE = 'MEAS_ITEM' WHERE TABLE_ID = 'TBLID_BPROD_CHG_SPEC' AND FIELD_NAME = 'meas_item';
UPDATE SM_FIELD_DEF SET JP_TITLE = '上限値', US_TITLE = 'H_VAL' WHERE TABLE_ID = 'TBLID_BPROD_CHG_SPEC' AND FIELD_NAME = 'h_val';
UPDATE SM_FIELD_DEF SET JP_TITLE = '下限値', US_TITLE = 'L_VAL' WHERE TABLE_ID = 'TBLID_BPROD_CHG_SPEC' AND FIELD_NAME = 'l_val';
UPDATE SM_FIELD_DEF SET JP_TITLE = '{NULL', US_TITLE = 'NULL' WHERE TABLE_ID = 'TBLID_BPROD_CHG_SPEC' AND FIELD_NAME = 'NULL';
UPDATE SM_FIELD_DEF SET JP_TITLE = '{"ﾀｲﾄﾙ', US_TITLE = '英語名' WHERE TABLE_ID = 'TBLID_BPROD_BINCODE' AND FIELD_NAME = 'ﾌｨｰﾙﾄﾞ名';
UPDATE SM_FIELD_DEF SET JP_TITLE = '{"--------------------', US_TITLE = '--------------------------------------------------------' WHERE TABLE_ID = 'TBLID_BPROD_BINCODE' AND FIELD_NAME = '--------------------';
UPDATE SM_FIELD_DEF SET JP_TITLE = '製品ｺｰﾄﾞID', US_TITLE = 'PROD_ID' WHERE TABLE_ID = 'TBLID_BPROD_BINCODE' AND FIELD_NAME = 'prod_id';
UPDATE SM_FIELD_DEF SET JP_TITLE = 'BINCODE', US_TITLE = 'BINCODE' WHERE TABLE_ID = 'TBLID_BPROD_BINCODE' AND FIELD_NAME = 'bincode';
UPDATE SM_FIELD_DEF SET JP_TITLE = 'MEAS_ITEM', US_TITLE = 'MEAS_ITEM' WHERE TABLE_ID = 'TBLID_BPROD_BINCODE' AND FIELD_NAME = 'meas_item';
UPDATE SM_FIELD_DEF SET JP_TITLE = 'CDOE_DESC', US_TITLE = 'CODE_DESC' WHERE TABLE_ID = 'TBLID_BPROD_BINCODE' AND FIELD_NAME = 'code_desc';
UPDATE SM_FIELD_DEF SET JP_TITLE = '{NULL', US_TITLE = 'NULL' WHERE TABLE_ID = 'TBLID_BPROD_BINCODE' AND FIELD_NAME = 'NULL';
UPDATE SM_FIELD_DEF SET JP_TITLE = '{"ﾀｲﾄﾙ', US_TITLE = '英語名' WHERE TABLE_ID = 'TBLID_BEQP_STAT_CONST' AND FIELD_NAME = 'ﾌｨｰﾙﾄﾞ名';
UPDATE SM_FIELD_DEF SET JP_TITLE = '{"--------------------', US_TITLE = '--------------------------------------------------------' WHERE TABLE_ID = 'TBLID_BEQP_STAT_CONST' AND FIELD_NAME = '--------------------';
UPDATE SM_FIELD_DEF SET JP_TITLE = 'FROM_EQP_STAT', US_TITLE = 'FROM_EQP_STAT' WHERE TABLE_ID = 'TBLID_BEQP_STAT_CONST' AND FIELD_NAME = 'from_eqp_stat';
UPDATE SM_FIELD_DEF SET JP_TITLE = 'FROM_EQP_SUBSTAT', US_TITLE = 'FROM_EQP_SUBSTAT' WHERE TABLE_ID = 'TBLID_BEQP_STAT_CONST' AND FIELD_NAME = 'from_eqp_substat';
UPDATE SM_FIELD_DEF SET JP_TITLE = 'TO_EQP_STAT', US_TITLE = 'TO_EQP_STAT' WHERE TABLE_ID = 'TBLID_BEQP_STAT_CONST' AND FIELD_NAME = 'to_eqp_stat';
UPDATE SM_FIELD_DEF SET JP_TITLE = 'TO_EQP_SUBSTAT', US_TITLE = 'TO_EQP_SUBSTAT' WHERE TABLE_ID = 'TBLID_BEQP_STAT_CONST' AND FIELD_NAME = 'to_eqp_substat';
UPDATE SM_FIELD_DEF SET JP_TITLE = 'USER GROUP ID1', US_TITLE = 'USERG_ID1' WHERE TABLE_ID = 'TBLID_BEQP_STAT_CONST' AND FIELD_NAME = 'userg_id1';
UPDATE SM_FIELD_DEF SET JP_TITLE = 'USER GROUP ID2', US_TITLE = 'USERG_ID2' WHERE TABLE_ID = 'TBLID_BEQP_STAT_CONST' AND FIELD_NAME = 'userg_id2';
UPDATE SM_FIELD_DEF SET JP_TITLE = 'USER GROUP ID3', US_TITLE = 'USERG_ID3' WHERE TABLE_ID = 'TBLID_BEQP_STAT_CONST' AND FIELD_NAME = 'userg_id3';
UPDATE SM_FIELD_DEF SET JP_TITLE = 'USER GROUP ID4', US_TITLE = 'USERG_ID4' WHERE TABLE_ID = 'TBLID_BEQP_STAT_CONST' AND FIELD_NAME = 'userg_id4';
UPDATE SM_FIELD_DEF SET JP_TITLE = 'USER GROUP ID5', US_TITLE = 'USERG_ID5' WHERE TABLE_ID = 'TBLID_BEQP_STAT_CONST' AND FIELD_NAME = 'userg_id5';
UPDATE SM_FIELD_DEF SET JP_TITLE = 'USER GROUP ID6', US_TITLE = 'USERG_ID6' WHERE TABLE_ID = 'TBLID_BEQP_STAT_CONST' AND FIELD_NAME = 'userg_id6';
UPDATE SM_FIELD_DEF SET JP_TITLE = 'USER GROUP ID7', US_TITLE = 'USERG_ID7' WHERE TABLE_ID = 'TBLID_BEQP_STAT_CONST' AND FIELD_NAME = 'userg_id7';
UPDATE SM_FIELD_DEF SET JP_TITLE = 'USER GROUP ID8', US_TITLE = 'USERG_ID8' WHERE TABLE_ID = 'TBLID_BEQP_STAT_CONST' AND FIELD_NAME = 'userg_id8';
UPDATE SM_FIELD_DEF SET JP_TITLE = 'USER GROUP ID9', US_TITLE = 'USERG_ID9' WHERE TABLE_ID = 'TBLID_BEQP_STAT_CONST' AND FIELD_NAME = 'userg_id9';
UPDATE SM_FIELD_DEF SET JP_TITLE = 'USER GROUP ID10', US_TITLE = 'USERG_ID10' WHERE TABLE_ID = 'TBLID_BEQP_STAT_CONST' AND FIELD_NAME = 'userg_id10';
UPDATE SM_FIELD_DEF SET JP_TITLE = '{NULL', US_TITLE = 'NULL' WHERE TABLE_ID = 'TBLID_BEQP_STAT_CONST' AND FIELD_NAME = 'NULL';
UPDATE SM_FIELD_DEF SET JP_TITLE = '{"ﾀｲﾄﾙ', US_TITLE = '英語名' WHERE TABLE_ID = 'TBLID_BRECIP_WIRESAW' AND FIELD_NAME = 'ﾌｨｰﾙﾄﾞ名';
UPDATE SM_FIELD_DEF SET JP_TITLE = '{"--------------------', US_TITLE = '--------------------------------------------------------' WHERE TABLE_ID = 'TBLID_BRECIP_WIRESAW' AND FIELD_NAME = '--------------------';
UPDATE SM_FIELD_DEF SET JP_TITLE = '配方', US_TITLE = 'RECIP_ID' WHERE TABLE_ID = 'TBLID_BRECIP_WIRESAW' AND FIELD_NAME = 'recip_id';
UPDATE SM_FIELD_DEF SET JP_TITLE = '尺寸', US_TITLE = 'DIAMETER' WHERE TABLE_ID = 'TBLID_BRECIP_WIRESAW' AND FIELD_NAME = 'diameter';
UPDATE SM_FIELD_DEF SET JP_TITLE = '工艺类型', US_TITLE = 'RECIP_CAT' WHERE TABLE_ID = 'TBLID_BRECIP_WIRESAW' AND FIELD_NAME = 'recip_cat';
UPDATE SM_FIELD_DEF SET JP_TITLE = '主轴槽距', US_TITLE = 'WIRE_PITCH' WHERE TABLE_ID = 'TBLID_BRECIP_WIRESAW' AND FIELD_NAME = 'wire_pitch';
UPDATE SM_FIELD_DEF SET JP_TITLE = '上限値', US_TITLE = 'H_VAL' WHERE TABLE_ID = 'TBLID_BRECIP_WIRESAW' AND FIELD_NAME = 'h_val';
UPDATE SM_FIELD_DEF SET JP_TITLE = '下限値', US_TITLE = 'L_VAL' WHERE TABLE_ID = 'TBLID_BRECIP_WIRESAW' AND FIELD_NAME = 'l_val';
UPDATE SM_FIELD_DEF SET JP_TITLE = '{NULL', US_TITLE = 'NULL' WHERE TABLE_ID = 'TBLID_BRECIP_WIRESAW' AND FIELD_NAME = 'NULL';
UPDATE SM_FIELD_DEF SET JP_TITLE = '{"ﾀｲﾄﾙ', US_TITLE = '英語名' WHERE TABLE_ID = 'TBLID_BSMPSET_BLK' AND FIELD_NAME = 'ﾌｨｰﾙﾄﾞ名';
UPDATE SM_FIELD_DEF SET JP_TITLE = '{"--------------------', US_TITLE = '--------------------------------------------------------' WHERE TABLE_ID = 'TBLID_BSMPSET_BLK' AND FIELD_NAME = '--------------------';
UPDATE SM_FIELD_DEF SET JP_TITLE = '盒数', US_TITLE = 'BOX_CNT' WHERE TABLE_ID = 'TBLID_BSMPSET_BLK' AND FIELD_NAME = 'box_cnt';
UPDATE SM_FIELD_DEF SET JP_TITLE = '序列号', US_TITLE = 'SEQ_NO' WHERE TABLE_ID = 'TBLID_BSMPSET_BLK' AND FIELD_NAME = 'seq_no';
UPDATE SM_FIELD_DEF SET JP_TITLE = '盒号', US_TITLE = 'CAR_SEQ' WHERE TABLE_ID = 'TBLID_BSMPSET_BLK' AND FIELD_NAME = 'car_seq';
UPDATE SM_FIELD_DEF SET JP_TITLE = '槽位号', US_TITLE = 'SLOT_NO' WHERE TABLE_ID = 'TBLID_BSMPSET_BLK' AND FIELD_NAME = 'slot_no';
UPDATE SM_FIELD_DEF SET JP_TITLE = '最后一盒标识', US_TITLE = 'LAST_CAR_FLG' WHERE TABLE_ID = 'TBLID_BSMPSET_BLK' AND FIELD_NAME = 'last_car_flg';
UPDATE SM_FIELD_DEF SET JP_TITLE = '{NULL', US_TITLE = 'NULL' WHERE TABLE_ID = 'TBLID_BSMPSET_BLK' AND FIELD_NAME = 'NULL';
UPDATE SM_FIELD_DEF SET JP_TITLE = '{"标题', US_TITLE = '英語名' WHERE TABLE_ID = 'TBLID_BPROD_LABEL' AND FIELD_NAME = '字段名称';
UPDATE SM_FIELD_DEF SET JP_TITLE = '{"--------------------', US_TITLE = '--------------------------------------------------------' WHERE TABLE_ID = 'TBLID_BPROD_LABEL' AND FIELD_NAME = '--------------------';
UPDATE SM_FIELD_DEF SET JP_TITLE = '品名ID', US_TITLE = 'PROD_ID' WHERE TABLE_ID = 'TBLID_BPROD_LABEL' AND FIELD_NAME = 'prod_id';
UPDATE SM_FIELD_DEF SET JP_TITLE = '客户名称', US_TITLE = 'Customer Name' WHERE TABLE_ID = 'TBLID_BPROD_LABEL' AND FIELD_NAME = 'customer_name';
UPDATE SM_FIELD_DEF SET JP_TITLE = '客户品名', US_TITLE = 'Customer Spec ID' WHERE TABLE_ID = 'TBLID_BPROD_LABEL' AND FIELD_NAME = 'part_no';
UPDATE SM_FIELD_DEF SET JP_TITLE = '客户品名(英文)', US_TITLE = 'Customer Spec ID(Eng)' WHERE TABLE_ID = 'TBLID_BPROD_LABEL' AND FIELD_NAME = 'part_no_en';
UPDATE SM_FIELD_DEF SET JP_TITLE = '直径', US_TITLE = 'Diameter' WHERE TABLE_ID = 'TBLID_BPROD_LABEL' AND FIELD_NAME = 'diameter';
UPDATE SM_FIELD_DEF SET JP_TITLE = '长晶方式', US_TITLE = 'Crystal Growth' WHERE TABLE_ID = 'TBLID_BPROD_LABEL' AND FIELD_NAME = 'crystal';
UPDATE SM_FIELD_DEF SET JP_TITLE = '厚度', US_TITLE = 'Thickness' WHERE TABLE_ID = 'TBLID_BPROD_LABEL' AND FIELD_NAME = 'thk';
UPDATE SM_FIELD_DEF SET JP_TITLE = '电阻', US_TITLE = 'Resistivity' WHERE TABLE_ID = 'TBLID_BPROD_LABEL' AND FIELD_NAME = 'res';
UPDATE SM_FIELD_DEF SET JP_TITLE = '晶向', US_TITLE = 'Crystal Orientation' WHERE TABLE_ID = 'TBLID_BPROD_LABEL' AND FIELD_NAME = 'ori';
UPDATE SM_FIELD_DEF SET JP_TITLE = '导电类型', US_TITLE = 'Dopant Type' WHERE TABLE_ID = 'TBLID_BPROD_LABEL' AND FIELD_NAME = 'dopant_type';
UPDATE SM_FIELD_DEF SET JP_TITLE = '掺杂剂', US_TITLE = 'Dopant Element' WHERE TABLE_ID = 'TBLID_BPROD_LABEL' AND FIELD_NAME = 'dopant_element';
UPDATE SM_FIELD_DEF SET JP_TITLE = '料号', US_TITLE = 'Material NO' WHERE TABLE_ID = 'TBLID_BPROD_LABEL' AND FIELD_NAME = 'mat_no';
UPDATE SM_FIELD_DEF SET JP_TITLE = '物料名称', US_TITLE = 'Material Name' WHERE TABLE_ID = 'TBLID_BPROD_LABEL' AND FIELD_NAME = 'mat_name';
UPDATE SM_FIELD_DEF SET JP_TITLE = '公司名称', US_TITLE = 'Company Name' WHERE TABLE_ID = 'TBLID_BPROD_LABEL' AND FIELD_NAME = 'vendor';
UPDATE SM_FIELD_DEF SET JP_TITLE = '标注', US_TITLE = 'Remark' WHERE TABLE_ID = 'TBLID_BPROD_LABEL' AND FIELD_NAME = 'remark';
UPDATE SM_FIELD_DEF SET JP_TITLE = '硅片类型', US_TITLE = 'Wafer Category' WHERE TABLE_ID = 'TBLID_BPROD_LABEL' AND FIELD_NAME = 'reserve01';
UPDATE SM_FIELD_DEF SET JP_TITLE = 'RF组ID', US_TITLE = 'RF Group ID' WHERE TABLE_ID = 'TBLID_BPROD_LABEL' AND FIELD_NAME = 'reserve02';
UPDATE SM_FIELD_DEF SET JP_TITLE = '客户规格', US_TITLE = 'Specification No' WHERE TABLE_ID = 'TBLID_BPROD_LABEL' AND FIELD_NAME = 'reserve03';
UPDATE SM_FIELD_DEF SET JP_TITLE = '客户规格版本号4', US_TITLE = 'REV' WHERE TABLE_ID = 'TBLID_BPROD_LABEL' AND FIELD_NAME = 'reserve04';
UPDATE SM_FIELD_DEF SET JP_TITLE = '保质期', US_TITLE = 'Shelf Life' WHERE TABLE_ID = 'TBLID_BPROD_LABEL' AND FIELD_NAME = 'reserve05';
UPDATE SM_FIELD_DEF SET JP_TITLE = '等级', US_TITLE = 'Grade' WHERE TABLE_ID = 'TBLID_BPROD_LABEL' AND FIELD_NAME = 'reserve06';
UPDATE SM_FIELD_DEF SET JP_TITLE = '弯曲度', US_TITLE = 'Bow' WHERE TABLE_ID = 'TBLID_BPROD_LABEL' AND FIELD_NAME = 'reserve07';
UPDATE SM_FIELD_DEF SET JP_TITLE = '翘曲度', US_TITLE = 'Warp' WHERE TABLE_ID = 'TBLID_BPROD_LABEL' AND FIELD_NAME = 'reserve08';
UPDATE SM_FIELD_DEF SET JP_TITLE = '总厚度变化', US_TITLE = 'TTV' WHERE TABLE_ID = 'TBLID_BPROD_LABEL' AND FIELD_NAME = 'reserve09';
UPDATE SM_FIELD_DEF SET JP_TITLE = '微粒', US_TITLE = 'Particle' WHERE TABLE_ID = 'TBLID_BPROD_LABEL' AND FIELD_NAME = 'reserve10';
UPDATE SM_FIELD_DEF SET JP_TITLE = '备用字段11', US_TITLE = 'Reserve 11' WHERE TABLE_ID = 'TBLID_BPROD_LABEL' AND FIELD_NAME = 'reserve11';
UPDATE SM_FIELD_DEF SET JP_TITLE = '备用字段12', US_TITLE = 'Reserve 12' WHERE TABLE_ID = 'TBLID_BPROD_LABEL' AND FIELD_NAME = 'reserve12';
UPDATE SM_FIELD_DEF SET JP_TITLE = '备用字段13', US_TITLE = 'Reserve 13' WHERE TABLE_ID = 'TBLID_BPROD_LABEL' AND FIELD_NAME = 'reserve13';
UPDATE SM_FIELD_DEF SET JP_TITLE = '备用字段14', US_TITLE = 'Reserve 14' WHERE TABLE_ID = 'TBLID_BPROD_LABEL' AND FIELD_NAME = 'reserve14';
UPDATE SM_FIELD_DEF SET JP_TITLE = '备用字段15', US_TITLE = 'Reserve 15' WHERE TABLE_ID = 'TBLID_BPROD_LABEL' AND FIELD_NAME = 'reserve15';
UPDATE SM_FIELD_DEF SET JP_TITLE = '备用字段16', US_TITLE = 'Reserve 16' WHERE TABLE_ID = 'TBLID_BPROD_LABEL' AND FIELD_NAME = 'reserve16';
UPDATE SM_FIELD_DEF SET JP_TITLE = '备用字段17', US_TITLE = 'Reserve 17' WHERE TABLE_ID = 'TBLID_BPROD_LABEL' AND FIELD_NAME = 'reserve17';
UPDATE SM_FIELD_DEF SET JP_TITLE = '备用字段18', US_TITLE = 'Reserve 18' WHERE TABLE_ID = 'TBLID_BPROD_LABEL' AND FIELD_NAME = 'reserve18';
UPDATE SM_FIELD_DEF SET JP_TITLE = '备用字段19', US_TITLE = 'Reserve 19' WHERE TABLE_ID = 'TBLID_BPROD_LABEL' AND FIELD_NAME = 'reserve19';
UPDATE SM_FIELD_DEF SET JP_TITLE = '备用字段20', US_TITLE = 'Reserve 20' WHERE TABLE_ID = 'TBLID_BPROD_LABEL' AND FIELD_NAME = 'reserve20';
UPDATE SM_FIELD_DEF SET JP_TITLE = '{NULL', US_TITLE = 'NULL' WHERE TABLE_ID = 'TBLID_BPROD_LABEL' AND FIELD_NAME = 'NULL';
UPDATE SM_FIELD_DEF SET JP_TITLE = '{"标题', US_TITLE = '英語名' WHERE TABLE_ID = 'TBLID_BRECIP_MOUNT' AND FIELD_NAME = '字段名称';
UPDATE SM_FIELD_DEF SET JP_TITLE = '{"--------------------', US_TITLE = '--------------------------------------------------------' WHERE TABLE_ID = 'TBLID_BRECIP_MOUNT' AND FIELD_NAME = '--------------------';
UPDATE SM_FIELD_DEF SET JP_TITLE = '配方', US_TITLE = 'RECIP_ID' WHERE TABLE_ID = 'TBLID_BRECIP_MOUNT' AND FIELD_NAME = 'recip_id';
UPDATE SM_FIELD_DEF SET JP_TITLE = '面方位代码', US_TITLE = 'Orientation Code' WHERE TABLE_ID = 'TBLID_BRECIP_MOUNT' AND FIELD_NAME = 'ori_code';
UPDATE SM_FIELD_DEF SET JP_TITLE = '面方位X轴', US_TITLE = 'Orientation X' WHERE TABLE_ID = 'TBLID_BRECIP_MOUNT' AND FIELD_NAME = 'ori_x';
UPDATE SM_FIELD_DEF SET JP_TITLE = '面方位Y轴', US_TITLE = 'Orientation Y' WHERE TABLE_ID = 'TBLID_BRECIP_MOUNT' AND FIELD_NAME = 'ori_y';
UPDATE SM_FIELD_DEF SET JP_TITLE = '{NULL', US_TITLE = 'NULL' WHERE TABLE_ID = 'TBLID_BRECIP_MOUNT' AND FIELD_NAME = 'NULL';
UPDATE SM_FIELD_DEF SET JP_TITLE = '{"标题', US_TITLE = '英語名' WHERE TABLE_ID = 'TBLID_BRF_GROUP' AND FIELD_NAME = '字段名称';
UPDATE SM_FIELD_DEF SET JP_TITLE = '{"--------------------', US_TITLE = '--------------------------------------------------------' WHERE TABLE_ID = 'TBLID_BRF_GROUP' AND FIELD_NAME = '--------------------';
UPDATE SM_FIELD_DEF SET JP_TITLE = 'RF组ID', US_TITLE = 'RF Group ID' WHERE TABLE_ID = 'TBLID_BRF_GROUP' AND FIELD_NAME = 'rf_group_id';
UPDATE SM_FIELD_DEF SET JP_TITLE = 'RF组名称', US_TITLE = 'RF Group Name' WHERE TABLE_ID = 'TBLID_BRF_GROUP' AND FIELD_NAME = 'rf_group_name';
UPDATE SM_FIELD_DEF SET JP_TITLE = '清零标识', US_TITLE = 'Clear Tag' WHERE TABLE_ID = 'TBLID_BRF_GROUP' AND FIELD_NAME = 'clear_tag';
UPDATE SM_FIELD_DEF SET JP_TITLE = '清零间隔时间', US_TITLE = 'Clear Interval' WHERE TABLE_ID = 'TBLID_BRF_GROUP' AND FIELD_NAME = 'clear_interval';
UPDATE SM_FIELD_DEF SET JP_TITLE = '备用字段1', US_TITLE = 'Reserve 1' WHERE TABLE_ID = 'TBLID_BRF_GROUP' AND FIELD_NAME = 'reserve01';
UPDATE SM_FIELD_DEF SET JP_TITLE = '备用字段2', US_TITLE = 'Reserve 2' WHERE TABLE_ID = 'TBLID_BRF_GROUP' AND FIELD_NAME = 'reserve02';
UPDATE SM_FIELD_DEF SET JP_TITLE = '备用字段3', US_TITLE = 'Reserve 3' WHERE TABLE_ID = 'TBLID_BRF_GROUP' AND FIELD_NAME = 'reserve03';
UPDATE SM_FIELD_DEF SET JP_TITLE = '备用字段4', US_TITLE = 'Reserve 4' WHERE TABLE_ID = 'TBLID_BRF_GROUP' AND FIELD_NAME = 'reserve04';
UPDATE SM_FIELD_DEF SET JP_TITLE = '{NULL', US_TITLE = 'NULL' WHERE TABLE_ID = 'TBLID_BRF_GROUP' AND FIELD_NAME = 'NULL';
UPDATE SM_FIELD_DEF SET JP_TITLE = '{"标题', US_TITLE = '英語名' WHERE TABLE_ID = 'TBLID_BRF_PTN' AND FIELD_NAME = '字段名称';
UPDATE SM_FIELD_DEF SET JP_TITLE = '{"--------------------', US_TITLE = '--------------------------------------------------------' WHERE TABLE_ID = 'TBLID_BRF_PTN' AND FIELD_NAME = '--------------------';
UPDATE SM_FIELD_DEF SET JP_TITLE = 'RF组ID', US_TITLE = 'RF Group ID' WHERE TABLE_ID = 'TBLID_BRF_PTN' AND FIELD_NAME = 'rf_group_id';
UPDATE SM_FIELD_DEF SET JP_TITLE = '序号', US_TITLE = 'Sequence No' WHERE TABLE_ID = 'TBLID_BRF_PTN' AND FIELD_NAME = 'seq_no';
UPDATE SM_FIELD_DEF SET JP_TITLE = '组件', US_TITLE = 'Module' WHERE TABLE_ID = 'TBLID_BRF_PTN' AND FIELD_NAME = 'part';
UPDATE SM_FIELD_DEF SET JP_TITLE = '组件长度', US_TITLE = 'Module Length' WHERE TABLE_ID = 'TBLID_BRF_PTN' AND FIELD_NAME = 'part_len';
UPDATE SM_FIELD_DEF SET JP_TITLE = '组件固定值', US_TITLE = 'Fix Value' WHERE TABLE_ID = 'TBLID_BRF_PTN' AND FIELD_NAME = 'fix_val';
UPDATE SM_FIELD_DEF SET JP_TITLE = '备用字段1', US_TITLE = 'Reserve 1' WHERE TABLE_ID = 'TBLID_BRF_PTN' AND FIELD_NAME = 'reserve01';
UPDATE SM_FIELD_DEF SET JP_TITLE = '备用字段2', US_TITLE = 'Reserve 2' WHERE TABLE_ID = 'TBLID_BRF_PTN' AND FIELD_NAME = 'reserve02';
UPDATE SM_FIELD_DEF SET JP_TITLE = '备用字段3', US_TITLE = 'Reserve 3' WHERE TABLE_ID = 'TBLID_BRF_PTN' AND FIELD_NAME = 'reserve03';
UPDATE SM_FIELD_DEF SET JP_TITLE = '备用字段4', US_TITLE = 'Reserve 4' WHERE TABLE_ID = 'TBLID_BRF_PTN' AND FIELD_NAME = 'reserve04';
UPDATE SM_FIELD_DEF SET JP_TITLE = '{NULL', US_TITLE = 'NULL' WHERE TABLE_ID = 'TBLID_BRF_PTN' AND FIELD_NAME = 'NULL';
UPDATE SM_FIELD_DEF SET JP_TITLE = '{"标题', US_TITLE = '英語名' WHERE TABLE_ID = 'TBLID_BPRINT_CHECK' AND FIELD_NAME = '字段名称';
UPDATE SM_FIELD_DEF SET JP_TITLE = '{"--------------------', US_TITLE = '--------------------------------------------------------' WHERE TABLE_ID = 'TBLID_BPRINT_CHECK' AND FIELD_NAME = '--------------------';
UPDATE SM_FIELD_DEF SET JP_TITLE = '标签模板ID', US_TITLE = 'Label Print ID' WHERE TABLE_ID = 'TBLID_BPRINT_CHECK' AND FIELD_NAME = 'label_print_id';
UPDATE SM_FIELD_DEF SET JP_TITLE = '序号', US_TITLE = 'Sequence No' WHERE TABLE_ID = 'TBLID_BPRINT_CHECK' AND FIELD_NAME = 'seq_no';
UPDATE SM_FIELD_DEF SET JP_TITLE = '标签检查项目', US_TITLE = 'Label Check Item' WHERE TABLE_ID = 'TBLID_BPRINT_CHECK' AND FIELD_NAME = 'label_chk_item';
UPDATE SM_FIELD_DEF SET JP_TITLE = '标签项目1', US_TITLE = 'Label Item 1' WHERE TABLE_ID = 'TBLID_BPRINT_CHECK' AND FIELD_NAME = 'label_item01';
UPDATE SM_FIELD_DEF SET JP_TITLE = '标签项目2', US_TITLE = 'Label Item 2' WHERE TABLE_ID = 'TBLID_BPRINT_CHECK' AND FIELD_NAME = 'label_item02';
UPDATE SM_FIELD_DEF SET JP_TITLE = '标签项目3', US_TITLE = 'Label Item 3' WHERE TABLE_ID = 'TBLID_BPRINT_CHECK' AND FIELD_NAME = 'label_item03';
UPDATE SM_FIELD_DEF SET JP_TITLE = '标签项目4', US_TITLE = 'Label Item 4' WHERE TABLE_ID = 'TBLID_BPRINT_CHECK' AND FIELD_NAME = 'label_item04';
UPDATE SM_FIELD_DEF SET JP_TITLE = '备用字段1', US_TITLE = 'Reserve 1' WHERE TABLE_ID = 'TBLID_BPRINT_CHECK' AND FIELD_NAME = 'reserve01';
UPDATE SM_FIELD_DEF SET JP_TITLE = '备用字段2', US_TITLE = 'Reserve 2' WHERE TABLE_ID = 'TBLID_BPRINT_CHECK' AND FIELD_NAME = 'reserve02';
UPDATE SM_FIELD_DEF SET JP_TITLE = '备用字段3', US_TITLE = 'Reserve 3' WHERE TABLE_ID = 'TBLID_BPRINT_CHECK' AND FIELD_NAME = 'reserve03';
UPDATE SM_FIELD_DEF SET JP_TITLE = '备用字段4', US_TITLE = 'Reserve 5' WHERE TABLE_ID = 'TBLID_BPRINT_CHECK' AND FIELD_NAME = 'reserve04';
UPDATE SM_FIELD_DEF SET JP_TITLE = '备用字段5', US_TITLE = 'Reserve 6' WHERE TABLE_ID = 'TBLID_BPRINT_CHECK' AND FIELD_NAME = 'reserve05';
UPDATE SM_FIELD_DEF SET JP_TITLE = '{NULL', US_TITLE = 'NULL' WHERE TABLE_ID = 'TBLID_BPRINT_CHECK' AND FIELD_NAME = 'NULL';
UPDATE SM_FIELD_DEF SET JP_TITLE = '{"标题', US_TITLE = '英語名' WHERE TABLE_ID = 'TBLID_BPROC_SMP_SET' AND FIELD_NAME = '字段名称';
UPDATE SM_FIELD_DEF SET JP_TITLE = '{"--------------------', US_TITLE = '--------------------------------------------------------' WHERE TABLE_ID = 'TBLID_BPROC_SMP_SET' AND FIELD_NAME = '--------------------';
UPDATE SM_FIELD_DEF SET JP_TITLE = '工程ID', US_TITLE = 'OPE_ID' WHERE TABLE_ID = 'TBLID_BPROC_SMP_SET' AND FIELD_NAME = 'ope_id';
UPDATE SM_FIELD_DEF SET JP_TITLE = '首检标识', US_TITLE = 'SMP_FLG' WHERE TABLE_ID = 'TBLID_BPROC_SMP_SET' AND FIELD_NAME = 'smp_flg';
UPDATE SM_FIELD_DEF SET JP_TITLE = '首检枚数', US_TITLE = 'SMP_WAF_CNT' WHERE TABLE_ID = 'TBLID_BPROC_SMP_SET' AND FIELD_NAME = 'smp_waf_cnt';
UPDATE SM_FIELD_DEF SET JP_TITLE = '备用字段1', US_TITLE = 'Reserve 1' WHERE TABLE_ID = 'TBLID_BPROC_SMP_SET' AND FIELD_NAME = 'reserve01';
UPDATE SM_FIELD_DEF SET JP_TITLE = '备用字段2', US_TITLE = 'Reserve 2' WHERE TABLE_ID = 'TBLID_BPROC_SMP_SET' AND FIELD_NAME = 'reserve02';
UPDATE SM_FIELD_DEF SET JP_TITLE = '备用字段3', US_TITLE = 'Reserve 3' WHERE TABLE_ID = 'TBLID_BPROC_SMP_SET' AND FIELD_NAME = 'reserve03';
UPDATE SM_FIELD_DEF SET JP_TITLE = '备用字段4', US_TITLE = 'Reserve 4' WHERE TABLE_ID = 'TBLID_BPROC_SMP_SET' AND FIELD_NAME = 'reserve04';
UPDATE SM_FIELD_DEF SET JP_TITLE = '{NULL', US_TITLE = 'NULL' WHERE TABLE_ID = 'TBLID_BPROC_SMP_SET' AND FIELD_NAME = 'NULL';
UPDATE SM_FIELD_DEF SET JP_TITLE = '{"标题', US_TITLE = '英語名' WHERE TABLE_ID = 'TBLID_BPROC_SMPITEM_SET' AND FIELD_NAME = '字段名称';
UPDATE SM_FIELD_DEF SET JP_TITLE = '{"--------------------', US_TITLE = '--------------------------------------------------------' WHERE TABLE_ID = 'TBLID_BPROC_SMPITEM_SET' AND FIELD_NAME = '--------------------';
UPDATE SM_FIELD_DEF SET JP_TITLE = '工艺路径ID', US_TITLE = 'ROUTE_ID' WHERE TABLE_ID = 'TBLID_BPROC_SMPITEM_SET' AND FIELD_NAME = 'route_id';
UPDATE SM_FIELD_DEF SET JP_TITLE = '工艺路径版本', US_TITLE = 'ROUTE_VER' WHERE TABLE_ID = 'TBLID_BPROC_SMPITEM_SET' AND FIELD_NAME = 'route_ver';
UPDATE SM_FIELD_DEF SET JP_TITLE = '測定項目', US_TITLE = 'MEAS_ITEM' WHERE TABLE_ID = 'TBLID_BPROC_SMPITEM_SET' AND FIELD_NAME = 'meas_item';
UPDATE SM_FIELD_DEF SET JP_TITLE = '工程ID', US_TITLE = 'OPE_ID' WHERE TABLE_ID = 'TBLID_BPROC_SMPITEM_SET' AND FIELD_NAME = 'ope_id';
UPDATE SM_FIELD_DEF SET JP_TITLE = '备用字段1', US_TITLE = 'Reserve 1' WHERE TABLE_ID = 'TBLID_BPROC_SMPITEM_SET' AND FIELD_NAME = 'reserve01';
UPDATE SM_FIELD_DEF SET JP_TITLE = '备用字段2', US_TITLE = 'Reserve 2' WHERE TABLE_ID = 'TBLID_BPROC_SMPITEM_SET' AND FIELD_NAME = 'reserve02';
UPDATE SM_FIELD_DEF SET JP_TITLE = '备用字段3', US_TITLE = 'Reserve 3' WHERE TABLE_ID = 'TBLID_BPROC_SMPITEM_SET' AND FIELD_NAME = 'reserve03';
UPDATE SM_FIELD_DEF SET JP_TITLE = '备用字段4', US_TITLE = 'Reserve 4' WHERE TABLE_ID = 'TBLID_BPROC_SMPITEM_SET' AND FIELD_NAME = 'reserve04';
UPDATE SM_FIELD_DEF SET JP_TITLE = '{NULL', US_TITLE = 'NULL' WHERE TABLE_ID = 'TBLID_BPROC_SMPITEM_SET' AND FIELD_NAME = 'NULL';
UPDATE SM_FIELD_DEF SET JP_TITLE = '{"标题', US_TITLE = '英語名' WHERE TABLE_ID = 'TBLID_BGOP_JDG' AND FIELD_NAME = '字段名称';
UPDATE SM_FIELD_DEF SET JP_TITLE = '{"--------------------', US_TITLE = '--------------------------------------------------------' WHERE TABLE_ID = 'TBLID_BGOP_JDG' AND FIELD_NAME = '--------------------';
UPDATE SM_FIELD_DEF SET JP_TITLE = 'GOP规则ID', US_TITLE = 'GOP Rule ID' WHERE TABLE_ID = 'TBLID_BGOP_JDG' AND FIELD_NAME = 'rule_id';
UPDATE SM_FIELD_DEF SET JP_TITLE = '序号', US_TITLE = 'Sequence No' WHERE TABLE_ID = 'TBLID_BGOP_JDG' AND FIELD_NAME = 'seq_no';
UPDATE SM_FIELD_DEF SET JP_TITLE = 'CD_PLUS', US_TITLE = 'CD_PLUS' WHERE TABLE_ID = 'TBLID_BGOP_JDG' AND FIELD_NAME = 'cd_plus';
UPDATE SM_FIELD_DEF SET JP_TITLE = 'GOP', US_TITLE = 'GOP' WHERE TABLE_ID = 'TBLID_BGOP_JDG' AND FIELD_NAME = 'gop';
UPDATE SM_FIELD_DEF SET JP_TITLE = 'SLUG_POS', US_TITLE = 'SLUG_POS' WHERE TABLE_ID = 'TBLID_BGOP_JDG' AND FIELD_NAME = 'slug_pos';
UPDATE SM_FIELD_DEF SET JP_TITLE = '备用字段1', US_TITLE = 'Reserve 1' WHERE TABLE_ID = 'TBLID_BGOP_JDG' AND FIELD_NAME = 'reserve1';
UPDATE SM_FIELD_DEF SET JP_TITLE = '备用字段2', US_TITLE = 'Reserve 2' WHERE TABLE_ID = 'TBLID_BGOP_JDG' AND FIELD_NAME = 'reserve2';
UPDATE SM_FIELD_DEF SET JP_TITLE = '备用字段3', US_TITLE = 'Reserve 3' WHERE TABLE_ID = 'TBLID_BGOP_JDG' AND FIELD_NAME = 'reserve3';
UPDATE SM_FIELD_DEF SET JP_TITLE = '备用字段4', US_TITLE = 'Reserve 4' WHERE TABLE_ID = 'TBLID_BGOP_JDG' AND FIELD_NAME = 'reserve4';
UPDATE SM_FIELD_DEF SET JP_TITLE = '备用字段5', US_TITLE = 'Reserve 5' WHERE TABLE_ID = 'TBLID_BGOP_JDG' AND FIELD_NAME = 'reserve5';
UPDATE SM_FIELD_DEF SET JP_TITLE = '备用字段6', US_TITLE = 'Reserve 6' WHERE TABLE_ID = 'TBLID_BGOP_JDG' AND FIELD_NAME = 'reserve6';
UPDATE SM_FIELD_DEF SET JP_TITLE = '备用字段7', US_TITLE = 'Reserve 7' WHERE TABLE_ID = 'TBLID_BGOP_JDG' AND FIELD_NAME = 'reserve7';
UPDATE SM_FIELD_DEF SET JP_TITLE = '备用字段8', US_TITLE = 'Reserve 8' WHERE TABLE_ID = 'TBLID_BGOP_JDG' AND FIELD_NAME = 'reserve8';
UPDATE SM_FIELD_DEF SET JP_TITLE = '备用字段9', US_TITLE = 'Reserve 9' WHERE TABLE_ID = 'TBLID_BGOP_JDG' AND FIELD_NAME = 'reserve9';
UPDATE SM_FIELD_DEF SET JP_TITLE = '备用字段10', US_TITLE = 'Reserve 10' WHERE TABLE_ID = 'TBLID_BGOP_JDG' AND FIELD_NAME = 'reserve10';
UPDATE SM_FIELD_DEF SET JP_TITLE = '{NULL', US_TITLE = 'NULL' WHERE TABLE_ID = 'TBLID_BGOP_JDG' AND FIELD_NAME = 'NULL';
UPDATE SM_FIELD_DEF SET JP_TITLE = '{"ﾀｲﾄﾙ', US_TITLE = '英語名' WHERE TABLE_ID = 'TBLID_BAREA' AND FIELD_NAME = 'ﾌｨｰﾙﾄﾞ名';
UPDATE SM_FIELD_DEF SET JP_TITLE = '{"--------------------', US_TITLE = '--------------------------------------------------------' WHERE TABLE_ID = 'TBLID_BAREA' AND FIELD_NAME = '--------------------';
UPDATE SM_FIELD_DEF SET JP_TITLE = 'ｴﾘｱID', US_TITLE = 'AREA_ID' WHERE TABLE_ID = 'TBLID_BAREA' AND FIELD_NAME = 'area_id';
UPDATE SM_FIELD_DEF SET JP_TITLE = 'ｴﾘｱ名称', US_TITLE = 'AREA_NAME' WHERE TABLE_ID = 'TBLID_BAREA' AND FIELD_NAME = 'area_name';
UPDATE SM_FIELD_DEF SET JP_TITLE = 'ｴﾘｱ詳細', US_TITLE = 'AREA_DESC' WHERE TABLE_ID = 'TBLID_BAREA' AND FIELD_NAME = 'area_desc';
UPDATE SM_FIELD_DEF SET JP_TITLE = 'IPｱﾄﾞﾚｽ', US_TITLE = 'IP_ADRESS' WHERE TABLE_ID = 'TBLID_BAREA' AND FIELD_NAME = 'ip_adress';
UPDATE SM_FIELD_DEF SET JP_TITLE = '装置ｴﾘｱ登録', US_TITLE = 'DEQP_AREA' WHERE TABLE_ID = 'TBLID_BAREA' AND FIELD_NAME = 'dummy';
UPDATE SM_FIELD_DEF SET JP_TITLE = 'ｽﾄｯｶｰ登録', US_TITLE = 'DSTK_AREA' WHERE TABLE_ID = 'TBLID_BAREA' AND FIELD_NAME = 'dummy2';
UPDATE SM_FIELD_DEF SET JP_TITLE = '{NULL', US_TITLE = 'NULL' WHERE TABLE_ID = 'TBLID_BAREA' AND FIELD_NAME = 'NULL';
UPDATE SM_FIELD_DEF SET JP_TITLE = '{"ﾀｲﾄﾙ', US_TITLE = '英語名' WHERE TABLE_ID = 'TBLID_BCALND' AND FIELD_NAME = 'ﾌｨｰﾙﾄﾞ名';
UPDATE SM_FIELD_DEF SET JP_TITLE = '{"--------------------', US_TITLE = '--------------------------------------------------------' WHERE TABLE_ID = 'TBLID_BCALND' AND FIELD_NAME = '--------------------';
UPDATE SM_FIELD_DEF SET JP_TITLE = '日付', US_TITLE = 'DATE' WHERE TABLE_ID = 'TBLID_BCALND' AND FIELD_NAME = 'date';
UPDATE SM_FIELD_DEF SET JP_TITLE = '稼働日', US_TITLE = 'SHOPDATE' WHERE TABLE_ID = 'TBLID_BCALND' AND FIELD_NAME = 'shopdate';
UPDATE SM_FIELD_DEF SET JP_TITLE = '休暇ﾌﾗｸﾞ', US_TITLE = 'HOLIDAY_FLG' WHERE TABLE_ID = 'TBLID_BCALND' AND FIELD_NAME = 'holiday_flg';
UPDATE SM_FIELD_DEF SET JP_TITLE = '{NULL', US_TITLE = 'NULL' WHERE TABLE_ID = 'TBLID_BCALND' AND FIELD_NAME = 'NULL';
UPDATE SM_FIELD_DEF SET JP_TITLE = '{"ﾀｲﾄﾙ', US_TITLE = '英語名' WHERE TABLE_ID = 'TBLID_BCODE' AND FIELD_NAME = 'ﾌｨｰﾙﾄﾞ名';
UPDATE SM_FIELD_DEF SET JP_TITLE = '{"--------------------', US_TITLE = '--------------------------------------------------------' WHERE TABLE_ID = 'TBLID_BCODE' AND FIELD_NAME = '--------------------';
UPDATE SM_FIELD_DEF SET JP_TITLE = 'ｺｰﾄﾞ区分', US_TITLE = 'CODE_CAT' WHERE TABLE_ID = 'TBLID_BCODE' AND FIELD_NAME = 'code_cat';
UPDATE SM_FIELD_DEF SET JP_TITLE = 'ｺｰﾄﾞID', US_TITLE = 'CODE_ID' WHERE TABLE_ID = 'TBLID_BCODE' AND FIELD_NAME = 'code_id';
UPDATE SM_FIELD_DEF SET JP_TITLE = 'ｺｰﾄﾞ名称', US_TITLE = 'CODE_NAME' WHERE TABLE_ID = 'TBLID_BCODE' AND FIELD_NAME = 'code_name';
UPDATE SM_FIELD_DEF SET JP_TITLE = 'ｺｰﾄﾞ詳細', US_TITLE = 'CODE_DESC' WHERE TABLE_ID = 'TBLID_BCODE' AND FIELD_NAME = 'code_desc';
UPDATE SM_FIELD_DEF SET JP_TITLE = '{NULL', US_TITLE = 'NULL' WHERE TABLE_ID = 'TBLID_BCODE' AND FIELD_NAME = 'NULL';
UPDATE SM_FIELD_DEF SET JP_TITLE = '{"ﾀｲﾄﾙ', US_TITLE = '英語名' WHERE TABLE_ID = 'TBLID_BCZ_ITEMIZED_DEF' AND FIELD_NAME = 'ﾌｨｰﾙﾄﾞ名';
UPDATE SM_FIELD_DEF SET JP_TITLE = '{"--------------------', US_TITLE = '--------------------------------------------------------' WHERE TABLE_ID = 'TBLID_BCZ_ITEMIZED_DEF' AND FIELD_NAME = '--------------------';
UPDATE SM_FIELD_DEF SET JP_TITLE = 'ｱｲﾃﾏｲｽﾞﾄﾞﾚｺｰﾄﾞ種別', US_TITLE = 'ITEMIZED_REC_CAT' WHERE TABLE_ID = 'TBLID_BCZ_ITEMIZED_DEF' AND FIELD_NAME = 'itemized_rec_cat';
UPDATE SM_FIELD_DEF SET JP_TITLE = 'ｱｲﾃﾏｲｽﾞﾄﾞ項目', US_TITLE = 'ITEMIZED_ITEM' WHERE TABLE_ID = 'TBLID_BCZ_ITEMIZED_DEF' AND FIELD_NAME = 'itemized_item';
UPDATE SM_FIELD_DEF SET JP_TITLE = 'ｼｰｹﾝｽ番号', US_TITLE = 'SEQ_NO' WHERE TABLE_ID = 'TBLID_BCZ_ITEMIZED_DEF' AND FIELD_NAME = 'seq_no';
UPDATE SM_FIELD_DEF SET JP_TITLE = '開始位置', US_TITLE = 'START_POS' WHERE TABLE_ID = 'TBLID_BCZ_ITEMIZED_DEF' AND FIELD_NAME = 'start_pos';
UPDATE SM_FIELD_DEF SET JP_TITLE = '文字長', US_TITLE = 'STR_LEN' WHERE TABLE_ID = 'TBLID_BCZ_ITEMIZED_DEF' AND FIELD_NAME = 'str_len';
UPDATE SM_FIELD_DEF SET JP_TITLE = 'BPRODCODEへのｼﾞｬﾝﾌﾟ用ﾀﾞﾐｰ', US_TITLE = 'L' WHERE TABLE_ID = 'TBLID_BCZ_ITEMIZED_DEF' AND FIELD_NAME = 'prod_code_cat';
UPDATE SM_FIELD_DEF SET JP_TITLE = 'BCODEへのｼﾞｬﾝﾌﾟ用ﾀﾞﾐｰ', US_TITLE = 'L' WHERE TABLE_ID = 'TBLID_BCZ_ITEMIZED_DEF' AND FIELD_NAME = 'code_cat';
UPDATE SM_FIELD_DEF SET JP_TITLE = '{NULL', US_TITLE = 'NULL' WHERE TABLE_ID = 'TBLID_BCZ_ITEMIZED_DEF' AND FIELD_NAME = 'NULL';
UPDATE SM_FIELD_DEF SET JP_TITLE = '{"ﾀｲﾄﾙ', US_TITLE = '英語名' WHERE TABLE_ID = 'TBLID_BEMPCAR_SC' AND FIELD_NAME = 'ﾌｨｰﾙﾄﾞ名';
UPDATE SM_FIELD_DEF SET JP_TITLE = '{"--------------------', US_TITLE = '--------------------------------------------------------' WHERE TABLE_ID = 'TBLID_BEMPCAR_SC' AND FIELD_NAME = '--------------------';
UPDATE SM_FIELD_DEF SET JP_TITLE = '搬送元ｽﾄｯｶｰID', US_TITLE = 'TRAN_FROM_STK_ID' WHERE TABLE_ID = 'TBLID_BEMPCAR_SC' AND FIELD_NAME = 'tran_from_stk_id';
UPDATE SM_FIELD_DEF SET JP_TITLE = '搬送元ｽﾄｯｶｰﾎﾟｰﾄID', US_TITLE = 'TRAN_FROM_STK_PORT_ID' WHERE TABLE_ID = 'TBLID_BEMPCAR_SC' AND FIELD_NAME = 'tran_from_stk_port_id';
UPDATE SM_FIELD_DEF SET JP_TITLE = '搬送先ｽﾄｯｶｰID', US_TITLE = 'TRAN_TO_STK_ID' WHERE TABLE_ID = 'TBLID_BEMPCAR_SC' AND FIELD_NAME = 'tran_to_stk_id';
UPDATE SM_FIELD_DEF SET JP_TITLE = '搬送先ｽﾄｯｶｰﾎﾟｰﾄID', US_TITLE = 'TRAN_TO_STK_PORT_ID' WHERE TABLE_ID = 'TBLID_BEMPCAR_SC' AND FIELD_NAME = 'tran_to_stk_port_id';
UPDATE SM_FIELD_DEF SET JP_TITLE = 'ｶｾｯﾄｸﾞﾙｰﾌﾟID', US_TITLE = 'CARG_ID' WHERE TABLE_ID = 'TBLID_BEMPCAR_SC' AND FIELD_NAME = 'carg_id';
UPDATE SM_FIELD_DEF SET JP_TITLE = 'ｼｰｹﾝｽ番号', US_TITLE = 'SEQ_NO' WHERE TABLE_ID = 'TBLID_BEMPCAR_SC' AND FIELD_NAME = 'seq_no';
UPDATE SM_FIELD_DEF SET JP_TITLE = '{NULL', US_TITLE = 'NULL' WHERE TABLE_ID = 'TBLID_BEMPCAR_SC' AND FIELD_NAME = 'NULL';
UPDATE SM_FIELD_DEF SET JP_TITLE = '{"ﾀｲﾄﾙ', US_TITLE = '英語名' WHERE TABLE_ID = 'TBLID_BEQP_AREA' AND FIELD_NAME = 'ﾌｨｰﾙﾄﾞ名';
UPDATE SM_FIELD_DEF SET JP_TITLE = '{"--------------------', US_TITLE = '--------------------------------------------------------' WHERE TABLE_ID = 'TBLID_BEQP_AREA' AND FIELD_NAME = '--------------------';
UPDATE SM_FIELD_DEF SET JP_TITLE = '{"装置ID', US_TITLE = 'EQP_ID' WHERE TABLE_ID = 'TBLID_BEQP_AREA' AND FIELD_NAME = 'eqp_id';
UPDATE SM_FIELD_DEF SET JP_TITLE = '{"ｴﾘｱID', US_TITLE = 'AREA_ID' WHERE TABLE_ID = 'TBLID_BEQP_AREA' AND FIELD_NAME = 'area_id';
UPDATE SM_FIELD_DEF SET JP_TITLE = '装置ID', US_TITLE = 'EQP_ID' WHERE TABLE_ID = 'TBLID_BEQP_AREA' AND FIELD_NAME = 'eqp_id';
UPDATE SM_FIELD_DEF SET JP_TITLE = 'ｴﾘｱID', US_TITLE = 'AREA_ID' WHERE TABLE_ID = 'TBLID_BEQP_AREA' AND FIELD_NAME = 'area_id';
UPDATE SM_FIELD_DEF SET JP_TITLE = '項目ｼｰｹﾝｽ番号', US_TITLE = 'ITEM_SEQ_NO' WHERE TABLE_ID = 'TBLID_BEQP_AREA' AND FIELD_NAME = 'item_seq_no';
UPDATE SM_FIELD_DEF SET JP_TITLE = '{NULL', US_TITLE = 'NULL' WHERE TABLE_ID = 'TBLID_BEQP_AREA' AND FIELD_NAME = 'NULL';
UPDATE SM_FIELD_DEF SET JP_TITLE = '{"ﾀｲﾄﾙ', US_TITLE = '英語名' WHERE TABLE_ID = 'TBLID_BEQPG_EQP' AND FIELD_NAME = 'ﾌｨｰﾙﾄﾞ名';
UPDATE SM_FIELD_DEF SET JP_TITLE = '{"--------------------', US_TITLE = '--------------------------------------------------------' WHERE TABLE_ID = 'TBLID_BEQPG_EQP' AND FIELD_NAME = '--------------------';
UPDATE SM_FIELD_DEF SET JP_TITLE = '装置ｸﾞﾙｰﾌﾟID', US_TITLE = 'EQPG_ID' WHERE TABLE_ID = 'TBLID_BEQPG_EQP' AND FIELD_NAME = 'eqpg_id';
UPDATE SM_FIELD_DEF SET JP_TITLE = '装置ID', US_TITLE = 'EQP_ID' WHERE TABLE_ID = 'TBLID_BEQPG_EQP' AND FIELD_NAME = 'eqp_id';
UPDATE SM_FIELD_DEF SET JP_TITLE = '項目ｼｰｹﾝｽ番号', US_TITLE = 'ITEM_SEQ_NO' WHERE TABLE_ID = 'TBLID_BEQPG_EQP' AND FIELD_NAME = 'item_seq_no';
UPDATE SM_FIELD_DEF SET JP_TITLE = '{NULL', US_TITLE = 'NULL' WHERE TABLE_ID = 'TBLID_BEQPG_EQP' AND FIELD_NAME = 'NULL';
UPDATE SM_FIELD_DEF SET JP_TITLE = '{"ﾀｲﾄﾙ', US_TITLE = '英語名' WHERE TABLE_ID = 'TBLID_BEQPG' AND FIELD_NAME = 'ﾌｨｰﾙﾄﾞ名';
UPDATE SM_FIELD_DEF SET JP_TITLE = '{"--------------------', US_TITLE = '--------------------------------------------------------' WHERE TABLE_ID = 'TBLID_BEQPG' AND FIELD_NAME = '--------------------';
UPDATE SM_FIELD_DEF SET JP_TITLE = '装置ｸﾞﾙｰﾌﾟID', US_TITLE = 'EQPG_ID' WHERE TABLE_ID = 'TBLID_BEQPG' AND FIELD_NAME = 'eqpg_id';
UPDATE SM_FIELD_DEF SET JP_TITLE = '装置ｸﾞﾙｰﾌﾟ名称', US_TITLE = 'EQPG_NAME' WHERE TABLE_ID = 'TBLID_BEQPG' AND FIELD_NAME = 'eqpg_name';
UPDATE SM_FIELD_DEF SET JP_TITLE = '装置ｸﾞﾙｰﾌﾟ詳細', US_TITLE = 'EQPG_DESC' WHERE TABLE_ID = 'TBLID_BEQPG' AND FIELD_NAME = 'eqpg_desc';
UPDATE SM_FIELD_DEF SET JP_TITLE = '装置ｸﾞﾙｰﾌﾟ関連', US_TITLE = 'DEQPG_EQP' WHERE TABLE_ID = 'TBLID_BEQPG' AND FIELD_NAME = 'dummy';
UPDATE SM_FIELD_DEF SET JP_TITLE = '{NULL', US_TITLE = 'NULL' WHERE TABLE_ID = 'TBLID_BEQPG' AND FIELD_NAME = 'NULL';
UPDATE SM_FIELD_DEF SET JP_TITLE = '{"ﾀｲﾄﾙ', US_TITLE = '英語名' WHERE TABLE_ID = 'TBLID_BEQP_MAILADRESS' AND FIELD_NAME = 'ﾌｨｰﾙﾄﾞ名';
UPDATE SM_FIELD_DEF SET JP_TITLE = '{"--------------------', US_TITLE = '--------------------------------------------------------' WHERE TABLE_ID = 'TBLID_BEQP_MAILADRESS' AND FIELD_NAME = '--------------------';
UPDATE SM_FIELD_DEF SET JP_TITLE = '装置ID', US_TITLE = 'EQP_ID' WHERE TABLE_ID = 'TBLID_BEQP_MAILADRESS' AND FIELD_NAME = 'eqp_id';
UPDATE SM_FIELD_DEF SET JP_TITLE = '{"作業者ID', US_TITLE = 'USER_ID' WHERE TABLE_ID = 'TBLID_BEQP_MAILADRESS' AND FIELD_NAME = 'user_id';
UPDATE SM_FIELD_DEF SET JP_TITLE = '作業者ID', US_TITLE = 'USER_ID' WHERE TABLE_ID = 'TBLID_BEQP_MAILADRESS' AND FIELD_NAME = 'user_id';
UPDATE SM_FIELD_DEF SET JP_TITLE = 'EML报警发送标记', US_TITLE = 'EML_FLG' WHERE TABLE_ID = 'TBLID_BEQP_MAILADRESS' AND FIELD_NAME = 'eml_flg';
UPDATE SM_FIELD_DEF SET JP_TITLE = '{NULL', US_TITLE = 'NULL' WHERE TABLE_ID = 'TBLID_BEQP_MAILADRESS' AND FIELD_NAME = 'NULL';
UPDATE SM_FIELD_DEF SET JP_TITLE = '{"ﾀｲﾄﾙ', US_TITLE = '英語名' WHERE TABLE_ID = 'TBLID_BEQP_RECIP' AND FIELD_NAME = 'ﾌｨｰﾙﾄﾞ名';
UPDATE SM_FIELD_DEF SET JP_TITLE = '{"--------------------', US_TITLE = '--------------------------------------------------------' WHERE TABLE_ID = 'TBLID_BEQP_RECIP' AND FIELD_NAME = '--------------------';
UPDATE SM_FIELD_DEF SET JP_TITLE = '装置ID', US_TITLE = 'EQP_ID' WHERE TABLE_ID = 'TBLID_BEQP_RECIP' AND FIELD_NAME = 'eqp_id';
UPDATE SM_FIELD_DEF SET JP_TITLE = 'ﾚｼﾋﾟID', US_TITLE = 'RECIP_ID' WHERE TABLE_ID = 'TBLID_BEQP_RECIP' AND FIELD_NAME = 'recip_id';
UPDATE SM_FIELD_DEF SET JP_TITLE = '{NULL', US_TITLE = 'NULL' WHERE TABLE_ID = 'TBLID_BEQP_RECIP' AND FIELD_NAME = 'NULL';
UPDATE SM_FIELD_DEF SET JP_TITLE = '{"ﾀｲﾄﾙ', US_TITLE = '英語名' WHERE TABLE_ID = 'TBLID_BHOLDCODE' AND FIELD_NAME = 'ﾌｨｰﾙﾄﾞ名';
UPDATE SM_FIELD_DEF SET JP_TITLE = '{"--------------------', US_TITLE = '--------------------------------------------------------' WHERE TABLE_ID = 'TBLID_BHOLDCODE' AND FIELD_NAME = '--------------------';
UPDATE SM_FIELD_DEF SET JP_TITLE = 'ﾎｰﾙﾄﾞﾀｲﾌﾟ', US_TITLE = 'HOLD_TYPE' WHERE TABLE_ID = 'TBLID_BHOLDCODE' AND FIELD_NAME = 'hold_type';
UPDATE SM_FIELD_DEF SET JP_TITLE = 'ﾎｰﾙﾄﾞ理由ｺｰﾄﾞ', US_TITLE = 'HOLD_RSN_CODE' WHERE TABLE_ID = 'TBLID_BHOLDCODE' AND FIELD_NAME = 'hold_rsn_code';
UPDATE SM_FIELD_DEF SET JP_TITLE = 'ﾎｰﾙﾄﾞ理由ｺｰﾄﾞ名称', US_TITLE = 'HOLD_RSN_CODE_NAME' WHERE TABLE_ID = 'TBLID_BHOLDCODE' AND FIELD_NAME = 'hold_rsn_code_name';
UPDATE SM_FIELD_DEF SET JP_TITLE = 'ﾎｰﾙﾄﾞ理由ｺｰﾄﾞ詳細', US_TITLE = 'HOLD_RSN_CODE_DESC' WHERE TABLE_ID = 'TBLID_BHOLDCODE' AND FIELD_NAME = 'hold_rsn_code_desc';
UPDATE SM_FIELD_DEF SET JP_TITLE = '設定業務ｸﾞﾙｰﾌﾟID1', US_TITLE = 'SET_USERG_ID1' WHERE TABLE_ID = 'TBLID_BHOLDCODE' AND FIELD_NAME = 'set_userg_id1';
UPDATE SM_FIELD_DEF SET JP_TITLE = '設定業務ｸﾞﾙｰﾌﾟID2', US_TITLE = 'SET_USERG_ID2' WHERE TABLE_ID = 'TBLID_BHOLDCODE' AND FIELD_NAME = 'set_userg_id2';
UPDATE SM_FIELD_DEF SET JP_TITLE = '設定業務ｸﾞﾙｰﾌﾟID3', US_TITLE = 'SET_USERG_ID3' WHERE TABLE_ID = 'TBLID_BHOLDCODE' AND FIELD_NAME = 'set_userg_id3';
UPDATE SM_FIELD_DEF SET JP_TITLE = '設定業務ｸﾞﾙｰﾌﾟID4', US_TITLE = 'SET_USERG_ID4' WHERE TABLE_ID = 'TBLID_BHOLDCODE' AND FIELD_NAME = 'set_userg_id4';
UPDATE SM_FIELD_DEF SET JP_TITLE = '設定業務ｸﾞﾙｰﾌﾟID5', US_TITLE = 'SET_USERG_ID5' WHERE TABLE_ID = 'TBLID_BHOLDCODE' AND FIELD_NAME = 'set_userg_id5';
UPDATE SM_FIELD_DEF SET JP_TITLE = '設定業務ｸﾞﾙｰﾌﾟID6', US_TITLE = 'SET_USERG_ID6' WHERE TABLE_ID = 'TBLID_BHOLDCODE' AND FIELD_NAME = 'set_userg_id6';
UPDATE SM_FIELD_DEF SET JP_TITLE = '設定業務ｸﾞﾙｰﾌﾟID7', US_TITLE = 'SET_USERG_ID7' WHERE TABLE_ID = 'TBLID_BHOLDCODE' AND FIELD_NAME = 'set_userg_id7';
UPDATE SM_FIELD_DEF SET JP_TITLE = '設定業務ｸﾞﾙｰﾌﾟID8', US_TITLE = 'SET_USERG_ID8' WHERE TABLE_ID = 'TBLID_BHOLDCODE' AND FIELD_NAME = 'set_userg_id8';
UPDATE SM_FIELD_DEF SET JP_TITLE = '設定業務ｸﾞﾙｰﾌﾟID9', US_TITLE = 'SET_USERG_ID9' WHERE TABLE_ID = 'TBLID_BHOLDCODE' AND FIELD_NAME = 'set_userg_id9';
UPDATE SM_FIELD_DEF SET JP_TITLE = '設定業務ｸﾞﾙｰﾌﾟID10', US_TITLE = 'SET_USERG_ID10' WHERE TABLE_ID = 'TBLID_BHOLDCODE' AND FIELD_NAME = 'set_userg_id10';
UPDATE SM_FIELD_DEF SET JP_TITLE = '解除業務ｸﾞﾙｰﾌﾟID1', US_TITLE = 'RESET_USERG_ID1' WHERE TABLE_ID = 'TBLID_BHOLDCODE' AND FIELD_NAME = 'reset_userg_id1';
UPDATE SM_FIELD_DEF SET JP_TITLE = '解除業務ｸﾞﾙｰﾌﾟID2', US_TITLE = 'RESET_USERG_ID2' WHERE TABLE_ID = 'TBLID_BHOLDCODE' AND FIELD_NAME = 'reset_userg_id2';
UPDATE SM_FIELD_DEF SET JP_TITLE = '解除業務ｸﾞﾙｰﾌﾟID3', US_TITLE = 'RESET_USERG_ID3' WHERE TABLE_ID = 'TBLID_BHOLDCODE' AND FIELD_NAME = 'reset_userg_id3';
UPDATE SM_FIELD_DEF SET JP_TITLE = '解除業務ｸﾞﾙｰﾌﾟID4', US_TITLE = 'RESET_USERG_ID4' WHERE TABLE_ID = 'TBLID_BHOLDCODE' AND FIELD_NAME = 'reset_userg_id4';
UPDATE SM_FIELD_DEF SET JP_TITLE = '解除業務ｸﾞﾙｰﾌﾟID5', US_TITLE = 'RESET_USERG_ID5' WHERE TABLE_ID = 'TBLID_BHOLDCODE' AND FIELD_NAME = 'reset_userg_id5';
UPDATE SM_FIELD_DEF SET JP_TITLE = '解除業務ｸﾞﾙｰﾌﾟID6', US_TITLE = 'RESET_USERG_ID6' WHERE TABLE_ID = 'TBLID_BHOLDCODE' AND FIELD_NAME = 'reset_userg_id6';
UPDATE SM_FIELD_DEF SET JP_TITLE = '解除業務ｸﾞﾙｰﾌﾟID7', US_TITLE = 'RESET_USERG_ID7' WHERE TABLE_ID = 'TBLID_BHOLDCODE' AND FIELD_NAME = 'reset_userg_id7';
UPDATE SM_FIELD_DEF SET JP_TITLE = '解除業務ｸﾞﾙｰﾌﾟID8', US_TITLE = 'RESET_USERG_ID8' WHERE TABLE_ID = 'TBLID_BHOLDCODE' AND FIELD_NAME = 'reset_userg_id8';
UPDATE SM_FIELD_DEF SET JP_TITLE = '解除業務ｸﾞﾙｰﾌﾟID9', US_TITLE = 'RESET_USERG_ID9' WHERE TABLE_ID = 'TBLID_BHOLDCODE' AND FIELD_NAME = 'reset_userg_id9';
UPDATE SM_FIELD_DEF SET JP_TITLE = '解除業務ｸﾞﾙｰﾌﾟID10', US_TITLE = 'RESET_USERG_ID10' WHERE TABLE_ID = 'TBLID_BHOLDCODE' AND FIELD_NAME = 'reset_userg_id10';
UPDATE SM_FIELD_DEF SET JP_TITLE = '{NULL', US_TITLE = 'NULL' WHERE TABLE_ID = 'TBLID_BHOLDCODE' AND FIELD_NAME = 'NULL';
UPDATE SM_FIELD_DEF SET JP_TITLE = '{"ﾀｲﾄﾙ', US_TITLE = '英語名' WHERE TABLE_ID = 'TBLID_BINSPJDG' AND FIELD_NAME = 'ﾌｨｰﾙﾄﾞ名';
UPDATE SM_FIELD_DEF SET JP_TITLE = '{"--------------------', US_TITLE = '--------------------------------------------------------' WHERE TABLE_ID = 'TBLID_BINSPJDG' AND FIELD_NAME = '--------------------';
UPDATE SM_FIELD_DEF SET JP_TITLE = '測定項目', US_TITLE = 'MEAS_ITEM' WHERE TABLE_ID = 'TBLID_BINSPJDG' AND FIELD_NAME = 'meas_item';
UPDATE SM_FIELD_DEF SET JP_TITLE = '{"装置ID', US_TITLE = 'EQP_ID' WHERE TABLE_ID = 'TBLID_BINSPJDG' AND FIELD_NAME = 'eqp_id';
UPDATE SM_FIELD_DEF SET JP_TITLE = '測定ﾃﾞｰﾀ', US_TITLE = 'MEAS_DATA' WHERE TABLE_ID = 'TBLID_BINSPJDG' AND FIELD_NAME = 'meas_data';
UPDATE SM_FIELD_DEF SET JP_TITLE = 'ｳｪｰﾊ処理区分', US_TITLE = 'WAF_ACTION_CAT' WHERE TABLE_ID = 'TBLID_BINSPJDG' AND FIELD_NAME = 'waf_action_cat';
UPDATE SM_FIELD_DEF SET JP_TITLE = 'ｳｪｰﾊ処理区分', US_TITLE = 'WAF_ACTION_CAT' WHERE TABLE_ID = 'TBLID_BINSPJDG' AND FIELD_NAME = 'waf_action_cat';
UPDATE SM_FIELD_DEF SET JP_TITLE = '不合格理由ｺｰﾄﾞ', US_TITLE = 'REJRSN_CODE' WHERE TABLE_ID = 'TBLID_BINSPJDG' AND FIELD_NAME = 'rejrsn_code';
UPDATE SM_FIELD_DEF SET JP_TITLE = 'ｳｪｰﾊ品質ﾊﾟﾀｰﾝA合致ﾌﾗｸﾞ', US_TITLE = 'WAF_QUO_PTN_A_FLG' WHERE TABLE_ID = 'TBLID_BINSPJDG' AND FIELD_NAME = 'waf_quo_ptn_a_flg';
UPDATE SM_FIELD_DEF SET JP_TITLE = 'ｳｪｰﾊ品質ﾊﾟﾀｰﾝB合致ﾌﾗｸﾞ', US_TITLE = 'WAF_QUO_PTN_B_FLG' WHERE TABLE_ID = 'TBLID_BINSPJDG' AND FIELD_NAME = 'waf_quo_ptn_b_flg';
UPDATE SM_FIELD_DEF SET JP_TITLE = 'ｳｪｰﾊ品質ﾊﾟﾀｰﾝC合致ﾌﾗｸﾞ', US_TITLE = 'WAF_QUO_PTN_C_FLG' WHERE TABLE_ID = 'TBLID_BINSPJDG' AND FIELD_NAME = 'waf_quo_ptn_c_flg';
UPDATE SM_FIELD_DEF SET JP_TITLE = 'ｳｪｰﾊ品質ﾊﾟﾀｰﾝD合致ﾌﾗｸﾞ', US_TITLE = 'WAF_QUO_PTN_D_FLG' WHERE TABLE_ID = 'TBLID_BINSPJDG' AND FIELD_NAME = 'waf_quo_ptn_d_flg';
UPDATE SM_FIELD_DEF SET JP_TITLE = '{NULL', US_TITLE = 'NULL' WHERE TABLE_ID = 'TBLID_BINSPJDG' AND FIELD_NAME = 'NULL';
UPDATE SM_FIELD_DEF SET JP_TITLE = '{"ﾀｲﾄﾙ', US_TITLE = '英語名' WHERE TABLE_ID = 'TBLID_BLABEL_PRINTER' AND FIELD_NAME = 'ﾌｨｰﾙﾄﾞ名';
UPDATE SM_FIELD_DEF SET JP_TITLE = '{"--------------------', US_TITLE = '--------------------------------------------------------' WHERE TABLE_ID = 'TBLID_BLABEL_PRINTER' AND FIELD_NAME = '--------------------';
UPDATE SM_FIELD_DEF SET JP_TITLE = '出力先', US_TITLE = 'OUT_ADRESS' WHERE TABLE_ID = 'TBLID_BLABEL_PRINTER' AND FIELD_NAME = 'out_adress';
UPDATE SM_FIELD_DEF SET JP_TITLE = 'FabID', US_TITLE = 'FAB_ID' WHERE TABLE_ID = 'TBLID_BLABEL_PRINTER' AND FIELD_NAME = 'fab_id';
UPDATE SM_FIELD_DEF SET JP_TITLE = 'ﾗﾍﾞﾙﾀｲﾌﾟ', US_TITLE = 'LABEL_TYPE' WHERE TABLE_ID = 'TBLID_BLABEL_PRINTER' AND FIELD_NAME = 'label_type';
UPDATE SM_FIELD_DEF SET JP_TITLE = 'BPRODCODEへのｼﾞｬﾝﾌﾟ用ﾀﾞﾐｰ', US_TITLE = 'L' WHERE TABLE_ID = 'TBLID_BLABEL_PRINTER' AND FIELD_NAME = 'prod_code_cat';
UPDATE SM_FIELD_DEF SET JP_TITLE = 'BCODEへのｼﾞｬﾝﾌﾟ用ﾀﾞﾐｰ', US_TITLE = 'L' WHERE TABLE_ID = 'TBLID_BLABEL_PRINTER' AND FIELD_NAME = 'code_cat';
UPDATE SM_FIELD_DEF SET JP_TITLE = '{NULL', US_TITLE = 'NULL' WHERE TABLE_ID = 'TBLID_BLABEL_PRINTER' AND FIELD_NAME = 'NULL';
UPDATE SM_FIELD_DEF SET JP_TITLE = '{"ﾀｲﾄﾙ', US_TITLE = '英語名' WHERE TABLE_ID = 'TBLID_BMEAS_ID' AND FIELD_NAME = 'ﾌｨｰﾙﾄﾞ名';
UPDATE SM_FIELD_DEF SET JP_TITLE = '{"--------------------', US_TITLE = '--------------------------------------------------------' WHERE TABLE_ID = 'TBLID_BMEAS_ID' AND FIELD_NAME = '--------------------';
UPDATE SM_FIELD_DEF SET JP_TITLE = '測定ID', US_TITLE = 'MEAS_ID' WHERE TABLE_ID = 'TBLID_BMEAS_ID' AND FIELD_NAME = 'meas_id';
UPDATE SM_FIELD_DEF SET JP_TITLE = '測定ID名称', US_TITLE = 'MEAS_ID_NAME' WHERE TABLE_ID = 'TBLID_BMEAS_ID' AND FIELD_NAME = 'meas_id_name';
UPDATE SM_FIELD_DEF SET JP_TITLE = '測定ID詳細', US_TITLE = 'MEAS_ID_DESC' WHERE TABLE_ID = 'TBLID_BMEAS_ID' AND FIELD_NAME = 'meas_id_desc';
UPDATE SM_FIELD_DEF SET JP_TITLE = '抜取ｳｪｰﾊ単位', US_TITLE = 'PICK_WAF_UNIT' WHERE TABLE_ID = 'TBLID_BMEAS_ID' AND FIELD_NAME = 'pick_waf_unit';
UPDATE SM_FIELD_DEF SET JP_TITLE = '抜取位置', US_TITLE = 'PICK_POS' WHERE TABLE_ID = 'TBLID_BMEAS_ID' AND FIELD_NAME = 'pick_pos';
UPDATE SM_FIELD_DEF SET JP_TITLE = '{"抜取ｳｪｰﾊ数', US_TITLE = 'PICK_WAF_CNT' WHERE TABLE_ID = 'TBLID_BMEAS_ID' AND FIELD_NAME = 'pick_waf_cnt';
UPDATE SM_FIELD_DEF SET JP_TITLE = '抜取ｳｪｰﾊ数', US_TITLE = 'PICK_WAF_CNT' WHERE TABLE_ID = 'TBLID_BMEAS_ID' AND FIELD_NAME = 'pick_waf_cnt';
UPDATE SM_FIELD_DEF SET JP_TITLE = '測定関連', US_TITLE = 'DMEAS_ID_ITEM' WHERE TABLE_ID = 'TBLID_BMEAS_ID' AND FIELD_NAME = 'dummy';
UPDATE SM_FIELD_DEF SET JP_TITLE = '{"保証区分', US_TITLE = 'ASS_CAT' WHERE TABLE_ID = 'TBLID_BMEAS_ID' AND FIELD_NAME = 'ass_cat';
UPDATE SM_FIELD_DEF SET JP_TITLE = '保証区分', US_TITLE = 'ASS_CAT' WHERE TABLE_ID = 'TBLID_BMEAS_ID' AND FIELD_NAME = 'ass_cat';
UPDATE SM_FIELD_DEF SET JP_TITLE = '{NULL', US_TITLE = 'NULL' WHERE TABLE_ID = 'TBLID_BMEAS_ID' AND FIELD_NAME = 'NULL';
UPDATE SM_FIELD_DEF SET JP_TITLE = '{"ﾀｲﾄﾙ', US_TITLE = '英語名' WHERE TABLE_ID = 'TBLID_BMEAS_ITEM' AND FIELD_NAME = 'ﾌｨｰﾙﾄﾞ名';
UPDATE SM_FIELD_DEF SET JP_TITLE = '{"--------------------', US_TITLE = '--------------------------------------------------------' WHERE TABLE_ID = 'TBLID_BMEAS_ITEM' AND FIELD_NAME = '--------------------';
UPDATE SM_FIELD_DEF SET JP_TITLE = '測定項目', US_TITLE = 'MEAS_ITEM' WHERE TABLE_ID = 'TBLID_BMEAS_ITEM' AND FIELD_NAME = 'meas_item';
UPDATE SM_FIELD_DEF SET JP_TITLE = '測定項目名称', US_TITLE = 'MEAS_ITEM_NAME' WHERE TABLE_ID = 'TBLID_BMEAS_ITEM' AND FIELD_NAME = 'meas_item_name';
UPDATE SM_FIELD_DEF SET JP_TITLE = '測定項目詳細', US_TITLE = 'MEAS_ITEM_DESC' WHERE TABLE_ID = 'TBLID_BMEAS_ITEM' AND FIELD_NAME = 'meas_item_desc';
UPDATE SM_FIELD_DEF SET JP_TITLE = 'ﾃﾞｰﾀ型', US_TITLE = 'DATA_TYPE' WHERE TABLE_ID = 'TBLID_BMEAS_ITEM' AND FIELD_NAME = 'data_type';
UPDATE SM_FIELD_DEF SET JP_TITLE = '測定単位', US_TITLE = 'MEAS_UNIT' WHERE TABLE_ID = 'TBLID_BMEAS_ITEM' AND FIELD_NAME = 'meas_unit';
UPDATE SM_FIELD_DEF SET JP_TITLE = '検査区分', US_TITLE = 'INSP_CAT' WHERE TABLE_ID = 'TBLID_BMEAS_ITEM' AND FIELD_NAME = 'insp_cat';
UPDATE SM_FIELD_DEF SET JP_TITLE = 'BPRODCODEへのｼﾞｬﾝﾌﾟ用ﾀﾞﾐｰ', US_TITLE = 'L' WHERE TABLE_ID = 'TBLID_BMEAS_ITEM' AND FIELD_NAME = 'prod_code_cat';
UPDATE SM_FIELD_DEF SET JP_TITLE = 'BCODEへのｼﾞｬﾝﾌﾟ用ﾀﾞﾐｰ', US_TITLE = 'L' WHERE TABLE_ID = 'TBLID_BMEAS_ITEM' AND FIELD_NAME = 'code_cat';
UPDATE SM_FIELD_DEF SET JP_TITLE = '{NULL', US_TITLE = 'NULL' WHERE TABLE_ID = 'TBLID_BMEAS_ITEM' AND FIELD_NAME = 'NULL';
UPDATE SM_FIELD_DEF SET JP_TITLE = '{"ﾀｲﾄﾙ', US_TITLE = '英語名' WHERE TABLE_ID = 'TBLID_BMROUTE_OPE' AND FIELD_NAME = 'ﾌｨｰﾙﾄﾞ名';
UPDATE SM_FIELD_DEF SET JP_TITLE = '{"--------------------', US_TITLE = '--------------------------------------------------------' WHERE TABLE_ID = 'TBLID_BMROUTE_OPE' AND FIELD_NAME = '--------------------';
UPDATE SM_FIELD_DEF SET JP_TITLE = 'ﾓｼﾞｭｰﾙﾙｰﾄID', US_TITLE = 'MROUTE_ID' WHERE TABLE_ID = 'TBLID_BMROUTE_OPE' AND FIELD_NAME = 'mroute_id';
UPDATE SM_FIELD_DEF SET JP_TITLE = 'ﾓｼﾞｭｰﾙﾙｰﾄﾊﾞｰｼﾞｮﾝ', US_TITLE = 'MROUTE_VER' WHERE TABLE_ID = 'TBLID_BMROUTE_OPE' AND FIELD_NAME = 'mroute_ver';
UPDATE SM_FIELD_DEF SET JP_TITLE = '工程順序番号', US_TITLE = 'OPE_SEQ_NO' WHERE TABLE_ID = 'TBLID_BMROUTE_OPE' AND FIELD_NAME = 'ope_seq_no';
UPDATE SM_FIELD_DEF SET JP_TITLE = '工程ID', US_TITLE = 'OPE_ID' WHERE TABLE_ID = 'TBLID_BMROUTE_OPE' AND FIELD_NAME = 'ope_id';
UPDATE SM_FIELD_DEF SET JP_TITLE = '{"作業番号', US_TITLE = 'OPE_NO' WHERE TABLE_ID = 'TBLID_BMROUTE_OPE' AND FIELD_NAME = 'ope_no';
UPDATE SM_FIELD_DEF SET JP_TITLE = '{NULL', US_TITLE = 'NULL' WHERE TABLE_ID = 'TBLID_BMROUTE_OPE' AND FIELD_NAME = 'NULL';
UPDATE SM_FIELD_DEF SET JP_TITLE = '{"ﾀｲﾄﾙ', US_TITLE = '英語名' WHERE TABLE_ID = 'TBLID_BMROUTE' AND FIELD_NAME = 'ﾌｨｰﾙﾄﾞ名';
UPDATE SM_FIELD_DEF SET JP_TITLE = '{"--------------------', US_TITLE = '--------------------------------------------------------' WHERE TABLE_ID = 'TBLID_BMROUTE' AND FIELD_NAME = '--------------------';
UPDATE SM_FIELD_DEF SET JP_TITLE = 'ﾓｼﾞｭｰﾙﾙｰﾄID', US_TITLE = 'MROUTE_ID' WHERE TABLE_ID = 'TBLID_BMROUTE' AND FIELD_NAME = 'mroute_id';
UPDATE SM_FIELD_DEF SET JP_TITLE = 'ﾓｼﾞｭｰﾙﾙｰﾄﾊﾞｰｼﾞｮﾝ', US_TITLE = 'MROUTE_VER' WHERE TABLE_ID = 'TBLID_BMROUTE' AND FIELD_NAME = 'mroute_ver';
UPDATE SM_FIELD_DEF SET JP_TITLE = 'ﾓｼﾞｭｰﾙﾙｰﾄ名称', US_TITLE = 'MROUTE_NAME' WHERE TABLE_ID = 'TBLID_BMROUTE' AND FIELD_NAME = 'mroute_name';
UPDATE SM_FIELD_DEF SET JP_TITLE = 'ﾓｼﾞｭｰﾙﾙｰﾄ詳細', US_TITLE = 'MROUTE_DESC' WHERE TABLE_ID = 'TBLID_BMROUTE' AND FIELD_NAME = 'mroute_desc';
UPDATE SM_FIELD_DEF SET JP_TITLE = '{"工程関連', US_TITLE = 'module route - ope relation table' WHERE TABLE_ID = 'TBLID_BMROUTE' AND FIELD_NAME = 'dummy';
UPDATE SM_FIELD_DEF SET JP_TITLE = '工程関連', US_TITLE = 'Module Route - Ope Relation Table' WHERE TABLE_ID = 'TBLID_BMROUTE' AND FIELD_NAME = 'dummy';
UPDATE SM_FIELD_DEF SET JP_TITLE = '{NULL', US_TITLE = 'NULL' WHERE TABLE_ID = 'TBLID_BMROUTE' AND FIELD_NAME = 'NULL';
UPDATE SM_FIELD_DEF SET JP_TITLE = '{"ﾀｲﾄﾙ', US_TITLE = '英語名' WHERE TABLE_ID = 'TBLID_BMTL_ID_ITEM' AND FIELD_NAME = 'ﾌｨｰﾙﾄﾞ名';
UPDATE SM_FIELD_DEF SET JP_TITLE = '{"--------------------', US_TITLE = '--------------------------------------------------------' WHERE TABLE_ID = 'TBLID_BMTL_ID_ITEM' AND FIELD_NAME = '--------------------';
UPDATE SM_FIELD_DEF SET JP_TITLE = 'ﾏﾃﾘｱﾙID', US_TITLE = 'MTL_ID' WHERE TABLE_ID = 'TBLID_BMTL_ID_ITEM' AND FIELD_NAME = 'mtl_id';
UPDATE SM_FIELD_DEF SET JP_TITLE = 'ﾏﾃﾘｱﾙ項目', US_TITLE = 'MTL_ITEM' WHERE TABLE_ID = 'TBLID_BMTL_ID_ITEM' AND FIELD_NAME = 'mtl_item';
UPDATE SM_FIELD_DEF SET JP_TITLE = '項目ｼｰｹﾝｽ番号', US_TITLE = 'ITEM_SEQ_NO' WHERE TABLE_ID = 'TBLID_BMTL_ID_ITEM' AND FIELD_NAME = 'item_seq_no';
UPDATE SM_FIELD_DEF SET JP_TITLE = 'ﾏﾃﾘｱﾙ項目ｸﾞﾙｰﾌﾟ', US_TITLE = 'MTL_ITEMG' WHERE TABLE_ID = 'TBLID_BMTL_ID_ITEM' AND FIELD_NAME = 'mtl_itemg';
UPDATE SM_FIELD_DEF SET JP_TITLE = 'BPRODCODEへのｼﾞｬﾝﾌﾟ用ﾀﾞﾐｰ', US_TITLE = '' WHERE TABLE_ID = 'TBLID_BMTL_ID_ITEM' AND FIELD_NAME = 'prod_code_cat';
UPDATE SM_FIELD_DEF SET JP_TITLE = 'BCODEへのｼﾞｬﾝﾌﾟ用ﾀﾞﾐｰ', US_TITLE = '' WHERE TABLE_ID = 'TBLID_BMTL_ID_ITEM' AND FIELD_NAME = 'code_cat';
UPDATE SM_FIELD_DEF SET JP_TITLE = '{NULL', US_TITLE = 'NULL' WHERE TABLE_ID = 'TBLID_BMTL_ID_ITEM' AND FIELD_NAME = 'NULL';
UPDATE SM_FIELD_DEF SET JP_TITLE = '{"ﾀｲﾄﾙ', US_TITLE = '英語名' WHERE TABLE_ID = 'TBLID_BMTL_ID' AND FIELD_NAME = 'ﾌｨｰﾙﾄﾞ名';
UPDATE SM_FIELD_DEF SET JP_TITLE = '{"--------------------', US_TITLE = '--------------------------------------------------------' WHERE TABLE_ID = 'TBLID_BMTL_ID' AND FIELD_NAME = '--------------------';
UPDATE SM_FIELD_DEF SET JP_TITLE = 'ﾏﾃﾘｱﾙID', US_TITLE = 'MTL_ID' WHERE TABLE_ID = 'TBLID_BMTL_ID' AND FIELD_NAME = 'mtl_id';
UPDATE SM_FIELD_DEF SET JP_TITLE = 'ﾏﾃﾘｱﾙID名称', US_TITLE = 'MTL_ID_NAME' WHERE TABLE_ID = 'TBLID_BMTL_ID' AND FIELD_NAME = 'mtl_id_name';
UPDATE SM_FIELD_DEF SET JP_TITLE = 'ﾏﾃﾘｱﾙID詳細', US_TITLE = 'MTL_ID_DESC' WHERE TABLE_ID = 'TBLID_BMTL_ID' AND FIELD_NAME = 'mtl_id_desc';
UPDATE SM_FIELD_DEF SET JP_TITLE = 'ﾏﾃﾘｱﾙ関連', US_TITLE = 'DMTL_ID_ITEM' WHERE TABLE_ID = 'TBLID_BMTL_ID' AND FIELD_NAME = 'dummy';
UPDATE SM_FIELD_DEF SET JP_TITLE = '{NULL', US_TITLE = 'NULL' WHERE TABLE_ID = 'TBLID_BMTL_ID' AND FIELD_NAME = 'NULL';
UPDATE SM_FIELD_DEF SET JP_TITLE = '{"标题', US_TITLE = '英語名' WHERE TABLE_ID = 'TBLID_BPRINT_TYPE' AND FIELD_NAME = '字段名称';
UPDATE SM_FIELD_DEF SET JP_TITLE = '{"--------------------', US_TITLE = '--------------------------------------------------------' WHERE TABLE_ID = 'TBLID_BPRINT_TYPE' AND FIELD_NAME = '--------------------';
UPDATE SM_FIELD_DEF SET JP_TITLE = 'ﾗﾍﾞﾙ印字ID', US_TITLE = 'LABEL_PRINT_ID' WHERE TABLE_ID = 'TBLID_BPRINT_TYPE' AND FIELD_NAME = 'label_print_id';
UPDATE SM_FIELD_DEF SET JP_TITLE = 'FabID', US_TITLE = 'FAB_ID' WHERE TABLE_ID = 'TBLID_BPRINT_TYPE' AND FIELD_NAME = 'fab_id';
UPDATE SM_FIELD_DEF SET JP_TITLE = 'ﾗﾍﾞﾙﾀｲﾌﾟ', US_TITLE = 'LABEL_TYPE' WHERE TABLE_ID = 'TBLID_BPRINT_TYPE' AND FIELD_NAME = 'label_type';
UPDATE SM_FIELD_DEF SET JP_TITLE = 'BPRODCODEへのｼﾞｬﾝﾌﾟ用ﾀﾞﾐｰ', US_TITLE = 'L' WHERE TABLE_ID = 'TBLID_BPRINT_TYPE' AND FIELD_NAME = 'prod_code_cat';
UPDATE SM_FIELD_DEF SET JP_TITLE = 'BCODEへのｼﾞｬﾝﾌﾟ用ﾀﾞﾐｰ', US_TITLE = 'L' WHERE TABLE_ID = 'TBLID_BPRINT_TYPE' AND FIELD_NAME = 'code_cat';
UPDATE SM_FIELD_DEF SET JP_TITLE = '{NULL', US_TITLE = 'NULL' WHERE TABLE_ID = 'TBLID_BPRINT_TYPE' AND FIELD_NAME = 'NULL';
UPDATE SM_FIELD_DEF SET JP_TITLE = '{"ﾀｲﾄﾙ', US_TITLE = '英語名' WHERE TABLE_ID = 'TBLID_BPROCDATA_ID' AND FIELD_NAME = 'ﾌｨｰﾙﾄﾞ名';
UPDATE SM_FIELD_DEF SET JP_TITLE = '{"--------------------', US_TITLE = '--------------------------------------------------------' WHERE TABLE_ID = 'TBLID_BPROCDATA_ID' AND FIELD_NAME = '--------------------';
UPDATE SM_FIELD_DEF SET JP_TITLE = 'ﾌﾟﾛｾｽﾃﾞｰﾀID', US_TITLE = 'PROCDATA_ID' WHERE TABLE_ID = 'TBLID_BPROCDATA_ID' AND FIELD_NAME = 'procdata_id';
UPDATE SM_FIELD_DEF SET JP_TITLE = '{"ﾌﾟﾛｾｽﾃﾞｰﾀ名称', US_TITLE = 'PROCDATA_NAME' WHERE TABLE_ID = 'TBLID_BPROCDATA_ID' AND FIELD_NAME = 'procdata_name';
UPDATE SM_FIELD_DEF SET JP_TITLE = '{"ﾌﾟﾛｾｽﾃﾞｰﾀ詳細', US_TITLE = 'PROCDATA_DESC' WHERE TABLE_ID = 'TBLID_BPROCDATA_ID' AND FIELD_NAME = 'procdata_desc';
UPDATE SM_FIELD_DEF SET JP_TITLE = 'ﾌﾟﾛｾｽﾃﾞｰﾀ名称', US_TITLE = 'PROCDATA_ID_NAME' WHERE TABLE_ID = 'TBLID_BPROCDATA_ID' AND FIELD_NAME = 'procdata_id_name';
UPDATE SM_FIELD_DEF SET JP_TITLE = 'ﾌﾟﾛｾｽﾃﾞｰﾀ詳細', US_TITLE = 'PROCDATA_ID_DESC' WHERE TABLE_ID = 'TBLID_BPROCDATA_ID' AND FIELD_NAME = 'procdata_id_desc';
UPDATE SM_FIELD_DEF SET JP_TITLE = 'ﾌﾟﾛｾｽ関連', US_TITLE = 'DMTL_ID_ITEM' WHERE TABLE_ID = 'TBLID_BPROCDATA_ID' AND FIELD_NAME = 'dummy';
UPDATE SM_FIELD_DEF SET JP_TITLE = '{NULL', US_TITLE = 'NULL' WHERE TABLE_ID = 'TBLID_BPROCDATA_ID' AND FIELD_NAME = 'NULL';
UPDATE SM_FIELD_DEF SET JP_TITLE = '{"ﾀｲﾄﾙ', US_TITLE = '英語名' WHERE TABLE_ID = 'TBLID_BPROCDATA_ITEM' AND FIELD_NAME = 'ﾌｨｰﾙﾄﾞ名';
UPDATE SM_FIELD_DEF SET JP_TITLE = '{"--------------------', US_TITLE = '--------------------------------------------------------' WHERE TABLE_ID = 'TBLID_BPROCDATA_ITEM' AND FIELD_NAME = '--------------------';
UPDATE SM_FIELD_DEF SET JP_TITLE = 'ﾌﾟﾛｾｽﾃﾞｰﾀ項目', US_TITLE = 'PROCDATA_ITEM' WHERE TABLE_ID = 'TBLID_BPROCDATA_ITEM' AND FIELD_NAME = 'procdata_item';
UPDATE SM_FIELD_DEF SET JP_TITLE = 'ﾌﾟﾛｾｽﾃﾞｰﾀ項目名称', US_TITLE = 'PROCDATA_ITEM_NAME' WHERE TABLE_ID = 'TBLID_BPROCDATA_ITEM' AND FIELD_NAME = 'procdata_item_name';
UPDATE SM_FIELD_DEF SET JP_TITLE = 'ﾌﾟﾛｾｽﾃﾞｰﾀ項目詳細', US_TITLE = 'PROCDATA_ITEM_DESC' WHERE TABLE_ID = 'TBLID_BPROCDATA_ITEM' AND FIELD_NAME = 'procdata_item_desc';
UPDATE SM_FIELD_DEF SET JP_TITLE = 'ﾃﾞｰﾀ型', US_TITLE = 'DATA_TYPE' WHERE TABLE_ID = 'TBLID_BPROCDATA_ITEM' AND FIELD_NAME = 'data_type';
UPDATE SM_FIELD_DEF SET JP_TITLE = '測定単位', US_TITLE = 'MEAS_UNIT' WHERE TABLE_ID = 'TBLID_BPROCDATA_ITEM' AND FIELD_NAME = 'meas_unit';
UPDATE SM_FIELD_DEF SET JP_TITLE = 'BPRODCODEへのｼﾞｬﾝﾌﾟ用ﾀﾞﾐｰ', US_TITLE = 'L' WHERE TABLE_ID = 'TBLID_BPROCDATA_ITEM' AND FIELD_NAME = 'prod_code_cat';
UPDATE SM_FIELD_DEF SET JP_TITLE = 'BCODEへのｼﾞｬﾝﾌﾟ用ﾀﾞﾐｰ', US_TITLE = 'L' WHERE TABLE_ID = 'TBLID_BPROCDATA_ITEM' AND FIELD_NAME = 'code_cat';
UPDATE SM_FIELD_DEF SET JP_TITLE = '{NULL', US_TITLE = 'NULL' WHERE TABLE_ID = 'TBLID_BPROCDATA_ITEM' AND FIELD_NAME = 'NULL';
UPDATE SM_FIELD_DEF SET JP_TITLE = '{"标题', US_TITLE = '英語名' WHERE TABLE_ID = 'TBLID_BQTIME' AND FIELD_NAME = '字段名称';
UPDATE SM_FIELD_DEF SET JP_TITLE = '{"--------------------', US_TITLE = '--------------------------------------------------------' WHERE TABLE_ID = 'TBLID_BQTIME' AND FIELD_NAME = '--------------------';
UPDATE SM_FIELD_DEF SET JP_TITLE = 'ﾙｰﾄID', US_TITLE = 'ROUTE_ID' WHERE TABLE_ID = 'TBLID_BQTIME' AND FIELD_NAME = 'route_id';
UPDATE SM_FIELD_DEF SET JP_TITLE = 'ﾙｰﾄﾊﾞｰｼﾞｮﾝ', US_TITLE = 'ROUTE_VER' WHERE TABLE_ID = 'TBLID_BQTIME' AND FIELD_NAME = 'route_ver';
UPDATE SM_FIELD_DEF SET JP_TITLE = '作業番号', US_TITLE = 'OPE_NO' WHERE TABLE_ID = 'TBLID_BQTIME' AND FIELD_NAME = 'ope_no';
UPDATE SM_FIELD_DEF SET JP_TITLE = '対象作業番号', US_TITLE = 'TARGET_OPE_NO' WHERE TABLE_ID = 'TBLID_BQTIME' AND FIELD_NAME = 'target_ope_no';
UPDATE SM_FIELD_DEF SET JP_TITLE = 'Qﾀｲﾑ区分', US_TITLE = 'QTIME_CAT' WHERE TABLE_ID = 'TBLID_BQTIME' AND FIELD_NAME = 'qtime_cat';
UPDATE SM_FIELD_DEF SET JP_TITLE = '時間', US_TITLE = 'TIME' WHERE TABLE_ID = 'TBLID_BQTIME' AND FIELD_NAME = 'time';
UPDATE SM_FIELD_DEF SET JP_TITLE = '{NULL', US_TITLE = 'NULL' WHERE TABLE_ID = 'TBLID_BQTIME' AND FIELD_NAME = 'NULL';
UPDATE SM_FIELD_DEF SET JP_TITLE = '{"ﾀｲﾄﾙ', US_TITLE = '英語名' WHERE TABLE_ID = 'TBLID_BREJECTCODE_STGG_STG' AND FIELD_NAME = 'ﾌｨｰﾙﾄﾞ名';
UPDATE SM_FIELD_DEF SET JP_TITLE = '{"--------------------', US_TITLE = '--------------------------------------------------------' WHERE TABLE_ID = 'TBLID_BREJECTCODE_STGG_STG' AND FIELD_NAME = '--------------------';
UPDATE SM_FIELD_DEF SET JP_TITLE = '不合格理由ｺｰﾄﾞｽﾃｰｼﾞｸﾞﾙｰﾌﾟID', US_TITLE = 'REJRSN_CODE_STGG_ID' WHERE TABLE_ID = 'TBLID_BREJECTCODE_STGG_STG' AND FIELD_NAME = 'rejrsn_code_stgg_id';
UPDATE SM_FIELD_DEF SET JP_TITLE = '不合格理由ｺｰﾄﾞｽﾃｰｼﾞID', US_TITLE = 'REJRSN_CODE_STG_ID' WHERE TABLE_ID = 'TBLID_BREJECTCODE_STGG_STG' AND FIELD_NAME = 'rejrsn_code_stg_id';
UPDATE SM_FIELD_DEF SET JP_TITLE = '項目ｼｰｹﾝｽ番号', US_TITLE = 'ITEM_SEQ_NO' WHERE TABLE_ID = 'TBLID_BREJECTCODE_STGG_STG' AND FIELD_NAME = 'item_seq_no';
UPDATE SM_FIELD_DEF SET JP_TITLE = '{NULL', US_TITLE = 'NULL' WHERE TABLE_ID = 'TBLID_BREJECTCODE_STGG_STG' AND FIELD_NAME = 'NULL';
UPDATE SM_FIELD_DEF SET JP_TITLE = '{"ﾀｲﾄﾙ', US_TITLE = '英語名' WHERE TABLE_ID = 'TBLID_BREJECTCODE_STGG' AND FIELD_NAME = 'ﾌｨｰﾙﾄﾞ名';
UPDATE SM_FIELD_DEF SET JP_TITLE = '{"--------------------', US_TITLE = '--------------------------------------------------------' WHERE TABLE_ID = 'TBLID_BREJECTCODE_STGG' AND FIELD_NAME = '--------------------';
UPDATE SM_FIELD_DEF SET JP_TITLE = '不合格理由ｺｰﾄﾞｽﾃｰｼﾞｸﾞﾙｰﾌﾟID', US_TITLE = 'REJRSN_CODE_STGG_ID' WHERE TABLE_ID = 'TBLID_BREJECTCODE_STGG' AND FIELD_NAME = 'rejrsn_code_stgg_id';
UPDATE SM_FIELD_DEF SET JP_TITLE = '不合格理由ｺｰﾄﾞｽﾃｰｼﾞｸﾞﾙｰﾌﾟ名称', US_TITLE = 'REJRSN_CODE_STGG_NAME' WHERE TABLE_ID = 'TBLID_BREJECTCODE_STGG' AND FIELD_NAME = 'rejrsn_code_stgg_name';
UPDATE SM_FIELD_DEF SET JP_TITLE = '不合格理由ｺｰﾄﾞｽﾃｰｼﾞｸﾞﾙｰﾌﾟ詳細', US_TITLE = 'REJRSN_CODE_STGG_DESC' WHERE TABLE_ID = 'TBLID_BREJECTCODE_STGG' AND FIELD_NAME = 'rejrsn_code_stgg_desc';
UPDATE SM_FIELD_DEF SET JP_TITLE = '不合格理由ｺｰﾄﾞｽﾃｰｼﾞｸﾞﾙｰﾌﾟ区分', US_TITLE = 'REJRSN_CODE_STGG_CAT' WHERE TABLE_ID = 'TBLID_BREJECTCODE_STGG' AND FIELD_NAME = 'rejrsn_code_stgg_cat';
UPDATE SM_FIELD_DEF SET JP_TITLE = 'ｽﾃｰｼﾞｸﾞﾙｰﾌﾟ区分内ｼｰｹﾝｽ番号', US_TITLE = 'STGG_INCAT_SEQ_NO' WHERE TABLE_ID = 'TBLID_BREJECTCODE_STGG' AND FIELD_NAME = 'stgg_incat_seq_no';
UPDATE SM_FIELD_DEF SET JP_TITLE = '不合格理由ｺｰﾄﾞｽﾃｰｼﾞｸﾞﾙｰﾌﾟ関連', US_TITLE = 'DREJECTCODE_STGG_STG' WHERE TABLE_ID = 'TBLID_BREJECTCODE_STGG' AND FIELD_NAME = 'dummy';
UPDATE SM_FIELD_DEF SET JP_TITLE = 'BPRODCODEへのｼﾞｬﾝﾌﾟ用ﾀﾞﾐｰ', US_TITLE = 'L' WHERE TABLE_ID = 'TBLID_BREJECTCODE_STGG' AND FIELD_NAME = 'prod_code_cat';
UPDATE SM_FIELD_DEF SET JP_TITLE = 'BCODEへのｼﾞｬﾝﾌﾟ用ﾀﾞﾐｰ', US_TITLE = 'L' WHERE TABLE_ID = 'TBLID_BREJECTCODE_STGG' AND FIELD_NAME = 'code_cat';
UPDATE SM_FIELD_DEF SET JP_TITLE = '{NULL', US_TITLE = 'NULL' WHERE TABLE_ID = 'TBLID_BREJECTCODE_STGG' AND FIELD_NAME = 'NULL';
UPDATE SM_FIELD_DEF SET JP_TITLE = '{"ﾀｲﾄﾙ', US_TITLE = '英語名' WHERE TABLE_ID = 'TBLID_BREJECTCODE_STG' AND FIELD_NAME = 'ﾌｨｰﾙﾄﾞ名';
UPDATE SM_FIELD_DEF SET JP_TITLE = '{"--------------------', US_TITLE = '--------------------------------------------------------' WHERE TABLE_ID = 'TBLID_BREJECTCODE_STG' AND FIELD_NAME = '--------------------';
UPDATE SM_FIELD_DEF SET JP_TITLE = '不合格理由ｺｰﾄﾞｽﾃｰｼﾞID', US_TITLE = 'REJRSN_CODE_STG_ID' WHERE TABLE_ID = 'TBLID_BREJECTCODE_STG' AND FIELD_NAME = 'rejrsn_code_stg_id';
UPDATE SM_FIELD_DEF SET JP_TITLE = '不合格理由ｺｰﾄﾞｽﾃｰｼﾞ名称', US_TITLE = 'REJRSN_CODE_STG_NAME' WHERE TABLE_ID = 'TBLID_BREJECTCODE_STG' AND FIELD_NAME = 'rejrsn_code_stg_name';
UPDATE SM_FIELD_DEF SET JP_TITLE = '不合格理由ｺｰﾄﾞｽﾃｰｼﾞ詳細', US_TITLE = 'REJRSN_CODE_STG_DESC' WHERE TABLE_ID = 'TBLID_BREJECTCODE_STG' AND FIELD_NAME = 'rejrsn_code_stg_desc';
UPDATE SM_FIELD_DEF SET JP_TITLE = '{NULL', US_TITLE = 'NULL' WHERE TABLE_ID = 'TBLID_BREJECTCODE_STG' AND FIELD_NAME = 'NULL';
UPDATE SM_FIELD_DEF SET JP_TITLE = '{"ﾀｲﾄﾙ', US_TITLE = '英語名' WHERE TABLE_ID = 'TBLID_BREJECTCODE' AND FIELD_NAME = 'ﾌｨｰﾙﾄﾞ名';
UPDATE SM_FIELD_DEF SET JP_TITLE = '{"--------------------', US_TITLE = '--------------------------------------------------------' WHERE TABLE_ID = 'TBLID_BREJECTCODE' AND FIELD_NAME = '--------------------';
UPDATE SM_FIELD_DEF SET JP_TITLE = '工程ID', US_TITLE = 'OPE_ID' WHERE TABLE_ID = 'TBLID_BREJECTCODE' AND FIELD_NAME = 'ope_id';
UPDATE SM_FIELD_DEF SET JP_TITLE = '不合格理由ｺｰﾄﾞ区分', US_TITLE = 'REJRSN_CODE_CAT' WHERE TABLE_ID = 'TBLID_BREJECTCODE' AND FIELD_NAME = 'rejrsn_code_cat';
UPDATE SM_FIELD_DEF SET JP_TITLE = '不合格理由ｺｰﾄﾞ', US_TITLE = 'REJRSN_CODE' WHERE TABLE_ID = 'TBLID_BREJECTCODE' AND FIELD_NAME = 'rejrsn_code';
UPDATE SM_FIELD_DEF SET JP_TITLE = '不合格理由ｺｰﾄﾞ名称', US_TITLE = 'REJRSN_CODE_NAME' WHERE TABLE_ID = 'TBLID_BREJECTCODE' AND FIELD_NAME = 'rejrsn_code_name';
UPDATE SM_FIELD_DEF SET JP_TITLE = '不合格理由ｺｰﾄﾞ詳細', US_TITLE = 'REJRSN_CODE_DESC' WHERE TABLE_ID = 'TBLID_BREJECTCODE' AND FIELD_NAME = 'rejrsn_code_desc';
UPDATE SM_FIELD_DEF SET JP_TITLE = '不合格理由ｺｰﾄﾞｽﾃｰｼﾞID', US_TITLE = 'REJRSN_CODE_STG_ID' WHERE TABLE_ID = 'TBLID_BREJECTCODE' AND FIELD_NAME = 'rejrsn_code_stg_id';
UPDATE SM_FIELD_DEF SET JP_TITLE = '関連工程ID', US_TITLE = 'REL_OPE_ID' WHERE TABLE_ID = 'TBLID_BREJECTCODE' AND FIELD_NAME = 'rel_ope_id';
UPDATE SM_FIELD_DEF SET JP_TITLE = 'BPRODCODEへのｼﾞｬﾝﾌﾟ用ﾀﾞﾐｰ', US_TITLE = 'L' WHERE TABLE_ID = 'TBLID_BREJECTCODE' AND FIELD_NAME = 'prod_code_cat';
UPDATE SM_FIELD_DEF SET JP_TITLE = 'BCODEへのｼﾞｬﾝﾌﾟ用ﾀﾞﾐｰ', US_TITLE = 'L' WHERE TABLE_ID = 'TBLID_BREJECTCODE' AND FIELD_NAME = 'code_cat';
UPDATE SM_FIELD_DEF SET JP_TITLE = '{NULL', US_TITLE = 'NULL' WHERE TABLE_ID = 'TBLID_BREJECTCODE' AND FIELD_NAME = 'NULL';
UPDATE SM_FIELD_DEF SET JP_TITLE = '{"ﾀｲﾄﾙ', US_TITLE = '英語名' WHERE TABLE_ID = 'TBLID_BRL_ROUTE' AND FIELD_NAME = 'ﾌｨｰﾙﾄﾞ名';
UPDATE SM_FIELD_DEF SET JP_TITLE = '{"--------------------', US_TITLE = '--------------------------------------------------------' WHERE TABLE_ID = 'TBLID_BRL_ROUTE' AND FIELD_NAME = '--------------------';
UPDATE SM_FIELD_DEF SET JP_TITLE = 'ﾙｰﾄID', US_TITLE = 'ROUTE_ID' WHERE TABLE_ID = 'TBLID_BRL_ROUTE' AND FIELD_NAME = 'route_id';
UPDATE SM_FIELD_DEF SET JP_TITLE = 'ﾙｰﾄﾊﾞｰｼﾞｮﾝ', US_TITLE = 'ROUTE_VER' WHERE TABLE_ID = 'TBLID_BRL_ROUTE' AND FIELD_NAME = 'route_ver';
UPDATE SM_FIELD_DEF SET JP_TITLE = 'ﾓｼﾞｭｰﾙ順序番号', US_TITLE = 'MROUTE_SEQ_NO' WHERE TABLE_ID = 'TBLID_BRL_ROUTE' AND FIELD_NAME = 'mroute_seq_no';
UPDATE SM_FIELD_DEF SET JP_TITLE = '工程順序番号', US_TITLE = 'OPE_SEQ_NO' WHERE TABLE_ID = 'TBLID_BRL_ROUTE' AND FIELD_NAME = 'ope_seq_no';
UPDATE SM_FIELD_DEF SET JP_TITLE = '工程ID', US_TITLE = 'OPE_ID' WHERE TABLE_ID = 'TBLID_BRL_ROUTE' AND FIELD_NAME = 'ope_id';
UPDATE SM_FIELD_DEF SET JP_TITLE = '{NULL', US_TITLE = 'NULL' WHERE TABLE_ID = 'TBLID_BRL_ROUTE' AND FIELD_NAME = 'NULL';
UPDATE SM_FIELD_DEF SET JP_TITLE = '{"ﾀｲﾄﾙ', US_TITLE = '英語名' WHERE TABLE_ID = 'TBLID_BROUTECNCT' AND FIELD_NAME = 'ﾌｨｰﾙﾄﾞ名';
UPDATE SM_FIELD_DEF SET JP_TITLE = '{"--------------------', US_TITLE = '--------------------------------------------------------' WHERE TABLE_ID = 'TBLID_BROUTECNCT' AND FIELD_NAME = '--------------------';
UPDATE SM_FIELD_DEF SET JP_TITLE = 'ｻﾌﾞﾙｰﾄID', US_TITLE = 'SUB_ROUTE_ID' WHERE TABLE_ID = 'TBLID_BROUTECNCT' AND FIELD_NAME = 'sub_route_id';
UPDATE SM_FIELD_DEF SET JP_TITLE = 'ｻﾌﾞﾙｰﾄﾊﾞｰｼﾞｮﾝ', US_TITLE = 'SUB_ROUTE_VER' WHERE TABLE_ID = 'TBLID_BROUTECNCT' AND FIELD_NAME = 'sub_route_ver';
UPDATE SM_FIELD_DEF SET JP_TITLE = '分岐ﾙｰﾄID', US_TITLE = 'SPLIT_ROUTE_ID' WHERE TABLE_ID = 'TBLID_BROUTECNCT' AND FIELD_NAME = 'split_route_id';
UPDATE SM_FIELD_DEF SET JP_TITLE = '分岐ﾙｰﾄﾊﾞｰｼﾞｮﾝ', US_TITLE = 'SPLIT_ROUTE_VER' WHERE TABLE_ID = 'TBLID_BROUTECNCT' AND FIELD_NAME = 'split_route_ver';
UPDATE SM_FIELD_DEF SET JP_TITLE = '分岐作業番号', US_TITLE = 'SPLIT_OPE_NO' WHERE TABLE_ID = 'TBLID_BROUTECNCT' AND FIELD_NAME = 'split_ope_no';
UPDATE SM_FIELD_DEF SET JP_TITLE = '復帰ﾙｰﾄID', US_TITLE = 'RET_ROUTE_ID' WHERE TABLE_ID = 'TBLID_BROUTECNCT' AND FIELD_NAME = 'ret_route_id';
UPDATE SM_FIELD_DEF SET JP_TITLE = '復帰ﾙｰﾄﾊﾞｰｼﾞｮﾝ', US_TITLE = 'RET_ROUTE_VER' WHERE TABLE_ID = 'TBLID_BROUTECNCT' AND FIELD_NAME = 'ret_route_ver';
UPDATE SM_FIELD_DEF SET JP_TITLE = '復帰作業番号', US_TITLE = 'RET_OPE_NO' WHERE TABLE_ID = 'TBLID_BROUTECNCT' AND FIELD_NAME = 'ret_ope_no';
UPDATE SM_FIELD_DEF SET JP_TITLE = 'ﾙｰﾄ接続名称', US_TITLE = 'ROUTE_CNCT_NAME' WHERE TABLE_ID = 'TBLID_BROUTECNCT' AND FIELD_NAME = 'route_cnct_name';
UPDATE SM_FIELD_DEF SET JP_TITLE = 'ﾙｰﾄ接続詳細', US_TITLE = 'ROUTE_CNCT_DESC' WHERE TABLE_ID = 'TBLID_BROUTECNCT' AND FIELD_NAME = 'route_cnct_desc';
UPDATE SM_FIELD_DEF SET JP_TITLE = '{NULL', US_TITLE = 'NULL' WHERE TABLE_ID = 'TBLID_BROUTECNCT' AND FIELD_NAME = 'NULL';
UPDATE SM_FIELD_DEF SET JP_TITLE = '{"ﾀｲﾄﾙ', US_TITLE = '英語名' WHERE TABLE_ID = 'TBLID_BROUTE_MROUTE' AND FIELD_NAME = 'ﾌｨｰﾙﾄﾞ名';
UPDATE SM_FIELD_DEF SET JP_TITLE = '{"--------------------', US_TITLE = '--------------------------------------------------------' WHERE TABLE_ID = 'TBLID_BROUTE_MROUTE' AND FIELD_NAME = '--------------------';
UPDATE SM_FIELD_DEF SET JP_TITLE = 'ﾙｰﾄID', US_TITLE = 'ROUTE_ID' WHERE TABLE_ID = 'TBLID_BROUTE_MROUTE' AND FIELD_NAME = 'route_id';
UPDATE SM_FIELD_DEF SET JP_TITLE = 'ﾙｰﾄﾊﾞｰｼﾞｮﾝ', US_TITLE = 'ROUTE_VER' WHERE TABLE_ID = 'TBLID_BROUTE_MROUTE' AND FIELD_NAME = 'route_ver';
UPDATE SM_FIELD_DEF SET JP_TITLE = '{"ﾓｼﾞｭｰﾙ順序番号', US_TITLE = 'MRoute Seq No' WHERE TABLE_ID = 'TBLID_BROUTE_MROUTE' AND FIELD_NAME = 'mroute_seq_no';
UPDATE SM_FIELD_DEF SET JP_TITLE = 'ﾓｼﾞｭｰﾙ順序番号', US_TITLE = 'MROUTE_SEQ_NO' WHERE TABLE_ID = 'TBLID_BROUTE_MROUTE' AND FIELD_NAME = 'mroute_seq_no';
UPDATE SM_FIELD_DEF SET JP_TITLE = 'ﾓｼﾞｭｰﾙﾙｰﾄID', US_TITLE = 'MROUTE_ID' WHERE TABLE_ID = 'TBLID_BROUTE_MROUTE' AND FIELD_NAME = 'mroute_id';
UPDATE SM_FIELD_DEF SET JP_TITLE = 'ﾓｼﾞｭｰﾙﾙｰﾄﾊﾞｰｼﾞｮﾝ', US_TITLE = 'MROUTE_VER' WHERE TABLE_ID = 'TBLID_BROUTE_MROUTE' AND FIELD_NAME = 'mroute_ver';
UPDATE SM_FIELD_DEF SET JP_TITLE = 'ｽﾃｰｼﾞID', US_TITLE = 'STG_ID' WHERE TABLE_ID = 'TBLID_BROUTE_MROUTE' AND FIELD_NAME = 'stg_id';
UPDATE SM_FIELD_DEF SET JP_TITLE = '{NULL', US_TITLE = 'NULL' WHERE TABLE_ID = 'TBLID_BROUTE_MROUTE' AND FIELD_NAME = 'NULL';
UPDATE SM_FIELD_DEF SET JP_TITLE = '{"ﾀｲﾄﾙ', US_TITLE = '英語名' WHERE TABLE_ID = 'TBLID_BROUTE' AND FIELD_NAME = 'ﾌｨｰﾙﾄﾞ名';
UPDATE SM_FIELD_DEF SET JP_TITLE = '{"--------------------', US_TITLE = '--------------------------------------------------------' WHERE TABLE_ID = 'TBLID_BROUTE' AND FIELD_NAME = '--------------------';
UPDATE SM_FIELD_DEF SET JP_TITLE = 'ﾙｰﾄID', US_TITLE = 'ROUTE_ID' WHERE TABLE_ID = 'TBLID_BROUTE' AND FIELD_NAME = 'route_id';
UPDATE SM_FIELD_DEF SET JP_TITLE = 'ﾙｰﾄﾊﾞｰｼﾞｮﾝ', US_TITLE = 'ROUTE_VER' WHERE TABLE_ID = 'TBLID_BROUTE' AND FIELD_NAME = 'route_ver';
UPDATE SM_FIELD_DEF SET JP_TITLE = '{"ｻﾌﾞﾙｰﾄﾘﾜｰｸﾙｰﾄ区分', US_TITLE = 'Main/Sub Category' WHERE TABLE_ID = 'TBLID_BROUTE' AND FIELD_NAME = 'sub_rwk_cat';
UPDATE SM_FIELD_DEF SET JP_TITLE = 'ｻﾌﾞﾙｰﾄﾘﾜｰｸﾙｰﾄ区分', US_TITLE = 'SUB_RWK_CAT' WHERE TABLE_ID = 'TBLID_BROUTE' AND FIELD_NAME = 'sub_rwk_cat';
UPDATE SM_FIELD_DEF SET JP_TITLE = 'ﾙｰﾄ区分', US_TITLE = 'ROUTE_CAT' WHERE TABLE_ID = 'TBLID_BROUTE' AND FIELD_NAME = 'route_cat';
UPDATE SM_FIELD_DEF SET JP_TITLE = 'ﾙｰﾄ名称', US_TITLE = 'ROUTE_NAME' WHERE TABLE_ID = 'TBLID_BROUTE' AND FIELD_NAME = 'route_name';
UPDATE SM_FIELD_DEF SET JP_TITLE = 'ﾙｰﾄ詳細', US_TITLE = 'ROUTE_DESC' WHERE TABLE_ID = 'TBLID_BROUTE' AND FIELD_NAME = 'route_desc';
UPDATE SM_FIELD_DEF SET JP_TITLE = '{"ﾙｰﾄﾓｼﾞｭｰﾙﾙｰﾄ関連ﾃｰﾌﾞﾙ', US_TITLE = 'route - module route relation table' WHERE TABLE_ID = 'TBLID_BROUTE' AND FIELD_NAME = 'dummy';
UPDATE SM_FIELD_DEF SET JP_TITLE = '{"ﾙｰﾄ接続', US_TITLE = 'route connect' WHERE TABLE_ID = 'TBLID_BROUTE' AND FIELD_NAME = 'dummy2';
UPDATE SM_FIELD_DEF SET JP_TITLE = '{"Qﾀｲﾑ', US_TITLE = 'qtime' WHERE TABLE_ID = 'TBLID_BROUTE' AND FIELD_NAME = 'dummy3';
UPDATE SM_FIELD_DEF SET JP_TITLE = 'ﾙｰﾄﾓｼﾞｭｰﾙﾙｰﾄ関連ﾃｰﾌﾞﾙ', US_TITLE = 'Route - Module Route Relation Table' WHERE TABLE_ID = 'TBLID_BROUTE' AND FIELD_NAME = 'dummy';
UPDATE SM_FIELD_DEF SET JP_TITLE = 'ﾙｰﾄ接続', US_TITLE = 'Route Connect' WHERE TABLE_ID = 'TBLID_BROUTE' AND FIELD_NAME = 'dummy2';
UPDATE SM_FIELD_DEF SET JP_TITLE = 'Qﾀｲﾑ', US_TITLE = 'Qtime' WHERE TABLE_ID = 'TBLID_BROUTE' AND FIELD_NAME = 'dummy3';
UPDATE SM_FIELD_DEF SET JP_TITLE = 'BPRODCODEへのｼﾞｬﾝﾌﾟ用ﾀﾞﾐｰ', US_TITLE = 'L' WHERE TABLE_ID = 'TBLID_BROUTE' AND FIELD_NAME = 'prod_code_cat';
UPDATE SM_FIELD_DEF SET JP_TITLE = 'BCODEへのｼﾞｬﾝﾌﾟ用ﾀﾞﾐｰ', US_TITLE = 'L' WHERE TABLE_ID = 'TBLID_BROUTE' AND FIELD_NAME = 'code_cat';
UPDATE SM_FIELD_DEF SET JP_TITLE = '{NULL', US_TITLE = 'NULL' WHERE TABLE_ID = 'TBLID_BROUTE' AND FIELD_NAME = 'NULL';
UPDATE SM_FIELD_DEF SET JP_TITLE = '{"ﾀｲﾄﾙ', US_TITLE = '英語名' WHERE TABLE_ID = 'TBLID_BSLICE_ITEMIZED_DEF' AND FIELD_NAME = 'ﾌｨｰﾙﾄﾞ名';
UPDATE SM_FIELD_DEF SET JP_TITLE = '{"--------------------', US_TITLE = '--------------------------------------------------------' WHERE TABLE_ID = 'TBLID_BSLICE_ITEMIZED_DEF' AND FIELD_NAME = '--------------------';
UPDATE SM_FIELD_DEF SET JP_TITLE = 'ｱｲﾃﾏｲｽﾞﾄﾞﾚｺｰﾄﾞ種別', US_TITLE = 'ITEMIZED_REC_CAT' WHERE TABLE_ID = 'TBLID_BSLICE_ITEMIZED_DEF' AND FIELD_NAME = 'itemized_rec_cat';
UPDATE SM_FIELD_DEF SET JP_TITLE = 'ｱｲﾃﾏｲｽﾞﾄﾞ項目', US_TITLE = 'ITEMIZED_ITEM' WHERE TABLE_ID = 'TBLID_BSLICE_ITEMIZED_DEF' AND FIELD_NAME = 'itemized_item';
UPDATE SM_FIELD_DEF SET JP_TITLE = 'ｼｰｹﾝｽ番号', US_TITLE = 'SEQ_NO' WHERE TABLE_ID = 'TBLID_BSLICE_ITEMIZED_DEF' AND FIELD_NAME = 'seq_no';
UPDATE SM_FIELD_DEF SET JP_TITLE = '開始位置', US_TITLE = 'START_POS' WHERE TABLE_ID = 'TBLID_BSLICE_ITEMIZED_DEF' AND FIELD_NAME = 'start_pos';
UPDATE SM_FIELD_DEF SET JP_TITLE = '文字長', US_TITLE = 'STR_LEN' WHERE TABLE_ID = 'TBLID_BSLICE_ITEMIZED_DEF' AND FIELD_NAME = 'str_len';
UPDATE SM_FIELD_DEF SET JP_TITLE = 'BPRODCODEへのｼﾞｬﾝﾌﾟ用ﾀﾞﾐｰ', US_TITLE = 'L' WHERE TABLE_ID = 'TBLID_BSLICE_ITEMIZED_DEF' AND FIELD_NAME = 'prod_code_cat';
UPDATE SM_FIELD_DEF SET JP_TITLE = 'BCODEへのｼﾞｬﾝﾌﾟ用ﾀﾞﾐｰ', US_TITLE = 'L' WHERE TABLE_ID = 'TBLID_BSLICE_ITEMIZED_DEF' AND FIELD_NAME = 'code_cat';
UPDATE SM_FIELD_DEF SET JP_TITLE = '{NULL', US_TITLE = 'NULL' WHERE TABLE_ID = 'TBLID_BSLICE_ITEMIZED_DEF' AND FIELD_NAME = 'NULL';
UPDATE SM_FIELD_DEF SET JP_TITLE = '{"ﾀｲﾄﾙ', US_TITLE = '英語名' WHERE TABLE_ID = 'TBLID_BSTGG_STG' AND FIELD_NAME = 'ﾌｨｰﾙﾄﾞ名';
UPDATE SM_FIELD_DEF SET JP_TITLE = '{"--------------------', US_TITLE = '--------------------------------------------------------' WHERE TABLE_ID = 'TBLID_BSTGG_STG' AND FIELD_NAME = '--------------------';
UPDATE SM_FIELD_DEF SET JP_TITLE = '{"ｽﾃｰｼﾞｸﾞﾙｰﾌﾟID', US_TITLE = 'STGG_ID' WHERE TABLE_ID = 'TBLID_BSTGG_STG' AND FIELD_NAME = 'stgg_id';
UPDATE SM_FIELD_DEF SET JP_TITLE = '{"ｽﾃｰｼﾞID', US_TITLE = 'STG_ID' WHERE TABLE_ID = 'TBLID_BSTGG_STG' AND FIELD_NAME = 'stg_id';
UPDATE SM_FIELD_DEF SET JP_TITLE = '{"項目ｼｰｹﾝｽ番号', US_TITLE = 'ITEM_SEQ_NO' WHERE TABLE_ID = 'TBLID_BSTGG_STG' AND FIELD_NAME = 'item_seq_no';
UPDATE SM_FIELD_DEF SET JP_TITLE = 'ｽﾃｰｼﾞｸﾞﾙｰﾌﾟID', US_TITLE = 'STGG_ID' WHERE TABLE_ID = 'TBLID_BSTGG_STG' AND FIELD_NAME = 'stgg_id';
UPDATE SM_FIELD_DEF SET JP_TITLE = 'ｽﾃｰｼﾞID', US_TITLE = 'STG_ID' WHERE TABLE_ID = 'TBLID_BSTGG_STG' AND FIELD_NAME = 'stg_id';
UPDATE SM_FIELD_DEF SET JP_TITLE = '{"項目ｼｰｹﾝｽ番号', US_TITLE = 'ITEM_SEQ_NO' WHERE TABLE_ID = 'TBLID_BSTGG_STG' AND FIELD_NAME = 'item_seq_no';
UPDATE SM_FIELD_DEF SET JP_TITLE = '項目ｼｰｹﾝｽ番号', US_TITLE = 'ITEM_SEQ_NO' WHERE TABLE_ID = 'TBLID_BSTGG_STG' AND FIELD_NAME = 'item_seq_no';
UPDATE SM_FIELD_DEF SET JP_TITLE = '{NULL', US_TITLE = 'NULL' WHERE TABLE_ID = 'TBLID_BSTGG_STG' AND FIELD_NAME = 'NULL';
UPDATE SM_FIELD_DEF SET JP_TITLE = '{"ﾀｲﾄﾙ', US_TITLE = '英語名' WHERE TABLE_ID = 'TBLID_BSTGG' AND FIELD_NAME = 'ﾌｨｰﾙﾄﾞ名';
UPDATE SM_FIELD_DEF SET JP_TITLE = '{"--------------------', US_TITLE = '--------------------------------------------------------' WHERE TABLE_ID = 'TBLID_BSTGG' AND FIELD_NAME = '--------------------';
UPDATE SM_FIELD_DEF SET JP_TITLE = 'ｽﾃｰｼﾞｸﾞﾙｰﾌﾟID', US_TITLE = 'STGG_ID' WHERE TABLE_ID = 'TBLID_BSTGG' AND FIELD_NAME = 'stgg_id';
UPDATE SM_FIELD_DEF SET JP_TITLE = 'ｽﾃｰｼﾞｸﾞﾙｰﾌﾟ名称', US_TITLE = 'STGG_NAME' WHERE TABLE_ID = 'TBLID_BSTGG' AND FIELD_NAME = 'stgg_name';
UPDATE SM_FIELD_DEF SET JP_TITLE = 'ｽﾃｰｼﾞｸﾞﾙｰﾌﾟ詳細', US_TITLE = 'STGG_DESC' WHERE TABLE_ID = 'TBLID_BSTGG' AND FIELD_NAME = 'stgg_desc';
UPDATE SM_FIELD_DEF SET JP_TITLE = 'ｽﾃｰｼﾞｸﾞﾙｰﾌﾟ区分', US_TITLE = 'STGG_CAT' WHERE TABLE_ID = 'TBLID_BSTGG' AND FIELD_NAME = 'stgg_cat';
UPDATE SM_FIELD_DEF SET JP_TITLE = 'ｽﾃｰｼﾞｸﾞﾙｰﾌﾟ区分内ｼｰｹﾝｽ番号', US_TITLE = 'STGG_INCAT_SEQ_NO' WHERE TABLE_ID = 'TBLID_BSTGG' AND FIELD_NAME = 'stgg_incat_seq_no';
UPDATE SM_FIELD_DEF SET JP_TITLE = 'ｽﾃｰｼﾞｸﾞﾙｰﾌﾟ関連', US_TITLE = 'DSTGG_STG' WHERE TABLE_ID = 'TBLID_BSTGG' AND FIELD_NAME = 'dummy';
UPDATE SM_FIELD_DEF SET JP_TITLE = 'BPRODCODEへのｼﾞｬﾝﾌﾟ用ﾀﾞﾐｰ', US_TITLE = 'L' WHERE TABLE_ID = 'TBLID_BSTGG' AND FIELD_NAME = 'prod_code_cat';
UPDATE SM_FIELD_DEF SET JP_TITLE = 'BCODEへのｼﾞｬﾝﾌﾟ用ﾀﾞﾐｰ', US_TITLE = 'L' WHERE TABLE_ID = 'TBLID_BSTGG' AND FIELD_NAME = 'code_cat';
UPDATE SM_FIELD_DEF SET JP_TITLE = '{NULL', US_TITLE = 'NULL' WHERE TABLE_ID = 'TBLID_BSTGG' AND FIELD_NAME = 'NULL';
UPDATE SM_FIELD_DEF SET JP_TITLE = '{"ﾀｲﾄﾙ', US_TITLE = '英語名' WHERE TABLE_ID = 'TBLID_BSTG' AND FIELD_NAME = 'ﾌｨｰﾙﾄﾞ名';
UPDATE SM_FIELD_DEF SET JP_TITLE = '{"--------------------', US_TITLE = '--------------------------------------------------------' WHERE TABLE_ID = 'TBLID_BSTG' AND FIELD_NAME = '--------------------';
UPDATE SM_FIELD_DEF SET JP_TITLE = 'ｽﾃｰｼﾞID', US_TITLE = 'STG_ID' WHERE TABLE_ID = 'TBLID_BSTG' AND FIELD_NAME = 'stg_id';
UPDATE SM_FIELD_DEF SET JP_TITLE = 'ｽﾃｰｼﾞ名称', US_TITLE = 'STG_NAME' WHERE TABLE_ID = 'TBLID_BSTG' AND FIELD_NAME = 'stg_name';
UPDATE SM_FIELD_DEF SET JP_TITLE = 'ｽﾃｰｼﾞ詳細', US_TITLE = 'STG_DESC' WHERE TABLE_ID = 'TBLID_BSTG' AND FIELD_NAME = 'stg_desc';
UPDATE SM_FIELD_DEF SET JP_TITLE = 'ｽﾃｰｼﾞﾌﾟﾛﾊﾟﾃｨ', US_TITLE = 'STG_PROPERTY' WHERE TABLE_ID = 'TBLID_BSTG' AND FIELD_NAME = 'stg_property';
UPDATE SM_FIELD_DEF SET JP_TITLE = 'BPRODCODEへのｼﾞｬﾝﾌﾟ用ﾀﾞﾐｰ', US_TITLE = 'L' WHERE TABLE_ID = 'TBLID_BSTG' AND FIELD_NAME = 'prod_code_cat';
UPDATE SM_FIELD_DEF SET JP_TITLE = 'BCODEへのｼﾞｬﾝﾌﾟ用ﾀﾞﾐｰ', US_TITLE = 'L' WHERE TABLE_ID = 'TBLID_BSTG' AND FIELD_NAME = 'code_cat';
UPDATE SM_FIELD_DEF SET JP_TITLE = '{NULL', US_TITLE = 'NULL' WHERE TABLE_ID = 'TBLID_BSTG' AND FIELD_NAME = 'NULL';
UPDATE SM_FIELD_DEF SET JP_TITLE = '{"ﾀｲﾄﾙ', US_TITLE = '英語名' WHERE TABLE_ID = 'TBLID_BSTK_AREA' AND FIELD_NAME = 'ﾌｨｰﾙﾄﾞ名';
UPDATE SM_FIELD_DEF SET JP_TITLE = '{"--------------------', US_TITLE = '--------------------------------------------------------' WHERE TABLE_ID = 'TBLID_BSTK_AREA' AND FIELD_NAME = '--------------------';
UPDATE SM_FIELD_DEF SET JP_TITLE = '{"ｽﾄｯｶｰID', US_TITLE = 'STK_ID' WHERE TABLE_ID = 'TBLID_BSTK_AREA' AND FIELD_NAME = 'stk_id';
UPDATE SM_FIELD_DEF SET JP_TITLE = '{"ｴﾘｱID', US_TITLE = 'AREA_ID' WHERE TABLE_ID = 'TBLID_BSTK_AREA' AND FIELD_NAME = 'area_id';
UPDATE SM_FIELD_DEF SET JP_TITLE = 'ｽﾄｯｶｰID', US_TITLE = 'STK_ID' WHERE TABLE_ID = 'TBLID_BSTK_AREA' AND FIELD_NAME = 'stk_id';
UPDATE SM_FIELD_DEF SET JP_TITLE = 'ｴﾘｱID', US_TITLE = 'AREA_ID' WHERE TABLE_ID = 'TBLID_BSTK_AREA' AND FIELD_NAME = 'area_id';
UPDATE SM_FIELD_DEF SET JP_TITLE = '項目ｼｰｹﾝｽ番号', US_TITLE = 'ITEM_SEQ_NO' WHERE TABLE_ID = 'TBLID_BSTK_AREA' AND FIELD_NAME = 'item_seq_no';
UPDATE SM_FIELD_DEF SET JP_TITLE = '{NULL', US_TITLE = 'NULL' WHERE TABLE_ID = 'TBLID_BSTK_AREA' AND FIELD_NAME = 'NULL';
UPDATE SM_FIELD_DEF SET JP_TITLE = '{"ﾀｲﾄﾙ', US_TITLE = '英語名' WHERE TABLE_ID = 'TBLID_BSTKOUTLET' AND FIELD_NAME = 'ﾌｨｰﾙﾄﾞ名';
UPDATE SM_FIELD_DEF SET JP_TITLE = '{"--------------------', US_TITLE = '--------------------------------------------------------' WHERE TABLE_ID = 'TBLID_BSTKOUTLET' AND FIELD_NAME = '--------------------';
UPDATE SM_FIELD_DEF SET JP_TITLE = 'ｽﾄｯｶｰID', US_TITLE = 'STK_ID' WHERE TABLE_ID = 'TBLID_BSTKOUTLET' AND FIELD_NAME = 'stk_id';
UPDATE SM_FIELD_DEF SET JP_TITLE = 'ｽﾄｯｶｰﾎﾟｰﾄID', US_TITLE = 'OUTLET_ID' WHERE TABLE_ID = 'TBLID_BSTKOUTLET' AND FIELD_NAME = 'outlet_id';
UPDATE SM_FIELD_DEF SET JP_TITLE = 'ｼｰｹﾝｽ番号', US_TITLE = 'SEQ_NO' WHERE TABLE_ID = 'TBLID_BSTKOUTLET' AND FIELD_NAME = 'seq_no';
UPDATE SM_FIELD_DEF SET JP_TITLE = 'ｽﾄｯｶｰﾎﾟｰﾄ名称', US_TITLE = 'OUTLET_NAME' WHERE TABLE_ID = 'TBLID_BSTKOUTLET' AND FIELD_NAME = 'outlet_name';
UPDATE SM_FIELD_DEF SET JP_TITLE = 'ｽﾄｯｶｰﾎﾟｰﾄﾀｲﾌﾟ', US_TITLE = 'OUTLET_TYPE' WHERE TABLE_ID = 'TBLID_BSTKOUTLET' AND FIELD_NAME = 'outlet_type';
UPDATE SM_FIELD_DEF SET JP_TITLE = 'ｽﾄｯｶｰﾎﾟｰﾄﾓｰﾄﾞ', US_TITLE = 'OUTLET_MODE' WHERE TABLE_ID = 'TBLID_BSTKOUTLET' AND FIELD_NAME = 'outlet_mode';
UPDATE SM_FIELD_DEF SET JP_TITLE = 'AGV ID', US_TITLE = 'AGV_ID' WHERE TABLE_ID = 'TBLID_BSTKOUTLET' AND FIELD_NAME = 'agv_id';
UPDATE SM_FIELD_DEF SET JP_TITLE = '{NULL', US_TITLE = 'NULL' WHERE TABLE_ID = 'TBLID_BSTKOUTLET' AND FIELD_NAME = 'NULL';
UPDATE SM_FIELD_DEF SET JP_TITLE = '{"ﾀｲﾄﾙ', US_TITLE = '英語名' WHERE TABLE_ID = 'TBLID_BSYSTEM_DEF' AND FIELD_NAME = 'ﾌｨｰﾙﾄﾞ名';
UPDATE SM_FIELD_DEF SET JP_TITLE = '{"--------------------', US_TITLE = '--------------------------------------------------------' WHERE TABLE_ID = 'TBLID_BSYSTEM_DEF' AND FIELD_NAME = '--------------------';
UPDATE SM_FIELD_DEF SET JP_TITLE = 'ｼｽﾃﾑ定義ID', US_TITLE = 'SYSTEM_DEF_ID' WHERE TABLE_ID = 'TBLID_BSYSTEM_DEF' AND FIELD_NAME = 'system_def_id';
UPDATE SM_FIELD_DEF SET JP_TITLE = 'ｼｽﾃﾑﾊﾟﾗﾒｰﾀ', US_TITLE = 'SYSTEM_PRAM' WHERE TABLE_ID = 'TBLID_BSYSTEM_DEF' AND FIELD_NAME = 'system_pram';
UPDATE SM_FIELD_DEF SET JP_TITLE = '{NULL', US_TITLE = 'NULL' WHERE TABLE_ID = 'TBLID_BSYSTEM_DEF' AND FIELD_NAME = 'NULL';
UPDATE SM_FIELD_DEF SET JP_TITLE = '{"ﾀｲﾄﾙ', US_TITLE = '英語名' WHERE TABLE_ID = 'TBLID_BUSERG' AND FIELD_NAME = 'ﾌｨｰﾙﾄﾞ名';
UPDATE SM_FIELD_DEF SET JP_TITLE = '{"--------------------', US_TITLE = '--------------------------------------------------------' WHERE TABLE_ID = 'TBLID_BUSERG' AND FIELD_NAME = '--------------------';
UPDATE SM_FIELD_DEF SET JP_TITLE = '業務ｸﾞﾙｰﾌﾟID', US_TITLE = 'USERG_ID' WHERE TABLE_ID = 'TBLID_BUSERG' AND FIELD_NAME = 'userg_id';
UPDATE SM_FIELD_DEF SET JP_TITLE = '業務ｸﾞﾙｰﾌﾟ名称', US_TITLE = 'USERG_NAME' WHERE TABLE_ID = 'TBLID_BUSERG' AND FIELD_NAME = 'userg_name';
UPDATE SM_FIELD_DEF SET JP_TITLE = '業務ｸﾞﾙｰﾌﾟ詳細', US_TITLE = 'USERG_DESC' WHERE TABLE_ID = 'TBLID_BUSERG' AND FIELD_NAME = 'userg_desc';
UPDATE SM_FIELD_DEF SET JP_TITLE = 'ﾒﾆｭｰ区分', US_TITLE = 'MENU_FLG' WHERE TABLE_ID = 'TBLID_BUSERG' AND FIELD_NAME = 'menu_flg';
UPDATE SM_FIELD_DEF SET JP_TITLE = 'ﾙｰﾄﾃｰﾌﾞﾙ', US_TITLE = 'ROUTE' WHERE TABLE_ID = 'TBLID_BUSERG' AND FIELD_NAME = 'menu_flg1';
UPDATE SM_FIELD_DEF SET JP_TITLE = 'ﾙｰﾄﾓｼﾞｭｰﾙﾙｰﾄ関連ﾃｰﾌﾞﾙ', US_TITLE = 'ROUTE_MROUTE' WHERE TABLE_ID = 'TBLID_BUSERG' AND FIELD_NAME = 'menu_flg2';
UPDATE SM_FIELD_DEF SET JP_TITLE = 'ﾓｼﾞｭｰﾙﾙｰﾄﾃｰﾌﾞﾙ', US_TITLE = 'MROUTE' WHERE TABLE_ID = 'TBLID_BUSERG' AND FIELD_NAME = 'menu_flg3';
UPDATE SM_FIELD_DEF SET JP_TITLE = 'ﾓｼﾞｭｰﾙﾙｰﾄ工程関連ﾃｰﾌﾞﾙ', US_TITLE = 'MROUTE_OPE' WHERE TABLE_ID = 'TBLID_BUSERG' AND FIELD_NAME = 'menu_flg4';
UPDATE SM_FIELD_DEF SET JP_TITLE = '工程ﾃｰﾌﾞﾙ', US_TITLE = 'OPE' WHERE TABLE_ID = 'TBLID_BUSERG' AND FIELD_NAME = 'menu_flg5';
UPDATE SM_FIELD_DEF SET JP_TITLE = 'ﾙｰﾄ接続ﾃｰﾌﾞﾙ', US_TITLE = 'ROUTECNCT' WHERE TABLE_ID = 'TBLID_BUSERG' AND FIELD_NAME = 'menu_flg6';
UPDATE SM_FIELD_DEF SET JP_TITLE = '製品ｺｰﾄﾞﾃｰﾌﾞﾙ', US_TITLE = 'PROD' WHERE TABLE_ID = 'TBLID_BUSERG' AND FIELD_NAME = 'menu_flg7';
UPDATE SM_FIELD_DEF SET JP_TITLE = '製品ｺｰﾄﾞ･ｺｰﾄﾞﾃｰﾌﾞﾙ', US_TITLE = 'PRODCODE' WHERE TABLE_ID = 'TBLID_BUSERG' AND FIELD_NAME = 'menu_flg8';
UPDATE SM_FIELD_DEF SET JP_TITLE = 'ﾗﾍﾞﾙﾌﾟﾘﾝﾀｰﾃｰﾌﾞﾙ', US_TITLE = 'LABEL_PRINTER' WHERE TABLE_ID = 'TBLID_BUSERG' AND FIELD_NAME = 'menu_flg9';
UPDATE SM_FIELD_DEF SET JP_TITLE = '印字内容種類ﾃｰﾌﾞﾙ', US_TITLE = 'PRINT_TYPE' WHERE TABLE_ID = 'TBLID_BUSERG' AND FIELD_NAME = 'menu_flg10';
UPDATE SM_FIELD_DEF SET JP_TITLE = 'ﾚｼﾋﾟﾙｯｸｱｯﾌﾟﾃｰﾌﾞﾙ', US_TITLE = 'RECIP_LOOKUP' WHERE TABLE_ID = 'TBLID_BUSERG' AND FIELD_NAME = 'menu_flg11';
UPDATE SM_FIELD_DEF SET JP_TITLE = 'ﾚｼﾋﾟﾊﾟﾗﾒｰﾀﾃｰﾌﾞﾙ', US_TITLE = 'RECIP_PRAM' WHERE TABLE_ID = 'TBLID_BUSERG' AND FIELD_NAME = 'menu_flg12';
UPDATE SM_FIELD_DEF SET JP_TITLE = '装置登録ﾚｼﾋﾟﾃｰﾌﾞﾙ', US_TITLE = 'EQP_RECIP' WHERE TABLE_ID = 'TBLID_BUSERG' AND FIELD_NAME = 'menu_flg13';
UPDATE SM_FIELD_DEF SET JP_TITLE = '測定ﾙｯｸｱｯﾌﾟﾃｰﾌﾞﾙ', US_TITLE = 'MEAS_LOOKUP' WHERE TABLE_ID = 'TBLID_BUSERG' AND FIELD_NAME = 'menu_flg14';
UPDATE SM_FIELD_DEF SET JP_TITLE = '測定IDﾃｰﾌﾞﾙ', US_TITLE = 'MEAS_ID' WHERE TABLE_ID = 'TBLID_BUSERG' AND FIELD_NAME = 'menu_flg15';
UPDATE SM_FIELD_DEF SET JP_TITLE = '測定ID･測定項目関連ﾃｰﾌﾞﾙ', US_TITLE = 'MEAS_ID_ITEM' WHERE TABLE_ID = 'TBLID_BUSERG' AND FIELD_NAME = 'menu_flg16';
UPDATE SM_FIELD_DEF SET JP_TITLE = '測定項目ﾃｰﾌﾞﾙ', US_TITLE = 'MEAS_ITEM' WHERE TABLE_ID = 'TBLID_BUSERG' AND FIELD_NAME = 'menu_flg17';
UPDATE SM_FIELD_DEF SET JP_TITLE = '製品ｺｰﾄﾞ別測定項目ﾃｰﾌﾞﾙ', US_TITLE = 'MEAS_PROD' WHERE TABLE_ID = 'TBLID_BUSERG' AND FIELD_NAME = 'menu_flg18';
UPDATE SM_FIELD_DEF SET JP_TITLE = 'ﾌﾟﾛｾｽﾙｯｸｱｯﾌﾟﾃｰﾌﾞﾙ', US_TITLE = 'PROCDATA_LOOKUP' WHERE TABLE_ID = 'TBLID_BUSERG' AND FIELD_NAME = 'menu_flg19';
UPDATE SM_FIELD_DEF SET JP_TITLE = 'ﾌﾟﾛｾｽﾃﾞｰﾀIDﾃｰﾌﾞﾙ', US_TITLE = 'PROCDATA_ID' WHERE TABLE_ID = 'TBLID_BUSERG' AND FIELD_NAME = 'menu_flg20';
UPDATE SM_FIELD_DEF SET JP_TITLE = 'ﾌﾟﾛｾｽﾃﾞｰﾀID･項目関連ﾃｰﾌﾞﾙ', US_TITLE = 'PROCDATA_ID_ITEM' WHERE TABLE_ID = 'TBLID_BUSERG' AND FIELD_NAME = 'menu_flg21';
UPDATE SM_FIELD_DEF SET JP_TITLE = 'ﾌﾟﾛｾｽﾃﾞｰﾀ項目ﾃｰﾌﾞﾙ', US_TITLE = 'PROCDATA_ITEM' WHERE TABLE_ID = 'TBLID_BUSERG' AND FIELD_NAME = 'menu_flg22';
UPDATE SM_FIELD_DEF SET JP_TITLE = 'ﾏﾃﾘｱﾙﾃｰﾌﾞﾙ', US_TITLE = 'MTL_ID' WHERE TABLE_ID = 'TBLID_BUSERG' AND FIELD_NAME = 'menu_flg23';
UPDATE SM_FIELD_DEF SET JP_TITLE = 'ﾏﾃﾘｱﾙ･ﾏﾃﾘｱﾙ項目関連ﾃｰﾌﾞﾙ', US_TITLE = 'MTL_ID_ITEM' WHERE TABLE_ID = 'TBLID_BUSERG' AND FIELD_NAME = 'menu_flg24';
UPDATE SM_FIELD_DEF SET JP_TITLE = 'ﾏﾃﾘｱﾙ項目ﾃｰﾌﾞﾙ', US_TITLE = 'MTL_ITEM' WHERE TABLE_ID = 'TBLID_BUSERG' AND FIELD_NAME = 'menu_flg25';
UPDATE SM_FIELD_DEF SET JP_TITLE = '装置ｸﾞﾙｰﾌﾟﾃｰﾌﾞﾙ', US_TITLE = 'EQPG' WHERE TABLE_ID = 'TBLID_BUSERG' AND FIELD_NAME = 'menu_flg26';
UPDATE SM_FIELD_DEF SET JP_TITLE = '装置ｸﾞﾙｰﾌﾟ関連ﾃｰﾌﾞﾙ', US_TITLE = 'EQPG_EQP' WHERE TABLE_ID = 'TBLID_BUSERG' AND FIELD_NAME = 'menu_flg27';
UPDATE SM_FIELD_DEF SET JP_TITLE = '装置ﾃｰﾌﾞﾙ', US_TITLE = 'EQP' WHERE TABLE_ID = 'TBLID_BUSERG' AND FIELD_NAME = 'menu_flg28';
UPDATE SM_FIELD_DEF SET JP_TITLE = 'ｴﾘｱﾃｰﾌﾞﾙ', US_TITLE = 'AREA' WHERE TABLE_ID = 'TBLID_BUSERG' AND FIELD_NAME = 'menu_flg29';
UPDATE SM_FIELD_DEF SET JP_TITLE = '装置ｴﾘｱ関連', US_TITLE = 'EQP_AREA' WHERE TABLE_ID = 'TBLID_BUSERG' AND FIELD_NAME = 'menu_flg30';
UPDATE SM_FIELD_DEF SET JP_TITLE = 'ｽﾄｯｶｰｴﾘｱ関連ﾃｰﾌﾞﾙ', US_TITLE = 'STK_AREA' WHERE TABLE_ID = 'TBLID_BUSERG' AND FIELD_NAME = 'menu_flg31';
UPDATE SM_FIELD_DEF SET JP_TITLE = 'ｽﾄｯｶｰﾎﾟｰﾄﾃｰﾌﾞﾙ', US_TITLE = 'STKOUTLET' WHERE TABLE_ID = 'TBLID_BUSERG' AND FIELD_NAME = 'menu_flg32';
UPDATE SM_FIELD_DEF SET JP_TITLE = 'ｽﾄｯｶｰﾃｰﾌﾞﾙ', US_TITLE = 'STK' WHERE TABLE_ID = 'TBLID_BUSERG' AND FIELD_NAME = 'menu_flg33';
UPDATE SM_FIELD_DEF SET JP_TITLE = '{"空ｷｬﾘｱ搬送ｽｹｼﾞｭｰﾙﾃｰﾌﾞﾙ', US_TITLE = 'EMPCAR_SC' WHERE TABLE_ID = 'TBLID_BUSERG' AND FIELD_NAME = 'menu_flg34';
UPDATE SM_FIELD_DEF SET JP_TITLE = '{"ﾒﾆｭｰﾌﾗｸﾞ34', US_TITLE = 'MENU_FLG 34' WHERE TABLE_ID = 'TBLID_BUSERG' AND FIELD_NAME = 'menu_flg34';
UPDATE SM_FIELD_DEF SET JP_TITLE = '{"ｶｾｯﾄｸﾞﾙｰﾌﾟﾃｰﾌﾞﾙ', US_TITLE = 'CARG' WHERE TABLE_ID = 'TBLID_BUSERG' AND FIELD_NAME = 'menu_flg35';
UPDATE SM_FIELD_DEF SET JP_TITLE = '{"作業者ﾃｰﾌﾞﾙ', US_TITLE = 'USER' WHERE TABLE_ID = 'TBLID_BUSERG' AND FIELD_NAME = 'menu_flg36';
UPDATE SM_FIELD_DEF SET JP_TITLE = '{"ﾒｰﾙ通知先ﾃｰﾌﾞﾙ', US_TITLE = 'EQP_MAILADRESS' WHERE TABLE_ID = 'TBLID_BUSERG' AND FIELD_NAME = 'menu_flg37';
UPDATE SM_FIELD_DEF SET JP_TITLE = '{"ｺｰﾄﾞﾃｰﾌﾞﾙ', US_TITLE = 'CODE' WHERE TABLE_ID = 'TBLID_BUSERG' AND FIELD_NAME = 'menu_flg38';
UPDATE SM_FIELD_DEF SET JP_TITLE = '{"ﾎｰﾙﾄﾞ理由ｺｰﾄﾞﾃｰﾌﾞﾙ', US_TITLE = 'HOLDCODE' WHERE TABLE_ID = 'TBLID_BUSERG' AND FIELD_NAME = 'menu_flg39';
UPDATE SM_FIELD_DEF SET JP_TITLE = '{"不合格理由ｺｰﾄﾞﾃｰﾌﾞﾙ', US_TITLE = 'REJECTCODE' WHERE TABLE_ID = 'TBLID_BUSERG' AND FIELD_NAME = 'menu_flg40';
UPDATE SM_FIELD_DEF SET JP_TITLE = '{"不合格理由ｺｰﾄﾞｽﾃｰｼﾞｸﾞﾙｰﾌﾟﾃｰﾌﾞﾙ', US_TITLE = 'REJECTCODE_STGG' WHERE TABLE_ID = 'TBLID_BUSERG' AND FIELD_NAME = 'menu_flg41';
UPDATE SM_FIELD_DEF SET JP_TITLE = '{"不合格理由ｺｰﾄﾞｽﾃｰｼﾞｸﾞﾙｰﾌﾟ関連ﾃｰﾌﾞﾙ', US_TITLE = 'REJECTCODE_STGG_STG' WHERE TABLE_ID = 'TBLID_BUSERG' AND FIELD_NAME = 'menu_flg42';
UPDATE SM_FIELD_DEF SET JP_TITLE = '{"不合格理由ｺｰﾄﾞｽﾃｰｼﾞﾃｰﾌﾞﾙ', US_TITLE = 'REJECTCODE_STG' WHERE TABLE_ID = 'TBLID_BUSERG' AND FIELD_NAME = 'menu_flg43';
UPDATE SM_FIELD_DEF SET JP_TITLE = '{"ｶﾚﾝﾀﾞﾃｰﾌﾞﾙ', US_TITLE = 'CALND' WHERE TABLE_ID = 'TBLID_BUSERG' AND FIELD_NAME = 'menu_flg44';
UPDATE SM_FIELD_DEF SET JP_TITLE = '{"検査判定ﾃｰﾌﾞﾙ', US_TITLE = 'INSPJDG' WHERE TABLE_ID = 'TBLID_BUSERG' AND FIELD_NAME = 'menu_flg45';
UPDATE SM_FIELD_DEF SET JP_TITLE = '{"Qﾀｲﾑﾃｰﾌﾞﾙ', US_TITLE = 'QTIME' WHERE TABLE_ID = 'TBLID_BUSERG' AND FIELD_NAME = 'menu_flg46';
UPDATE SM_FIELD_DEF SET JP_TITLE = '{"ｽﾃｰｼﾞｸﾞﾙｰﾌﾟﾃｰﾌﾞﾙ', US_TITLE = 'STGG' WHERE TABLE_ID = 'TBLID_BUSERG' AND FIELD_NAME = 'menu_flg47';
UPDATE SM_FIELD_DEF SET JP_TITLE = '{"ｽﾃｰｼﾞｸﾞﾙｰﾌﾟ関連ﾃｰﾌﾞﾙ', US_TITLE = 'STGG_STG' WHERE TABLE_ID = 'TBLID_BUSERG' AND FIELD_NAME = 'menu_flg48';
UPDATE SM_FIELD_DEF SET JP_TITLE = '{"ｽﾃｰｼﾞﾃｰﾌﾞﾙ', US_TITLE = 'STG' WHERE TABLE_ID = 'TBLID_BUSERG' AND FIELD_NAME = 'menu_flg49';
UPDATE SM_FIELD_DEF SET JP_TITLE = '{"EPﾓﾆﾀ編成ﾏｽﾀｰ', US_TITLE = 'EPMONI' WHERE TABLE_ID = 'TBLID_BUSERG' AND FIELD_NAME = 'menu_flg50';
UPDATE SM_FIELD_DEF SET JP_TITLE = '{"検査試料構成ﾃｰﾌﾞﾙ', US_TITLE = 'PWSMPLCASETCON' WHERE TABLE_ID = 'TBLID_BUSERG' AND FIELD_NAME = 'menu_flg51';
UPDATE SM_FIELD_DEF SET JP_TITLE = '{"検査用途ﾃｰﾌﾞﾙ', US_TITLE = 'INSPUSED' WHERE TABLE_ID = 'TBLID_BUSERG' AND FIELD_NAME = 'menu_flg52';
UPDATE SM_FIELD_DEF SET JP_TITLE = '{"ｼｽﾃﾑ定義ﾃｰﾌﾞﾙ', US_TITLE = 'SYSTEM_DEF' WHERE TABLE_ID = 'TBLID_BUSERG' AND FIELD_NAME = 'menu_flg53';
UPDATE SM_FIELD_DEF SET JP_TITLE = '{"CZ_ITEMIZED_LIST定義ﾃｰﾌﾞﾙ', US_TITLE = 'CZ_ITEMIZED_DEF' WHERE TABLE_ID = 'TBLID_BUSERG' AND FIELD_NAME = 'menu_flg54';
UPDATE SM_FIELD_DEF SET JP_TITLE = '{"SLICE_ITEMIZED_LIST定義ﾃｰﾌﾞﾙ', US_TITLE = 'SLICE_ITEMIZED_DEF' WHERE TABLE_ID = 'TBLID_BUSERG' AND FIELD_NAME = 'menu_flg55';
UPDATE SM_FIELD_DEF SET JP_TITLE = '{"業務ｸﾞﾙｰﾌﾟﾃｰﾌﾞﾙ', US_TITLE = 'USERG' WHERE TABLE_ID = 'TBLID_BUSERG' AND FIELD_NAME = 'menu_flg56';
UPDATE SM_FIELD_DEF SET JP_TITLE = '{"ﾘﾘｰｽﾙｰﾄﾃｰﾌﾞﾙ', US_TITLE = 'RL_ROUTE' WHERE TABLE_ID = 'TBLID_BUSERG' AND FIELD_NAME = 'menu_flg57';
UPDATE SM_FIELD_DEF SET JP_TITLE = '{"ｲﾍﾞﾝﾄﾛｸﾞﾃｰﾌﾞﾙ', US_TITLE = 'EVTLOG' WHERE TABLE_ID = 'TBLID_BUSERG' AND FIELD_NAME = 'menu_flg58';
UPDATE SM_FIELD_DEF SET JP_TITLE = '{"ｼｽﾃﾑﾃﾞｰﾀﾃｰﾌﾞﾙ', US_TITLE = 'SYSDATA' WHERE TABLE_ID = 'TBLID_BUSERG' AND FIELD_NAME = 'menu_flg59';
UPDATE SM_FIELD_DEF SET JP_TITLE = '{"ｲﾝﾗｲﾝ/先行評価ﾛｯﾄ管理ﾃｰﾌﾞﾙ', US_TITLE = 'IL_PRE_CTRL' WHERE TABLE_ID = 'TBLID_BUSERG' AND FIELD_NAME = 'menu_flg60';
UPDATE SM_FIELD_DEF SET JP_TITLE = '{"ﾒﾆｭｰﾌﾗｸﾞ60', US_TITLE = 'MENU_FLG 60' WHERE TABLE_ID = 'TBLID_BUSERG' AND FIELD_NAME = 'menu_flg60';
UPDATE SM_FIELD_DEF SET JP_TITLE = '{"一般ﾊﾞｯﾁ編成ﾃｰﾌﾞﾙ', US_TITLE = 'COM_BATCH' WHERE TABLE_ID = 'TBLID_BUSERG' AND FIELD_NAME = 'menu_flg61';
UPDATE SM_FIELD_DEF SET JP_TITLE = '{"一般ﾊﾞｯﾁﾓﾆﾀ編成ﾃｰﾌﾞﾙ', US_TITLE = 'COM_MON_BATCH' WHERE TABLE_ID = 'TBLID_BUSERG' AND FIELD_NAME = 'menu_flg62';
UPDATE SM_FIELD_DEF SET JP_TITLE = '{"先行評価ﾀｰｹﾞｯﾄ測定ﾃｰﾌﾞﾙ', US_TITLE = 'PRE_TARGET_MS' WHERE TABLE_ID = 'TBLID_BUSERG' AND FIELD_NAME = 'menu_flg63';
UPDATE SM_FIELD_DEF SET JP_TITLE = '{"製品ｺｰﾄﾞ別ﾏﾃﾘｱﾙﾃｰﾌﾞﾙ', US_TITLE = 'MTL_PROD' WHERE TABLE_ID = 'TBLID_BUSERG' AND FIELD_NAME = 'menu_flg64';
UPDATE SM_FIELD_DEF SET JP_TITLE = '{"装置･ﾏﾃﾘｱﾙ関連ﾃｰﾌﾞﾙ', US_TITLE = 'EQP_MTL' WHERE TABLE_ID = 'TBLID_BUSERG' AND FIELD_NAME = 'menu_flg65';
UPDATE SM_FIELD_DEF SET JP_TITLE = '{"ｶｾｯﾄﾀｲﾌﾟﾃｰﾌﾞﾙ', US_TITLE = 'CARTYPE' WHERE TABLE_ID = 'TBLID_BUSERG' AND FIELD_NAME = 'menu_flg66';
UPDATE SM_FIELD_DEF SET JP_TITLE = '{"号機変換ﾏｽﾀﾃｰﾌﾞﾙ', US_TITLE = 'MAC_NUM_CONV' WHERE TABLE_ID = 'TBLID_BUSERG' AND FIELD_NAME = 'menu_flg67';
UPDATE SM_FIELD_DEF SET JP_TITLE = '{"LMｸﾞﾙｰﾌﾟﾃｰﾌﾞﾙ', US_TITLE = 'LMG' WHERE TABLE_ID = 'TBLID_BUSERG' AND FIELD_NAME = 'menu_flg68';
UPDATE SM_FIELD_DEF SET JP_TITLE = '{"LM採番ﾊﾟﾀｰﾝﾃｰﾌﾞﾙ', US_TITLE = 'LM_PTN' WHERE TABLE_ID = 'TBLID_BUSERG' AND FIELD_NAME = 'menu_flg69';
UPDATE SM_FIELD_DEF SET JP_TITLE = '{"FTP情報ﾃｰﾌﾞﾙ', US_TITLE = 'FTPINFO' WHERE TABLE_ID = 'TBLID_BUSERG' AND FIELD_NAME = 'menu_flg70';
UPDATE SM_FIELD_DEF SET JP_TITLE = '{"RP時再抜用検査用途ﾃｰﾌﾞﾙ', US_TITLE = 'RP_INSP_USED' WHERE TABLE_ID = 'TBLID_BUSERG' AND FIELD_NAME = 'menu_flg71';
UPDATE SM_FIELD_DEF SET JP_TITLE = '{"搬送ﾎﾟｰﾄ定義ﾃｰﾌﾞﾙ', US_TITLE = 'CARRY_PORT_DEF' WHERE TABLE_ID = 'TBLID_BUSERG' AND FIELD_NAME = 'menu_flg72';
UPDATE SM_FIELD_DEF SET JP_TITLE = '{"RP時再抜用検査用途ﾃｰﾌﾞﾙ', US_TITLE = 'RP_INSP_USED' WHERE TABLE_ID = 'TBLID_BUSERG' AND FIELD_NAME = 'menu_flg71';
UPDATE SM_FIELD_DEF SET JP_TITLE = '{"ﾒﾆｭｰﾌﾗｸﾞ71', US_TITLE = 'MENU_FLG 71' WHERE TABLE_ID = 'TBLID_BUSERG' AND FIELD_NAME = 'menu_flg71';
UPDATE SM_FIELD_DEF SET JP_TITLE = '{"ﾒﾆｭｰﾌﾗｸﾞ72', US_TITLE = 'MENU_FLG 72' WHERE TABLE_ID = 'TBLID_BUSERG' AND FIELD_NAME = 'menu_flg72';
UPDATE SM_FIELD_DEF SET JP_TITLE = '{"空ｶｾｯﾄ搬送ｽｹｼﾞｭｰﾙﾃｰﾌﾞﾙ', US_TITLE = 'EMPCAR_SC' WHERE TABLE_ID = 'TBLID_BUSERG' AND FIELD_NAME = 'menu_flg73';
UPDATE SM_FIELD_DEF SET JP_TITLE = '{"装置ﾎﾟｰﾄﾃｰﾌﾞﾙ', US_TITLE = 'EQPRT' WHERE TABLE_ID = 'TBLID_BUSERG' AND FIELD_NAME = 'menu_flg74';
UPDATE SM_FIELD_DEF SET JP_TITLE = '{"空ｶｾｯﾄ搬送先ﾃｰﾌﾞﾙ', US_TITLE = 'EMP_CARRY_PORT' WHERE TABLE_ID = 'TBLID_BUSERG' AND FIELD_NAME = 'menu_flg75';
UPDATE SM_FIELD_DEF SET JP_TITLE = '{"工程ﾓﾆﾀﾛｯﾄ自動投入情報管理ﾃｰﾌﾞﾙ', US_TITLE = 'OPEMONI_INPUT_ADMIN' WHERE TABLE_ID = 'TBLID_BUSERG' AND FIELD_NAME = 'menu_flg76';
UPDATE SM_FIELD_DEF SET JP_TITLE = '{"ﾀﾞﾐｰｳｪｰﾊ枚数設定ﾃｰﾌﾞﾙ', US_TITLE = 'DUMMY_WAF_SET' WHERE TABLE_ID = 'TBLID_BUSERG' AND FIELD_NAME = 'menu_flg77';
UPDATE SM_FIELD_DEF SET JP_TITLE = '{"装置作業者管理ﾃｰﾌﾞﾙ', US_TITLE = 'EQP_USER' WHERE TABLE_ID = 'TBLID_BUSERG' AND FIELD_NAME = 'menu_flg78';
UPDATE SM_FIELD_DEF SET JP_TITLE = '{"ﾒﾆｭｰﾌﾗｸﾞ73', US_TITLE = 'MENU_FLG 73' WHERE TABLE_ID = 'TBLID_BUSERG' AND FIELD_NAME = 'menu_flg73';
UPDATE SM_FIELD_DEF SET JP_TITLE = '{"ﾒﾆｭｰﾌﾗｸﾞ74', US_TITLE = 'MENU_FLG 74' WHERE TABLE_ID = 'TBLID_BUSERG' AND FIELD_NAME = 'menu_flg74';
UPDATE SM_FIELD_DEF SET JP_TITLE = '{"ﾒﾆｭｰﾌﾗｸﾞ75', US_TITLE = 'MENU_FLG 75' WHERE TABLE_ID = 'TBLID_BUSERG' AND FIELD_NAME = 'menu_flg75';
UPDATE SM_FIELD_DEF SET JP_TITLE = '{"ﾒﾆｭｰﾌﾗｸﾞ76', US_TITLE = 'MENU_FLG 76' WHERE TABLE_ID = 'TBLID_BUSERG' AND FIELD_NAME = 'menu_flg76';
UPDATE SM_FIELD_DEF SET JP_TITLE = '{"ﾒﾆｭｰﾌﾗｸﾞ77', US_TITLE = 'MENU_FLG 77' WHERE TABLE_ID = 'TBLID_BUSERG' AND FIELD_NAME = 'menu_flg77';
UPDATE SM_FIELD_DEF SET JP_TITLE = '{"ﾒﾆｭｰﾌﾗｸﾞ78', US_TITLE = 'MENU_FLG 78' WHERE TABLE_ID = 'TBLID_BUSERG' AND FIELD_NAME = 'menu_flg78';
UPDATE SM_FIELD_DEF SET JP_TITLE = '{"ｽﾄｯｶｰ･ｶｾｯﾄｸﾞﾙｰﾌﾟﾃｰﾌﾞﾙ', US_TITLE = 'STK_CARG' WHERE TABLE_ID = 'TBLID_BUSERG' AND FIELD_NAME = 'menu_flg79';
UPDATE SM_FIELD_DEF SET JP_TITLE = '{"ﾒﾆｭｰﾌﾗｸﾞ79', US_TITLE = 'MENU_FLG 79' WHERE TABLE_ID = 'TBLID_BUSERG' AND FIELD_NAME = 'menu_flg79';
UPDATE SM_FIELD_DEF SET JP_TITLE = '{"ﾒﾆｭｰﾌﾗｸﾞ80', US_TITLE = 'MENU_FLG 80' WHERE TABLE_ID = 'TBLID_BUSERG' AND FIELD_NAME = 'menu_flg80';
UPDATE SM_FIELD_DEF SET JP_TITLE = '{"ﾒﾆｭｰﾌﾗｸﾞ81', US_TITLE = 'MENU_FLG 81' WHERE TABLE_ID = 'TBLID_BUSERG' AND FIELD_NAME = 'menu_flg81';
UPDATE SM_FIELD_DEF SET JP_TITLE = '{"ﾒﾆｭｰﾌﾗｸﾞ82', US_TITLE = 'MENU_FLG 82' WHERE TABLE_ID = 'TBLID_BUSERG' AND FIELD_NAME = 'menu_flg82';
UPDATE SM_FIELD_DEF SET JP_TITLE = '{"製品ｺｰﾄﾞ別ﾏﾃﾘｱﾙ装着管理ﾃｰﾌﾞﾙ', US_TITLE = 'MTL_PROD_FIT' WHERE TABLE_ID = 'TBLID_BUSERG' AND FIELD_NAME = 'menu_flg80';
UPDATE SM_FIELD_DEF SET JP_TITLE = '{"製品ｺｰﾄﾞﾃｰﾌﾞﾙ2', US_TITLE = 'PROD_02' WHERE TABLE_ID = 'TBLID_BUSERG' AND FIELD_NAME = 'menu_flg81';
UPDATE SM_FIELD_DEF SET JP_TITLE = '{"DSPｴﾘｱ別搬送先ﾃｰﾌﾞﾙ', US_TITLE = 'CARRY_PORT_DSP_AREA' WHERE TABLE_ID = 'TBLID_BUSERG' AND FIELD_NAME = 'menu_flg82';
UPDATE SM_FIELD_DEF SET JP_TITLE = '{"ﾒﾆｭｰﾌﾗｸﾞ83', US_TITLE = 'MENU_FLG 83' WHERE TABLE_ID = 'TBLID_BUSERG' AND FIELD_NAME = 'menu_flg83';
UPDATE SM_FIELD_DEF SET JP_TITLE = '{"EP検査頻度設定ﾃｰﾌﾞﾙ', US_TITLE = 'EP_MEAS_NUM' WHERE TABLE_ID = 'TBLID_BUSERG' AND FIELD_NAME = 'menu_flg83';
UPDATE SM_FIELD_DEF SET JP_TITLE = '{"ﾒﾆｭｰﾌﾗｸﾞ84', US_TITLE = 'MENU_FLG 84' WHERE TABLE_ID = 'TBLID_BUSERG' AND FIELD_NAME = 'menu_flg84';
UPDATE SM_FIELD_DEF SET JP_TITLE = '{"転用可能元製品コードテーブル', US_TITLE = 'PROD_DIV_ORG' WHERE TABLE_ID = 'TBLID_BUSERG' AND FIELD_NAME = 'menu_flg84';
UPDATE SM_FIELD_DEF SET JP_TITLE = '{"ﾒﾆｭｰﾌﾗｸﾞ85', US_TITLE = 'MENU_FLG 85' WHERE TABLE_ID = 'TBLID_BUSERG' AND FIELD_NAME = 'menu_flg85';
UPDATE SM_FIELD_DEF SET JP_TITLE = '{"マルチレシピ設定テーブル', US_TITLE = 'MULTI_RECIP_SET' WHERE TABLE_ID = 'TBLID_BUSERG' AND FIELD_NAME = 'menu_flg85';
UPDATE SM_FIELD_DEF SET JP_TITLE = '{"ﾒﾆｭｰﾌﾗｸﾞ86', US_TITLE = 'MENU_FLG 86' WHERE TABLE_ID = 'TBLID_BUSERG' AND FIELD_NAME = 'menu_flg86';
UPDATE SM_FIELD_DEF SET JP_TITLE = '{"ﾒﾆｭｰﾌﾗｸﾞ87', US_TITLE = 'MENU_FLG 87' WHERE TABLE_ID = 'TBLID_BUSERG' AND FIELD_NAME = 'menu_flg87';
UPDATE SM_FIELD_DEF SET JP_TITLE = '{"ﾒﾆｭｰﾌﾗｸﾞ88', US_TITLE = 'MENU_FLG 88' WHERE TABLE_ID = 'TBLID_BUSERG' AND FIELD_NAME = 'menu_flg88';
UPDATE SM_FIELD_DEF SET JP_TITLE = '{"ﾒﾆｭｰﾌﾗｸﾞ89', US_TITLE = 'MENU_FLG 89' WHERE TABLE_ID = 'TBLID_BUSERG' AND FIELD_NAME = 'menu_flg89';
UPDATE SM_FIELD_DEF SET JP_TITLE = '{"ﾒﾆｭｰﾌﾗｸﾞ90', US_TITLE = 'MENU_FLG 90' WHERE TABLE_ID = 'TBLID_BUSERG' AND FIELD_NAME = 'menu_flg90';
UPDATE SM_FIELD_DEF SET JP_TITLE = '{"ﾒﾆｭｰﾌﾗｸﾞ91', US_TITLE = 'MENU_FLG 91' WHERE TABLE_ID = 'TBLID_BUSERG' AND FIELD_NAME = 'menu_flg91';
UPDATE SM_FIELD_DEF SET JP_TITLE = '{"ﾒﾆｭｰﾌﾗｸﾞ92', US_TITLE = 'MENU_FLG 92' WHERE TABLE_ID = 'TBLID_BUSERG' AND FIELD_NAME = 'menu_flg92';
UPDATE SM_FIELD_DEF SET JP_TITLE = '{"ﾒﾆｭｰﾌﾗｸﾞ93', US_TITLE = 'MENU_FLG 93' WHERE TABLE_ID = 'TBLID_BUSERG' AND FIELD_NAME = 'menu_flg93';
UPDATE SM_FIELD_DEF SET JP_TITLE = '{"ﾒﾆｭｰﾌﾗｸﾞ94', US_TITLE = 'MENU_FLG 94' WHERE TABLE_ID = 'TBLID_BUSERG' AND FIELD_NAME = 'menu_flg94';
UPDATE SM_FIELD_DEF SET JP_TITLE = '{"ﾒﾆｭｰﾌﾗｸﾞ95', US_TITLE = 'MENU_FLG 95' WHERE TABLE_ID = 'TBLID_BUSERG' AND FIELD_NAME = 'menu_flg95';
UPDATE SM_FIELD_DEF SET JP_TITLE = '{"ﾒﾆｭｰﾌﾗｸﾞ96', US_TITLE = 'MENU_FLG 96' WHERE TABLE_ID = 'TBLID_BUSERG' AND FIELD_NAME = 'menu_flg96';
UPDATE SM_FIELD_DEF SET JP_TITLE = '{"ﾒﾆｭｰﾌﾗｸﾞ97', US_TITLE = 'MENU_FLG 97' WHERE TABLE_ID = 'TBLID_BUSERG' AND FIELD_NAME = 'menu_flg97';
UPDATE SM_FIELD_DEF SET JP_TITLE = '{"ﾒﾆｭｰﾌﾗｸﾞ98', US_TITLE = 'MENU_FLG 98' WHERE TABLE_ID = 'TBLID_BUSERG' AND FIELD_NAME = 'menu_flg98';
UPDATE SM_FIELD_DEF SET JP_TITLE = '{"ﾒﾆｭｰﾌﾗｸﾞ99', US_TITLE = 'MENU_FLG 99' WHERE TABLE_ID = 'TBLID_BUSERG' AND FIELD_NAME = 'menu_flg99';
UPDATE SM_FIELD_DEF SET JP_TITLE = '{"ﾒﾆｭｰﾌﾗｸﾞ100', US_TITLE = 'MENU_FLG 100' WHERE TABLE_ID = 'TBLID_BUSERG' AND FIELD_NAME = 'menu_flg100';
UPDATE SM_FIELD_DEF SET JP_TITLE = '{"ﾒﾆｭｰﾌﾗｸﾞ101', US_TITLE = 'MENU_FLG 101' WHERE TABLE_ID = 'TBLID_BUSERG' AND FIELD_NAME = 'menu_flg101';
UPDATE SM_FIELD_DEF SET JP_TITLE = '{"ﾒﾆｭｰﾌﾗｸﾞ102', US_TITLE = 'MENU_FLG 102' WHERE TABLE_ID = 'TBLID_BUSERG' AND FIELD_NAME = 'menu_flg102';
UPDATE SM_FIELD_DEF SET JP_TITLE = '{"ﾒﾆｭｰﾌﾗｸﾞ103', US_TITLE = 'MENU_FLG 103' WHERE TABLE_ID = 'TBLID_BUSERG' AND FIELD_NAME = 'menu_flg103';
UPDATE SM_FIELD_DEF SET JP_TITLE = '{"ﾒﾆｭｰﾌﾗｸﾞ104', US_TITLE = 'MENU_FLG 104' WHERE TABLE_ID = 'TBLID_BUSERG' AND FIELD_NAME = 'menu_flg104';
UPDATE SM_FIELD_DEF SET JP_TITLE = '{"ﾒﾆｭｰﾌﾗｸﾞ105', US_TITLE = 'MENU_FLG 105' WHERE TABLE_ID = 'TBLID_BUSERG' AND FIELD_NAME = 'menu_flg105';
UPDATE SM_FIELD_DEF SET JP_TITLE = '{"ﾒﾆｭｰﾌﾗｸﾞ106', US_TITLE = 'MENU_FLG 106' WHERE TABLE_ID = 'TBLID_BUSERG' AND FIELD_NAME = 'menu_flg106';
UPDATE SM_FIELD_DEF SET JP_TITLE = '{"ﾒﾆｭｰﾌﾗｸﾞ107', US_TITLE = 'MENU_FLG 107' WHERE TABLE_ID = 'TBLID_BUSERG' AND FIELD_NAME = 'menu_flg107';
UPDATE SM_FIELD_DEF SET JP_TITLE = '{"ﾒﾆｭｰﾌﾗｸﾞ108', US_TITLE = 'MENU_FLG 108' WHERE TABLE_ID = 'TBLID_BUSERG' AND FIELD_NAME = 'menu_flg108';
UPDATE SM_FIELD_DEF SET JP_TITLE = '{"ﾒﾆｭｰﾌﾗｸﾞ109', US_TITLE = 'MENU_FLG 109' WHERE TABLE_ID = 'TBLID_BUSERG' AND FIELD_NAME = 'menu_flg109';
UPDATE SM_FIELD_DEF SET JP_TITLE = '{"ﾒﾆｭｰﾌﾗｸﾞ110', US_TITLE = 'MENU_FLG 110' WHERE TABLE_ID = 'TBLID_BUSERG' AND FIELD_NAME = 'menu_flg110';
UPDATE SM_FIELD_DEF SET JP_TITLE = '{"ﾒﾆｭｰﾌﾗｸﾞ111', US_TITLE = 'MENU_FLG 111' WHERE TABLE_ID = 'TBLID_BUSERG' AND FIELD_NAME = 'menu_flg111';
UPDATE SM_FIELD_DEF SET JP_TITLE = '{"ﾒﾆｭｰﾌﾗｸﾞ112', US_TITLE = 'MENU_FLG 112' WHERE TABLE_ID = 'TBLID_BUSERG' AND FIELD_NAME = 'menu_flg112';
UPDATE SM_FIELD_DEF SET JP_TITLE = '{"ﾒﾆｭｰﾌﾗｸﾞ113', US_TITLE = 'MENU_FLG 113' WHERE TABLE_ID = 'TBLID_BUSERG' AND FIELD_NAME = 'menu_flg113';
UPDATE SM_FIELD_DEF SET JP_TITLE = '{"ﾒﾆｭｰﾌﾗｸﾞ114', US_TITLE = 'MENU_FLG 114' WHERE TABLE_ID = 'TBLID_BUSERG' AND FIELD_NAME = 'menu_flg114';
UPDATE SM_FIELD_DEF SET JP_TITLE = '{"ﾒﾆｭｰﾌﾗｸﾞ115', US_TITLE = 'MENU_FLG 115' WHERE TABLE_ID = 'TBLID_BUSERG' AND FIELD_NAME = 'menu_flg115';
UPDATE SM_FIELD_DEF SET JP_TITLE = '{"ﾒﾆｭｰﾌﾗｸﾞ116', US_TITLE = 'MENU_FLG 116' WHERE TABLE_ID = 'TBLID_BUSERG' AND FIELD_NAME = 'menu_flg116';
UPDATE SM_FIELD_DEF SET JP_TITLE = '{"ﾒﾆｭｰﾌﾗｸﾞ117', US_TITLE = 'MENU_FLG 117' WHERE TABLE_ID = 'TBLID_BUSERG' AND FIELD_NAME = 'menu_flg117';
UPDATE SM_FIELD_DEF SET JP_TITLE = '{"ﾒﾆｭｰﾌﾗｸﾞ118', US_TITLE = 'MENU_FLG 118' WHERE TABLE_ID = 'TBLID_BUSERG' AND FIELD_NAME = 'menu_flg118';
UPDATE SM_FIELD_DEF SET JP_TITLE = '{"ﾒﾆｭｰﾌﾗｸﾞ119', US_TITLE = 'MENU_FLG 119' WHERE TABLE_ID = 'TBLID_BUSERG' AND FIELD_NAME = 'menu_flg119';
UPDATE SM_FIELD_DEF SET JP_TITLE = '{"ﾒﾆｭｰﾌﾗｸﾞ120', US_TITLE = 'MENU_FLG 120' WHERE TABLE_ID = 'TBLID_BUSERG' AND FIELD_NAME = 'menu_flg120';
UPDATE SM_FIELD_DEF SET JP_TITLE = '{"ﾒﾆｭｰﾌﾗｸﾞ121', US_TITLE = 'MENU_FLG 121' WHERE TABLE_ID = 'TBLID_BUSERG' AND FIELD_NAME = 'menu_flg121';
UPDATE SM_FIELD_DEF SET JP_TITLE = '{"ﾒﾆｭｰﾌﾗｸﾞ122', US_TITLE = 'MENU_FLG 122' WHERE TABLE_ID = 'TBLID_BUSERG' AND FIELD_NAME = 'menu_flg122';
UPDATE SM_FIELD_DEF SET JP_TITLE = '{"ﾒﾆｭｰﾌﾗｸﾞ123', US_TITLE = 'MENU_FLG 123' WHERE TABLE_ID = 'TBLID_BUSERG' AND FIELD_NAME = 'menu_flg123';
UPDATE SM_FIELD_DEF SET JP_TITLE = '{"ﾒﾆｭｰﾌﾗｸﾞ124', US_TITLE = 'MENU_FLG 124' WHERE TABLE_ID = 'TBLID_BUSERG' AND FIELD_NAME = 'menu_flg124';
UPDATE SM_FIELD_DEF SET JP_TITLE = '{"ﾒﾆｭｰﾌﾗｸﾞ125', US_TITLE = 'MENU_FLG 125' WHERE TABLE_ID = 'TBLID_BUSERG' AND FIELD_NAME = 'menu_flg125';
UPDATE SM_FIELD_DEF SET JP_TITLE = '{"ﾒﾆｭｰﾌﾗｸﾞ126', US_TITLE = 'MENU_FLG 126' WHERE TABLE_ID = 'TBLID_BUSERG' AND FIELD_NAME = 'menu_flg126';
UPDATE SM_FIELD_DEF SET JP_TITLE = '{"ﾒﾆｭｰﾌﾗｸﾞ127', US_TITLE = 'MENU_FLG 127' WHERE TABLE_ID = 'TBLID_BUSERG' AND FIELD_NAME = 'menu_flg127';
UPDATE SM_FIELD_DEF SET JP_TITLE = '{"ﾒﾆｭｰﾌﾗｸﾞ128', US_TITLE = 'MENU_FLG 128' WHERE TABLE_ID = 'TBLID_BUSERG' AND FIELD_NAME = 'menu_flg128';
UPDATE SM_FIELD_DEF SET JP_TITLE = '空ｶｾｯﾄ搬送ｽｹｼﾞｭｰﾙﾃｰﾌﾞﾙ', US_TITLE = 'EMPCAR_SC' WHERE TABLE_ID = 'TBLID_BUSERG' AND FIELD_NAME = 'menu_flg34';
UPDATE SM_FIELD_DEF SET JP_TITLE = 'ｶｾｯﾄｸﾞﾙｰﾌﾟﾃｰﾌﾞﾙ', US_TITLE = 'CARG' WHERE TABLE_ID = 'TBLID_BUSERG' AND FIELD_NAME = 'menu_flg35';
UPDATE SM_FIELD_DEF SET JP_TITLE = '作業者ﾃｰﾌﾞﾙ', US_TITLE = 'USER' WHERE TABLE_ID = 'TBLID_BUSERG' AND FIELD_NAME = 'menu_flg36';
UPDATE SM_FIELD_DEF SET JP_TITLE = 'ﾒｰﾙ通知先ﾃｰﾌﾞﾙ', US_TITLE = 'EQP_MAILADRESS' WHERE TABLE_ID = 'TBLID_BUSERG' AND FIELD_NAME = 'menu_flg37';
UPDATE SM_FIELD_DEF SET JP_TITLE = 'ｺｰﾄﾞﾃｰﾌﾞﾙ', US_TITLE = 'CODE' WHERE TABLE_ID = 'TBLID_BUSERG' AND FIELD_NAME = 'menu_flg38';
UPDATE SM_FIELD_DEF SET JP_TITLE = 'ﾎｰﾙﾄﾞ理由ｺｰﾄﾞﾃｰﾌﾞﾙ', US_TITLE = 'HOLDCODE' WHERE TABLE_ID = 'TBLID_BUSERG' AND FIELD_NAME = 'menu_flg39';
UPDATE SM_FIELD_DEF SET JP_TITLE = '不合格理由ｺｰﾄﾞﾃｰﾌﾞﾙ', US_TITLE = 'REJECTCODE' WHERE TABLE_ID = 'TBLID_BUSERG' AND FIELD_NAME = 'menu_flg40';
UPDATE SM_FIELD_DEF SET JP_TITLE = '不合格理由ｺｰﾄﾞｽﾃｰｼﾞｸﾞﾙｰﾌﾟﾃｰﾌﾞﾙ', US_TITLE = 'REJECTCODE_STGG' WHERE TABLE_ID = 'TBLID_BUSERG' AND FIELD_NAME = 'menu_flg41';
UPDATE SM_FIELD_DEF SET JP_TITLE = '不合格理由ｺｰﾄﾞｽﾃｰｼﾞｸﾞﾙｰﾌﾟ関連ﾃｰﾌﾞﾙ', US_TITLE = 'REJECTCODE_STGG_STG' WHERE TABLE_ID = 'TBLID_BUSERG' AND FIELD_NAME = 'menu_flg42';
UPDATE SM_FIELD_DEF SET JP_TITLE = '不合格理由ｺｰﾄﾞｽﾃｰｼﾞﾃｰﾌﾞﾙ', US_TITLE = 'REJECTCODE_STG' WHERE TABLE_ID = 'TBLID_BUSERG' AND FIELD_NAME = 'menu_flg43';
UPDATE SM_FIELD_DEF SET JP_TITLE = 'ｶﾚﾝﾀﾞﾃｰﾌﾞﾙ', US_TITLE = 'CALND' WHERE TABLE_ID = 'TBLID_BUSERG' AND FIELD_NAME = 'menu_flg44';
UPDATE SM_FIELD_DEF SET JP_TITLE = '検査判定ﾃｰﾌﾞﾙ', US_TITLE = 'INSPJDG' WHERE TABLE_ID = 'TBLID_BUSERG' AND FIELD_NAME = 'menu_flg45';
UPDATE SM_FIELD_DEF SET JP_TITLE = 'Qﾀｲﾑﾃｰﾌﾞﾙ', US_TITLE = 'QTIME' WHERE TABLE_ID = 'TBLID_BUSERG' AND FIELD_NAME = 'menu_flg46';
UPDATE SM_FIELD_DEF SET JP_TITLE = 'ｽﾃｰｼﾞｸﾞﾙｰﾌﾟﾃｰﾌﾞﾙ', US_TITLE = 'STGG' WHERE TABLE_ID = 'TBLID_BUSERG' AND FIELD_NAME = 'menu_flg47';
UPDATE SM_FIELD_DEF SET JP_TITLE = 'ｽﾃｰｼﾞｸﾞﾙｰﾌﾟ関連ﾃｰﾌﾞﾙ', US_TITLE = 'STGG_STG' WHERE TABLE_ID = 'TBLID_BUSERG' AND FIELD_NAME = 'menu_flg48';
UPDATE SM_FIELD_DEF SET JP_TITLE = 'ｽﾃｰｼﾞﾃｰﾌﾞﾙ', US_TITLE = 'STG' WHERE TABLE_ID = 'TBLID_BUSERG' AND FIELD_NAME = 'menu_flg49';
UPDATE SM_FIELD_DEF SET JP_TITLE = 'EPﾓﾆﾀ編成ﾏｽﾀｰ', US_TITLE = 'EPMONI' WHERE TABLE_ID = 'TBLID_BUSERG' AND FIELD_NAME = 'menu_flg50';
UPDATE SM_FIELD_DEF SET JP_TITLE = '検査試料構成ﾃｰﾌﾞﾙ', US_TITLE = 'PWSMPLCASETCON' WHERE TABLE_ID = 'TBLID_BUSERG' AND FIELD_NAME = 'menu_flg51';
UPDATE SM_FIELD_DEF SET JP_TITLE = '検査用途･測定項目ﾃｰﾌﾞﾙ', US_TITLE = 'INSP_MEAS_ITEM' WHERE TABLE_ID = 'TBLID_BUSERG' AND FIELD_NAME = 'menu_flg52';
UPDATE SM_FIELD_DEF SET JP_TITLE = 'ｼｽﾃﾑ定義ﾃｰﾌﾞﾙ', US_TITLE = 'SYSTEM_DEF' WHERE TABLE_ID = 'TBLID_BUSERG' AND FIELD_NAME = 'menu_flg53';
UPDATE SM_FIELD_DEF SET JP_TITLE = 'CZ_ITEMIZED_LIST定義ﾃｰﾌﾞﾙ', US_TITLE = 'CZ_ITEMIZED_DEF' WHERE TABLE_ID = 'TBLID_BUSERG' AND FIELD_NAME = 'menu_flg54';
UPDATE SM_FIELD_DEF SET JP_TITLE = 'SLICE_ITEMIZED_LIST定義ﾃｰﾌﾞﾙ', US_TITLE = 'SLICE_ITEMIZED_DEF' WHERE TABLE_ID = 'TBLID_BUSERG' AND FIELD_NAME = 'menu_flg55';
UPDATE SM_FIELD_DEF SET JP_TITLE = '業務ｸﾞﾙｰﾌﾟﾃｰﾌﾞﾙ', US_TITLE = 'USERG' WHERE TABLE_ID = 'TBLID_BUSERG' AND FIELD_NAME = 'menu_flg56';
UPDATE SM_FIELD_DEF SET JP_TITLE = 'ﾘﾘｰｽﾙｰﾄﾃｰﾌﾞﾙ', US_TITLE = 'RL_ROUTE' WHERE TABLE_ID = 'TBLID_BUSERG' AND FIELD_NAME = 'menu_flg57';
UPDATE SM_FIELD_DEF SET JP_TITLE = 'ｲﾍﾞﾝﾄﾛｸﾞﾃｰﾌﾞﾙ', US_TITLE = 'EVTLOG' WHERE TABLE_ID = 'TBLID_BUSERG' AND FIELD_NAME = 'menu_flg58';
UPDATE SM_FIELD_DEF SET JP_TITLE = 'ｼｽﾃﾑﾃﾞｰﾀﾃｰﾌﾞﾙ', US_TITLE = 'SYSDATA' WHERE TABLE_ID = 'TBLID_BUSERG' AND FIELD_NAME = 'menu_flg59';
UPDATE SM_FIELD_DEF SET JP_TITLE = 'ﾒﾆｭｰﾌﾗｸﾞ60', US_TITLE = 'MENU_FLG 60' WHERE TABLE_ID = 'TBLID_BUSERG' AND FIELD_NAME = 'menu_flg60';
UPDATE SM_FIELD_DEF SET JP_TITLE = 'ｲﾝﾗｲﾝ/先行評価ﾛｯﾄ管理ﾃｰﾌﾞﾙ', US_TITLE = 'DIL_PRE_CTRL' WHERE TABLE_ID = 'TBLID_BUSERG' AND FIELD_NAME = 'menu_flg61';
UPDATE SM_FIELD_DEF SET JP_TITLE = '一般ﾊﾞｯﾁ編成ﾃｰﾌﾞﾙ', US_TITLE = 'COM_BATCH' WHERE TABLE_ID = 'TBLID_BUSERG' AND FIELD_NAME = 'menu_flg62';
UPDATE SM_FIELD_DEF SET JP_TITLE = '製品ｺｰﾄﾞ別ﾏﾃﾘｱﾙﾃｰﾌﾞﾙ', US_TITLE = 'MTL_PROD' WHERE TABLE_ID = 'TBLID_BUSERG' AND FIELD_NAME = 'menu_flg63';
UPDATE SM_FIELD_DEF SET JP_TITLE = '装置･ﾏﾃﾘｱﾙ関連ﾃｰﾌﾞﾙ', US_TITLE = 'EQP_MTL' WHERE TABLE_ID = 'TBLID_BUSERG' AND FIELD_NAME = 'menu_flg64';
UPDATE SM_FIELD_DEF SET JP_TITLE = 'ｶｾｯﾄﾀｲﾌﾟﾃｰﾌﾞﾙ', US_TITLE = 'CARTYPE' WHERE TABLE_ID = 'TBLID_BUSERG' AND FIELD_NAME = 'menu_flg65';
UPDATE SM_FIELD_DEF SET JP_TITLE = '検査用途ﾃｰﾌﾞﾙ', US_TITLE = 'INSPUSED' WHERE TABLE_ID = 'TBLID_BUSERG' AND FIELD_NAME = 'menu_flg66';
UPDATE SM_FIELD_DEF SET JP_TITLE = '号機変換ﾏｽﾀﾃｰﾌﾞﾙ', US_TITLE = 'MAC_NUM_CONV' WHERE TABLE_ID = 'TBLID_BUSERG' AND FIELD_NAME = 'menu_flg67';
UPDATE SM_FIELD_DEF SET JP_TITLE = 'LMｸﾞﾙｰﾌﾟﾃｰﾌﾞﾙ', US_TITLE = 'LMG' WHERE TABLE_ID = 'TBLID_BUSERG' AND FIELD_NAME = 'menu_flg68';
UPDATE SM_FIELD_DEF SET JP_TITLE = 'LM採番ﾊﾟﾀｰﾝﾃｰﾌﾞﾙ', US_TITLE = 'LM_PTN' WHERE TABLE_ID = 'TBLID_BUSERG' AND FIELD_NAME = 'menu_flg69';
UPDATE SM_FIELD_DEF SET JP_TITLE = 'FTP情報ﾃｰﾌﾞﾙ', US_TITLE = 'FTPINFO' WHERE TABLE_ID = 'TBLID_BUSERG' AND FIELD_NAME = 'menu_flg70';
UPDATE SM_FIELD_DEF SET JP_TITLE = '一般ﾊﾞｯﾁﾓﾆﾀ編成ﾃｰﾌﾞﾙ', US_TITLE = 'COM_MON_BATCH' WHERE TABLE_ID = 'TBLID_BUSERG' AND FIELD_NAME = 'menu_flg71';
UPDATE SM_FIELD_DEF SET JP_TITLE = '先行評価ﾀｰｹﾞｯﾄ測定ﾃｰﾌﾞﾙ', US_TITLE = 'PRE_TARGET_MS' WHERE TABLE_ID = 'TBLID_BUSERG' AND FIELD_NAME = 'menu_flg72';
UPDATE SM_FIELD_DEF SET JP_TITLE = 'RP時再抜用検査用途ﾃｰﾌﾞﾙ', US_TITLE = 'RP_INSP_USED' WHERE TABLE_ID = 'TBLID_BUSERG' AND FIELD_NAME = 'menu_flg73';
UPDATE SM_FIELD_DEF SET JP_TITLE = '搬送ﾎﾟｰﾄ定義ﾃｰﾌﾞﾙ', US_TITLE = 'CARRY_PORT_DEF' WHERE TABLE_ID = 'TBLID_BUSERG' AND FIELD_NAME = 'menu_flg74';
UPDATE SM_FIELD_DEF SET JP_TITLE = '装置ﾎﾟｰﾄﾃｰﾌﾞﾙ', US_TITLE = 'EQPRT' WHERE TABLE_ID = 'TBLID_BUSERG' AND FIELD_NAME = 'menu_flg75';
UPDATE SM_FIELD_DEF SET JP_TITLE = '空ｶｾｯﾄ搬送先ﾃｰﾌﾞﾙ', US_TITLE = 'EMP_CARRY_PORT' WHERE TABLE_ID = 'TBLID_BUSERG' AND FIELD_NAME = 'menu_flg76';
UPDATE SM_FIELD_DEF SET JP_TITLE = '工程ﾓﾆﾀﾛｯﾄ自動投入情報管理ﾃｰﾌﾞﾙ', US_TITLE = 'OPEMONI_INPUT_ADMIN' WHERE TABLE_ID = 'TBLID_BUSERG' AND FIELD_NAME = 'menu_flg77';
UPDATE SM_FIELD_DEF SET JP_TITLE = 'ﾀﾞﾐｰｳｪｰﾊ枚数設定ﾃｰﾌﾞﾙ', US_TITLE = 'DUMMY_WAF_SET' WHERE TABLE_ID = 'TBLID_BUSERG' AND FIELD_NAME = 'menu_flg78';
UPDATE SM_FIELD_DEF SET JP_TITLE = '装置作業者管理ﾃｰﾌﾞﾙ', US_TITLE = 'EQP_USER' WHERE TABLE_ID = 'TBLID_BUSERG' AND FIELD_NAME = 'menu_flg79';
UPDATE SM_FIELD_DEF SET JP_TITLE = 'ｽﾄｯｶｰ･ｶｾｯﾄｸﾞﾙｰﾌﾟﾃｰﾌﾞﾙ', US_TITLE = 'STK_CARG' WHERE TABLE_ID = 'TBLID_BUSERG' AND FIELD_NAME = 'menu_flg80';
UPDATE SM_FIELD_DEF SET JP_TITLE = '製品ｺｰﾄﾞ別ﾏﾃﾘｱﾙ装着管理ﾃｰﾌﾞﾙ', US_TITLE = 'MTL_PROD_FIT' WHERE TABLE_ID = 'TBLID_BUSERG' AND FIELD_NAME = 'menu_flg81';
UPDATE SM_FIELD_DEF SET JP_TITLE = '製品ｺｰﾄﾞﾃｰﾌﾞﾙ2', US_TITLE = 'PROD_02' WHERE TABLE_ID = 'TBLID_BUSERG' AND FIELD_NAME = 'menu_flg82';
UPDATE SM_FIELD_DEF SET JP_TITLE = 'DSPｴﾘｱ別搬送先ﾃｰﾌﾞﾙ', US_TITLE = 'CARRY_PORT_DSP_AREA' WHERE TABLE_ID = 'TBLID_BUSERG' AND FIELD_NAME = 'menu_flg83';
UPDATE SM_FIELD_DEF SET JP_TITLE = 'EP検査頻度設定ﾃｰﾌﾞﾙ', US_TITLE = 'EP_MEAS_NUM' WHERE TABLE_ID = 'TBLID_BUSERG' AND FIELD_NAME = 'menu_flg84';
UPDATE SM_FIELD_DEF SET JP_TITLE = '転用可能元製品ｺｰﾄﾞﾃｰﾌﾞﾙ', US_TITLE = 'PROD_DIV_ORG' WHERE TABLE_ID = 'TBLID_BUSERG' AND FIELD_NAME = 'menu_flg85';
UPDATE SM_FIELD_DEF SET JP_TITLE = 'ﾏﾙﾁﾚｼﾋﾟ設定ﾃｰﾌﾞﾙ', US_TITLE = 'MULTI_RECIP_SET' WHERE TABLE_ID = 'TBLID_BUSERG' AND FIELD_NAME = 'menu_flg86';
UPDATE SM_FIELD_DEF SET JP_TITLE = '{"ﾒﾆｭｰﾌﾗｸﾞ87', US_TITLE = 'MENU_FLG 87' WHERE TABLE_ID = 'TBLID_BUSERG' AND FIELD_NAME = 'menu_flg87';
UPDATE SM_FIELD_DEF SET JP_TITLE = '共通iniファイルテーブル', US_TITLE = 'SYSTEM_INI_TBL' WHERE TABLE_ID = 'TBLID_BUSERG' AND FIELD_NAME = 'menu_flg87';
UPDATE SM_FIELD_DEF SET JP_TITLE = 'ﾒﾆｭｰﾌﾗｸﾞ88', US_TITLE = 'MENU_FLG 88' WHERE TABLE_ID = 'TBLID_BUSERG' AND FIELD_NAME = 'menu_flg88';
UPDATE SM_FIELD_DEF SET JP_TITLE = '業務ｸﾞﾙｰﾌﾟ関数ﾃｰﾌﾞﾙ', US_TITLE = 'USERG_FUNC' WHERE TABLE_ID = 'TBLID_BUSERG' AND FIELD_NAME = 'menu_flg88';
UPDATE SM_FIELD_DEF SET JP_TITLE = 'ﾒﾆｭｰﾌﾗｸﾞ89', US_TITLE = 'MENU_FLG 89' WHERE TABLE_ID = 'TBLID_BUSERG' AND FIELD_NAME = 'menu_flg89';
UPDATE SM_FIELD_DEF SET JP_TITLE = '復帰ｽﾄｯｶｰ定義ﾃｰﾌﾞﾙ(装置)', US_TITLE = 'CARRY_PORT_EQP' WHERE TABLE_ID = 'TBLID_BUSERG' AND FIELD_NAME = 'menu_flg89';
UPDATE SM_FIELD_DEF SET JP_TITLE = 'ﾒﾆｭｰﾌﾗｸﾞ90', US_TITLE = 'MENU_FLG 90' WHERE TABLE_ID = 'TBLID_BUSERG' AND FIELD_NAME = 'menu_flg90';
UPDATE SM_FIELD_DEF SET JP_TITLE = 'ﾒﾆｭｰﾌﾗｸﾞ91', US_TITLE = 'MENU_FLG 91' WHERE TABLE_ID = 'TBLID_BUSERG' AND FIELD_NAME = 'menu_flg91';
UPDATE SM_FIELD_DEF SET JP_TITLE = 'ﾒﾆｭｰﾌﾗｸﾞ92', US_TITLE = 'PROD_CHG_SPEC' WHERE TABLE_ID = 'TBLID_BUSERG' AND FIELD_NAME = 'menu_flg92';
UPDATE SM_FIELD_DEF SET JP_TITLE = 'ﾒﾆｭｰﾌﾗｸﾞ93', US_TITLE = 'PROD_BINCODE' WHERE TABLE_ID = 'TBLID_BUSERG' AND FIELD_NAME = 'menu_flg93';
UPDATE SM_FIELD_DEF SET JP_TITLE = 'ﾒﾆｭｰﾌﾗｸﾞ94', US_TITLE = 'EQP_STAT_CONST' WHERE TABLE_ID = 'TBLID_BUSERG' AND FIELD_NAME = 'menu_flg94';
UPDATE SM_FIELD_DEF SET JP_TITLE = 'ﾒﾆｭｰﾌﾗｸﾞ95', US_TITLE = 'MENU_FLG 95' WHERE TABLE_ID = 'TBLID_BUSERG' AND FIELD_NAME = 'menu_flg95';
UPDATE SM_FIELD_DEF SET JP_TITLE = 'ﾒﾆｭｰﾌﾗｸﾞ96', US_TITLE = 'MENU_FLG 96' WHERE TABLE_ID = 'TBLID_BUSERG' AND FIELD_NAME = 'menu_flg96';
UPDATE SM_FIELD_DEF SET JP_TITLE = 'ﾒﾆｭｰﾌﾗｸﾞ97', US_TITLE = 'MENU_FLG 97' WHERE TABLE_ID = 'TBLID_BUSERG' AND FIELD_NAME = 'menu_flg97';
UPDATE SM_FIELD_DEF SET JP_TITLE = 'ﾒﾆｭｰﾌﾗｸﾞ98', US_TITLE = 'MENU_FLG 98' WHERE TABLE_ID = 'TBLID_BUSERG' AND FIELD_NAME = 'menu_flg98';
UPDATE SM_FIELD_DEF SET JP_TITLE = 'ﾒﾆｭｰﾌﾗｸﾞ99', US_TITLE = 'MENU_FLG 99' WHERE TABLE_ID = 'TBLID_BUSERG' AND FIELD_NAME = 'menu_flg99';
UPDATE SM_FIELD_DEF SET JP_TITLE = 'ﾒﾆｭｰﾌﾗｸﾞ100', US_TITLE = 'MENU_FLG 100' WHERE TABLE_ID = 'TBLID_BUSERG' AND FIELD_NAME = 'menu_flg100';
UPDATE SM_FIELD_DEF SET JP_TITLE = 'ﾒﾆｭｰﾌﾗｸﾞ101', US_TITLE = 'MENU_FLG 101' WHERE TABLE_ID = 'TBLID_BUSERG' AND FIELD_NAME = 'menu_flg101';
UPDATE SM_FIELD_DEF SET JP_TITLE = 'ﾒﾆｭｰﾌﾗｸﾞ102', US_TITLE = 'MENU_FLG 102' WHERE TABLE_ID = 'TBLID_BUSERG' AND FIELD_NAME = 'menu_flg102';
UPDATE SM_FIELD_DEF SET JP_TITLE = 'ﾒﾆｭｰﾌﾗｸﾞ103', US_TITLE = 'MENU_FLG 103' WHERE TABLE_ID = 'TBLID_BUSERG' AND FIELD_NAME = 'menu_flg103';
UPDATE SM_FIELD_DEF SET JP_TITLE = 'ﾒﾆｭｰﾌﾗｸﾞ104', US_TITLE = 'MENU_FLG 104' WHERE TABLE_ID = 'TBLID_BUSERG' AND FIELD_NAME = 'menu_flg104';
UPDATE SM_FIELD_DEF SET JP_TITLE = 'ﾒﾆｭｰﾌﾗｸﾞ105', US_TITLE = 'MENU_FLG 105' WHERE TABLE_ID = 'TBLID_BUSERG' AND FIELD_NAME = 'menu_flg105';
UPDATE SM_FIELD_DEF SET JP_TITLE = 'ﾒﾆｭｰﾌﾗｸﾞ106', US_TITLE = 'MENU_FLG 106' WHERE TABLE_ID = 'TBLID_BUSERG' AND FIELD_NAME = 'menu_flg106';
UPDATE SM_FIELD_DEF SET JP_TITLE = 'ﾒﾆｭｰﾌﾗｸﾞ107', US_TITLE = 'MENU_FLG 107' WHERE TABLE_ID = 'TBLID_BUSERG' AND FIELD_NAME = 'menu_flg107';
UPDATE SM_FIELD_DEF SET JP_TITLE = 'ﾒﾆｭｰﾌﾗｸﾞ108', US_TITLE = 'MENU_FLG 108' WHERE TABLE_ID = 'TBLID_BUSERG' AND FIELD_NAME = 'menu_flg108';
UPDATE SM_FIELD_DEF SET JP_TITLE = 'ﾒﾆｭｰﾌﾗｸﾞ109', US_TITLE = 'MENU_FLG 109' WHERE TABLE_ID = 'TBLID_BUSERG' AND FIELD_NAME = 'menu_flg109';
UPDATE SM_FIELD_DEF SET JP_TITLE = 'ﾒﾆｭｰﾌﾗｸﾞ110', US_TITLE = 'MENU_FLG 110' WHERE TABLE_ID = 'TBLID_BUSERG' AND FIELD_NAME = 'menu_flg110';
UPDATE SM_FIELD_DEF SET JP_TITLE = 'ﾒﾆｭｰﾌﾗｸﾞ111', US_TITLE = 'MENU_FLG 111' WHERE TABLE_ID = 'TBLID_BUSERG' AND FIELD_NAME = 'menu_flg111';
UPDATE SM_FIELD_DEF SET JP_TITLE = 'ﾒﾆｭｰﾌﾗｸﾞ112', US_TITLE = 'MENU_FLG 112' WHERE TABLE_ID = 'TBLID_BUSERG' AND FIELD_NAME = 'menu_flg112';
UPDATE SM_FIELD_DEF SET JP_TITLE = 'ﾒﾆｭｰﾌﾗｸﾞ113', US_TITLE = 'MENU_FLG 113' WHERE TABLE_ID = 'TBLID_BUSERG' AND FIELD_NAME = 'menu_flg113';
UPDATE SM_FIELD_DEF SET JP_TITLE = 'ﾒﾆｭｰﾌﾗｸﾞ114', US_TITLE = 'MENU_FLG 114' WHERE TABLE_ID = 'TBLID_BUSERG' AND FIELD_NAME = 'menu_flg114';
UPDATE SM_FIELD_DEF SET JP_TITLE = 'ﾒﾆｭｰﾌﾗｸﾞ115', US_TITLE = 'MENU_FLG 115' WHERE TABLE_ID = 'TBLID_BUSERG' AND FIELD_NAME = 'menu_flg115';
UPDATE SM_FIELD_DEF SET JP_TITLE = 'ﾒﾆｭｰﾌﾗｸﾞ116', US_TITLE = 'MENU_FLG 116' WHERE TABLE_ID = 'TBLID_BUSERG' AND FIELD_NAME = 'menu_flg116';
UPDATE SM_FIELD_DEF SET JP_TITLE = 'ﾒﾆｭｰﾌﾗｸﾞ117', US_TITLE = 'MENU_FLG 117' WHERE TABLE_ID = 'TBLID_BUSERG' AND FIELD_NAME = 'menu_flg117';
UPDATE SM_FIELD_DEF SET JP_TITLE = 'ﾒﾆｭｰﾌﾗｸﾞ118', US_TITLE = 'MENU_FLG 118' WHERE TABLE_ID = 'TBLID_BUSERG' AND FIELD_NAME = 'menu_flg118';
UPDATE SM_FIELD_DEF SET JP_TITLE = 'ﾒﾆｭｰﾌﾗｸﾞ119', US_TITLE = 'MENU_FLG 119' WHERE TABLE_ID = 'TBLID_BUSERG' AND FIELD_NAME = 'menu_flg119';
UPDATE SM_FIELD_DEF SET JP_TITLE = 'ﾒﾆｭｰﾌﾗｸﾞ120', US_TITLE = 'MENU_FLG 120' WHERE TABLE_ID = 'TBLID_BUSERG' AND FIELD_NAME = 'menu_flg120';
UPDATE SM_FIELD_DEF SET JP_TITLE = 'ﾒﾆｭｰﾌﾗｸﾞ121', US_TITLE = 'MENU_FLG 121' WHERE TABLE_ID = 'TBLID_BUSERG' AND FIELD_NAME = 'menu_flg121';
UPDATE SM_FIELD_DEF SET JP_TITLE = 'ﾒﾆｭｰﾌﾗｸﾞ122', US_TITLE = 'MENU_FLG 122' WHERE TABLE_ID = 'TBLID_BUSERG' AND FIELD_NAME = 'menu_flg122';
UPDATE SM_FIELD_DEF SET JP_TITLE = 'ﾒﾆｭｰﾌﾗｸﾞ123', US_TITLE = 'MENU_FLG 123' WHERE TABLE_ID = 'TBLID_BUSERG' AND FIELD_NAME = 'menu_flg123';
UPDATE SM_FIELD_DEF SET JP_TITLE = 'ﾒﾆｭｰﾌﾗｸﾞ124', US_TITLE = 'MENU_FLG 124' WHERE TABLE_ID = 'TBLID_BUSERG' AND FIELD_NAME = 'menu_flg124';
UPDATE SM_FIELD_DEF SET JP_TITLE = 'ﾒﾆｭｰﾌﾗｸﾞ125', US_TITLE = 'MENU_FLG 125' WHERE TABLE_ID = 'TBLID_BUSERG' AND FIELD_NAME = 'menu_flg125';
UPDATE SM_FIELD_DEF SET JP_TITLE = 'ﾒﾆｭｰﾌﾗｸﾞ126', US_TITLE = 'MENU_FLG 126' WHERE TABLE_ID = 'TBLID_BUSERG' AND FIELD_NAME = 'menu_flg126';
UPDATE SM_FIELD_DEF SET JP_TITLE = 'ﾒﾆｭｰﾌﾗｸﾞ127', US_TITLE = 'MENU_FLG 127' WHERE TABLE_ID = 'TBLID_BUSERG' AND FIELD_NAME = 'menu_flg127';
UPDATE SM_FIELD_DEF SET JP_TITLE = 'ﾒﾆｭｰﾌﾗｸﾞ128', US_TITLE = 'MENU_FLG 128' WHERE TABLE_ID = 'TBLID_BUSERG' AND FIELD_NAME = 'menu_flg128';
UPDATE SM_FIELD_DEF SET JP_TITLE = '管理者権限ﾌﾗｸﾞ', US_TITLE = 'ADMIN_FLG' WHERE TABLE_ID = 'TBLID_BUSERG' AND FIELD_NAME = 'admin_flg';
UPDATE SM_FIELD_DEF SET JP_TITLE = '{NULL', US_TITLE = 'NULL' WHERE TABLE_ID = 'TBLID_BUSERG' AND FIELD_NAME = 'NULL';
UPDATE SM_FIELD_DEF SET JP_TITLE = '{"ﾀｲﾄﾙ', US_TITLE = '英語名' WHERE TABLE_ID = 'TBLID_BEVTLOG' AND FIELD_NAME = 'ﾌｨｰﾙﾄﾞ名';
UPDATE SM_FIELD_DEF SET JP_TITLE = '{"--------------------', US_TITLE = '--------------------------------------------------------' WHERE TABLE_ID = 'TBLID_BEVTLOG' AND FIELD_NAME = '--------------------';
UPDATE SM_FIELD_DEF SET JP_TITLE = 'ｲﾍﾞﾝﾄ発生日時', US_TITLE = 'EVT_TIME' WHERE TABLE_ID = 'TBLID_BEVTLOG' AND FIELD_NAME = 'evt_time';
UPDATE SM_FIELD_DEF SET JP_TITLE = 'ｲﾍﾞﾝﾄｺｰﾄﾞ', US_TITLE = 'EVT_CODE' WHERE TABLE_ID = 'TBLID_BEVTLOG' AND FIELD_NAME = 'evt_code';
UPDATE SM_FIELD_DEF SET JP_TITLE = '{"作業者ID', US_TITLE = 'USER_ID' WHERE TABLE_ID = 'TBLID_BEVTLOG' AND FIELD_NAME = 'user_id';
UPDATE SM_FIELD_DEF SET JP_TITLE = '作業者ID', US_TITLE = 'USER_ID' WHERE TABLE_ID = 'TBLID_BEVTLOG' AND FIELD_NAME = 'user_id';
UPDATE SM_FIELD_DEF SET JP_TITLE = 'ﾃｰﾌﾞﾙ名称', US_TITLE = 'TBL_NAME' WHERE TABLE_ID = 'TBLID_BEVTLOG' AND FIELD_NAME = 'tbl_name';
UPDATE SM_FIELD_DEF SET JP_TITLE = 'ﾃｰﾌﾞﾙｷｰ', US_TITLE = 'TBL_KEY' WHERE TABLE_ID = 'TBLID_BEVTLOG' AND FIELD_NAME = 'tbl_key';
UPDATE SM_FIELD_DEF SET JP_TITLE = 'ｺﾒﾝﾄ', US_TITLE = 'COMMENT' WHERE TABLE_ID = 'TBLID_BEVTLOG' AND FIELD_NAME = 'comment';
UPDATE SM_FIELD_DEF SET JP_TITLE = '{NULL', US_TITLE = 'NULL' WHERE TABLE_ID = 'TBLID_BEVTLOG' AND FIELD_NAME = 'NULL';
UPDATE SM_FIELD_DEF SET JP_TITLE = '{"ﾀｲﾄﾙ', US_TITLE = '英語名' WHERE TABLE_ID = 'TBLID_BSYSDATA' AND FIELD_NAME = 'ﾌｨｰﾙﾄﾞ名';
UPDATE SM_FIELD_DEF SET JP_TITLE = '{"--------------------', US_TITLE = '--------------------------------------------------------' WHERE TABLE_ID = 'TBLID_BSYSDATA' AND FIELD_NAME = '--------------------';
UPDATE SM_FIELD_DEF SET JP_TITLE = 'ﾃｰﾌﾞﾙ名称', US_TITLE = 'TBL_NAME' WHERE TABLE_ID = 'TBLID_BSYSDATA' AND FIELD_NAME = 'tbl_name';
UPDATE SM_FIELD_DEF SET JP_TITLE = 'ﾌｨｰﾙﾄﾞ名称', US_TITLE = 'FLD_NAME' WHERE TABLE_ID = 'TBLID_BSYSDATA' AND FIELD_NAME = 'fld_name';
UPDATE SM_FIELD_DEF SET JP_TITLE = 'ﾌｨｰﾙﾄﾞ値', US_TITLE = 'FLD_VAL' WHERE TABLE_ID = 'TBLID_BSYSDATA' AND FIELD_NAME = 'fld_val';
UPDATE SM_FIELD_DEF SET JP_TITLE = 'ﾌｨｰﾙﾄﾞ文字列', US_TITLE = 'FLD_STR' WHERE TABLE_ID = 'TBLID_BSYSDATA' AND FIELD_NAME = 'fld_str';
UPDATE SM_FIELD_DEF SET JP_TITLE = '{NULL', US_TITLE = 'NULL' WHERE TABLE_ID = 'TBLID_BSYSDATA' AND FIELD_NAME = 'NULL';
UPDATE SM_FIELD_DEF SET JP_TITLE = '{"ﾀｲﾄﾙ', US_TITLE = '英語名' WHERE TABLE_ID = 'TBLID_BRP_INSP_USED' AND FIELD_NAME = 'ﾌｨｰﾙﾄﾞ名';
UPDATE SM_FIELD_DEF SET JP_TITLE = '{"--------------------', US_TITLE = '--------------------------------------------------------' WHERE TABLE_ID = 'TBLID_BRP_INSP_USED' AND FIELD_NAME = '--------------------';
UPDATE SM_FIELD_DEF SET JP_TITLE = '製品ｺｰﾄﾞID', US_TITLE = 'PROD_ID' WHERE TABLE_ID = 'TBLID_BRP_INSP_USED' AND FIELD_NAME = 'prod_id';
UPDATE SM_FIELD_DEF SET JP_TITLE = '検査用途ID', US_TITLE = 'INSP_USED_ID' WHERE TABLE_ID = 'TBLID_BRP_INSP_USED' AND FIELD_NAME = 'insp_used_id';
UPDATE SM_FIELD_DEF SET JP_TITLE = '特殊検査区分', US_TITLE = 'SP_INSP_CAT' WHERE TABLE_ID = 'TBLID_BRP_INSP_USED' AND FIELD_NAME = 'sp_insp_cat';
UPDATE SM_FIELD_DEF SET JP_TITLE = 'ｼｰｹﾝｽ番号', US_TITLE = 'SEQ_NO' WHERE TABLE_ID = 'TBLID_BRP_INSP_USED' AND FIELD_NAME = 'seq_no';
UPDATE SM_FIELD_DEF SET JP_TITLE = '{"ｼｰｹﾝｽ番号', US_TITLE = 'SEQ_NO' WHERE TABLE_ID = 'TBLID_BRP_INSP_USED' AND FIELD_NAME = 'seq_no';
UPDATE SM_FIELD_DEF SET JP_TITLE = '試料再抜ﾌﾗｸﾞ(再洗浄)', US_TITLE = 'RW_SMPL_FLG' WHERE TABLE_ID = 'TBLID_BRP_INSP_USED' AND FIELD_NAME = 'rw_smpl_flg';
UPDATE SM_FIELD_DEF SET JP_TITLE = '試料再抜ﾌﾗｸﾞ(完全不良)', US_TITLE = 'RJCT_ALL_SMPL_FLG' WHERE TABLE_ID = 'TBLID_BRP_INSP_USED' AND FIELD_NAME = 'rjct_all_smpl_flg';
UPDATE SM_FIELD_DEF SET JP_TITLE = '試料再抜ﾌﾗｸﾞ(SWP_SWC(裏))', US_TITLE = 'SWP_BC_SMPL_FLG' WHERE TABLE_ID = 'TBLID_BRP_INSP_USED' AND FIELD_NAME = 'swp_bc_smpl_flg';
UPDATE SM_FIELD_DEF SET JP_TITLE = '試料再抜ﾌﾗｸﾞ(SWP_SWC(表))', US_TITLE = 'SWP_FC_SMPL_FLG' WHERE TABLE_ID = 'TBLID_BRP_INSP_USED' AND FIELD_NAME = 'swp_fc_smpl_flg';
UPDATE SM_FIELD_DEF SET JP_TITLE = '試料再抜ﾌﾗｸﾞ(DSP)', US_TITLE = 'DSP_SMPL_FLG' WHERE TABLE_ID = 'TBLID_BRP_INSP_USED' AND FIELD_NAME = 'dsp_smpl_flg';
UPDATE SM_FIELD_DEF SET JP_TITLE = '試料再抜ﾌﾗｸﾞ(MEP)', US_TITLE = 'MEP_SMPL_FLG' WHERE TABLE_ID = 'TBLID_BRP_INSP_USED' AND FIELD_NAME = 'mep_smpl_flg';
UPDATE SM_FIELD_DEF SET JP_TITLE = '試料再抜ﾌﾗｸﾞ(転用可能不良)', US_TITLE = 'RJCT_DIVERT_SMPL_FLG' WHERE TABLE_ID = 'TBLID_BRP_INSP_USED' AND FIELD_NAME = 'rjct_divert_smpl_flg';
UPDATE SM_FIELD_DEF SET JP_TITLE = '{NULL', US_TITLE = 'NULL' WHERE TABLE_ID = 'TBLID_BRP_INSP_USED' AND FIELD_NAME = 'NULL';
UPDATE SM_FIELD_DEF SET JP_TITLE = '{"ﾀｲﾄﾙ', US_TITLE = '英語名' WHERE TABLE_ID = 'TBLID_BCARRY_PORT_DEF' AND FIELD_NAME = 'ﾌｨｰﾙﾄﾞ名';
UPDATE SM_FIELD_DEF SET JP_TITLE = '{"--------------------', US_TITLE = '--------------------------------------------------------' WHERE TABLE_ID = 'TBLID_BCARRY_PORT_DEF' AND FIELD_NAME = '--------------------';
UPDATE SM_FIELD_DEF SET JP_TITLE = '工程ID', US_TITLE = 'OPE_ID' WHERE TABLE_ID = 'TBLID_BCARRY_PORT_DEF' AND FIELD_NAME = 'ope_id';
UPDATE SM_FIELD_DEF SET JP_TITLE = 'FabID', US_TITLE = 'FAB_ID' WHERE TABLE_ID = 'TBLID_BCARRY_PORT_DEF' AND FIELD_NAME = 'fab_id';
UPDATE SM_FIELD_DEF SET JP_TITLE = 'ｼｰｹﾝｽ番号', US_TITLE = 'SEQ_NO' WHERE TABLE_ID = 'TBLID_BCARRY_PORT_DEF' AND FIELD_NAME = 'seq_no';
UPDATE SM_FIELD_DEF SET JP_TITLE = '搬送ｽﾄｯｶｰ', US_TITLE = 'CARRY_STK' WHERE TABLE_ID = 'TBLID_BCARRY_PORT_DEF' AND FIELD_NAME = 'carry_stk';
UPDATE SM_FIELD_DEF SET JP_TITLE = '搬送ﾎﾟｰﾄ', US_TITLE = 'CARRY_PORT' WHERE TABLE_ID = 'TBLID_BCARRY_PORT_DEF' AND FIELD_NAME = 'carry_port';
UPDATE SM_FIELD_DEF SET JP_TITLE = '搬送ﾎﾟｰﾄ', US_TITLE = 'CARRY_PORT' WHERE TABLE_ID = 'TBLID_BCARRY_PORT_DEF' AND FIELD_NAME = 'carry_port';
UPDATE SM_FIELD_DEF SET JP_TITLE = '{NULL', US_TITLE = 'NULL' WHERE TABLE_ID = 'TBLID_BCARRY_PORT_DEF' AND FIELD_NAME = 'NULL';
UPDATE SM_FIELD_DEF SET JP_TITLE = '{"ﾀｲﾄﾙ', US_TITLE = '英語名' WHERE TABLE_ID = 'TBLID_BEQPRT' AND FIELD_NAME = 'ﾌｨｰﾙﾄﾞ名';
UPDATE SM_FIELD_DEF SET JP_TITLE = '{"--------------------', US_TITLE = '--------------------------------------------------------' WHERE TABLE_ID = 'TBLID_BEQPRT' AND FIELD_NAME = '--------------------';
UPDATE SM_FIELD_DEF SET JP_TITLE = '装置ID', US_TITLE = 'EQP_ID' WHERE TABLE_ID = 'TBLID_BEQPRT' AND FIELD_NAME = 'eqp_id';
UPDATE SM_FIELD_DEF SET JP_TITLE = '装置ﾎﾟｰﾄID', US_TITLE = 'IEQP_PORT_ID' WHERE TABLE_ID = 'TBLID_BEQPRT' AND FIELD_NAME = 'eqp_port_id';
UPDATE SM_FIELD_DEF SET JP_TITLE = 'ﾎﾟｰﾄﾀｲﾌﾟ', US_TITLE = 'PORT_TYPE' WHERE TABLE_ID = 'TBLID_BEQPRT' AND FIELD_NAME = 'port_type';
UPDATE SM_FIELD_DEF SET JP_TITLE = 'AGV ID', US_TITLE = 'AGV_ID' WHERE TABLE_ID = 'TBLID_BEQPRT' AND FIELD_NAME = 'agv_id';
UPDATE SM_FIELD_DEF SET JP_TITLE = '{NULL', US_TITLE = 'NULL' WHERE TABLE_ID = 'TBLID_BEQPRT' AND FIELD_NAME = 'NULL';
UPDATE SM_FIELD_DEF SET JP_TITLE = '{"ﾀｲﾄﾙ', US_TITLE = '英語名' WHERE TABLE_ID = 'TBLID_BEMP_CARRY_PORT' AND FIELD_NAME = 'ﾌｨｰﾙﾄﾞ名';
UPDATE SM_FIELD_DEF SET JP_TITLE = '{"--------------------', US_TITLE = '--------------------------------------------------------' WHERE TABLE_ID = 'TBLID_BEMP_CARRY_PORT' AND FIELD_NAME = '--------------------';
UPDATE SM_FIELD_DEF SET JP_TITLE = '{"ｶｾｯﾄｸﾞﾙｰﾌﾟID', US_TITLE = 'CARG_ID' WHERE TABLE_ID = 'TBLID_BEMP_CARRY_PORT' AND FIELD_NAME = 'carg_id';
UPDATE SM_FIELD_DEF SET JP_TITLE = '{"FabID', US_TITLE = 'FAB_ID' WHERE TABLE_ID = 'TBLID_BEMP_CARRY_PORT' AND FIELD_NAME = 'fab_id';
UPDATE SM_FIELD_DEF SET JP_TITLE = '{"搬送ﾎﾟｰﾄ', US_TITLE = 'CARRY_PORT' WHERE TABLE_ID = 'TBLID_BEMP_CARRY_PORT' AND FIELD_NAME = 'carry_port';
UPDATE SM_FIELD_DEF SET JP_TITLE = '{"入庫ﾎﾟｰﾄ', US_TITLE = 'IN_PORT' WHERE TABLE_ID = 'TBLID_BEMP_CARRY_PORT' AND FIELD_NAME = 'in_port';
UPDATE SM_FIELD_DEF SET JP_TITLE = '{"装置ID', US_TITLE = 'EQP_ID' WHERE TABLE_ID = 'TBLID_BEMP_CARRY_PORT' AND FIELD_NAME = 'eqp_id';
UPDATE SM_FIELD_DEF SET JP_TITLE = 'ｶｾｯﾄｸﾞﾙｰﾌﾟID', US_TITLE = 'CARG_ID' WHERE TABLE_ID = 'TBLID_BEMP_CARRY_PORT' AND FIELD_NAME = 'carg_id';
UPDATE SM_FIELD_DEF SET JP_TITLE = 'FabID', US_TITLE = 'FAB_ID' WHERE TABLE_ID = 'TBLID_BEMP_CARRY_PORT' AND FIELD_NAME = 'fab_id';
UPDATE SM_FIELD_DEF SET JP_TITLE = '装置ID', US_TITLE = 'EQP_ID' WHERE TABLE_ID = 'TBLID_BEMP_CARRY_PORT' AND FIELD_NAME = 'eqp_id';
UPDATE SM_FIELD_DEF SET JP_TITLE = '搬送ｽﾄｯｶｰ', US_TITLE = 'CARRY_STK' WHERE TABLE_ID = 'TBLID_BEMP_CARRY_PORT' AND FIELD_NAME = 'carry_stk';
UPDATE SM_FIELD_DEF SET JP_TITLE = '搬送ﾎﾟｰﾄ', US_TITLE = 'CARRY_PORT' WHERE TABLE_ID = 'TBLID_BEMP_CARRY_PORT' AND FIELD_NAME = 'carry_port';
UPDATE SM_FIELD_DEF SET JP_TITLE = '入庫ﾎﾟｰﾄ', US_TITLE = 'IN_PORT' WHERE TABLE_ID = 'TBLID_BEMP_CARRY_PORT' AND FIELD_NAME = 'in_port';
UPDATE SM_FIELD_DEF SET JP_TITLE = '搬送ﾎﾟｰﾄ', US_TITLE = 'CARRY_PORT' WHERE TABLE_ID = 'TBLID_BEMP_CARRY_PORT' AND FIELD_NAME = 'carry_port';
UPDATE SM_FIELD_DEF SET JP_TITLE = '入庫ﾎﾟｰﾄ', US_TITLE = 'IN_PORT' WHERE TABLE_ID = 'TBLID_BEMP_CARRY_PORT' AND FIELD_NAME = 'in_port';
UPDATE SM_FIELD_DEF SET JP_TITLE = '{"洗浄ﾎﾟｰﾄ', US_TITLE = 'WASH_PORT' WHERE TABLE_ID = 'TBLID_BEMP_CARRY_PORT' AND FIELD_NAME = 'wash_port';
UPDATE SM_FIELD_DEF SET JP_TITLE = '{NULL', US_TITLE = 'NULL' WHERE TABLE_ID = 'TBLID_BEMP_CARRY_PORT' AND FIELD_NAME = 'NULL';
UPDATE SM_FIELD_DEF SET JP_TITLE = '{"ﾀｲﾄﾙ', US_TITLE = '英語名' WHERE TABLE_ID = 'TBLID_BOPEMONI_INPUT_ADMIN' AND FIELD_NAME = 'ﾌｨｰﾙﾄﾞ名';
UPDATE SM_FIELD_DEF SET JP_TITLE = '{"--------------------', US_TITLE = '--------------------------------------------------------' WHERE TABLE_ID = 'TBLID_BOPEMONI_INPUT_ADMIN' AND FIELD_NAME = '--------------------';
UPDATE SM_FIELD_DEF SET JP_TITLE = 'ﾛｯﾄ区分', US_TITLE = 'LOT_CAT' WHERE TABLE_ID = 'TBLID_BOPEMONI_INPUT_ADMIN' AND FIELD_NAME = 'lot_cat';
UPDATE SM_FIELD_DEF SET JP_TITLE = '装置ID', US_TITLE = 'EQP_ID' WHERE TABLE_ID = 'TBLID_BOPEMONI_INPUT_ADMIN' AND FIELD_NAME = 'eqp_id';
UPDATE SM_FIELD_DEF SET JP_TITLE = 'ﾓﾆﾀｽﾍﾟｯｸID', US_TITLE = 'MON_PROD_ID' WHERE TABLE_ID = 'TBLID_BOPEMONI_INPUT_ADMIN' AND FIELD_NAME = 'mon_prod_id';
UPDATE SM_FIELD_DEF SET JP_TITLE = '開始時刻', US_TITLE = 'START_TIME' WHERE TABLE_ID = 'TBLID_BOPEMONI_INPUT_ADMIN' AND FIELD_NAME = 'start_time';
UPDATE SM_FIELD_DEF SET JP_TITLE = '周期', US_TITLE = 'CYCLE' WHERE TABLE_ID = 'TBLID_BOPEMONI_INPUT_ADMIN' AND FIELD_NAME = 'cycle';
UPDATE SM_FIELD_DEF SET JP_TITLE = '{"ｶｾｯﾄﾛｯﾄ数', US_TITLE = 'SUBLOT_cnt' WHERE TABLE_ID = 'TBLID_BOPEMONI_INPUT_ADMIN' AND FIELD_NAME = 'sublot_cnt';
UPDATE SM_FIELD_DEF SET JP_TITLE = 'ｶｾｯﾄﾛｯﾄ数', US_TITLE = 'SUBLOT_cnt' WHERE TABLE_ID = 'TBLID_BOPEMONI_INPUT_ADMIN' AND FIELD_NAME = 'sublot_cnt';
UPDATE SM_FIELD_DEF SET JP_TITLE = 'ｱｸｼｮﾝ', US_TITLE = 'ACTION' WHERE TABLE_ID = 'TBLID_BOPEMONI_INPUT_ADMIN' AND FIELD_NAME = 'action';
UPDATE SM_FIELD_DEF SET JP_TITLE = 'ｱｸｼｮﾝ2', US_TITLE = 'ACTION2' WHERE TABLE_ID = 'TBLID_BOPEMONI_INPUT_ADMIN' AND FIELD_NAME = 'action2';
UPDATE SM_FIELD_DEF SET JP_TITLE = 'ｱｸｼｮﾝ3', US_TITLE = 'ACTION3' WHERE TABLE_ID = 'TBLID_BOPEMONI_INPUT_ADMIN' AND FIELD_NAME = 'action3';
UPDATE SM_FIELD_DEF SET JP_TITLE = 'ｱｸｼｮﾝ4', US_TITLE = 'ACTION4' WHERE TABLE_ID = 'TBLID_BOPEMONI_INPUT_ADMIN' AND FIELD_NAME = 'action4';
UPDATE SM_FIELD_DEF SET JP_TITLE = 'ｱｸｼｮﾝ5', US_TITLE = 'ACTION5' WHERE TABLE_ID = 'TBLID_BOPEMONI_INPUT_ADMIN' AND FIELD_NAME = 'action5';
UPDATE SM_FIELD_DEF SET JP_TITLE = '{"ｱｸｼｮﾝ', US_TITLE = 'ACTION' WHERE TABLE_ID = 'TBLID_BOPEMONI_INPUT_ADMIN' AND FIELD_NAME = 'action';
UPDATE SM_FIELD_DEF SET JP_TITLE = '{"ｱｸｼｮﾝ2', US_TITLE = 'ACTION2' WHERE TABLE_ID = 'TBLID_BOPEMONI_INPUT_ADMIN' AND FIELD_NAME = 'action2';
UPDATE SM_FIELD_DEF SET JP_TITLE = '{"ｱｸｼｮﾝ3', US_TITLE = 'ACTION3' WHERE TABLE_ID = 'TBLID_BOPEMONI_INPUT_ADMIN' AND FIELD_NAME = 'action3';
UPDATE SM_FIELD_DEF SET JP_TITLE = '{"ｱｸｼｮﾝ4', US_TITLE = 'ACTION4' WHERE TABLE_ID = 'TBLID_BOPEMONI_INPUT_ADMIN' AND FIELD_NAME = 'action4';
UPDATE SM_FIELD_DEF SET JP_TITLE = '{"ｱｸｼｮﾝ5', US_TITLE = 'ACTION5' WHERE TABLE_ID = 'TBLID_BOPEMONI_INPUT_ADMIN' AND FIELD_NAME = 'action5';
UPDATE SM_FIELD_DEF SET JP_TITLE = '{NULL', US_TITLE = 'NULL' WHERE TABLE_ID = 'TBLID_BOPEMONI_INPUT_ADMIN' AND FIELD_NAME = 'NULL';
UPDATE SM_FIELD_DEF SET JP_TITLE = '{"ﾀｲﾄﾙ', US_TITLE = '英語名' WHERE TABLE_ID = 'TBLID_BDUMMY_WAF_SET' AND FIELD_NAME = 'ﾌｨｰﾙﾄﾞ名';
UPDATE SM_FIELD_DEF SET JP_TITLE = '{"--------------------', US_TITLE = '--------------------------------------------------------' WHERE TABLE_ID = 'TBLID_BDUMMY_WAF_SET' AND FIELD_NAME = '--------------------';
UPDATE SM_FIELD_DEF SET JP_TITLE = 'ﾀﾞﾐｰ区分', US_TITLE = 'DUMMY_CAT' WHERE TABLE_ID = 'TBLID_BDUMMY_WAF_SET' AND FIELD_NAME = 'dummy_cat';
UPDATE SM_FIELD_DEF SET JP_TITLE = '製品ｺｰﾄﾞID', US_TITLE = 'PROD_ID' WHERE TABLE_ID = 'TBLID_BDUMMY_WAF_SET' AND FIELD_NAME = 'prod_id';
UPDATE SM_FIELD_DEF SET JP_TITLE = '{"装置ID', US_TITLE = 'EQP_ID' WHERE TABLE_ID = 'TBLID_BDUMMY_WAF_SET' AND FIELD_NAME = 'eqp_id';
UPDATE SM_FIELD_DEF SET JP_TITLE = '装置ID', US_TITLE = 'EQP_ID' WHERE TABLE_ID = 'TBLID_BDUMMY_WAF_SET' AND FIELD_NAME = 'eqp_id';
UPDATE SM_FIELD_DEF SET JP_TITLE = '枚数', US_TITLE = 'NUM' WHERE TABLE_ID = 'TBLID_BDUMMY_WAF_SET' AND FIELD_NAME = 'num';
UPDATE SM_FIELD_DEF SET JP_TITLE = '{NULL', US_TITLE = 'NULL' WHERE TABLE_ID = 'TBLID_BDUMMY_WAF_SET' AND FIELD_NAME = 'NULL';
UPDATE SM_FIELD_DEF SET JP_TITLE = '{"ﾀｲﾄﾙ', US_TITLE = '英語名' WHERE TABLE_ID = 'TBLID_BEQP_USER' AND FIELD_NAME = 'ﾌｨｰﾙﾄﾞ名';
UPDATE SM_FIELD_DEF SET JP_TITLE = '{"--------------------', US_TITLE = '--------------------------------------------------------' WHERE TABLE_ID = 'TBLID_BEQP_USER' AND FIELD_NAME = '--------------------';
UPDATE SM_FIELD_DEF SET JP_TITLE = '{"装置作業者ID', US_TITLE = 'EQP_USER_ID' WHERE TABLE_ID = 'TBLID_BEQP_USER' AND FIELD_NAME = 'eqp_user_id';
UPDATE SM_FIELD_DEF SET JP_TITLE = '{"装置ID', US_TITLE = 'EQP_ID' WHERE TABLE_ID = 'TBLID_BEQP_USER' AND FIELD_NAME = 'eqp_id';
UPDATE SM_FIELD_DEF SET JP_TITLE = '{"装置作業者ID', US_TITLE = 'EQP_USER_ID' WHERE TABLE_ID = 'TBLID_BEQP_USER' AND FIELD_NAME = 'eqp_user_id';
UPDATE SM_FIELD_DEF SET JP_TITLE = '装置作業者ID', US_TITLE = 'EQP_USER_ID' WHERE TABLE_ID = 'TBLID_BEQP_USER' AND FIELD_NAME = 'eqp_user_id';
UPDATE SM_FIELD_DEF SET JP_TITLE = '装置ID', US_TITLE = 'EQP_ID' WHERE TABLE_ID = 'TBLID_BEQP_USER' AND FIELD_NAME = 'eqp_id';
UPDATE SM_FIELD_DEF SET JP_TITLE = '{NULL', US_TITLE = 'NULL' WHERE TABLE_ID = 'TBLID_BEQP_USER' AND FIELD_NAME = 'NULL';
UPDATE SM_FIELD_DEF SET JP_TITLE = '{"ﾀｲﾄﾙ', US_TITLE = '英語名' WHERE TABLE_ID = 'TBLID_BSTK_CARG' AND FIELD_NAME = 'ﾌｨｰﾙﾄﾞ名';
UPDATE SM_FIELD_DEF SET JP_TITLE = '{"--------------------', US_TITLE = '--------------------------------------------------------' WHERE TABLE_ID = 'TBLID_BSTK_CARG' AND FIELD_NAME = '--------------------';
UPDATE SM_FIELD_DEF SET JP_TITLE = 'ｽﾄｯｶｰID', US_TITLE = 'STK_ID' WHERE TABLE_ID = 'TBLID_BSTK_CARG' AND FIELD_NAME = 'stk_id';
UPDATE SM_FIELD_DEF SET JP_TITLE = 'ｶｾｯﾄｸﾞﾙｰﾌﾟID', US_TITLE = 'CARG_ID' WHERE TABLE_ID = 'TBLID_BSTK_CARG' AND FIELD_NAME = 'carg_id';
UPDATE SM_FIELD_DEF SET JP_TITLE = '空ｶｾｯﾄ警告保有数', US_TITLE = 'EMPTY_CAR_ALM_STOCNT' WHERE TABLE_ID = 'TBLID_BSTK_CARG' AND FIELD_NAME = 'empty_car_alm_stocnt';
UPDATE SM_FIELD_DEF SET JP_TITLE = '空ｶｾｯﾄ最低保有数', US_TITLE = 'EMPTY_CAR_MIN_STOCNT' WHERE TABLE_ID = 'TBLID_BSTK_CARG' AND FIELD_NAME = 'empty_car_min_stocnt';
UPDATE SM_FIELD_DEF SET JP_TITLE = '空ｶｾｯﾄ標準保有数', US_TITLE = 'EMPTY_CAR_STD_STOCNT' WHERE TABLE_ID = 'TBLID_BSTK_CARG' AND FIELD_NAME = 'empty_car_std_stocnt';
UPDATE SM_FIELD_DEF SET JP_TITLE = '空ｶｾｯﾄ要求拒否数', US_TITLE = 'EMPTY_CAR_REQ_RECNT' WHERE TABLE_ID = 'TBLID_BSTK_CARG' AND FIELD_NAME = 'empty_car_req_recnt';
UPDATE SM_FIELD_DEF SET JP_TITLE = '{NULL', US_TITLE = 'NULL' WHERE TABLE_ID = 'TBLID_BSTK_CARG' AND FIELD_NAME = 'NULL';
UPDATE SM_FIELD_DEF SET JP_TITLE = '{"ﾀｲﾄﾙ', US_TITLE = '英語名' WHERE TABLE_ID = 'TBLID_BMTL_PROD_FIT' AND FIELD_NAME = 'ﾌｨｰﾙﾄﾞ名';
UPDATE SM_FIELD_DEF SET JP_TITLE = '{"--------------------', US_TITLE = '--------------------------------------------------------' WHERE TABLE_ID = 'TBLID_BMTL_PROD_FIT' AND FIELD_NAME = '--------------------';
UPDATE SM_FIELD_DEF SET JP_TITLE = '製品ｺｰﾄﾞID', US_TITLE = 'PROD_ID' WHERE TABLE_ID = 'TBLID_BMTL_PROD_FIT' AND FIELD_NAME = 'prod_id';
UPDATE SM_FIELD_DEF SET JP_TITLE = 'ﾏﾃﾘｱﾙ項目ID', US_TITLE = 'MTL_ITEM_ID' WHERE TABLE_ID = 'TBLID_BMTL_PROD_FIT' AND FIELD_NAME = 'mtl_item_id';
UPDATE SM_FIELD_DEF SET JP_TITLE = '装置ﾌﾟﾛﾊﾟﾃｨ', US_TITLE = 'EQP_PROPERTY' WHERE TABLE_ID = 'TBLID_BMTL_PROD_FIT' AND FIELD_NAME = 'eqp_property';
UPDATE SM_FIELD_DEF SET JP_TITLE = '{NULL', US_TITLE = 'NULL' WHERE TABLE_ID = 'TBLID_BMTL_PROD_FIT' AND FIELD_NAME = 'NULL';
UPDATE SM_FIELD_DEF SET JP_TITLE = '{"ﾀｲﾄﾙ', US_TITLE = '英語名' WHERE TABLE_ID = 'TBLID_BPROD_02' AND FIELD_NAME = 'ﾌｨｰﾙﾄﾞ名';
UPDATE SM_FIELD_DEF SET JP_TITLE = '{"--------------------', US_TITLE = '--------------------------------------------------------' WHERE TABLE_ID = 'TBLID_BPROD_02' AND FIELD_NAME = '--------------------';
UPDATE SM_FIELD_DEF SET JP_TITLE = '製品ｺｰﾄﾞID', US_TITLE = 'PROD_ID' WHERE TABLE_ID = 'TBLID_BPROD_02' AND FIELD_NAME = 'prod_id';
UPDATE SM_FIELD_DEF SET JP_TITLE = '項目ID', US_TITLE = 'DPROD_FIELD' WHERE TABLE_ID = 'TBLID_BPROD_02' AND FIELD_NAME = 'dprod_field';
UPDATE SM_FIELD_DEF SET JP_TITLE = '{"項目値', US_TITLE = 'ITEM_VAL' WHERE TABLE_ID = 'TBLID_BPROD_02' AND FIELD_NAME = 'item_val';
UPDATE SM_FIELD_DEF SET JP_TITLE = '項目値', US_TITLE = 'ITEM_VAL' WHERE TABLE_ID = 'TBLID_BPROD_02' AND FIELD_NAME = 'item_val';
UPDATE SM_FIELD_DEF SET JP_TITLE = 'ｼｰｹﾝｽ番号', US_TITLE = 'SEQ_NO' WHERE TABLE_ID = 'TBLID_BPROD_02' AND FIELD_NAME = 'seq_no';
UPDATE SM_FIELD_DEF SET JP_TITLE = '{NULL', US_TITLE = 'NULL' WHERE TABLE_ID = 'TBLID_BPROD_02' AND FIELD_NAME = 'NULL';
UPDATE SM_FIELD_DEF SET JP_TITLE = '{"ﾀｲﾄﾙ', US_TITLE = '英語名' WHERE TABLE_ID = 'TBLID_BCARRY_PORT_DSP_AREA' AND FIELD_NAME = 'ﾌｨｰﾙﾄﾞ名';
UPDATE SM_FIELD_DEF SET JP_TITLE = '{"--------------------', US_TITLE = '--------------------------------------------------------' WHERE TABLE_ID = 'TBLID_BCARRY_PORT_DSP_AREA' AND FIELD_NAME = '--------------------';
UPDATE SM_FIELD_DEF SET JP_TITLE = '{"DSPｴﾘｱID', US_TITLE = 'DSP_AREA_ID' WHERE TABLE_ID = 'TBLID_BCARRY_PORT_DSP_AREA' AND FIELD_NAME = 'dsp_area';
UPDATE SM_FIELD_DEF SET JP_TITLE = 'DSPｴﾘｱID', US_TITLE = 'DSP_AREA_ID' WHERE TABLE_ID = 'TBLID_BCARRY_PORT_DSP_AREA' AND FIELD_NAME = 'dsp_area';
UPDATE SM_FIELD_DEF SET JP_TITLE = '搬送ﾎﾟｰﾄ', US_TITLE = 'CARRY_PORT' WHERE TABLE_ID = 'TBLID_BCARRY_PORT_DSP_AREA' AND FIELD_NAME = 'carry_port';
UPDATE SM_FIELD_DEF SET JP_TITLE = '空搬送ﾎﾟｰﾄ', US_TITLE = 'EMP_CARRY_PORT' WHERE TABLE_ID = 'TBLID_BCARRY_PORT_DSP_AREA' AND FIELD_NAME = 'emp_carry_port';
UPDATE SM_FIELD_DEF SET JP_TITLE = 'PDC後搬送ﾎﾟｰﾄ', US_TITLE = 'PDC_PORT' WHERE TABLE_ID = 'TBLID_BCARRY_PORT_DSP_AREA' AND FIELD_NAME = 'pdc_port';
UPDATE SM_FIELD_DEF SET JP_TITLE = '{NULL', US_TITLE = 'NULL' WHERE TABLE_ID = 'TBLID_BCARRY_PORT_DSP_AREA' AND FIELD_NAME = 'NULL';
UPDATE SM_FIELD_DEF SET JP_TITLE = '{"ﾀｲﾄﾙ', US_TITLE = '英語名' WHERE TABLE_ID = 'TBLID_BEP_MEAS_NUM' AND FIELD_NAME = 'ﾌｨｰﾙﾄﾞ名';
UPDATE SM_FIELD_DEF SET JP_TITLE = '{"--------------------', US_TITLE = '--------------------------------------------------------' WHERE TABLE_ID = 'TBLID_BEP_MEAS_NUM' AND FIELD_NAME = '--------------------';
UPDATE SM_FIELD_DEF SET JP_TITLE = '製品ｺｰﾄﾞID', US_TITLE = 'PROD_ID' WHERE TABLE_ID = 'TBLID_BEP_MEAS_NUM' AND FIELD_NAME = 'prod_id';
UPDATE SM_FIELD_DEF SET JP_TITLE = '工程ID', US_TITLE = 'OPE_ID' WHERE TABLE_ID = 'TBLID_BEP_MEAS_NUM' AND FIELD_NAME = 'ope_id';
UPDATE SM_FIELD_DEF SET JP_TITLE = '頻度', US_TITLE = 'SKIP_CNT' WHERE TABLE_ID = 'TBLID_BEP_MEAS_NUM' AND FIELD_NAME = 'skip_cnt';
UPDATE SM_FIELD_DEF SET JP_TITLE = '{NULL', US_TITLE = 'NULL' WHERE TABLE_ID = 'TBLID_BEP_MEAS_NUM' AND FIELD_NAME = 'NULL';
UPDATE SM_FIELD_DEF SET JP_TITLE = '{"ﾀｲﾄﾙ', US_TITLE = '英語名' WHERE TABLE_ID = 'TBLID_BPROD_DIV_ORG' AND FIELD_NAME = 'ﾌｨｰﾙﾄﾞ名';
UPDATE SM_FIELD_DEF SET JP_TITLE = '{"--------------------', US_TITLE = '--------------------------------------------------------' WHERE TABLE_ID = 'TBLID_BPROD_DIV_ORG' AND FIELD_NAME = '--------------------';
UPDATE SM_FIELD_DEF SET JP_TITLE = '製品ｺｰﾄﾞID', US_TITLE = 'PROD_ID' WHERE TABLE_ID = 'TBLID_BPROD_DIV_ORG' AND FIELD_NAME = 'prod_id';
UPDATE SM_FIELD_DEF SET JP_TITLE = '転用可能製元品ｺｰﾄﾞID', US_TITLE = 'DIV_ORG_PROD_ID' WHERE TABLE_ID = 'TBLID_BPROD_DIV_ORG' AND FIELD_NAME = 'div_org_prod_id';
UPDATE SM_FIELD_DEF SET JP_TITLE = '{NULL', US_TITLE = 'NULL' WHERE TABLE_ID = 'TBLID_BPROD_DIV_ORG' AND FIELD_NAME = 'NULL';
UPDATE SM_FIELD_DEF SET JP_TITLE = '{"ﾀｲﾄﾙ', US_TITLE = '英語名' WHERE TABLE_ID = 'TBLID_BMULTI_RECIP_SET' AND FIELD_NAME = 'ﾌｨｰﾙﾄﾞ名';
UPDATE SM_FIELD_DEF SET JP_TITLE = '{"--------------------', US_TITLE = '--------------------------------------------------------' WHERE TABLE_ID = 'TBLID_BMULTI_RECIP_SET' AND FIELD_NAME = '--------------------';
UPDATE SM_FIELD_DEF SET JP_TITLE = 'ﾙｰﾄID', US_TITLE = 'RouteID' WHERE TABLE_ID = 'TBLID_BMULTI_RECIP_SET' AND FIELD_NAME = 'route_id';
UPDATE SM_FIELD_DEF SET JP_TITLE = 'ﾙｰﾄﾊﾞｰｼﾞｮﾝ', US_TITLE = 'Route Ver' WHERE TABLE_ID = 'TBLID_BMULTI_RECIP_SET' AND FIELD_NAME = 'route_ver';
UPDATE SM_FIELD_DEF SET JP_TITLE = '作業番号', US_TITLE = 'Ope No' WHERE TABLE_ID = 'TBLID_BMULTI_RECIP_SET' AND FIELD_NAME = 'ope_no';
UPDATE SM_FIELD_DEF SET JP_TITLE = '製品ｺｰﾄﾞID', US_TITLE = 'Prod ID' WHERE TABLE_ID = 'TBLID_BMULTI_RECIP_SET' AND FIELD_NAME = 'prod_id';
UPDATE SM_FIELD_DEF SET JP_TITLE = '装置ID', US_TITLE = 'Eqp ID' WHERE TABLE_ID = 'TBLID_BMULTI_RECIP_SET' AND FIELD_NAME = 'eqp_id';
UPDATE SM_FIELD_DEF SET JP_TITLE = 'ﾚｼﾋﾟID1', US_TITLE = 'RECIP_ID1' WHERE TABLE_ID = 'TBLID_BMULTI_RECIP_SET' AND FIELD_NAME = 'recip_id1';
UPDATE SM_FIELD_DEF SET JP_TITLE = 'ﾚｼﾋﾟID1処理回数', US_TITLE = 'RECIP1_CNT' WHERE TABLE_ID = 'TBLID_BMULTI_RECIP_SET' AND FIELD_NAME = 'recip1_cnt';
UPDATE SM_FIELD_DEF SET JP_TITLE = 'ﾚｼﾋﾟID2', US_TITLE = 'RECIP_ID2' WHERE TABLE_ID = 'TBLID_BMULTI_RECIP_SET' AND FIELD_NAME = 'recip_id2';
UPDATE SM_FIELD_DEF SET JP_TITLE = 'ﾚｼﾋﾟID2処理回数', US_TITLE = 'RECIP2_CNT' WHERE TABLE_ID = 'TBLID_BMULTI_RECIP_SET' AND FIELD_NAME = 'recip2_cnt';
UPDATE SM_FIELD_DEF SET JP_TITLE = '{NULL', US_TITLE = 'NULL' WHERE TABLE_ID = 'TBLID_BMULTI_RECIP_SET' AND FIELD_NAME = 'NULL';
UPDATE SM_FIELD_DEF SET JP_TITLE = '{"ﾀｲﾄﾙ', US_TITLE = '英語名' WHERE TABLE_ID = 'TBLID_BSYSTEM_INI_TBL' AND FIELD_NAME = 'ﾌｨｰﾙﾄﾞ名';
UPDATE SM_FIELD_DEF SET JP_TITLE = '{"--------------------', US_TITLE = '--------------------------------------------------------' WHERE TABLE_ID = 'TBLID_BSYSTEM_INI_TBL' AND FIELD_NAME = '--------------------';
UPDATE SM_FIELD_DEF SET JP_TITLE = 'ﾓｼﾞｭｰﾙ区分', US_TITLE = 'MODULE_CAT' WHERE TABLE_ID = 'TBLID_BSYSTEM_INI_TBL' AND FIELD_NAME = 'module_cat';
UPDATE SM_FIELD_DEF SET JP_TITLE = '項目区分', US_TITLE = 'ITEM_CAT' WHERE TABLE_ID = 'TBLID_BSYSTEM_INI_TBL' AND FIELD_NAME = 'item_cat';
UPDATE SM_FIELD_DEF SET JP_TITLE = '項目ｺｰﾄﾞ', US_TITLE = 'ITEM_CODE' WHERE TABLE_ID = 'TBLID_BSYSTEM_INI_TBL' AND FIELD_NAME = 'item_code';
UPDATE SM_FIELD_DEF SET JP_TITLE = 'ｼｰｹﾝｽ番号', US_TITLE = 'SEQ_NO' WHERE TABLE_ID = 'TBLID_BSYSTEM_INI_TBL' AND FIELD_NAME = 'seq_no';
UPDATE SM_FIELD_DEF SET JP_TITLE = '項目ﾃﾞｰﾀ', US_TITLE = 'ITEM_DATA' WHERE TABLE_ID = 'TBLID_BSYSTEM_INI_TBL' AND FIELD_NAME = 'item_data';
UPDATE SM_FIELD_DEF SET JP_TITLE = '項目ﾃﾞｰﾀ詳細', US_TITLE = 'ITEM_DATA_DESC' WHERE TABLE_ID = 'TBLID_BSYSTEM_INI_TBL' AND FIELD_NAME = 'item_data_desc';
UPDATE SM_FIELD_DEF SET JP_TITLE = '{NULL', US_TITLE = 'NULL' WHERE TABLE_ID = 'TBLID_BSYSTEM_INI_TBL' AND FIELD_NAME = 'NULL';
UPDATE SM_FIELD_DEF SET JP_TITLE = '{"ﾀｲﾄﾙ', US_TITLE = '英語名' WHERE TABLE_ID = 'TBLID_BCARRY_PORT_EQP' AND FIELD_NAME = 'ﾌｨｰﾙﾄﾞ名';
UPDATE SM_FIELD_DEF SET JP_TITLE = '{"--------------------', US_TITLE = '--------------------------------------------------------' WHERE TABLE_ID = 'TBLID_BCARRY_PORT_EQP' AND FIELD_NAME = '--------------------';
UPDATE SM_FIELD_DEF SET JP_TITLE = '装置ID', US_TITLE = 'EQP_ID' WHERE TABLE_ID = 'TBLID_BCARRY_PORT_EQP' AND FIELD_NAME = 'eqp_id';
UPDATE SM_FIELD_DEF SET JP_TITLE = 'FabID', US_TITLE = 'FAB_ID' WHERE TABLE_ID = 'TBLID_BCARRY_PORT_EQP' AND FIELD_NAME = 'fab_id';
UPDATE SM_FIELD_DEF SET JP_TITLE = '搬送ｽﾄｯｶｰ', US_TITLE = 'CARRY_STK' WHERE TABLE_ID = 'TBLID_BCARRY_PORT_EQP' AND FIELD_NAME = 'carry_stk';
UPDATE SM_FIELD_DEF SET JP_TITLE = '搬送ﾎﾟｰﾄ', US_TITLE = 'CARRY_PORT' WHERE TABLE_ID = 'TBLID_BCARRY_PORT_EQP' AND FIELD_NAME = 'carry_port';
UPDATE SM_FIELD_DEF SET JP_TITLE = '{NULL', US_TITLE = 'NULL' WHERE TABLE_ID = 'TBLID_BCARRY_PORT_EQP' AND FIELD_NAME = 'NULL';
UPDATE SM_FIELD_DEF SET JP_TITLE = '{"ﾀｲﾄﾙ', US_TITLE = '英語名' WHERE TABLE_ID = 'TBLID_BCMPL_MODE' AND FIELD_NAME = 'ﾌｨｰﾙﾄﾞ名';
UPDATE SM_FIELD_DEF SET JP_TITLE = '{"--------------------', US_TITLE = '--------------------------------------------------------' WHERE TABLE_ID = 'TBLID_BCMPL_MODE' AND FIELD_NAME = '--------------------';
UPDATE SM_FIELD_DEF SET JP_TITLE = 'ｺﾝﾊﾞｲﾙﾓｰﾄﾞ', US_TITLE = 'CMPL_MODE' WHERE TABLE_ID = 'TBLID_BCMPL_MODE' AND FIELD_NAME = 'cmpl_mode';
UPDATE SM_FIELD_DEF SET JP_TITLE = 'ｺﾝﾊﾞｲﾙﾓｰﾄﾞ詳細', US_TITLE = 'CMPL_MODE_DESC' WHERE TABLE_ID = 'TBLID_BCMPL_MODE' AND FIELD_NAME = 'cmpl_mode_desc';
UPDATE SM_FIELD_DEF SET JP_TITLE = '{NULL', US_TITLE = 'NULL' WHERE TABLE_ID = 'TBLID_BCMPL_MODE' AND FIELD_NAME = 'NULL';
UPDATE SM_FIELD_DEF SET JP_TITLE = '{"ﾀｲﾄﾙ', US_TITLE = '英語名' WHERE TABLE_ID = 'TBLID_BCMPL_DEST_TYPE' AND FIELD_NAME = 'ﾌｨｰﾙﾄﾞ名';
UPDATE SM_FIELD_DEF SET JP_TITLE = '{"--------------------', US_TITLE = '--------------------------------------------------------' WHERE TABLE_ID = 'TBLID_BCMPL_DEST_TYPE' AND FIELD_NAME = '--------------------';
UPDATE SM_FIELD_DEF SET JP_TITLE = '行先ﾀｲﾌﾟ', US_TITLE = 'DEST_TYPE' WHERE TABLE_ID = 'TBLID_BCMPL_DEST_TYPE' AND FIELD_NAME = 'dest_type';
UPDATE SM_FIELD_DEF SET JP_TITLE = '行先ﾀｲﾌﾟ詳細', US_TITLE = 'DEST_TYPE_DESC' WHERE TABLE_ID = 'TBLID_BCMPL_DEST_TYPE' AND FIELD_NAME = 'dest_type_desc';
UPDATE SM_FIELD_DEF SET JP_TITLE = 'ｶｾｯﾄｸﾞﾙｰﾌﾟID', US_TITLE = 'CARG_ID' WHERE TABLE_ID = 'TBLID_BCMPL_DEST_TYPE' AND FIELD_NAME = 'carg_id';
UPDATE SM_FIELD_DEF SET JP_TITLE = '{NULL', US_TITLE = 'NULL' WHERE TABLE_ID = 'TBLID_BCMPL_DEST_TYPE' AND FIELD_NAME = 'NULL';
UPDATE SM_FIELD_DEF SET JP_TITLE = '{"ﾀｲﾄﾙ', US_TITLE = '英語名' WHERE TABLE_ID = 'TBLID_BCMPL_DEST_CAT' AND FIELD_NAME = 'ﾌｨｰﾙﾄﾞ名';
UPDATE SM_FIELD_DEF SET JP_TITLE = '{"--------------------', US_TITLE = '--------------------------------------------------------' WHERE TABLE_ID = 'TBLID_BCMPL_DEST_CAT' AND FIELD_NAME = '--------------------';
UPDATE SM_FIELD_DEF SET JP_TITLE = '行先ﾀｲﾌﾟ', US_TITLE = 'DEST_TYPE' WHERE TABLE_ID = 'TBLID_BCMPL_DEST_CAT' AND FIELD_NAME = 'dest_type';
UPDATE SM_FIELD_DEF SET JP_TITLE = 'ｳｪｰﾊ処理区分', US_TITLE = 'WAF_ACTION_CAT' WHERE TABLE_ID = 'TBLID_BCMPL_DEST_CAT' AND FIELD_NAME = 'waf_action_cat';
UPDATE SM_FIELD_DEF SET JP_TITLE = '{NULL', US_TITLE = 'NULL' WHERE TABLE_ID = 'TBLID_BCMPL_DEST_CAT' AND FIELD_NAME = 'NULL';
-- JP/US titles from TABLEINFOEX
UPDATE SM_FIELD_DEF SET JP_TITLE = '{"ﾀｲﾄﾙ', US_TITLE = '英語名' WHERE TABLE_ID = 'TBLID_BDIL_PRE_CTRL' AND UPPER(FIELD_NAME) = 'ﾌｨｰﾙﾄﾞ名';
UPDATE SM_FIELD_DEF SET JP_TITLE = '{"--------------------', US_TITLE = '--------------------------------------------------------' WHERE TABLE_ID = 'TBLID_BDIL_PRE_CTRL' AND UPPER(FIELD_NAME) = '--------------------';
UPDATE SM_FIELD_DEF SET JP_TITLE = '製品ｺｰﾄﾞID', US_TITLE = 'PROD_ID' WHERE TABLE_ID = 'TBLID_BDIL_PRE_CTRL' AND UPPER(FIELD_NAME) = 'PROD_ID';
UPDATE SM_FIELD_DEF SET JP_TITLE = 'IL/先行評価検査区分', US_TITLE = 'IL_PRE_INSP_CAT' WHERE TABLE_ID = 'TBLID_BDIL_PRE_CTRL' AND UPPER(FIELD_NAME) = 'IL_PRE_INSP_CAT';
UPDATE SM_FIELD_DEF SET JP_TITLE = 'IL/先行評価区分', US_TITLE = 'IL_PRE_CAT' WHERE TABLE_ID = 'TBLID_BDIL_PRE_CTRL' AND UPPER(FIELD_NAME) = 'IL_PRE_CAT';
UPDATE SM_FIELD_DEF SET JP_TITLE = '検査用ﾛｯﾄ製品ｺｰﾄﾞID', US_TITLE = 'INSPLOT_PROD_ID' WHERE TABLE_ID = 'TBLID_BDIL_PRE_CTRL' AND UPPER(FIELD_NAME) = 'INSPLOT_PROD_ID';
UPDATE SM_FIELD_DEF SET JP_TITLE = '先行評価実施ﾌﾗｸﾞ', US_TITLE = 'PRE_ENF_FLG' WHERE TABLE_ID = 'TBLID_BDIL_PRE_CTRL' AND UPPER(FIELD_NAME) = 'PRE_ENF_FLG';
UPDATE SM_FIELD_DEF SET JP_TITLE = '先行評価抜取りﾋﾟｯﾁ', US_TITLE = 'PRE_SMPL_PITCH' WHERE TABLE_ID = 'TBLID_BDIL_PRE_CTRL' AND UPPER(FIELD_NAME) = 'PRE_SMPL_PITCH';
UPDATE SM_FIELD_DEF SET JP_TITLE = '{NULL', US_TITLE = 'NULL' WHERE TABLE_ID = 'TBLID_BDIL_PRE_CTRL' AND UPPER(FIELD_NAME) = 'NULL';
UPDATE SM_FIELD_DEF SET JP_TITLE = '{"ﾀｲﾄﾙ', US_TITLE = '英語名' WHERE TABLE_ID = 'TBLID_BCOM_BATCH' AND UPPER(FIELD_NAME) = 'ﾌｨｰﾙﾄﾞ名';
UPDATE SM_FIELD_DEF SET JP_TITLE = '{"--------------------', US_TITLE = '--------------------------------------------------------' WHERE TABLE_ID = 'TBLID_BCOM_BATCH' AND UPPER(FIELD_NAME) = '--------------------';
UPDATE SM_FIELD_DEF SET JP_TITLE = '製品ｺｰﾄﾞID', US_TITLE = 'PROD_ID' WHERE TABLE_ID = 'TBLID_BCOM_BATCH' AND UPPER(FIELD_NAME) = 'PROD_ID';
UPDATE SM_FIELD_DEF SET JP_TITLE = 'ﾊﾞｯﾁ区分', US_TITLE = 'BAT_CAT' WHERE TABLE_ID = 'TBLID_BCOM_BATCH' AND UPPER(FIELD_NAME) = 'BAT_CAT';
UPDATE SM_FIELD_DEF SET JP_TITLE = 'ﾊﾞｯﾁﾛｯﾄ数', US_TITLE = 'BAT_LOT_CNT' WHERE TABLE_ID = 'TBLID_BCOM_BATCH' AND UPPER(FIELD_NAME) = 'BAT_LOT_CNT';
UPDATE SM_FIELD_DEF SET JP_TITLE = 'ﾓﾆﾀ製品ｺｰﾄﾞID', US_TITLE = 'MON_PROD_ID' WHERE TABLE_ID = 'TBLID_BCOM_BATCH' AND UPPER(FIELD_NAME) = 'MON_PROD_ID';
UPDATE SM_FIELD_DEF SET JP_TITLE = 'ﾓﾆﾀ枚数', US_TITLE = 'MON_NUM' WHERE TABLE_ID = 'TBLID_BCOM_BATCH' AND UPPER(FIELD_NAME) = 'MON_NUM';
UPDATE SM_FIELD_DEF SET JP_TITLE = '一般ﾊﾞｯﾁﾓﾆﾀ編成ﾃｰﾌﾞﾙ', US_TITLE = 'Com_MonBat' WHERE TABLE_ID = 'TBLID_BCOM_BATCH' AND UPPER(FIELD_NAME) = 'DUMMY';
UPDATE SM_FIELD_DEF SET JP_TITLE = '{NULL', US_TITLE = 'NULL' WHERE TABLE_ID = 'TBLID_BCOM_BATCH' AND UPPER(FIELD_NAME) = 'NULL';
UPDATE SM_FIELD_DEF SET JP_TITLE = '{"ﾀｲﾄﾙ', US_TITLE = '英語名' WHERE TABLE_ID = 'TBLID_BMTL_PROD' AND UPPER(FIELD_NAME) = 'ﾌｨｰﾙﾄﾞ名';
UPDATE SM_FIELD_DEF SET JP_TITLE = '{"--------------------', US_TITLE = '--------------------------------------------------------' WHERE TABLE_ID = 'TBLID_BMTL_PROD' AND UPPER(FIELD_NAME) = '--------------------';
UPDATE SM_FIELD_DEF SET JP_TITLE = 'ﾏﾃﾘｱﾙ項目ID', US_TITLE = 'MTL_ITEM_ID' WHERE TABLE_ID = 'TBLID_BMTL_PROD' AND UPPER(FIELD_NAME) = 'MTL_ITEM_ID';
UPDATE SM_FIELD_DEF SET JP_TITLE = '製品ｺｰﾄﾞID', US_TITLE = 'PROD_ID' WHERE TABLE_ID = 'TBLID_BMTL_PROD' AND UPPER(FIELD_NAME) = 'PROD_ID';
UPDATE SM_FIELD_DEF SET JP_TITLE = '機能区分', US_TITLE = 'CHK_CAT' WHERE TABLE_ID = 'TBLID_BMTL_PROD' AND UPPER(FIELD_NAME) = 'CHK_CAT';
UPDATE SM_FIELD_DEF SET JP_TITLE = '製品区分', US_TITLE = 'PRODUCT_CAT' WHERE TABLE_ID = 'TBLID_BMTL_PROD' AND UPPER(FIELD_NAME) = 'PRODUCT_CAT';
UPDATE SM_FIELD_DEF SET JP_TITLE = '批次类型', US_TITLE = 'LOT_TYPE' WHERE TABLE_ID = 'TBLID_BMTL_PROD' AND UPPER(FIELD_NAME) = 'LOT_TYPE';
UPDATE SM_FIELD_DEF SET JP_TITLE = '上限値', US_TITLE = 'H_VAL' WHERE TABLE_ID = 'TBLID_BMTL_PROD' AND UPPER(FIELD_NAME) = 'H_VAL';
UPDATE SM_FIELD_DEF SET JP_TITLE = '下限値', US_TITLE = 'L_VAL' WHERE TABLE_ID = 'TBLID_BMTL_PROD' AND UPPER(FIELD_NAME) = 'L_VAL';
UPDATE SM_FIELD_DEF SET JP_TITLE = '警戒线', US_TITLE = 'A_VAL' WHERE TABLE_ID = 'TBLID_BMTL_PROD' AND UPPER(FIELD_NAME) = 'A_VAL';
UPDATE SM_FIELD_DEF SET JP_TITLE = '控制标记', US_TITLE = 'C_FLG' WHERE TABLE_ID = 'TBLID_BMTL_PROD' AND UPPER(FIELD_NAME) = 'C_FLG';
UPDATE SM_FIELD_DEF SET JP_TITLE = '上限制1', US_TITLE = 'H_VAL1' WHERE TABLE_ID = 'TBLID_BMTL_PROD' AND UPPER(FIELD_NAME) = 'H_VAL1';
UPDATE SM_FIELD_DEF SET JP_TITLE = '下限值1', US_TITLE = 'L_VAL1' WHERE TABLE_ID = 'TBLID_BMTL_PROD' AND UPPER(FIELD_NAME) = 'L_VAL1';
UPDATE SM_FIELD_DEF SET JP_TITLE = '{NULL', US_TITLE = 'NULL' WHERE TABLE_ID = 'TBLID_BMTL_PROD' AND UPPER(FIELD_NAME) = 'NULL';
UPDATE SM_FIELD_DEF SET JP_TITLE = '{"ﾀｲﾄﾙ', US_TITLE = '英語名' WHERE TABLE_ID = 'TBLID_BMTL_ITEM' AND UPPER(FIELD_NAME) = 'ﾌｨｰﾙﾄﾞ名';
UPDATE SM_FIELD_DEF SET JP_TITLE = '{"--------------------', US_TITLE = '--------------------------------------------------------' WHERE TABLE_ID = 'TBLID_BMTL_ITEM' AND UPPER(FIELD_NAME) = '--------------------';
UPDATE SM_FIELD_DEF SET JP_TITLE = 'ﾏﾃﾘｱﾙ項目ID', US_TITLE = 'MTL_ITEM_ID' WHERE TABLE_ID = 'TBLID_BMTL_ITEM' AND UPPER(FIELD_NAME) = 'MTL_ITEM_ID';
UPDATE SM_FIELD_DEF SET JP_TITLE = 'ﾏﾃﾘｱﾙ項目名称', US_TITLE = 'MTL_ITEM_NAME' WHERE TABLE_ID = 'TBLID_BMTL_ITEM' AND UPPER(FIELD_NAME) = 'MTL_ITEM_NAME';
UPDATE SM_FIELD_DEF SET JP_TITLE = 'ﾏﾃﾘｱﾙ項目詳細', US_TITLE = 'MTL_ITEM_DESC' WHERE TABLE_ID = 'TBLID_BMTL_ITEM' AND UPPER(FIELD_NAME) = 'MTL_ITEM_DESC';
UPDATE SM_FIELD_DEF SET JP_TITLE = '{"ｶｳﾝﾄ方法', US_TITLE = 'CNT_METHOD' WHERE TABLE_ID = 'TBLID_BMTL_ITEM' AND UPPER(FIELD_NAME) = 'CNT_METHOD';
UPDATE SM_FIELD_DEF SET JP_TITLE = 'ｶｳﾝﾄ方法', US_TITLE = 'CNT_METHOD' WHERE TABLE_ID = 'TBLID_BMTL_ITEM' AND UPPER(FIELD_NAME) = 'CNT_METHOD';
UPDATE SM_FIELD_DEF SET JP_TITLE = 'ﾌﾟﾛｾｽﾃﾞｰﾀ項目', US_TITLE = 'PROCDATA_ITEM' WHERE TABLE_ID = 'TBLID_BMTL_ITEM' AND UPPER(FIELD_NAME) = 'PROCDATA_ITEM';
UPDATE SM_FIELD_DEF SET JP_TITLE = '{"製品ｺｰﾄﾞ別ﾏﾃﾘｱﾙﾃｰﾌﾞﾙ', US_TITLE = 'Mtl_Prod' WHERE TABLE_ID = 'TBLID_BMTL_ITEM' AND UPPER(FIELD_NAME) = 'DUMMY';
UPDATE SM_FIELD_DEF SET JP_TITLE = '製品ｺｰﾄﾞ別ﾏﾃﾘｱﾙﾃｰﾌﾞﾙ', US_TITLE = 'MtrlRestrictProd' WHERE TABLE_ID = 'TBLID_BMTL_ITEM' AND UPPER(FIELD_NAME) = 'DUMMY';
UPDATE SM_FIELD_DEF SET JP_TITLE = '{NULL', US_TITLE = 'NULL' WHERE TABLE_ID = 'TBLID_BMTL_ITEM' AND UPPER(FIELD_NAME) = 'NULL';
UPDATE SM_FIELD_DEF SET JP_TITLE = '{"ﾀｲﾄﾙ', US_TITLE = '英語名' WHERE TABLE_ID = 'TBLID_BEQP_MTL' AND UPPER(FIELD_NAME) = 'ﾌｨｰﾙﾄﾞ名';
UPDATE SM_FIELD_DEF SET JP_TITLE = '{"--------------------', US_TITLE = '--------------------------------------------------------' WHERE TABLE_ID = 'TBLID_BEQP_MTL' AND UPPER(FIELD_NAME) = '--------------------';
UPDATE SM_FIELD_DEF SET JP_TITLE = '装置ID', US_TITLE = 'EQP_ID' WHERE TABLE_ID = 'TBLID_BEQP_MTL' AND UPPER(FIELD_NAME) = 'EQP_ID';
UPDATE SM_FIELD_DEF SET JP_TITLE = 'ﾏﾃﾘｱﾙ項目ID', US_TITLE = 'MTL_ITEM_ID' WHERE TABLE_ID = 'TBLID_BEQP_MTL' AND UPPER(FIELD_NAME) = 'MTL_ITEM_ID';
UPDATE SM_FIELD_DEF SET JP_TITLE = '{NULL', US_TITLE = 'NULL' WHERE TABLE_ID = 'TBLID_BEQP_MTL' AND UPPER(FIELD_NAME) = 'NULL';
UPDATE SM_FIELD_DEF SET JP_TITLE = '{"ﾀｲﾄﾙ', US_TITLE = '英語名' WHERE TABLE_ID = 'TBLID_BCARTYPE' AND UPPER(FIELD_NAME) = 'ﾌｨｰﾙﾄﾞ名';
UPDATE SM_FIELD_DEF SET JP_TITLE = '{"--------------------', US_TITLE = '--------------------------------------------------------' WHERE TABLE_ID = 'TBLID_BCARTYPE' AND UPPER(FIELD_NAME) = '--------------------';
UPDATE SM_FIELD_DEF SET JP_TITLE = 'ｶｾｯﾄﾀｲﾌﾟ', US_TITLE = 'CAR_TYPE' WHERE TABLE_ID = 'TBLID_BCARTYPE' AND UPPER(FIELD_NAME) = 'CAR_TYPE';
UPDATE SM_FIELD_DEF SET JP_TITLE = '{"ｶｾｯﾄｶﾃｺﾞﾘ', US_TITLE = 'CAR_CATEGORI' WHERE TABLE_ID = 'TBLID_BCARTYPE' AND UPPER(FIELD_NAME) = 'CAR_CATEGORI';
UPDATE SM_FIELD_DEF SET JP_TITLE = 'ｶｾｯﾄｶﾃｺﾞﾘ', US_TITLE = 'CAR_CATEGORI' WHERE TABLE_ID = 'TBLID_BCARTYPE' AND UPPER(FIELD_NAME) = 'CAR_CATEGORI';
UPDATE SM_FIELD_DEF SET JP_TITLE = '装填枚数', US_TITLE = 'BOX_CHARGE_NUM' WHERE TABLE_ID = 'TBLID_BCARTYPE' AND UPPER(FIELD_NAME) = 'BOX_CHARGE_NUM';
UPDATE SM_FIELD_DEF SET JP_TITLE = '{NULL', US_TITLE = 'NULL' WHERE TABLE_ID = 'TBLID_BCARTYPE' AND UPPER(FIELD_NAME) = 'NULL';
UPDATE SM_FIELD_DEF SET JP_TITLE = '{"ﾀｲﾄﾙ', US_TITLE = '英語名' WHERE TABLE_ID = 'TBLID_BINSPUSED' AND UPPER(FIELD_NAME) = 'ﾌｨｰﾙﾄﾞ名';
UPDATE SM_FIELD_DEF SET JP_TITLE = '{"--------------------', US_TITLE = '--------------------------------------------------------' WHERE TABLE_ID = 'TBLID_BINSPUSED' AND UPPER(FIELD_NAME) = '--------------------';
UPDATE SM_FIELD_DEF SET JP_TITLE = '検査用途ID', US_TITLE = 'INSP_USED_ID' WHERE TABLE_ID = 'TBLID_BINSPUSED' AND UPPER(FIELD_NAME) = 'INSP_USED_ID';
UPDATE SM_FIELD_DEF SET JP_TITLE = '検査用途名称', US_TITLE = 'INSP_USED_NAME' WHERE TABLE_ID = 'TBLID_BINSPUSED' AND UPPER(FIELD_NAME) = 'INSP_USED_NAME';
UPDATE SM_FIELD_DEF SET JP_TITLE = '検査用途詳細', US_TITLE = 'INSP_USED_DESC' WHERE TABLE_ID = 'TBLID_BINSPUSED' AND UPPER(FIELD_NAME) = 'INSP_USED_DESC';
UPDATE SM_FIELD_DEF SET JP_TITLE = '行先ID', US_TITLE = 'DEST_ID' WHERE TABLE_ID = 'TBLID_BINSPUSED' AND UPPER(FIELD_NAME) = 'DEST_ID';
UPDATE SM_FIELD_DEF SET JP_TITLE = '検査ﾌﾛｰ', US_TITLE = 'INSP_FLOW' WHERE TABLE_ID = 'TBLID_BINSPUSED' AND UPPER(FIELD_NAME) = 'INSP_FLOW';
UPDATE SM_FIELD_DEF SET JP_TITLE = 'ｶｾｯﾄﾀｲﾌﾟ', US_TITLE = 'CAR_TYPE' WHERE TABLE_ID = 'TBLID_BINSPUSED' AND UPPER(FIELD_NAME) = 'CAR_TYPE';
UPDATE SM_FIELD_DEF SET JP_TITLE = 'ﾙｰﾄID', US_TITLE = 'ROUTE_ID' WHERE TABLE_ID = 'TBLID_BINSPUSED' AND UPPER(FIELD_NAME) = 'ROUTE_ID';
UPDATE SM_FIELD_DEF SET JP_TITLE = 'ﾘｰﾄﾞﾀｲﾑ', US_TITLE = 'LEAD_TIME' WHERE TABLE_ID = 'TBLID_BINSPUSED' AND UPPER(FIELD_NAME) = 'LEAD_TIME';
UPDATE SM_FIELD_DEF SET JP_TITLE = '特定検査用途抜取ﾁｪｯｸﾌﾗｸﾞ', US_TITLE = 'PICK_CHK_FLG' WHERE TABLE_ID = 'TBLID_BINSPUSED' AND UPPER(FIELD_NAME) = 'PICK_CHK_FLG';
UPDATE SM_FIELD_DEF SET JP_TITLE = '{NULL', US_TITLE = 'NULL' WHERE TABLE_ID = 'TBLID_BINSPUSED' AND UPPER(FIELD_NAME) = 'NULL';
UPDATE SM_FIELD_DEF SET JP_TITLE = '{"ﾀｲﾄﾙ', US_TITLE = '英語名' WHERE TABLE_ID = 'TBLID_BMAC_NUM_CONV' AND UPPER(FIELD_NAME) = 'ﾌｨｰﾙﾄﾞ名';
UPDATE SM_FIELD_DEF SET JP_TITLE = '{"--------------------', US_TITLE = '--------------------------------------------------------' WHERE TABLE_ID = 'TBLID_BMAC_NUM_CONV' AND UPPER(FIELD_NAME) = '--------------------';
UPDATE SM_FIELD_DEF SET JP_TITLE = 'CZ号機番号', US_TITLE = 'CZ_MAC_NO' WHERE TABLE_ID = 'TBLID_BMAC_NUM_CONV' AND UPPER(FIELD_NAME) = 'CZ_MAC_NO';
UPDATE SM_FIELD_DEF SET JP_TITLE = 'LM用号機番号', US_TITLE = 'LM_MAC_NO' WHERE TABLE_ID = 'TBLID_BMAC_NUM_CONV' AND UPPER(FIELD_NAME) = 'LM_MAC_NO';
UPDATE SM_FIELD_DEF SET JP_TITLE = '{NULL', US_TITLE = 'NULL' WHERE TABLE_ID = 'TBLID_BMAC_NUM_CONV' AND UPPER(FIELD_NAME) = 'NULL';
UPDATE SM_FIELD_DEF SET JP_TITLE = '{"ﾀｲﾄﾙ', US_TITLE = '英語名' WHERE TABLE_ID = 'TBLID_BLMG' AND UPPER(FIELD_NAME) = 'ﾌｨｰﾙﾄﾞ名';
UPDATE SM_FIELD_DEF SET JP_TITLE = '{"--------------------', US_TITLE = '--------------------------------------------------------' WHERE TABLE_ID = 'TBLID_BLMG' AND UPPER(FIELD_NAME) = '--------------------';
UPDATE SM_FIELD_DEF SET JP_TITLE = 'LMｸﾞﾙｰﾌﾟID', US_TITLE = 'LMG_ID' WHERE TABLE_ID = 'TBLID_BLMG' AND UPPER(FIELD_NAME) = 'LMG_ID';
UPDATE SM_FIELD_DEF SET JP_TITLE = 'ｸﾞﾙｰﾌﾟ名', US_TITLE = 'LMG_NAME' WHERE TABLE_ID = 'TBLID_BLMG' AND UPPER(FIELD_NAME) = 'LMG_NAME';
UPDATE SM_FIELD_DEF SET JP_TITLE = '月度ｸﾘｱﾌﾗｸﾞ', US_TITLE = 'MONTH_CLEAR_FLAG' WHERE TABLE_ID = 'TBLID_BLMG' AND UPPER(FIELD_NAME) = 'MONTH_CLEAR_FLAG';
UPDATE SM_FIELD_DEF SET JP_TITLE = 'LM採番ﾊﾟﾀｰﾝﾃｰﾌﾞﾙ', US_TITLE = 'Lm_Ptn' WHERE TABLE_ID = 'TBLID_BLMG' AND UPPER(FIELD_NAME) = 'DUMMY';
UPDATE SM_FIELD_DEF SET JP_TITLE = '{NULL', US_TITLE = 'NULL' WHERE TABLE_ID = 'TBLID_BLMG' AND UPPER(FIELD_NAME) = 'NULL';
UPDATE SM_FIELD_DEF SET JP_TITLE = '{"ﾀｲﾄﾙ', US_TITLE = '英語名' WHERE TABLE_ID = 'TBLID_BLM_PTN' AND UPPER(FIELD_NAME) = 'ﾌｨｰﾙﾄﾞ名';
UPDATE SM_FIELD_DEF SET JP_TITLE = '{"--------------------', US_TITLE = '--------------------------------------------------------' WHERE TABLE_ID = 'TBLID_BLM_PTN' AND UPPER(FIELD_NAME) = '--------------------';
UPDATE SM_FIELD_DEF SET JP_TITLE = 'LMｸﾞﾙｰﾌﾟID', US_TITLE = 'LMG_ID' WHERE TABLE_ID = 'TBLID_BLM_PTN' AND UPPER(FIELD_NAME) = 'LMG_ID';
UPDATE SM_FIELD_DEF SET JP_TITLE = 'ｼｰｹﾝｽ番号', US_TITLE = 'SEQ_NO' WHERE TABLE_ID = 'TBLID_BLM_PTN' AND UPPER(FIELD_NAME) = 'SEQ_NO';
UPDATE SM_FIELD_DEF SET JP_TITLE = '採番ﾊﾟﾀｰﾝ', US_TITLE = 'NUM_PTN' WHERE TABLE_ID = 'TBLID_BLM_PTN' AND UPPER(FIELD_NAME) = 'NUM_PTN';
UPDATE SM_FIELD_DEF SET JP_TITLE = '文字列', US_TITLE = 'USER_STR' WHERE TABLE_ID = 'TBLID_BLM_PTN' AND UPPER(FIELD_NAME) = 'USER_STR';
UPDATE SM_FIELD_DEF SET JP_TITLE = '{NULL', US_TITLE = 'NULL' WHERE TABLE_ID = 'TBLID_BLM_PTN' AND UPPER(FIELD_NAME) = 'NULL';
UPDATE SM_FIELD_DEF SET JP_TITLE = '{"ﾀｲﾄﾙ', US_TITLE = '英語名' WHERE TABLE_ID = 'TBLID_BFTPINFO' AND UPPER(FIELD_NAME) = 'ﾌｨｰﾙﾄﾞ名';
UPDATE SM_FIELD_DEF SET JP_TITLE = '{"--------------------', US_TITLE = '--------------------------------------------------------' WHERE TABLE_ID = 'TBLID_BFTPINFO' AND UPPER(FIELD_NAME) = '--------------------';
UPDATE SM_FIELD_DEF SET JP_TITLE = '{"FTP情報ID', US_TITLE = 'FTP_INFO_ID' WHERE TABLE_ID = 'TBLID_BFTPINFO' AND UPPER(FIELD_NAME) = 'FTP_INFO_ID';
UPDATE SM_FIELD_DEF SET JP_TITLE = 'FTP情報ID', US_TITLE = 'FTP_INFO_ID' WHERE TABLE_ID = 'TBLID_BFTPINFO' AND UPPER(FIELD_NAME) = 'FTP_INFO_ID';
UPDATE SM_FIELD_DEF SET JP_TITLE = 'FTP情報名称', US_TITLE = 'FTP_INFO_NAME' WHERE TABLE_ID = 'TBLID_BFTPINFO' AND UPPER(FIELD_NAME) = 'FTP_INFO_NAME';
UPDATE SM_FIELD_DEF SET JP_TITLE = '保存ﾃﾞｨﾚｸﾄﾘ1', US_TITLE = 'SAVE_DIR_1' WHERE TABLE_ID = 'TBLID_BFTPINFO' AND UPPER(FIELD_NAME) = 'SAVE_DIR_1';
UPDATE SM_FIELD_DEF SET JP_TITLE = '保存ﾃﾞｨﾚｸﾄﾘ2', US_TITLE = 'SAVE_DIR_2' WHERE TABLE_ID = 'TBLID_BFTPINFO' AND UPPER(FIELD_NAME) = 'SAVE_DIR_2';
UPDATE SM_FIELD_DEF SET JP_TITLE = '保存ﾃﾞｨﾚｸﾄﾘ3', US_TITLE = 'SAVE_DIR_3' WHERE TABLE_ID = 'TBLID_BFTPINFO' AND UPPER(FIELD_NAME) = 'SAVE_DIR_3';
UPDATE SM_FIELD_DEF SET JP_TITLE = '保存ﾃﾞｨﾚｸﾄﾘ4', US_TITLE = 'SAVE_DIR_4' WHERE TABLE_ID = 'TBLID_BFTPINFO' AND UPPER(FIELD_NAME) = 'SAVE_DIR_4';
UPDATE SM_FIELD_DEF SET JP_TITLE = 'FTPﾕｰｻﾞｰID', US_TITLE = 'FTP_USER_ID' WHERE TABLE_ID = 'TBLID_BFTPINFO' AND UPPER(FIELD_NAME) = 'FTP_USER_ID';
UPDATE SM_FIELD_DEF SET JP_TITLE = 'FTPﾊﾟｽﾜｰﾄﾞ', US_TITLE = 'FTP_PASSWD' WHERE TABLE_ID = 'TBLID_BFTPINFO' AND UPPER(FIELD_NAME) = 'FTP_PASSWD';
UPDATE SM_FIELD_DEF SET JP_TITLE = '{NULL', US_TITLE = 'NULL' WHERE TABLE_ID = 'TBLID_BFTPINFO' AND UPPER(FIELD_NAME) = 'NULL';
UPDATE SM_FIELD_DEF SET JP_TITLE = '{"ﾀｲﾄﾙ', US_TITLE = '英語名' WHERE TABLE_ID = 'TBLID_BCOM_MON_BATCH' AND UPPER(FIELD_NAME) = 'ﾌｨｰﾙﾄﾞ名';
UPDATE SM_FIELD_DEF SET JP_TITLE = '{"--------------------', US_TITLE = '--------------------------------------------------------' WHERE TABLE_ID = 'TBLID_BCOM_MON_BATCH' AND UPPER(FIELD_NAME) = '--------------------';
UPDATE SM_FIELD_DEF SET JP_TITLE = '製品ｺｰﾄﾞID', US_TITLE = 'PROD_ID' WHERE TABLE_ID = 'TBLID_BCOM_MON_BATCH' AND UPPER(FIELD_NAME) = 'PROD_ID';
UPDATE SM_FIELD_DEF SET JP_TITLE = 'ﾊﾞｯﾁ区分', US_TITLE = 'BAT_CAT' WHERE TABLE_ID = 'TBLID_BCOM_MON_BATCH' AND UPPER(FIELD_NAME) = 'BAT_CAT';
UPDATE SM_FIELD_DEF SET JP_TITLE = 'ｽﾛｯﾄ番号', US_TITLE = 'SLOT_NO' WHERE TABLE_ID = 'TBLID_BCOM_MON_BATCH' AND UPPER(FIELD_NAME) = 'SLOT_NO';
UPDATE SM_FIELD_DEF SET JP_TITLE = '{"検査用途ID', US_TITLE = 'INSP_USED_ID' WHERE TABLE_ID = 'TBLID_BCOM_MON_BATCH' AND UPPER(FIELD_NAME) = 'INSP_USED_ID';
UPDATE SM_FIELD_DEF SET JP_TITLE = '検査用途ID', US_TITLE = 'INSP_USED_ID' WHERE TABLE_ID = 'TBLID_BCOM_MON_BATCH' AND UPPER(FIELD_NAME) = 'INSP_USED_ID';
UPDATE SM_FIELD_DEF SET JP_TITLE = 'ﾓﾆﾀ製品ｺｰﾄﾞID', US_TITLE = 'MON_PROD_ID' WHERE TABLE_ID = 'TBLID_BCOM_MON_BATCH' AND UPPER(FIELD_NAME) = 'MON_PROD_ID';
UPDATE SM_FIELD_DEF SET JP_TITLE = 'ﾓﾆﾀﾎﾞｯｸｽ投入周期', US_TITLE = 'MON_BOX_INSCYCLE' WHERE TABLE_ID = 'TBLID_BCOM_MON_BATCH' AND UPPER(FIELD_NAME) = 'MON_BOX_INSCYCLE';
UPDATE SM_FIELD_DEF SET JP_TITLE = '{NULL', US_TITLE = 'NULL' WHERE TABLE_ID = 'TBLID_BCOM_MON_BATCH' AND UPPER(FIELD_NAME) = 'NULL';
UPDATE SM_FIELD_DEF SET JP_TITLE = '{"ﾀｲﾄﾙ', US_TITLE = '英語名' WHERE TABLE_ID = 'TBLID_BPRE_TARGET_MS' AND UPPER(FIELD_NAME) = 'ﾌｨｰﾙﾄﾞ名';
UPDATE SM_FIELD_DEF SET JP_TITLE = '{"--------------------', US_TITLE = '--------------------------------------------------------' WHERE TABLE_ID = 'TBLID_BPRE_TARGET_MS' AND UPPER(FIELD_NAME) = '--------------------';
UPDATE SM_FIELD_DEF SET JP_TITLE = '製品ｺｰﾄﾞID', US_TITLE = 'PROD_ID' WHERE TABLE_ID = 'TBLID_BPRE_TARGET_MS' AND UPPER(FIELD_NAME) = 'PROD_ID';
UPDATE SM_FIELD_DEF SET JP_TITLE = '{"測定ID', US_TITLE = 'MEAS_ID' WHERE TABLE_ID = 'TBLID_BPRE_TARGET_MS' AND UPPER(FIELD_NAME) = 'MEAS_ID';
UPDATE SM_FIELD_DEF SET JP_TITLE = '測定ID', US_TITLE = 'MEAS_ID' WHERE TABLE_ID = 'TBLID_BPRE_TARGET_MS' AND UPPER(FIELD_NAME) = 'MEAS_ID';
UPDATE SM_FIELD_DEF SET JP_TITLE = 'IL/先行評価区分', US_TITLE = 'IL_PRE_CAT' WHERE TABLE_ID = 'TBLID_BPRE_TARGET_MS' AND UPPER(FIELD_NAME) = 'IL_PRE_CAT';
UPDATE SM_FIELD_DEF SET JP_TITLE = '{NULL', US_TITLE = 'NULL' WHERE TABLE_ID = 'TBLID_BPRE_TARGET_MS' AND UPPER(FIELD_NAME) = 'NULL';
UPDATE SM_FIELD_DEF SET JP_TITLE = '{"ﾀｲﾄﾙ', US_TITLE = '英語名' WHERE TABLE_ID = 'TBLID_BUSERG_FUNC' AND UPPER(FIELD_NAME) = 'ﾌｨｰﾙﾄﾞ名';
UPDATE SM_FIELD_DEF SET JP_TITLE = '{"--------------------', US_TITLE = '--------------------------------------------------------' WHERE TABLE_ID = 'TBLID_BUSERG_FUNC' AND UPPER(FIELD_NAME) = '--------------------';
UPDATE SM_FIELD_DEF SET JP_TITLE = '業務ｸﾞﾙｰﾌﾟID', US_TITLE = 'USERG_ID' WHERE TABLE_ID = 'TBLID_BUSERG_FUNC' AND UPPER(FIELD_NAME) = 'USERG_ID';
UPDATE SM_FIELD_DEF SET JP_TITLE = 'ｻﾌﾞｼｽﾃﾑID', US_TITLE = 'SUB_SYS_ID' WHERE TABLE_ID = 'TBLID_BUSERG_FUNC' AND UPPER(FIELD_NAME) = 'SUB_SYS_ID';
UPDATE SM_FIELD_DEF SET JP_TITLE = '関数ID', US_TITLE = 'FUNCTION_ID' WHERE TABLE_ID = 'TBLID_BUSERG_FUNC' AND UPPER(FIELD_NAME) = 'FUNCTION_ID';
UPDATE SM_FIELD_DEF SET JP_TITLE = '関数詳細', US_TITLE = 'FUNCTION_DESC' WHERE TABLE_ID = 'TBLID_BUSERG_FUNC' AND UPPER(FIELD_NAME) = 'FUNCTION_DESC';
UPDATE SM_FIELD_DEF SET JP_TITLE = 'ｱｸｾｽID', US_TITLE = 'ACCESS_ID' WHERE TABLE_ID = 'TBLID_BUSERG_FUNC' AND UPPER(FIELD_NAME) = 'ACCESS_ID';
UPDATE SM_FIELD_DEF SET JP_TITLE = '{NULL', US_TITLE = 'NULL' WHERE TABLE_ID = 'TBLID_BUSERG_FUNC' AND UPPER(FIELD_NAME) = 'NULL';
UPDATE SM_FIELD_DEF SET JP_TITLE = '{"ﾀｲﾄﾙ', US_TITLE = '英語名' WHERE TABLE_ID = 'TBLID_BOPE' AND UPPER(FIELD_NAME) = 'ﾌｨｰﾙﾄﾞ名';
UPDATE SM_FIELD_DEF SET JP_TITLE = '{"--------------------', US_TITLE = '--------------------------------------------------------' WHERE TABLE_ID = 'TBLID_BOPE' AND UPPER(FIELD_NAME) = '--------------------';
UPDATE SM_FIELD_DEF SET JP_TITLE = '工程ID', US_TITLE = 'OPE_ID' WHERE TABLE_ID = 'TBLID_BOPE' AND UPPER(FIELD_NAME) = 'OPE_ID';
UPDATE SM_FIELD_DEF SET JP_TITLE = '{"工程ﾌﾟﾛﾊﾟﾃｨ', US_TITLE = 'ope_property' WHERE TABLE_ID = 'TBLID_BOPE' AND UPPER(FIELD_NAME) = 'OPE_PROPERTY';
UPDATE SM_FIELD_DEF SET JP_TITLE = '{"工程区分', US_TITLE = 'ope_cat' WHERE TABLE_ID = 'TBLID_BOPE' AND UPPER(FIELD_NAME) = 'OPE_CAT';
UPDATE SM_FIELD_DEF SET JP_TITLE = '工程名称', US_TITLE = 'OPE_NAME' WHERE TABLE_ID = 'TBLID_BOPE' AND UPPER(FIELD_NAME) = 'OPE_NAME';
UPDATE SM_FIELD_DEF SET JP_TITLE = '工程詳細', US_TITLE = 'OPE_DESC' WHERE TABLE_ID = 'TBLID_BOPE' AND UPPER(FIELD_NAME) = 'OPE_DESC';
UPDATE SM_FIELD_DEF SET JP_TITLE = '工程ﾌﾟﾛﾊﾟﾃｨ', US_TITLE = 'OPE_PROPERTY' WHERE TABLE_ID = 'TBLID_BOPE' AND UPPER(FIELD_NAME) = 'OPE_PROPERTY';
UPDATE SM_FIELD_DEF SET JP_TITLE = '工程区分ID', US_TITLE = 'OPE_CAT_ID' WHERE TABLE_ID = 'TBLID_BOPE' AND UPPER(FIELD_NAME) = 'OPE_CAT_ID';
UPDATE SM_FIELD_DEF SET JP_TITLE = '装置ID', US_TITLE = 'EQP_ID' WHERE TABLE_ID = 'TBLID_BOPE' AND UPPER(FIELD_NAME) = 'EQP_ID';
UPDATE SM_FIELD_DEF SET JP_TITLE = 'ﾚｼﾋﾟID', US_TITLE = 'RECIP_ID' WHERE TABLE_ID = 'TBLID_BOPE' AND UPPER(FIELD_NAME) = 'RECIP_ID';
UPDATE SM_FIELD_DEF SET JP_TITLE = 'ﾌﾟﾛｾｽﾃﾞｰﾀID', US_TITLE = 'PROCDATA_ID' WHERE TABLE_ID = 'TBLID_BOPE' AND UPPER(FIELD_NAME) = 'PROCDATA_ID';
UPDATE SM_FIELD_DEF SET JP_TITLE = '測定ID', US_TITLE = 'MEAS_ID' WHERE TABLE_ID = 'TBLID_BOPE' AND UPPER(FIELD_NAME) = 'MEAS_ID';
UPDATE SM_FIELD_DEF SET JP_TITLE = '{"出力ｽﾄｯｶｰID', US_TITLE = 'out_stk_id' WHERE TABLE_ID = 'TBLID_BOPE' AND UPPER(FIELD_NAME) = 'OUT_STK_ID';
UPDATE SM_FIELD_DEF SET JP_TITLE = '{"格納後操作', US_TITLE = 'stock_act' WHERE TABLE_ID = 'TBLID_BOPE' AND UPPER(FIELD_NAME) = 'STOCK_ACT';
UPDATE SM_FIELD_DEF SET JP_TITLE = '{"ｽﾄｯｸｱｳﾄ単位', US_TITLE = 'stot_unit' WHERE TABLE_ID = 'TBLID_BOPE' AND UPPER(FIELD_NAME) = 'STOT_UNIT';
UPDATE SM_FIELD_DEF SET JP_TITLE = '{"次ｽﾄｯｶｰID', US_TITLE = 'next_stk_id' WHERE TABLE_ID = 'TBLID_BOPE' AND UPPER(FIELD_NAME) = 'NEXT_STK_ID';
UPDATE SM_FIELD_DEF SET JP_TITLE = 'ﾌｧﾐﾘﾛｯﾄﾎｰﾙﾄﾞﾌﾗｸﾞ', US_TITLE = 'FAM_LOT_HOLD_FLG' WHERE TABLE_ID = 'TBLID_BOPE' AND UPPER(FIELD_NAME) = 'FAM_LOT_HOLD_FLG';
UPDATE SM_FIELD_DEF SET JP_TITLE = '{"ｶｾｯﾄｸﾞﾙｰﾌﾟ', US_TITLE = 'carg_unload' WHERE TABLE_ID = 'TBLID_BOPE' AND UPPER(FIELD_NAME) = 'CARG_UNLOAD';
UPDATE SM_FIELD_DEF SET JP_TITLE = 'ｶｾｯﾄｸﾞﾙｰﾌﾟ', US_TITLE = 'CARG_UNLOAD' WHERE TABLE_ID = 'TBLID_BOPE' AND UPPER(FIELD_NAME) = 'CARG_UNLOAD';
UPDATE SM_FIELD_DEF SET JP_TITLE = 'ｶｾｯﾄｸﾞﾙｰﾌﾟ2', US_TITLE = 'CARG_UNLOAD2' WHERE TABLE_ID = 'TBLID_BOPE' AND UPPER(FIELD_NAME) = 'CARG_UNLOAD2';
UPDATE SM_FIELD_DEF SET JP_TITLE = 'ｶｾｯﾄｸﾞﾙｰﾌﾟ3', US_TITLE = 'CARG_UNLOAD3' WHERE TABLE_ID = 'TBLID_BOPE' AND UPPER(FIELD_NAME) = 'CARG_UNLOAD3';
UPDATE SM_FIELD_DEF SET JP_TITLE = 'ｶｾｯﾄｸﾞﾙｰﾌﾟ4', US_TITLE = 'CARG_UNLOAD4' WHERE TABLE_ID = 'TBLID_BOPE' AND UPPER(FIELD_NAME) = 'CARG_UNLOAD4';
UPDATE SM_FIELD_DEF SET JP_TITLE = 'ｶｾｯﾄｸﾞﾙｰﾌﾟ5', US_TITLE = 'CARG_UNLOAD5' WHERE TABLE_ID = 'TBLID_BOPE' AND UPPER(FIELD_NAME) = 'CARG_UNLOAD5';
UPDATE SM_FIELD_DEF SET JP_TITLE = 'ｶｾｯﾄｸﾞﾙｰﾌﾟ6', US_TITLE = 'CARG_UNLOAD6' WHERE TABLE_ID = 'TBLID_BOPE' AND UPPER(FIELD_NAME) = 'CARG_UNLOAD6';
UPDATE SM_FIELD_DEF SET JP_TITLE = 'ｶｾｯﾄｸﾞﾙｰﾌﾟ7', US_TITLE = 'CARG_UNLOAD7' WHERE TABLE_ID = 'TBLID_BOPE' AND UPPER(FIELD_NAME) = 'CARG_UNLOAD7';
UPDATE SM_FIELD_DEF SET JP_TITLE = 'ｶｾｯﾄｸﾞﾙｰﾌﾟ8', US_TITLE = 'CARG_UNLOAD8' WHERE TABLE_ID = 'TBLID_BOPE' AND UPPER(FIELD_NAME) = 'CARG_UNLOAD8';
UPDATE SM_FIELD_DEF SET JP_TITLE = 'ｶｾｯﾄｸﾞﾙｰﾌﾟ9', US_TITLE = 'CARG_UNLOAD9' WHERE TABLE_ID = 'TBLID_BOPE' AND UPPER(FIELD_NAME) = 'CARG_UNLOAD9';
UPDATE SM_FIELD_DEF SET JP_TITLE = 'ｶｾｯﾄｸﾞﾙｰﾌﾟ10', US_TITLE = 'CARG_UNLOAD10' WHERE TABLE_ID = 'TBLID_BOPE' AND UPPER(FIELD_NAME) = 'CARG_UNLOAD10';
UPDATE SM_FIELD_DEF SET JP_TITLE = 'ｶｾｯﾄｸﾞﾙｰﾌﾟ11', US_TITLE = 'CARG_UNLOAD11' WHERE TABLE_ID = 'TBLID_BOPE' AND UPPER(FIELD_NAME) = 'CARG_UNLOAD11';
UPDATE SM_FIELD_DEF SET JP_TITLE = 'ｶｾｯﾄｸﾞﾙｰﾌﾟ12', US_TITLE = 'CARG_UNLOAD12' WHERE TABLE_ID = 'TBLID_BOPE' AND UPPER(FIELD_NAME) = 'CARG_UNLOAD12';
UPDATE SM_FIELD_DEF SET JP_TITLE = 'ｶｾｯﾄｸﾞﾙｰﾌﾟ13', US_TITLE = 'CARG_UNLOAD13' WHERE TABLE_ID = 'TBLID_BOPE' AND UPPER(FIELD_NAME) = 'CARG_UNLOAD13';
UPDATE SM_FIELD_DEF SET JP_TITLE = 'ｶｾｯﾄｸﾞﾙｰﾌﾟ14', US_TITLE = 'CARG_UNLOAD14' WHERE TABLE_ID = 'TBLID_BOPE' AND UPPER(FIELD_NAME) = 'CARG_UNLOAD14';
UPDATE SM_FIELD_DEF SET JP_TITLE = 'ｶｾｯﾄｸﾞﾙｰﾌﾟ15', US_TITLE = 'CARG_UNLOAD15' WHERE TABLE_ID = 'TBLID_BOPE' AND UPPER(FIELD_NAME) = 'CARG_UNLOAD15';
UPDATE SM_FIELD_DEF SET JP_TITLE = 'ｶｾｯﾄｸﾞﾙｰﾌﾟ16', US_TITLE = 'CARG_UNLOAD16' WHERE TABLE_ID = 'TBLID_BOPE' AND UPPER(FIELD_NAME) = 'CARG_UNLOAD16';
UPDATE SM_FIELD_DEF SET JP_TITLE = 'ｶｾｯﾄｸﾞﾙｰﾌﾟ17', US_TITLE = 'CARG_UNLOAD17' WHERE TABLE_ID = 'TBLID_BOPE' AND UPPER(FIELD_NAME) = 'CARG_UNLOAD17';
UPDATE SM_FIELD_DEF SET JP_TITLE = 'ｶｾｯﾄｸﾞﾙｰﾌﾟ18', US_TITLE = 'CARG_UNLOAD18' WHERE TABLE_ID = 'TBLID_BOPE' AND UPPER(FIELD_NAME) = 'CARG_UNLOAD18';
UPDATE SM_FIELD_DEF SET JP_TITLE = 'ｶｾｯﾄｸﾞﾙｰﾌﾟ19', US_TITLE = 'CARG_UNLOAD19' WHERE TABLE_ID = 'TBLID_BOPE' AND UPPER(FIELD_NAME) = 'CARG_UNLOAD19';
UPDATE SM_FIELD_DEF SET JP_TITLE = 'ｶｾｯﾄｸﾞﾙｰﾌﾟ20', US_TITLE = 'CARG_UNLOAD20' WHERE TABLE_ID = 'TBLID_BOPE' AND UPPER(FIELD_NAME) = 'CARG_UNLOAD20';
UPDATE SM_FIELD_DEF SET JP_TITLE = 'ｶｾｯﾄｸﾞﾙｰﾌﾟ21', US_TITLE = 'CARG_UNLOAD21' WHERE TABLE_ID = 'TBLID_BOPE' AND UPPER(FIELD_NAME) = 'CARG_UNLOAD21';
UPDATE SM_FIELD_DEF SET JP_TITLE = 'ｶｾｯﾄｸﾞﾙｰﾌﾟ22', US_TITLE = 'CARG_UNLOAD22' WHERE TABLE_ID = 'TBLID_BOPE' AND UPPER(FIELD_NAME) = 'CARG_UNLOAD22';
UPDATE SM_FIELD_DEF SET JP_TITLE = 'ｶｾｯﾄｸﾞﾙｰﾌﾟ23', US_TITLE = 'CARG_UNLOAD23' WHERE TABLE_ID = 'TBLID_BOPE' AND UPPER(FIELD_NAME) = 'CARG_UNLOAD23';
UPDATE SM_FIELD_DEF SET JP_TITLE = 'ｶｾｯﾄｸﾞﾙｰﾌﾟ24', US_TITLE = 'CARG_UNLOAD24' WHERE TABLE_ID = 'TBLID_BOPE' AND UPPER(FIELD_NAME) = 'CARG_UNLOAD24';
UPDATE SM_FIELD_DEF SET JP_TITLE = 'ｶｾｯﾄｸﾞﾙｰﾌﾟ25', US_TITLE = 'CARG_UNLOAD25' WHERE TABLE_ID = 'TBLID_BOPE' AND UPPER(FIELD_NAME) = 'CARG_UNLOAD25';
UPDATE SM_FIELD_DEF SET JP_TITLE = 'ｶｾｯﾄｸﾞﾙｰﾌﾟ26', US_TITLE = 'CARG_UNLOAD26' WHERE TABLE_ID = 'TBLID_BOPE' AND UPPER(FIELD_NAME) = 'CARG_UNLOAD26';
UPDATE SM_FIELD_DEF SET JP_TITLE = 'ｶｾｯﾄｸﾞﾙｰﾌﾟ27', US_TITLE = 'CARG_UNLOAD27' WHERE TABLE_ID = 'TBLID_BOPE' AND UPPER(FIELD_NAME) = 'CARG_UNLOAD27';
UPDATE SM_FIELD_DEF SET JP_TITLE = 'ｶｾｯﾄｸﾞﾙｰﾌﾟ28', US_TITLE = 'CARG_UNLOAD28' WHERE TABLE_ID = 'TBLID_BOPE' AND UPPER(FIELD_NAME) = 'CARG_UNLOAD28';
UPDATE SM_FIELD_DEF SET JP_TITLE = 'ｶｾｯﾄｸﾞﾙｰﾌﾟ29', US_TITLE = 'CARG_UNLOAD29' WHERE TABLE_ID = 'TBLID_BOPE' AND UPPER(FIELD_NAME) = 'CARG_UNLOAD29';
UPDATE SM_FIELD_DEF SET JP_TITLE = 'ｶｾｯﾄｸﾞﾙｰﾌﾟ30', US_TITLE = 'CARG_UNLOAD30' WHERE TABLE_ID = 'TBLID_BOPE' AND UPPER(FIELD_NAME) = 'CARG_UNLOAD30';
UPDATE SM_FIELD_DEF SET JP_TITLE = 'ｶｾｯﾄﾀｲﾌﾟ', US_TITLE = 'CAR_TYPE' WHERE TABLE_ID = 'TBLID_BOPE' AND UPPER(FIELD_NAME) = 'CAR_TYPE';
UPDATE SM_FIELD_DEF SET JP_TITLE = 'ｶｾｯﾄﾓｰﾄﾞ', US_TITLE = 'CAR_MODE' WHERE TABLE_ID = 'TBLID_BOPE' AND UPPER(FIELD_NAME) = 'CAR_MODE';
UPDATE SM_FIELD_DEF SET JP_TITLE = 'ﾛｯﾄ混在区分', US_TITLE = 'LOT_MIX_CAT' WHERE TABLE_ID = 'TBLID_BOPE' AND UPPER(FIELD_NAME) = 'LOT_MIX_CAT';
UPDATE SM_FIELD_DEF SET JP_TITLE = 'ﾛｯﾄまとめ区分', US_TITLE = 'LOT_COLLECT_FLG' WHERE TABLE_ID = 'TBLID_BOPE' AND UPPER(FIELD_NAME) = 'LOT_COLLECT_FLG';
UPDATE SM_FIELD_DEF SET JP_TITLE = '工程内検査ﾌﾗｸﾞ', US_TITLE = 'OPE_INSP_FLG' WHERE TABLE_ID = 'TBLID_BOPE' AND UPPER(FIELD_NAME) = 'OPE_INSP_FLG';
UPDATE SM_FIELD_DEF SET JP_TITLE = '工程内検査規定値(同一ｶｾｯﾄ)', US_TITLE = 'OPE_INSP_REG_CAR' WHERE TABLE_ID = 'TBLID_BOPE' AND UPPER(FIELD_NAME) = 'OPE_INSP_REG_CAR';
UPDATE SM_FIELD_DEF SET JP_TITLE = '工程内検査規定値(同一ﾛｯﾄ)', US_TITLE = 'OPE_INSP_REG_LOT' WHERE TABLE_ID = 'TBLID_BOPE' AND UPPER(FIELD_NAME) = 'OPE_INSP_REG_LOT';
UPDATE SM_FIELD_DEF SET JP_TITLE = '{"工程内検査規定値(同一製品ｺｰﾄﾞ)', US_TITLE = 'ope_insp_reg_prod' WHERE TABLE_ID = 'TBLID_BOPE' AND UPPER(FIELD_NAME) = 'OPE_INSP_REG_PROD';
UPDATE SM_FIELD_DEF SET JP_TITLE = '工程内検査規定値(同一ﾌｧﾐﾘｰﾛｯﾄ)', US_TITLE = 'OPE_INSP_REG_PROD' WHERE TABLE_ID = 'TBLID_BOPE' AND UPPER(FIELD_NAME) = 'OPE_INSP_REG_PROD';
UPDATE SM_FIELD_DEF SET JP_TITLE = '工程内検査規定値(同一ﾚｼﾋﾟ)', US_TITLE = 'OPE_INSP_REG_RECIP' WHERE TABLE_ID = 'TBLID_BOPE' AND UPPER(FIELD_NAME) = 'OPE_INSP_REG_RECIP';
UPDATE SM_FIELD_DEF SET JP_TITLE = '工程内検査実施ｳｪｰﾊ枚数', US_TITLE = 'OPE_INSP_ENF_WAF_NUM' WHERE TABLE_ID = 'TBLID_BOPE' AND UPPER(FIELD_NAME) = 'OPE_INSP_ENF_WAF_NUM';
UPDATE SM_FIELD_DEF SET JP_TITLE = 'ﾌﾟﾛｾｽ単位', US_TITLE = 'PROC_UNIT' WHERE TABLE_ID = 'TBLID_BOPE' AND UPPER(FIELD_NAME) = 'PROC_UNIT';
UPDATE SM_FIELD_DEF SET JP_TITLE = 'ﾌﾟﾛｾｽ時間', US_TITLE = 'PROC_TIME' WHERE TABLE_ID = 'TBLID_BOPE' AND UPPER(FIELD_NAME) = 'PROC_TIME';
UPDATE SM_FIELD_DEF SET JP_TITLE = 'ﾌﾟﾛｾｽQﾀｲﾑ', US_TITLE = 'PROC_QTIME' WHERE TABLE_ID = 'TBLID_BOPE' AND UPPER(FIELD_NAME) = 'PROC_QTIME';
UPDATE SM_FIELD_DEF SET JP_TITLE = 'ﾊﾝﾄﾞﾘﾝｸﾞ時間', US_TITLE = 'HANDL_TIME' WHERE TABLE_ID = 'TBLID_BOPE' AND UPPER(FIELD_NAME) = 'HANDL_TIME';
UPDATE SM_FIELD_DEF SET JP_TITLE = '搬送ﾎﾟｰﾄ', US_TITLE = 'CARRY_PORT' WHERE TABLE_ID = 'TBLID_BOPE' AND UPPER(FIELD_NAME) = 'CARRY_PORT';
UPDATE SM_FIELD_DEF SET JP_TITLE = 'ﾛｯﾄ追従ﾌﾗｸﾞ', US_TITLE = 'LOT_FOLLOW_FLG' WHERE TABLE_ID = 'TBLID_BOPE' AND UPPER(FIELD_NAME) = 'LOT_FOLLOW_FLG';
UPDATE SM_FIELD_DEF SET JP_TITLE = 'ﾙｰﾄ接続', US_TITLE = 'RouteConnect' WHERE TABLE_ID = 'TBLID_BOPE' AND UPPER(FIELD_NAME) = 'DUMMY';
UPDATE SM_FIELD_DEF SET JP_TITLE = 'Qﾀｲﾑ', US_TITLE = 'Q-Time' WHERE TABLE_ID = 'TBLID_BOPE' AND UPPER(FIELD_NAME) = 'DUMMY2';
UPDATE SM_FIELD_DEF SET JP_TITLE = 'ﾚｼﾋﾟﾙｯｸｱｯﾌﾟ', US_TITLE = 'RecipLookup' WHERE TABLE_ID = 'TBLID_BOPE' AND UPPER(FIELD_NAME) = 'DUMMY3';
UPDATE SM_FIELD_DEF SET JP_TITLE = 'ﾌﾟﾛｾｽﾙｯｸｱｯﾌﾟ', US_TITLE = 'ProcDCLookup' WHERE TABLE_ID = 'TBLID_BOPE' AND UPPER(FIELD_NAME) = 'DUMMY4';
UPDATE SM_FIELD_DEF SET JP_TITLE = '測定ﾙｯｸｱｯﾌﾟ', US_TITLE = 'MeasDCLookup' WHERE TABLE_ID = 'TBLID_BOPE' AND UPPER(FIELD_NAME) = 'DUMMY5';
UPDATE SM_FIELD_DEF SET JP_TITLE = 'ﾙｰﾄID', US_TITLE = 'ROUTE_ID' WHERE TABLE_ID = 'TBLID_BOPE' AND UPPER(FIELD_NAME) = 'ROUTE_ID';
UPDATE SM_FIELD_DEF SET JP_TITLE = '{"ﾙｰﾄID', US_TITLE = 'ROUTE_ID' WHERE TABLE_ID = 'TBLID_BOPE' AND UPPER(FIELD_NAME) = 'ROUTE_ID';
UPDATE SM_FIELD_DEF SET JP_TITLE = 'ﾙｰﾄﾊﾞｰｼﾞｮﾝ', US_TITLE = 'ROUTE_VER' WHERE TABLE_ID = 'TBLID_BOPE' AND UPPER(FIELD_NAME) = 'ROUTE_VER';
UPDATE SM_FIELD_DEF SET JP_TITLE = '作業番号', US_TITLE = 'OPE_NO' WHERE TABLE_ID = 'TBLID_BOPE' AND UPPER(FIELD_NAME) = 'OPE_NO';
UPDATE SM_FIELD_DEF SET JP_TITLE = 'BPRODCODEへのｼﾞｬﾝﾌﾟ用ﾀﾞﾐｰ', US_TITLE = 'L' WHERE TABLE_ID = 'TBLID_BOPE' AND UPPER(FIELD_NAME) = 'PROD_CODE_CAT';
UPDATE SM_FIELD_DEF SET JP_TITLE = 'BCODEへのｼﾞｬﾝﾌﾟ用ﾀﾞﾐｰ', US_TITLE = 'L' WHERE TABLE_ID = 'TBLID_BOPE' AND UPPER(FIELD_NAME) = 'CODE_CAT';
UPDATE SM_FIELD_DEF SET JP_TITLE = '{NULL', US_TITLE = 'NULL' WHERE TABLE_ID = 'TBLID_BOPE' AND UPPER(FIELD_NAME) = 'NULL';
UPDATE SM_FIELD_DEF SET JP_TITLE = '{"ﾀｲﾄﾙ', US_TITLE = '英語名' WHERE TABLE_ID = 'TBLID_BPROD' AND UPPER(FIELD_NAME) = 'ﾌｨｰﾙﾄﾞ名';
UPDATE SM_FIELD_DEF SET JP_TITLE = '{"--------------------', US_TITLE = '--------------------------------------------------------' WHERE TABLE_ID = 'TBLID_BPROD' AND UPPER(FIELD_NAME) = '--------------------';
UPDATE SM_FIELD_DEF SET JP_TITLE = '製品ｺｰﾄﾞID', US_TITLE = 'PROD_ID' WHERE TABLE_ID = 'TBLID_BPROD' AND UPPER(FIELD_NAME) = 'PROD_ID';
UPDATE SM_FIELD_DEF SET JP_TITLE = '製品ｺｰﾄﾞID2', US_TITLE = 'PROD_ID2' WHERE TABLE_ID = 'TBLID_BPROD' AND UPPER(FIELD_NAME) = 'PROD_ID2';
UPDATE SM_FIELD_DEF SET JP_TITLE = '製品ｺｰﾄﾞ名称', US_TITLE = 'PROD_NAME' WHERE TABLE_ID = 'TBLID_BPROD' AND UPPER(FIELD_NAME) = 'PROD_NAME';
UPDATE SM_FIELD_DEF SET JP_TITLE = '製品ｺｰﾄﾞ詳細', US_TITLE = 'PROD_DESC' WHERE TABLE_ID = 'TBLID_BPROD' AND UPPER(FIELD_NAME) = 'PROD_DESC';
UPDATE SM_FIELD_DEF SET JP_TITLE = '製品ｺｰﾄﾞ区分', US_TITLE = 'PROD_CAT' WHERE TABLE_ID = 'TBLID_BPROD' AND UPPER(FIELD_NAME) = 'PROD_CAT';
UPDATE SM_FIELD_DEF SET JP_TITLE = '{"ﾙｰﾄID', US_TITLE = 'ROUTE_ID' WHERE TABLE_ID = 'TBLID_BPROD' AND UPPER(FIELD_NAME) = 'ROUTE_ID';
UPDATE SM_FIELD_DEF SET JP_TITLE = '{"ﾙｰﾄﾊﾞｰｼﾞｮﾝ', US_TITLE = 'ROUTE_VER' WHERE TABLE_ID = 'TBLID_BPROD' AND UPPER(FIELD_NAME) = 'ROUTE_VER';
UPDATE SM_FIELD_DEF SET JP_TITLE = 'ﾙｰﾄID', US_TITLE = 'ROUTE_ID' WHERE TABLE_ID = 'TBLID_BPROD' AND UPPER(FIELD_NAME) = 'ROUTE_ID';
UPDATE SM_FIELD_DEF SET JP_TITLE = 'ﾙｰﾄﾊﾞｰｼﾞｮﾝ', US_TITLE = 'ROUTE_VER' WHERE TABLE_ID = 'TBLID_BPROD' AND UPPER(FIELD_NAME) = 'ROUTE_VER';
UPDATE SM_FIELD_DEF SET JP_TITLE = '{"製品種別', US_TITLE = 'PRODUCT_KIND' WHERE TABLE_ID = 'TBLID_BPROD' AND UPPER(FIELD_NAME) = 'PRODUCT_KIND';
UPDATE SM_FIELD_DEF SET JP_TITLE = '製品種別', US_TITLE = 'PRODUCT_KIND' WHERE TABLE_ID = 'TBLID_BPROD' AND UPPER(FIELD_NAME) = 'PRODUCT_KIND';
UPDATE SM_FIELD_DEF SET JP_TITLE = '熱処理', US_TITLE = 'WHT_FLG' WHERE TABLE_ID = 'TBLID_BPROD' AND UPPER(FIELD_NAME) = 'WHT_FLG';
UPDATE SM_FIELD_DEF SET JP_TITLE = 'EG', US_TITLE = 'EG_FLG' WHERE TABLE_ID = 'TBLID_BPROD' AND UPPER(FIELD_NAME) = 'EG_FLG';
UPDATE SM_FIELD_DEF SET JP_TITLE = 'CVD', US_TITLE = 'CVD_FLG' WHERE TABLE_ID = 'TBLID_BPROD' AND UPPER(FIELD_NAME) = 'CVD_FLG';
UPDATE SM_FIELD_DEF SET JP_TITLE = 'ｽﾗｲｽ溝ﾋﾟｯﾁ規格', US_TITLE = 'SLICE_WIRE_PITCH' WHERE TABLE_ID = 'TBLID_BPROD' AND UPPER(FIELD_NAME) = 'SLICE_WIRE_PITCH';
UPDATE SM_FIELD_DEF SET JP_TITLE = '外周面取ﾎｲｰﾙ規格', US_TITLE = 'CIR_WHEEL_STD' WHERE TABLE_ID = 'TBLID_BPROD' AND UPPER(FIELD_NAME) = 'CIR_WHEEL_STD';
UPDATE SM_FIELD_DEF SET JP_TITLE = 'ﾉｯﾁ面取ﾎｲｰﾙ規格', US_TITLE = 'NOTCH_WHEEL_STD' WHERE TABLE_ID = 'TBLID_BPROD' AND UPPER(FIELD_NAME) = 'NOTCH_WHEEL_STD';
UPDATE SM_FIELD_DEF SET JP_TITLE = '{"粗研磨砥粒番手', US_TITLE = 'FLT_GRIND_COUNT' WHERE TABLE_ID = 'TBLID_BPROD' AND UPPER(FIELD_NAME) = 'FLT_GRIND_COUNT';
UPDATE SM_FIELD_DEF SET JP_TITLE = '粗研削砥粒番手', US_TITLE = 'FLT_GRIND_COUNT' WHERE TABLE_ID = 'TBLID_BPROD' AND UPPER(FIELD_NAME) = 'FLT_GRIND_COUNT';
UPDATE SM_FIELD_DEF SET JP_TITLE = '仕上研削砥粒番手', US_TITLE = 'FIN_GRIND_COUNT' WHERE TABLE_ID = 'TBLID_BPROD' AND UPPER(FIELD_NAME) = 'FIN_GRIND_COUNT';
UPDATE SM_FIELD_DEF SET JP_TITLE = 'ﾚｰｻﾞｰﾏｰｸ面指定', US_TITLE = 'LM_FACE_SPECIFIED_FLG' WHERE TABLE_ID = 'TBLID_BPROD' AND UPPER(FIELD_NAME) = 'LM_FACE_SPECIFIED_FLG';
UPDATE SM_FIELD_DEF SET JP_TITLE = 'ﾚｰｻﾞｰﾏｰｸ区分', US_TITLE = 'LASRMARK_CAT' WHERE TABLE_ID = 'TBLID_BPROD' AND UPPER(FIELD_NAME) = 'LASRMARK_CAT';
UPDATE SM_FIELD_DEF SET JP_TITLE = 'LMｸﾞﾙｰﾌﾟNo.1', US_TITLE = 'LASRMARK_PRINT_PTN1' WHERE TABLE_ID = 'TBLID_BPROD' AND UPPER(FIELD_NAME) = 'LASRMARK_PRINT_PTN1';
UPDATE SM_FIELD_DEF SET JP_TITLE = 'LMｸﾞﾙｰﾌﾟNo.2', US_TITLE = 'LASRMARK_PRINT_PTN2' WHERE TABLE_ID = 'TBLID_BPROD' AND UPPER(FIELD_NAME) = 'LASRMARK_PRINT_PTN2';
UPDATE SM_FIELD_DEF SET JP_TITLE = 'ｴｯﾁﾝｸﾞ取代', US_TITLE = 'EDGING_REMOVE' WHERE TABLE_ID = 'TBLID_BPROD' AND UPPER(FIELD_NAME) = 'EDGING_REMOVE';
UPDATE SM_FIELD_DEF SET JP_TITLE = '研磨種類', US_TITLE = 'POLISH_KIND' WHERE TABLE_ID = 'TBLID_BPROD' AND UPPER(FIELD_NAME) = 'POLISH_KIND';
UPDATE SM_FIELD_DEF SET JP_TITLE = '平坦度ﾗﾝｸ', US_TITLE = 'FLATNESS_RANK' WHERE TABLE_ID = 'TBLID_BPROD' AND UPPER(FIELD_NAME) = 'FLATNESS_RANK';
UPDATE SM_FIELD_DEF SET JP_TITLE = '粗研磨ｸﾛｽﾗｲﾌ規格', US_TITLE = 'FLT_POLISH_CROSS_LIFE_STD' WHERE TABLE_ID = 'TBLID_BPROD' AND UPPER(FIELD_NAME) = 'FLT_POLISH_CROSS_LIFE_STD';
UPDATE SM_FIELD_DEF SET JP_TITLE = '鏡面面取砥粒比重', US_TITLE = 'MIRROR_GRIND_GRAVITY' WHERE TABLE_ID = 'TBLID_BPROD' AND UPPER(FIELD_NAME) = 'MIRROR_GRIND_GRAVITY';
UPDATE SM_FIELD_DEF SET JP_TITLE = '仕上研磨ｸﾛｽﾗｲﾌ規格', US_TITLE = 'FIN_POLISH_CROSS_LIFE_STD' WHERE TABLE_ID = 'TBLID_BPROD' AND UPPER(FIELD_NAME) = 'FIN_POLISH_CROSS_LIFE_STD';
UPDATE SM_FIELD_DEF SET JP_TITLE = 'Fosb InfoPadﾌﾟﾗｸﾞ位置', US_TITLE = 'FOSB_INFOPAD_PLUG_POS' WHERE TABLE_ID = 'TBLID_BPROD' AND UPPER(FIELD_NAME) = 'FOSB_INFOPAD_PLUG_POS';
UPDATE SM_FIELD_DEF SET JP_TITLE = 'ｾﾝﾀｰﾘﾃｰﾅｰ有無', US_TITLE = 'SENTER_RITENER_EXIST' WHERE TABLE_ID = 'TBLID_BPROD' AND UPPER(FIELD_NAME) = 'SENTER_RITENER_EXIST';
UPDATE SM_FIELD_DEF SET JP_TITLE = '出荷ﾗﾍﾞﾙ位置1', US_TITLE = 'SHIP_LABEL_POS1' WHERE TABLE_ID = 'TBLID_BPROD' AND UPPER(FIELD_NAME) = 'SHIP_LABEL_POS1';
UPDATE SM_FIELD_DEF SET JP_TITLE = '出荷ﾗﾍﾞﾙ位置2', US_TITLE = 'SHIP_LABEL_POS2' WHERE TABLE_ID = 'TBLID_BPROD' AND UPPER(FIELD_NAME) = 'SHIP_LABEL_POS2';
UPDATE SM_FIELD_DEF SET JP_TITLE = '出荷ﾗﾍﾞﾙ位置3', US_TITLE = 'SHIP_LABEL_POS3' WHERE TABLE_ID = 'TBLID_BPROD' AND UPPER(FIELD_NAME) = 'SHIP_LABEL_POS3';
UPDATE SM_FIELD_DEF SET JP_TITLE = '乾燥剤有無', US_TITLE = 'DESICCANT_EXIST' WHERE TABLE_ID = 'TBLID_BPROD' AND UPPER(FIELD_NAME) = 'DESICCANT_EXIST';
UPDATE SM_FIELD_DEF SET JP_TITLE = '乾燥剤位置', US_TITLE = 'DESICCANT_POS' WHERE TABLE_ID = 'TBLID_BPROD' AND UPPER(FIELD_NAME) = 'DESICCANT_POS';
UPDATE SM_FIELD_DEF SET JP_TITLE = 'KEM PW製品ｺｰﾄﾞ', US_TITLE = 'KEM_PW_PROD_CODE' WHERE TABLE_ID = 'TBLID_BPROD' AND UPPER(FIELD_NAME) = 'KEM_PW_PROD_CODE';
UPDATE SM_FIELD_DEF SET JP_TITLE = 'KEM EP製品ｺｰﾄﾞ', US_TITLE = 'KEM_EP_PROD_CODE' WHERE TABLE_ID = 'TBLID_BPROD' AND UPPER(FIELD_NAME) = 'KEM_EP_PROD_CODE';
UPDATE SM_FIELD_DEF SET JP_TITLE = 'KEM Anneal製品ｺｰﾄﾞ', US_TITLE = 'KEM_AR_PROD_CODE' WHERE TABLE_ID = 'TBLID_BPROD' AND UPPER(FIELD_NAME) = 'KEM_AR_PROD_CODE';
UPDATE SM_FIELD_DEF SET JP_TITLE = '{"切断角度ﾉｯﾁ上(X･符号)度', US_TITLE = 'NOTCH_TOP_DEGREE' WHERE TABLE_ID = 'TBLID_BPROD' AND UPPER(FIELD_NAME) = 'NOTCH_TOP_DEGREE';
UPDATE SM_FIELD_DEF SET JP_TITLE = '{"切断角度ﾉｯﾁ上(X)分', US_TITLE = 'NOTCH_TOP_ARCMIN' WHERE TABLE_ID = 'TBLID_BPROD' AND UPPER(FIELD_NAME) = 'NOTCH_TOP_ARCMIN';
UPDATE SM_FIELD_DEF SET JP_TITLE = '{"切断角度ﾉｯﾁ上(X)秒', US_TITLE = 'NOTCH_TOP_ARCSEC' WHERE TABLE_ID = 'TBLID_BPROD' AND UPPER(FIELD_NAME) = 'NOTCH_TOP_ARCSEC';
UPDATE SM_FIELD_DEF SET JP_TITLE = '{"切断角度ﾉｯﾁ左(Y･符号)度', US_TITLE = 'NOTCH_LEFT_DEGREE' WHERE TABLE_ID = 'TBLID_BPROD' AND UPPER(FIELD_NAME) = 'NOTCH_LEFT_DEGREE';
UPDATE SM_FIELD_DEF SET JP_TITLE = '{"切断角度ﾉｯﾁ左(Y)分', US_TITLE = 'NOTCH_LEFT_ARCMIN' WHERE TABLE_ID = 'TBLID_BPROD' AND UPPER(FIELD_NAME) = 'NOTCH_LEFT_ARCMIN';
UPDATE SM_FIELD_DEF SET JP_TITLE = '{"切断角度ﾉｯﾁ左(Y)秒', US_TITLE = 'NOTCH_LEFT_ARCSEC' WHERE TABLE_ID = 'TBLID_BPROD' AND UPPER(FIELD_NAME) = 'NOTCH_LEFT_ARCSEC';
UPDATE SM_FIELD_DEF SET JP_TITLE = '切断角度ﾉｯﾁ上(X･符号)度', US_TITLE = 'NOTCH_TOP_DEGREE' WHERE TABLE_ID = 'TBLID_BPROD' AND UPPER(FIELD_NAME) = 'NOTCH_TOP_DEGREE';
UPDATE SM_FIELD_DEF SET JP_TITLE = '切断角度ﾉｯﾁ上(X)分', US_TITLE = 'NOTCH_TOP_ARCMIN' WHERE TABLE_ID = 'TBLID_BPROD' AND UPPER(FIELD_NAME) = 'NOTCH_TOP_ARCMIN';
UPDATE SM_FIELD_DEF SET JP_TITLE = '切断角度ﾉｯﾁ上(X)秒', US_TITLE = 'NOTCH_TOP_ARCSEC' WHERE TABLE_ID = 'TBLID_BPROD' AND UPPER(FIELD_NAME) = 'NOTCH_TOP_ARCSEC';
UPDATE SM_FIELD_DEF SET JP_TITLE = '切断角度ﾉｯﾁ左(Y･符号)度', US_TITLE = 'NOTCH_LEFT_DEGREE' WHERE TABLE_ID = 'TBLID_BPROD' AND UPPER(FIELD_NAME) = 'NOTCH_LEFT_DEGREE';
UPDATE SM_FIELD_DEF SET JP_TITLE = '切断角度ﾉｯﾁ左(Y)分', US_TITLE = 'NOTCH_LEFT_ARCMIN' WHERE TABLE_ID = 'TBLID_BPROD' AND UPPER(FIELD_NAME) = 'NOTCH_LEFT_ARCMIN';
UPDATE SM_FIELD_DEF SET JP_TITLE = '切断角度ﾉｯﾁ左(Y)秒', US_TITLE = 'NOTCH_LEFT_ARCSEC' WHERE TABLE_ID = 'TBLID_BPROD' AND UPPER(FIELD_NAME) = 'NOTCH_LEFT_ARCSEC';
UPDATE SM_FIELD_DEF SET JP_TITLE = '出荷ﾗﾍﾞﾙ印刷有無', US_TITLE = 'SHIP_LABEL_PRINT_EXIST' WHERE TABLE_ID = 'TBLID_BPROD' AND UPPER(FIELD_NAME) = 'SHIP_LABEL_PRINT_EXIST';
UPDATE SM_FIELD_DEF SET JP_TITLE = '予備1', US_TITLE = 'RESERVE01' WHERE TABLE_ID = 'TBLID_BPROD' AND UPPER(FIELD_NAME) = 'RESERVE01';
UPDATE SM_FIELD_DEF SET JP_TITLE = '{"予備2', US_TITLE = 'RESERVE02' WHERE TABLE_ID = 'TBLID_BPROD' AND UPPER(FIELD_NAME) = 'RESERVE02';
UPDATE SM_FIELD_DEF SET JP_TITLE = '{"WS装置グループ', US_TITLE = 'RESERVE02' WHERE TABLE_ID = 'TBLID_BPROD' AND UPPER(FIELD_NAME) = 'RESERVE02';
UPDATE SM_FIELD_DEF SET JP_TITLE = '{"予備3', US_TITLE = 'RESERVE03' WHERE TABLE_ID = 'TBLID_BPROD' AND UPPER(FIELD_NAME) = 'RESERVE03';
UPDATE SM_FIELD_DEF SET JP_TITLE = '{"予備4', US_TITLE = 'RESERVE04' WHERE TABLE_ID = 'TBLID_BPROD' AND UPPER(FIELD_NAME) = 'RESERVE04';
UPDATE SM_FIELD_DEF SET JP_TITLE = '{"LM2ヶ月混成', US_TITLE = 'RESERVE03' WHERE TABLE_ID = 'TBLID_BPROD' AND UPPER(FIELD_NAME) = 'RESERVE03';
UPDATE SM_FIELD_DEF SET JP_TITLE = '{"出荷容器ﾘﾕｰｽ', US_TITLE = 'RESERVE04' WHERE TABLE_ID = 'TBLID_BPROD' AND UPPER(FIELD_NAME) = 'RESERVE04';
UPDATE SM_FIELD_DEF SET JP_TITLE = '{"号機指定区分', US_TITLE = 'RESERVE05' WHERE TABLE_ID = 'TBLID_BPROD' AND UPPER(FIELD_NAME) = 'RESERVE05';
UPDATE SM_FIELD_DEF SET JP_TITLE = '{"装置ｸﾞﾙｰﾌﾟID', US_TITLE = 'RESERVE06' WHERE TABLE_ID = 'TBLID_BPROD' AND UPPER(FIELD_NAME) = 'RESERVE06';
UPDATE SM_FIELD_DEF SET JP_TITLE = '{"予備5', US_TITLE = 'RESERVE05' WHERE TABLE_ID = 'TBLID_BPROD' AND UPPER(FIELD_NAME) = 'RESERVE05';
UPDATE SM_FIELD_DEF SET JP_TITLE = '{"予備6', US_TITLE = 'RESERVE06' WHERE TABLE_ID = 'TBLID_BPROD' AND UPPER(FIELD_NAME) = 'RESERVE06';
UPDATE SM_FIELD_DEF SET JP_TITLE = '{"予備7', US_TITLE = 'RESERVE07' WHERE TABLE_ID = 'TBLID_BPROD' AND UPPER(FIELD_NAME) = 'RESERVE07';
UPDATE SM_FIELD_DEF SET JP_TITLE = '{"予備8', US_TITLE = 'RESERVE08' WHERE TABLE_ID = 'TBLID_BPROD' AND UPPER(FIELD_NAME) = 'RESERVE08';
UPDATE SM_FIELD_DEF SET JP_TITLE = '{"予備9', US_TITLE = 'RESERVE09' WHERE TABLE_ID = 'TBLID_BPROD' AND UPPER(FIELD_NAME) = 'RESERVE09';
UPDATE SM_FIELD_DEF SET JP_TITLE = '{"予備10', US_TITLE = 'RESERVE10' WHERE TABLE_ID = 'TBLID_BPROD' AND UPPER(FIELD_NAME) = 'RESERVE10';
UPDATE SM_FIELD_DEF SET JP_TITLE = '{"予備11', US_TITLE = 'RESERVE11' WHERE TABLE_ID = 'TBLID_BPROD' AND UPPER(FIELD_NAME) = 'RESERVE11';
UPDATE SM_FIELD_DEF SET JP_TITLE = '{"予備12', US_TITLE = 'RESERVE12' WHERE TABLE_ID = 'TBLID_BPROD' AND UPPER(FIELD_NAME) = 'RESERVE12';
UPDATE SM_FIELD_DEF SET JP_TITLE = '{"面取狙い形状A寸法', US_TITLE = 'RESERVE07' WHERE TABLE_ID = 'TBLID_BPROD' AND UPPER(FIELD_NAME) = 'RESERVE07';
UPDATE SM_FIELD_DEF SET JP_TITLE = '{"面取狙い形状BC寸法', US_TITLE = 'RESERVE08' WHERE TABLE_ID = 'TBLID_BPROD' AND UPPER(FIELD_NAME) = 'RESERVE08';
UPDATE SM_FIELD_DEF SET JP_TITLE = '{"面取狙い形状θ', US_TITLE = 'RESERVE09' WHERE TABLE_ID = 'TBLID_BPROD' AND UPPER(FIELD_NAME) = 'RESERVE09';
UPDATE SM_FIELD_DEF SET JP_TITLE = '{"平坦度SFQR MAX', US_TITLE = 'RESERVE10' WHERE TABLE_ID = 'TBLID_BPROD' AND UPPER(FIELD_NAME) = 'RESERVE10';
UPDATE SM_FIELD_DEF SET JP_TITLE = '{"平坦度SFQR PUA', US_TITLE = 'RESERVE11' WHERE TABLE_ID = 'TBLID_BPROD' AND UPPER(FIELD_NAME) = 'RESERVE11';
UPDATE SM_FIELD_DEF SET JP_TITLE = '{"平坦度CELLSIZE', US_TITLE = 'RESERVE12' WHERE TABLE_ID = 'TBLID_BPROD' AND UPPER(FIELD_NAME) = 'RESERVE12';
UPDATE SM_FIELD_DEF SET JP_TITLE = '{"予備13', US_TITLE = 'RESERVE13' WHERE TABLE_ID = 'TBLID_BPROD' AND UPPER(FIELD_NAME) = 'RESERVE13';
UPDATE SM_FIELD_DEF SET JP_TITLE = '{"平坦度GBIR', US_TITLE = 'RESERVE13' WHERE TABLE_ID = 'TBLID_BPROD' AND UPPER(FIELD_NAME) = 'RESERVE13';
UPDATE SM_FIELD_DEF SET JP_TITLE = '{"予備14', US_TITLE = 'RESERVE14' WHERE TABLE_ID = 'TBLID_BPROD' AND UPPER(FIELD_NAME) = 'RESERVE14';
UPDATE SM_FIELD_DEF SET JP_TITLE = '{"予備15', US_TITLE = 'RESERVE15' WHERE TABLE_ID = 'TBLID_BPROD' AND UPPER(FIELD_NAME) = 'RESERVE15';
UPDATE SM_FIELD_DEF SET JP_TITLE = '{"予備16', US_TITLE = 'RESERVE16' WHERE TABLE_ID = 'TBLID_BPROD' AND UPPER(FIELD_NAME) = 'RESERVE16';
UPDATE SM_FIELD_DEF SET JP_TITLE = '{"予備17', US_TITLE = 'RESERVE17' WHERE TABLE_ID = 'TBLID_BPROD' AND UPPER(FIELD_NAME) = 'RESERVE17';
UPDATE SM_FIELD_DEF SET JP_TITLE = '{"予備18', US_TITLE = 'RESERVE18' WHERE TABLE_ID = 'TBLID_BPROD' AND UPPER(FIELD_NAME) = 'RESERVE18';
UPDATE SM_FIELD_DEF SET JP_TITLE = '{"容器洗浄区分', US_TITLE = 'RESERVE14' WHERE TABLE_ID = 'TBLID_BPROD' AND UPPER(FIELD_NAME) = 'RESERVE14';
UPDATE SM_FIELD_DEF SET JP_TITLE = '{"ｽﾗｲｽ溝ﾋﾟｯﾁ規格2', US_TITLE = 'RESERVE15' WHERE TABLE_ID = 'TBLID_BPROD' AND UPPER(FIELD_NAME) = 'RESERVE15';
UPDATE SM_FIELD_DEF SET JP_TITLE = '{"ｽﾗｲｽ溝ﾋﾟｯﾁ規格3', US_TITLE = 'RESERVE16' WHERE TABLE_ID = 'TBLID_BPROD' AND UPPER(FIELD_NAME) = 'RESERVE16';
UPDATE SM_FIELD_DEF SET JP_TITLE = '{"ｽﾗｲｽ溝ﾋﾟｯﾁ規格4', US_TITLE = 'RESERVE17' WHERE TABLE_ID = 'TBLID_BPROD' AND UPPER(FIELD_NAME) = 'RESERVE17';
UPDATE SM_FIELD_DEF SET JP_TITLE = '{"ｽﾗｲｽ溝ﾋﾟｯﾁ規格5', US_TITLE = 'RESERVE18' WHERE TABLE_ID = 'TBLID_BPROD' AND UPPER(FIELD_NAME) = 'RESERVE18';
UPDATE SM_FIELD_DEF SET JP_TITLE = '{"予備19', US_TITLE = 'RESERVE19' WHERE TABLE_ID = 'TBLID_BPROD' AND UPPER(FIELD_NAME) = 'RESERVE19';
UPDATE SM_FIELD_DEF SET JP_TITLE = '{"OPI表示有無', US_TITLE = 'RESERVE19' WHERE TABLE_ID = 'TBLID_BPROD' AND UPPER(FIELD_NAME) = 'RESERVE19';
UPDATE SM_FIELD_DEF SET JP_TITLE = '{"予備20', US_TITLE = 'RESERVE20' WHERE TABLE_ID = 'TBLID_BPROD' AND UPPER(FIELD_NAME) = 'RESERVE20';
UPDATE SM_FIELD_DEF SET JP_TITLE = '{"予備21', US_TITLE = 'RESERVE21' WHERE TABLE_ID = 'TBLID_BPROD' AND UPPER(FIELD_NAME) = 'RESERVE21';
UPDATE SM_FIELD_DEF SET JP_TITLE = '{"ｻﾌﾞ用ｶｾｯﾄ内ｳｪｰﾊ充填枚数', US_TITLE = 'RESERVE20' WHERE TABLE_ID = 'TBLID_BPROD' AND UPPER(FIELD_NAME) = 'RESERVE20';
UPDATE SM_FIELD_DEF SET JP_TITLE = '{"ｻﾌﾞ用装填ﾊﾟﾀｰﾝ', US_TITLE = 'RESERVE21' WHERE TABLE_ID = 'TBLID_BPROD' AND UPPER(FIELD_NAME) = 'RESERVE21';
UPDATE SM_FIELD_DEF SET JP_TITLE = '{"予備22', US_TITLE = 'RESERVE22' WHERE TABLE_ID = 'TBLID_BPROD' AND UPPER(FIELD_NAME) = 'RESERVE22';
UPDATE SM_FIELD_DEF SET JP_TITLE = '{"Bulk Metal抜取', US_TITLE = 'RESERVE22' WHERE TABLE_ID = 'TBLID_BPROD' AND UPPER(FIELD_NAME) = 'RESERVE22';
UPDATE SM_FIELD_DEF SET JP_TITLE = '{"予備23', US_TITLE = 'RESERVE23' WHERE TABLE_ID = 'TBLID_BPROD' AND UPPER(FIELD_NAME) = 'RESERVE23';
UPDATE SM_FIELD_DEF SET JP_TITLE = '{"予備24', US_TITLE = 'RESERVE24' WHERE TABLE_ID = 'TBLID_BPROD' AND UPPER(FIELD_NAME) = 'RESERVE24';
UPDATE SM_FIELD_DEF SET JP_TITLE = '{"予備25', US_TITLE = 'RESERVE25' WHERE TABLE_ID = 'TBLID_BPROD' AND UPPER(FIELD_NAME) = 'RESERVE25';
UPDATE SM_FIELD_DEF SET JP_TITLE = '{"予備26', US_TITLE = 'RESERVE26' WHERE TABLE_ID = 'TBLID_BPROD' AND UPPER(FIELD_NAME) = 'RESERVE26';
UPDATE SM_FIELD_DEF SET JP_TITLE = '{"予備27', US_TITLE = 'RESERVE27' WHERE TABLE_ID = 'TBLID_BPROD' AND UPPER(FIELD_NAME) = 'RESERVE27';
UPDATE SM_FIELD_DEF SET JP_TITLE = '{"RP後FAB区分', US_TITLE = 'RESERVE23' WHERE TABLE_ID = 'TBLID_BPROD' AND UPPER(FIELD_NAME) = 'RESERVE23';
UPDATE SM_FIELD_DEF SET JP_TITLE = '{"ｻｲﾄﾞﾀﾞﾐｰ製品ｺｰﾄﾞ', US_TITLE = 'RESERVE24' WHERE TABLE_ID = 'TBLID_BPROD' AND UPPER(FIELD_NAME) = 'RESERVE24';
UPDATE SM_FIELD_DEF SET JP_TITLE = '{"EP事前ﾓﾆﾀ製品ｺｰﾄﾞ(SPV)', US_TITLE = 'RESERVE25' WHERE TABLE_ID = 'TBLID_BPROD' AND UPPER(FIELD_NAME) = 'RESERVE25';
UPDATE SM_FIELD_DEF SET JP_TITLE = '{"EP事前ﾓﾆﾀ製品ｺｰﾄﾞ(ρt)', US_TITLE = 'RESERVE26' WHERE TABLE_ID = 'TBLID_BPROD' AND UPPER(FIELD_NAME) = 'RESERVE26';
UPDATE SM_FIELD_DEF SET JP_TITLE = '{"EP事前ﾓﾆﾀ製品ｺｰﾄﾞ(slip)', US_TITLE = 'RESERVE27' WHERE TABLE_ID = 'TBLID_BPROD' AND UPPER(FIELD_NAME) = 'RESERVE27';
UPDATE SM_FIELD_DEF SET JP_TITLE = '{"予備28', US_TITLE = 'RESERVE28' WHERE TABLE_ID = 'TBLID_BPROD' AND UPPER(FIELD_NAME) = 'RESERVE28';
UPDATE SM_FIELD_DEF SET JP_TITLE = '{"ノッチ位置', US_TITLE = 'RESERVE28' WHERE TABLE_ID = 'TBLID_BPROD' AND UPPER(FIELD_NAME) = 'RESERVE28';
UPDATE SM_FIELD_DEF SET JP_TITLE = '{"予備29', US_TITLE = 'RESERVE29' WHERE TABLE_ID = 'TBLID_BPROD' AND UPPER(FIELD_NAME) = 'RESERVE29';
UPDATE SM_FIELD_DEF SET JP_TITLE = '{"EPサセプター', US_TITLE = 'RESERVE29' WHERE TABLE_ID = 'TBLID_BPROD' AND UPPER(FIELD_NAME) = 'RESERVE29';
UPDATE SM_FIELD_DEF SET JP_TITLE = '{"予備30', US_TITLE = 'RESERVE30' WHERE TABLE_ID = 'TBLID_BPROD' AND UPPER(FIELD_NAME) = 'RESERVE30';
UPDATE SM_FIELD_DEF SET JP_TITLE = '{"予備31', US_TITLE = 'RESERVE31' WHERE TABLE_ID = 'TBLID_BPROD' AND UPPER(FIELD_NAME) = 'RESERVE31';
UPDATE SM_FIELD_DEF SET JP_TITLE = '{"予備32', US_TITLE = 'RESERVE32' WHERE TABLE_ID = 'TBLID_BPROD' AND UPPER(FIELD_NAME) = 'RESERVE32';
UPDATE SM_FIELD_DEF SET JP_TITLE = '{"EP ForeCaster品種', US_TITLE = 'RESERVE30' WHERE TABLE_ID = 'TBLID_BPROD' AND UPPER(FIELD_NAME) = 'RESERVE30';
UPDATE SM_FIELD_DEF SET JP_TITLE = '{"自動MAP判定(SEMI/AUTO)', US_TITLE = 'RESERVE31' WHERE TABLE_ID = 'TBLID_BPROD' AND UPPER(FIELD_NAME) = 'RESERVE31';
UPDATE SM_FIELD_DEF SET JP_TITLE = '{"結晶品番', US_TITLE = 'RESERVE32' WHERE TABLE_ID = 'TBLID_BPROD' AND UPPER(FIELD_NAME) = 'RESERVE32';
UPDATE SM_FIELD_DEF SET JP_TITLE = '{"予備33', US_TITLE = 'RESERVE33' WHERE TABLE_ID = 'TBLID_BPROD' AND UPPER(FIELD_NAME) = 'RESERVE33';
UPDATE SM_FIELD_DEF SET JP_TITLE = '{"予備34', US_TITLE = 'RESERVE34' WHERE TABLE_ID = 'TBLID_BPROD' AND UPPER(FIELD_NAME) = 'RESERVE34';
UPDATE SM_FIELD_DEF SET JP_TITLE = '{"結晶ﾎﾞﾄﾑ区分', US_TITLE = 'RESERVE33' WHERE TABLE_ID = 'TBLID_BPROD' AND UPPER(FIELD_NAME) = 'RESERVE33';
UPDATE SM_FIELD_DEF SET JP_TITLE = '{"Fallout区分', US_TITLE = 'RESERVE34' WHERE TABLE_ID = 'TBLID_BPROD' AND UPPER(FIELD_NAME) = 'RESERVE34';
UPDATE SM_FIELD_DEF SET JP_TITLE = '{"予備35', US_TITLE = 'RESERVE35' WHERE TABLE_ID = 'TBLID_BPROD' AND UPPER(FIELD_NAME) = 'RESERVE35';
UPDATE SM_FIELD_DEF SET JP_TITLE = '{"予備36', US_TITLE = 'RESERVE36' WHERE TABLE_ID = 'TBLID_BPROD' AND UPPER(FIELD_NAME) = 'RESERVE36';
UPDATE SM_FIELD_DEF SET JP_TITLE = '{"面取形状', US_TITLE = 'RESERVE35' WHERE TABLE_ID = 'TBLID_BPROD' AND UPPER(FIELD_NAME) = 'RESERVE35';
UPDATE SM_FIELD_DEF SET JP_TITLE = '{"面取測定条件', US_TITLE = 'RESERVE36' WHERE TABLE_ID = 'TBLID_BPROD' AND UPPER(FIELD_NAME) = 'RESERVE36';
UPDATE SM_FIELD_DEF SET JP_TITLE = 'WS装置グループ', US_TITLE = 'WS_EQPG' WHERE TABLE_ID = 'TBLID_BPROD' AND UPPER(FIELD_NAME) = 'RESERVE02';
UPDATE SM_FIELD_DEF SET JP_TITLE = 'LM2ヶ月混成', US_TITLE = 'LM_2MON_MIX' WHERE TABLE_ID = 'TBLID_BPROD' AND UPPER(FIELD_NAME) = 'RESERVE03';
UPDATE SM_FIELD_DEF SET JP_TITLE = '出荷容器ﾘﾕｰｽ', US_TITLE = 'SHIP_CONTAINER' WHERE TABLE_ID = 'TBLID_BPROD' AND UPPER(FIELD_NAME) = 'RESERVE04';
UPDATE SM_FIELD_DEF SET JP_TITLE = '号機指定区分', US_TITLE = 'MAC_CAT' WHERE TABLE_ID = 'TBLID_BPROD' AND UPPER(FIELD_NAME) = 'RESERVE05';
UPDATE SM_FIELD_DEF SET JP_TITLE = '装置ｸﾞﾙｰﾌﾟID', US_TITLE = 'EQPG_ID' WHERE TABLE_ID = 'TBLID_BPROD' AND UPPER(FIELD_NAME) = 'RESERVE06';
UPDATE SM_FIELD_DEF SET JP_TITLE = '面取狙い形状A寸法', US_TITLE = 'WHEEL_SHIP_A-DIM' WHERE TABLE_ID = 'TBLID_BPROD' AND UPPER(FIELD_NAME) = 'RESERVE07';
UPDATE SM_FIELD_DEF SET JP_TITLE = '面取狙い形状BC寸法', US_TITLE = 'WHEEL_SHIP_BC-DIM' WHERE TABLE_ID = 'TBLID_BPROD' AND UPPER(FIELD_NAME) = 'RESERVE08';
UPDATE SM_FIELD_DEF SET JP_TITLE = '面取狙い形状θ', US_TITLE = 'WHEEL_SHIP_THETA' WHERE TABLE_ID = 'TBLID_BPROD' AND UPPER(FIELD_NAME) = 'RESERVE09';
UPDATE SM_FIELD_DEF SET JP_TITLE = '平坦度SFQR MAX', US_TITLE = 'FLATNESS_SFQR_MAX' WHERE TABLE_ID = 'TBLID_BPROD' AND UPPER(FIELD_NAME) = 'RESERVE10';
UPDATE SM_FIELD_DEF SET JP_TITLE = '平坦度SFQR PUA', US_TITLE = 'FLATNESS_SFQR_PUA' WHERE TABLE_ID = 'TBLID_BPROD' AND UPPER(FIELD_NAME) = 'RESERVE11';
UPDATE SM_FIELD_DEF SET JP_TITLE = '平坦度CELLSIZE', US_TITLE = 'FLATNESS_CELLSIZE' WHERE TABLE_ID = 'TBLID_BPROD' AND UPPER(FIELD_NAME) = 'RESERVE12';
UPDATE SM_FIELD_DEF SET JP_TITLE = '平坦度GBIR', US_TITLE = 'FLATNESS_GBIR' WHERE TABLE_ID = 'TBLID_BPROD' AND UPPER(FIELD_NAME) = 'RESERVE13';
UPDATE SM_FIELD_DEF SET JP_TITLE = '容器洗浄区分', US_TITLE = 'CONTAINER_WASH_CAT' WHERE TABLE_ID = 'TBLID_BPROD' AND UPPER(FIELD_NAME) = 'RESERVE14';
UPDATE SM_FIELD_DEF SET JP_TITLE = 'ｽﾗｲｽ溝ﾋﾟｯﾁ規格2', US_TITLE = 'SLICE_WIRE_PITCH2' WHERE TABLE_ID = 'TBLID_BPROD' AND UPPER(FIELD_NAME) = 'RESERVE15';
UPDATE SM_FIELD_DEF SET JP_TITLE = 'ｽﾗｲｽ溝ﾋﾟｯﾁ規格3', US_TITLE = 'SLICE_WIRE_PITCH3' WHERE TABLE_ID = 'TBLID_BPROD' AND UPPER(FIELD_NAME) = 'RESERVE16';
UPDATE SM_FIELD_DEF SET JP_TITLE = 'ｽﾗｲｽ溝ﾋﾟｯﾁ規格4', US_TITLE = 'SLICE_WIRE_PITCH4' WHERE TABLE_ID = 'TBLID_BPROD' AND UPPER(FIELD_NAME) = 'RESERVE17';
UPDATE SM_FIELD_DEF SET JP_TITLE = 'ｽﾗｲｽ溝ﾋﾟｯﾁ規格5', US_TITLE = 'SLICE_WIRE_PITCH5' WHERE TABLE_ID = 'TBLID_BPROD' AND UPPER(FIELD_NAME) = 'RESERVE18';
UPDATE SM_FIELD_DEF SET JP_TITLE = 'OPI表示有無', US_TITLE = 'OPI_EXIST' WHERE TABLE_ID = 'TBLID_BPROD' AND UPPER(FIELD_NAME) = 'RESERVE19';
UPDATE SM_FIELD_DEF SET JP_TITLE = 'ｻﾌﾞ用ｶｾｯﾄ内ｳｪｰﾊ充填枚数', US_TITLE = 'SUB-CAR_BOX_NUM' WHERE TABLE_ID = 'TBLID_BPROD' AND UPPER(FIELD_NAME) = 'RESERVE20';
UPDATE SM_FIELD_DEF SET JP_TITLE = 'ｻﾌﾞ用装填ﾊﾟﾀｰﾝ', US_TITLE = 'SUB-CAR_BOX_PIN' WHERE TABLE_ID = 'TBLID_BPROD' AND UPPER(FIELD_NAME) = 'RESERVE21';
UPDATE SM_FIELD_DEF SET JP_TITLE = 'Bulk Metal抜取', US_TITLE = 'BULK_METAL_PICK' WHERE TABLE_ID = 'TBLID_BPROD' AND UPPER(FIELD_NAME) = 'RESERVE22';
UPDATE SM_FIELD_DEF SET JP_TITLE = 'RP後FAB区分', US_TITLE = 'RP_FAB_CAT' WHERE TABLE_ID = 'TBLID_BPROD' AND UPPER(FIELD_NAME) = 'RESERVE23';
UPDATE SM_FIELD_DEF SET JP_TITLE = 'ｻｲﾄﾞﾀﾞﾐｰ製品ｺｰﾄﾞ', US_TITLE = 'DUMMY_PRODUCTCODE' WHERE TABLE_ID = 'TBLID_BPROD' AND UPPER(FIELD_NAME) = 'RESERVE24';
UPDATE SM_FIELD_DEF SET JP_TITLE = '予備25', US_TITLE = 'RESERVE25' WHERE TABLE_ID = 'TBLID_BPROD' AND UPPER(FIELD_NAME) = 'RESERVE25';
UPDATE SM_FIELD_DEF SET JP_TITLE = '予備26', US_TITLE = 'RESERVE26' WHERE TABLE_ID = 'TBLID_BPROD' AND UPPER(FIELD_NAME) = 'RESERVE26';
UPDATE SM_FIELD_DEF SET JP_TITLE = '予備27', US_TITLE = 'RESERVE27' WHERE TABLE_ID = 'TBLID_BPROD' AND UPPER(FIELD_NAME) = 'RESERVE27';
UPDATE SM_FIELD_DEF SET JP_TITLE = 'ノッチ位置', US_TITLE = 'NOTCH_POSITION' WHERE TABLE_ID = 'TBLID_BPROD' AND UPPER(FIELD_NAME) = 'RESERVE28';
UPDATE SM_FIELD_DEF SET JP_TITLE = 'EPサセプター', US_TITLE = 'EP_SUSCEPTO' WHERE TABLE_ID = 'TBLID_BPROD' AND UPPER(FIELD_NAME) = 'RESERVE29';
UPDATE SM_FIELD_DEF SET JP_TITLE = 'EP ForeCaster品種', US_TITLE = 'EP_FORECASTER' WHERE TABLE_ID = 'TBLID_BPROD' AND UPPER(FIELD_NAME) = 'RESERVE30';
UPDATE SM_FIELD_DEF SET JP_TITLE = '自動MAP判定(SEMI/AUTO)', US_TITLE = 'AUTO_MAP_JUDGE(SEMI/AUTO)' WHERE TABLE_ID = 'TBLID_BPROD' AND UPPER(FIELD_NAME) = 'RESERVE31';
UPDATE SM_FIELD_DEF SET JP_TITLE = '結晶品番', US_TITLE = 'CRYSTALLIZED_PRODUCTCODE' WHERE TABLE_ID = 'TBLID_BPROD' AND UPPER(FIELD_NAME) = 'RESERVE32';
UPDATE SM_FIELD_DEF SET JP_TITLE = '結晶ﾎﾞﾄﾑ区分', US_TITLE = 'CRYSTALLIZED_CAT' WHERE TABLE_ID = 'TBLID_BPROD' AND UPPER(FIELD_NAME) = 'RESERVE33';
UPDATE SM_FIELD_DEF SET JP_TITLE = 'Fallout区分', US_TITLE = 'FALLOUT_CAT' WHERE TABLE_ID = 'TBLID_BPROD' AND UPPER(FIELD_NAME) = 'RESERVE34';
UPDATE SM_FIELD_DEF SET JP_TITLE = '面取形状', US_TITLE = 'WHEEL_SHIP' WHERE TABLE_ID = 'TBLID_BPROD' AND UPPER(FIELD_NAME) = 'RESERVE35';
UPDATE SM_FIELD_DEF SET JP_TITLE = '面取測定条件', US_TITLE = 'WHEEL_MEAS_CONDITION' WHERE TABLE_ID = 'TBLID_BPROD' AND UPPER(FIELD_NAME) = 'RESERVE36';
UPDATE SM_FIELD_DEF SET JP_TITLE = '予備37', US_TITLE = 'RESERVE37' WHERE TABLE_ID = 'TBLID_BPROD' AND UPPER(FIELD_NAME) = 'RESERVE37';
UPDATE SM_FIELD_DEF SET JP_TITLE = '予備38', US_TITLE = 'RESERVE38' WHERE TABLE_ID = 'TBLID_BPROD' AND UPPER(FIELD_NAME) = 'RESERVE38';
UPDATE SM_FIELD_DEF SET JP_TITLE = '予備39', US_TITLE = 'RESERVE39' WHERE TABLE_ID = 'TBLID_BPROD' AND UPPER(FIELD_NAME) = 'RESERVE39';
UPDATE SM_FIELD_DEF SET JP_TITLE = '予備40', US_TITLE = 'RESERVE40' WHERE TABLE_ID = 'TBLID_BPROD' AND UPPER(FIELD_NAME) = 'RESERVE40';
UPDATE SM_FIELD_DEF SET JP_TITLE = '予備41', US_TITLE = 'RESERVE41' WHERE TABLE_ID = 'TBLID_BPROD' AND UPPER(FIELD_NAME) = 'RESERVE41';
UPDATE SM_FIELD_DEF SET JP_TITLE = '予備42', US_TITLE = 'RESERVE42' WHERE TABLE_ID = 'TBLID_BPROD' AND UPPER(FIELD_NAME) = 'RESERVE42';
UPDATE SM_FIELD_DEF SET JP_TITLE = '予備43', US_TITLE = 'RESERVE43' WHERE TABLE_ID = 'TBLID_BPROD' AND UPPER(FIELD_NAME) = 'RESERVE43';
UPDATE SM_FIELD_DEF SET JP_TITLE = '予備44', US_TITLE = 'RESERVE44' WHERE TABLE_ID = 'TBLID_BPROD' AND UPPER(FIELD_NAME) = 'RESERVE44';
UPDATE SM_FIELD_DEF SET JP_TITLE = '予備45', US_TITLE = 'RESERVE45' WHERE TABLE_ID = 'TBLID_BPROD' AND UPPER(FIELD_NAME) = 'RESERVE45';
UPDATE SM_FIELD_DEF SET JP_TITLE = '予備46', US_TITLE = 'RESERVE46' WHERE TABLE_ID = 'TBLID_BPROD' AND UPPER(FIELD_NAME) = 'RESERVE46';
UPDATE SM_FIELD_DEF SET JP_TITLE = '予備47', US_TITLE = 'RESERVE47' WHERE TABLE_ID = 'TBLID_BPROD' AND UPPER(FIELD_NAME) = 'RESERVE47';
UPDATE SM_FIELD_DEF SET JP_TITLE = '予備48', US_TITLE = 'RESERVE48' WHERE TABLE_ID = 'TBLID_BPROD' AND UPPER(FIELD_NAME) = 'RESERVE48';
UPDATE SM_FIELD_DEF SET JP_TITLE = '予備49', US_TITLE = 'RESERVE49' WHERE TABLE_ID = 'TBLID_BPROD' AND UPPER(FIELD_NAME) = 'RESERVE49';
UPDATE SM_FIELD_DEF SET JP_TITLE = '予備50', US_TITLE = 'RESERVE50' WHERE TABLE_ID = 'TBLID_BPROD' AND UPPER(FIELD_NAME) = 'RESERVE50';
UPDATE SM_FIELD_DEF SET JP_TITLE = '{"客先ID', US_TITLE = 'CUSTOMER_ID' WHERE TABLE_ID = 'TBLID_BPROD' AND UPPER(FIELD_NAME) = 'CUSTOMER_ID';
UPDATE SM_FIELD_DEF SET JP_TITLE = '客先ID', US_TITLE = 'CUSTOMER_ID' WHERE TABLE_ID = 'TBLID_BPROD' AND UPPER(FIELD_NAME) = 'CUSTOMER_ID';
UPDATE SM_FIELD_DEF SET JP_TITLE = 'RFID書込みﾌﾗｸﾞ', US_TITLE = 'RFID_WRITE_FLG' WHERE TABLE_ID = 'TBLID_BPROD' AND UPPER(FIELD_NAME) = 'RFID_WRITE_FLG';
UPDATE SM_FIELD_DEF SET JP_TITLE = 'BOX内LM重複ﾁｪｯｸﾌﾗｸﾞ', US_TITLE = 'INBOX_LM_CHECK_FLG' WHERE TABLE_ID = 'TBLID_BPROD' AND UPPER(FIELD_NAME) = 'INBOX_LM_CHECK_FLG';
UPDATE SM_FIELD_DEF SET JP_TITLE = '加工工場区分', US_TITLE = 'PLANT_CAT' WHERE TABLE_ID = 'TBLID_BPROD' AND UPPER(FIELD_NAME) = 'PLANT_CAT';
UPDATE SM_FIELD_DEF SET JP_TITLE = 'PN区分', US_TITLE = 'PN_CAT' WHERE TABLE_ID = 'TBLID_BPROD' AND UPPER(FIELD_NAME) = 'PN_CAT';
UPDATE SM_FIELD_DEF SET JP_TITLE = 'ﾜｰｸﾌﾟﾚｰﾄﾀｲﾌﾟ', US_TITLE = 'WRK_PLATE_TYPE' WHERE TABLE_ID = 'TBLID_BPROD' AND UPPER(FIELD_NAME) = 'PLATE_TYPE';
UPDATE SM_FIELD_DEF SET JP_TITLE = 'ｻﾝﾌﾟﾙ品ﾌﾗｸﾞ', US_TITLE = 'SMPL_FLG' WHERE TABLE_ID = 'TBLID_BPROD' AND UPPER(FIELD_NAME) = 'SMPL_FLG';
UPDATE SM_FIELD_DEF SET JP_TITLE = '抵抗率区分', US_TITLE = 'RESIST_PER_CAT' WHERE TABLE_ID = 'TBLID_BPROD' AND UPPER(FIELD_NAME) = 'RESIST_PER_CAT';
UPDATE SM_FIELD_DEF SET JP_TITLE = 'ﾄﾞｰﾊﾟﾝﾄCZ', US_TITLE = 'DOPE_CAT_CZ' WHERE TABLE_ID = 'TBLID_BPROD' AND UPPER(FIELD_NAME) = 'DOPE_CAT_CZ';
UPDATE SM_FIELD_DEF SET JP_TITLE = 'ﾄﾞｰﾊﾟﾝﾄEP', US_TITLE = 'DOPE_CAT_EP' WHERE TABLE_ID = 'TBLID_BPROD' AND UPPER(FIELD_NAME) = 'DOPE_CAT_EP';
UPDATE SM_FIELD_DEF SET JP_TITLE = '軸区分', US_TITLE = 'AXIS_CAT' WHERE TABLE_ID = 'TBLID_BPROD' AND UPPER(FIELD_NAME) = 'AXIS_CAT';
UPDATE SM_FIELD_DEF SET JP_TITLE = 'PWﾕｰｻﾞｰ規格　抵抗上限', US_TITLE = 'PW_STD_RESIST_H' WHERE TABLE_ID = 'TBLID_BPROD' AND UPPER(FIELD_NAME) = 'PW_STD_RESIST_H';
UPDATE SM_FIELD_DEF SET JP_TITLE = 'PWﾕｰｻﾞｰ規格　抵抗下限', US_TITLE = 'PW_STD_RESIST_L' WHERE TABLE_ID = 'TBLID_BPROD' AND UPPER(FIELD_NAME) = 'PW_STD_RESIST_L';
UPDATE SM_FIELD_DEF SET JP_TITLE = 'EPﾕｰｻﾞｰ規格　EP厚さ上限', US_TITLE = 'EP_STD_THIK_H' WHERE TABLE_ID = 'TBLID_BPROD' AND UPPER(FIELD_NAME) = 'EP_STD_THIK_H';
UPDATE SM_FIELD_DEF SET JP_TITLE = 'EPﾕｰｻﾞｰ規格　EP厚さ下限', US_TITLE = 'EP_STD_THIK_L' WHERE TABLE_ID = 'TBLID_BPROD' AND UPPER(FIELD_NAME) = 'EP_STD_THIK_L';
UPDATE SM_FIELD_DEF SET JP_TITLE = 'EPﾕｰｻﾞｰ規格　EP抵抗上限', US_TITLE = 'EP_STD_RESIST_H' WHERE TABLE_ID = 'TBLID_BPROD' AND UPPER(FIELD_NAME) = 'EP_STD_RESIST_H';
UPDATE SM_FIELD_DEF SET JP_TITLE = 'EPﾕｰｻﾞｰ規格　EP抵抗下限', US_TITLE = 'EP_STD_RESIST_L' WHERE TABLE_ID = 'TBLID_BPROD' AND UPPER(FIELD_NAME) = 'EP_STD_RESIST_L';
UPDATE SM_FIELD_DEF SET JP_TITLE = '混成区分', US_TITLE = 'MIX_CAT' WHERE TABLE_ID = 'TBLID_BPROD' AND UPPER(FIELD_NAME) = 'MIX_CAT';
UPDATE SM_FIELD_DEF SET JP_TITLE = '出荷ｶｾｯﾄｺｰﾄﾞ', US_TITLE = 'SHIP_CAR_CODE' WHERE TABLE_ID = 'TBLID_BPROD' AND UPPER(FIELD_NAME) = 'SHIP_CAR_CODE';
UPDATE SM_FIELD_DEF SET JP_TITLE = '出荷ｶｾｯﾄ最大収納枚数', US_TITLE = 'SHIP_BOX_FULL_NUM' WHERE TABLE_ID = 'TBLID_BPROD' AND UPPER(FIELD_NAME) = 'SHIP_BOX_FULL_NUM';
UPDATE SM_FIELD_DEF SET JP_TITLE = '出荷ｶｾｯﾄ内ｳｪｰﾊ充填枚数', US_TITLE = 'SHIP_BOX_NUM' WHERE TABLE_ID = 'TBLID_BPROD' AND UPPER(FIELD_NAME) = 'SHIP_BOX_NUM';
UPDATE SM_FIELD_DEF SET JP_TITLE = '出荷装填ﾊﾟﾀｰﾝ', US_TITLE = 'SHIP_BOX_PTN' WHERE TABLE_ID = 'TBLID_BPROD' AND UPPER(FIELD_NAME) = 'SHIP_BOX_PTN';
UPDATE SM_FIELD_DEF SET JP_TITLE = '出荷ﾛｯﾄID採番区分', US_TITLE = 'SHIP_LOT_ID_NUM_CAT' WHERE TABLE_ID = 'TBLID_BPROD' AND UPPER(FIELD_NAME) = 'SHIP_LOT_PTN_CAT';
UPDATE SM_FIELD_DEF SET JP_TITLE = 'MIXBOX数', US_TITLE = 'MIX_BOX_CNT' WHERE TABLE_ID = 'TBLID_BPROD' AND UPPER(FIELD_NAME) = 'MIX_BOX_CNT';
UPDATE SM_FIELD_DEF SET JP_TITLE = '端数出荷可否ﾌﾗｸﾞ', US_TITLE = 'ODD_BOX_SHIP_FLG' WHERE TABLE_ID = 'TBLID_BPROD' AND UPPER(FIELD_NAME) = 'ODD_BOX_SHIP_FLG';
UPDATE SM_FIELD_DEF SET JP_TITLE = '出荷ﾗﾍﾞﾙ印字ﾌｫｰﾏｯﾄID', US_TITLE = 'SHIP_LABEL_PRINT_ID' WHERE TABLE_ID = 'TBLID_BPROD' AND UPPER(FIELD_NAME) = 'SHIP_LABEL_PRINT_ID';
UPDATE SM_FIELD_DEF SET JP_TITLE = '出荷ﾗﾍﾞﾙ印刷枚数', US_TITLE = 'SHIP_LABEL_PRINT_NUM' WHERE TABLE_ID = 'TBLID_BPROD' AND UPPER(FIELD_NAME) = 'SHIP_LABEL_PRINT_NUM';
UPDATE SM_FIELD_DEF SET JP_TITLE = '{"Spec No.', US_TITLE = 'SHIP_LABEL_PROD_NO' WHERE TABLE_ID = 'TBLID_BPROD' AND UPPER(FIELD_NAME) = 'SHIP_LABEL_PROD_NO';
UPDATE SM_FIELD_DEF SET JP_TITLE = '{"Part No.', US_TITLE = 'SHIP_LABEL_PART_NO' WHERE TABLE_ID = 'TBLID_BPROD' AND UPPER(FIELD_NAME) = 'SHIP_LABEL_PART_NO';
UPDATE SM_FIELD_DEF SET JP_TITLE = '{"EC No.', US_TITLE = 'SHIP_LABEL_EC_NO' WHERE TABLE_ID = 'TBLID_BPROD' AND UPPER(FIELD_NAME) = 'SHIP_LABEL_EC_NO';
UPDATE SM_FIELD_DEF SET JP_TITLE = '{"出荷ﾗﾍﾞﾙ印字 製品ｺｰﾄﾞID', US_TITLE = 'SHIP_LABEL_PROD_ID' WHERE TABLE_ID = 'TBLID_BPROD' AND UPPER(FIELD_NAME) = 'SHIP_LABEL_PROD_ID';
UPDATE SM_FIELD_DEF SET JP_TITLE = 'Spec No.', US_TITLE = 'SHIP_LABEL_PROD_NO' WHERE TABLE_ID = 'TBLID_BPROD' AND UPPER(FIELD_NAME) = 'SHIP_LABEL_PROD_NO';
UPDATE SM_FIELD_DEF SET JP_TITLE = '{"Part No.', US_TITLE = 'SHIP_LABEL_PART_NO' WHERE TABLE_ID = 'TBLID_BPROD' AND UPPER(FIELD_NAME) = 'SHIP_LABEL_PART_NO';
UPDATE SM_FIELD_DEF SET JP_TITLE = 'Part No.', US_TITLE = 'SHIP_LABEL_PART_NO' WHERE TABLE_ID = 'TBLID_BPROD' AND UPPER(FIELD_NAME) = 'SHIP_LABEL_PART_NO';
UPDATE SM_FIELD_DEF SET JP_TITLE = 'EC No.', US_TITLE = 'SHIP_LABEL_EC_NO' WHERE TABLE_ID = 'TBLID_BPROD' AND UPPER(FIELD_NAME) = 'SHIP_LABEL_EC_NO';
UPDATE SM_FIELD_DEF SET JP_TITLE = '出荷ﾗﾍﾞﾙ印字 製品ｺｰﾄﾞID', US_TITLE = 'SHIP_LABEL_PROD_ID' WHERE TABLE_ID = 'TBLID_BPROD' AND UPPER(FIELD_NAME) = 'SHIP_LABEL_PROD_ID';
UPDATE SM_FIELD_DEF SET JP_TITLE = '出荷ﾗﾍﾞﾙ客先名称', US_TITLE = 'SHIP_LABEL_CUSTOMER' WHERE TABLE_ID = 'TBLID_BPROD' AND UPPER(FIELD_NAME) = 'SHIP_LABEL_CUSTOMER';
UPDATE SM_FIELD_DEF SET JP_TITLE = '{"直径ﾕｰｻﾞｰ規格 中心値', US_TITLE = 'STD_DIAMETER_C' WHERE TABLE_ID = 'TBLID_BPROD' AND UPPER(FIELD_NAME) = 'STD_DIAMETER_C';
UPDATE SM_FIELD_DEF SET JP_TITLE = '直径ﾕｰｻﾞｰ規格 中心値', US_TITLE = 'STD_DIAMETER_C' WHERE TABLE_ID = 'TBLID_BPROD' AND UPPER(FIELD_NAME) = 'STD_DIAMETER_C';
UPDATE SM_FIELD_DEF SET JP_TITLE = '直径ﾕｰｻﾞｰ規格 上限', US_TITLE = 'STD_DIAMETER_H' WHERE TABLE_ID = 'TBLID_BPROD' AND UPPER(FIELD_NAME) = 'STD_DIAMETER_H';
UPDATE SM_FIELD_DEF SET JP_TITLE = '直径ﾕｰｻﾞｰ規格 下限', US_TITLE = 'STD_DIAMETER_L' WHERE TABLE_ID = 'TBLID_BPROD' AND UPPER(FIELD_NAME) = 'STD_DIAMETER_L';
UPDATE SM_FIELD_DEF SET JP_TITLE = '{"厚みﾕｰｻﾞｰ規格 中心値', US_TITLE = 'STD_THIK_C' WHERE TABLE_ID = 'TBLID_BPROD' AND UPPER(FIELD_NAME) = 'STD_THIK_C';
UPDATE SM_FIELD_DEF SET JP_TITLE = '厚みﾕｰｻﾞｰ規格 中心値', US_TITLE = 'STD_THIK_C' WHERE TABLE_ID = 'TBLID_BPROD' AND UPPER(FIELD_NAME) = 'STD_THIK_C';
UPDATE SM_FIELD_DEF SET JP_TITLE = '厚みﾕｰｻﾞｰ規格 上限', US_TITLE = 'STD_THIK_H' WHERE TABLE_ID = 'TBLID_BPROD' AND UPPER(FIELD_NAME) = 'STD_THIK_H';
UPDATE SM_FIELD_DEF SET JP_TITLE = '厚みﾕｰｻﾞｰ規格 下限', US_TITLE = 'STD_THIK_L' WHERE TABLE_ID = 'TBLID_BPROD' AND UPPER(FIELD_NAME) = 'STD_THICK_L';
UPDATE SM_FIELD_DEF SET JP_TITLE = '{"ｳｪｰﾊ仕上げ', US_TITLE = 'WAFER_FINISH' WHERE TABLE_ID = 'TBLID_BPROD' AND UPPER(FIELD_NAME) = 'WAFER_FINISH';
UPDATE SM_FIELD_DEF SET JP_TITLE = '{"ｴｯｼﾞﾋﾟｯﾄ規格', US_TITLE = 'STD_EDGE_PIT' WHERE TABLE_ID = 'TBLID_BPROD' AND UPPER(FIELD_NAME) = 'SDT_EDGE_PIT';
UPDATE SM_FIELD_DEF SET JP_TITLE = '{"ﾗｲﾌﾀｲﾑ規格', US_TITLE = 'STD_LIFE_TIME' WHERE TABLE_ID = 'TBLID_BPROD' AND UPPER(FIELD_NAME) = 'STD_LIFE_TIME';
UPDATE SM_FIELD_DEF SET JP_TITLE = '{"結晶軸区分･公差', US_TITLE = 'AXIS_CAT_TOLERANCE' WHERE TABLE_ID = 'TBLID_BPROD' AND UPPER(FIELD_NAME) = 'AXIS_CAT_TOLERANCE';
UPDATE SM_FIELD_DEF SET JP_TITLE = '{"Remarks', US_TITLE = 'SHIP_LABEL_REMARKS' WHERE TABLE_ID = 'TBLID_BPROD' AND UPPER(FIELD_NAME) = 'SHIP_LABEL_REMARKS';
UPDATE SM_FIELD_DEF SET JP_TITLE = '{"客先品番', US_TITLE = 'CUSTOMER_PROD_ID' WHERE TABLE_ID = 'TBLID_BPROD' AND UPPER(FIELD_NAME) = 'CUSTOMER_PROD_ID';
UPDATE SM_FIELD_DEF SET JP_TITLE = '{"EPﾀｲﾌﾟ', US_TITLE = 'EP_TYPE' WHERE TABLE_ID = 'TBLID_BPROD' AND UPPER(FIELD_NAME) = 'EP_TYPE';
UPDATE SM_FIELD_DEF SET JP_TITLE = '{"EPsubﾀｲﾌﾟ', US_TITLE = 'EPSUB_TYPE' WHERE TABLE_ID = 'TBLID_BPROD' AND UPPER(FIELD_NAME) = 'EPSUB_TYPE';
UPDATE SM_FIELD_DEF SET JP_TITLE = 'ｳｪｰﾊ仕上げ', US_TITLE = 'WAFER_FINISH' WHERE TABLE_ID = 'TBLID_BPROD' AND UPPER(FIELD_NAME) = 'WAFER_FINISH';
UPDATE SM_FIELD_DEF SET JP_TITLE = 'ｴｯｼﾞﾋﾟｯﾄ規格', US_TITLE = 'STD_EDGE_PIT' WHERE TABLE_ID = 'TBLID_BPROD' AND UPPER(FIELD_NAME) = 'SDT_EDGE_PIT';
UPDATE SM_FIELD_DEF SET JP_TITLE = 'ﾗｲﾌﾀｲﾑ規格', US_TITLE = 'STD_LIFE_TIME' WHERE TABLE_ID = 'TBLID_BPROD' AND UPPER(FIELD_NAME) = 'STD_LIFE_TIME';
UPDATE SM_FIELD_DEF SET JP_TITLE = '結晶軸区分･公差', US_TITLE = 'AXIS_CAT_TOLERANCE' WHERE TABLE_ID = 'TBLID_BPROD' AND UPPER(FIELD_NAME) = 'AXIS_CAT_TOLERANCE';
UPDATE SM_FIELD_DEF SET JP_TITLE = 'Remarks', US_TITLE = 'SHIP_LABEL_REMARKS' WHERE TABLE_ID = 'TBLID_BPROD' AND UPPER(FIELD_NAME) = 'SHIP_LABEL_REMARKS';
UPDATE SM_FIELD_DEF SET JP_TITLE = '客先品番', US_TITLE = 'CUSTOMER_PROD_ID' WHERE TABLE_ID = 'TBLID_BPROD' AND UPPER(FIELD_NAME) = 'CUSTOMER_PROD_ID';
UPDATE SM_FIELD_DEF SET JP_TITLE = 'EPﾀｲﾌﾟ', US_TITLE = 'EP_TYPE' WHERE TABLE_ID = 'TBLID_BPROD' AND UPPER(FIELD_NAME) = 'EP_TYPE';
UPDATE SM_FIELD_DEF SET JP_TITLE = 'EPsubﾀｲﾌﾟ', US_TITLE = 'EPSUB_TYPE' WHERE TABLE_ID = 'TBLID_BPROD' AND UPPER(FIELD_NAME) = 'EPSUB_TYPE';
UPDATE SM_FIELD_DEF SET JP_TITLE = 'EPsub 厚み規格 上限', US_TITLE = 'EPSUB_STD_THIK_H' WHERE TABLE_ID = 'TBLID_BPROD' AND UPPER(FIELD_NAME) = 'EPSUB_STD_THIK_H';
UPDATE SM_FIELD_DEF SET JP_TITLE = 'EPsub 厚み規格 下限', US_TITLE = 'EPSUB_STD_THIK_L' WHERE TABLE_ID = 'TBLID_BPROD' AND UPPER(FIELD_NAME) = 'EPSUB_STD_THIK_L';
UPDATE SM_FIELD_DEF SET JP_TITLE = 'EPsub 抵抗規格 上限', US_TITLE = 'EPSUB_STD_RESIST_H' WHERE TABLE_ID = 'TBLID_BPROD' AND UPPER(FIELD_NAME) = 'EPSUB_STD_RESIST_H';
UPDATE SM_FIELD_DEF SET JP_TITLE = 'EPsub 抵抗規格 下限', US_TITLE = 'EPSUB_STD_RESIST_L' WHERE TABLE_ID = 'TBLID_BPROD' AND UPPER(FIELD_NAME) = 'EPSUB_STD_RESIST_L';
UPDATE SM_FIELD_DEF SET JP_TITLE = '{"Method', US_TITLE = 'SHIP_LABEL_METHOD' WHERE TABLE_ID = 'TBLID_BPROD' AND UPPER(FIELD_NAME) = 'SHIP_LABEL_METHOD';
UPDATE SM_FIELD_DEF SET JP_TITLE = '{"Ｅｐρ規格(不純物濃度)', US_TITLE = 'IMPURITY_DENSITY' WHERE TABLE_ID = 'TBLID_BPROD' AND UPPER(FIELD_NAME) = 'IMPURITY_DENSITY';
UPDATE SM_FIELD_DEF SET JP_TITLE = 'Method', US_TITLE = 'SHIP_LABEL_METHOD' WHERE TABLE_ID = 'TBLID_BPROD' AND UPPER(FIELD_NAME) = 'SHIP_LABEL_METHOD';
UPDATE SM_FIELD_DEF SET JP_TITLE = 'Ｅｐρ規格(不純物濃度)', US_TITLE = 'IMPURITY_DENSITY' WHERE TABLE_ID = 'TBLID_BPROD' AND UPPER(FIELD_NAME) = 'IMPURITY_DENSITY';
UPDATE SM_FIELD_DEF SET JP_TITLE = 'EPﾓﾆﾀ検査ｽﾍﾟｯｸID', US_TITLE = 'EP_MON_CON_ID' WHERE TABLE_ID = 'TBLID_BPROD' AND UPPER(FIELD_NAME) = 'EP_MON_CON_ID';
UPDATE SM_FIELD_DEF SET JP_TITLE = '条件出しEPﾓﾆﾀ検査ｽﾍﾟｯｸID', US_TITLE = 'COND_EP_MON_CON_ID' WHERE TABLE_ID = 'TBLID_BPROD' AND UPPER(FIELD_NAME) = 'COND_EP_MON_CON_ID';
UPDATE SM_FIELD_DEF SET JP_TITLE = 'PW検査試料構成ID', US_TITLE = 'PW_SMPL_CASET_CON_ID' WHERE TABLE_ID = 'TBLID_BPROD' AND UPPER(FIELD_NAME) = 'PW_SMPL_CASET_CON_ID';
UPDATE SM_FIELD_DEF SET JP_TITLE = '{"EP検査試料構成ID', US_TITLE = 'EP_SMPL_CASET_CON_ID' WHERE TABLE_ID = 'TBLID_BPROD' AND UPPER(FIELD_NAME) = 'EP_SMPL_CASET_CON_ID';
UPDATE SM_FIELD_DEF SET JP_TITLE = '{"ｱﾆｰﾙ検査試料構成ID', US_TITLE = 'AN_SMPL_CASET_CON_ID' WHERE TABLE_ID = 'TBLID_BPROD' AND UPPER(FIELD_NAME) = 'AN_SMPL_CASET_CON_ID';
UPDATE SM_FIELD_DEF SET JP_TITLE = 'EP検査試料構成ID', US_TITLE = 'EP_SMPL_CASET_CON_ID' WHERE TABLE_ID = 'TBLID_BPROD' AND UPPER(FIELD_NAME) = 'EP_SMPL_CASET_CON_ID';
UPDATE SM_FIELD_DEF SET JP_TITLE = 'ｱﾆｰﾙ検査試料構成ID', US_TITLE = 'AN_SMPL_CASET_CON_ID' WHERE TABLE_ID = 'TBLID_BPROD' AND UPPER(FIELD_NAME) = 'AN_SMPL_CASET_CON_ID';
UPDATE SM_FIELD_DEF SET JP_TITLE = 'SPC区分1', US_TITLE = 'SPC_CAT1' WHERE TABLE_ID = 'TBLID_BPROD' AND UPPER(FIELD_NAME) = 'SPC_CAT1';
UPDATE SM_FIELD_DEF SET JP_TITLE = 'SPC区分2', US_TITLE = 'SPC_CAT2' WHERE TABLE_ID = 'TBLID_BPROD' AND UPPER(FIELD_NAME) = 'SPC_CAT2';
UPDATE SM_FIELD_DEF SET JP_TITLE = 'SPC区分3', US_TITLE = 'SPC_CAT3' WHERE TABLE_ID = 'TBLID_BPROD' AND UPPER(FIELD_NAME) = 'SPC_CAT3';
UPDATE SM_FIELD_DEF SET JP_TITLE = '{"ﾀｲﾄﾙ', US_TITLE = '英語名' WHERE TABLE_ID = 'TBLID_BPROD' AND UPPER(FIELD_NAME) = 'ﾌｨｰﾙﾄﾞ名';
UPDATE SM_FIELD_DEF SET JP_TITLE = '{"-----------------------------', US_TITLE = '--------------------------------------------------------' WHERE TABLE_ID = 'TBLID_BPROD' AND UPPER(FIELD_NAME) = '----------------------------';
UPDATE SM_FIELD_DEF SET JP_TITLE = '製品ｺｰﾄﾞID', US_TITLE = 'PROD_ID' WHERE TABLE_ID = 'TBLID_BPROD' AND UPPER(FIELD_NAME) = 'PROD_ID';
UPDATE SM_FIELD_DEF SET JP_TITLE = '製品ｺｰﾄﾞID2', US_TITLE = 'PROD_ID2' WHERE TABLE_ID = 'TBLID_BPROD' AND UPPER(FIELD_NAME) = 'PROD_ID2';
UPDATE SM_FIELD_DEF SET JP_TITLE = '製品ｺｰﾄﾞ名称', US_TITLE = 'PROD_NAME' WHERE TABLE_ID = 'TBLID_BPROD' AND UPPER(FIELD_NAME) = 'PROD_NAME';
UPDATE SM_FIELD_DEF SET JP_TITLE = '製品ｺｰﾄﾞ詳細', US_TITLE = 'PROD_DESC' WHERE TABLE_ID = 'TBLID_BPROD' AND UPPER(FIELD_NAME) = 'PROD_DESC';
UPDATE SM_FIELD_DEF SET JP_TITLE = '製品ｺｰﾄﾞ区分', US_TITLE = 'PROD_CAT' WHERE TABLE_ID = 'TBLID_BPROD' AND UPPER(FIELD_NAME) = 'PROD_CAT';
UPDATE SM_FIELD_DEF SET JP_TITLE = 'ﾙｰﾄID', US_TITLE = 'ROUTE_ID' WHERE TABLE_ID = 'TBLID_BPROD' AND UPPER(FIELD_NAME) = 'ROUTE_ID';
UPDATE SM_FIELD_DEF SET JP_TITLE = 'ﾙｰﾄﾊﾞｰｼﾞｮﾝ', US_TITLE = 'ROUTE_VER' WHERE TABLE_ID = 'TBLID_BPROD' AND UPPER(FIELD_NAME) = 'ROUTE_VER';
UPDATE SM_FIELD_DEF SET JP_TITLE = '製品種別', US_TITLE = 'PRODUCT_KIND' WHERE TABLE_ID = 'TBLID_BPROD' AND UPPER(FIELD_NAME) = 'PRODUCT_KIND';
UPDATE SM_FIELD_DEF SET JP_TITLE = 'ﾚｰｻﾞｰﾏｰｸ区分', US_TITLE = 'LASRMARK_CAT' WHERE TABLE_ID = 'TBLID_BPROD' AND UPPER(FIELD_NAME) = 'LASRMARK_CAT';
UPDATE SM_FIELD_DEF SET JP_TITLE = 'LMｸﾞﾙｰﾌﾟNo.1', US_TITLE = 'LASRMARK_PRINT_PTN1' WHERE TABLE_ID = 'TBLID_BPROD' AND UPPER(FIELD_NAME) = 'LASRMARK_PRINT_PTN1';
UPDATE SM_FIELD_DEF SET JP_TITLE = 'LMｸﾞﾙｰﾌﾟNo.2', US_TITLE = 'LASRMARK_PRINT_PTN2' WHERE TABLE_ID = 'TBLID_BPROD' AND UPPER(FIELD_NAME) = 'LASRMARK_PRINT_PTN2';
UPDATE SM_FIELD_DEF SET JP_TITLE = 'RFID書込みﾌﾗｸﾞ', US_TITLE = 'RFID_WRITE_FLG' WHERE TABLE_ID = 'TBLID_BPROD' AND UPPER(FIELD_NAME) = 'RFID_WRITE_FLG';
UPDATE SM_FIELD_DEF SET JP_TITLE = 'BOX内LM重複ﾁｪｯｸﾌﾗｸﾞ', US_TITLE = 'INBOX_LM_CHECK_FLG' WHERE TABLE_ID = 'TBLID_BPROD' AND UPPER(FIELD_NAME) = 'INBOX_LM_CHECK_FLG';
UPDATE SM_FIELD_DEF SET JP_TITLE = 'PN区分', US_TITLE = 'PN_CAT' WHERE TABLE_ID = 'TBLID_BPROD' AND UPPER(FIELD_NAME) = 'PN_CAT';
UPDATE SM_FIELD_DEF SET JP_TITLE = '出荷ｶｾｯﾄｺｰﾄﾞ', US_TITLE = 'SHIP_CAR_CODE' WHERE TABLE_ID = 'TBLID_BPROD' AND UPPER(FIELD_NAME) = 'SHIP_CAR_CODE';
UPDATE SM_FIELD_DEF SET JP_TITLE = '出荷ｶｾｯﾄ最大収納枚数', US_TITLE = 'SHIP_BOX_FULL_NUM' WHERE TABLE_ID = 'TBLID_BPROD' AND UPPER(FIELD_NAME) = 'SHIP_BOX_FULL_NUM';
UPDATE SM_FIELD_DEF SET JP_TITLE = '出荷ｶｾｯﾄ内ｳｪｰﾊ充填枚数', US_TITLE = 'SHIP_BOX_NUM' WHERE TABLE_ID = 'TBLID_BPROD' AND UPPER(FIELD_NAME) = 'SHIP_BOX_NUM';
UPDATE SM_FIELD_DEF SET JP_TITLE = '出荷装填ﾊﾟﾀｰﾝ', US_TITLE = 'SHIP_BOX_PTN' WHERE TABLE_ID = 'TBLID_BPROD' AND UPPER(FIELD_NAME) = 'SHIP_BOX_PTN';
UPDATE SM_FIELD_DEF SET JP_TITLE = 'MIXBOX数', US_TITLE = 'MIX_BOX_CNT' WHERE TABLE_ID = 'TBLID_BPROD' AND UPPER(FIELD_NAME) = 'MIX_BOX_CNT';
UPDATE SM_FIELD_DEF SET JP_TITLE = '端数出荷可否ﾌﾗｸﾞ', US_TITLE = 'ODD_BOX_SHIP_FLG' WHERE TABLE_ID = 'TBLID_BPROD' AND UPPER(FIELD_NAME) = 'ODD_BOX_SHIP_FLG';
UPDATE SM_FIELD_DEF SET JP_TITLE = '出荷ﾗﾍﾞﾙ印字ﾌｫｰﾏｯﾄID', US_TITLE = 'SHIP_LABEL_PRINT_ID' WHERE TABLE_ID = 'TBLID_BPROD' AND UPPER(FIELD_NAME) = 'SHIP_LABEL_PRINT_ID';
UPDATE SM_FIELD_DEF SET JP_TITLE = '出荷ﾗﾍﾞﾙ印刷枚数', US_TITLE = 'SHIP_LABEL_PRINT_NUM' WHERE TABLE_ID = 'TBLID_BPROD' AND UPPER(FIELD_NAME) = 'SHIP_LABEL_PRINT_NUM';
UPDATE SM_FIELD_DEF SET JP_TITLE = 'EPﾓﾆﾀ検査ｽﾍﾟｯｸID', US_TITLE = 'EP_MON_CON_ID' WHERE TABLE_ID = 'TBLID_BPROD' AND UPPER(FIELD_NAME) = 'EP_MON_CON_ID';
UPDATE SM_FIELD_DEF SET JP_TITLE = '条件出しEPﾓﾆﾀ検査ｽﾍﾟｯｸID', US_TITLE = 'COND_EP_MON_CON_ID' WHERE TABLE_ID = 'TBLID_BPROD' AND UPPER(FIELD_NAME) = 'COND_EP_MON_CON_ID';
UPDATE SM_FIELD_DEF SET JP_TITLE = 'PW検査試料構成ID', US_TITLE = 'PW_SMPL_CASET_CON_ID' WHERE TABLE_ID = 'TBLID_BPROD' AND UPPER(FIELD_NAME) = 'PW_SMPL_CASET_CON_ID';
UPDATE SM_FIELD_DEF SET JP_TITLE = 'EP検査試料構成ID', US_TITLE = 'EP_SMPL_CASET_CON_ID' WHERE TABLE_ID = 'TBLID_BPROD' AND UPPER(FIELD_NAME) = 'EP_SMPL_CASET_CON_ID';
UPDATE SM_FIELD_DEF SET JP_TITLE = 'ｱﾆｰﾙ検査試料構成ID', US_TITLE = 'AN_SMPL_CASET_CON_ID' WHERE TABLE_ID = 'TBLID_BPROD' AND UPPER(FIELD_NAME) = 'AN_SMPL_CASET_CON_ID';
UPDATE SM_FIELD_DEF SET JP_TITLE = '熱処理', US_TITLE = 'WHT_FLG' WHERE TABLE_ID = 'TBLID_BPROD' AND UPPER(FIELD_NAME) = 'WHT_FLG';
UPDATE SM_FIELD_DEF SET JP_TITLE = 'EG', US_TITLE = 'EG_FLG' WHERE TABLE_ID = 'TBLID_BPROD' AND UPPER(FIELD_NAME) = 'EG_FLG';
UPDATE SM_FIELD_DEF SET JP_TITLE = 'CVD', US_TITLE = 'CVD_FLG' WHERE TABLE_ID = 'TBLID_BPROD' AND UPPER(FIELD_NAME) = 'CVD_FLG';
UPDATE SM_FIELD_DEF SET JP_TITLE = 'CVD', US_TITLE = 'CVD_FLG' WHERE TABLE_ID = 'TBLID_BPROD' AND UPPER(FIELD_NAME) = 'CVD_FLG';
UPDATE SM_FIELD_DEF SET JP_TITLE = 'ｽﾗｲｽ溝ﾋﾟｯﾁ規格', US_TITLE = 'SLICE_WIRE_PITCH' WHERE TABLE_ID = 'TBLID_BPROD' AND UPPER(FIELD_NAME) = 'SLICE_WIRE_PITCH';
UPDATE SM_FIELD_DEF SET JP_TITLE = '外周面取ﾎｲｰﾙ規格', US_TITLE = 'CIR_WHEEL_STD' WHERE TABLE_ID = 'TBLID_BPROD' AND UPPER(FIELD_NAME) = 'CIR_WHEEL_STD';
UPDATE SM_FIELD_DEF SET JP_TITLE = 'ﾉｯﾁ面取ﾎｲｰﾙ規格', US_TITLE = 'NOTCH_WHEEL_STD' WHERE TABLE_ID = 'TBLID_BPROD' AND UPPER(FIELD_NAME) = 'NOTCH_WHEEL_STD';
UPDATE SM_FIELD_DEF SET JP_TITLE = '粗研削砥粒番手', US_TITLE = 'FLT_GRIND_COUNT' WHERE TABLE_ID = 'TBLID_BPROD' AND UPPER(FIELD_NAME) = 'FLT_GRIND_COUNT';
UPDATE SM_FIELD_DEF SET JP_TITLE = '仕上研削砥粒番手', US_TITLE = 'FIN_GRIND_COUNT' WHERE TABLE_ID = 'TBLID_BPROD' AND UPPER(FIELD_NAME) = 'FIN_GRIND_COUNT';
UPDATE SM_FIELD_DEF SET JP_TITLE = 'ﾚｰｻﾞｰﾏｰｸ面指定', US_TITLE = 'LM_FACE_SPECIFIED_FLG' WHERE TABLE_ID = 'TBLID_BPROD' AND UPPER(FIELD_NAME) = 'LM_FACE_SPECIFIED_FLG';
UPDATE SM_FIELD_DEF SET JP_TITLE = 'ｴｯﾁﾝｸﾞ取代', US_TITLE = 'EDGING_REMOVE' WHERE TABLE_ID = 'TBLID_BPROD' AND UPPER(FIELD_NAME) = 'EDGING_REMOVE';
UPDATE SM_FIELD_DEF SET JP_TITLE = '研磨種類', US_TITLE = 'POLISH_KIND' WHERE TABLE_ID = 'TBLID_BPROD' AND UPPER(FIELD_NAME) = 'POLISH_KIND';
UPDATE SM_FIELD_DEF SET JP_TITLE = '平坦度ﾗﾝｸ', US_TITLE = 'FLATNESS_RANK' WHERE TABLE_ID = 'TBLID_BPROD' AND UPPER(FIELD_NAME) = 'FLATNESS_RANK';
UPDATE SM_FIELD_DEF SET JP_TITLE = '粗研磨ｸﾛｽﾗｲﾌ規格', US_TITLE = 'FLT_POLISH_CROSS_LIFE_STD' WHERE TABLE_ID = 'TBLID_BPROD' AND UPPER(FIELD_NAME) = 'FLT_POLISH_CROSS_LIFE_STD';
UPDATE SM_FIELD_DEF SET JP_TITLE = '鏡面面取砥粒比重', US_TITLE = 'MIRROR_GRIND_GRAVITY' WHERE TABLE_ID = 'TBLID_BPROD' AND UPPER(FIELD_NAME) = 'MIRROR_GRIND_GRAVITY';
UPDATE SM_FIELD_DEF SET JP_TITLE = '仕上研磨ｸﾛｽﾗｲﾌ規格', US_TITLE = 'FIN_POLISH_CROSS_LIFE_STD' WHERE TABLE_ID = 'TBLID_BPROD' AND UPPER(FIELD_NAME) = 'FIN_POLISH_CROSS_LIFE_STD';
UPDATE SM_FIELD_DEF SET JP_TITLE = 'Fosb InfoPadﾌﾟﾗｸﾞ位置', US_TITLE = 'FOSB_INFOPAD_PLUG_POS' WHERE TABLE_ID = 'TBLID_BPROD' AND UPPER(FIELD_NAME) = 'FOSB_INFOPAD_PLUG_POS';
UPDATE SM_FIELD_DEF SET JP_TITLE = 'ｾﾝﾀｰﾘﾃｰﾅｰ有無', US_TITLE = 'SENTER_RITENER_EXIST' WHERE TABLE_ID = 'TBLID_BPROD' AND UPPER(FIELD_NAME) = 'SENTER_RITENER_EXIST';
UPDATE SM_FIELD_DEF SET JP_TITLE = '出荷ﾗﾍﾞﾙ位置1', US_TITLE = 'SHIP_LABEL_POS1' WHERE TABLE_ID = 'TBLID_BPROD' AND UPPER(FIELD_NAME) = 'SHIP_LABEL_POS1';
UPDATE SM_FIELD_DEF SET JP_TITLE = '出荷ﾗﾍﾞﾙ位置2', US_TITLE = 'SHIP_LABEL_POS2' WHERE TABLE_ID = 'TBLID_BPROD' AND UPPER(FIELD_NAME) = 'SHIP_LABEL_POS2';
UPDATE SM_FIELD_DEF SET JP_TITLE = '出荷ﾗﾍﾞﾙ位置3', US_TITLE = 'SHIP_LABEL_POS3' WHERE TABLE_ID = 'TBLID_BPROD' AND UPPER(FIELD_NAME) = 'SHIP_LABEL_POS3';
UPDATE SM_FIELD_DEF SET JP_TITLE = '乾燥剤有無', US_TITLE = 'DESICCANT_EXIST' WHERE TABLE_ID = 'TBLID_BPROD' AND UPPER(FIELD_NAME) = 'DESICCANT_EXIST';
UPDATE SM_FIELD_DEF SET JP_TITLE = '乾燥剤位置', US_TITLE = 'DESICCANT_POS' WHERE TABLE_ID = 'TBLID_BPROD' AND UPPER(FIELD_NAME) = 'DESICCANT_POS';
UPDATE SM_FIELD_DEF SET JP_TITLE = 'KEM PW製品ｺｰﾄﾞ', US_TITLE = 'KEM_PW_PROD_CODE' WHERE TABLE_ID = 'TBLID_BPROD' AND UPPER(FIELD_NAME) = 'KEM_PW_PROD_CODE';
UPDATE SM_FIELD_DEF SET JP_TITLE = '先行片检查项目构成ID', US_TITLE = 'LD_SMPL_CASET_CON_ID' WHERE TABLE_ID = 'TBLID_BPROD' AND UPPER(FIELD_NAME) = 'KEM_PW_PROD_CODE';
UPDATE SM_FIELD_DEF SET JP_TITLE = 'KEM EP製品ｺｰﾄﾞ', US_TITLE = 'KEM_EP_PROD_CODE' WHERE TABLE_ID = 'TBLID_BPROD' AND UPPER(FIELD_NAME) = 'KEM_EP_PROD_CODE';
UPDATE SM_FIELD_DEF SET JP_TITLE = 'KEM Anneal製品ｺｰﾄﾞ', US_TITLE = 'KEM_AR_PROD_CODE' WHERE TABLE_ID = 'TBLID_BPROD' AND UPPER(FIELD_NAME) = 'KEM_AR_PROD_CODE';
UPDATE SM_FIELD_DEF SET JP_TITLE = '切断角度ﾉｯﾁ上(X･符号)度', US_TITLE = 'NOTCH_TOP_DEGREE' WHERE TABLE_ID = 'TBLID_BPROD' AND UPPER(FIELD_NAME) = 'NOTCH_TOP_DEGREE';
UPDATE SM_FIELD_DEF SET JP_TITLE = '切断角度ﾉｯﾁ上(X)分', US_TITLE = 'NOTCH_TOP_ARCMIN' WHERE TABLE_ID = 'TBLID_BPROD' AND UPPER(FIELD_NAME) = 'NOTCH_TOP_ARCMIN';
UPDATE SM_FIELD_DEF SET JP_TITLE = '切断角度ﾉｯﾁ上(X)秒', US_TITLE = 'NOTCH_TOP_ARCSEC' WHERE TABLE_ID = 'TBLID_BPROD' AND UPPER(FIELD_NAME) = 'NOTCH_TOP_ARCSEC';
UPDATE SM_FIELD_DEF SET JP_TITLE = '切断角度ﾉｯﾁ左(Y･符号)度', US_TITLE = 'NOTCH_LEFT_DEGREE' WHERE TABLE_ID = 'TBLID_BPROD' AND UPPER(FIELD_NAME) = 'NOTCH_LEFT_DEGREE';
UPDATE SM_FIELD_DEF SET JP_TITLE = '切断角度ﾉｯﾁ左(Y)分', US_TITLE = 'NOTCH_LEFT_ARCMIN' WHERE TABLE_ID = 'TBLID_BPROD' AND UPPER(FIELD_NAME) = 'NOTCH_LEFT_ARCMIN';
UPDATE SM_FIELD_DEF SET JP_TITLE = '切断角度ﾉｯﾁ左(Y)秒', US_TITLE = 'NOTCH_LEFT_ARCSEC' WHERE TABLE_ID = 'TBLID_BPROD' AND UPPER(FIELD_NAME) = 'NOTCH_LEFT_ARCSEC';
UPDATE SM_FIELD_DEF SET JP_TITLE = '出荷ﾗﾍﾞﾙ印刷有無', US_TITLE = 'SHIP_LABEL_PRINT_EXIST' WHERE TABLE_ID = 'TBLID_BPROD' AND UPPER(FIELD_NAME) = 'SHIP_LABEL_PRINT_EXIST';
UPDATE SM_FIELD_DEF SET JP_TITLE = '予備1', US_TITLE = '外延片盒子类型' WHERE TABLE_ID = 'TBLID_BPROD' AND UPPER(FIELD_NAME) = 'RESERVE01';
UPDATE SM_FIELD_DEF SET JP_TITLE = 'WS装置グループ', US_TITLE = 'WS_EQPG' WHERE TABLE_ID = 'TBLID_BPROD' AND UPPER(FIELD_NAME) = 'RESERVE02';
UPDATE SM_FIELD_DEF SET JP_TITLE = 'LM2ヶ月混成', US_TITLE = 'LM_2MON_MIX' WHERE TABLE_ID = 'TBLID_BPROD' AND UPPER(FIELD_NAME) = 'RESERVE03';
UPDATE SM_FIELD_DEF SET JP_TITLE = '出荷容器ﾘﾕｰｽ', US_TITLE = 'SHIP_CONTAINER' WHERE TABLE_ID = 'TBLID_BPROD' AND UPPER(FIELD_NAME) = 'RESERVE04';
UPDATE SM_FIELD_DEF SET JP_TITLE = '号機指定区分', US_TITLE = 'MAC_CAT' WHERE TABLE_ID = 'TBLID_BPROD' AND UPPER(FIELD_NAME) = 'RESERVE05';
UPDATE SM_FIELD_DEF SET JP_TITLE = '装置ｸﾞﾙｰﾌﾟID', US_TITLE = 'EQPG_ID' WHERE TABLE_ID = 'TBLID_BPROD' AND UPPER(FIELD_NAME) = 'RESERVE06';
UPDATE SM_FIELD_DEF SET JP_TITLE = '面取狙い形状A寸法', US_TITLE = 'WHEEL_SHIP_A-DIM' WHERE TABLE_ID = 'TBLID_BPROD' AND UPPER(FIELD_NAME) = 'RESERVE07';
UPDATE SM_FIELD_DEF SET JP_TITLE = '面取狙い形状BC寸法', US_TITLE = 'WHEEL_SHIP_BC-DIM' WHERE TABLE_ID = 'TBLID_BPROD' AND UPPER(FIELD_NAME) = 'RESERVE08';
UPDATE SM_FIELD_DEF SET JP_TITLE = '面取狙い形状θ', US_TITLE = '不可反TD' WHERE TABLE_ID = 'TBLID_BPROD' AND UPPER(FIELD_NAME) = 'RESERVE09';
UPDATE SM_FIELD_DEF SET JP_TITLE = '平坦度SFQR MAX', US_TITLE = 'FLATNESS_SFQR_MAX' WHERE TABLE_ID = 'TBLID_BPROD' AND UPPER(FIELD_NAME) = 'RESERVE10';
UPDATE SM_FIELD_DEF SET JP_TITLE = '平坦度SFQR PUA', US_TITLE = 'FLATNESS_SFQR_PUA' WHERE TABLE_ID = 'TBLID_BPROD' AND UPPER(FIELD_NAME) = 'RESERVE11';
UPDATE SM_FIELD_DEF SET JP_TITLE = '平坦度CELLSIZE', US_TITLE = 'FLATNESS_CELLSIZE' WHERE TABLE_ID = 'TBLID_BPROD' AND UPPER(FIELD_NAME) = 'RESERVE12';
UPDATE SM_FIELD_DEF SET JP_TITLE = '平坦度GBIR', US_TITLE = 'FLATNESS_GBIR' WHERE TABLE_ID = 'TBLID_BPROD' AND UPPER(FIELD_NAME) = 'RESERVE13';
UPDATE SM_FIELD_DEF SET JP_TITLE = '容器洗浄区分', US_TITLE = 'CONTAINER_WASH_CAT' WHERE TABLE_ID = 'TBLID_BPROD' AND UPPER(FIELD_NAME) = 'RESERVE14';
UPDATE SM_FIELD_DEF SET JP_TITLE = 'ｽﾗｲｽ溝ﾋﾟｯﾁ規格2', US_TITLE = 'SLICE_WIRE_PITCH2' WHERE TABLE_ID = 'TBLID_BPROD' AND UPPER(FIELD_NAME) = 'RESERVE15';
UPDATE SM_FIELD_DEF SET JP_TITLE = 'ｽﾗｲｽ溝ﾋﾟｯﾁ規格3', US_TITLE = 'SLICE_WIRE_PITCH3' WHERE TABLE_ID = 'TBLID_BPROD' AND UPPER(FIELD_NAME) = 'RESERVE16';
UPDATE SM_FIELD_DEF SET JP_TITLE = 'ｽﾗｲｽ溝ﾋﾟｯﾁ規格4', US_TITLE = 'SLICE_WIRE_PITCH4' WHERE TABLE_ID = 'TBLID_BPROD' AND UPPER(FIELD_NAME) = 'RESERVE17';
UPDATE SM_FIELD_DEF SET JP_TITLE = 'ｽﾗｲｽ溝ﾋﾟｯﾁ規格5', US_TITLE = 'SLICE_WIRE_PITCH5' WHERE TABLE_ID = 'TBLID_BPROD' AND UPPER(FIELD_NAME) = 'RESERVE18';
UPDATE SM_FIELD_DEF SET JP_TITLE = 'OPI表示有無', US_TITLE = 'OPI_EXIST' WHERE TABLE_ID = 'TBLID_BPROD' AND UPPER(FIELD_NAME) = 'RESERVE19';
UPDATE SM_FIELD_DEF SET JP_TITLE = 'ｻﾌﾞ用ｶｾｯﾄ内ｳｪｰﾊ充填枚数', US_TITLE = 'SUB-CAR_BOX_NUM' WHERE TABLE_ID = 'TBLID_BPROD' AND UPPER(FIELD_NAME) = 'RESERVE20';
UPDATE SM_FIELD_DEF SET JP_TITLE = 'ｻﾌﾞ用装填ﾊﾟﾀｰﾝ', US_TITLE = 'SUB-CAR_BOX_PIN' WHERE TABLE_ID = 'TBLID_BPROD' AND UPPER(FIELD_NAME) = 'RESERVE21';
UPDATE SM_FIELD_DEF SET JP_TITLE = 'Bulk Metal抜取', US_TITLE = 'BULK_METAL_PICK' WHERE TABLE_ID = 'TBLID_BPROD' AND UPPER(FIELD_NAME) = 'RESERVE22';
UPDATE SM_FIELD_DEF SET JP_TITLE = 'RP後FAB区分', US_TITLE = 'RP_FAB_CAT' WHERE TABLE_ID = 'TBLID_BPROD' AND UPPER(FIELD_NAME) = 'RESERVE23';
UPDATE SM_FIELD_DEF SET JP_TITLE = 'ｻｲﾄﾞﾀﾞﾐｰ製品ｺｰﾄﾞ', US_TITLE = 'DUMMY_PRODUCTCODE' WHERE TABLE_ID = 'TBLID_BPROD' AND UPPER(FIELD_NAME) = 'RESERVE24';
UPDATE SM_FIELD_DEF SET JP_TITLE = '予備25', US_TITLE = 'RESERVE25' WHERE TABLE_ID = 'TBLID_BPROD' AND UPPER(FIELD_NAME) = 'RESERVE25';
UPDATE SM_FIELD_DEF SET JP_TITLE = '予備26', US_TITLE = 'RESERVE26' WHERE TABLE_ID = 'TBLID_BPROD' AND UPPER(FIELD_NAME) = 'RESERVE26';
UPDATE SM_FIELD_DEF SET JP_TITLE = '予備27', US_TITLE = 'RESERVE27' WHERE TABLE_ID = 'TBLID_BPROD' AND UPPER(FIELD_NAME) = 'RESERVE27';
UPDATE SM_FIELD_DEF SET JP_TITLE = 'ノッチ位置', US_TITLE = 'NOTCH_POSITION' WHERE TABLE_ID = 'TBLID_BPROD' AND UPPER(FIELD_NAME) = 'RESERVE28';
UPDATE SM_FIELD_DEF SET JP_TITLE = 'EPサセプター', US_TITLE = 'EP_SUSCEPTO' WHERE TABLE_ID = 'TBLID_BPROD' AND UPPER(FIELD_NAME) = 'RESERVE29';
UPDATE SM_FIELD_DEF SET JP_TITLE = 'EP ForeCaster品種', US_TITLE = 'EP_FORECASTER' WHERE TABLE_ID = 'TBLID_BPROD' AND UPPER(FIELD_NAME) = 'RESERVE30';
UPDATE SM_FIELD_DEF SET JP_TITLE = '自動MAP判定(SEMI/AUTO)', US_TITLE = 'AUTO_MAP_JUDGE(SEMI/AUTO)' WHERE TABLE_ID = 'TBLID_BPROD' AND UPPER(FIELD_NAME) = 'RESERVE31';
UPDATE SM_FIELD_DEF SET JP_TITLE = '結晶品番', US_TITLE = 'CRYSTALLIZED_PRODUCTCODE' WHERE TABLE_ID = 'TBLID_BPROD' AND UPPER(FIELD_NAME) = 'RESERVE32';
UPDATE SM_FIELD_DEF SET JP_TITLE = '結晶ﾎﾞﾄﾑ区分', US_TITLE = 'CRYSTALLIZED_CAT' WHERE TABLE_ID = 'TBLID_BPROD' AND UPPER(FIELD_NAME) = 'RESERVE33';
UPDATE SM_FIELD_DEF SET JP_TITLE = 'Fallout区分', US_TITLE = 'FALLOUT_CAT' WHERE TABLE_ID = 'TBLID_BPROD' AND UPPER(FIELD_NAME) = 'RESERVE34';
UPDATE SM_FIELD_DEF SET JP_TITLE = '面取形状', US_TITLE = 'WHEEL_SHIP' WHERE TABLE_ID = 'TBLID_BPROD' AND UPPER(FIELD_NAME) = 'RESERVE35';
UPDATE SM_FIELD_DEF SET JP_TITLE = '面取測定条件', US_TITLE = 'WHEEL_MEAS_CONDITION' WHERE TABLE_ID = 'TBLID_BPROD' AND UPPER(FIELD_NAME) = 'RESERVE36';
UPDATE SM_FIELD_DEF SET JP_TITLE = '予備37', US_TITLE = 'RESERVE37' WHERE TABLE_ID = 'TBLID_BPROD' AND UPPER(FIELD_NAME) = 'RESERVE37';
UPDATE SM_FIELD_DEF SET JP_TITLE = '予備37', US_TITLE = '分选等待指示' WHERE TABLE_ID = 'TBLID_BPROD' AND UPPER(FIELD_NAME) = 'RESERVE37';
UPDATE SM_FIELD_DEF SET JP_TITLE = '予備38', US_TITLE = '刻字码导入指示' WHERE TABLE_ID = 'TBLID_BPROD' AND UPPER(FIELD_NAME) = 'RESERVE38';
UPDATE SM_FIELD_DEF SET JP_TITLE = '予備38', US_TITLE = '刻字码导入指示' WHERE TABLE_ID = 'TBLID_BPROD' AND UPPER(FIELD_NAME) = 'RESERVE38';
UPDATE SM_FIELD_DEF SET JP_TITLE = '予備39', US_TITLE = 'RESERVE39' WHERE TABLE_ID = 'TBLID_BPROD' AND UPPER(FIELD_NAME) = 'RESERVE39';
UPDATE SM_FIELD_DEF SET JP_TITLE = '予備40', US_TITLE = '面方位' WHERE TABLE_ID = 'TBLID_BPROD' AND UPPER(FIELD_NAME) = 'RESERVE40';
UPDATE SM_FIELD_DEF SET JP_TITLE = '予備41', US_TITLE = '参杂剂' WHERE TABLE_ID = 'TBLID_BPROD' AND UPPER(FIELD_NAME) = 'RESERVE41';
UPDATE SM_FIELD_DEF SET JP_TITLE = '予備42', US_TITLE = 'RESERVE42' WHERE TABLE_ID = 'TBLID_BPROD' AND UPPER(FIELD_NAME) = 'RESERVE42';
UPDATE SM_FIELD_DEF SET JP_TITLE = '予備43', US_TITLE = '电阻率理论值' WHERE TABLE_ID = 'TBLID_BPROD' AND UPPER(FIELD_NAME) = 'RESERVE43';
UPDATE SM_FIELD_DEF SET JP_TITLE = '予備44', US_TITLE = 'RESERVE44' WHERE TABLE_ID = 'TBLID_BPROD' AND UPPER(FIELD_NAME) = 'RESERVE44';
UPDATE SM_FIELD_DEF SET JP_TITLE = '予備44', US_TITLE = '分选REDSP良品端数拼接指示' WHERE TABLE_ID = 'TBLID_BPROD' AND UPPER(FIELD_NAME) = 'RESERVE44';
UPDATE SM_FIELD_DEF SET JP_TITLE = '予備45', US_TITLE = 'RESERVE45' WHERE TABLE_ID = 'TBLID_BPROD' AND UPPER(FIELD_NAME) = 'RESERVE45';
UPDATE SM_FIELD_DEF SET JP_TITLE = '予備45', US_TITLE = '刻字规则使用指示' WHERE TABLE_ID = 'TBLID_BPROD' AND UPPER(FIELD_NAME) = 'RESERVE45';
UPDATE SM_FIELD_DEF SET JP_TITLE = '予備46', US_TITLE = 'DSP使用次数' WHERE TABLE_ID = 'TBLID_BPROD' AND UPPER(FIELD_NAME) = 'RESERVE46';
UPDATE SM_FIELD_DEF SET JP_TITLE = '予備47', US_TITLE = 'CMP使用次数' WHERE TABLE_ID = 'TBLID_BPROD' AND UPPER(FIELD_NAME) = 'RESERVE47';
UPDATE SM_FIELD_DEF SET JP_TITLE = '予備48', US_TITLE = '最终洗净使用次数' WHERE TABLE_ID = 'TBLID_BPROD' AND UPPER(FIELD_NAME) = 'RESERVE48';
UPDATE SM_FIELD_DEF SET JP_TITLE = '予備49', US_TITLE = 'RESERVE49' WHERE TABLE_ID = 'TBLID_BPROD' AND UPPER(FIELD_NAME) = 'RESERVE49';
UPDATE SM_FIELD_DEF SET JP_TITLE = '予備50', US_TITLE = 'RESERVE50' WHERE TABLE_ID = 'TBLID_BPROD' AND UPPER(FIELD_NAME) = 'RESERVE50';
UPDATE SM_FIELD_DEF SET JP_TITLE = '加工工場区分', US_TITLE = 'PLANT_CAT' WHERE TABLE_ID = 'TBLID_BPROD' AND UPPER(FIELD_NAME) = 'PLANT_CAT';
UPDATE SM_FIELD_DEF SET JP_TITLE = 'ﾜｰｸﾌﾟﾚｰﾄﾀｲﾌﾟ', US_TITLE = 'WRK_PLATE_TYPE' WHERE TABLE_ID = 'TBLID_BPROD' AND UPPER(FIELD_NAME) = 'PLATE_TYPE';
UPDATE SM_FIELD_DEF SET JP_TITLE = 'ｻﾝﾌﾟﾙ品ﾌﾗｸﾞ', US_TITLE = 'SMPL_FLG' WHERE TABLE_ID = 'TBLID_BPROD' AND UPPER(FIELD_NAME) = 'SMPL_FLG';
UPDATE SM_FIELD_DEF SET JP_TITLE = '抵抗率区分', US_TITLE = 'RESIST_PER_CAT' WHERE TABLE_ID = 'TBLID_BPROD' AND UPPER(FIELD_NAME) = 'RESIST_PER_CAT';
UPDATE SM_FIELD_DEF SET JP_TITLE = 'ﾄﾞｰﾊﾟﾝﾄCZ', US_TITLE = 'DOPE_CAT_CZ' WHERE TABLE_ID = 'TBLID_BPROD' AND UPPER(FIELD_NAME) = 'DOPE_CAT_CZ';
UPDATE SM_FIELD_DEF SET JP_TITLE = 'ﾄﾞｰﾊﾟﾝﾄEP', US_TITLE = 'DOPE_CAT_EP' WHERE TABLE_ID = 'TBLID_BPROD' AND UPPER(FIELD_NAME) = 'DOPE_CAT_EP';
UPDATE SM_FIELD_DEF SET JP_TITLE = '軸区分', US_TITLE = 'AXIS_CAT' WHERE TABLE_ID = 'TBLID_BPROD' AND UPPER(FIELD_NAME) = 'AXIS_CAT';
UPDATE SM_FIELD_DEF SET JP_TITLE = 'PWﾕｰｻﾞｰ規格  抵抗上限', US_TITLE = 'PW_STD_RESIST_H' WHERE TABLE_ID = 'TBLID_BPROD' AND UPPER(FIELD_NAME) = 'PW_STD_RESIST_H';
UPDATE SM_FIELD_DEF SET JP_TITLE = 'PWﾕｰｻﾞｰ規格  抵抗下限', US_TITLE = 'PW_STD_RESIST_L' WHERE TABLE_ID = 'TBLID_BPROD' AND UPPER(FIELD_NAME) = 'PW_STD_RESIST_L';
UPDATE SM_FIELD_DEF SET JP_TITLE = 'EPﾕｰｻﾞｰ規格  EP厚さ上限', US_TITLE = 'EP_STD_THIK_H' WHERE TABLE_ID = 'TBLID_BPROD' AND UPPER(FIELD_NAME) = 'EP_STD_THIK_H';
UPDATE SM_FIELD_DEF SET JP_TITLE = 'EPﾕｰｻﾞｰ規格  EP厚さ下限', US_TITLE = 'EP_STD_THIK_L' WHERE TABLE_ID = 'TBLID_BPROD' AND UPPER(FIELD_NAME) = 'EP_STD_THIK_L';
UPDATE SM_FIELD_DEF SET JP_TITLE = 'EPﾕｰｻﾞｰ規格  EP抵抗上限', US_TITLE = 'EP_STD_RESIST_H' WHERE TABLE_ID = 'TBLID_BPROD' AND UPPER(FIELD_NAME) = 'EP_STD_RESIST_H';
UPDATE SM_FIELD_DEF SET JP_TITLE = 'EPﾕｰｻﾞｰ規格  EP抵抗下限', US_TITLE = 'EP_STD_RESIST_L' WHERE TABLE_ID = 'TBLID_BPROD' AND UPPER(FIELD_NAME) = 'EP_STD_RESIST_L';
UPDATE SM_FIELD_DEF SET JP_TITLE = '混成区分', US_TITLE = 'MIX_CAT' WHERE TABLE_ID = 'TBLID_BPROD' AND UPPER(FIELD_NAME) = 'MIX_CAT';
UPDATE SM_FIELD_DEF SET JP_TITLE = '出荷ﾛｯﾄID採番区分', US_TITLE = 'SHIP_LOT_ID_NUM_CAT' WHERE TABLE_ID = 'TBLID_BPROD' AND UPPER(FIELD_NAME) = 'SHIP_LOT_PTN_CAT';
UPDATE SM_FIELD_DEF SET JP_TITLE = 'Spec No.', US_TITLE = 'SHIP_LABEL_PROD_NO' WHERE TABLE_ID = 'TBLID_BPROD' AND UPPER(FIELD_NAME) = 'SHIP_LABEL_PROD_NO';
UPDATE SM_FIELD_DEF SET JP_TITLE = 'Part No.', US_TITLE = 'SHIP_LABEL_PART_NO' WHERE TABLE_ID = 'TBLID_BPROD' AND UPPER(FIELD_NAME) = 'SHIP_LABEL_PART_NO';
UPDATE SM_FIELD_DEF SET JP_TITLE = 'EC No.', US_TITLE = 'SHIP_LABEL_EC_NO' WHERE TABLE_ID = 'TBLID_BPROD' AND UPPER(FIELD_NAME) = 'SHIP_LABEL_EC_NO';
UPDATE SM_FIELD_DEF SET JP_TITLE = '出荷ﾗﾍﾞﾙ印字 製品ｺｰﾄﾞID', US_TITLE = 'SHIP_LABEL_PROD_ID' WHERE TABLE_ID = 'TBLID_BPROD' AND UPPER(FIELD_NAME) = 'SHIP_LABEL_PROD_ID';
UPDATE SM_FIELD_DEF SET JP_TITLE = '出荷ﾗﾍﾞﾙ客先名称', US_TITLE = 'SHIP_LABEL_CUSTOMER' WHERE TABLE_ID = 'TBLID_BPROD' AND UPPER(FIELD_NAME) = 'SHIP_LABEL_CUSTOMER';
UPDATE SM_FIELD_DEF SET JP_TITLE = '直径ﾕｰｻﾞｰ規格 中心値', US_TITLE = 'STD_DIAMETER_C' WHERE TABLE_ID = 'TBLID_BPROD' AND UPPER(FIELD_NAME) = 'STD_DIAMETER_C';
UPDATE SM_FIELD_DEF SET JP_TITLE = '直径ﾕｰｻﾞｰ規格 上限', US_TITLE = 'STD_DIAMETER_H' WHERE TABLE_ID = 'TBLID_BPROD' AND UPPER(FIELD_NAME) = 'STD_DIAMETER_H';
UPDATE SM_FIELD_DEF SET JP_TITLE = '直径ﾕｰｻﾞｰ規格 下限', US_TITLE = 'STD_DIAMETER_L' WHERE TABLE_ID = 'TBLID_BPROD' AND UPPER(FIELD_NAME) = 'STD_DIAMETER_L';
UPDATE SM_FIELD_DEF SET JP_TITLE = '厚みﾕｰｻﾞｰ規格 中心値', US_TITLE = 'STD_THIK_C' WHERE TABLE_ID = 'TBLID_BPROD' AND UPPER(FIELD_NAME) = 'STD_THIK_C';
UPDATE SM_FIELD_DEF SET JP_TITLE = '厚みﾕｰｻﾞｰ規格 上限', US_TITLE = 'STD_THIK_H' WHERE TABLE_ID = 'TBLID_BPROD' AND UPPER(FIELD_NAME) = 'STD_THIK_H';
UPDATE SM_FIELD_DEF SET JP_TITLE = '厚みﾕｰｻﾞｰ規格 下限', US_TITLE = 'STD_THIK_L' WHERE TABLE_ID = 'TBLID_BPROD' AND UPPER(FIELD_NAME) = 'STD_THICK_L';
UPDATE SM_FIELD_DEF SET JP_TITLE = 'ｳｪｰﾊ仕上げ', US_TITLE = 'WAFER_FINISH' WHERE TABLE_ID = 'TBLID_BPROD' AND UPPER(FIELD_NAME) = 'WAFER_FINISH';
UPDATE SM_FIELD_DEF SET JP_TITLE = 'ｴｯｼﾞﾋﾟｯﾄ規格', US_TITLE = 'STD_EDGE_PIT' WHERE TABLE_ID = 'TBLID_BPROD' AND UPPER(FIELD_NAME) = 'SDT_EDGE_PIT';
UPDATE SM_FIELD_DEF SET JP_TITLE = 'ﾗｲﾌﾀｲﾑ規格', US_TITLE = 'STD_LIFE_TIME' WHERE TABLE_ID = 'TBLID_BPROD' AND UPPER(FIELD_NAME) = 'STD_LIFE_TIME';
UPDATE SM_FIELD_DEF SET JP_TITLE = '結晶軸区分･公差', US_TITLE = 'AXIS_CAT_TOLERANCE' WHERE TABLE_ID = 'TBLID_BPROD' AND UPPER(FIELD_NAME) = 'AXIS_CAT_TOLERANCE';
UPDATE SM_FIELD_DEF SET JP_TITLE = 'Remarks', US_TITLE = 'SHIP_LABEL_REMARKS' WHERE TABLE_ID = 'TBLID_BPROD' AND UPPER(FIELD_NAME) = 'SHIP_LABEL_REMARKS';
UPDATE SM_FIELD_DEF SET JP_TITLE = '客先品番', US_TITLE = 'CUSTOMER_PROD_ID' WHERE TABLE_ID = 'TBLID_BPROD' AND UPPER(FIELD_NAME) = 'CUSTOMER_PROD_ID';
UPDATE SM_FIELD_DEF SET JP_TITLE = 'EPﾀｲﾌﾟ', US_TITLE = 'EP_TYPE' WHERE TABLE_ID = 'TBLID_BPROD' AND UPPER(FIELD_NAME) = 'EP_TYPE';
UPDATE SM_FIELD_DEF SET JP_TITLE = 'EPsubﾀｲﾌﾟ', US_TITLE = 'EPSUB_TYPE' WHERE TABLE_ID = 'TBLID_BPROD' AND UPPER(FIELD_NAME) = 'EPSUB_TYPE';
UPDATE SM_FIELD_DEF SET JP_TITLE = 'EPsub 厚み規格 上限', US_TITLE = 'EPSUB_STD_THIK_H' WHERE TABLE_ID = 'TBLID_BPROD' AND UPPER(FIELD_NAME) = 'EPSUB_STD_THIK_H';
UPDATE SM_FIELD_DEF SET JP_TITLE = 'EPsub 厚み規格 下限', US_TITLE = 'EPSUB_STD_THIK_L' WHERE TABLE_ID = 'TBLID_BPROD' AND UPPER(FIELD_NAME) = 'EPSUB_STD_THIK_L';
UPDATE SM_FIELD_DEF SET JP_TITLE = 'EPsub 抵抗規格 上限', US_TITLE = 'EPSUB_STD_RESIST_H' WHERE TABLE_ID = 'TBLID_BPROD' AND UPPER(FIELD_NAME) = 'EPSUB_STD_RESIST_H';
UPDATE SM_FIELD_DEF SET JP_TITLE = 'EPsub 抵抗規格 下限', US_TITLE = 'EPSUB_STD_RESIST_L' WHERE TABLE_ID = 'TBLID_BPROD' AND UPPER(FIELD_NAME) = 'EPSUB_STD_RESIST_L';
UPDATE SM_FIELD_DEF SET JP_TITLE = 'Method', US_TITLE = 'SHIP_LABEL_METHOD' WHERE TABLE_ID = 'TBLID_BPROD' AND UPPER(FIELD_NAME) = 'SHIP_LABEL_METHOD';
UPDATE SM_FIELD_DEF SET JP_TITLE = 'Ｅｐρ規格(不純物濃度)', US_TITLE = 'IMPURITY_DENSITY' WHERE TABLE_ID = 'TBLID_BPROD' AND UPPER(FIELD_NAME) = 'IMPURITY_DENSITY';
UPDATE SM_FIELD_DEF SET JP_TITLE = 'SPC区分1', US_TITLE = 'SPC 区分1' WHERE TABLE_ID = 'TBLID_BPROD' AND UPPER(FIELD_NAME) = 'SPC_CAT1';
UPDATE SM_FIELD_DEF SET JP_TITLE = 'SPC区分2', US_TITLE = 'SPC 区分2' WHERE TABLE_ID = 'TBLID_BPROD' AND UPPER(FIELD_NAME) = 'SPC_CAT2';
UPDATE SM_FIELD_DEF SET JP_TITLE = 'SPC区分3', US_TITLE = 'SPC 区分3' WHERE TABLE_ID = 'TBLID_BPROD' AND UPPER(FIELD_NAME) = 'SPC_CAT3';
UPDATE SM_FIELD_DEF SET JP_TITLE = 'SPC区分4', US_TITLE = 'SPC 区分4' WHERE TABLE_ID = 'TBLID_BPROD' AND UPPER(FIELD_NAME) = 'SPC_CAT4';
UPDATE SM_FIELD_DEF SET JP_TITLE = 'SPC区分5', US_TITLE = 'SPC 区分5' WHERE TABLE_ID = 'TBLID_BPROD' AND UPPER(FIELD_NAME) = 'SPC_CAT5';
UPDATE SM_FIELD_DEF SET JP_TITLE = 'SPC区分6', US_TITLE = 'SPC 区分6' WHERE TABLE_ID = 'TBLID_BPROD' AND UPPER(FIELD_NAME) = 'SPC_CAT6';
UPDATE SM_FIELD_DEF SET JP_TITLE = 'SPC区分7', US_TITLE = 'SPC 区分7' WHERE TABLE_ID = 'TBLID_BPROD' AND UPPER(FIELD_NAME) = 'SPC_CAT7';
UPDATE SM_FIELD_DEF SET JP_TITLE = 'SPC区分8', US_TITLE = 'SPC 区分8' WHERE TABLE_ID = 'TBLID_BPROD' AND UPPER(FIELD_NAME) = 'SPC_CAT8';
UPDATE SM_FIELD_DEF SET JP_TITLE = 'SPC区分9', US_TITLE = 'SPC 区分9' WHERE TABLE_ID = 'TBLID_BPROD' AND UPPER(FIELD_NAME) = 'SPC_CAT9';
UPDATE SM_FIELD_DEF SET JP_TITLE = 'SPC区分10', US_TITLE = 'SPC 区分10' WHERE TABLE_ID = 'TBLID_BPROD' AND UPPER(FIELD_NAME) = 'SPC_CAT10';
UPDATE SM_FIELD_DEF SET JP_TITLE = '客先ID', US_TITLE = '客户ID' WHERE TABLE_ID = 'TBLID_BPROD' AND UPPER(FIELD_NAME) = 'CUSTOMER_ID';
UPDATE SM_FIELD_DEF SET JP_TITLE = '客先品名', US_TITLE = '客户品名' WHERE TABLE_ID = 'TBLID_BPROD' AND UPPER(FIELD_NAME) = 'CUSTOMER_NAME';
UPDATE SM_FIELD_DEF SET JP_TITLE = '客先品名ﾊﾞｰｼﾞｮﾝ番号', US_TITLE = '客户品名版本号' WHERE TABLE_ID = 'TBLID_BPROD' AND UPPER(FIELD_NAME) = 'CUSTOMER_NAME_VER';
UPDATE SM_FIELD_DEF SET JP_TITLE = '客先名称', US_TITLE = '客户名称' WHERE TABLE_ID = 'TBLID_BPROD' AND UPPER(FIELD_NAME) = 'USER_NAME';
UPDATE SM_FIELD_DEF SET JP_TITLE = '規格：直径', US_TITLE = '规格：直径' WHERE TABLE_ID = 'TBLID_BPROD' AND UPPER(FIELD_NAME) = 'STD_DIAMETER';
UPDATE SM_FIELD_DEF SET JP_TITLE = '規格：引き上げ方法', US_TITLE = '规格：拉晶方法' WHERE TABLE_ID = 'TBLID_BPROD' AND UPPER(FIELD_NAME) = 'STD_PULL_METHOD';
UPDATE SM_FIELD_DEF SET JP_TITLE = '規格：POLISHﾀｲﾌﾟ', US_TITLE = '规格：抛光类型' WHERE TABLE_ID = 'TBLID_BPROD' AND UPPER(FIELD_NAME) = 'STD_POLISH_TYPE';
UPDATE SM_FIELD_DEF SET JP_TITLE = '規格：結晶方向', US_TITLE = '规格：晶向' WHERE TABLE_ID = 'TBLID_BPROD' AND UPPER(FIELD_NAME) = 'STD_CRY_DIR';
UPDATE SM_FIELD_DEF SET JP_TITLE = '規格：ﾄﾞｰﾊﾟﾝﾄ', US_TITLE = '规格：掺杂剂' WHERE TABLE_ID = 'TBLID_BPROD' AND UPPER(FIELD_NAME) = 'STD_DOPANT';
UPDATE SM_FIELD_DEF SET JP_TITLE = '規格：ﾊﾞｯｸシールド', US_TITLE = '规格：背封' WHERE TABLE_ID = 'TBLID_BPROD' AND UPPER(FIELD_NAME) = 'STD_BACK_SHIELD';
UPDATE SM_FIELD_DEF SET JP_TITLE = '規格：ｴｯｼﾞｶｯﾄなし', US_TITLE = '规格：不去边' WHERE TABLE_ID = 'TBLID_BPROD' AND UPPER(FIELD_NAME) = 'STD_NO_EDGECUT';
UPDATE SM_FIELD_DEF SET JP_TITLE = '規格：厚み', US_TITLE = '规格：厚度' WHERE TABLE_ID = 'TBLID_BPROD' AND UPPER(FIELD_NAME) = 'STD_THICKNESS';
UPDATE SM_FIELD_DEF SET JP_TITLE = '規格：抵抗率範囲', US_TITLE = '规格：电阻率范围' WHERE TABLE_ID = 'TBLID_BPROD' AND UPPER(FIELD_NAME) = 'STD_RESISTIVITY';
UPDATE SM_FIELD_DEF SET JP_TITLE = 'ｻﾌﾟﾗｲﾔｰ', US_TITLE = '供应商' WHERE TABLE_ID = 'TBLID_BPROD' AND UPPER(FIELD_NAME) = 'SUPPLIER';
UPDATE SM_FIELD_DEF SET JP_TITLE = '製造ﾒｰｶｰ', US_TITLE = '制造商' WHERE TABLE_ID = 'TBLID_BPROD' AND UPPER(FIELD_NAME) = 'PRODUCT_MAKER';
UPDATE SM_FIELD_DEF SET JP_TITLE = '製造住所', US_TITLE = '制造地址' WHERE TABLE_ID = 'TBLID_BPROD' AND UPPER(FIELD_NAME) = 'PRODUCT_ADRESS';
UPDATE SM_FIELD_DEF SET JP_TITLE = 'ROHSﾌﾗｸﾞ', US_TITLE = 'ROHS标识' WHERE TABLE_ID = 'TBLID_BPROD' AND UPPER(FIELD_NAME) = 'ROHS_FLG';
UPDATE SM_FIELD_DEF SET JP_TITLE = '客先規格', US_TITLE = '客户规格' WHERE TABLE_ID = 'TBLID_BPROD' AND UPPER(FIELD_NAME) = 'CUSTOMER_STD';
UPDATE SM_FIELD_DEF SET JP_TITLE = '酸素含有量', US_TITLE = '氧含量' WHERE TABLE_ID = 'TBLID_BPROD' AND UPPER(FIELD_NAME) = 'OXY_INCLUDE';
UPDATE SM_FIELD_DEF SET JP_TITLE = '工場ｺｰﾄﾞ', US_TITLE = '工厂代码' WHERE TABLE_ID = 'TBLID_BPROD' AND UPPER(FIELD_NAME) = 'PLANT_CODE';
UPDATE SM_FIELD_DEF SET JP_TITLE = '提示ﾒｯｾｰｼﾞ', US_TITLE = '提示信息' WHERE TABLE_ID = 'TBLID_BPROD' AND UPPER(FIELD_NAME) = 'MESSAGE';
UPDATE SM_FIELD_DEF SET JP_TITLE = '保障期間(月)', US_TITLE = '有效期(月)' WHERE TABLE_ID = 'TBLID_BPROD' AND UPPER(FIELD_NAME) = 'ASS_TERM';
UPDATE SM_FIELD_DEF SET JP_TITLE = 'Particle', US_TITLE = 'PARTICLE' WHERE TABLE_ID = 'TBLID_BPROD' AND UPPER(FIELD_NAME) = 'PARTICLE';
UPDATE SM_FIELD_DEF SET JP_TITLE = 'Bow', US_TITLE = 'Bow' WHERE TABLE_ID = 'TBLID_BPROD' AND UPPER(FIELD_NAME) = 'BOW';
UPDATE SM_FIELD_DEF SET JP_TITLE = 'Warp', US_TITLE = 'Warp' WHERE TABLE_ID = 'TBLID_BPROD' AND UPPER(FIELD_NAME) = 'WARP';
UPDATE SM_FIELD_DEF SET JP_TITLE = 'Supplier Spec', US_TITLE = 'Supplier Spec' WHERE TABLE_ID = 'TBLID_BPROD' AND UPPER(FIELD_NAME) = 'SUPPLIER_SPEC';
UPDATE SM_FIELD_DEF SET JP_TITLE = 'Supplier Part', US_TITLE = 'Supplier Part' WHERE TABLE_ID = 'TBLID_BPROD' AND UPPER(FIELD_NAME) = 'SUPPLIER_PART';
UPDATE SM_FIELD_DEF SET JP_TITLE = '客先名称(英語)', US_TITLE = '客户英文名称' WHERE TABLE_ID = 'TBLID_BPROD' AND UPPER(FIELD_NAME) = 'CUSTOMER_NAME_EN';
UPDATE SM_FIELD_DEF SET JP_TITLE = 'ﾏﾃﾘｱﾙID', US_TITLE = '物料编码' WHERE TABLE_ID = 'TBLID_BPROD' AND UPPER(FIELD_NAME) = 'MATERIAL_ID';
UPDATE SM_FIELD_DEF SET JP_TITLE = '自定義組合01', US_TITLE = '自定义组合01' WHERE TABLE_ID = 'TBLID_BPROD' AND UPPER(FIELD_NAME) = 'SELF_DEF_01';
UPDATE SM_FIELD_DEF SET JP_TITLE = '自定義組合02', US_TITLE = '自定义组合02' WHERE TABLE_ID = 'TBLID_BPROD' AND UPPER(FIELD_NAME) = 'SELF_DEF_02';
UPDATE SM_FIELD_DEF SET JP_TITLE = '自定義組合03', US_TITLE = '自定义组合03' WHERE TABLE_ID = 'TBLID_BPROD' AND UPPER(FIELD_NAME) = 'SELF_DEF_03';
UPDATE SM_FIELD_DEF SET JP_TITLE = '自定義組合04', US_TITLE = '自定义组合04' WHERE TABLE_ID = 'TBLID_BPROD' AND UPPER(FIELD_NAME) = 'SELF_DEF_04';
UPDATE SM_FIELD_DEF SET JP_TITLE = '自定義組合05', US_TITLE = '自定义组合05' WHERE TABLE_ID = 'TBLID_BPROD' AND UPPER(FIELD_NAME) = 'SELF_DEF_05';
UPDATE SM_FIELD_DEF SET JP_TITLE = '自定義組合06', US_TITLE = '自定义组合06' WHERE TABLE_ID = 'TBLID_BPROD' AND UPPER(FIELD_NAME) = 'SELF_DEF_06';
UPDATE SM_FIELD_DEF SET JP_TITLE = '自定義組合07', US_TITLE = '自定义组合07' WHERE TABLE_ID = 'TBLID_BPROD' AND UPPER(FIELD_NAME) = 'SELF_DEF_07';
UPDATE SM_FIELD_DEF SET JP_TITLE = '自定義組合08', US_TITLE = '自定义组合08' WHERE TABLE_ID = 'TBLID_BPROD' AND UPPER(FIELD_NAME) = 'SELF_DEF_08';
UPDATE SM_FIELD_DEF SET JP_TITLE = '自定義組合09', US_TITLE = '自定义组合09' WHERE TABLE_ID = 'TBLID_BPROD' AND UPPER(FIELD_NAME) = 'SELF_DEF_09';
UPDATE SM_FIELD_DEF SET JP_TITLE = '自定義組合10', US_TITLE = '自定义组合10' WHERE TABLE_ID = 'TBLID_BPROD' AND UPPER(FIELD_NAME) = 'SELF_DEF_10';
UPDATE SM_FIELD_DEF SET JP_TITLE = '自定義組合11', US_TITLE = '自定义组合11' WHERE TABLE_ID = 'TBLID_BPROD' AND UPPER(FIELD_NAME) = 'SELF_DEF_11';
UPDATE SM_FIELD_DEF SET JP_TITLE = '自定義組合12', US_TITLE = '自定义组合12' WHERE TABLE_ID = 'TBLID_BPROD' AND UPPER(FIELD_NAME) = 'SELF_DEF_12';
UPDATE SM_FIELD_DEF SET JP_TITLE = '自定義組合13', US_TITLE = '自定义组合13' WHERE TABLE_ID = 'TBLID_BPROD' AND UPPER(FIELD_NAME) = 'SELF_DEF_13';
UPDATE SM_FIELD_DEF SET JP_TITLE = '自定義組合14', US_TITLE = '自定义组合14' WHERE TABLE_ID = 'TBLID_BPROD' AND UPPER(FIELD_NAME) = 'SELF_DEF_14';
UPDATE SM_FIELD_DEF SET JP_TITLE = '自定義組合15', US_TITLE = '自定义组合15' WHERE TABLE_ID = 'TBLID_BPROD' AND UPPER(FIELD_NAME) = 'SELF_DEF_15';
UPDATE SM_FIELD_DEF SET JP_TITLE = '自定義組合16', US_TITLE = '自定义组合16' WHERE TABLE_ID = 'TBLID_BPROD' AND UPPER(FIELD_NAME) = 'SELF_DEF_16';
UPDATE SM_FIELD_DEF SET JP_TITLE = '自定義組合17', US_TITLE = '自定义组合17' WHERE TABLE_ID = 'TBLID_BPROD' AND UPPER(FIELD_NAME) = 'SELF_DEF_17';
UPDATE SM_FIELD_DEF SET JP_TITLE = '自定義組合18', US_TITLE = '自定义组合18' WHERE TABLE_ID = 'TBLID_BPROD' AND UPPER(FIELD_NAME) = 'SELF_DEF_18';
UPDATE SM_FIELD_DEF SET JP_TITLE = '自定義組合19', US_TITLE = '自定义组合19' WHERE TABLE_ID = 'TBLID_BPROD' AND UPPER(FIELD_NAME) = 'SELF_DEF_19';
UPDATE SM_FIELD_DEF SET JP_TITLE = '自定義組合20', US_TITLE = '自定义组合20' WHERE TABLE_ID = 'TBLID_BPROD' AND UPPER(FIELD_NAME) = 'SELF_DEF_20';
UPDATE SM_FIELD_DEF SET JP_TITLE = '自定義組合21', US_TITLE = '自定义组合21' WHERE TABLE_ID = 'TBLID_BPROD' AND UPPER(FIELD_NAME) = 'SELF_DEF_21';
UPDATE SM_FIELD_DEF SET JP_TITLE = '自定義組合22', US_TITLE = '自定义组合22' WHERE TABLE_ID = 'TBLID_BPROD' AND UPPER(FIELD_NAME) = 'SELF_DEF_22';
UPDATE SM_FIELD_DEF SET JP_TITLE = '自定義組合23', US_TITLE = '自定义组合23' WHERE TABLE_ID = 'TBLID_BPROD' AND UPPER(FIELD_NAME) = 'SELF_DEF_23';
UPDATE SM_FIELD_DEF SET JP_TITLE = '自定義組合24', US_TITLE = '自定义组合24' WHERE TABLE_ID = 'TBLID_BPROD' AND UPPER(FIELD_NAME) = 'SELF_DEF_24';
UPDATE SM_FIELD_DEF SET JP_TITLE = '自定義組合25', US_TITLE = '自定义组合25' WHERE TABLE_ID = 'TBLID_BPROD' AND UPPER(FIELD_NAME) = 'SELF_DEF_25';
UPDATE SM_FIELD_DEF SET JP_TITLE = '自定義組合26', US_TITLE = '自定义组合26' WHERE TABLE_ID = 'TBLID_BPROD' AND UPPER(FIELD_NAME) = 'SELF_DEF_26';
UPDATE SM_FIELD_DEF SET JP_TITLE = '自定義組合27', US_TITLE = '自定义组合27' WHERE TABLE_ID = 'TBLID_BPROD' AND UPPER(FIELD_NAME) = 'SELF_DEF_27';
UPDATE SM_FIELD_DEF SET JP_TITLE = '自定義組合28', US_TITLE = '自定义组合28' WHERE TABLE_ID = 'TBLID_BPROD' AND UPPER(FIELD_NAME) = 'SELF_DEF_28';
UPDATE SM_FIELD_DEF SET JP_TITLE = '自定義組合29', US_TITLE = '自定义组合29' WHERE TABLE_ID = 'TBLID_BPROD' AND UPPER(FIELD_NAME) = 'SELF_DEF_29';
UPDATE SM_FIELD_DEF SET JP_TITLE = '自定義組合30', US_TITLE = '自定义组合30' WHERE TABLE_ID = 'TBLID_BPROD' AND UPPER(FIELD_NAME) = 'SELF_DEF_30';
UPDATE SM_FIELD_DEF SET JP_TITLE = 'ｲﾝﾗｲﾝ/先行評価ﾛｯﾄ管理', US_TITLE = 'Il_pre_ctrl' WHERE TABLE_ID = 'TBLID_BPROD' AND UPPER(FIELD_NAME) = 'DUMMY';
UPDATE SM_FIELD_DEF SET JP_TITLE = '一般ﾊﾞｯﾁ編成', US_TITLE = 'Com_Batch' WHERE TABLE_ID = 'TBLID_BPROD' AND UPPER(FIELD_NAME) = 'DUMMY2';
UPDATE SM_FIELD_DEF SET JP_TITLE = 'BPRODCODEへのｼﾞｬﾝﾌﾟ用ﾀﾞﾐｰ', US_TITLE = 'L' WHERE TABLE_ID = 'TBLID_BPROD' AND UPPER(FIELD_NAME) = 'PROD_CODE_CAT';
UPDATE SM_FIELD_DEF SET JP_TITLE = 'BCODEへのｼﾞｬﾝﾌﾟ用ﾀﾞﾐｰ', US_TITLE = 'L' WHERE TABLE_ID = 'TBLID_BPROD' AND UPPER(FIELD_NAME) = 'CODE_CAT';
UPDATE SM_FIELD_DEF SET JP_TITLE = '{NULL', US_TITLE = 'NULL' WHERE TABLE_ID = 'TBLID_BPROD' AND UPPER(FIELD_NAME) = 'NULL';
UPDATE SM_FIELD_DEF SET JP_TITLE = '{"ﾀｲﾄﾙ', US_TITLE = '英語名' WHERE TABLE_ID = 'TBLID_BPRODCODE' AND UPPER(FIELD_NAME) = 'ﾌｨｰﾙﾄﾞ名';
UPDATE SM_FIELD_DEF SET JP_TITLE = '{"--------------------', US_TITLE = '--------------------------------------------------------' WHERE TABLE_ID = 'TBLID_BPRODCODE' AND UPPER(FIELD_NAME) = '--------------------';
UPDATE SM_FIELD_DEF SET JP_TITLE = '製品ｺｰﾄﾞ･ｺｰﾄﾞ区分', US_TITLE = 'PROD_CODE_CAT' WHERE TABLE_ID = 'TBLID_BPRODCODE' AND UPPER(FIELD_NAME) = 'PROD_CODE_CAT';
UPDATE SM_FIELD_DEF SET JP_TITLE = '製品ｺｰﾄﾞ･ｺｰﾄﾞID', US_TITLE = 'PROD_CODE_ID' WHERE TABLE_ID = 'TBLID_BPRODCODE' AND UPPER(FIELD_NAME) = 'PROD_CODE_ID';
UPDATE SM_FIELD_DEF SET JP_TITLE = '製品ｺｰﾄﾞ･ｺｰﾄﾞ名称', US_TITLE = 'PROD_CODE_NAME' WHERE TABLE_ID = 'TBLID_BPRODCODE' AND UPPER(FIELD_NAME) = 'PROD_CODE_NAME';
UPDATE SM_FIELD_DEF SET JP_TITLE = '製品ｺｰﾄﾞ･ｺｰﾄﾞ詳細', US_TITLE = 'PROD_CODE_DESC' WHERE TABLE_ID = 'TBLID_BPRODCODE' AND UPPER(FIELD_NAME) = 'PROD_CODE_DESC';
UPDATE SM_FIELD_DEF SET JP_TITLE = '{NULL', US_TITLE = 'NULL' WHERE TABLE_ID = 'TBLID_BPRODCODE' AND UPPER(FIELD_NAME) = 'NULL';
UPDATE SM_FIELD_DEF SET JP_TITLE = '{"ﾀｲﾄﾙ', US_TITLE = '英語名' WHERE TABLE_ID = 'TBLID_BRECIP_LOOKUP' AND UPPER(FIELD_NAME) = 'ﾌｨｰﾙﾄﾞ名';
UPDATE SM_FIELD_DEF SET JP_TITLE = '{"--------------------', US_TITLE = '--------------------------------------------------------' WHERE TABLE_ID = 'TBLID_BRECIP_LOOKUP' AND UPPER(FIELD_NAME) = '--------------------';
UPDATE SM_FIELD_DEF SET JP_TITLE = 'ﾙｰﾄID', US_TITLE = 'ROUTE_ID' WHERE TABLE_ID = 'TBLID_BRECIP_LOOKUP' AND UPPER(FIELD_NAME) = 'ROUTE_ID';
UPDATE SM_FIELD_DEF SET JP_TITLE = 'ﾙｰﾄﾊﾞｰｼﾞｮﾝ', US_TITLE = 'ROUTE_VER' WHERE TABLE_ID = 'TBLID_BRECIP_LOOKUP' AND UPPER(FIELD_NAME) = 'ROUTE_VER';
UPDATE SM_FIELD_DEF SET JP_TITLE = '作業番号', US_TITLE = 'OPE_NO' WHERE TABLE_ID = 'TBLID_BRECIP_LOOKUP' AND UPPER(FIELD_NAME) = 'OPE_NO';
UPDATE SM_FIELD_DEF SET JP_TITLE = '製品ｺｰﾄﾞID', US_TITLE = 'PROD_ID' WHERE TABLE_ID = 'TBLID_BRECIP_LOOKUP' AND UPPER(FIELD_NAME) = 'PROD_ID';
UPDATE SM_FIELD_DEF SET JP_TITLE = '装置ID', US_TITLE = 'EQP_ID' WHERE TABLE_ID = 'TBLID_BRECIP_LOOKUP' AND UPPER(FIELD_NAME) = 'EQP_ID';
UPDATE SM_FIELD_DEF SET JP_TITLE = '{"ﾚｼﾋﾟID', US_TITLE = 'Recip ID' WHERE TABLE_ID = 'TBLID_BRECIP_LOOKUP' AND UPPER(FIELD_NAME) = 'RECIP_ID';
UPDATE SM_FIELD_DEF SET JP_TITLE = 'ﾚｼﾋﾟID', US_TITLE = 'RECIP_ID' WHERE TABLE_ID = 'TBLID_BRECIP_LOOKUP' AND UPPER(FIELD_NAME) = 'RECIP_ID';
UPDATE SM_FIELD_DEF SET JP_TITLE = 'ﾏﾙﾁﾚｼﾋﾟ設定ﾃｰﾌﾞﾙ', US_TITLE = 'MultiRecip' WHERE TABLE_ID = 'TBLID_BRECIP_LOOKUP' AND UPPER(FIELD_NAME) = 'DUMMY';
UPDATE SM_FIELD_DEF SET JP_TITLE = '{NULL', US_TITLE = 'NULL' WHERE TABLE_ID = 'TBLID_BRECIP_LOOKUP' AND UPPER(FIELD_NAME) = 'NULL';
UPDATE SM_FIELD_DEF SET JP_TITLE = '{"ﾀｲﾄﾙ', US_TITLE = '英語名' WHERE TABLE_ID = 'TBLID_BRECIP_PRAM' AND UPPER(FIELD_NAME) = 'ﾌｨｰﾙﾄﾞ名';
UPDATE SM_FIELD_DEF SET JP_TITLE = '{"--------------------', US_TITLE = '--------------------------------------------------------' WHERE TABLE_ID = 'TBLID_BRECIP_PRAM' AND UPPER(FIELD_NAME) = '--------------------';
UPDATE SM_FIELD_DEF SET JP_TITLE = '装置ID', US_TITLE = 'EQP_ID' WHERE TABLE_ID = 'TBLID_BRECIP_PRAM' AND UPPER(FIELD_NAME) = 'EQP_ID';
UPDATE SM_FIELD_DEF SET JP_TITLE = 'ﾚｼﾋﾟID', US_TITLE = 'RECIP_ID' WHERE TABLE_ID = 'TBLID_BRECIP_PRAM' AND UPPER(FIELD_NAME) = 'RECIP_ID';
UPDATE SM_FIELD_DEF SET JP_TITLE = 'ﾚｼﾋﾟﾊﾟﾗﾒｰﾀID', US_TITLE = 'RECIP_PRAM_ID' WHERE TABLE_ID = 'TBLID_BRECIP_PRAM' AND UPPER(FIELD_NAME) = 'RECIP_PRAM_ID';
UPDATE SM_FIELD_DEF SET JP_TITLE = 'ﾚｼﾋﾟﾊﾟﾗﾒｰﾀ名称', US_TITLE = 'RECIP_PRAM_NAME' WHERE TABLE_ID = 'TBLID_BRECIP_PRAM' AND UPPER(FIELD_NAME) = 'RECIP_PRAM_NAME';
UPDATE SM_FIELD_DEF SET JP_TITLE = 'ﾚｼﾋﾟﾊﾟﾗﾒｰﾀ詳細', US_TITLE = 'RECIP_PRAM_DESC' WHERE TABLE_ID = 'TBLID_BRECIP_PRAM' AND UPPER(FIELD_NAME) = 'RECIP_PRAM_DESC';
UPDATE SM_FIELD_DEF SET JP_TITLE = '標準値', US_TITLE = 'STD_VAL' WHERE TABLE_ID = 'TBLID_BRECIP_PRAM' AND UPPER(FIELD_NAME) = 'STD_VAL';
UPDATE SM_FIELD_DEF SET JP_TITLE = '上限値', US_TITLE = 'H_VAL' WHERE TABLE_ID = 'TBLID_BRECIP_PRAM' AND UPPER(FIELD_NAME) = 'H_VAL';
UPDATE SM_FIELD_DEF SET JP_TITLE = '下限値', US_TITLE = 'L_VAL' WHERE TABLE_ID = 'TBLID_BRECIP_PRAM' AND UPPER(FIELD_NAME) = 'L_VAL';
UPDATE SM_FIELD_DEF SET JP_TITLE = '測定単位', US_TITLE = 'MEAS_UNIT' WHERE TABLE_ID = 'TBLID_BRECIP_PRAM' AND UPPER(FIELD_NAME) = 'MEAS_UNIT';
UPDATE SM_FIELD_DEF SET JP_TITLE = 'BPRODCODEへのｼﾞｬﾝﾌﾟ用ﾀﾞﾐｰ', US_TITLE = 'L' WHERE TABLE_ID = 'TBLID_BRECIP_PRAM' AND UPPER(FIELD_NAME) = 'PROD_CODE_CAT';
UPDATE SM_FIELD_DEF SET JP_TITLE = 'BCODEへのｼﾞｬﾝﾌﾟ用ﾀﾞﾐｰ', US_TITLE = 'L' WHERE TABLE_ID = 'TBLID_BRECIP_PRAM' AND UPPER(FIELD_NAME) = 'CODE_CAT';
UPDATE SM_FIELD_DEF SET JP_TITLE = '{NULL', US_TITLE = 'NULL' WHERE TABLE_ID = 'TBLID_BRECIP_PRAM' AND UPPER(FIELD_NAME) = 'NULL';
UPDATE SM_FIELD_DEF SET JP_TITLE = '{"ﾀｲﾄﾙ', US_TITLE = '英語名' WHERE TABLE_ID = 'TBLID_BMEAS_LOOKUP' AND UPPER(FIELD_NAME) = 'ﾌｨｰﾙﾄﾞ名';
UPDATE SM_FIELD_DEF SET JP_TITLE = '{"--------------------', US_TITLE = '--------------------------------------------------------' WHERE TABLE_ID = 'TBLID_BMEAS_LOOKUP' AND UPPER(FIELD_NAME) = '--------------------';
UPDATE SM_FIELD_DEF SET JP_TITLE = 'ﾙｰﾄID', US_TITLE = 'ROUTE_ID' WHERE TABLE_ID = 'TBLID_BMEAS_LOOKUP' AND UPPER(FIELD_NAME) = 'ROUTE_ID';
UPDATE SM_FIELD_DEF SET JP_TITLE = 'ﾙｰﾄﾊﾞｰｼﾞｮﾝ', US_TITLE = 'ROUTE_VER' WHERE TABLE_ID = 'TBLID_BMEAS_LOOKUP' AND UPPER(FIELD_NAME) = 'ROUTE_VER';
UPDATE SM_FIELD_DEF SET JP_TITLE = '作業番号', US_TITLE = 'OPE_NO' WHERE TABLE_ID = 'TBLID_BMEAS_LOOKUP' AND UPPER(FIELD_NAME) = 'OPE_NO';
UPDATE SM_FIELD_DEF SET JP_TITLE = '製品ｺｰﾄﾞID', US_TITLE = 'PROD_ID' WHERE TABLE_ID = 'TBLID_BMEAS_LOOKUP' AND UPPER(FIELD_NAME) = 'PROD_ID';
UPDATE SM_FIELD_DEF SET JP_TITLE = '装置ID', US_TITLE = 'EQP_ID' WHERE TABLE_ID = 'TBLID_BMEAS_LOOKUP' AND UPPER(FIELD_NAME) = 'EQP_ID';
UPDATE SM_FIELD_DEF SET JP_TITLE = '{"測定ID', US_TITLE = 'MEAS_ID' WHERE TABLE_ID = 'TBLID_BMEAS_LOOKUP' AND UPPER(FIELD_NAME) = 'MEAS_ID';
UPDATE SM_FIELD_DEF SET JP_TITLE = '測定ID', US_TITLE = 'MEAS_ID' WHERE TABLE_ID = 'TBLID_BMEAS_LOOKUP' AND UPPER(FIELD_NAME) = 'MEAS_ID';
UPDATE SM_FIELD_DEF SET JP_TITLE = '{NULL', US_TITLE = 'NULL' WHERE TABLE_ID = 'TBLID_BMEAS_LOOKUP' AND UPPER(FIELD_NAME) = 'NULL';
UPDATE SM_FIELD_DEF SET JP_TITLE = '{"ﾀｲﾄﾙ', US_TITLE = '英語名' WHERE TABLE_ID = 'TBLID_BMEAS_ID_ITEM' AND UPPER(FIELD_NAME) = 'ﾌｨｰﾙﾄﾞ名';
UPDATE SM_FIELD_DEF SET JP_TITLE = '{"--------------------', US_TITLE = '--------------------------------------------------------' WHERE TABLE_ID = 'TBLID_BMEAS_ID_ITEM' AND UPPER(FIELD_NAME) = '--------------------';
UPDATE SM_FIELD_DEF SET JP_TITLE = '測定ID', US_TITLE = 'MEAS_ID' WHERE TABLE_ID = 'TBLID_BMEAS_ID_ITEM' AND UPPER(FIELD_NAME) = 'MEAS_ID';
UPDATE SM_FIELD_DEF SET JP_TITLE = '測定項目', US_TITLE = 'MEAS_ITEM' WHERE TABLE_ID = 'TBLID_BMEAS_ID_ITEM' AND UPPER(FIELD_NAME) = 'MEAS_ITEM';
UPDATE SM_FIELD_DEF SET JP_TITLE = '項目ｼｰｹﾝｽ番号', US_TITLE = 'ITEM_SEQ_NO' WHERE TABLE_ID = 'TBLID_BMEAS_ID_ITEM' AND UPPER(FIELD_NAME) = 'ITEM_SEQ_NO';
UPDATE SM_FIELD_DEF SET JP_TITLE = '測定ﾃﾞｰﾀ項目ｸﾞﾙｰﾌﾟ', US_TITLE = 'MEAS_DATA_ITEMG' WHERE TABLE_ID = 'TBLID_BMEAS_ID_ITEM' AND UPPER(FIELD_NAME) = 'MEAS_DATA_ITEMG';
UPDATE SM_FIELD_DEF SET JP_TITLE = '{"測定ﾎﾟｲﾝﾄ数', US_TITLE = 'MEAS_PNT_CNT' WHERE TABLE_ID = 'TBLID_BMEAS_ID_ITEM' AND UPPER(FIELD_NAME) = 'MEAS_PNT_CNT';
UPDATE SM_FIELD_DEF SET JP_TITLE = '測定ﾎﾟｲﾝﾄ数', US_TITLE = 'MEAS_PNT_CNT' WHERE TABLE_ID = 'TBLID_BMEAS_ID_ITEM' AND UPPER(FIELD_NAME) = 'MEAS_PNT_CNT';
UPDATE SM_FIELD_DEF SET JP_TITLE = '規格ﾁｪｯｸﾌﾗｸﾞ', US_TITLE = 'STD_CHK_FLG' WHERE TABLE_ID = 'TBLID_BMEAS_ID_ITEM' AND UPPER(FIELD_NAME) = 'STD_CHK_FLG';
UPDATE SM_FIELD_DEF SET JP_TITLE = '入力ﾓｰﾄﾞ', US_TITLE = 'INP_MODE' WHERE TABLE_ID = 'TBLID_BMEAS_ID_ITEM' AND UPPER(FIELD_NAME) = 'INP_MODE';
UPDATE SM_FIELD_DEF SET JP_TITLE = '式ｺｰﾄﾞ', US_TITLE = 'CALC_CODE' WHERE TABLE_ID = 'TBLID_BMEAS_ID_ITEM' AND UPPER(FIELD_NAME) = 'CALC_CODE';
UPDATE SM_FIELD_DEF SET JP_TITLE = '式ﾊﾟﾗﾒｰﾀ1', US_TITLE = 'CALC_PARM1' WHERE TABLE_ID = 'TBLID_BMEAS_ID_ITEM' AND UPPER(FIELD_NAME) = 'CALC_PARM1';
UPDATE SM_FIELD_DEF SET JP_TITLE = '式ﾊﾟﾗﾒｰﾀ2', US_TITLE = 'CALC_PARM2' WHERE TABLE_ID = 'TBLID_BMEAS_ID_ITEM' AND UPPER(FIELD_NAME) = 'CALC_PARM2';
UPDATE SM_FIELD_DEF SET JP_TITLE = '式ﾊﾟﾗﾒｰﾀ3', US_TITLE = 'CALC_PARM3' WHERE TABLE_ID = 'TBLID_BMEAS_ID_ITEM' AND UPPER(FIELD_NAME) = 'CALC_PARM3';
UPDATE SM_FIELD_DEF SET JP_TITLE = '式ﾊﾟﾗﾒｰﾀ4', US_TITLE = 'CALC_PARM4' WHERE TABLE_ID = 'TBLID_BMEAS_ID_ITEM' AND UPPER(FIELD_NAME) = 'CALC_PARM4';
UPDATE SM_FIELD_DEF SET JP_TITLE = '式ﾊﾟﾗﾒｰﾀ5', US_TITLE = 'CALC_PARM5' WHERE TABLE_ID = 'TBLID_BMEAS_ID_ITEM' AND UPPER(FIELD_NAME) = 'CALC_PARM5';
UPDATE SM_FIELD_DEF SET JP_TITLE = '式ﾊﾟﾗﾒｰﾀ6', US_TITLE = 'CALC_PARM6' WHERE TABLE_ID = 'TBLID_BMEAS_ID_ITEM' AND UPPER(FIELD_NAME) = 'CALC_PARM6';
UPDATE SM_FIELD_DEF SET JP_TITLE = '式ﾊﾟﾗﾒｰﾀ7', US_TITLE = 'CALC_PARM7' WHERE TABLE_ID = 'TBLID_BMEAS_ID_ITEM' AND UPPER(FIELD_NAME) = 'CALC_PARM7';
UPDATE SM_FIELD_DEF SET JP_TITLE = '式ﾊﾟﾗﾒｰﾀ8', US_TITLE = 'CALC_PARM8' WHERE TABLE_ID = 'TBLID_BMEAS_ID_ITEM' AND UPPER(FIELD_NAME) = 'CALC_PARM8';
UPDATE SM_FIELD_DEF SET JP_TITLE = '式ﾊﾟﾗﾒｰﾀ9', US_TITLE = 'CALC_PARM9' WHERE TABLE_ID = 'TBLID_BMEAS_ID_ITEM' AND UPPER(FIELD_NAME) = 'CALC_PARM9';
UPDATE SM_FIELD_DEF SET JP_TITLE = '{"式ﾊﾟﾗﾒｰﾀ10', US_TITLE = 'CALC_PARM10' WHERE TABLE_ID = 'TBLID_BMEAS_ID_ITEM' AND UPPER(FIELD_NAME) = 'CALC_PARM10';
UPDATE SM_FIELD_DEF SET JP_TITLE = '{"SPC送信ﾌﾗｸﾞ', US_TITLE = 'CALC_PARM10' WHERE TABLE_ID = 'TBLID_BMEAS_ID_ITEM' AND UPPER(FIELD_NAME) = 'CALC_PARM10';
UPDATE SM_FIELD_DEF SET JP_TITLE = '式ﾊﾟﾗﾒｰﾀ10', US_TITLE = 'CALC_PARM10' WHERE TABLE_ID = 'TBLID_BMEAS_ID_ITEM' AND UPPER(FIELD_NAME) = 'CALC_PARM10';
UPDATE SM_FIELD_DEF SET JP_TITLE = '関連工程ID', US_TITLE = 'REL_OPE_ID' WHERE TABLE_ID = 'TBLID_BMEAS_ID_ITEM' AND UPPER(FIELD_NAME) = 'REL_OPE_ID';
UPDATE SM_FIELD_DEF SET JP_TITLE = '総合判定対象ﾌﾗｸﾞ', US_TITLE = 'SHIP_JDG_FLG' WHERE TABLE_ID = 'TBLID_BMEAS_ID_ITEM' AND UPPER(FIELD_NAME) = 'SHIP_JDG_FLG';
UPDATE SM_FIELD_DEF SET JP_TITLE = '式ﾊﾟﾗﾒｰﾀ11', US_TITLE = 'CALC_PARM11' WHERE TABLE_ID = 'TBLID_BMEAS_ID_ITEM' AND UPPER(FIELD_NAME) = 'CALC_PARM11';
UPDATE SM_FIELD_DEF SET JP_TITLE = '式ﾊﾟﾗﾒｰﾀ12', US_TITLE = 'CALC_PARM12' WHERE TABLE_ID = 'TBLID_BMEAS_ID_ITEM' AND UPPER(FIELD_NAME) = 'CALC_PARM12';
UPDATE SM_FIELD_DEF SET JP_TITLE = '式ﾊﾟﾗﾒｰﾀ13', US_TITLE = 'CALC_PARM13' WHERE TABLE_ID = 'TBLID_BMEAS_ID_ITEM' AND UPPER(FIELD_NAME) = 'CALC_PARM13';
UPDATE SM_FIELD_DEF SET JP_TITLE = '式ﾊﾟﾗﾒｰﾀ14', US_TITLE = 'CALC_PARM14' WHERE TABLE_ID = 'TBLID_BMEAS_ID_ITEM' AND UPPER(FIELD_NAME) = 'CALC_PARM14';
UPDATE SM_FIELD_DEF SET JP_TITLE = '式ﾊﾟﾗﾒｰﾀ15', US_TITLE = 'CALC_PARM15' WHERE TABLE_ID = 'TBLID_BMEAS_ID_ITEM' AND UPPER(FIELD_NAME) = 'CALC_PARM15';
UPDATE SM_FIELD_DEF SET JP_TITLE = '式ﾊﾟﾗﾒｰﾀ16', US_TITLE = 'CALC_PARM16' WHERE TABLE_ID = 'TBLID_BMEAS_ID_ITEM' AND UPPER(FIELD_NAME) = 'CALC_PARM16';
UPDATE SM_FIELD_DEF SET JP_TITLE = '式ﾊﾟﾗﾒｰﾀ17', US_TITLE = 'CALC_PARM17' WHERE TABLE_ID = 'TBLID_BMEAS_ID_ITEM' AND UPPER(FIELD_NAME) = 'CALC_PARM17';
UPDATE SM_FIELD_DEF SET JP_TITLE = '式ﾊﾟﾗﾒｰﾀ18', US_TITLE = 'CALC_PARM18' WHERE TABLE_ID = 'TBLID_BMEAS_ID_ITEM' AND UPPER(FIELD_NAME) = 'CALC_PARM18';
UPDATE SM_FIELD_DEF SET JP_TITLE = '式ﾊﾟﾗﾒｰﾀ19', US_TITLE = 'CALC_PARM19' WHERE TABLE_ID = 'TBLID_BMEAS_ID_ITEM' AND UPPER(FIELD_NAME) = 'CALC_PARM19';
UPDATE SM_FIELD_DEF SET JP_TITLE = '式ﾊﾟﾗﾒｰﾀ20', US_TITLE = 'CALC_PARM20' WHERE TABLE_ID = 'TBLID_BMEAS_ID_ITEM' AND UPPER(FIELD_NAME) = 'CALC_PARM20';
UPDATE SM_FIELD_DEF SET JP_TITLE = '{"SPC送信ﾌﾗｸﾞ', US_TITLE = 'SPC_FLG' WHERE TABLE_ID = 'TBLID_BMEAS_ID_ITEM' AND UPPER(FIELD_NAME) = 'SPC_FLG';
UPDATE SM_FIELD_DEF SET JP_TITLE = 'SPC送信ﾌﾗｸﾞ', US_TITLE = 'SPC_FLG' WHERE TABLE_ID = 'TBLID_BMEAS_ID_ITEM' AND UPPER(FIELD_NAME) = 'SPC_FLG';
UPDATE SM_FIELD_DEF SET JP_TITLE = 'BPRODCODEへのｼﾞｬﾝﾌﾟ用ﾀﾞﾐｰ', US_TITLE = 'L' WHERE TABLE_ID = 'TBLID_BMEAS_ID_ITEM' AND UPPER(FIELD_NAME) = 'PROD_CODE_CAT';
UPDATE SM_FIELD_DEF SET JP_TITLE = 'BCODEへのｼﾞｬﾝﾌﾟ用ﾀﾞﾐｰ', US_TITLE = 'L' WHERE TABLE_ID = 'TBLID_BMEAS_ID_ITEM' AND UPPER(FIELD_NAME) = 'CODE_CAT';
UPDATE SM_FIELD_DEF SET JP_TITLE = '{NULL', US_TITLE = 'NULL' WHERE TABLE_ID = 'TBLID_BMEAS_ID_ITEM' AND UPPER(FIELD_NAME) = 'NULL';
UPDATE SM_FIELD_DEF SET JP_TITLE = '{"ﾀｲﾄﾙ', US_TITLE = '英語名' WHERE TABLE_ID = 'TBLID_BMEAS_PROD' AND UPPER(FIELD_NAME) = 'ﾌｨｰﾙﾄﾞ名';
UPDATE SM_FIELD_DEF SET JP_TITLE = '{"--------------------', US_TITLE = '--------------------------------------------------------' WHERE TABLE_ID = 'TBLID_BMEAS_PROD' AND UPPER(FIELD_NAME) = '--------------------';
UPDATE SM_FIELD_DEF SET JP_TITLE = '製品ｺｰﾄﾞID', US_TITLE = 'PROD_ID' WHERE TABLE_ID = 'TBLID_BMEAS_PROD' AND UPPER(FIELD_NAME) = 'PROD_ID';
UPDATE SM_FIELD_DEF SET JP_TITLE = '測定項目编码', US_TITLE = 'MEAS_ITEM_ID' WHERE TABLE_ID = 'TBLID_BMEAS_PROD' AND UPPER(FIELD_NAME) = 'MEAS_ITEM_ID';
UPDATE SM_FIELD_DEF SET JP_TITLE = '測定項目', US_TITLE = 'MEAS_ITEM' WHERE TABLE_ID = 'TBLID_BMEAS_PROD' AND UPPER(FIELD_NAME) = 'MEAS_ITEM';
UPDATE SM_FIELD_DEF SET JP_TITLE = '测量项目备注', US_TITLE = 'MEAS_ITEM_COMMENT' WHERE TABLE_ID = 'TBLID_BMEAS_PROD' AND UPPER(FIELD_NAME) = 'MEAS_ITEM_COMMENT';
UPDATE SM_FIELD_DEF SET JP_TITLE = '下限値', US_TITLE = 'L_VAL' WHERE TABLE_ID = 'TBLID_BMEAS_PROD' AND UPPER(FIELD_NAME) = 'L_VAL';
UPDATE SM_FIELD_DEF SET JP_TITLE = '上限値', US_TITLE = 'H_VAL' WHERE TABLE_ID = 'TBLID_BMEAS_PROD' AND UPPER(FIELD_NAME) = 'H_VAL';
UPDATE SM_FIELD_DEF SET JP_TITLE = '異常下限値', US_TITLE = 'IRR_ L_VAL' WHERE TABLE_ID = 'TBLID_BMEAS_PROD' AND UPPER(FIELD_NAME) = 'IRR_L_VAL';
UPDATE SM_FIELD_DEF SET JP_TITLE = '異常上限値', US_TITLE = 'IRR_ H_VAL' WHERE TABLE_ID = 'TBLID_BMEAS_PROD' AND UPPER(FIELD_NAME) = 'IRR_H_VAL';
UPDATE SM_FIELD_DEF SET JP_TITLE = 'CofCﾃﾞｰﾀﾌﾗｸﾞ', US_TITLE = 'COFCDATA_FLG' WHERE TABLE_ID = 'TBLID_BMEAS_PROD' AND UPPER(FIELD_NAME) = 'COFCDATA_FLG';
UPDATE SM_FIELD_DEF SET JP_TITLE = '検査ﾚｼﾋﾟID', US_TITLE = 'INSP_RECIP_ID' WHERE TABLE_ID = 'TBLID_BMEAS_PROD' AND UPPER(FIELD_NAME) = 'INSP_RECIP_ID';
UPDATE SM_FIELD_DEF SET JP_TITLE = 'CofCﾃﾞｰﾀ工程内検査ﾌﾗｸﾞ', US_TITLE = 'COFCDATA_MEAS_JDG_FLG' WHERE TABLE_ID = 'TBLID_BMEAS_PROD' AND UPPER(FIELD_NAME) = 'COFCDATA_MEAS_JDG_FLG';
UPDATE SM_FIELD_DEF SET JP_TITLE = 'ｱｸｼｮﾝ区分', US_TITLE = 'ACTION_FLG' WHERE TABLE_ID = 'TBLID_BMEAS_PROD' AND UPPER(FIELD_NAME) = 'ACTION_FLG';
UPDATE SM_FIELD_DEF SET JP_TITLE = 'ﾒｰﾙ', US_TITLE = 'MAIL' WHERE TABLE_ID = 'TBLID_BMEAS_PROD' AND UPPER(FIELD_NAME) = 'ACTION_FLG1';
UPDATE SM_FIELD_DEF SET JP_TITLE = 'ﾛｯﾄﾎｰﾙﾄﾞ', US_TITLE = 'Lot Hold' WHERE TABLE_ID = 'TBLID_BMEAS_PROD' AND UPPER(FIELD_NAME) = 'ACTION_FLG2';
UPDATE SM_FIELD_DEF SET JP_TITLE = '装置ﾎｰﾙﾄﾞ', US_TITLE = 'Equipment Hold' WHERE TABLE_ID = 'TBLID_BMEAS_PROD' AND UPPER(FIELD_NAME) = 'ACTION_FLG3';
UPDATE SM_FIELD_DEF SET JP_TITLE = 'ｱｸｼｮﾝﾌﾗｸﾞ4', US_TITLE = 'ACTION FLG 4' WHERE TABLE_ID = 'TBLID_BMEAS_PROD' AND UPPER(FIELD_NAME) = 'ACTION_FLG4';
UPDATE SM_FIELD_DEF SET JP_TITLE = 'ｱｸｼｮﾝﾌﾗｸﾞ5', US_TITLE = 'ACTION FLG 5' WHERE TABLE_ID = 'TBLID_BMEAS_PROD' AND UPPER(FIELD_NAME) = 'ACTION_FLG5';
UPDATE SM_FIELD_DEF SET JP_TITLE = 'ｱｸｼｮﾝﾌﾗｸﾞ6', US_TITLE = 'ACTION FLG 6' WHERE TABLE_ID = 'TBLID_BMEAS_PROD' AND UPPER(FIELD_NAME) = 'ACTION_FLG6';
UPDATE SM_FIELD_DEF SET JP_TITLE = 'ｱｸｼｮﾝﾌﾗｸﾞ7', US_TITLE = 'ACTION FLG 7' WHERE TABLE_ID = 'TBLID_BMEAS_PROD' AND UPPER(FIELD_NAME) = 'ACTION_FLG7';
UPDATE SM_FIELD_DEF SET JP_TITLE = 'ｱｸｼｮﾝﾌﾗｸﾞ8', US_TITLE = 'ACTION FLG 8' WHERE TABLE_ID = 'TBLID_BMEAS_PROD' AND UPPER(FIELD_NAME) = 'ACTION_FLG8';
UPDATE SM_FIELD_DEF SET JP_TITLE = 'ｱｸｼｮﾝﾌﾗｸﾞ9', US_TITLE = 'ACTION FLG 9' WHERE TABLE_ID = 'TBLID_BMEAS_PROD' AND UPPER(FIELD_NAME) = 'ACTION_FLG9';
UPDATE SM_FIELD_DEF SET JP_TITLE = 'ｱｸｼｮﾝﾌﾗｸﾞ10', US_TITLE = 'ACTION FLG 10' WHERE TABLE_ID = 'TBLID_BMEAS_PROD' AND UPPER(FIELD_NAME) = 'ACTION_FLG10';
UPDATE SM_FIELD_DEF SET JP_TITLE = 'ｱｸｼｮﾝﾌﾗｸﾞ11', US_TITLE = 'ACTION FLG 11' WHERE TABLE_ID = 'TBLID_BMEAS_PROD' AND UPPER(FIELD_NAME) = 'ACTION_FLG11';
UPDATE SM_FIELD_DEF SET JP_TITLE = 'ｱｸｼｮﾝﾌﾗｸﾞ12', US_TITLE = 'ACTION FLG 12' WHERE TABLE_ID = 'TBLID_BMEAS_PROD' AND UPPER(FIELD_NAME) = 'ACTION_FLG12';
UPDATE SM_FIELD_DEF SET JP_TITLE = 'ｱｸｼｮﾝﾌﾗｸﾞ13', US_TITLE = 'ACTION FLG 13' WHERE TABLE_ID = 'TBLID_BMEAS_PROD' AND UPPER(FIELD_NAME) = 'ACTION_FLG13';
UPDATE SM_FIELD_DEF SET JP_TITLE = 'ｱｸｼｮﾝﾌﾗｸﾞ14', US_TITLE = 'ACTION FLG 14' WHERE TABLE_ID = 'TBLID_BMEAS_PROD' AND UPPER(FIELD_NAME) = 'ACTION_FLG14';
UPDATE SM_FIELD_DEF SET JP_TITLE = 'ｱｸｼｮﾝﾌﾗｸﾞ15', US_TITLE = 'ACTION FLG 15' WHERE TABLE_ID = 'TBLID_BMEAS_PROD' AND UPPER(FIELD_NAME) = 'ACTION_FLG15';
UPDATE SM_FIELD_DEF SET JP_TITLE = 'ｱｸｼｮﾝﾌﾗｸﾞ16', US_TITLE = 'ACTION FLG 16' WHERE TABLE_ID = 'TBLID_BMEAS_PROD' AND UPPER(FIELD_NAME) = 'ACTION_FLG16';
UPDATE SM_FIELD_DEF SET JP_TITLE = 'ｱｸｼｮﾝﾌﾗｸﾞ17', US_TITLE = 'ACTION FLG 17' WHERE TABLE_ID = 'TBLID_BMEAS_PROD' AND UPPER(FIELD_NAME) = 'ACTION_FLG17';
UPDATE SM_FIELD_DEF SET JP_TITLE = 'ｱｸｼｮﾝﾌﾗｸﾞ18', US_TITLE = 'ACTION FLG 18' WHERE TABLE_ID = 'TBLID_BMEAS_PROD' AND UPPER(FIELD_NAME) = 'ACTION_FLG18';
UPDATE SM_FIELD_DEF SET JP_TITLE = 'ｱｸｼｮﾝﾌﾗｸﾞ19', US_TITLE = 'ACTION FLG 19' WHERE TABLE_ID = 'TBLID_BMEAS_PROD' AND UPPER(FIELD_NAME) = 'ACTION_FLG19';
UPDATE SM_FIELD_DEF SET JP_TITLE = 'ｱｸｼｮﾝﾌﾗｸﾞ20', US_TITLE = 'ACTION FLG 20' WHERE TABLE_ID = 'TBLID_BMEAS_PROD' AND UPPER(FIELD_NAME) = 'ACTION_FLG20';
UPDATE SM_FIELD_DEF SET JP_TITLE = 'ｱｸｼｮﾝﾌﾗｸﾞ21', US_TITLE = 'ACTION FLG 21' WHERE TABLE_ID = 'TBLID_BMEAS_PROD' AND UPPER(FIELD_NAME) = 'ACTION_FLG21';
UPDATE SM_FIELD_DEF SET JP_TITLE = 'ｱｸｼｮﾝﾌﾗｸﾞ22', US_TITLE = 'ACTION FLG 22' WHERE TABLE_ID = 'TBLID_BMEAS_PROD' AND UPPER(FIELD_NAME) = 'ACTION_FLG22';
UPDATE SM_FIELD_DEF SET JP_TITLE = 'ｱｸｼｮﾝﾌﾗｸﾞ23', US_TITLE = 'ACTION FLG 23' WHERE TABLE_ID = 'TBLID_BMEAS_PROD' AND UPPER(FIELD_NAME) = 'ACTION_FLG23';
UPDATE SM_FIELD_DEF SET JP_TITLE = 'ｱｸｼｮﾝﾌﾗｸﾞ24', US_TITLE = 'ACTION FLG 24' WHERE TABLE_ID = 'TBLID_BMEAS_PROD' AND UPPER(FIELD_NAME) = 'ACTION_FLG24';
UPDATE SM_FIELD_DEF SET JP_TITLE = 'ｱｸｼｮﾝﾌﾗｸﾞ25', US_TITLE = 'ACTION FLG 25' WHERE TABLE_ID = 'TBLID_BMEAS_PROD' AND UPPER(FIELD_NAME) = 'ACTION_FLG25';
UPDATE SM_FIELD_DEF SET JP_TITLE = 'ｱｸｼｮﾝﾌﾗｸﾞ26', US_TITLE = 'ACTION FLG 26' WHERE TABLE_ID = 'TBLID_BMEAS_PROD' AND UPPER(FIELD_NAME) = 'ACTION_FLG26';
UPDATE SM_FIELD_DEF SET JP_TITLE = 'ｱｸｼｮﾝﾌﾗｸﾞ27', US_TITLE = 'ACTION FLG 27' WHERE TABLE_ID = 'TBLID_BMEAS_PROD' AND UPPER(FIELD_NAME) = 'ACTION_FLG27';
UPDATE SM_FIELD_DEF SET JP_TITLE = 'ｱｸｼｮﾝﾌﾗｸﾞ28', US_TITLE = 'ACTION FLG 28' WHERE TABLE_ID = 'TBLID_BMEAS_PROD' AND UPPER(FIELD_NAME) = 'ACTION_FLG28';
UPDATE SM_FIELD_DEF SET JP_TITLE = 'ｱｸｼｮﾝﾌﾗｸﾞ29', US_TITLE = 'ACTION FLG 29' WHERE TABLE_ID = 'TBLID_BMEAS_PROD' AND UPPER(FIELD_NAME) = 'ACTION_FLG29';
UPDATE SM_FIELD_DEF SET JP_TITLE = 'ｱｸｼｮﾝﾌﾗｸﾞ30', US_TITLE = 'ACTION FLG 30' WHERE TABLE_ID = 'TBLID_BMEAS_PROD' AND UPPER(FIELD_NAME) = 'ACTION_FLG30';
UPDATE SM_FIELD_DEF SET JP_TITLE = '{NULL', US_TITLE = 'NULL' WHERE TABLE_ID = 'TBLID_BMEAS_PROD' AND UPPER(FIELD_NAME) = 'NULL';
UPDATE SM_FIELD_DEF SET JP_TITLE = '{"ﾀｲﾄﾙ', US_TITLE = '英語名' WHERE TABLE_ID = 'TBLID_BPROCDATA_LOOKUP' AND UPPER(FIELD_NAME) = 'ﾌｨｰﾙﾄﾞ名';
UPDATE SM_FIELD_DEF SET JP_TITLE = '{"--------------------', US_TITLE = '--------------------------------------------------------' WHERE TABLE_ID = 'TBLID_BPROCDATA_LOOKUP' AND UPPER(FIELD_NAME) = '--------------------';
UPDATE SM_FIELD_DEF SET JP_TITLE = 'ﾙｰﾄID', US_TITLE = 'ROUTE_ID' WHERE TABLE_ID = 'TBLID_BPROCDATA_LOOKUP' AND UPPER(FIELD_NAME) = 'ROUTE_ID';
UPDATE SM_FIELD_DEF SET JP_TITLE = 'ﾙｰﾄﾊﾞｰｼﾞｮﾝ', US_TITLE = 'ROUTE_VER' WHERE TABLE_ID = 'TBLID_BPROCDATA_LOOKUP' AND UPPER(FIELD_NAME) = 'ROUTE_VER';
UPDATE SM_FIELD_DEF SET JP_TITLE = '作業番号', US_TITLE = 'OPE_NO' WHERE TABLE_ID = 'TBLID_BPROCDATA_LOOKUP' AND UPPER(FIELD_NAME) = 'OPE_NO';
UPDATE SM_FIELD_DEF SET JP_TITLE = '製品ｺｰﾄﾞID', US_TITLE = 'PROD_ID' WHERE TABLE_ID = 'TBLID_BPROCDATA_LOOKUP' AND UPPER(FIELD_NAME) = 'PROD_ID';
UPDATE SM_FIELD_DEF SET JP_TITLE = '装置ID', US_TITLE = 'EQP_ID' WHERE TABLE_ID = 'TBLID_BPROCDATA_LOOKUP' AND UPPER(FIELD_NAME) = 'EQP_ID';
UPDATE SM_FIELD_DEF SET JP_TITLE = 'ﾌﾟﾛｾｽﾃﾞｰﾀID', US_TITLE = 'PROCDATA_ID' WHERE TABLE_ID = 'TBLID_BPROCDATA_LOOKUP' AND UPPER(FIELD_NAME) = 'PROCDATA_ID';
UPDATE SM_FIELD_DEF SET JP_TITLE = '{NULL', US_TITLE = 'NULL' WHERE TABLE_ID = 'TBLID_BPROCDATA_LOOKUP' AND UPPER(FIELD_NAME) = 'NULL';
UPDATE SM_FIELD_DEF SET JP_TITLE = '{"ﾀｲﾄﾙ', US_TITLE = '英語名' WHERE TABLE_ID = 'TBLID_BPROCDATA_ID_ITEM' AND UPPER(FIELD_NAME) = 'ﾌｨｰﾙﾄﾞ名';
UPDATE SM_FIELD_DEF SET JP_TITLE = '{"--------------------', US_TITLE = '--------------------------------------------------------' WHERE TABLE_ID = 'TBLID_BPROCDATA_ID_ITEM' AND UPPER(FIELD_NAME) = '--------------------';
UPDATE SM_FIELD_DEF SET JP_TITLE = 'ﾌﾟﾛｾｽﾃﾞｰﾀID', US_TITLE = 'PROCDATA_ID' WHERE TABLE_ID = 'TBLID_BPROCDATA_ID_ITEM' AND UPPER(FIELD_NAME) = 'PROCDATA_ID';
UPDATE SM_FIELD_DEF SET JP_TITLE = 'ﾌﾟﾛｾｽﾃﾞｰﾀ項目', US_TITLE = 'PROCDATA_ITEM' WHERE TABLE_ID = 'TBLID_BPROCDATA_ID_ITEM' AND UPPER(FIELD_NAME) = 'PROCDATA_ITEM';
UPDATE SM_FIELD_DEF SET JP_TITLE = '項目ｼｰｹﾝｽ番号', US_TITLE = 'ITEM_SEQ_NO' WHERE TABLE_ID = 'TBLID_BPROCDATA_ID_ITEM' AND UPPER(FIELD_NAME) = 'ITEM_SEQ_NO';
UPDATE SM_FIELD_DEF SET JP_TITLE = 'ﾌﾟﾛｾｽ単位', US_TITLE = 'PROC_UNIT' WHERE TABLE_ID = 'TBLID_BPROCDATA_ID_ITEM' AND UPPER(FIELD_NAME) = 'PROC_UNIT';
UPDATE SM_FIELD_DEF SET JP_TITLE = '入力ﾓｰﾄﾞ', US_TITLE = 'INP_MODE' WHERE TABLE_ID = 'TBLID_BPROCDATA_ID_ITEM' AND UPPER(FIELD_NAME) = 'INP_MODE';
UPDATE SM_FIELD_DEF SET JP_TITLE = '式ｺｰﾄﾞ', US_TITLE = 'CALC_CODE' WHERE TABLE_ID = 'TBLID_BPROCDATA_ID_ITEM' AND UPPER(FIELD_NAME) = 'CALC_CODE';
UPDATE SM_FIELD_DEF SET JP_TITLE = '式ﾊﾟﾗﾒｰﾀ1', US_TITLE = 'CALC_PARM1' WHERE TABLE_ID = 'TBLID_BPROCDATA_ID_ITEM' AND UPPER(FIELD_NAME) = 'CALC_PARM1';
UPDATE SM_FIELD_DEF SET JP_TITLE = '式ﾊﾟﾗﾒｰﾀ2', US_TITLE = 'CALC_PARM2' WHERE TABLE_ID = 'TBLID_BPROCDATA_ID_ITEM' AND UPPER(FIELD_NAME) = 'CALC_PARM2';
UPDATE SM_FIELD_DEF SET JP_TITLE = '式ﾊﾟﾗﾒｰﾀ3', US_TITLE = 'CALC_PARM3' WHERE TABLE_ID = 'TBLID_BPROCDATA_ID_ITEM' AND UPPER(FIELD_NAME) = 'CALC_PARM3';
UPDATE SM_FIELD_DEF SET JP_TITLE = '式ﾊﾟﾗﾒｰﾀ4', US_TITLE = 'CALC_PARM4' WHERE TABLE_ID = 'TBLID_BPROCDATA_ID_ITEM' AND UPPER(FIELD_NAME) = 'CALC_PARM4';
UPDATE SM_FIELD_DEF SET JP_TITLE = '式ﾊﾟﾗﾒｰﾀ5', US_TITLE = 'CALC_PARM5' WHERE TABLE_ID = 'TBLID_BPROCDATA_ID_ITEM' AND UPPER(FIELD_NAME) = 'CALC_PARM5';
UPDATE SM_FIELD_DEF SET JP_TITLE = '式ﾊﾟﾗﾒｰﾀ6', US_TITLE = 'CALC_PARM6' WHERE TABLE_ID = 'TBLID_BPROCDATA_ID_ITEM' AND UPPER(FIELD_NAME) = 'CALC_PARM6';
UPDATE SM_FIELD_DEF SET JP_TITLE = '式ﾊﾟﾗﾒｰﾀ7', US_TITLE = 'CALC_PARM7' WHERE TABLE_ID = 'TBLID_BPROCDATA_ID_ITEM' AND UPPER(FIELD_NAME) = 'CALC_PARM7';
UPDATE SM_FIELD_DEF SET JP_TITLE = '式ﾊﾟﾗﾒｰﾀ8', US_TITLE = 'CALC_PARM8' WHERE TABLE_ID = 'TBLID_BPROCDATA_ID_ITEM' AND UPPER(FIELD_NAME) = 'CALC_PARM8';
UPDATE SM_FIELD_DEF SET JP_TITLE = '式ﾊﾟﾗﾒｰﾀ9', US_TITLE = 'CALC_PARM9' WHERE TABLE_ID = 'TBLID_BPROCDATA_ID_ITEM' AND UPPER(FIELD_NAME) = 'CALC_PARM9';
UPDATE SM_FIELD_DEF SET JP_TITLE = '{"式ﾊﾟﾗﾒｰﾀ10', US_TITLE = 'CALC_PARM10' WHERE TABLE_ID = 'TBLID_BPROCDATA_ID_ITEM' AND UPPER(FIELD_NAME) = 'CALC_PARM10';
UPDATE SM_FIELD_DEF SET JP_TITLE = '{"SPC送信ﾌﾗｸﾞ', US_TITLE = 'CALC_PARM10' WHERE TABLE_ID = 'TBLID_BPROCDATA_ID_ITEM' AND UPPER(FIELD_NAME) = 'CALC_PARM10';
UPDATE SM_FIELD_DEF SET JP_TITLE = '式ﾊﾟﾗﾒｰﾀ10', US_TITLE = 'CALC_PARM10' WHERE TABLE_ID = 'TBLID_BPROCDATA_ID_ITEM' AND UPPER(FIELD_NAME) = 'CALC_PARM10';
UPDATE SM_FIELD_DEF SET JP_TITLE = '{"SPC送信ﾌﾗｸﾞ', US_TITLE = 'SPC_FLG' WHERE TABLE_ID = 'TBLID_BPROCDATA_ID_ITEM' AND UPPER(FIELD_NAME) = 'SPC_FLG';
UPDATE SM_FIELD_DEF SET JP_TITLE = 'SPC送信ﾌﾗｸﾞ', US_TITLE = 'SPC_FLG' WHERE TABLE_ID = 'TBLID_BPROCDATA_ID_ITEM' AND UPPER(FIELD_NAME) = 'SPC_FLG';
UPDATE SM_FIELD_DEF SET JP_TITLE = '{NULL', US_TITLE = 'NULL' WHERE TABLE_ID = 'TBLID_BPROCDATA_ID_ITEM' AND UPPER(FIELD_NAME) = 'NULL';
UPDATE SM_FIELD_DEF SET JP_TITLE = '{"ﾀｲﾄﾙ', US_TITLE = '英語名' WHERE TABLE_ID = 'TBLID_BEQP' AND UPPER(FIELD_NAME) = 'ﾌｨｰﾙﾄﾞ名';
UPDATE SM_FIELD_DEF SET JP_TITLE = '{"--------------------', US_TITLE = '--------------------------------------------------------' WHERE TABLE_ID = 'TBLID_BEQP' AND UPPER(FIELD_NAME) = '--------------------';
UPDATE SM_FIELD_DEF SET JP_TITLE = '装置ID', US_TITLE = 'EQP_ID' WHERE TABLE_ID = 'TBLID_BEQP' AND UPPER(FIELD_NAME) = 'EQP_ID';
UPDATE SM_FIELD_DEF SET JP_TITLE = '装置名称', US_TITLE = 'EQP_NAME' WHERE TABLE_ID = 'TBLID_BEQP' AND UPPER(FIELD_NAME) = 'EQP_NAME';
UPDATE SM_FIELD_DEF SET JP_TITLE = '装置詳細', US_TITLE = 'EQP_DESC' WHERE TABLE_ID = 'TBLID_BEQP' AND UPPER(FIELD_NAME) = 'EQP_DESC';
UPDATE SM_FIELD_DEF SET JP_TITLE = '装置区分', US_TITLE = 'EQP_CAT' WHERE TABLE_ID = 'TBLID_BEQP' AND UPPER(FIELD_NAME) = 'EQP_CAT';
UPDATE SM_FIELD_DEF SET JP_TITLE = '装置ﾌﾟﾛﾊﾟﾃｨ', US_TITLE = 'EQP_PROPERTY' WHERE TABLE_ID = 'TBLID_BEQP' AND UPPER(FIELD_NAME) = 'EQP_PROPERTY';
UPDATE SM_FIELD_DEF SET JP_TITLE = '装置ﾓｰﾄﾞ1', US_TITLE = 'EQP_MODE1' WHERE TABLE_ID = 'TBLID_BEQP' AND UPPER(FIELD_NAME) = 'EQP_MODE1';
UPDATE SM_FIELD_DEF SET JP_TITLE = '装置ﾓｰﾄﾞ2', US_TITLE = 'EQP_MODE2' WHERE TABLE_ID = 'TBLID_BEQP' AND UPPER(FIELD_NAME) = 'EQP_MODE2';
UPDATE SM_FIELD_DEF SET JP_TITLE = '装置ﾓｰﾄﾞ3', US_TITLE = 'EQP_MODE3' WHERE TABLE_ID = 'TBLID_BEQP' AND UPPER(FIELD_NAME) = 'EQP_MODE3';
UPDATE SM_FIELD_DEF SET JP_TITLE = '装置ﾓｰﾄﾞ4', US_TITLE = 'EQP_MODE4' WHERE TABLE_ID = 'TBLID_BEQP' AND UPPER(FIELD_NAME) = 'EQP_MODE4';
UPDATE SM_FIELD_DEF SET JP_TITLE = '装置ﾓｰﾄﾞ5', US_TITLE = 'EQP_MODE5' WHERE TABLE_ID = 'TBLID_BEQP' AND UPPER(FIELD_NAME) = 'EQP_MODE5';
UPDATE SM_FIELD_DEF SET JP_TITLE = '装置ﾓｰﾄﾞ6', US_TITLE = 'EQP_MODE6' WHERE TABLE_ID = 'TBLID_BEQP' AND UPPER(FIELD_NAME) = 'EQP_MODE6';
UPDATE SM_FIELD_DEF SET JP_TITLE = '装置ﾓｰﾄﾞ7', US_TITLE = 'EQP_MODE7' WHERE TABLE_ID = 'TBLID_BEQP' AND UPPER(FIELD_NAME) = 'EQP_MODE7';
UPDATE SM_FIELD_DEF SET JP_TITLE = '装置ﾓｰﾄﾞ8', US_TITLE = 'EQP_MODE8' WHERE TABLE_ID = 'TBLID_BEQP' AND UPPER(FIELD_NAME) = 'EQP_MODE8';
UPDATE SM_FIELD_DEF SET JP_TITLE = '装置ﾓｰﾄﾞ9', US_TITLE = 'EQP_MODE9' WHERE TABLE_ID = 'TBLID_BEQP' AND UPPER(FIELD_NAME) = 'EQP_MODE9';
UPDATE SM_FIELD_DEF SET JP_TITLE = '装置ﾓｰﾄﾞ10', US_TITLE = 'EQP_MODE10' WHERE TABLE_ID = 'TBLID_BEQP' AND UPPER(FIELD_NAME) = 'EQP_MODE10';
UPDATE SM_FIELD_DEF SET JP_TITLE = '手動ﾛｯﾄ選択ﾓｰﾄﾞ', US_TITLE = 'WHAT_NEXT_MODE' WHERE TABLE_ID = 'TBLID_BEQP' AND UPPER(FIELD_NAME) = 'WHAT_NEXT_MODE';
UPDATE SM_FIELD_DEF SET JP_TITLE = 'ECSﾘｿｰｽ名称', US_TITLE = 'ECS_RESRC_NAME' WHERE TABLE_ID = 'TBLID_BEQP' AND UPPER(FIELD_NAME) = 'ECS_RESRC_NAME';
UPDATE SM_FIELD_DEF SET JP_TITLE = 'ﾛｯﾄ選択規則1', US_TITLE = 'LOT_SEL_RULE1' WHERE TABLE_ID = 'TBLID_BEQP' AND UPPER(FIELD_NAME) = 'LOT_SEL_RULE1';
UPDATE SM_FIELD_DEF SET JP_TITLE = 'ﾛｯﾄ選択規則2', US_TITLE = 'LOT_SEL_RULE2' WHERE TABLE_ID = 'TBLID_BEQP' AND UPPER(FIELD_NAME) = 'LOT_SEL_RULE2';
UPDATE SM_FIELD_DEF SET JP_TITLE = 'ﾛｯﾄ選択規則3', US_TITLE = 'LOT_SEL_RULE3' WHERE TABLE_ID = 'TBLID_BEQP' AND UPPER(FIELD_NAME) = 'LOT_SEL_RULE3';
UPDATE SM_FIELD_DEF SET JP_TITLE = 'ﾛｯﾄ選択規則4', US_TITLE = 'LOT_SEL_RULE4' WHERE TABLE_ID = 'TBLID_BEQP' AND UPPER(FIELD_NAME) = 'LOT_SEL_RULE4';
UPDATE SM_FIELD_DEF SET JP_TITLE = 'ｷｬﾘｱ使用回数更新ﾌﾗｸﾞ', US_TITLE = 'PM_FLG' WHERE TABLE_ID = 'TBLID_BEQP' AND UPPER(FIELD_NAME) = 'PM_FLG';
UPDATE SM_FIELD_DEF SET JP_TITLE = 'FabID', US_TITLE = 'FAB_ID' WHERE TABLE_ID = 'TBLID_BEQP' AND UPPER(FIELD_NAME) = 'FAB_ID';
UPDATE SM_FIELD_DEF SET JP_TITLE = 'ﾗｲﾝID', US_TITLE = 'LINE_ID' WHERE TABLE_ID = 'TBLID_BEQP' AND UPPER(FIELD_NAME) = 'LINE_ID';
UPDATE SM_FIELD_DEF SET JP_TITLE = 'ﾜｰｸﾌﾟﾚｰﾄﾀｲﾌﾟ', US_TITLE = 'WRK_PLATE_TYPE' WHERE TABLE_ID = 'TBLID_BEQP' AND UPPER(FIELD_NAME) = 'WRK_PLATE_TYPE';
UPDATE SM_FIELD_DEF SET JP_TITLE = '砥粒装置', US_TITLE = 'GRAND_EQP' WHERE TABLE_ID = 'TBLID_BEQP' AND UPPER(FIELD_NAME) = 'GRAND_EQP';
UPDATE SM_FIELD_DEF SET JP_TITLE = 'DSPｴﾘｱID', US_TITLE = 'DSP_AREA' WHERE TABLE_ID = 'TBLID_BEQP' AND UPPER(FIELD_NAME) = 'DSP_AREA';
UPDATE SM_FIELD_DEF SET JP_TITLE = '{"装置･ﾏﾃﾘｱﾙ関連ﾃｰﾌﾞﾙ', US_TITLE = 'Eqp_Mtl' WHERE TABLE_ID = 'TBLID_BEQP' AND UPPER(FIELD_NAME) = 'DUMMY';
UPDATE SM_FIELD_DEF SET JP_TITLE = '不良割合(枚数)', US_TITLE = 'RP_RATE' WHERE TABLE_ID = 'TBLID_BEQP' AND UPPER(FIELD_NAME) = 'RP_RATE';
UPDATE SM_FIELD_DEF SET JP_TITLE = '装置･ﾏﾃﾘｱﾙ関連ﾃｰﾌﾞﾙ', US_TITLE = 'Eqp_Mtl' WHERE TABLE_ID = 'TBLID_BEQP' AND UPPER(FIELD_NAME) = 'DUMMY';
UPDATE SM_FIELD_DEF SET JP_TITLE = 'ﾗｲﾝ数', US_TITLE = 'LINE_CNT' WHERE TABLE_ID = 'TBLID_BEQP' AND UPPER(FIELD_NAME) = 'LINE_CNT';
UPDATE SM_FIELD_DEF SET JP_TITLE = 'ﾕﾆｯﾄ数', US_TITLE = 'UNIT_CNT' WHERE TABLE_ID = 'TBLID_BEQP' AND UPPER(FIELD_NAME) = 'UNIT_CNT';
UPDATE SM_FIELD_DEF SET JP_TITLE = 'MCSﾘｿｰｽ名称', US_TITLE = 'MCS_RESRC_NAME' WHERE TABLE_ID = 'TBLID_BEQP' AND UPPER(FIELD_NAME) = 'MCS_RESRC_NAME';
UPDATE SM_FIELD_DEF SET JP_TITLE = 'ULRQ待ち時間', US_TITLE = 'ULRQ_WAIT_TIME' WHERE TABLE_ID = 'TBLID_BEQP' AND UPPER(FIELD_NAME) = 'ULRQ_WAIT_TIME';
UPDATE SM_FIELD_DEF SET JP_TITLE = '{NULL', US_TITLE = 'NULL' WHERE TABLE_ID = 'TBLID_BEQP' AND UPPER(FIELD_NAME) = 'NULL';
UPDATE SM_FIELD_DEF SET JP_TITLE = '{"ﾀｲﾄﾙ', US_TITLE = '英語名' WHERE TABLE_ID = 'TBLID_BSTK' AND UPPER(FIELD_NAME) = 'ﾌｨｰﾙﾄﾞ名';
UPDATE SM_FIELD_DEF SET JP_TITLE = '{"--------------------', US_TITLE = '--------------------------------------------------------' WHERE TABLE_ID = 'TBLID_BSTK' AND UPPER(FIELD_NAME) = '--------------------';
UPDATE SM_FIELD_DEF SET JP_TITLE = 'ｽﾄｯｶｰID', US_TITLE = 'STK_ID' WHERE TABLE_ID = 'TBLID_BSTK' AND UPPER(FIELD_NAME) = 'STK_ID';
UPDATE SM_FIELD_DEF SET JP_TITLE = 'ｽﾄｯｶｰ名称', US_TITLE = 'STK_NAME' WHERE TABLE_ID = 'TBLID_BSTK' AND UPPER(FIELD_NAME) = 'STK_NAME';
UPDATE SM_FIELD_DEF SET JP_TITLE = 'ｽﾄｯｶｰ詳細', US_TITLE = 'STK_DESC' WHERE TABLE_ID = 'TBLID_BSTK' AND UPPER(FIELD_NAME) = 'STK_DESC';
UPDATE SM_FIELD_DEF SET JP_TITLE = 'ｶｾｯﾄﾀｲﾌﾟ', US_TITLE = 'CAR_TYPE' WHERE TABLE_ID = 'TBLID_BSTK' AND UPPER(FIELD_NAME) = 'CAR_TYPE';
UPDATE SM_FIELD_DEF SET JP_TITLE = '{"総棚数', US_TITLE = 'TOTAL_CELL_CNT' WHERE TABLE_ID = 'TBLID_BSTK' AND UPPER(FIELD_NAME) = 'TOTAL_CELL_CNT';
UPDATE SM_FIELD_DEF SET JP_TITLE = '{"容量限度', US_TITLE = 'CAPA_LIMIT' WHERE TABLE_ID = 'TBLID_BSTK' AND UPPER(FIELD_NAME) = 'CAPA_LIMIT';
UPDATE SM_FIELD_DEF SET JP_TITLE = '総棚数', US_TITLE = 'TOTAL_CELL_CNT' WHERE TABLE_ID = 'TBLID_BSTK' AND UPPER(FIELD_NAME) = 'TOTAL_CELL_CNT';
UPDATE SM_FIELD_DEF SET JP_TITLE = '容量限度', US_TITLE = 'CAPA_LIMIT' WHERE TABLE_ID = 'TBLID_BSTK' AND UPPER(FIELD_NAME) = 'CAPA_LIMIT';
UPDATE SM_FIELD_DEF SET JP_TITLE = '{"空ｷｬﾘｱ最低保有数', US_TITLE = 'EMPTY_CAR_MIN_STOCNT' WHERE TABLE_ID = 'TBLID_BSTK' AND UPPER(FIELD_NAME) = 'EMPTY_CAR_MIN_STOCNT';
UPDATE SM_FIELD_DEF SET JP_TITLE = '{"空ｷｬﾘｱ標準保有数', US_TITLE = 'EMPTY_CAR_STD_STOCNT' WHERE TABLE_ID = 'TBLID_BSTK' AND UPPER(FIELD_NAME) = 'EMPTY_CAR_STD_STOCNT';
UPDATE SM_FIELD_DEF SET JP_TITLE = '{"空ｷｬﾘｱ要求拒否数', US_TITLE = 'EMPTY_CAR_REQ_RECNT' WHERE TABLE_ID = 'TBLID_BSTK' AND UPPER(FIELD_NAME) = 'EMPTY_CAR_REQ_RECNT';
UPDATE SM_FIELD_DEF SET JP_TITLE = 'MCSﾘｿｰｽ名称', US_TITLE = 'MCS_RESRC_NAME' WHERE TABLE_ID = 'TBLID_BSTK' AND UPPER(FIELD_NAME) = 'MCS_RESRC_NAME';
UPDATE SM_FIELD_DEF SET JP_TITLE = 'FabID', US_TITLE = 'FAB_ID' WHERE TABLE_ID = 'TBLID_BSTK' AND UPPER(FIELD_NAME) = 'FAB_ID';
UPDATE SM_FIELD_DEF SET JP_TITLE = '{"空ｶｾｯﾄ最低保有数', US_TITLE = 'EMPTY_CAR_MIN_STOCNT' WHERE TABLE_ID = 'TBLID_BSTK' AND UPPER(FIELD_NAME) = 'EMPTY_CAR_MIN_STOCNT';
UPDATE SM_FIELD_DEF SET JP_TITLE = '{"空ｶｾｯﾄ標準保有数', US_TITLE = 'EMPTY_CAR_STD_STOCNT' WHERE TABLE_ID = 'TBLID_BSTK' AND UPPER(FIELD_NAME) = 'EMPTY_CAR_STD_STOCNT';
UPDATE SM_FIELD_DEF SET JP_TITLE = '{"空ｶｾｯﾄ要求拒否数', US_TITLE = 'EMPTY_CAR_REQ_RECNT' WHERE TABLE_ID = 'TBLID_BSTK' AND UPPER(FIELD_NAME) = 'EMPTY_CAR_REQ_RECNT';
UPDATE SM_FIELD_DEF SET JP_TITLE = '空ｶｾｯﾄ最低保有数', US_TITLE = 'EMPTY_CAR_MIN_STOCNT' WHERE TABLE_ID = 'TBLID_BSTK' AND UPPER(FIELD_NAME) = 'EMPTY_CAR_MIN_STOCNT';
UPDATE SM_FIELD_DEF SET JP_TITLE = '空ｶｾｯﾄ標準保有数', US_TITLE = 'EMPTY_CAR_STD_STOCNT' WHERE TABLE_ID = 'TBLID_BSTK' AND UPPER(FIELD_NAME) = 'EMPTY_CAR_STD_STOCNT';
UPDATE SM_FIELD_DEF SET JP_TITLE = '空ｶｾｯﾄ要求拒否数', US_TITLE = 'EMPTY_CAR_REQ_RECNT' WHERE TABLE_ID = 'TBLID_BSTK' AND UPPER(FIELD_NAME) = 'EMPTY_CAR_REQ_RECNT';
UPDATE SM_FIELD_DEF SET JP_TITLE = 'DSPｴﾘｱID', US_TITLE = 'DSP_AREA_ID' WHERE TABLE_ID = 'TBLID_BSTK' AND UPPER(FIELD_NAME) = 'DSP_AREA';
UPDATE SM_FIELD_DEF SET JP_TITLE = 'ｽﾄｯｶｰﾌﾟﾛﾊﾟﾃｨ', US_TITLE = 'STK_PROPERTY' WHERE TABLE_ID = 'TBLID_BSTK' AND UPPER(FIELD_NAME) = 'STK_PROPERTY';
UPDATE SM_FIELD_DEF SET JP_TITLE = '{NULL', US_TITLE = 'NULL' WHERE TABLE_ID = 'TBLID_BSTK' AND UPPER(FIELD_NAME) = 'NULL';
UPDATE SM_FIELD_DEF SET JP_TITLE = '{"ﾀｲﾄﾙ', US_TITLE = '英語名' WHERE TABLE_ID = 'TBLID_BCARG' AND UPPER(FIELD_NAME) = 'ﾌｨｰﾙﾄﾞ名';
UPDATE SM_FIELD_DEF SET JP_TITLE = '{"--------------------', US_TITLE = '--------------------------------------------------------' WHERE TABLE_ID = 'TBLID_BCARG' AND UPPER(FIELD_NAME) = '--------------------';
UPDATE SM_FIELD_DEF SET JP_TITLE = 'ｶｾｯﾄｸﾞﾙｰﾌﾟID', US_TITLE = 'CARG_ID' WHERE TABLE_ID = 'TBLID_BCARG' AND UPPER(FIELD_NAME) = 'CARG_ID';
UPDATE SM_FIELD_DEF SET JP_TITLE = 'ｶｾｯﾄｸﾞﾙｰﾌﾟ名称', US_TITLE = 'CARG_NAME' WHERE TABLE_ID = 'TBLID_BCARG' AND UPPER(FIELD_NAME) = 'CARG_NAME';
UPDATE SM_FIELD_DEF SET JP_TITLE = 'ｶｾｯﾄｸﾞﾙｰﾌﾟ詳細', US_TITLE = 'CARG_DESC' WHERE TABLE_ID = 'TBLID_BCARG' AND UPPER(FIELD_NAME) = 'CARG_DESC';
UPDATE SM_FIELD_DEF SET JP_TITLE = '{"使用可能時間', US_TITLE = 'MAX_PM_TIME' WHERE TABLE_ID = 'TBLID_BCARG' AND UPPER(FIELD_NAME) = 'MAX_PM_TIME';
UPDATE SM_FIELD_DEF SET JP_TITLE = '使用可能日数', US_TITLE = 'MAX_PM_TIME' WHERE TABLE_ID = 'TBLID_BCARG' AND UPPER(FIELD_NAME) = 'MAX_PM_TIME';
UPDATE SM_FIELD_DEF SET JP_TITLE = '使用可能回数', US_TITLE = 'MAX_PM_CNT' WHERE TABLE_ID = 'TBLID_BCARG' AND UPPER(FIELD_NAME) = 'MAX_PM_CNT';
UPDATE SM_FIELD_DEF SET JP_TITLE = '{"累計使用可能時間', US_TITLE = 'TOTAL_USE_POS_TIME' WHERE TABLE_ID = 'TBLID_BCARG' AND UPPER(FIELD_NAME) = 'TOTAL_USE_POS_TIME';
UPDATE SM_FIELD_DEF SET JP_TITLE = '{"累計使用可能日数', US_TITLE = 'TOTAL_USE_POS_TIME' WHERE TABLE_ID = 'TBLID_BCARG' AND UPPER(FIELD_NAME) = 'TOTAL_USE_POS_TIME';
UPDATE SM_FIELD_DEF SET JP_TITLE = '冶具交換後使用可能日数', US_TITLE = 'TOTAL_USE_POS_TIME' WHERE TABLE_ID = 'TBLID_BCARG' AND UPPER(FIELD_NAME) = 'TOTAL_USE_POS_TIME';
UPDATE SM_FIELD_DEF SET JP_TITLE = '{"累計使用可能回数', US_TITLE = 'TOTAL_USE_POS_CNT' WHERE TABLE_ID = 'TBLID_BCARG' AND UPPER(FIELD_NAME) = 'TOTAL_USE_POS_CNT';
UPDATE SM_FIELD_DEF SET JP_TITLE = '冶具交換後使用可能回数', US_TITLE = 'TOTAL_USE_POS_CNT' WHERE TABLE_ID = 'TBLID_BCARG' AND UPPER(FIELD_NAME) = 'TOTAL_USE_POS_CNT';
UPDATE SM_FIELD_DEF SET JP_TITLE = '{NULL', US_TITLE = 'NULL' WHERE TABLE_ID = 'TBLID_BCARG' AND UPPER(FIELD_NAME) = 'NULL';
UPDATE SM_FIELD_DEF SET JP_TITLE = '{"ﾀｲﾄﾙ', US_TITLE = '英語名' WHERE TABLE_ID = 'TBLID_BUSER' AND UPPER(FIELD_NAME) = 'ﾌｨｰﾙﾄﾞ名';
UPDATE SM_FIELD_DEF SET JP_TITLE = '{"--------------------', US_TITLE = '--------------------------------------------------------' WHERE TABLE_ID = 'TBLID_BUSER' AND UPPER(FIELD_NAME) = '--------------------';
UPDATE SM_FIELD_DEF SET JP_TITLE = '{"作業者ID', US_TITLE = 'USER_ID' WHERE TABLE_ID = 'TBLID_BUSER' AND UPPER(FIELD_NAME) = 'USER_ID';
UPDATE SM_FIELD_DEF SET JP_TITLE = '作業者ID', US_TITLE = 'USER_ID' WHERE TABLE_ID = 'TBLID_BUSER' AND UPPER(FIELD_NAME) = 'USER_ID';
UPDATE SM_FIELD_DEF SET JP_TITLE = 'ﾊﾟｽﾜｰﾄﾞ', US_TITLE = 'PASSWD' WHERE TABLE_ID = 'TBLID_BUSER' AND UPPER(FIELD_NAME) = 'PASSWD';
UPDATE SM_FIELD_DEF SET JP_TITLE = '作業者名称', US_TITLE = 'USER_NAME' WHERE TABLE_ID = 'TBLID_BUSER' AND UPPER(FIELD_NAME) = 'USER_NAME';
UPDATE SM_FIELD_DEF SET JP_TITLE = '作業者詳細', US_TITLE = 'USER_DESC' WHERE TABLE_ID = 'TBLID_BUSER' AND UPPER(FIELD_NAME) = 'USER_DESC';
UPDATE SM_FIELD_DEF SET JP_TITLE = 'ﾒｰﾙｱﾄﾞﾚｽ', US_TITLE = 'MAIL_ADRESS' WHERE TABLE_ID = 'TBLID_BUSER' AND UPPER(FIELD_NAME) = 'MAIL_ADRESS';
UPDATE SM_FIELD_DEF SET JP_TITLE = '{"業務ｸﾞﾙｰﾌﾟID1', US_TITLE = 'USERG_ID1' WHERE TABLE_ID = 'TBLID_BUSER' AND UPPER(FIELD_NAME) = 'USERG_ID1';
UPDATE SM_FIELD_DEF SET JP_TITLE = '{"業務ｸﾞﾙｰﾌﾟID2', US_TITLE = 'USERG_ID2' WHERE TABLE_ID = 'TBLID_BUSER' AND UPPER(FIELD_NAME) = 'USERG_ID2';
UPDATE SM_FIELD_DEF SET JP_TITLE = '{"業務ｸﾞﾙｰﾌﾟID3', US_TITLE = 'USERG_ID3' WHERE TABLE_ID = 'TBLID_BUSER' AND UPPER(FIELD_NAME) = 'USERG_ID3';
UPDATE SM_FIELD_DEF SET JP_TITLE = '{"業務ｸﾞﾙｰﾌﾟID4', US_TITLE = 'USERG_ID4' WHERE TABLE_ID = 'TBLID_BUSER' AND UPPER(FIELD_NAME) = 'USERG_ID4';
UPDATE SM_FIELD_DEF SET JP_TITLE = '{"業務ｸﾞﾙｰﾌﾟID5', US_TITLE = 'USERG_ID5' WHERE TABLE_ID = 'TBLID_BUSER' AND UPPER(FIELD_NAME) = 'USERG_ID5';
UPDATE SM_FIELD_DEF SET JP_TITLE = '{"業務ｸﾞﾙｰﾌﾟID6', US_TITLE = 'USERG_ID6' WHERE TABLE_ID = 'TBLID_BUSER' AND UPPER(FIELD_NAME) = 'USERG_ID6';
UPDATE SM_FIELD_DEF SET JP_TITLE = '{"業務ｸﾞﾙｰﾌﾟID7', US_TITLE = 'USERG_ID7' WHERE TABLE_ID = 'TBLID_BUSER' AND UPPER(FIELD_NAME) = 'USERG_ID7';
UPDATE SM_FIELD_DEF SET JP_TITLE = '{"業務ｸﾞﾙｰﾌﾟID8', US_TITLE = 'USERG_ID8' WHERE TABLE_ID = 'TBLID_BUSER' AND UPPER(FIELD_NAME) = 'USERG_ID8';
UPDATE SM_FIELD_DEF SET JP_TITLE = '{"業務ｸﾞﾙｰﾌﾟID9', US_TITLE = 'USERG_ID9' WHERE TABLE_ID = 'TBLID_BUSER' AND UPPER(FIELD_NAME) = 'USERG_ID9';
UPDATE SM_FIELD_DEF SET JP_TITLE = '{"業務ｸﾞﾙｰﾌﾟID10', US_TITLE = 'USERG_ID10' WHERE TABLE_ID = 'TBLID_BUSER' AND UPPER(FIELD_NAME) = 'USERG_ID10';
UPDATE SM_FIELD_DEF SET JP_TITLE = '業務ｸﾞﾙｰﾌﾟID1', US_TITLE = 'USERG_ID1' WHERE TABLE_ID = 'TBLID_BUSER' AND UPPER(FIELD_NAME) = 'USERG_ID1';
UPDATE SM_FIELD_DEF SET JP_TITLE = '業務ｸﾞﾙｰﾌﾟID2', US_TITLE = 'USERG_ID2' WHERE TABLE_ID = 'TBLID_BUSER' AND UPPER(FIELD_NAME) = 'USERG_ID2';
UPDATE SM_FIELD_DEF SET JP_TITLE = '業務ｸﾞﾙｰﾌﾟID3', US_TITLE = 'USERG_ID3' WHERE TABLE_ID = 'TBLID_BUSER' AND UPPER(FIELD_NAME) = 'USERG_ID3';
UPDATE SM_FIELD_DEF SET JP_TITLE = '業務ｸﾞﾙｰﾌﾟID4', US_TITLE = 'USERG_ID4' WHERE TABLE_ID = 'TBLID_BUSER' AND UPPER(FIELD_NAME) = 'USERG_ID4';
UPDATE SM_FIELD_DEF SET JP_TITLE = '業務ｸﾞﾙｰﾌﾟID5', US_TITLE = 'USERG_ID5' WHERE TABLE_ID = 'TBLID_BUSER' AND UPPER(FIELD_NAME) = 'USERG_ID5';
UPDATE SM_FIELD_DEF SET JP_TITLE = '業務ｸﾞﾙｰﾌﾟID6', US_TITLE = 'USERG_ID6' WHERE TABLE_ID = 'TBLID_BUSER' AND UPPER(FIELD_NAME) = 'USERG_ID6';
UPDATE SM_FIELD_DEF SET JP_TITLE = '業務ｸﾞﾙｰﾌﾟID7', US_TITLE = 'USERG_ID7' WHERE TABLE_ID = 'TBLID_BUSER' AND UPPER(FIELD_NAME) = 'USERG_ID7';
UPDATE SM_FIELD_DEF SET JP_TITLE = '業務ｸﾞﾙｰﾌﾟID8', US_TITLE = 'USERG_ID8' WHERE TABLE_ID = 'TBLID_BUSER' AND UPPER(FIELD_NAME) = 'USERG_ID8';
UPDATE SM_FIELD_DEF SET JP_TITLE = '業務ｸﾞﾙｰﾌﾟID9', US_TITLE = 'USERG_ID9' WHERE TABLE_ID = 'TBLID_BUSER' AND UPPER(FIELD_NAME) = 'USERG_ID9';
UPDATE SM_FIELD_DEF SET JP_TITLE = 'EQPの状態 チャングループID', US_TITLE = 'EQP_STAT_GROUP_ID' WHERE TABLE_ID = 'TBLID_BUSER' AND UPPER(FIELD_NAME) = 'USERG_ID10';
UPDATE SM_FIELD_DEF SET JP_TITLE = 'BPRODCODEへのｼﾞｬﾝﾌﾟ用ﾀﾞﾐｰ', US_TITLE = 'L' WHERE TABLE_ID = 'TBLID_BUSER' AND UPPER(FIELD_NAME) = 'PROD_CODE_CAT';
UPDATE SM_FIELD_DEF SET JP_TITLE = 'BCODEへのｼﾞｬﾝﾌﾟ用ﾀﾞﾐｰ', US_TITLE = 'L' WHERE TABLE_ID = 'TBLID_BUSER' AND UPPER(FIELD_NAME) = 'CODE_CAT';
UPDATE SM_FIELD_DEF SET JP_TITLE = '{NULL', US_TITLE = 'NULL' WHERE TABLE_ID = 'TBLID_BUSER' AND UPPER(FIELD_NAME) = 'NULL';
UPDATE SM_FIELD_DEF SET JP_TITLE = '{"ﾀｲﾄﾙ', US_TITLE = '英語名' WHERE TABLE_ID = 'TBLID_BEPMONI' AND UPPER(FIELD_NAME) = 'ﾌｨｰﾙﾄﾞ名';
UPDATE SM_FIELD_DEF SET JP_TITLE = '{"--------------------', US_TITLE = '--------------------------------------------------------' WHERE TABLE_ID = 'TBLID_BEPMONI' AND UPPER(FIELD_NAME) = '--------------------';
UPDATE SM_FIELD_DEF SET JP_TITLE = '{"EPﾓﾆﾀ検査製品ｺｰﾄﾞID', US_TITLE = 'EP_MONI_INSP_PROD_ID' WHERE TABLE_ID = 'TBLID_BEPMONI' AND UPPER(FIELD_NAME) = 'EP_MONI_INSP_PROD_ID';
UPDATE SM_FIELD_DEF SET JP_TITLE = 'EPﾓﾆﾀ検査製品ｺｰﾄﾞID', US_TITLE = 'EP_MON_CON_ID' WHERE TABLE_ID = 'TBLID_BEPMONI' AND UPPER(FIELD_NAME) = 'EP_MON_CON_ID';
UPDATE SM_FIELD_DEF SET JP_TITLE = 'ｽﾛｯﾄ番号', US_TITLE = 'SLOT_NO' WHERE TABLE_ID = 'TBLID_BEPMONI' AND UPPER(FIELD_NAME) = 'SLOT_NO';
UPDATE SM_FIELD_DEF SET JP_TITLE = 'ﾓﾆﾀ製品ｺｰﾄﾞＩＤ', US_TITLE = 'MON_PROD_ID' WHERE TABLE_ID = 'TBLID_BEPMONI' AND UPPER(FIELD_NAME) = 'MON_PROD_ID';
UPDATE SM_FIELD_DEF SET JP_TITLE = 'EPﾓﾆﾀ保証単位区分', US_TITLE = 'EP_ASS_UNIT_CAT' WHERE TABLE_ID = 'TBLID_BEPMONI' AND UPPER(FIELD_NAME) = 'EP_ASS_UNIT_CAT';
UPDATE SM_FIELD_DEF SET JP_TITLE = 'EPﾓﾆﾀﾎﾞｯｸｽ投入周期', US_TITLE = 'EP_MON_BOX_INSCYCLE' WHERE TABLE_ID = 'TBLID_BEPMONI' AND UPPER(FIELD_NAME) = 'EP_MON_BOX_INSCYCLE';
UPDATE SM_FIELD_DEF SET JP_TITLE = '検査用途ID', US_TITLE = 'INSP_USED_ID' WHERE TABLE_ID = 'TBLID_BEPMONI' AND UPPER(FIELD_NAME) = 'INSP_USED_ID';
UPDATE SM_FIELD_DEF SET JP_TITLE = '{NULL', US_TITLE = 'NULL' WHERE TABLE_ID = 'TBLID_BEPMONI' AND UPPER(FIELD_NAME) = 'NULL';
UPDATE SM_FIELD_DEF SET JP_TITLE = '{"ﾀｲﾄﾙ', US_TITLE = '英語名' WHERE TABLE_ID = 'TBLID_BPWSMPLCASETCON' AND UPPER(FIELD_NAME) = 'ﾌｨｰﾙﾄﾞ名';
UPDATE SM_FIELD_DEF SET JP_TITLE = '{"--------------------', US_TITLE = '--------------------------------------------------------' WHERE TABLE_ID = 'TBLID_BPWSMPLCASETCON' AND UPPER(FIELD_NAME) = '--------------------';
UPDATE SM_FIELD_DEF SET JP_TITLE = '検査試料構成ID', US_TITLE = 'SMPL_CASET_CON_ID' WHERE TABLE_ID = 'TBLID_BPWSMPLCASETCON' AND UPPER(FIELD_NAME) = 'SMPL_CASET_CON_ID';
UPDATE SM_FIELD_DEF SET JP_TITLE = 'ｼｰｹﾝｽ番号', US_TITLE = 'SEQ_NO' WHERE TABLE_ID = 'TBLID_BPWSMPLCASETCON' AND UPPER(FIELD_NAME) = 'SEQ_NO';
UPDATE SM_FIELD_DEF SET JP_TITLE = 'ｳｪｰﾊ品質ﾊﾟﾀｰﾝ', US_TITLE = 'WAF_QUO_PTN' WHERE TABLE_ID = 'TBLID_BPWSMPLCASETCON' AND UPPER(FIELD_NAME) = 'WAF_QUO_PTN';
UPDATE SM_FIELD_DEF SET JP_TITLE = '検査試料区分', US_TITLE = 'SMPL_CAT' WHERE TABLE_ID = 'TBLID_BPWSMPLCASETCON' AND UPPER(FIELD_NAME) = 'SMPL_CAT';
UPDATE SM_FIELD_DEF SET JP_TITLE = '検査試料抜き取り位置', US_TITLE = 'SMPL_POS' WHERE TABLE_ID = 'TBLID_BPWSMPLCASETCON' AND UPPER(FIELD_NAME) = 'SMPL_POS';
UPDATE SM_FIELD_DEF SET JP_TITLE = '検査用途ID', US_TITLE = 'INSP_USED_ID' WHERE TABLE_ID = 'TBLID_BPWSMPLCASETCON' AND UPPER(FIELD_NAME) = 'INSP_USED_ID';
UPDATE SM_FIELD_DEF SET JP_TITLE = '項目1', US_TITLE = 'BEFORE CNT' WHERE TABLE_ID = 'TBLID_BPWSMPLCASETCON' AND UPPER(FIELD_NAME) = 'ITEM1';
UPDATE SM_FIELD_DEF SET JP_TITLE = '項目データ1', US_TITLE = 'AFTER CNT' WHERE TABLE_ID = 'TBLID_BPWSMPLCASETCON' AND UPPER(FIELD_NAME) = 'ITEM_DATA1';
UPDATE SM_FIELD_DEF SET JP_TITLE = '項目1', US_TITLE = 'ITEM1' WHERE TABLE_ID = 'TBLID_BPWSMPLCASETCON' AND UPPER(FIELD_NAME) = 'ITEM1';
UPDATE SM_FIELD_DEF SET JP_TITLE = '項目データ1', US_TITLE = 'ITEM_DATA1' WHERE TABLE_ID = 'TBLID_BPWSMPLCASETCON' AND UPPER(FIELD_NAME) = 'ITEM_DATA1';
UPDATE SM_FIELD_DEF SET JP_TITLE = '検査用途･測定項目ﾃｰﾌﾞﾙ', US_TITLE = 'Insp_Meas_Item' WHERE TABLE_ID = 'TBLID_BPWSMPLCASETCON' AND UPPER(FIELD_NAME) = 'DUMMY';
UPDATE SM_FIELD_DEF SET JP_TITLE = '{NULL', US_TITLE = 'NULL' WHERE TABLE_ID = 'TBLID_BPWSMPLCASETCON' AND UPPER(FIELD_NAME) = 'NULL';
UPDATE SM_FIELD_DEF SET JP_TITLE = '{"ﾀｲﾄﾙ', US_TITLE = '英語名' WHERE TABLE_ID = 'TBLID_BINSP_MEAS_ITEM' AND UPPER(FIELD_NAME) = 'ﾌｨｰﾙﾄﾞ名';
UPDATE SM_FIELD_DEF SET JP_TITLE = '{"--------------------', US_TITLE = '--------------------------------------------------------' WHERE TABLE_ID = 'TBLID_BINSP_MEAS_ITEM' AND UPPER(FIELD_NAME) = '--------------------';
UPDATE SM_FIELD_DEF SET JP_TITLE = '検査用途ID', US_TITLE = 'INSP_USED_ID' WHERE TABLE_ID = 'TBLID_BINSP_MEAS_ITEM' AND UPPER(FIELD_NAME) = 'INSP_USED_ID';
UPDATE SM_FIELD_DEF SET JP_TITLE = '測定項目', US_TITLE = 'MEAS_ITEM' WHERE TABLE_ID = 'TBLID_BINSP_MEAS_ITEM' AND UPPER(FIELD_NAME) = 'MEAS_ITEM';
UPDATE SM_FIELD_DEF SET JP_TITLE = '項目ｼｰｹﾝｽ番号', US_TITLE = 'ITEM_SEQ_NO' WHERE TABLE_ID = 'TBLID_BINSP_MEAS_ITEM' AND UPPER(FIELD_NAME) = 'ITEM_SEQ_NO';
UPDATE SM_FIELD_DEF SET JP_TITLE = '測定ﾃﾞｰﾀ項目ｸﾞﾙｰﾌﾟ', US_TITLE = 'MEAS_DATA_ITEMG' WHERE TABLE_ID = 'TBLID_BINSP_MEAS_ITEM' AND UPPER(FIELD_NAME) = 'MEAS_DATA_ITEMG';
UPDATE SM_FIELD_DEF SET JP_TITLE = '測定ﾎﾟｲﾝﾄ数', US_TITLE = 'MEAS_PNT_CNT' WHERE TABLE_ID = 'TBLID_BINSP_MEAS_ITEM' AND UPPER(FIELD_NAME) = 'MEAS_PNT_CNT';
UPDATE SM_FIELD_DEF SET JP_TITLE = '規格ﾁｪｯｸﾌﾗｸﾞ', US_TITLE = 'STD_CHK_FLG' WHERE TABLE_ID = 'TBLID_BINSP_MEAS_ITEM' AND UPPER(FIELD_NAME) = 'STD_CHK_FLG';
UPDATE SM_FIELD_DEF SET JP_TITLE = '入力ﾓｰﾄﾞ', US_TITLE = 'INP_MODE' WHERE TABLE_ID = 'TBLID_BINSP_MEAS_ITEM' AND UPPER(FIELD_NAME) = 'INP_MODE';
UPDATE SM_FIELD_DEF SET JP_TITLE = '式ｺｰﾄﾞﾞ', US_TITLE = 'CALC_CODE' WHERE TABLE_ID = 'TBLID_BINSP_MEAS_ITEM' AND UPPER(FIELD_NAME) = 'CALC_CODE';
UPDATE SM_FIELD_DEF SET JP_TITLE = '式ﾊﾟﾗﾒｰﾀ1', US_TITLE = 'CALC_PARM1' WHERE TABLE_ID = 'TBLID_BINSP_MEAS_ITEM' AND UPPER(FIELD_NAME) = 'CALC_PARM1';
UPDATE SM_FIELD_DEF SET JP_TITLE = '式ﾊﾟﾗﾒｰﾀ2', US_TITLE = 'CALC_PARM2' WHERE TABLE_ID = 'TBLID_BINSP_MEAS_ITEM' AND UPPER(FIELD_NAME) = 'CALC_PARM2';
UPDATE SM_FIELD_DEF SET JP_TITLE = '式ﾊﾟﾗﾒｰﾀ3', US_TITLE = 'CALC_PARM3' WHERE TABLE_ID = 'TBLID_BINSP_MEAS_ITEM' AND UPPER(FIELD_NAME) = 'CALC_PARM3';
UPDATE SM_FIELD_DEF SET JP_TITLE = '式ﾊﾟﾗﾒｰﾀ4', US_TITLE = 'CALC_PARM4' WHERE TABLE_ID = 'TBLID_BINSP_MEAS_ITEM' AND UPPER(FIELD_NAME) = 'CALC_PARM4';
UPDATE SM_FIELD_DEF SET JP_TITLE = '式ﾊﾟﾗﾒｰﾀ5', US_TITLE = 'CALC_PARM5' WHERE TABLE_ID = 'TBLID_BINSP_MEAS_ITEM' AND UPPER(FIELD_NAME) = 'CALC_PARM5';
UPDATE SM_FIELD_DEF SET JP_TITLE = '式ﾊﾟﾗﾒｰﾀ6', US_TITLE = 'CALC_PARM6' WHERE TABLE_ID = 'TBLID_BINSP_MEAS_ITEM' AND UPPER(FIELD_NAME) = 'CALC_PARM6';
UPDATE SM_FIELD_DEF SET JP_TITLE = '式ﾊﾟﾗﾒｰﾀ7', US_TITLE = 'CALC_PARM7' WHERE TABLE_ID = 'TBLID_BINSP_MEAS_ITEM' AND UPPER(FIELD_NAME) = 'CALC_PARM7';
UPDATE SM_FIELD_DEF SET JP_TITLE = '式ﾊﾟﾗﾒｰﾀ8', US_TITLE = 'CALC_PARM8' WHERE TABLE_ID = 'TBLID_BINSP_MEAS_ITEM' AND UPPER(FIELD_NAME) = 'CALC_PARM8';
UPDATE SM_FIELD_DEF SET JP_TITLE = '式ﾊﾟﾗﾒｰﾀ9', US_TITLE = 'CALC_PARM9' WHERE TABLE_ID = 'TBLID_BINSP_MEAS_ITEM' AND UPPER(FIELD_NAME) = 'CALC_PARM9';
UPDATE SM_FIELD_DEF SET JP_TITLE = '{"式ﾊﾟﾗﾒｰﾀ10', US_TITLE = 'CALC_PARM10' WHERE TABLE_ID = 'TBLID_BINSP_MEAS_ITEM' AND UPPER(FIELD_NAME) = 'CALC_PARM10';
UPDATE SM_FIELD_DEF SET JP_TITLE = 'SPC送信ﾌﾗｸﾞ', US_TITLE = 'CALC_PARM10' WHERE TABLE_ID = 'TBLID_BINSP_MEAS_ITEM' AND UPPER(FIELD_NAME) = 'CALC_PARM10';
UPDATE SM_FIELD_DEF SET JP_TITLE = '{NULL', US_TITLE = 'NULL' WHERE TABLE_ID = 'TBLID_BINSP_MEAS_ITEM' AND UPPER(FIELD_NAME) = 'NULL';
UPDATE SM_FIELD_DEF SET JP_TITLE = '{"ﾀｲﾄﾙ', US_TITLE = '英語名' WHERE TABLE_ID = 'TBLID_BRL_MEAS_PROD' AND UPPER(FIELD_NAME) = 'ﾌｨｰﾙﾄﾞ名';
UPDATE SM_FIELD_DEF SET JP_TITLE = '{"--------------------', US_TITLE = '--------------------------------------------------------' WHERE TABLE_ID = 'TBLID_BRL_MEAS_PROD' AND UPPER(FIELD_NAME) = '--------------------';
UPDATE SM_FIELD_DEF SET JP_TITLE = '製品ｺｰﾄﾞID', US_TITLE = 'PROD_ID' WHERE TABLE_ID = 'TBLID_BRL_MEAS_PROD' AND UPPER(FIELD_NAME) = 'PROD_ID';
UPDATE SM_FIELD_DEF SET JP_TITLE = '測定項目', US_TITLE = 'MEAS_ITEM' WHERE TABLE_ID = 'TBLID_BRL_MEAS_PROD' AND UPPER(FIELD_NAME) = 'MEAS_ITEM';
UPDATE SM_FIELD_DEF SET JP_TITLE = '測定項目名称', US_TITLE = 'MEAS_ITEM_NAME' WHERE TABLE_ID = 'TBLID_BRL_MEAS_PROD' AND UPPER(FIELD_NAME) = 'MEAS_ITEM_NAME';
UPDATE SM_FIELD_DEF SET JP_TITLE = '測定項目詳細', US_TITLE = 'MEAS_ITEM_DESC' WHERE TABLE_ID = 'TBLID_BRL_MEAS_PROD' AND UPPER(FIELD_NAME) = 'MEAS_ITEM_DESC';
UPDATE SM_FIELD_DEF SET JP_TITLE = '上限値', US_TITLE = 'H_VAL' WHERE TABLE_ID = 'TBLID_BRL_MEAS_PROD' AND UPPER(FIELD_NAME) = 'H_VAL';
UPDATE SM_FIELD_DEF SET JP_TITLE = '下限値', US_TITLE = 'L_VAL' WHERE TABLE_ID = 'TBLID_BRL_MEAS_PROD' AND UPPER(FIELD_NAME) = 'L_VAL';
UPDATE SM_FIELD_DEF SET JP_TITLE = '異常上限値', US_TITLE = 'IRR_ H_VAL' WHERE TABLE_ID = 'TBLID_BRL_MEAS_PROD' AND UPPER(FIELD_NAME) = 'IRR_H_VAL';
UPDATE SM_FIELD_DEF SET JP_TITLE = '異常下限値', US_TITLE = 'IRR_ L_VAL' WHERE TABLE_ID = 'TBLID_BRL_MEAS_PROD' AND UPPER(FIELD_NAME) = 'IRR_L_VAL';
UPDATE SM_FIELD_DEF SET JP_TITLE = 'CofCﾃﾞｰﾀﾌﾗｸﾞ', US_TITLE = 'COFCDATA_FLG' WHERE TABLE_ID = 'TBLID_BRL_MEAS_PROD' AND UPPER(FIELD_NAME) = 'COFCDATA_FLG';
UPDATE SM_FIELD_DEF SET JP_TITLE = '検査ﾚｼﾋﾟID', US_TITLE = 'INSP_RECIP_ID' WHERE TABLE_ID = 'TBLID_BRL_MEAS_PROD' AND UPPER(FIELD_NAME) = 'INSP_RECIP_ID';
UPDATE SM_FIELD_DEF SET JP_TITLE = 'CofCﾃﾞｰﾀ工程内検査ﾌﾗｸﾞ', US_TITLE = 'COFCDATA_MEAS_JDG_FLG' WHERE TABLE_ID = 'TBLID_BRL_MEAS_PROD' AND UPPER(FIELD_NAME) = 'COFCDATA_MEAS_JDG_FLG';
UPDATE SM_FIELD_DEF SET JP_TITLE = '{NULL', US_TITLE = 'NULL' WHERE TABLE_ID = 'TBLID_BRL_MEAS_PROD' AND UPPER(FIELD_NAME) = 'NULL';
UPDATE SM_FIELD_DEF SET JP_TITLE = '{"标题', US_TITLE = '英語名' WHERE TABLE_ID = 'TBLID_BPROD_CHG_SPEC' AND UPPER(FIELD_NAME) = '字段名称';
UPDATE SM_FIELD_DEF SET JP_TITLE = '{"--------------------', US_TITLE = '--------------------------------------------------------' WHERE TABLE_ID = 'TBLID_BPROD_CHG_SPEC' AND UPPER(FIELD_NAME) = '--------------------';
UPDATE SM_FIELD_DEF SET JP_TITLE = '製品ｺｰﾄﾞID', US_TITLE = 'PROD_ID' WHERE TABLE_ID = 'TBLID_BPROD_CHG_SPEC' AND UPPER(FIELD_NAME) = 'PROD_ID';
UPDATE SM_FIELD_DEF SET JP_TITLE = '上限値', US_TITLE = 'H_VAL' WHERE TABLE_ID = 'TBLID_BPROD_CHG_SPEC' AND UPPER(FIELD_NAME) = 'H_VAL';
UPDATE SM_FIELD_DEF SET JP_TITLE = '下限値', US_TITLE = 'L_VAL' WHERE TABLE_ID = 'TBLID_BPROD_CHG_SPEC' AND UPPER(FIELD_NAME) = 'L_VAL';
UPDATE SM_FIELD_DEF SET JP_TITLE = '{NULL', US_TITLE = 'NULL' WHERE TABLE_ID = 'TBLID_BPROD_CHG_SPEC' AND UPPER(FIELD_NAME) = 'NULL';
UPDATE SM_FIELD_DEF SET JP_TITLE = '{"ﾀｲﾄﾙ', US_TITLE = '英語名' WHERE TABLE_ID = 'TBLID_BPROD_BINCODE' AND UPPER(FIELD_NAME) = 'ﾌｨｰﾙﾄﾞ名';
UPDATE SM_FIELD_DEF SET JP_TITLE = '{"--------------------', US_TITLE = '--------------------------------------------------------' WHERE TABLE_ID = 'TBLID_BPROD_BINCODE' AND UPPER(FIELD_NAME) = '--------------------';
UPDATE SM_FIELD_DEF SET JP_TITLE = '製品ｺｰﾄﾞID', US_TITLE = 'PROD_ID' WHERE TABLE_ID = 'TBLID_BPROD_BINCODE' AND UPPER(FIELD_NAME) = 'PROD_ID';
UPDATE SM_FIELD_DEF SET JP_TITLE = 'CDOE_DESC', US_TITLE = 'CODE_DESC' WHERE TABLE_ID = 'TBLID_BPROD_BINCODE' AND UPPER(FIELD_NAME) = 'CODE_DESC';
UPDATE SM_FIELD_DEF SET JP_TITLE = '{NULL', US_TITLE = 'NULL' WHERE TABLE_ID = 'TBLID_BPROD_BINCODE' AND UPPER(FIELD_NAME) = 'NULL';
UPDATE SM_FIELD_DEF SET JP_TITLE = '{"ﾀｲﾄﾙ', US_TITLE = '英語名' WHERE TABLE_ID = 'TBLID_BEQP_STAT_CONST' AND UPPER(FIELD_NAME) = 'ﾌｨｰﾙﾄﾞ名';
UPDATE SM_FIELD_DEF SET JP_TITLE = '{"--------------------', US_TITLE = '--------------------------------------------------------' WHERE TABLE_ID = 'TBLID_BEQP_STAT_CONST' AND UPPER(FIELD_NAME) = '--------------------';
UPDATE SM_FIELD_DEF SET JP_TITLE = 'USER GROUP ID1', US_TITLE = 'USERG_ID1' WHERE TABLE_ID = 'TBLID_BEQP_STAT_CONST' AND UPPER(FIELD_NAME) = 'USERG_ID1';
UPDATE SM_FIELD_DEF SET JP_TITLE = 'USER GROUP ID2', US_TITLE = 'USERG_ID2' WHERE TABLE_ID = 'TBLID_BEQP_STAT_CONST' AND UPPER(FIELD_NAME) = 'USERG_ID2';
UPDATE SM_FIELD_DEF SET JP_TITLE = 'USER GROUP ID3', US_TITLE = 'USERG_ID3' WHERE TABLE_ID = 'TBLID_BEQP_STAT_CONST' AND UPPER(FIELD_NAME) = 'USERG_ID3';
UPDATE SM_FIELD_DEF SET JP_TITLE = 'USER GROUP ID4', US_TITLE = 'USERG_ID4' WHERE TABLE_ID = 'TBLID_BEQP_STAT_CONST' AND UPPER(FIELD_NAME) = 'USERG_ID4';
UPDATE SM_FIELD_DEF SET JP_TITLE = 'USER GROUP ID5', US_TITLE = 'USERG_ID5' WHERE TABLE_ID = 'TBLID_BEQP_STAT_CONST' AND UPPER(FIELD_NAME) = 'USERG_ID5';
UPDATE SM_FIELD_DEF SET JP_TITLE = 'USER GROUP ID6', US_TITLE = 'USERG_ID6' WHERE TABLE_ID = 'TBLID_BEQP_STAT_CONST' AND UPPER(FIELD_NAME) = 'USERG_ID6';
UPDATE SM_FIELD_DEF SET JP_TITLE = 'USER GROUP ID7', US_TITLE = 'USERG_ID7' WHERE TABLE_ID = 'TBLID_BEQP_STAT_CONST' AND UPPER(FIELD_NAME) = 'USERG_ID7';
UPDATE SM_FIELD_DEF SET JP_TITLE = 'USER GROUP ID8', US_TITLE = 'USERG_ID8' WHERE TABLE_ID = 'TBLID_BEQP_STAT_CONST' AND UPPER(FIELD_NAME) = 'USERG_ID8';
UPDATE SM_FIELD_DEF SET JP_TITLE = 'USER GROUP ID9', US_TITLE = 'USERG_ID9' WHERE TABLE_ID = 'TBLID_BEQP_STAT_CONST' AND UPPER(FIELD_NAME) = 'USERG_ID9';
UPDATE SM_FIELD_DEF SET JP_TITLE = 'USER GROUP ID10', US_TITLE = 'USERG_ID10' WHERE TABLE_ID = 'TBLID_BEQP_STAT_CONST' AND UPPER(FIELD_NAME) = 'USERG_ID10';
UPDATE SM_FIELD_DEF SET JP_TITLE = '{NULL', US_TITLE = 'NULL' WHERE TABLE_ID = 'TBLID_BEQP_STAT_CONST' AND UPPER(FIELD_NAME) = 'NULL';
UPDATE SM_FIELD_DEF SET JP_TITLE = '{"ﾀｲﾄﾙ', US_TITLE = '英語名' WHERE TABLE_ID = 'TBLID_BRECIP_WIRESAW' AND UPPER(FIELD_NAME) = 'ﾌｨｰﾙﾄﾞ名';
UPDATE SM_FIELD_DEF SET JP_TITLE = '{"--------------------', US_TITLE = '--------------------------------------------------------' WHERE TABLE_ID = 'TBLID_BRECIP_WIRESAW' AND UPPER(FIELD_NAME) = '--------------------';
UPDATE SM_FIELD_DEF SET JP_TITLE = '配方', US_TITLE = 'RECIP_ID' WHERE TABLE_ID = 'TBLID_BRECIP_WIRESAW' AND UPPER(FIELD_NAME) = 'RECIP_ID';
UPDATE SM_FIELD_DEF SET JP_TITLE = '尺寸', US_TITLE = 'DIAMETER' WHERE TABLE_ID = 'TBLID_BRECIP_WIRESAW' AND UPPER(FIELD_NAME) = 'DIAMETER';
UPDATE SM_FIELD_DEF SET JP_TITLE = '工艺类型', US_TITLE = 'RECIP_CAT' WHERE TABLE_ID = 'TBLID_BRECIP_WIRESAW' AND UPPER(FIELD_NAME) = 'RECIP_CAT';
UPDATE SM_FIELD_DEF SET JP_TITLE = '主轴槽距', US_TITLE = 'WIRE_PITCH' WHERE TABLE_ID = 'TBLID_BRECIP_WIRESAW' AND UPPER(FIELD_NAME) = 'WIRE_PITCH';
UPDATE SM_FIELD_DEF SET JP_TITLE = '上限値', US_TITLE = 'H_VAL' WHERE TABLE_ID = 'TBLID_BRECIP_WIRESAW' AND UPPER(FIELD_NAME) = 'H_VAL';
UPDATE SM_FIELD_DEF SET JP_TITLE = '下限値', US_TITLE = 'L_VAL' WHERE TABLE_ID = 'TBLID_BRECIP_WIRESAW' AND UPPER(FIELD_NAME) = 'L_VAL';
UPDATE SM_FIELD_DEF SET JP_TITLE = '{NULL', US_TITLE = 'NULL' WHERE TABLE_ID = 'TBLID_BRECIP_WIRESAW' AND UPPER(FIELD_NAME) = 'NULL';
UPDATE SM_FIELD_DEF SET JP_TITLE = '{"ﾀｲﾄﾙ', US_TITLE = '英語名' WHERE TABLE_ID = 'TBLID_BSMPSET_BLK' AND UPPER(FIELD_NAME) = 'ﾌｨｰﾙﾄﾞ名';
UPDATE SM_FIELD_DEF SET JP_TITLE = '{"--------------------', US_TITLE = '--------------------------------------------------------' WHERE TABLE_ID = 'TBLID_BSMPSET_BLK' AND UPPER(FIELD_NAME) = '--------------------';
UPDATE SM_FIELD_DEF SET JP_TITLE = '盒数', US_TITLE = 'BOX_CNT' WHERE TABLE_ID = 'TBLID_BSMPSET_BLK' AND UPPER(FIELD_NAME) = 'BOX_CNT';
UPDATE SM_FIELD_DEF SET JP_TITLE = '序列号', US_TITLE = 'SEQ_NO' WHERE TABLE_ID = 'TBLID_BSMPSET_BLK' AND UPPER(FIELD_NAME) = 'SEQ_NO';
UPDATE SM_FIELD_DEF SET JP_TITLE = '盒号', US_TITLE = 'CAR_SEQ' WHERE TABLE_ID = 'TBLID_BSMPSET_BLK' AND UPPER(FIELD_NAME) = 'CAR_SEQ';
UPDATE SM_FIELD_DEF SET JP_TITLE = '槽位号', US_TITLE = 'SLOT_NO' WHERE TABLE_ID = 'TBLID_BSMPSET_BLK' AND UPPER(FIELD_NAME) = 'SLOT_NO';
UPDATE SM_FIELD_DEF SET JP_TITLE = '最后一盒标识', US_TITLE = 'LAST_CAR_FLG' WHERE TABLE_ID = 'TBLID_BSMPSET_BLK' AND UPPER(FIELD_NAME) = 'LAST_CAR_FLG';
UPDATE SM_FIELD_DEF SET JP_TITLE = '{NULL', US_TITLE = 'NULL' WHERE TABLE_ID = 'TBLID_BSMPSET_BLK' AND UPPER(FIELD_NAME) = 'NULL';
UPDATE SM_FIELD_DEF SET JP_TITLE = '{"标题', US_TITLE = '英語名' WHERE TABLE_ID = 'TBLID_BPROD_LABEL' AND UPPER(FIELD_NAME) = '字段名称';
UPDATE SM_FIELD_DEF SET JP_TITLE = '{"--------------------', US_TITLE = '--------------------------------------------------------' WHERE TABLE_ID = 'TBLID_BPROD_LABEL' AND UPPER(FIELD_NAME) = '--------------------';
UPDATE SM_FIELD_DEF SET JP_TITLE = '品名ID', US_TITLE = 'PROD_ID' WHERE TABLE_ID = 'TBLID_BPROD_LABEL' AND UPPER(FIELD_NAME) = 'PROD_ID';
UPDATE SM_FIELD_DEF SET JP_TITLE = '客户名称', US_TITLE = 'Customer Name' WHERE TABLE_ID = 'TBLID_BPROD_LABEL' AND UPPER(FIELD_NAME) = 'CUSTOMER_NAME';
UPDATE SM_FIELD_DEF SET JP_TITLE = '客户品名', US_TITLE = 'Customer Spec ID' WHERE TABLE_ID = 'TBLID_BPROD_LABEL' AND UPPER(FIELD_NAME) = 'PART_NO';
UPDATE SM_FIELD_DEF SET JP_TITLE = '客户品名(英文)', US_TITLE = 'Customer Spec ID(Eng)' WHERE TABLE_ID = 'TBLID_BPROD_LABEL' AND UPPER(FIELD_NAME) = 'PART_NO_EN';
UPDATE SM_FIELD_DEF SET JP_TITLE = '直径', US_TITLE = 'Diameter' WHERE TABLE_ID = 'TBLID_BPROD_LABEL' AND UPPER(FIELD_NAME) = 'DIAMETER';
UPDATE SM_FIELD_DEF SET JP_TITLE = '长晶方式', US_TITLE = 'Crystal Growth' WHERE TABLE_ID = 'TBLID_BPROD_LABEL' AND UPPER(FIELD_NAME) = 'CRYSTAL';
UPDATE SM_FIELD_DEF SET JP_TITLE = '厚度', US_TITLE = 'Thickness' WHERE TABLE_ID = 'TBLID_BPROD_LABEL' AND UPPER(FIELD_NAME) = 'THK';
UPDATE SM_FIELD_DEF SET JP_TITLE = '电阻', US_TITLE = 'Resistivity' WHERE TABLE_ID = 'TBLID_BPROD_LABEL' AND UPPER(FIELD_NAME) = 'RES';
UPDATE SM_FIELD_DEF SET JP_TITLE = '晶向', US_TITLE = 'Crystal Orientation' WHERE TABLE_ID = 'TBLID_BPROD_LABEL' AND UPPER(FIELD_NAME) = 'ORI';
UPDATE SM_FIELD_DEF SET JP_TITLE = '导电类型', US_TITLE = 'Dopant Type' WHERE TABLE_ID = 'TBLID_BPROD_LABEL' AND UPPER(FIELD_NAME) = 'DOPANT_TYPE';
UPDATE SM_FIELD_DEF SET JP_TITLE = '掺杂剂', US_TITLE = 'Dopant Element' WHERE TABLE_ID = 'TBLID_BPROD_LABEL' AND UPPER(FIELD_NAME) = 'DOPANT_ELEMENT';
UPDATE SM_FIELD_DEF SET JP_TITLE = '料号', US_TITLE = 'Material NO' WHERE TABLE_ID = 'TBLID_BPROD_LABEL' AND UPPER(FIELD_NAME) = 'MAT_NO';
UPDATE SM_FIELD_DEF SET JP_TITLE = '物料名称', US_TITLE = 'Material Name' WHERE TABLE_ID = 'TBLID_BPROD_LABEL' AND UPPER(FIELD_NAME) = 'MAT_NAME';
UPDATE SM_FIELD_DEF SET JP_TITLE = '公司名称', US_TITLE = 'Company Name' WHERE TABLE_ID = 'TBLID_BPROD_LABEL' AND UPPER(FIELD_NAME) = 'VENDOR';
UPDATE SM_FIELD_DEF SET JP_TITLE = '标注', US_TITLE = 'Remark' WHERE TABLE_ID = 'TBLID_BPROD_LABEL' AND UPPER(FIELD_NAME) = 'REMARK';
UPDATE SM_FIELD_DEF SET JP_TITLE = '硅片类型', US_TITLE = 'Wafer Category' WHERE TABLE_ID = 'TBLID_BPROD_LABEL' AND UPPER(FIELD_NAME) = 'RESERVE01';
UPDATE SM_FIELD_DEF SET JP_TITLE = 'RF组ID', US_TITLE = 'RF Group ID' WHERE TABLE_ID = 'TBLID_BPROD_LABEL' AND UPPER(FIELD_NAME) = 'RESERVE02';
UPDATE SM_FIELD_DEF SET JP_TITLE = '客户规格', US_TITLE = 'Specification No' WHERE TABLE_ID = 'TBLID_BPROD_LABEL' AND UPPER(FIELD_NAME) = 'RESERVE03';
UPDATE SM_FIELD_DEF SET JP_TITLE = '客户规格版本号4', US_TITLE = 'REV' WHERE TABLE_ID = 'TBLID_BPROD_LABEL' AND UPPER(FIELD_NAME) = 'RESERVE04';
UPDATE SM_FIELD_DEF SET JP_TITLE = '保质期', US_TITLE = 'Shelf Life' WHERE TABLE_ID = 'TBLID_BPROD_LABEL' AND UPPER(FIELD_NAME) = 'RESERVE05';
UPDATE SM_FIELD_DEF SET JP_TITLE = '等级', US_TITLE = 'Grade' WHERE TABLE_ID = 'TBLID_BPROD_LABEL' AND UPPER(FIELD_NAME) = 'RESERVE06';
UPDATE SM_FIELD_DEF SET JP_TITLE = '弯曲度', US_TITLE = 'Bow' WHERE TABLE_ID = 'TBLID_BPROD_LABEL' AND UPPER(FIELD_NAME) = 'RESERVE07';
UPDATE SM_FIELD_DEF SET JP_TITLE = '翘曲度', US_TITLE = 'Warp' WHERE TABLE_ID = 'TBLID_BPROD_LABEL' AND UPPER(FIELD_NAME) = 'RESERVE08';
UPDATE SM_FIELD_DEF SET JP_TITLE = '总厚度变化', US_TITLE = 'TTV' WHERE TABLE_ID = 'TBLID_BPROD_LABEL' AND UPPER(FIELD_NAME) = 'RESERVE09';
UPDATE SM_FIELD_DEF SET JP_TITLE = '微粒', US_TITLE = 'Particle' WHERE TABLE_ID = 'TBLID_BPROD_LABEL' AND UPPER(FIELD_NAME) = 'RESERVE10';
UPDATE SM_FIELD_DEF SET JP_TITLE = '备用字段11', US_TITLE = 'Reserve 11' WHERE TABLE_ID = 'TBLID_BPROD_LABEL' AND UPPER(FIELD_NAME) = 'RESERVE11';
UPDATE SM_FIELD_DEF SET JP_TITLE = '备用字段12', US_TITLE = 'Reserve 12' WHERE TABLE_ID = 'TBLID_BPROD_LABEL' AND UPPER(FIELD_NAME) = 'RESERVE12';
UPDATE SM_FIELD_DEF SET JP_TITLE = '备用字段13', US_TITLE = 'Reserve 13' WHERE TABLE_ID = 'TBLID_BPROD_LABEL' AND UPPER(FIELD_NAME) = 'RESERVE13';
UPDATE SM_FIELD_DEF SET JP_TITLE = '备用字段14', US_TITLE = 'Reserve 14' WHERE TABLE_ID = 'TBLID_BPROD_LABEL' AND UPPER(FIELD_NAME) = 'RESERVE14';
UPDATE SM_FIELD_DEF SET JP_TITLE = '备用字段15', US_TITLE = 'Reserve 15' WHERE TABLE_ID = 'TBLID_BPROD_LABEL' AND UPPER(FIELD_NAME) = 'RESERVE15';
UPDATE SM_FIELD_DEF SET JP_TITLE = '备用字段16', US_TITLE = 'Reserve 16' WHERE TABLE_ID = 'TBLID_BPROD_LABEL' AND UPPER(FIELD_NAME) = 'RESERVE16';
UPDATE SM_FIELD_DEF SET JP_TITLE = '备用字段17', US_TITLE = 'Reserve 17' WHERE TABLE_ID = 'TBLID_BPROD_LABEL' AND UPPER(FIELD_NAME) = 'RESERVE17';
UPDATE SM_FIELD_DEF SET JP_TITLE = '备用字段18', US_TITLE = 'Reserve 18' WHERE TABLE_ID = 'TBLID_BPROD_LABEL' AND UPPER(FIELD_NAME) = 'RESERVE18';
UPDATE SM_FIELD_DEF SET JP_TITLE = '备用字段19', US_TITLE = 'Reserve 19' WHERE TABLE_ID = 'TBLID_BPROD_LABEL' AND UPPER(FIELD_NAME) = 'RESERVE19';
UPDATE SM_FIELD_DEF SET JP_TITLE = '备用字段20', US_TITLE = 'Reserve 20' WHERE TABLE_ID = 'TBLID_BPROD_LABEL' AND UPPER(FIELD_NAME) = 'RESERVE20';
UPDATE SM_FIELD_DEF SET JP_TITLE = '{NULL', US_TITLE = 'NULL' WHERE TABLE_ID = 'TBLID_BPROD_LABEL' AND UPPER(FIELD_NAME) = 'NULL';
UPDATE SM_FIELD_DEF SET JP_TITLE = '{"标题', US_TITLE = '英語名' WHERE TABLE_ID = 'TBLID_BRECIP_MOUNT' AND UPPER(FIELD_NAME) = '字段名称';
UPDATE SM_FIELD_DEF SET JP_TITLE = '{"--------------------', US_TITLE = '--------------------------------------------------------' WHERE TABLE_ID = 'TBLID_BRECIP_MOUNT' AND UPPER(FIELD_NAME) = '--------------------';
UPDATE SM_FIELD_DEF SET JP_TITLE = '配方', US_TITLE = 'RECIP_ID' WHERE TABLE_ID = 'TBLID_BRECIP_MOUNT' AND UPPER(FIELD_NAME) = 'RECIP_ID';
UPDATE SM_FIELD_DEF SET JP_TITLE = '面方位代码', US_TITLE = 'Orientation Code' WHERE TABLE_ID = 'TBLID_BRECIP_MOUNT' AND UPPER(FIELD_NAME) = 'ORI_CODE';
UPDATE SM_FIELD_DEF SET JP_TITLE = '面方位X轴', US_TITLE = 'Orientation X' WHERE TABLE_ID = 'TBLID_BRECIP_MOUNT' AND UPPER(FIELD_NAME) = 'ORI_X';
UPDATE SM_FIELD_DEF SET JP_TITLE = '面方位Y轴', US_TITLE = 'Orientation Y' WHERE TABLE_ID = 'TBLID_BRECIP_MOUNT' AND UPPER(FIELD_NAME) = 'ORI_Y';
UPDATE SM_FIELD_DEF SET JP_TITLE = '{NULL', US_TITLE = 'NULL' WHERE TABLE_ID = 'TBLID_BRECIP_MOUNT' AND UPPER(FIELD_NAME) = 'NULL';
UPDATE SM_FIELD_DEF SET JP_TITLE = '{"标题', US_TITLE = '英語名' WHERE TABLE_ID = 'TBLID_BRF_GROUP' AND UPPER(FIELD_NAME) = '字段名称';
UPDATE SM_FIELD_DEF SET JP_TITLE = '{"--------------------', US_TITLE = '--------------------------------------------------------' WHERE TABLE_ID = 'TBLID_BRF_GROUP' AND UPPER(FIELD_NAME) = '--------------------';
UPDATE SM_FIELD_DEF SET JP_TITLE = 'RF组ID', US_TITLE = 'RF Group ID' WHERE TABLE_ID = 'TBLID_BRF_GROUP' AND UPPER(FIELD_NAME) = 'RF_GROUP_ID';
UPDATE SM_FIELD_DEF SET JP_TITLE = 'RF组名称', US_TITLE = 'RF Group Name' WHERE TABLE_ID = 'TBLID_BRF_GROUP' AND UPPER(FIELD_NAME) = 'RF_GROUP_NAME';
UPDATE SM_FIELD_DEF SET JP_TITLE = '清零标识', US_TITLE = 'Clear Tag' WHERE TABLE_ID = 'TBLID_BRF_GROUP' AND UPPER(FIELD_NAME) = 'CLEAR_TAG';
UPDATE SM_FIELD_DEF SET JP_TITLE = '清零间隔时间', US_TITLE = 'Clear Interval' WHERE TABLE_ID = 'TBLID_BRF_GROUP' AND UPPER(FIELD_NAME) = 'CLEAR_INTERVAL';
UPDATE SM_FIELD_DEF SET JP_TITLE = '备用字段1', US_TITLE = 'Reserve 1' WHERE TABLE_ID = 'TBLID_BRF_GROUP' AND UPPER(FIELD_NAME) = 'RESERVE01';
UPDATE SM_FIELD_DEF SET JP_TITLE = '备用字段2', US_TITLE = 'Reserve 2' WHERE TABLE_ID = 'TBLID_BRF_GROUP' AND UPPER(FIELD_NAME) = 'RESERVE02';
UPDATE SM_FIELD_DEF SET JP_TITLE = '备用字段3', US_TITLE = 'Reserve 3' WHERE TABLE_ID = 'TBLID_BRF_GROUP' AND UPPER(FIELD_NAME) = 'RESERVE03';
UPDATE SM_FIELD_DEF SET JP_TITLE = '备用字段4', US_TITLE = 'Reserve 4' WHERE TABLE_ID = 'TBLID_BRF_GROUP' AND UPPER(FIELD_NAME) = 'RESERVE04';
UPDATE SM_FIELD_DEF SET JP_TITLE = '{NULL', US_TITLE = 'NULL' WHERE TABLE_ID = 'TBLID_BRF_GROUP' AND UPPER(FIELD_NAME) = 'NULL';
UPDATE SM_FIELD_DEF SET JP_TITLE = '{"标题', US_TITLE = '英語名' WHERE TABLE_ID = 'TBLID_BRF_PTN' AND UPPER(FIELD_NAME) = '字段名称';
UPDATE SM_FIELD_DEF SET JP_TITLE = '{"--------------------', US_TITLE = '--------------------------------------------------------' WHERE TABLE_ID = 'TBLID_BRF_PTN' AND UPPER(FIELD_NAME) = '--------------------';
UPDATE SM_FIELD_DEF SET JP_TITLE = 'RF组ID', US_TITLE = 'RF Group ID' WHERE TABLE_ID = 'TBLID_BRF_PTN' AND UPPER(FIELD_NAME) = 'RF_GROUP_ID';
UPDATE SM_FIELD_DEF SET JP_TITLE = '序号', US_TITLE = 'Sequence No' WHERE TABLE_ID = 'TBLID_BRF_PTN' AND UPPER(FIELD_NAME) = 'SEQ_NO';
UPDATE SM_FIELD_DEF SET JP_TITLE = '组件', US_TITLE = 'Module' WHERE TABLE_ID = 'TBLID_BRF_PTN' AND UPPER(FIELD_NAME) = 'PART';
UPDATE SM_FIELD_DEF SET JP_TITLE = '组件长度', US_TITLE = 'Module Length' WHERE TABLE_ID = 'TBLID_BRF_PTN' AND UPPER(FIELD_NAME) = 'PART_LEN';
UPDATE SM_FIELD_DEF SET JP_TITLE = '组件固定值', US_TITLE = 'Fix Value' WHERE TABLE_ID = 'TBLID_BRF_PTN' AND UPPER(FIELD_NAME) = 'FIX_VAL';
UPDATE SM_FIELD_DEF SET JP_TITLE = '备用字段1', US_TITLE = 'Reserve 1' WHERE TABLE_ID = 'TBLID_BRF_PTN' AND UPPER(FIELD_NAME) = 'RESERVE01';
UPDATE SM_FIELD_DEF SET JP_TITLE = '备用字段2', US_TITLE = 'Reserve 2' WHERE TABLE_ID = 'TBLID_BRF_PTN' AND UPPER(FIELD_NAME) = 'RESERVE02';
UPDATE SM_FIELD_DEF SET JP_TITLE = '备用字段3', US_TITLE = 'Reserve 3' WHERE TABLE_ID = 'TBLID_BRF_PTN' AND UPPER(FIELD_NAME) = 'RESERVE03';
UPDATE SM_FIELD_DEF SET JP_TITLE = '备用字段4', US_TITLE = 'Reserve 4' WHERE TABLE_ID = 'TBLID_BRF_PTN' AND UPPER(FIELD_NAME) = 'RESERVE04';
UPDATE SM_FIELD_DEF SET JP_TITLE = '{NULL', US_TITLE = 'NULL' WHERE TABLE_ID = 'TBLID_BRF_PTN' AND UPPER(FIELD_NAME) = 'NULL';
UPDATE SM_FIELD_DEF SET JP_TITLE = '{"标题', US_TITLE = '英語名' WHERE TABLE_ID = 'TBLID_BPRINT_CHECK' AND UPPER(FIELD_NAME) = '字段名称';
UPDATE SM_FIELD_DEF SET JP_TITLE = '{"--------------------', US_TITLE = '--------------------------------------------------------' WHERE TABLE_ID = 'TBLID_BPRINT_CHECK' AND UPPER(FIELD_NAME) = '--------------------';
UPDATE SM_FIELD_DEF SET JP_TITLE = '标签模板ID', US_TITLE = 'Label Print ID' WHERE TABLE_ID = 'TBLID_BPRINT_CHECK' AND UPPER(FIELD_NAME) = 'LABEL_PRINT_ID';
UPDATE SM_FIELD_DEF SET JP_TITLE = '序号', US_TITLE = 'Sequence No' WHERE TABLE_ID = 'TBLID_BPRINT_CHECK' AND UPPER(FIELD_NAME) = 'SEQ_NO';
UPDATE SM_FIELD_DEF SET JP_TITLE = '标签检查项目', US_TITLE = 'Label Check Item' WHERE TABLE_ID = 'TBLID_BPRINT_CHECK' AND UPPER(FIELD_NAME) = 'LABEL_CHK_ITEM';
UPDATE SM_FIELD_DEF SET JP_TITLE = '标签项目1', US_TITLE = 'Label Item 1' WHERE TABLE_ID = 'TBLID_BPRINT_CHECK' AND UPPER(FIELD_NAME) = 'LABEL_ITEM01';
UPDATE SM_FIELD_DEF SET JP_TITLE = '标签项目2', US_TITLE = 'Label Item 2' WHERE TABLE_ID = 'TBLID_BPRINT_CHECK' AND UPPER(FIELD_NAME) = 'LABEL_ITEM02';
UPDATE SM_FIELD_DEF SET JP_TITLE = '标签项目3', US_TITLE = 'Label Item 3' WHERE TABLE_ID = 'TBLID_BPRINT_CHECK' AND UPPER(FIELD_NAME) = 'LABEL_ITEM03';
UPDATE SM_FIELD_DEF SET JP_TITLE = '标签项目4', US_TITLE = 'Label Item 4' WHERE TABLE_ID = 'TBLID_BPRINT_CHECK' AND UPPER(FIELD_NAME) = 'LABEL_ITEM04';
UPDATE SM_FIELD_DEF SET JP_TITLE = '备用字段1', US_TITLE = 'Reserve 1' WHERE TABLE_ID = 'TBLID_BPRINT_CHECK' AND UPPER(FIELD_NAME) = 'RESERVE01';
UPDATE SM_FIELD_DEF SET JP_TITLE = '备用字段2', US_TITLE = 'Reserve 2' WHERE TABLE_ID = 'TBLID_BPRINT_CHECK' AND UPPER(FIELD_NAME) = 'RESERVE02';
UPDATE SM_FIELD_DEF SET JP_TITLE = '备用字段3', US_TITLE = 'Reserve 3' WHERE TABLE_ID = 'TBLID_BPRINT_CHECK' AND UPPER(FIELD_NAME) = 'RESERVE03';
UPDATE SM_FIELD_DEF SET JP_TITLE = '备用字段4', US_TITLE = 'Reserve 5' WHERE TABLE_ID = 'TBLID_BPRINT_CHECK' AND UPPER(FIELD_NAME) = 'RESERVE04';
UPDATE SM_FIELD_DEF SET JP_TITLE = '备用字段5', US_TITLE = 'Reserve 6' WHERE TABLE_ID = 'TBLID_BPRINT_CHECK' AND UPPER(FIELD_NAME) = 'RESERVE05';
UPDATE SM_FIELD_DEF SET JP_TITLE = '{NULL', US_TITLE = 'NULL' WHERE TABLE_ID = 'TBLID_BPRINT_CHECK' AND UPPER(FIELD_NAME) = 'NULL';
UPDATE SM_FIELD_DEF SET JP_TITLE = '{"标题', US_TITLE = '英語名' WHERE TABLE_ID = 'TBLID_BPROC_SMP_SET' AND UPPER(FIELD_NAME) = '字段名称';
UPDATE SM_FIELD_DEF SET JP_TITLE = '{"--------------------', US_TITLE = '--------------------------------------------------------' WHERE TABLE_ID = 'TBLID_BPROC_SMP_SET' AND UPPER(FIELD_NAME) = '--------------------';
UPDATE SM_FIELD_DEF SET JP_TITLE = '工程ID', US_TITLE = 'OPE_ID' WHERE TABLE_ID = 'TBLID_BPROC_SMP_SET' AND UPPER(FIELD_NAME) = 'OPE_ID';
UPDATE SM_FIELD_DEF SET JP_TITLE = '首检标识', US_TITLE = 'SMP_FLG' WHERE TABLE_ID = 'TBLID_BPROC_SMP_SET' AND UPPER(FIELD_NAME) = 'SMP_FLG';
UPDATE SM_FIELD_DEF SET JP_TITLE = '首检枚数', US_TITLE = 'SMP_WAF_CNT' WHERE TABLE_ID = 'TBLID_BPROC_SMP_SET' AND UPPER(FIELD_NAME) = 'SMP_WAF_CNT';
UPDATE SM_FIELD_DEF SET JP_TITLE = '备用字段1', US_TITLE = 'Reserve 1' WHERE TABLE_ID = 'TBLID_BPROC_SMP_SET' AND UPPER(FIELD_NAME) = 'RESERVE01';
UPDATE SM_FIELD_DEF SET JP_TITLE = '备用字段2', US_TITLE = 'Reserve 2' WHERE TABLE_ID = 'TBLID_BPROC_SMP_SET' AND UPPER(FIELD_NAME) = 'RESERVE02';
UPDATE SM_FIELD_DEF SET JP_TITLE = '备用字段3', US_TITLE = 'Reserve 3' WHERE TABLE_ID = 'TBLID_BPROC_SMP_SET' AND UPPER(FIELD_NAME) = 'RESERVE03';
UPDATE SM_FIELD_DEF SET JP_TITLE = '备用字段4', US_TITLE = 'Reserve 4' WHERE TABLE_ID = 'TBLID_BPROC_SMP_SET' AND UPPER(FIELD_NAME) = 'RESERVE04';
UPDATE SM_FIELD_DEF SET JP_TITLE = '{NULL', US_TITLE = 'NULL' WHERE TABLE_ID = 'TBLID_BPROC_SMP_SET' AND UPPER(FIELD_NAME) = 'NULL';
UPDATE SM_FIELD_DEF SET JP_TITLE = '{"标题', US_TITLE = '英語名' WHERE TABLE_ID = 'TBLID_BPROC_SMPITEM_SET' AND UPPER(FIELD_NAME) = '字段名称';
UPDATE SM_FIELD_DEF SET JP_TITLE = '{"--------------------', US_TITLE = '--------------------------------------------------------' WHERE TABLE_ID = 'TBLID_BPROC_SMPITEM_SET' AND UPPER(FIELD_NAME) = '--------------------';
UPDATE SM_FIELD_DEF SET JP_TITLE = '工艺路径ID', US_TITLE = 'ROUTE_ID' WHERE TABLE_ID = 'TBLID_BPROC_SMPITEM_SET' AND UPPER(FIELD_NAME) = 'ROUTE_ID';
UPDATE SM_FIELD_DEF SET JP_TITLE = '工艺路径版本', US_TITLE = 'ROUTE_VER' WHERE TABLE_ID = 'TBLID_BPROC_SMPITEM_SET' AND UPPER(FIELD_NAME) = 'ROUTE_VER';
UPDATE SM_FIELD_DEF SET JP_TITLE = '測定項目', US_TITLE = 'MEAS_ITEM' WHERE TABLE_ID = 'TBLID_BPROC_SMPITEM_SET' AND UPPER(FIELD_NAME) = 'MEAS_ITEM';
UPDATE SM_FIELD_DEF SET JP_TITLE = '工程ID', US_TITLE = 'OPE_ID' WHERE TABLE_ID = 'TBLID_BPROC_SMPITEM_SET' AND UPPER(FIELD_NAME) = 'OPE_ID';
UPDATE SM_FIELD_DEF SET JP_TITLE = '备用字段1', US_TITLE = 'Reserve 1' WHERE TABLE_ID = 'TBLID_BPROC_SMPITEM_SET' AND UPPER(FIELD_NAME) = 'RESERVE01';
UPDATE SM_FIELD_DEF SET JP_TITLE = '备用字段2', US_TITLE = 'Reserve 2' WHERE TABLE_ID = 'TBLID_BPROC_SMPITEM_SET' AND UPPER(FIELD_NAME) = 'RESERVE02';
UPDATE SM_FIELD_DEF SET JP_TITLE = '备用字段3', US_TITLE = 'Reserve 3' WHERE TABLE_ID = 'TBLID_BPROC_SMPITEM_SET' AND UPPER(FIELD_NAME) = 'RESERVE03';
UPDATE SM_FIELD_DEF SET JP_TITLE = '备用字段4', US_TITLE = 'Reserve 4' WHERE TABLE_ID = 'TBLID_BPROC_SMPITEM_SET' AND UPPER(FIELD_NAME) = 'RESERVE04';
UPDATE SM_FIELD_DEF SET JP_TITLE = '{NULL', US_TITLE = 'NULL' WHERE TABLE_ID = 'TBLID_BPROC_SMPITEM_SET' AND UPPER(FIELD_NAME) = 'NULL';
UPDATE SM_FIELD_DEF SET JP_TITLE = '{"标题', US_TITLE = '英語名' WHERE TABLE_ID = 'TBLID_BGOP_JDG' AND UPPER(FIELD_NAME) = '字段名称';
UPDATE SM_FIELD_DEF SET JP_TITLE = '{"--------------------', US_TITLE = '--------------------------------------------------------' WHERE TABLE_ID = 'TBLID_BGOP_JDG' AND UPPER(FIELD_NAME) = '--------------------';
UPDATE SM_FIELD_DEF SET JP_TITLE = 'GOP规则ID', US_TITLE = 'GOP Rule ID' WHERE TABLE_ID = 'TBLID_BGOP_JDG' AND UPPER(FIELD_NAME) = 'RULE_ID';
UPDATE SM_FIELD_DEF SET JP_TITLE = '序号', US_TITLE = 'Sequence No' WHERE TABLE_ID = 'TBLID_BGOP_JDG' AND UPPER(FIELD_NAME) = 'SEQ_NO';
UPDATE SM_FIELD_DEF SET JP_TITLE = '备用字段1', US_TITLE = 'Reserve 1' WHERE TABLE_ID = 'TBLID_BGOP_JDG' AND UPPER(FIELD_NAME) = 'RESERVE1';
UPDATE SM_FIELD_DEF SET JP_TITLE = '备用字段2', US_TITLE = 'Reserve 2' WHERE TABLE_ID = 'TBLID_BGOP_JDG' AND UPPER(FIELD_NAME) = 'RESERVE2';
UPDATE SM_FIELD_DEF SET JP_TITLE = '备用字段3', US_TITLE = 'Reserve 3' WHERE TABLE_ID = 'TBLID_BGOP_JDG' AND UPPER(FIELD_NAME) = 'RESERVE3';
UPDATE SM_FIELD_DEF SET JP_TITLE = '备用字段4', US_TITLE = 'Reserve 4' WHERE TABLE_ID = 'TBLID_BGOP_JDG' AND UPPER(FIELD_NAME) = 'RESERVE4';
UPDATE SM_FIELD_DEF SET JP_TITLE = '备用字段5', US_TITLE = 'Reserve 5' WHERE TABLE_ID = 'TBLID_BGOP_JDG' AND UPPER(FIELD_NAME) = 'RESERVE5';
UPDATE SM_FIELD_DEF SET JP_TITLE = '备用字段6', US_TITLE = 'Reserve 6' WHERE TABLE_ID = 'TBLID_BGOP_JDG' AND UPPER(FIELD_NAME) = 'RESERVE6';
UPDATE SM_FIELD_DEF SET JP_TITLE = '备用字段7', US_TITLE = 'Reserve 7' WHERE TABLE_ID = 'TBLID_BGOP_JDG' AND UPPER(FIELD_NAME) = 'RESERVE7';
UPDATE SM_FIELD_DEF SET JP_TITLE = '备用字段8', US_TITLE = 'Reserve 8' WHERE TABLE_ID = 'TBLID_BGOP_JDG' AND UPPER(FIELD_NAME) = 'RESERVE8';
UPDATE SM_FIELD_DEF SET JP_TITLE = '备用字段9', US_TITLE = 'Reserve 9' WHERE TABLE_ID = 'TBLID_BGOP_JDG' AND UPPER(FIELD_NAME) = 'RESERVE9';
UPDATE SM_FIELD_DEF SET JP_TITLE = '备用字段10', US_TITLE = 'Reserve 10' WHERE TABLE_ID = 'TBLID_BGOP_JDG' AND UPPER(FIELD_NAME) = 'RESERVE10';
UPDATE SM_FIELD_DEF SET JP_TITLE = '{NULL', US_TITLE = 'NULL' WHERE TABLE_ID = 'TBLID_BGOP_JDG' AND UPPER(FIELD_NAME) = 'NULL';
UPDATE SM_FIELD_DEF SET JP_TITLE = '{"ﾀｲﾄﾙ', US_TITLE = '英語名' WHERE TABLE_ID = 'TBLID_BAREA' AND UPPER(FIELD_NAME) = 'ﾌｨｰﾙﾄﾞ名';
UPDATE SM_FIELD_DEF SET JP_TITLE = '{"--------------------', US_TITLE = '--------------------------------------------------------' WHERE TABLE_ID = 'TBLID_BAREA' AND UPPER(FIELD_NAME) = '--------------------';
UPDATE SM_FIELD_DEF SET JP_TITLE = 'ｴﾘｱID', US_TITLE = 'AREA_ID' WHERE TABLE_ID = 'TBLID_BAREA' AND UPPER(FIELD_NAME) = 'AREA_ID';
UPDATE SM_FIELD_DEF SET JP_TITLE = 'ｴﾘｱ名称', US_TITLE = 'AREA_NAME' WHERE TABLE_ID = 'TBLID_BAREA' AND UPPER(FIELD_NAME) = 'AREA_NAME';
UPDATE SM_FIELD_DEF SET JP_TITLE = 'ｴﾘｱ詳細', US_TITLE = 'AREA_DESC' WHERE TABLE_ID = 'TBLID_BAREA' AND UPPER(FIELD_NAME) = 'AREA_DESC';
UPDATE SM_FIELD_DEF SET JP_TITLE = 'IPｱﾄﾞﾚｽ', US_TITLE = 'IP_ADRESS' WHERE TABLE_ID = 'TBLID_BAREA' AND UPPER(FIELD_NAME) = 'IP_ADRESS';
UPDATE SM_FIELD_DEF SET JP_TITLE = '装置ｴﾘｱ登録', US_TITLE = 'DEQP_AREA' WHERE TABLE_ID = 'TBLID_BAREA' AND UPPER(FIELD_NAME) = 'DUMMY';
UPDATE SM_FIELD_DEF SET JP_TITLE = 'ｽﾄｯｶｰ登録', US_TITLE = 'DSTK_AREA' WHERE TABLE_ID = 'TBLID_BAREA' AND UPPER(FIELD_NAME) = 'DUMMY2';
UPDATE SM_FIELD_DEF SET JP_TITLE = '{NULL', US_TITLE = 'NULL' WHERE TABLE_ID = 'TBLID_BAREA' AND UPPER(FIELD_NAME) = 'NULL';
UPDATE SM_FIELD_DEF SET JP_TITLE = '{"ﾀｲﾄﾙ', US_TITLE = '英語名' WHERE TABLE_ID = 'TBLID_BCALND' AND UPPER(FIELD_NAME) = 'ﾌｨｰﾙﾄﾞ名';
UPDATE SM_FIELD_DEF SET JP_TITLE = '{"--------------------', US_TITLE = '--------------------------------------------------------' WHERE TABLE_ID = 'TBLID_BCALND' AND UPPER(FIELD_NAME) = '--------------------';
UPDATE SM_FIELD_DEF SET JP_TITLE = '日付', US_TITLE = 'DATE' WHERE TABLE_ID = 'TBLID_BCALND' AND UPPER(FIELD_NAME) = 'DATE';
UPDATE SM_FIELD_DEF SET JP_TITLE = '稼働日', US_TITLE = 'SHOPDATE' WHERE TABLE_ID = 'TBLID_BCALND' AND UPPER(FIELD_NAME) = 'SHOPDATE';
UPDATE SM_FIELD_DEF SET JP_TITLE = '休暇ﾌﾗｸﾞ', US_TITLE = 'HOLIDAY_FLG' WHERE TABLE_ID = 'TBLID_BCALND' AND UPPER(FIELD_NAME) = 'HOLIDAY_FLG';
UPDATE SM_FIELD_DEF SET JP_TITLE = '{NULL', US_TITLE = 'NULL' WHERE TABLE_ID = 'TBLID_BCALND' AND UPPER(FIELD_NAME) = 'NULL';
UPDATE SM_FIELD_DEF SET JP_TITLE = '{"ﾀｲﾄﾙ', US_TITLE = '英語名' WHERE TABLE_ID = 'TBLID_BCODE' AND UPPER(FIELD_NAME) = 'ﾌｨｰﾙﾄﾞ名';
UPDATE SM_FIELD_DEF SET JP_TITLE = '{"--------------------', US_TITLE = '--------------------------------------------------------' WHERE TABLE_ID = 'TBLID_BCODE' AND UPPER(FIELD_NAME) = '--------------------';
UPDATE SM_FIELD_DEF SET JP_TITLE = 'ｺｰﾄﾞ区分', US_TITLE = 'CODE_CAT' WHERE TABLE_ID = 'TBLID_BCODE' AND UPPER(FIELD_NAME) = 'CODE_CAT';
UPDATE SM_FIELD_DEF SET JP_TITLE = 'ｺｰﾄﾞID', US_TITLE = 'CODE_ID' WHERE TABLE_ID = 'TBLID_BCODE' AND UPPER(FIELD_NAME) = 'CODE_ID';
UPDATE SM_FIELD_DEF SET JP_TITLE = 'ｺｰﾄﾞ名称', US_TITLE = 'CODE_NAME' WHERE TABLE_ID = 'TBLID_BCODE' AND UPPER(FIELD_NAME) = 'CODE_NAME';
UPDATE SM_FIELD_DEF SET JP_TITLE = 'ｺｰﾄﾞ詳細', US_TITLE = 'CODE_DESC' WHERE TABLE_ID = 'TBLID_BCODE' AND UPPER(FIELD_NAME) = 'CODE_DESC';
UPDATE SM_FIELD_DEF SET JP_TITLE = '{NULL', US_TITLE = 'NULL' WHERE TABLE_ID = 'TBLID_BCODE' AND UPPER(FIELD_NAME) = 'NULL';
UPDATE SM_FIELD_DEF SET JP_TITLE = '{"ﾀｲﾄﾙ', US_TITLE = '英語名' WHERE TABLE_ID = 'TBLID_BCZ_ITEMIZED_DEF' AND UPPER(FIELD_NAME) = 'ﾌｨｰﾙﾄﾞ名';
UPDATE SM_FIELD_DEF SET JP_TITLE = '{"--------------------', US_TITLE = '--------------------------------------------------------' WHERE TABLE_ID = 'TBLID_BCZ_ITEMIZED_DEF' AND UPPER(FIELD_NAME) = '--------------------';
UPDATE SM_FIELD_DEF SET JP_TITLE = 'ｱｲﾃﾏｲｽﾞﾄﾞﾚｺｰﾄﾞ種別', US_TITLE = 'ITEMIZED_REC_CAT' WHERE TABLE_ID = 'TBLID_BCZ_ITEMIZED_DEF' AND UPPER(FIELD_NAME) = 'ITEMIZED_REC_CAT';
UPDATE SM_FIELD_DEF SET JP_TITLE = 'ｱｲﾃﾏｲｽﾞﾄﾞ項目', US_TITLE = 'ITEMIZED_ITEM' WHERE TABLE_ID = 'TBLID_BCZ_ITEMIZED_DEF' AND UPPER(FIELD_NAME) = 'ITEMIZED_ITEM';
UPDATE SM_FIELD_DEF SET JP_TITLE = 'ｼｰｹﾝｽ番号', US_TITLE = 'SEQ_NO' WHERE TABLE_ID = 'TBLID_BCZ_ITEMIZED_DEF' AND UPPER(FIELD_NAME) = 'SEQ_NO';
UPDATE SM_FIELD_DEF SET JP_TITLE = '開始位置', US_TITLE = 'START_POS' WHERE TABLE_ID = 'TBLID_BCZ_ITEMIZED_DEF' AND UPPER(FIELD_NAME) = 'START_POS';
UPDATE SM_FIELD_DEF SET JP_TITLE = '文字長', US_TITLE = 'STR_LEN' WHERE TABLE_ID = 'TBLID_BCZ_ITEMIZED_DEF' AND UPPER(FIELD_NAME) = 'STR_LEN';
UPDATE SM_FIELD_DEF SET JP_TITLE = 'BPRODCODEへのｼﾞｬﾝﾌﾟ用ﾀﾞﾐｰ', US_TITLE = 'L' WHERE TABLE_ID = 'TBLID_BCZ_ITEMIZED_DEF' AND UPPER(FIELD_NAME) = 'PROD_CODE_CAT';
UPDATE SM_FIELD_DEF SET JP_TITLE = 'BCODEへのｼﾞｬﾝﾌﾟ用ﾀﾞﾐｰ', US_TITLE = 'L' WHERE TABLE_ID = 'TBLID_BCZ_ITEMIZED_DEF' AND UPPER(FIELD_NAME) = 'CODE_CAT';
UPDATE SM_FIELD_DEF SET JP_TITLE = '{NULL', US_TITLE = 'NULL' WHERE TABLE_ID = 'TBLID_BCZ_ITEMIZED_DEF' AND UPPER(FIELD_NAME) = 'NULL';
UPDATE SM_FIELD_DEF SET JP_TITLE = '{"ﾀｲﾄﾙ', US_TITLE = '英語名' WHERE TABLE_ID = 'TBLID_BEMPCAR_SC' AND UPPER(FIELD_NAME) = 'ﾌｨｰﾙﾄﾞ名';
UPDATE SM_FIELD_DEF SET JP_TITLE = '{"--------------------', US_TITLE = '--------------------------------------------------------' WHERE TABLE_ID = 'TBLID_BEMPCAR_SC' AND UPPER(FIELD_NAME) = '--------------------';
UPDATE SM_FIELD_DEF SET JP_TITLE = '搬送元ｽﾄｯｶｰID', US_TITLE = 'TRAN_FROM_STK_ID' WHERE TABLE_ID = 'TBLID_BEMPCAR_SC' AND UPPER(FIELD_NAME) = 'TRAN_FROM_STK_ID';
UPDATE SM_FIELD_DEF SET JP_TITLE = '搬送元ｽﾄｯｶｰﾎﾟｰﾄID', US_TITLE = 'TRAN_FROM_STK_PORT_ID' WHERE TABLE_ID = 'TBLID_BEMPCAR_SC' AND UPPER(FIELD_NAME) = 'TRAN_FROM_STK_PORT_ID';
UPDATE SM_FIELD_DEF SET JP_TITLE = '搬送先ｽﾄｯｶｰID', US_TITLE = 'TRAN_TO_STK_ID' WHERE TABLE_ID = 'TBLID_BEMPCAR_SC' AND UPPER(FIELD_NAME) = 'TRAN_TO_STK_ID';
UPDATE SM_FIELD_DEF SET JP_TITLE = '搬送先ｽﾄｯｶｰﾎﾟｰﾄID', US_TITLE = 'TRAN_TO_STK_PORT_ID' WHERE TABLE_ID = 'TBLID_BEMPCAR_SC' AND UPPER(FIELD_NAME) = 'TRAN_TO_STK_PORT_ID';
UPDATE SM_FIELD_DEF SET JP_TITLE = 'ｶｾｯﾄｸﾞﾙｰﾌﾟID', US_TITLE = 'CARG_ID' WHERE TABLE_ID = 'TBLID_BEMPCAR_SC' AND UPPER(FIELD_NAME) = 'CARG_ID';
UPDATE SM_FIELD_DEF SET JP_TITLE = 'ｼｰｹﾝｽ番号', US_TITLE = 'SEQ_NO' WHERE TABLE_ID = 'TBLID_BEMPCAR_SC' AND UPPER(FIELD_NAME) = 'SEQ_NO';
UPDATE SM_FIELD_DEF SET JP_TITLE = '{NULL', US_TITLE = 'NULL' WHERE TABLE_ID = 'TBLID_BEMPCAR_SC' AND UPPER(FIELD_NAME) = 'NULL';
UPDATE SM_FIELD_DEF SET JP_TITLE = '{"ﾀｲﾄﾙ', US_TITLE = '英語名' WHERE TABLE_ID = 'TBLID_BEQP_AREA' AND UPPER(FIELD_NAME) = 'ﾌｨｰﾙﾄﾞ名';
UPDATE SM_FIELD_DEF SET JP_TITLE = '{"--------------------', US_TITLE = '--------------------------------------------------------' WHERE TABLE_ID = 'TBLID_BEQP_AREA' AND UPPER(FIELD_NAME) = '--------------------';
UPDATE SM_FIELD_DEF SET JP_TITLE = '{"装置ID', US_TITLE = 'EQP_ID' WHERE TABLE_ID = 'TBLID_BEQP_AREA' AND UPPER(FIELD_NAME) = 'EQP_ID';
UPDATE SM_FIELD_DEF SET JP_TITLE = '{"ｴﾘｱID', US_TITLE = 'AREA_ID' WHERE TABLE_ID = 'TBLID_BEQP_AREA' AND UPPER(FIELD_NAME) = 'AREA_ID';
UPDATE SM_FIELD_DEF SET JP_TITLE = '装置ID', US_TITLE = 'EQP_ID' WHERE TABLE_ID = 'TBLID_BEQP_AREA' AND UPPER(FIELD_NAME) = 'EQP_ID';
UPDATE SM_FIELD_DEF SET JP_TITLE = 'ｴﾘｱID', US_TITLE = 'AREA_ID' WHERE TABLE_ID = 'TBLID_BEQP_AREA' AND UPPER(FIELD_NAME) = 'AREA_ID';
UPDATE SM_FIELD_DEF SET JP_TITLE = '項目ｼｰｹﾝｽ番号', US_TITLE = 'ITEM_SEQ_NO' WHERE TABLE_ID = 'TBLID_BEQP_AREA' AND UPPER(FIELD_NAME) = 'ITEM_SEQ_NO';
UPDATE SM_FIELD_DEF SET JP_TITLE = '{NULL', US_TITLE = 'NULL' WHERE TABLE_ID = 'TBLID_BEQP_AREA' AND UPPER(FIELD_NAME) = 'NULL';
UPDATE SM_FIELD_DEF SET JP_TITLE = '{"ﾀｲﾄﾙ', US_TITLE = '英語名' WHERE TABLE_ID = 'TBLID_BEQPG_EQP' AND UPPER(FIELD_NAME) = 'ﾌｨｰﾙﾄﾞ名';
UPDATE SM_FIELD_DEF SET JP_TITLE = '{"--------------------', US_TITLE = '--------------------------------------------------------' WHERE TABLE_ID = 'TBLID_BEQPG_EQP' AND UPPER(FIELD_NAME) = '--------------------';
UPDATE SM_FIELD_DEF SET JP_TITLE = '装置ｸﾞﾙｰﾌﾟID', US_TITLE = 'EQPG_ID' WHERE TABLE_ID = 'TBLID_BEQPG_EQP' AND UPPER(FIELD_NAME) = 'EQPG_ID';
UPDATE SM_FIELD_DEF SET JP_TITLE = '装置ID', US_TITLE = 'EQP_ID' WHERE TABLE_ID = 'TBLID_BEQPG_EQP' AND UPPER(FIELD_NAME) = 'EQP_ID';
UPDATE SM_FIELD_DEF SET JP_TITLE = '項目ｼｰｹﾝｽ番号', US_TITLE = 'ITEM_SEQ_NO' WHERE TABLE_ID = 'TBLID_BEQPG_EQP' AND UPPER(FIELD_NAME) = 'ITEM_SEQ_NO';
UPDATE SM_FIELD_DEF SET JP_TITLE = '{NULL', US_TITLE = 'NULL' WHERE TABLE_ID = 'TBLID_BEQPG_EQP' AND UPPER(FIELD_NAME) = 'NULL';
UPDATE SM_FIELD_DEF SET JP_TITLE = '{"ﾀｲﾄﾙ', US_TITLE = '英語名' WHERE TABLE_ID = 'TBLID_BEQPG' AND UPPER(FIELD_NAME) = 'ﾌｨｰﾙﾄﾞ名';
UPDATE SM_FIELD_DEF SET JP_TITLE = '{"--------------------', US_TITLE = '--------------------------------------------------------' WHERE TABLE_ID = 'TBLID_BEQPG' AND UPPER(FIELD_NAME) = '--------------------';
UPDATE SM_FIELD_DEF SET JP_TITLE = '装置ｸﾞﾙｰﾌﾟID', US_TITLE = 'EQPG_ID' WHERE TABLE_ID = 'TBLID_BEQPG' AND UPPER(FIELD_NAME) = 'EQPG_ID';
UPDATE SM_FIELD_DEF SET JP_TITLE = '装置ｸﾞﾙｰﾌﾟ名称', US_TITLE = 'EQPG_NAME' WHERE TABLE_ID = 'TBLID_BEQPG' AND UPPER(FIELD_NAME) = 'EQPG_NAME';
UPDATE SM_FIELD_DEF SET JP_TITLE = '装置ｸﾞﾙｰﾌﾟ詳細', US_TITLE = 'EQPG_DESC' WHERE TABLE_ID = 'TBLID_BEQPG' AND UPPER(FIELD_NAME) = 'EQPG_DESC';
UPDATE SM_FIELD_DEF SET JP_TITLE = '装置ｸﾞﾙｰﾌﾟ関連', US_TITLE = 'DEQPG_EQP' WHERE TABLE_ID = 'TBLID_BEQPG' AND UPPER(FIELD_NAME) = 'DUMMY';
UPDATE SM_FIELD_DEF SET JP_TITLE = '{NULL', US_TITLE = 'NULL' WHERE TABLE_ID = 'TBLID_BEQPG' AND UPPER(FIELD_NAME) = 'NULL';
UPDATE SM_FIELD_DEF SET JP_TITLE = '{"ﾀｲﾄﾙ', US_TITLE = '英語名' WHERE TABLE_ID = 'TBLID_BEQP_MAILADRESS' AND UPPER(FIELD_NAME) = 'ﾌｨｰﾙﾄﾞ名';
UPDATE SM_FIELD_DEF SET JP_TITLE = '{"--------------------', US_TITLE = '--------------------------------------------------------' WHERE TABLE_ID = 'TBLID_BEQP_MAILADRESS' AND UPPER(FIELD_NAME) = '--------------------';
UPDATE SM_FIELD_DEF SET JP_TITLE = '装置ID', US_TITLE = 'EQP_ID' WHERE TABLE_ID = 'TBLID_BEQP_MAILADRESS' AND UPPER(FIELD_NAME) = 'EQP_ID';
UPDATE SM_FIELD_DEF SET JP_TITLE = '{"作業者ID', US_TITLE = 'USER_ID' WHERE TABLE_ID = 'TBLID_BEQP_MAILADRESS' AND UPPER(FIELD_NAME) = 'USER_ID';
UPDATE SM_FIELD_DEF SET JP_TITLE = '作業者ID', US_TITLE = 'USER_ID' WHERE TABLE_ID = 'TBLID_BEQP_MAILADRESS' AND UPPER(FIELD_NAME) = 'USER_ID';
UPDATE SM_FIELD_DEF SET JP_TITLE = 'EML报警发送标记', US_TITLE = 'EML_FLG' WHERE TABLE_ID = 'TBLID_BEQP_MAILADRESS' AND UPPER(FIELD_NAME) = 'EML_FLG';
UPDATE SM_FIELD_DEF SET JP_TITLE = '{NULL', US_TITLE = 'NULL' WHERE TABLE_ID = 'TBLID_BEQP_MAILADRESS' AND UPPER(FIELD_NAME) = 'NULL';
UPDATE SM_FIELD_DEF SET JP_TITLE = '{"ﾀｲﾄﾙ', US_TITLE = '英語名' WHERE TABLE_ID = 'TBLID_BEQP_RECIP' AND UPPER(FIELD_NAME) = 'ﾌｨｰﾙﾄﾞ名';
UPDATE SM_FIELD_DEF SET JP_TITLE = '{"--------------------', US_TITLE = '--------------------------------------------------------' WHERE TABLE_ID = 'TBLID_BEQP_RECIP' AND UPPER(FIELD_NAME) = '--------------------';
UPDATE SM_FIELD_DEF SET JP_TITLE = '装置ID', US_TITLE = 'EQP_ID' WHERE TABLE_ID = 'TBLID_BEQP_RECIP' AND UPPER(FIELD_NAME) = 'EQP_ID';
UPDATE SM_FIELD_DEF SET JP_TITLE = 'ﾚｼﾋﾟID', US_TITLE = 'RECIP_ID' WHERE TABLE_ID = 'TBLID_BEQP_RECIP' AND UPPER(FIELD_NAME) = 'RECIP_ID';
UPDATE SM_FIELD_DEF SET JP_TITLE = '{NULL', US_TITLE = 'NULL' WHERE TABLE_ID = 'TBLID_BEQP_RECIP' AND UPPER(FIELD_NAME) = 'NULL';
UPDATE SM_FIELD_DEF SET JP_TITLE = '{"ﾀｲﾄﾙ', US_TITLE = '英語名' WHERE TABLE_ID = 'TBLID_BHOLDCODE' AND UPPER(FIELD_NAME) = 'ﾌｨｰﾙﾄﾞ名';
UPDATE SM_FIELD_DEF SET JP_TITLE = '{"--------------------', US_TITLE = '--------------------------------------------------------' WHERE TABLE_ID = 'TBLID_BHOLDCODE' AND UPPER(FIELD_NAME) = '--------------------';
UPDATE SM_FIELD_DEF SET JP_TITLE = 'ﾎｰﾙﾄﾞﾀｲﾌﾟ', US_TITLE = 'HOLD_TYPE' WHERE TABLE_ID = 'TBLID_BHOLDCODE' AND UPPER(FIELD_NAME) = 'HOLD_TYPE';
UPDATE SM_FIELD_DEF SET JP_TITLE = 'ﾎｰﾙﾄﾞ理由ｺｰﾄﾞ', US_TITLE = 'HOLD_RSN_CODE' WHERE TABLE_ID = 'TBLID_BHOLDCODE' AND UPPER(FIELD_NAME) = 'HOLD_RSN_CODE';
UPDATE SM_FIELD_DEF SET JP_TITLE = 'ﾎｰﾙﾄﾞ理由ｺｰﾄﾞ名称', US_TITLE = 'HOLD_RSN_CODE_NAME' WHERE TABLE_ID = 'TBLID_BHOLDCODE' AND UPPER(FIELD_NAME) = 'HOLD_RSN_CODE_NAME';
UPDATE SM_FIELD_DEF SET JP_TITLE = 'ﾎｰﾙﾄﾞ理由ｺｰﾄﾞ詳細', US_TITLE = 'HOLD_RSN_CODE_DESC' WHERE TABLE_ID = 'TBLID_BHOLDCODE' AND UPPER(FIELD_NAME) = 'HOLD_RSN_CODE_DESC';
UPDATE SM_FIELD_DEF SET JP_TITLE = '設定業務ｸﾞﾙｰﾌﾟID1', US_TITLE = 'SET_USERG_ID1' WHERE TABLE_ID = 'TBLID_BHOLDCODE' AND UPPER(FIELD_NAME) = 'SET_USERG_ID1';
UPDATE SM_FIELD_DEF SET JP_TITLE = '設定業務ｸﾞﾙｰﾌﾟID2', US_TITLE = 'SET_USERG_ID2' WHERE TABLE_ID = 'TBLID_BHOLDCODE' AND UPPER(FIELD_NAME) = 'SET_USERG_ID2';
UPDATE SM_FIELD_DEF SET JP_TITLE = '設定業務ｸﾞﾙｰﾌﾟID3', US_TITLE = 'SET_USERG_ID3' WHERE TABLE_ID = 'TBLID_BHOLDCODE' AND UPPER(FIELD_NAME) = 'SET_USERG_ID3';
UPDATE SM_FIELD_DEF SET JP_TITLE = '設定業務ｸﾞﾙｰﾌﾟID4', US_TITLE = 'SET_USERG_ID4' WHERE TABLE_ID = 'TBLID_BHOLDCODE' AND UPPER(FIELD_NAME) = 'SET_USERG_ID4';
UPDATE SM_FIELD_DEF SET JP_TITLE = '設定業務ｸﾞﾙｰﾌﾟID5', US_TITLE = 'SET_USERG_ID5' WHERE TABLE_ID = 'TBLID_BHOLDCODE' AND UPPER(FIELD_NAME) = 'SET_USERG_ID5';
UPDATE SM_FIELD_DEF SET JP_TITLE = '設定業務ｸﾞﾙｰﾌﾟID6', US_TITLE = 'SET_USERG_ID6' WHERE TABLE_ID = 'TBLID_BHOLDCODE' AND UPPER(FIELD_NAME) = 'SET_USERG_ID6';
UPDATE SM_FIELD_DEF SET JP_TITLE = '設定業務ｸﾞﾙｰﾌﾟID7', US_TITLE = 'SET_USERG_ID7' WHERE TABLE_ID = 'TBLID_BHOLDCODE' AND UPPER(FIELD_NAME) = 'SET_USERG_ID7';
UPDATE SM_FIELD_DEF SET JP_TITLE = '設定業務ｸﾞﾙｰﾌﾟID8', US_TITLE = 'SET_USERG_ID8' WHERE TABLE_ID = 'TBLID_BHOLDCODE' AND UPPER(FIELD_NAME) = 'SET_USERG_ID8';
UPDATE SM_FIELD_DEF SET JP_TITLE = '設定業務ｸﾞﾙｰﾌﾟID9', US_TITLE = 'SET_USERG_ID9' WHERE TABLE_ID = 'TBLID_BHOLDCODE' AND UPPER(FIELD_NAME) = 'SET_USERG_ID9';
UPDATE SM_FIELD_DEF SET JP_TITLE = '設定業務ｸﾞﾙｰﾌﾟID10', US_TITLE = 'SET_USERG_ID10' WHERE TABLE_ID = 'TBLID_BHOLDCODE' AND UPPER(FIELD_NAME) = 'SET_USERG_ID10';
UPDATE SM_FIELD_DEF SET JP_TITLE = '解除業務ｸﾞﾙｰﾌﾟID1', US_TITLE = 'RESET_USERG_ID1' WHERE TABLE_ID = 'TBLID_BHOLDCODE' AND UPPER(FIELD_NAME) = 'RESET_USERG_ID1';
UPDATE SM_FIELD_DEF SET JP_TITLE = '解除業務ｸﾞﾙｰﾌﾟID2', US_TITLE = 'RESET_USERG_ID2' WHERE TABLE_ID = 'TBLID_BHOLDCODE' AND UPPER(FIELD_NAME) = 'RESET_USERG_ID2';
UPDATE SM_FIELD_DEF SET JP_TITLE = '解除業務ｸﾞﾙｰﾌﾟID3', US_TITLE = 'RESET_USERG_ID3' WHERE TABLE_ID = 'TBLID_BHOLDCODE' AND UPPER(FIELD_NAME) = 'RESET_USERG_ID3';
UPDATE SM_FIELD_DEF SET JP_TITLE = '解除業務ｸﾞﾙｰﾌﾟID4', US_TITLE = 'RESET_USERG_ID4' WHERE TABLE_ID = 'TBLID_BHOLDCODE' AND UPPER(FIELD_NAME) = 'RESET_USERG_ID4';
UPDATE SM_FIELD_DEF SET JP_TITLE = '解除業務ｸﾞﾙｰﾌﾟID5', US_TITLE = 'RESET_USERG_ID5' WHERE TABLE_ID = 'TBLID_BHOLDCODE' AND UPPER(FIELD_NAME) = 'RESET_USERG_ID5';
UPDATE SM_FIELD_DEF SET JP_TITLE = '解除業務ｸﾞﾙｰﾌﾟID6', US_TITLE = 'RESET_USERG_ID6' WHERE TABLE_ID = 'TBLID_BHOLDCODE' AND UPPER(FIELD_NAME) = 'RESET_USERG_ID6';
UPDATE SM_FIELD_DEF SET JP_TITLE = '解除業務ｸﾞﾙｰﾌﾟID7', US_TITLE = 'RESET_USERG_ID7' WHERE TABLE_ID = 'TBLID_BHOLDCODE' AND UPPER(FIELD_NAME) = 'RESET_USERG_ID7';
UPDATE SM_FIELD_DEF SET JP_TITLE = '解除業務ｸﾞﾙｰﾌﾟID8', US_TITLE = 'RESET_USERG_ID8' WHERE TABLE_ID = 'TBLID_BHOLDCODE' AND UPPER(FIELD_NAME) = 'RESET_USERG_ID8';
UPDATE SM_FIELD_DEF SET JP_TITLE = '解除業務ｸﾞﾙｰﾌﾟID9', US_TITLE = 'RESET_USERG_ID9' WHERE TABLE_ID = 'TBLID_BHOLDCODE' AND UPPER(FIELD_NAME) = 'RESET_USERG_ID9';
UPDATE SM_FIELD_DEF SET JP_TITLE = '解除業務ｸﾞﾙｰﾌﾟID10', US_TITLE = 'RESET_USERG_ID10' WHERE TABLE_ID = 'TBLID_BHOLDCODE' AND UPPER(FIELD_NAME) = 'RESET_USERG_ID10';
UPDATE SM_FIELD_DEF SET JP_TITLE = '{NULL', US_TITLE = 'NULL' WHERE TABLE_ID = 'TBLID_BHOLDCODE' AND UPPER(FIELD_NAME) = 'NULL';
UPDATE SM_FIELD_DEF SET JP_TITLE = '{"ﾀｲﾄﾙ', US_TITLE = '英語名' WHERE TABLE_ID = 'TBLID_BINSPJDG' AND UPPER(FIELD_NAME) = 'ﾌｨｰﾙﾄﾞ名';
UPDATE SM_FIELD_DEF SET JP_TITLE = '{"--------------------', US_TITLE = '--------------------------------------------------------' WHERE TABLE_ID = 'TBLID_BINSPJDG' AND UPPER(FIELD_NAME) = '--------------------';
UPDATE SM_FIELD_DEF SET JP_TITLE = '測定項目', US_TITLE = 'MEAS_ITEM' WHERE TABLE_ID = 'TBLID_BINSPJDG' AND UPPER(FIELD_NAME) = 'MEAS_ITEM';
UPDATE SM_FIELD_DEF SET JP_TITLE = '{"装置ID', US_TITLE = 'EQP_ID' WHERE TABLE_ID = 'TBLID_BINSPJDG' AND UPPER(FIELD_NAME) = 'EQP_ID';
UPDATE SM_FIELD_DEF SET JP_TITLE = '測定ﾃﾞｰﾀ', US_TITLE = 'MEAS_DATA' WHERE TABLE_ID = 'TBLID_BINSPJDG' AND UPPER(FIELD_NAME) = 'MEAS_DATA';
UPDATE SM_FIELD_DEF SET JP_TITLE = 'ｳｪｰﾊ処理区分', US_TITLE = 'WAF_ACTION_CAT' WHERE TABLE_ID = 'TBLID_BINSPJDG' AND UPPER(FIELD_NAME) = 'WAF_ACTION_CAT';
UPDATE SM_FIELD_DEF SET JP_TITLE = 'ｳｪｰﾊ処理区分', US_TITLE = 'WAF_ACTION_CAT' WHERE TABLE_ID = 'TBLID_BINSPJDG' AND UPPER(FIELD_NAME) = 'WAF_ACTION_CAT';
UPDATE SM_FIELD_DEF SET JP_TITLE = '不合格理由ｺｰﾄﾞ', US_TITLE = 'REJRSN_CODE' WHERE TABLE_ID = 'TBLID_BINSPJDG' AND UPPER(FIELD_NAME) = 'REJRSN_CODE';
UPDATE SM_FIELD_DEF SET JP_TITLE = 'ｳｪｰﾊ品質ﾊﾟﾀｰﾝA合致ﾌﾗｸﾞ', US_TITLE = 'WAF_QUO_PTN_A_FLG' WHERE TABLE_ID = 'TBLID_BINSPJDG' AND UPPER(FIELD_NAME) = 'WAF_QUO_PTN_A_FLG';
UPDATE SM_FIELD_DEF SET JP_TITLE = 'ｳｪｰﾊ品質ﾊﾟﾀｰﾝB合致ﾌﾗｸﾞ', US_TITLE = 'WAF_QUO_PTN_B_FLG' WHERE TABLE_ID = 'TBLID_BINSPJDG' AND UPPER(FIELD_NAME) = 'WAF_QUO_PTN_B_FLG';
UPDATE SM_FIELD_DEF SET JP_TITLE = 'ｳｪｰﾊ品質ﾊﾟﾀｰﾝC合致ﾌﾗｸﾞ', US_TITLE = 'WAF_QUO_PTN_C_FLG' WHERE TABLE_ID = 'TBLID_BINSPJDG' AND UPPER(FIELD_NAME) = 'WAF_QUO_PTN_C_FLG';
UPDATE SM_FIELD_DEF SET JP_TITLE = 'ｳｪｰﾊ品質ﾊﾟﾀｰﾝD合致ﾌﾗｸﾞ', US_TITLE = 'WAF_QUO_PTN_D_FLG' WHERE TABLE_ID = 'TBLID_BINSPJDG' AND UPPER(FIELD_NAME) = 'WAF_QUO_PTN_D_FLG';
UPDATE SM_FIELD_DEF SET JP_TITLE = '{NULL', US_TITLE = 'NULL' WHERE TABLE_ID = 'TBLID_BINSPJDG' AND UPPER(FIELD_NAME) = 'NULL';
UPDATE SM_FIELD_DEF SET JP_TITLE = '{"ﾀｲﾄﾙ', US_TITLE = '英語名' WHERE TABLE_ID = 'TBLID_BLABEL_PRINTER' AND UPPER(FIELD_NAME) = 'ﾌｨｰﾙﾄﾞ名';
UPDATE SM_FIELD_DEF SET JP_TITLE = '{"--------------------', US_TITLE = '--------------------------------------------------------' WHERE TABLE_ID = 'TBLID_BLABEL_PRINTER' AND UPPER(FIELD_NAME) = '--------------------';
UPDATE SM_FIELD_DEF SET JP_TITLE = '出力先', US_TITLE = 'OUT_ADRESS' WHERE TABLE_ID = 'TBLID_BLABEL_PRINTER' AND UPPER(FIELD_NAME) = 'OUT_ADRESS';
UPDATE SM_FIELD_DEF SET JP_TITLE = 'FabID', US_TITLE = 'FAB_ID' WHERE TABLE_ID = 'TBLID_BLABEL_PRINTER' AND UPPER(FIELD_NAME) = 'FAB_ID';
UPDATE SM_FIELD_DEF SET JP_TITLE = 'ﾗﾍﾞﾙﾀｲﾌﾟ', US_TITLE = 'LABEL_TYPE' WHERE TABLE_ID = 'TBLID_BLABEL_PRINTER' AND UPPER(FIELD_NAME) = 'LABEL_TYPE';
UPDATE SM_FIELD_DEF SET JP_TITLE = 'BPRODCODEへのｼﾞｬﾝﾌﾟ用ﾀﾞﾐｰ', US_TITLE = 'L' WHERE TABLE_ID = 'TBLID_BLABEL_PRINTER' AND UPPER(FIELD_NAME) = 'PROD_CODE_CAT';
UPDATE SM_FIELD_DEF SET JP_TITLE = 'BCODEへのｼﾞｬﾝﾌﾟ用ﾀﾞﾐｰ', US_TITLE = 'L' WHERE TABLE_ID = 'TBLID_BLABEL_PRINTER' AND UPPER(FIELD_NAME) = 'CODE_CAT';
UPDATE SM_FIELD_DEF SET JP_TITLE = '{NULL', US_TITLE = 'NULL' WHERE TABLE_ID = 'TBLID_BLABEL_PRINTER' AND UPPER(FIELD_NAME) = 'NULL';
UPDATE SM_FIELD_DEF SET JP_TITLE = '{"ﾀｲﾄﾙ', US_TITLE = '英語名' WHERE TABLE_ID = 'TBLID_BMEAS_ID' AND UPPER(FIELD_NAME) = 'ﾌｨｰﾙﾄﾞ名';
UPDATE SM_FIELD_DEF SET JP_TITLE = '{"--------------------', US_TITLE = '--------------------------------------------------------' WHERE TABLE_ID = 'TBLID_BMEAS_ID' AND UPPER(FIELD_NAME) = '--------------------';
UPDATE SM_FIELD_DEF SET JP_TITLE = '測定ID', US_TITLE = 'MEAS_ID' WHERE TABLE_ID = 'TBLID_BMEAS_ID' AND UPPER(FIELD_NAME) = 'MEAS_ID';
UPDATE SM_FIELD_DEF SET JP_TITLE = '測定ID名称', US_TITLE = 'MEAS_ID_NAME' WHERE TABLE_ID = 'TBLID_BMEAS_ID' AND UPPER(FIELD_NAME) = 'MEAS_ID_NAME';
UPDATE SM_FIELD_DEF SET JP_TITLE = '測定ID詳細', US_TITLE = 'MEAS_ID_DESC' WHERE TABLE_ID = 'TBLID_BMEAS_ID' AND UPPER(FIELD_NAME) = 'MEAS_ID_DESC';
UPDATE SM_FIELD_DEF SET JP_TITLE = '抜取ｳｪｰﾊ単位', US_TITLE = 'PICK_WAF_UNIT' WHERE TABLE_ID = 'TBLID_BMEAS_ID' AND UPPER(FIELD_NAME) = 'PICK_WAF_UNIT';
UPDATE SM_FIELD_DEF SET JP_TITLE = '抜取位置', US_TITLE = 'PICK_POS' WHERE TABLE_ID = 'TBLID_BMEAS_ID' AND UPPER(FIELD_NAME) = 'PICK_POS';
UPDATE SM_FIELD_DEF SET JP_TITLE = '{"抜取ｳｪｰﾊ数', US_TITLE = 'PICK_WAF_CNT' WHERE TABLE_ID = 'TBLID_BMEAS_ID' AND UPPER(FIELD_NAME) = 'PICK_WAF_CNT';
UPDATE SM_FIELD_DEF SET JP_TITLE = '抜取ｳｪｰﾊ数', US_TITLE = 'PICK_WAF_CNT' WHERE TABLE_ID = 'TBLID_BMEAS_ID' AND UPPER(FIELD_NAME) = 'PICK_WAF_CNT';
UPDATE SM_FIELD_DEF SET JP_TITLE = '測定関連', US_TITLE = 'DMEAS_ID_ITEM' WHERE TABLE_ID = 'TBLID_BMEAS_ID' AND UPPER(FIELD_NAME) = 'DUMMY';
UPDATE SM_FIELD_DEF SET JP_TITLE = '{"保証区分', US_TITLE = 'ASS_CAT' WHERE TABLE_ID = 'TBLID_BMEAS_ID' AND UPPER(FIELD_NAME) = 'ASS_CAT';
UPDATE SM_FIELD_DEF SET JP_TITLE = '保証区分', US_TITLE = 'ASS_CAT' WHERE TABLE_ID = 'TBLID_BMEAS_ID' AND UPPER(FIELD_NAME) = 'ASS_CAT';
UPDATE SM_FIELD_DEF SET JP_TITLE = '{NULL', US_TITLE = 'NULL' WHERE TABLE_ID = 'TBLID_BMEAS_ID' AND UPPER(FIELD_NAME) = 'NULL';
UPDATE SM_FIELD_DEF SET JP_TITLE = '{"ﾀｲﾄﾙ', US_TITLE = '英語名' WHERE TABLE_ID = 'TBLID_BMEAS_ITEM' AND UPPER(FIELD_NAME) = 'ﾌｨｰﾙﾄﾞ名';
UPDATE SM_FIELD_DEF SET JP_TITLE = '{"--------------------', US_TITLE = '--------------------------------------------------------' WHERE TABLE_ID = 'TBLID_BMEAS_ITEM' AND UPPER(FIELD_NAME) = '--------------------';
UPDATE SM_FIELD_DEF SET JP_TITLE = '測定項目', US_TITLE = 'MEAS_ITEM' WHERE TABLE_ID = 'TBLID_BMEAS_ITEM' AND UPPER(FIELD_NAME) = 'MEAS_ITEM';
UPDATE SM_FIELD_DEF SET JP_TITLE = '測定項目名称', US_TITLE = 'MEAS_ITEM_NAME' WHERE TABLE_ID = 'TBLID_BMEAS_ITEM' AND UPPER(FIELD_NAME) = 'MEAS_ITEM_NAME';
UPDATE SM_FIELD_DEF SET JP_TITLE = '測定項目詳細', US_TITLE = 'MEAS_ITEM_DESC' WHERE TABLE_ID = 'TBLID_BMEAS_ITEM' AND UPPER(FIELD_NAME) = 'MEAS_ITEM_DESC';
UPDATE SM_FIELD_DEF SET JP_TITLE = 'ﾃﾞｰﾀ型', US_TITLE = 'DATA_TYPE' WHERE TABLE_ID = 'TBLID_BMEAS_ITEM' AND UPPER(FIELD_NAME) = 'DATA_TYPE';
UPDATE SM_FIELD_DEF SET JP_TITLE = '測定単位', US_TITLE = 'MEAS_UNIT' WHERE TABLE_ID = 'TBLID_BMEAS_ITEM' AND UPPER(FIELD_NAME) = 'MEAS_UNIT';
UPDATE SM_FIELD_DEF SET JP_TITLE = '検査区分', US_TITLE = 'INSP_CAT' WHERE TABLE_ID = 'TBLID_BMEAS_ITEM' AND UPPER(FIELD_NAME) = 'INSP_CAT';
UPDATE SM_FIELD_DEF SET JP_TITLE = 'BPRODCODEへのｼﾞｬﾝﾌﾟ用ﾀﾞﾐｰ', US_TITLE = 'L' WHERE TABLE_ID = 'TBLID_BMEAS_ITEM' AND UPPER(FIELD_NAME) = 'PROD_CODE_CAT';
UPDATE SM_FIELD_DEF SET JP_TITLE = 'BCODEへのｼﾞｬﾝﾌﾟ用ﾀﾞﾐｰ', US_TITLE = 'L' WHERE TABLE_ID = 'TBLID_BMEAS_ITEM' AND UPPER(FIELD_NAME) = 'CODE_CAT';
UPDATE SM_FIELD_DEF SET JP_TITLE = '{NULL', US_TITLE = 'NULL' WHERE TABLE_ID = 'TBLID_BMEAS_ITEM' AND UPPER(FIELD_NAME) = 'NULL';
UPDATE SM_FIELD_DEF SET JP_TITLE = '{"ﾀｲﾄﾙ', US_TITLE = '英語名' WHERE TABLE_ID = 'TBLID_BMROUTE_OPE' AND UPPER(FIELD_NAME) = 'ﾌｨｰﾙﾄﾞ名';
UPDATE SM_FIELD_DEF SET JP_TITLE = '{"--------------------', US_TITLE = '--------------------------------------------------------' WHERE TABLE_ID = 'TBLID_BMROUTE_OPE' AND UPPER(FIELD_NAME) = '--------------------';
UPDATE SM_FIELD_DEF SET JP_TITLE = 'ﾓｼﾞｭｰﾙﾙｰﾄID', US_TITLE = 'MROUTE_ID' WHERE TABLE_ID = 'TBLID_BMROUTE_OPE' AND UPPER(FIELD_NAME) = 'MROUTE_ID';
UPDATE SM_FIELD_DEF SET JP_TITLE = 'ﾓｼﾞｭｰﾙﾙｰﾄﾊﾞｰｼﾞｮﾝ', US_TITLE = 'MROUTE_VER' WHERE TABLE_ID = 'TBLID_BMROUTE_OPE' AND UPPER(FIELD_NAME) = 'MROUTE_VER';
UPDATE SM_FIELD_DEF SET JP_TITLE = '工程順序番号', US_TITLE = 'OPE_SEQ_NO' WHERE TABLE_ID = 'TBLID_BMROUTE_OPE' AND UPPER(FIELD_NAME) = 'OPE_SEQ_NO';
UPDATE SM_FIELD_DEF SET JP_TITLE = '工程ID', US_TITLE = 'OPE_ID' WHERE TABLE_ID = 'TBLID_BMROUTE_OPE' AND UPPER(FIELD_NAME) = 'OPE_ID';
UPDATE SM_FIELD_DEF SET JP_TITLE = '{"作業番号', US_TITLE = 'OPE_NO' WHERE TABLE_ID = 'TBLID_BMROUTE_OPE' AND UPPER(FIELD_NAME) = 'OPE_NO';
UPDATE SM_FIELD_DEF SET JP_TITLE = '{NULL', US_TITLE = 'NULL' WHERE TABLE_ID = 'TBLID_BMROUTE_OPE' AND UPPER(FIELD_NAME) = 'NULL';
UPDATE SM_FIELD_DEF SET JP_TITLE = '{"ﾀｲﾄﾙ', US_TITLE = '英語名' WHERE TABLE_ID = 'TBLID_BMROUTE' AND UPPER(FIELD_NAME) = 'ﾌｨｰﾙﾄﾞ名';
UPDATE SM_FIELD_DEF SET JP_TITLE = '{"--------------------', US_TITLE = '--------------------------------------------------------' WHERE TABLE_ID = 'TBLID_BMROUTE' AND UPPER(FIELD_NAME) = '--------------------';
UPDATE SM_FIELD_DEF SET JP_TITLE = 'ﾓｼﾞｭｰﾙﾙｰﾄID', US_TITLE = 'MROUTE_ID' WHERE TABLE_ID = 'TBLID_BMROUTE' AND UPPER(FIELD_NAME) = 'MROUTE_ID';
UPDATE SM_FIELD_DEF SET JP_TITLE = 'ﾓｼﾞｭｰﾙﾙｰﾄﾊﾞｰｼﾞｮﾝ', US_TITLE = 'MROUTE_VER' WHERE TABLE_ID = 'TBLID_BMROUTE' AND UPPER(FIELD_NAME) = 'MROUTE_VER';
UPDATE SM_FIELD_DEF SET JP_TITLE = 'ﾓｼﾞｭｰﾙﾙｰﾄ名称', US_TITLE = 'MROUTE_NAME' WHERE TABLE_ID = 'TBLID_BMROUTE' AND UPPER(FIELD_NAME) = 'MROUTE_NAME';
UPDATE SM_FIELD_DEF SET JP_TITLE = 'ﾓｼﾞｭｰﾙﾙｰﾄ詳細', US_TITLE = 'MROUTE_DESC' WHERE TABLE_ID = 'TBLID_BMROUTE' AND UPPER(FIELD_NAME) = 'MROUTE_DESC';
UPDATE SM_FIELD_DEF SET JP_TITLE = '{"工程関連', US_TITLE = 'module route - ope relation table' WHERE TABLE_ID = 'TBLID_BMROUTE' AND UPPER(FIELD_NAME) = 'DUMMY';
UPDATE SM_FIELD_DEF SET JP_TITLE = '工程関連', US_TITLE = 'Module Route - Ope Relation Table' WHERE TABLE_ID = 'TBLID_BMROUTE' AND UPPER(FIELD_NAME) = 'DUMMY';
UPDATE SM_FIELD_DEF SET JP_TITLE = '{NULL', US_TITLE = 'NULL' WHERE TABLE_ID = 'TBLID_BMROUTE' AND UPPER(FIELD_NAME) = 'NULL';
UPDATE SM_FIELD_DEF SET JP_TITLE = '{"ﾀｲﾄﾙ', US_TITLE = '英語名' WHERE TABLE_ID = 'TBLID_BMTL_ID_ITEM' AND UPPER(FIELD_NAME) = 'ﾌｨｰﾙﾄﾞ名';
UPDATE SM_FIELD_DEF SET JP_TITLE = '{"--------------------', US_TITLE = '--------------------------------------------------------' WHERE TABLE_ID = 'TBLID_BMTL_ID_ITEM' AND UPPER(FIELD_NAME) = '--------------------';
UPDATE SM_FIELD_DEF SET JP_TITLE = 'ﾏﾃﾘｱﾙID', US_TITLE = 'MTL_ID' WHERE TABLE_ID = 'TBLID_BMTL_ID_ITEM' AND UPPER(FIELD_NAME) = 'MTL_ID';
UPDATE SM_FIELD_DEF SET JP_TITLE = 'ﾏﾃﾘｱﾙ項目', US_TITLE = 'MTL_ITEM' WHERE TABLE_ID = 'TBLID_BMTL_ID_ITEM' AND UPPER(FIELD_NAME) = 'MTL_ITEM';
UPDATE SM_FIELD_DEF SET JP_TITLE = '項目ｼｰｹﾝｽ番号', US_TITLE = 'ITEM_SEQ_NO' WHERE TABLE_ID = 'TBLID_BMTL_ID_ITEM' AND UPPER(FIELD_NAME) = 'ITEM_SEQ_NO';
UPDATE SM_FIELD_DEF SET JP_TITLE = 'ﾏﾃﾘｱﾙ項目ｸﾞﾙｰﾌﾟ', US_TITLE = 'MTL_ITEMG' WHERE TABLE_ID = 'TBLID_BMTL_ID_ITEM' AND UPPER(FIELD_NAME) = 'MTL_ITEMG';
UPDATE SM_FIELD_DEF SET JP_TITLE = 'BPRODCODEへのｼﾞｬﾝﾌﾟ用ﾀﾞﾐｰ', US_TITLE = '' WHERE TABLE_ID = 'TBLID_BMTL_ID_ITEM' AND UPPER(FIELD_NAME) = 'PROD_CODE_CAT';
UPDATE SM_FIELD_DEF SET JP_TITLE = 'BCODEへのｼﾞｬﾝﾌﾟ用ﾀﾞﾐｰ', US_TITLE = '' WHERE TABLE_ID = 'TBLID_BMTL_ID_ITEM' AND UPPER(FIELD_NAME) = 'CODE_CAT';
UPDATE SM_FIELD_DEF SET JP_TITLE = '{NULL', US_TITLE = 'NULL' WHERE TABLE_ID = 'TBLID_BMTL_ID_ITEM' AND UPPER(FIELD_NAME) = 'NULL';
UPDATE SM_FIELD_DEF SET JP_TITLE = '{"ﾀｲﾄﾙ', US_TITLE = '英語名' WHERE TABLE_ID = 'TBLID_BMTL_ID' AND UPPER(FIELD_NAME) = 'ﾌｨｰﾙﾄﾞ名';
UPDATE SM_FIELD_DEF SET JP_TITLE = '{"--------------------', US_TITLE = '--------------------------------------------------------' WHERE TABLE_ID = 'TBLID_BMTL_ID' AND UPPER(FIELD_NAME) = '--------------------';
UPDATE SM_FIELD_DEF SET JP_TITLE = 'ﾏﾃﾘｱﾙID', US_TITLE = 'MTL_ID' WHERE TABLE_ID = 'TBLID_BMTL_ID' AND UPPER(FIELD_NAME) = 'MTL_ID';
UPDATE SM_FIELD_DEF SET JP_TITLE = 'ﾏﾃﾘｱﾙID名称', US_TITLE = 'MTL_ID_NAME' WHERE TABLE_ID = 'TBLID_BMTL_ID' AND UPPER(FIELD_NAME) = 'MTL_ID_NAME';
UPDATE SM_FIELD_DEF SET JP_TITLE = 'ﾏﾃﾘｱﾙID詳細', US_TITLE = 'MTL_ID_DESC' WHERE TABLE_ID = 'TBLID_BMTL_ID' AND UPPER(FIELD_NAME) = 'MTL_ID_DESC';
UPDATE SM_FIELD_DEF SET JP_TITLE = 'ﾏﾃﾘｱﾙ関連', US_TITLE = 'DMTL_ID_ITEM' WHERE TABLE_ID = 'TBLID_BMTL_ID' AND UPPER(FIELD_NAME) = 'DUMMY';
UPDATE SM_FIELD_DEF SET JP_TITLE = '{NULL', US_TITLE = 'NULL' WHERE TABLE_ID = 'TBLID_BMTL_ID' AND UPPER(FIELD_NAME) = 'NULL';
UPDATE SM_FIELD_DEF SET JP_TITLE = '{"标题', US_TITLE = '英語名' WHERE TABLE_ID = 'TBLID_BPRINT_TYPE' AND UPPER(FIELD_NAME) = '字段名称';
UPDATE SM_FIELD_DEF SET JP_TITLE = '{"--------------------', US_TITLE = '--------------------------------------------------------' WHERE TABLE_ID = 'TBLID_BPRINT_TYPE' AND UPPER(FIELD_NAME) = '--------------------';
UPDATE SM_FIELD_DEF SET JP_TITLE = 'ﾗﾍﾞﾙ印字ID', US_TITLE = 'LABEL_PRINT_ID' WHERE TABLE_ID = 'TBLID_BPRINT_TYPE' AND UPPER(FIELD_NAME) = 'LABEL_PRINT_ID';
UPDATE SM_FIELD_DEF SET JP_TITLE = 'FabID', US_TITLE = 'FAB_ID' WHERE TABLE_ID = 'TBLID_BPRINT_TYPE' AND UPPER(FIELD_NAME) = 'FAB_ID';
UPDATE SM_FIELD_DEF SET JP_TITLE = 'ﾗﾍﾞﾙﾀｲﾌﾟ', US_TITLE = 'LABEL_TYPE' WHERE TABLE_ID = 'TBLID_BPRINT_TYPE' AND UPPER(FIELD_NAME) = 'LABEL_TYPE';
UPDATE SM_FIELD_DEF SET JP_TITLE = 'BPRODCODEへのｼﾞｬﾝﾌﾟ用ﾀﾞﾐｰ', US_TITLE = 'L' WHERE TABLE_ID = 'TBLID_BPRINT_TYPE' AND UPPER(FIELD_NAME) = 'PROD_CODE_CAT';
UPDATE SM_FIELD_DEF SET JP_TITLE = 'BCODEへのｼﾞｬﾝﾌﾟ用ﾀﾞﾐｰ', US_TITLE = 'L' WHERE TABLE_ID = 'TBLID_BPRINT_TYPE' AND UPPER(FIELD_NAME) = 'CODE_CAT';
UPDATE SM_FIELD_DEF SET JP_TITLE = '{NULL', US_TITLE = 'NULL' WHERE TABLE_ID = 'TBLID_BPRINT_TYPE' AND UPPER(FIELD_NAME) = 'NULL';
UPDATE SM_FIELD_DEF SET JP_TITLE = '{"ﾀｲﾄﾙ', US_TITLE = '英語名' WHERE TABLE_ID = 'TBLID_BPROCDATA_ID' AND UPPER(FIELD_NAME) = 'ﾌｨｰﾙﾄﾞ名';
UPDATE SM_FIELD_DEF SET JP_TITLE = '{"--------------------', US_TITLE = '--------------------------------------------------------' WHERE TABLE_ID = 'TBLID_BPROCDATA_ID' AND UPPER(FIELD_NAME) = '--------------------';
UPDATE SM_FIELD_DEF SET JP_TITLE = 'ﾌﾟﾛｾｽﾃﾞｰﾀID', US_TITLE = 'PROCDATA_ID' WHERE TABLE_ID = 'TBLID_BPROCDATA_ID' AND UPPER(FIELD_NAME) = 'PROCDATA_ID';
UPDATE SM_FIELD_DEF SET JP_TITLE = '{"ﾌﾟﾛｾｽﾃﾞｰﾀ名称', US_TITLE = 'PROCDATA_NAME' WHERE TABLE_ID = 'TBLID_BPROCDATA_ID' AND UPPER(FIELD_NAME) = 'PROCDATA_NAME';
UPDATE SM_FIELD_DEF SET JP_TITLE = '{"ﾌﾟﾛｾｽﾃﾞｰﾀ詳細', US_TITLE = 'PROCDATA_DESC' WHERE TABLE_ID = 'TBLID_BPROCDATA_ID' AND UPPER(FIELD_NAME) = 'PROCDATA_DESC';
UPDATE SM_FIELD_DEF SET JP_TITLE = 'ﾌﾟﾛｾｽﾃﾞｰﾀ名称', US_TITLE = 'PROCDATA_ID_NAME' WHERE TABLE_ID = 'TBLID_BPROCDATA_ID' AND UPPER(FIELD_NAME) = 'PROCDATA_ID_NAME';
UPDATE SM_FIELD_DEF SET JP_TITLE = 'ﾌﾟﾛｾｽﾃﾞｰﾀ詳細', US_TITLE = 'PROCDATA_ID_DESC' WHERE TABLE_ID = 'TBLID_BPROCDATA_ID' AND UPPER(FIELD_NAME) = 'PROCDATA_ID_DESC';
UPDATE SM_FIELD_DEF SET JP_TITLE = 'ﾌﾟﾛｾｽ関連', US_TITLE = 'DMTL_ID_ITEM' WHERE TABLE_ID = 'TBLID_BPROCDATA_ID' AND UPPER(FIELD_NAME) = 'DUMMY';
UPDATE SM_FIELD_DEF SET JP_TITLE = '{NULL', US_TITLE = 'NULL' WHERE TABLE_ID = 'TBLID_BPROCDATA_ID' AND UPPER(FIELD_NAME) = 'NULL';
UPDATE SM_FIELD_DEF SET JP_TITLE = '{"ﾀｲﾄﾙ', US_TITLE = '英語名' WHERE TABLE_ID = 'TBLID_BPROCDATA_ITEM' AND UPPER(FIELD_NAME) = 'ﾌｨｰﾙﾄﾞ名';
UPDATE SM_FIELD_DEF SET JP_TITLE = '{"--------------------', US_TITLE = '--------------------------------------------------------' WHERE TABLE_ID = 'TBLID_BPROCDATA_ITEM' AND UPPER(FIELD_NAME) = '--------------------';
UPDATE SM_FIELD_DEF SET JP_TITLE = 'ﾌﾟﾛｾｽﾃﾞｰﾀ項目', US_TITLE = 'PROCDATA_ITEM' WHERE TABLE_ID = 'TBLID_BPROCDATA_ITEM' AND UPPER(FIELD_NAME) = 'PROCDATA_ITEM';
UPDATE SM_FIELD_DEF SET JP_TITLE = 'ﾌﾟﾛｾｽﾃﾞｰﾀ項目名称', US_TITLE = 'PROCDATA_ITEM_NAME' WHERE TABLE_ID = 'TBLID_BPROCDATA_ITEM' AND UPPER(FIELD_NAME) = 'PROCDATA_ITEM_NAME';
UPDATE SM_FIELD_DEF SET JP_TITLE = 'ﾌﾟﾛｾｽﾃﾞｰﾀ項目詳細', US_TITLE = 'PROCDATA_ITEM_DESC' WHERE TABLE_ID = 'TBLID_BPROCDATA_ITEM' AND UPPER(FIELD_NAME) = 'PROCDATA_ITEM_DESC';
UPDATE SM_FIELD_DEF SET JP_TITLE = 'ﾃﾞｰﾀ型', US_TITLE = 'DATA_TYPE' WHERE TABLE_ID = 'TBLID_BPROCDATA_ITEM' AND UPPER(FIELD_NAME) = 'DATA_TYPE';
UPDATE SM_FIELD_DEF SET JP_TITLE = '測定単位', US_TITLE = 'MEAS_UNIT' WHERE TABLE_ID = 'TBLID_BPROCDATA_ITEM' AND UPPER(FIELD_NAME) = 'MEAS_UNIT';
UPDATE SM_FIELD_DEF SET JP_TITLE = 'BPRODCODEへのｼﾞｬﾝﾌﾟ用ﾀﾞﾐｰ', US_TITLE = 'L' WHERE TABLE_ID = 'TBLID_BPROCDATA_ITEM' AND UPPER(FIELD_NAME) = 'PROD_CODE_CAT';
UPDATE SM_FIELD_DEF SET JP_TITLE = 'BCODEへのｼﾞｬﾝﾌﾟ用ﾀﾞﾐｰ', US_TITLE = 'L' WHERE TABLE_ID = 'TBLID_BPROCDATA_ITEM' AND UPPER(FIELD_NAME) = 'CODE_CAT';
UPDATE SM_FIELD_DEF SET JP_TITLE = '{NULL', US_TITLE = 'NULL' WHERE TABLE_ID = 'TBLID_BPROCDATA_ITEM' AND UPPER(FIELD_NAME) = 'NULL';
UPDATE SM_FIELD_DEF SET JP_TITLE = '{"标题', US_TITLE = '英語名' WHERE TABLE_ID = 'TBLID_BQTIME' AND UPPER(FIELD_NAME) = '字段名称';
UPDATE SM_FIELD_DEF SET JP_TITLE = '{"--------------------', US_TITLE = '--------------------------------------------------------' WHERE TABLE_ID = 'TBLID_BQTIME' AND UPPER(FIELD_NAME) = '--------------------';
UPDATE SM_FIELD_DEF SET JP_TITLE = 'ﾙｰﾄID', US_TITLE = 'ROUTE_ID' WHERE TABLE_ID = 'TBLID_BQTIME' AND UPPER(FIELD_NAME) = 'ROUTE_ID';
UPDATE SM_FIELD_DEF SET JP_TITLE = 'ﾙｰﾄﾊﾞｰｼﾞｮﾝ', US_TITLE = 'ROUTE_VER' WHERE TABLE_ID = 'TBLID_BQTIME' AND UPPER(FIELD_NAME) = 'ROUTE_VER';
UPDATE SM_FIELD_DEF SET JP_TITLE = '作業番号', US_TITLE = 'OPE_NO' WHERE TABLE_ID = 'TBLID_BQTIME' AND UPPER(FIELD_NAME) = 'OPE_NO';
UPDATE SM_FIELD_DEF SET JP_TITLE = '対象作業番号', US_TITLE = 'TARGET_OPE_NO' WHERE TABLE_ID = 'TBLID_BQTIME' AND UPPER(FIELD_NAME) = 'TARGET_OPE_NO';
UPDATE SM_FIELD_DEF SET JP_TITLE = 'Qﾀｲﾑ区分', US_TITLE = 'QTIME_CAT' WHERE TABLE_ID = 'TBLID_BQTIME' AND UPPER(FIELD_NAME) = 'QTIME_CAT';
UPDATE SM_FIELD_DEF SET JP_TITLE = '時間', US_TITLE = 'TIME' WHERE TABLE_ID = 'TBLID_BQTIME' AND UPPER(FIELD_NAME) = 'TIME';
UPDATE SM_FIELD_DEF SET JP_TITLE = '{NULL', US_TITLE = 'NULL' WHERE TABLE_ID = 'TBLID_BQTIME' AND UPPER(FIELD_NAME) = 'NULL';
UPDATE SM_FIELD_DEF SET JP_TITLE = '{"ﾀｲﾄﾙ', US_TITLE = '英語名' WHERE TABLE_ID = 'TBLID_BREJECTCODE_STGG_STG' AND UPPER(FIELD_NAME) = 'ﾌｨｰﾙﾄﾞ名';
UPDATE SM_FIELD_DEF SET JP_TITLE = '{"--------------------', US_TITLE = '--------------------------------------------------------' WHERE TABLE_ID = 'TBLID_BREJECTCODE_STGG_STG' AND UPPER(FIELD_NAME) = '--------------------';
UPDATE SM_FIELD_DEF SET JP_TITLE = '不合格理由ｺｰﾄﾞｽﾃｰｼﾞｸﾞﾙｰﾌﾟID', US_TITLE = 'REJRSN_CODE_STGG_ID' WHERE TABLE_ID = 'TBLID_BREJECTCODE_STGG_STG' AND UPPER(FIELD_NAME) = 'REJRSN_CODE_STGG_ID';
UPDATE SM_FIELD_DEF SET JP_TITLE = '不合格理由ｺｰﾄﾞｽﾃｰｼﾞID', US_TITLE = 'REJRSN_CODE_STG_ID' WHERE TABLE_ID = 'TBLID_BREJECTCODE_STGG_STG' AND UPPER(FIELD_NAME) = 'REJRSN_CODE_STG_ID';
UPDATE SM_FIELD_DEF SET JP_TITLE = '項目ｼｰｹﾝｽ番号', US_TITLE = 'ITEM_SEQ_NO' WHERE TABLE_ID = 'TBLID_BREJECTCODE_STGG_STG' AND UPPER(FIELD_NAME) = 'ITEM_SEQ_NO';
UPDATE SM_FIELD_DEF SET JP_TITLE = '{NULL', US_TITLE = 'NULL' WHERE TABLE_ID = 'TBLID_BREJECTCODE_STGG_STG' AND UPPER(FIELD_NAME) = 'NULL';
UPDATE SM_FIELD_DEF SET JP_TITLE = '{"ﾀｲﾄﾙ', US_TITLE = '英語名' WHERE TABLE_ID = 'TBLID_BREJECTCODE_STGG' AND UPPER(FIELD_NAME) = 'ﾌｨｰﾙﾄﾞ名';
UPDATE SM_FIELD_DEF SET JP_TITLE = '{"--------------------', US_TITLE = '--------------------------------------------------------' WHERE TABLE_ID = 'TBLID_BREJECTCODE_STGG' AND UPPER(FIELD_NAME) = '--------------------';
UPDATE SM_FIELD_DEF SET JP_TITLE = '不合格理由ｺｰﾄﾞｽﾃｰｼﾞｸﾞﾙｰﾌﾟID', US_TITLE = 'REJRSN_CODE_STGG_ID' WHERE TABLE_ID = 'TBLID_BREJECTCODE_STGG' AND UPPER(FIELD_NAME) = 'REJRSN_CODE_STGG_ID';
UPDATE SM_FIELD_DEF SET JP_TITLE = '不合格理由ｺｰﾄﾞｽﾃｰｼﾞｸﾞﾙｰﾌﾟ名称', US_TITLE = 'REJRSN_CODE_STGG_NAME' WHERE TABLE_ID = 'TBLID_BREJECTCODE_STGG' AND UPPER(FIELD_NAME) = 'REJRSN_CODE_STGG_NAME';
UPDATE SM_FIELD_DEF SET JP_TITLE = '不合格理由ｺｰﾄﾞｽﾃｰｼﾞｸﾞﾙｰﾌﾟ詳細', US_TITLE = 'REJRSN_CODE_STGG_DESC' WHERE TABLE_ID = 'TBLID_BREJECTCODE_STGG' AND UPPER(FIELD_NAME) = 'REJRSN_CODE_STGG_DESC';
UPDATE SM_FIELD_DEF SET JP_TITLE = '不合格理由ｺｰﾄﾞｽﾃｰｼﾞｸﾞﾙｰﾌﾟ区分', US_TITLE = 'REJRSN_CODE_STGG_CAT' WHERE TABLE_ID = 'TBLID_BREJECTCODE_STGG' AND UPPER(FIELD_NAME) = 'REJRSN_CODE_STGG_CAT';
UPDATE SM_FIELD_DEF SET JP_TITLE = 'ｽﾃｰｼﾞｸﾞﾙｰﾌﾟ区分内ｼｰｹﾝｽ番号', US_TITLE = 'STGG_INCAT_SEQ_NO' WHERE TABLE_ID = 'TBLID_BREJECTCODE_STGG' AND UPPER(FIELD_NAME) = 'STGG_INCAT_SEQ_NO';
UPDATE SM_FIELD_DEF SET JP_TITLE = '不合格理由ｺｰﾄﾞｽﾃｰｼﾞｸﾞﾙｰﾌﾟ関連', US_TITLE = 'DREJECTCODE_STGG_STG' WHERE TABLE_ID = 'TBLID_BREJECTCODE_STGG' AND UPPER(FIELD_NAME) = 'DUMMY';
UPDATE SM_FIELD_DEF SET JP_TITLE = 'BPRODCODEへのｼﾞｬﾝﾌﾟ用ﾀﾞﾐｰ', US_TITLE = 'L' WHERE TABLE_ID = 'TBLID_BREJECTCODE_STGG' AND UPPER(FIELD_NAME) = 'PROD_CODE_CAT';
UPDATE SM_FIELD_DEF SET JP_TITLE = 'BCODEへのｼﾞｬﾝﾌﾟ用ﾀﾞﾐｰ', US_TITLE = 'L' WHERE TABLE_ID = 'TBLID_BREJECTCODE_STGG' AND UPPER(FIELD_NAME) = 'CODE_CAT';
UPDATE SM_FIELD_DEF SET JP_TITLE = '{NULL', US_TITLE = 'NULL' WHERE TABLE_ID = 'TBLID_BREJECTCODE_STGG' AND UPPER(FIELD_NAME) = 'NULL';
UPDATE SM_FIELD_DEF SET JP_TITLE = '{"ﾀｲﾄﾙ', US_TITLE = '英語名' WHERE TABLE_ID = 'TBLID_BREJECTCODE_STG' AND UPPER(FIELD_NAME) = 'ﾌｨｰﾙﾄﾞ名';
UPDATE SM_FIELD_DEF SET JP_TITLE = '{"--------------------', US_TITLE = '--------------------------------------------------------' WHERE TABLE_ID = 'TBLID_BREJECTCODE_STG' AND UPPER(FIELD_NAME) = '--------------------';
UPDATE SM_FIELD_DEF SET JP_TITLE = '不合格理由ｺｰﾄﾞｽﾃｰｼﾞID', US_TITLE = 'REJRSN_CODE_STG_ID' WHERE TABLE_ID = 'TBLID_BREJECTCODE_STG' AND UPPER(FIELD_NAME) = 'REJRSN_CODE_STG_ID';
UPDATE SM_FIELD_DEF SET JP_TITLE = '不合格理由ｺｰﾄﾞｽﾃｰｼﾞ名称', US_TITLE = 'REJRSN_CODE_STG_NAME' WHERE TABLE_ID = 'TBLID_BREJECTCODE_STG' AND UPPER(FIELD_NAME) = 'REJRSN_CODE_STG_NAME';
UPDATE SM_FIELD_DEF SET JP_TITLE = '不合格理由ｺｰﾄﾞｽﾃｰｼﾞ詳細', US_TITLE = 'REJRSN_CODE_STG_DESC' WHERE TABLE_ID = 'TBLID_BREJECTCODE_STG' AND UPPER(FIELD_NAME) = 'REJRSN_CODE_STG_DESC';
UPDATE SM_FIELD_DEF SET JP_TITLE = '{NULL', US_TITLE = 'NULL' WHERE TABLE_ID = 'TBLID_BREJECTCODE_STG' AND UPPER(FIELD_NAME) = 'NULL';
UPDATE SM_FIELD_DEF SET JP_TITLE = '{"ﾀｲﾄﾙ', US_TITLE = '英語名' WHERE TABLE_ID = 'TBLID_BREJECTCODE' AND UPPER(FIELD_NAME) = 'ﾌｨｰﾙﾄﾞ名';
UPDATE SM_FIELD_DEF SET JP_TITLE = '{"--------------------', US_TITLE = '--------------------------------------------------------' WHERE TABLE_ID = 'TBLID_BREJECTCODE' AND UPPER(FIELD_NAME) = '--------------------';
UPDATE SM_FIELD_DEF SET JP_TITLE = '工程ID', US_TITLE = 'OPE_ID' WHERE TABLE_ID = 'TBLID_BREJECTCODE' AND UPPER(FIELD_NAME) = 'OPE_ID';
UPDATE SM_FIELD_DEF SET JP_TITLE = '不合格理由ｺｰﾄﾞ区分', US_TITLE = 'REJRSN_CODE_CAT' WHERE TABLE_ID = 'TBLID_BREJECTCODE' AND UPPER(FIELD_NAME) = 'REJRSN_CODE_CAT';
UPDATE SM_FIELD_DEF SET JP_TITLE = '不合格理由ｺｰﾄﾞ', US_TITLE = 'REJRSN_CODE' WHERE TABLE_ID = 'TBLID_BREJECTCODE' AND UPPER(FIELD_NAME) = 'REJRSN_CODE';
UPDATE SM_FIELD_DEF SET JP_TITLE = '不合格理由ｺｰﾄﾞ名称', US_TITLE = 'REJRSN_CODE_NAME' WHERE TABLE_ID = 'TBLID_BREJECTCODE' AND UPPER(FIELD_NAME) = 'REJRSN_CODE_NAME';
UPDATE SM_FIELD_DEF SET JP_TITLE = '不合格理由ｺｰﾄﾞ詳細', US_TITLE = 'REJRSN_CODE_DESC' WHERE TABLE_ID = 'TBLID_BREJECTCODE' AND UPPER(FIELD_NAME) = 'REJRSN_CODE_DESC';
UPDATE SM_FIELD_DEF SET JP_TITLE = '不合格理由ｺｰﾄﾞｽﾃｰｼﾞID', US_TITLE = 'REJRSN_CODE_STG_ID' WHERE TABLE_ID = 'TBLID_BREJECTCODE' AND UPPER(FIELD_NAME) = 'REJRSN_CODE_STG_ID';
UPDATE SM_FIELD_DEF SET JP_TITLE = '関連工程ID', US_TITLE = 'REL_OPE_ID' WHERE TABLE_ID = 'TBLID_BREJECTCODE' AND UPPER(FIELD_NAME) = 'REL_OPE_ID';
UPDATE SM_FIELD_DEF SET JP_TITLE = 'BPRODCODEへのｼﾞｬﾝﾌﾟ用ﾀﾞﾐｰ', US_TITLE = 'L' WHERE TABLE_ID = 'TBLID_BREJECTCODE' AND UPPER(FIELD_NAME) = 'PROD_CODE_CAT';
UPDATE SM_FIELD_DEF SET JP_TITLE = 'BCODEへのｼﾞｬﾝﾌﾟ用ﾀﾞﾐｰ', US_TITLE = 'L' WHERE TABLE_ID = 'TBLID_BREJECTCODE' AND UPPER(FIELD_NAME) = 'CODE_CAT';
UPDATE SM_FIELD_DEF SET JP_TITLE = '{NULL', US_TITLE = 'NULL' WHERE TABLE_ID = 'TBLID_BREJECTCODE' AND UPPER(FIELD_NAME) = 'NULL';
UPDATE SM_FIELD_DEF SET JP_TITLE = '{"ﾀｲﾄﾙ', US_TITLE = '英語名' WHERE TABLE_ID = 'TBLID_BRL_ROUTE' AND UPPER(FIELD_NAME) = 'ﾌｨｰﾙﾄﾞ名';
UPDATE SM_FIELD_DEF SET JP_TITLE = '{"--------------------', US_TITLE = '--------------------------------------------------------' WHERE TABLE_ID = 'TBLID_BRL_ROUTE' AND UPPER(FIELD_NAME) = '--------------------';
UPDATE SM_FIELD_DEF SET JP_TITLE = 'ﾙｰﾄID', US_TITLE = 'ROUTE_ID' WHERE TABLE_ID = 'TBLID_BRL_ROUTE' AND UPPER(FIELD_NAME) = 'ROUTE_ID';
UPDATE SM_FIELD_DEF SET JP_TITLE = 'ﾙｰﾄﾊﾞｰｼﾞｮﾝ', US_TITLE = 'ROUTE_VER' WHERE TABLE_ID = 'TBLID_BRL_ROUTE' AND UPPER(FIELD_NAME) = 'ROUTE_VER';
UPDATE SM_FIELD_DEF SET JP_TITLE = 'ﾓｼﾞｭｰﾙ順序番号', US_TITLE = 'MROUTE_SEQ_NO' WHERE TABLE_ID = 'TBLID_BRL_ROUTE' AND UPPER(FIELD_NAME) = 'MROUTE_SEQ_NO';
UPDATE SM_FIELD_DEF SET JP_TITLE = '工程順序番号', US_TITLE = 'OPE_SEQ_NO' WHERE TABLE_ID = 'TBLID_BRL_ROUTE' AND UPPER(FIELD_NAME) = 'OPE_SEQ_NO';
UPDATE SM_FIELD_DEF SET JP_TITLE = '工程ID', US_TITLE = 'OPE_ID' WHERE TABLE_ID = 'TBLID_BRL_ROUTE' AND UPPER(FIELD_NAME) = 'OPE_ID';
UPDATE SM_FIELD_DEF SET JP_TITLE = '{NULL', US_TITLE = 'NULL' WHERE TABLE_ID = 'TBLID_BRL_ROUTE' AND UPPER(FIELD_NAME) = 'NULL';
UPDATE SM_FIELD_DEF SET JP_TITLE = '{"ﾀｲﾄﾙ', US_TITLE = '英語名' WHERE TABLE_ID = 'TBLID_BROUTECNCT' AND UPPER(FIELD_NAME) = 'ﾌｨｰﾙﾄﾞ名';
UPDATE SM_FIELD_DEF SET JP_TITLE = '{"--------------------', US_TITLE = '--------------------------------------------------------' WHERE TABLE_ID = 'TBLID_BROUTECNCT' AND UPPER(FIELD_NAME) = '--------------------';
UPDATE SM_FIELD_DEF SET JP_TITLE = 'ｻﾌﾞﾙｰﾄID', US_TITLE = 'SUB_ROUTE_ID' WHERE TABLE_ID = 'TBLID_BROUTECNCT' AND UPPER(FIELD_NAME) = 'SUB_ROUTE_ID';
UPDATE SM_FIELD_DEF SET JP_TITLE = 'ｻﾌﾞﾙｰﾄﾊﾞｰｼﾞｮﾝ', US_TITLE = 'SUB_ROUTE_VER' WHERE TABLE_ID = 'TBLID_BROUTECNCT' AND UPPER(FIELD_NAME) = 'SUB_ROUTE_VER';
UPDATE SM_FIELD_DEF SET JP_TITLE = '分岐ﾙｰﾄID', US_TITLE = 'SPLIT_ROUTE_ID' WHERE TABLE_ID = 'TBLID_BROUTECNCT' AND UPPER(FIELD_NAME) = 'SPLIT_ROUTE_ID';
UPDATE SM_FIELD_DEF SET JP_TITLE = '分岐ﾙｰﾄﾊﾞｰｼﾞｮﾝ', US_TITLE = 'SPLIT_ROUTE_VER' WHERE TABLE_ID = 'TBLID_BROUTECNCT' AND UPPER(FIELD_NAME) = 'SPLIT_ROUTE_VER';
UPDATE SM_FIELD_DEF SET JP_TITLE = '分岐作業番号', US_TITLE = 'SPLIT_OPE_NO' WHERE TABLE_ID = 'TBLID_BROUTECNCT' AND UPPER(FIELD_NAME) = 'SPLIT_OPE_NO';
UPDATE SM_FIELD_DEF SET JP_TITLE = '復帰ﾙｰﾄID', US_TITLE = 'RET_ROUTE_ID' WHERE TABLE_ID = 'TBLID_BROUTECNCT' AND UPPER(FIELD_NAME) = 'RET_ROUTE_ID';
UPDATE SM_FIELD_DEF SET JP_TITLE = '復帰ﾙｰﾄﾊﾞｰｼﾞｮﾝ', US_TITLE = 'RET_ROUTE_VER' WHERE TABLE_ID = 'TBLID_BROUTECNCT' AND UPPER(FIELD_NAME) = 'RET_ROUTE_VER';
UPDATE SM_FIELD_DEF SET JP_TITLE = '復帰作業番号', US_TITLE = 'RET_OPE_NO' WHERE TABLE_ID = 'TBLID_BROUTECNCT' AND UPPER(FIELD_NAME) = 'RET_OPE_NO';
UPDATE SM_FIELD_DEF SET JP_TITLE = 'ﾙｰﾄ接続名称', US_TITLE = 'ROUTE_CNCT_NAME' WHERE TABLE_ID = 'TBLID_BROUTECNCT' AND UPPER(FIELD_NAME) = 'ROUTE_CNCT_NAME';
UPDATE SM_FIELD_DEF SET JP_TITLE = 'ﾙｰﾄ接続詳細', US_TITLE = 'ROUTE_CNCT_DESC' WHERE TABLE_ID = 'TBLID_BROUTECNCT' AND UPPER(FIELD_NAME) = 'ROUTE_CNCT_DESC';
UPDATE SM_FIELD_DEF SET JP_TITLE = '{NULL', US_TITLE = 'NULL' WHERE TABLE_ID = 'TBLID_BROUTECNCT' AND UPPER(FIELD_NAME) = 'NULL';
UPDATE SM_FIELD_DEF SET JP_TITLE = '{"ﾀｲﾄﾙ', US_TITLE = '英語名' WHERE TABLE_ID = 'TBLID_BROUTE_MROUTE' AND UPPER(FIELD_NAME) = 'ﾌｨｰﾙﾄﾞ名';
UPDATE SM_FIELD_DEF SET JP_TITLE = '{"--------------------', US_TITLE = '--------------------------------------------------------' WHERE TABLE_ID = 'TBLID_BROUTE_MROUTE' AND UPPER(FIELD_NAME) = '--------------------';
UPDATE SM_FIELD_DEF SET JP_TITLE = 'ﾙｰﾄID', US_TITLE = 'ROUTE_ID' WHERE TABLE_ID = 'TBLID_BROUTE_MROUTE' AND UPPER(FIELD_NAME) = 'ROUTE_ID';
UPDATE SM_FIELD_DEF SET JP_TITLE = 'ﾙｰﾄﾊﾞｰｼﾞｮﾝ', US_TITLE = 'ROUTE_VER' WHERE TABLE_ID = 'TBLID_BROUTE_MROUTE' AND UPPER(FIELD_NAME) = 'ROUTE_VER';
UPDATE SM_FIELD_DEF SET JP_TITLE = '{"ﾓｼﾞｭｰﾙ順序番号', US_TITLE = 'MRoute Seq No' WHERE TABLE_ID = 'TBLID_BROUTE_MROUTE' AND UPPER(FIELD_NAME) = 'MROUTE_SEQ_NO';
UPDATE SM_FIELD_DEF SET JP_TITLE = 'ﾓｼﾞｭｰﾙ順序番号', US_TITLE = 'MROUTE_SEQ_NO' WHERE TABLE_ID = 'TBLID_BROUTE_MROUTE' AND UPPER(FIELD_NAME) = 'MROUTE_SEQ_NO';
UPDATE SM_FIELD_DEF SET JP_TITLE = 'ﾓｼﾞｭｰﾙﾙｰﾄID', US_TITLE = 'MROUTE_ID' WHERE TABLE_ID = 'TBLID_BROUTE_MROUTE' AND UPPER(FIELD_NAME) = 'MROUTE_ID';
UPDATE SM_FIELD_DEF SET JP_TITLE = 'ﾓｼﾞｭｰﾙﾙｰﾄﾊﾞｰｼﾞｮﾝ', US_TITLE = 'MROUTE_VER' WHERE TABLE_ID = 'TBLID_BROUTE_MROUTE' AND UPPER(FIELD_NAME) = 'MROUTE_VER';
UPDATE SM_FIELD_DEF SET JP_TITLE = 'ｽﾃｰｼﾞID', US_TITLE = 'STG_ID' WHERE TABLE_ID = 'TBLID_BROUTE_MROUTE' AND UPPER(FIELD_NAME) = 'STG_ID';
UPDATE SM_FIELD_DEF SET JP_TITLE = '{NULL', US_TITLE = 'NULL' WHERE TABLE_ID = 'TBLID_BROUTE_MROUTE' AND UPPER(FIELD_NAME) = 'NULL';
UPDATE SM_FIELD_DEF SET JP_TITLE = '{"ﾀｲﾄﾙ', US_TITLE = '英語名' WHERE TABLE_ID = 'TBLID_BROUTE' AND UPPER(FIELD_NAME) = 'ﾌｨｰﾙﾄﾞ名';
UPDATE SM_FIELD_DEF SET JP_TITLE = '{"--------------------', US_TITLE = '--------------------------------------------------------' WHERE TABLE_ID = 'TBLID_BROUTE' AND UPPER(FIELD_NAME) = '--------------------';
UPDATE SM_FIELD_DEF SET JP_TITLE = 'ﾙｰﾄID', US_TITLE = 'ROUTE_ID' WHERE TABLE_ID = 'TBLID_BROUTE' AND UPPER(FIELD_NAME) = 'ROUTE_ID';
UPDATE SM_FIELD_DEF SET JP_TITLE = 'ﾙｰﾄﾊﾞｰｼﾞｮﾝ', US_TITLE = 'ROUTE_VER' WHERE TABLE_ID = 'TBLID_BROUTE' AND UPPER(FIELD_NAME) = 'ROUTE_VER';
UPDATE SM_FIELD_DEF SET JP_TITLE = '{"ｻﾌﾞﾙｰﾄﾘﾜｰｸﾙｰﾄ区分', US_TITLE = 'Main/Sub Category' WHERE TABLE_ID = 'TBLID_BROUTE' AND UPPER(FIELD_NAME) = 'SUB_RWK_CAT';
UPDATE SM_FIELD_DEF SET JP_TITLE = 'ｻﾌﾞﾙｰﾄﾘﾜｰｸﾙｰﾄ区分', US_TITLE = 'SUB_RWK_CAT' WHERE TABLE_ID = 'TBLID_BROUTE' AND UPPER(FIELD_NAME) = 'SUB_RWK_CAT';
UPDATE SM_FIELD_DEF SET JP_TITLE = 'ﾙｰﾄ区分', US_TITLE = 'ROUTE_CAT' WHERE TABLE_ID = 'TBLID_BROUTE' AND UPPER(FIELD_NAME) = 'ROUTE_CAT';
UPDATE SM_FIELD_DEF SET JP_TITLE = 'ﾙｰﾄ名称', US_TITLE = 'ROUTE_NAME' WHERE TABLE_ID = 'TBLID_BROUTE' AND UPPER(FIELD_NAME) = 'ROUTE_NAME';
UPDATE SM_FIELD_DEF SET JP_TITLE = 'ﾙｰﾄ詳細', US_TITLE = 'ROUTE_DESC' WHERE TABLE_ID = 'TBLID_BROUTE' AND UPPER(FIELD_NAME) = 'ROUTE_DESC';
UPDATE SM_FIELD_DEF SET JP_TITLE = '{"ﾙｰﾄﾓｼﾞｭｰﾙﾙｰﾄ関連ﾃｰﾌﾞﾙ', US_TITLE = 'route - module route relation table' WHERE TABLE_ID = 'TBLID_BROUTE' AND UPPER(FIELD_NAME) = 'DUMMY';
UPDATE SM_FIELD_DEF SET JP_TITLE = '{"ﾙｰﾄ接続', US_TITLE = 'route connect' WHERE TABLE_ID = 'TBLID_BROUTE' AND UPPER(FIELD_NAME) = 'DUMMY2';
UPDATE SM_FIELD_DEF SET JP_TITLE = '{"Qﾀｲﾑ', US_TITLE = 'qtime' WHERE TABLE_ID = 'TBLID_BROUTE' AND UPPER(FIELD_NAME) = 'DUMMY3';
UPDATE SM_FIELD_DEF SET JP_TITLE = 'ﾙｰﾄﾓｼﾞｭｰﾙﾙｰﾄ関連ﾃｰﾌﾞﾙ', US_TITLE = 'Route - Module Route Relation Table' WHERE TABLE_ID = 'TBLID_BROUTE' AND UPPER(FIELD_NAME) = 'DUMMY';
UPDATE SM_FIELD_DEF SET JP_TITLE = 'ﾙｰﾄ接続', US_TITLE = 'Route Connect' WHERE TABLE_ID = 'TBLID_BROUTE' AND UPPER(FIELD_NAME) = 'DUMMY2';
UPDATE SM_FIELD_DEF SET JP_TITLE = 'Qﾀｲﾑ', US_TITLE = 'Qtime' WHERE TABLE_ID = 'TBLID_BROUTE' AND UPPER(FIELD_NAME) = 'DUMMY3';
UPDATE SM_FIELD_DEF SET JP_TITLE = 'BPRODCODEへのｼﾞｬﾝﾌﾟ用ﾀﾞﾐｰ', US_TITLE = 'L' WHERE TABLE_ID = 'TBLID_BROUTE' AND UPPER(FIELD_NAME) = 'PROD_CODE_CAT';
UPDATE SM_FIELD_DEF SET JP_TITLE = 'BCODEへのｼﾞｬﾝﾌﾟ用ﾀﾞﾐｰ', US_TITLE = 'L' WHERE TABLE_ID = 'TBLID_BROUTE' AND UPPER(FIELD_NAME) = 'CODE_CAT';
UPDATE SM_FIELD_DEF SET JP_TITLE = '{NULL', US_TITLE = 'NULL' WHERE TABLE_ID = 'TBLID_BROUTE' AND UPPER(FIELD_NAME) = 'NULL';
UPDATE SM_FIELD_DEF SET JP_TITLE = '{"ﾀｲﾄﾙ', US_TITLE = '英語名' WHERE TABLE_ID = 'TBLID_BSLICE_ITEMIZED_DEF' AND UPPER(FIELD_NAME) = 'ﾌｨｰﾙﾄﾞ名';
UPDATE SM_FIELD_DEF SET JP_TITLE = '{"--------------------', US_TITLE = '--------------------------------------------------------' WHERE TABLE_ID = 'TBLID_BSLICE_ITEMIZED_DEF' AND UPPER(FIELD_NAME) = '--------------------';
UPDATE SM_FIELD_DEF SET JP_TITLE = 'ｱｲﾃﾏｲｽﾞﾄﾞﾚｺｰﾄﾞ種別', US_TITLE = 'ITEMIZED_REC_CAT' WHERE TABLE_ID = 'TBLID_BSLICE_ITEMIZED_DEF' AND UPPER(FIELD_NAME) = 'ITEMIZED_REC_CAT';
UPDATE SM_FIELD_DEF SET JP_TITLE = 'ｱｲﾃﾏｲｽﾞﾄﾞ項目', US_TITLE = 'ITEMIZED_ITEM' WHERE TABLE_ID = 'TBLID_BSLICE_ITEMIZED_DEF' AND UPPER(FIELD_NAME) = 'ITEMIZED_ITEM';
UPDATE SM_FIELD_DEF SET JP_TITLE = 'ｼｰｹﾝｽ番号', US_TITLE = 'SEQ_NO' WHERE TABLE_ID = 'TBLID_BSLICE_ITEMIZED_DEF' AND UPPER(FIELD_NAME) = 'SEQ_NO';
UPDATE SM_FIELD_DEF SET JP_TITLE = '開始位置', US_TITLE = 'START_POS' WHERE TABLE_ID = 'TBLID_BSLICE_ITEMIZED_DEF' AND UPPER(FIELD_NAME) = 'START_POS';
UPDATE SM_FIELD_DEF SET JP_TITLE = '文字長', US_TITLE = 'STR_LEN' WHERE TABLE_ID = 'TBLID_BSLICE_ITEMIZED_DEF' AND UPPER(FIELD_NAME) = 'STR_LEN';
UPDATE SM_FIELD_DEF SET JP_TITLE = 'BPRODCODEへのｼﾞｬﾝﾌﾟ用ﾀﾞﾐｰ', US_TITLE = 'L' WHERE TABLE_ID = 'TBLID_BSLICE_ITEMIZED_DEF' AND UPPER(FIELD_NAME) = 'PROD_CODE_CAT';
UPDATE SM_FIELD_DEF SET JP_TITLE = 'BCODEへのｼﾞｬﾝﾌﾟ用ﾀﾞﾐｰ', US_TITLE = 'L' WHERE TABLE_ID = 'TBLID_BSLICE_ITEMIZED_DEF' AND UPPER(FIELD_NAME) = 'CODE_CAT';
UPDATE SM_FIELD_DEF SET JP_TITLE = '{NULL', US_TITLE = 'NULL' WHERE TABLE_ID = 'TBLID_BSLICE_ITEMIZED_DEF' AND UPPER(FIELD_NAME) = 'NULL';
UPDATE SM_FIELD_DEF SET JP_TITLE = '{"ﾀｲﾄﾙ', US_TITLE = '英語名' WHERE TABLE_ID = 'TBLID_BSTGG_STG' AND UPPER(FIELD_NAME) = 'ﾌｨｰﾙﾄﾞ名';
UPDATE SM_FIELD_DEF SET JP_TITLE = '{"--------------------', US_TITLE = '--------------------------------------------------------' WHERE TABLE_ID = 'TBLID_BSTGG_STG' AND UPPER(FIELD_NAME) = '--------------------';
UPDATE SM_FIELD_DEF SET JP_TITLE = '{"ｽﾃｰｼﾞｸﾞﾙｰﾌﾟID', US_TITLE = 'STGG_ID' WHERE TABLE_ID = 'TBLID_BSTGG_STG' AND UPPER(FIELD_NAME) = 'STGG_ID';
UPDATE SM_FIELD_DEF SET JP_TITLE = '{"ｽﾃｰｼﾞID', US_TITLE = 'STG_ID' WHERE TABLE_ID = 'TBLID_BSTGG_STG' AND UPPER(FIELD_NAME) = 'STG_ID';
UPDATE SM_FIELD_DEF SET JP_TITLE = '{"項目ｼｰｹﾝｽ番号', US_TITLE = 'ITEM_SEQ_NO' WHERE TABLE_ID = 'TBLID_BSTGG_STG' AND UPPER(FIELD_NAME) = 'ITEM_SEQ_NO';
UPDATE SM_FIELD_DEF SET JP_TITLE = 'ｽﾃｰｼﾞｸﾞﾙｰﾌﾟID', US_TITLE = 'STGG_ID' WHERE TABLE_ID = 'TBLID_BSTGG_STG' AND UPPER(FIELD_NAME) = 'STGG_ID';
UPDATE SM_FIELD_DEF SET JP_TITLE = 'ｽﾃｰｼﾞID', US_TITLE = 'STG_ID' WHERE TABLE_ID = 'TBLID_BSTGG_STG' AND UPPER(FIELD_NAME) = 'STG_ID';
UPDATE SM_FIELD_DEF SET JP_TITLE = '{"項目ｼｰｹﾝｽ番号', US_TITLE = 'ITEM_SEQ_NO' WHERE TABLE_ID = 'TBLID_BSTGG_STG' AND UPPER(FIELD_NAME) = 'ITEM_SEQ_NO';
UPDATE SM_FIELD_DEF SET JP_TITLE = '項目ｼｰｹﾝｽ番号', US_TITLE = 'ITEM_SEQ_NO' WHERE TABLE_ID = 'TBLID_BSTGG_STG' AND UPPER(FIELD_NAME) = 'ITEM_SEQ_NO';
UPDATE SM_FIELD_DEF SET JP_TITLE = '{NULL', US_TITLE = 'NULL' WHERE TABLE_ID = 'TBLID_BSTGG_STG' AND UPPER(FIELD_NAME) = 'NULL';
UPDATE SM_FIELD_DEF SET JP_TITLE = '{"ﾀｲﾄﾙ', US_TITLE = '英語名' WHERE TABLE_ID = 'TBLID_BSTGG' AND UPPER(FIELD_NAME) = 'ﾌｨｰﾙﾄﾞ名';
UPDATE SM_FIELD_DEF SET JP_TITLE = '{"--------------------', US_TITLE = '--------------------------------------------------------' WHERE TABLE_ID = 'TBLID_BSTGG' AND UPPER(FIELD_NAME) = '--------------------';
UPDATE SM_FIELD_DEF SET JP_TITLE = 'ｽﾃｰｼﾞｸﾞﾙｰﾌﾟID', US_TITLE = 'STGG_ID' WHERE TABLE_ID = 'TBLID_BSTGG' AND UPPER(FIELD_NAME) = 'STGG_ID';
UPDATE SM_FIELD_DEF SET JP_TITLE = 'ｽﾃｰｼﾞｸﾞﾙｰﾌﾟ名称', US_TITLE = 'STGG_NAME' WHERE TABLE_ID = 'TBLID_BSTGG' AND UPPER(FIELD_NAME) = 'STGG_NAME';
UPDATE SM_FIELD_DEF SET JP_TITLE = 'ｽﾃｰｼﾞｸﾞﾙｰﾌﾟ詳細', US_TITLE = 'STGG_DESC' WHERE TABLE_ID = 'TBLID_BSTGG' AND UPPER(FIELD_NAME) = 'STGG_DESC';
UPDATE SM_FIELD_DEF SET JP_TITLE = 'ｽﾃｰｼﾞｸﾞﾙｰﾌﾟ区分', US_TITLE = 'STGG_CAT' WHERE TABLE_ID = 'TBLID_BSTGG' AND UPPER(FIELD_NAME) = 'STGG_CAT';
UPDATE SM_FIELD_DEF SET JP_TITLE = 'ｽﾃｰｼﾞｸﾞﾙｰﾌﾟ区分内ｼｰｹﾝｽ番号', US_TITLE = 'STGG_INCAT_SEQ_NO' WHERE TABLE_ID = 'TBLID_BSTGG' AND UPPER(FIELD_NAME) = 'STGG_INCAT_SEQ_NO';
UPDATE SM_FIELD_DEF SET JP_TITLE = 'ｽﾃｰｼﾞｸﾞﾙｰﾌﾟ関連', US_TITLE = 'DSTGG_STG' WHERE TABLE_ID = 'TBLID_BSTGG' AND UPPER(FIELD_NAME) = 'DUMMY';
UPDATE SM_FIELD_DEF SET JP_TITLE = 'BPRODCODEへのｼﾞｬﾝﾌﾟ用ﾀﾞﾐｰ', US_TITLE = 'L' WHERE TABLE_ID = 'TBLID_BSTGG' AND UPPER(FIELD_NAME) = 'PROD_CODE_CAT';
UPDATE SM_FIELD_DEF SET JP_TITLE = 'BCODEへのｼﾞｬﾝﾌﾟ用ﾀﾞﾐｰ', US_TITLE = 'L' WHERE TABLE_ID = 'TBLID_BSTGG' AND UPPER(FIELD_NAME) = 'CODE_CAT';
UPDATE SM_FIELD_DEF SET JP_TITLE = '{NULL', US_TITLE = 'NULL' WHERE TABLE_ID = 'TBLID_BSTGG' AND UPPER(FIELD_NAME) = 'NULL';
UPDATE SM_FIELD_DEF SET JP_TITLE = '{"ﾀｲﾄﾙ', US_TITLE = '英語名' WHERE TABLE_ID = 'TBLID_BSTG' AND UPPER(FIELD_NAME) = 'ﾌｨｰﾙﾄﾞ名';
UPDATE SM_FIELD_DEF SET JP_TITLE = '{"--------------------', US_TITLE = '--------------------------------------------------------' WHERE TABLE_ID = 'TBLID_BSTG' AND UPPER(FIELD_NAME) = '--------------------';
UPDATE SM_FIELD_DEF SET JP_TITLE = 'ｽﾃｰｼﾞID', US_TITLE = 'STG_ID' WHERE TABLE_ID = 'TBLID_BSTG' AND UPPER(FIELD_NAME) = 'STG_ID';
UPDATE SM_FIELD_DEF SET JP_TITLE = 'ｽﾃｰｼﾞ名称', US_TITLE = 'STG_NAME' WHERE TABLE_ID = 'TBLID_BSTG' AND UPPER(FIELD_NAME) = 'STG_NAME';
UPDATE SM_FIELD_DEF SET JP_TITLE = 'ｽﾃｰｼﾞ詳細', US_TITLE = 'STG_DESC' WHERE TABLE_ID = 'TBLID_BSTG' AND UPPER(FIELD_NAME) = 'STG_DESC';
UPDATE SM_FIELD_DEF SET JP_TITLE = 'ｽﾃｰｼﾞﾌﾟﾛﾊﾟﾃｨ', US_TITLE = 'STG_PROPERTY' WHERE TABLE_ID = 'TBLID_BSTG' AND UPPER(FIELD_NAME) = 'STG_PROPERTY';
UPDATE SM_FIELD_DEF SET JP_TITLE = 'BPRODCODEへのｼﾞｬﾝﾌﾟ用ﾀﾞﾐｰ', US_TITLE = 'L' WHERE TABLE_ID = 'TBLID_BSTG' AND UPPER(FIELD_NAME) = 'PROD_CODE_CAT';
UPDATE SM_FIELD_DEF SET JP_TITLE = 'BCODEへのｼﾞｬﾝﾌﾟ用ﾀﾞﾐｰ', US_TITLE = 'L' WHERE TABLE_ID = 'TBLID_BSTG' AND UPPER(FIELD_NAME) = 'CODE_CAT';
UPDATE SM_FIELD_DEF SET JP_TITLE = '{NULL', US_TITLE = 'NULL' WHERE TABLE_ID = 'TBLID_BSTG' AND UPPER(FIELD_NAME) = 'NULL';
UPDATE SM_FIELD_DEF SET JP_TITLE = '{"ﾀｲﾄﾙ', US_TITLE = '英語名' WHERE TABLE_ID = 'TBLID_BSTK_AREA' AND UPPER(FIELD_NAME) = 'ﾌｨｰﾙﾄﾞ名';
UPDATE SM_FIELD_DEF SET JP_TITLE = '{"--------------------', US_TITLE = '--------------------------------------------------------' WHERE TABLE_ID = 'TBLID_BSTK_AREA' AND UPPER(FIELD_NAME) = '--------------------';
UPDATE SM_FIELD_DEF SET JP_TITLE = '{"ｽﾄｯｶｰID', US_TITLE = 'STK_ID' WHERE TABLE_ID = 'TBLID_BSTK_AREA' AND UPPER(FIELD_NAME) = 'STK_ID';
UPDATE SM_FIELD_DEF SET JP_TITLE = '{"ｴﾘｱID', US_TITLE = 'AREA_ID' WHERE TABLE_ID = 'TBLID_BSTK_AREA' AND UPPER(FIELD_NAME) = 'AREA_ID';
UPDATE SM_FIELD_DEF SET JP_TITLE = 'ｽﾄｯｶｰID', US_TITLE = 'STK_ID' WHERE TABLE_ID = 'TBLID_BSTK_AREA' AND UPPER(FIELD_NAME) = 'STK_ID';
UPDATE SM_FIELD_DEF SET JP_TITLE = 'ｴﾘｱID', US_TITLE = 'AREA_ID' WHERE TABLE_ID = 'TBLID_BSTK_AREA' AND UPPER(FIELD_NAME) = 'AREA_ID';
UPDATE SM_FIELD_DEF SET JP_TITLE = '項目ｼｰｹﾝｽ番号', US_TITLE = 'ITEM_SEQ_NO' WHERE TABLE_ID = 'TBLID_BSTK_AREA' AND UPPER(FIELD_NAME) = 'ITEM_SEQ_NO';
UPDATE SM_FIELD_DEF SET JP_TITLE = '{NULL', US_TITLE = 'NULL' WHERE TABLE_ID = 'TBLID_BSTK_AREA' AND UPPER(FIELD_NAME) = 'NULL';
UPDATE SM_FIELD_DEF SET JP_TITLE = '{"ﾀｲﾄﾙ', US_TITLE = '英語名' WHERE TABLE_ID = 'TBLID_BSTKOUTLET' AND UPPER(FIELD_NAME) = 'ﾌｨｰﾙﾄﾞ名';
UPDATE SM_FIELD_DEF SET JP_TITLE = '{"--------------------', US_TITLE = '--------------------------------------------------------' WHERE TABLE_ID = 'TBLID_BSTKOUTLET' AND UPPER(FIELD_NAME) = '--------------------';
UPDATE SM_FIELD_DEF SET JP_TITLE = 'ｽﾄｯｶｰID', US_TITLE = 'STK_ID' WHERE TABLE_ID = 'TBLID_BSTKOUTLET' AND UPPER(FIELD_NAME) = 'STK_ID';
UPDATE SM_FIELD_DEF SET JP_TITLE = 'ｽﾄｯｶｰﾎﾟｰﾄID', US_TITLE = 'OUTLET_ID' WHERE TABLE_ID = 'TBLID_BSTKOUTLET' AND UPPER(FIELD_NAME) = 'OUTLET_ID';
UPDATE SM_FIELD_DEF SET JP_TITLE = 'ｼｰｹﾝｽ番号', US_TITLE = 'SEQ_NO' WHERE TABLE_ID = 'TBLID_BSTKOUTLET' AND UPPER(FIELD_NAME) = 'SEQ_NO';
UPDATE SM_FIELD_DEF SET JP_TITLE = 'ｽﾄｯｶｰﾎﾟｰﾄ名称', US_TITLE = 'OUTLET_NAME' WHERE TABLE_ID = 'TBLID_BSTKOUTLET' AND UPPER(FIELD_NAME) = 'OUTLET_NAME';
UPDATE SM_FIELD_DEF SET JP_TITLE = 'ｽﾄｯｶｰﾎﾟｰﾄﾀｲﾌﾟ', US_TITLE = 'OUTLET_TYPE' WHERE TABLE_ID = 'TBLID_BSTKOUTLET' AND UPPER(FIELD_NAME) = 'OUTLET_TYPE';
UPDATE SM_FIELD_DEF SET JP_TITLE = 'ｽﾄｯｶｰﾎﾟｰﾄﾓｰﾄﾞ', US_TITLE = 'OUTLET_MODE' WHERE TABLE_ID = 'TBLID_BSTKOUTLET' AND UPPER(FIELD_NAME) = 'OUTLET_MODE';
UPDATE SM_FIELD_DEF SET JP_TITLE = 'AGV ID', US_TITLE = 'AGV_ID' WHERE TABLE_ID = 'TBLID_BSTKOUTLET' AND UPPER(FIELD_NAME) = 'AGV_ID';
UPDATE SM_FIELD_DEF SET JP_TITLE = '{NULL', US_TITLE = 'NULL' WHERE TABLE_ID = 'TBLID_BSTKOUTLET' AND UPPER(FIELD_NAME) = 'NULL';
UPDATE SM_FIELD_DEF SET JP_TITLE = '{"ﾀｲﾄﾙ', US_TITLE = '英語名' WHERE TABLE_ID = 'TBLID_BSYSTEM_DEF' AND UPPER(FIELD_NAME) = 'ﾌｨｰﾙﾄﾞ名';
UPDATE SM_FIELD_DEF SET JP_TITLE = '{"--------------------', US_TITLE = '--------------------------------------------------------' WHERE TABLE_ID = 'TBLID_BSYSTEM_DEF' AND UPPER(FIELD_NAME) = '--------------------';
UPDATE SM_FIELD_DEF SET JP_TITLE = 'ｼｽﾃﾑ定義ID', US_TITLE = 'SYSTEM_DEF_ID' WHERE TABLE_ID = 'TBLID_BSYSTEM_DEF' AND UPPER(FIELD_NAME) = 'SYSTEM_DEF_ID';
UPDATE SM_FIELD_DEF SET JP_TITLE = 'ｼｽﾃﾑﾊﾟﾗﾒｰﾀ', US_TITLE = 'SYSTEM_PRAM' WHERE TABLE_ID = 'TBLID_BSYSTEM_DEF' AND UPPER(FIELD_NAME) = 'SYSTEM_PRAM';
UPDATE SM_FIELD_DEF SET JP_TITLE = '{NULL', US_TITLE = 'NULL' WHERE TABLE_ID = 'TBLID_BSYSTEM_DEF' AND UPPER(FIELD_NAME) = 'NULL';
UPDATE SM_FIELD_DEF SET JP_TITLE = '{"ﾀｲﾄﾙ', US_TITLE = '英語名' WHERE TABLE_ID = 'TBLID_BUSERG' AND UPPER(FIELD_NAME) = 'ﾌｨｰﾙﾄﾞ名';
UPDATE SM_FIELD_DEF SET JP_TITLE = '{"--------------------', US_TITLE = '--------------------------------------------------------' WHERE TABLE_ID = 'TBLID_BUSERG' AND UPPER(FIELD_NAME) = '--------------------';
UPDATE SM_FIELD_DEF SET JP_TITLE = '業務ｸﾞﾙｰﾌﾟID', US_TITLE = 'USERG_ID' WHERE TABLE_ID = 'TBLID_BUSERG' AND UPPER(FIELD_NAME) = 'USERG_ID';
UPDATE SM_FIELD_DEF SET JP_TITLE = '業務ｸﾞﾙｰﾌﾟ名称', US_TITLE = 'USERG_NAME' WHERE TABLE_ID = 'TBLID_BUSERG' AND UPPER(FIELD_NAME) = 'USERG_NAME';
UPDATE SM_FIELD_DEF SET JP_TITLE = '業務ｸﾞﾙｰﾌﾟ詳細', US_TITLE = 'USERG_DESC' WHERE TABLE_ID = 'TBLID_BUSERG' AND UPPER(FIELD_NAME) = 'USERG_DESC';
UPDATE SM_FIELD_DEF SET JP_TITLE = 'ﾒﾆｭｰ区分', US_TITLE = 'MENU_FLG' WHERE TABLE_ID = 'TBLID_BUSERG' AND UPPER(FIELD_NAME) = 'MENU_FLG';
UPDATE SM_FIELD_DEF SET JP_TITLE = 'ﾙｰﾄﾃｰﾌﾞﾙ', US_TITLE = 'ROUTE' WHERE TABLE_ID = 'TBLID_BUSERG' AND UPPER(FIELD_NAME) = 'MENU_FLG1';
UPDATE SM_FIELD_DEF SET JP_TITLE = 'ﾙｰﾄﾓｼﾞｭｰﾙﾙｰﾄ関連ﾃｰﾌﾞﾙ', US_TITLE = 'ROUTE_MROUTE' WHERE TABLE_ID = 'TBLID_BUSERG' AND UPPER(FIELD_NAME) = 'MENU_FLG2';
UPDATE SM_FIELD_DEF SET JP_TITLE = 'ﾓｼﾞｭｰﾙﾙｰﾄﾃｰﾌﾞﾙ', US_TITLE = 'MROUTE' WHERE TABLE_ID = 'TBLID_BUSERG' AND UPPER(FIELD_NAME) = 'MENU_FLG3';
UPDATE SM_FIELD_DEF SET JP_TITLE = 'ﾓｼﾞｭｰﾙﾙｰﾄ工程関連ﾃｰﾌﾞﾙ', US_TITLE = 'MROUTE_OPE' WHERE TABLE_ID = 'TBLID_BUSERG' AND UPPER(FIELD_NAME) = 'MENU_FLG4';
UPDATE SM_FIELD_DEF SET JP_TITLE = '工程ﾃｰﾌﾞﾙ', US_TITLE = 'OPE' WHERE TABLE_ID = 'TBLID_BUSERG' AND UPPER(FIELD_NAME) = 'MENU_FLG5';
UPDATE SM_FIELD_DEF SET JP_TITLE = 'ﾙｰﾄ接続ﾃｰﾌﾞﾙ', US_TITLE = 'ROUTECNCT' WHERE TABLE_ID = 'TBLID_BUSERG' AND UPPER(FIELD_NAME) = 'MENU_FLG6';
UPDATE SM_FIELD_DEF SET JP_TITLE = '製品ｺｰﾄﾞﾃｰﾌﾞﾙ', US_TITLE = 'PROD' WHERE TABLE_ID = 'TBLID_BUSERG' AND UPPER(FIELD_NAME) = 'MENU_FLG7';
UPDATE SM_FIELD_DEF SET JP_TITLE = '製品ｺｰﾄﾞ･ｺｰﾄﾞﾃｰﾌﾞﾙ', US_TITLE = 'PRODCODE' WHERE TABLE_ID = 'TBLID_BUSERG' AND UPPER(FIELD_NAME) = 'MENU_FLG8';
UPDATE SM_FIELD_DEF SET JP_TITLE = 'ﾗﾍﾞﾙﾌﾟﾘﾝﾀｰﾃｰﾌﾞﾙ', US_TITLE = 'LABEL_PRINTER' WHERE TABLE_ID = 'TBLID_BUSERG' AND UPPER(FIELD_NAME) = 'MENU_FLG9';
UPDATE SM_FIELD_DEF SET JP_TITLE = '印字内容種類ﾃｰﾌﾞﾙ', US_TITLE = 'PRINT_TYPE' WHERE TABLE_ID = 'TBLID_BUSERG' AND UPPER(FIELD_NAME) = 'MENU_FLG10';
UPDATE SM_FIELD_DEF SET JP_TITLE = 'ﾚｼﾋﾟﾙｯｸｱｯﾌﾟﾃｰﾌﾞﾙ', US_TITLE = 'RECIP_LOOKUP' WHERE TABLE_ID = 'TBLID_BUSERG' AND UPPER(FIELD_NAME) = 'MENU_FLG11';
UPDATE SM_FIELD_DEF SET JP_TITLE = 'ﾚｼﾋﾟﾊﾟﾗﾒｰﾀﾃｰﾌﾞﾙ', US_TITLE = 'RECIP_PRAM' WHERE TABLE_ID = 'TBLID_BUSERG' AND UPPER(FIELD_NAME) = 'MENU_FLG12';
UPDATE SM_FIELD_DEF SET JP_TITLE = '装置登録ﾚｼﾋﾟﾃｰﾌﾞﾙ', US_TITLE = 'EQP_RECIP' WHERE TABLE_ID = 'TBLID_BUSERG' AND UPPER(FIELD_NAME) = 'MENU_FLG13';
UPDATE SM_FIELD_DEF SET JP_TITLE = '測定ﾙｯｸｱｯﾌﾟﾃｰﾌﾞﾙ', US_TITLE = 'MEAS_LOOKUP' WHERE TABLE_ID = 'TBLID_BUSERG' AND UPPER(FIELD_NAME) = 'MENU_FLG14';
UPDATE SM_FIELD_DEF SET JP_TITLE = '測定IDﾃｰﾌﾞﾙ', US_TITLE = 'MEAS_ID' WHERE TABLE_ID = 'TBLID_BUSERG' AND UPPER(FIELD_NAME) = 'MENU_FLG15';
UPDATE SM_FIELD_DEF SET JP_TITLE = '測定ID･測定項目関連ﾃｰﾌﾞﾙ', US_TITLE = 'MEAS_ID_ITEM' WHERE TABLE_ID = 'TBLID_BUSERG' AND UPPER(FIELD_NAME) = 'MENU_FLG16';
UPDATE SM_FIELD_DEF SET JP_TITLE = '測定項目ﾃｰﾌﾞﾙ', US_TITLE = 'MEAS_ITEM' WHERE TABLE_ID = 'TBLID_BUSERG' AND UPPER(FIELD_NAME) = 'MENU_FLG17';
UPDATE SM_FIELD_DEF SET JP_TITLE = '製品ｺｰﾄﾞ別測定項目ﾃｰﾌﾞﾙ', US_TITLE = 'MEAS_PROD' WHERE TABLE_ID = 'TBLID_BUSERG' AND UPPER(FIELD_NAME) = 'MENU_FLG18';
UPDATE SM_FIELD_DEF SET JP_TITLE = 'ﾌﾟﾛｾｽﾙｯｸｱｯﾌﾟﾃｰﾌﾞﾙ', US_TITLE = 'PROCDATA_LOOKUP' WHERE TABLE_ID = 'TBLID_BUSERG' AND UPPER(FIELD_NAME) = 'MENU_FLG19';
UPDATE SM_FIELD_DEF SET JP_TITLE = 'ﾌﾟﾛｾｽﾃﾞｰﾀIDﾃｰﾌﾞﾙ', US_TITLE = 'PROCDATA_ID' WHERE TABLE_ID = 'TBLID_BUSERG' AND UPPER(FIELD_NAME) = 'MENU_FLG20';
UPDATE SM_FIELD_DEF SET JP_TITLE = 'ﾌﾟﾛｾｽﾃﾞｰﾀID･項目関連ﾃｰﾌﾞﾙ', US_TITLE = 'PROCDATA_ID_ITEM' WHERE TABLE_ID = 'TBLID_BUSERG' AND UPPER(FIELD_NAME) = 'MENU_FLG21';
UPDATE SM_FIELD_DEF SET JP_TITLE = 'ﾌﾟﾛｾｽﾃﾞｰﾀ項目ﾃｰﾌﾞﾙ', US_TITLE = 'PROCDATA_ITEM' WHERE TABLE_ID = 'TBLID_BUSERG' AND UPPER(FIELD_NAME) = 'MENU_FLG22';
UPDATE SM_FIELD_DEF SET JP_TITLE = 'ﾏﾃﾘｱﾙﾃｰﾌﾞﾙ', US_TITLE = 'MTL_ID' WHERE TABLE_ID = 'TBLID_BUSERG' AND UPPER(FIELD_NAME) = 'MENU_FLG23';
UPDATE SM_FIELD_DEF SET JP_TITLE = 'ﾏﾃﾘｱﾙ･ﾏﾃﾘｱﾙ項目関連ﾃｰﾌﾞﾙ', US_TITLE = 'MTL_ID_ITEM' WHERE TABLE_ID = 'TBLID_BUSERG' AND UPPER(FIELD_NAME) = 'MENU_FLG24';
UPDATE SM_FIELD_DEF SET JP_TITLE = 'ﾏﾃﾘｱﾙ項目ﾃｰﾌﾞﾙ', US_TITLE = 'MTL_ITEM' WHERE TABLE_ID = 'TBLID_BUSERG' AND UPPER(FIELD_NAME) = 'MENU_FLG25';
UPDATE SM_FIELD_DEF SET JP_TITLE = '装置ｸﾞﾙｰﾌﾟﾃｰﾌﾞﾙ', US_TITLE = 'EQPG' WHERE TABLE_ID = 'TBLID_BUSERG' AND UPPER(FIELD_NAME) = 'MENU_FLG26';
UPDATE SM_FIELD_DEF SET JP_TITLE = '装置ｸﾞﾙｰﾌﾟ関連ﾃｰﾌﾞﾙ', US_TITLE = 'EQPG_EQP' WHERE TABLE_ID = 'TBLID_BUSERG' AND UPPER(FIELD_NAME) = 'MENU_FLG27';
UPDATE SM_FIELD_DEF SET JP_TITLE = '装置ﾃｰﾌﾞﾙ', US_TITLE = 'EQP' WHERE TABLE_ID = 'TBLID_BUSERG' AND UPPER(FIELD_NAME) = 'MENU_FLG28';
UPDATE SM_FIELD_DEF SET JP_TITLE = 'ｴﾘｱﾃｰﾌﾞﾙ', US_TITLE = 'AREA' WHERE TABLE_ID = 'TBLID_BUSERG' AND UPPER(FIELD_NAME) = 'MENU_FLG29';
UPDATE SM_FIELD_DEF SET JP_TITLE = '装置ｴﾘｱ関連', US_TITLE = 'EQP_AREA' WHERE TABLE_ID = 'TBLID_BUSERG' AND UPPER(FIELD_NAME) = 'MENU_FLG30';
UPDATE SM_FIELD_DEF SET JP_TITLE = 'ｽﾄｯｶｰｴﾘｱ関連ﾃｰﾌﾞﾙ', US_TITLE = 'STK_AREA' WHERE TABLE_ID = 'TBLID_BUSERG' AND UPPER(FIELD_NAME) = 'MENU_FLG31';
UPDATE SM_FIELD_DEF SET JP_TITLE = 'ｽﾄｯｶｰﾎﾟｰﾄﾃｰﾌﾞﾙ', US_TITLE = 'STKOUTLET' WHERE TABLE_ID = 'TBLID_BUSERG' AND UPPER(FIELD_NAME) = 'MENU_FLG32';
UPDATE SM_FIELD_DEF SET JP_TITLE = 'ｽﾄｯｶｰﾃｰﾌﾞﾙ', US_TITLE = 'STK' WHERE TABLE_ID = 'TBLID_BUSERG' AND UPPER(FIELD_NAME) = 'MENU_FLG33';
UPDATE SM_FIELD_DEF SET JP_TITLE = '{"空ｷｬﾘｱ搬送ｽｹｼﾞｭｰﾙﾃｰﾌﾞﾙ', US_TITLE = 'EMPCAR_SC' WHERE TABLE_ID = 'TBLID_BUSERG' AND UPPER(FIELD_NAME) = 'MENU_FLG34';
UPDATE SM_FIELD_DEF SET JP_TITLE = '{"ﾒﾆｭｰﾌﾗｸﾞ34', US_TITLE = 'MENU_FLG 34' WHERE TABLE_ID = 'TBLID_BUSERG' AND UPPER(FIELD_NAME) = 'MENU_FLG34';
UPDATE SM_FIELD_DEF SET JP_TITLE = '{"ｶｾｯﾄｸﾞﾙｰﾌﾟﾃｰﾌﾞﾙ', US_TITLE = 'CARG' WHERE TABLE_ID = 'TBLID_BUSERG' AND UPPER(FIELD_NAME) = 'MENU_FLG35';
UPDATE SM_FIELD_DEF SET JP_TITLE = '{"作業者ﾃｰﾌﾞﾙ', US_TITLE = 'USER' WHERE TABLE_ID = 'TBLID_BUSERG' AND UPPER(FIELD_NAME) = 'MENU_FLG36';
UPDATE SM_FIELD_DEF SET JP_TITLE = '{"ﾒｰﾙ通知先ﾃｰﾌﾞﾙ', US_TITLE = 'EQP_MAILADRESS' WHERE TABLE_ID = 'TBLID_BUSERG' AND UPPER(FIELD_NAME) = 'MENU_FLG37';
UPDATE SM_FIELD_DEF SET JP_TITLE = '{"ｺｰﾄﾞﾃｰﾌﾞﾙ', US_TITLE = 'CODE' WHERE TABLE_ID = 'TBLID_BUSERG' AND UPPER(FIELD_NAME) = 'MENU_FLG38';
UPDATE SM_FIELD_DEF SET JP_TITLE = '{"ﾎｰﾙﾄﾞ理由ｺｰﾄﾞﾃｰﾌﾞﾙ', US_TITLE = 'HOLDCODE' WHERE TABLE_ID = 'TBLID_BUSERG' AND UPPER(FIELD_NAME) = 'MENU_FLG39';
UPDATE SM_FIELD_DEF SET JP_TITLE = '{"不合格理由ｺｰﾄﾞﾃｰﾌﾞﾙ', US_TITLE = 'REJECTCODE' WHERE TABLE_ID = 'TBLID_BUSERG' AND UPPER(FIELD_NAME) = 'MENU_FLG40';
UPDATE SM_FIELD_DEF SET JP_TITLE = '{"不合格理由ｺｰﾄﾞｽﾃｰｼﾞｸﾞﾙｰﾌﾟﾃｰﾌﾞﾙ', US_TITLE = 'REJECTCODE_STGG' WHERE TABLE_ID = 'TBLID_BUSERG' AND UPPER(FIELD_NAME) = 'MENU_FLG41';
UPDATE SM_FIELD_DEF SET JP_TITLE = '{"不合格理由ｺｰﾄﾞｽﾃｰｼﾞｸﾞﾙｰﾌﾟ関連ﾃｰﾌﾞﾙ', US_TITLE = 'REJECTCODE_STGG_STG' WHERE TABLE_ID = 'TBLID_BUSERG' AND UPPER(FIELD_NAME) = 'MENU_FLG42';
UPDATE SM_FIELD_DEF SET JP_TITLE = '{"不合格理由ｺｰﾄﾞｽﾃｰｼﾞﾃｰﾌﾞﾙ', US_TITLE = 'REJECTCODE_STG' WHERE TABLE_ID = 'TBLID_BUSERG' AND UPPER(FIELD_NAME) = 'MENU_FLG43';
UPDATE SM_FIELD_DEF SET JP_TITLE = '{"ｶﾚﾝﾀﾞﾃｰﾌﾞﾙ', US_TITLE = 'CALND' WHERE TABLE_ID = 'TBLID_BUSERG' AND UPPER(FIELD_NAME) = 'MENU_FLG44';
UPDATE SM_FIELD_DEF SET JP_TITLE = '{"検査判定ﾃｰﾌﾞﾙ', US_TITLE = 'INSPJDG' WHERE TABLE_ID = 'TBLID_BUSERG' AND UPPER(FIELD_NAME) = 'MENU_FLG45';
UPDATE SM_FIELD_DEF SET JP_TITLE = '{"Qﾀｲﾑﾃｰﾌﾞﾙ', US_TITLE = 'QTIME' WHERE TABLE_ID = 'TBLID_BUSERG' AND UPPER(FIELD_NAME) = 'MENU_FLG46';
UPDATE SM_FIELD_DEF SET JP_TITLE = '{"ｽﾃｰｼﾞｸﾞﾙｰﾌﾟﾃｰﾌﾞﾙ', US_TITLE = 'STGG' WHERE TABLE_ID = 'TBLID_BUSERG' AND UPPER(FIELD_NAME) = 'MENU_FLG47';
UPDATE SM_FIELD_DEF SET JP_TITLE = '{"ｽﾃｰｼﾞｸﾞﾙｰﾌﾟ関連ﾃｰﾌﾞﾙ', US_TITLE = 'STGG_STG' WHERE TABLE_ID = 'TBLID_BUSERG' AND UPPER(FIELD_NAME) = 'MENU_FLG48';
UPDATE SM_FIELD_DEF SET JP_TITLE = '{"ｽﾃｰｼﾞﾃｰﾌﾞﾙ', US_TITLE = 'STG' WHERE TABLE_ID = 'TBLID_BUSERG' AND UPPER(FIELD_NAME) = 'MENU_FLG49';
UPDATE SM_FIELD_DEF SET JP_TITLE = '{"EPﾓﾆﾀ編成ﾏｽﾀｰ', US_TITLE = 'EPMONI' WHERE TABLE_ID = 'TBLID_BUSERG' AND UPPER(FIELD_NAME) = 'MENU_FLG50';
UPDATE SM_FIELD_DEF SET JP_TITLE = '{"検査試料構成ﾃｰﾌﾞﾙ', US_TITLE = 'PWSMPLCASETCON' WHERE TABLE_ID = 'TBLID_BUSERG' AND UPPER(FIELD_NAME) = 'MENU_FLG51';
UPDATE SM_FIELD_DEF SET JP_TITLE = '{"検査用途ﾃｰﾌﾞﾙ', US_TITLE = 'INSPUSED' WHERE TABLE_ID = 'TBLID_BUSERG' AND UPPER(FIELD_NAME) = 'MENU_FLG52';
UPDATE SM_FIELD_DEF SET JP_TITLE = '{"ｼｽﾃﾑ定義ﾃｰﾌﾞﾙ', US_TITLE = 'SYSTEM_DEF' WHERE TABLE_ID = 'TBLID_BUSERG' AND UPPER(FIELD_NAME) = 'MENU_FLG53';
UPDATE SM_FIELD_DEF SET JP_TITLE = '{"CZ_ITEMIZED_LIST定義ﾃｰﾌﾞﾙ', US_TITLE = 'CZ_ITEMIZED_DEF' WHERE TABLE_ID = 'TBLID_BUSERG' AND UPPER(FIELD_NAME) = 'MENU_FLG54';
UPDATE SM_FIELD_DEF SET JP_TITLE = '{"SLICE_ITEMIZED_LIST定義ﾃｰﾌﾞﾙ', US_TITLE = 'SLICE_ITEMIZED_DEF' WHERE TABLE_ID = 'TBLID_BUSERG' AND UPPER(FIELD_NAME) = 'MENU_FLG55';
UPDATE SM_FIELD_DEF SET JP_TITLE = '{"業務ｸﾞﾙｰﾌﾟﾃｰﾌﾞﾙ', US_TITLE = 'USERG' WHERE TABLE_ID = 'TBLID_BUSERG' AND UPPER(FIELD_NAME) = 'MENU_FLG56';
UPDATE SM_FIELD_DEF SET JP_TITLE = '{"ﾘﾘｰｽﾙｰﾄﾃｰﾌﾞﾙ', US_TITLE = 'RL_ROUTE' WHERE TABLE_ID = 'TBLID_BUSERG' AND UPPER(FIELD_NAME) = 'MENU_FLG57';
UPDATE SM_FIELD_DEF SET JP_TITLE = '{"ｲﾍﾞﾝﾄﾛｸﾞﾃｰﾌﾞﾙ', US_TITLE = 'EVTLOG' WHERE TABLE_ID = 'TBLID_BUSERG' AND UPPER(FIELD_NAME) = 'MENU_FLG58';
UPDATE SM_FIELD_DEF SET JP_TITLE = '{"ｼｽﾃﾑﾃﾞｰﾀﾃｰﾌﾞﾙ', US_TITLE = 'SYSDATA' WHERE TABLE_ID = 'TBLID_BUSERG' AND UPPER(FIELD_NAME) = 'MENU_FLG59';
UPDATE SM_FIELD_DEF SET JP_TITLE = '{"ｲﾝﾗｲﾝ/先行評価ﾛｯﾄ管理ﾃｰﾌﾞﾙ', US_TITLE = 'IL_PRE_CTRL' WHERE TABLE_ID = 'TBLID_BUSERG' AND UPPER(FIELD_NAME) = 'MENU_FLG60';
UPDATE SM_FIELD_DEF SET JP_TITLE = '{"ﾒﾆｭｰﾌﾗｸﾞ60', US_TITLE = 'MENU_FLG 60' WHERE TABLE_ID = 'TBLID_BUSERG' AND UPPER(FIELD_NAME) = 'MENU_FLG60';
UPDATE SM_FIELD_DEF SET JP_TITLE = '{"一般ﾊﾞｯﾁ編成ﾃｰﾌﾞﾙ', US_TITLE = 'COM_BATCH' WHERE TABLE_ID = 'TBLID_BUSERG' AND UPPER(FIELD_NAME) = 'MENU_FLG61';
UPDATE SM_FIELD_DEF SET JP_TITLE = '{"一般ﾊﾞｯﾁﾓﾆﾀ編成ﾃｰﾌﾞﾙ', US_TITLE = 'COM_MON_BATCH' WHERE TABLE_ID = 'TBLID_BUSERG' AND UPPER(FIELD_NAME) = 'MENU_FLG62';
UPDATE SM_FIELD_DEF SET JP_TITLE = '{"先行評価ﾀｰｹﾞｯﾄ測定ﾃｰﾌﾞﾙ', US_TITLE = 'PRE_TARGET_MS' WHERE TABLE_ID = 'TBLID_BUSERG' AND UPPER(FIELD_NAME) = 'MENU_FLG63';
UPDATE SM_FIELD_DEF SET JP_TITLE = '{"製品ｺｰﾄﾞ別ﾏﾃﾘｱﾙﾃｰﾌﾞﾙ', US_TITLE = 'MTL_PROD' WHERE TABLE_ID = 'TBLID_BUSERG' AND UPPER(FIELD_NAME) = 'MENU_FLG64';
UPDATE SM_FIELD_DEF SET JP_TITLE = '{"装置･ﾏﾃﾘｱﾙ関連ﾃｰﾌﾞﾙ', US_TITLE = 'EQP_MTL' WHERE TABLE_ID = 'TBLID_BUSERG' AND UPPER(FIELD_NAME) = 'MENU_FLG65';
UPDATE SM_FIELD_DEF SET JP_TITLE = '{"ｶｾｯﾄﾀｲﾌﾟﾃｰﾌﾞﾙ', US_TITLE = 'CARTYPE' WHERE TABLE_ID = 'TBLID_BUSERG' AND UPPER(FIELD_NAME) = 'MENU_FLG66';
UPDATE SM_FIELD_DEF SET JP_TITLE = '{"号機変換ﾏｽﾀﾃｰﾌﾞﾙ', US_TITLE = 'MAC_NUM_CONV' WHERE TABLE_ID = 'TBLID_BUSERG' AND UPPER(FIELD_NAME) = 'MENU_FLG67';
UPDATE SM_FIELD_DEF SET JP_TITLE = '{"LMｸﾞﾙｰﾌﾟﾃｰﾌﾞﾙ', US_TITLE = 'LMG' WHERE TABLE_ID = 'TBLID_BUSERG' AND UPPER(FIELD_NAME) = 'MENU_FLG68';
UPDATE SM_FIELD_DEF SET JP_TITLE = '{"LM採番ﾊﾟﾀｰﾝﾃｰﾌﾞﾙ', US_TITLE = 'LM_PTN' WHERE TABLE_ID = 'TBLID_BUSERG' AND UPPER(FIELD_NAME) = 'MENU_FLG69';
UPDATE SM_FIELD_DEF SET JP_TITLE = '{"FTP情報ﾃｰﾌﾞﾙ', US_TITLE = 'FTPINFO' WHERE TABLE_ID = 'TBLID_BUSERG' AND UPPER(FIELD_NAME) = 'MENU_FLG70';
UPDATE SM_FIELD_DEF SET JP_TITLE = '{"RP時再抜用検査用途ﾃｰﾌﾞﾙ', US_TITLE = 'RP_INSP_USED' WHERE TABLE_ID = 'TBLID_BUSERG' AND UPPER(FIELD_NAME) = 'MENU_FLG71';
UPDATE SM_FIELD_DEF SET JP_TITLE = '{"搬送ﾎﾟｰﾄ定義ﾃｰﾌﾞﾙ', US_TITLE = 'CARRY_PORT_DEF' WHERE TABLE_ID = 'TBLID_BUSERG' AND UPPER(FIELD_NAME) = 'MENU_FLG72';
UPDATE SM_FIELD_DEF SET JP_TITLE = '{"RP時再抜用検査用途ﾃｰﾌﾞﾙ', US_TITLE = 'RP_INSP_USED' WHERE TABLE_ID = 'TBLID_BUSERG' AND UPPER(FIELD_NAME) = 'MENU_FLG71';
UPDATE SM_FIELD_DEF SET JP_TITLE = '{"ﾒﾆｭｰﾌﾗｸﾞ71', US_TITLE = 'MENU_FLG 71' WHERE TABLE_ID = 'TBLID_BUSERG' AND UPPER(FIELD_NAME) = 'MENU_FLG71';
UPDATE SM_FIELD_DEF SET JP_TITLE = '{"ﾒﾆｭｰﾌﾗｸﾞ72', US_TITLE = 'MENU_FLG 72' WHERE TABLE_ID = 'TBLID_BUSERG' AND UPPER(FIELD_NAME) = 'MENU_FLG72';
UPDATE SM_FIELD_DEF SET JP_TITLE = '{"空ｶｾｯﾄ搬送ｽｹｼﾞｭｰﾙﾃｰﾌﾞﾙ', US_TITLE = 'EMPCAR_SC' WHERE TABLE_ID = 'TBLID_BUSERG' AND UPPER(FIELD_NAME) = 'MENU_FLG73';
UPDATE SM_FIELD_DEF SET JP_TITLE = '{"装置ﾎﾟｰﾄﾃｰﾌﾞﾙ', US_TITLE = 'EQPRT' WHERE TABLE_ID = 'TBLID_BUSERG' AND UPPER(FIELD_NAME) = 'MENU_FLG74';
UPDATE SM_FIELD_DEF SET JP_TITLE = '{"空ｶｾｯﾄ搬送先ﾃｰﾌﾞﾙ', US_TITLE = 'EMP_CARRY_PORT' WHERE TABLE_ID = 'TBLID_BUSERG' AND UPPER(FIELD_NAME) = 'MENU_FLG75';
UPDATE SM_FIELD_DEF SET JP_TITLE = '{"工程ﾓﾆﾀﾛｯﾄ自動投入情報管理ﾃｰﾌﾞﾙ', US_TITLE = 'OPEMONI_INPUT_ADMIN' WHERE TABLE_ID = 'TBLID_BUSERG' AND UPPER(FIELD_NAME) = 'MENU_FLG76';
UPDATE SM_FIELD_DEF SET JP_TITLE = '{"ﾀﾞﾐｰｳｪｰﾊ枚数設定ﾃｰﾌﾞﾙ', US_TITLE = 'DUMMY_WAF_SET' WHERE TABLE_ID = 'TBLID_BUSERG' AND UPPER(FIELD_NAME) = 'MENU_FLG77';
UPDATE SM_FIELD_DEF SET JP_TITLE = '{"装置作業者管理ﾃｰﾌﾞﾙ', US_TITLE = 'EQP_USER' WHERE TABLE_ID = 'TBLID_BUSERG' AND UPPER(FIELD_NAME) = 'MENU_FLG78';
UPDATE SM_FIELD_DEF SET JP_TITLE = '{"ﾒﾆｭｰﾌﾗｸﾞ73', US_TITLE = 'MENU_FLG 73' WHERE TABLE_ID = 'TBLID_BUSERG' AND UPPER(FIELD_NAME) = 'MENU_FLG73';
UPDATE SM_FIELD_DEF SET JP_TITLE = '{"ﾒﾆｭｰﾌﾗｸﾞ74', US_TITLE = 'MENU_FLG 74' WHERE TABLE_ID = 'TBLID_BUSERG' AND UPPER(FIELD_NAME) = 'MENU_FLG74';
UPDATE SM_FIELD_DEF SET JP_TITLE = '{"ﾒﾆｭｰﾌﾗｸﾞ75', US_TITLE = 'MENU_FLG 75' WHERE TABLE_ID = 'TBLID_BUSERG' AND UPPER(FIELD_NAME) = 'MENU_FLG75';
UPDATE SM_FIELD_DEF SET JP_TITLE = '{"ﾒﾆｭｰﾌﾗｸﾞ76', US_TITLE = 'MENU_FLG 76' WHERE TABLE_ID = 'TBLID_BUSERG' AND UPPER(FIELD_NAME) = 'MENU_FLG76';
UPDATE SM_FIELD_DEF SET JP_TITLE = '{"ﾒﾆｭｰﾌﾗｸﾞ77', US_TITLE = 'MENU_FLG 77' WHERE TABLE_ID = 'TBLID_BUSERG' AND UPPER(FIELD_NAME) = 'MENU_FLG77';
UPDATE SM_FIELD_DEF SET JP_TITLE = '{"ﾒﾆｭｰﾌﾗｸﾞ78', US_TITLE = 'MENU_FLG 78' WHERE TABLE_ID = 'TBLID_BUSERG' AND UPPER(FIELD_NAME) = 'MENU_FLG78';
UPDATE SM_FIELD_DEF SET JP_TITLE = '{"ｽﾄｯｶｰ･ｶｾｯﾄｸﾞﾙｰﾌﾟﾃｰﾌﾞﾙ', US_TITLE = 'STK_CARG' WHERE TABLE_ID = 'TBLID_BUSERG' AND UPPER(FIELD_NAME) = 'MENU_FLG79';
UPDATE SM_FIELD_DEF SET JP_TITLE = '{"ﾒﾆｭｰﾌﾗｸﾞ79', US_TITLE = 'MENU_FLG 79' WHERE TABLE_ID = 'TBLID_BUSERG' AND UPPER(FIELD_NAME) = 'MENU_FLG79';
UPDATE SM_FIELD_DEF SET JP_TITLE = '{"ﾒﾆｭｰﾌﾗｸﾞ80', US_TITLE = 'MENU_FLG 80' WHERE TABLE_ID = 'TBLID_BUSERG' AND UPPER(FIELD_NAME) = 'MENU_FLG80';
UPDATE SM_FIELD_DEF SET JP_TITLE = '{"ﾒﾆｭｰﾌﾗｸﾞ81', US_TITLE = 'MENU_FLG 81' WHERE TABLE_ID = 'TBLID_BUSERG' AND UPPER(FIELD_NAME) = 'MENU_FLG81';
UPDATE SM_FIELD_DEF SET JP_TITLE = '{"ﾒﾆｭｰﾌﾗｸﾞ82', US_TITLE = 'MENU_FLG 82' WHERE TABLE_ID = 'TBLID_BUSERG' AND UPPER(FIELD_NAME) = 'MENU_FLG82';
UPDATE SM_FIELD_DEF SET JP_TITLE = '{"製品ｺｰﾄﾞ別ﾏﾃﾘｱﾙ装着管理ﾃｰﾌﾞﾙ', US_TITLE = 'MTL_PROD_FIT' WHERE TABLE_ID = 'TBLID_BUSERG' AND UPPER(FIELD_NAME) = 'MENU_FLG80';
UPDATE SM_FIELD_DEF SET JP_TITLE = '{"製品ｺｰﾄﾞﾃｰﾌﾞﾙ2', US_TITLE = 'PROD_02' WHERE TABLE_ID = 'TBLID_BUSERG' AND UPPER(FIELD_NAME) = 'MENU_FLG81';
UPDATE SM_FIELD_DEF SET JP_TITLE = '{"DSPｴﾘｱ別搬送先ﾃｰﾌﾞﾙ', US_TITLE = 'CARRY_PORT_DSP_AREA' WHERE TABLE_ID = 'TBLID_BUSERG' AND UPPER(FIELD_NAME) = 'MENU_FLG82';
UPDATE SM_FIELD_DEF SET JP_TITLE = '{"ﾒﾆｭｰﾌﾗｸﾞ83', US_TITLE = 'MENU_FLG 83' WHERE TABLE_ID = 'TBLID_BUSERG' AND UPPER(FIELD_NAME) = 'MENU_FLG83';
UPDATE SM_FIELD_DEF SET JP_TITLE = '{"EP検査頻度設定ﾃｰﾌﾞﾙ', US_TITLE = 'EP_MEAS_NUM' WHERE TABLE_ID = 'TBLID_BUSERG' AND UPPER(FIELD_NAME) = 'MENU_FLG83';
UPDATE SM_FIELD_DEF SET JP_TITLE = '{"ﾒﾆｭｰﾌﾗｸﾞ84', US_TITLE = 'MENU_FLG 84' WHERE TABLE_ID = 'TBLID_BUSERG' AND UPPER(FIELD_NAME) = 'MENU_FLG84';
UPDATE SM_FIELD_DEF SET JP_TITLE = '{"転用可能元製品コードテーブル', US_TITLE = 'PROD_DIV_ORG' WHERE TABLE_ID = 'TBLID_BUSERG' AND UPPER(FIELD_NAME) = 'MENU_FLG84';
UPDATE SM_FIELD_DEF SET JP_TITLE = '{"ﾒﾆｭｰﾌﾗｸﾞ85', US_TITLE = 'MENU_FLG 85' WHERE TABLE_ID = 'TBLID_BUSERG' AND UPPER(FIELD_NAME) = 'MENU_FLG85';
UPDATE SM_FIELD_DEF SET JP_TITLE = '{"マルチレシピ設定テーブル', US_TITLE = 'MULTI_RECIP_SET' WHERE TABLE_ID = 'TBLID_BUSERG' AND UPPER(FIELD_NAME) = 'MENU_FLG85';
UPDATE SM_FIELD_DEF SET JP_TITLE = '{"ﾒﾆｭｰﾌﾗｸﾞ86', US_TITLE = 'MENU_FLG 86' WHERE TABLE_ID = 'TBLID_BUSERG' AND UPPER(FIELD_NAME) = 'MENU_FLG86';
UPDATE SM_FIELD_DEF SET JP_TITLE = '{"ﾒﾆｭｰﾌﾗｸﾞ87', US_TITLE = 'MENU_FLG 87' WHERE TABLE_ID = 'TBLID_BUSERG' AND UPPER(FIELD_NAME) = 'MENU_FLG87';
UPDATE SM_FIELD_DEF SET JP_TITLE = '{"ﾒﾆｭｰﾌﾗｸﾞ88', US_TITLE = 'MENU_FLG 88' WHERE TABLE_ID = 'TBLID_BUSERG' AND UPPER(FIELD_NAME) = 'MENU_FLG88';
UPDATE SM_FIELD_DEF SET JP_TITLE = '{"ﾒﾆｭｰﾌﾗｸﾞ89', US_TITLE = 'MENU_FLG 89' WHERE TABLE_ID = 'TBLID_BUSERG' AND UPPER(FIELD_NAME) = 'MENU_FLG89';
UPDATE SM_FIELD_DEF SET JP_TITLE = '{"ﾒﾆｭｰﾌﾗｸﾞ90', US_TITLE = 'MENU_FLG 90' WHERE TABLE_ID = 'TBLID_BUSERG' AND UPPER(FIELD_NAME) = 'MENU_FLG90';
UPDATE SM_FIELD_DEF SET JP_TITLE = '{"ﾒﾆｭｰﾌﾗｸﾞ91', US_TITLE = 'MENU_FLG 91' WHERE TABLE_ID = 'TBLID_BUSERG' AND UPPER(FIELD_NAME) = 'MENU_FLG91';
UPDATE SM_FIELD_DEF SET JP_TITLE = '{"ﾒﾆｭｰﾌﾗｸﾞ92', US_TITLE = 'MENU_FLG 92' WHERE TABLE_ID = 'TBLID_BUSERG' AND UPPER(FIELD_NAME) = 'MENU_FLG92';
UPDATE SM_FIELD_DEF SET JP_TITLE = '{"ﾒﾆｭｰﾌﾗｸﾞ93', US_TITLE = 'MENU_FLG 93' WHERE TABLE_ID = 'TBLID_BUSERG' AND UPPER(FIELD_NAME) = 'MENU_FLG93';
UPDATE SM_FIELD_DEF SET JP_TITLE = '{"ﾒﾆｭｰﾌﾗｸﾞ94', US_TITLE = 'MENU_FLG 94' WHERE TABLE_ID = 'TBLID_BUSERG' AND UPPER(FIELD_NAME) = 'MENU_FLG94';
UPDATE SM_FIELD_DEF SET JP_TITLE = '{"ﾒﾆｭｰﾌﾗｸﾞ95', US_TITLE = 'MENU_FLG 95' WHERE TABLE_ID = 'TBLID_BUSERG' AND UPPER(FIELD_NAME) = 'MENU_FLG95';
UPDATE SM_FIELD_DEF SET JP_TITLE = '{"ﾒﾆｭｰﾌﾗｸﾞ96', US_TITLE = 'MENU_FLG 96' WHERE TABLE_ID = 'TBLID_BUSERG' AND UPPER(FIELD_NAME) = 'MENU_FLG96';
UPDATE SM_FIELD_DEF SET JP_TITLE = '{"ﾒﾆｭｰﾌﾗｸﾞ97', US_TITLE = 'MENU_FLG 97' WHERE TABLE_ID = 'TBLID_BUSERG' AND UPPER(FIELD_NAME) = 'MENU_FLG97';
UPDATE SM_FIELD_DEF SET JP_TITLE = '{"ﾒﾆｭｰﾌﾗｸﾞ98', US_TITLE = 'MENU_FLG 98' WHERE TABLE_ID = 'TBLID_BUSERG' AND UPPER(FIELD_NAME) = 'MENU_FLG98';
UPDATE SM_FIELD_DEF SET JP_TITLE = '{"ﾒﾆｭｰﾌﾗｸﾞ99', US_TITLE = 'MENU_FLG 99' WHERE TABLE_ID = 'TBLID_BUSERG' AND UPPER(FIELD_NAME) = 'MENU_FLG99';
UPDATE SM_FIELD_DEF SET JP_TITLE = '{"ﾒﾆｭｰﾌﾗｸﾞ100', US_TITLE = 'MENU_FLG 100' WHERE TABLE_ID = 'TBLID_BUSERG' AND UPPER(FIELD_NAME) = 'MENU_FLG100';
UPDATE SM_FIELD_DEF SET JP_TITLE = '{"ﾒﾆｭｰﾌﾗｸﾞ101', US_TITLE = 'MENU_FLG 101' WHERE TABLE_ID = 'TBLID_BUSERG' AND UPPER(FIELD_NAME) = 'MENU_FLG101';
UPDATE SM_FIELD_DEF SET JP_TITLE = '{"ﾒﾆｭｰﾌﾗｸﾞ102', US_TITLE = 'MENU_FLG 102' WHERE TABLE_ID = 'TBLID_BUSERG' AND UPPER(FIELD_NAME) = 'MENU_FLG102';
UPDATE SM_FIELD_DEF SET JP_TITLE = '{"ﾒﾆｭｰﾌﾗｸﾞ103', US_TITLE = 'MENU_FLG 103' WHERE TABLE_ID = 'TBLID_BUSERG' AND UPPER(FIELD_NAME) = 'MENU_FLG103';
UPDATE SM_FIELD_DEF SET JP_TITLE = '{"ﾒﾆｭｰﾌﾗｸﾞ104', US_TITLE = 'MENU_FLG 104' WHERE TABLE_ID = 'TBLID_BUSERG' AND UPPER(FIELD_NAME) = 'MENU_FLG104';
UPDATE SM_FIELD_DEF SET JP_TITLE = '{"ﾒﾆｭｰﾌﾗｸﾞ105', US_TITLE = 'MENU_FLG 105' WHERE TABLE_ID = 'TBLID_BUSERG' AND UPPER(FIELD_NAME) = 'MENU_FLG105';
UPDATE SM_FIELD_DEF SET JP_TITLE = '{"ﾒﾆｭｰﾌﾗｸﾞ106', US_TITLE = 'MENU_FLG 106' WHERE TABLE_ID = 'TBLID_BUSERG' AND UPPER(FIELD_NAME) = 'MENU_FLG106';
UPDATE SM_FIELD_DEF SET JP_TITLE = '{"ﾒﾆｭｰﾌﾗｸﾞ107', US_TITLE = 'MENU_FLG 107' WHERE TABLE_ID = 'TBLID_BUSERG' AND UPPER(FIELD_NAME) = 'MENU_FLG107';
UPDATE SM_FIELD_DEF SET JP_TITLE = '{"ﾒﾆｭｰﾌﾗｸﾞ108', US_TITLE = 'MENU_FLG 108' WHERE TABLE_ID = 'TBLID_BUSERG' AND UPPER(FIELD_NAME) = 'MENU_FLG108';
UPDATE SM_FIELD_DEF SET JP_TITLE = '{"ﾒﾆｭｰﾌﾗｸﾞ109', US_TITLE = 'MENU_FLG 109' WHERE TABLE_ID = 'TBLID_BUSERG' AND UPPER(FIELD_NAME) = 'MENU_FLG109';
UPDATE SM_FIELD_DEF SET JP_TITLE = '{"ﾒﾆｭｰﾌﾗｸﾞ110', US_TITLE = 'MENU_FLG 110' WHERE TABLE_ID = 'TBLID_BUSERG' AND UPPER(FIELD_NAME) = 'MENU_FLG110';
UPDATE SM_FIELD_DEF SET JP_TITLE = '{"ﾒﾆｭｰﾌﾗｸﾞ111', US_TITLE = 'MENU_FLG 111' WHERE TABLE_ID = 'TBLID_BUSERG' AND UPPER(FIELD_NAME) = 'MENU_FLG111';
UPDATE SM_FIELD_DEF SET JP_TITLE = '{"ﾒﾆｭｰﾌﾗｸﾞ112', US_TITLE = 'MENU_FLG 112' WHERE TABLE_ID = 'TBLID_BUSERG' AND UPPER(FIELD_NAME) = 'MENU_FLG112';
UPDATE SM_FIELD_DEF SET JP_TITLE = '{"ﾒﾆｭｰﾌﾗｸﾞ113', US_TITLE = 'MENU_FLG 113' WHERE TABLE_ID = 'TBLID_BUSERG' AND UPPER(FIELD_NAME) = 'MENU_FLG113';
UPDATE SM_FIELD_DEF SET JP_TITLE = '{"ﾒﾆｭｰﾌﾗｸﾞ114', US_TITLE = 'MENU_FLG 114' WHERE TABLE_ID = 'TBLID_BUSERG' AND UPPER(FIELD_NAME) = 'MENU_FLG114';
UPDATE SM_FIELD_DEF SET JP_TITLE = '{"ﾒﾆｭｰﾌﾗｸﾞ115', US_TITLE = 'MENU_FLG 115' WHERE TABLE_ID = 'TBLID_BUSERG' AND UPPER(FIELD_NAME) = 'MENU_FLG115';
UPDATE SM_FIELD_DEF SET JP_TITLE = '{"ﾒﾆｭｰﾌﾗｸﾞ116', US_TITLE = 'MENU_FLG 116' WHERE TABLE_ID = 'TBLID_BUSERG' AND UPPER(FIELD_NAME) = 'MENU_FLG116';
UPDATE SM_FIELD_DEF SET JP_TITLE = '{"ﾒﾆｭｰﾌﾗｸﾞ117', US_TITLE = 'MENU_FLG 117' WHERE TABLE_ID = 'TBLID_BUSERG' AND UPPER(FIELD_NAME) = 'MENU_FLG117';
UPDATE SM_FIELD_DEF SET JP_TITLE = '{"ﾒﾆｭｰﾌﾗｸﾞ118', US_TITLE = 'MENU_FLG 118' WHERE TABLE_ID = 'TBLID_BUSERG' AND UPPER(FIELD_NAME) = 'MENU_FLG118';
UPDATE SM_FIELD_DEF SET JP_TITLE = '{"ﾒﾆｭｰﾌﾗｸﾞ119', US_TITLE = 'MENU_FLG 119' WHERE TABLE_ID = 'TBLID_BUSERG' AND UPPER(FIELD_NAME) = 'MENU_FLG119';
UPDATE SM_FIELD_DEF SET JP_TITLE = '{"ﾒﾆｭｰﾌﾗｸﾞ120', US_TITLE = 'MENU_FLG 120' WHERE TABLE_ID = 'TBLID_BUSERG' AND UPPER(FIELD_NAME) = 'MENU_FLG120';
UPDATE SM_FIELD_DEF SET JP_TITLE = '{"ﾒﾆｭｰﾌﾗｸﾞ121', US_TITLE = 'MENU_FLG 121' WHERE TABLE_ID = 'TBLID_BUSERG' AND UPPER(FIELD_NAME) = 'MENU_FLG121';
UPDATE SM_FIELD_DEF SET JP_TITLE = '{"ﾒﾆｭｰﾌﾗｸﾞ122', US_TITLE = 'MENU_FLG 122' WHERE TABLE_ID = 'TBLID_BUSERG' AND UPPER(FIELD_NAME) = 'MENU_FLG122';
UPDATE SM_FIELD_DEF SET JP_TITLE = '{"ﾒﾆｭｰﾌﾗｸﾞ123', US_TITLE = 'MENU_FLG 123' WHERE TABLE_ID = 'TBLID_BUSERG' AND UPPER(FIELD_NAME) = 'MENU_FLG123';
UPDATE SM_FIELD_DEF SET JP_TITLE = '{"ﾒﾆｭｰﾌﾗｸﾞ124', US_TITLE = 'MENU_FLG 124' WHERE TABLE_ID = 'TBLID_BUSERG' AND UPPER(FIELD_NAME) = 'MENU_FLG124';
UPDATE SM_FIELD_DEF SET JP_TITLE = '{"ﾒﾆｭｰﾌﾗｸﾞ125', US_TITLE = 'MENU_FLG 125' WHERE TABLE_ID = 'TBLID_BUSERG' AND UPPER(FIELD_NAME) = 'MENU_FLG125';
UPDATE SM_FIELD_DEF SET JP_TITLE = '{"ﾒﾆｭｰﾌﾗｸﾞ126', US_TITLE = 'MENU_FLG 126' WHERE TABLE_ID = 'TBLID_BUSERG' AND UPPER(FIELD_NAME) = 'MENU_FLG126';
UPDATE SM_FIELD_DEF SET JP_TITLE = '{"ﾒﾆｭｰﾌﾗｸﾞ127', US_TITLE = 'MENU_FLG 127' WHERE TABLE_ID = 'TBLID_BUSERG' AND UPPER(FIELD_NAME) = 'MENU_FLG127';
UPDATE SM_FIELD_DEF SET JP_TITLE = '{"ﾒﾆｭｰﾌﾗｸﾞ128', US_TITLE = 'MENU_FLG 128' WHERE TABLE_ID = 'TBLID_BUSERG' AND UPPER(FIELD_NAME) = 'MENU_FLG128';
UPDATE SM_FIELD_DEF SET JP_TITLE = '空ｶｾｯﾄ搬送ｽｹｼﾞｭｰﾙﾃｰﾌﾞﾙ', US_TITLE = 'EMPCAR_SC' WHERE TABLE_ID = 'TBLID_BUSERG' AND UPPER(FIELD_NAME) = 'MENU_FLG34';
UPDATE SM_FIELD_DEF SET JP_TITLE = 'ｶｾｯﾄｸﾞﾙｰﾌﾟﾃｰﾌﾞﾙ', US_TITLE = 'CARG' WHERE TABLE_ID = 'TBLID_BUSERG' AND UPPER(FIELD_NAME) = 'MENU_FLG35';
UPDATE SM_FIELD_DEF SET JP_TITLE = '作業者ﾃｰﾌﾞﾙ', US_TITLE = 'USER' WHERE TABLE_ID = 'TBLID_BUSERG' AND UPPER(FIELD_NAME) = 'MENU_FLG36';
UPDATE SM_FIELD_DEF SET JP_TITLE = 'ﾒｰﾙ通知先ﾃｰﾌﾞﾙ', US_TITLE = 'EQP_MAILADRESS' WHERE TABLE_ID = 'TBLID_BUSERG' AND UPPER(FIELD_NAME) = 'MENU_FLG37';
UPDATE SM_FIELD_DEF SET JP_TITLE = 'ｺｰﾄﾞﾃｰﾌﾞﾙ', US_TITLE = 'CODE' WHERE TABLE_ID = 'TBLID_BUSERG' AND UPPER(FIELD_NAME) = 'MENU_FLG38';
UPDATE SM_FIELD_DEF SET JP_TITLE = 'ﾎｰﾙﾄﾞ理由ｺｰﾄﾞﾃｰﾌﾞﾙ', US_TITLE = 'HOLDCODE' WHERE TABLE_ID = 'TBLID_BUSERG' AND UPPER(FIELD_NAME) = 'MENU_FLG39';
UPDATE SM_FIELD_DEF SET JP_TITLE = '不合格理由ｺｰﾄﾞﾃｰﾌﾞﾙ', US_TITLE = 'REJECTCODE' WHERE TABLE_ID = 'TBLID_BUSERG' AND UPPER(FIELD_NAME) = 'MENU_FLG40';
UPDATE SM_FIELD_DEF SET JP_TITLE = '不合格理由ｺｰﾄﾞｽﾃｰｼﾞｸﾞﾙｰﾌﾟﾃｰﾌﾞﾙ', US_TITLE = 'REJECTCODE_STGG' WHERE TABLE_ID = 'TBLID_BUSERG' AND UPPER(FIELD_NAME) = 'MENU_FLG41';
UPDATE SM_FIELD_DEF SET JP_TITLE = '不合格理由ｺｰﾄﾞｽﾃｰｼﾞｸﾞﾙｰﾌﾟ関連ﾃｰﾌﾞﾙ', US_TITLE = 'REJECTCODE_STGG_STG' WHERE TABLE_ID = 'TBLID_BUSERG' AND UPPER(FIELD_NAME) = 'MENU_FLG42';
UPDATE SM_FIELD_DEF SET JP_TITLE = '不合格理由ｺｰﾄﾞｽﾃｰｼﾞﾃｰﾌﾞﾙ', US_TITLE = 'REJECTCODE_STG' WHERE TABLE_ID = 'TBLID_BUSERG' AND UPPER(FIELD_NAME) = 'MENU_FLG43';
UPDATE SM_FIELD_DEF SET JP_TITLE = 'ｶﾚﾝﾀﾞﾃｰﾌﾞﾙ', US_TITLE = 'CALND' WHERE TABLE_ID = 'TBLID_BUSERG' AND UPPER(FIELD_NAME) = 'MENU_FLG44';
UPDATE SM_FIELD_DEF SET JP_TITLE = '検査判定ﾃｰﾌﾞﾙ', US_TITLE = 'INSPJDG' WHERE TABLE_ID = 'TBLID_BUSERG' AND UPPER(FIELD_NAME) = 'MENU_FLG45';
UPDATE SM_FIELD_DEF SET JP_TITLE = 'Qﾀｲﾑﾃｰﾌﾞﾙ', US_TITLE = 'QTIME' WHERE TABLE_ID = 'TBLID_BUSERG' AND UPPER(FIELD_NAME) = 'MENU_FLG46';
UPDATE SM_FIELD_DEF SET JP_TITLE = 'ｽﾃｰｼﾞｸﾞﾙｰﾌﾟﾃｰﾌﾞﾙ', US_TITLE = 'STGG' WHERE TABLE_ID = 'TBLID_BUSERG' AND UPPER(FIELD_NAME) = 'MENU_FLG47';
UPDATE SM_FIELD_DEF SET JP_TITLE = 'ｽﾃｰｼﾞｸﾞﾙｰﾌﾟ関連ﾃｰﾌﾞﾙ', US_TITLE = 'STGG_STG' WHERE TABLE_ID = 'TBLID_BUSERG' AND UPPER(FIELD_NAME) = 'MENU_FLG48';
UPDATE SM_FIELD_DEF SET JP_TITLE = 'ｽﾃｰｼﾞﾃｰﾌﾞﾙ', US_TITLE = 'STG' WHERE TABLE_ID = 'TBLID_BUSERG' AND UPPER(FIELD_NAME) = 'MENU_FLG49';
UPDATE SM_FIELD_DEF SET JP_TITLE = 'EPﾓﾆﾀ編成ﾏｽﾀｰ', US_TITLE = 'EPMONI' WHERE TABLE_ID = 'TBLID_BUSERG' AND UPPER(FIELD_NAME) = 'MENU_FLG50';
UPDATE SM_FIELD_DEF SET JP_TITLE = '検査試料構成ﾃｰﾌﾞﾙ', US_TITLE = 'PWSMPLCASETCON' WHERE TABLE_ID = 'TBLID_BUSERG' AND UPPER(FIELD_NAME) = 'MENU_FLG51';
UPDATE SM_FIELD_DEF SET JP_TITLE = '検査用途･測定項目ﾃｰﾌﾞﾙ', US_TITLE = 'INSP_MEAS_ITEM' WHERE TABLE_ID = 'TBLID_BUSERG' AND UPPER(FIELD_NAME) = 'MENU_FLG52';
UPDATE SM_FIELD_DEF SET JP_TITLE = 'ｼｽﾃﾑ定義ﾃｰﾌﾞﾙ', US_TITLE = 'SYSTEM_DEF' WHERE TABLE_ID = 'TBLID_BUSERG' AND UPPER(FIELD_NAME) = 'MENU_FLG53';
UPDATE SM_FIELD_DEF SET JP_TITLE = 'CZ_ITEMIZED_LIST定義ﾃｰﾌﾞﾙ', US_TITLE = 'CZ_ITEMIZED_DEF' WHERE TABLE_ID = 'TBLID_BUSERG' AND UPPER(FIELD_NAME) = 'MENU_FLG54';
UPDATE SM_FIELD_DEF SET JP_TITLE = 'SLICE_ITEMIZED_LIST定義ﾃｰﾌﾞﾙ', US_TITLE = 'SLICE_ITEMIZED_DEF' WHERE TABLE_ID = 'TBLID_BUSERG' AND UPPER(FIELD_NAME) = 'MENU_FLG55';
UPDATE SM_FIELD_DEF SET JP_TITLE = '業務ｸﾞﾙｰﾌﾟﾃｰﾌﾞﾙ', US_TITLE = 'USERG' WHERE TABLE_ID = 'TBLID_BUSERG' AND UPPER(FIELD_NAME) = 'MENU_FLG56';
UPDATE SM_FIELD_DEF SET JP_TITLE = 'ﾘﾘｰｽﾙｰﾄﾃｰﾌﾞﾙ', US_TITLE = 'RL_ROUTE' WHERE TABLE_ID = 'TBLID_BUSERG' AND UPPER(FIELD_NAME) = 'MENU_FLG57';
UPDATE SM_FIELD_DEF SET JP_TITLE = 'ｲﾍﾞﾝﾄﾛｸﾞﾃｰﾌﾞﾙ', US_TITLE = 'EVTLOG' WHERE TABLE_ID = 'TBLID_BUSERG' AND UPPER(FIELD_NAME) = 'MENU_FLG58';
UPDATE SM_FIELD_DEF SET JP_TITLE = 'ｼｽﾃﾑﾃﾞｰﾀﾃｰﾌﾞﾙ', US_TITLE = 'SYSDATA' WHERE TABLE_ID = 'TBLID_BUSERG' AND UPPER(FIELD_NAME) = 'MENU_FLG59';
UPDATE SM_FIELD_DEF SET JP_TITLE = 'ﾒﾆｭｰﾌﾗｸﾞ60', US_TITLE = 'MENU_FLG 60' WHERE TABLE_ID = 'TBLID_BUSERG' AND UPPER(FIELD_NAME) = 'MENU_FLG60';
UPDATE SM_FIELD_DEF SET JP_TITLE = 'ｲﾝﾗｲﾝ/先行評価ﾛｯﾄ管理ﾃｰﾌﾞﾙ', US_TITLE = 'DIL_PRE_CTRL' WHERE TABLE_ID = 'TBLID_BUSERG' AND UPPER(FIELD_NAME) = 'MENU_FLG61';
UPDATE SM_FIELD_DEF SET JP_TITLE = '一般ﾊﾞｯﾁ編成ﾃｰﾌﾞﾙ', US_TITLE = 'COM_BATCH' WHERE TABLE_ID = 'TBLID_BUSERG' AND UPPER(FIELD_NAME) = 'MENU_FLG62';
UPDATE SM_FIELD_DEF SET JP_TITLE = '製品ｺｰﾄﾞ別ﾏﾃﾘｱﾙﾃｰﾌﾞﾙ', US_TITLE = 'MTL_PROD' WHERE TABLE_ID = 'TBLID_BUSERG' AND UPPER(FIELD_NAME) = 'MENU_FLG63';
UPDATE SM_FIELD_DEF SET JP_TITLE = '装置･ﾏﾃﾘｱﾙ関連ﾃｰﾌﾞﾙ', US_TITLE = 'EQP_MTL' WHERE TABLE_ID = 'TBLID_BUSERG' AND UPPER(FIELD_NAME) = 'MENU_FLG64';
UPDATE SM_FIELD_DEF SET JP_TITLE = 'ｶｾｯﾄﾀｲﾌﾟﾃｰﾌﾞﾙ', US_TITLE = 'CARTYPE' WHERE TABLE_ID = 'TBLID_BUSERG' AND UPPER(FIELD_NAME) = 'MENU_FLG65';
UPDATE SM_FIELD_DEF SET JP_TITLE = '検査用途ﾃｰﾌﾞﾙ', US_TITLE = 'INSPUSED' WHERE TABLE_ID = 'TBLID_BUSERG' AND UPPER(FIELD_NAME) = 'MENU_FLG66';
UPDATE SM_FIELD_DEF SET JP_TITLE = '号機変換ﾏｽﾀﾃｰﾌﾞﾙ', US_TITLE = 'MAC_NUM_CONV' WHERE TABLE_ID = 'TBLID_BUSERG' AND UPPER(FIELD_NAME) = 'MENU_FLG67';
UPDATE SM_FIELD_DEF SET JP_TITLE = 'LMｸﾞﾙｰﾌﾟﾃｰﾌﾞﾙ', US_TITLE = 'LMG' WHERE TABLE_ID = 'TBLID_BUSERG' AND UPPER(FIELD_NAME) = 'MENU_FLG68';
UPDATE SM_FIELD_DEF SET JP_TITLE = 'LM採番ﾊﾟﾀｰﾝﾃｰﾌﾞﾙ', US_TITLE = 'LM_PTN' WHERE TABLE_ID = 'TBLID_BUSERG' AND UPPER(FIELD_NAME) = 'MENU_FLG69';
UPDATE SM_FIELD_DEF SET JP_TITLE = 'FTP情報ﾃｰﾌﾞﾙ', US_TITLE = 'FTPINFO' WHERE TABLE_ID = 'TBLID_BUSERG' AND UPPER(FIELD_NAME) = 'MENU_FLG70';
UPDATE SM_FIELD_DEF SET JP_TITLE = '一般ﾊﾞｯﾁﾓﾆﾀ編成ﾃｰﾌﾞﾙ', US_TITLE = 'COM_MON_BATCH' WHERE TABLE_ID = 'TBLID_BUSERG' AND UPPER(FIELD_NAME) = 'MENU_FLG71';
UPDATE SM_FIELD_DEF SET JP_TITLE = '先行評価ﾀｰｹﾞｯﾄ測定ﾃｰﾌﾞﾙ', US_TITLE = 'PRE_TARGET_MS' WHERE TABLE_ID = 'TBLID_BUSERG' AND UPPER(FIELD_NAME) = 'MENU_FLG72';
UPDATE SM_FIELD_DEF SET JP_TITLE = 'RP時再抜用検査用途ﾃｰﾌﾞﾙ', US_TITLE = 'RP_INSP_USED' WHERE TABLE_ID = 'TBLID_BUSERG' AND UPPER(FIELD_NAME) = 'MENU_FLG73';
UPDATE SM_FIELD_DEF SET JP_TITLE = '搬送ﾎﾟｰﾄ定義ﾃｰﾌﾞﾙ', US_TITLE = 'CARRY_PORT_DEF' WHERE TABLE_ID = 'TBLID_BUSERG' AND UPPER(FIELD_NAME) = 'MENU_FLG74';
UPDATE SM_FIELD_DEF SET JP_TITLE = '装置ﾎﾟｰﾄﾃｰﾌﾞﾙ', US_TITLE = 'EQPRT' WHERE TABLE_ID = 'TBLID_BUSERG' AND UPPER(FIELD_NAME) = 'MENU_FLG75';
UPDATE SM_FIELD_DEF SET JP_TITLE = '空ｶｾｯﾄ搬送先ﾃｰﾌﾞﾙ', US_TITLE = 'EMP_CARRY_PORT' WHERE TABLE_ID = 'TBLID_BUSERG' AND UPPER(FIELD_NAME) = 'MENU_FLG76';
UPDATE SM_FIELD_DEF SET JP_TITLE = '工程ﾓﾆﾀﾛｯﾄ自動投入情報管理ﾃｰﾌﾞﾙ', US_TITLE = 'OPEMONI_INPUT_ADMIN' WHERE TABLE_ID = 'TBLID_BUSERG' AND UPPER(FIELD_NAME) = 'MENU_FLG77';
UPDATE SM_FIELD_DEF SET JP_TITLE = 'ﾀﾞﾐｰｳｪｰﾊ枚数設定ﾃｰﾌﾞﾙ', US_TITLE = 'DUMMY_WAF_SET' WHERE TABLE_ID = 'TBLID_BUSERG' AND UPPER(FIELD_NAME) = 'MENU_FLG78';
UPDATE SM_FIELD_DEF SET JP_TITLE = '装置作業者管理ﾃｰﾌﾞﾙ', US_TITLE = 'EQP_USER' WHERE TABLE_ID = 'TBLID_BUSERG' AND UPPER(FIELD_NAME) = 'MENU_FLG79';
UPDATE SM_FIELD_DEF SET JP_TITLE = 'ｽﾄｯｶｰ･ｶｾｯﾄｸﾞﾙｰﾌﾟﾃｰﾌﾞﾙ', US_TITLE = 'STK_CARG' WHERE TABLE_ID = 'TBLID_BUSERG' AND UPPER(FIELD_NAME) = 'MENU_FLG80';
UPDATE SM_FIELD_DEF SET JP_TITLE = '製品ｺｰﾄﾞ別ﾏﾃﾘｱﾙ装着管理ﾃｰﾌﾞﾙ', US_TITLE = 'MTL_PROD_FIT' WHERE TABLE_ID = 'TBLID_BUSERG' AND UPPER(FIELD_NAME) = 'MENU_FLG81';
UPDATE SM_FIELD_DEF SET JP_TITLE = '製品ｺｰﾄﾞﾃｰﾌﾞﾙ2', US_TITLE = 'PROD_02' WHERE TABLE_ID = 'TBLID_BUSERG' AND UPPER(FIELD_NAME) = 'MENU_FLG82';
UPDATE SM_FIELD_DEF SET JP_TITLE = 'DSPｴﾘｱ別搬送先ﾃｰﾌﾞﾙ', US_TITLE = 'CARRY_PORT_DSP_AREA' WHERE TABLE_ID = 'TBLID_BUSERG' AND UPPER(FIELD_NAME) = 'MENU_FLG83';
UPDATE SM_FIELD_DEF SET JP_TITLE = 'EP検査頻度設定ﾃｰﾌﾞﾙ', US_TITLE = 'EP_MEAS_NUM' WHERE TABLE_ID = 'TBLID_BUSERG' AND UPPER(FIELD_NAME) = 'MENU_FLG84';
UPDATE SM_FIELD_DEF SET JP_TITLE = '転用可能元製品ｺｰﾄﾞﾃｰﾌﾞﾙ', US_TITLE = 'PROD_DIV_ORG' WHERE TABLE_ID = 'TBLID_BUSERG' AND UPPER(FIELD_NAME) = 'MENU_FLG85';
UPDATE SM_FIELD_DEF SET JP_TITLE = 'ﾏﾙﾁﾚｼﾋﾟ設定ﾃｰﾌﾞﾙ', US_TITLE = 'MULTI_RECIP_SET' WHERE TABLE_ID = 'TBLID_BUSERG' AND UPPER(FIELD_NAME) = 'MENU_FLG86';
UPDATE SM_FIELD_DEF SET JP_TITLE = '{"ﾒﾆｭｰﾌﾗｸﾞ87', US_TITLE = 'MENU_FLG 87' WHERE TABLE_ID = 'TBLID_BUSERG' AND UPPER(FIELD_NAME) = 'MENU_FLG87';
UPDATE SM_FIELD_DEF SET JP_TITLE = '共通iniファイルテーブル', US_TITLE = 'SYSTEM_INI_TBL' WHERE TABLE_ID = 'TBLID_BUSERG' AND UPPER(FIELD_NAME) = 'MENU_FLG87';
UPDATE SM_FIELD_DEF SET JP_TITLE = 'ﾒﾆｭｰﾌﾗｸﾞ88', US_TITLE = 'MENU_FLG 88' WHERE TABLE_ID = 'TBLID_BUSERG' AND UPPER(FIELD_NAME) = 'MENU_FLG88';
UPDATE SM_FIELD_DEF SET JP_TITLE = '業務ｸﾞﾙｰﾌﾟ関数ﾃｰﾌﾞﾙ', US_TITLE = 'USERG_FUNC' WHERE TABLE_ID = 'TBLID_BUSERG' AND UPPER(FIELD_NAME) = 'MENU_FLG88';
UPDATE SM_FIELD_DEF SET JP_TITLE = 'ﾒﾆｭｰﾌﾗｸﾞ89', US_TITLE = 'MENU_FLG 89' WHERE TABLE_ID = 'TBLID_BUSERG' AND UPPER(FIELD_NAME) = 'MENU_FLG89';
UPDATE SM_FIELD_DEF SET JP_TITLE = '復帰ｽﾄｯｶｰ定義ﾃｰﾌﾞﾙ(装置)', US_TITLE = 'CARRY_PORT_EQP' WHERE TABLE_ID = 'TBLID_BUSERG' AND UPPER(FIELD_NAME) = 'MENU_FLG89';
UPDATE SM_FIELD_DEF SET JP_TITLE = 'ﾒﾆｭｰﾌﾗｸﾞ90', US_TITLE = 'MENU_FLG 90' WHERE TABLE_ID = 'TBLID_BUSERG' AND UPPER(FIELD_NAME) = 'MENU_FLG90';
UPDATE SM_FIELD_DEF SET JP_TITLE = 'ﾒﾆｭｰﾌﾗｸﾞ91', US_TITLE = 'MENU_FLG 91' WHERE TABLE_ID = 'TBLID_BUSERG' AND UPPER(FIELD_NAME) = 'MENU_FLG91';
UPDATE SM_FIELD_DEF SET JP_TITLE = 'ﾒﾆｭｰﾌﾗｸﾞ92', US_TITLE = 'PROD_CHG_SPEC' WHERE TABLE_ID = 'TBLID_BUSERG' AND UPPER(FIELD_NAME) = 'MENU_FLG92';
UPDATE SM_FIELD_DEF SET JP_TITLE = 'ﾒﾆｭｰﾌﾗｸﾞ93', US_TITLE = 'PROD_BINCODE' WHERE TABLE_ID = 'TBLID_BUSERG' AND UPPER(FIELD_NAME) = 'MENU_FLG93';
UPDATE SM_FIELD_DEF SET JP_TITLE = 'ﾒﾆｭｰﾌﾗｸﾞ94', US_TITLE = 'EQP_STAT_CONST' WHERE TABLE_ID = 'TBLID_BUSERG' AND UPPER(FIELD_NAME) = 'MENU_FLG94';
UPDATE SM_FIELD_DEF SET JP_TITLE = 'ﾒﾆｭｰﾌﾗｸﾞ95', US_TITLE = 'MENU_FLG 95' WHERE TABLE_ID = 'TBLID_BUSERG' AND UPPER(FIELD_NAME) = 'MENU_FLG95';
UPDATE SM_FIELD_DEF SET JP_TITLE = 'ﾒﾆｭｰﾌﾗｸﾞ96', US_TITLE = 'MENU_FLG 96' WHERE TABLE_ID = 'TBLID_BUSERG' AND UPPER(FIELD_NAME) = 'MENU_FLG96';
UPDATE SM_FIELD_DEF SET JP_TITLE = 'ﾒﾆｭｰﾌﾗｸﾞ97', US_TITLE = 'MENU_FLG 97' WHERE TABLE_ID = 'TBLID_BUSERG' AND UPPER(FIELD_NAME) = 'MENU_FLG97';
UPDATE SM_FIELD_DEF SET JP_TITLE = 'ﾒﾆｭｰﾌﾗｸﾞ98', US_TITLE = 'MENU_FLG 98' WHERE TABLE_ID = 'TBLID_BUSERG' AND UPPER(FIELD_NAME) = 'MENU_FLG98';
UPDATE SM_FIELD_DEF SET JP_TITLE = 'ﾒﾆｭｰﾌﾗｸﾞ99', US_TITLE = 'MENU_FLG 99' WHERE TABLE_ID = 'TBLID_BUSERG' AND UPPER(FIELD_NAME) = 'MENU_FLG99';
UPDATE SM_FIELD_DEF SET JP_TITLE = 'ﾒﾆｭｰﾌﾗｸﾞ100', US_TITLE = 'MENU_FLG 100' WHERE TABLE_ID = 'TBLID_BUSERG' AND UPPER(FIELD_NAME) = 'MENU_FLG100';
UPDATE SM_FIELD_DEF SET JP_TITLE = 'ﾒﾆｭｰﾌﾗｸﾞ101', US_TITLE = 'MENU_FLG 101' WHERE TABLE_ID = 'TBLID_BUSERG' AND UPPER(FIELD_NAME) = 'MENU_FLG101';
UPDATE SM_FIELD_DEF SET JP_TITLE = 'ﾒﾆｭｰﾌﾗｸﾞ102', US_TITLE = 'MENU_FLG 102' WHERE TABLE_ID = 'TBLID_BUSERG' AND UPPER(FIELD_NAME) = 'MENU_FLG102';
UPDATE SM_FIELD_DEF SET JP_TITLE = 'ﾒﾆｭｰﾌﾗｸﾞ103', US_TITLE = 'MENU_FLG 103' WHERE TABLE_ID = 'TBLID_BUSERG' AND UPPER(FIELD_NAME) = 'MENU_FLG103';
UPDATE SM_FIELD_DEF SET JP_TITLE = 'ﾒﾆｭｰﾌﾗｸﾞ104', US_TITLE = 'MENU_FLG 104' WHERE TABLE_ID = 'TBLID_BUSERG' AND UPPER(FIELD_NAME) = 'MENU_FLG104';
UPDATE SM_FIELD_DEF SET JP_TITLE = 'ﾒﾆｭｰﾌﾗｸﾞ105', US_TITLE = 'MENU_FLG 105' WHERE TABLE_ID = 'TBLID_BUSERG' AND UPPER(FIELD_NAME) = 'MENU_FLG105';
UPDATE SM_FIELD_DEF SET JP_TITLE = 'ﾒﾆｭｰﾌﾗｸﾞ106', US_TITLE = 'MENU_FLG 106' WHERE TABLE_ID = 'TBLID_BUSERG' AND UPPER(FIELD_NAME) = 'MENU_FLG106';
UPDATE SM_FIELD_DEF SET JP_TITLE = 'ﾒﾆｭｰﾌﾗｸﾞ107', US_TITLE = 'MENU_FLG 107' WHERE TABLE_ID = 'TBLID_BUSERG' AND UPPER(FIELD_NAME) = 'MENU_FLG107';
UPDATE SM_FIELD_DEF SET JP_TITLE = 'ﾒﾆｭｰﾌﾗｸﾞ108', US_TITLE = 'MENU_FLG 108' WHERE TABLE_ID = 'TBLID_BUSERG' AND UPPER(FIELD_NAME) = 'MENU_FLG108';
UPDATE SM_FIELD_DEF SET JP_TITLE = 'ﾒﾆｭｰﾌﾗｸﾞ109', US_TITLE = 'MENU_FLG 109' WHERE TABLE_ID = 'TBLID_BUSERG' AND UPPER(FIELD_NAME) = 'MENU_FLG109';
UPDATE SM_FIELD_DEF SET JP_TITLE = 'ﾒﾆｭｰﾌﾗｸﾞ110', US_TITLE = 'MENU_FLG 110' WHERE TABLE_ID = 'TBLID_BUSERG' AND UPPER(FIELD_NAME) = 'MENU_FLG110';
UPDATE SM_FIELD_DEF SET JP_TITLE = 'ﾒﾆｭｰﾌﾗｸﾞ111', US_TITLE = 'MENU_FLG 111' WHERE TABLE_ID = 'TBLID_BUSERG' AND UPPER(FIELD_NAME) = 'MENU_FLG111';
UPDATE SM_FIELD_DEF SET JP_TITLE = 'ﾒﾆｭｰﾌﾗｸﾞ112', US_TITLE = 'MENU_FLG 112' WHERE TABLE_ID = 'TBLID_BUSERG' AND UPPER(FIELD_NAME) = 'MENU_FLG112';
UPDATE SM_FIELD_DEF SET JP_TITLE = 'ﾒﾆｭｰﾌﾗｸﾞ113', US_TITLE = 'MENU_FLG 113' WHERE TABLE_ID = 'TBLID_BUSERG' AND UPPER(FIELD_NAME) = 'MENU_FLG113';
UPDATE SM_FIELD_DEF SET JP_TITLE = 'ﾒﾆｭｰﾌﾗｸﾞ114', US_TITLE = 'MENU_FLG 114' WHERE TABLE_ID = 'TBLID_BUSERG' AND UPPER(FIELD_NAME) = 'MENU_FLG114';
UPDATE SM_FIELD_DEF SET JP_TITLE = 'ﾒﾆｭｰﾌﾗｸﾞ115', US_TITLE = 'MENU_FLG 115' WHERE TABLE_ID = 'TBLID_BUSERG' AND UPPER(FIELD_NAME) = 'MENU_FLG115';
UPDATE SM_FIELD_DEF SET JP_TITLE = 'ﾒﾆｭｰﾌﾗｸﾞ116', US_TITLE = 'MENU_FLG 116' WHERE TABLE_ID = 'TBLID_BUSERG' AND UPPER(FIELD_NAME) = 'MENU_FLG116';
UPDATE SM_FIELD_DEF SET JP_TITLE = 'ﾒﾆｭｰﾌﾗｸﾞ117', US_TITLE = 'MENU_FLG 117' WHERE TABLE_ID = 'TBLID_BUSERG' AND UPPER(FIELD_NAME) = 'MENU_FLG117';
UPDATE SM_FIELD_DEF SET JP_TITLE = 'ﾒﾆｭｰﾌﾗｸﾞ118', US_TITLE = 'MENU_FLG 118' WHERE TABLE_ID = 'TBLID_BUSERG' AND UPPER(FIELD_NAME) = 'MENU_FLG118';
UPDATE SM_FIELD_DEF SET JP_TITLE = 'ﾒﾆｭｰﾌﾗｸﾞ119', US_TITLE = 'MENU_FLG 119' WHERE TABLE_ID = 'TBLID_BUSERG' AND UPPER(FIELD_NAME) = 'MENU_FLG119';
UPDATE SM_FIELD_DEF SET JP_TITLE = 'ﾒﾆｭｰﾌﾗｸﾞ120', US_TITLE = 'MENU_FLG 120' WHERE TABLE_ID = 'TBLID_BUSERG' AND UPPER(FIELD_NAME) = 'MENU_FLG120';
UPDATE SM_FIELD_DEF SET JP_TITLE = 'ﾒﾆｭｰﾌﾗｸﾞ121', US_TITLE = 'MENU_FLG 121' WHERE TABLE_ID = 'TBLID_BUSERG' AND UPPER(FIELD_NAME) = 'MENU_FLG121';
UPDATE SM_FIELD_DEF SET JP_TITLE = 'ﾒﾆｭｰﾌﾗｸﾞ122', US_TITLE = 'MENU_FLG 122' WHERE TABLE_ID = 'TBLID_BUSERG' AND UPPER(FIELD_NAME) = 'MENU_FLG122';
UPDATE SM_FIELD_DEF SET JP_TITLE = 'ﾒﾆｭｰﾌﾗｸﾞ123', US_TITLE = 'MENU_FLG 123' WHERE TABLE_ID = 'TBLID_BUSERG' AND UPPER(FIELD_NAME) = 'MENU_FLG123';
UPDATE SM_FIELD_DEF SET JP_TITLE = 'ﾒﾆｭｰﾌﾗｸﾞ124', US_TITLE = 'MENU_FLG 124' WHERE TABLE_ID = 'TBLID_BUSERG' AND UPPER(FIELD_NAME) = 'MENU_FLG124';
UPDATE SM_FIELD_DEF SET JP_TITLE = 'ﾒﾆｭｰﾌﾗｸﾞ125', US_TITLE = 'MENU_FLG 125' WHERE TABLE_ID = 'TBLID_BUSERG' AND UPPER(FIELD_NAME) = 'MENU_FLG125';
UPDATE SM_FIELD_DEF SET JP_TITLE = 'ﾒﾆｭｰﾌﾗｸﾞ126', US_TITLE = 'MENU_FLG 126' WHERE TABLE_ID = 'TBLID_BUSERG' AND UPPER(FIELD_NAME) = 'MENU_FLG126';
UPDATE SM_FIELD_DEF SET JP_TITLE = 'ﾒﾆｭｰﾌﾗｸﾞ127', US_TITLE = 'MENU_FLG 127' WHERE TABLE_ID = 'TBLID_BUSERG' AND UPPER(FIELD_NAME) = 'MENU_FLG127';
UPDATE SM_FIELD_DEF SET JP_TITLE = 'ﾒﾆｭｰﾌﾗｸﾞ128', US_TITLE = 'MENU_FLG 128' WHERE TABLE_ID = 'TBLID_BUSERG' AND UPPER(FIELD_NAME) = 'MENU_FLG128';
UPDATE SM_FIELD_DEF SET JP_TITLE = '管理者権限ﾌﾗｸﾞ', US_TITLE = 'ADMIN_FLG' WHERE TABLE_ID = 'TBLID_BUSERG' AND UPPER(FIELD_NAME) = 'ADMIN_FLG';
UPDATE SM_FIELD_DEF SET JP_TITLE = '{NULL', US_TITLE = 'NULL' WHERE TABLE_ID = 'TBLID_BUSERG' AND UPPER(FIELD_NAME) = 'NULL';
UPDATE SM_FIELD_DEF SET JP_TITLE = '{"ﾀｲﾄﾙ', US_TITLE = '英語名' WHERE TABLE_ID = 'TBLID_BEVTLOG' AND UPPER(FIELD_NAME) = 'ﾌｨｰﾙﾄﾞ名';
UPDATE SM_FIELD_DEF SET JP_TITLE = '{"--------------------', US_TITLE = '--------------------------------------------------------' WHERE TABLE_ID = 'TBLID_BEVTLOG' AND UPPER(FIELD_NAME) = '--------------------';
UPDATE SM_FIELD_DEF SET JP_TITLE = 'ｲﾍﾞﾝﾄ発生日時', US_TITLE = 'EVT_TIME' WHERE TABLE_ID = 'TBLID_BEVTLOG' AND UPPER(FIELD_NAME) = 'EVT_TIME';
UPDATE SM_FIELD_DEF SET JP_TITLE = 'ｲﾍﾞﾝﾄｺｰﾄﾞ', US_TITLE = 'EVT_CODE' WHERE TABLE_ID = 'TBLID_BEVTLOG' AND UPPER(FIELD_NAME) = 'EVT_CODE';
UPDATE SM_FIELD_DEF SET JP_TITLE = '{"作業者ID', US_TITLE = 'USER_ID' WHERE TABLE_ID = 'TBLID_BEVTLOG' AND UPPER(FIELD_NAME) = 'USER_ID';
UPDATE SM_FIELD_DEF SET JP_TITLE = '作業者ID', US_TITLE = 'USER_ID' WHERE TABLE_ID = 'TBLID_BEVTLOG' AND UPPER(FIELD_NAME) = 'USER_ID';
UPDATE SM_FIELD_DEF SET JP_TITLE = 'ﾃｰﾌﾞﾙ名称', US_TITLE = 'TBL_NAME' WHERE TABLE_ID = 'TBLID_BEVTLOG' AND UPPER(FIELD_NAME) = 'TBL_NAME';
UPDATE SM_FIELD_DEF SET JP_TITLE = 'ﾃｰﾌﾞﾙｷｰ', US_TITLE = 'TBL_KEY' WHERE TABLE_ID = 'TBLID_BEVTLOG' AND UPPER(FIELD_NAME) = 'TBL_KEY';
UPDATE SM_FIELD_DEF SET JP_TITLE = 'ｺﾒﾝﾄ', US_TITLE = 'COMMENT' WHERE TABLE_ID = 'TBLID_BEVTLOG' AND UPPER(FIELD_NAME) = 'COMMENT';
UPDATE SM_FIELD_DEF SET JP_TITLE = '{NULL', US_TITLE = 'NULL' WHERE TABLE_ID = 'TBLID_BEVTLOG' AND UPPER(FIELD_NAME) = 'NULL';
UPDATE SM_FIELD_DEF SET JP_TITLE = '{"ﾀｲﾄﾙ', US_TITLE = '英語名' WHERE TABLE_ID = 'TBLID_BSYSDATA' AND UPPER(FIELD_NAME) = 'ﾌｨｰﾙﾄﾞ名';
UPDATE SM_FIELD_DEF SET JP_TITLE = '{"--------------------', US_TITLE = '--------------------------------------------------------' WHERE TABLE_ID = 'TBLID_BSYSDATA' AND UPPER(FIELD_NAME) = '--------------------';
UPDATE SM_FIELD_DEF SET JP_TITLE = 'ﾃｰﾌﾞﾙ名称', US_TITLE = 'TBL_NAME' WHERE TABLE_ID = 'TBLID_BSYSDATA' AND UPPER(FIELD_NAME) = 'TBL_NAME';
UPDATE SM_FIELD_DEF SET JP_TITLE = 'ﾌｨｰﾙﾄﾞ名称', US_TITLE = 'FLD_NAME' WHERE TABLE_ID = 'TBLID_BSYSDATA' AND UPPER(FIELD_NAME) = 'FLD_NAME';
UPDATE SM_FIELD_DEF SET JP_TITLE = 'ﾌｨｰﾙﾄﾞ値', US_TITLE = 'FLD_VAL' WHERE TABLE_ID = 'TBLID_BSYSDATA' AND UPPER(FIELD_NAME) = 'FLD_VAL';
UPDATE SM_FIELD_DEF SET JP_TITLE = 'ﾌｨｰﾙﾄﾞ文字列', US_TITLE = 'FLD_STR' WHERE TABLE_ID = 'TBLID_BSYSDATA' AND UPPER(FIELD_NAME) = 'FLD_STR';
UPDATE SM_FIELD_DEF SET JP_TITLE = '{NULL', US_TITLE = 'NULL' WHERE TABLE_ID = 'TBLID_BSYSDATA' AND UPPER(FIELD_NAME) = 'NULL';
UPDATE SM_FIELD_DEF SET JP_TITLE = '{"ﾀｲﾄﾙ', US_TITLE = '英語名' WHERE TABLE_ID = 'TBLID_BRP_INSP_USED' AND UPPER(FIELD_NAME) = 'ﾌｨｰﾙﾄﾞ名';
UPDATE SM_FIELD_DEF SET JP_TITLE = '{"--------------------', US_TITLE = '--------------------------------------------------------' WHERE TABLE_ID = 'TBLID_BRP_INSP_USED' AND UPPER(FIELD_NAME) = '--------------------';
UPDATE SM_FIELD_DEF SET JP_TITLE = '製品ｺｰﾄﾞID', US_TITLE = 'PROD_ID' WHERE TABLE_ID = 'TBLID_BRP_INSP_USED' AND UPPER(FIELD_NAME) = 'PROD_ID';
UPDATE SM_FIELD_DEF SET JP_TITLE = '検査用途ID', US_TITLE = 'INSP_USED_ID' WHERE TABLE_ID = 'TBLID_BRP_INSP_USED' AND UPPER(FIELD_NAME) = 'INSP_USED_ID';
UPDATE SM_FIELD_DEF SET JP_TITLE = '特殊検査区分', US_TITLE = 'SP_INSP_CAT' WHERE TABLE_ID = 'TBLID_BRP_INSP_USED' AND UPPER(FIELD_NAME) = 'SP_INSP_CAT';
UPDATE SM_FIELD_DEF SET JP_TITLE = 'ｼｰｹﾝｽ番号', US_TITLE = 'SEQ_NO' WHERE TABLE_ID = 'TBLID_BRP_INSP_USED' AND UPPER(FIELD_NAME) = 'SEQ_NO';
UPDATE SM_FIELD_DEF SET JP_TITLE = '{"ｼｰｹﾝｽ番号', US_TITLE = 'SEQ_NO' WHERE TABLE_ID = 'TBLID_BRP_INSP_USED' AND UPPER(FIELD_NAME) = 'SEQ_NO';
UPDATE SM_FIELD_DEF SET JP_TITLE = '試料再抜ﾌﾗｸﾞ(再洗浄)', US_TITLE = 'RW_SMPL_FLG' WHERE TABLE_ID = 'TBLID_BRP_INSP_USED' AND UPPER(FIELD_NAME) = 'RW_SMPL_FLG';
UPDATE SM_FIELD_DEF SET JP_TITLE = '試料再抜ﾌﾗｸﾞ(完全不良)', US_TITLE = 'RJCT_ALL_SMPL_FLG' WHERE TABLE_ID = 'TBLID_BRP_INSP_USED' AND UPPER(FIELD_NAME) = 'RJCT_ALL_SMPL_FLG';
UPDATE SM_FIELD_DEF SET JP_TITLE = '試料再抜ﾌﾗｸﾞ(SWP_SWC(裏))', US_TITLE = 'SWP_BC_SMPL_FLG' WHERE TABLE_ID = 'TBLID_BRP_INSP_USED' AND UPPER(FIELD_NAME) = 'SWP_BC_SMPL_FLG';
UPDATE SM_FIELD_DEF SET JP_TITLE = '試料再抜ﾌﾗｸﾞ(SWP_SWC(表))', US_TITLE = 'SWP_FC_SMPL_FLG' WHERE TABLE_ID = 'TBLID_BRP_INSP_USED' AND UPPER(FIELD_NAME) = 'SWP_FC_SMPL_FLG';
UPDATE SM_FIELD_DEF SET JP_TITLE = '試料再抜ﾌﾗｸﾞ(DSP)', US_TITLE = 'DSP_SMPL_FLG' WHERE TABLE_ID = 'TBLID_BRP_INSP_USED' AND UPPER(FIELD_NAME) = 'DSP_SMPL_FLG';
UPDATE SM_FIELD_DEF SET JP_TITLE = '試料再抜ﾌﾗｸﾞ(MEP)', US_TITLE = 'MEP_SMPL_FLG' WHERE TABLE_ID = 'TBLID_BRP_INSP_USED' AND UPPER(FIELD_NAME) = 'MEP_SMPL_FLG';
UPDATE SM_FIELD_DEF SET JP_TITLE = '試料再抜ﾌﾗｸﾞ(転用可能不良)', US_TITLE = 'RJCT_DIVERT_SMPL_FLG' WHERE TABLE_ID = 'TBLID_BRP_INSP_USED' AND UPPER(FIELD_NAME) = 'RJCT_DIVERT_SMPL_FLG';
UPDATE SM_FIELD_DEF SET JP_TITLE = '{NULL', US_TITLE = 'NULL' WHERE TABLE_ID = 'TBLID_BRP_INSP_USED' AND UPPER(FIELD_NAME) = 'NULL';
UPDATE SM_FIELD_DEF SET JP_TITLE = '{"ﾀｲﾄﾙ', US_TITLE = '英語名' WHERE TABLE_ID = 'TBLID_BCARRY_PORT_DEF' AND UPPER(FIELD_NAME) = 'ﾌｨｰﾙﾄﾞ名';
UPDATE SM_FIELD_DEF SET JP_TITLE = '{"--------------------', US_TITLE = '--------------------------------------------------------' WHERE TABLE_ID = 'TBLID_BCARRY_PORT_DEF' AND UPPER(FIELD_NAME) = '--------------------';
UPDATE SM_FIELD_DEF SET JP_TITLE = '工程ID', US_TITLE = 'OPE_ID' WHERE TABLE_ID = 'TBLID_BCARRY_PORT_DEF' AND UPPER(FIELD_NAME) = 'OPE_ID';
UPDATE SM_FIELD_DEF SET JP_TITLE = 'FabID', US_TITLE = 'FAB_ID' WHERE TABLE_ID = 'TBLID_BCARRY_PORT_DEF' AND UPPER(FIELD_NAME) = 'FAB_ID';
UPDATE SM_FIELD_DEF SET JP_TITLE = 'ｼｰｹﾝｽ番号', US_TITLE = 'SEQ_NO' WHERE TABLE_ID = 'TBLID_BCARRY_PORT_DEF' AND UPPER(FIELD_NAME) = 'SEQ_NO';
UPDATE SM_FIELD_DEF SET JP_TITLE = '搬送ｽﾄｯｶｰ', US_TITLE = 'CARRY_STK' WHERE TABLE_ID = 'TBLID_BCARRY_PORT_DEF' AND UPPER(FIELD_NAME) = 'CARRY_STK';
UPDATE SM_FIELD_DEF SET JP_TITLE = '搬送ﾎﾟｰﾄ', US_TITLE = 'CARRY_PORT' WHERE TABLE_ID = 'TBLID_BCARRY_PORT_DEF' AND UPPER(FIELD_NAME) = 'CARRY_PORT';
UPDATE SM_FIELD_DEF SET JP_TITLE = '搬送ﾎﾟｰﾄ', US_TITLE = 'CARRY_PORT' WHERE TABLE_ID = 'TBLID_BCARRY_PORT_DEF' AND UPPER(FIELD_NAME) = 'CARRY_PORT';
UPDATE SM_FIELD_DEF SET JP_TITLE = '{NULL', US_TITLE = 'NULL' WHERE TABLE_ID = 'TBLID_BCARRY_PORT_DEF' AND UPPER(FIELD_NAME) = 'NULL';
UPDATE SM_FIELD_DEF SET JP_TITLE = '{"ﾀｲﾄﾙ', US_TITLE = '英語名' WHERE TABLE_ID = 'TBLID_BEQPRT' AND UPPER(FIELD_NAME) = 'ﾌｨｰﾙﾄﾞ名';
UPDATE SM_FIELD_DEF SET JP_TITLE = '{"--------------------', US_TITLE = '--------------------------------------------------------' WHERE TABLE_ID = 'TBLID_BEQPRT' AND UPPER(FIELD_NAME) = '--------------------';
UPDATE SM_FIELD_DEF SET JP_TITLE = '装置ID', US_TITLE = 'EQP_ID' WHERE TABLE_ID = 'TBLID_BEQPRT' AND UPPER(FIELD_NAME) = 'EQP_ID';
UPDATE SM_FIELD_DEF SET JP_TITLE = '装置ﾎﾟｰﾄID', US_TITLE = 'IEQP_PORT_ID' WHERE TABLE_ID = 'TBLID_BEQPRT' AND UPPER(FIELD_NAME) = 'EQP_PORT_ID';
UPDATE SM_FIELD_DEF SET JP_TITLE = 'ﾎﾟｰﾄﾀｲﾌﾟ', US_TITLE = 'PORT_TYPE' WHERE TABLE_ID = 'TBLID_BEQPRT' AND UPPER(FIELD_NAME) = 'PORT_TYPE';
UPDATE SM_FIELD_DEF SET JP_TITLE = 'AGV ID', US_TITLE = 'AGV_ID' WHERE TABLE_ID = 'TBLID_BEQPRT' AND UPPER(FIELD_NAME) = 'AGV_ID';
UPDATE SM_FIELD_DEF SET JP_TITLE = '{NULL', US_TITLE = 'NULL' WHERE TABLE_ID = 'TBLID_BEQPRT' AND UPPER(FIELD_NAME) = 'NULL';
UPDATE SM_FIELD_DEF SET JP_TITLE = '{"ﾀｲﾄﾙ', US_TITLE = '英語名' WHERE TABLE_ID = 'TBLID_BEMP_CARRY_PORT' AND UPPER(FIELD_NAME) = 'ﾌｨｰﾙﾄﾞ名';
UPDATE SM_FIELD_DEF SET JP_TITLE = '{"--------------------', US_TITLE = '--------------------------------------------------------' WHERE TABLE_ID = 'TBLID_BEMP_CARRY_PORT' AND UPPER(FIELD_NAME) = '--------------------';
UPDATE SM_FIELD_DEF SET JP_TITLE = '{"ｶｾｯﾄｸﾞﾙｰﾌﾟID', US_TITLE = 'CARG_ID' WHERE TABLE_ID = 'TBLID_BEMP_CARRY_PORT' AND UPPER(FIELD_NAME) = 'CARG_ID';
UPDATE SM_FIELD_DEF SET JP_TITLE = '{"FabID', US_TITLE = 'FAB_ID' WHERE TABLE_ID = 'TBLID_BEMP_CARRY_PORT' AND UPPER(FIELD_NAME) = 'FAB_ID';
UPDATE SM_FIELD_DEF SET JP_TITLE = '{"搬送ﾎﾟｰﾄ', US_TITLE = 'CARRY_PORT' WHERE TABLE_ID = 'TBLID_BEMP_CARRY_PORT' AND UPPER(FIELD_NAME) = 'CARRY_PORT';
UPDATE SM_FIELD_DEF SET JP_TITLE = '{"入庫ﾎﾟｰﾄ', US_TITLE = 'IN_PORT' WHERE TABLE_ID = 'TBLID_BEMP_CARRY_PORT' AND UPPER(FIELD_NAME) = 'IN_PORT';
UPDATE SM_FIELD_DEF SET JP_TITLE = '{"装置ID', US_TITLE = 'EQP_ID' WHERE TABLE_ID = 'TBLID_BEMP_CARRY_PORT' AND UPPER(FIELD_NAME) = 'EQP_ID';
UPDATE SM_FIELD_DEF SET JP_TITLE = 'ｶｾｯﾄｸﾞﾙｰﾌﾟID', US_TITLE = 'CARG_ID' WHERE TABLE_ID = 'TBLID_BEMP_CARRY_PORT' AND UPPER(FIELD_NAME) = 'CARG_ID';
UPDATE SM_FIELD_DEF SET JP_TITLE = 'FabID', US_TITLE = 'FAB_ID' WHERE TABLE_ID = 'TBLID_BEMP_CARRY_PORT' AND UPPER(FIELD_NAME) = 'FAB_ID';
UPDATE SM_FIELD_DEF SET JP_TITLE = '装置ID', US_TITLE = 'EQP_ID' WHERE TABLE_ID = 'TBLID_BEMP_CARRY_PORT' AND UPPER(FIELD_NAME) = 'EQP_ID';
UPDATE SM_FIELD_DEF SET JP_TITLE = '搬送ｽﾄｯｶｰ', US_TITLE = 'CARRY_STK' WHERE TABLE_ID = 'TBLID_BEMP_CARRY_PORT' AND UPPER(FIELD_NAME) = 'CARRY_STK';
UPDATE SM_FIELD_DEF SET JP_TITLE = '搬送ﾎﾟｰﾄ', US_TITLE = 'CARRY_PORT' WHERE TABLE_ID = 'TBLID_BEMP_CARRY_PORT' AND UPPER(FIELD_NAME) = 'CARRY_PORT';
UPDATE SM_FIELD_DEF SET JP_TITLE = '入庫ﾎﾟｰﾄ', US_TITLE = 'IN_PORT' WHERE TABLE_ID = 'TBLID_BEMP_CARRY_PORT' AND UPPER(FIELD_NAME) = 'IN_PORT';
UPDATE SM_FIELD_DEF SET JP_TITLE = '搬送ﾎﾟｰﾄ', US_TITLE = 'CARRY_PORT' WHERE TABLE_ID = 'TBLID_BEMP_CARRY_PORT' AND UPPER(FIELD_NAME) = 'CARRY_PORT';
UPDATE SM_FIELD_DEF SET JP_TITLE = '入庫ﾎﾟｰﾄ', US_TITLE = 'IN_PORT' WHERE TABLE_ID = 'TBLID_BEMP_CARRY_PORT' AND UPPER(FIELD_NAME) = 'IN_PORT';
UPDATE SM_FIELD_DEF SET JP_TITLE = '{"洗浄ﾎﾟｰﾄ', US_TITLE = 'WASH_PORT' WHERE TABLE_ID = 'TBLID_BEMP_CARRY_PORT' AND UPPER(FIELD_NAME) = 'WASH_PORT';
UPDATE SM_FIELD_DEF SET JP_TITLE = '{NULL', US_TITLE = 'NULL' WHERE TABLE_ID = 'TBLID_BEMP_CARRY_PORT' AND UPPER(FIELD_NAME) = 'NULL';
UPDATE SM_FIELD_DEF SET JP_TITLE = '{"ﾀｲﾄﾙ', US_TITLE = '英語名' WHERE TABLE_ID = 'TBLID_BOPEMONI_INPUT_ADMIN' AND UPPER(FIELD_NAME) = 'ﾌｨｰﾙﾄﾞ名';
UPDATE SM_FIELD_DEF SET JP_TITLE = '{"--------------------', US_TITLE = '--------------------------------------------------------' WHERE TABLE_ID = 'TBLID_BOPEMONI_INPUT_ADMIN' AND UPPER(FIELD_NAME) = '--------------------';
UPDATE SM_FIELD_DEF SET JP_TITLE = 'ﾛｯﾄ区分', US_TITLE = 'LOT_CAT' WHERE TABLE_ID = 'TBLID_BOPEMONI_INPUT_ADMIN' AND UPPER(FIELD_NAME) = 'LOT_CAT';
UPDATE SM_FIELD_DEF SET JP_TITLE = '装置ID', US_TITLE = 'EQP_ID' WHERE TABLE_ID = 'TBLID_BOPEMONI_INPUT_ADMIN' AND UPPER(FIELD_NAME) = 'EQP_ID';
UPDATE SM_FIELD_DEF SET JP_TITLE = 'ﾓﾆﾀｽﾍﾟｯｸID', US_TITLE = 'MON_PROD_ID' WHERE TABLE_ID = 'TBLID_BOPEMONI_INPUT_ADMIN' AND UPPER(FIELD_NAME) = 'MON_PROD_ID';
UPDATE SM_FIELD_DEF SET JP_TITLE = '開始時刻', US_TITLE = 'START_TIME' WHERE TABLE_ID = 'TBLID_BOPEMONI_INPUT_ADMIN' AND UPPER(FIELD_NAME) = 'START_TIME';
UPDATE SM_FIELD_DEF SET JP_TITLE = '周期', US_TITLE = 'CYCLE' WHERE TABLE_ID = 'TBLID_BOPEMONI_INPUT_ADMIN' AND UPPER(FIELD_NAME) = 'CYCLE';
UPDATE SM_FIELD_DEF SET JP_TITLE = '{"ｶｾｯﾄﾛｯﾄ数', US_TITLE = 'SUBLOT_cnt' WHERE TABLE_ID = 'TBLID_BOPEMONI_INPUT_ADMIN' AND UPPER(FIELD_NAME) = 'SUBLOT_CNT';
UPDATE SM_FIELD_DEF SET JP_TITLE = 'ｶｾｯﾄﾛｯﾄ数', US_TITLE = 'SUBLOT_cnt' WHERE TABLE_ID = 'TBLID_BOPEMONI_INPUT_ADMIN' AND UPPER(FIELD_NAME) = 'SUBLOT_CNT';
UPDATE SM_FIELD_DEF SET JP_TITLE = 'ｱｸｼｮﾝ', US_TITLE = 'ACTION' WHERE TABLE_ID = 'TBLID_BOPEMONI_INPUT_ADMIN' AND UPPER(FIELD_NAME) = 'ACTION';
UPDATE SM_FIELD_DEF SET JP_TITLE = 'ｱｸｼｮﾝ2', US_TITLE = 'ACTION2' WHERE TABLE_ID = 'TBLID_BOPEMONI_INPUT_ADMIN' AND UPPER(FIELD_NAME) = 'ACTION2';
UPDATE SM_FIELD_DEF SET JP_TITLE = 'ｱｸｼｮﾝ3', US_TITLE = 'ACTION3' WHERE TABLE_ID = 'TBLID_BOPEMONI_INPUT_ADMIN' AND UPPER(FIELD_NAME) = 'ACTION3';
UPDATE SM_FIELD_DEF SET JP_TITLE = 'ｱｸｼｮﾝ4', US_TITLE = 'ACTION4' WHERE TABLE_ID = 'TBLID_BOPEMONI_INPUT_ADMIN' AND UPPER(FIELD_NAME) = 'ACTION4';
UPDATE SM_FIELD_DEF SET JP_TITLE = 'ｱｸｼｮﾝ5', US_TITLE = 'ACTION5' WHERE TABLE_ID = 'TBLID_BOPEMONI_INPUT_ADMIN' AND UPPER(FIELD_NAME) = 'ACTION5';
UPDATE SM_FIELD_DEF SET JP_TITLE = '{"ｱｸｼｮﾝ', US_TITLE = 'ACTION' WHERE TABLE_ID = 'TBLID_BOPEMONI_INPUT_ADMIN' AND UPPER(FIELD_NAME) = 'ACTION';
UPDATE SM_FIELD_DEF SET JP_TITLE = '{"ｱｸｼｮﾝ2', US_TITLE = 'ACTION2' WHERE TABLE_ID = 'TBLID_BOPEMONI_INPUT_ADMIN' AND UPPER(FIELD_NAME) = 'ACTION2';
UPDATE SM_FIELD_DEF SET JP_TITLE = '{"ｱｸｼｮﾝ3', US_TITLE = 'ACTION3' WHERE TABLE_ID = 'TBLID_BOPEMONI_INPUT_ADMIN' AND UPPER(FIELD_NAME) = 'ACTION3';
UPDATE SM_FIELD_DEF SET JP_TITLE = '{"ｱｸｼｮﾝ4', US_TITLE = 'ACTION4' WHERE TABLE_ID = 'TBLID_BOPEMONI_INPUT_ADMIN' AND UPPER(FIELD_NAME) = 'ACTION4';
UPDATE SM_FIELD_DEF SET JP_TITLE = '{"ｱｸｼｮﾝ5', US_TITLE = 'ACTION5' WHERE TABLE_ID = 'TBLID_BOPEMONI_INPUT_ADMIN' AND UPPER(FIELD_NAME) = 'ACTION5';
UPDATE SM_FIELD_DEF SET JP_TITLE = '{NULL', US_TITLE = 'NULL' WHERE TABLE_ID = 'TBLID_BOPEMONI_INPUT_ADMIN' AND UPPER(FIELD_NAME) = 'NULL';
UPDATE SM_FIELD_DEF SET JP_TITLE = '{"ﾀｲﾄﾙ', US_TITLE = '英語名' WHERE TABLE_ID = 'TBLID_BDUMMY_WAF_SET' AND UPPER(FIELD_NAME) = 'ﾌｨｰﾙﾄﾞ名';
UPDATE SM_FIELD_DEF SET JP_TITLE = '{"--------------------', US_TITLE = '--------------------------------------------------------' WHERE TABLE_ID = 'TBLID_BDUMMY_WAF_SET' AND UPPER(FIELD_NAME) = '--------------------';
UPDATE SM_FIELD_DEF SET JP_TITLE = 'ﾀﾞﾐｰ区分', US_TITLE = 'DUMMY_CAT' WHERE TABLE_ID = 'TBLID_BDUMMY_WAF_SET' AND UPPER(FIELD_NAME) = 'DUMMY_CAT';
UPDATE SM_FIELD_DEF SET JP_TITLE = '製品ｺｰﾄﾞID', US_TITLE = 'PROD_ID' WHERE TABLE_ID = 'TBLID_BDUMMY_WAF_SET' AND UPPER(FIELD_NAME) = 'PROD_ID';
UPDATE SM_FIELD_DEF SET JP_TITLE = '{"装置ID', US_TITLE = 'EQP_ID' WHERE TABLE_ID = 'TBLID_BDUMMY_WAF_SET' AND UPPER(FIELD_NAME) = 'EQP_ID';
UPDATE SM_FIELD_DEF SET JP_TITLE = '装置ID', US_TITLE = 'EQP_ID' WHERE TABLE_ID = 'TBLID_BDUMMY_WAF_SET' AND UPPER(FIELD_NAME) = 'EQP_ID';
UPDATE SM_FIELD_DEF SET JP_TITLE = '枚数', US_TITLE = 'NUM' WHERE TABLE_ID = 'TBLID_BDUMMY_WAF_SET' AND UPPER(FIELD_NAME) = 'NUM';
UPDATE SM_FIELD_DEF SET JP_TITLE = '{NULL', US_TITLE = 'NULL' WHERE TABLE_ID = 'TBLID_BDUMMY_WAF_SET' AND UPPER(FIELD_NAME) = 'NULL';
UPDATE SM_FIELD_DEF SET JP_TITLE = '{"ﾀｲﾄﾙ', US_TITLE = '英語名' WHERE TABLE_ID = 'TBLID_BEQP_USER' AND UPPER(FIELD_NAME) = 'ﾌｨｰﾙﾄﾞ名';
UPDATE SM_FIELD_DEF SET JP_TITLE = '{"--------------------', US_TITLE = '--------------------------------------------------------' WHERE TABLE_ID = 'TBLID_BEQP_USER' AND UPPER(FIELD_NAME) = '--------------------';
UPDATE SM_FIELD_DEF SET JP_TITLE = '{"装置作業者ID', US_TITLE = 'EQP_USER_ID' WHERE TABLE_ID = 'TBLID_BEQP_USER' AND UPPER(FIELD_NAME) = 'EQP_USER_ID';
UPDATE SM_FIELD_DEF SET JP_TITLE = '{"装置ID', US_TITLE = 'EQP_ID' WHERE TABLE_ID = 'TBLID_BEQP_USER' AND UPPER(FIELD_NAME) = 'EQP_ID';
UPDATE SM_FIELD_DEF SET JP_TITLE = '{"装置作業者ID', US_TITLE = 'EQP_USER_ID' WHERE TABLE_ID = 'TBLID_BEQP_USER' AND UPPER(FIELD_NAME) = 'EQP_USER_ID';
UPDATE SM_FIELD_DEF SET JP_TITLE = '装置作業者ID', US_TITLE = 'EQP_USER_ID' WHERE TABLE_ID = 'TBLID_BEQP_USER' AND UPPER(FIELD_NAME) = 'EQP_USER_ID';
UPDATE SM_FIELD_DEF SET JP_TITLE = '装置ID', US_TITLE = 'EQP_ID' WHERE TABLE_ID = 'TBLID_BEQP_USER' AND UPPER(FIELD_NAME) = 'EQP_ID';
UPDATE SM_FIELD_DEF SET JP_TITLE = '{NULL', US_TITLE = 'NULL' WHERE TABLE_ID = 'TBLID_BEQP_USER' AND UPPER(FIELD_NAME) = 'NULL';
UPDATE SM_FIELD_DEF SET JP_TITLE = '{"ﾀｲﾄﾙ', US_TITLE = '英語名' WHERE TABLE_ID = 'TBLID_BSTK_CARG' AND UPPER(FIELD_NAME) = 'ﾌｨｰﾙﾄﾞ名';
UPDATE SM_FIELD_DEF SET JP_TITLE = '{"--------------------', US_TITLE = '--------------------------------------------------------' WHERE TABLE_ID = 'TBLID_BSTK_CARG' AND UPPER(FIELD_NAME) = '--------------------';
UPDATE SM_FIELD_DEF SET JP_TITLE = 'ｽﾄｯｶｰID', US_TITLE = 'STK_ID' WHERE TABLE_ID = 'TBLID_BSTK_CARG' AND UPPER(FIELD_NAME) = 'STK_ID';
UPDATE SM_FIELD_DEF SET JP_TITLE = 'ｶｾｯﾄｸﾞﾙｰﾌﾟID', US_TITLE = 'CARG_ID' WHERE TABLE_ID = 'TBLID_BSTK_CARG' AND UPPER(FIELD_NAME) = 'CARG_ID';
UPDATE SM_FIELD_DEF SET JP_TITLE = '空ｶｾｯﾄ警告保有数', US_TITLE = 'EMPTY_CAR_ALM_STOCNT' WHERE TABLE_ID = 'TBLID_BSTK_CARG' AND UPPER(FIELD_NAME) = 'EMPTY_CAR_ALM_STOCNT';
UPDATE SM_FIELD_DEF SET JP_TITLE = '空ｶｾｯﾄ最低保有数', US_TITLE = 'EMPTY_CAR_MIN_STOCNT' WHERE TABLE_ID = 'TBLID_BSTK_CARG' AND UPPER(FIELD_NAME) = 'EMPTY_CAR_MIN_STOCNT';
UPDATE SM_FIELD_DEF SET JP_TITLE = '空ｶｾｯﾄ標準保有数', US_TITLE = 'EMPTY_CAR_STD_STOCNT' WHERE TABLE_ID = 'TBLID_BSTK_CARG' AND UPPER(FIELD_NAME) = 'EMPTY_CAR_STD_STOCNT';
UPDATE SM_FIELD_DEF SET JP_TITLE = '空ｶｾｯﾄ要求拒否数', US_TITLE = 'EMPTY_CAR_REQ_RECNT' WHERE TABLE_ID = 'TBLID_BSTK_CARG' AND UPPER(FIELD_NAME) = 'EMPTY_CAR_REQ_RECNT';
UPDATE SM_FIELD_DEF SET JP_TITLE = '{NULL', US_TITLE = 'NULL' WHERE TABLE_ID = 'TBLID_BSTK_CARG' AND UPPER(FIELD_NAME) = 'NULL';
UPDATE SM_FIELD_DEF SET JP_TITLE = '{"ﾀｲﾄﾙ', US_TITLE = '英語名' WHERE TABLE_ID = 'TBLID_BMTL_PROD_FIT' AND UPPER(FIELD_NAME) = 'ﾌｨｰﾙﾄﾞ名';
UPDATE SM_FIELD_DEF SET JP_TITLE = '{"--------------------', US_TITLE = '--------------------------------------------------------' WHERE TABLE_ID = 'TBLID_BMTL_PROD_FIT' AND UPPER(FIELD_NAME) = '--------------------';
UPDATE SM_FIELD_DEF SET JP_TITLE = '製品ｺｰﾄﾞID', US_TITLE = 'PROD_ID' WHERE TABLE_ID = 'TBLID_BMTL_PROD_FIT' AND UPPER(FIELD_NAME) = 'PROD_ID';
UPDATE SM_FIELD_DEF SET JP_TITLE = 'ﾏﾃﾘｱﾙ項目ID', US_TITLE = 'MTL_ITEM_ID' WHERE TABLE_ID = 'TBLID_BMTL_PROD_FIT' AND UPPER(FIELD_NAME) = 'MTL_ITEM_ID';
UPDATE SM_FIELD_DEF SET JP_TITLE = '装置ﾌﾟﾛﾊﾟﾃｨ', US_TITLE = 'EQP_PROPERTY' WHERE TABLE_ID = 'TBLID_BMTL_PROD_FIT' AND UPPER(FIELD_NAME) = 'EQP_PROPERTY';
UPDATE SM_FIELD_DEF SET JP_TITLE = '{NULL', US_TITLE = 'NULL' WHERE TABLE_ID = 'TBLID_BMTL_PROD_FIT' AND UPPER(FIELD_NAME) = 'NULL';
UPDATE SM_FIELD_DEF SET JP_TITLE = '{"ﾀｲﾄﾙ', US_TITLE = '英語名' WHERE TABLE_ID = 'TBLID_BPROD_02' AND UPPER(FIELD_NAME) = 'ﾌｨｰﾙﾄﾞ名';
UPDATE SM_FIELD_DEF SET JP_TITLE = '{"--------------------', US_TITLE = '--------------------------------------------------------' WHERE TABLE_ID = 'TBLID_BPROD_02' AND UPPER(FIELD_NAME) = '--------------------';
UPDATE SM_FIELD_DEF SET JP_TITLE = '製品ｺｰﾄﾞID', US_TITLE = 'PROD_ID' WHERE TABLE_ID = 'TBLID_BPROD_02' AND UPPER(FIELD_NAME) = 'PROD_ID';
UPDATE SM_FIELD_DEF SET JP_TITLE = '項目ID', US_TITLE = 'DPROD_FIELD' WHERE TABLE_ID = 'TBLID_BPROD_02' AND UPPER(FIELD_NAME) = 'DPROD_FIELD';
UPDATE SM_FIELD_DEF SET JP_TITLE = '{"項目値', US_TITLE = 'ITEM_VAL' WHERE TABLE_ID = 'TBLID_BPROD_02' AND UPPER(FIELD_NAME) = 'ITEM_VAL';
UPDATE SM_FIELD_DEF SET JP_TITLE = '項目値', US_TITLE = 'ITEM_VAL' WHERE TABLE_ID = 'TBLID_BPROD_02' AND UPPER(FIELD_NAME) = 'ITEM_VAL';
UPDATE SM_FIELD_DEF SET JP_TITLE = 'ｼｰｹﾝｽ番号', US_TITLE = 'SEQ_NO' WHERE TABLE_ID = 'TBLID_BPROD_02' AND UPPER(FIELD_NAME) = 'SEQ_NO';
UPDATE SM_FIELD_DEF SET JP_TITLE = '{NULL', US_TITLE = 'NULL' WHERE TABLE_ID = 'TBLID_BPROD_02' AND UPPER(FIELD_NAME) = 'NULL';
UPDATE SM_FIELD_DEF SET JP_TITLE = '{"ﾀｲﾄﾙ', US_TITLE = '英語名' WHERE TABLE_ID = 'TBLID_BCARRY_PORT_DSP_AREA' AND UPPER(FIELD_NAME) = 'ﾌｨｰﾙﾄﾞ名';
UPDATE SM_FIELD_DEF SET JP_TITLE = '{"--------------------', US_TITLE = '--------------------------------------------------------' WHERE TABLE_ID = 'TBLID_BCARRY_PORT_DSP_AREA' AND UPPER(FIELD_NAME) = '--------------------';
UPDATE SM_FIELD_DEF SET JP_TITLE = '{"DSPｴﾘｱID', US_TITLE = 'DSP_AREA_ID' WHERE TABLE_ID = 'TBLID_BCARRY_PORT_DSP_AREA' AND UPPER(FIELD_NAME) = 'DSP_AREA';
UPDATE SM_FIELD_DEF SET JP_TITLE = 'DSPｴﾘｱID', US_TITLE = 'DSP_AREA_ID' WHERE TABLE_ID = 'TBLID_BCARRY_PORT_DSP_AREA' AND UPPER(FIELD_NAME) = 'DSP_AREA';
UPDATE SM_FIELD_DEF SET JP_TITLE = '搬送ﾎﾟｰﾄ', US_TITLE = 'CARRY_PORT' WHERE TABLE_ID = 'TBLID_BCARRY_PORT_DSP_AREA' AND UPPER(FIELD_NAME) = 'CARRY_PORT';
UPDATE SM_FIELD_DEF SET JP_TITLE = '空搬送ﾎﾟｰﾄ', US_TITLE = 'EMP_CARRY_PORT' WHERE TABLE_ID = 'TBLID_BCARRY_PORT_DSP_AREA' AND UPPER(FIELD_NAME) = 'EMP_CARRY_PORT';
UPDATE SM_FIELD_DEF SET JP_TITLE = 'PDC後搬送ﾎﾟｰﾄ', US_TITLE = 'PDC_PORT' WHERE TABLE_ID = 'TBLID_BCARRY_PORT_DSP_AREA' AND UPPER(FIELD_NAME) = 'PDC_PORT';
UPDATE SM_FIELD_DEF SET JP_TITLE = '{NULL', US_TITLE = 'NULL' WHERE TABLE_ID = 'TBLID_BCARRY_PORT_DSP_AREA' AND UPPER(FIELD_NAME) = 'NULL';
UPDATE SM_FIELD_DEF SET JP_TITLE = '{"ﾀｲﾄﾙ', US_TITLE = '英語名' WHERE TABLE_ID = 'TBLID_BEP_MEAS_NUM' AND UPPER(FIELD_NAME) = 'ﾌｨｰﾙﾄﾞ名';
UPDATE SM_FIELD_DEF SET JP_TITLE = '{"--------------------', US_TITLE = '--------------------------------------------------------' WHERE TABLE_ID = 'TBLID_BEP_MEAS_NUM' AND UPPER(FIELD_NAME) = '--------------------';
UPDATE SM_FIELD_DEF SET JP_TITLE = '製品ｺｰﾄﾞID', US_TITLE = 'PROD_ID' WHERE TABLE_ID = 'TBLID_BEP_MEAS_NUM' AND UPPER(FIELD_NAME) = 'PROD_ID';
UPDATE SM_FIELD_DEF SET JP_TITLE = '工程ID', US_TITLE = 'OPE_ID' WHERE TABLE_ID = 'TBLID_BEP_MEAS_NUM' AND UPPER(FIELD_NAME) = 'OPE_ID';
UPDATE SM_FIELD_DEF SET JP_TITLE = '頻度', US_TITLE = 'SKIP_CNT' WHERE TABLE_ID = 'TBLID_BEP_MEAS_NUM' AND UPPER(FIELD_NAME) = 'SKIP_CNT';
UPDATE SM_FIELD_DEF SET JP_TITLE = '{NULL', US_TITLE = 'NULL' WHERE TABLE_ID = 'TBLID_BEP_MEAS_NUM' AND UPPER(FIELD_NAME) = 'NULL';
UPDATE SM_FIELD_DEF SET JP_TITLE = '{"ﾀｲﾄﾙ', US_TITLE = '英語名' WHERE TABLE_ID = 'TBLID_BPROD_DIV_ORG' AND UPPER(FIELD_NAME) = 'ﾌｨｰﾙﾄﾞ名';
UPDATE SM_FIELD_DEF SET JP_TITLE = '{"--------------------', US_TITLE = '--------------------------------------------------------' WHERE TABLE_ID = 'TBLID_BPROD_DIV_ORG' AND UPPER(FIELD_NAME) = '--------------------';
UPDATE SM_FIELD_DEF SET JP_TITLE = '製品ｺｰﾄﾞID', US_TITLE = 'PROD_ID' WHERE TABLE_ID = 'TBLID_BPROD_DIV_ORG' AND UPPER(FIELD_NAME) = 'PROD_ID';
UPDATE SM_FIELD_DEF SET JP_TITLE = '転用可能製元品ｺｰﾄﾞID', US_TITLE = 'DIV_ORG_PROD_ID' WHERE TABLE_ID = 'TBLID_BPROD_DIV_ORG' AND UPPER(FIELD_NAME) = 'DIV_ORG_PROD_ID';
UPDATE SM_FIELD_DEF SET JP_TITLE = '{NULL', US_TITLE = 'NULL' WHERE TABLE_ID = 'TBLID_BPROD_DIV_ORG' AND UPPER(FIELD_NAME) = 'NULL';
UPDATE SM_FIELD_DEF SET JP_TITLE = '{"ﾀｲﾄﾙ', US_TITLE = '英語名' WHERE TABLE_ID = 'TBLID_BMULTI_RECIP_SET' AND UPPER(FIELD_NAME) = 'ﾌｨｰﾙﾄﾞ名';
UPDATE SM_FIELD_DEF SET JP_TITLE = '{"--------------------', US_TITLE = '--------------------------------------------------------' WHERE TABLE_ID = 'TBLID_BMULTI_RECIP_SET' AND UPPER(FIELD_NAME) = '--------------------';
UPDATE SM_FIELD_DEF SET JP_TITLE = 'ﾙｰﾄID', US_TITLE = 'RouteID' WHERE TABLE_ID = 'TBLID_BMULTI_RECIP_SET' AND UPPER(FIELD_NAME) = 'ROUTE_ID';
UPDATE SM_FIELD_DEF SET JP_TITLE = 'ﾙｰﾄﾊﾞｰｼﾞｮﾝ', US_TITLE = 'Route Ver' WHERE TABLE_ID = 'TBLID_BMULTI_RECIP_SET' AND UPPER(FIELD_NAME) = 'ROUTE_VER';
UPDATE SM_FIELD_DEF SET JP_TITLE = '作業番号', US_TITLE = 'Ope No' WHERE TABLE_ID = 'TBLID_BMULTI_RECIP_SET' AND UPPER(FIELD_NAME) = 'OPE_NO';
UPDATE SM_FIELD_DEF SET JP_TITLE = '製品ｺｰﾄﾞID', US_TITLE = 'Prod ID' WHERE TABLE_ID = 'TBLID_BMULTI_RECIP_SET' AND UPPER(FIELD_NAME) = 'PROD_ID';
UPDATE SM_FIELD_DEF SET JP_TITLE = '装置ID', US_TITLE = 'Eqp ID' WHERE TABLE_ID = 'TBLID_BMULTI_RECIP_SET' AND UPPER(FIELD_NAME) = 'EQP_ID';
UPDATE SM_FIELD_DEF SET JP_TITLE = 'ﾚｼﾋﾟID1', US_TITLE = 'RECIP_ID1' WHERE TABLE_ID = 'TBLID_BMULTI_RECIP_SET' AND UPPER(FIELD_NAME) = 'RECIP_ID1';
UPDATE SM_FIELD_DEF SET JP_TITLE = 'ﾚｼﾋﾟID1処理回数', US_TITLE = 'RECIP1_CNT' WHERE TABLE_ID = 'TBLID_BMULTI_RECIP_SET' AND UPPER(FIELD_NAME) = 'RECIP1_CNT';
UPDATE SM_FIELD_DEF SET JP_TITLE = 'ﾚｼﾋﾟID2', US_TITLE = 'RECIP_ID2' WHERE TABLE_ID = 'TBLID_BMULTI_RECIP_SET' AND UPPER(FIELD_NAME) = 'RECIP_ID2';
UPDATE SM_FIELD_DEF SET JP_TITLE = 'ﾚｼﾋﾟID2処理回数', US_TITLE = 'RECIP2_CNT' WHERE TABLE_ID = 'TBLID_BMULTI_RECIP_SET' AND UPPER(FIELD_NAME) = 'RECIP2_CNT';
UPDATE SM_FIELD_DEF SET JP_TITLE = '{NULL', US_TITLE = 'NULL' WHERE TABLE_ID = 'TBLID_BMULTI_RECIP_SET' AND UPPER(FIELD_NAME) = 'NULL';
UPDATE SM_FIELD_DEF SET JP_TITLE = '{"ﾀｲﾄﾙ', US_TITLE = '英語名' WHERE TABLE_ID = 'TBLID_BSYSTEM_INI_TBL' AND UPPER(FIELD_NAME) = 'ﾌｨｰﾙﾄﾞ名';
UPDATE SM_FIELD_DEF SET JP_TITLE = '{"--------------------', US_TITLE = '--------------------------------------------------------' WHERE TABLE_ID = 'TBLID_BSYSTEM_INI_TBL' AND UPPER(FIELD_NAME) = '--------------------';
UPDATE SM_FIELD_DEF SET JP_TITLE = 'ﾓｼﾞｭｰﾙ区分', US_TITLE = 'MODULE_CAT' WHERE TABLE_ID = 'TBLID_BSYSTEM_INI_TBL' AND UPPER(FIELD_NAME) = 'MODULE_CAT';
UPDATE SM_FIELD_DEF SET JP_TITLE = '項目区分', US_TITLE = 'ITEM_CAT' WHERE TABLE_ID = 'TBLID_BSYSTEM_INI_TBL' AND UPPER(FIELD_NAME) = 'ITEM_CAT';
UPDATE SM_FIELD_DEF SET JP_TITLE = '項目ｺｰﾄﾞ', US_TITLE = 'ITEM_CODE' WHERE TABLE_ID = 'TBLID_BSYSTEM_INI_TBL' AND UPPER(FIELD_NAME) = 'ITEM_CODE';
UPDATE SM_FIELD_DEF SET JP_TITLE = 'ｼｰｹﾝｽ番号', US_TITLE = 'SEQ_NO' WHERE TABLE_ID = 'TBLID_BSYSTEM_INI_TBL' AND UPPER(FIELD_NAME) = 'SEQ_NO';
UPDATE SM_FIELD_DEF SET JP_TITLE = '項目ﾃﾞｰﾀ', US_TITLE = 'ITEM_DATA' WHERE TABLE_ID = 'TBLID_BSYSTEM_INI_TBL' AND UPPER(FIELD_NAME) = 'ITEM_DATA';
UPDATE SM_FIELD_DEF SET JP_TITLE = '項目ﾃﾞｰﾀ詳細', US_TITLE = 'ITEM_DATA_DESC' WHERE TABLE_ID = 'TBLID_BSYSTEM_INI_TBL' AND UPPER(FIELD_NAME) = 'ITEM_DATA_DESC';
UPDATE SM_FIELD_DEF SET JP_TITLE = '{NULL', US_TITLE = 'NULL' WHERE TABLE_ID = 'TBLID_BSYSTEM_INI_TBL' AND UPPER(FIELD_NAME) = 'NULL';
UPDATE SM_FIELD_DEF SET JP_TITLE = '{"ﾀｲﾄﾙ', US_TITLE = '英語名' WHERE TABLE_ID = 'TBLID_BCARRY_PORT_EQP' AND UPPER(FIELD_NAME) = 'ﾌｨｰﾙﾄﾞ名';
UPDATE SM_FIELD_DEF SET JP_TITLE = '{"--------------------', US_TITLE = '--------------------------------------------------------' WHERE TABLE_ID = 'TBLID_BCARRY_PORT_EQP' AND UPPER(FIELD_NAME) = '--------------------';
UPDATE SM_FIELD_DEF SET JP_TITLE = '装置ID', US_TITLE = 'EQP_ID' WHERE TABLE_ID = 'TBLID_BCARRY_PORT_EQP' AND UPPER(FIELD_NAME) = 'EQP_ID';
UPDATE SM_FIELD_DEF SET JP_TITLE = 'FabID', US_TITLE = 'FAB_ID' WHERE TABLE_ID = 'TBLID_BCARRY_PORT_EQP' AND UPPER(FIELD_NAME) = 'FAB_ID';
UPDATE SM_FIELD_DEF SET JP_TITLE = '搬送ｽﾄｯｶｰ', US_TITLE = 'CARRY_STK' WHERE TABLE_ID = 'TBLID_BCARRY_PORT_EQP' AND UPPER(FIELD_NAME) = 'CARRY_STK';
UPDATE SM_FIELD_DEF SET JP_TITLE = '搬送ﾎﾟｰﾄ', US_TITLE = 'CARRY_PORT' WHERE TABLE_ID = 'TBLID_BCARRY_PORT_EQP' AND UPPER(FIELD_NAME) = 'CARRY_PORT';
UPDATE SM_FIELD_DEF SET JP_TITLE = '{NULL', US_TITLE = 'NULL' WHERE TABLE_ID = 'TBLID_BCARRY_PORT_EQP' AND UPPER(FIELD_NAME) = 'NULL';
UPDATE SM_FIELD_DEF SET JP_TITLE = '{"ﾀｲﾄﾙ', US_TITLE = '英語名' WHERE TABLE_ID = 'TBLID_BCMPL_MODE' AND UPPER(FIELD_NAME) = 'ﾌｨｰﾙﾄﾞ名';
UPDATE SM_FIELD_DEF SET JP_TITLE = '{"--------------------', US_TITLE = '--------------------------------------------------------' WHERE TABLE_ID = 'TBLID_BCMPL_MODE' AND UPPER(FIELD_NAME) = '--------------------';
UPDATE SM_FIELD_DEF SET JP_TITLE = 'ｺﾝﾊﾞｲﾙﾓｰﾄﾞ', US_TITLE = 'CMPL_MODE' WHERE TABLE_ID = 'TBLID_BCMPL_MODE' AND UPPER(FIELD_NAME) = 'CMPL_MODE';
UPDATE SM_FIELD_DEF SET JP_TITLE = 'ｺﾝﾊﾞｲﾙﾓｰﾄﾞ詳細', US_TITLE = 'CMPL_MODE_DESC' WHERE TABLE_ID = 'TBLID_BCMPL_MODE' AND UPPER(FIELD_NAME) = 'CMPL_MODE_DESC';
UPDATE SM_FIELD_DEF SET JP_TITLE = '{NULL', US_TITLE = 'NULL' WHERE TABLE_ID = 'TBLID_BCMPL_MODE' AND UPPER(FIELD_NAME) = 'NULL';
UPDATE SM_FIELD_DEF SET JP_TITLE = '{"ﾀｲﾄﾙ', US_TITLE = '英語名' WHERE TABLE_ID = 'TBLID_BCMPL_DEST_TYPE' AND UPPER(FIELD_NAME) = 'ﾌｨｰﾙﾄﾞ名';
UPDATE SM_FIELD_DEF SET JP_TITLE = '{"--------------------', US_TITLE = '--------------------------------------------------------' WHERE TABLE_ID = 'TBLID_BCMPL_DEST_TYPE' AND UPPER(FIELD_NAME) = '--------------------';
UPDATE SM_FIELD_DEF SET JP_TITLE = '行先ﾀｲﾌﾟ', US_TITLE = 'DEST_TYPE' WHERE TABLE_ID = 'TBLID_BCMPL_DEST_TYPE' AND UPPER(FIELD_NAME) = 'DEST_TYPE';
UPDATE SM_FIELD_DEF SET JP_TITLE = '行先ﾀｲﾌﾟ詳細', US_TITLE = 'DEST_TYPE_DESC' WHERE TABLE_ID = 'TBLID_BCMPL_DEST_TYPE' AND UPPER(FIELD_NAME) = 'DEST_TYPE_DESC';
UPDATE SM_FIELD_DEF SET JP_TITLE = 'ｶｾｯﾄｸﾞﾙｰﾌﾟID', US_TITLE = 'CARG_ID' WHERE TABLE_ID = 'TBLID_BCMPL_DEST_TYPE' AND UPPER(FIELD_NAME) = 'CARG_ID';
UPDATE SM_FIELD_DEF SET JP_TITLE = '{NULL', US_TITLE = 'NULL' WHERE TABLE_ID = 'TBLID_BCMPL_DEST_TYPE' AND UPPER(FIELD_NAME) = 'NULL';
UPDATE SM_FIELD_DEF SET JP_TITLE = '{"ﾀｲﾄﾙ', US_TITLE = '英語名' WHERE TABLE_ID = 'TBLID_BCMPL_DEST_CAT' AND UPPER(FIELD_NAME) = 'ﾌｨｰﾙﾄﾞ名';
UPDATE SM_FIELD_DEF SET JP_TITLE = '{"--------------------', US_TITLE = '--------------------------------------------------------' WHERE TABLE_ID = 'TBLID_BCMPL_DEST_CAT' AND UPPER(FIELD_NAME) = '--------------------';
UPDATE SM_FIELD_DEF SET JP_TITLE = '行先ﾀｲﾌﾟ', US_TITLE = 'DEST_TYPE' WHERE TABLE_ID = 'TBLID_BCMPL_DEST_CAT' AND UPPER(FIELD_NAME) = 'DEST_TYPE';
UPDATE SM_FIELD_DEF SET JP_TITLE = 'ｳｪｰﾊ処理区分', US_TITLE = 'WAF_ACTION_CAT' WHERE TABLE_ID = 'TBLID_BCMPL_DEST_CAT' AND UPPER(FIELD_NAME) = 'WAF_ACTION_CAT';
UPDATE SM_FIELD_DEF SET JP_TITLE = '{NULL', US_TITLE = 'NULL' WHERE TABLE_ID = 'TBLID_BCMPL_DEST_CAT' AND UPPER(FIELD_NAME) = 'NULL';

-- Minimal checks for tables without curated config

INSERT INTO SM_CHECK_DEF (TABLE_ID,CHECK_TYPE,CHECK_ORDER,CHECK_KIND,FIELD_NAME,REF_TABLE,REF_FIELD,EXPECT_VALUE,ERR_MSG) VALUES ('TBLID_BEQP_MAILADRESS','SAVE',1,'NOTNULL','EQP_ID',NULL,NULL,NULL,'EQP_ID required');
INSERT INTO SM_CHECK_DEF (TABLE_ID,CHECK_TYPE,CHECK_ORDER,CHECK_KIND,FIELD_NAME,REF_TABLE,REF_FIELD,EXPECT_VALUE,ERR_MSG) VALUES ('TBLID_BEQP_MAILADRESS','SAVE',2,'STAT_N',NULL,NULL,NULL,NULL,'Not editable');
INSERT INTO SM_CHECK_DEF (TABLE_ID,CHECK_TYPE,CHECK_ORDER,CHECK_KIND,FIELD_NAME,REF_TABLE,REF_FIELD,EXPECT_VALUE,ERR_MSG) VALUES ('TBLID_BEQP_MAILADRESS','SAVE',3,'LOCK_FREE',NULL,NULL,NULL,NULL,'Locked');
INSERT INTO SM_CHECK_DEF (TABLE_ID,CHECK_TYPE,CHECK_ORDER,CHECK_KIND,FIELD_NAME,REF_TABLE,REF_FIELD,EXPECT_VALUE,ERR_MSG) VALUES ('TBLID_BEQP_MAILADRESS','RELEASE',1,'NOTNULL','EQP_ID',NULL,NULL,NULL,'EQP_ID required');
INSERT INTO SM_CHECK_DEF (TABLE_ID,CHECK_TYPE,CHECK_ORDER,CHECK_KIND,FIELD_NAME,REF_TABLE,REF_FIELD,EXPECT_VALUE,ERR_MSG) VALUES ('TBLID_BEQP_MAILADRESS','RELEASE',2,'STAT_N',NULL,NULL,NULL,NULL,'Not editable');
INSERT INTO SM_CHECK_DEF (TABLE_ID,CHECK_TYPE,CHECK_ORDER,CHECK_KIND,FIELD_NAME,REF_TABLE,REF_FIELD,EXPECT_VALUE,ERR_MSG) VALUES ('TBLID_BEQP_MAILADRESS','RELEASE',3,'LOCK_FREE',NULL,NULL,NULL,NULL,'Locked');
INSERT INTO SM_CHECK_DEF (TABLE_ID,CHECK_TYPE,CHECK_ORDER,CHECK_KIND,FIELD_NAME,REF_TABLE,REF_FIELD,EXPECT_VALUE,ERR_MSG) VALUES ('TBLID_BEQP_MAILADRESS','RELEASE',10,'RELEASE_PARAM','EQP_ID','DEQP_MAILADRESS',NULL,NULL,NULL);
INSERT INTO SM_CHECK_DEF (TABLE_ID,CHECK_TYPE,CHECK_ORDER,CHECK_KIND,FIELD_NAME,REF_TABLE,REF_FIELD,EXPECT_VALUE,ERR_MSG) VALUES ('TBLID_BEQP_MAILADRESS','DELETE',1,'NOTNULL','EQP_ID',NULL,NULL,NULL,'EQP_ID required');
INSERT INTO SM_CHECK_DEF (TABLE_ID,CHECK_TYPE,CHECK_ORDER,CHECK_KIND,FIELD_NAME,REF_TABLE,REF_FIELD,EXPECT_VALUE,ERR_MSG) VALUES ('TBLID_BEQP_MAILADRESS','DELETE',2,'STAT_Y',NULL,NULL,NULL,NULL,'Not released');
INSERT INTO SM_CHECK_DEF (TABLE_ID,CHECK_TYPE,CHECK_ORDER,CHECK_KIND,FIELD_NAME,REF_TABLE,REF_FIELD,EXPECT_VALUE,ERR_MSG) VALUES ('TBLID_BEQP_MAILADRESS','DELETE',3,'LOCK_FREE',NULL,NULL,NULL,NULL,'Locked');
INSERT INTO SM_CHECK_DEF (TABLE_ID,CHECK_TYPE,CHECK_ORDER,CHECK_KIND,FIELD_NAME,REF_TABLE,REF_FIELD,EXPECT_VALUE,ERR_MSG) VALUES ('TBLID_BEQP_MAILADRESS','EDITCOMP',1,'NOTNULL','EQP_ID',NULL,NULL,NULL,'EQP_ID required');
INSERT INTO SM_CHECK_DEF (TABLE_ID,CHECK_TYPE,CHECK_ORDER,CHECK_KIND,FIELD_NAME,REF_TABLE,REF_FIELD,EXPECT_VALUE,ERR_MSG) VALUES ('TBLID_BEQP_MAILADRESS','EDITCOMP',2,'STAT_N',NULL,NULL,NULL,NULL,'Not editable');
INSERT INTO SM_CHECK_DEF (TABLE_ID,CHECK_TYPE,CHECK_ORDER,CHECK_KIND,FIELD_NAME,REF_TABLE,REF_FIELD,EXPECT_VALUE,ERR_MSG) VALUES ('TBLID_BEQP_MAILADRESS','EDITCOMP',3,'LOCK_FREE',NULL,NULL,NULL,NULL,'Locked');
INSERT INTO SM_CHECK_DEF (TABLE_ID,CHECK_TYPE,CHECK_ORDER,CHECK_KIND,FIELD_NAME,REF_TABLE,REF_FIELD,EXPECT_VALUE,ERR_MSG) VALUES ('TBLID_BEQP_MAILADRESS','EDITCOMP',4,'COMP_N',NULL,NULL,NULL,NULL,'Already complete');

INSERT INTO SM_CHECK_DEF (TABLE_ID,CHECK_TYPE,CHECK_ORDER,CHECK_KIND,FIELD_NAME,REF_TABLE,REF_FIELD,EXPECT_VALUE,ERR_MSG) VALUES ('TBLID_BPROD_20210412','SAVE',1,'NOTNULL','PROD_ID',NULL,NULL,NULL,'PROD_ID required');
INSERT INTO SM_CHECK_DEF (TABLE_ID,CHECK_TYPE,CHECK_ORDER,CHECK_KIND,FIELD_NAME,REF_TABLE,REF_FIELD,EXPECT_VALUE,ERR_MSG) VALUES ('TBLID_BPROD_20210412','SAVE',2,'STAT_N',NULL,NULL,NULL,NULL,'Not editable');
INSERT INTO SM_CHECK_DEF (TABLE_ID,CHECK_TYPE,CHECK_ORDER,CHECK_KIND,FIELD_NAME,REF_TABLE,REF_FIELD,EXPECT_VALUE,ERR_MSG) VALUES ('TBLID_BPROD_20210412','SAVE',3,'LOCK_FREE',NULL,NULL,NULL,NULL,'Locked');
INSERT INTO SM_CHECK_DEF (TABLE_ID,CHECK_TYPE,CHECK_ORDER,CHECK_KIND,FIELD_NAME,REF_TABLE,REF_FIELD,EXPECT_VALUE,ERR_MSG) VALUES ('TBLID_BPROD_20210412','RELEASE',1,'NOTNULL','PROD_ID',NULL,NULL,NULL,'PROD_ID required');
INSERT INTO SM_CHECK_DEF (TABLE_ID,CHECK_TYPE,CHECK_ORDER,CHECK_KIND,FIELD_NAME,REF_TABLE,REF_FIELD,EXPECT_VALUE,ERR_MSG) VALUES ('TBLID_BPROD_20210412','RELEASE',2,'STAT_N',NULL,NULL,NULL,NULL,'Not editable');
INSERT INTO SM_CHECK_DEF (TABLE_ID,CHECK_TYPE,CHECK_ORDER,CHECK_KIND,FIELD_NAME,REF_TABLE,REF_FIELD,EXPECT_VALUE,ERR_MSG) VALUES ('TBLID_BPROD_20210412','RELEASE',3,'LOCK_FREE',NULL,NULL,NULL,NULL,'Locked');
INSERT INTO SM_CHECK_DEF (TABLE_ID,CHECK_TYPE,CHECK_ORDER,CHECK_KIND,FIELD_NAME,REF_TABLE,REF_FIELD,EXPECT_VALUE,ERR_MSG) VALUES ('TBLID_BPROD_20210412','RELEASE',10,'RELEASE_PARAM','PROD_ID','DPROD_20210412',NULL,NULL,NULL);
INSERT INTO SM_CHECK_DEF (TABLE_ID,CHECK_TYPE,CHECK_ORDER,CHECK_KIND,FIELD_NAME,REF_TABLE,REF_FIELD,EXPECT_VALUE,ERR_MSG) VALUES ('TBLID_BPROD_20210412','DELETE',1,'NOTNULL','PROD_ID',NULL,NULL,NULL,'PROD_ID required');
INSERT INTO SM_CHECK_DEF (TABLE_ID,CHECK_TYPE,CHECK_ORDER,CHECK_KIND,FIELD_NAME,REF_TABLE,REF_FIELD,EXPECT_VALUE,ERR_MSG) VALUES ('TBLID_BPROD_20210412','DELETE',2,'STAT_Y',NULL,NULL,NULL,NULL,'Not released');
INSERT INTO SM_CHECK_DEF (TABLE_ID,CHECK_TYPE,CHECK_ORDER,CHECK_KIND,FIELD_NAME,REF_TABLE,REF_FIELD,EXPECT_VALUE,ERR_MSG) VALUES ('TBLID_BPROD_20210412','DELETE',3,'LOCK_FREE',NULL,NULL,NULL,NULL,'Locked');
INSERT INTO SM_CHECK_DEF (TABLE_ID,CHECK_TYPE,CHECK_ORDER,CHECK_KIND,FIELD_NAME,REF_TABLE,REF_FIELD,EXPECT_VALUE,ERR_MSG) VALUES ('TBLID_BPROD_20210412','EDITCOMP',1,'NOTNULL','PROD_ID',NULL,NULL,NULL,'PROD_ID required');
INSERT INTO SM_CHECK_DEF (TABLE_ID,CHECK_TYPE,CHECK_ORDER,CHECK_KIND,FIELD_NAME,REF_TABLE,REF_FIELD,EXPECT_VALUE,ERR_MSG) VALUES ('TBLID_BPROD_20210412','EDITCOMP',2,'STAT_N',NULL,NULL,NULL,NULL,'Not editable');
INSERT INTO SM_CHECK_DEF (TABLE_ID,CHECK_TYPE,CHECK_ORDER,CHECK_KIND,FIELD_NAME,REF_TABLE,REF_FIELD,EXPECT_VALUE,ERR_MSG) VALUES ('TBLID_BPROD_20210412','EDITCOMP',3,'LOCK_FREE',NULL,NULL,NULL,NULL,'Locked');
INSERT INTO SM_CHECK_DEF (TABLE_ID,CHECK_TYPE,CHECK_ORDER,CHECK_KIND,FIELD_NAME,REF_TABLE,REF_FIELD,EXPECT_VALUE,ERR_MSG) VALUES ('TBLID_BPROD_20210412','EDITCOMP',4,'COMP_N',NULL,NULL,NULL,NULL,'Already complete');

INSERT INTO SM_CHECK_DEF (TABLE_ID,CHECK_TYPE,CHECK_ORDER,CHECK_KIND,FIELD_NAME,REF_TABLE,REF_FIELD,EXPECT_VALUE,ERR_MSG) VALUES ('TBLID_BPROD_20210414','SAVE',1,'NOTNULL','PROD_ID',NULL,NULL,NULL,'PROD_ID required');
INSERT INTO SM_CHECK_DEF (TABLE_ID,CHECK_TYPE,CHECK_ORDER,CHECK_KIND,FIELD_NAME,REF_TABLE,REF_FIELD,EXPECT_VALUE,ERR_MSG) VALUES ('TBLID_BPROD_20210414','SAVE',2,'STAT_N',NULL,NULL,NULL,NULL,'Not editable');
INSERT INTO SM_CHECK_DEF (TABLE_ID,CHECK_TYPE,CHECK_ORDER,CHECK_KIND,FIELD_NAME,REF_TABLE,REF_FIELD,EXPECT_VALUE,ERR_MSG) VALUES ('TBLID_BPROD_20210414','SAVE',3,'LOCK_FREE',NULL,NULL,NULL,NULL,'Locked');
INSERT INTO SM_CHECK_DEF (TABLE_ID,CHECK_TYPE,CHECK_ORDER,CHECK_KIND,FIELD_NAME,REF_TABLE,REF_FIELD,EXPECT_VALUE,ERR_MSG) VALUES ('TBLID_BPROD_20210414','RELEASE',1,'NOTNULL','PROD_ID',NULL,NULL,NULL,'PROD_ID required');
INSERT INTO SM_CHECK_DEF (TABLE_ID,CHECK_TYPE,CHECK_ORDER,CHECK_KIND,FIELD_NAME,REF_TABLE,REF_FIELD,EXPECT_VALUE,ERR_MSG) VALUES ('TBLID_BPROD_20210414','RELEASE',2,'STAT_N',NULL,NULL,NULL,NULL,'Not editable');
INSERT INTO SM_CHECK_DEF (TABLE_ID,CHECK_TYPE,CHECK_ORDER,CHECK_KIND,FIELD_NAME,REF_TABLE,REF_FIELD,EXPECT_VALUE,ERR_MSG) VALUES ('TBLID_BPROD_20210414','RELEASE',3,'LOCK_FREE',NULL,NULL,NULL,NULL,'Locked');
INSERT INTO SM_CHECK_DEF (TABLE_ID,CHECK_TYPE,CHECK_ORDER,CHECK_KIND,FIELD_NAME,REF_TABLE,REF_FIELD,EXPECT_VALUE,ERR_MSG) VALUES ('TBLID_BPROD_20210414','RELEASE',10,'RELEASE_PARAM','PROD_ID','DPROD_20210414',NULL,NULL,NULL);
INSERT INTO SM_CHECK_DEF (TABLE_ID,CHECK_TYPE,CHECK_ORDER,CHECK_KIND,FIELD_NAME,REF_TABLE,REF_FIELD,EXPECT_VALUE,ERR_MSG) VALUES ('TBLID_BPROD_20210414','DELETE',1,'NOTNULL','PROD_ID',NULL,NULL,NULL,'PROD_ID required');
INSERT INTO SM_CHECK_DEF (TABLE_ID,CHECK_TYPE,CHECK_ORDER,CHECK_KIND,FIELD_NAME,REF_TABLE,REF_FIELD,EXPECT_VALUE,ERR_MSG) VALUES ('TBLID_BPROD_20210414','DELETE',2,'STAT_Y',NULL,NULL,NULL,NULL,'Not released');
INSERT INTO SM_CHECK_DEF (TABLE_ID,CHECK_TYPE,CHECK_ORDER,CHECK_KIND,FIELD_NAME,REF_TABLE,REF_FIELD,EXPECT_VALUE,ERR_MSG) VALUES ('TBLID_BPROD_20210414','DELETE',3,'LOCK_FREE',NULL,NULL,NULL,NULL,'Locked');
INSERT INTO SM_CHECK_DEF (TABLE_ID,CHECK_TYPE,CHECK_ORDER,CHECK_KIND,FIELD_NAME,REF_TABLE,REF_FIELD,EXPECT_VALUE,ERR_MSG) VALUES ('TBLID_BPROD_20210414','EDITCOMP',1,'NOTNULL','PROD_ID',NULL,NULL,NULL,'PROD_ID required');
INSERT INTO SM_CHECK_DEF (TABLE_ID,CHECK_TYPE,CHECK_ORDER,CHECK_KIND,FIELD_NAME,REF_TABLE,REF_FIELD,EXPECT_VALUE,ERR_MSG) VALUES ('TBLID_BPROD_20210414','EDITCOMP',2,'STAT_N',NULL,NULL,NULL,NULL,'Not editable');
INSERT INTO SM_CHECK_DEF (TABLE_ID,CHECK_TYPE,CHECK_ORDER,CHECK_KIND,FIELD_NAME,REF_TABLE,REF_FIELD,EXPECT_VALUE,ERR_MSG) VALUES ('TBLID_BPROD_20210414','EDITCOMP',3,'LOCK_FREE',NULL,NULL,NULL,NULL,'Locked');
INSERT INTO SM_CHECK_DEF (TABLE_ID,CHECK_TYPE,CHECK_ORDER,CHECK_KIND,FIELD_NAME,REF_TABLE,REF_FIELD,EXPECT_VALUE,ERR_MSG) VALUES ('TBLID_BPROD_20210414','EDITCOMP',4,'COMP_N',NULL,NULL,NULL,NULL,'Already complete');

