-- Auto-generated SM config

-- BHOLDCODE (24 fields)
INSERT INTO SM_TABLE_DEF (TABLE_ID,TABLE_NAME,JP_TITLE,US_TITLE,RELEASE_FLAG,DISTRIBUTE_FLAG,PERMISSION_TYPE,SCHEMA_TYPE,HAS_DUMMY,SORT_NO) VALUES ('TBLID_BHOLDCODE','BHOLDCODE','BHOLDCODE','BHOLDCODE','Y','N','C','L','N',300);
INSERT INTO SM_FIELD_DEF (TABLE_ID,FIELD_NAME,JP_TITLE,US_TITLE,DB_TYPE,DB_LENGTH,IS_KEY,NOT_BLANK,IS_DUMMY,IS_SEARCH_ITEM,SORT_NO,TREE_LEVEL,SHEET_NO,PAGE_NO,PROPERTY_NO,IS_AUTO,IS_MANDATORY,SYSTEM_READONLY,FIELD_TYPE,FIELD_LENGTH,INPUT_ALPHABET,INPUT_MULTIBYTE,INPUT_NUMERIC,INPUT_SYMBOL,INPUT_UPPERCASE,RETRIEVAL_TABLE,FORMAT,DEFAULT_VALUE,MIN_VALUE,MAX_VALUE,CALENDAR_BUTTON,JUMP_BUTTON,OPEN_BUTTON,REF_TABLE_ID,REF_FIELD_NAME,SPECIAL_BUTTON) VALUES ('TBLID_BHOLDCODE','HOLD_TYPE','HOLD_TYPE','HOLD_TYPE','STRING',2,'Y','Y','N','Y',0,0,0,0,0,'N','N','N','STRING',2,'Y',0,'Y','Y','Y','NONE',NULL,NULL,NULL,NULL,'N','N',0,NULL,NULL,0);
INSERT INTO SM_FIELD_DEF (TABLE_ID,FIELD_NAME,JP_TITLE,US_TITLE,DB_TYPE,DB_LENGTH,IS_KEY,NOT_BLANK,IS_DUMMY,IS_SEARCH_ITEM,SORT_NO,TREE_LEVEL,SHEET_NO,PAGE_NO,PROPERTY_NO,IS_AUTO,IS_MANDATORY,SYSTEM_READONLY,FIELD_TYPE,FIELD_LENGTH,INPUT_ALPHABET,INPUT_MULTIBYTE,INPUT_NUMERIC,INPUT_SYMBOL,INPUT_UPPERCASE,RETRIEVAL_TABLE,FORMAT,DEFAULT_VALUE,MIN_VALUE,MAX_VALUE,CALENDAR_BUTTON,JUMP_BUTTON,OPEN_BUTTON,REF_TABLE_ID,REF_FIELD_NAME,SPECIAL_BUTTON) VALUES ('TBLID_BHOLDCODE','HOLD_RSN_CODE','HOLD_RSN_CODE','HOLD_RSN_CODE','STRING',10,'N','Y','N','Y',1,-1,0,0,1,'N','N','N','STRING',10,'Y',0,'Y','Y','Y','NONE',NULL,NULL,NULL,NULL,'N','N',0,NULL,NULL,0);
INSERT INTO SM_FIELD_DEF (TABLE_ID,FIELD_NAME,JP_TITLE,US_TITLE,DB_TYPE,DB_LENGTH,IS_KEY,NOT_BLANK,IS_DUMMY,IS_SEARCH_ITEM,SORT_NO,TREE_LEVEL,SHEET_NO,PAGE_NO,PROPERTY_NO,IS_AUTO,IS_MANDATORY,SYSTEM_READONLY,FIELD_TYPE,FIELD_LENGTH,INPUT_ALPHABET,INPUT_MULTIBYTE,INPUT_NUMERIC,INPUT_SYMBOL,INPUT_UPPERCASE,RETRIEVAL_TABLE,FORMAT,DEFAULT_VALUE,MIN_VALUE,MAX_VALUE,CALENDAR_BUTTON,JUMP_BUTTON,OPEN_BUTTON,REF_TABLE_ID,REF_FIELD_NAME,SPECIAL_BUTTON) VALUES ('TBLID_BHOLDCODE','HOLD_RSN_CODE_NAME','HOLD_RSN_CODE_NAME','HOLD_RSN_CODE_NAME','STRING',40,'N','Y','N','Y',2,-1,0,0,2,'N','N','N','STRING',40,'Y',0,'Y','Y','Y','NONE',NULL,NULL,NULL,NULL,'N','N',0,NULL,NULL,0);
INSERT INTO SM_FIELD_DEF (TABLE_ID,FIELD_NAME,JP_TITLE,US_TITLE,DB_TYPE,DB_LENGTH,IS_KEY,NOT_BLANK,IS_DUMMY,IS_SEARCH_ITEM,SORT_NO,TREE_LEVEL,SHEET_NO,PAGE_NO,PROPERTY_NO,IS_AUTO,IS_MANDATORY,SYSTEM_READONLY,FIELD_TYPE,FIELD_LENGTH,INPUT_ALPHABET,INPUT_MULTIBYTE,INPUT_NUMERIC,INPUT_SYMBOL,INPUT_UPPERCASE,RETRIEVAL_TABLE,FORMAT,DEFAULT_VALUE,MIN_VALUE,MAX_VALUE,CALENDAR_BUTTON,JUMP_BUTTON,OPEN_BUTTON,REF_TABLE_ID,REF_FIELD_NAME,SPECIAL_BUTTON) VALUES ('TBLID_BHOLDCODE','HOLD_RSN_CODE_DESC','HOLD_RSN_CODE_DESC','HOLD_RSN_CODE_DESC','STRING',80,'N','Y','N','Y',3,-1,0,0,3,'N','N','N','STRING',80,'Y',0,'Y','Y','Y','NONE',NULL,NULL,NULL,NULL,'N','N',0,NULL,NULL,0);
INSERT INTO SM_FIELD_DEF (TABLE_ID,FIELD_NAME,JP_TITLE,US_TITLE,DB_TYPE,DB_LENGTH,IS_KEY,NOT_BLANK,IS_DUMMY,IS_SEARCH_ITEM,SORT_NO,TREE_LEVEL,SHEET_NO,PAGE_NO,PROPERTY_NO,IS_AUTO,IS_MANDATORY,SYSTEM_READONLY,FIELD_TYPE,FIELD_LENGTH,INPUT_ALPHABET,INPUT_MULTIBYTE,INPUT_NUMERIC,INPUT_SYMBOL,INPUT_UPPERCASE,RETRIEVAL_TABLE,FORMAT,DEFAULT_VALUE,MIN_VALUE,MAX_VALUE,CALENDAR_BUTTON,JUMP_BUTTON,OPEN_BUTTON,REF_TABLE_ID,REF_FIELD_NAME,SPECIAL_BUTTON) VALUES ('TBLID_BHOLDCODE','SET_USERG_ID1','SET_USERG_ID1','SET_USERG_ID1','STRING',10,'N','Y','N','Y',4,-1,0,0,4,'N','N','N','STRING',10,'Y',0,'Y','Y','Y','NONE',NULL,NULL,NULL,NULL,'N','N',0,NULL,NULL,0);
INSERT INTO SM_FIELD_DEF (TABLE_ID,FIELD_NAME,JP_TITLE,US_TITLE,DB_TYPE,DB_LENGTH,IS_KEY,NOT_BLANK,IS_DUMMY,IS_SEARCH_ITEM,SORT_NO,TREE_LEVEL,SHEET_NO,PAGE_NO,PROPERTY_NO,IS_AUTO,IS_MANDATORY,SYSTEM_READONLY,FIELD_TYPE,FIELD_LENGTH,INPUT_ALPHABET,INPUT_MULTIBYTE,INPUT_NUMERIC,INPUT_SYMBOL,INPUT_UPPERCASE,RETRIEVAL_TABLE,FORMAT,DEFAULT_VALUE,MIN_VALUE,MAX_VALUE,CALENDAR_BUTTON,JUMP_BUTTON,OPEN_BUTTON,REF_TABLE_ID,REF_FIELD_NAME,SPECIAL_BUTTON) VALUES ('TBLID_BHOLDCODE','SET_USERG_ID2','SET_USERG_ID2','SET_USERG_ID2','STRING',10,'N','Y','N','Y',5,-1,0,0,5,'N','N','N','STRING',10,'Y',0,'Y','Y','Y','NONE',NULL,NULL,NULL,NULL,'N','N',0,NULL,NULL,0);
INSERT INTO SM_FIELD_DEF (TABLE_ID,FIELD_NAME,JP_TITLE,US_TITLE,DB_TYPE,DB_LENGTH,IS_KEY,NOT_BLANK,IS_DUMMY,IS_SEARCH_ITEM,SORT_NO,TREE_LEVEL,SHEET_NO,PAGE_NO,PROPERTY_NO,IS_AUTO,IS_MANDATORY,SYSTEM_READONLY,FIELD_TYPE,FIELD_LENGTH,INPUT_ALPHABET,INPUT_MULTIBYTE,INPUT_NUMERIC,INPUT_SYMBOL,INPUT_UPPERCASE,RETRIEVAL_TABLE,FORMAT,DEFAULT_VALUE,MIN_VALUE,MAX_VALUE,CALENDAR_BUTTON,JUMP_BUTTON,OPEN_BUTTON,REF_TABLE_ID,REF_FIELD_NAME,SPECIAL_BUTTON) VALUES ('TBLID_BHOLDCODE','SET_USERG_ID3','SET_USERG_ID3','SET_USERG_ID3','STRING',10,'N','Y','N','Y',6,-1,0,0,6,'N','N','N','STRING',10,'Y',0,'Y','Y','Y','NONE',NULL,NULL,NULL,NULL,'N','N',0,NULL,NULL,0);
INSERT INTO SM_FIELD_DEF (TABLE_ID,FIELD_NAME,JP_TITLE,US_TITLE,DB_TYPE,DB_LENGTH,IS_KEY,NOT_BLANK,IS_DUMMY,IS_SEARCH_ITEM,SORT_NO,TREE_LEVEL,SHEET_NO,PAGE_NO,PROPERTY_NO,IS_AUTO,IS_MANDATORY,SYSTEM_READONLY,FIELD_TYPE,FIELD_LENGTH,INPUT_ALPHABET,INPUT_MULTIBYTE,INPUT_NUMERIC,INPUT_SYMBOL,INPUT_UPPERCASE,RETRIEVAL_TABLE,FORMAT,DEFAULT_VALUE,MIN_VALUE,MAX_VALUE,CALENDAR_BUTTON,JUMP_BUTTON,OPEN_BUTTON,REF_TABLE_ID,REF_FIELD_NAME,SPECIAL_BUTTON) VALUES ('TBLID_BHOLDCODE','SET_USERG_ID4','SET_USERG_ID4','SET_USERG_ID4','STRING',10,'N','Y','N','Y',7,-1,0,0,7,'N','N','N','STRING',10,'Y',0,'Y','Y','Y','NONE',NULL,NULL,NULL,NULL,'N','N',0,NULL,NULL,0);
INSERT INTO SM_FIELD_DEF (TABLE_ID,FIELD_NAME,JP_TITLE,US_TITLE,DB_TYPE,DB_LENGTH,IS_KEY,NOT_BLANK,IS_DUMMY,IS_SEARCH_ITEM,SORT_NO,TREE_LEVEL,SHEET_NO,PAGE_NO,PROPERTY_NO,IS_AUTO,IS_MANDATORY,SYSTEM_READONLY,FIELD_TYPE,FIELD_LENGTH,INPUT_ALPHABET,INPUT_MULTIBYTE,INPUT_NUMERIC,INPUT_SYMBOL,INPUT_UPPERCASE,RETRIEVAL_TABLE,FORMAT,DEFAULT_VALUE,MIN_VALUE,MAX_VALUE,CALENDAR_BUTTON,JUMP_BUTTON,OPEN_BUTTON,REF_TABLE_ID,REF_FIELD_NAME,SPECIAL_BUTTON) VALUES ('TBLID_BHOLDCODE','SET_USERG_ID5','SET_USERG_ID5','SET_USERG_ID5','STRING',10,'N','Y','N','Y',8,-1,0,0,8,'N','N','N','STRING',10,'Y',0,'Y','Y','Y','NONE',NULL,NULL,NULL,NULL,'N','N',0,NULL,NULL,0);
INSERT INTO SM_FIELD_DEF (TABLE_ID,FIELD_NAME,JP_TITLE,US_TITLE,DB_TYPE,DB_LENGTH,IS_KEY,NOT_BLANK,IS_DUMMY,IS_SEARCH_ITEM,SORT_NO,TREE_LEVEL,SHEET_NO,PAGE_NO,PROPERTY_NO,IS_AUTO,IS_MANDATORY,SYSTEM_READONLY,FIELD_TYPE,FIELD_LENGTH,INPUT_ALPHABET,INPUT_MULTIBYTE,INPUT_NUMERIC,INPUT_SYMBOL,INPUT_UPPERCASE,RETRIEVAL_TABLE,FORMAT,DEFAULT_VALUE,MIN_VALUE,MAX_VALUE,CALENDAR_BUTTON,JUMP_BUTTON,OPEN_BUTTON,REF_TABLE_ID,REF_FIELD_NAME,SPECIAL_BUTTON) VALUES ('TBLID_BHOLDCODE','SET_USERG_ID6','SET_USERG_ID6','SET_USERG_ID6','STRING',10,'N','Y','N','Y',9,-1,0,0,9,'N','N','N','STRING',10,'Y',0,'Y','Y','Y','NONE',NULL,NULL,NULL,NULL,'N','N',0,NULL,NULL,0);
INSERT INTO SM_FIELD_DEF (TABLE_ID,FIELD_NAME,JP_TITLE,US_TITLE,DB_TYPE,DB_LENGTH,IS_KEY,NOT_BLANK,IS_DUMMY,IS_SEARCH_ITEM,SORT_NO,TREE_LEVEL,SHEET_NO,PAGE_NO,PROPERTY_NO,IS_AUTO,IS_MANDATORY,SYSTEM_READONLY,FIELD_TYPE,FIELD_LENGTH,INPUT_ALPHABET,INPUT_MULTIBYTE,INPUT_NUMERIC,INPUT_SYMBOL,INPUT_UPPERCASE,RETRIEVAL_TABLE,FORMAT,DEFAULT_VALUE,MIN_VALUE,MAX_VALUE,CALENDAR_BUTTON,JUMP_BUTTON,OPEN_BUTTON,REF_TABLE_ID,REF_FIELD_NAME,SPECIAL_BUTTON) VALUES ('TBLID_BHOLDCODE','SET_USERG_ID7','SET_USERG_ID7','SET_USERG_ID7','STRING',10,'N','Y','N','Y',10,-1,0,0,10,'N','N','N','STRING',10,'Y',0,'Y','Y','Y','NONE',NULL,NULL,NULL,NULL,'N','N',0,NULL,NULL,0);
INSERT INTO SM_FIELD_DEF (TABLE_ID,FIELD_NAME,JP_TITLE,US_TITLE,DB_TYPE,DB_LENGTH,IS_KEY,NOT_BLANK,IS_DUMMY,IS_SEARCH_ITEM,SORT_NO,TREE_LEVEL,SHEET_NO,PAGE_NO,PROPERTY_NO,IS_AUTO,IS_MANDATORY,SYSTEM_READONLY,FIELD_TYPE,FIELD_LENGTH,INPUT_ALPHABET,INPUT_MULTIBYTE,INPUT_NUMERIC,INPUT_SYMBOL,INPUT_UPPERCASE,RETRIEVAL_TABLE,FORMAT,DEFAULT_VALUE,MIN_VALUE,MAX_VALUE,CALENDAR_BUTTON,JUMP_BUTTON,OPEN_BUTTON,REF_TABLE_ID,REF_FIELD_NAME,SPECIAL_BUTTON) VALUES ('TBLID_BHOLDCODE','SET_USERG_ID8','SET_USERG_ID8','SET_USERG_ID8','STRING',10,'N','Y','N','Y',11,-1,0,0,11,'N','N','N','STRING',10,'Y',0,'Y','Y','Y','NONE',NULL,NULL,NULL,NULL,'N','N',0,NULL,NULL,0);
INSERT INTO SM_FIELD_DEF (TABLE_ID,FIELD_NAME,JP_TITLE,US_TITLE,DB_TYPE,DB_LENGTH,IS_KEY,NOT_BLANK,IS_DUMMY,IS_SEARCH_ITEM,SORT_NO,TREE_LEVEL,SHEET_NO,PAGE_NO,PROPERTY_NO,IS_AUTO,IS_MANDATORY,SYSTEM_READONLY,FIELD_TYPE,FIELD_LENGTH,INPUT_ALPHABET,INPUT_MULTIBYTE,INPUT_NUMERIC,INPUT_SYMBOL,INPUT_UPPERCASE,RETRIEVAL_TABLE,FORMAT,DEFAULT_VALUE,MIN_VALUE,MAX_VALUE,CALENDAR_BUTTON,JUMP_BUTTON,OPEN_BUTTON,REF_TABLE_ID,REF_FIELD_NAME,SPECIAL_BUTTON) VALUES ('TBLID_BHOLDCODE','SET_USERG_ID9','SET_USERG_ID9','SET_USERG_ID9','STRING',10,'N','Y','N','Y',12,-1,0,0,12,'N','N','N','STRING',10,'Y',0,'Y','Y','Y','NONE',NULL,NULL,NULL,NULL,'N','N',0,NULL,NULL,0);
INSERT INTO SM_FIELD_DEF (TABLE_ID,FIELD_NAME,JP_TITLE,US_TITLE,DB_TYPE,DB_LENGTH,IS_KEY,NOT_BLANK,IS_DUMMY,IS_SEARCH_ITEM,SORT_NO,TREE_LEVEL,SHEET_NO,PAGE_NO,PROPERTY_NO,IS_AUTO,IS_MANDATORY,SYSTEM_READONLY,FIELD_TYPE,FIELD_LENGTH,INPUT_ALPHABET,INPUT_MULTIBYTE,INPUT_NUMERIC,INPUT_SYMBOL,INPUT_UPPERCASE,RETRIEVAL_TABLE,FORMAT,DEFAULT_VALUE,MIN_VALUE,MAX_VALUE,CALENDAR_BUTTON,JUMP_BUTTON,OPEN_BUTTON,REF_TABLE_ID,REF_FIELD_NAME,SPECIAL_BUTTON) VALUES ('TBLID_BHOLDCODE','SET_USERG_ID10','SET_USERG_ID10','SET_USERG_ID10','STRING',10,'N','Y','N','Y',13,-1,0,0,13,'N','N','N','STRING',10,'Y',0,'Y','Y','Y','NONE',NULL,NULL,NULL,NULL,'N','N',0,NULL,NULL,0);
INSERT INTO SM_FIELD_DEF (TABLE_ID,FIELD_NAME,JP_TITLE,US_TITLE,DB_TYPE,DB_LENGTH,IS_KEY,NOT_BLANK,IS_DUMMY,IS_SEARCH_ITEM,SORT_NO,TREE_LEVEL,SHEET_NO,PAGE_NO,PROPERTY_NO,IS_AUTO,IS_MANDATORY,SYSTEM_READONLY,FIELD_TYPE,FIELD_LENGTH,INPUT_ALPHABET,INPUT_MULTIBYTE,INPUT_NUMERIC,INPUT_SYMBOL,INPUT_UPPERCASE,RETRIEVAL_TABLE,FORMAT,DEFAULT_VALUE,MIN_VALUE,MAX_VALUE,CALENDAR_BUTTON,JUMP_BUTTON,OPEN_BUTTON,REF_TABLE_ID,REF_FIELD_NAME,SPECIAL_BUTTON) VALUES ('TBLID_BHOLDCODE','RESET_USERG_ID1','RESET_USERG_ID1','RESET_USERG_ID1','STRING',10,'N','Y','N','Y',14,-1,0,0,14,'N','N','N','STRING',10,'Y',0,'Y','Y','Y','NONE',NULL,NULL,NULL,NULL,'N','N',0,NULL,NULL,0);
INSERT INTO SM_FIELD_DEF (TABLE_ID,FIELD_NAME,JP_TITLE,US_TITLE,DB_TYPE,DB_LENGTH,IS_KEY,NOT_BLANK,IS_DUMMY,IS_SEARCH_ITEM,SORT_NO,TREE_LEVEL,SHEET_NO,PAGE_NO,PROPERTY_NO,IS_AUTO,IS_MANDATORY,SYSTEM_READONLY,FIELD_TYPE,FIELD_LENGTH,INPUT_ALPHABET,INPUT_MULTIBYTE,INPUT_NUMERIC,INPUT_SYMBOL,INPUT_UPPERCASE,RETRIEVAL_TABLE,FORMAT,DEFAULT_VALUE,MIN_VALUE,MAX_VALUE,CALENDAR_BUTTON,JUMP_BUTTON,OPEN_BUTTON,REF_TABLE_ID,REF_FIELD_NAME,SPECIAL_BUTTON) VALUES ('TBLID_BHOLDCODE','RESET_USERG_ID2','RESET_USERG_ID2','RESET_USERG_ID2','STRING',10,'N','Y','N','Y',15,-1,0,0,15,'N','N','N','STRING',10,'Y',0,'Y','Y','Y','NONE',NULL,NULL,NULL,NULL,'N','N',0,NULL,NULL,0);
INSERT INTO SM_FIELD_DEF (TABLE_ID,FIELD_NAME,JP_TITLE,US_TITLE,DB_TYPE,DB_LENGTH,IS_KEY,NOT_BLANK,IS_DUMMY,IS_SEARCH_ITEM,SORT_NO,TREE_LEVEL,SHEET_NO,PAGE_NO,PROPERTY_NO,IS_AUTO,IS_MANDATORY,SYSTEM_READONLY,FIELD_TYPE,FIELD_LENGTH,INPUT_ALPHABET,INPUT_MULTIBYTE,INPUT_NUMERIC,INPUT_SYMBOL,INPUT_UPPERCASE,RETRIEVAL_TABLE,FORMAT,DEFAULT_VALUE,MIN_VALUE,MAX_VALUE,CALENDAR_BUTTON,JUMP_BUTTON,OPEN_BUTTON,REF_TABLE_ID,REF_FIELD_NAME,SPECIAL_BUTTON) VALUES ('TBLID_BHOLDCODE','RESET_USERG_ID3','RESET_USERG_ID3','RESET_USERG_ID3','STRING',10,'N','Y','N','Y',16,-1,0,0,16,'N','N','N','STRING',10,'Y',0,'Y','Y','Y','NONE',NULL,NULL,NULL,NULL,'N','N',0,NULL,NULL,0);
INSERT INTO SM_FIELD_DEF (TABLE_ID,FIELD_NAME,JP_TITLE,US_TITLE,DB_TYPE,DB_LENGTH,IS_KEY,NOT_BLANK,IS_DUMMY,IS_SEARCH_ITEM,SORT_NO,TREE_LEVEL,SHEET_NO,PAGE_NO,PROPERTY_NO,IS_AUTO,IS_MANDATORY,SYSTEM_READONLY,FIELD_TYPE,FIELD_LENGTH,INPUT_ALPHABET,INPUT_MULTIBYTE,INPUT_NUMERIC,INPUT_SYMBOL,INPUT_UPPERCASE,RETRIEVAL_TABLE,FORMAT,DEFAULT_VALUE,MIN_VALUE,MAX_VALUE,CALENDAR_BUTTON,JUMP_BUTTON,OPEN_BUTTON,REF_TABLE_ID,REF_FIELD_NAME,SPECIAL_BUTTON) VALUES ('TBLID_BHOLDCODE','RESET_USERG_ID4','RESET_USERG_ID4','RESET_USERG_ID4','STRING',10,'N','Y','N','Y',17,-1,0,0,17,'N','N','N','STRING',10,'Y',0,'Y','Y','Y','NONE',NULL,NULL,NULL,NULL,'N','N',0,NULL,NULL,0);
INSERT INTO SM_FIELD_DEF (TABLE_ID,FIELD_NAME,JP_TITLE,US_TITLE,DB_TYPE,DB_LENGTH,IS_KEY,NOT_BLANK,IS_DUMMY,IS_SEARCH_ITEM,SORT_NO,TREE_LEVEL,SHEET_NO,PAGE_NO,PROPERTY_NO,IS_AUTO,IS_MANDATORY,SYSTEM_READONLY,FIELD_TYPE,FIELD_LENGTH,INPUT_ALPHABET,INPUT_MULTIBYTE,INPUT_NUMERIC,INPUT_SYMBOL,INPUT_UPPERCASE,RETRIEVAL_TABLE,FORMAT,DEFAULT_VALUE,MIN_VALUE,MAX_VALUE,CALENDAR_BUTTON,JUMP_BUTTON,OPEN_BUTTON,REF_TABLE_ID,REF_FIELD_NAME,SPECIAL_BUTTON) VALUES ('TBLID_BHOLDCODE','RESET_USERG_ID5','RESET_USERG_ID5','RESET_USERG_ID5','STRING',10,'N','Y','N','Y',18,-1,0,0,18,'N','N','N','STRING',10,'Y',0,'Y','Y','Y','NONE',NULL,NULL,NULL,NULL,'N','N',0,NULL,NULL,0);
INSERT INTO SM_FIELD_DEF (TABLE_ID,FIELD_NAME,JP_TITLE,US_TITLE,DB_TYPE,DB_LENGTH,IS_KEY,NOT_BLANK,IS_DUMMY,IS_SEARCH_ITEM,SORT_NO,TREE_LEVEL,SHEET_NO,PAGE_NO,PROPERTY_NO,IS_AUTO,IS_MANDATORY,SYSTEM_READONLY,FIELD_TYPE,FIELD_LENGTH,INPUT_ALPHABET,INPUT_MULTIBYTE,INPUT_NUMERIC,INPUT_SYMBOL,INPUT_UPPERCASE,RETRIEVAL_TABLE,FORMAT,DEFAULT_VALUE,MIN_VALUE,MAX_VALUE,CALENDAR_BUTTON,JUMP_BUTTON,OPEN_BUTTON,REF_TABLE_ID,REF_FIELD_NAME,SPECIAL_BUTTON) VALUES ('TBLID_BHOLDCODE','RESET_USERG_ID6','RESET_USERG_ID6','RESET_USERG_ID6','STRING',10,'N','Y','N','Y',19,-1,0,0,19,'N','N','N','STRING',10,'Y',0,'Y','Y','Y','NONE',NULL,NULL,NULL,NULL,'N','N',0,NULL,NULL,0);
INSERT INTO SM_FIELD_DEF (TABLE_ID,FIELD_NAME,JP_TITLE,US_TITLE,DB_TYPE,DB_LENGTH,IS_KEY,NOT_BLANK,IS_DUMMY,IS_SEARCH_ITEM,SORT_NO,TREE_LEVEL,SHEET_NO,PAGE_NO,PROPERTY_NO,IS_AUTO,IS_MANDATORY,SYSTEM_READONLY,FIELD_TYPE,FIELD_LENGTH,INPUT_ALPHABET,INPUT_MULTIBYTE,INPUT_NUMERIC,INPUT_SYMBOL,INPUT_UPPERCASE,RETRIEVAL_TABLE,FORMAT,DEFAULT_VALUE,MIN_VALUE,MAX_VALUE,CALENDAR_BUTTON,JUMP_BUTTON,OPEN_BUTTON,REF_TABLE_ID,REF_FIELD_NAME,SPECIAL_BUTTON) VALUES ('TBLID_BHOLDCODE','RESET_USERG_ID7','RESET_USERG_ID7','RESET_USERG_ID7','STRING',10,'N','Y','N','Y',20,-1,0,0,20,'N','N','N','STRING',10,'Y',0,'Y','Y','Y','NONE',NULL,NULL,NULL,NULL,'N','N',0,NULL,NULL,0);
INSERT INTO SM_FIELD_DEF (TABLE_ID,FIELD_NAME,JP_TITLE,US_TITLE,DB_TYPE,DB_LENGTH,IS_KEY,NOT_BLANK,IS_DUMMY,IS_SEARCH_ITEM,SORT_NO,TREE_LEVEL,SHEET_NO,PAGE_NO,PROPERTY_NO,IS_AUTO,IS_MANDATORY,SYSTEM_READONLY,FIELD_TYPE,FIELD_LENGTH,INPUT_ALPHABET,INPUT_MULTIBYTE,INPUT_NUMERIC,INPUT_SYMBOL,INPUT_UPPERCASE,RETRIEVAL_TABLE,FORMAT,DEFAULT_VALUE,MIN_VALUE,MAX_VALUE,CALENDAR_BUTTON,JUMP_BUTTON,OPEN_BUTTON,REF_TABLE_ID,REF_FIELD_NAME,SPECIAL_BUTTON) VALUES ('TBLID_BHOLDCODE','RESET_USERG_ID8','RESET_USERG_ID8','RESET_USERG_ID8','STRING',10,'N','Y','N','Y',21,-1,0,0,21,'N','N','N','STRING',10,'Y',0,'Y','Y','Y','NONE',NULL,NULL,NULL,NULL,'N','N',0,NULL,NULL,0);
INSERT INTO SM_FIELD_DEF (TABLE_ID,FIELD_NAME,JP_TITLE,US_TITLE,DB_TYPE,DB_LENGTH,IS_KEY,NOT_BLANK,IS_DUMMY,IS_SEARCH_ITEM,SORT_NO,TREE_LEVEL,SHEET_NO,PAGE_NO,PROPERTY_NO,IS_AUTO,IS_MANDATORY,SYSTEM_READONLY,FIELD_TYPE,FIELD_LENGTH,INPUT_ALPHABET,INPUT_MULTIBYTE,INPUT_NUMERIC,INPUT_SYMBOL,INPUT_UPPERCASE,RETRIEVAL_TABLE,FORMAT,DEFAULT_VALUE,MIN_VALUE,MAX_VALUE,CALENDAR_BUTTON,JUMP_BUTTON,OPEN_BUTTON,REF_TABLE_ID,REF_FIELD_NAME,SPECIAL_BUTTON) VALUES ('TBLID_BHOLDCODE','RESET_USERG_ID9','RESET_USERG_ID9','RESET_USERG_ID9','STRING',10,'N','Y','N','Y',22,-1,0,0,22,'N','N','N','STRING',10,'Y',0,'Y','Y','Y','NONE',NULL,NULL,NULL,NULL,'N','N',0,NULL,NULL,0);
INSERT INTO SM_FIELD_DEF (TABLE_ID,FIELD_NAME,JP_TITLE,US_TITLE,DB_TYPE,DB_LENGTH,IS_KEY,NOT_BLANK,IS_DUMMY,IS_SEARCH_ITEM,SORT_NO,TREE_LEVEL,SHEET_NO,PAGE_NO,PROPERTY_NO,IS_AUTO,IS_MANDATORY,SYSTEM_READONLY,FIELD_TYPE,FIELD_LENGTH,INPUT_ALPHABET,INPUT_MULTIBYTE,INPUT_NUMERIC,INPUT_SYMBOL,INPUT_UPPERCASE,RETRIEVAL_TABLE,FORMAT,DEFAULT_VALUE,MIN_VALUE,MAX_VALUE,CALENDAR_BUTTON,JUMP_BUTTON,OPEN_BUTTON,REF_TABLE_ID,REF_FIELD_NAME,SPECIAL_BUTTON) VALUES ('TBLID_BHOLDCODE','RESET_USERG_ID10','RESET_USERG_ID10','RESET_USERG_ID10','STRING',10,'N','Y','N','Y',23,-1,0,0,23,'N','N','N','STRING',10,'Y',0,'Y','Y','Y','NONE',NULL,NULL,NULL,NULL,'N','N',0,NULL,NULL,0);
INSERT INTO SM_CHECK_DEF (TABLE_ID,CHECK_TYPE,CHECK_ORDER,CHECK_KIND,FIELD_NAME,REF_TABLE,REF_FIELD,EXPECT_VALUE,ERR_MSG) VALUES ('TBLID_BHOLDCODE','SAVE',1,'NOTNULL','HOLD_TYPE',NULL,NULL,NULL,'HOLD_TYPE不能为空');
INSERT INTO SM_CHECK_DEF (TABLE_ID,CHECK_TYPE,CHECK_ORDER,CHECK_KIND,FIELD_NAME,REF_TABLE,REF_FIELD,EXPECT_VALUE,ERR_MSG) VALUES ('TBLID_BHOLDCODE','SAVE',2,'STAT_N',NULL,NULL,NULL,NULL,'记录不是编辑态');
INSERT INTO SM_CHECK_DEF (TABLE_ID,CHECK_TYPE,CHECK_ORDER,CHECK_KIND,FIELD_NAME,REF_TABLE,REF_FIELD,EXPECT_VALUE,ERR_MSG) VALUES ('TBLID_BHOLDCODE','SAVE',3,'LOCK_FREE',NULL,NULL,NULL,NULL,'记录已被锁定');
INSERT INTO SM_CHECK_DEF (TABLE_ID,CHECK_TYPE,CHECK_ORDER,CHECK_KIND,FIELD_NAME,REF_TABLE,REF_FIELD,EXPECT_VALUE,ERR_MSG) VALUES ('TBLID_BHOLDCODE','RELEASE',1,'NOTNULL','HOLD_TYPE',NULL,NULL,NULL,'HOLD_TYPE不能为空');
INSERT INTO SM_CHECK_DEF (TABLE_ID,CHECK_TYPE,CHECK_ORDER,CHECK_KIND,FIELD_NAME,REF_TABLE,REF_FIELD,EXPECT_VALUE,ERR_MSG) VALUES ('TBLID_BHOLDCODE','RELEASE',2,'STAT_N',NULL,NULL,NULL,NULL,'记录不是编辑态');
INSERT INTO SM_CHECK_DEF (TABLE_ID,CHECK_TYPE,CHECK_ORDER,CHECK_KIND,FIELD_NAME,REF_TABLE,REF_FIELD,EXPECT_VALUE,ERR_MSG) VALUES ('TBLID_BHOLDCODE','RELEASE',3,'LOCK_FREE',NULL,NULL,NULL,NULL,'记录已被锁定');
INSERT INTO SM_CHECK_DEF (TABLE_ID,CHECK_TYPE,CHECK_ORDER,CHECK_KIND,FIELD_NAME,REF_TABLE,REF_FIELD,EXPECT_VALUE,ERR_MSG) VALUES ('TBLID_BHOLDCODE','RELEASE',10,'RELEASE_PARAM','HOLD_TYPE','DHOLDCODE',NULL,NULL,NULL);
INSERT INTO SM_CHECK_DEF (TABLE_ID,CHECK_TYPE,CHECK_ORDER,CHECK_KIND,FIELD_NAME,REF_TABLE,REF_FIELD,EXPECT_VALUE,ERR_MSG) VALUES ('TBLID_BHOLDCODE','DELETE',1,'NOTNULL','HOLD_TYPE',NULL,NULL,NULL,'HOLD_TYPE不能为空');
INSERT INTO SM_CHECK_DEF (TABLE_ID,CHECK_TYPE,CHECK_ORDER,CHECK_KIND,FIELD_NAME,REF_TABLE,REF_FIELD,EXPECT_VALUE,ERR_MSG) VALUES ('TBLID_BHOLDCODE','DELETE',2,'STAT_Y',NULL,NULL,NULL,NULL,'记录不是已发布态');
INSERT INTO SM_CHECK_DEF (TABLE_ID,CHECK_TYPE,CHECK_ORDER,CHECK_KIND,FIELD_NAME,REF_TABLE,REF_FIELD,EXPECT_VALUE,ERR_MSG) VALUES ('TBLID_BHOLDCODE','DELETE',3,'LOCK_FREE',NULL,NULL,NULL,NULL,'记录已被锁定');
INSERT INTO SM_CHECK_DEF (TABLE_ID,CHECK_TYPE,CHECK_ORDER,CHECK_KIND,FIELD_NAME,REF_TABLE,REF_FIELD,EXPECT_VALUE,ERR_MSG) VALUES ('TBLID_BHOLDCODE','EDITCOMP',1,'NOTNULL','HOLD_TYPE',NULL,NULL,NULL,'HOLD_TYPE不能为空');
INSERT INTO SM_CHECK_DEF (TABLE_ID,CHECK_TYPE,CHECK_ORDER,CHECK_KIND,FIELD_NAME,REF_TABLE,REF_FIELD,EXPECT_VALUE,ERR_MSG) VALUES ('TBLID_BHOLDCODE','EDITCOMP',2,'STAT_N',NULL,NULL,NULL,NULL,'记录不是编辑态');
INSERT INTO SM_CHECK_DEF (TABLE_ID,CHECK_TYPE,CHECK_ORDER,CHECK_KIND,FIELD_NAME,REF_TABLE,REF_FIELD,EXPECT_VALUE,ERR_MSG) VALUES ('TBLID_BHOLDCODE','EDITCOMP',3,'LOCK_FREE',NULL,NULL,NULL,NULL,'记录已被锁定');
INSERT INTO SM_CHECK_DEF (TABLE_ID,CHECK_TYPE,CHECK_ORDER,CHECK_KIND,FIELD_NAME,REF_TABLE,REF_FIELD,EXPECT_VALUE,ERR_MSG) VALUES ('TBLID_BHOLDCODE','EDITCOMP',4,'COMP_N',NULL,NULL,NULL,NULL,'记录已编辑完成');

-- BLABEL_PRINTER (3 fields)
INSERT INTO SM_TABLE_DEF (TABLE_ID,TABLE_NAME,JP_TITLE,US_TITLE,RELEASE_FLAG,DISTRIBUTE_FLAG,PERMISSION_TYPE,SCHEMA_TYPE,HAS_DUMMY,SORT_NO) VALUES ('TBLID_BLABEL_PRINTER','BLABEL_PRINTER','BLABEL_PRINTER','BLABEL_PRINTER','Y','N','C','L','N',310);
INSERT INTO SM_FIELD_DEF (TABLE_ID,FIELD_NAME,JP_TITLE,US_TITLE,DB_TYPE,DB_LENGTH,IS_KEY,NOT_BLANK,IS_DUMMY,IS_SEARCH_ITEM,SORT_NO,TREE_LEVEL,SHEET_NO,PAGE_NO,PROPERTY_NO,IS_AUTO,IS_MANDATORY,SYSTEM_READONLY,FIELD_TYPE,FIELD_LENGTH,INPUT_ALPHABET,INPUT_MULTIBYTE,INPUT_NUMERIC,INPUT_SYMBOL,INPUT_UPPERCASE,RETRIEVAL_TABLE,FORMAT,DEFAULT_VALUE,MIN_VALUE,MAX_VALUE,CALENDAR_BUTTON,JUMP_BUTTON,OPEN_BUTTON,REF_TABLE_ID,REF_FIELD_NAME,SPECIAL_BUTTON) VALUES ('TBLID_BLABEL_PRINTER','OUT_ADRESS','OUT_ADRESS','OUT_ADRESS','STRING',30,'Y','Y','N','Y',0,0,0,0,0,'N','N','N','STRING',30,'Y',0,'Y','Y','Y','NONE',NULL,NULL,NULL,NULL,'N','N',0,NULL,NULL,0);
INSERT INTO SM_FIELD_DEF (TABLE_ID,FIELD_NAME,JP_TITLE,US_TITLE,DB_TYPE,DB_LENGTH,IS_KEY,NOT_BLANK,IS_DUMMY,IS_SEARCH_ITEM,SORT_NO,TREE_LEVEL,SHEET_NO,PAGE_NO,PROPERTY_NO,IS_AUTO,IS_MANDATORY,SYSTEM_READONLY,FIELD_TYPE,FIELD_LENGTH,INPUT_ALPHABET,INPUT_MULTIBYTE,INPUT_NUMERIC,INPUT_SYMBOL,INPUT_UPPERCASE,RETRIEVAL_TABLE,FORMAT,DEFAULT_VALUE,MIN_VALUE,MAX_VALUE,CALENDAR_BUTTON,JUMP_BUTTON,OPEN_BUTTON,REF_TABLE_ID,REF_FIELD_NAME,SPECIAL_BUTTON) VALUES ('TBLID_BLABEL_PRINTER','FAB_ID','FAB_ID','FAB_ID','STRING',10,'N','Y','N','Y',1,-1,0,0,1,'N','N','N','STRING',10,'Y',0,'Y','Y','Y','NONE',NULL,NULL,NULL,NULL,'N','N',0,NULL,NULL,0);
INSERT INTO SM_FIELD_DEF (TABLE_ID,FIELD_NAME,JP_TITLE,US_TITLE,DB_TYPE,DB_LENGTH,IS_KEY,NOT_BLANK,IS_DUMMY,IS_SEARCH_ITEM,SORT_NO,TREE_LEVEL,SHEET_NO,PAGE_NO,PROPERTY_NO,IS_AUTO,IS_MANDATORY,SYSTEM_READONLY,FIELD_TYPE,FIELD_LENGTH,INPUT_ALPHABET,INPUT_MULTIBYTE,INPUT_NUMERIC,INPUT_SYMBOL,INPUT_UPPERCASE,RETRIEVAL_TABLE,FORMAT,DEFAULT_VALUE,MIN_VALUE,MAX_VALUE,CALENDAR_BUTTON,JUMP_BUTTON,OPEN_BUTTON,REF_TABLE_ID,REF_FIELD_NAME,SPECIAL_BUTTON) VALUES ('TBLID_BLABEL_PRINTER','LABEL_TYPE','LABEL_TYPE','LABEL_TYPE','STRING',30,'N','Y','N','Y',2,-1,0,0,2,'N','N','N','STRING',30,'Y',0,'Y','Y','Y','NONE',NULL,NULL,NULL,NULL,'N','N',0,NULL,NULL,0);
INSERT INTO SM_CHECK_DEF (TABLE_ID,CHECK_TYPE,CHECK_ORDER,CHECK_KIND,FIELD_NAME,REF_TABLE,REF_FIELD,EXPECT_VALUE,ERR_MSG) VALUES ('TBLID_BLABEL_PRINTER','SAVE',1,'NOTNULL','OUT_ADRESS',NULL,NULL,NULL,'OUT_ADRESS不能为空');
INSERT INTO SM_CHECK_DEF (TABLE_ID,CHECK_TYPE,CHECK_ORDER,CHECK_KIND,FIELD_NAME,REF_TABLE,REF_FIELD,EXPECT_VALUE,ERR_MSG) VALUES ('TBLID_BLABEL_PRINTER','SAVE',2,'STAT_N',NULL,NULL,NULL,NULL,'记录不是编辑态');
INSERT INTO SM_CHECK_DEF (TABLE_ID,CHECK_TYPE,CHECK_ORDER,CHECK_KIND,FIELD_NAME,REF_TABLE,REF_FIELD,EXPECT_VALUE,ERR_MSG) VALUES ('TBLID_BLABEL_PRINTER','SAVE',3,'LOCK_FREE',NULL,NULL,NULL,NULL,'记录已被锁定');
INSERT INTO SM_CHECK_DEF (TABLE_ID,CHECK_TYPE,CHECK_ORDER,CHECK_KIND,FIELD_NAME,REF_TABLE,REF_FIELD,EXPECT_VALUE,ERR_MSG) VALUES ('TBLID_BLABEL_PRINTER','RELEASE',1,'NOTNULL','OUT_ADRESS',NULL,NULL,NULL,'OUT_ADRESS不能为空');
INSERT INTO SM_CHECK_DEF (TABLE_ID,CHECK_TYPE,CHECK_ORDER,CHECK_KIND,FIELD_NAME,REF_TABLE,REF_FIELD,EXPECT_VALUE,ERR_MSG) VALUES ('TBLID_BLABEL_PRINTER','RELEASE',2,'STAT_N',NULL,NULL,NULL,NULL,'记录不是编辑态');
INSERT INTO SM_CHECK_DEF (TABLE_ID,CHECK_TYPE,CHECK_ORDER,CHECK_KIND,FIELD_NAME,REF_TABLE,REF_FIELD,EXPECT_VALUE,ERR_MSG) VALUES ('TBLID_BLABEL_PRINTER','RELEASE',3,'LOCK_FREE',NULL,NULL,NULL,NULL,'记录已被锁定');
INSERT INTO SM_CHECK_DEF (TABLE_ID,CHECK_TYPE,CHECK_ORDER,CHECK_KIND,FIELD_NAME,REF_TABLE,REF_FIELD,EXPECT_VALUE,ERR_MSG) VALUES ('TBLID_BLABEL_PRINTER','RELEASE',10,'RELEASE_PARAM','OUT_ADRESS','DLABEL_PRINTER',NULL,NULL,NULL);
INSERT INTO SM_CHECK_DEF (TABLE_ID,CHECK_TYPE,CHECK_ORDER,CHECK_KIND,FIELD_NAME,REF_TABLE,REF_FIELD,EXPECT_VALUE,ERR_MSG) VALUES ('TBLID_BLABEL_PRINTER','DELETE',1,'NOTNULL','OUT_ADRESS',NULL,NULL,NULL,'OUT_ADRESS不能为空');
INSERT INTO SM_CHECK_DEF (TABLE_ID,CHECK_TYPE,CHECK_ORDER,CHECK_KIND,FIELD_NAME,REF_TABLE,REF_FIELD,EXPECT_VALUE,ERR_MSG) VALUES ('TBLID_BLABEL_PRINTER','DELETE',2,'STAT_Y',NULL,NULL,NULL,NULL,'记录不是已发布态');
INSERT INTO SM_CHECK_DEF (TABLE_ID,CHECK_TYPE,CHECK_ORDER,CHECK_KIND,FIELD_NAME,REF_TABLE,REF_FIELD,EXPECT_VALUE,ERR_MSG) VALUES ('TBLID_BLABEL_PRINTER','DELETE',3,'LOCK_FREE',NULL,NULL,NULL,NULL,'记录已被锁定');
INSERT INTO SM_CHECK_DEF (TABLE_ID,CHECK_TYPE,CHECK_ORDER,CHECK_KIND,FIELD_NAME,REF_TABLE,REF_FIELD,EXPECT_VALUE,ERR_MSG) VALUES ('TBLID_BLABEL_PRINTER','EDITCOMP',1,'NOTNULL','OUT_ADRESS',NULL,NULL,NULL,'OUT_ADRESS不能为空');
INSERT INTO SM_CHECK_DEF (TABLE_ID,CHECK_TYPE,CHECK_ORDER,CHECK_KIND,FIELD_NAME,REF_TABLE,REF_FIELD,EXPECT_VALUE,ERR_MSG) VALUES ('TBLID_BLABEL_PRINTER','EDITCOMP',2,'STAT_N',NULL,NULL,NULL,NULL,'记录不是编辑态');
INSERT INTO SM_CHECK_DEF (TABLE_ID,CHECK_TYPE,CHECK_ORDER,CHECK_KIND,FIELD_NAME,REF_TABLE,REF_FIELD,EXPECT_VALUE,ERR_MSG) VALUES ('TBLID_BLABEL_PRINTER','EDITCOMP',3,'LOCK_FREE',NULL,NULL,NULL,NULL,'记录已被锁定');
INSERT INTO SM_CHECK_DEF (TABLE_ID,CHECK_TYPE,CHECK_ORDER,CHECK_KIND,FIELD_NAME,REF_TABLE,REF_FIELD,EXPECT_VALUE,ERR_MSG) VALUES ('TBLID_BLABEL_PRINTER','EDITCOMP',4,'COMP_N',NULL,NULL,NULL,NULL,'记录已编辑完成');

-- BPRINT_TYPE (3 fields)
INSERT INTO SM_TABLE_DEF (TABLE_ID,TABLE_NAME,JP_TITLE,US_TITLE,RELEASE_FLAG,DISTRIBUTE_FLAG,PERMISSION_TYPE,SCHEMA_TYPE,HAS_DUMMY,SORT_NO) VALUES ('TBLID_BPRINT_TYPE','BPRINT_TYPE','BPRINT_TYPE','BPRINT_TYPE','Y','N','C','L','N',320);
INSERT INTO SM_FIELD_DEF (TABLE_ID,FIELD_NAME,JP_TITLE,US_TITLE,DB_TYPE,DB_LENGTH,IS_KEY,NOT_BLANK,IS_DUMMY,IS_SEARCH_ITEM,SORT_NO,TREE_LEVEL,SHEET_NO,PAGE_NO,PROPERTY_NO,IS_AUTO,IS_MANDATORY,SYSTEM_READONLY,FIELD_TYPE,FIELD_LENGTH,INPUT_ALPHABET,INPUT_MULTIBYTE,INPUT_NUMERIC,INPUT_SYMBOL,INPUT_UPPERCASE,RETRIEVAL_TABLE,FORMAT,DEFAULT_VALUE,MIN_VALUE,MAX_VALUE,CALENDAR_BUTTON,JUMP_BUTTON,OPEN_BUTTON,REF_TABLE_ID,REF_FIELD_NAME,SPECIAL_BUTTON) VALUES ('TBLID_BPRINT_TYPE','LABEL_PRINT_ID','LABEL_PRINT_ID','LABEL_PRINT_ID','STRING',30,'Y','Y','N','Y',0,0,0,0,0,'N','N','N','STRING',30,'Y',0,'Y','Y','Y','NONE',NULL,NULL,NULL,NULL,'N','N',0,NULL,NULL,0);
INSERT INTO SM_FIELD_DEF (TABLE_ID,FIELD_NAME,JP_TITLE,US_TITLE,DB_TYPE,DB_LENGTH,IS_KEY,NOT_BLANK,IS_DUMMY,IS_SEARCH_ITEM,SORT_NO,TREE_LEVEL,SHEET_NO,PAGE_NO,PROPERTY_NO,IS_AUTO,IS_MANDATORY,SYSTEM_READONLY,FIELD_TYPE,FIELD_LENGTH,INPUT_ALPHABET,INPUT_MULTIBYTE,INPUT_NUMERIC,INPUT_SYMBOL,INPUT_UPPERCASE,RETRIEVAL_TABLE,FORMAT,DEFAULT_VALUE,MIN_VALUE,MAX_VALUE,CALENDAR_BUTTON,JUMP_BUTTON,OPEN_BUTTON,REF_TABLE_ID,REF_FIELD_NAME,SPECIAL_BUTTON) VALUES ('TBLID_BPRINT_TYPE','FAB_ID','FAB_ID','FAB_ID','STRING',10,'N','Y','N','Y',1,-1,0,0,1,'N','N','N','STRING',10,'Y',0,'Y','Y','Y','NONE',NULL,NULL,NULL,NULL,'N','N',0,NULL,NULL,0);
INSERT INTO SM_FIELD_DEF (TABLE_ID,FIELD_NAME,JP_TITLE,US_TITLE,DB_TYPE,DB_LENGTH,IS_KEY,NOT_BLANK,IS_DUMMY,IS_SEARCH_ITEM,SORT_NO,TREE_LEVEL,SHEET_NO,PAGE_NO,PROPERTY_NO,IS_AUTO,IS_MANDATORY,SYSTEM_READONLY,FIELD_TYPE,FIELD_LENGTH,INPUT_ALPHABET,INPUT_MULTIBYTE,INPUT_NUMERIC,INPUT_SYMBOL,INPUT_UPPERCASE,RETRIEVAL_TABLE,FORMAT,DEFAULT_VALUE,MIN_VALUE,MAX_VALUE,CALENDAR_BUTTON,JUMP_BUTTON,OPEN_BUTTON,REF_TABLE_ID,REF_FIELD_NAME,SPECIAL_BUTTON) VALUES ('TBLID_BPRINT_TYPE','LABEL_TYPE','LABEL_TYPE','LABEL_TYPE','STRING',30,'N','Y','N','Y',2,-1,0,0,2,'N','N','N','STRING',30,'Y',0,'Y','Y','Y','NONE',NULL,NULL,NULL,NULL,'N','N',0,NULL,NULL,0);
INSERT INTO SM_CHECK_DEF (TABLE_ID,CHECK_TYPE,CHECK_ORDER,CHECK_KIND,FIELD_NAME,REF_TABLE,REF_FIELD,EXPECT_VALUE,ERR_MSG) VALUES ('TBLID_BPRINT_TYPE','SAVE',1,'NOTNULL','LABEL_PRINT_ID',NULL,NULL,NULL,'LABEL_PRINT_ID不能为空');
INSERT INTO SM_CHECK_DEF (TABLE_ID,CHECK_TYPE,CHECK_ORDER,CHECK_KIND,FIELD_NAME,REF_TABLE,REF_FIELD,EXPECT_VALUE,ERR_MSG) VALUES ('TBLID_BPRINT_TYPE','SAVE',2,'STAT_N',NULL,NULL,NULL,NULL,'记录不是编辑态');
INSERT INTO SM_CHECK_DEF (TABLE_ID,CHECK_TYPE,CHECK_ORDER,CHECK_KIND,FIELD_NAME,REF_TABLE,REF_FIELD,EXPECT_VALUE,ERR_MSG) VALUES ('TBLID_BPRINT_TYPE','SAVE',3,'LOCK_FREE',NULL,NULL,NULL,NULL,'记录已被锁定');
INSERT INTO SM_CHECK_DEF (TABLE_ID,CHECK_TYPE,CHECK_ORDER,CHECK_KIND,FIELD_NAME,REF_TABLE,REF_FIELD,EXPECT_VALUE,ERR_MSG) VALUES ('TBLID_BPRINT_TYPE','RELEASE',1,'NOTNULL','LABEL_PRINT_ID',NULL,NULL,NULL,'LABEL_PRINT_ID不能为空');
INSERT INTO SM_CHECK_DEF (TABLE_ID,CHECK_TYPE,CHECK_ORDER,CHECK_KIND,FIELD_NAME,REF_TABLE,REF_FIELD,EXPECT_VALUE,ERR_MSG) VALUES ('TBLID_BPRINT_TYPE','RELEASE',2,'STAT_N',NULL,NULL,NULL,NULL,'记录不是编辑态');
INSERT INTO SM_CHECK_DEF (TABLE_ID,CHECK_TYPE,CHECK_ORDER,CHECK_KIND,FIELD_NAME,REF_TABLE,REF_FIELD,EXPECT_VALUE,ERR_MSG) VALUES ('TBLID_BPRINT_TYPE','RELEASE',3,'LOCK_FREE',NULL,NULL,NULL,NULL,'记录已被锁定');
INSERT INTO SM_CHECK_DEF (TABLE_ID,CHECK_TYPE,CHECK_ORDER,CHECK_KIND,FIELD_NAME,REF_TABLE,REF_FIELD,EXPECT_VALUE,ERR_MSG) VALUES ('TBLID_BPRINT_TYPE','RELEASE',10,'RELEASE_PARAM','LABEL_PRINT_ID','DPRINT_TYPE',NULL,NULL,NULL);
INSERT INTO SM_CHECK_DEF (TABLE_ID,CHECK_TYPE,CHECK_ORDER,CHECK_KIND,FIELD_NAME,REF_TABLE,REF_FIELD,EXPECT_VALUE,ERR_MSG) VALUES ('TBLID_BPRINT_TYPE','DELETE',1,'NOTNULL','LABEL_PRINT_ID',NULL,NULL,NULL,'LABEL_PRINT_ID不能为空');
INSERT INTO SM_CHECK_DEF (TABLE_ID,CHECK_TYPE,CHECK_ORDER,CHECK_KIND,FIELD_NAME,REF_TABLE,REF_FIELD,EXPECT_VALUE,ERR_MSG) VALUES ('TBLID_BPRINT_TYPE','DELETE',2,'STAT_Y',NULL,NULL,NULL,NULL,'记录不是已发布态');
INSERT INTO SM_CHECK_DEF (TABLE_ID,CHECK_TYPE,CHECK_ORDER,CHECK_KIND,FIELD_NAME,REF_TABLE,REF_FIELD,EXPECT_VALUE,ERR_MSG) VALUES ('TBLID_BPRINT_TYPE','DELETE',3,'LOCK_FREE',NULL,NULL,NULL,NULL,'记录已被锁定');
INSERT INTO SM_CHECK_DEF (TABLE_ID,CHECK_TYPE,CHECK_ORDER,CHECK_KIND,FIELD_NAME,REF_TABLE,REF_FIELD,EXPECT_VALUE,ERR_MSG) VALUES ('TBLID_BPRINT_TYPE','EDITCOMP',1,'NOTNULL','LABEL_PRINT_ID',NULL,NULL,NULL,'LABEL_PRINT_ID不能为空');
INSERT INTO SM_CHECK_DEF (TABLE_ID,CHECK_TYPE,CHECK_ORDER,CHECK_KIND,FIELD_NAME,REF_TABLE,REF_FIELD,EXPECT_VALUE,ERR_MSG) VALUES ('TBLID_BPRINT_TYPE','EDITCOMP',2,'STAT_N',NULL,NULL,NULL,NULL,'记录不是编辑态');
INSERT INTO SM_CHECK_DEF (TABLE_ID,CHECK_TYPE,CHECK_ORDER,CHECK_KIND,FIELD_NAME,REF_TABLE,REF_FIELD,EXPECT_VALUE,ERR_MSG) VALUES ('TBLID_BPRINT_TYPE','EDITCOMP',3,'LOCK_FREE',NULL,NULL,NULL,NULL,'记录已被锁定');
INSERT INTO SM_CHECK_DEF (TABLE_ID,CHECK_TYPE,CHECK_ORDER,CHECK_KIND,FIELD_NAME,REF_TABLE,REF_FIELD,EXPECT_VALUE,ERR_MSG) VALUES ('TBLID_BPRINT_TYPE','EDITCOMP',4,'COMP_N',NULL,NULL,NULL,NULL,'记录已编辑完成');

-- BPRODCODE (4 fields)
INSERT INTO SM_TABLE_DEF (TABLE_ID,TABLE_NAME,JP_TITLE,US_TITLE,RELEASE_FLAG,DISTRIBUTE_FLAG,PERMISSION_TYPE,SCHEMA_TYPE,HAS_DUMMY,SORT_NO) VALUES ('TBLID_BPRODCODE','BPRODCODE','BPRODCODE','BPRODCODE','Y','N','C','L','N',330);
INSERT INTO SM_FIELD_DEF (TABLE_ID,FIELD_NAME,JP_TITLE,US_TITLE,DB_TYPE,DB_LENGTH,IS_KEY,NOT_BLANK,IS_DUMMY,IS_SEARCH_ITEM,SORT_NO,TREE_LEVEL,SHEET_NO,PAGE_NO,PROPERTY_NO,IS_AUTO,IS_MANDATORY,SYSTEM_READONLY,FIELD_TYPE,FIELD_LENGTH,INPUT_ALPHABET,INPUT_MULTIBYTE,INPUT_NUMERIC,INPUT_SYMBOL,INPUT_UPPERCASE,RETRIEVAL_TABLE,FORMAT,DEFAULT_VALUE,MIN_VALUE,MAX_VALUE,CALENDAR_BUTTON,JUMP_BUTTON,OPEN_BUTTON,REF_TABLE_ID,REF_FIELD_NAME,SPECIAL_BUTTON) VALUES ('TBLID_BPRODCODE','PROD_CODE_CAT','PROD_CODE_CAT','PROD_CODE_CAT','STRING',20,'Y','Y','N','Y',0,0,0,0,0,'N','N','N','STRING',20,'Y',0,'Y','Y','Y','NONE',NULL,NULL,NULL,NULL,'N','N',0,NULL,NULL,0);
INSERT INTO SM_FIELD_DEF (TABLE_ID,FIELD_NAME,JP_TITLE,US_TITLE,DB_TYPE,DB_LENGTH,IS_KEY,NOT_BLANK,IS_DUMMY,IS_SEARCH_ITEM,SORT_NO,TREE_LEVEL,SHEET_NO,PAGE_NO,PROPERTY_NO,IS_AUTO,IS_MANDATORY,SYSTEM_READONLY,FIELD_TYPE,FIELD_LENGTH,INPUT_ALPHABET,INPUT_MULTIBYTE,INPUT_NUMERIC,INPUT_SYMBOL,INPUT_UPPERCASE,RETRIEVAL_TABLE,FORMAT,DEFAULT_VALUE,MIN_VALUE,MAX_VALUE,CALENDAR_BUTTON,JUMP_BUTTON,OPEN_BUTTON,REF_TABLE_ID,REF_FIELD_NAME,SPECIAL_BUTTON) VALUES ('TBLID_BPRODCODE','PROD_CODE_ID','PROD_CODE_ID','PROD_CODE_ID','STRING',10,'N','Y','N','Y',1,-1,0,0,1,'N','N','N','STRING',10,'Y',0,'Y','Y','Y','NONE',NULL,NULL,NULL,NULL,'N','N',0,NULL,NULL,0);
INSERT INTO SM_FIELD_DEF (TABLE_ID,FIELD_NAME,JP_TITLE,US_TITLE,DB_TYPE,DB_LENGTH,IS_KEY,NOT_BLANK,IS_DUMMY,IS_SEARCH_ITEM,SORT_NO,TREE_LEVEL,SHEET_NO,PAGE_NO,PROPERTY_NO,IS_AUTO,IS_MANDATORY,SYSTEM_READONLY,FIELD_TYPE,FIELD_LENGTH,INPUT_ALPHABET,INPUT_MULTIBYTE,INPUT_NUMERIC,INPUT_SYMBOL,INPUT_UPPERCASE,RETRIEVAL_TABLE,FORMAT,DEFAULT_VALUE,MIN_VALUE,MAX_VALUE,CALENDAR_BUTTON,JUMP_BUTTON,OPEN_BUTTON,REF_TABLE_ID,REF_FIELD_NAME,SPECIAL_BUTTON) VALUES ('TBLID_BPRODCODE','PROD_CODE_NAME','PROD_CODE_NAME','PROD_CODE_NAME','STRING',40,'N','Y','N','Y',2,-1,0,0,2,'N','N','N','STRING',40,'Y',0,'Y','Y','Y','NONE',NULL,NULL,NULL,NULL,'N','N',0,NULL,NULL,0);
INSERT INTO SM_FIELD_DEF (TABLE_ID,FIELD_NAME,JP_TITLE,US_TITLE,DB_TYPE,DB_LENGTH,IS_KEY,NOT_BLANK,IS_DUMMY,IS_SEARCH_ITEM,SORT_NO,TREE_LEVEL,SHEET_NO,PAGE_NO,PROPERTY_NO,IS_AUTO,IS_MANDATORY,SYSTEM_READONLY,FIELD_TYPE,FIELD_LENGTH,INPUT_ALPHABET,INPUT_MULTIBYTE,INPUT_NUMERIC,INPUT_SYMBOL,INPUT_UPPERCASE,RETRIEVAL_TABLE,FORMAT,DEFAULT_VALUE,MIN_VALUE,MAX_VALUE,CALENDAR_BUTTON,JUMP_BUTTON,OPEN_BUTTON,REF_TABLE_ID,REF_FIELD_NAME,SPECIAL_BUTTON) VALUES ('TBLID_BPRODCODE','PROD_CODE_DESC','PROD_CODE_DESC','PROD_CODE_DESC','STRING',80,'N','Y','N','Y',3,-1,0,0,3,'N','N','N','STRING',80,'Y',0,'Y','Y','Y','NONE',NULL,NULL,NULL,NULL,'N','N',0,NULL,NULL,0);
INSERT INTO SM_CHECK_DEF (TABLE_ID,CHECK_TYPE,CHECK_ORDER,CHECK_KIND,FIELD_NAME,REF_TABLE,REF_FIELD,EXPECT_VALUE,ERR_MSG) VALUES ('TBLID_BPRODCODE','SAVE',1,'NOTNULL','PROD_CODE_CAT',NULL,NULL,NULL,'PROD_CODE_CAT不能为空');
INSERT INTO SM_CHECK_DEF (TABLE_ID,CHECK_TYPE,CHECK_ORDER,CHECK_KIND,FIELD_NAME,REF_TABLE,REF_FIELD,EXPECT_VALUE,ERR_MSG) VALUES ('TBLID_BPRODCODE','SAVE',2,'STAT_N',NULL,NULL,NULL,NULL,'记录不是编辑态');
INSERT INTO SM_CHECK_DEF (TABLE_ID,CHECK_TYPE,CHECK_ORDER,CHECK_KIND,FIELD_NAME,REF_TABLE,REF_FIELD,EXPECT_VALUE,ERR_MSG) VALUES ('TBLID_BPRODCODE','SAVE',3,'LOCK_FREE',NULL,NULL,NULL,NULL,'记录已被锁定');
INSERT INTO SM_CHECK_DEF (TABLE_ID,CHECK_TYPE,CHECK_ORDER,CHECK_KIND,FIELD_NAME,REF_TABLE,REF_FIELD,EXPECT_VALUE,ERR_MSG) VALUES ('TBLID_BPRODCODE','RELEASE',1,'NOTNULL','PROD_CODE_CAT',NULL,NULL,NULL,'PROD_CODE_CAT不能为空');
INSERT INTO SM_CHECK_DEF (TABLE_ID,CHECK_TYPE,CHECK_ORDER,CHECK_KIND,FIELD_NAME,REF_TABLE,REF_FIELD,EXPECT_VALUE,ERR_MSG) VALUES ('TBLID_BPRODCODE','RELEASE',2,'STAT_N',NULL,NULL,NULL,NULL,'记录不是编辑态');
INSERT INTO SM_CHECK_DEF (TABLE_ID,CHECK_TYPE,CHECK_ORDER,CHECK_KIND,FIELD_NAME,REF_TABLE,REF_FIELD,EXPECT_VALUE,ERR_MSG) VALUES ('TBLID_BPRODCODE','RELEASE',3,'LOCK_FREE',NULL,NULL,NULL,NULL,'记录已被锁定');
INSERT INTO SM_CHECK_DEF (TABLE_ID,CHECK_TYPE,CHECK_ORDER,CHECK_KIND,FIELD_NAME,REF_TABLE,REF_FIELD,EXPECT_VALUE,ERR_MSG) VALUES ('TBLID_BPRODCODE','RELEASE',10,'RELEASE_PARAM','PROD_CODE_CAT','DPRODCODE',NULL,NULL,NULL);
INSERT INTO SM_CHECK_DEF (TABLE_ID,CHECK_TYPE,CHECK_ORDER,CHECK_KIND,FIELD_NAME,REF_TABLE,REF_FIELD,EXPECT_VALUE,ERR_MSG) VALUES ('TBLID_BPRODCODE','DELETE',1,'NOTNULL','PROD_CODE_CAT',NULL,NULL,NULL,'PROD_CODE_CAT不能为空');
INSERT INTO SM_CHECK_DEF (TABLE_ID,CHECK_TYPE,CHECK_ORDER,CHECK_KIND,FIELD_NAME,REF_TABLE,REF_FIELD,EXPECT_VALUE,ERR_MSG) VALUES ('TBLID_BPRODCODE','DELETE',2,'STAT_Y',NULL,NULL,NULL,NULL,'记录不是已发布态');
INSERT INTO SM_CHECK_DEF (TABLE_ID,CHECK_TYPE,CHECK_ORDER,CHECK_KIND,FIELD_NAME,REF_TABLE,REF_FIELD,EXPECT_VALUE,ERR_MSG) VALUES ('TBLID_BPRODCODE','DELETE',3,'LOCK_FREE',NULL,NULL,NULL,NULL,'记录已被锁定');
INSERT INTO SM_CHECK_DEF (TABLE_ID,CHECK_TYPE,CHECK_ORDER,CHECK_KIND,FIELD_NAME,REF_TABLE,REF_FIELD,EXPECT_VALUE,ERR_MSG) VALUES ('TBLID_BPRODCODE','EDITCOMP',1,'NOTNULL','PROD_CODE_CAT',NULL,NULL,NULL,'PROD_CODE_CAT不能为空');
INSERT INTO SM_CHECK_DEF (TABLE_ID,CHECK_TYPE,CHECK_ORDER,CHECK_KIND,FIELD_NAME,REF_TABLE,REF_FIELD,EXPECT_VALUE,ERR_MSG) VALUES ('TBLID_BPRODCODE','EDITCOMP',2,'STAT_N',NULL,NULL,NULL,NULL,'记录不是编辑态');
INSERT INTO SM_CHECK_DEF (TABLE_ID,CHECK_TYPE,CHECK_ORDER,CHECK_KIND,FIELD_NAME,REF_TABLE,REF_FIELD,EXPECT_VALUE,ERR_MSG) VALUES ('TBLID_BPRODCODE','EDITCOMP',3,'LOCK_FREE',NULL,NULL,NULL,NULL,'记录已被锁定');
INSERT INTO SM_CHECK_DEF (TABLE_ID,CHECK_TYPE,CHECK_ORDER,CHECK_KIND,FIELD_NAME,REF_TABLE,REF_FIELD,EXPECT_VALUE,ERR_MSG) VALUES ('TBLID_BPRODCODE','EDITCOMP',4,'COMP_N',NULL,NULL,NULL,NULL,'记录已编辑完成');

-- BREJECTCODE (7 fields)
INSERT INTO SM_TABLE_DEF (TABLE_ID,TABLE_NAME,JP_TITLE,US_TITLE,RELEASE_FLAG,DISTRIBUTE_FLAG,PERMISSION_TYPE,SCHEMA_TYPE,HAS_DUMMY,SORT_NO) VALUES ('TBLID_BREJECTCODE','BREJECTCODE','BREJECTCODE','BREJECTCODE','Y','N','C','L','N',340);
INSERT INTO SM_FIELD_DEF (TABLE_ID,FIELD_NAME,JP_TITLE,US_TITLE,DB_TYPE,DB_LENGTH,IS_KEY,NOT_BLANK,IS_DUMMY,IS_SEARCH_ITEM,SORT_NO,TREE_LEVEL,SHEET_NO,PAGE_NO,PROPERTY_NO,IS_AUTO,IS_MANDATORY,SYSTEM_READONLY,FIELD_TYPE,FIELD_LENGTH,INPUT_ALPHABET,INPUT_MULTIBYTE,INPUT_NUMERIC,INPUT_SYMBOL,INPUT_UPPERCASE,RETRIEVAL_TABLE,FORMAT,DEFAULT_VALUE,MIN_VALUE,MAX_VALUE,CALENDAR_BUTTON,JUMP_BUTTON,OPEN_BUTTON,REF_TABLE_ID,REF_FIELD_NAME,SPECIAL_BUTTON) VALUES ('TBLID_BREJECTCODE','OPE_ID','OPE_ID','OPE_ID','STRING',8,'Y','Y','N','Y',0,0,0,0,0,'N','N','N','STRING',8,'Y',0,'Y','Y','Y','NONE',NULL,NULL,NULL,NULL,'N','N',0,NULL,NULL,0);
INSERT INTO SM_FIELD_DEF (TABLE_ID,FIELD_NAME,JP_TITLE,US_TITLE,DB_TYPE,DB_LENGTH,IS_KEY,NOT_BLANK,IS_DUMMY,IS_SEARCH_ITEM,SORT_NO,TREE_LEVEL,SHEET_NO,PAGE_NO,PROPERTY_NO,IS_AUTO,IS_MANDATORY,SYSTEM_READONLY,FIELD_TYPE,FIELD_LENGTH,INPUT_ALPHABET,INPUT_MULTIBYTE,INPUT_NUMERIC,INPUT_SYMBOL,INPUT_UPPERCASE,RETRIEVAL_TABLE,FORMAT,DEFAULT_VALUE,MIN_VALUE,MAX_VALUE,CALENDAR_BUTTON,JUMP_BUTTON,OPEN_BUTTON,REF_TABLE_ID,REF_FIELD_NAME,SPECIAL_BUTTON) VALUES ('TBLID_BREJECTCODE','REJRSN_CODE_CAT','REJRSN_CODE_CAT','REJRSN_CODE_CAT','STRING',10,'N','Y','N','Y',1,-1,0,0,1,'N','N','N','STRING',10,'Y',0,'Y','Y','Y','NONE',NULL,NULL,NULL,NULL,'N','N',0,NULL,NULL,0);
INSERT INTO SM_FIELD_DEF (TABLE_ID,FIELD_NAME,JP_TITLE,US_TITLE,DB_TYPE,DB_LENGTH,IS_KEY,NOT_BLANK,IS_DUMMY,IS_SEARCH_ITEM,SORT_NO,TREE_LEVEL,SHEET_NO,PAGE_NO,PROPERTY_NO,IS_AUTO,IS_MANDATORY,SYSTEM_READONLY,FIELD_TYPE,FIELD_LENGTH,INPUT_ALPHABET,INPUT_MULTIBYTE,INPUT_NUMERIC,INPUT_SYMBOL,INPUT_UPPERCASE,RETRIEVAL_TABLE,FORMAT,DEFAULT_VALUE,MIN_VALUE,MAX_VALUE,CALENDAR_BUTTON,JUMP_BUTTON,OPEN_BUTTON,REF_TABLE_ID,REF_FIELD_NAME,SPECIAL_BUTTON) VALUES ('TBLID_BREJECTCODE','REJRSN_CODE','REJRSN_CODE','REJRSN_CODE','STRING',10,'N','Y','N','Y',2,-1,0,0,2,'N','N','N','STRING',10,'Y',0,'Y','Y','Y','NONE',NULL,NULL,NULL,NULL,'N','N',0,NULL,NULL,0);
INSERT INTO SM_FIELD_DEF (TABLE_ID,FIELD_NAME,JP_TITLE,US_TITLE,DB_TYPE,DB_LENGTH,IS_KEY,NOT_BLANK,IS_DUMMY,IS_SEARCH_ITEM,SORT_NO,TREE_LEVEL,SHEET_NO,PAGE_NO,PROPERTY_NO,IS_AUTO,IS_MANDATORY,SYSTEM_READONLY,FIELD_TYPE,FIELD_LENGTH,INPUT_ALPHABET,INPUT_MULTIBYTE,INPUT_NUMERIC,INPUT_SYMBOL,INPUT_UPPERCASE,RETRIEVAL_TABLE,FORMAT,DEFAULT_VALUE,MIN_VALUE,MAX_VALUE,CALENDAR_BUTTON,JUMP_BUTTON,OPEN_BUTTON,REF_TABLE_ID,REF_FIELD_NAME,SPECIAL_BUTTON) VALUES ('TBLID_BREJECTCODE','REJRSN_CODE_NAME','REJRSN_CODE_NAME','REJRSN_CODE_NAME','STRING',40,'N','Y','N','Y',3,-1,0,0,3,'N','N','N','STRING',40,'Y',0,'Y','Y','Y','NONE',NULL,NULL,NULL,NULL,'N','N',0,NULL,NULL,0);
INSERT INTO SM_FIELD_DEF (TABLE_ID,FIELD_NAME,JP_TITLE,US_TITLE,DB_TYPE,DB_LENGTH,IS_KEY,NOT_BLANK,IS_DUMMY,IS_SEARCH_ITEM,SORT_NO,TREE_LEVEL,SHEET_NO,PAGE_NO,PROPERTY_NO,IS_AUTO,IS_MANDATORY,SYSTEM_READONLY,FIELD_TYPE,FIELD_LENGTH,INPUT_ALPHABET,INPUT_MULTIBYTE,INPUT_NUMERIC,INPUT_SYMBOL,INPUT_UPPERCASE,RETRIEVAL_TABLE,FORMAT,DEFAULT_VALUE,MIN_VALUE,MAX_VALUE,CALENDAR_BUTTON,JUMP_BUTTON,OPEN_BUTTON,REF_TABLE_ID,REF_FIELD_NAME,SPECIAL_BUTTON) VALUES ('TBLID_BREJECTCODE','REJRSN_CODE_DESC','REJRSN_CODE_DESC','REJRSN_CODE_DESC','STRING',80,'N','Y','N','Y',4,-1,0,0,4,'N','N','N','STRING',80,'Y',0,'Y','Y','Y','NONE',NULL,NULL,NULL,NULL,'N','N',0,NULL,NULL,0);
INSERT INTO SM_FIELD_DEF (TABLE_ID,FIELD_NAME,JP_TITLE,US_TITLE,DB_TYPE,DB_LENGTH,IS_KEY,NOT_BLANK,IS_DUMMY,IS_SEARCH_ITEM,SORT_NO,TREE_LEVEL,SHEET_NO,PAGE_NO,PROPERTY_NO,IS_AUTO,IS_MANDATORY,SYSTEM_READONLY,FIELD_TYPE,FIELD_LENGTH,INPUT_ALPHABET,INPUT_MULTIBYTE,INPUT_NUMERIC,INPUT_SYMBOL,INPUT_UPPERCASE,RETRIEVAL_TABLE,FORMAT,DEFAULT_VALUE,MIN_VALUE,MAX_VALUE,CALENDAR_BUTTON,JUMP_BUTTON,OPEN_BUTTON,REF_TABLE_ID,REF_FIELD_NAME,SPECIAL_BUTTON) VALUES ('TBLID_BREJECTCODE','REJRSN_CODE_STG_ID','REJRSN_CODE_STG_ID','REJRSN_CODE_STG_ID','STRING',12,'N','Y','N','Y',5,-1,0,0,5,'N','N','N','STRING',12,'Y',0,'Y','Y','Y','NONE',NULL,NULL,NULL,NULL,'N','N',0,NULL,NULL,0);
INSERT INTO SM_FIELD_DEF (TABLE_ID,FIELD_NAME,JP_TITLE,US_TITLE,DB_TYPE,DB_LENGTH,IS_KEY,NOT_BLANK,IS_DUMMY,IS_SEARCH_ITEM,SORT_NO,TREE_LEVEL,SHEET_NO,PAGE_NO,PROPERTY_NO,IS_AUTO,IS_MANDATORY,SYSTEM_READONLY,FIELD_TYPE,FIELD_LENGTH,INPUT_ALPHABET,INPUT_MULTIBYTE,INPUT_NUMERIC,INPUT_SYMBOL,INPUT_UPPERCASE,RETRIEVAL_TABLE,FORMAT,DEFAULT_VALUE,MIN_VALUE,MAX_VALUE,CALENDAR_BUTTON,JUMP_BUTTON,OPEN_BUTTON,REF_TABLE_ID,REF_FIELD_NAME,SPECIAL_BUTTON) VALUES ('TBLID_BREJECTCODE','REL_OPE_ID','REL_OPE_ID','REL_OPE_ID','STRING',8,'N','Y','N','Y',6,-1,0,0,6,'N','N','N','STRING',8,'Y',0,'Y','Y','Y','NONE',NULL,NULL,NULL,NULL,'N','N',0,NULL,NULL,0);
INSERT INTO SM_CHECK_DEF (TABLE_ID,CHECK_TYPE,CHECK_ORDER,CHECK_KIND,FIELD_NAME,REF_TABLE,REF_FIELD,EXPECT_VALUE,ERR_MSG) VALUES ('TBLID_BREJECTCODE','SAVE',1,'NOTNULL','OPE_ID',NULL,NULL,NULL,'OPE_ID不能为空');
INSERT INTO SM_CHECK_DEF (TABLE_ID,CHECK_TYPE,CHECK_ORDER,CHECK_KIND,FIELD_NAME,REF_TABLE,REF_FIELD,EXPECT_VALUE,ERR_MSG) VALUES ('TBLID_BREJECTCODE','SAVE',2,'STAT_N',NULL,NULL,NULL,NULL,'记录不是编辑态');
INSERT INTO SM_CHECK_DEF (TABLE_ID,CHECK_TYPE,CHECK_ORDER,CHECK_KIND,FIELD_NAME,REF_TABLE,REF_FIELD,EXPECT_VALUE,ERR_MSG) VALUES ('TBLID_BREJECTCODE','SAVE',3,'LOCK_FREE',NULL,NULL,NULL,NULL,'记录已被锁定');
INSERT INTO SM_CHECK_DEF (TABLE_ID,CHECK_TYPE,CHECK_ORDER,CHECK_KIND,FIELD_NAME,REF_TABLE,REF_FIELD,EXPECT_VALUE,ERR_MSG) VALUES ('TBLID_BREJECTCODE','RELEASE',1,'NOTNULL','OPE_ID',NULL,NULL,NULL,'OPE_ID不能为空');
INSERT INTO SM_CHECK_DEF (TABLE_ID,CHECK_TYPE,CHECK_ORDER,CHECK_KIND,FIELD_NAME,REF_TABLE,REF_FIELD,EXPECT_VALUE,ERR_MSG) VALUES ('TBLID_BREJECTCODE','RELEASE',2,'STAT_N',NULL,NULL,NULL,NULL,'记录不是编辑态');
INSERT INTO SM_CHECK_DEF (TABLE_ID,CHECK_TYPE,CHECK_ORDER,CHECK_KIND,FIELD_NAME,REF_TABLE,REF_FIELD,EXPECT_VALUE,ERR_MSG) VALUES ('TBLID_BREJECTCODE','RELEASE',3,'LOCK_FREE',NULL,NULL,NULL,NULL,'记录已被锁定');
INSERT INTO SM_CHECK_DEF (TABLE_ID,CHECK_TYPE,CHECK_ORDER,CHECK_KIND,FIELD_NAME,REF_TABLE,REF_FIELD,EXPECT_VALUE,ERR_MSG) VALUES ('TBLID_BREJECTCODE','RELEASE',10,'RELEASE_PARAM','OPE_ID','DREJECTCODE',NULL,NULL,NULL);
INSERT INTO SM_CHECK_DEF (TABLE_ID,CHECK_TYPE,CHECK_ORDER,CHECK_KIND,FIELD_NAME,REF_TABLE,REF_FIELD,EXPECT_VALUE,ERR_MSG) VALUES ('TBLID_BREJECTCODE','DELETE',1,'NOTNULL','OPE_ID',NULL,NULL,NULL,'OPE_ID不能为空');
INSERT INTO SM_CHECK_DEF (TABLE_ID,CHECK_TYPE,CHECK_ORDER,CHECK_KIND,FIELD_NAME,REF_TABLE,REF_FIELD,EXPECT_VALUE,ERR_MSG) VALUES ('TBLID_BREJECTCODE','DELETE',2,'STAT_Y',NULL,NULL,NULL,NULL,'记录不是已发布态');
INSERT INTO SM_CHECK_DEF (TABLE_ID,CHECK_TYPE,CHECK_ORDER,CHECK_KIND,FIELD_NAME,REF_TABLE,REF_FIELD,EXPECT_VALUE,ERR_MSG) VALUES ('TBLID_BREJECTCODE','DELETE',3,'LOCK_FREE',NULL,NULL,NULL,NULL,'记录已被锁定');
INSERT INTO SM_CHECK_DEF (TABLE_ID,CHECK_TYPE,CHECK_ORDER,CHECK_KIND,FIELD_NAME,REF_TABLE,REF_FIELD,EXPECT_VALUE,ERR_MSG) VALUES ('TBLID_BREJECTCODE','EDITCOMP',1,'NOTNULL','OPE_ID',NULL,NULL,NULL,'OPE_ID不能为空');
INSERT INTO SM_CHECK_DEF (TABLE_ID,CHECK_TYPE,CHECK_ORDER,CHECK_KIND,FIELD_NAME,REF_TABLE,REF_FIELD,EXPECT_VALUE,ERR_MSG) VALUES ('TBLID_BREJECTCODE','EDITCOMP',2,'STAT_N',NULL,NULL,NULL,NULL,'记录不是编辑态');
INSERT INTO SM_CHECK_DEF (TABLE_ID,CHECK_TYPE,CHECK_ORDER,CHECK_KIND,FIELD_NAME,REF_TABLE,REF_FIELD,EXPECT_VALUE,ERR_MSG) VALUES ('TBLID_BREJECTCODE','EDITCOMP',3,'LOCK_FREE',NULL,NULL,NULL,NULL,'记录已被锁定');
INSERT INTO SM_CHECK_DEF (TABLE_ID,CHECK_TYPE,CHECK_ORDER,CHECK_KIND,FIELD_NAME,REF_TABLE,REF_FIELD,EXPECT_VALUE,ERR_MSG) VALUES ('TBLID_BREJECTCODE','EDITCOMP',4,'COMP_N',NULL,NULL,NULL,NULL,'记录已编辑完成');

-- BREJECTCODE_STG (3 fields)
INSERT INTO SM_TABLE_DEF (TABLE_ID,TABLE_NAME,JP_TITLE,US_TITLE,RELEASE_FLAG,DISTRIBUTE_FLAG,PERMISSION_TYPE,SCHEMA_TYPE,HAS_DUMMY,SORT_NO) VALUES ('TBLID_BREJECTCODE_STG','BREJECTCODE_STG','BREJECTCODE_STG','BREJECTCODE_STG','Y','N','C','L','N',350);
INSERT INTO SM_FIELD_DEF (TABLE_ID,FIELD_NAME,JP_TITLE,US_TITLE,DB_TYPE,DB_LENGTH,IS_KEY,NOT_BLANK,IS_DUMMY,IS_SEARCH_ITEM,SORT_NO,TREE_LEVEL,SHEET_NO,PAGE_NO,PROPERTY_NO,IS_AUTO,IS_MANDATORY,SYSTEM_READONLY,FIELD_TYPE,FIELD_LENGTH,INPUT_ALPHABET,INPUT_MULTIBYTE,INPUT_NUMERIC,INPUT_SYMBOL,INPUT_UPPERCASE,RETRIEVAL_TABLE,FORMAT,DEFAULT_VALUE,MIN_VALUE,MAX_VALUE,CALENDAR_BUTTON,JUMP_BUTTON,OPEN_BUTTON,REF_TABLE_ID,REF_FIELD_NAME,SPECIAL_BUTTON) VALUES ('TBLID_BREJECTCODE_STG','REJRSN_CODE_STG_ID','REJRSN_CODE_STG_ID','REJRSN_CODE_STG_ID','STRING',12,'Y','Y','N','Y',0,0,0,0,0,'N','N','N','STRING',12,'Y',0,'Y','Y','Y','NONE',NULL,NULL,NULL,NULL,'N','N',0,NULL,NULL,0);
INSERT INTO SM_FIELD_DEF (TABLE_ID,FIELD_NAME,JP_TITLE,US_TITLE,DB_TYPE,DB_LENGTH,IS_KEY,NOT_BLANK,IS_DUMMY,IS_SEARCH_ITEM,SORT_NO,TREE_LEVEL,SHEET_NO,PAGE_NO,PROPERTY_NO,IS_AUTO,IS_MANDATORY,SYSTEM_READONLY,FIELD_TYPE,FIELD_LENGTH,INPUT_ALPHABET,INPUT_MULTIBYTE,INPUT_NUMERIC,INPUT_SYMBOL,INPUT_UPPERCASE,RETRIEVAL_TABLE,FORMAT,DEFAULT_VALUE,MIN_VALUE,MAX_VALUE,CALENDAR_BUTTON,JUMP_BUTTON,OPEN_BUTTON,REF_TABLE_ID,REF_FIELD_NAME,SPECIAL_BUTTON) VALUES ('TBLID_BREJECTCODE_STG','REJRSN_CODE_STG_NAME','REJRSN_CODE_STG_NAME','REJRSN_CODE_STG_NAME','STRING',40,'N','Y','N','Y',1,-1,0,0,1,'N','N','N','STRING',40,'Y',0,'Y','Y','Y','NONE',NULL,NULL,NULL,NULL,'N','N',0,NULL,NULL,0);
INSERT INTO SM_FIELD_DEF (TABLE_ID,FIELD_NAME,JP_TITLE,US_TITLE,DB_TYPE,DB_LENGTH,IS_KEY,NOT_BLANK,IS_DUMMY,IS_SEARCH_ITEM,SORT_NO,TREE_LEVEL,SHEET_NO,PAGE_NO,PROPERTY_NO,IS_AUTO,IS_MANDATORY,SYSTEM_READONLY,FIELD_TYPE,FIELD_LENGTH,INPUT_ALPHABET,INPUT_MULTIBYTE,INPUT_NUMERIC,INPUT_SYMBOL,INPUT_UPPERCASE,RETRIEVAL_TABLE,FORMAT,DEFAULT_VALUE,MIN_VALUE,MAX_VALUE,CALENDAR_BUTTON,JUMP_BUTTON,OPEN_BUTTON,REF_TABLE_ID,REF_FIELD_NAME,SPECIAL_BUTTON) VALUES ('TBLID_BREJECTCODE_STG','REJRSN_CODE_STG_DESC','REJRSN_CODE_STG_DESC','REJRSN_CODE_STG_DESC','STRING',80,'N','Y','N','Y',2,-1,0,0,2,'N','N','N','STRING',80,'Y',0,'Y','Y','Y','NONE',NULL,NULL,NULL,NULL,'N','N',0,NULL,NULL,0);
INSERT INTO SM_CHECK_DEF (TABLE_ID,CHECK_TYPE,CHECK_ORDER,CHECK_KIND,FIELD_NAME,REF_TABLE,REF_FIELD,EXPECT_VALUE,ERR_MSG) VALUES ('TBLID_BREJECTCODE_STG','SAVE',1,'NOTNULL','REJRSN_CODE_STG_ID',NULL,NULL,NULL,'REJRSN_CODE_STG_ID不能为空');
INSERT INTO SM_CHECK_DEF (TABLE_ID,CHECK_TYPE,CHECK_ORDER,CHECK_KIND,FIELD_NAME,REF_TABLE,REF_FIELD,EXPECT_VALUE,ERR_MSG) VALUES ('TBLID_BREJECTCODE_STG','SAVE',2,'STAT_N',NULL,NULL,NULL,NULL,'记录不是编辑态');
INSERT INTO SM_CHECK_DEF (TABLE_ID,CHECK_TYPE,CHECK_ORDER,CHECK_KIND,FIELD_NAME,REF_TABLE,REF_FIELD,EXPECT_VALUE,ERR_MSG) VALUES ('TBLID_BREJECTCODE_STG','SAVE',3,'LOCK_FREE',NULL,NULL,NULL,NULL,'记录已被锁定');
INSERT INTO SM_CHECK_DEF (TABLE_ID,CHECK_TYPE,CHECK_ORDER,CHECK_KIND,FIELD_NAME,REF_TABLE,REF_FIELD,EXPECT_VALUE,ERR_MSG) VALUES ('TBLID_BREJECTCODE_STG','RELEASE',1,'NOTNULL','REJRSN_CODE_STG_ID',NULL,NULL,NULL,'REJRSN_CODE_STG_ID不能为空');
INSERT INTO SM_CHECK_DEF (TABLE_ID,CHECK_TYPE,CHECK_ORDER,CHECK_KIND,FIELD_NAME,REF_TABLE,REF_FIELD,EXPECT_VALUE,ERR_MSG) VALUES ('TBLID_BREJECTCODE_STG','RELEASE',2,'STAT_N',NULL,NULL,NULL,NULL,'记录不是编辑态');
INSERT INTO SM_CHECK_DEF (TABLE_ID,CHECK_TYPE,CHECK_ORDER,CHECK_KIND,FIELD_NAME,REF_TABLE,REF_FIELD,EXPECT_VALUE,ERR_MSG) VALUES ('TBLID_BREJECTCODE_STG','RELEASE',3,'LOCK_FREE',NULL,NULL,NULL,NULL,'记录已被锁定');
INSERT INTO SM_CHECK_DEF (TABLE_ID,CHECK_TYPE,CHECK_ORDER,CHECK_KIND,FIELD_NAME,REF_TABLE,REF_FIELD,EXPECT_VALUE,ERR_MSG) VALUES ('TBLID_BREJECTCODE_STG','RELEASE',10,'RELEASE_PARAM','REJRSN_CODE_STG_ID','DREJECTCODE_STG',NULL,NULL,NULL);
INSERT INTO SM_CHECK_DEF (TABLE_ID,CHECK_TYPE,CHECK_ORDER,CHECK_KIND,FIELD_NAME,REF_TABLE,REF_FIELD,EXPECT_VALUE,ERR_MSG) VALUES ('TBLID_BREJECTCODE_STG','DELETE',1,'NOTNULL','REJRSN_CODE_STG_ID',NULL,NULL,NULL,'REJRSN_CODE_STG_ID不能为空');
INSERT INTO SM_CHECK_DEF (TABLE_ID,CHECK_TYPE,CHECK_ORDER,CHECK_KIND,FIELD_NAME,REF_TABLE,REF_FIELD,EXPECT_VALUE,ERR_MSG) VALUES ('TBLID_BREJECTCODE_STG','DELETE',2,'STAT_Y',NULL,NULL,NULL,NULL,'记录不是已发布态');
INSERT INTO SM_CHECK_DEF (TABLE_ID,CHECK_TYPE,CHECK_ORDER,CHECK_KIND,FIELD_NAME,REF_TABLE,REF_FIELD,EXPECT_VALUE,ERR_MSG) VALUES ('TBLID_BREJECTCODE_STG','DELETE',3,'LOCK_FREE',NULL,NULL,NULL,NULL,'记录已被锁定');
INSERT INTO SM_CHECK_DEF (TABLE_ID,CHECK_TYPE,CHECK_ORDER,CHECK_KIND,FIELD_NAME,REF_TABLE,REF_FIELD,EXPECT_VALUE,ERR_MSG) VALUES ('TBLID_BREJECTCODE_STG','EDITCOMP',1,'NOTNULL','REJRSN_CODE_STG_ID',NULL,NULL,NULL,'REJRSN_CODE_STG_ID不能为空');
INSERT INTO SM_CHECK_DEF (TABLE_ID,CHECK_TYPE,CHECK_ORDER,CHECK_KIND,FIELD_NAME,REF_TABLE,REF_FIELD,EXPECT_VALUE,ERR_MSG) VALUES ('TBLID_BREJECTCODE_STG','EDITCOMP',2,'STAT_N',NULL,NULL,NULL,NULL,'记录不是编辑态');
INSERT INTO SM_CHECK_DEF (TABLE_ID,CHECK_TYPE,CHECK_ORDER,CHECK_KIND,FIELD_NAME,REF_TABLE,REF_FIELD,EXPECT_VALUE,ERR_MSG) VALUES ('TBLID_BREJECTCODE_STG','EDITCOMP',3,'LOCK_FREE',NULL,NULL,NULL,NULL,'记录已被锁定');
INSERT INTO SM_CHECK_DEF (TABLE_ID,CHECK_TYPE,CHECK_ORDER,CHECK_KIND,FIELD_NAME,REF_TABLE,REF_FIELD,EXPECT_VALUE,ERR_MSG) VALUES ('TBLID_BREJECTCODE_STG','EDITCOMP',4,'COMP_N',NULL,NULL,NULL,NULL,'记录已编辑完成');

-- BUSERG_FUNC (5 fields)
INSERT INTO SM_TABLE_DEF (TABLE_ID,TABLE_NAME,JP_TITLE,US_TITLE,RELEASE_FLAG,DISTRIBUTE_FLAG,PERMISSION_TYPE,SCHEMA_TYPE,HAS_DUMMY,SORT_NO) VALUES ('TBLID_BUSERG_FUNC','BUSERG_FUNC','BUSERG_FUNC','BUSERG_FUNC','Y','N','C','L','N',360);
INSERT INTO SM_FIELD_DEF (TABLE_ID,FIELD_NAME,JP_TITLE,US_TITLE,DB_TYPE,DB_LENGTH,IS_KEY,NOT_BLANK,IS_DUMMY,IS_SEARCH_ITEM,SORT_NO,TREE_LEVEL,SHEET_NO,PAGE_NO,PROPERTY_NO,IS_AUTO,IS_MANDATORY,SYSTEM_READONLY,FIELD_TYPE,FIELD_LENGTH,INPUT_ALPHABET,INPUT_MULTIBYTE,INPUT_NUMERIC,INPUT_SYMBOL,INPUT_UPPERCASE,RETRIEVAL_TABLE,FORMAT,DEFAULT_VALUE,MIN_VALUE,MAX_VALUE,CALENDAR_BUTTON,JUMP_BUTTON,OPEN_BUTTON,REF_TABLE_ID,REF_FIELD_NAME,SPECIAL_BUTTON) VALUES ('TBLID_BUSERG_FUNC','USERG_ID','USERG_ID','USERG_ID','STRING',10,'Y','Y','N','Y',0,0,0,0,0,'N','N','N','STRING',10,'Y',0,'Y','Y','Y','NONE',NULL,NULL,NULL,NULL,'N','N',0,NULL,NULL,0);
INSERT INTO SM_FIELD_DEF (TABLE_ID,FIELD_NAME,JP_TITLE,US_TITLE,DB_TYPE,DB_LENGTH,IS_KEY,NOT_BLANK,IS_DUMMY,IS_SEARCH_ITEM,SORT_NO,TREE_LEVEL,SHEET_NO,PAGE_NO,PROPERTY_NO,IS_AUTO,IS_MANDATORY,SYSTEM_READONLY,FIELD_TYPE,FIELD_LENGTH,INPUT_ALPHABET,INPUT_MULTIBYTE,INPUT_NUMERIC,INPUT_SYMBOL,INPUT_UPPERCASE,RETRIEVAL_TABLE,FORMAT,DEFAULT_VALUE,MIN_VALUE,MAX_VALUE,CALENDAR_BUTTON,JUMP_BUTTON,OPEN_BUTTON,REF_TABLE_ID,REF_FIELD_NAME,SPECIAL_BUTTON) VALUES ('TBLID_BUSERG_FUNC','SUB_SYS_ID','SUB_SYS_ID','SUB_SYS_ID','STRING',40,'N','Y','N','Y',1,-1,0,0,1,'N','N','N','STRING',40,'Y',0,'Y','Y','Y','NONE',NULL,NULL,NULL,NULL,'N','N',0,NULL,NULL,0);
INSERT INTO SM_FIELD_DEF (TABLE_ID,FIELD_NAME,JP_TITLE,US_TITLE,DB_TYPE,DB_LENGTH,IS_KEY,NOT_BLANK,IS_DUMMY,IS_SEARCH_ITEM,SORT_NO,TREE_LEVEL,SHEET_NO,PAGE_NO,PROPERTY_NO,IS_AUTO,IS_MANDATORY,SYSTEM_READONLY,FIELD_TYPE,FIELD_LENGTH,INPUT_ALPHABET,INPUT_MULTIBYTE,INPUT_NUMERIC,INPUT_SYMBOL,INPUT_UPPERCASE,RETRIEVAL_TABLE,FORMAT,DEFAULT_VALUE,MIN_VALUE,MAX_VALUE,CALENDAR_BUTTON,JUMP_BUTTON,OPEN_BUTTON,REF_TABLE_ID,REF_FIELD_NAME,SPECIAL_BUTTON) VALUES ('TBLID_BUSERG_FUNC','FUNCTION_ID','FUNCTION_ID','FUNCTION_ID','STRING',40,'N','Y','N','Y',2,-1,0,0,2,'N','N','N','STRING',40,'Y',0,'Y','Y','Y','NONE',NULL,NULL,NULL,NULL,'N','N',0,NULL,NULL,0);
INSERT INTO SM_FIELD_DEF (TABLE_ID,FIELD_NAME,JP_TITLE,US_TITLE,DB_TYPE,DB_LENGTH,IS_KEY,NOT_BLANK,IS_DUMMY,IS_SEARCH_ITEM,SORT_NO,TREE_LEVEL,SHEET_NO,PAGE_NO,PROPERTY_NO,IS_AUTO,IS_MANDATORY,SYSTEM_READONLY,FIELD_TYPE,FIELD_LENGTH,INPUT_ALPHABET,INPUT_MULTIBYTE,INPUT_NUMERIC,INPUT_SYMBOL,INPUT_UPPERCASE,RETRIEVAL_TABLE,FORMAT,DEFAULT_VALUE,MIN_VALUE,MAX_VALUE,CALENDAR_BUTTON,JUMP_BUTTON,OPEN_BUTTON,REF_TABLE_ID,REF_FIELD_NAME,SPECIAL_BUTTON) VALUES ('TBLID_BUSERG_FUNC','FUNCTION_DESC','FUNCTION_DESC','FUNCTION_DESC','STRING',80,'N','Y','N','Y',3,-1,0,0,3,'N','N','N','STRING',80,'Y',0,'Y','Y','Y','NONE',NULL,NULL,NULL,NULL,'N','N',0,NULL,NULL,0);
INSERT INTO SM_FIELD_DEF (TABLE_ID,FIELD_NAME,JP_TITLE,US_TITLE,DB_TYPE,DB_LENGTH,IS_KEY,NOT_BLANK,IS_DUMMY,IS_SEARCH_ITEM,SORT_NO,TREE_LEVEL,SHEET_NO,PAGE_NO,PROPERTY_NO,IS_AUTO,IS_MANDATORY,SYSTEM_READONLY,FIELD_TYPE,FIELD_LENGTH,INPUT_ALPHABET,INPUT_MULTIBYTE,INPUT_NUMERIC,INPUT_SYMBOL,INPUT_UPPERCASE,RETRIEVAL_TABLE,FORMAT,DEFAULT_VALUE,MIN_VALUE,MAX_VALUE,CALENDAR_BUTTON,JUMP_BUTTON,OPEN_BUTTON,REF_TABLE_ID,REF_FIELD_NAME,SPECIAL_BUTTON) VALUES ('TBLID_BUSERG_FUNC','ACCESS_ID','ACCESS_ID','ACCESS_ID','STRING',1,'N','Y','N','Y',4,-1,0,0,4,'N','N','N','STRING',1,'Y',0,'Y','Y','Y','NONE',NULL,NULL,NULL,NULL,'N','N',0,NULL,NULL,0);
INSERT INTO SM_CHECK_DEF (TABLE_ID,CHECK_TYPE,CHECK_ORDER,CHECK_KIND,FIELD_NAME,REF_TABLE,REF_FIELD,EXPECT_VALUE,ERR_MSG) VALUES ('TBLID_BUSERG_FUNC','SAVE',1,'NOTNULL','USERG_ID',NULL,NULL,NULL,'USERG_ID不能为空');
INSERT INTO SM_CHECK_DEF (TABLE_ID,CHECK_TYPE,CHECK_ORDER,CHECK_KIND,FIELD_NAME,REF_TABLE,REF_FIELD,EXPECT_VALUE,ERR_MSG) VALUES ('TBLID_BUSERG_FUNC','SAVE',2,'STAT_N',NULL,NULL,NULL,NULL,'记录不是编辑态');
INSERT INTO SM_CHECK_DEF (TABLE_ID,CHECK_TYPE,CHECK_ORDER,CHECK_KIND,FIELD_NAME,REF_TABLE,REF_FIELD,EXPECT_VALUE,ERR_MSG) VALUES ('TBLID_BUSERG_FUNC','SAVE',3,'LOCK_FREE',NULL,NULL,NULL,NULL,'记录已被锁定');
INSERT INTO SM_CHECK_DEF (TABLE_ID,CHECK_TYPE,CHECK_ORDER,CHECK_KIND,FIELD_NAME,REF_TABLE,REF_FIELD,EXPECT_VALUE,ERR_MSG) VALUES ('TBLID_BUSERG_FUNC','RELEASE',1,'NOTNULL','USERG_ID',NULL,NULL,NULL,'USERG_ID不能为空');
INSERT INTO SM_CHECK_DEF (TABLE_ID,CHECK_TYPE,CHECK_ORDER,CHECK_KIND,FIELD_NAME,REF_TABLE,REF_FIELD,EXPECT_VALUE,ERR_MSG) VALUES ('TBLID_BUSERG_FUNC','RELEASE',2,'STAT_N',NULL,NULL,NULL,NULL,'记录不是编辑态');
INSERT INTO SM_CHECK_DEF (TABLE_ID,CHECK_TYPE,CHECK_ORDER,CHECK_KIND,FIELD_NAME,REF_TABLE,REF_FIELD,EXPECT_VALUE,ERR_MSG) VALUES ('TBLID_BUSERG_FUNC','RELEASE',3,'LOCK_FREE',NULL,NULL,NULL,NULL,'记录已被锁定');
INSERT INTO SM_CHECK_DEF (TABLE_ID,CHECK_TYPE,CHECK_ORDER,CHECK_KIND,FIELD_NAME,REF_TABLE,REF_FIELD,EXPECT_VALUE,ERR_MSG) VALUES ('TBLID_BUSERG_FUNC','RELEASE',10,'RELEASE_PARAM','USERG_ID','DUSERG_FUNC',NULL,NULL,NULL);
INSERT INTO SM_CHECK_DEF (TABLE_ID,CHECK_TYPE,CHECK_ORDER,CHECK_KIND,FIELD_NAME,REF_TABLE,REF_FIELD,EXPECT_VALUE,ERR_MSG) VALUES ('TBLID_BUSERG_FUNC','DELETE',1,'NOTNULL','USERG_ID',NULL,NULL,NULL,'USERG_ID不能为空');
INSERT INTO SM_CHECK_DEF (TABLE_ID,CHECK_TYPE,CHECK_ORDER,CHECK_KIND,FIELD_NAME,REF_TABLE,REF_FIELD,EXPECT_VALUE,ERR_MSG) VALUES ('TBLID_BUSERG_FUNC','DELETE',2,'STAT_Y',NULL,NULL,NULL,NULL,'记录不是已发布态');
INSERT INTO SM_CHECK_DEF (TABLE_ID,CHECK_TYPE,CHECK_ORDER,CHECK_KIND,FIELD_NAME,REF_TABLE,REF_FIELD,EXPECT_VALUE,ERR_MSG) VALUES ('TBLID_BUSERG_FUNC','DELETE',3,'LOCK_FREE',NULL,NULL,NULL,NULL,'记录已被锁定');
INSERT INTO SM_CHECK_DEF (TABLE_ID,CHECK_TYPE,CHECK_ORDER,CHECK_KIND,FIELD_NAME,REF_TABLE,REF_FIELD,EXPECT_VALUE,ERR_MSG) VALUES ('TBLID_BUSERG_FUNC','EDITCOMP',1,'NOTNULL','USERG_ID',NULL,NULL,NULL,'USERG_ID不能为空');
INSERT INTO SM_CHECK_DEF (TABLE_ID,CHECK_TYPE,CHECK_ORDER,CHECK_KIND,FIELD_NAME,REF_TABLE,REF_FIELD,EXPECT_VALUE,ERR_MSG) VALUES ('TBLID_BUSERG_FUNC','EDITCOMP',2,'STAT_N',NULL,NULL,NULL,NULL,'记录不是编辑态');
INSERT INTO SM_CHECK_DEF (TABLE_ID,CHECK_TYPE,CHECK_ORDER,CHECK_KIND,FIELD_NAME,REF_TABLE,REF_FIELD,EXPECT_VALUE,ERR_MSG) VALUES ('TBLID_BUSERG_FUNC','EDITCOMP',3,'LOCK_FREE',NULL,NULL,NULL,NULL,'记录已被锁定');
INSERT INTO SM_CHECK_DEF (TABLE_ID,CHECK_TYPE,CHECK_ORDER,CHECK_KIND,FIELD_NAME,REF_TABLE,REF_FIELD,EXPECT_VALUE,ERR_MSG) VALUES ('TBLID_BUSERG_FUNC','EDITCOMP',4,'COMP_N',NULL,NULL,NULL,NULL,'记录已编辑完成');

